id,name,price,list_price,discount_rate,rating_average,review_count,all_time_quantity_sold,authors,publisher_vn,manufacturer,isbn13,book_cover,number_of_page,publication_date,current_seller_name,inventory_status,stock,has_freeship,is_authentic,has_return_policy
279043871,Sách ngoại văn: Voices Pre-Intermediate A2/B1: Workbook With Answer Key,217500,229000,5,0,0,1,nhieu tac gia,Cengage,Nhiều Nhà Xuất Bản,9780357442715,Bìa mềm,,2023-12-21,Nhà sách Fahasa,available,1000,True,True,True
279041919,Sách ngoại văn: Life Bre 3E Intermediate Student's Book + Spark Sticker,399600,412000,3,0,0,1,nhieu tac gia,Cengage,Nhiều Nhà Xuất Bản,9798214180861,Bìa mềm,,2023-12-21,Nhà sách Fahasa,available,1000,True,True,True
279038573,Sách ngoại văn: Cambridge Primary Mathematics - Workbook 6 With Digital Access (1 Year) (2nd Edition),338000,338000,0,0,0,1,Mary Wood,Cambridge University Press,Nhiều Nhà Xuất Bản,9781108746335,Bìa mềm,,2023-12-21,Nhà sách Fahasa,available,1000,True,True,True
279032305,Sách ngoại văn: Compact B2 First - Workbook With Answers With Audio (3rd Edition),279000,279000,0,0,0,1,Frances Treloar,Cambridge University Press,Cambridge University Press,9781108921947,Bìa mềm,,2023-12-21,Nhà sách Fahasa,available,1000,True,True,True
276754869,Cambridge IELTS 19 Academic,210000,210000,0,5,2,71,Cambridge,Công ty Cổ phần Sách Việt Nam,CAMBRIDGE,978-604-484-475-6,Bìa mềm,144,2024-12-10,SAVINA,available,1000,True,True,True
274561588,B1 Preliminary For School 2 For The Revised 2020 Exam SB With Answers With Audio With Resource Bank,234600,249000,6,5,4,23,...,Cambridge University Press,Cambridge University Press,9781009800730,Bìa mềm,,2023-12-21,Nhà sách Fahasa,available,1000,True,True,True
260811306,Tiếng Anh 8 i-Learn Smart World Student's Book,68309,68309,0,5,14,833,,CÔNG TY TNHH EDUCATION SOLUTIONS VIỆT NAM,Nhà Xuất Bản Đại Học Sư Phạm,9786043675337,Bìa mềm,,2025-01-08,Dtpbooks,available,1000,True,True,True
237618816,Gateway To The World A2 Student's Book With Student's App And Digital Student's Book,420800,443000,5,0,0,8,David Spencer,Macmillan Publishers,Macmillan Education,9781380042507,,,,Nhà sách Fahasa,available,1000,True,True,True
225271293,Personal Best American A2 Elementary Pack A (SB+WB+e-learning),236000,236000,0,5,10,363,,CÔNG TY TNHH EDUCATION SOLUTIONS VIỆT NAM,RICHMOND,9996049809576,Bìa mềm,,2022-09-01,Dtpbooks,available,1000,True,True,True
204056025,Combo Prepare A1 Level 3: Student's Book + Workbook With Audio Download,364800,384000,5,0,0,27,Nhiều tác giả,Cambridge University Press,Cambridge University Press,combo-9781108825955-9781108919302,,,,Nhà sách Fahasa,available,1000,True,True,True
202730715,i-Learn English for Science 3 Student's Book 2nd edition,99000,99000,0,5,1,129,,CÔNG TY TNHH EDUCATION SOLUTIONS VIỆT NAM,Nhà Xuất Bản Đại Học Huế,9786043994964,Bìa mềm,,2023-08-01,Dtpbooks,available,1000,True,True,True
202730695,i-Learn English for Math 3 Student's Book 2nd edition,99000,99000,0,5,1,145,,CÔNG TY TNHH EDUCATION SOLUTIONS VIỆT NAM,Nhà Xuất Bản Đại Học Huế,9786043994902,Bìa mềm,,2023-08-01,Dtpbooks,available,1000,True,True,True
202242048,Tiếng Anh Amanda and Friends 2 - Student's book,78000,78000,0,5,1,163,,CÔNG TY TNHH EDUCATION SOLUTIONS VIỆT NAM,Nhà Xuất Bản Đại Học Huế,9786043377828,Bìa mềm,,,Dtpbooks,available,1000,True,True,True
192173756,Pre A1 Starters 4 Authentic Practice Tests: Student's Book Without Answers With Audio - FAHASA Reprint Edition,165300,174000,5,5,13,119,Cambridge English,Cambridge University Press,Cambridge University Press,9781009282031,,,,Nhà sách Fahasa,available,1000,True,True,True
185232569,Tiếng Anh 7 i-Learn Smart World Student's Book (Sách học sinh),63741,63741,0,5,31,1097,,CÔNG TY TNHH EDUCATION SOLUTIONS VIỆT NAM,Nhà Xuất Bản Đại Học Sư Phạm,9786043099539,Bìa mềm,,2022-01-12,Dtpbooks,available,1000,True,True,True
185226877,"Tiếng Anh 3 i-Learn Smart Start trọn bộ (sách học sinh, sách bài tập, vở tập viết)",189000,189000,0,4.8,19,513,,CÔNG TY TNHH EDUCATION SOLUTIONS VIỆT NAM,Nhà Xuất Bản Đại Học Sư Phạm,9996043099299,Bìa mềm,,2022-06-09,Dtpbooks,available,1000,True,True,True
171289478,Learn with Ollie 2 Teacher's Book,568000,568000,0,0,0,2,,CÔNG TY TNHH EDUCATION SOLUTIONS VIỆT NAM,RICHMOND,9788466829595,,,,Dtpbooks,available,1000,True,True,True
171212927,Collins Easy Learning Preschool - Size and Measurement Ages 3-5,69000,69000,0,5,2,11,,CÔNG TY TNHH EDUCATION SOLUTIONS VIỆT NAM,HarperCollins,9780008151584,,,,Dtpbooks,available,1000,True,True,True
170772575,Oxford Advanced Learner's Dictionary 8th with Vietnamese Translation (PB),625000,625000,0,4.8,33,1053,,CÔNG TY TNHH EDUCATION SOLUTIONS VIỆT NAM,Oxford,9786041055421,Bìa mềm,,2020-10-01,Dtpbooks,available,1000,True,True,True
169603987,Learn With Ollie 2 Student's Book,206000,206000,0,5,3,192,Rebecca Williams Salvador,CÔNG TY TNHH EDUCATION SOLUTIONS VIỆT NAM,Nhà Xuất Bản Đại Học Huế,9786049535369,Bìa mềm,,2021-07-01,Dtpbooks,available,1000,True,True,True
169603497,Macmillan Dictionary Vietnam ED with App – Soft cover,399000,399000,0,4.8,33,396,,CÔNG TY TNHH EDUCATION SOLUTIONS VIỆT NAM,Nhà Xuất Bản Đại Học Sư Phạm,9786049478734,,,,Dtpbooks,available,1000,True,True,True
169268828,American English File Level 3: Student Book,426000,426000,0,4,1,7,,CÔNG TY TNHH EDUCATION SOLUTIONS VIỆT NAM,Oxford,9780194774482,,,,Dtpbooks,available,1000,True,True,True
168712402,Career Paths Medical (Esp) Student's Book With Digibook App.,235000,235000,0,5,18,151,,CÔNG TY TNHH EDUCATION SOLUTIONS VIỆT NAM,Express Publishing,9781471562815,Bìa mềm,,2020-03-04,Dtpbooks,available,1000,True,True,True
163544494,Beyond B1 Workbook,251000,251000,0,0,0,10,,CÔNG TY TNHH EDUCATION SOLUTIONS VIỆT NAM,MacMillan,9780230460195,Bìa mềm,128,,Dtpbooks,available,1000,True,True,True
151597194,i-Learn English for Science 2 Student's Book 2nd edition,99000,99000,0,5,1,198,,CÔNG TY TNHH EDUCATION SOLUTIONS VIỆT NAM,Nhà Xuất Bản Đại Học Huế,9786043994957,Bìa mềm,,2023-08-01,Dtpbooks,available,1000,True,True,True
115869784,Tiếng Anh 6 i-Learn Smart World - Student's Book (Sách học sinh),70465,70465,0,5,27,859,,CÔNG TY TNHH EDUCATION SOLUTIONS VIỆT NAM,Nhà Xuất Bản Đại Học Sư Phạm,9786043093544,Bìa mềm,,2025-01-02,Dtpbooks,available,1000,True,True,True
106225670,Tiếng Anh 1 i-Learn Smart Start – Workbook,68000,68000,0,5,25,755,.,CÔNG TY TNHH EDUCATION SOLUTIONS VIỆT NAM,Nhà Xuất Bản Đại Học Sư Phạm,9786049910159,Bìa mềm,68,,Dtpbooks,available,1000,True,True,True
58839991,Oxford Discover: Level 4: Student Book Pack,411300,433000,5,5,3,31,"Charles Vilina, Kathleen Kampa, Kathleen Kampa",Oxford University Press,Oxford University Press,9780194053969,,,,Nhà sách Fahasa,available,1000,True,True,True
58711181,Prepare A2 Level 3 Workbook With Audio Download,127000,131000,3,5,4,86,Frances Treloar,Cambridge University Press,Cambridge University Press,9781108919302,,,,Nhà sách Fahasa,available,1000,True,True,True
58710808,B1 Preliminary For Schools 1 For The Revised 2020 Exam Student's Book With Answers With Audio With Resource Bank: Authentic Practice Tests (PET Practice Tests),236500,249000,5,4.7,47,235,,Cambridge University Press,Cambridge University Press,9781108919203,,,,Nhà sách Fahasa,available,1000,True,True,True
58710620,English File: Beginner: Workbook With Key,329600,347000,5,5,1,14,"Christina Latham-Koenig,  Clive Oxenden,  Jerry Lambert",Oxford University Press,Oxford University Press,9780194031165,,,,Nhà sách Fahasa,available,1000,True,True,True
58710538,B1 Preliminary 1 For The Revised 2020 Exam Student's Book With Answers With Audio With Resource Bank: Authentic Practice Tests (PET Practice Tests),144000,144000,0,5,51,288,,Cambridge University Press,Cambridge University Press,9781108919159,,,,Nhà sách Fahasa,available,1000,True,True,True
55287053,Cambridge Academic English B1+ Intermediate Student's Book: An Integrated Skills Course for EAP,712000,712000,0,5,2,11,"Craig Thaine, Michael McCarthy",Cambridge University Press,Cambridge University Press,9780521165198,,,,Nhà sách Fahasa,available,1000,True,True,True
44860262,Cambridge English Young Learners 2 for Revised Exam from 2018 Flyers Answer Booklet: Authentic Examination Papers,50300,53000,5,5,13,90,Cambridge English,Cambridge English,,9781316636282,,,,Nhà sách Fahasa,available,1000,True,True,True
32222729,Cambridge English Preliminary - Preliminary English Test 8 with Answers (reprint edition),105400,122000,14,5,18,138,Cambridge,Cambridge University Press,,9781107494350,,,,Nhà sách Fahasa,available,1000,True,True,True
29354743,Sách English Pronunciation in Use Int Bk w Ans & d/l Audio,518700,546000,5,4.7,6,47,,Cambridge University Press,,9781108403696,,,,Nhà sách Fahasa,available,1000,True,False,True
22881835,Cambridge English Flyers 1 for Revised Exam from 2018 Student's Book,123500,143000,14,4.7,107,885,Cambridge University,Cambridge University,CAMBRIDGE UNIVERSITY,9781108446556,Bìa cứng,,2024-03-13,Nhà sách Fahasa,available,1000,True,True,True
22880036,Cambridge English Movers 1 for Revised Exam from 2018 Student's Book,123500,143000,14,5,100,999,Cambridge University,Cambridge University,,9781108454315,,,,Nhà sách Fahasa,available,1000,True,True,True
22878507,Cambridge English Starters 2 for Revised Exam From 2018 Student's Book,143000,143000,0,4.6,20,313,Cambridge University Press,Cambridge University Press,,9781108464819,,,,Nhà sách Fahasa,available,1000,True,True,True
22878278,Cambridge English Movers 2 for Revised Exam From 2018 Student's Book,143000,143000,0,4.8,93,803,Cambridge University Press,Cambridge University Press,,9781108464826,,,2018-03-01,Nhà sách Fahasa,available,1000,True,True,True
278860291,Sách ngoại văn: Oxford Basic English Dictionary 5th Edition,173800,183000,5,0,0,2,Oxford University Press,Oxford University Press,Oxford University Press,9780194419208,Bìa mềm,,2023-12-21,Nhà sách Fahasa,available,1000,True,True,True
276754884,Cambridge IELTS 19 General Training,210000,210000,0,5,1,19,Cambridge,Công ty Cổ phần Sách Việt Nam,CAMBRIDGE,978-604-484-476-3,Bìa mềm,144,2024-12-10,SAVINA,available,1000,True,True,True
276675499,Oxford Collocation Dictionary,616500,649000,5,5,5,24,Oxford,Oxford University Press,Oxford University Press,9780194840767,Bìa mềm,,2023-12-21,Nhà sách Fahasa,available,1000,True,True,True
276429480,Everyboy Up 2 - Student Book With Online Practice (3rd Edition),325800,343000,5,0,0,2,"Patrick Jackson,  Susan Banman Sileci",Oxford University Press,Oxford University Press,9780194161329,Bìa mềm,,2023-12-21,Nhà sách Fahasa,available,1000,True,True,True
276429472,Great Writing 1 - Student's Book + Spark Sticker (5th Edition),416100,438000,5,5,2,10,"Keith Folse,  Elena Solomon",Cengage,Cengage Learning,9798214333069,Bìa mềm,,2023-12-21,Nhà sách Fahasa,available,1000,True,True,True
275890410,Mark Hancock’s 50 Tips For Teaching Pronunciation - Pocket Editions,230800,250000,8,5,1,4,Mark Hancock,Cambridge University Press,Cambridge University Press,9781108744966,Bìa mềm,,2023-12-21,Nhà sách Fahasa,available,1000,True,True,True
273683909,Empower Pre-Intermediate & B1 Student's Book With Digital Pack - 2nd Edition,481600,507000,5,4.8,4,33,"Adrian Doff,  Craig Thaine,  Herbert Puchta,  Jeff Stranks,  Peter Lewis-Jones,  Graham Burton",Cambridge University Press,Cambridge University Press,9781009410748,Bìa mềm,,2023-12-21,Nhà sách Fahasa,available,1000,True,False,True
270519727,Combo Sách Complete IELTS B1 Student's Book + Workbook with answer (CD-ROM & Audio CD) (Bộ 2 Cuốn),369500,389000,5,4.5,4,80,Mark Harrison,Cambridge University Press,Cambridge University Press,combo-9781107645523-9781107665774,Bìa cứng,,2024-03-13,Nhà sách Fahasa,available,1000,True,True,True
270053088,Cambridge English Pre A1 Starters 3 Student's Book: Authentic Examination Papers,357200,388000,8,0,0,10,Cambridge University Press,Cambridge University Press,Cambridge University Press,9781108465113,,,,Nhà sách Fahasa,available,1000,True,True,True
260811338,Tiếng Anh 4 i-Learn Smart Start - Workbook,78000,78000,0,5,9,582,,CÔNG TY TNHH EDUCATION SOLUTIONS VIỆT NAM,Nhà Xuất Bản Đại Học Sư Phạm,9786043674996,Bìa mềm,,2025-09-10,Dtpbooks,available,1000,True,True,True
204055901,Combo Super Minds 2: Student's book + Workbook,299200,315000,5,0,0,15,"Herbert Puchta,  Gunter Gerngross,  Peter Lewis Jones",Cambridge University Press,Cambridge University Press,combo-9781107650671-9781107645219,,,,Nhà sách Fahasa,available,1000,True,True,True
202510964,Combo Let's Go Level 2: Student Book + Workbook with Online Practice - 5th Edition (Bộ 2 Cuốn),346700,365000,5,0,0,11,"Ritsuko Nakata,  Karen Frazier,  Barbara Hoskins",Oxford University Press,Oxford University Press,combo-9780194049399-9780194049368,,,,Nhà sách Fahasa,available,1000,True,True,True
199952079,Oxford Phonics World Refresh 5: Student Book Pack,396000,396000,0,0,0,1,,CÔNG TY TNHH EDUCATION SOLUTIONS VIỆT NAM,Oxford,9780194750585,,,,Dtpbooks,available,1000,True,False,True
193109363,IELTS Foundation: Study Skills Pack,233700,246000,5,0,0,3,"Rachael Roberts, Joanne Gakonga, Andrew Preshous, Joanne Preshous",Macmillan Publishers,Macmillan Education,9780230425798,,,,Nhà sách Fahasa,available,1000,True,True,True
192951487,Penny Ur's 77 Tips For Teaching Vocabulary,235700,245000,4,5,2,10,Penny Ur,Cambridge University Press,Cambridge University Press,9781009074001,,,,Nhà sách Fahasa,available,1000,True,True,True
192951155,Nicky Hockly's 50 Essentials For Using Learning Technologies,235700,245000,4,0,0,6,,Cambridge University Press,Cambridge University Press,9781108932615,,,,Nhà sách Fahasa,available,1000,True,True,True
192173848,A2 Flyers 4 Authentic Practice Tests: Student's Book Without Answers With Audio - FAHASA Reprint Edition,165300,174000,5,5,16,191,Cambridge English,Cambridge University Press,Cambridge University Press,9781009282055,,,,Nhà sách Fahasa,available,1000,True,True,True
188383640,Learn With Ollie 2 Activity Book,88200,91000,3,0,0,4,Richmond,CÔNG TY TNHH EDUCATION SOLUTIONS VIỆT NAM,RICHMOND,9786049535390,,,,Nhà sách Fahasa,available,1000,True,True,True
185226875,Tiếng Anh 3 i-Learn Smart Start Workbook (Sách bài tập),78000,78000,0,5,7,619,,CÔNG TY TNHH EDUCATION SOLUTIONS VIỆT NAM,Nhà Xuất Bản Đại Học Sư Phạm,9786043099294,Bìa mềm,,2022-11-07,Dtpbooks,available,1000,True,True,True
173831571,Personal Best American A2 Elementary Pack B (SB+WB+e-learning),236000,236000,0,5,10,382,,CÔNG TY TNHH EDUCATION SOLUTIONS VIỆT NAM,RICHMOND,9996049809583,Bìa mềm,,2022-01-01,Dtpbooks,available,1000,True,True,True
171289194,Learn with Ollie 1 Teacher's Book,568000,568000,0,2.5,2,5,,CÔNG TY TNHH EDUCATION SOLUTIONS VIỆT NAM,RICHMOND,9788466829021,,,,Dtpbooks,available,1000,True,True,True
168793902,Achievers Grade 6 Student's Book with CLIL Book,251000,251000,0,5,40,447,,CÔNG TY TNHH EDUCATION SOLUTIONS VIỆT NAM,Nhà Xuất Bản Đại Học Huế,9996043371379,,,,Dtpbooks,available,1000,True,True,True
151597234,i-Learn English for Science 1 Student's Book 2nd edition,99000,99000,0,5,7,284,,CÔNG TY TNHH EDUCATION SOLUTIONS VIỆT NAM,Nhà Xuất Bản Đại Học Huế,9786043994940,Bìa mềm,,2023-08-01,Dtpbooks,available,1000,True,True,True
151597233,Tiếng Anh 6 i-Learn Smart World - Workbook,68000,68000,0,5,20,724,,CÔNG TY TNHH EDUCATION SOLUTIONS VIỆT NAM,Nhà Xuất Bản Đại Học Sư Phạm,9786043094466,Bìa mềm,,2025-09-08,Dtpbooks,available,1000,True,True,True
115869792,Tiếng Anh 2 i-Learn Smart Start - Workbook (Sách bài tập),68000,68000,0,5,9,560,,CÔNG TY TNHH EDUCATION SOLUTIONS VIỆT NAM,Nhà Xuất Bản Đại Học Sư Phạm,9786043094886,,,,Dtpbooks,available,1000,True,True,True
115869787,Tiếng Anh 2 Extra and Friends - Pupil's Book (Sách học sinh),54828,54828,0,5,4,159,,CÔNG TY TNHH EDUCATION SOLUTIONS VIỆT NAM,Nhà Xuất Bản Đại Học Sư Phạm,9786043094053,Bìa mềm,,2025-01-02,Dtpbooks,available,1000,True,True,True
108710274,Hang Out 1 - Workbook,149000,149000,0,5,10,220,Scott Thompson,CÔNG TY TNHH EDUCATION SOLUTIONS VIỆT NAM,Compass Publishing,9781613528433,Bìa mềm,96,2022-06-06,Dtpbooks,available,1000,True,True,True
106225674,i-Learn Smart Start 3 Workbook,81000,81000,0,4.6,5,185,.,CÔNG TY TNHH EDUCATION SOLUTIONS VIỆT NAM,Nhà Xuất Bản Đại Học Sư Phạm,9786049474187,Bìa mềm,124,2022-07-25,Dtpbooks,available,1000,True,True,True
72744539,IELTS 15 ACADEMIC,142000,142000,0,4.8,219,1098,Cambridge,Công ty Cổ phần Sách Việt Nam,CAMBRIDGE,978-604-77-8391-5,Bìa mềm,140,,SAVINA,available,1000,True,True,True
69838746,Q: Skills For Success: Level 3: Listening And Speaking Student Book With iQ Online Practice - 3rd Edition,299200,315000,5,5,3,35,"Miles Craven,  Kristin Sherman,  Larry Zwier",Oxford University Press,Oxford University Press,9780194905152,,,,Nhà sách Fahasa,available,1000,True,True,True
58711398,Prepare A2 Level 3 Student's Book,277400,292000,5,4.7,15,216,"Joanna Kosta,  Melanie Williams",Cambridge University Press,Cambridge University Press,9781108825955,,,,Nhà sách Fahasa,available,1000,True,True,True
58711376,Prepare A2 Level 2 Student's Book,277400,292000,5,4.5,10,164,"Melanie Williams, Joanna Kosta",Cambridge University Press,Cambridge University Press,9781108825948,Bìa cứng,,2024-03-13,Nhà sách Fahasa,available,1000,True,True,True
58711258,Family and Friends: Level 5: Class Book,218500,230000,5,5,4,38,Tamzin Thompson,Oxford University Press,Oxford University Press,9780194808446,,,,Nhà sách Fahasa,available,1000,True,True,True
58710786,Q: Skills For Success: Level 2: Reading And Writing Student Book With iQ Online Practice - 3rd Edition,299200,315000,5,3.5,2,28,"Joe McVeigh, Jenny Bixby",Oxford University Press,Oxford University Press,9780194903936,,,,Nhà sách Fahasa,available,1000,True,True,True
56003856,English Pronunciation In Use Advanced Book With Answers And Downloadable Audio,540200,557000,3,4.6,12,37,Martin Hewings,Cambridge University Press,Cambridge University Press,9781108403498,,,,Nhà sách Fahasa,available,1000,True,True,True
55681127,Effective Academic Writing 3 Student Book with Access to Oxford Learn 2Ed,619400,652000,5,5,5,22,"Lason Davis, Rhonda Liss",Oxford University Press,Oxford University Press,9780194323482,,,,Nhà sách Fahasa,available,1000,True,True,True
51618208,A2 Flyers 3 Answer Booklet: Authentic Examination Papers,51400,53000,3,5,11,65,Cambridge University Press,Cambridge University Press,Cambridge University Press,9781108465205,,,,Nhà sách Fahasa,available,1000,True,True,True
45164173,Sách IELTS Trainer 2 Academic,194000,220000,12,5,88,508,Cambridge University Press,Cambridge University Press,Cambridge University Press,9781108867283,,,,Nhà sách Fahasa,available,1000,True,True,True
29354997,Sách English Collocation in Use Intermediate,531000,559000,5,5,13,128,,Cambridge University Press,Cambridge University Press,9781316629758,,,,Nhà sách Fahasa,available,1000,True,True,True
22528699,Sách GET READY FOR FLYERS: SB WITH DOWNLOADABLE AUDIO: MAXIMIZE CHANCES OF EXAM,431300,454000,5,5,27,237,Petrina Cliff,Oxford University Press,Đang cập nhật,9780194029513,Bìa cứng,,2024-03-13,Nhà sách Fahasa,available,1000,True,True,True
279199002,"Sách ngoại văn: Look 2 (Look, American English) - Student Book",272600,287000,5,0,0,1,Rachel Wilson,Cengage,Cengage Learning,9781337710848,Bìa mềm,,2023-12-21,Nhà sách Fahasa,available,1000,True,True,True
279038396,Sách ngoại văn: Cam Primary Path 1 - Student's Book With Creative Journal,628000,628000,0,0,0,1,nhieu tac gia,Cambridge University Press,Nhiều Nhà Xuất Bản,9781108709873,Bìa mềm,,2023-12-21,Nhà sách Fahasa,available,1000,True,True,True
276566371,"Pathways Reading, Writing, And Critical Thinking 4 - Student's Book + Spark Sticker (3rd Edition)",430300,453000,5,0,0,5,"Laurie Blass,  Kristin Sherman,  Mari Vargo",Cengage,Cengage Learning,9780357980101,Bìa mềm,,2023-12-21,Nhà sách Fahasa,available,1000,True,True,True
274742973,Skills Builder Movers 2 - Student's Book (with DigiBooks App),178000,178000,0,0,0,7,nhieu tac gia,CÔNG TY TNHH EDUCATION SOLUTIONS VIỆT NAM,Express pudlishing,9781399207119,Bìa mềm,128,2017-09-29,Dtpbooks,available,1000,True,True,True
274677585,Family and Friends: Level 5: Workbook & Online Skills Practice Pack,241300,254000,5,0,0,4,...,Đang cập nhật,Đang cập nhật,9780194808668,Bìa mềm,,2023-12-21,Nhà sách Fahasa,available,1000,True,True,True
263103207,Complete Preliminary Workbook With Answers With Audio Download: For The Revised Exam From 2020,219400,238000,8,5,2,11,Caroline Cooke,Cambridge University Press,Cambridge University Press,9781108525794,,,,Nhà sách Fahasa,available,1000,True,True,True
260811364,Bài tập Bổ trợ Tiếng Anh 11 Bright,118000,118000,0,5,14,483,,CÔNG TY TNHH EDUCATION SOLUTIONS VIỆT NAM,Nhà Xuất Bản Đại Học Huế,9786043379884,Bìa mềm,,2023-07-24,Dtpbooks,available,1000,True,True,True
198285259,Jack C Richards' 50 Tips for Teacher Development Pocket Editions,235700,250000,6,5,1,5,Jack C. Richards,Cambridge University Press,Cambridge University Press,9781108408363,,,,Nhà sách Fahasa,available,1000,True,True,True
192951311,Reflect Reading & Writing 1: Student's Book With Online Practice And Student's eBook,452200,476000,5,0,0,3,Christien Lee,Cengage,Cengage Learning,9780357448540,,,,Nhà sách Fahasa,available,1000,True,True,True
191621080,Oxford Discover Futures: Level 3: Student Book,445500,469000,5,5,1,8,Jayne Wildman,Oxford University Press,Oxford University Press,9780194114202,,,,Nhà sách Fahasa,available,1000,True,True,True
185243203,Tiếng Anh 10 Bright Workbook (Sách bài tập),65000,65000,0,5,27,646,,CÔNG TY TNHH EDUCATION SOLUTIONS VIỆT NAM,Nhà Xuất Bản Đại Học Huế,9786043373561,,,,Dtpbooks,available,1000,True,True,True
171212993,Collins Easy Learning Preschool - Numbers Ages 3-5,69000,69000,0,5,2,14,,CÔNG TY TNHH EDUCATION SOLUTIONS VIỆT NAM,HarperCollins,9780008151546,,,,Dtpbooks,available,1000,True,True,True
171063717,Maths Ages 4-5,89000,89000,0,5,1,9,,CÔNG TY TNHH EDUCATION SOLUTIONS VIỆT NAM,Collins,9780008151539,,,,Dtpbooks,available,1000,True,True,True
171045936,English Age 8-10,98000,98000,0,5,1,6,,CÔNG TY TNHH EDUCATION SOLUTIONS VIỆT NAM,Collins,9780007559879,,,,Dtpbooks,available,1000,True,True,True
171045903,English Age 7-9,89000,89000,0,5,1,7,,CÔNG TY TNHH EDUCATION SOLUTIONS VIỆT NAM,Collins,9780007559862,,,,Dtpbooks,available,1000,True,True,True
171045897,English Ages 3-5,89000,89000,0,0,0,6,,CÔNG TY TNHH EDUCATION SOLUTIONS VIỆT NAM,Collins,9780008134204,,,,Dtpbooks,available,1000,True,True,True
169778468,English World 2 Workbook,159000,159000,0,5,1,31,,CÔNG TY TNHH EDUCATION SOLUTIONS VIỆT NAM,MacMillan,9780230024786,,,,Dtpbooks,available,1000,True,True,True
168773624,i-Learn Smart Maths Grade 1 Student's Book Part 1,187000,187000,0,5,1,9,,CÔNG TY TNHH EDUCATION SOLUTIONS VIỆT NAM,Vietnam News Agency Publishing House,9786049843242,,,,Dtpbooks,available,1000,True,True,True
168712452,Targeting Mathematics Workbook 4B,204000,204000,0,5,5,75,,CÔNG TY TNHH EDUCATION SOLUTIONS VIỆT NAM,Star Publishing,9789814448994,,,,Dtpbooks,available,1000,True,True,True
168712384,Targeting Mathematics Workbook 3B,204000,204000,0,5,4,71,,CÔNG TY TNHH EDUCATION SOLUTIONS VIỆT NAM,Star Publishing,9789814448536,Bìa mềm,,2020-02-04,Dtpbooks,available,1000,True,True,True
151612100,Achievers Grade 6 Workbook,112000,112000,0,5,40,477,,CÔNG TY TNHH EDUCATION SOLUTIONS VIỆT NAM,Nhà Xuất Bản Đại Học Huế,9786043371413,,,,Dtpbooks,available,1000,True,True,True
151597562,i-Learn Smart Start 5A Student Book & Workbook (Revised Edition),134000,134000,0,0,0,30,,CÔNG TY TNHH EDUCATION SOLUTIONS VIỆT NAM,Nhà Xuất Bản Đại Học Sư Phạm,9786049745218,,,,Dtpbooks,available,1000,True,True,True
151597201,i-Learn Smart Start 4 Workbook Special Edition,81000,81000,0,5,12,142,,CÔNG TY TNHH EDUCATION SOLUTIONS VIỆT NAM,Nhà Xuất Bản Đại Học Sư Phạm,9786043094671,,,,Dtpbooks,available,1000,True,True,True
115869785,Tiếng Anh 2 i-Learn Smart Start - Student's Book (Sách học sinh),54828,54828,0,5,10,419,,CÔNG TY TNHH EDUCATION SOLUTIONS VIỆT NAM,Nhà Xuất Bản Đại Học Sư Phạm,9786043093995,Bìa mềm,,2022-01-08,Dtpbooks,available,1000,True,True,True
106363312,Achievers B1 Student's Book,233000,233000,0,5,3,105,nhieu tac gia,CÔNG TY TNHH EDUCATION SOLUTIONS VIỆT NAM,RICHMOND,9786049530906,Bìa mềm,156,2023-02-01,Dtpbooks,available,1000,True,True,True
106363107,Hooray Let's Play A2 Student's Book and Activities & Projects,103000,103000,0,0,0,10,"Herbert Puchta, Gunter Gerngross",CÔNG TY TNHH EDUCATION SOLUTIONS VIỆT NAM,Helbling Languages,9786049530708,Bìa mềm,58,,Dtpbooks,available,1000,True,True,True
106363005,Cool Kids 2e Student's Book 1,184000,184000,0,5,1,16,Gabriela Zapiain,CÔNG TY TNHH EDUCATION SOLUTIONS VIỆT NAM,RICHMOND,9786049535413,Bìa mềm,170,,Dtpbooks,available,1000,True,True,True
106225662,Tiếng Anh 1 i-Learn Smart Start- Student's Book,51408,51408,0,5,21,524,.,CÔNG TY TNHH EDUCATION SOLUTIONS VIỆT NAM,Nhà Xuất Bản Đại Học Sư Phạm,9786043096200,Bìa mềm,72,2022-09-01,Dtpbooks,available,1000,True,True,True
106215654,Achievers A2 Workbook,161000,161000,0,0,0,69,Helen Halliwell,CÔNG TY TNHH EDUCATION SOLUTIONS VIỆT NAM,RICHMOND,9786049530951,Bìa mềm,148,,Dtpbooks,available,1000,True,True,True
70202819,PTE Young Learners Firstwords & Springboard Vietnam,133000,154000,14,4.3,6,31,Sarah Gudgeon,Pearson Education,Pearson,9789813134416,,,,Nhà sách Fahasa,available,1000,True,True,True
67242080,Skillful Second Edition Level 1 Listening & Speaking Student's Book + Digital Student's Book Pack,535800,564000,5,4.3,6,33,"Steve Gershon,  Lida Baker",Macmillan Publishers,Macmillan Education,9781380010469,,,,Nhà sách Fahasa,available,1000,True,True,True
58711332,Solutions: Elementary: Student's Book - 3rd Edition,384700,405000,5,5,19,142,"Tim Falla,  Paul A Davies",Oxford University Press,Oxford University Press,9780194561839,,,,Nhà sách Fahasa,available,1000,True,True,True
58710944,Q: Skills For Success: Level 1: Reading And Writing Student Book With iQ Online Practice - 3rd Edition,299200,315000,5,4.7,3,39,Sarah Lynn,Oxford University Press,Oxford University Press,9780194903929,,,,Nhà sách Fahasa,available,1000,True,True,True
58710675,American English File 3th Edition 1. Workbook Without Answer Key,163400,172000,5,5,5,41,"Christina Latham-Koenig,  Paul Seligson,  Clive Oxenden,  Jerry Lambert",Oxford University Press,Oxford University Press,9780194906227,,,,Nhà sách Fahasa,available,1000,True,True,True
58710330,"Family and Friends: Level 2: Class Book, Second Edition",218500,230000,5,4.7,19,145,Naomi Simmons,Oxford University Press,Oxford University Press,9780194808385,,,,Nhà sách Fahasa,available,1000,True,True,True
58705894,Oxford Discover 2nd Edition: Level 1: Student Book Pack,411300,433000,5,5,8,66,"Lesley Koustaff,  Susan Rivers",Oxford University Press,Oxford University Press,9780194053877,,,,Nhà sách Fahasa,available,1000,True,True,True
55286143,Complete Preliminary Student's Book With Answers With Online Practice: For The Revised Exam From 2020,398000,419000,5,5,2,33,"Emma Heyderman, Peter May",Cambridge University Press,Cambridge University Press,9781108525244,,,,Nhà sách Fahasa,available,1000,True,True,True
41375058,Solutions: Elementary: Workbook,275500,290000,5,5,9,81,"Falla,  Tim / Davies,  Paul A.",OUP Oxford,,9780194561860,,,,Nhà sách Fahasa,available,1000,True,True,True
31516230,Cambridge Preliminary English Test 5 Student's Book with Answers,107600,122000,12,5,9,80,Cambridge,Cambridge,CAMBRIDGE,9780521227162,,,,Nhà sách Fahasa,available,1000,True,True,True
11212826,Sách Career Paths Accounting (Esp) Student's Book With Crossplatform Application,235000,235000,0,5,7,69,"John Taylor, Stephen Peltier",CÔNG TY TNHH EDUCATION SOLUTIONS VIỆT NAM,Express Publishing,9780857778277,Paperback,40,2017-12-26,Dtpbooks,available,1000,True,True,True
279042291,Sách ngoại văn: English File Pre-Intermediate Student Book With Exam Confidence - Fifth Edition,412000,412000,0,0,0,0,nhieu tac gia,Oxford University Press,Nhiều Nhà Xuất Bản,9780194284622,Bìa mềm,,2023-12-21,Nhà sách Fahasa,available,1000,True,True,True
278732704,Cambridge IELTS 20 Academic,210000,210000,0,0,0,23,Cambridge,Công ty Cổ phần Sách Việt Nam,CAMBRIDGE,978-1-009-83082-9,Bìa mềm,144,2025-10-09,SAVINA,available,1000,True,True,True
278434075,Sách ngoại văn: Life Upper Intermediate Bre - Student's Book + Spark Sticker (2nd Edition),416100,438000,5,0,0,1,"Paul Dummett,  Helen Stephenson,  John Hughes",Cengage,Nhiều Nhà Xuất Bản,9798214331911,Bìa mềm,,2023-12-21,Nhà sách Fahasa,available,1000,True,True,True
278058375,Sách ngoại văn: Kid's Box New Generation - Activity Book With Digital Pack 1,322000,339000,5,0,0,1,"Caroline Nixon,  Michael Tomlinson",Cambridge University Press,Cambridge University Press,9781009824699,Bìa mềm,,2023-12-21,Nhà sách Fahasa,available,1000,True,True,True
277978244,Sách ngoại văn: Voices Intermediate Plus B1/B2: Workbook With Answer Key,239400,252000,5,0,0,0,Daniel Barber,Cengage,Cengage Learning,9780357442777,Bìa mềm,,2023-12-21,Nhà sách Fahasa,available,1000,True,True,True
277978214,Sách ngoại văn: Oxford Phonics World 1 - The Alphabet - Student's Book,418000,440000,5,0,0,7,Kaj Schwermer,Oxford University Press,Oxford University Press,9780194169790,Bìa mềm,,2023-12-21,Nhà sách Fahasa,available,1000,True,True,True
276809258,Sách ngoại văn: Cam Primary Mathematics 3 - Learner's Book With Digital Access (1 Year) (2nd Edition),524700,554000,5,0,0,3,"Cherri Moseley,  Janet Rees",Cambridge University Press,Cambridge University Press,9781108746489,Bìa mềm,,2023-12-21,Nhà sách Fahasa,available,1000,True,True,True
276566373,"Pathways Listening, Speaking, And Critical Thinking Foundations - Student's Book + Spark Sticker (3rd Edition)",439400,453000,3,0,0,7,"Mari Vargo,  Kristin Sherman",Cengage,Heinle ELT,9780357978627,Bìa mềm,,2023-12-21,Nhà sách Fahasa,available,1000,True,True,True
276566350,"Pathways Listening, Speaking, And Critical Thinking 2 - Student's Book + Spark Sticker (3rd Edition)",430300,453000,5,0,0,1,Christien Lee,Cengage,Heinle ELT,9780357978917,Bìa mềm,,2023-12-21,Nhà sách Fahasa,available,1000,True,True,True
274673831,KEYNOTE AME 2 STUDENT BOOK/MYKEYNOTEONLINE STICKER,351500,370000,5,0,0,0,...,Đang cập nhật,Đang cập nhật,9781337104111,Bìa mềm,,2023-12-21,Nhà sách Fahasa,available,1000,True,True,True
274561572,B1 Preliminary 2 For The Revised 2020 Exam SB With Answers With Audio With Resource Bank,236500,249000,5,5,1,18,...,Cambridge University Press,Cambridge University Press,9781009800747,Bìa mềm,,2023-12-21,Nhà sách Fahasa,available,1000,True,True,True
273684001,Sách - MINDSET FOR IELTS LEVEL 1 SB (UPDATED DIGITAL PACK),481600,507000,5,5,9,160,Cambridge University Press,Cambridge University Press,Cambridge University Press,9781009470377,Bìa mềm,,2023-12-21,Nhà sách Fahasa,available,1000,True,False,True
270053104,Skills Builder For Young Learners Starters 1 Student's Book With DigiBooks App,163400,172000,5,0,0,8,,CÔNG TY TNHH EDUCATION SOLUTIONS VIỆT NAM,Express Publishing,9781399207089,,,,Nhà sách Fahasa,available,1000,True,True,True
269905378,Oxford Phonics World (with Online Practice),205000,205000,0,5,1,6,Kaj Schwermer,Cty PHS TP.HCM- Fahasa,Oxford,9780194737999,Bìa mềm,189,2023-03-01,Nhà sách Quốc Việt,available,1000,True,True,True
263591859,Cambridge - B1 Preliminary with answers (with Audio and Resource Bank),230000,230000,0,0,0,8,Cambridge ESOL,Cty PHS TP.HCM- Fahasa,CAMBRIDGE,9781108919159,Bìa mềm,160,2020-03-01,Nhà sách Quốc Việt,available,1000,True,True,True
263569699,Life (Vietnam Edition) Third Edition (with Spark),289000,289000,0,5,3,15,Paul Dummett - John Hughes - Helen Stephenson,Cty PHS TP.HCM- Fahasa,National Geographic,9798214579320,Bìa mềm,189,2025-08-07,Nhà sách Quốc Việt,available,1000,True,True,True
263500014,Great Writing (Code for Online Practice),458000,458000,0,5,9,35,"Keith S Folse,  Elena Vestri Solomon",Cty PHS TP.HCM- Fahasa,National Geographic,9780357021071,Bìa mềm,211,2022-06-01,Nhà sách Quốc Việt,available,1000,True,True,True
260811341,Bài tập Bổ trợ Tiếng Anh 4 i-Learn Smart Start,89000,89000,0,5,14,978,,CÔNG TY TNHH EDUCATION SOLUTIONS VIỆT NAM,Nhà Xuất Bản Đại Học Huế,9786043379792,Bìa mềm,,2023-06-07,Dtpbooks,available,1000,True,True,True
229809433,Share It! Level 2 Student Book With Sharebook And Navio App,498700,525000,5,0,0,0,Fiona Davis,Macmillan Publishers,Macmillan Education,9781380022813,,,,Nhà sách Fahasa,available,1000,True,True,True
196488221,English Grammar In Use Book With Answers 5th Edition,608000,668000,9,4.8,16,101,Raymond Murphy,Cambridge University Press,Cambridge University Press,9781108457651,,,,Nhà sách Fahasa,available,1000,True,True,True
196488217,English Vocabulary In Use Upper-Intermediate Book With Answers,512000,539000,5,4.8,4,38,"Michael McCarthy,  Felicity O'Dell",Cambridge University Press,Cambridge University Press,9781316631751,,,,Nhà sách Fahasa,available,1000,True,True,True
193109355,Our Discovery Island British Pbk 3 W/Cdrom + Pin Code Value Pack,471400,486000,3,0,0,0,Debbie Peters,Pearson Education,Pearson Longman,9781447934998,,,,Nhà sách Fahasa,available,1000,True,True,True
192951223,Alan Maley's 50 Creative Activities Pocket Editions: Cambridge Handbooks For Language Teachers,235700,250000,6,0,0,5,Alan Maley,Cambridge University Press,Cambridge University Press,9781108457767,,,,Nhà sách Fahasa,available,1000,True,True,True
192173870,A1 Movers 4 Authentic Practice Tests: Student's Book Without Answers With Audio - FAHASA Reprint Edition,165300,174000,5,5,13,151,Cambridge English,Cambridge University Press,Cambridge University Press,9781009282048,,,,Nhà sách Fahasa,available,1000,True,True,True
172066127,Skillful 2Ed L&S 2 SB + DSB Pk,439000,439000,0,0,0,5,,CÔNG TY TNHH EDUCATION SOLUTIONS VIỆT NAM,MacMillan,9781380010582,Bìa mềm,,2019-09-04,Dtpbooks,available,1000,True,True,True
171151581,Speak Now 4 Student's Book with Online Practice,286000,286000,0,4.8,4,33,,CÔNG TY TNHH EDUCATION SOLUTIONS VIỆT NAM,Oxford,9780194030410,,,,Dtpbooks,available,1000,True,True,True
171063715,Letts Cambridge IGCSE - Cambridge IGCSE Economics Revision Guide,186000,186000,0,0,0,6,,CÔNG TY TNHH EDUCATION SOLUTIONS VIỆT NAM,Collins,9780008260132,,,,Dtpbooks,available,1000,True,True,True
170772546,i-Learn My Phonics Grade 2 Activity Book,70000,70000,0,5,4,192,,CÔNG TY TNHH EDUCATION SOLUTIONS VIỆT NAM,Express Publishing,9786049188497,,,,Dtpbooks,available,1000,True,True,True
169280405,Everybody Up 2E 5: Student Book,328000,328000,0,0,0,3,,CÔNG TY TNHH EDUCATION SOLUTIONS VIỆT NAM,Oxford,9780194105934,,,,Dtpbooks,available,1000,True,True,True
168712503,Career Paths Nursing (Esp) Student's Book With Digibook App.,235000,235000,0,5,1,20,,CÔNG TY TNHH EDUCATION SOLUTIONS VIỆT NAM,Express Publishing,9781471562884,Bìa mềm,,2017-09-30,Dtpbooks,available,1000,True,True,True
163544637,Oxford Learner's Pocket Grammar,142000,142000,0,5,3,15,,CÔNG TY TNHH EDUCATION SOLUTIONS VIỆT NAM,Oxford University Press,9780194336840,Bìa mềm,396,,Dtpbooks,available,1000,True,True,True
162025811,Headway: Elementary: Student's Book With Online Practice,517700,545000,5,5,1,5,"Liz & John Soars,  Paul Hancock",Oxford University Press,Oxford University Press,9780194524230,,,,Nhà sách Fahasa,available,1000,True,True,True
151597290,American Jetstream Elementary B Student's book & Workbook ( không kèm CD),207000,207000,0,5,11,108,,CÔNG TY TNHH EDUCATION SOLUTIONS VIỆT NAM,Helbling Languages,9783990458235,,,,Dtpbooks,available,1000,True,True,True
106208414,Happy Hearts US Starter Pupil's Book (With Stickers),112000,112000,0,5,2,45,Jenny Dooley - Virginia Evans,CÔNG TY TNHH EDUCATION SOLUTIONS VIỆT NAM,Express Publishing,9786049471070,Bìa mềm,56,2015-12-01,Dtpbooks,available,1000,True,True,True
58710156,English File 4th Edition: Intermediate: Workbook With Key,329600,347000,5,5,1,7,"Clive Oxenden,  Kate Chomacki, Christina Latham-Koenig",Oxford University Press,Oxford University Press,9780194036108,,,,Nhà sách Fahasa,available,1000,True,True,True
49641675,Inside Reading: Level 3: Student Book,551000,580000,5,5,1,4,Bruce Rubin,Oxford University Press,Oxford University Press,9780194416290,,,,Nhà sách Fahasa,available,1000,True,False,True
25729908,Effective Academic Writing Introductory Student Book with Access to Oxford Learn 2Ed,553800,583000,5,0,0,3,Alice Savage,Oxford University Press UK	,,9780194323451,,,,Nhà sách Fahasa,available,1000,True,False,True
25201257,Sách Everybody Up 2E 6: Workbook,202300,213000,5,5,8,60,"Patrick Jackson,  Susan Banman Sileci,  Kathleen Kampa,  Charles Vilina",Oxford University Press,,9780194106153,,,,Nhà sách Fahasa,available,1000,True,True,True
643115,Sách Speak Now 1 Student Book with Online Practice,290700,306000,5,5,25,300,"Jack C. Richards, David Bohlke",Oxford University Press,,9780194030151,Paperback,,2017-03-01,Nhà sách Fahasa,available,1000,True,True,True
325834,Sách Ship or Sheep? Book and Audio CD Pack: An Intermediate Pronunciation Course,747600,787000,5,5,7,23,Ann Baker,Cambridge University Press,Cambridge University Press,9780521606738,Bìa mềm,237,2007-01-29,Nhà sách Fahasa,available,1000,True,False,True
279042984,Sách ngoại văn: Little Blue Dot 3 - Activity Book,168100,177000,5,0,0,0,nhieu tac gia,Oxford University Press,Nhiều Nhà Xuất Bản,9780194863100,Bìa mềm,,2023-12-21,Nhà sách Fahasa,available,1000,True,True,True
279042982,Sách ngoại văn: E-Future Discovery 5-3 (200 Words),257000,265000,3,0,0,0,nhieu tac gia,"E-Future.Co.,Ltd",Nhiều Nhà Xuất Bản,9791194672142,Bìa mềm,,2023-12-21,Nhà sách Fahasa,available,1000,True,True,True
279037924,Sách ngoại văn: Cam Primary Path 1 - Activity Book With Practice Extra,485000,485000,0,0,0,1,nhieu tac gia,Cambridge University Press,Nhiều Nhà Xuất Bản,9781108671903,Bìa mềm,,2023-12-21,Nhà sách Fahasa,available,1000,True,True,True
278873218,Sách ngoại văn: The Official Cambridge Guide To IELTS Student's Book With Answers,463600,488000,5,0,0,2,"Pauline Cullen,  Vanessa Jakeman",Fahasa,Nhiều Nhà Xuất Bản,9781009672368,Bìa mềm,,2023-12-21,Nhà sách Fahasa,available,1000,True,True,True
278830982,Sách ngoại văn: Oxford Phrasal Verbs Dictionary,187100,197000,5,0,0,0,Oxford University Press,Oxford University Press,Oxford University Press,9780194317214,Bìa mềm,,2023-12-21,Nhà sách Fahasa,available,1000,True,True,True
278732675,Cambridge IELTS 20 General Training,210000,210000,0,0,0,3,Cambridge,Công ty Cổ phần Sách Việt Nam,CAMBRIDGE,978-1-009-83083-6,Bìa mềm,144,2025-10-09,SAVINA,available,1000,True,True,True
278619258,"Sách ngoại văn: Life Student’s Book 3rd Edition, A1-A2",308700,325000,5,0,0,0,John Hughes,Cengage,Cengage,9798214579313,Bìa mềm,,2023-12-21,Nhà sách Fahasa,available,1000,True,True,True
278619257,"Sách ngoại văn: Life Student’s Book 3rd Edition, A2-B1",308700,325000,5,0,0,6,John Hughes,Cengage,Cengage Learning,9798214579320,Bìa mềm,,2023-12-21,Nhà sách Fahasa,available,1000,True,True,True
276809510,Sách ngoại văn: Empower B1 Pre-Intermediate - Workbook With Answers (2nd Edition),419000,432000,3,0,0,2,Peter Anderson,Cambridge University Press,Cambridge University Press,9781108961462,Bìa mềm,,2023-12-21,Nhà sách Fahasa,available,1000,True,True,True
276656800,Smart English 3 - Workbook (2nd Edition),167200,176000,5,0,0,0,"Casey Kim,  Jayne Lee","E-Future.Co.,Ltd","E-Future.Co.,Ltd",9791192361178,Bìa mềm,,2023-12-21,Nhà sách Fahasa,available,1000,True,True,True
276566375,"Pathways Listening, Speaking, And Critical Thinking 3 - Student's Book + Spark Sticker (3rd Edition)",430300,453000,5,5,1,4,Christien Lee,Cengage,Heinle ELT,9780357979099,Bìa mềm,,2023-12-21,Nhà sách Fahasa,available,1000,True,True,True
276566342,Life A1 - Student’s Book With Code Spark (2nd Edition),271700,286000,5,0,0,4,John Hughes,Cengage,Cengage,9789815242911,Bìa mềm,,2023-12-21,Nhà sách Fahasa,available,1000,True,True,True
276527791,Welcome To Our World 1 With The Spark Platform (2nd Edition),368600,388000,5,0,0,0,Jill O'Sullivan,Cengage,Heinle ELT,9780357638200,Bìa mềm,,2023-12-21,Nhà sách Fahasa,available,1000,True,True,True
276429474,Great Writing Foundations - Student's Book + Spark Sticker (5th Edition),416100,438000,5,0,0,4,Keith Folse,Cengage,Cengage Learning,9798214333052,Bìa mềm,,2023-12-21,Nhà sách Fahasa,available,1000,True,True,True
274943997,Mindset For IELTS - Foundation - Student’s Book With Updated Digital Pack,481600,507000,5,4.3,6,65,"Greg Archer,  Claire Wijayatilake",Cambridge University Press,Cambridge University Press,9781009470384,Bìa mềm,,2023-12-21,Nhà sách Fahasa,available,1000,True,True,True
274675974,Superkids 3rd Student Book With Audio CDs And PEP Access Code Level 2,168100,183000,8,0,0,2,...,Đang cập nhật,Đang cập nhật,9789882435445,Bìa mềm,,2023-12-21,Nhà sách Fahasa,available,1000,True,True,True
263100129,Complete Key For Schools Student's Book Without Answers With Online Practice,388500,419000,7,5,1,57,David McKeegan,Cambridge University Press,Cambridge University Press,9781108539333,,,,Nhà sách Fahasa,available,1000,True,True,True
208634876,Empower Elementary A2 Student's Book With Digital Pack - 2nd Edition,481600,507000,5,0,0,31,"Adrian Doff,  Jeff Stranks,  Peter Lewis-Jones,  Craig Thaine,  Herbert Puchta",Cambridge University Press,Cambridge University Press,9781009358743,Bìa cứng,,2024-03-13,Nhà sách Fahasa,available,1000,True,True,True
203843904,Academy Stars 1 Workbook With Digital Workbook,228900,241000,5,5,1,16,"Kathryn Harper,  Gabrielle Pritchard",Macmillan Publishers,Macmillan _,9781380069023,,,,Nhà sách Fahasa,available,1000,True,True,True
198591334,"English File, 3rd Edition Elementary: Workbook & iChecker with Answer Booklet",128000,128000,0,5,2,17,,CÔNG TY TNHH EDUCATION SOLUTIONS VIỆT NAM,Oxford,9780194598712,,,,Dtpbooks,available,1000,True,True,True
198285571,Scott Thornbury's 30 Language Teaching Methods Pocket Editions,244400,252000,3,5,2,9,Scott Thornbury,Cambridge University Press,Cambridge University Press,9781108408462,,,,Nhà sách Fahasa,available,1000,True,True,True
192173665,New Close-up B1+: Workbook,227000,239000,5,5,1,12,,Cengage Learning,Cengage Learning,9780357434048,,,2024-05-22,Nhà sách Fahasa,available,1000,True,True,True
171312303,Effective Academic Writing 2E: Intro Student Book with Online Access Code,598000,598000,0,5,4,10,,CÔNG TY TNHH EDUCATION SOLUTIONS VIỆT NAM,Oxford,9780194323451,,,,Dtpbooks,available,1000,True,True,True
169280419,Everybody Up 6: Student Book With Audio CD Pack,358000,358000,0,0,0,2,,CÔNG TY TNHH EDUCATION SOLUTIONS VIỆT NAM,Oxford,9780194104098,,,,Dtpbooks,available,1000,True,True,True
163544641,Oxford Learner's Pocket Word Skills Pack,258000,258000,0,5,7,39,,CÔNG TY TNHH EDUCATION SOLUTIONS VIỆT NAM,Oxford University Press,9780194620147,Bìa mềm,380,2019-11-06,Dtpbooks,available,1000,True,True,True
163544623,Oxford Learner's Pocket Verbs and Tenses,238000,238000,0,5,1,2,,CÔNG TY TNHH EDUCATION SOLUTIONS VIỆT NAM,Oxford University Press,9780194325691,Bìa mềm,392,,Dtpbooks,available,1000,True,True,True
163544548,Oxford Learner's Pocket Dictionary Fourth Edition,98000,98000,0,5,1,123,,CÔNG TY TNHH EDUCATION SOLUTIONS VIỆT NAM,Oxford University Press,9780194398725,Bìa mềm,528,2022-05-17,Dtpbooks,available,1000,True,True,True
151597552,American Jetstream Pre-Intermediate B Student's book & Workbook ( không kèm CD),207000,207000,0,5,54,778,,CÔNG TY TNHH EDUCATION SOLUTIONS VIỆT NAM,Helbling Languages,9783990458259,Bìa mềm,,2022-02-01,Dtpbooks,available,1000,True,True,True
106352118,Oxford Skills World: Level 5: Reading With Writing Student Book,374300,394000,5,0,0,2,Elise Pritchard,Oxford University Press,Oxford University Press,9780194113540,,,,Nhà sách Fahasa,available,1000,True,True,True
106208655,Access US 4A Student's Book & Workbook,177000,177000,0,5,1,18,.,CÔNG TY TNHH EDUCATION SOLUTIONS VIỆT NAM,Express Publishing,9786049455018,Bìa mềm,136,,Dtpbooks,available,1000,True,True,True
101871012,Q: Skills For Success: Level 3: Reading And Writing Student Book With iQ Online Practice - 3rd Edition,299200,315000,5,4.5,6,34,"Colin Ward,  Margot Gramer",Oxford University Press,Oxford University Press,9780194903943,,,,Nhà sách Fahasa,available,1000,True,True,True
69838794,Q: Skills For Success: Level 1: Listening And Speaking Student Book With iQ Online Practice - 3rd Edition,299200,315000,5,5,4,43,Jaimie Scanlon,Oxford University Press,Oxford University Press,9780194905138,,,,Nhà sách Fahasa,available,1000,True,True,True
69838742,Q: Skills For Success: Level 4: Listening And Speaking Student Book With iQ Online Practice - 3rd Edition,299200,315000,5,5,3,40,"Tamara Jones, Rob Freire",Oxford University Press,Oxford University Press,9780194905169,,,,Nhà sách Fahasa,available,1000,True,True,True
58710928,American English File: Level 1: Students Book With Online Practice - 3rd Edition,279300,294000,5,5,11,107,"Clive Oxenden,  Jerry Lambert, Christina de la Mare",Oxford University Press,Oxford University Press,9780194906166,,,,Nhà sách Fahasa,available,1000,True,True,True
58710128,American English File: Starter: Students Book With Online Practice - 3rd Edition,279300,294000,5,5,6,58,"Clive Oxenden,  Jerry Lambert, Christina de la Mare",Oxford University Press,Oxford University Press,9780194905947,,,,Nhà sách Fahasa,available,1000,True,True,True
55285821,Look 1: Workbook With Online Practice,253600,267000,5,4.5,7,52,Cengage Learning,Cengage,Cengage Learning,9780357122129,,,,Nhà sách Fahasa,available,1000,True,True,True
55285537,Look Starter: Workbook With Online Practice,253600,267000,5,5,2,25,Cengage Learning,Cengage,Cengage Learning,9780357122136,,,,Nhà sách Fahasa,available,1000,True,True,True
34752835,Oxford Word Skills Advanced Idioms and Phrasal Verbs,369500,389000,5,5,107,494,OXFORD WORD SKILLS,Oxford University Press UK	,Oxford University Press,9780194620130,,,2024-03-13,Nhà sách Fahasa,available,1000,True,True,True
29354877,Tactics for Listening Expanding Student Book 3Ed,388500,409000,5,4.8,5,22,Oxford,Oxford,,9780194013864,,,,Nhà sách Fahasa,available,1000,True,True,True
22881948,Cambridge English Starters 1 for Revised Exam from 2018 Student's Book,135800,143000,5,4.8,105,980,Cambridge University,Cambridge University,CAMBRIDGE UNIVERSITY,9781108447959,Bìa cứng,,2024-03-13,Nhà sách Fahasa,available,1000,True,True,True
279039237,Sách ngoại văn: Cambridge Primary Mathematics - Learner's Book 5 With Digital Access (1 Year) (2nd Edition),504000,504000,0,0,0,0,Mary Wood,Cambridge University Press,Nhiều Nhà Xuất Bản,9781108760034,Bìa mềm,,2023-12-21,Nhà sách Fahasa,available,1000,True,True,True
279032637,Sách ngoại văn: Imagine Level 1 BRE - Workbook,197600,208000,5,0,0,0,nhieu tac gia,Cengage,Nhiều Nhà Xuất Bản,9780357911822,Bìa mềm,,2023-12-21,Nhà sách Fahasa,available,1000,True,True,True
279030946,Sách ngoại văn: Little Blue Dot Level 1 - Activity Book,177000,177000,0,0,0,2,Sarah Dilger,Oxford University Press,Oxford University Press,9780194862707,Bìa mềm,,2023-12-21,Nhà sách Fahasa,available,1000,True,True,True
277978294,Sách ngoại văn: Life Vision Advance - Student Book With Online Practice,331500,349000,5,0,0,0,Oxford,Oxford University Press,Oxford University Press,9780194081276,Bìa mềm,,2023-12-21,Nhà sách Fahasa,available,1000,True,True,True
277978218,Sách ngoại văn: Voice Upper Intermediate B2: Workbook With Answer Key,239400,252000,5,0,0,0,Helen Stephenson,Cengage,Cengage Learning,9780357442807,Bìa mềm,,2023-12-21,Nhà sách Fahasa,available,1000,True,True,True
277180581,Sách ngoại văn: Outcomes Bre Elementary - Student's Book + Spark Sticker (3rd Edition),453000,453000,0,0,0,4,Hugh Dellar,Cengage,Heinle ELT,9780357917169,Bìa mềm,,2023-12-21,Nhà sách Fahasa,available,1000,True,True,True
276566348,"Pathways Reading, Writing, And Critical Thinking Foundations - Student's Book + Spark Sticker (3rd Edition)",430300,453000,5,0,0,3,"Mari Vargo, Kristin Sherman",Cengage,Cengage Learning,9780357979457,Bìa mềm,,2023-12-21,Nhà sách Fahasa,available,1000,True,True,True
276566340,"Pathways Reading, Writing, And Critical Thinking 1 - Student's Book + Spark Sticker (3rd Edition)",430300,453000,5,5,1,8,"Laurie Blass,  Mari Vargo,  Kristin Sherman",Cengage,Cengage Learning,9780357979563,Bìa mềm,,2023-12-21,Nhà sách Fahasa,available,1000,True,True,True
276429470,Great Writing 2 - Student's Book + Spark Sticker (5th Edition),416100,438000,5,5,2,4,Keith Folse,Cengage,Cengage Learning,9798214333076,Bìa mềm,,2023-12-21,Nhà sách Fahasa,available,1000,True,True,True
276429338,Everyboy Up Starter - Work Book (3rd Edition),200400,211000,5,0,0,1,Susan Banman Sileci,Oxford University Press,Oxford University Press,9780194151627,Bìa mềm,,2023-12-21,Nhà sách Fahasa,available,1000,True,True,True
276429326,Everyboy Up 1 - Work Book (3rd Edition),211000,211000,0,0,0,0,"Patrick Jackson,  Susan Banman Sileci",Oxford University Press,Oxford University Press,9780194151580,Bìa mềm,,2023-12-21,Nhà sách Fahasa,available,1000,True,True,True
274742903,Skills Builder Starters 1 - Student's Book (with DigiBooks App),166000,166000,0,5,1,10,nhieu tac gia,CÔNG TY TNHH EDUCATION SOLUTIONS VIỆT NAM,Express Publishing,9781399207089,Bìa mềm,128,2017-09-29,Dtpbooks,available,1000,True,True,True
274675001,Superkids 3rd Student Book With Audio CDs And PEP Access Code Level 1,168100,183000,8,0,0,9,...,Đang cập nhật,Đang cập nhật,9789882435438,Bìa mềm,,2023-12-21,Nhà sách Fahasa,available,1000,True,True,True
274468103,B1 Preliminary for Schools five complete Practice Tests 1,179000,179000,0,5,2,20,nhieu tac gia,CÔNG TY TNHH EDUCATION SOLUTIONS VIỆT NAM,Nhà Xuất Bản Đại Học Huế,9786043997569,Bìa mềm,160,2024-03-01,Dtpbooks,available,1000,True,True,True
272303089,Personal Best American B2 Upper intermediate Pack A (SB+WB+e-learning),236000,236000,0,0,0,34,nhieu tac gia,CÔNG TY TNHH EDUCATION SOLUTIONS VIỆT NAM,RICHMOND,9996049809644,Bìa mềm,,2022-09-01,Dtpbooks,available,1000,True,True,True
271542299,Speakout Intermediate Student's Book & Interactive ebook With Digital Resources Access Code - 2nd Edition,285100,294000,3,0,0,2,"Frances Eales,  Steve Oakes",Pearson Education,Pearson,9781292394664,,,,Nhà sách Fahasa,available,1000,True,True,True
270134941,Let's Talk Level 1 Student's Book With Digital Pack - 2nd Edition,478200,493000,3,0,0,5,Leo Jones,Cambridge University Press,Cambridge University Press,9781009265621,Bìa cứng,,2024-03-13,Nhà sách Fahasa,available,1000,True,True,True
260811371,Tiếng Anh 11 i-Learn Smart World - Student's Book,62484,62484,0,4.2,5,427,,CÔNG TY TNHH EDUCATION SOLUTIONS VIỆT NAM,Nhà Xuất Bản Đại Học Huế,9786043994407,Bìa mềm,150,2023-04-04,Dtpbooks,available,1000,True,True,True
208634870,Empower Starter A1 Student's Book With Digital Pack - 2nd Edition,446500,470000,5,0,0,24,"Adrian Doff,  Craig Thaine,  Herbert Puchta,  Jeff Stranks,  Peter Lewis-Jones",Cambridge University Press,Cambridge University Press,9781009358736,,,,Nhà sách Fahasa,available,1000,True,True,True
185189924,"Tiếng Anh 1 i-Learn Smart Start pack 1 (SB, WB, NB)",143000,143000,0,5,18,921,,CÔNG TY TNHH EDUCATION SOLUTIONS VIỆT NAM,Nhà Xuất Bản Đại Học Sư Phạm,9996043096203,Bìa mềm,,2020-03-01,Dtpbooks,available,1000,True,True,True
171808004,Oxford Phonics World 4: Workbook,183000,183000,0,0,0,2,,CÔNG TY TNHH EDUCATION SOLUTIONS VIỆT NAM,Oxford,9780194596268,,,,Dtpbooks,available,1000,True,True,True
169280353,Everybody Up 2E 1: Student Book,328000,328000,0,0,0,20,,CÔNG TY TNHH EDUCATION SOLUTIONS VIỆT NAM,Oxford,9780194105897,,,,Dtpbooks,available,1000,True,True,True
168774232,i-Learn Smart Maths Grade 3 Student's Book Part 1 ( ENG-VN),156000,156000,0,5,3,102,,CÔNG TY TNHH EDUCATION SOLUTIONS VIỆT NAM,Vietnam News Agency Publishing House,9786049820885,,,,Dtpbooks,available,1000,True,True,True
168773530,i-Learn Smart Maths Grade 3 Student's Book Part 2 ( ENG-VN),156000,156000,0,5,3,100,,CÔNG TY TNHH EDUCATION SOLUTIONS VIỆT NAM,Vietnam News Agency Publishing House,9786049820892,,,,Dtpbooks,available,1000,True,True,True
168773516,i-Learn Smart Maths Grade 1 Student's Book Part 1 ( ENG-VN),156000,156000,0,0,0,48,,CÔNG TY TNHH EDUCATION SOLUTIONS VIỆT NAM,Vietnam News Agency Publishing House,9786049809958,,,,Dtpbooks,available,1000,True,True,True
163544453,Beyond A2 Student's Book Pack,395000,395000,0,5,1,16,,CÔNG TY TNHH EDUCATION SOLUTIONS VIỆT NAM,MacMillan,9780230461123,Bìa mềm,144,,Dtpbooks,available,1000,True,True,True
117374956,Oxford Discover 2nd Edition: Level 3: Grammar Book,276400,282000,2,0,0,26,Tamzin Thompson,Oxford University Press,Oxford University Press,9780194052757,,,,Nhà sách Fahasa,available,1000,True,True,True
116159499,Happy Campers Level 3 Teacher's Edition Pack,831200,857000,3,0,0,0,Diana Jones,Macmillan Publishers,Macmillan Education,9780230473508,,,,Nhà sách Fahasa,available,1000,True,True,True
115694901,Big English Ame 2nd Edition Workbook With Audio CDs Level 6,168700,191000,12,0,0,1,Mario Herrera,Pearson Education,Pearson Education,9781292233376,,,,Nhà sách Fahasa,available,1000,True,True,True
106360970,Tiếng Anh 1 i-Learn Smart Start – Teacher's book,130000,130000,0,5,2,12,.,CÔNG TY TNHH EDUCATION SOLUTIONS VIỆT NAM,Nhà Xuất Bản Đại Học Sư Phạm,9786049910166,Bìa mềm,92,,Dtpbooks,available,1000,True,True,True
84426394,Combo 2 cuốn: Empower B1+ Intermediate Student's Book with Online Access + Empower B1+ Intermediate Workbook with Online Access,300000,300000,0,5,3,17,,Công Ty Cổ Phần Sách Đại Học - Dạy Nghề,Nhà Xuất Bản Giáo Dục Việt Nam,"9786040244338, 9786040244345",Bìa mềm,172,2021-03-18,VIETNAMBOOK,available,1000,True,True,True
76152778,Effective Academic Writing 1 Student Book with Access to Oxford Learn 2Ed,619400,652000,5,5,9,23,"Alice Savage,  Masoud Shafiei",Oxford University Press,Oxford University Press,9780194323468,Bìa mềm,,2014-10-20,Nhà sách Fahasa,available,1000,True,True,True
58705733,Oxford Discover 2nd Edition: Level 5: Workbook With Online Practice,445500,469000,5,5,4,12,June Schwartz,Oxford University Press,Oxford University Press,9780194054010,,,,Nhà sách Fahasa,available,1000,True,True,True
43981759,A2 Key for Schools Trainer 1 for the Revised 2020 Exam Six Practice test With Answers and Teacher's Notes With Downloadable Audio,220000,220000,0,4.8,29,268,Cambridge University Press,Cambridge University Press,,9781108867276,,,,Nhà sách Fahasa,available,1000,True,True,True
32222649,Face2Face Elementary WB with key Reprint Edition,51400,58000,11,5,2,35,"Chris Redston,  Gillie Cunningham",Cambridge,Đang cập nhật,9780521732819,,,,Nhà sách Fahasa,available,1000,True,True,True
29355977,Sách Family and Friends: Level 1: Class Book,218500,230000,5,4.7,28,309,Oxford,Oxford University Press,,9780194808361,,,,Nhà sách Fahasa,available,1000,True,True,True
25205851,Sách GET READY FOR MOVERS: SB WITH DOWNLOADABLE AUDIO: MAXIMIZE CHANCES OF EXAM,431300,454000,5,4.8,37,317,Petrina Cliff,Oxford University Press,,9780194029483,,,,Nhà sách Fahasa,available,1000,True,True,True
25002422,Sách GET READY FOR STARTERS: SB WITH DOWNLOADABLE AUDIO: MAXIMIZE CHANCES OF EXAM,431300,454000,5,5,33,298,Petrina Cliff,Oxford University Press,,9780194029452,,,,Nhà sách Fahasa,available,1000,True,True,True
23436875,Sách Oxford Phonics World Refresh 3 Students Book Pack,418000,440000,5,5,9,96,Oxford University Press,Oxford University Press,,9780194750455,,,,Nhà sách Fahasa,available,1000,True,True,True
2210739,Sách Everybody Up (2E) Starter Student Book,352400,371000,5,4.8,11,165,"Patrick Jackson, Susan Banman Sileci",Oxford University Press,Oxford University Press,9780194105880,Paperback,,2016-03-24,Nhà sách Fahasa,available,1000,True,True,True
279041937,Sách ngoại văn: 1200 Words For Tests Movers 2,171600,177000,3,0,0,0,nhieu tac gia,"E-Future.Co.,Ltd",Nhiều Nhà Xuất Bản,9791194672227,Bìa mềm,,2023-12-21,Nhà sách Fahasa,available,1000,True,True,True
279038601,Sách ngoại văn: Speakout B1 - Workbook With Key (3rd Edition),265000,265000,0,0,0,0,Lindsay Warwick,Pearson Education,Nhiều Nhà Xuất Bản,9781292399584,Bìa mềm,,2023-12-21,Nhà sách Fahasa,available,1000,True,True,True
277978258,Sách ngoại văn: Voices Advanced C1: Student's Book With Spark Platform,369500,389000,5,0,0,0,"Daniel Barber,  Lewis Lansford",Cengage,Cengage Learning,9780357458730,Bìa mềm,,2023-12-21,Nhà sách Fahasa,available,1000,True,True,True
277369467,Sách ngoại văn: Compact Advanced - Student's Book With Answers With Digital Pack,705100,745000,5,0,0,1,Peter May,Cambridge University Press,Đang cập nhật,9781009394901,Bìa mềm,,2023-12-21,Nhà sách Fahasa,available,1000,True,True,True
276684970,Cutting Edge 3rd Edition Student Book And eBook With Digital Resources Level Pre-Intermediate,383800,404000,5,0,0,0,Pearson,Pearson Education,Pearson Education,9781292394107,Bìa mềm,,2023-12-21,Nhà sách Fahasa,available,1000,True,True,True
276684968,Skills Builder Flyers 2 - Student's Book With DigiBooks App,190100,196000,3,0,0,5,Jenny Dooley,CÔNG TY TNHH EDUCATION SOLUTIONS VIỆT NAM,Express Publishing,9781399207133,Bìa mềm,,2023-12-21,Nhà sách Fahasa,available,1000,True,True,True
276656770,Smart English 3 - Student Book (2nd Edition),267900,282000,5,0,0,0,"Casey Kim,  Jayne Lee","E-Future.Co.,Ltd","E-Future.Co.,Ltd",9791192361109,Bìa mềm,,2023-12-21,Nhà sách Fahasa,available,1000,True,True,True
276429486,Great Writing 5 - Student's Book + Spark Sticker (5th Edition),416100,438000,5,0,0,3,Keith Folse,Cengage,Cengage Learning,9798214333106,Bìa mềm,,2023-12-21,Nhà sách Fahasa,available,1000,True,True,True
276429414,Everyboy Up 1 - Student Book With Online Practice (3rd Edition),343000,343000,0,0,0,1,"Patrick Jackson,  Susan Banman Sileci",Oxford University Press,Oxford University Press,9780194161466,Bìa mềm,,2023-12-21,Nhà sách Fahasa,available,1000,True,True,True
276027511,Writing success Advanced level C1-C2,169000,169000,0,5,1,5,nhieu tac gia,CÔNG TY TNHH EDUCATION SOLUTIONS VIỆT NAM,EDPUB,9789811753077,Bìa mềm,,2024-07-01,Dtpbooks,available,1000,True,True,True
275786246,i-Learn English for Science 5 Student's Book 2nd Edition,99000,99000,0,5,3,63,nhieu tac gia,CÔNG TY TNHH EDUCATION SOLUTIONS VIỆT NAM,Nhà Xuất Bản Đại Học Huế,9786044890098,Bìa mềm,65,2024-07-01,Dtpbooks,available,1000,True,True,True
274673494,Family and Friends: Level 1: Workbook & Online Skills Practice Pack,241300,254000,5,5,1,9,...,Đang cập nhật,Đang cập nhật,9780194808620,Bìa mềm,,2023-12-21,Nhà sách Fahasa,available,1000,True,True,True
273101450,Mindset For Ielts - Student’s Book (with Updated Digital Pack),530000,530000,0,0,0,11,nhieu tac gia,Cty PHS TP.HCM- Fahasa,CAMBRIDGE,9781009470377,Bìa mềm,191,2023-09-30,Nhà sách Quốc Việt,available,1000,True,True,True
272303127,Personal Best American B2 Upper intermediate Pack B (SB+WB+e-learning),236000,236000,0,5,1,31,nhieu tac gia,CÔNG TY TNHH EDUCATION SOLUTIONS VIỆT NAM,RICHMOND,9996049809651,Bìa mềm,,2022-09-01,Dtpbooks,available,1000,True,True,True
270519729,Combo Complete IELTS B2: Student's Book + Workbook (with answer & Audio CD),361700,389000,7,4.8,6,74,Mark Harrison,Cambridge University Press,Cambridge University Press,combo-9781107695962-9781107675452,,,2024-05-10,Nhà sách Fahasa,available,1000,True,True,True
270053202,Cambridge Global English Workbook 6 With Digital Access (1 Year) 2nd Edition,308700,333000,7,0,0,7,"Kathryn Harper,  Claire Medwell",Cambridge University Press,Cambridge University Press,9781108810906,,,,Nhà sách Fahasa,available,1000,True,True,True
263591822,Cambridge - A2 Key with answers (with Audio and Resource Bank),230000,230000,0,0,0,12,Cambridge ESOL,Cty PHS TP.HCM- Fahasa,CAMBRIDGE,9781108919111,Bìa mềm,128,2020-03-01,Nhà sách Quốc Việt,available,1000,True,True,True
260811319,Tiếng Anh 4 Extra and Friends - Pupil's Book,71118,71118,0,5,1,122,,CÔNG TY TNHH EDUCATION SOLUTIONS VIỆT NAM,Nhà Xuất Bản Đại Học Sư Phạm,9786043675054,Bìa mềm,,2023-01-20,Dtpbooks,available,1000,True,True,True
252540021,Pippa And Pop Level 1 Workbook American English,216600,228000,5,0,0,7,"Colin Sage,  Caroline Nixon,  Michael Tomlinson",Cambridge University Press,Cambridge University Press,9781009403467,Bìa cứng,,2024-03-13,Nhà sách Fahasa,available,1000,True,True,True
225269678,Personal Best American B1 Pre-intermediate Pack A (SB+WB+e-learning),236000,236000,0,5,4,409,"Bess Bradfield, Graham Fruen",CÔNG TY TNHH EDUCATION SOLUTIONS VIỆT NAM,RICHMOND,9996049809842,Bìa mềm,,2022-09-01,Dtpbooks,available,1000,True,True,True
193102055,Let's Smile 1 Workbook,152000,167000,9,0,0,8,Jayne Lee,"E-Future.Co.,Ltd","E-Future.Co.,Ltd",9791191150070,,,,Nhà sách Fahasa,available,1000,True,True,True
171312406,Oxford Photo Dictionary,366000,366000,0,0,0,1,,CÔNG TY TNHH EDUCATION SOLUTIONS VIỆT NAM,Oxford,9780194313605,Bìa mềm,,2018-02-05,Dtpbooks,available,1000,True,False,True
171312361,"Oxford Primary Grammar, Punctuation, and Spelling Dictionary 2020",348000,348000,0,5,1,6,,CÔNG TY TNHH EDUCATION SOLUTIONS VIỆT NAM,Oxford,9780192776563,,,,Dtpbooks,available,1000,True,True,True
171312343,Oxford Wordpower Dictionary 4th Edition Pack,446000,446000,0,5,5,37,,CÔNG TY TNHH EDUCATION SOLUTIONS VIỆT NAM,Oxford,9780194398237,Bìa mềm,,2012-02-01,Dtpbooks,available,1000,True,True,True
171212923,Cobuild American Basic Dictionary (Second Edition),268000,268000,0,0,0,6,,CÔNG TY TNHH EDUCATION SOLUTIONS VIỆT NAM,HarperCollins,9780008135799,,,,Dtpbooks,available,1000,True,True,True
169778522,Macmillan Science 1 Student's Ebook Pack,233000,233000,0,0,0,3,,CÔNG TY TNHH EDUCATION SOLUTIONS VIỆT NAM,MacMillan,9781380000248,,,,Dtpbooks,available,1000,True,True,True
163543415,Story Central Level 5 Student Book + eBook Pack,298000,298000,0,0,0,6,,CÔNG TY TNHH EDUCATION SOLUTIONS VIỆT NAM,MacMillan,9781786329547,Bìa mềm,104,,Dtpbooks,available,1000,True,True,True
152705215,IELTS Vocabulary Up To Band 6.0 With Downloadable Audio,541500,596000,9,5,8,53,Pauline Cullen,Cambridge University Press,Cambridge University Press,9781108900607,,,,Nhà sách Fahasa,available,1000,True,True,True
108710265,Hang Out 3 - Student Book,258000,258000,0,4.8,6,235,,CÔNG TY TNHH EDUCATION SOLUTIONS VIỆT NAM,Compass Publishing,9781613528396,Bìa mềm,120,2023-04-11,Dtpbooks,available,1000,True,True,True
91833181,Great Writing 2: Student Book With Online Workbook,347700,366000,5,4.5,13,66,Keith Folse,Cengage,National Geographic,9780357021064,Bìa cứng,,2024-03-13,Nhà sách Fahasa,available,1000,True,True,True
58710948,Skillful Second Edition Level 4 Reading & Writing Student's Book + Digital Student's Book Pack,521500,549000,5,4.8,13,57,"Lindsay Warwick, Louis Rogers",Macmillan Publishers,Macmillan Education,9781380010902,,,,Nhà sách Fahasa,available,1000,True,True,True
55285802,Look 2: Workbook With Online Practice,253600,267000,5,3.7,3,28,Cengage Learning,Cengage,Cengage Learning,9780357122112,,,,Nhà sách Fahasa,available,1000,True,True,True
49961072,"Look Starter (Look, American English) Student Book",300200,316000,5,4.5,2,57,Schroeder,Cengage,Cengage Learning,9781337710824,,,,Nhà sách Fahasa,available,1000,True,True,True
43981784,Tactics for Listening: Developing: Student Book,388500,409000,5,5,1,38,"Grant Trew, Professor Jack C Richards",Oxford University Press,,9780194013857,,,,Nhà sách Fahasa,available,1000,True,True,True
26148962,Sách Everybody Up 2E 3: Workbook,202300,213000,5,4.7,17,146,"Charles Vilina,  Kathleen Kampa,  Susan Banman Sileci, Patrick Jackson",Oxford University Press,Oxford University Press,9780194106122,Bìa mềm,,2016-03-10,Nhà sách Fahasa,available,1000,True,True,True
25980689,Complete IELTS B2 Student's Book with answer & CD-Rom,265000,307000,14,5,219,1505,Mark Harrison,Cambridge,,9781107695962,,,,Nhà sách Fahasa,available,1000,True,True,True
25204095,Oxford Phonics World Refresh 5 Students Book Pack,418000,440000,5,4,8,56,Oxford University Press,Oxford University Press,,9780194750585,,,,Nhà sách Fahasa,available,1000,True,True,True
22881933,Complete IELTS B1 Workbook with answer & Audio CD,104500,121000,14,5,233,1427,Mark Harrison,Cambridge,CAMBRIDGE,9781107645523,,,,Nhà sách Fahasa,available,1000,True,True,True
22878255,Cambridge English Flyers 2 for Revised Exam From 2018 Student's Book,123500,143000,14,4.7,95,744,Cambridge University Press,Cambridge University Press,,9781108464833,,,2018-02-01,Nhà sách Fahasa,available,1000,True,True,True
2131695,Sách Solutions (3E) Pre-Intermediate Student's Book,384700,405000,5,5,19,170,"Tim Falla, Paul Davies",Oxford University Press,,9780194510561,Paperback,,,Nhà sách Fahasa,available,1000,True,True,True
279041308,Sách ngoại văn: Life Bre 3E Pre-Intermediate Student's Book + Spark Sticker,399600,412000,3,0,0,0,"John Hughes,  Helen Stephenson,  Paul Dummett",Cengage,Nhiều Nhà Xuất Bản,9798214180694,Bìa mềm,,2023-12-21,Nhà sách Fahasa,available,1000,True,True,True
279038038,Sách ngoại văn: Life Vision Student Book With Digital Pack Level B1 Intermediate,413200,435000,5,0,0,0,nhieu tac gia,Oxford University Press,Nhiều Nhà Xuất Bản,9780194080477,Bìa mềm,,2023-12-21,Nhà sách Fahasa,available,1000,True,True,True
279026723,Sách ngoại văn: Cambridge Young Learners English Tests Second edition Movers 4 Answer Booklet,31000,32000,3,0,0,0,Cambridge ESOL,Cambridge University Press,CAMBRIDGE,9780521694025,Bìa mềm,,2023-12-21,Nhà sách Fahasa,available,1000,True,True,True
278943030,Sách ngoại văn: English File Elementary Student Book With Skills Confidence - Fifth Edition,426500,453000,6,0,0,1,"Christina Latham-Koenig,  Clive Oxenden",Oxford University Press,Oxford University Press,9780194284592,Bìa mềm,,2023-12-21,Nhà sách Fahasa,available,1000,True,True,True
276809428,Sách ngoại văn: Empower A1 Starter - Workbook With Answers (2nd Edition),385000,407000,5,0,0,0,Rachel Godfrey,Cambridge University Press,Cambridge University Press,9781108961721,Bìa mềm,,2023-12-21,Nhà sách Fahasa,available,1000,True,True,True
276656796,Smart English 2 - Workbook (2nd Edition),167200,176000,5,0,0,0,"Casey Kim,  Jayne Lee","E-Future.Co.,Ltd","E-Future.Co.,Ltd",9791192361161,Bìa mềm,,2023-12-21,Nhà sách Fahasa,available,1000,True,True,True
276566359,"Pathways Listening, Speaking, And Critical Thinking 4 - Student's Book + Spark Sticker (3rd Edition)",430300,453000,5,0,0,5,"Mari Vargo,  Kristin Sherman",Cengage,Heinle ELT,9780357979273,Bìa mềm,,2023-12-21,Nhà sách Fahasa,available,1000,True,True,True
275941745,Smart English Starter Student Book (2nd Edition),273500,282000,3,0,0,0,"Casey Kim,  Jayne Lee","E-Future.Co.,Ltd","E-Future.Co.,Ltd",9791192361079,Bìa mềm,,2023-12-21,Nhà sách Fahasa,available,1000,True,True,True
274677679,B1 Preliminary for Schools 2 Student's Book with Answers with Audio with Resource Bank,432200,455000,5,5,1,1,...,Đang cập nhật,Đang cập nhật,9781108999649,Bìa mềm,,2023-12-21,Nhà sách Fahasa,available,1000,True,True,True
271324509,Cambridge Global English Workbook 5 with Digital Access (1 Year) 2nd Edition,315200,333000,5,0,0,6,"Claire Medwell,  Kathryn Harper",Cambridge University Press,Cambridge University Press,9781108810890,,,,Nhà sách Fahasa,available,1000,True,True,True
270250655,Cambridge - Kid’s Box [Updated Second Edition],223000,223000,0,5,3,0,Caroline Nixon Michael Tomlinson,Cty PHS TP.HCM- Fahasa,Cambridge University Press,9781108664073,Bìa mềm,88,2018-07-01,Nhà sách Quốc Việt,available,1000,True,True,True
270053276,Explore Our World 5: Student's Book With OLP Sticker Code - 2nd Edition,345800,364000,5,0,0,7,,Cengage,Cengage Learning,9780357373491,,,,Nhà sách Fahasa,available,1000,True,True,True
270052764,Prepare Level 7 Workbook With Digital Pack,308400,318000,3,0,0,2,David McKeegan,Cambridge University Press,Cambridge University Press,9781009032483,,,,Nhà sách Fahasa,available,1000,True,True,True
212110303,Rise And Shine American Level 4 Student's Book With ebook And Digital Activities,315400,332000,5,0,0,0,Anna Osborn,Pearson Education,Pearson Education,9781292417417,,,,Nhà sách Fahasa,available,1000,True,True,True
195472281,Academy Stars 3 Workbook With Digital Workbook,228900,241000,5,0,0,11,Alison Blair,Macmillan Publishers,Macmillan _,9781380069047,,,2024-03-13,Nhà sách Fahasa,available,1000,True,True,True
192951513,Reach Higher 1B: Practice Book,283200,292000,3,0,0,1,,Cengage,Cengage Learning,9780357366578,,,,Nhà sách Fahasa,available,1000,True,True,True
185232565,Tiếng Anh 7 i-Learn Smart World Workbook (Sách bài tập),70000,70000,0,5,32,889,,CÔNG TY TNHH EDUCATION SOLUTIONS VIỆT NAM,Nhà Xuất Bản Đại Học Sư Phạm,9786043099546,Bìa mềm,,2023-06-05,Dtpbooks,available,1000,True,True,True
185226873,Achievers Grade 7 Student's Book with CLIL Book,251000,251000,0,5,31,502,,CÔNG TY TNHH EDUCATION SOLUTIONS VIỆT NAM,Nhà Xuất Bản Đại Học Huế,9996043373403,,,,Dtpbooks,available,1000,True,True,True
171312327,Oxf Junior Illustrated Dictionary,348000,348000,0,0,0,3,,CÔNG TY TNHH EDUCATION SOLUTIONS VIỆT NAM,Oxford,9780199115228,,,,Dtpbooks,available,1000,True,False,True
171289224,Personal Best American B1+ Intermediate Pack A,236000,236000,0,5,2,104,Graham Burton,CÔNG TY TNHH EDUCATION SOLUTIONS VIỆT NAM,RICHMOND,9996049809859,Bìa mềm,,2022-09-01,Dtpbooks,available,1000,True,True,True
171289182,Learn with Ollie Story Cards 2,320000,320000,0,0,0,6,,CÔNG TY TNHH EDUCATION SOLUTIONS VIỆT NAM,RICHMOND,8431300979406,,,,Dtpbooks,available,1000,True,True,True
171063662,Writing Age 3-5,89000,89000,0,0,0,1,,CÔNG TY TNHH EDUCATION SOLUTIONS VIỆT NAM,Collins,9781844198771,,,,Dtpbooks,available,1000,True,True,True
171022118,New Cambridge Igcse Biology Revision Guide,168000,168000,0,5,1,14,,CÔNG TY TNHH EDUCATION SOLUTIONS VIỆT NAM,CAMBRIDGE,9780008210311,Bìa mềm,,2017-03-06,Dtpbooks,available,1000,True,True,True
169280355,Everybody Up 1: Student Book,312000,312000,0,4.8,8,48,,CÔNG TY TNHH EDUCATION SOLUTIONS VIỆT NAM,Oxford,9780194103183,,,,Dtpbooks,available,1000,True,True,True
168712458,Targeting Mathematics Workbook 1A Part 2,114000,114000,0,5,2,34,,CÔNG TY TNHH EDUCATION SOLUTIONS VIỆT NAM,Star Publishing,9789814250894,,,,Dtpbooks,available,1000,True,True,True
168712436,Career Paths Business English (Esp) Student'S Book With Digibook App,235000,235000,0,5,6,23,,CÔNG TY TNHH EDUCATION SOLUTIONS VIỆT NAM,Express Publishing,9781471562464,,,,Dtpbooks,available,1000,True,False,True
163544465,American Family & Friends 2E 5 Student Book,210000,210000,0,0,0,8,,CÔNG TY TNHH EDUCATION SOLUTIONS VIỆT NAM,Oxford University Press,9780194816656,Bìa mềm,128,,Dtpbooks,available,1000,True,True,True
151597241,A1 Movers - Practice Tests 1-5,128000,128000,0,5,10,107,,CÔNG TY TNHH EDUCATION SOLUTIONS VIỆT NAM,Nhà Xuất Bản Đại Học Huế,9786049749803,Bìa mềm,,2022-03-09,Dtpbooks,available,1000,True,True,True
115869800,Tiếng Anh 2 Extra and Friends - Activity book (Sách bài tập),55000,55000,0,5,3,130,,CÔNG TY TNHH EDUCATION SOLUTIONS VIỆT NAM,Nhà Xuất Bản Đại Học Sư Phạm,9786043094930,,,,Dtpbooks,available,1000,True,True,True
107412164,Look 3 Student Book (British English),300200,316000,5,5,2,13,Daniel Barber,Cengage,National Geographic,9781337710916,,,,Nhà sách Fahasa,available,1000,True,False,True
106360976,Hooray Let's Play A1 Science & Math and Fine Motor Skills-Phonological Awareness Activity Book,83000,83000,0,0,0,4,"Herbert Puchta,  Gunter Gerngross",CÔNG TY TNHH EDUCATION SOLUTIONS VIỆT NAM,Helbling Languages,9786049530753,Bìa mềm,82,,Dtpbooks,available,1000,True,True,True
58710756,Let's Go: Level 1: Workbook With Online Practice - 5th Edition,180500,190000,5,4.8,11,94,"Barbara Hoskins,  Karen Frazier, Ritsuko Nakata",Oxford University Press,Oxford University Press,9780194049276,,,,Nhà sách Fahasa,available,1000,True,True,True
58705940,Oxford Discover 2nd Edition: Level 4: Workbook With Online Practice,445500,469000,5,4,2,18,"Charles Vilina, Kathleen Kampa, Kathleen Kampa",Oxford University Press,Oxford University Press,9780194053983,,,,Nhà sách Fahasa,available,1000,True,True,True
55289495,"The Penguin German Phrasebook (Phrase Book, Penguin)",273500,282000,3,3.8,4,10,Jill Norman,Penguin Books,Penguin Books,9780141039039,,,,Nhà sách Fahasa,available,1000,True,True,True
55286559,Compact Preliminary For Schools 2nd Edition Student's Book Without Answers With Online Practice,361900,381000,5,4.8,4,29,"Amanda Thomas, Sue Elliott",Cambridge University Press,Cambridge University Press,9781108616195,,,,Nhà sách Fahasa,available,1000,True,False,True
52985683,Sách Oxford Skills World 1 Listening with Speaking Student's Book / Workbook,407500,429000,5,4.7,3,10,Julie Hwang,Oxford University Press,Oxford University Press,9780194113342,Paperback,120,2019-01-10,Nhà sách Fahasa,available,1000,True,True,True
34757298,Cutting Edge Advanced,313300,323000,3,0,0,9,"Jonathan Bygrave, Araminta Crace, Sarah Cunningham, Peter Moor",Pearson Longman,,9781447936800,,,,Nhà sách Fahasa,available,1000,True,False,True
31516303,Cutting Edge Upper Intermediate Students' Book and DVD Pack: Upper intermediate,344300,355000,3,5,1,7,"Jonathan Bygrave, Sarah Cunningham, Peter Moor",Pearson Longman,,9781447936985,,,,Nhà sách Fahasa,available,1000,True,False,True
2210743,Sách Everybody Up (2E) 1 Student Book,352400,371000,5,5,16,247,"Patrick Jackson, Susan Banman Sileci",Oxford University Press,Oxford University Press,9780194105897,Paperback,,2016-03-24,Nhà sách Fahasa,available,1000,True,True,True
643293,Sách Speak Now Level 3 - Student Book And Access Card Pack,290700,306000,5,5,13,62,"Jack C. Richards, David Bohlke",Oxford University Press,,9780194030175,Paperback,,2017-03-01,Nhà sách Fahasa,available,1000,True,True,True
279039227,Sách ngoại văn: Think 5 - Workbook (2nd Edition),144500,149000,3,0,0,0,"Jeff Stranks,  Peter Lewis-Jones",Cambridge University Press,Nhiều Nhà Xuất Bản,9781009434010,Bìa mềm,,2023-12-21,Nhà sách Fahasa,available,1000,True,True,True
279037992,Sách ngoại văn: Cam Primary Path Foundation - Student's Book With Creative Journal,628000,628000,0,0,0,1,nhieu tac gia,Cambridge University Press,Nhiều Nhà Xuất Bản,9781108726894,Bìa mềm,,2023-12-21,Nhà sách Fahasa,available,1000,True,True,True
279032385,Sách ngoại văn: ESP Series - Flash On English For Construction,200700,207000,3,0,0,0,nhieu tac gia,Fahasa,Nhiều Nhà Xuất Bản,9788853629708,Bìa mềm,,2023-12-21,Nhà sách Fahasa,available,1000,True,True,True
279032191,Sách ngoại văn: Compact B2 First - Workbook With Answers Without Audio (3rd Edition),279000,279000,0,0,0,0,Frances Treloar,Cambridge University Press,Cambridge University Press,9781108921916,Bìa mềm,,2023-12-21,Nhà sách Fahasa,available,1000,True,True,True
279031655,Sách ngoại văn: Grammar Goals - Teacher’s Book Level 4 With Class Audio CD (American Edition),433500,447000,3,0,0,0,Anita Heald,Fahasa,Macmillan Education,9780230446342,Bìa mềm,,2023-12-21,Nhà sách Fahasa,available,1000,True,True,True
279029761,Sách ngoại văn: Classic Tales 4 The Goose Girl N/Ed,58900,62000,5,0,0,0,nhieu tac gia,Oxford University Press,Nhiều Nhà Xuất Bản,9780194239462,Bìa mềm,,2023-12-21,Nhà sách Fahasa,available,1000,True,True,True
279027215,Sách ngoại văn: MR; Prisoner Of Zenda The Beg,59100,61000,3,0,0,0,Anthony Hope,Macmillan Publishers,Nhiều Nhà Xuất Bản,9781405072502,Bìa mềm,,2023-12-21,Nhà sách Fahasa,available,1000,True,True,True
279025975,Sách ngoại văn: Speakout Upper Intermediate 2nd Edition Workbook With Key,135800,140000,3,0,0,0,Louis Harrison,Pearson Education,Pearson Longman,9781447977186,Bìa mềm,,2023-12-21,Nhà sách Fahasa,available,1000,True,True,True
278831004,Sách ngoại văn: Reading Explorer 5 - Student's Book With The Spark Platform (Third Edition),438000,438000,0,0,0,0,"Nancy Douglas,  David Bohlke",Cengage,Heinle ELT,9798214085661,Bìa mềm,,2023-12-21,Nhà sách Fahasa,available,1000,True,True,True
277978234,Sách ngoại văn: Keynote Ame - Student's Book + Spark Sticker 1,424800,438000,3,0,0,0,David Bohlke,Cengage,Cengage Learning,9798214333854,Bìa mềm,,2023-12-21,Nhà sách Fahasa,available,1000,True,True,True
276566382,"Pathways Reading, Writing, And Critical Thinking 2 - Student's Book + Spark Sticker (3rd Edition)",430300,453000,5,0,0,4,"Laurie Blass,  Mari Vargo,  Kristin Sherman",Cengage,Cengage Learning,9780357979747,Bìa mềm,,2023-12-21,Nhà sách Fahasa,available,1000,True,True,True
276558102,Sách ôn thi DELF trình độ B1 - DELF TOUT PUBLIC - NOUVEAU FORMAT D'EPREUVES (B1),713000,713000,0,5,1,4,Bruno Mègre,Hachette,Hachette Livre,9782016286593,Bìa mềm,176,2023-06-28,Librairie francaise de Hanoi,available,1000,True,True,True
276478544,Compact B2 - Student Book Without Answers (3rd Edition),420800,443000,5,0,0,2,Peter May,Cambridge University Press,Cambridge University Press,9781009815161,Bìa mềm,,2023-12-21,Nhà sách Fahasa,available,1000,True,True,True
276478541,Think 2 - Workbook (Second Edition),159000,164000,3,0,0,3,"Herbert Puchta,  Jeff Stranks,  Peter Lewis-Jones",Cambridge University Press,Cambridge University Press,9781009433990,Bìa mềm,,2023-12-21,Nhà sách Fahasa,available,1000,True,True,True
276429468,Great Writing 3 - Student's Book + Spark Sticker (5th Edition),416100,438000,5,0,0,7,"Keith Folse,  Elena Vestri Solomon",Cengage,Cengage Learning,9798214333083,Bìa mềm,,2023-12-21,Nhà sách Fahasa,available,1000,True,True,True
276400850,Share It! Level 4 Student Book With Sharebook And Navio App,498700,525000,5,0,0,1,Nicole Taylor,Fahasa,Macmillan Education,9781380023018,Bìa mềm,,2023-12-21,Nhà sách Fahasa,available,1000,True,True,True
275941789,Look And See 3: Flashcards,2753800,2839000,3,0,0,0,Susannah Reed,Cengage,National Geographic,9780357426913,Bìa mềm,,2023-12-21,Nhà sách Fahasa,available,1000,True,True,True
273961106,Sách - Mindset For IELTS Level 2 Student’s Book With Updated Digital Pack,481600,507000,5,5,6,100,"Peter Crosthwaite,  Natasha De Souza,  Marc Loewenthal",Cambridge University Press,Cambridge University Press,9781009470360,Bìa mềm,,2023-12-21,Nhà sách Fahasa,available,1000,True,True,True
270173425,Super Minds Level 6 Student's Book With eBook British English - 2nd Edition,593700,625000,5,0,0,1,"Herbert Puchta,  Peter Lewis-Jones,  Gunter Gerngross",Cambridge University Press,Cambridge University Press,9781108812368,,,,Nhà sách Fahasa,available,1000,True,True,True
263098885,Explore Our World 2: Workbook - 2nd Edition,208000,219000,5,0,0,6,Joan Kang Shin,Cengage,Cengage Learning,9780357049471,,,,Nhà sách Fahasa,available,1000,True,True,True
202242034,Bài tập bổ trợ Tiếng Anh 6 Right On!,89000,89000,0,5,11,626,,CÔNG TY TNHH EDUCATION SOLUTIONS VIỆT NAM,Nhà Xuất Bản Đại Học Huế,9786043377545,Bìa mềm,,2021-06-15,Dtpbooks,available,1000,True,True,True
191780586,National Geographic - Our World 6: Student Book (American English),234700,242000,3,0,0,0,"Crandall, Shin",Cengage,Heinle Cengage,9781133611707,,,,Nhà sách Fahasa,available,1000,True,True,True
191779993,Complete Key For Schools Workbook Without Answers With Audio Download,247000,266000,7,5,1,35,"Emma Heyderman, Sue Elliot",Cambridge University Press,Cambridge University Press,9781108539401,,,,Nhà sách Fahasa,available,1000,True,True,True
185232571,Tiếng Anh 7 Right On! Workbook (Sách bài tập),65000,65000,0,5,11,220,,CÔNG TY TNHH EDUCATION SOLUTIONS VIỆT NAM,Nhà Xuất Bản Đại Học Sư Phạm,9786043099614,,,,Dtpbooks,available,1000,True,True,True
169703095,Academy Stars Level 5 Workbook,206000,206000,0,0,0,8,,CÔNG TY TNHH EDUCATION SOLUTIONS VIỆT NAM,MacMillan,9780230490222,Bìa mềm,,2024-10-11,Dtpbooks,available,1000,True,True,True
168984599,New Amanda & Friends Student's Book Level 2 with Sticker & Pop out,208000,208000,0,5,1,156,,CÔNG TY TNHH EDUCATION SOLUTIONS VIỆT NAM,Nhà Xuất Bản Đại Học Huế,9786049746574,Bìa mềm,,2023-03-15,Dtpbooks,available,1000,True,True,True
168667056,My Phonics 1 The Alphabet Activity Book (Int) With Crossplatform Application,135000,135000,0,0,0,17,,CÔNG TY TNHH EDUCATION SOLUTIONS VIỆT NAM,Express Publishing,9781471563560,Bìa mềm,,2021-04-26,Dtpbooks,available,1000,True,True,True
163544455,Beyond B1 Student's Book Pack,395000,395000,0,0,0,9,,CÔNG TY TNHH EDUCATION SOLUTIONS VIỆT NAM,MacMillan,9780230461321,Bìa mềm,143,,Dtpbooks,available,1000,True,True,True
162399380,Unlock Level 2 Reading and Writing Skills Student's Book and Online Workbook: Level 2,681900,703000,3,0,0,2,,Cambridge University Press,Cambridge University Press,9781107614000,,,,Nhà sách Fahasa,available,1000,True,True,True
151597317,American Jetstream Beginner B Student's book & Workbook ( không kèm CD),207000,207000,0,0,0,8,,CÔNG TY TNHH EDUCATION SOLUTIONS VIỆT NAM,Helbling Languages,9783990458211,,,,Dtpbooks,available,1000,True,True,True
151597256,American Jetstream Elementary A Student's book & Workbook ( không kèm CD),207000,207000,0,5,6,179,,CÔNG TY TNHH EDUCATION SOLUTIONS VIỆT NAM,Helbling Languages,9783990458228,Bìa mềm,,2023-09-01,Dtpbooks,available,1000,True,True,True
115967862,Our Discovery Island American Picture Cards 6,1079600,1224000,12,0,0,0,Pearson,Pearson Education,Pearson,9781447900405,,,,Nhà sách Fahasa,available,1000,True,True,True
115869802,Tiếng Anh 6 Right On - Workbook Student's Book (Sách bài tập),55000,55000,0,5,8,281,,CÔNG TY TNHH EDUCATION SOLUTIONS VIỆT NAM,Nhà Xuất Bản Đại Học Sư Phạm,9786043096019,,,,Dtpbooks,available,1000,True,True,True
107412162,Speakout (2E) advanced: WB+AK,149300,154000,3,5,1,2,"Antonia Clare, Antonia Clare, Antonia Clare",Pearson Education,Pearson Longman,9781447976660,,,,Nhà sách Fahasa,available,1000,True,True,True
106363099,Hooray Let's Play Level A Math & Science Activity Book,152000,152000,0,0,0,10,"Gunter Gerngross, Herbert Puchta",CÔNG TY TNHH EDUCATION SOLUTIONS VIỆT NAM,Helbling Languages,9786049458613,Bìa mềm,126,,Dtpbooks,available,1000,True,True,True
58710914,Pre A1 Starters 3 Answer Booklet: Authentic Examination Papers,50400,52000,3,4.7,3,24,Cambridge University Press,Cambridge University Press,Cambridge University Press,9781108465175,,,,Nhà sách Fahasa,available,1000,True,True,True
55289044,Look 4: Workbook With Online Practice,253600,267000,5,5,2,11,Cengage Learning,Cengage,Cengage Learning,9780357122099,,,,Nhà sách Fahasa,available,1000,True,False,True
55287030,Let's Go: Level 1: Student's Book 5th Edition,200400,211000,5,4.6,10,144,Ritsuko Nakata,Oxford University Press,Oxford University Press,9780194049245,,,,Nhà sách Fahasa,available,1000,True,True,True
25205416,Exploring Reading Book 1,91200,106000,14,0,0,0,",  ,  ,  ,  ,",,,9780000075765,,,,Nhà sách Fahasa,available,1000,True,False,True
22881827,Complete IELTS B1 Student's Book with answer with CD-ROM,265000,307000,14,4.8,492,2716,Mark Harrison,Cambridge,CAMBRIDGE,9781107665774,Bìa mềm,198,,Nhà sách Fahasa,available,1000,True,True,True
279032689,Sách ngoại văn: Ready For Planet English - Pre-Intermediate - Workbook With Digital Book,222100,229000,3,0,0,0,nhieu tac gia,Fahasa,Nhiều Nhà Xuất Bản,9788853633132,Bìa mềm,,2023-12-21,Nhà sách Fahasa,available,1000,True,True,True
279031000,Sách ngoại văn: 15 Minute German - Learn In Just 12 Weeks,301600,311000,3,0,0,0,DK,Penguin Books,Dorling Kindersley,9780241601341,Bìa mềm,,2023-12-21,Nhà sách Fahasa,available,1000,True,True,True
279029650,Sách ngoại văn: Oxford Learner’s Pocket Word Skills,268800,283000,5,0,0,0,nhieu tac gia,Oxford University Press,Nhiều Nhà Xuất Bản,9780194620147,Bìa mềm,,2023-12-21,Nhà sách Fahasa,available,1000,True,True,True
279029112,Sách ngoại văn: Oxford Student's Dictionary 4th Edition,409400,431000,5,0,0,1,nhieu tac gia,Oxford University Press,Nhiều Nhà Xuất Bản,9780194406147,Bìa mềm,,2023-12-21,Nhà sách Fahasa,available,1000,True,True,True
279027075,Sách ngoại văn: 21ST CENTURY COMMUNICATION SB2/STICKER CODE LISTENING SPEAK,375000,375000,0,0,0,0,Jessica Williams,Cengage,Nhiều Nhà Xuất Bản,9781337275811,Bìa mềm,,2023-12-21,Nhà sách Fahasa,available,1000,True,True,True
276675497,Oxf Essential Dictionary (3rd Edition),408500,430000,5,0,0,0,Oxford,Oxford University Press,Oxford University Press,9780194419215,Bìa mềm,,2023-12-21,Nhà sách Fahasa,available,1000,True,True,True
276656986,Team Together Starter - Activity Book,247300,255000,3,0,0,0,Anna Osborn,Pearson Education,Pearson Education Limited,9781292292496,Bìa mềm,,2023-12-21,Nhà sách Fahasa,available,1000,True,True,True
276566363,"Pathways Listening, Speaking, And Critical Thinking 1 - Student's Book + Spark Sticker (3rd Edition)",430300,453000,5,0,0,8,"Mari Vargo,  John Hughes,  Kristin Sherman",Cengage,Heinle ELT,9780357978733,Bìa mềm,,2023-12-21,Nhà sách Fahasa,available,1000,True,True,True
276558053,Sách ôn thi DELF trình độ A1 - DELF TOUT PUBLIC - NOUVEAU FORMAT D'EPREUVES (A1),713000,713000,0,0,0,1,Jack Donnelly,Hachette,Hachette Livre,9782016286579,Bìa mềm,176,2024-07-25,Librairie francaise de Hanoi,available,1000,True,True,True
276429452,Reading Explorer 1 - Student's Book With The Spark Platform (Third Edition),416100,438000,5,0,0,1,David Bohlke,Cengage,Heinle ELT,9798214085623,Bìa mềm,,2023-12-21,Nhà sách Fahasa,available,1000,True,True,True
276429360,Cutting Edge - Student Book And eBook With Digital Resources Level Elementary (3rd Edition),391800,404000,3,0,0,0,Sarah Cunningham,Pearson Education,Pearson,9781292394084,Bìa mềm,,2023-12-21,Nhà sách Fahasa,available,1000,True,True,True
274675305,Complete Preliminary For Schools 2nd Edition Student's Book Without Answers With Online Practice,405600,427000,5,5,3,26,...,Đang cập nhật,Đang cập nhật,9781108539050,Bìa mềm,,2023-12-21,Nhà sách Fahasa,available,1000,True,True,True
274673481,Improve Your Skills: Writing For IELTS 6.0 - 7.5 Student's Book Without Key & MPO Pack,227000,227000,0,0,0,2,...,Đang cập nhật,Đang cập nhật,9780230463387,Bìa mềm,,2023-12-21,Nhà sách Fahasa,available,1000,True,True,True
274419145,Mindset For IELTS Level 3 Student’s Book With Updated Digital Pack,481600,507000,5,5,3,55,"Greg Archer,  Claire Wijayatilake",Cambridge University Press,Cambridge University Press,9781009472340,Bìa mềm,,2023-12-21,Nhà sách Fahasa,available,1000,True,True,True
270174455,Get Ready For Starters/ Movers/ Flyers [Second Edition],475000,475000,0,0,0,7,Petrina Cliff,Cty PHS TP.HCM- Fahasa,Oxford,9780194029452,Bìa mềm,112,2022-06-01,Nhà sách Quốc Việt,available,1000,True,True,True
263569439,American English File 3rd Edition (with Online Practice),179000,179000,0,5,1,5,"Christina Latham-Koenig,  Clive Oxenden,  Jerry Lambert",Cty PHS TP.HCM- Fahasa,Oxford,9780194905947,Bìa mềm,135,2021-06-01,Nhà sách Quốc Việt,available,1000,True,True,True
260811303,Bài tập Bổ trợ Tiếng Anh 8 Right On!,89000,89000,0,5,9,592,,CÔNG TY TNHH EDUCATION SOLUTIONS VIỆT NAM,Nhà Xuất Bản Đại Học Huế,9786043379846,Bìa mềm,,2023-07-01,Dtpbooks,available,1000,True,True,True
237622249,Gateway To The World B1 Student's Book With Student's App And Digital Student's Book,420800,443000,5,5,1,20,David Spencer,Macmillan Publishers,Macmillan Education,9781380042699,,,,Nhà sách Fahasa,available,1000,True,True,True
204056070,Combo Super Minds 4: Student's book + Workbook,305500,315000,3,5,1,10,"Herbert Puchta,  Gunter Gerngross,  Peter Lewis Jones",Cambridge University Press,Cambridge University Press,combo-9781107646841-9781107639454,,,,Nhà sách Fahasa,available,1000,True,True,True
202242036,Học tốt Tiếng Anh 7 i-Learn Smart World,65000,65000,0,4.8,5,210,,CÔNG TY TNHH EDUCATION SOLUTIONS VIỆT NAM,Nhà Xuất Bản Đại Học Huế,9786043377255,Bìa mềm,,,Dtpbooks,available,1000,True,True,True
197652440,Beehive Level 2: Student Book With Online Practice,403700,425000,5,0,0,2,,Oxford University Press,Oxford University Press,9780194845816,,,,Nhà sách Fahasa,available,1000,True,True,True
193109327,Q: Skills For Success: Level 5: Reading And Writing Student Book With iQ Online Practice - 3rd Edition,299200,315000,5,5,3,35,"Nigel Caplan,  Scott Douglas",Oxford University Press,Oxford University Press,9780194903967,,,,Nhà sách Fahasa,available,1000,True,True,True
192989076,Exploring Reading Very Easy 2,174600,180000,3,0,0,0,,"E-Future.Co.,Ltd","E-Future.Co.,Ltd",9788956350882,,,,Nhà sách Fahasa,available,1000,True,True,True
192988762,Our World Starter,192000,198000,3,0,0,4,,Cengage,Cengage Learning,9781305120839,,,,Nhà sách Fahasa,available,1000,True,True,True
192951368,New Close-up B1 With Online Practice And Student's EBook,407500,429000,5,0,0,11,Katherine Stannett,Cengage,Cengage Learning,9780357440117,,,,Nhà sách Fahasa,available,1000,True,True,True
176713937,Time Zones 1: Student's Book With Online Practice,392300,413000,5,5,1,14,,Cengage,National Geographic,9780357421680,,,,Nhà sách Fahasa,available,1000,True,False,True
171312347,Oxford Study Mathematics Dictionary,418000,418000,0,5,1,9,,CÔNG TY TNHH EDUCATION SOLUTIONS VIỆT NAM,Oxford,9780199116881,,,,Dtpbooks,available,1000,True,False,True
163544631,Oxford Learner's Pocket Phrasal Verbs and Idioms,238000,238000,0,5,3,15,,CÔNG TY TNHH EDUCATION SOLUTIONS VIỆT NAM,Oxford University Press,9780194325493,Bìa mềm,288,,Dtpbooks,available,1000,True,True,True
152705206,IELTS Vocabulary For Bands 6.5 And Above With Answers And Downloadable Audio,541500,584000,7,5,24,88,Pauline Cullen,Cambridge University Press,Cambridge University Press,9781108907194,,,2021-11-01,Nhà sách Fahasa,available,1000,True,True,True
122521776,Life BRE Pre-Intermediate Student's Book With App Code + My Life Online Resource Pack,416100,438000,5,5,3,49,Stephenson & Dummett Hughes,Cengage,National Geographic,9781337285841,,,,Nhà sách Fahasa,available,1000,True,True,True
97815356,Our World 1: Student's Book American English 2nd Edition,345800,364000,5,0,0,33,Diane Pinkley; Gabrielle Pritchard,Cengage,Cengage,9780357373521,,,,Nhà sách Fahasa,available,1000,True,True,True
94259805,Reading Explorer 1: Student Book And Online Workbook,400600,413000,3,5,1,25,"David Bohlke, Nancy Douglas",Cengage,Cengage,9780357123515,,,,Nhà sách Fahasa,available,1000,True,True,True
58710892,Prepare A2 Level 2 Workbook With Audio Download,124400,131000,5,5,8,86,"Catherine Smith, Caroline Cooke",Cambridge University Press,Cambridge University Press,9781108919289,,,,Nhà sách Fahasa,available,1000,True,True,True
58705795,Oxford Skills World: Level 1: Reading With Writing Student Book,407500,429000,5,5,1,8,Sarah Jane Lewis-Mantzaris,Oxford University Press,Oxford University Press,9780194113465,,,,Nhà sách Fahasa,available,1000,True,True,True
52259437,Family and Friends: Level 3: Workbook,174800,184000,5,4.7,15,129,Oxford University,Oxford University Press,Oxford University Press,9780194808064,,,,Nhà sách Fahasa,available,1000,True,True,True
24166153,Sách Academy Stars Level 1 Pupils Book Pack,356000,356000,0,5,10,117,Kathryn Harper,Macmillan Education,Macmillan Education,9780230490956,,,,Nhà sách Fahasa,available,1000,True,True,True
22954991,Kid's Box 2nd ed Activity Book with Online Resources Level 1,236500,249000,5,5,10,52,,Cambridge University Press,,9781108653992,,,,Nhà sách Fahasa,available,1000,True,True,True
22865636,The Sense of Style : The Thinking Person's Guide to Writing in the 21st Century,281000,281000,0,5,10,46,Steven Pinker,Penguin Books Ltd,,9780241957714,,,,Nhà sách Fahasa,available,1000,True,True,True
2131697,Sách Solutions (3E) Pre-Intermediate Workbook,275500,290000,5,5,4,76,"Tim Falla, Paul Davies",Oxford University Press,,9780194510592,Paperback,,,Nhà sách Fahasa,available,1000,True,True,True
511477,Sách Family & Friends (2 Ed.) 1: Workbook - Paperback,174800,184000,5,5,12,84,N/A,Oxford University Press,Oxford University Press,9780194808026,Paperback,136,2014-01-23,Nhà sách Fahasa,available,1000,True,True,True
279043216,Sách ngoại văn: ELI Vocabulary In Pictures - English,247300,255000,3,0,0,0,nhieu tac gia,Fahasa,Nhiều Nhà Xuất Bản,9788853644565,Bìa mềm,,2023-12-21,Nhà sách Fahasa,available,1000,True,True,True
279032794,Sách ngoại văn: Discover - B1 Preliminary For Schools - Teacher’s Guide With Tests,302600,312000,3,0,0,0,nhieu tac gia,Fahasa,Nhiều Nhà Xuất Bản,9788853633224,Bìa mềm,,2023-12-21,Nhà sách Fahasa,available,1000,True,True,True
279031706,Sách ngoại văn: Essential Reading - Student Book Level 2 (2nd Edition),212400,219000,3,0,0,0,Jackie McAvoy,Fahasa,Macmillan Education,9780230493995,Bìa mềm,,2023-12-21,Nhà sách Fahasa,available,1000,True,True,True
279029805,Sách ngoại văn: Life 3 Student Book,271600,280000,3,0,0,0,nhieu tac gia,Cengage,Nhiều Nhà Xuất Bản,9781305260375,Bìa mềm,,2023-12-21,Nhà sách Fahasa,available,1000,True,True,True
277978224,Sách ngoại văn: Voices Elementary A2: Workbook With Answer Key,239400,252000,5,0,0,1,Lindsay Clandfield,Cengage,Cengage Learning,9780357442920,Bìa mềm,,2023-12-21,Nhà sách Fahasa,available,1000,True,True,True
277363159,Sách ngoại văn: Reflect Listening & Speaking 5: Student's Book With Online Practice And Student's eBook,452200,476000,5,0,0,1,Jonathan Bygrave,Cengage,Cengage Learning,9780357449219,Bìa mềm,,2023-12-21,Nhà sách Fahasa,available,1000,True,True,True
277180645,Sách ngoại văn: Roadmap Workbook With Key & Online Audio Level B1+,204600,211000,3,0,0,0,Anna Osborn,Pearson Education,Pearson Education,9781292228297,Bìa mềm,,2023-12-21,Nhà sách Fahasa,available,1000,True,True,True
276809554,Sách ngoại văn: Empower B1+ Intermediate - Workbook With Answers (2nd Edition),427700,441000,3,0,0,0,Peter Anderson,Cambridge University Press,Cambridge University Press,9781108961530,Bìa mềm,,2023-12-21,Nhà sách Fahasa,available,1000,True,True,True
276656846,Northstar 3 Reading And Writing - Student Book With Mobile App & Resources (5th Edition),432000,432000,0,0,0,0,Laurie Barton,Pearson Education,Pearson Education,9780135232637,Bìa mềm,,2023-12-21,Nhà sách Fahasa,available,1000,True,True,True
276429482,Great Writing 4 - Student's Book + Spark Sticker (5th Edition),416100,438000,5,5,2,16,"Keith Folse,  Elena Solomon",Cengage,Cengage Learning,9798214333090,Bìa mềm,,2023-12-21,Nhà sách Fahasa,available,1000,True,True,True
276429456,Reading Explorer 3 - Student's Book With The Spark Platform (Third Edition),416100,438000,5,0,0,2,"Nancy Douglas,  David Bohlke",Cengage,Heinle ELT,9798214085647,Bìa mềm,,2023-12-21,Nhà sách Fahasa,available,1000,True,True,True
275786271,i-Learn English for Math 5 Student's Book 2nd Edition,99000,99000,0,5,2,62,nhieu tac gia,CÔNG TY TNHH EDUCATION SOLUTIONS VIỆT NAM,Nhà Xuất Bản Đại Học Huế,9786044890036,Bìa mềm,65,2024-07-10,Dtpbooks,available,1000,True,True,True
274675612,Gold Experience 2nd Edition B1 Student's Book And eBook With Online Practice,588700,607000,3,0,0,3,...,Đang cập nhật,Đang cập nhật,9781292392813,Bìa mềm,,2023-12-21,Nhà sách Fahasa,available,1000,True,True,True
274675365,Look 1: Workbook With The Spark Platform (BRE),253600,267000,5,5,1,2,...,Đang cập nhật,Đang cập nhật,9780357122051,Bìa mềm,,2023-12-21,Nhà sách Fahasa,available,1000,True,True,True
274419141,Look 1 Student Book (British English),300200,316000,5,5,2,9,Katherine Bilsborough,Cengage,National Geographic,9781337710893,Bìa mềm,,2023-12-21,Nhà sách Fahasa,available,1000,True,True,True
270173416,Cambridge Global English Learner's Book 7 With Digital Access (1 Year),772300,837000,8,0,0,9,"Chris Barker,  Libby Mitchell",Cambridge University Press,Cambridge University Press,9781108816588,Bìa cứng,,2024-03-13,Nhà sách Fahasa,available,1000,True,True,True
270053198,A1 Movers Mini Trainer With Audio Download,241500,249000,3,0,0,4,Cambridge University Press,Cambridge University Press,Cambridge University Press,9781108585118,,,,Nhà sách Fahasa,available,1000,True,True,True
270052858,Think Level Starter Student's Book With Workbook Digital Pack British English - 2nd Edition,505400,532000,5,0,0,4,"Herbert Puchta,  Jeff Stranks,  Peter Lewis-Jones",Cambridge University Press,Cambridge University Press,9781009427708,Bìa cứng,,2024-03-13,Nhà sách Fahasa,available,1000,True,True,True
262674152,Explore Our World 4: Workbook - 2nd Edition,208000,219000,5,0,0,7,Joan Kang Shin,Cengage,Cengage Learning,9780357049495,,,,Nhà sách Fahasa,available,1000,True,True,True
214809852,Gateway To The World B1 Workbook With Digital Workbook,283100,298000,5,0,0,14,David Spencer,Macmillan Publishers,Macmillan Education,9781380042682,,,,Nhà sách Fahasa,available,1000,True,True,True
214242728,Look And See 1 AME: Student's Book With Online Practice And Student’s Ebook,345800,364000,5,0,0,6,Susannah Reed,Cengage,National Geographic,9780357650318,,,,Nhà sách Fahasa,available,1000,True,True,True
198925135,Bồi Dưỡng Tiếng Anh 6 i-Learn Smart World,78000,78000,0,5,21,1428,,CÔNG TY TNHH EDUCATION SOLUTIONS VIỆT NAM,Nhà Xuất Bản Đại Học Huế,9786043377576,Bìa mềm,,2023-08-10,Dtpbooks,available,1000,True,True,True
194183628,Jeremy Harmer's 50 Communicative Activities (Cambridge Handbooks For Language Teachers),235700,245000,4,5,2,10,Jeremy Harmer,Cambridge University Press,Cambridge University Press,9781009014120,,,,Nhà sách Fahasa,available,1000,True,True,True
193128796,Next Move Level 6 Student Book + eBook Pack,281300,290000,3,0,0,2,Mary Charrington,Macmillan Publishers,Macmillan Education,9781786329899,,,,Nhà sách Fahasa,available,1000,True,False,True
183111535,Power Up! Start Smart Activity Book,348600,382000,9,0,0,9,Michael Tomlinson,Cambridge University Press,Cambridge University Press,9781108713627,,,,Nhà sách Fahasa,available,1000,True,True,True
163544536,Macmillan Mathematics 4A SB + ebook Pack,341000,341000,0,5,1,3,,CÔNG TY TNHH EDUCATION SOLUTIONS VIỆT NAM,MacMillan,9781380000675,Bìa mềm,111,,Dtpbooks,available,1000,True,True,True
163543405,Story Central Level 5 Activity Book,192000,192000,0,0,0,4,,CÔNG TY TNHH EDUCATION SOLUTIONS VIỆT NAM,MacMillan,9780230452343,Bìa mềm,104,,Dtpbooks,available,1000,True,True,True
116567067,Language Hub Beginner Teacher's Book With Navio App,1102800,1251000,12,0,0,0,Gary Pathare,Macmillan Publishers,Macmillan Education,9781380016522,,,,Nhà sách Fahasa,available,1000,True,True,True
92503680,Backpack Wbk W/ Acd 3,188100,194000,3,0,0,0,Mario Herrera and Diane Pinkley,Pearson Education,Pearson,9780132451048,,,,Nhà sách Fahasa,available,1000,True,False,True
77965641,Oxford Discover Science 2nd Edition: Level 1: Student Book With Online Practice,398000,419000,5,0,0,5,"Zoe Tysoe,  Eloise Vivanco",Oxford University Press,Oxford University Press,9780194056403,,,,Nhà sách Fahasa,available,1000,True,True,True
72707832,IELTS 15 GENERAL TRAINING,140000,140000,0,5,26,122,Cambridge,Công ty Cổ phần Sách Việt Nam,CAMBRIDGE,978-604-77-8392-2,Bìa mềm,140,2020-11-01,SAVINA,available,1000,True,True,True
69838724,Speakout Pre-Intermediate 2nd Edition Students' Book And DVD-ROM Pack,232800,240000,3,4.5,8,39,"Antonia Clare,  Mr J J Wilson",Pearson Education,Pearson Longman,9781292115979,,,,Nhà sách Fahasa,available,1000,True,True,True
67242012,Skillful Second Edition Level 1 Reading & Writing Student's Book + Digital Student's Book Pack,535800,564000,5,5,4,35,David Bohlke,Macmillan Publishers,Macmillan Education,9781380010520,,,,Nhà sách Fahasa,available,1000,True,True,True
55285329,Compact Preliminary For Schools For The Revised Exam From 2020 - Workbook Without Answers With Audio Download,172900,182000,5,5,3,14,Laura Clyde,Cambridge University Press,Cambridge University Press,9781108349109,,,,Nhà sách Fahasa,available,1000,True,True,True
54513364,Improve Your Skills: Use of English for Advanced Student's Book with Key & MPO Pack,161900,184000,12,0,0,11,"Steve Taylore Knowles, Malcolm Mann",Macmillan Publishers,Macmillan Education,9780230461970,,,,Nhà sách Fahasa,available,1000,True,False,True
49378950,Little Hands Student Book 1,364000,364000,0,5,2,5,Efuture Editor,"E-Future.Co.,Ltd","E-Future.Co.,Ltd",9791189906092,,,,Nhà sách Fahasa,available,1000,True,False,True
44860547,Family and Friends: Starter: Class Book,190000,200000,5,4.6,16,174,Naomi Simmons,OUP Oxford,,9780194808354,,,,Nhà sách Fahasa,available,1000,True,True,True
35446258,Sách Breakthrough Plus 2 Student’s Book + Digital Student Book Pack,297700,338000,12,5,1,22,MacMillan,Macmillan Publishers,,9781786329349,,,,Nhà sách Fahasa,available,1000,True,True,True
32222753,English Time 3 Workbook 2Ed,87400,92000,5,5,1,9,,Oxford University Press UK	,,9780194005272,,,,Nhà sách Fahasa,available,1000,True,True,True
22859233,Doodle Town 1 Math Skills Pad,147200,155000,5,5,2,25,Linse Schottman,Macmillan Education,,9780230491724,,,,Nhà sách Fahasa,available,1000,True,True,True
279037850,Sách ngoại văn: Oxford Reading Club 6 Month's Access [Code By Email 3-5 Days],370500,390000,5,0,0,0,nhieu tac gia,Oxford University Press,Nhiều Nhà Xuất Bản,9780194267113,Bìa mềm,,2023-12-21,Nhà sách Fahasa,available,1000,True,True,True
279029897,Sách ngoại văn: Oxford Read and Imagine 2: Sheep in the Snow,72200,76000,5,0,0,0,nhieu tac gia,Oxford University Press,Nhiều Nhà Xuất Bản,9780194723039,Bìa mềm,,2023-12-21,Nhà sách Fahasa,available,1000,True,True,True
279029742,Sách ngoại văn: Oxford Discover 2nd Edition: Level 6: Writing & Spelling Book,177600,187000,5,0,0,0,nhieu tac gia,Oxford University Press,Nhiều Nhà Xuất Bản,9780194052900,Bìa mềm,,2023-12-21,Nhà sách Fahasa,available,1000,True,True,True
279026312,Sách ngoại văn: Family and Friends: Level 3: Workbook & Online Skills Practice Pack,219400,231000,5,0,0,0,Oxford University,Oxford University Press,Oxford University Press,9780194808644,Bìa mềm,,2023-12-21,Nhà sách Fahasa,available,1000,True,True,True
279026212,"Sách ngoại văn: Classic Tales, Second Edition 2: The King Arthur And The Sword",58900,62000,5,0,0,0,Oxford,Oxford University Press,Oxford University Press,9780194239899,Bìa mềm,,2023-12-21,Nhà sách Fahasa,available,1000,True,True,True
276429494,Everyboy Up Starter - Student Book With Online Practice (3rd Edition),325800,343000,5,0,0,1,Susan Banman Sileci,Oxford University Press,Oxford University Press,9780194160865,Bìa mềm,,2023-12-21,Nhà sách Fahasa,available,1000,True,True,True
276429402,Everyboy Up 3 - Student Book With Online Practice (3rd Edition),325800,343000,5,0,0,0,"Patrick Jackson,  Susan Banman Sileci",Oxford University Press,Oxford University Press,9780194161749,Bìa mềm,,2023-12-21,Nhà sách Fahasa,available,1000,True,True,True
275268255,Everybody Up 2E Starter: Workbook,206000,206000,0,0,0,0,nhieu tac gia,CÔNG TY TNHH EDUCATION SOLUTIONS VIỆT NAM,Oxford,9780194106092	,Bìa mềm,,2022-05-18,Dtpbooks,available,1000,True,True,True
274992077,Headway: Intermediate: Student's Book With Online Practice,500600,527000,5,0,0,0,"Liz & John Soars,  Jo McCaul",Oxford University Press,Oxford University Press,9780194529150,Bìa mềm,,2023-12-21,Nhà sách Fahasa,available,1000,True,True,True
274675037,Headway 5th Edition: Pre-Intermediate: Student's Book A With Online Practice (Units 1 - 6),237500,250000,5,0,0,1,...,Đang cập nhật,Đang cập nhật,9780194527736,Bìa mềm,,2023-12-21,Nhà sách Fahasa,available,1000,True,True,True
270052931,American Family And Friends Level 5: Workbook With Online Practice - 2nd Edition,225100,237000,5,0,0,0,Naomi Simmons,Oxford University Press,Oxford University Press,9780194816663,,,,Nhà sách Fahasa,available,1000,True,True,True
249611033,Oxford Discover 2nd Edition: Level 1: Grammar Book,276400,282000,2,0,0,16,Helen Casey,Oxford University Press,Oxford University Press,9780194052658,,,,Nhà sách Fahasa,available,1000,True,True,True
198889648,"Business Result, 2ed Upper-Inter SB with Online Practice",620300,653000,5,5,1,8,John Hughes,Oxford University Press,Oxford University Press,9780194738965,,,,Nhà sách Fahasa,available,1000,True,True,True
198692742,Everybody Up 1: Student Book With Audio CD Pack,358000,358000,0,5,1,1,,CÔNG TY TNHH EDUCATION SOLUTIONS VIỆT NAM,Oxford,9780194103190,,,,Dtpbooks,available,1000,True,True,True
178011752,Business Result: Advanced: Student's Book With Online Practice,620300,653000,5,5,1,10,Kate Baade,Oxford University Press,Oxford University Press,9780194739061,,,,Nhà sách Fahasa,available,1000,True,True,True
171151612,Speak Now 2 Workbook,128000,128000,0,5,9,55,,CÔNG TY TNHH EDUCATION SOLUTIONS VIỆT NAM,Oxford,9780194030533,Bìa mềm,,2017-10-02,Dtpbooks,available,1000,True,True,True
171063723,Phonics Age 3-5,89000,89000,0,0,0,1,,CÔNG TY TNHH EDUCATION SOLUTIONS VIỆT NAM,Collins,9781844198788,,,,Dtpbooks,available,1000,True,True,True
171063684,Maths Age 5-6,89000,89000,0,0,0,0,,CÔNG TY TNHH EDUCATION SOLUTIONS VIỆT NAM,Collins,9781844198818,,,,Dtpbooks,available,1000,True,True,True
171063652,Flashcards - Numbers Ages 3-5,98000,98000,0,5,1,5,,CÔNG TY TNHH EDUCATION SOLUTIONS VIỆT NAM,Collins,9780008201067,,,,Dtpbooks,available,1000,True,True,True
169778557,Macmillan Science 6 Student's Ebook Pack,233000,233000,0,0,0,0,,CÔNG TY TNHH EDUCATION SOLUTIONS VIỆT NAM,MacMillan,9781380000347,Bìa mềm,,2019-09-01,Dtpbooks,available,1000,True,True,True
169714921,Summer Camp Movers - A1,128000,128000,0,4.8,4,28,,CÔNG TY TNHH EDUCATION SOLUTIONS VIỆT NAM,Nhà Xuất Bản Đại Học Huế,9786043370928,,,,Dtpbooks,available,1000,True,True,True
169280375,Everybody Up 4: Student Book With Audio CD Pack,369000,369000,0,3,1,9,,CÔNG TY TNHH EDUCATION SOLUTIONS VIỆT NAM,Oxford,9780194107372,Bìa mềm,,2018-02-05,Dtpbooks,available,1000,True,True,True
168774228,i-Learn Smart Maths Grade 1 Workbook Part 1 ( ENG-VN),104000,104000,0,0,0,37,,CÔNG TY TNHH EDUCATION SOLUTIONS VIỆT NAM,Vietnam News Agency Publishing House,9786049809972,,,,Dtpbooks,available,1000,True,True,True
163544629,Target B1 Preliminary Student’s Book with platform code,316000,316000,0,5,2,10,,CÔNG TY TNHH EDUCATION SOLUTIONS VIỆT NAM,RICHMOND,9788466827669,Bìa mềm,129,,Dtpbooks,available,1000,True,False,True
163544479,Beyond A2+ Student's Book Pack,395000,395000,0,0,0,37,,CÔNG TY TNHH EDUCATION SOLUTIONS VIỆT NAM,MacMillan,9780230461239,Bìa mềm,143,,Dtpbooks,available,1000,True,True,True
151597441,A2 Flyers - Practice Tests 1-5,138000,138000,0,5,10,144,,CÔNG TY TNHH EDUCATION SOLUTIONS VIỆT NAM,Nhà Xuất Bản Đại Học Huế,9786049749810,Bìa mềm,,2021-04-06,Dtpbooks,available,1000,True,True,True
151597210,Practice Test Grade 6,118000,118000,0,5,27,522,,CÔNG TY TNHH EDUCATION SOLUTIONS VIỆT NAM,Nhà Xuất Bản Đại Học Huế,9786049746482,,,,Dtpbooks,available,1000,True,True,True
108710251,Hang Out 2 - Student Book,258000,258000,0,5,10,171,,CÔNG TY TNHH EDUCATION SOLUTIONS VIỆT NAM,Compass Publishing,9781613528389,Bìa mềm,120,,Dtpbooks,available,1000,True,True,True
106363079,Hooray Let's Play Level A Student’s Book (with Songs CD),175000,175000,0,5,2,32,"Herbert Puchta, Gunter Gerngross",CÔNG TY TNHH EDUCATION SOLUTIONS VIỆT NAM,Helbling Languages,9786049458446,Bìa mềm,94,2021-04-02,Dtpbooks,available,1000,True,True,True
106360925,i-Learn Smart Start 3 Student's Book,113000,113000,0,5,7,205,nhieu tac gia,CÔNG TY TNHH EDUCATION SOLUTIONS VIỆT NAM,Nhà Xuất Bản Đại Học Sư Phạm,9786049474170,Bìa mềm,132,2020-03-04,Dtpbooks,available,1000,True,True,True
106215653,Achievers B1+ Workbook,161000,161000,0,0,0,15,.,CÔNG TY TNHH EDUCATION SOLUTIONS VIỆT NAM,RICHMOND,9786049530975,Bìa mềm,148,2020-03-07,Dtpbooks,available,1000,True,True,True
82938691,Cambridge Global English Stage 9 Coursebook with Audio CD: for Cambridge Secondary 1 English as a Second Language (Cambridge International Examinations),656600,677000,3,0,0,0,"Libby Mitchell, Chris Barker",Cambridge University Press,Cambridge University Press,9781107689732,,,,Nhà sách Fahasa,available,1000,True,True,True
69838648,Q: Skills For Success: Level 4: Reading And Writing Student Book With iQ Online Practice - 3rd Edition,299200,315000,5,5,1,44,"Debra Daise,  Charl Norloff",Oxford University Press,Oxford University Press,9780194903950,Bìa mềm,,2019-11-01,Nhà sách Fahasa,available,1000,True,True,True
58710681,English File 4th Edition: Elementary: Student's Book With Online Practice,520600,548000,5,5,7,27,"Clive Oxenden,  Jerry Lambert, Christina Latham-Koenig",Oxford University Press,Oxford University Press,9780194031592,,,,Nhà sách Fahasa,available,1000,True,True,True
58710152,American English File: Level 2: Students Book With Online Practice - 3rd Edition,279300,294000,5,5,8,103,"Clive Oxenden,  Jerry Lambert, Christina de la Mare",Oxford University Press,Oxford University Press,9780194906395,,,,Nhà sách Fahasa,available,1000,True,True,True
55681175,Let's Go: Level 4: Workbook 5th Edition With Online Practice,180500,190000,5,5,4,28,Ritsuko Nakata,Oxford University Press,Oxford University Press,9780194049634,,,,Nhà sách Fahasa,available,1000,True,True,True
2131703,Sách Solutions (3E) Upper Intermediate Student's Book,384700,405000,5,4.8,5,47,"Tim Falla, Paul Davies",Oxford University Press,,9780194506489,Paperback,,,Nhà sách Fahasa,available,1000,True,True,True
643382,Sách Speak Now 3 Workbook,139600,147000,5,5,4,34,,Oxford University Press,,9780194030540,Paperback,,2017-03-01,Nhà sách Fahasa,available,1000,True,True,True
519175,Sách Access US 3A Student'S Book & Workbook,177000,177000,0,5,1,39,Jenny Dooley - Virginia Evans,Oxford University Press,Oxford University Press,9786049454998,Paperback,42,2016-03-25,Dtpbooks,available,1000,True,True,True
511313,Sách Everybody Up 4: Workbook - Paperback,162400,171000,5,4.3,4,22,Susan Banman Sileci  -  Patrick Jackson,Oxford University Press,Oxford University Press,9780194103763,Paperback,80,2011-04-21,Nhà sách Fahasa,available,1000,True,True,True
279046218,Sách ngoại văn: English Goals 4 - Level B1 - Workbook,233700,241000,3,0,0,0,nhieu tac gia,Fahasa,Nhiều Nhà Xuất Bản,9788853641793,Bìa mềm,,2023-12-21,Nhà sách Fahasa,available,1000,True,True,True
279042231,Sách ngoại văn: NorthStar Reading and Writing (5th Edition) Student Book with Mobile App & MyEnglishLab and Resources Level 2,1342400,1384000,3,0,0,0,nhieu tac gia,Pearson Education,Nhiều Nhà Xuất Bản,9780135227008,Bìa mềm,,2023-12-21,Nhà sách Fahasa,available,1000,True,True,True
279040573,Sách ngoại văn: Life Bre 3E Advanced Student's Book + Spark Sticker,399600,412000,3,0,0,0,"John Hughes,  Helen Stephenson,  Paul Dummett",Cengage,Nhiều Nhà Xuất Bản,9798214181202,Bìa mềm,,2023-12-21,Nhà sách Fahasa,available,1000,True,True,True
279032617,Sách ngoại văn: Ready For Planet English - Elementary Teacher's Book Digital Book,383100,395000,3,0,0,0,nhieu tac gia,Fahasa,Nhiều Nhà Xuất Bản,9788853633163,Bìa mềm,,2023-12-21,Nhà sách Fahasa,available,1000,True,True,True
279031798,"Sách ngoại văn: Welcome To Our World 3 With The Spark Platform - Student's Book (BRE, 2nd Edition)",316300,333000,5,0,0,0,Jill Korey O'Sullivan,Cengage,Heinle ELT,9780357543092,Bìa mềm,,2023-12-21,Nhà sách Fahasa,available,1000,True,True,True
279030820,Sách ngoại văn: Global Stage Student's Book And Language Book Level 3 With Navio App,970900,1001000,3,0,0,0,"Katie Foufouti,  Paul Mason",Fahasa,Macmillan Education,9781380084538,Bìa mềm,,2023-12-21,Nhà sách Fahasa,available,1000,True,True,True
279029895,Sách ngoại văn: Share It! Level 1 Workbook,213700,225000,5,0,0,0,nhieu tac gia,Macmillan Publishers,Nhiều Nhà Xuất Bản,9781380022745,Bìa mềm,,2023-12-21,Nhà sách Fahasa,available,1000,True,True,True
279027567,Sách ngoại văn: Our World Ame 1 Workbook,135800,140000,3,0,0,0,Diane Pinkley,Cengage,Nhiều Nhà Xuất Bản,9781285606521,Bìa mềm,,2023-12-21,Nhà sách Fahasa,available,1000,True,True,True
278714309,Sách ngoại văn: Imagine Level 1: Workbook,217500,229000,5,0,0,5,Katherine Bilsborough,Cengage,Cengage Learning,9780357541906,Bìa mềm,,2023-12-21,Nhà sách Fahasa,available,1000,True,True,True
278713898,Sách ngoại văn: Look BRE 2 Workbook With Online Practice,253600,267000,5,0,0,0,Rachel Wilson,Cengage,National Geographic,9780357122044,Bìa mềm,,2023-12-21,Nhà sách Fahasa,available,1000,True,True,True
277995942,Sách ngoại văn: Impact Ame Workbook 4 (2nd Edition),277400,292000,5,0,0,0,...,Cengage,Cengage Learning,9798214175645,Bìa mềm,,2023-12-21,Nhà sách Fahasa,available,1000,True,True,True
277978300,Sách ngoại văn: Shape It! 3 - Workbook,311300,327000,5,0,0,0,Annie Cornford,Cambridge University Press,Cambridge University Press,9781009043038,Bìa mềm,,2023-12-21,Nhà sách Fahasa,available,1000,True,True,True
276809720,Sách ngoại văn: Cam Primary Science 3 - Workbook With Digital Access (1 Year) (2nd Edition),242500,256000,5,0,0,4,Alan Cross,Cambridge University Press,Cambridge University Press,9781108742771,Bìa mềm,,2023-12-21,Nhà sách Fahasa,available,1000,True,True,True
276809716,Sách ngoại văn: Cam Primary Science 3 - Learner's With Digital Access (1 Year) (2nd Edition),492700,521000,5,0,0,2,Alan Cross,Cambridge University Press,Cambridge University Press,9781108742764,Bìa mềm,,2023-12-21,Nhà sách Fahasa,available,1000,True,True,True
276429406,Brighter Ideas 2 - Activity Book,381900,402000,5,0,0,0,Charlotte Covill,Oxford University Press,Oxford University Press,9780194090933,Bìa mềm,,2023-12-21,Nhà sách Fahasa,available,1000,True,True,True
276048634,Interchange Level 2 Workbook (5th Edition),367600,387000,5,0,0,0,"Jack C. Richards,  Jonathan Hull Susan Proctor",Cambridge University Press,Cambridge University Press,9781316622698,Bìa mềm,,2023-12-21,Nhà sách Fahasa,available,1000,True,True,True
274673195,Life Vision Workbook A1/A2 Elementary,273600,288000,5,0,0,0,...,Đang cập nhật,Đang cập nhật,9780194063838,Bìa mềm,,2023-12-21,Nhà sách Fahasa,available,1000,True,True,True
274419130,A2 Key For Schools 2 For The Revised 2020 Exam SB With Answers With Audio With Resource Bank,209900,213000,1,0,0,45,Cambridge Assessment,Cambridge University Press,Cambridge University Press,9781009800754,Bìa mềm,,2023-12-21,Nhà sách Fahasa,available,1000,True,True,True
270797327,English World 3 Pupil's Book With eBook,291600,307000,5,0,0,24,Mary Bowen,Fahasa,Macmillan Education,9781035117185,,,,Nhà sách Fahasa,available,1000,True,True,True
270797323,English World 2 Pupil's Book With eBook,291600,307000,5,5,1,11,Mary Bowen,Fahasa,Macmillan Education,9781035117154,Bìa mềm,,2024-03-13,Nhà sách Fahasa,available,1000,True,True,True
270052823,Prepare Level 8 Student’s Book With eBook,570000,600000,5,5,1,2,"Anthony Cosgrove,  Claire Wijayatilake",Cambridge University Press,Cambridge University Press,9781108913331,,,,Nhà sách Fahasa,available,1000,True,True,True
270052804,Oxford Discover Futures Level 5: Student Book,437900,461000,5,0,0,0,"Fiona Beddall,  Alex Paramour",Oxford University Press,Oxford University Press,9780194114226,,,,Nhà sách Fahasa,available,1000,True,True,True
263961017,Oxford - Let’s Go 5th Edition (with Online Practice),172000,172000,0,0,0,7,Ritsuko Nakata,Cty PHS TP.HCM- Fahasa,Oxford,9780194049276,Bìa mềm,78,2018-06-01,Nhà sách Quốc Việt,available,1000,True,True,True
246773037,Gateway To The World B1+ Workbook With Digital Workbook,283100,298000,5,5,1,10,David Spencer,Macmillan Publishers,Macmillan Education,9781380042873,,,,Nhà sách Fahasa,available,1000,True,True,True
225269677,Personal Best American B1+ Intermediate Pack B,236000,236000,0,4,2,514,,CÔNG TY TNHH EDUCATION SOLUTIONS VIỆT NAM,RICHMOND,9996049809866,Bìa mềm,,2022-09-01,Dtpbooks,available,1000,True,True,True
197657566,i-Learn Smart Start Reader Pack 5 (new),141000,141000,0,0,0,1,,CÔNG TY TNHH EDUCATION SOLUTIONS VIỆT NAM,Vietnam News Agency Publishing House,9990009534000,Bìa mềm,,2020-05-14,Dtpbooks,available,1000,True,False,True
192951201,Reach Higher 2A: Practice Book,257000,292000,12,0,0,0,,Cengage,Cengage Learning,9780357366820,,,,Nhà sách Fahasa,available,1000,True,True,True
192951157,Scott Thornbury's 101 Grammar Questions Pocket Editions: Cambridge Handbooks For Language Teachers,244400,252000,3,5,1,5,Scott Thornbury,Cambridge University Press,Cambridge University Press,9781108701457,,,,Nhà sách Fahasa,available,1000,True,True,True
192173776,New Close-up B1: Workbook 3rd Edition,227000,239000,5,0,0,13,,Cengage Learning,Cengage Learning,9780357434031,,,,Nhà sách Fahasa,available,1000,True,True,True
168712378,Targeting Mathematics Textbook 1A,226000,226000,0,5,3,20,,CÔNG TY TNHH EDUCATION SOLUTIONS VIỆT NAM,Star Publishing,9789814250863,,,,Dtpbooks,available,1000,True,True,True
151597550,Pre A1 Starters - Practice Tests 1-5,108000,108000,0,5,7,96,,CÔNG TY TNHH EDUCATION SOLUTIONS VIỆT NAM,Nhà Xuất Bản Đại Học Huế,9786049749797,,,,Dtpbooks,available,1000,True,True,True
117375196,Team Together Pupil's Book With Digital Resources Pack Level 1,403700,425000,5,0,0,2,Lesley Koustaff,Pearson Education,Pearson Education,9781292310640,,,,Nhà sách Fahasa,available,1000,True,False,True
106225736,i-Learn Smart Science 3 Student Book,134000,134000,0,5,1,8,.,CÔNG TY TNHH EDUCATION SOLUTIONS VIỆT NAM,Vietnam News Agency Publishing House,9786049909559,Bìa mềm,96,,Dtpbooks,available,1000,True,True,True
106208412,Happy Hearts US 1 Pupil's Book (With Stickers),135000,135000,0,5,1,103,Jenny Dooley - Virginia Evans,CÔNG TY TNHH EDUCATION SOLUTIONS VIỆT NAM,Nhà Xuất Bản Đại Học Huế,9786049471322,Bìa mềm,84,2015-12-01,Dtpbooks,available,1000,True,True,True
103474998,Skillful Second Edition Foundation Level Reading & Writing Student's Book + Digital Student's Book Pack,501600,564000,11,5,1,17,David Bohlke,Macmillan Publishers,Macmillan Education,9781380010377,,,,Nhà sách Fahasa,available,1000,True,True,True
65589412,I-Learn Smart Start 2 Workbook Special Edition,77000,77000,0,5,3,220,,CÔNG TY TNHH EDUCATION SOLUTIONS VIỆT NAM,Nhà Xuất Bản Đại Học Sư Phạm,9786049589454,Bìa mềm,,2021-07-28,Dtpbooks,available,1000,True,True,True
58705931,Oxford Discover 2nd Edition: Level 3: Student Book Pack,411300,433000,5,5,3,62,"Charles Vilina, Kathleen Kampa, Kathleen Kampa",Oxford University Press,Oxford University Press,9780194053938,,,,Nhà sách Fahasa,available,1000,True,True,True
44605368,B1 Preliminary for Schools Trainer 1 for the Revised 2020 Exam Six Practice test With Answers and Teacher's Notes With Downloadable Audio,220000,220000,0,5,51,265,Cambridge University Press,Cambridge University Press,,9781108867269,,,,Nhà sách Fahasa,available,1000,True,True,True
31516351,"Cambridge English Empower Upper Intermediate Student's Book with Online Assessment and Practice, and Online Workbook: Upper intermediate",1017500,1154000,12,5,1,3,"Adrian Doff,  Jeff Stranks,  Peter Lewis Jones,  Craig Thaine,  Herbert Puchta",Cambridge University Press,,9781107468757,,,,Nhà sách Fahasa,available,1000,True,True,True
29355032,Cambridge English Young Learners 2 for Revised Exam from 2018 Movers Answer Booklet: Authentic Examination Papers,50300,53000,5,5,10,82,Cambridge University,Cambridge University,,9781316636275,,,,Nhà sách Fahasa,available,1000,True,True,True
276558093,Sách ôn thi DELF trình độ A2- DELF TOUT PUBLIC - NOUVEAU FORMAT D'EPREUVES (A2),713000,713000,0,0,0,1,Jennifer Donnelly,Hachette,Hachette Livre,9782017199526,Bìa mềm,176,2024-01-30,Librairie francaise de Hanoi,available,1000,True,True,True
275110780,Th!nk (Second Edition) - Code For Workbook Digital Pack,544000,544000,0,0,0,0,Herbert Puchta,Cty PHS TP.HCM- Fahasa,CAMBRIDGE,9781009427715,Bìa mềm,128,2023-04-07,Nhà sách Quốc Việt,available,1000,True,True,True
274743100,Skills Builder Flyers 2 - Student's Book (with DigiBooks App),188000,188000,0,5,2,16,nhieu tac gia,CÔNG TY TNHH EDUCATION SOLUTIONS VIỆT NAM,Express Publishing,9781399207133,Bìa mềm,128,2022-09-17,Dtpbooks,available,1000,True,True,True
270053190,American Family And Friends Level 2: Workbook With Online Practice - 2nd Edition,225100,237000,5,5,1,12,Naomi Simmons,Oxford University Press,Oxford University Press,9780194816083,,,,Nhà sách Fahasa,available,1000,True,True,True
263078546,Explore Our World 2: Student's Book 2nd Edition,345800,364000,5,5,1,10,Joan Kang Shin,Cengage,Cengage,9780357373460,,,,Nhà sách Fahasa,available,1000,True,True,True
252851221,Oxford Academic Vocabulary Practice Lower-Intermediate B1 With Key,290700,337000,14,5,1,10,"Julie Moore,  Richard Storton",Oxford University Press,Oxford University Press,9780194000888,,,,Nhà sách Fahasa,available,1000,True,True,True
252540015,Pippa And Pop Level 2 Student's Book With Digital Pack American English,323900,341000,5,5,1,21,"Caroline Nixon,  Michael Tomlinson",Cambridge University Press,Cambridge University Press,9781009403443,Bìa cứng,,2024-03-13,Nhà sách Fahasa,available,1000,True,True,True
200010745,Oxford Discover Futures: Level 1: Student Book,445500,469000,5,5,1,6,Ben Wetz,Oxford University Press,OUP Oxford,9780194114189,,,,Nhà sách Fahasa,available,1000,True,True,True
198925137,i-Learn Smart Start Reader Pack 4,104000,104000,0,0,0,1,,CÔNG TY TNHH EDUCATION SOLUTIONS VIỆT NAM,Vietnam News Agency Publishing House,9990009534020,Bìa mềm,,2020-05-07,Dtpbooks,available,1000,True,True,True
198591323,American English File Level 4: Student Book,440000,440000,0,0,0,3,,CÔNG TY TNHH EDUCATION SOLUTIONS VIỆT NAM,Oxford,9780194774642,,,,Dtpbooks,available,1000,True,True,True
198455777,New Insight Into IELTS Workbook With Answers,369000,369000,0,5,1,7,,CÔNG TY TNHH EDUCATION SOLUTIONS VIỆT NAM,CAMBRIDGE,9780521680905,,,,Dtpbooks,available,1000,True,True,True
197652408,Beehive Level 1: Workbook,285000,300000,5,5,2,6,,Oxford University Press,Oxford University Press,9780194853552,,,,Nhà sách Fahasa,available,1000,True,True,True
193128716,Oxford Discover Science 2nd Edition: Level 4: Student Book With Online Practice,398000,419000,5,0,0,1,,Oxford University Press,Oxford University Press,9780194056557,,,,Nhà sách Fahasa,available,1000,True,True,True
191778971,School Phonics Workbook 2,111000,111000,0,5,1,3,e-future,"E-Future.Co.,Ltd","E-Future.Co.,Ltd",9791156809562,,,,Nhà sách Fahasa,available,1000,True,True,True
185232573,Tiếng Anh 3 i-Learn Smart Start Student's Book (Sách học sinh),77758,77758,0,5,11,586,,CÔNG TY TNHH EDUCATION SOLUTIONS VIỆT NAM,Nhà Xuất Bản Đại Học Sư Phạm,9786043099287,Bìa mềm,,2023-01-04,Dtpbooks,available,1000,True,True,True
185191998,"Tiếng Anh 2 i-Learn Smart Start pack 1 (SB, WB, NB)",145000,145000,0,5,17,578,,CÔNG TY TNHH EDUCATION SOLUTIONS VIỆT NAM,Nhà Xuất Bản Đại Học Sư Phạm,9996043094056,Bìa mềm,,2022-06-07,Dtpbooks,available,1000,True,True,True
171289206,Learn with Ollie 3 Teacher's Book,568000,568000,0,0,0,3,,CÔNG TY TNHH EDUCATION SOLUTIONS VIỆT NAM,RICHMOND,9788466829519,,,,Dtpbooks,available,1000,True,True,True
171063710,New English File Pre-Intermediate: Workbook and MultiROM pack,145000,145000,0,0,0,6,,CÔNG TY TNHH EDUCATION SOLUTIONS VIỆT NAM,Oxford University Press,9780194387699,,,,Dtpbooks,available,1000,True,True,True
169778464,Macmillan Science 1 Workbook,212000,212000,0,0,0,4,,CÔNG TY TNHH EDUCATION SOLUTIONS VIỆT NAM,MacMillan,9780230028395,,,,Dtpbooks,available,1000,True,True,True
169603492,i-Learn Smart Maths Grade 2 Workbook Part 1 ( ENG-VN),104000,104000,0,4.8,4,126,,CÔNG TY TNHH EDUCATION SOLUTIONS VIỆT NAM,Vietnam News Agency Publishing House,9786049809897,,,,Dtpbooks,available,1000,True,True,True
168666490,My Phonics 2 Pupil's Book (Int) With Crossplatform Application,151000,151000,0,0,0,11,,CÔNG TY TNHH EDUCATION SOLUTIONS VIỆT NAM,Express Publishing,9781471563669,Bìa mềm,,2020-03-09,Dtpbooks,available,1000,True,True,True
168666481,My Phonics 3 Activity Book (Int) With Crossplatform Application,135000,135000,0,0,0,6,,CÔNG TY TNHH EDUCATION SOLUTIONS VIỆT NAM,Express Publishing,9781471563683,,,,Dtpbooks,available,1000,True,True,True
163544427,Beyond B1+ Workbook,251000,251000,0,5,2,9,,CÔNG TY TNHH EDUCATION SOLUTIONS VIỆT NAM,MacMillan,9780230460201,Bìa mềm,128,,Dtpbooks,available,1000,True,True,True
151597548,American Jetstream Intermediate B Student's book & Workbook ( không kèm CD),207000,207000,0,5,14,152,,CÔNG TY TNHH EDUCATION SOLUTIONS VIỆT NAM,Helbling Languages,9783990458273,Bìa mềm,,2022-01-04,Dtpbooks,available,1000,True,True,True
116567101,American Family And Friends Level 1: Workbook With Online Practice,225100,237000,5,3.5,2,62,"Jenny Quintana,  Tamzin Thompson, Naomi Simmons",Oxford University Press,Oxford University Press,9780194815864,,,,Nhà sách Fahasa,available,1000,True,True,True
115968513,Q: Skills For Success: Intro Level: Listening and Speaking Student Book With iQ Online Practice,299200,315000,5,5,2,10,"Mari Vargo, Kevin McClure,  Kristin Sherman",Oxford University Press,Oxford University Press,9780194905121,,,,Nhà sách Fahasa,available,1000,True,True,True
108710197,Hang Out 1 - Student Book,258000,258000,0,5,13,231,,CÔNG TY TNHH EDUCATION SOLUTIONS VIỆT NAM,Compass Publishing,9781613528372,Bìa mềm,120,2022-06-13,Dtpbooks,available,1000,True,True,True
106361008,Career Paths Law (Esp) Student's Book With Crossplatform Application,235000,235000,0,4.5,2,24,"Jenny Dooley - Virginia Evans, Virginia Evans - Jenny Dooley, Jenny Dooley, Virginia Evans",CÔNG TY TNHH EDUCATION SOLUTIONS VIỆT NAM,Express Publishing,9780857778161,Bìa mềm,120,2018-05-10,Dtpbooks,available,1000,True,True,True
106360140,Access Grade 6 Student's Book,214000,214000,0,5,8,176,"Jenny Dooley , Virginia Evans",CÔNG TY TNHH EDUCATION SOLUTIONS VIỆT NAM,Express Publishing,9786049457968,Bìa mềm,144,,Dtpbooks,available,1000,True,True,True
106225742,i-Learn Smart World 7 Workbook,82000,82000,0,5,13,126,.,CÔNG TY TNHH EDUCATION SOLUTIONS VIỆT NAM,Nhà Xuất Bản Đại Học Sư Phạm,9786049477959,Bìa mềm,104,,Dtpbooks,available,1000,True,True,True
106225668,i-Learn Smart World 9 Workbook,82000,82000,0,5,2,134,.,CÔNG TY TNHH EDUCATION SOLUTIONS VIỆT NAM,Nhà Xuất Bản Đại Học Sư Phạm,9786049479434,Bìa mềm,104,,Dtpbooks,available,1000,True,True,True
106225650,i-Learn Smart Start 5 Workbook,88000,88000,0,5,1,114,.,CÔNG TY TNHH EDUCATION SOLUTIONS VIỆT NAM,Nhà Xuất Bản Đại Học Sư Phạm,9786049474217,Bìa mềm,124,,Dtpbooks,available,1000,True,True,True
106208418,Access Grade 9 Workbook,112000,112000,0,5,2,41,Jenny Dooley - Virginia Evans,CÔNG TY TNHH EDUCATION SOLUTIONS VIỆT NAM,Express Publishing,9786049458033,Bìa mềm,88,2023-04-14,Dtpbooks,available,1000,True,True,True
94259793,Our World 2 Workbook 2nd Edition (American English),208000,219000,5,0,0,24,Florent Crandall Shi,Cengage,Cengage,9780357032374,,,2024-03-13,Nhà sách Fahasa,available,1000,True,True,True
58705935,Oxford Discover: Level 3: Workbook with Online Practice - 2nd Edition,445500,469000,5,4,4,42,Elise Pritchard,Oxford University Press,Oxford University Press,9780194053952,,,,Nhà sách Fahasa,available,1000,True,True,True
58705925,Oxford Discover 2nd Edition: Level 2: Student Book Pack,411300,433000,5,4,5,52,"Susan Rivers, Lesley Koustaff",Oxford University Press,Oxford University Press,9780194053907,,,,Nhà sách Fahasa,available,1000,True,True,True
55681156,Let's Go: Level 4: Student Book - 5th Edition,200400,211000,5,5,6,39,"Barbara Hoskins,  Karen Frazier, Ritsuko Nakata",Oxford University Press,Oxford University Press,9780194049603,,,,Nhà sách Fahasa,available,1000,True,True,True
54423080,AM F & F 4: WORKBOOK,174800,184000,5,0,0,4,Naomi Simmons,Oxford University Press,Oxford University Press,9780194816441,,,,Nhà sách Fahasa,available,1000,True,True,True
54423039,AM F & F 1: STUDENT BOOK,219400,231000,5,5,7,115,Naomi Simmons,Oxford University Press,Oxford University Press,9780194815857,Bìa mềm,,2015-03-02,Nhà sách Fahasa,available,1000,True,True,True
22955736,Think Student's Book Level 4 (B2),211800,245000,14,5,3,19,Herbert Puchta,Cambridge University Press,,9781108700764,,,,Nhà sách Fahasa,available,1000,True,True,True
279046452,Sách ngoại văn: English With Games And Activities 3 - Level B1/B2 With Digital Resources,265700,274000,3,0,0,0,nhieu tac gia,Fahasa,Nhiều Nhà Xuất Bản,9788853640420,Bìa mềm,,2023-12-21,Nhà sách Fahasa,available,1000,True,True,True
279046442,Sách ngoại văn: English Goals 4 - Level B1 - Student’s Book,369500,381000,3,0,0,0,nhieu tac gia,Fahasa,Nhiều Nhà Xuất Bản,9788853641755,Bìa mềm,,2023-12-21,Nhà sách Fahasa,available,1000,True,True,True
279044870,Sách ngoại văn: ELI Language Games - The Debate Is Open! - Level B1,427700,441000,3,0,0,0,nhieu tac gia,Fahasa,Nhiều Nhà Xuất Bản,9788853643537,Bìa mềm,,2023-12-21,Nhà sách Fahasa,available,1000,True,True,True
279043783,Sách ngoại văn: English Goals 2 - Level A1 - Teacher's Book,405400,418000,3,0,0,0,nhieu tac gia,Fahasa,Nhiều Nhà Xuất Bản,9788853641816,Bìa mềm,,2023-12-21,Nhà sách Fahasa,available,1000,True,True,True
279041476,Sách ngoại văn: 1200 Words For Tests Flyers 2,171600,177000,3,0,0,0,e-future,"E-Future.Co.,Ltd",Nhiều Nhà Xuất Bản,9791194672258,Bìa mềm,,2023-12-21,Nhà sách Fahasa,available,1000,True,True,True
279033072,Sách ngoại văn: Cutting Edge 3rd Edition Student Book And EBook With Digital Resources Level Intermediate,355900,367000,3,0,0,0,nhieu tac gia,Pearson Education,Nhiều Nhà Xuất Bản,9781292394121,Bìa mềm,,2023-12-21,Nhà sách Fahasa,available,1000,True,True,True
279032800,Sách ngoại văn: Ready For Planet English - Elementary - Student's Book With Digital Book,286100,295000,3,0,0,0,nhieu tac gia,Fahasa,Nhiều Nhà Xuất Bản,9788853633101,Bìa mềm,,2023-12-21,Nhà sách Fahasa,available,1000,True,True,True
279030678,Sách ngoại văn: Give Me Five! Level 1 Flashcards,996100,1027000,3,0,0,0,"Donna Shaw,  Joanne Ramsden",Fahasa,Macmillan Education,9781380024909,Bìa mềm,,2023-12-21,Nhà sách Fahasa,available,1000,True,True,True
279030271,Sách ngoại văn: Reflect Reading & Writing 3: Student's Book With Online Practice And Student's eBook,411300,433000,5,0,0,0,nhieu tac gia,Cengage,Nhiều Nhà Xuất Bản,9780357448564,Bìa mềm,,2023-12-21,Nhà sách Fahasa,available,1000,True,True,True
279030267,Sách ngoại văn: Global Stage Literacy Book And Language Book Level 5,701300,723000,3,0,0,0,nhieu tac gia,Macmillan Publishers,Nhiều Nhà Xuất Bản,9781380002570,Bìa mềm,,2023-12-21,Nhà sách Fahasa,available,1000,True,True,True
279029060,Sách ngoại văn: ESP Series - Flash On English For Mechanics & Electronics (2nd Edition),200700,207000,3,0,0,0,nhieu tac gia,Fahasa,Nhiều Nhà Xuất Bản,9788853621801,Bìa mềm,,2023-12-21,Nhà sách Fahasa,available,1000,True,True,True
279027317,Sách ngoại văn: Active Skills for Reading Book 2 - Audio CDs,329800,340000,3,0,0,0,Neil J. Anderson,Cengage,Nhiều Nhà Xuất Bản,9781133308058,Bìa mềm,,2023-12-21,Nhà sách Fahasa,available,1000,True,True,True
278967638,Sách ngoại văn: Reading Explorer Foundation - Student’s Book With The Spark Platform,424800,438000,3,0,0,0,"Becky Tarver Chase,  David Bohlke",Cengage,Nhiều Nhà Xuất Bản,9798214085616,Bìa mềm,,2023-12-21,Nhà sách Fahasa,available,1000,True,True,True
278434018,Sách ngoại văn: Oxford Learner's Pocket Grammar,152000,160000,5,0,0,1,John Eastwood,Oxford University Press,Oxford,9780194336840,Bìa mềm,,2023-12-21,Nhà sách Fahasa,available,1000,True,True,True
278235876,Sách ngoại văn: B1 Preliminary For Schools - Trainer 2 Without Anwers,323000,340000,5,0,0,0,Cambridge University,Fahasa,Cambridge University Press,9781009826525,Bìa mềm,,2023-12-21,Nhà sách Fahasa,available,1000,True,True,True
276684853,Reach For The Stars A With The Spark Platform - Student's Book With Ebook Sticker Code,407500,429000,5,0,0,0,Lada Kratky,Cengage,Heinle ELT,9780357855119,Bìa mềm,,2023-12-21,Nhà sách Fahasa,available,1000,True,True,True
276566336,Grammar Goals 1 - Pupil's Book With eBook And Student's Resource Centre Pack,328800,339000,3,5,1,1,"Nicole Taylor,  Michael Watts",Fahasa,Macmillan _,9781035134755,Bìa mềm,,2023-12-21,Nhà sách Fahasa,available,1000,True,True,True
276429356,Cutting Edge - Student Book And eBook With Digital Resources Level Starter (3rd Edition),391800,404000,3,0,0,0,"Sarah Cunningham,  Peter Moor",Pearson Education,Pearson,9781292394060,Bìa mềm,,2023-12-21,Nhà sách Fahasa,available,1000,True,True,True
275005705,Reflect Listening & Speaking 1: Student's Book With Online Practice And Student's eBook,452200,476000,5,5,1,3,...,Cengage,Cengage Learning,9780357449172,Bìa mềm,,2023-12-21,Nhà sách Fahasa,available,1000,True,True,True
274677599,Gateway To The World B2 Workbook With Digital Workbook,283100,298000,5,0,0,20,...,Đang cập nhật,Đang cập nhật,9781380043078,Bìa mềm,,2023-12-21,Nhà sách Fahasa,available,1000,True,True,True
274673890,Gateway To The World B2+ Workbook With Digital Workbook,283100,298000,5,0,0,2,...,Đang cập nhật,Đang cập nhật,9781380043276,Bìa mềm,,2023-12-21,Nhà sách Fahasa,available,1000,True,True,True
274673228,Life Vision Student Book With Online Practice A1/A2 Elementary,331500,349000,5,0,0,4,...,Đang cập nhật,Đang cập nhật,9780194079983,Bìa mềm,,2023-12-21,Nhà sách Fahasa,available,1000,True,True,True
270053062,Explore Our World Starter: Workbook - 2nd Edition,208000,219000,5,0,0,1,Diane Pinkley,Cengage,Cengage Learning,9780357049532,,,,Nhà sách Fahasa,available,1000,True,True,True
262674146,Our World American English 3: Student's Book With Online Practice 2nd Edition,345800,364000,5,0,0,16,Rob Sved,Cengage,Cengage,9780357373545,,,,Nhà sách Fahasa,available,1000,True,True,True
262037930,A2 Flyers Mini Trainer With Audio Download,241500,249000,3,0,0,6,Frances Treloar,Cambridge University Press,Cambridge University Press,9781108641777,,,,Nhà sách Fahasa,available,1000,True,True,True
252540017,Pippa And Pop Level 1 Student's Book With Digital Pack American English,323900,341000,5,0,0,19,"Caroline Nixon,  Michael Tomlinson",Cambridge University Press,Cambridge University Press,9781009403436,Bìa cứng,,2024-03-13,Nhà sách Fahasa,available,1000,True,True,True
204055788,Combo Prepare A1 Level 1: Student's Book + Workbook With Audio Download,364800,384000,5,5,4,52,Nhiều tác giả,Cambridge University Press,Cambridge University Press,combo-9781108825931-9781108919272,,,,Nhà sách Fahasa,available,1000,True,True,True
192989091,Optimise B1+ SB Pk,340400,351000,3,0,0,0,"Malcolm Mann,  Steve Taylore-Knowles",Macmillan Publishers,Macmillan ELT,9780230488625,,,,Nhà sách Fahasa,available,1000,True,False,True
192951523,Reach Higher 1A: Practice Book,283200,292000,3,0,0,0,,Cengage,Cengage Learning,9780357366554,,,,Nhà sách Fahasa,available,1000,True,True,True
191780626,Our World American English 1 Workbook With Audio CD,192000,198000,3,0,0,0,Cengage Learning,Cengage,Cengage Learning,9781133945123,,,,Nhà sách Fahasa,available,1000,True,True,True
171063657,First English Words (with Audio Cd),279000,279000,0,0,0,3,,CÔNG TY TNHH EDUCATION SOLUTIONS VIỆT NAM,Collins,9780007431571,,,,Dtpbooks,available,1000,True,True,True
169517379,Career Paths Agricultural Engineering (Esp) Student'S Pack,235000,235000,0,3,1,4,,CÔNG TY TNHH EDUCATION SOLUTIONS VIỆT NAM,Express Publishing,9781471535284,Bìa mềm,,2018-05-16,Dtpbooks,available,1000,True,True,True
164323279,Reading Explorer 5: Student Book And Online Workbook Sticker,400600,413000,3,5,2,14,"Nancy Douglas,  David Bohlke",Cengage,Cengage,9780357124741,,,,Nhà sách Fahasa,available,1000,True,True,True
116567350,In Company 3.0 Pre-intermediate Teacher's Book Premium Plus Pack,707100,802000,12,0,0,0,John Allison,Macmillan Publishers,Macmillan Education,9781380000378,,,,Nhà sách Fahasa,available,1000,True,True,True
58903440,A1 Movers 3 Answer Booklet: Authentic Examination Papers,51400,53000,3,5,7,41,Cambridge University Press,Cambridge University Press,Cambridge University Press,9781108465182,,,,Nhà sách Fahasa,available,1000,True,True,True
55285891,Look 3: Workbook With Online Practice,253600,267000,5,5,2,29,Cengage Learning,Cengage,Cengage Learning,9780357122105,,,,Nhà sách Fahasa,available,1000,True,True,True
49378809,Cambridge English Prepare! Level 5 Workbook With Audio - FAHASA Reprint,101800,116000,12,4.8,4,44,"Annette Capel, Niki Joseph",Cambridge University Press,Cambridge University Press,9781316611524,,,,Nhà sách Fahasa,available,1000,True,True,True
25980675,Kid's Box 2nd ed Activity Book with Online Resources Level 5,236500,249000,5,5,5,42,"Michael Tomlinson, Caroline Nixon",Cambridge University Press,,9781108569040,,,,Nhà sách Fahasa,available,1000,True,True,True
23437991,Face2Face Int WB ,51400,58000,11,4.5,2,27,"Gillie Cunningham, Chris Redston",Cambridge,Đang cập nhật,9780521732857,,,,Nhà sách Fahasa,available,1000,True,False,True
22966652,Market Leader 3Rd Edition Advanced Practice File & Practice File Cd Pack,178400,202000,12,5,3,13,John Rogers,Pearson,,9781408237045,,,,Nhà sách Fahasa,available,1000,True,True,True
279040960,Sách ngoại văn: Little Blue Dot 3 - Student Book With App,324900,342000,5,0,0,0,Margaret Whitfield,Oxford University Press,Nhiều Nhà Xuất Bản,9780194862950,Bìa mềm,,2023-12-21,Nhà sách Fahasa,available,1000,True,True,True
279031062,Sách ngoại văn: Everybody Up 2 Teachers Book Pack (2nd Edition),605100,637000,5,0,0,0,"Patrick Jackson,  Susan Banman Sileci",Oxford University Press,Oxford University Press,9780194635639,Bìa mềm,,2023-12-21,Nhà sách Fahasa,available,1000,True,True,True
279030012,Sách ngoại văn: Classic Tales 1 Lownu Mends the Sky N/Ed,58900,62000,5,0,0,0,nhieu tac gia,Oxford University Press,Nhiều Nhà Xuất Bản,9780194238502,Bìa mềm,,2023-12-21,Nhà sách Fahasa,available,1000,True,True,True
279030000,Sách ngoại văn: Story Central Level 1 Student's Book + Ebook Pack,289000,298000,3,0,0,0,nhieu tac gia,CÔNG TY TNHH EDUCATION SOLUTIONS VIỆT NAM,Nhiều Nhà Xuất Bản,9781786329486,Bìa mềm,,2023-12-21,Nhà sách Fahasa,available,1000,True,True,True
279026519,Sách ngoại văn: Cambridge Global English Starters Learner's Book B,279000,279000,0,0,0,0,"Kathryn Harper,  Gabrielle Pritchard",Cambridge University Press,Cambridge University Press,9781108700030,Bìa mềm,,2023-12-21,Nhà sách Fahasa,available,1000,True,True,True
279026428,Sách ngoại văn: Life Vision Workbook A2/B1 Pre-Intermediate,248900,262000,5,0,0,0,Helen Halliwell,Oxford University Press,Oxford University Press,9780194063067,Bìa mềm,,2023-12-21,Nhà sách Fahasa,available,1000,True,True,True
279026408,Sách ngoại văn: Magic Adventures - Graded Comic Readers: Level 1-5: Bella's Big Day + ACD,96000,96000,0,0,0,0,Jason wilburn,"E-Future.Co.,Ltd",E.Future,9788956357508,Bìa mềm,,2023-12-21,Nhà sách Fahasa,available,1000,True,True,True
277504495,Tiếng Anh 1 Extra and Friends - Activity book (Sách bài tập),55000,55000,0,0,0,26,nhieu tac gia,CÔNG TY TNHH EDUCATION SOLUTIONS VIỆT NAM,Nhà Xuất Bản Đại Học Sư Phạm TPHCM,9786043678307,Bìa mềm,84,2025-03-10,Dtpbooks,available,1000,True,True,True
276429450,Brighter Ideas 1 - Student Book With Online Practice,477800,503000,5,0,0,0,Cheryl Palin,Oxford University Press,Oxford University Press,9780194090346,Bìa mềm,,2023-12-21,Nhà sách Fahasa,available,1000,True,True,True
275941999,Foundation IELTS Masterclass: Student's Book with Online Practice,678300,714000,5,0,0,2,"Nick Thorner, Louis Rogers",Oxford University Press,Oxford University Press,9780194705295,Bìa mềm,,2023-12-21,Nhà sách Fahasa,available,1000,True,True,True
270053288,American English File 3rd Edition: Level 4: Student Book With Online Practice,294000,294000,0,5,1,9,"Christina Latham-Koenig,  Clive Oxenden,  Kate Chomacki",Oxford University Press,Oxford University Press,9780194906852,,,,Nhà sách Fahasa,available,1000,True,True,True
208271126,English File: Advanced: Student's Book With Online Practice,520600,548000,5,0,0,3,"Christina Latham-Koenig,  Clive Oxenden,  Jerry Lambert",Oxford University Press,Oxford University Press,9780194038355,,,,Nhà sách Fahasa,available,1000,True,True,True
198735799,Solutions 2E Advanced Student's Book,418000,418000,0,0,0,1,,CÔNG TY TNHH EDUCATION SOLUTIONS VIỆT NAM,Oxford,9780194552905,,,,Dtpbooks,available,1000,True,False,True
198735791,Solutions 2E Upper Intermediate Workbook and CD Pack,288000,288000,0,0,0,1,,CÔNG TY TNHH EDUCATION SOLUTIONS VIỆT NAM,Oxford,9780194553681,,,,Dtpbooks,available,1000,True,False,True
192908969,i-Learn Smart Start Grade 3 Student's Book - Special Edition,120200,124000,3,0,0,4,,CÔNG TY TNHH EDUCATION SOLUTIONS VIỆT NAM,Nhà Xuất Bản Đại Học Sư Phạm,9786049905766,,,,Nhà sách Fahasa,available,1000,True,True,True
185243207,Tiếng Anh 10 i-Learn Smart World Student's Book (Sách học sinh),71684,71684,0,5,9,217,,CÔNG TY TNHH EDUCATION SOLUTIONS VIỆT NAM,Nhà Xuất Bản Đại Học Huế,9786043374926,Bìa mềm,,2022-01-04,Dtpbooks,available,1000,True,True,True
173831569,First Friends 2E 2 ClassBook,122000,122000,0,0,0,21,,CÔNG TY TNHH EDUCATION SOLUTIONS VIỆT NAM,Oxford,9780194432481,,,,Dtpbooks,available,1000,True,True,True
171289184,Learn with Ollie Story Cards 3,320000,320000,0,5,1,6,,CÔNG TY TNHH EDUCATION SOLUTIONS VIỆT NAM,RICHMOND,8431300991385,Bìa mềm,,2019-11-28,Dtpbooks,available,1000,True,True,True
171213021,"Collins Easy Learning Preschool - Shapes, Colours and Patterns Ages 3-5",69000,69000,0,5,2,11,,CÔNG TY TNHH EDUCATION SOLUTIONS VIỆT NAM,HarperCollins,9780008151577,,,,Dtpbooks,available,1000,True,True,True
171212969,Collins Practice Basic Skills Maths Book 4,89000,89000,0,0,0,1,,CÔNG TY TNHH EDUCATION SOLUTIONS VIỆT NAM,HarperCollins,9780007505500,,,,Dtpbooks,available,1000,True,True,True
171063772,New English File Intermediate: Workbook and MultiROM pack,145000,145000,0,0,0,6,,CÔNG TY TNHH EDUCATION SOLUTIONS VIỆT NAM,Oxford University Press,9780194518079,,,,Dtpbooks,available,1000,True,True,True
171063743,Numbers Age 3-5,89000,89000,0,0,0,0,,CÔNG TY TNHH EDUCATION SOLUTIONS VIỆT NAM,Collins,9781844198795,,,,Dtpbooks,available,1000,True,True,True
171063713,Insight: Advanced Student's Book,467000,467000,0,0,0,12,,CÔNG TY TNHH EDUCATION SOLUTIONS VIỆT NAM,Oxford University Press,9780194011105,,,,Dtpbooks,available,1000,True,True,True
171022120,New Cambridge Igcse Ict Revision Guide,99000,99000,0,5,1,8,,CÔNG TY TNHH EDUCATION SOLUTIONS VIỆT NAM,CAMBRIDGE,9780008210373,,,,Dtpbooks,available,1000,True,True,True
169747902,Cambridge Checkpoint English Revision Guide for the Cambridge Secondary 1 Test,568000,568000,0,5,1,8,,CÔNG TY TNHH EDUCATION SOLUTIONS VIỆT NAM,Hodder Education,9781444180725,,,,Dtpbooks,available,1000,True,True,True
169280399,Everybody Up 2E Starter: Student Book,328000,328000,0,0,0,4,,CÔNG TY TNHH EDUCATION SOLUTIONS VIỆT NAM,Oxford,9780194105880,,,,Dtpbooks,available,1000,True,True,True
169280356,Everybody Up 2: Student Book With Audio CD Pack,348000,348000,0,4.8,4,31,,CÔNG TY TNHH EDUCATION SOLUTIONS VIỆT NAM,Oxford,9780194103374,,,,Dtpbooks,available,1000,True,True,True
168774212,i-Learn Smart Maths Grade 2 Student's Book Part 1 ( ENG-VN),156000,156000,0,4.8,6,120,,CÔNG TY TNHH EDUCATION SOLUTIONS VIỆT NAM,Vietnam News Agency Publishing House,9786049809910,,,,Dtpbooks,available,1000,True,True,True
163544613,Target B1 Preliminary Workbook,193000,193000,0,0,0,5,,CÔNG TY TNHH EDUCATION SOLUTIONS VIỆT NAM,RICHMOND,9788466827713,Bìa mềm,56,,Dtpbooks,available,1000,True,False,True
163544498,American Family & Friends 2E 5 Workbook,156000,156000,0,0,0,3,,CÔNG TY TNHH EDUCATION SOLUTIONS VIỆT NAM,Oxford University Press,9780194816632,Bìa mềm,136,,Dtpbooks,available,1000,True,True,True
163544449,Story Central Level 2 Activity Book,192000,192000,0,0,0,14,,CÔNG TY TNHH EDUCATION SOLUTIONS VIỆT NAM,MacMillan,9780230452077,Bìa mềm,104,,Dtpbooks,available,1000,True,True,True
151597229,i-Learn Smart Start 3B Student Book & Workbook (Revised Edition),134000,134000,0,5,1,58,,CÔNG TY TNHH EDUCATION SOLUTIONS VIỆT NAM,Nhà Xuất Bản Đại Học Sư Phạm,9786049745188,,,,Dtpbooks,available,1000,True,True,True
58710720,English File 4th Edition: Intermediate: Student's Book With Online Practice,520600,548000,5,5,3,20,"Clive Oxenden,  Kate Chomacki, Christina Latham-Koenig",Oxford University Press,Oxford University Press,9780194035910,,,,Nhà sách Fahasa,available,1000,True,True,True
58705814,American English File: Level 3: Students Book With Online Practice - 3rd Edition,279300,294000,5,0,0,29,"Clive Oxenden,  Jerry Lambert, Christina de la Mare",Oxford University Press,Oxford University Press,9780194906623,,,,Nhà sách Fahasa,available,1000,True,True,True
49961253,"Business Result, 2ed Pre-Inter SB with Online Practice",620300,653000,5,5,2,15,David Grant,Oxford University Press,Oxford University Press,9780194738767,,,,Nhà sách Fahasa,available,1000,True,True,True
34752249,Sách American Family and Friends 3: Student Book (With Digital Package) (2nd Edition),219400,231000,5,5,11,204,Naomi Simmons,Oxford University Press,Oxford University Press,9780194816274,Paperback,128,2015-11-05,Nhà sách Fahasa,available,1000,True,True,True
32222606,Sách GRAMMAR FRIENDS 3 SB,150100,158000,5,5,4,66,Eileen Flannigan,Oxford University Press,,9780194780025,,,,Nhà sách Fahasa,available,1000,True,True,True
29355147,Solutions: Elementary: Workbook,291600,307000,5,0,0,17,,Oxford University Press,,9780194553261,,,,Nhà sách Fahasa,available,1000,True,True,True
2131705,Sách Solutions (3E) Upper-Intermediate Workbook,250800,290000,14,5,2,20,"Tim Falla, Paul Davies",Oxford University Press,,9780194506519,Paperback,,,Nhà sách Fahasa,available,1000,True,True,True
2131699,Sách Solutions (3E) Intermediate Student's Book,384700,405000,5,5,5,55,"Tim Falla, Paul Davies",Oxford University Press,,9780194504492,Paperback,,,Nhà sách Fahasa,available,1000,True,True,True
279044222,Sách ngoại văn: Compact C1 Advanced - Workbook With Answers With Digital Pack,302000,302000,0,0,0,0,nhieu tac gia,Cambridge University Press,Nhiều Nhà Xuất Bản,9781009394925,Bìa mềm,,2023-12-21,Nhà sách Fahasa,available,1000,True,True,True
279043274,Sách ngoại văn: Smart Listening 3.1 (International Edition),242000,242000,0,0,0,0,nhieu tac gia,"E-Future.Co.,Ltd",Nhiều Nhà Xuất Bản,9791192361598,Bìa mềm,,2023-12-21,Nhà sách Fahasa,available,1000,True,True,True
279042691,Sách ngoại văn: Perspectives Upper Intermediate With The Spark Platform,398000,398000,0,0,0,0,nhieu tac gia,Cengage,Nhiều Nhà Xuất Bản,9798214335056,Bìa mềm,,2023-12-21,Nhà sách Fahasa,available,1000,True,True,True
279038867,Sách ngoại văn: Cambridge Primary Mathematics - Learner's Book 4 With Digital Access (1 Year) (2nd Edition),504000,504000,0,0,0,0,Mary Wood,Cambridge University Press,Nhiều Nhà Xuất Bản,9781108745291,Bìa mềm,,2023-12-21,Nhà sách Fahasa,available,1000,True,True,True
279038004,Sách ngoại văn: Shape It! 4 - Workbook With Ebook,297000,297000,0,0,0,0,nhieu tac gia,Cambridge University Press,Nhiều Nhà Xuất Bản,9781009043045,Bìa mềm,,2023-12-21,Nhà sách Fahasa,available,1000,True,True,True
279030024,Sách ngoại văn: Welcome to Our World: Student Book 2,280000,280000,0,0,0,0,nhieu tac gia,Cengage,Nhiều Nhà Xuất Bản,9781305105287,Bìa mềm,,2023-12-21,Nhà sách Fahasa,available,1000,True,True,True
279029919,Sách ngoại văn: E-future Classic Readers - Level 3 - Princess Bari,65000,65000,0,0,0,0,nhieu tac gia,"E-Future.Co.,Ltd",Nhiều Nhà Xuất Bản,9791156801900,Bìa mềm,,2023-12-21,Nhà sách Fahasa,available,1000,True,True,True
279029883,Sách ngoại văn: E-future Classic Readers - Level S - The King With The Golden Touch,65000,65000,0,0,0,0,nhieu tac gia,"E-Future.Co.,Ltd",Nhiều Nhà Xuất Bản,9791156801351,Bìa mềm,,2023-12-21,Nhà sách Fahasa,available,1000,True,True,True
279029881,Sách ngoại văn: Listen Up 2 Teacher's Manual (New Edition),500000,500000,0,0,0,0,nhieu tac gia,"E-Future.Co.,Ltd",Nhiều Nhà Xuất Bản,9788956359670,Bìa mềm,,2023-12-21,Nhà sách Fahasa,available,1000,True,True,True
279029168,Sách ngoại văn: ePFR 4-1. Clem the Brave,95000,95000,0,0,0,0,nhieu tac gia,"E-Future.Co.,Ltd",Nhiều Nhà Xuất Bản,9788956355740,Bìa mềm,,2023-12-21,Nhà sách Fahasa,available,1000,True,True,True
279029138,Sách ngoại văn: ePFR 3-4. Jude on the Dune,95000,95000,0,0,0,0,nhieu tac gia,"E-Future.Co.,Ltd",Nhiều Nhà Xuất Bản,9788956355733,Bìa mềm,,2023-12-21,Nhà sách Fahasa,available,1000,True,True,True
279029100,Sách ngoại văn: ePFR 4-3. The Bank in Hong Kong,95000,95000,0,0,0,0,nhieu tac gia,"E-Future.Co.,Ltd",Nhiều Nhà Xuất Bản,9788956355764,Bìa mềm,,2023-12-21,Nhà sách Fahasa,available,1000,True,True,True
279027519,Sách ngoại văn: Exam Booster For Preliminary And Preliminary for Schools With Answer Key With Audio For The Revised 2020 Exams 2nd Edition,992000,992000,0,0,0,0,"Helen Chilton,  Sheila Dignen",Cambridge University Press,Nhiều Nhà Xuất Bản,9781108682152,Bìa mềm,,2023-12-21,Nhà sách Fahasa,available,1000,True,True,True
279026701,Sách ngoại văn: Eyes Open Level 4 Workbook With Online Practice,190000,190000,0,0,0,0,"Ben Goldstein,  Ceri Jones,  David McKeegan",Cambridge University Press,CAMBRIDGE UNIVERSITY,9781107467828,Bìa mềm,,2023-12-21,Nhà sách Fahasa,available,1000,True,True,True
278714568,Sách ngoại văn: Give Me Five! Level 3 Activity Book With Digital Book,223200,235000,5,0,0,0,"Donna Shaw,  Joanne Ramsden",Fahasa,Macmillan _,9781035108763,Bìa mềm,,2023-12-21,Nhà sách Fahasa,available,1000,True,True,True
278058341,Sách ngoại văn: Kid's Box New Generation - Activity Book With Digital Pack 6,322000,339000,5,0,0,1,"Caroline Nixon,  Michael Tomlinson",Cambridge University Press,Cambridge University Press,9781009824736,Bìa mềm,,2023-12-21,Nhà sách Fahasa,available,1000,True,True,True
277995897,Sách ngoại văn: Impact Ame Starter Workbook (2nd Edition),277400,292000,5,0,0,0,Kate Adams,Cengage,Cengage Learning,9798214174587,Bìa mềm,,2023-12-21,Nhà sách Fahasa,available,1000,True,True,True
277180785,Sách ngoại văn: Outcomes Bre Intermediate - Student's Book + Spark Sticker (3rd Edition),453000,453000,0,0,0,1,Hugh Dellar,Cengage,Heinle ELT,9780357917534,Bìa mềm,,2023-12-21,Nhà sách Fahasa,available,1000,True,True,True
277180511,Sách ngoại văn: Smart English 4 - Workbook (2nd Edition),167200,176000,5,0,0,0,"Casey Kim,  Jayne Lee","E-Future.Co.,Ltd","E-Future.Co.,Ltd",9791192361185,Bìa mềm,,2023-12-21,Nhà sách Fahasa,available,1000,True,True,True
276684933,Curious Kids Level 1 Pupil's Book With Digital Pupil's Book And Navio App,334400,352000,5,0,0,0,"Donna Shaw,  Mark Ormerod",Fahasa,MacMillan,9781035124077,Bìa mềm,,2023-12-21,Nhà sách Fahasa,available,1000,True,True,True
275941751,Smart English 2 Student Book (2nd Edition),282000,282000,0,0,0,0,"Casey Kim,  Jayne Lee","E-Future.Co.,Ltd","E-Future.Co.,Ltd",9791192361093,Bìa mềm,,2023-12-21,Nhà sách Fahasa,available,1000,True,True,True
274675854,Imagine Level 2 Student Book With Online Practice & e-Book,321000,321000,0,0,0,1,...,Đang cập nhật,Đang cập nhật,9780357544358,Bìa mềm,,2023-12-21,Nhà sách Fahasa,available,1000,True,True,True
274675460,My Disney Stars And Heroes Level 5 Student’s Book With eBook,491100,517000,5,0,0,0,...,Đang cập nhật,Đang cập nhật,9781292441726,Bìa mềm,,2023-12-21,Nhà sách Fahasa,available,1000,True,True,True
274674402,My Disney Stars And Heroes Level 4 Student’s Book With eBook,491100,517000,5,0,0,1,...,Đang cập nhật,Đang cập nhật,9781292441719,Bìa mềm,,2023-12-21,Nhà sách Fahasa,available,1000,True,True,True
272231778,Time Zones (Third Edition) - Student’s Book (with Online Practice),431000,431000,0,0,0,4,David Bohlke,Cty PHS TP.HCM- Fahasa,National Geographic,9780357421680,Bìa mềm,160,2023-04-05,Nhà sách Quốc Việt,available,1000,True,True,True
270053272,Explore Our World 4: Student's Book With Online Practice,345800,364000,5,0,0,5,Diane Pinkley,Cengage,Cengage Learning,9780357373484,,,,Nhà sách Fahasa,available,1000,True,True,True
270052812,Prepare Level 8 Workbook With Digital Pack,302100,318000,5,0,0,2,Greg Archer,Cambridge University Press,Cambridge University Press,9781108913348,,,,Nhà sách Fahasa,available,1000,True,True,True
263960930,Pearson - My Little Island (SB+WB) (includes Song and Chants CD),456000,456000,0,0,0,9,LEONE DYSON,Cty PHS TP.HCM- Fahasa,Pearson Education,9789810692162,Bìa mềm,180,2020-06-01,Nhà sách Quốc Việt,available,1000,True,True,True
263592015,Pearson - Our Discovery Island (SB+WB) with CD-ROM,294000,294000,0,0,0,1,Aaron Jolly and Jose Luis Morales,Cty PHS TP.HCM- Fahasa,Pearson Longman,9781447923480,Bìa mềm,145,2018-04-01,Nhà sách Quốc Việt,available,1000,True,True,True
212110288,Rise And Shine American Level 5 Student's Book With ebook And Digital Activities,315400,332000,5,0,0,0,Viv Lambert,Pearson Education,Pearson Education,9781292417424,Bìa cứng,,2024-03-13,Nhà sách Fahasa,available,1000,True,True,True
193128852,Exploring Reading Book 2,100700,106000,5,0,0,0,,Scholastic,Scholastic,9780000075772,,,,Nhà sách Fahasa,available,1000,True,True,True
193101744,School Phonics Workbook 3,111000,111000,0,0,0,0,e-future,"E-Future.Co.,Ltd","E-Future.Co.,Ltd",9791156809579,,,,Nhà sách Fahasa,available,1000,True,False,True
193101505,School Phonics Student Book 1,276000,276000,0,0,0,1,e-future,"E-Future.Co.,Ltd","E-Future.Co.,Ltd",9791156809517,,,,Nhà sách Fahasa,available,1000,True,False,True
193101477,School Phonics Student Book 2,276000,276000,0,0,0,2,e-future,"E-Future.Co.,Ltd","E-Future.Co.,Ltd",9791156809524,,,,Nhà sách Fahasa,available,1000,True,True,True
192173856,Max Maths Primary A Singapore Approach Grade 5 Workbook,340100,358000,5,0,0,1,Tony Cotton,Macmillan Education,Macmillan Education,9781380017901,,,,Nhà sách Fahasa,available,1000,True,False,True
192173820,New Close-up A2 With Online Practice And Student's eBook 3rd Edition,407500,429000,5,5,2,18,Ingrid Wisniewska,Cengage Learning,Cengage Learning,9780357440100,,,,Nhà sách Fahasa,available,1000,True,False,True
192125429,Combo 2 cuốn: Check your English Vocabulary for IELTS + Prepare for IELTS General Training & Practice Tests,304000,304000,0,0,0,0,nhieu tac gia,1980 Books,Nhà Xuất Bản Đại Học Quốc Gia Hà Nội,978220563355,Bìa mềm,,2021-07-13,Nhà Sách Vĩnh Thụy,available,1000,True,False,True
52678822,My First Grammar 1 Workbook (2nd Ed.),135000,135000,0,5,1,18,,"E-Future.Co.,Ltd","E-Future.Co.,Ltd",9788956359878,,,,Nhà sách Fahasa,available,1000,True,False,True
39360000,My First Grammar 3 Workbook (2nd Ed.),135000,135000,0,0,0,7,,E-Future,,9788956359892,,,,Nhà sách Fahasa,available,1000,True,False,True
25201703,Kid's Box 2nd ed Activity Book with Online Resources Level 2,236500,249000,5,5,10,84,"Michael Tomlinson, Caroline Nixon",Cambridge University Press,,9781108607100,,,,Nhà sách Fahasa,available,1000,True,True,True
279037718,Sách ngoại văn: Cam Primary Path Foundation - Activity Book With Practice Extra,485000,485000,0,0,0,1,nhieu tac gia,Cambridge University Press,Nhiều Nhà Xuất Bản,9781108627924,Bìa mềm,,2023-12-21,Nhà sách Fahasa,available,1000,True,True,True
278906670,Sách ngoại văn: Curious Kids Level 4 Activity Book With Digital Activity Book,225100,237000,5,0,0,0,"Donna Shaw,  Mark Ormerod",Fahasa,Macmillan _,9781035124534,Bìa mềm,,2023-12-21,Nhà sách Fahasa,available,1000,True,True,True
278830990,Sách ngoại văn: Interchange Level 1 Student's Book With Digital Pack - 5th Edition,889200,936000,5,0,0,0,"Jack C. Richards,  Jonathan Hull Susan Proctor",Cambridge University Press,Cambridge University Press,9781009040631,Bìa mềm,,2023-12-21,Nhà sách Fahasa,available,1000,True,True,True
278058377,Sách ngoại văn: Kid's Box New Generation - Pupil's Book With Ebook 4,367600,387000,5,0,0,7,"Caroline Nixon,  Michael Tomlinson",Cambridge University Press,Cambridge University Press,9781009824651,Bìa mềm,,2023-12-21,Nhà sách Fahasa,available,1000,True,True,True
277995940,Sách ngoại văn: Impact Ame Workbook 3 (2nd Edition),277400,292000,5,0,0,0,...,Cengage,Cengage Learning,9798214175430,Bìa mềm,,2023-12-21,Nhà sách Fahasa,available,1000,True,True,True
277995932,Sách ngoại văn: Impact Ame Student's Book + Spark Sticker 3 (2nd Edition),416100,438000,5,0,0,0,Kate Adams,Cengage,Cengage Learning,9798214175317,Bìa mềm,,2023-12-21,Nhà sách Fahasa,available,1000,True,True,True
277877467,Sách ngoại văn: Time Zones Starter Combo With Online Practice (3rd Edition),436000,459000,5,0,0,0,...,Đang cập nhật,Đang cập nhật,3600000006964,Bìa mềm,,2023-12-21,Nhà sách Fahasa,available,1000,True,True,True
277180787,Sách ngoại văn: Welcome To Our World 2 - Activity Book (2nd Edition),208000,219000,5,0,0,0,Jill O'Sullivan,Cengage,Heinle ELT,9780357507377,Bìa mềm,,2023-12-21,Nhà sách Fahasa,available,1000,True,True,True
276684956,Share It! Workbook And Digital Workbook Level 4,305900,322000,5,0,0,1,Nicole Taylor,Fahasa,Macmillan Education,9781380069429,Bìa mềm,,2023-12-21,Nhà sách Fahasa,available,1000,True,True,True
276400870,Interchange Level 2 Student's Book With Digital Pack - 5th Edition,889200,936000,5,0,0,0,"Jack C. Richards,  Jonathan Hull Susan Proctor",Cambridge University Press,Cambridge University Press,9781009040693,Bìa mềm,,2023-12-21,Nhà sách Fahasa,available,1000,True,True,True
275005454,Reflect Listening & Speaking 6: Student's Book With Online Practice And Student's eBook,452200,476000,5,0,0,3,Kristin Donnalley Sherman,Cengage,Cengage Learning,9780357449226,Bìa mềm,,2023-12-21,Nhà sách Fahasa,available,1000,True,True,True
274677459,My Disney Stars And Heroes Level 5 Workbook With eBook,294500,310000,5,0,0,0,...,Đang cập nhật,Đang cập nhật,9781292441764,Bìa mềm,,2023-12-21,Nhà sách Fahasa,available,1000,True,True,True
274676471,My Disney Stars And Heroes Level 2 Student’s Book With eBook,491100,517000,5,0,0,0,...,Đang cập nhật,Đang cập nhật,9781292441573,Bìa mềm,,2023-12-21,Nhà sách Fahasa,available,1000,True,True,True
274674914,My Disney Stars And Heroes Level 3 Workbook With eBook,294500,310000,5,0,0,0,...,Đang cập nhật,Đang cập nhật,9781292441658,Bìa mềm,,2023-12-21,Nhà sách Fahasa,available,1000,True,True,True
274673409,Rise And Shine American Level 1 Workbook With Ebook,174800,184000,5,0,0,0,...,Đang cập nhật,Đang cập nhật,9781292398792,Bìa mềm,,2023-12-21,Nhà sách Fahasa,available,1000,True,True,True
271100492,Gateway To The World C1 Student´s Book With Student's App And Digital Student's Book,420800,443000,5,0,0,3,,Fahasa,Macmillan Education,9781380043481,,,,Nhà sách Fahasa,available,1000,True,True,True
271100476,Doodle Town Level 3 Activity Book 2nd Edition,186200,196000,5,0,0,1,"Caroline Linse,  Elly Schottman",Fahasa,Macmillan Education,9781380055026,,,,Nhà sách Fahasa,available,1000,True,True,True
271100470,Doodle Town Level 3 Literracy Skill Pad 2nd Edition,157700,166000,5,0,0,1,,Fahasa,Macmillan Education,9781380055057,,,,Nhà sách Fahasa,available,1000,True,True,True
271100464,Doodle Town Level 2 Activity Book 2nd Edition,186200,196000,5,0,0,4,"Caroline Linse,  Elly Schottman",Fahasa,Macmillan Education,9781380054920,,,,Nhà sách Fahasa,available,1000,True,True,True
271100440,Doodle Town Level 1 Math Skills Pad 2nd Edition,163400,172000,5,5,1,7,,Fahasa,Macmillan Education,9781380054852,,,,Nhà sách Fahasa,available,1000,True,True,True
270797319,English World 4 Workbook Pack,197600,208000,5,0,0,4,Mary Bowen,Fahasa,Macmillan Education,9781035117239,,,,Nhà sách Fahasa,available,1000,True,True,True
270053066,Explore Our World 5: Workbook - 2nd Edition,208000,219000,5,0,0,4,Joan Kang Shin,Cengage,Cengage Learning,9780357049518,,,,Nhà sách Fahasa,available,1000,True,True,True
270052943,Breakthrough Plus 2nd Edition Level 4 Workbook Pack,190000,200000,5,0,0,1,Miles Craven,Macmillan Publishers,Macmillan Education,9781380003249,,,,Nhà sách Fahasa,available,1000,True,True,True
270052874,Think Level 4 Student's Book With Workbook Digital Pack British English - 2nd Edition,505400,532000,5,0,0,1,"Herbert Puchta,  Jeff Stranks,  Peter Lewis-Jones",Cambridge University Press,Cambridge University Press,9781009427746,,,2023-11-01,Nhà sách Fahasa,available,1000,True,True,True
270052866,Think Level 3 Student's Book With Workbook Digital Pack British English - 2nd Edition,505400,532000,5,0,0,0,"Herbert Puchta,  Jeff Stranks,  Peter Lewis-Jones",Cambridge University Press,Cambridge University Press,9781009427739,Bìa cứng,,2024-03-13,Nhà sách Fahasa,available,1000,True,True,True
270052836,Prepare Level 9 Workbook With Digital Pack,302100,318000,5,0,0,2,Greg Archer,Cambridge University Press,Cambridge University Press,9781108913379,,,,Nhà sách Fahasa,available,1000,True,True,True
252540023,Pippa And Pop Level 3 Workbook American English,216600,228000,5,0,0,3,"Colin Sage,  Caroline Nixon,  Michael Tomlinson",Cambridge University Press,Cambridge University Press,9781009403481,,,,Nhà sách Fahasa,available,1000,True,True,True
212110154,Rise And Shine American Level 2 Workbook With ebook,174800,184000,5,0,0,0,Jeanne Perrett,Pearson Education,Pearson Education,9781292398815,,,,Nhà sách Fahasa,available,1000,True,True,True
195994081,Share It! Level 4B,301100,317000,5,0,0,0,,Macmillan Publishers,Macmillan Education,9781380070555,,,,Nhà sách Fahasa,available,1000,True,True,True
192173748,Time Zones 2: Workbook 3rd Edition,277400,292000,5,0,0,14,Carmella Lieske,Cengage Learning,Cengage Learning,9780357426388,,,,Nhà sách Fahasa,available,1000,True,True,True
191779674,Perspectives 3: Workbook (American Edition),253600,267000,5,0,0,3,National Geographic Learning,Cengage,Cengage Learning,9781337297301,,,,Nhà sách Fahasa,available,1000,True,True,True
191779168,"Look 6 (Look, American English)",300200,316000,5,0,0,1,Mary Charrington,Cengage,Cengage Learning,9781337710886,,,,Nhà sách Fahasa,available,1000,True,True,True
100285708,"Interchange Level 3 Workbook, 5th Edition",367600,387000,5,0,0,0,"Jonathan Hull Susan Proctor, Jack C. Richards  (Author)",Cambridge University Press,Cambridge University Press,9781316622766,,,,Nhà sách Fahasa,available,1000,True,False,True
98131721,Look 2 Student Book (British English),300200,316000,5,0,0,4,Rachel Wilson,Cengage,National Geographic,9781337710909,,,,Nhà sách Fahasa,available,1000,True,False,True
97815213,Our World 1 Workbook 2nd Edition (American English),208000,219000,5,5,4,37,Pinkley Rossi Cranda,Cengage,Cengage,9780357032367,,,,Nhà sách Fahasa,available,1000,True,True,True
77051376,Skillful Second Edition Level 2 Listening & Speaking Student's Book + Digital Student's Book Pack,535800,564000,5,5,2,27,"Robyn Brinks Lockwood,  David Bohlke",Macmillan Publishers,Macmillan Education,9781380010582,,,,Nhà sách Fahasa,available,1000,True,True,True
72050798,Power Up Level 6 Pupil's Book,414200,436000,5,0,0,1,"Caroline Nixon,  Michael Tomlinson, Colin Sage",Cambridge University Press,Cambridge University Press,9781108413855,,,,Nhà sách Fahasa,available,1000,True,True,True
55287193,Academy Stars 6 PB Pk,338200,356000,5,5,2,10,"Kathryn Harper, ‎ Gabrielle Pritchard",Macmillan Publishers,MacMillan,9780230490314,,,,Nhà sách Fahasa,available,1000,True,True,True
48983663,Academy Stars Level 4 Pupils Book Pack,338200,356000,5,5,10,37,Kathryn Harper,Macmillan Publishers,Macmillan Education,9780230490116,,,,Nhà sách Fahasa,available,1000,True,True,True
25980650,Sách Skillful Second Edition Level 2 Reading & Writing Student's Book + Digital Student's Book Pack,535800,564000,5,5,5,25,Louis Rogers,Macmillan Education,,9781380010643,,,,Nhà sách Fahasa,available,1000,True,True,True
279245455,Sách Ngoại Văn - Giáo Trình Reach Higher,566200,596000,5,0,0,0,nhieu tac gia,Cengage,Cengage Learning,1748248739494-cf,Bìa mềm,,2023-12-21,Nhà sách Fahasa,available,1000,True,True,True
279242926,Sách ngoại văn: Sách Ngoại Văn – Doodle Town 2nd Edition,169100,178000,5,0,0,0,"Caroline Linse,  Elly Schottman",Fahasa,Macmillan Education,1751362137215-cf,Bìa mềm,,2023-12-21,Nhà sách Fahasa,available,1000,True,True,True
279242904,Sách ngoại văn: Sách Ngoại Văn - Skillful Second Edition Listening and Speaking,474000,499000,5,0,0,0,nhieu tac gia,Macmillan Publishers,Macmillan Education,1748420235887-cf,Bìa mềm,,2023-12-21,Nhà sách Fahasa,available,1000,True,True,True
279042942,Sách ngoại văn: Get Involved! American Edition Level 1 Student's Book With Student's App And Digital Student's Book,316300,333000,5,0,0,0,nhieu tac gia,Macmillan Publishers,Nhiều Nhà Xuất Bản,9781380072153,Bìa mềm,,2023-12-21,Nhà sách Fahasa,available,1000,True,True,True
279040137,Sách ngoại văn: Reach Higher 2B - Student's Book + Ebook Practice,566200,596000,5,0,0,0,Nancy Frey,Cengage,Nhiều Nhà Xuất Bản,9780357571194,Bìa mềm,,2023-12-21,Nhà sách Fahasa,available,1000,True,True,True
279040121,Sách ngoại văn: Reach Higher 2A - Student's Book + Ebook Practice,566200,596000,5,0,0,0,Nancy Frey,Cengage,Nhiều Nhà Xuất Bản,9780357571187,Bìa mềm,,2023-12-21,Nhà sách Fahasa,available,1000,True,True,True
279032802,Sách ngoại văn: Imagine Level 1 BRE Student Book With Spark Platform & e-Book,277400,292000,5,0,0,0,nhieu tac gia,Cengage,Nhiều Nhà Xuất Bản,9780357911570,Bìa mềm,,2023-12-21,Nhà sách Fahasa,available,1000,True,True,True
279032721,Sách ngoại văn: Share It! Workbook And Digital Workbook Level 1,278300,293000,5,0,0,0,nhieu tac gia,Fahasa,Nhiều Nhà Xuất Bản,9781380069399,Bìa mềm,,2023-12-21,Nhà sách Fahasa,available,1000,True,True,True
279032439,Sách ngoại văn: Imagine Level 4 BRE - Workbook,197600,208000,5,0,0,0,nhieu tac gia,Cengage,Nhiều Nhà Xuất Bản,9780357911853,Bìa mềm,,2023-12-21,Nhà sách Fahasa,available,1000,True,True,True
279032423,Sách ngoại văn: Imagine Level 3 BRE - Workbook,197600,208000,5,0,0,0,nhieu tac gia,Cengage,Nhiều Nhà Xuất Bản,9780357911846,Bìa mềm,,2023-12-21,Nhà sách Fahasa,available,1000,True,True,True
279032267,Sách ngoại văn: Outcomes 3e Bre Advanced Student's Book + Spark Sticker,391400,412000,5,0,0,0,Hugh Dellar,Cengage,Heinle ELT,9780357917893,Bìa mềm,,2023-12-21,Nhà sách Fahasa,available,1000,True,True,True
279031742,"Sách ngoại văn: Welcome To Our World 1 With The Spark Platform - Student's Book (BRE, 2nd Edition)",316300,333000,5,0,0,0,Jill Korey O'Sullivan,Cengage,Heinle ELT,9780357543078,Bìa mềm,,2023-12-21,Nhà sách Fahasa,available,1000,True,True,True
279031724,"Sách ngoại văn: Welcome To Our World 2 With The Spark Platform - Student's Book (BRE, 2nd Edition)",316300,333000,5,0,0,0,Jill Korey O'Sullivan,Cengage,Heinle ELT,9780357543085,Bìa mềm,,2023-12-21,Nhà sách Fahasa,available,1000,True,True,True
279031567,Sách ngoại văn: Get Involved! American 5 Workbook With Digital Workbook,231800,244000,5,0,0,0,"Emma Heyderman,  Patricia Reilly",Fahasa,MacMillan,9781380072290,Bìa mềm,,2023-12-21,Nhà sách Fahasa,available,1000,True,True,True
279031469,Sách ngoại văn: Curious Kids Level 2 Pupil's Book With Digital Pupil's Book And Navio App,304000,320000,5,0,0,0,"Donna Shaw,  Mark Ormerod",Fahasa,MacMillan,9781035124244,Bìa mềm,,2023-12-21,Nhà sách Fahasa,available,1000,True,True,True
279031313,Sách ngoại văn: Get Involved! B2 Workbook With Digital Workbook,198500,209000,5,0,0,0,"Emma Heyderman,  Patricia Reilly",Fahasa,MacMillan,9781380068972,Bìa mềm,,2023-12-21,Nhà sách Fahasa,available,1000,True,True,True
279030910,Sách ngoại văn: Share It! Workbook And Digital Workbook Level 5,278300,293000,5,0,0,1,Cheryl Pelteret,Fahasa,Macmillan Education,9781380069436,Bìa mềm,,2023-12-21,Nhà sách Fahasa,available,1000,True,True,True
279029921,Sách ngoại văn: Welcome to Our World: Student Book 1,266000,280000,5,0,0,0,nhieu tac gia,Cengage,Nhiều Nhà Xuất Bản,9781305105270,Bìa mềm,,2023-12-21,Nhà sách Fahasa,available,1000,True,True,True
279029917,Sách ngoại văn: Get Involved! American Edition Level 1 Workbook And Digital Workbook,225100,237000,5,0,0,0,nhieu tac gia,Macmillan Publishers,Nhiều Nhà Xuất Bản,9781380072177,Bìa mềm,,2023-12-21,Nhà sách Fahasa,available,1000,True,True,True
279029204,Sách ngoại văn: My Disney Stars And Friends Level 2 Workbook With eBook,277400,282000,2,0,0,0,nhieu tac gia,Pearson Education,Nhiều Nhà Xuất Bản,9781292395500,Bìa mềm,,2023-12-21,Nhà sách Fahasa,available,1000,True,True,True
279029067,Sách ngoại văn: Interchange Level 1 Workbook - 5th Edition,334400,352000,5,0,0,0,nhieu tac gia,Cambridge University Press,Nhiều Nhà Xuất Bản,9781316622476,Bìa mềm,,2023-12-21,Nhà sách Fahasa,available,1000,True,True,True
279027841,Sách ngoại văn: Reflect Reading & Writing 4: Student's Book With Online Practice And Student's eBook,411300,433000,5,0,0,0,Christien Lee,Cengage,Nhiều Nhà Xuất Bản,9780357448571,Bìa mềm,,2023-12-21,Nhà sách Fahasa,available,1000,True,True,True
279027619,Sách ngoại văn: Imagine Level 6: Workbook,197600,208000,5,0,0,0,Katherine Stannett,Cengage,Nhiều Nhà Xuất Bản,9780357541951,Bìa mềm,,2023-12-21,Nhà sách Fahasa,available,1000,True,True,True
278906660,Sách ngoại văn: Curious Kids Level 4 Pupil's Book With Digital Pupil's Book And Navio App,380000,400000,5,0,0,0,"Donna Shaw,  Mark Ormerod",Fahasa,Macmillan _,9781035124640,Bìa mềm,,2023-12-21,Nhà sách Fahasa,available,1000,True,True,True
278713912,Sách ngoại văn: English World Level 5 Pupil's Book + eBook Pack,295400,311000,5,0,0,0,"Liz Hocking, ‎ Mary Bowen",Fahasa,Macmillan Education,9781035117246,Bìa mềm,,2023-12-21,Nhà sách Fahasa,available,1000,True,True,True
278713896,Sách ngoại văn: American Grammar Goals: Student's Book Pack Level 1,312500,329000,5,0,0,0,"Nicole Taylor,  Michael Watts",Fahasa,Macmillan Education,9781035137664,Bìa mềm,,2023-12-21,Nhà sách Fahasa,available,1000,True,True,True
277978190,Sách ngoại văn: Voices Intermediate B1: Workbook With Answer Key,239400,252000,5,0,0,1,Helen Stephenson,Cengage,Cengage Learning,9780357442746,Bìa mềm,,2023-12-21,Nhà sách Fahasa,available,1000,True,True,True
277180697,Sách ngoại văn: Outcomes Bre Upper Intermediate - Student's Book + Spark Sticker (3rd Edition),430300,453000,5,0,0,0,Hugh Dellar,Cengage,Heinle ELT,9780357917718,Bìa mềm,,2023-12-21,Nhà sách Fahasa,available,1000,True,True,True
276656925,Little Hands Student Book 3,314400,331000,5,0,0,0,Efuture Editor,"E-Future.Co.,Ltd","E-Future.Co.,Ltd",9791189906115,Bìa mềm,,2023-12-21,Nhà sách Fahasa,available,1000,True,True,True
275941839,Look 6 - Workbook With Online Practice (BRE),253600,267000,5,0,0,1,Cengage Learning,Cengage,Cengage Learning,9780357122006,Bìa mềm,,2023-12-21,Nhà sách Fahasa,available,1000,True,True,True
271100454,Doodle Town Level 1 Student´s Book + Navio App 2nd Edition,316300,333000,5,0,0,9,"Caroline Linse,  Elly Schottman",Fahasa,Macmillan Education,9781380054814,,,,Nhà sách Fahasa,available,1000,True,True,True
208097115,Explore Our World 1: Workbook,208000,219000,5,0,0,11,"Diane Pinkley,  Gabrielle Pritchard",Cengage,Cengage Learning,9780357049525,,,,Nhà sách Fahasa,available,1000,True,True,True
192951491,World Link 2 With My World Link Online Practice And Student's eBook (Sticker Code) - 4th Edition,520600,548000,5,0,0,1,John Hughes,Cengage,Cengage Learning,9780357502181,,,2024-03-13,Nhà sách Fahasa,available,1000,True,True,True
192951426,Look And See 3: Activity Book,208000,219000,5,0,0,5,Susannah Reed,Cengage,National Geographic,9780357381014,,,,Nhà sách Fahasa,available,1000,True,True,True
178832013,Time Zones 4: Workbook,277400,292000,5,5,2,5,Carmella Lieske,Cengage,Cengage Learning,9780357426364,,,,Nhà sách Fahasa,available,1000,True,True,True
176752990,ENGLISH WORLD 3: DICTIONARY,40700,42000,3,0,0,1,,Macmillan Publishers,Macmillan Education,9780230032163,,,,Nhà sách Fahasa,available,1000,True,False,True
170772542,"Tiếng Anh 6 i-Learn Smart World pack 1 (Student's Book, WorkBook, NoteBook)",172000,172000,0,5,15,380,,CÔNG TY TNHH EDUCATION SOLUTIONS VIỆT NAM,Nhà Xuất Bản Đại Học Sư Phạm,9996043093554,,,,Dtpbooks,available,1000,True,True,True
97815362,Our World 5: Student's Book 2nd Edition (American English),345800,364000,5,0,0,8,"Diane Pinkley,  JoAnn Crandall,  Joan Kang Shin",Cengage,Cengage,9780357373569,,,,Nhà sách Fahasa,available,1000,True,True,True
97815358,Our World 4: Student's Book American English 2nd Edition,345800,364000,5,5,1,6,"Kate Cory-Wright,  Sue Harmes",Cengage,Cengage,9780357373552,,,,Nhà sách Fahasa,available,1000,True,True,True
77965626,Skillful Second Edition Foundation Level Listening & Speaking Student's Book + Digital Student's Book Pack,501600,564000,11,5,2,18,David Bohlke,Macmillan Publishers,MacMillan,9781380010315,,,,Nhà sách Fahasa,available,1000,True,True,True
279245478,Sách Ngoại Văn - Giáo trình Superkids 3rd Edition Level 1- 6,136800,144000,5,0,0,0,nhieu tac gia,Pearson Education,Pearson,1748420237191-cf,Bìa mềm,,2023-12-21,Nhà sách Fahasa,available,1000,True,True,True
279199040,Sách ngoại văn: Look 4 Student's Book (Look (American English)),272600,287000,5,0,0,0,Rob Sved,Cengage,Cengage Learning,9781337710862,Bìa mềm,,2023-12-21,Nhà sách Fahasa,available,1000,True,True,True
279037598,Sách ngoại văn: Ready For Planet English - Foundations - Student's Book With Digital Book,286100,295000,3,0,0,0,nhieu tac gia,Fahasa,Nhiều Nhà Xuất Bản,9788853635235,Bìa mềm,,2023-12-21,Nhà sách Fahasa,available,1000,True,True,True
279033272,Sách ngoại văn: The Story Garden 5 - Student's Book With Activities,318100,328000,3,0,0,0,nhieu tac gia,Fahasa,Nhiều Nhà Xuất Bản,9788853632814,Bìa mềm,,2023-12-21,Nhà sách Fahasa,available,1000,True,True,True
279033094,Sách ngoại văn: Young Adult ELI Readers - Stories Of Mystery And Suspense - Stage 4 B2 - Downloadable Audio Files,208500,215000,3,0,0,0,nhieu tac gia,Fahasa,Nhiều Nhà Xuất Bản,9788853632517,Bìa mềm,,2023-12-21,Nhà sách Fahasa,available,1000,True,True,True
279033012,Sách ngoại văn: The Story Garden 2 - Student's Book With Activities,318100,328000,3,0,0,0,nhieu tac gia,Fahasa,Nhiều Nhà Xuất Bản,9788853632784,Bìa mềm,,2023-12-21,Nhà sách Fahasa,available,1000,True,True,True
279032651,Sách ngoại văn: Grammar Goals - Teacher’s Book Level 5 With Class Audio CD (American Edition),433500,447000,3,0,0,0,nhieu tac gia,Fahasa,Nhiều Nhà Xuất Bản,9780230446410,Bìa mềm,,2023-12-21,Nhà sách Fahasa,available,1000,True,True,True
279032365,Sách ngoại văn: Ready For Planet English - Upper Intermediate - Student's Book With Digital Book,286100,295000,3,0,0,0,nhieu tac gia,Fahasa,Nhiều Nhà Xuất Bản,9788853635266,Bìa mềm,,2023-12-21,Nhà sách Fahasa,available,1000,True,True,True
279031856,Sách ngoại văn: Cambridge Exam Boosters For A2 Key And A2 Key For School Without Answer Key (2nd Edition),463600,478000,3,0,0,0,"Caroline Chapman,  Susan White",Cambridge University Press,Cambridge University Press,9781108682268,Bìa mềm,,2023-12-21,Nhà sách Fahasa,available,1000,True,True,True
279031591,Sách ngoại văn: Gold Experience 2nd Edition B2+ Student's Book And Ebook With Online Practice,535400,552000,3,0,0,0,Pearson Education,Pearson Education,Pearson Education Limited,9781292392875,Bìa mềm,,2023-12-21,Nhà sách Fahasa,available,1000,True,True,True
279030976,Sách ngoại văn: Share It! 6 Workbook,218200,225000,3,0,0,0,Cheryl Pelteret,Fahasa,MacMillan,9781380023247,Bìa mềm,,2023-12-21,Nhà sách Fahasa,available,1000,True,True,True
279030536,Sách ngoại văn: New Big Fun Workbook Level 1 With Audio CD Pack,299700,309000,3,0,0,0,Mario Herrera,Pearson Education,Pearson Education,9780000030498,Bìa mềm,,2023-12-21,Nhà sách Fahasa,available,1000,True,True,True
279027299,Sách ngoại văn: Prepositions (Barron's ESL Proficiency),368600,380000,3,0,0,0,Jean Yates Ph.D.,Simon and Schuster,Nhiều Nhà Xuất Bản,9781506267579,Bìa mềm,,2023-12-21,Nhà sách Fahasa,available,1000,True,True,True
279027055,Sách ngoại văn: IELTS Express Intermediate Workbook - Workbook,342400,353000,3,0,0,0,"Martin Lisboa,  Mark Unwin",Cengage,Nhiều Nhà Xuất Bản,9781133313014,Bìa mềm,,2023-12-21,Nhà sách Fahasa,available,1000,True,True,True
279026721,Sách ngoại văn: Focus On Ielts Foundation Cbk,332700,343000,3,0,0,0,Sue O'Connell,Pearson Education,Pearson,9780582829121,Bìa mềm,,2023-12-21,Nhà sách Fahasa,available,1000,True,True,True
277372377,Sách ngoại văn: Superkids 3rd Student Book With Audio CDs And PEP Access Code Level 6,168100,183000,8,0,0,0,...,Pearson Education,Đang cập nhật,9789882435483,Bìa mềm,,2023-12-21,Nhà sách Fahasa,available,1000,True,True,True
276809722,Sách ngoại văn: Cam Primary Science 2 - Workbook With Digital Access (2nd Edition),242500,256000,5,0,0,0,Alan Cross,Cambridge University Press,Cambridge University Press,9781108742757,Bìa mềm,,2023-12-21,Nhà sách Fahasa,available,1000,True,True,True
275941739,Happy Campers Level 4 Student's Book/Language Lodge,273500,282000,3,0,0,0,"Patricia Acosta, Angela Padron",Macmillan Publishers,Macmillan Education,9780230471108,Bìa mềm,,2023-12-21,Nhà sách Fahasa,available,1000,True,True,True
274677050,Superkids 3rd Activity Book Level 1,136800,149000,8,0,0,2,...,Đang cập nhật,Đang cập nhật,9789882435490,Bìa mềm,,2023-12-21,Nhà sách Fahasa,available,1000,True,True,True
274673456,Global Stage Level 6 Literacy Book And Language Book With Navio App,771100,795000,3,5,1,1,...,Đang cập nhật,Đang cập nhật,9781380002693,Bìa mềm,,2023-12-21,Nhà sách Fahasa,available,1000,True,True,True
193128912,Skillful Listening and Speaking Student's Book + Digibook Foundation Level,312300,322000,3,0,0,0,David Bohlke,Macmillan Publishers,Macmillan Education,9780230443433,,,,Nhà sách Fahasa,available,1000,True,True,True
192988833,Happy Campers Level 3 Student's Book/Language Lodge,273500,282000,3,0,0,1,"Patricia Acosta, Angela Padron",Macmillan Publishers,Macmillan Education,9780230470729,,,,Nhà sách Fahasa,available,1000,True,True,True
192908910,Next Move Workbook Level 4,345300,356000,3,0,0,1,Amanda Cant,Macmillan Publishers,Macmillan Education,9780230441064,,,,Nhà sách Fahasa,available,1000,True,True,True
191780761,Life Elementary Workbook and Key and Audio CD,309400,319000,3,0,0,2,John Hughes,Cengage,Cengage Learning,9781337285650,,,,Nhà sách Fahasa,available,1000,True,True,True
191780141,Power Up Level 5 Pupil's Book,404700,444000,9,0,0,1,"Colin Sage,  Caroline Nixon,  Michael Tomlinson",Cambridge University Press,Cambridge University Press,9781108413831,,,,Nhà sách Fahasa,available,1000,True,True,True
191779221,Power Up Level 2 Pupil's Book,404700,444000,9,5,2,15,"Caroline Nixon,  Michael Tomlinson",Cambridge University Press,Cambridge University Press,9781108413763,,,,Nhà sách Fahasa,available,1000,True,True,True
117071330,Upbeat Sbk W/ Cd-Rom Intermediate,233700,265000,12,0,0,0,Pearson,Pearson Education,Pearson,9781408217184,,,,Nhà sách Fahasa,available,1000,True,True,True
72527266,Improve Your Skills: Listening & Speaking for Advanced Student's Book with Key & MPO Pack,183300,208000,12,4,1,3,"Steve Taylore Knowles, Malcolm Mann",Macmillan Publishers,Macmillan Education,9780230462847,,,,Nhà sách Fahasa,available,1000,True,False,True
66747565,Next Move Student's Book Pack Level 2,281300,290000,3,0,0,0,"Amanda Cant, Mary Charrington, Mary Charrington",Macmillan Publishers,Macmillan Education,9780230444287,,,,Nhà sách Fahasa,available,1000,True,False,True
63672400,GoGetter 1 Workbook,235700,243000,3,0,0,0,"Liz Kilbey,  Catherine Bright,  Jennifer Heath",Pearson Education,Pearson Education,9781292210001,,,,Nhà sách Fahasa,available,1000,True,True,True
58711468,Prepare A1 Level 1 Student's Book,277400,292000,5,5,12,244,"Melanie Williams, Joanna Kosta",Cambridge University Press,Cambridge University Press,9781108825931,,,,Nhà sách Fahasa,available,1000,True,True,True
58710612,Our Discovery Island American Wb6 W/Cd,111500,127000,12,0,0,0,Laura Miller and Jose Luis Morales,Pearson Education,Pearson,9781447900726,,,,Nhà sách Fahasa,available,1000,True,True,True
55285156,English World Student's Book Level 9,182300,207000,12,0,0,2,"Liz Hocking, Liz Hocking, Mary Bowen, Wendy Wren",Macmillan Publishers,Macmillan Education,9780230032545,,,,Nhà sách Fahasa,available,1000,True,True,True
39359977,English Time 2 Workbook 2Ed,87400,92000,5,0,0,6,,Oxford University Press UK,,9780194005050,,,,Nhà sách Fahasa,available,1000,True,True,True
25204686,Straightforward Second Edition Workbook (+ Key) + CD Advanced Level,138700,157000,12,5,2,2,"Amanda Jeffries, Amanda Jeffries",Macmillan Education,,9780230423466,,,,Nhà sách Fahasa,available,1000,True,False,True
25202319,Market Leader 3Rd Edition Advanced Course Book & Dvd-Rom Pack,380200,392000,3,4,6,29,"Iwona Dubicka,  David Falvey ,  Simon Kent , Iwona Dubicka ,  Margaret O'Keeffe ,  David Cotton ,  Simon Kent",Pearson,,9781408237038,,,,Nhà sách Fahasa,available,1000,True,False,True
23436894,English Time 4 Student Book and Audio CD 2Ed,216600,228000,5,5,1,18,",  ,  ,  ,  ,",Oxford University Press UK	,,9780194005449,,,,Nhà sách Fahasa,available,1000,True,False,True
22954932,Our World Ame 3 Workbook,149300,154000,3,5,4,17,,,,9781285606545,,,,Nhà sách Fahasa,available,1000,True,True,True
22873879,Sách My First Picture Dictionary,93100,96000,3,0,0,5,,Brown Watson,,9780709708650,,,,Nhà sách Fahasa,available,1000,True,True,True
510377,Sách Bebop 2: Student Book With App - Paperback,245400,253000,3,5,1,30,Lorena Peimbert - Myriam Monterrubio Alvarez,Macmillan Education,Macmillan Education,9780230453036,Paperback,87,2004-04-10,Nhà sách Fahasa,available,1000,True,True,True
279199012,Sách ngoại văn: Give Me Five! Level 4 Pupils Book With Digital Book,356900,368000,3,0,0,0,"Donna Shaw,  Joanne Ramsden",Fahasa,Macmillan _,9781035108862,Bìa mềm,,2023-12-21,Nhà sách Fahasa,available,1000,True,True,True
279045032,Sách ngoại văn: E-Future Discovery 1-2 (40 Words),257000,265000,3,0,0,0,nhieu tac gia,"E-Future.Co.,Ltd",Nhiều Nhà Xuất Bản,9791194672012,Bìa mềm,,2023-12-21,Nhà sách Fahasa,available,1000,True,True,True
279037988,Sách ngoại văn: The Business 2.0 B2 Upper Intermediate - Student's Book With eBook And Resources,432600,446000,3,0,0,0,nhieu tac gia,Fahasa,Nhiều Nhà Xuất Bản,9781035132164,Bìa mềm,,2023-12-21,Nhà sách Fahasa,available,1000,True,True,True
279037750,Sách ngoại văn: The Business 2.0 B1+ Intermediate - Student's Book With eBook And Resources,432600,446000,3,0,0,0,nhieu tac gia,Fahasa,Nhiều Nhà Xuất Bản,9781035132133,Bìa mềm,,2023-12-21,Nhà sách Fahasa,available,1000,True,True,True
279033190,Sách ngoại văn: The Story Garden - Teacher’s Book 1 With Digital Code,340400,351000,3,0,0,0,nhieu tac gia,Fahasa,Nhiều Nhà Xuất Bản,9788853632838,Bìa mềm,,2023-12-21,Nhà sách Fahasa,available,1000,True,True,True
279033120,Sách ngoại văn: Hats On Top - Student’s Book Level 1 With eBook And Audio,380200,392000,3,0,0,0,nhieu tac gia,Fahasa,Nhiều Nhà Xuất Bản,9781380078391,Bìa mềm,,2023-12-21,Nhà sách Fahasa,available,1000,True,True,True
279033098,Sách ngoại văn: The Story Garden - Teacher’s Book 5 With Digital Code,340400,351000,3,0,0,0,nhieu tac gia,Fahasa,Nhiều Nhà Xuất Bản,9788853632876,Bìa mềm,,2023-12-21,Nhà sách Fahasa,available,1000,True,True,True
279033078,Sách ngoại văn: The Story Garden - Teacher’s Book 6 With Digital Code,340400,351000,3,0,0,0,nhieu tac gia,Fahasa,Nhiều Nhà Xuất Bản,9788853632883,Bìa mềm,,2023-12-21,Nhà sách Fahasa,available,1000,True,True,True
279032707,Sách ngoại văn: Ready For Planet English - Pre-Intermediate - Student's Book With Digital Book,271600,280000,3,0,0,0,nhieu tac gia,Fahasa,Nhiều Nhà Xuất Bản,9788853633125,Bìa mềm,,2023-12-21,Nhà sách Fahasa,available,1000,True,True,True
279032657,Sách ngoại văn: Ready For Planet English - Intermediate - Student's Book With Digital Book,280200,295000,5,0,0,0,nhieu tac gia,Fahasa,Nhiều Nhà Xuất Bản,9788853633149,Bìa mềm,,2023-12-21,Nhà sách Fahasa,available,1000,True,True,True
279030790,Sách ngoại văn: Grammar Goals - Teacher’s Book Level 6 With Class Audio CD (American Edition),433500,447000,3,0,0,0,Dave Tucker,Fahasa,Macmillan Education,9780230446489,Bìa mềm,,2023-12-21,Nhà sách Fahasa,available,1000,True,True,True
279030006,Sách ngoại văn: Grammar Plus - A1 + Audio CD,217200,224000,3,0,0,0,nhieu tac gia,Fahasa,Nhiều Nhà Xuất Bản,9788853615299,Bìa mềm,,2023-12-21,Nhà sách Fahasa,available,1000,True,True,True
279029184,Sách ngoại văn: Grammar Plus - A2 + Audio CD,217200,224000,3,0,0,1,nhieu tac gia,Fahasa,Nhiều Nhà Xuất Bản,9788853615695,Bìa mềm,,2023-12-21,Nhà sách Fahasa,available,1000,True,True,True
279028859,Sách ngoại văn: Grammar Plus - B2 + Audio CD,217200,224000,3,0,0,0,nhieu tac gia,Fahasa,Nhiều Nhà Xuất Bản,9788853615312,Bìa mềm,,2023-12-21,Nhà sách Fahasa,available,1000,True,True,True
279027589,Sách ngoại văn: English World 4 GPB,101800,105000,3,0,0,0,L Hocking and M Bowen,Macmillan Publishers,Nhiều Nhà Xuất Bản,9780230032071,Bìa mềm,,2023-12-21,Nhà sách Fahasa,available,1000,True,True,True
279027555,Sách ngoại văn: Get Ready for Business 2 SB,240500,248000,3,0,0,0,Dorothy E Zemach,Macmillan Publishers,Nhiều Nhà Xuất Bản,9780230039858,Bìa mềm,,2023-12-21,Nhà sách Fahasa,available,1000,True,True,True
277369449,Sách ngoại văn: American Impact Foundation - Student Book With Online Workbook,377300,389000,3,0,0,0,Crandall,Cengage,Đang cập nhật,9781337743808,Bìa mềm,,2023-12-21,Nhà sách Fahasa,available,1000,True,True,True
276809682,Sách ngoại văn: Evolve 2 - Student's Book With Digital Pack,657600,678000,3,0,0,0,"Lindsay Clandfield,  Ben Goldstein,  Ceri Jones,  Philip Kerr",Cambridge University Press,Cambridge University Press,9781009231794,Bìa mềm,,2023-12-21,Nhà sách Fahasa,available,1000,True,True,True
276809412,Sách ngoại văn: Shape It! 2 - Workbook With Ebook,311300,327000,5,0,0,0,Annie Cornford,Cambridge University Press,Cambridge University Press,9781009043021,Bìa mềm,,2023-12-21,Nhà sách Fahasa,available,1000,True,True,True
276809218,Sách ngoại văn: Cam Primary Mathematics 2 - Learner's Book With Digital Access (1 Year) (2nd Edition),524700,554000,5,0,0,0,"Cherri Moseley,  Janet Rees",Cambridge University Press,Cambridge University Press,9781108746441,Bìa mềm,,2023-12-21,Nhà sách Fahasa,available,1000,True,True,True
276684945,"The Princeton Review TOEFL iBT Prep With Audio/Listening Tracks, 18th Edition",847700,906000,6,0,0,0,The Princeton Review,Penguin Books,Princeton Review,9780593517444,Bìa mềm,,2023-12-21,Nhà sách Fahasa,available,1000,True,True,True
276566369,Happy Campers 2 - Student's Book With Student’s eBook And Student’s App (2nd Edition),319100,329000,3,0,0,0,"Angela Llanas,  Libby Williams",Fahasa,Macmillan _,9781380079701,Bìa mềm,,2023-12-21,Nhà sách Fahasa,available,1000,True,True,True
276566367,Give Me Five! 5 - Activity Book,227900,235000,3,0,0,1,"Donna Shaw,  Rob Sved",Fahasa,Macmillan _,9781035108886,Bìa mềm,,2023-12-21,Nhà sách Fahasa,available,1000,True,True,True
276566329,Grammar Goals 2 - Pupil's Book With eBook And Student's Resource Centre Pack,319100,329000,3,0,0,0,"Nicole Taylor,  Michael Watts",Fahasa,Macmillan _,9781035134793,Bìa mềm,,2023-12-21,Nhà sách Fahasa,available,1000,True,True,True
275941883,Think Level 3 Work Book - 2nd Edition,159000,164000,3,0,0,1,"Herbert Puchta,  Jeff Stranks,  Peter Lewis-Jones",Cambridge University Press,Cambridge University Press,9781009434027,Bìa mềm,,2023-12-21,Nhà sách Fahasa,available,1000,True,True,True
274807454,Move! - Student's Book & Digital Book - Preparation For The A1 Movers Cambridge English Qualifications,222100,229000,3,5,1,5,...,Fahasa,Đang cập nhật,9788853632920,Bìa mềm,,2023-12-21,Nhà sách Fahasa,available,1000,True,True,True
274807421,Fly! - Student's Book & Digital Book - Cambridge English Qualifications For Young Learners Exams,222100,229000,3,0,0,4,Viv Lambert,Fahasa,Đang cập nhật,9788853632944,Bìa mềm,,2023-12-21,Nhà sách Fahasa,available,1000,True,True,True
274678042,Dominoes 2 Saladin,95000,100000,5,0,0,1,...,Đang cập nhật,Đang cập nhật,9780194248945,Bìa mềm,,2023-12-21,Nhà sách Fahasa,available,1000,True,True,True
274676634,Dominoes 3 The Vesuvius Mosaic,97800,103000,5,0,0,0,...,Đang cập nhật,Đang cập nhật,9780194248297,Bìa mềm,,2023-12-21,Nhà sách Fahasa,available,1000,True,True,True
274673213,English File: Upper-Intermediate: Workbook With Key,329600,347000,5,0,0,1,...,Đang cập nhật,Đang cập nhật,9780194039888,Bìa mềm,,2023-12-21,Nhà sách Fahasa,available,1000,True,True,True
274673157,English File: Upper Intermediate: Student's Book With Online Practice,520600,548000,5,0,0,3,...,Đang cập nhật,Đang cập nhật,9780194039697,Bìa mềm,,2023-12-21,Nhà sách Fahasa,available,1000,True,True,True
274673155,Bright Ideas: Level 1: Activity Book With Online Practice,492100,518000,5,0,0,1,...,Đang cập nhật,Đang cập nhật,9780194110471,Bìa mềm,,2023-12-21,Nhà sách Fahasa,available,1000,True,True,True
192988740,Happy Campers Level 1 Skills Book,179400,185000,3,0,0,0,"Angela Llanas, Elizabeth Williams",Macmillan Publishers,Macmillan Education,9780230470743,,,,Nhà sách Fahasa,available,1000,True,False,True
174182884,Happy Campers Level 6 Student's Book/Language Lodge,273500,282000,3,0,0,0,"Angela Llanas, Elizabeth Williams",Macmillan Publishers,Macmillan Education,9780230472488,,,,Nhà sách Fahasa,available,1000,True,True,True
172025148,Evolve Level 2 Workbook With Audio,272500,281000,3,5,1,1,,Cambridge University Press,Cambridge University Press,9781108408981,,,,Nhà sách Fahasa,available,1000,True,True,True
115968104,Happy Campers Level 6 Teacher's Edition Pack,831200,857000,3,0,0,0,"Gabriel Diaz Maggioli,  Lesley Painter Farrell",Macmillan Publishers,Macmillan Education,9780230473737,,,,Nhà sách Fahasa,available,1000,True,True,True
42838986,Cambridge Young Learners English Tests Starters 5 Answer Booklet,31000,35000,11,0,0,4,Cambridge ESOL,Cambridge,,9780521693257,,,,Nhà sách Fahasa,available,1000,True,False,True
42838980,Cambridge Young Learners English Tests Second edition Starters 3 Answer Booklet,31000,35000,11,5,3,13,Cambridge ESOL,Cambridge,,9780521693615,,,,Nhà sách Fahasa,available,1000,True,False,True
39359885,Our World Ame 3 Workbook + Wbaudio Cd,192000,198000,3,0,0,0,,,,9781133945017,,,,Nhà sách Fahasa,available,1000,True,True,True
34752781,Oxford English for Careers Tourism 2 Student’s Book,441700,465000,5,0,0,4,Robin Walker,Oxford,,9780194551038,,,,Nhà sách Fahasa,available,1000,True,True,True
279237145,Sách ngoại văn: Sách Ngoại Văn - Giáo trình Pathways LS & Critical Thinking 3rd Edition,391400,412000,5,0,0,0,nhieu tac gia,Cengage,Heinle ELT,1748248739795-cf,Bìa mềm,,2023-12-21,Nhà sách Fahasa,available,1000,True,True,True
279199004,Sách ngoại văn: Time Zones Ame 4 - Student's Book + Spark Sticker,363700,375000,3,0,0,0,Jennifer Wilkin,Fahasa,Cengage Learning,9798214380278,Bìa mềm,,2023-12-21,Nhà sách Fahasa,available,1000,True,True,True
279045016,Sách ngoại văn: E-Future Discovery 1-1 (30 Words),257000,265000,3,0,0,0,nhieu tac gia,"E-Future.Co.,Ltd",Nhiều Nhà Xuất Bản,9791194672005,Bìa mềm,,2023-12-21,Nhà sách Fahasa,available,1000,True,True,True
279044946,Sách ngoại văn: E-Future Discovery 2-2 (60 Words),257000,265000,3,0,0,0,nhieu tac gia,"E-Future.Co.,Ltd",Nhiều Nhà Xuất Bản,9791194672043,Bìa mềm,,2023-12-21,Nhà sách Fahasa,available,1000,True,True,True
279043626,Sách ngoại văn: E-Future Discovery 3-3 (100 Words),257000,265000,3,0,0,0,nhieu tac gia,"E-Future.Co.,Ltd",Nhiều Nhà Xuất Bản,9791194672081,Bìa mềm,,2023-12-21,Nhà sách Fahasa,available,1000,True,True,True
279043122,Sách ngoại văn: E-Future Discovery 4-3 (150 Words),257000,265000,3,0,0,0,nhieu tac gia,"E-Future.Co.,Ltd",Nhiều Nhà Xuất Bản,9791194672111,Bìa mềm,,2023-12-21,Nhà sách Fahasa,available,1000,True,True,True
279043102,Sách ngoại văn: E-Future Discovery 4-2 (130 Words),257000,265000,3,0,0,0,nhieu tac gia,"E-Future.Co.,Ltd",Nhiều Nhà Xuất Bản,9791194672104,Bìa mềm,,2023-12-21,Nhà sách Fahasa,available,1000,True,True,True
279042930,"Sách ngoại văn: Ready, Steady, Grow! BrE Activity Book Level 2",209500,216000,3,0,0,0,nhieu tac gia,Cambridge University Press,Nhiều Nhà Xuất Bản,9781009830560,Bìa mềm,,2023-12-21,Nhà sách Fahasa,available,1000,True,True,True
279042872,"Sách ngoại văn: Ready, Steady, Grow! BrE Pupil's Book With Digital Pack Level 2",368600,380000,3,0,0,0,nhieu tac gia,Cambridge University Press,Nhiều Nhà Xuất Bản,9781009830539,Bìa mềm,,2023-12-21,Nhà sách Fahasa,available,1000,True,True,True
279042163,Sách ngoại văn: Impact BrE 2E Foundation Student's Book + Spark Sticker,386000,398000,3,0,0,0,nhieu tac gia,Cengage,Nhiều Nhà Xuất Bản,9798214175966,Bìa mềm,,2023-12-21,Nhà sách Fahasa,available,1000,True,True,True
278058357,Sách ngoại văn: Kid's Box New Generation - Activity Book With Digital Pack 3,322000,339000,5,0,0,0,"Caroline Nixon,  Michael Tomlinson",Cambridge University Press,Cambridge University Press,9781009824705,Bìa mềm,,2023-12-21,Nhà sách Fahasa,available,1000,True,True,True
278058343,Sách ngoại văn: World Link 2 - Workbook (Fourth Edition),254100,262000,3,0,0,0,"Nancy Douglas,  James R. Morgan,  John Hughes",Cengage,National Geographic,9780357503867,Bìa mềm,,2023-12-21,Nhà sách Fahasa,available,1000,True,True,True
274677325,Gold Experience 2nd Edition A1 Student's Book And eBook With Online Practice,588700,607000,3,5,1,4,...,Đang cập nhật,Đang cập nhật,9781292392752,Bìa mềm,,2023-12-21,Nhà sách Fahasa,available,1000,True,True,True
274675958,Optimise B1+ Workbook With Key And Digital Workbook,226900,234000,3,0,0,0,...,Đang cập nhật,Đang cập nhật,9781380067173,Bìa mềm,,2023-12-21,Nhà sách Fahasa,available,1000,True,True,True
274673603,Gold Experience 2nd Edition A2 Student's Book And eBook With Online Practice,588700,607000,3,0,0,1,...,Đang cập nhật,Đang cập nhật,9781292392776,Bìa mềm,,2023-12-21,Nhà sách Fahasa,available,1000,True,True,True
270766851,Motivate! 4 Workbook With Audio CD,203700,210000,3,0,0,1,Olivia Johnston,Fahasa,Macmillan _,9781380075918,,,,Nhà sách Fahasa,available,1000,True,True,True
270253723,Cambridge Global English Workbook 3 With Digital Access (1 Year) 2nd Edition,308700,333000,7,0,0,21,"Elly Schottman,  Caroline Linse,  Kathryn Harper",Cambridge University Press,Cambridge University Press,9781108963664,,,,Nhà sách Fahasa,available,1000,True,True,True
270134927,Cambridge Global English Learner's Book 8 With Digital Access (1 Year) - 2nd Edition,788600,837000,6,0,0,7,Libby Mitchell,Cambridge University Press,Cambridge University Press,9781108816649,Bìa cứng,,2024-03-13,Nhà sách Fahasa,available,1000,True,True,True
270134914,Next Move Level 6 Student Book + eBook Pack,329800,340000,3,0,0,1,Viv Lambert,Macmillan Publishers,Macmillan Education,9781035107834,,,,Nhà sách Fahasa,available,1000,True,True,True
270134906,Cambridge Global English Workbook 8 With Digital Access (1 Year) - 2nd Edition,448100,475000,6,0,0,5,"Olivia Johnston,  Libby Mitchell",Cambridge University Press,Cambridge University Press,9781108963718,Bìa cứng,,2024-03-13,Nhà sách Fahasa,available,1000,True,True,True
270052961,Prepare Level 6 Workbook With Digital Pack,308400,318000,3,0,0,2,David McKeegan,Cambridge University Press,Cambridge University Press,9781009032230,,,,Nhà sách Fahasa,available,1000,True,True,True
258215844,Motivate! Level 3 Workbook Includes Audio,210400,217000,3,0,0,0,Olivia Johnston,Fahasa,Macmillan Education,9781380075901,,,,Nhà sách Fahasa,available,1000,True,True,True
204056087,Combo Exploring Reading - Set of 5 Books,465600,480000,3,0,0,1,Scholastic,Scholastic,Scholastic,combo-0211202203,,,,Nhà sách Fahasa,available,1000,True,True,True
204056041,Combo Super Minds Starter: Student's Book with DVD-ROM + Workbook,305500,315000,3,0,0,35,"Herbert Puchta,  Gunter Gerngross,  Peter Lewis Jones",Cambridge University Press,Cambridge University Press,combo-9781107643741-9781107664166,,,,Nhà sách Fahasa,available,1000,True,True,True
204055911,Combo Super Safari Level 3: Pupil's Book with DVD-ROM + Activity Book,319900,344000,7,5,2,13,Herbert Puchta,Cambridge University Press,Cambridge University Press,combo-9781316509944-9781316509913,,,,Nhà sách Fahasa,available,1000,True,True,True
193101776,My Best Reading 4 Student Book,238600,246000,3,0,0,0,e-future,"E-Future.Co.,Ltd","E-Future.Co.,Ltd",9791156807704,,,,Nhà sách Fahasa,available,1000,True,True,True
193101549,My Best Reading 2 Student Book,238600,246000,3,0,0,0,e-future,"E-Future.Co.,Ltd","E-Future.Co.,Ltd",9791156807681,,,,Nhà sách Fahasa,available,1000,True,True,True
191779779,My Next Reading 2 Student Book,238600,246000,3,0,0,0,e-future,"E-Future.Co.,Ltd","E-Future.Co.,Ltd",9791156807629,,,,Nhà sách Fahasa,available,1000,True,False,True
174182728,Plpr1: William Tell,42600,44000,3,0,0,0,Friedrich Von Schiller,Pearson Education,Pearson Education Limited,9781408231555,,,,Nhà sách Fahasa,available,1000,True,True,True
152705211,IELTS Grammar For Bands 6.5 And Above With Answers And Downloadable Audio,659300,724000,9,5,14,72,"Diana Hopkins,  Pauline Cullen",Cambridge University Press,Cambridge University Press,9781108901062,,,,Nhà sách Fahasa,available,1000,True,True,True
117375084,Team Together Activity Book Level 6,247300,255000,3,0,0,0,"Anna Osborn,  Robert Quinn",Pearson Education,Pearson Education,9781292292625,,,,Nhà sách Fahasa,available,1000,True,False,True
116878115,Big Science 4 Teacher's Book,1430700,1475000,3,0,0,0,Pearson,Pearson Education,Pearson,9781292144559,,,,Nhà sách Fahasa,available,1000,True,True,True
116567324,Language Hub Advanced Teacher's Book With Navio App,1102800,1251000,12,0,0,0,Robert Dunnett,Macmillan Publishers,Macmillan Education,9781380017529,,,,Nhà sách Fahasa,available,1000,True,True,True
116567044,StartUp Workbook Level 5,289000,298000,3,0,0,0,Pearson,Pearson Education,Pearson,9780135177471,,,,Nhà sách Fahasa,available,1000,True,True,True
91545483,Go Beyond Workbook 1,294800,304000,3,0,0,1,"Andy Harvey,  Louis Rogers",Macmillan Publishers,Macmillan Education,9781380032690,,,,Nhà sách Fahasa,available,1000,True,False,True
74036135,Speakout Pre-Intermediate 2nd Edition Workbook With Key,149300,154000,3,2.3,3,10,Mr Damian Williams,Pearson Education,Pearson Longman,9781447976974,,,,Nhà sách Fahasa,available,1000,True,True,True
25002245,Super Safari Level 3 Pupil's Book with DVD-ROM,177600,206000,14,4.8,9,77,Herbert Puchta,Cambridge University Press,Cambridge University Press,9781316509913,,,2015-11-01,Nhà sách Fahasa,available,1000,True,True,True
22955380,Big English 2ed PTE YL WB6 VN,116400,132000,12,0,0,2,Mario Herrra,Pearson,,9781292271606,,,,Nhà sách Fahasa,available,1000,True,False,True
549174,Sách Access Grade 8 Workbook,119300,123000,3,5,40,199,Virginia Evans - Jenny Dooley,Đại Trường Phát,Oxford University Press,9786049458026,Bìa mềm,,2016-09-01,Nhà sách Fahasa,available,1000,True,True,True
549158,Sách Access Grade 6 Workbook,103700,118000,12,5,3,32,Virginia Evans - Jenny Dooley,Đại Trường Phát,Oxford University Press,9786049458002,Bìa mềm,,2016-09-01,Nhà sách Fahasa,available,1000,True,True,True
279270238,Sách ngoại văn: Lift 3 Language Companion,245000,245000,0,0,0,0,National Geographic Learning,Cengage,National Geographic,9780357501238,Bìa mềm,,2023-12-21,Nhà sách Fahasa,available,1000,True,True,True
279270174,Sách ngoại văn: Lift 2 Language Companion,245000,245000,0,0,0,0,National Geographic Learning,Cengage,National Geographic,9780357501221,Bìa mềm,,2023-12-21,Nhà sách Fahasa,available,1000,True,True,True
279270134,Sách ngoại văn: Lift 1 Student's Book And Sticker Code,1226000,1226000,0,0,0,0,Kate Adams,Cengage,Heinle ELT,9780357501177,Bìa mềm,,2023-12-21,Nhà sách Fahasa,available,1000,True,True,True
279270130,Sách ngoại văn: Lift 1 Language Companion,245000,245000,0,0,0,0,National Geographic Learning,Cengage,National Geographic,9780357501214,Bìa mềm,,2023-12-21,Nhà sách Fahasa,available,1000,True,True,True
279247025,Sách ngoại văn: Sách Ngoại Văn – American Grammar Goals – Student's Book Pack,284000,299000,5,0,0,0,nhieu tac gia,Fahasa,Macmillan Education,1751362137415-cf,Bìa mềm,,2023-12-21,Nhà sách Fahasa,available,1000,True,True,True
279242939,Sách ngoại văn: Sách Ngoại Văn - Giáo Trình Kid's Box Second Edition,211800,223000,5,0,0,0,"Caroline Nixon,  Michael Tomlinson",Cambridge University Press,Cambridge University Press,1748248737489-cf,Bìa mềm,,2023-12-21,Nhà sách Fahasa,available,1000,True,True,True
279237503,Sách ngoại văn: Sách Ngoại Văn - Kid's Box New Generation,292600,308000,5,0,0,0,"Caroline Nixon,  Michael Tomlinson",Cambridge University Press,Cambridge University Press,1751362134106-cf,Bìa mềm,,2023-12-21,Nhà sách Fahasa,available,1000,True,True,True
279044380,Sách ngoại văn: Trailblazer Student's Book + Spark Sticker 1,386000,398000,3,0,0,0,nhieu tac gia,Cengage,Nhiều Nhà Xuất Bản,9780357961766,Bìa mềm,,2023-12-21,Nhà sách Fahasa,available,1000,True,True,True
279043873,Sách ngoại văn: Trailblazer Workbook 1,257000,265000,3,0,0,0,nhieu tac gia,Cengage,Nhiều Nhà Xuất Bản,9780357961803,Bìa mềm,,2023-12-21,Nhà sách Fahasa,available,1000,True,True,True
279043310,Sách ngoại văn: Trailblazer Starter Student's Book + Spark Sticker,386000,398000,3,0,0,0,nhieu tac gia,Cengage,Nhiều Nhà Xuất Bản,9780357961483,Bìa mềm,,2023-12-21,Nhà sách Fahasa,available,1000,True,True,True
279027405,Sách ngoại văn: KEYNOTE AME 3 STUDENT BOOK/MYKEYNOTEONLINE STICKER,336000,336000,0,0,0,0,"Helen Stephenson,  Paul Dummett,  Lewis Lansford",Cengage,Nhiều Nhà Xuất Bản,9781337104128,Bìa mềm,,2023-12-21,Nhà sách Fahasa,available,1000,True,True,True
279025924,Sách ngoại văn: Hand in Hand 5 Student Book,243400,251000,3,0,0,0,e-future,"E-Future.Co.,Ltd",E-Future,9791156808213,Bìa mềm,,2023-12-21,Nhà sách Fahasa,available,1000,True,True,True
278627891,Sách ngoại văn: Perspectives - American English - Student's Book - Spark Sticker 1,448100,462000,3,0,0,0,Lewis Lansford,Cengage,Heinle ELT,9798214334592,Bìa mềm,,2023-12-21,Nhà sách Fahasa,available,1000,True,True,True
278058351,Sách ngoại văn: Kid's Box New Generation - Pupil's Book With Ebook 1,367600,387000,5,0,0,1,"Caroline Nixon,  Michael Tomlinson",Cambridge University Press,Cambridge University Press,9781009824620,Bìa mềm,,2023-12-21,Nhà sách Fahasa,available,1000,True,True,True
274677038,Buzz Starter Workbook,209000,220000,5,0,0,2,...,Đang cập nhật,Đang cập nhật,9780194864398,Bìa mềm,,2023-12-21,Nhà sách Fahasa,available,1000,True,True,True
274674900,A2 Key 2 For The Revised 2020 Exam SB With Answers With Audio With Resource Bank,202300,213000,5,0,0,17,...,Đang cập nhật,Đang cập nhật,9781009800761,Bìa mềm,,2023-12-21,Nhà sách Fahasa,available,1000,True,True,True
274673176,Harmonize 2 Student Book With Online Practice A2 Level,366700,386000,5,5,1,2,...,Đang cập nhật,Đang cập nhật,9780194082518,Bìa mềm,,2023-12-21,Nhà sách Fahasa,available,1000,True,True,True
274673167,Smart Choice Starter: Workbook 4th Edition,225100,237000,5,0,0,1,...,Đang cập nhật,Đang cập nhật,9780194061780,Bìa mềm,,2023-12-21,Nhà sách Fahasa,available,1000,True,True,True
274673149,Harmonize 3 Student Book With Online Practice B1 Level,366700,386000,5,0,0,3,...,Đang cập nhật,Đang cập nhật,9780194082686,Bìa mềm,,2023-12-21,Nhà sách Fahasa,available,1000,True,True,True
274673133,Harmonize 4 Student Book With Online Practice B1+ Level,366700,386000,5,0,0,1,...,Đang cập nhật,Đang cập nhật,9780194082853,Bìa mềm,,2023-12-21,Nhà sách Fahasa,available,1000,True,True,True
271441790,Grammar In Context 1 - 7th Edition,490800,506000,3,2,1,3,,Cengage,Cengage,9780357802939,,,,Nhà sách Fahasa,available,1000,True,True,True
271291354,Prepare Level 7 Student's Book With eBook,570000,600000,5,0,0,2,"James Styring,  Nicholas Tims,  Helen Chilton",Cambridge University Press,Cambridge University Press,9781009032476,,,,Nhà sách Fahasa,available,1000,True,True,True
271100460,Doodle Town Level 3 Student´s Book + Navio App 2nd Edition,316300,333000,5,0,0,2,"Caroline Linse,  Elly Schottman",Fahasa,Macmillan Education,9781380054999,,,,Nhà sách Fahasa,available,1000,True,True,True
270766843,Motivate! 4 Student's Book Pack,380200,392000,3,0,0,2,"Patrick Howarth,  Patricia Reilly",Fahasa,Macmillan _,9781380074355,,,,Nhà sách Fahasa,available,1000,True,True,True
270766841,Motivate! 3 Student's Book Pack,325900,336000,3,0,0,1,"Patrick Howarth,  Patricia Reilly",Fahasa,Macmillan _,9781380074331,,,,Nhà sách Fahasa,available,1000,True,True,True
263103085,Time Zones 3 Class Audio Cd And Video Dvd 2E,667300,688000,3,0,0,0,,Cengage,Cengage Learning,9781305260023,,,,Nhà sách Fahasa,available,1000,True,True,True
263021107,Cambridge Global English Workbook 4 With Digital Access (1 Year),315200,333000,5,0,0,14,"Kathryn Harper,  Claire Medwell",Cambridge University Press,Cambridge University Press,9781108810883,Bìa cứng,,2024-03-13,Nhà sách Fahasa,available,1000,True,True,True
252540019,Pippa And Pop Level 2 Workbook American English,216600,228000,5,0,0,5,"Colin Sage,  Caroline Nixon,  Michael Tomlinson",Cambridge University Press,Cambridge University Press,9781009403474,Bìa cứng,,2024-03-13,Nhà sách Fahasa,available,1000,True,True,True
212960315,Look And See AME 2 Teacher's Book + ABC Poster,600400,619000,3,0,0,0,Susannah Reed,Cengage,National Geographic,9780357424957,,,,Nhà sách Fahasa,available,1000,True,True,True
204056068,Combo Prepare A2 Level 2: Student's Book + Workbook With Audio Download,364800,384000,5,5,4,87,Nhiều tác giả,Cambridge University Press,Cambridge University Press,combo-9781108825948-9781108919289,,,,Nhà sách Fahasa,available,1000,True,True,True
193102161,My Best Reading 5 Student Book,238600,246000,3,0,0,0,e-future,"E-Future.Co.,Ltd","E-Future.Co.,Ltd",9791156807711,,,,Nhà sách Fahasa,available,1000,True,True,True
192988857,In Company 3.0 Inter SB pack,493700,509000,3,0,0,1,M Powell,Macmillan Publishers,Macmillan ELT,9780230455238,,,,Nhà sách Fahasa,available,1000,True,True,True
192988572,Outcomes Bre Inter Student Book + Access Code + Class Dvd,405400,418000,3,0,0,3,"Hugh Dellar, Andrew Walkley",Cengage,Cengage Learning,9781305093348,,,,Nhà sách Fahasa,available,1000,True,True,True
190695413,Hand in Hand 6 Student Book,267700,276000,3,0,0,0,e-future,"E-Future.Co.,Ltd","E-Future.Co.,Ltd",9791156808220,,,,Nhà sách Fahasa,available,1000,True,False,True
92503669,Look 4 Student Book (British English),300200,316000,5,5,3,10,Rob Sved,Cengage,National Geographic,9781337710923,,,,Nhà sách Fahasa,available,1000,True,False,True
55681092,Little Learning Stars Pupil's and Activity Book Combined,286100,295000,3,5,1,3,,Macmillan Publishers,Macmillan Education,9780230455856,,,,Nhà sách Fahasa,available,1000,True,False,True
55289015,Look 5: Workbook With Online Practice,253600,267000,5,5,3,25,Cengage Learning,Cengage,Cengage Learning,9780357122082,,,,Nhà sách Fahasa,available,1000,True,True,True
55288066,Compact Key For Schools 2nd Edition Workbook Without Answers With Audio Download,175700,185000,5,5,1,24,Frances Treloar,Cambridge University Press,Cambridge University Press,9781108614047,,,,Nhà sách Fahasa,available,1000,True,False,True
43981749,Solution Grade 12,206100,217000,5,5,1,13,"Tim Falla,  Paul A Davices",Oxford,,9780194552684,,,,Nhà sách Fahasa,available,1000,True,True,True
22955928,Objective Key Workbook With Answers Vietnam Edition 2,114000,132000,14,5,4,50,Wendy Sharp,Cambridge,,9781108710619,,,,Nhà sách Fahasa,available,1000,True,True,True
279242576,Sách ngoại văn: Sách Giáo Trình Học Tiếng Anh Cấp 1 - Power Up!,323900,341000,5,0,0,0,nhieu tac gia,Cambridge University Press,Cambridge University Press,1746431377474-cf,Bìa mềm,,2023-12-21,Nhà sách Fahasa,available,1000,True,True,True
279241891,Sách ngoại văn: Sách Giáo Trình Học Tiếng Anh Cấp 3 & Người Lớn Life Student's Book 2nd Edition With Code Spark,247000,260000,5,0,0,0,John Hughes,Cengage,Cengage,1746431378778-cf,Bìa mềm,,2023-12-21,Nhà sách Fahasa,available,1000,True,True,True
279241886,Sách ngoại văn: Sách Luyện Các Kỹ Năng & Luyện Thi Tiếng Anh Complete Key For Schools 2nd Edition,247000,260000,5,0,0,0,nhieu tac gia,Cambridge University Press,Cambridge University Press,1746431378377-cf,Bìa mềm,,2023-12-21,Nhà sách Fahasa,available,1000,True,True,True
279241853,Sách ngoại văn: Sách Giáo Trình Học Tiếng Anh Cấp 1 - Look And See Ame,189000,199000,5,0,0,0,Susannah Reed,Cengage,National Geographic,1746431377675-cf,Bìa mềm,,2023-12-21,Nhà sách Fahasa,available,1000,True,True,True
279241819,"Sách ngoại văn: Sách luyện các kỹ năng & luyện thi tiếng Anh Fun for Starters, Movers and Flyers",398000,419000,5,0,0,0,"Anne Robinson, Karen Saxby",Cambridge University Press,Cambridge University Press,1746431377976-cf,Bìa mềm,,2023-12-21,Nhà sách Fahasa,available,1000,True,True,True
279238128,Sách ngoại văn: Sách Giáo Trình Học Tiếng Anh Cấp 3 & Người Lớn Bre Student's Book,217500,229000,5,0,0,0,nhieu tac gia,Fahasa,Cengage Learning,1746431378978-cf,Bìa mềm,,2023-12-21,Nhà sách Fahasa,available,1000,True,True,True
279199014,Sách ngoại văn: 21st Century Communication 4 - With The Spark Platform - Second Edition,366100,398000,8,0,0,0,Christien Lee,Cengage,Heinle ELT,9780357856000,Bìa mềm,,2023-12-21,Nhà sách Fahasa,available,1000,True,True,True
279042173,Sách ngoại văn: NorthStar Reading And Writing (5th Edition) Student Book With Mobile App & MyEnglishLab And Resources Level 1,1342400,1384000,3,0,0,0,nhieu tac gia,Pearson Education,Nhiều Nhà Xuất Bản,9780135227015,Bìa mềm,,2023-12-21,Nhà sách Fahasa,available,1000,True,True,True
279041565,Sách ngoại văn: 1200 Words For Tests Movers 1,171600,177000,3,0,0,0,e-future,"E-Future.Co.,Ltd",Nhiều Nhà Xuất Bản,9791194672210,Bìa mềm,,2023-12-21,Nhà sách Fahasa,available,1000,True,True,True
279041386,Sách ngoại văn: 1200 Words For Tests Flyers 1,171600,177000,3,0,0,0,e-future,"E-Future.Co.,Ltd",Nhiều Nhà Xuất Bản,9791194672241,Bìa mềm,,2023-12-21,Nhà sách Fahasa,available,1000,True,True,True
279041270,Sách ngoại văn: Life Bre 3E Elementary Student's Book + Spark Sticker,399600,412000,3,0,0,0,"John Hughes,  Paul Dummett,  Helen Stephenson",Cengage,Nhiều Nhà Xuất Bản,9798214180526,Bìa mềm,,2023-12-21,Nhà sách Fahasa,available,1000,True,True,True
279041032,Sách ngoại văn: GoGetter Student's Book & eBook Level 1,342400,353000,3,0,0,0,Pearson,Pearson Education,Nhiều Nhà Xuất Bản,9781292393292,Bìa mềm,,2023-12-21,Nhà sách Fahasa,available,1000,True,True,True
279040587,Sách ngoại văn: Gold Experience 2nd Student's Book and Ebook Level A1,331700,336000,1,0,0,0,Carolyn Barraclough,Pearson Education,Nhiều Nhà Xuất Bản,9781292392745,Bìa mềm,,2023-12-21,Nhà sách Fahasa,available,1000,True,True,True
279028857,Sách ngoại văn: CT Beginning Japanese 2,617800,637000,3,0,0,0,nhieu tac gia,Berkeley Books,Nhiều Nhà Xuất Bản,9780804845281,Bìa mềm,,2023-12-21,Nhà sách Fahasa,available,1000,True,True,True
279026077,Sách ngoại văn: Hand in Hand 4 Workbook,146400,151000,3,0,0,0,e-future,"E-Future.Co.,Ltd",E-Future,9791156808275,Bìa mềm,,2023-12-21,Nhà sách Fahasa,available,1000,True,True,True
278906574,Sách ngoại văn: NorthStar Listening And Speaking (5th Edition) Student Book With Mobile App & My EnglishLab And Resources Level 1,1445900,1522000,5,0,0,0,Laurie Barton,Pearson Education,Pearson Education,9780135226971,Bìa mềm,,2023-12-21,Nhà sách Fahasa,available,1000,True,True,True
278151756,Sách ngoại văn: Imagine Level 6 Bre Student's Book + Spark / Ebook,311300,321000,3,0,0,0,Katherine Stannett,Cengage,Cengage Learning,9780357911778,Bìa mềm,,2023-12-21,Nhà sách Fahasa,available,1000,True,True,True
276016788,Cambridge Primary Science Learner's Book 1 With Digital Access (1 Year) 2nd Edition,492700,521000,5,0,0,3,Alan Cross,Cambridge University Press,Cambridge University Press,9781108742726,Bìa mềm,,2023-12-21,Nhà sách Fahasa,available,1000,True,True,True
276016786,Cambridge Primary Science Workbook 1 With Digital Access (1 Year) 2nd Edition,242500,256000,5,0,0,2,Alan Cross,Cambridge University Press,Cambridge University Press,9781108742733,Bìa mềm,,2023-12-21,Nhà sách Fahasa,available,1000,True,True,True
274676728,Buzz 3 Student Book With Online Practice,331500,349000,5,0,0,1,...,Đang cập nhật,Đang cập nhật,9780194865456,Bìa mềm,,2023-12-21,Nhà sách Fahasa,available,1000,True,True,True
274676005,Headway 5th Edition: Pre-Intermediate: Student's Book B With Online Practice (Units 7 - 12),237500,250000,5,0,0,1,...,Đang cập nhật,Đang cập nhật,9780194527774,Bìa mềm,,2023-12-21,Nhà sách Fahasa,available,1000,True,True,True
274674848,Global Stage Level 4 Language And Literacy Books With Digital Language And Literacy Books And Navio App,1067900,1101000,3,0,0,1,...,Đang cập nhật,Đang cập nhật,9781380087232,Bìa mềm,,2023-12-21,Nhà sách Fahasa,available,1000,True,True,True
274674364,Impact 3 Student Book With Online Workbook (American English),377300,389000,3,0,0,2,...,Đang cập nhật,Đang cập nhật,9781337610940,Bìa mềm,,2023-12-21,Nhà sách Fahasa,available,1000,True,True,True
274673231,Smart Choice Starter: Student Book With Online Practice 4th Edition,451200,475000,5,0,0,2,...,Đang cập nhật,Đang cập nhật,9780194061742,Bìa mềm,,2023-12-21,Nhà sách Fahasa,available,1000,True,True,True
274673165,Smart Choice Level 2: Workbook 4th Edition,225100,237000,5,0,0,2,...,Đang cập nhật,Đang cập nhật,9780194061186,Bìa mềm,,2023-12-21,Nhà sách Fahasa,available,1000,True,True,True
274673159,Smart Choice Level 1: Student Book With Online Practice 4th Edition,450300,474000,5,5,1,3,...,Đang cập nhật,Đang cập nhật,9780194060998,Bìa mềm,,2023-12-21,Nhà sách Fahasa,available,1000,True,True,True
274673143,Harmonize 1: Workbook,254600,268000,5,0,0,1,...,Đang cập nhật,Đang cập nhật,9780194067478,Bìa mềm,,2023-12-21,Nhà sách Fahasa,available,1000,True,True,True
274673137,Harmonize 3: Workbook,254600,268000,5,0,0,1,...,Đang cập nhật,Đang cập nhật,9780194067539,Bìa mềm,,2023-12-21,Nhà sách Fahasa,available,1000,True,True,True
195697044,Poptropica English American Edition 5 Workbook And Audio CD Pack,124100,128000,3,0,0,0,Laura Miller,Pearson Education,Pearson Longman,9781292112480,,,,Nhà sách Fahasa,available,1000,True,True,True
193101984,Let's Smile Starter Workbook,152000,167000,9,0,0,0,Jayne Lee,"E-Future.Co.,Ltd","E-Future.Co.,Ltd",9791191150063,,,,Nhà sách Fahasa,available,1000,True,True,True
192951211,Look And See 3: Student's Book With Online Practice And Student’s eBook,345800,364000,5,0,0,5,Susannah Reed,Cengage,National Geographic,9780357650332,,,,Nhà sách Fahasa,available,1000,True,True,True
191779297,Our World British English Level 5: Workbook With Audio CD,192000,198000,3,0,0,1,CENGAGE Learning Custom Publishing,Cengage,Cengage Learning,9781285455839,,,,Nhà sách Fahasa,available,1000,True,True,True
183930344,Smart English 3 Workbook,131900,136000,3,0,0,0,e-future,"E-Future.Co.,Ltd","E-Future.Co.,Ltd",9788956358635,,,,Nhà sách Fahasa,available,1000,True,True,True
115968089,Big English Plus American Edition 1 Workbook,233700,241000,3,0,0,0,"Christopher Sol Cruz, Mario Herrera",Pearson Education,Pearson,9781447989264,,,,Nhà sách Fahasa,available,1000,True,True,True
91833121,Tiger Time Level 2 Student Book + eBook Pack,359800,371000,3,0,0,1,"Mark Ormerod,  Carol Read",Macmillan Publishers,Macmillan Education,9781786329646,,,,Nhà sách Fahasa,available,1000,True,True,True
84873704,Big Science Student Book Level 2,359800,371000,3,0,0,7,Pearson,Pearson Education,Pearson,9781292144429,,,,Nhà sách Fahasa,available,1000,True,True,True
68984765,Kid's Box Level 1 Activity Book with Online Resources British English 2nd Edition,539300,556000,3,0,0,4,"Michael Tomlinson, Caroline Nixon",Cambridge University Press,Cambridge University Press,9781316628744,,,,Nhà sách Fahasa,available,1000,True,True,True
55287659,Academy Stars 6 WB,167800,173000,3,5,1,8,"Kathryn Harper,  Gabrielle Pritchard",Macmillan Publishers,MacMillan,9780230490321,,,,Nhà sách Fahasa,available,1000,True,True,True
48984049,Our World 1: Workbook with Audio CD (Our World British English),192000,198000,3,4.2,5,30,CENGAGE Learning Custom Publishing,Cengage,Cengage Learning,9781285455563,,,,Nhà sách Fahasa,available,1000,True,True,True
40723440,Cam English Exam Booster for Preliminary and Preliminary for Schools w/o Ans Key w Audio,317100,360000,12,0,0,4,Helen Chilton,Cambridge English,,9781316641781,,,,Nhà sách Fahasa,available,1000,True,False,True
279245503,"Sách Luyện Các Kỹ Năng & Luyện Thi Tiếng Anh Storyfun For Starters, Movers And Flyers",275500,290000,5,0,0,0,Karen Saxby,Cambridge University Press,Cambridge University Press,1746431378176-cf,Bìa mềm,,2023-12-21,Nhà sách Fahasa,available,1000,True,True,True
279243272,Sách ngoại văn: Sách - Oxford Learner’s Pocket Dictionary 4Ed,95000,100000,5,0,0,0,nhieu tac gia,Oxford University Press,Oxford University Press,1744277351341-cf,Bìa mềm,,2023-12-21,Nhà sách Fahasa,available,1000,True,True,True
279238185,"Sách ngoại văn: Sách Ngoại Văn - Giáo trình Super Minds Starter, Level 1- 5",106400,112000,5,0,0,0,"Herbert Puchta,  Gunter Gerngross,  Peter Lewis Jones",Cambridge University Press,Cambridge University Press,1748420236991-cf,Bìa mềm,,2023-12-21,Nhà sách Fahasa,available,1000,True,True,True
279230657,Sách ngoại văn: Sách Ngoại Văn - Giáo Trình Impact Ame (2nd Edition),257050,265000,3,0,0,0,nhieu tac gia,Cengage,Cengage Learning,1748248737388-cf,Bìa mềm,,2023-12-21,Nhà sách Fahasa,available,1000,True,True,True
279042189,Sách ngoại văn: Impact BrE 2E Student's Book + Spark Sticker 2,386000,398000,3,0,0,0,nhieu tac gia,Cengage,Nhiều Nhà Xuất Bản,9798214176383,Bìa mềm,,2023-12-21,Nhà sách Fahasa,available,1000,True,True,True
279038394,Sách ngoại văn: Oxford Reading Club 1 Month's Access [Code By Email 3-5 Days],64000,64000,0,0,0,0,nhieu tac gia,Oxford University Press,Nhiều Nhà Xuất Bản,9780194267090,Bìa mềm,,2023-12-21,Nhà sách Fahasa,available,1000,True,True,True
279038256,Sách ngoại văn: Life Vision Student Book With Digital Pack Level A2/B1 Pre-Intermediate,413200,435000,5,0,0,0,nhieu tac gia,Oxford University Press,Nhiều Nhà Xuất Bản,9780194080194,Bìa mềm,,2023-12-21,Nhà sách Fahasa,available,1000,True,True,True
279027737,Sách ngoại văn: Classic Tales 2 The Fisherman and his Wife N/Ed,58900,62000,5,0,0,0,Sue Arengo,Oxford University Press,Nhiều Nhà Xuất Bản,9780194239028,Bìa mềm,,2023-12-21,Nhà sách Fahasa,available,1000,True,True,True
277995891,Sách ngoại văn: Impact Ame Student's Book + Spark Sticker 1 (2nd Edition),416100,438000,5,0,0,0,Tracey Gibbins,Cengage,Cengage Learning,9798214174891,Bìa mềm,,2023-12-21,Nhà sách Fahasa,available,1000,True,True,True
277363173,Sách ngoại văn: Give Me Five! Level 3 Pupils Book With Digital Book,384700,405000,5,0,0,1,"Donna Shaw,  Joanne Ramsden",Fahasa,Macmillan _,9781035108800,Bìa mềm,,2023-12-21,Nhà sách Fahasa,available,1000,True,True,True
276656999,Tiny Talk 1B: Student Book,88300,93000,5,0,0,0,Carolyn Graham,Oxford University Press,Oxford University Press,9780194351553,Bìa mềm,,2023-12-21,Nhà sách Fahasa,available,1000,True,True,True
276429440,Brighter Ideas 6 - Student Book With Online Practice,497800,524000,5,0,0,0,"Steve Bilsborough,  Helen Casey",Oxford University Press,Oxford University Press,9780194091183,Bìa mềm,,2023-12-21,Nhà sách Fahasa,available,1000,True,True,True
276429380,Brighter Ideas 6 - Teacher's Guide With Digital Pack,973700,1025000,5,0,0,0,Cheryl Palin,Oxford University Press,Oxford University Press,9780194089821,Bìa mềm,,2023-12-21,Nhà sách Fahasa,available,1000,True,True,True
276429340,Everyboy Up 6 - Work Book (3rd Edition),200400,211000,5,0,0,0,"Kathleen Kampa,  Charles Vilina",Oxford University Press,Oxford University Press,9780194151641,Bìa mềm,,2023-12-21,Nhà sách Fahasa,available,1000,True,True,True
270053200,American English File 3rd Edition: Level 4: Workbook,163400,172000,5,5,1,3,"Christina Latham-Koenig,  Clive Oxenden",Oxford University Press,Oxford University Press,9780194906913,,,,Nhà sách Fahasa,available,1000,True,True,True
270053024,English Time 5 Student Book and Audio CD 2Ed,216600,228000,5,0,0,4,,Oxford University Press,Oxford University Press,9780194005692,,,,Nhà sách Fahasa,available,1000,True,True,True
204056039,Combo American Family And Friends Level 3: Student Book + Workbook,358100,377000,5,0,0,8,Naomi Simmons,Oxford University Press,Oxford University Press,combo-9780194816274-9780194816250,,,,Nhà sách Fahasa,available,1000,True,True,True
203843937,Oxford Thinkers: Level 1: Class Book,244100,257000,5,0,0,0,Cheryl Palin,Oxford University Press,Oxford University Press,9780194041812,,,,Nhà sách Fahasa,available,1000,True,True,True
197652416,Beehive Starter Level: Workbook,215600,227000,5,0,0,5,,Oxford University Press,Oxford University Press,9780194853521,,,,Nhà sách Fahasa,available,1000,True,True,True
197652378,Beehive Level 4: Student Book With Online Practice,403700,425000,5,0,0,9,,Oxford University Press,Oxford University Press,9780194846097,,,,Nhà sách Fahasa,available,1000,True,True,True
191780426,Power Up Level 4 Pupil's Book,404700,444000,9,0,0,12,"Michael Tomlinson, Caroline Nixon)",Cambridge University Press,Cambridge University Press,9781108413817,,,,Nhà sách Fahasa,available,1000,True,True,True
191621090,Oxford Discover Futures: Level 2: Workbook With Online Practice,369500,389000,5,5,1,8,Ben Wetz,Oxford University Press,OUP Oxford,9780194113984,,,,Nhà sách Fahasa,available,1000,True,True,True
98102314,MM Publications: Sách học tiếng Anh - The English Hub 2 Student's Book,398250,398250,0,0,0,0,H.Q Mitchell,MM PUBLICATIONS,MM PUBLICATIONS,9789605098759,Bìa mềm,,,Blue Horizon Books,available,1000,True,True,True
98080714,MM Publications: Truyện luyện đọc tiếng Anh theo trình độ - Odyssey Student'S Book (With Cd-Rom) British & American Edition,195750,195750,0,0,0,0,,MM PUBLICATIONS,MM PUBLICATIONS,9786180508963,,,,Blue Horizon Books,available,1000,True,True,True
71666839,MM Publications: Sách học tiếng Anh - Top Stars 1 Workbook (American Edition),303750,303750,0,5,1,2,,MM PUBLICATIONS,MM PUBLICATIONS,9786180510959,,,,Blue Horizon Books,available,1000,True,True,True
69323304,Let's Begin: Level 1: Student Book 5th Edition With CD Pack,200400,211000,5,4.3,4,45,Ritsuko Nakata,Oxford University Press,Oxford University Press,9780194049962,,,,Nhà sách Fahasa,available,1000,True,True,True
68305051,Stretch Level 2: Workbook,110200,116000,5,0,0,0,,Oxford University Press,Oxford University Press,9780194603256,,,,Nhà sách Fahasa,available,1000,True,True,True
66968556,MM Publications: Sách học tiếng Anh - New Plus Michigan Proficiency Student's Book,357750,357750,0,0,0,3,,MM PUBLICATIONS,MM PUBLICATIONS,9789605731908 ,Bìa mềm,,,Blue Horizon Books,available,1000,True,True,True
66960837,MM Publications: Sách học tiếng Anh - New Plus Intermediate Student's Book,357750,357750,0,0,0,0,,MM PUBLICATIONS,MM PUBLICATIONS,9789603798231 ,Bìa mềm,,,Blue Horizon Books,available,1000,True,True,True
66959937,MM Publications: Sách học tiếng Anh - New Plus Upper - Intermediate Student's Book,357750,357750,0,0,0,1,,MM PUBLICATIONS,MM PUBLICATIONS, 9789605731649 ,Bìa mềm,,,Blue Horizon Books,available,1000,True,True,True
65903444,MM Publications: Sách học tiếng Anh - Top Stars 2 Student's Book (American Edition),357750,357750,0,0,0,1,H.Q Mitchell,MM PUBLICATIONS,MM PUBLICATIONS,9786180510966,Bìa mềm,,,Blue Horizon Books,available,1000,True,True,True
58840006,Oxford Skills World: Level 4: Listening With Speaking Student Book,407500,429000,5,5,1,10,Katie Foufouti,Oxford University Press,Oxford University Press,9780194113403,,,,Nhà sách Fahasa,available,1000,True,True,True
58711536,Prepare B1 Level 5 Student's Book,277400,292000,5,4.8,25,164,"Niki Joseph,  Helen Chilton",Cambridge University Press,Cambridge University Press,9781108825986,,,,Nhà sách Fahasa,available,1000,True,True,True
58710189,English File: Pre-intermediate: Students Book 4th Edition And Student Resource Centre Pack,520600,548000,5,5,3,22,"Clive Oxenden,  Jerry Lambert, Christina Latham-Koenig",Oxford University Press,Oxford University Press,9780194037419,,,,Nhà sách Fahasa,available,1000,True,True,True
58705741,Oxford Discover 2nd Edition: Level 6: Workbook With Online Practice,445500,469000,5,0,0,4,Kenna Bourke,Oxford University Press,Oxford University Press,9780194054041,,,,Nhà sách Fahasa,available,1000,True,True,True
56515335,MM Publications: Sách học tiếng Anh - Sách luyện thi - Go For Preliminary Practice Tests ( Self-study Pack Including Resource CD-ROM),695250,695250,0,0,0,1,H.Q Mitchell,MM PUBLICATIONS,MM PUBLICATIONS,9786180509458,Bìa mềm,,,Blue Horizon Books,available,1000,True,True,True
55288586,American Family And Friends: Level Two: Student Book 2nd Edition,219400,231000,5,5,16,144,"Naomi Simmons,  Tamzin Thompson,  Jenny Quintana",Oxford University Press,Oxford University Press,9780194816076,,,,Nhà sách Fahasa,available,1000,True,True,True
51617719,MM Publications: Sách học tiếng Anh - Luyện ngữ pháp - ENTER THE WORLD OF GRAMMAR BOOK B,317250,317250,0,0,0,4,,MM PUBLICATIONS,MM PUBLICATIONS, 9789607955159,Bìa mềm,,,Blue Horizon Books,available,1000,True,True,True
22876737,Cambridge English KEY - Key English Test 7 with Answers ,101600,107000,5,5,38,250,Cambridge,Cambridge University Press,Đang cập nhật,9781107494343,,,,Nhà sách Fahasa,available,1000,True,True,True
643292,Sách Speak Now 4 Student's Book With Online Practice,290700,306000,5,0,0,45,Mari Vargo,Oxford University Press,,9780194030410,Paperback,,2017-03-01,Nhà sách Fahasa,available,1000,True,True,True
279270104,Sách ngoại văn: English File - Fifth Edition - Advanced Workbook With Key,240000,240000,0,0,0,0,"Christina Latham-Koenig,  Clive Oxenden,  Jerry Lambert,  Kate Chomacki",Oxford University Press,Oxford University Press,9780194147064,Bìa mềm,,2023-12-21,Nhà sách Fahasa,available,1000,True,True,True
279269994,Sách ngoại văn: English File - Fifth Edition - Pre-Intermediate - Student Book With Digital Pack,563000,563000,0,0,0,0,"Christina Latham-Koenig,  Clive Oxenden,  Kate Chomacki",Oxford University Press,Oxford University Press,9780194145879,Bìa mềm,,2023-12-21,Nhà sách Fahasa,available,1000,True,True,True
279241898,Sách Giáo Trình Học Tiếng Anh Cấp 1 - Family And Friends Ame 2nd Edition,158600,167000,5,0,0,0,nhieu tac gia,Oxford University Press,Oxford University Press,1746431377875-cf,Bìa mềm,,2023-12-21,Nhà sách Fahasa,available,1000,True,True,True
279044438,Sách ngoại văn: Family And Friends 2nd Edition Level 1 Teacher's Book Plus Pack (New ISBN),671600,707000,5,0,0,0,nhieu tac gia,Oxford University Press,Nhiều Nhà Xuất Bản,9780194796477,Bìa mềm,,2023-12-21,Nhà sách Fahasa,available,1000,True,True,True
279029695,Sách ngoại văn: Bright Ideas: Level 4: Class Book,316000,316000,0,0,0,0,nhieu tac gia,Oxford University Press,Nhiều Nhà Xuất Bản,9780194111249,Bìa mềm,,2023-12-21,Nhà sách Fahasa,available,1000,True,True,True
279026248,"Sách ngoại văn: Classic Tales, Second Edition 4: Cinderella",58900,62000,5,0,0,0,Sue Arengo,Oxford University Press,Oxford University Press,9780194239424,Bìa mềm,,2023-12-21,Nhà sách Fahasa,available,1000,True,True,True
276656974,Tiny Talk 2A: Workbook,57000,60000,5,0,0,0,Carolyn Graham,Oxford University Press,Oxford University Press,9780194351614,Bìa mềm,,2023-12-21,Nhà sách Fahasa,available,1000,True,True,True
276429422,Stretch 2 - Student Book With Online Practice (2nd Edition),281200,296000,5,0,0,0,Susan Stempleski,Oxford University Press,Oxford University Press,9780194136402,Bìa mềm,,2023-12-21,Nhà sách Fahasa,available,1000,True,True,True
276429364,Brighter Ideas 4 - Student Book With Online Practice,497800,524000,5,0,0,0,Cheryl Palin,Oxford University Press,Oxford University Press,9780194090711,Bìa mềm,,2023-12-21,Nhà sách Fahasa,available,1000,True,True,True
274953078,Tiếng Anh 12 Bright - Teacher's Book,168000,168000,0,0,0,25,nhieu tac gia,CÔNG TY TNHH EDUCATION SOLUTIONS VIỆT NAM,Nhà Xuất Bản Đại Học Huế,9786044890890,Bìa mềm,96,2024-05-03,Dtpbooks,available,1000,True,True,True
271231458,Show And Tell 2nd Edition: Level 2: Literacy Book,202300,213000,5,0,0,0,"Kathryn Harper,  Gabby Pritchard,  Margaret Whitfield",Oxford University Press,Oxford University Press,9780194054805,,,,Nhà sách Fahasa,available,1000,True,True,True
263101492,Bright Ideas: Level 5: Pack (Class Book And App),418000,440000,5,0,0,1,"Katherine Bilsborough,  Steve Bilsborough,  Sarah Phillips",Oxford University Press,Oxford University Press,9780194117913,,,,Nhà sách Fahasa,available,1000,True,True,True
204055872,Combo Beehive Level 3: Student Book With Online Practice + Workbook,694400,731000,5,0,0,1,,Oxford University Press,Oxford University Press,combo-9780194845953-9780194853613,,,,Nhà sách Fahasa,available,1000,True,False,True
203843948,Oxford Discover 2nd Edition: Level 1: Writing and Spelling Book,180500,184000,2,0,0,7,Tamzin Thompson,Oxford University Press,Oxford University Press,9780194052672,,,,Nhà sách Fahasa,available,1000,True,True,True
202242050,Bộ sản phẩm Tiếng Anh Amanda and Friends 1 - Student's book & Workbook (sách bài học và bài tập),125000,125000,0,5,2,372,,CÔNG TY TNHH EDUCATION SOLUTIONS VIỆT NAM,Nhà Xuất Bản Đại Học Huế,9786049333511,Bìa mềm,,,Dtpbooks,available,1000,True,True,True
198889669,Bright Ideas: Level 3: Activity Book With Online Practice,492100,518000,5,0,0,7,Mary Charrington,Oxford University Press,Oxford University Press,9780194110952,,,,Nhà sách Fahasa,available,1000,True,True,True
198783491,English World 1 Dictionary,62000,62000,0,0,0,6,,CÔNG TY TNHH EDUCATION SOLUTIONS VIỆT NAM,MacMillan,9780230032149,,,,Dtpbooks,available,1000,True,False,True
197652410,Beehive Level 3: Student Book With Online Practice,403700,425000,5,0,0,8,,Oxford University Press,Oxford University Press,9780194845953,,,,Nhà sách Fahasa,available,1000,True,True,True
194197858,Achievers grade 7 Workbook,112000,112000,0,5,20,385,,CÔNG TY TNHH EDUCATION SOLUTIONS VIỆT NAM,Nhà Xuất Bản Đại Học Huế,9786043374285,Bìa mềm,,2022-03-01,Dtpbooks,available,1000,True,True,True
193101766,Access Grade 7 Class CDs (4),42600,44000,3,0,0,0,"Virginia Evans,  Jenny Dooley",CÔNG TY TNHH EDUCATION SOLUTIONS VIỆT NAM,Express Publishing,9786049458729,,,,Nhà sách Fahasa,available,1000,True,True,True
173831575,Counting Age 3-5,89000,89000,0,0,0,0,,CÔNG TY TNHH EDUCATION SOLUTIONS VIỆT NAM,Collins,9781844198801,,,,Dtpbooks,available,1000,True,True,True
170828181,Next Move Starter Student Book + eBook Pack,244000,244000,0,0,0,0,,CÔNG TY TNHH EDUCATION SOLUTIONS VIỆT NAM,MacMillan,9781786329776,,,,Dtpbooks,available,1000,True,False,True
169280385,Everybody Up 6: Workbook,178000,178000,0,0,0,3,,CÔNG TY TNHH EDUCATION SOLUTIONS VIỆT NAM,Oxford,9780194104128,,,,Dtpbooks,available,1000,True,True,True
168712404,Targeting Mathematics Workbook 1A Part 1,114000,114000,0,5,2,35,,CÔNG TY TNHH EDUCATION SOLUTIONS VIỆT NAM,Star Publishing,9789814250887,,,,Dtpbooks,available,1000,True,True,True
163544466,Breakthrough Plus Intro Student's Book Pack,312000,312000,0,5,2,11,,CÔNG TY TNHH EDUCATION SOLUTIONS VIỆT NAM,MacMillan,9780230443594,Bìa mềm,119,,Dtpbooks,available,1000,True,True,True
121678255,Oxford Discover Futures Level 4 Student Book,445500,469000,5,5,1,8,"Jayne Wildman,  Fiona Beddall",Oxford University Press,Oxford University Press,9780194114219,,,,Nhà sách Fahasa,available,1000,True,True,True
114436651,English File: Beginner: Workbook Without Key - 3rd Edition,133000,154000,14,0,0,6,"Clive Oxenden, Christina Latham-Koenig",Oxford University Press,Oxford University Press,9780194501552,,,,Nhà sách Fahasa,available,1000,True,False,True
113004862,ENG PLUS 2E 3 SB,452200,476000,5,0,0,0,"Katrina Gormley, Ben Wetz",Oxford University Press,Oxford University Press,9780194201575,,,,Nhà sách Fahasa,available,1000,True,False,True
108710192,Hang Out 4 - Workbook,149000,149000,0,5,1,87,Scott Thompson,CÔNG TY TNHH EDUCATION SOLUTIONS VIỆT NAM,Compass Publishing,9781613528464,Bìa mềm,96,2024-04-03,Dtpbooks,available,1000,True,True,True
106362983,Cool Kids 2e Student's Book 6,184000,184000,0,4,1,2,.,CÔNG TY TNHH EDUCATION SOLUTIONS VIỆT NAM,RICHMOND,9786049535468,Bìa mềm,168,,Dtpbooks,available,1000,True,True,True
106225657,i-Learn Smart Start Grade 4 Workbook,74000,74000,0,5,7,113,.,CÔNG TY TNHH EDUCATION SOLUTIONS VIỆT NAM,Nhà Xuất Bản Đại Học Sư Phạm,9786049473586,Bìa mềm,100,,Dtpbooks,available,1000,True,True,True
106208420,Access Grade 6 Workbook,112000,112000,0,5,4,100,Jenny Dooley - Virginia Evans,CÔNG TY TNHH EDUCATION SOLUTIONS VIỆT NAM,Express Publishing,9786049458002,Bìa mềm,72,,Dtpbooks,available,1000,True,True,True
102758229,Headway 5th Edition: Upper-Intermediate: Student's Book With Online Practice,500600,527000,5,5,1,1,"Liz & John Soars,  Paul Hancock",Oxford University Press,Oxford University Press,9780194539692,,,,Nhà sách Fahasa,available,1000,True,False,True
69838792,Q: Skills For Success: Level 2: Listening And Speaking Student Book With iQ Online Practice - 3rd Edition,299200,315000,5,4,3,35,"Joe McVeigh, Jenny Bixby",Oxford University Press,Oxford University Press,9780194905145,,,,Nhà sách Fahasa,available,1000,True,True,True
58839903,American English File: Level 3: Workbook,163400,172000,5,5,1,11,"Clive Oxenden,  Jerry Lambert, Christina Latham-Koenig",Oxford University Press,Oxford University Press,9780194906685,,,,Nhà sách Fahasa,available,1000,True,True,True
58839838,"Show and Tell: Level 1: Activity Book, 2nd Edition",235600,248000,5,5,1,31,"Gabby Pritchard,  Margaret Whitfield, Kalthryn Harper",Oxford University Press,Oxford University Press,9780194054768,,,,Nhà sách Fahasa,available,1000,True,True,True
58711428,American English File: Level 2: Workbook,163400,172000,5,4.7,6,40,"Clive Oxenden,  Jerry Lambert,  Paul Seligson, Christina Latham-Koenig",Oxford University Press,OUP Oxford,9780194906456,,,,Nhà sách Fahasa,available,1000,True,True,True
58710980,Oxford Preparation And Practice For Cambridge English: A2 Key For Schools Exam Trainer With Key,405600,427000,5,0,0,27,OUP Oxford,Oxford University Press,OUP Oxford,9780194118859,,,,Nhà sách Fahasa,available,1000,True,True,True
55288553,Family and Friends: Level 6: Class Book Pack,218500,230000,5,4.6,7,47,Jenny Quintana,Oxford University Press,Oxford University Press,9780194808460,,,,Nhà sách Fahasa,available,1000,True,True,True
54423113,AM F & F 4: STUDENT BOOK,219400,231000,5,5,1,9,Naomi Simmons,Oxford University Press,Oxford University Press,9780194816465,,,,Nhà sách Fahasa,available,1000,True,True,True
209171508,Tiếng Anh Amanda and Friends 3 Story cards,169000,169000,0,0,0,9,,CÔNG TY TNHH EDUCATION SOLUTIONS VIỆT NAM,Nhà Xuất Bản Đại Học Huế,9786043377972,Bìa mềm,,,Dtpbooks,available,1000,True,True,True
205220428,Combo Truyện đọc Helbling Young Reader Lớp 3&4 (3 quyển),178000,178000,0,0,0,2,,CÔNG TY TNHH EDUCATION SOLUTIONS VIỆT NAM,Vietnam News Agency Publishing House,9786049853344,Bìa mềm,,,Dtpbooks,available,1000,True,True,True
202242054,Bài tập bổ trợ Tiếng Anh 10 Bright,118000,118000,0,5,15,556,,CÔNG TY TNHH EDUCATION SOLUTIONS VIỆT NAM,Nhà Xuất Bản Đại Học Huế,9786043377552,Bìa mềm,,2024-06-10,Dtpbooks,available,1000,True,True,True
199705507,Collins First School Dictionary,388000,388000,0,0,0,0,,CÔNG TY TNHH EDUCATION SOLUTIONS VIỆT NAM,Collins,9780007578726,,,,Dtpbooks,available,1000,True,False,True
198957176,"Tiếng Anh 10 i-Learn Smart World trọn bộ (Sách học sinh, Sách bài tập, Vở ghi chép)",195000,195000,0,4,1,11,,CÔNG TY TNHH EDUCATION SOLUTIONS VIỆT NAM,Nhà Xuất Bản Đại Học Huế,9996043373599,,,,Dtpbooks,available,1000,True,True,True
185232575,Tiếng Anh 3 Extra and Friends Activity book (Sách bài tập),65000,65000,0,5,6,303,,CÔNG TY TNHH EDUCATION SOLUTIONS VIỆT NAM,Nhà Xuất Bản Đại Học Sư Phạm,9786043099386,Bìa mềm,,2024-06-03,Dtpbooks,available,1000,True,True,True
171312400,Oxford Discover 5: Workbook With Online Practice Pack,519000,519000,0,0,0,4,,CÔNG TY TNHH EDUCATION SOLUTIONS VIỆT NAM,Oxford,9780194278218,,,,Dtpbooks,available,1000,True,False,True
171213001,Collins Practice Basic Skills English Book 5,89000,89000,0,0,0,3,,CÔNG TY TNHH EDUCATION SOLUTIONS VIỆT NAM,HarperCollins,9780007505463,,,,Dtpbooks,available,1000,True,True,True
171212953,Collins Mental Maths 5-6,69000,69000,0,5,1,8,,CÔNG TY TNHH EDUCATION SOLUTIONS VIỆT NAM,HarperCollins,9780007457892,,,,Dtpbooks,available,1000,True,True,True
171212919,Collins Easy Learning Preschool - First Phonics Ages 3-4,69000,69000,0,5,1,15,,CÔNG TY TNHH EDUCATION SOLUTIONS VIỆT NAM,HarperCollins,9780008151638,Bìa mềm,,2017-05-16,Dtpbooks,available,1000,True,True,True
171069090,Letts IGCSE Revision Success - Cambridge IGCSE Chemistry Revision Guide,186000,186000,0,0,0,11,,CÔNG TY TNHH EDUCATION SOLUTIONS VIỆT NAM,Collins,9780008210328,,,,Dtpbooks,available,1000,True,True,True
171063745,Wipe Clean - Pen Control Ages 3-5,98000,98000,0,5,1,5,,CÔNG TY TNHH EDUCATION SOLUTIONS VIỆT NAM,Collins,9780008212902,Bìa mềm,,2020-12-07,Dtpbooks,available,1000,True,True,True
171063708,Letts Revision Success - Cambridge IGCSE Maths Revision Guide,186000,186000,0,0,0,14,,CÔNG TY TNHH EDUCATION SOLUTIONS VIỆT NAM,Collins,9780008210342,,,,Dtpbooks,available,1000,True,True,True
170828256,Next Move Starter Workbook,305000,305000,0,0,0,2,,CÔNG TY TNHH EDUCATION SOLUTIONS VIỆT NAM,MacMillan,9780230444201,,,,Dtpbooks,available,1000,True,False,True
169778499,Macmillan Science 5 Workbook,212000,212000,0,5,1,3,,CÔNG TY TNHH EDUCATION SOLUTIONS VIỆT NAM,MacMillan,9780230028555,Bìa mềm,,2019-09-20,Dtpbooks,available,1000,True,True,True
169714923,Summer Camp Flyers - A2,138000,138000,0,5,4,27,,CÔNG TY TNHH EDUCATION SOLUTIONS VIỆT NAM,Nhà Xuất Bản Đại Học Huế,9786043370904,,,,Dtpbooks,available,1000,True,True,True
169546308,First Friends 2E 2 Activity Book,92000,92000,0,0,0,19,,CÔNG TY TNHH EDUCATION SOLUTIONS VIỆT NAM,Oxford,9780194432504,,,,Dtpbooks,available,1000,True,True,True
169280411,Everybody Up 2E 3: Student Book,328000,328000,0,0,0,1,,CÔNG TY TNHH EDUCATION SOLUTIONS VIỆT NAM,Oxford,9780194105910,Bìa mềm,100,2022-02-15,Dtpbooks,available,1000,True,True,True
169276504,Amanda & Friends Flashcards Level 1,286000,286000,0,5,1,22,,CÔNG TY TNHH EDUCATION SOLUTIONS VIỆT NAM,RICHMOND,9786049746680,,,,Dtpbooks,available,1000,True,True,True
168984596,New Amanda & Friends Student's Book Level 1 with Sticker & Pop out,208000,208000,0,5,1,215,,CÔNG TY TNHH EDUCATION SOLUTIONS VIỆT NAM,Nhà Xuất Bản Đại Học Huế,9786049746567,,,,Dtpbooks,available,1000,True,True,True
168920060,Fairyland 5 Pupil's Book,152000,152000,0,5,1,2,,CÔNG TY TNHH EDUCATION SOLUTIONS VIỆT NAM,Express Publishing,9786049456787,,,,Dtpbooks,available,1000,True,True,True
168920050,Fairyland 4 Pupil's Book,152000,152000,0,5,2,46,,CÔNG TY TNHH EDUCATION SOLUTIONS VIỆT NAM,Express Publishing,9786049456770,,,,Dtpbooks,available,1000,True,True,True
168774205,i-Learn Smart Maths Grade 5 Student's Book Part 1 (ENG-VN),156000,156000,0,0,0,16,,CÔNG TY TNHH EDUCATION SOLUTIONS VIỆT NAM,Vietnam News Agency Publishing House,9786049843624,,,,Dtpbooks,available,1000,True,True,True
168712400,Targeting Mathematics Textbook 3A,243000,243000,0,5,1,20,,CÔNG TY TNHH EDUCATION SOLUTIONS VIỆT NAM,Star Publishing,9789814448505,Bìa mềm,,2019-09-15,Dtpbooks,available,1000,True,True,True
168712370,Targeting Mathematics Textbook 5B,243000,243000,0,5,3,23,,CÔNG TY TNHH EDUCATION SOLUTIONS VIỆT NAM,Star Publishing,9789814658331,,,,Dtpbooks,available,1000,True,True,True
163544587,Richmond Practice Test A2 Key Student’s Book,238000,238000,0,5,2,32,,CÔNG TY TNHH EDUCATION SOLUTIONS VIỆT NAM,RICHMOND,9788466830355,Bìa mềm,105,,Dtpbooks,available,1000,True,True,True
163544542,Macmillan Mathematics 4B SB + ebook Pack,300000,300000,0,0,0,2,,CÔNG TY TNHH EDUCATION SOLUTIONS VIỆT NAM,MacMillan,9781380000699,Bìa mềm,113,,Dtpbooks,available,1000,True,True,True
151597219,i-Learn Smart Start 5B Student Book & Workbook (Revised Edition),134000,134000,0,0,0,12,,CÔNG TY TNHH EDUCATION SOLUTIONS VIỆT NAM,Nhà Xuất Bản Đại Học Sư Phạm,9786049745225,,,,Dtpbooks,available,1000,True,True,True
151597199,Sách - Dtpbooks - Helbling Young Reader - Moony Goes on Holiday,63000,63000,0,5,1,2,,CÔNG TY TNHH EDUCATION SOLUTIONS VIỆT NAM,Vietnam News Agency Publishing House,9786049856624,Bìa mềm,,2020-05-06,Dtpbooks,available,1000,True,True,True
151597186,Sách - Dtpbooks - Helbling Young Reader - The Big Wave,63000,63000,0,0,0,0,,CÔNG TY TNHH EDUCATION SOLUTIONS VIỆT NAM,Vietnam News Agency Publishing House,9786049856570,Bìa mềm,,2021-03-26,Dtpbooks,available,1000,True,True,True
115869798,Tiếng Anh 6 Right On - Student's Book (Sách học sinh),70465,70465,0,5,13,386,,CÔNG TY TNHH EDUCATION SOLUTIONS VIỆT NAM,Nhà Xuất Bản Đại Học Sư Phạm,9786043093599,Bìa mềm,,2022-01-03,Dtpbooks,available,1000,True,True,True
108710328,Hang Out 2 - Workbook,149000,149000,0,5,9,168,Scott Thompson,CÔNG TY TNHH EDUCATION SOLUTIONS VIỆT NAM,Compass Publishing,9781613528440,Bìa mềm,96,,Dtpbooks,available,1000,True,True,True
108710266,Hang Out 3 - Workbook,149000,149000,0,5,7,246,Scott Thompson,CÔNG TY TNHH EDUCATION SOLUTIONS VIỆT NAM,Compass Publishing,9781613528457,Bìa mềm,96,2023-06-12,Dtpbooks,available,1000,True,True,True
106363103,Learn With Ollie Activity Book 3,83000,83000,0,4.5,2,66,nhieu tac gia,CÔNG TY TNHH EDUCATION SOLUTIONS VIỆT NAM,RICHMOND,9786049535406,Bìa mềm,56,,Dtpbooks,available,1000,True,True,True
106360998,Career Paths Sales And Marketing (Esp) Student's Book With Crossplatform Application,235000,235000,0,4.8,6,43,"Jenny Dooley - Virginia Evans, Virginia Evans - Jenny Dooley, Jenny Dooley , Virginia Evans",CÔNG TY TNHH EDUCATION SOLUTIONS VIỆT NAM,Express Publishing,9781471540462,Bìa mềm,120,2017-09-30,Dtpbooks,available,1000,True,True,True
106360968,Hooray Let's Play A1 Student's Book and Activities & Projects,103000,103000,0,0,0,5,.,CÔNG TY TNHH EDUCATION SOLUTIONS VIỆT NAM,Helbling Languages,9786049530692,Bìa mềm,58,,Dtpbooks,available,1000,True,True,True
106360964,Crickets 2 Practice Book,104000,104000,0,5,1,23,Annette Flavel,CÔNG TY TNHH EDUCATION SOLUTIONS VIỆT NAM,RICHMOND,9786049531095,Bìa mềm,132,,Dtpbooks,available,1000,True,True,True
106360939,Career Paths Banking (Esp) Student's Book With Crossplatform Application,235000,235000,0,0,0,10,.,CÔNG TY TNHH EDUCATION SOLUTIONS VIỆT NAM,Express Publishing,9781780983554,Bìa mềm,120,2017-05-01,Dtpbooks,available,1000,True,True,True
106208666,Learn With Ollie 3 Student's Pack,206000,206000,0,5,2,99,Rebecca Williams Salvador,CÔNG TY TNHH EDUCATION SOLUTIONS VIỆT NAM,RICHMOND,9786049535376,Bìa mềm,96,2022-03-13,Dtpbooks,available,1000,True,True,True
106208663,Cool Kids 2e Workbook 6,93000,93000,0,5,1,2,.,CÔNG TY TNHH EDUCATION SOLUTIONS VIỆT NAM,RICHMOND,9786049535529,Bìa mềm,104,,Dtpbooks,available,1000,True,True,True
279029777,Sách ngoại văn: Story Central 4 Teacher Edition Pack,234700,242000,3,0,0,0,nhieu tac gia,CÔNG TY TNHH EDUCATION SOLUTIONS VIỆT NAM,Nhiều Nhà Xuất Bản,9780230452275,Bìa mềm,,2023-12-21,Nhà sách Fahasa,available,1000,True,True,True
274952700,Bài tập Bổ trợ Tiếng Anh 12 i-Learn Smart World,118000,118000,0,5,2,297,nhieu tac gia,CÔNG TY TNHH EDUCATION SOLUTIONS VIỆT NAM,Nhà Xuất Bản Đại Học Huế,9786044891170,Bìa mềm,120,2024-05-03,Dtpbooks,available,1000,True,True,True
274742948,Skills Builder Movers 1 - Student's Book (with DigiBooks App),178000,178000,0,0,0,11,nhieu tac gia,CÔNG TY TNHH EDUCATION SOLUTIONS VIỆT NAM,Express pudlishing,9781399207102,Bìa mềm,128,2017-09-29,Dtpbooks,available,1000,True,True,True
260811344,Bồi Dưỡng Tiếng Anh Lớp 11,78000,78000,0,0,0,202,,CÔNG TY TNHH EDUCATION SOLUTIONS VIỆT NAM,Nhà Xuất Bản Đại Học Huế,9786043379860,Bìa mềm,55,2023-05-16,Dtpbooks,available,1000,True,True,True
260811337,Tiếng Anh 11 Bright - Student's Book,62484,62484,0,5,8,810,,CÔNG TY TNHH EDUCATION SOLUTIONS VIỆT NAM,Nhà Xuất Bản Đại Học Huế,9786049741722,Bìa mềm,,2022-01-03,Dtpbooks,available,1000,True,True,True
205220436,Combo Truyện đọc Helbling Young Reader Lớp 1&2 (3 quyển),178000,178000,0,0,0,2,,CÔNG TY TNHH EDUCATION SOLUTIONS VIỆT NAM,Vietnam News Agency Publishing House,9786049851122,Bìa mềm,,,Dtpbooks,available,1000,True,True,True
202242056,Bài tập bổ trợ Tiếng Anh 7 Right On!,89000,89000,0,5,10,536,,CÔNG TY TNHH EDUCATION SOLUTIONS VIỆT NAM,Nhà Xuất Bản Đại Học Huế,9786043377569,Bìa mềm,,2022-08-07,Dtpbooks,available,1000,True,True,True
202242046,Cầu vồng trẻ thơ - bộ sách dành cho 4 - 5 tuổi (4 quyển),103000,103000,0,0,0,16,,CÔNG TY TNHH EDUCATION SOLUTIONS VIỆT NAM,Nhà Xuất Bản Đại Học Huế,9996043377128,Bìa mềm,,,Dtpbooks,available,1000,True,True,True
198925146,i-Learn Smart Start Reader Pack 1,104000,104000,0,0,0,2,,CÔNG TY TNHH EDUCATION SOLUTIONS VIỆT NAM,Vietnam News Agency Publishing House,9990009533931,Bìa mềm,,2020-05-01,Dtpbooks,available,1000,True,True,True
198858737,Bebop 2 Student's Book Pack,256000,256000,0,0,0,3,,CÔNG TY TNHH EDUCATION SOLUTIONS VIỆT NAM,MacMillan,9780230453036,,,,Dtpbooks,available,1000,True,True,True
198335534,Career Paths Petroleum 1 (Esp) Student's Book With Crossplatform Application,235000,235000,0,0,0,1,,CÔNG TY TNHH EDUCATION SOLUTIONS VIỆT NAM,Express Publishing,9781780986869,,,,Dtpbooks,available,1000,True,True,True
197657588,"Hooray Let's Play Level B Teacher’s Book (with Audio CDs, DVD-ROM)",165000,165000,0,0,0,2,,CÔNG TY TNHH EDUCATION SOLUTIONS VIỆT NAM,Vietnam News Agency Publishing House,9786049458606,Bìa mềm,,2019-07-18,Dtpbooks,available,1000,True,True,True
185500894,i-Learn Smart Start 5 Student's Book Special Edition,113000,113000,0,5,13,237,,CÔNG TY TNHH EDUCATION SOLUTIONS VIỆT NAM,Nhà Xuất Bản Đại Học Sư Phạm,9786043099492,Bìa mềm,,2023-03-17,Dtpbooks,available,1000,True,True,True
171212905,Collins Practice Basic Skills English Book 3,89000,89000,0,0,0,3,,CÔNG TY TNHH EDUCATION SOLUTIONS VIỆT NAM,HarperCollins,9780007505449,,,,Dtpbooks,available,1000,True,True,True
171151599,"New Headway, Third Edition Beginner: Student's Book",400000,400000,0,4.7,3,25,,CÔNG TY TNHH EDUCATION SOLUTIONS VIỆT NAM,Oxford,9780194714563,Bìa mềm,,2016-09-13,Dtpbooks,available,1000,True,True,True
169768859,Grammar Friends 6: Student's Book,178000,178000,0,5,1,12,,CÔNG TY TNHH EDUCATION SOLUTIONS VIỆT NAM,Oxford,9780194780056,,,,Dtpbooks,available,1000,True,True,True
169714925,i-Learn My Phonics Grade 1 Pupil's book,82000,82000,0,5,5,294,,CÔNG TY TNHH EDUCATION SOLUTIONS VIỆT NAM,Nhà Xuất Bản Đại Học Sư Phạm,9786049188466,Bìa mềm,,2019-04-22,Dtpbooks,available,1000,True,True,True
169280407,Everybody Up 2E 3: Workbook,206000,206000,0,0,0,5,,CÔNG TY TNHH EDUCATION SOLUTIONS VIỆT NAM,Oxford,9780194106122,,,,Dtpbooks,available,1000,True,True,True
169280390,Everybody Up Starter: Student Book With Audio CD Pack,348000,348000,0,5,2,20,,CÔNG TY TNHH EDUCATION SOLUTIONS VIỆT NAM,Oxford,9780194103015,,,,Dtpbooks,available,1000,True,True,True
169280389,Everybody Up 2E 3: Student Book with CD Pack,328000,328000,0,0,0,6,,CÔNG TY TNHH EDUCATION SOLUTIONS VIỆT NAM,Oxford,9780194107099,,,,Dtpbooks,available,1000,True,True,True
169280377,Everybody Up 2E 4: Student Book with CD Pack,328000,328000,0,0,0,0,,CÔNG TY TNHH EDUCATION SOLUTIONS VIỆT NAM,Oxford,9780194107105,,,,Dtpbooks,available,1000,True,True,True
169277491,Bebop 2 Activity Book,168000,168000,0,0,0,2,,CÔNG TY TNHH EDUCATION SOLUTIONS VIỆT NAM,MacMillan,9780230453043,,,,Dtpbooks,available,1000,True,True,True
168774204,i-Learn Smart Maths Grade 5 Student's Book Part 2,187000,187000,0,0,0,0,,CÔNG TY TNHH EDUCATION SOLUTIONS VIỆT NAM,Vietnam News Agency Publishing House,9786049843891,,,,Dtpbooks,available,1000,True,True,True
168773691,i-Learn Smart Maths Grade 2 Student's Book Part 2 ( ENG-VN),156000,156000,0,5,3,127,,CÔNG TY TNHH EDUCATION SOLUTIONS VIỆT NAM,Vietnam News Agency Publishing House,9786049809927,,,,Dtpbooks,available,1000,True,True,True
168773567,i-Learn Smart Maths Grade 1 Workbook Part 2,125000,125000,0,5,1,7,,CÔNG TY TNHH EDUCATION SOLUTIONS VIỆT NAM,Vietnam News Agency Publishing House,9786049843273,Bìa mềm,,2021-11-08,Dtpbooks,available,1000,True,True,True
163544540,Macmillan Mathematics 1A SB + ebook Pack,341000,341000,0,0,0,6,,CÔNG TY TNHH EDUCATION SOLUTIONS VIỆT NAM,MacMillan,9781380000606,Bìa mềm,111,,Dtpbooks,available,1000,True,True,True
163544520,Breakthrough Plus 1 Student's Book + Digital Student's Book Pack (ASIA),312000,312000,0,4.7,3,25,,CÔNG TY TNHH EDUCATION SOLUTIONS VIỆT NAM,MacMillan,9781786329332,Bìa mềm,119,,Dtpbooks,available,1000,True,True,True
163544447,Beyond B1+ Student's Book Pack,395000,395000,0,4.7,3,33,,CÔNG TY TNHH EDUCATION SOLUTIONS VIỆT NAM,MacMillan,9780230461420,Bìa mềm,144,2019-09-18,Dtpbooks,available,1000,True,True,True
163544441,Big Show 4 - Student Book,216000,216000,0,0,0,3,,CÔNG TY TNHH EDUCATION SOLUTIONS VIỆT NAM,Compass Publishing,9781640151390,Bìa mềm,104,,Dtpbooks,available,1000,True,True,True
163543389,Pathway to Math 3 Student's Book,419000,419000,0,0,0,9,,CÔNG TY TNHH EDUCATION SOLUTIONS VIỆT NAM,RICHMOND,9786070612572,Bìa mềm,155,,Dtpbooks,available,1000,True,False,True
163528811,Story Central Level 4 Student Book + eBook Pack,298000,298000,0,0,0,6,Viv Lambert,CÔNG TY TNHH EDUCATION SOLUTIONS VIỆT NAM,MacMillan,9781786329530,Bìa mềm,104,,Dtpbooks,available,1000,True,True,True
151998250,Practice Test Grade 9,118000,118000,0,5,14,341,,CÔNG TY TNHH EDUCATION SOLUTIONS VIỆT NAM,Nhà Xuất Bản Đại Học Huế,9786049746512,,,,Dtpbooks,available,1000,True,True,True
151597454,Sách - Dtpbooks - Helbling Young Reader - The Kite,63000,63000,0,0,0,0,,CÔNG TY TNHH EDUCATION SOLUTIONS VIỆT NAM,Vietnam News Agency Publishing House,9786049856600,Bìa mềm,,2020-05-06,Dtpbooks,available,1000,True,True,True
106363302,Achievers B1+ Student's Book,233000,233000,0,0,0,46,"Martyn Hobbs, Julia Starr-Keddle, Claire Thacker",CÔNG TY TNHH EDUCATION SOLUTIONS VIỆT NAM,RICHMOND,9786049530913,Bìa mềm,156,2023-03-13,Dtpbooks,available,1000,True,True,True
106360160,Access Grade 8 Student's Book,214000,214000,0,5,5,39,"Jenny Dooley , Virginia Evans",CÔNG TY TNHH EDUCATION SOLUTIONS VIỆT NAM,Express Publishing,9786049457982,Bìa mềm,168,,Dtpbooks,available,1000,True,True,True
106215670,Cool Kids 2e Workbook 1,93000,93000,0,0,0,12,.,CÔNG TY TNHH EDUCATION SOLUTIONS VIỆT NAM,RICHMOND,9786049535475,Bìa mềm,104,,Dtpbooks,available,1000,True,True,True
106215664,i-Learn Smart Science 1 Student Book,134000,134000,0,0,0,15,.,CÔNG TY TNHH EDUCATION SOLUTIONS VIỆT NAM,Vietnam News Agency Publishing House,9786049909511,Bìa mềm,112,,Dtpbooks,available,1000,True,True,True
106215658,i-Learn Smart Science 2 Student Book,134000,134000,0,5,1,14,.,CÔNG TY TNHH EDUCATION SOLUTIONS VIỆT NAM,Vietnam News Agency Publishing House,9786049909535,Bìa mềm,112,,Dtpbooks,available,1000,True,True,True
106215652,Cool Kids 2e Workbook 2,93000,93000,0,5,1,14,.,CÔNG TY TNHH EDUCATION SOLUTIONS VIỆT NAM,RICHMOND,9786049535482,Bìa mềm,104,,Dtpbooks,available,1000,True,True,True
106208662,Access US 2B Student's Book & Workbook,177000,177000,0,5,1,23,.,CÔNG TY TNHH EDUCATION SOLUTIONS VIỆT NAM,Express Publishing,9786049454981,Bìa mềm,112,,Dtpbooks,available,1000,True,True,True
279270098,Sách ngoại văn: English File - Fifth Edition - Upper-Intermediate - Student Book With Exam Confidence,330000,330000,0,0,0,0,"Christina Latham-Koenig,  Clive Oxenden,  Kate Chomacki",Oxford University Press,Oxford University Press,9780194145046,Bìa mềm,,2023-12-21,Nhà sách Fahasa,available,1000,True,True,True
279270054,Sách ngoại văn: English File - Fifth Edition - Intermediate - Student Book With Digital Pack,563000,563000,0,0,0,0,"Christina Latham-Koenig,  Clive Oxenden,  Kate Chomacki",Oxford University Press,Oxford University Press,9780194144209,Bìa mềm,,2023-12-21,Nhà sách Fahasa,available,1000,True,True,True
279270032,Sách ngoại văn: English File - Fifth Edition - Advanced Plus - Workbook With Key,240000,240000,0,0,0,0,"Christina Latham-Koenig,  Clive Oxenden,  Jerry Lambert,  Kate Chomacki",Oxford University Press,Oxford University Press,9780194148931,Bìa mềm,,2023-12-21,Nhà sách Fahasa,available,1000,True,True,True
279242831,Sách ngoại văn: Sách Ngoại Văn - Practical English Usage (Michael Swan),584200,615000,5,0,0,0,Michael Swan,Oxford University Press,OUP Oxford,1748248739093-cf,Bìa mềm,,2023-12-21,Nhà sách Fahasa,available,1000,True,True,True
279242740,Sách ngoại văn: Sách Ngoại Văn - Oxford Dictionary Series,170000,179000,5,0,0,0,nhieu tac gia,Oxford University Press,Oxford University Press,1751362136713-cf,Bìa mềm,,2023-12-21,Nhà sách Fahasa,available,1000,True,True,True
279237129,Sách ngoại văn: Sách Ngoại Văn - Oxford Picture Dictionary 3rd Edition,390400,411000,5,0,0,0,Oxford,Oxford University Press,OUP Oxford,1751362136613-cf,Bìa mềm,,2023-12-21,Nhà sách Fahasa,available,1000,True,True,True
279037927,Sách ngoại văn: Toy Team 1 - Teacher's Guide With Digital Pack,769500,810000,5,0,0,0,nhieu tac gia,Oxford University Press,Nhiều Nhà Xuất Bản,9780194863537,Bìa mềm,,2023-12-21,Nhà sách Fahasa,available,1000,True,True,True
279037918,Sách ngoại văn: Harmonize 5 - Workbook,231800,244000,5,0,0,0,nhieu tac gia,Oxford University Press,Nhiều Nhà Xuất Bản,9780194067591,Bìa mềm,,2023-12-21,Nhà sách Fahasa,available,1000,True,True,True
279029861,Sách ngoại văn: Classic Tales 2 Amrita and the Trees N/Ed,62700,66000,5,0,0,0,nhieu tac gia,Oxford University Press,Nhiều Nhà Xuất Bản,9780194238908,Bìa mềm,,2023-12-21,Nhà sách Fahasa,available,1000,True,True,True
279026872,Sách ngoại văn: Mouse And Me! Plus: Level 3: Activity Book,142500,150000,5,0,0,0,Jill Leighton,Oxford University Press,Oxford University Press,9780194821452,Bìa mềm,,2023-12-21,Nhà sách Fahasa,available,1000,True,True,True
279026585,Sách ngoại văn: Tiny Talk 3B: Student Book,92100,97000,5,0,0,0,Carolyn Graham,Oxford University Press,Oxford,9780194351751,Bìa mềm,,2023-12-21,Nhà sách Fahasa,available,1000,True,True,True
278485263,Sách ngoại văn: Little Blue Dot 1 - Student Book With App,357200,376000,5,0,0,1,Margaret Whitfield,Oxford University Press,Oxford University Press,9780194862554,Bìa mềm,,2023-12-21,Nhà sách Fahasa,available,1000,True,True,True
276809620,Sách ngoại văn: Everybody Up 6 - Teacher's Guide With Digital Pack (3rd Edition),846400,891000,5,0,0,0,"Kathleen Kampa,  Charles Vilina",Oxford University Press,Oxford University Press,9780194161169,Bìa mềm,,2023-12-21,Nhà sách Fahasa,available,1000,True,True,True
276675491,Blue Dot 6 - Student Book With Online Practice,524400,552000,5,0,0,0,"Lesley Koustaff,  Susan Rivers",Oxford University Press,Oxford University Press,9780194862226,Bìa mềm,,2023-12-21,Nhà sách Fahasa,available,1000,True,True,True
276429332,Everyboy Up 4 - Work Book (3rd Edition),200400,211000,5,0,0,1,"Patrick Jackson,  Susan Banman Sileci",Oxford University Press,Oxford University Press,9780194151566,Bìa mềm,,2023-12-21,Nhà sách Fahasa,available,1000,True,True,True
276429324,Everyboy Up 2 - Work Book (3rd Edition),200400,211000,5,0,0,1,"Patrick Jackson,  Susan Banman Sileci",Oxford University Press,Oxford University Press,9780194151573,Bìa mềm,,2023-12-21,Nhà sách Fahasa,available,1000,True,True,True
276429322,Everyboy Up 3 - Work Book (3rd Edition),200400,211000,5,0,0,0,"Patrick Jackson,  Susan Banman Sileci",Oxford University Press,Oxford University Press,9780194151597,Bìa mềm,,2023-12-21,Nhà sách Fahasa,available,1000,True,True,True
276104124,International Express Intermediate - Student's Book (3rd Edition),418000,440000,5,0,0,0,Keith Harding,Oxford University Press,Oxford University Press,9780194418256,Bìa mềm,,2023-12-21,Nhà sách Fahasa,available,1000,True,True,True
275005584,Oxf Phonics World 2 Wb,186200,196000,5,0,0,2,...,Oxford University Press,Oxford University Press,9780194596237,Bìa mềm,,2023-12-21,Nhà sách Fahasa,available,1000,True,True,True
270052884,American Family And Friends Level 3: Workbook With Online Practice - 2nd Edition,225100,237000,5,0,0,16,Naomi Simmons,Oxford University Press,Oxford University Press,9780194816281,,,,Nhà sách Fahasa,available,1000,True,True,True
204056085,Combo Let's Begin: Level 1: Student Book + Workbook With Online Practice - 5th Edition,346700,365000,5,0,0,2,Nhiều tác giả,Oxford University Press,Oxford University Press,combo-9780194049962-9780194049993,,,,Nhà sách Fahasa,available,1000,True,True,True
204055866,Combo Family and Friends: Starter: Class Book + Workbook,285000,300000,5,5,1,5,Naomi Simmons,Oxford University Press,Oxford University Press,combo-9780194808354-9780194808019,,,,Nhà sách Fahasa,available,1000,True,True,True
198925155,i-Learn Smart Start Reader Pack 2,104000,104000,0,0,0,1,,CÔNG TY TNHH EDUCATION SOLUTIONS VIỆT NAM,Vietnam News Agency Publishing House,9990009533962,Bìa mềm,,2020-04-29,Dtpbooks,available,1000,True,True,True
197652458,Beehive Level 6: Student Book With Online Practice,403700,425000,5,0,0,2,,Oxford University Press,Oxford University Press,9780194846370,,,,Nhà sách Fahasa,available,1000,True,False,True
197652356,Beehive Level 5: Student Book With Online Practice,403700,425000,5,0,0,4,,Oxford University Press,Oxford University Press,9780194846233,,,,Nhà sách Fahasa,available,1000,True,True,True
193128808,Oxford Discover 2nd Edition: Level 3: Writing and Spelling Book,202300,206000,2,0,0,5,Kathryn O'Dell,Oxford University Press,Oxford University Press,9780194052771,,,,Nhà sách Fahasa,available,1000,True,True,True
193109331,Mouse and Me! Plus: Level 2: Student Book Pack,279300,294000,5,0,0,0,"Mary Charrington,  Charlotte Covill",Oxford University Press,Oxford University Press,9780194822756,,,,Nhà sách Fahasa,available,1000,True,True,True
192988778,ENG PLUS 2E 4 WB PK,289700,305000,5,0,0,0,Janet Hardy Gould,Oxford University Press,Oxford University Press,9780194202343,,,,Nhà sách Fahasa,available,1000,True,True,True
173449512,Oxford Discover Futures Level 3 Workbook With Online Practice,369500,389000,5,5,1,3,Oxford University Press,Oxford University Press,Oxford University Press,9780194114028,,,,Nhà sách Fahasa,available,1000,True,True,True
171312295,Oxford Discover 2: Workbook With Online Practice Pack,488000,488000,0,5,4,30,,CÔNG TY TNHH EDUCATION SOLUTIONS VIỆT NAM,Oxford,9780194278157,,,,Dtpbooks,available,1000,True,True,True
170772565,Hooray Let's Play Starter Story cards,181000,181000,0,0,0,2,,CÔNG TY TNHH EDUCATION SOLUTIONS VIỆT NAM,Helbling Languages,9786049459139,,,,Dtpbooks,available,1000,True,True,True
169603988,A2 Key For Schools Practice Tests 6-10,128000,128000,0,5,5,108,,CÔNG TY TNHH EDUCATION SOLUTIONS VIỆT NAM,Nhà Xuất Bản Đại Học Huế,9786049749834,Bìa mềm,,2023-07-11,Dtpbooks,available,1000,True,True,True
168774240,i-Learn Smart Maths Grade 4 Workbook Part 2,125000,125000,0,0,0,15,,CÔNG TY TNHH EDUCATION SOLUTIONS VIỆT NAM,Vietnam News Agency Publishing House,9786049843853,,,,Dtpbooks,available,1000,True,True,True
163544506,Breakthrough Plus 2 Student's Book + Digital Student's Book Pack (ASIA),312000,312000,0,5,2,16,,CÔNG TY TNHH EDUCATION SOLUTIONS VIỆT NAM,MacMillan,9781786329349,Bìa mềm,95,,Dtpbooks,available,1000,True,True,True
163021372,Bright Ideas: Level 4: Activity Book,492100,518000,5,0,0,3,Charlotte Covill,Oxford University Press,Oxford University Press,9780194111171,,,,Nhà sách Fahasa,available,1000,True,True,True
70805123,Starlight: Level 6: Workbook,342000,360000,5,0,0,0,"Helen Casey,  Joanna Heijmer,  Katherine Bilsborough,  Kirstie Grainger,  Steve Bilsborough, Suzanne Torres",Oxford University Press,Oxford University Press,9780194414067,,,,Nhà sách Fahasa,available,1000,True,False,True
66608957,MM Publications: Sách học tiếng Anh - Portal to English 3 Workbook,317250,317250,0,0,0,0,,MM PUBLICATIONS,MM PUBLICATIONS,9786180526905 ,Bìa mềm,,,Blue Horizon Books,available,1000,True,True,True
66608302,MM Publications: Sách học tiếng Anh - The English Hub 2 Workbook ( British Edition ),330885,330885,0,0,0,0,,MM PUBLICATIONS,MM PUBLICATIONS,9789605098780,Bìa mềm,,,Blue Horizon Books,available,1000,True,True,True
58705731,Show and Tell 2nd Edition: Level 1: Student Book Pack,431300,454000,5,5,2,31,"Kathryn Harper,  Gabby Pritchard,  Margaret Whitfield",Oxford University Press,Oxford University Press,9780194054478,,,,Nhà sách Fahasa,available,1000,True,True,True
44173021,"Basic Tactics For Listening, 3rd Edition",388500,409000,5,4.8,13,83,Jack C Richards,Oxford University Press,,9780194013840,,,,Nhà sách Fahasa,available,1000,True,True,True
279245441,Sách Ngoại Văn - Skills Builder for Young Learners Student's Book (kèm DigiBooks App),159600,168000,5,0,0,0,nhieu tac gia,CÔNG TY TNHH EDUCATION SOLUTIONS VIỆT NAM,Express Publishing,1748420236087-cf,Bìa mềm,,2023-12-21,Nhà sách Fahasa,available,1000,True,True,True
279027741,Sách ngoại văn: Headway 5th Edition: Intermediate: Workbook With Key,288800,304000,5,0,0,0,"Liz & John Soars,  Paul Hancock",Oxford University Press,Nhiều Nhà Xuất Bản,9780194539685,Bìa mềm,,2023-12-21,Nhà sách Fahasa,available,1000,True,True,True
279026663,Sách ngoại văn: Solutions 3rd Edition: Upper-Intermediate: Student's Book And Online Practice Pack,420800,443000,5,0,0,0,"Tim Falla,  Paul A Davies",Oxford University Press,Oxford University Press,9780194506601,Bìa mềm,,2023-12-21,Nhà sách Fahasa,available,1000,True,True,True
278833322,Sách ngoại văn: Link It! Level 5 Student Book And Workbook With Online Practice - New Editon,475000,550000,14,0,0,0,Rachel Godfrey,Oxford University Press,Oxford University Press,9780194093446,Bìa mềm,,2023-12-21,Nhà sách Fahasa,available,1000,True,True,True
278833306,Sách ngoại văn: Link It! Level 3 Student Book And Workbook With Online Practice - New Editon,295400,342000,14,0,0,0,Philippa Bowen,Oxford University Press,Oxford University Press,9780194093002,Bìa mềm,,2023-12-21,Nhà sách Fahasa,available,1000,True,True,True
277978198,Sách ngoại văn: Life Vision Upper Intermediate - Student Book With Online Practice,331500,349000,5,0,0,1,Oxford,Oxford University Press,Oxford University Press,9780194080996,Bìa mềm,,2023-12-21,Nhà sách Fahasa,available,1000,True,True,True
276656917,Tiny Talk 3A: Workbook,65500,69000,5,0,0,0,Carolyn Graham,Oxford University Press,Oxford University Press,9780194351713,Bìa mềm,,2023-12-21,Nhà sách Fahasa,available,1000,True,True,True
276429388,Brighter Ideas Starter Level - Student Book With Online Practice,426500,449000,5,0,0,0,Cheryl Palin,Oxford University Press,Oxford University Press,9780194089883,Bìa mềm,,2023-12-21,Nhà sách Fahasa,available,1000,True,True,True
275941767,Incredible English 4 Class Book 2Ed,435100,458000,5,0,0,0,Oxford University Press,Oxford University Press,Oxford University Press,9780194442312,Bìa mềm,,2023-12-21,Nhà sách Fahasa,available,1000,True,True,True
274992091,Solutions 3rd Edition: Pre-Intermediate: Student's Book And Online Practice Pack,431300,454000,5,0,0,3,"Tim Falla,  Paul A Davies",Oxford University Press,Oxford University Press,9780194510707,Bìa mềm,,2023-12-21,Nhà sách Fahasa,available,1000,True,True,True
270053233,American Family And Friends Level 4: Workbook With Online Practice - 2nd Edition,225100,237000,5,0,0,4,Naomi Simmons,Oxford University Press,Oxford University Press,9780194816472,,,,Nhà sách Fahasa,available,1000,True,True,True
261840856,Skills Builder For Young Learners Flyers 1 - Student's Book With DigiBooks App,186200,196000,5,0,0,5,Jenny Dooley,CÔNG TY TNHH EDUCATION SOLUTIONS VIỆT NAM,Express Publishing,9781399207126,,,,Nhà sách Fahasa,available,1000,True,True,True
260811359,Học tốt Tiếng Anh 11 i-Learn Smart World,78000,78000,0,0,0,38,,CÔNG TY TNHH EDUCATION SOLUTIONS VIỆT NAM,Nhà Xuất Bản Đại Học Huế,9786043379853,Bìa mềm,,,Dtpbooks,available,1000,True,True,True
260811354,Tiếng Anh 11 i-Learn Smart World - Workbook,78000,78000,0,5,1,263,,CÔNG TY TNHH EDUCATION SOLUTIONS VIỆT NAM,Nhà Xuất Bản Đại Học Huế,9786043994414,Bìa mềm,,,Dtpbooks,available,1000,True,True,True
249535361,English File: Intermediate Plus: Workbook With Key,329600,347000,5,0,0,1,"Christina Latham-Koenig,  Clive Oxenden,  Kate Chomacki",Oxford University Press,Oxford University Press,9780194039208,,,,Nhà sách Fahasa,available,1000,True,True,True
197652400,Beehive Level 2: Workbook,285000,300000,5,0,0,4,,Oxford University Press,Oxford University Press,9780194853583,,,,Nhà sách Fahasa,available,1000,True,True,True
192586862,Mouse And Me Plus 2 Workbook,156700,165000,5,5,1,1,Jill Leighton,Oxford University Press,Oxford University Press,9780194821445,,,,Nhà sách Fahasa,available,1000,True,True,True
171807627,Show and Tell 2: Activity Book,228000,228000,0,5,2,27,,CÔNG TY TNHH EDUCATION SOLUTIONS VIỆT NAM,Oxford,9780194779166,,,,Dtpbooks,available,1000,True,True,True
171705288,Solutions 2E Pre-Intermediate: Workbook and Audio CD Pack,288000,288000,0,0,0,3,,CÔNG TY TNHH EDUCATION SOLUTIONS VIỆT NAM,Oxford,9780194553667,,,,Dtpbooks,available,1000,True,True,True
171212939,Collins Easy Learning Preschool - Writing WB Ages 3-5,69000,69000,0,0,0,13,,CÔNG TY TNHH EDUCATION SOLUTIONS VIỆT NAM,HarperCollins,9780008151621,,,,Dtpbooks,available,1000,True,True,True
169778538,Macmillan Science 3 Workbook,212000,212000,0,0,0,0,,CÔNG TY TNHH EDUCATION SOLUTIONS VIỆT NAM,MacMillan,9780230028470,Bìa mềm,,2019-09-01,Dtpbooks,available,1000,True,True,True
169768867,Grammar Friends 4: Student's Book,158000,158000,0,0,0,12,,CÔNG TY TNHH EDUCATION SOLUTIONS VIỆT NAM,Oxford,9780194780032,,,,Dtpbooks,available,1000,True,True,True
169517395,Career Paths Security Personnel (Esp) Student's Book With Crossplatform Application,235000,235000,0,0,0,5,,CÔNG TY TNHH EDUCATION SOLUTIONS VIỆT NAM,Express Publishing,9781471533365,,,,Dtpbooks,available,1000,True,True,True
169280397,Everybody Up 5: Student Book,312000,312000,0,5,1,12,,CÔNG TY TNHH EDUCATION SOLUTIONS VIỆT NAM,Oxford,9780194103909,,,,Dtpbooks,available,1000,True,True,True
168920064,Fairyland 4 Activity Book,101000,101000,0,5,2,50,,CÔNG TY TNHH EDUCATION SOLUTIONS VIỆT NAM,Express Publishing,9786049456749,,,,Dtpbooks,available,1000,True,True,True
168774200,i-Learn Smart Maths Grade 4 Workbook Part 1 (ENG-VN),104000,104000,0,5,3,90,,CÔNG TY TNHH EDUCATION SOLUTIONS VIỆT NAM,Vietnam News Agency Publishing House,9786049843587,,,,Dtpbooks,available,1000,True,True,True
168666474,My Phonics 2 Activity Book (Int) With Crossplatform Application,135000,135000,0,0,0,8,,CÔNG TY TNHH EDUCATION SOLUTIONS VIỆT NAM,Express Publishing,9781471563652,,,,Dtpbooks,available,1000,True,True,True
163544599,Big Show 4  - Workbook,118000,118000,0,0,0,1,,CÔNG TY TNHH EDUCATION SOLUTIONS VIỆT NAM,Compass Publishing,9781640151420,Bìa mềm,56,,Dtpbooks,available,1000,True,True,True
163021391,Got it!: Starter: Students Pack With Digital Workbook,432200,455000,5,5,1,4,Philippa Bowen,Oxford University Press,Oxford University Press,9780194463195,,,,Nhà sách Fahasa,available,1000,True,False,True
151597546,Sách - Dtpbooks - Helbling Young Reader - The Three Goats,63000,63000,0,0,0,3,,CÔNG TY TNHH EDUCATION SOLUTIONS VIỆT NAM,Vietnam News Agency Publishing House,9786049856587,Bìa mềm,,2020-05-06,Dtpbooks,available,1000,True,True,True
106352136,Oxford Skills World: Level 6: Reading With Writing Student Book,374300,394000,5,0,0,0,Renata Brunner-jass,Oxford University Press,Oxford University Press,9780194113564,,,,Nhà sách Fahasa,available,1000,True,True,True
106225707,i-Learn Smart Start 3 Student's Book Special Edition,108000,108000,0,5,22,193,.,CÔNG TY TNHH EDUCATION SOLUTIONS VIỆT NAM,Nhà Xuất Bản Đại Học Sư Phạm,9786049905766,Bìa mềm,132,2021-03-05,Dtpbooks,available,1000,True,True,True
106225702,i-Learn Smart Start 4 Workbook,88000,88000,0,0,0,58,.,CÔNG TY TNHH EDUCATION SOLUTIONS VIỆT NAM,Nhà Xuất Bản Đại Học Sư Phạm,9786049473951,Bìa mềm,124,,Dtpbooks,available,1000,True,True,True
106208659,Access US 3B Student's Book & Workbook,177000,177000,0,0,0,26,.,CÔNG TY TNHH EDUCATION SOLUTIONS VIỆT NAM,Express Publishing,9786049455001,Bìa mềm,128,2021-07-05,Dtpbooks,available,1000,True,True,True
58839789,"Oxford Discover: Level 6: Student Book Pack, 2nd Edition",411300,433000,5,0,0,12,Kenna Bourke,Oxford University Press,Oxford University Press,9780194054027,,,,Nhà sách Fahasa,available,1000,True,True,True
48755403,AM F & F 6: STUDENT BOOK,219400,231000,5,0,0,1,Naomi Simmons,Oxford University Press,Oxford University Press,9780194816823,,,,Nhà sách Fahasa,available,1000,True,True,True
22676310,English Time: Workbook Level 4,87400,92000,5,0,0,7,Oxford University Press,Oxford University Press,,9780194005388,,,,Nhà sách Fahasa,available,1000,True,True,True
643366,Sách Speak Now 2 Workbook,139600,147000,5,5,7,60,,Oxford University Press,,9780194030533,Paperback,,2017-03-01,Nhà sách Fahasa,available,1000,True,True,True
643295,Sách Speak Now Level 2 - Student Book And Access Card Pack,290700,306000,5,5,18,156,"Jack C. Richards, David Bohlke",Oxford University Press,,9780194030168,Paperback,,2017-03-01,Nhà sách Fahasa,available,1000,True,True,True
367867,Sách American English File Level 3 Student and Workbook Multipack B,155800,164000,5,5,1,14,,Oxford University Press,Oxford University Press,9780194774574,Bìa mềm,79,2008-06-15,Nhà sách Fahasa,available,1000,True,True,True
279237856,Sách ngoại văn: Sách Ngoại Văn - Everybody Up (3rd Edition),182400,192000,5,0,0,0,nhieu tac gia,Oxford University Press,Oxford University Press,1751362136513-cf,Bìa mềm,,2023-12-21,Nhà sách Fahasa,available,1000,True,True,True
279040063,Sách ngoại văn: Cambridge Primary Science 2nd Edition Learner's Book 5 With Digital Access (1 Year),474000,474000,0,0,0,0,"Fiona Baxter,  Liz Dilley",Cambridge University Press,Nhiều Nhà Xuất Bản,9781108742955,Bìa mềm,,2023-12-21,Nhà sách Fahasa,available,1000,True,True,True
279040005,Sách ngoại văn: Cambridge Primary Science 2nd Edition Learner's Book 6 With Digital Access (1 Year),474000,474000,0,0,0,0,"Fiona Baxter,  Liz Dilley",Cambridge University Press,Nhiều Nhà Xuất Bản,9781108742979,Bìa mềm,,2023-12-21,Nhà sách Fahasa,available,1000,True,True,True
279037548,Sách ngoại văn: Cam Primary Path 2 - Activity Book With Practice Extra,485000,485000,0,0,0,0,nhieu tac gia,Cambridge University Press,Nhiều Nhà Xuất Bản,9781108671910,Bìa mềm,,2023-12-21,Nhà sách Fahasa,available,1000,True,True,True
279028913,Sách ngoại văn: Max Maths Primary A Singapore Approach Grade 6 Student Book,340000,340000,0,0,0,0,nhieu tac gia,Macmillan Publishers,Nhiều Nhà Xuất Bản,9781380012692,Bìa mềm,,2023-12-21,Nhà sách Fahasa,available,1000,True,True,True
279026896,Sách ngoại văn: Magic Adventures - Graded Comic Readers: Level 1-3: Jack's Date + ACD,96000,96000,0,0,0,0,Jason wilburn,"E-Future.Co.,Ltd",E.Future,9788956357485,Bìa mềm,,2023-12-21,Nhà sách Fahasa,available,1000,True,True,True
275155412,"Tiếng Anh 6 Right On! trọn bộ (Sách bài học, Sách bài tập, Vở ghi chép)",160000,160000,0,0,0,32,nhieu tac gia,CÔNG TY TNHH EDUCATION SOLUTIONS VIỆT NAM,Nhà Xuất Bản Đại Học Sư Phạm TPHCM,9996043093608,Bìa mềm,290,2022-04-05,Dtpbooks,available,1000,True,True,True
270058770,Oxford - English File 4th Edition (with Online Practice),368000,368000,0,0,0,0,Christina Latham-Koenig -  Clive Oxenden,Cty PHS TP.HCM- Fahasa,Oxford,9780194031592,Bìa mềm,156,2023-03-01,Nhà sách Quốc Việt,available,1000,True,True,True
266016127,Cambridge - Prepare (Second Edition),137000,137000,0,0,0,1,Joanna Kosta,Cty PHS TP.HCM- Fahasa,CAMBRIDGE,9781108825931,Bìa mềm,245,2022-07-01,Nhà sách Quốc Việt,available,1000,True,True,True
263964265,Oxford - Everybody Up (2nd Edition),223000,223000,0,0,0,0,Lynne Robertson,Cty PHS TP.HCM- Fahasa,Oxford,9780194105880,Bìa mềm,86,2016-04-01,Nhà sách Quốc Việt,available,1000,True,True,True
202242042,Cầu vồng trẻ thơ - bộ sách dành cho 5 - 6 tuổi (5 quyển),138000,138000,0,0,0,5,,CÔNG TY TNHH EDUCATION SOLUTIONS VIỆT NAM,Nhà Xuất Bản Đại Học Huế,9996043377135,Bìa mềm,,,Dtpbooks,available,1000,True,True,True
202242037,Cầu vồng trẻ thơ - bộ sách dành cho 3 - 4 tuổi (3 quyển),69000,69000,0,0,0,7,,CÔNG TY TNHH EDUCATION SOLUTIONS VIỆT NAM,Nhà Xuất Bản Đại Học Huế,9996043377111,Bìa mềm,,,Dtpbooks,available,1000,True,True,True
199942007,Grammar Friends 3: Student's Book,158000,158000,0,0,0,1,,CÔNG TY TNHH EDUCATION SOLUTIONS VIỆT NAM,Oxford,9780194780025,,,,Dtpbooks,available,1000,True,True,True
197657558,"Hooray Let's Play Level A Teacher’s Book (with Audio CDs, DVD-ROM)",165000,165000,0,0,0,3,,CÔNG TY TNHH EDUCATION SOLUTIONS VIỆT NAM,Vietnam News Agency Publishing House,9786049458491,Bìa mềm,,2019-09-18,Dtpbooks,available,1000,True,True,True
171808030,Solutions 2E Pre-Intermediate: Student's Book,418000,418000,0,5,1,8,,CÔNG TY TNHH EDUCATION SOLUTIONS VIỆT NAM,Oxford,9780194552875,,,,Dtpbooks,available,1000,True,True,True
171705270,Solutions 2E Elementary: Workbook and Audio CD Pack,288000,288000,0,0,0,2,,CÔNG TY TNHH EDUCATION SOLUTIONS VIỆT NAM,Oxford,9780194552813,,,,Dtpbooks,available,1000,True,True,True
171312369,Oxford Discover 5: Writing & Spelling Book,232000,232000,0,0,0,2,,CÔNG TY TNHH EDUCATION SOLUTIONS VIỆT NAM,Oxford,9780194278867,,,,Dtpbooks,available,1000,True,True,True
171151585,Speak Now 4 Workbook,128000,128000,0,5,1,25,,CÔNG TY TNHH EDUCATION SOLUTIONS VIỆT NAM,Oxford,9780194030557,,,,Dtpbooks,available,1000,True,True,True
169778528,Macmillan Science 2 Workbook,212000,212000,0,0,0,1,,CÔNG TY TNHH EDUCATION SOLUTIONS VIỆT NAM,MacMillan,9780230028432,,,,Dtpbooks,available,1000,True,True,True
169714931,Summer Camp Starters - Pre A1,108000,108000,0,3.7,3,18,,CÔNG TY TNHH EDUCATION SOLUTIONS VIỆT NAM,Nhà Xuất Bản Đại Học Huế,9786043370911,,,,Dtpbooks,available,1000,True,True,True
169335581,Beyond A1+ Student's Book Premium Pack,518000,518000,0,0,0,0,,CÔNG TY TNHH EDUCATION SOLUTIONS VIỆT NAM,MacMillan,9780230461024,Bìa mềm,,2020-09-03,Dtpbooks,available,1000,True,True,True
169280357,Everybody Up 2: Workbook,198000,198000,0,0,0,9,,CÔNG TY TNHH EDUCATION SOLUTIONS VIỆT NAM,Oxford,9780194103404,,,,Dtpbooks,available,1000,True,True,True
169268856,American English File Level 4: Workbook with MultiROM Pack,124000,124000,0,0,0,1,,CÔNG TY TNHH EDUCATION SOLUTIONS VIỆT NAM,Oxford,9780194774666,,,,Dtpbooks,available,1000,True,True,True
169268846,American English File Starter: Workbook With CD-ROM Pack,124000,124000,0,5,1,18,,CÔNG TY TNHH EDUCATION SOLUTIONS VIỆT NAM,Oxford,9780194774024,,,,Dtpbooks,available,1000,True,True,True
168984606,New Amanda & Friends Student's Book Level 3 with Sticker & Pop out,208000,208000,0,0,0,116,,CÔNG TY TNHH EDUCATION SOLUTIONS VIỆT NAM,Nhà Xuất Bản Đại Học Huế,9786049746581,,,,Dtpbooks,available,1000,True,True,True
168919367,Fairyland US 3 Workbook,101000,101000,0,0,0,0,,CÔNG TY TNHH EDUCATION SOLUTIONS VIỆT NAM,Express Publishing,9786049456640,,,,Dtpbooks,available,1000,True,True,True
168774273,i-Learn Smart Maths Grade 5 Workbook Part 2,125000,125000,0,0,0,2,,CÔNG TY TNHH EDUCATION SOLUTIONS VIỆT NAM,Vietnam News Agency Publishing House,9786049843914,,,,Dtpbooks,available,1000,True,True,True
168774236,i-Learn Smart Maths Grade 3 Student's Book Part 1,187000,187000,0,0,0,27,,CÔNG TY TNHH EDUCATION SOLUTIONS VIỆT NAM,Vietnam News Agency Publishing House,9786049843365,,,,Dtpbooks,available,1000,True,True,True
168773494,i-Learn Smart Maths Grade 4 Student's Book Part 2 (ENG-VN),156000,156000,0,5,3,81,,CÔNG TY TNHH EDUCATION SOLUTIONS VIỆT NAM,Vietnam News Agency Publishing House,9786049843570,,,,Dtpbooks,available,1000,True,True,True
168712508,Fairyland US 1 Student's Book,152000,152000,0,0,0,18,,CÔNG TY TNHH EDUCATION SOLUTIONS VIỆT NAM,Express Publishing,9786049454905,Bìa mềm,,2023-11-23,Dtpbooks,available,1000,True,True,True
168712487,i-Discover 3 Student's Book & Workbook,156000,156000,0,5,1,14,,CÔNG TY TNHH EDUCATION SOLUTIONS VIỆT NAM,Express Publishing,9786049457333,,,,Dtpbooks,available,1000,True,True,True
163544514,Beyond B2 Workbook,251000,251000,0,0,0,3,,CÔNG TY TNHH EDUCATION SOLUTIONS VIỆT NAM,MacMillan,9780230460218,Bìa mềm,128,,Dtpbooks,available,1000,True,True,True
163544485,New Frontiers 1 - Student Book,250000,250000,0,0,0,8,,CÔNG TY TNHH EDUCATION SOLUTIONS VIỆT NAM,Compass Publishing,9781640152113,Bìa mềm,144,,Dtpbooks,available,1000,True,True,True
163543402,Pathway To Science 3 Pack (Student's Book with Activity Cards),419000,419000,0,0,0,2,,CÔNG TY TNHH EDUCATION SOLUTIONS VIỆT NAM,RICHMOND,7506009840065,Bìa mềm,185,,Dtpbooks,available,1000,True,True,True
163543401,Pathway To Science 2 Pack (Student's Book with Activity Cards),419000,419000,0,0,0,4,,CÔNG TY TNHH EDUCATION SOLUTIONS VIỆT NAM,RICHMOND,7506009840058,Bìa mềm,185,,Dtpbooks,available,1000,True,True,True
151612096,i-Learn Smart World Starter Student's book with application,68000,68000,0,0,0,5,,CÔNG TY TNHH EDUCATION SOLUTIONS VIỆT NAM,Nhà Xuất Bản Đại Học Huế,9786043370188,,,,Dtpbooks,available,1000,True,True,True
106361003,Crickets 1 Student's Book,193000,193000,0,5,1,25,Annette Flavel,CÔNG TY TNHH EDUCATION SOLUTIONS VIỆT NAM,RICHMOND,9786049531118,Bìa mềm,152,,Dtpbooks,available,1000,True,True,True
106225658,i-Learn Smart Start Grade 5 Student's Book,110000,110000,0,5,5,171,.,CÔNG TY TNHH EDUCATION SOLUTIONS VIỆT NAM,Nhà Xuất Bản Đại Học Sư Phạm,9786049473753,Bìa mềm,104,,Dtpbooks,available,1000,True,True,True
106208650,Access US 2A Student's Book & Workbook,177000,177000,0,5,1,52,.,CÔNG TY TNHH EDUCATION SOLUTIONS VIỆT NAM,Express Publishing,9786049454974,Bìa mềm,128,,Dtpbooks,available,1000,True,True,True
34752444,Combo Oxford Learner's Pocket,834000,834000,0,4.7,6,45,,Oxford University Press UK,,combo9780194325493-9780194325691-9780194336840-9780194620147,,,,Nhà sách Fahasa,available,1000,True,False,True
279230738,Sách ngoại văn: Sách Ngoại Văn - Giáo Trình Little Hands,171690,177000,3,0,0,0,Efuture Editor,"E-Future.Co.,Ltd","E-Future.Co.,Ltd",1748248737990-cf,Bìa mềm,,2023-12-21,Nhà sách Fahasa,available,1000,True,True,True
279230730,Sách ngoại văn: Sách Ngoại Văn - Four Corners,82450,85000,3,0,0,0,"Jack C Richards,  David Bohlke",Cambridge University Press,Cambridge University Press,1748248735884-cf,Bìa mềm,,2023-12-21,Nhà sách Fahasa,available,1000,True,True,True
279199016,Sách ngoại văn: 21ST CENTURY COMMUNICATION SB3/STICKER CODE LISTENING SPEAK,375000,375000,0,0,0,0,Lynn Bonesteel,Cengage,Cengage Learning,9781337275828,Bìa mềm,,2023-12-21,Nhà sách Fahasa,available,1000,True,True,True
279045872,Sách ngoại văn: Smart Listening 3.2 (International Edition),242000,242000,0,0,0,0,nhieu tac gia,"E-Future.Co.,Ltd",Nhiều Nhà Xuất Bản,9791192361604,Bìa mềm,,2023-12-21,Nhà sách Fahasa,available,1000,True,True,True
279045838,Sách ngoại văn: Smart Listening 3.3 (International Edition),242000,242000,0,0,0,0,nhieu tac gia,"E-Future.Co.,Ltd",Nhiều Nhà Xuất Bản,9791192361611,Bìa mềm,,2023-12-21,Nhà sách Fahasa,available,1000,True,True,True
279043250,Sách ngoại văn: Smart Listening 2.3 (International Edition),242000,242000,0,0,0,0,nhieu tac gia,"E-Future.Co.,Ltd",Nhiều Nhà Xuất Bản,9791192361581,Bìa mềm,,2023-12-21,Nhà sách Fahasa,available,1000,True,True,True
279042778,Sách ngoại văn: Perspectives Pre-Intermediate With The Spark Platform,398000,398000,0,0,0,0,nhieu tac gia,Cengage,Nhiều Nhà Xuất Bản,9798214335032,Bìa mềm,,2023-12-21,Nhà sách Fahasa,available,1000,True,True,True
279029705,Sách ngoại văn: ePFR 5-2. The Train In Spain,95000,95000,0,0,0,0,nhieu tac gia,"E-Future.Co.,Ltd",Nhiều Nhà Xuất Bản,9788956355795,Bìa mềm,,2023-12-21,Nhà sách Fahasa,available,1000,True,True,True
279029675,Sách ngoại văn: ePFR 5-1. The Shoal Beast,95000,95000,0,0,0,0,nhieu tac gia,"E-Future.Co.,Ltd",Nhiều Nhà Xuất Bản,9788956355788,Bìa mềm,,2023-12-21,Nhà sách Fahasa,available,1000,True,True,True
279027793,Sách ngoại văn: E-future Classic Readers - Level 6 - A Service Of Love,65000,65000,0,0,0,0,O. Henry,"E-Future.Co.,Ltd",Nhiều Nhà Xuất Bản,9791156802303,Bìa mềm,,2023-12-21,Nhà sách Fahasa,available,1000,True,True,True
279027653,Sách ngoại văn: E-future Classic Readers - Level 5 - The Fir Tree,65000,65000,0,0,0,0,Hans Christian Andersen,"E-Future.Co.,Ltd",Nhiều Nhà Xuất Bản,9791156802105,Bìa mềm,,2023-12-21,Nhà sách Fahasa,available,1000,True,True,True
277836908,Sách ngoại văn: Reach Higher 4B - Student's Book And Online Practice With eBook,656000,656000,0,0,0,1,Nancy Frey,Cengage,National Geographic,9780357571231,Bìa mềm,,2023-12-21,Nhà sách Fahasa,available,1000,True,True,True
277363151,Sách ngoại văn: Share It! Level 6 Student Book With Sharebook And Navio App,498700,525000,5,0,0,0,Viv Lambert,Fahasa,Macmillan Education,9781380023216,Bìa mềm,,2023-12-21,Nhà sách Fahasa,available,1000,True,True,True
277180551,Sách ngoại văn: Outcomes Bre Beginner - Student's Book + Spark Sticker (3rd Edition),453000,453000,0,5,1,1,Hugh Dellar,Cengage,Heinle ELT,9798214179261,Bìa mềm,,2023-12-21,Nhà sách Fahasa,available,1000,True,True,True
277180513,Sách ngoại văn: Smart English 5 - Workbook (2nd Edition),167200,176000,5,0,0,0,"Casey Kim,  Jayne Lee","E-Future.Co.,Ltd","E-Future.Co.,Ltd",9791192361192,Bìa mềm,,2023-12-21,Nhà sách Fahasa,available,1000,True,True,True
277180507,Sách ngoại văn: Smart English 6 - Student Book (2nd Edition),282000,282000,0,0,0,0,"Casey Kim,  Jayne Lee","E-Future.Co.,Ltd","E-Future.Co.,Ltd",9791192361130,Bìa mềm,,2023-12-21,Nhà sách Fahasa,available,1000,True,True,True
277180501,Sách ngoại văn: Smart English 5 - Student Book (2nd Edition),282000,282000,0,0,0,0,"Casey Kim,  Jayne Lee","E-Future.Co.,Ltd","E-Future.Co.,Ltd",9791192361123,Bìa mềm,,2023-12-21,Nhà sách Fahasa,available,1000,True,True,True
276656790,Smart English 1 - Workbook (2nd Edition),167200,176000,5,0,0,0,"Casey Kim,  Jayne Lee","E-Future.Co.,Ltd","E-Future.Co.,Ltd",9791192361154,Bìa mềm,,2023-12-21,Nhà sách Fahasa,available,1000,True,True,True
276566344,English World 6 - Workbook Pack,208000,208000,0,0,0,1,Mary Bowen,Fahasa,Macmillan _,9781035117291,Bìa mềm,,2023-12-21,Nhà sách Fahasa,available,1000,True,True,True
276522384,Reach Higher 1B - Student's Book + Online Practice Ebook Pack,623200,656000,5,0,0,1,Nancy Frey,Cengage,National Geographic,9780357571170,Bìa mềm,,2023-12-21,Nhà sách Fahasa,available,1000,True,True,True
276429454,Reading Explorer 2 - Student's Book With The Spark Platform (Third Edition),416100,438000,5,0,0,2,"Paul MacIntyre,  David Bohlke",Cengage,Heinle ELT,9798214085630,Bìa mềm,,2023-12-21,Nhà sách Fahasa,available,1000,True,True,True
275941747,Smart English 1 Student Book (2nd Edition),282000,282000,0,0,0,0,"Casey Kim,  Jayne Lee","E-Future.Co.,Ltd","E-Future.Co.,Ltd",9791192361086,Bìa mềm,,2023-12-21,Nhà sách Fahasa,available,1000,True,True,True
275941741,English World 6 Pupil's Book With eBook,307000,307000,0,0,0,0,"Liz Hocking, ‎ Mary Bowen",Fahasa,Macmillan _,9781035117277,Bìa mềm,,2023-12-21,Nhà sách Fahasa,available,1000,True,True,True
274676779,Imagine Level 5 Student Book With Online Practice & e-Book,321000,321000,0,0,0,0,...,Đang cập nhật,Đang cập nhật,9780357544389,Bìa mềm,,2023-12-21,Nhà sách Fahasa,available,1000,True,True,True
271100422,Gateway To The World B2+ Student´s Book With Student's App And Digital Student's Book,420800,443000,5,0,0,2,David Spencer,Fahasa,Macmillan Education,9781380043283,,,,Nhà sách Fahasa,available,1000,True,True,True
270052826,Prepare Level 9 Student’s Book With eBook,570000,600000,5,5,1,3,"Claire Wijayatilake, Anthony Cosgrove",Cambridge University Press,Cambridge University Press,9781108913362,,,,Nhà sách Fahasa,available,1000,True,True,True
263968620,Oxford - Tiny Talk,95000,95000,0,0,0,0,Susan Rivers,Cty PHS TP.HCM- Fahasa,Oxford,9780194351553,Bìa mềm,48,1997-06-01,Nhà sách Quốc Việt,available,1000,True,True,True
237636073,Gateway To The World A1+ Workbook With Digital Workbook,282100,297000,5,0,0,16,David Spencer,Macmillan Publishers,Macmillan Education,9781380042293,,,,Nhà sách Fahasa,available,1000,True,True,True
212110284,Rise And Shine American Level 3 Student's Book With ebook And Digital Activities,315400,332000,5,0,0,0,,Pearson Education,Pearson Education,9781292417400,Bìa cứng,,2024-03-13,Nhà sách Fahasa,available,1000,True,True,True
208097132,Explore Our World 1: Student's Book 2nd Edition,345800,364000,5,0,0,11,Joan Kang Shin,Cengage,Cengage,9780357373453,,,,Nhà sách Fahasa,available,1000,True,True,True
204055792,Combo Breakthrough Plus 2nd Edition Level 1: Student's Book + Workbook Pack,708000,708000,0,0,0,0,Miles Craven,Macmillan Publishers,Macmillan Education,combo-9781380003089-9781380003096,,,,Nhà sách Fahasa,available,1000,True,True,True
192988465,Welcome to Our World: Activity Book 2,188100,198000,5,0,0,0,,Cengage,Cengage Learning,9781305105522,,,,Nhà sách Fahasa,available,1000,True,True,True
191779029,School Phonics Student Book 3,276000,276000,0,0,0,1,e-future,"E-Future.Co.,Ltd","E-Future.Co.,Ltd",9791156809531,,,,Nhà sách Fahasa,available,1000,True,True,True
121678447,Our World Starter Student's Book 2nd Edition (American English),345800,364000,5,0,0,3,"Joan Kang Shin,  JoAnn Crandall, Diane Pinkley",Cengage,Cengage,9780357373514,,,2024-05-10,Nhà sách Fahasa,available,1000,True,True,True
55287814,Doodle Town 2 SB Pk,302100,318000,5,5,3,58,"Elly Schottman, Caroline Linse",Macmillan Publishers,MacMillan,9780230492134,,,,Nhà sách Fahasa,available,1000,True,True,True
55284995,Breakthrough Plus Level 3 Workbook Pack 2nd Edition,190000,200000,5,0,0,3,Miles Craven,Macmillan Publishers,Macmillan Education,9781380003195,,,,Nhà sách Fahasa,available,1000,True,True,True
51519016,My First Grammar 2 Workbook (2nd Ed.),128200,135000,5,0,0,12,,"E-Future.Co.,Ltd","E-Future.Co.,Ltd",9788956359885,,,,Nhà sách Fahasa,available,1000,True,False,True
49378806,Little Hands Activity Book 1,195000,195000,0,5,3,8,Efuture Editor,"E-Future.Co.,Ltd","E-Future.Co.,Ltd",9791189906207,,,,Nhà sách Fahasa,available,1000,True,False,True
32221904,Super Minds 4 - Wordbook,116800,123000,5,5,4,69,"Gunter Gerngross,  Peter Lewis Jones, Herbert Puchta",Cambridge University Press,,9781107639454,,,,Nhà sách Fahasa,available,1000,True,True,True
25205751,Cambridge English KEY - Key English Test 6 with Answers,107000,107000,0,5,33,216,Cambridge,Cambridge University Press,,9781107494305,,,,Nhà sách Fahasa,available,1000,True,True,True
278714560,Sách ngoại văn: Get Involved! A1+ Workbook and Digital Workbook,218500,230000,5,0,0,0,Gill Holley,Macmillan Publishers,Macmillan Education,9781380068774,Bìa mềm,,2023-12-21,Nhà sách Fahasa,available,1000,True,True,True
278058400,Sách ngoại văn: Kid's Box New Generation - Class Book With Digital Pack Starter,367600,387000,5,0,0,2,"Caroline Nixon,  Michael Tomlinson",Cambridge University Press,Cambridge University Press,9781009824613,Bìa mềm,,2023-12-21,Nhà sách Fahasa,available,1000,True,True,True
278058355,Sách ngoại văn: Kid's Box New Generation - Activity Book With Digital Pack 2,322000,339000,5,0,0,1,"Caroline Nixon,  Michael Tomlinson",Cambridge University Press,Cambridge University Press,9781009824682,Bìa mềm,,2023-12-21,Nhà sách Fahasa,available,1000,True,True,True
277978250,Sách ngoại văn: Voices Intermediate B1: Student's Book BRE With Online Practice,369500,389000,5,0,0,0,Lewis Lansford,Cengage,Cengage Learning,9780357458679,Bìa mềm,,2023-12-21,Nhà sách Fahasa,available,1000,True,True,True
277836904,Sách ngoại văn: Reach Higher 3B - Student's Book And Online Practice With eBook,623200,656000,5,0,0,0,Nancy Frey,Cengage,National Geographic,9780357571217,Bìa mềm,,2023-12-21,Nhà sách Fahasa,available,1000,True,True,True
277180499,Sách ngoại văn: Smart English 4 - Student Book (2nd Edition),267900,282000,5,0,0,0,"Casey Kim,  Jayne Lee","E-Future.Co.,Ltd","E-Future.Co.,Ltd",9791192361116,Bìa mềm,,2023-12-21,Nhà sách Fahasa,available,1000,True,True,True
276684958,Share It! Starter Student Book With Sharebook And Navio App,498700,525000,5,0,0,1,Fiona Davis,Fahasa,Macmillan Education,9781380022622,Bìa mềm,,2023-12-21,Nhà sách Fahasa,available,1000,True,True,True
276684919,Give Me Five! Level 1 Student's Book With Pupils Book And Navio App,384700,405000,5,0,0,1,"Donna Shaw,  Joanne Ramsden",Fahasa,MacMillan,9781035108688,Bìa mềm,,2023-12-21,Nhà sách Fahasa,available,1000,True,True,True
276598591,Reach Higher 6B - Student Book + Online Practice,623200,656000,5,0,0,0,Nancy Frey,Cengage,National Geographic,9780357571279,Bìa mềm,,2023-12-21,Nhà sách Fahasa,available,1000,True,True,True
275941819,Look 5 - Workbook With Online Practice (BRE),253600,267000,5,0,0,1,Cengage Learning,Cengage,Cengage Learning,9780357122013,Bìa mềm,,2023-12-21,Nhà sách Fahasa,available,1000,True,True,True
274678070,Get Involved! B1 Workbook And Digital Workbook,218500,230000,5,0,0,0,...,Đang cập nhật,Đang cập nhật,9781380068897,Bìa mềm,,2023-12-21,Nhà sách Fahasa,available,1000,True,True,True
274677637,My Disney Stars And Heroes Level 1 Student’s Book With eBook,491100,517000,5,0,0,0,...,Đang cập nhật,Đang cập nhật,9781292441580,Bìa mềm,,2023-12-21,Nhà sách Fahasa,available,1000,True,True,True
274677205,My Disney Stars And Friends Level 3 Student's Book And eBook With Digital Resources,491100,517000,5,0,0,0,...,Đang cập nhật,Đang cập nhật,9781292395548,Bìa mềm,,2023-12-21,Nhà sách Fahasa,available,1000,True,True,True
274676917,English World 5 Workbook,197600,208000,5,0,0,2,...,Đang cập nhật,Đang cập nhật,9781035117260,Bìa mềm,,2023-12-21,Nhà sách Fahasa,available,1000,True,True,True
274675596,Rise And Shine American Level 1 Student's Book With Ebook And Digital Activities,315400,332000,5,0,0,0,...,Đang cập nhật,Đang cập nhật,9781292417370,Bìa mềm,,2023-12-21,Nhà sách Fahasa,available,1000,True,True,True
274674812,Look Starter British English Student Book,300200,316000,5,5,1,1,...,Đang cập nhật,Đang cập nhật,9781337710954,Bìa mềm,,2023-12-21,Nhà sách Fahasa,available,1000,True,True,True
274674398,Get Involved! B1+ Student's Book With Student's App And Digital Student's Book,298300,314000,5,0,0,0,...,Đang cập nhật,Đang cập nhật,9781380068910,Bìa mềm,,2023-12-21,Nhà sách Fahasa,available,1000,True,True,True
274674372,Look 3: Workbook With The Spark Platform (BRE),253600,267000,5,0,0,1,...,Đang cập nhật,Đang cập nhật,9780357122037,Bìa mềm,,2023-12-21,Nhà sách Fahasa,available,1000,True,True,True
271100468,Doodle Town Level 2 Math Skills Pad 2nd Edition,162400,171000,5,0,0,1,,Fahasa,Macmillan Education,9781380054944,,,,Nhà sách Fahasa,available,1000,True,True,True
271100446,Doodle Town Level 2 Student´s Book + Navio App 2nd Edition,316300,333000,5,0,0,10,"Caroline Linse,  Elly Schottman",Fahasa,Macmillan Education,9781380054890,,,,Nhà sách Fahasa,available,1000,True,True,True
270053054,Explore Our World 6: Workbook - 2nd Edition,208000,219000,5,0,0,2,"Kaj Schwermer,  Ronald Scro,  Rob Sved",Cengage,Cengage Learning,9780357049501,,,,Nhà sách Fahasa,available,1000,True,True,True
270052913,Explore Our World Starter: Student's Book With OLP Sticker Code - 2nd Edition,345800,364000,5,5,1,2,,Cengage,Cengage Learning,9780357373231,,,,Nhà sách Fahasa,available,1000,True,True,True
270052872,Think Level 5 Student's Book With Workbook Digital Pack British English - 2nd Edition,505400,532000,5,5,1,2,"Herbert Puchta,  Jeff Stranks,  Peter Lewis-Jones",Cambridge University Press,Cambridge University Press,9781009427753,Bìa cứng,,2024-03-13,Nhà sách Fahasa,available,1000,True,True,True
270052848,Think Level 2 Student's Book With Workbook Digital Pack British English - 2nd Edition,505400,532000,5,5,1,13,"Herbert Puchta,  Jeff Stranks,  Peter Lewis-Jones",Cambridge University Press,Cambridge University Press,9781009427722,Bìa cứng,,2024-03-13,Nhà sách Fahasa,available,1000,True,True,True
262674148,Our World 6 AME: Student's Book With Online Practice And Student's eBook 2nd Edition,345800,364000,5,0,0,0,"Diane Pinkley,  JoAnn Crandall,  Joan Kang Shin",Cengage,Cengage Learning,9780357373576,,,,Nhà sách Fahasa,available,1000,True,True,True
237630441,Gateway To The World A2 Workbook With Digital Workbook,283100,298000,5,0,0,5,David Spencer,Macmillan Publishers,Macmillan Education,9781380042491,,,,Nhà sách Fahasa,available,1000,True,True,True
192174034,New Close-up B2+: Workbook,227000,239000,5,5,1,7,PHILLIPS,Cengage Learning,Cengage Learning,9780357434055,,,2024-05-22,Nhà sách Fahasa,available,1000,True,True,True
192173969,New Close-up B2 With Online Practice And Student's eBook 3rd Edition,407500,429000,5,0,0,6,Jeremy Day,Cengage Learning,Cengage Learning,9780357434116,,,2024-05-11,Nhà sách Fahasa,available,1000,True,True,True
192173836,New Close-up B2: Workbook,227000,239000,5,0,0,5,,Cengage Learning,Cengage Learning,9780357440193,,,2024-05-11,Nhà sách Fahasa,available,1000,True,True,True
192173794,New Close-up B2+ With Online Practice And Student's eBook 3rd Edition,407500,429000,5,5,1,5,Katherine Stannett,Cengage Learning,Cengage Learning,9780357440186,,,2024-03-13,Nhà sách Fahasa,available,1000,True,True,True
191779508,Power Up Level 6 Activity Book With Online Resources And Home Booklet,356200,375000,5,0,0,1,"Melanie Starren,  Caroline Nixon Michael Tomlinson",Cambridge University Press,Cambridge University Press,9781108430265,,,,Nhà sách Fahasa,available,1000,True,True,True
189492501,Time Zones 2: Student's Book With Online Practice And Student’s eBook,392300,413000,5,0,0,7,Jennifer Wilkin,Cengage,Cengage Learning,9780357421697,,,,Nhà sách Fahasa,available,1000,True,True,True
115694854,Our World 6: Workbook,208000,219000,5,0,0,0,"JoAnn J,  Dr Crandall",Cengage,Cengage Learning,9780357032411,,,,Nhà sách Fahasa,available,1000,True,True,True
114573562,Academy Stars Starter PB Pk w Alphabet Bk,350500,369000,5,5,6,45,"Gabrielle Pritchard,  Kathryn Harper",Macmillan Publishers,MacMillan,9781380006578,,,,Nhà sách Fahasa,available,1000,True,True,True
98129833,Breakthrough Plus Level 2 Workbook Pack 2nd Edition,190000,200000,5,0,0,3,Miles Craven,Macmillan Publishers,Macmillan Education,9781380003140,,,,Nhà sách Fahasa,available,1000,True,True,True
94259788,Skillful Second Edition Level 4 Listening & Speaking Student's Book + Digital Student's Book Pack,521500,549000,5,5,9,45,"Emma Pathare,  Gary Pathare",Macmillan Publishers,Macmillan Education,9781380010841,,,,Nhà sách Fahasa,available,1000,True,True,True
91833179,Look 5 Student Book (British English),300200,316000,5,5,1,3,Katherine Stannett,Cengage,National Geographic,9781337710930,,,,Nhà sách Fahasa,available,1000,True,False,True
49379321,Little Hands Activity Book 3,185200,195000,5,0,0,0,Efuture Editor,"E-Future.Co.,Ltd","E-Future.Co.,Ltd",9791189906221,,,,Nhà sách Fahasa,available,1000,True,True,True
22853970,Sách Doodle Town 3 SB Pk,285900,301000,5,1,1,28,"Caroline Linse, Elly Schottman",Macmillan Education,Macmillan Education,9780230492172,,,,Nhà sách Fahasa,available,1000,True,True,True
22853605,Doodle Town 1 Lit Skills Pad,147200,155000,5,5,2,18,Linse Schottman,Macmillan Education,,9780230491892,,,,Nhà sách Fahasa,available,1000,True,False,True
279247819,Sách ngoại văn: Sách Ngoại Văn - Keynote AME,251700,265000,5,0,0,0,nhieu tac gia,Cengage,Cengage Learning,1751362135109-cf,Bìa mềm,,2023-12-21,Nhà sách Fahasa,available,1000,True,True,True
279247013,Sách ngoại văn: Sách Ngoại Văn - Giáo Trình Life BRE,378100,398000,5,0,0,0,nhieu tac gia,Cengage,National Geographic,1748248737789-cf,Bìa mềm,,2023-12-21,Nhà sách Fahasa,available,1000,True,True,True
279246830,Sách ngoại văn: Sách Ngoại Văn - Giáo Trình Let's Smile,152000,160000,5,0,0,0,nhieu tac gia,"E-Future.Co.,Ltd","E-Future.Co.,Ltd",1748248737689-cf,Bìa mềm,,2023-12-21,Nhà sách Fahasa,available,1000,True,True,True
279243028,Sách ngoại văn: Sách Ngoại Văn - Skillful Second Edition - Reading and Writing,474000,499000,5,0,0,0,nhieu tac gia,Macmillan Publishers,Macmillan Education,1748420235987-cf,Bìa mềm,,2023-12-21,Nhà sách Fahasa,available,1000,True,True,True
279242875,Sách ngoại văn: Sách Ngoại Văn - Explore Our World 2nd Edition,189000,199000,5,0,0,0,nhieu tac gia,Cengage,Cengage,1751362135008-cf,Bìa mềm,,2023-12-21,Nhà sách Fahasa,available,1000,True,True,True
279241647,Sách ngoại văn: Sách Ngoại Văn - Our World 2nd Edition AME,189000,199000,5,0,0,0,nhieu tac gia,Cengage,Cengage,1751362134808-cf,Bìa mềm,,2023-12-21,Nhà sách Fahasa,available,1000,True,True,True
279199018,Sách ngoại văn: Give Me Five! Level 1 Activity Book With Digital Activity Book,203300,214000,5,0,0,0,"Donna Shaw,  Joanne Ramsden",Fahasa,Macmillan Education,9781035108527,Bìa mềm,,2023-12-21,Nhà sách Fahasa,available,1000,True,True,True
279044106,Sách ngoại văn: Voices Pre-Intermediate A2/B1: Student's Book BRE,336300,354000,5,0,0,0,nhieu tac gia,Cengage,Nhiều Nhà Xuất Bản,9780357458655,Bìa mềm,,2023-12-21,Nhà sách Fahasa,available,1000,True,True,True
279043984,Sách ngoại văn: Get Involved! American Edition Level 3 Workbook And Digital Workbook,231800,244000,5,0,0,0,nhieu tac gia,Macmillan Publishers,Nhiều Nhà Xuất Bản,9781380072238,Bìa mềm,,2023-12-21,Nhà sách Fahasa,available,1000,True,True,True
279032908,Sách ngoại văn: Imagine Level 3 BRE Student Book With Spark Platform & e-Book,277400,292000,5,0,0,0,nhieu tac gia,Cengage,Nhiều Nhà Xuất Bản,9780357911655,Bìa mềm,,2023-12-21,Nhà sách Fahasa,available,1000,True,True,True
279032884,Sách ngoại văn: Academy Stars Level 6 - Workbook,208000,219000,5,0,0,0,nhieu tac gia,Fahasa,Nhiều Nhà Xuất Bản,9781380069191,Bìa mềm,,2023-12-21,Nhà sách Fahasa,available,1000,True,True,True
279031525,Sách ngoại văn: Get Involved! American 5 Student's Book With Digital Student's And App,316300,333000,5,0,0,0,"Emma Heyderman,  Patricia Reilly",Fahasa,MacMillan,9781380072276,Bìa mềm,,2023-12-21,Nhà sách Fahasa,available,1000,True,True,True
279031463,Sách ngoại văn: Welcome To Our World 1 - Activity Book (2nd Edition),189000,199000,5,0,0,0,Jill O'Sullivan,Cengage,Heinle ELT,9780357507360,Bìa mềm,,2023-12-21,Nhà sách Fahasa,available,1000,True,True,True
279031345,Sách ngoại văn: Share It! Workbook And Digital Workbook Level 3,278300,293000,5,0,0,0,Lesley Koustaff,Fahasa,Macmillan Education,9781380069412,Bìa mềm,,2023-12-21,Nhà sách Fahasa,available,1000,True,True,True
279029711,Sách ngoại văn: Get Involved! American Edition Level 4 Student's Book With Student's App And Digital Student's Book,316300,333000,5,0,0,0,nhieu tac gia,Macmillan Publishers,Nhiều Nhà Xuất Bản,9781380072245,Bìa mềm,,2023-12-21,Nhà sách Fahasa,available,1000,True,True,True
279027964,Sách ngoại văn: Get Involved! A2 Student's Book With Student's App And Digital Student's Book,270700,285000,5,0,0,0,Gill Holley,Macmillan Publishers,Nhiều Nhà Xuất Bản,9781380068798,Bìa mềm,,2023-12-21,Nhà sách Fahasa,available,1000,True,True,True
279027821,Sách ngoại văn: IELTS Express Intermediate: The Fast Track to IELTS Success,378100,398000,5,0,0,0,"Richard Howells, Martin Lisboa",Cengage,Nhiều Nhà Xuất Bản,9781133313069,Bìa mềm,,2023-12-21,Nhà sách Fahasa,available,1000,True,True,True
279027073,"Sách ngoại văn: World Link 1: Student Book with My World Link Online (World Link, Third Edition: Developing English Fluency)",300000,300000,0,0,0,1,"Nancy Douglas,  James R. Morgan,  Susan Stempleski",Cengage,Nhiều Nhà Xuất Bản,9781305650794,Bìa mềm,,2023-12-21,Nhà sách Fahasa,available,1000,True,True,True
279006139,Sách ngoại văn: Reflect Reading & Writing 5: Student's Book With Online Practice And Student's eBook,411300,433000,5,0,0,0,Jessica Williams,Cengage,Cengage Learning,9780357448588,Bìa mềm,,2023-12-21,Nhà sách Fahasa,available,1000,True,True,True
278713908,Sách ngoại văn: Imagine Level 3 Student Book With Online Practice & e-Book,304900,321000,5,0,0,0,Daniel Barber,Cengage,Cengage Learning,9780357544365,Bìa mềm,,2023-12-21,Nhà sách Fahasa,available,1000,True,True,True
278058386,Sách ngoại văn: World Link Intro - Workbook (Fourth Edition),248900,262000,5,0,0,0,"Nancy Douglas,  James R. Morgan",Cengage,National Geographic,9780357503669,Bìa mềm,,2023-12-21,Nhà sách Fahasa,available,1000,True,True,True
277877468,Sách ngoại văn: Share It! Level 1 Student Book With Sharebook And Navio App,498700,525000,5,0,0,0,...,Đang cập nhật,Đang cập nhật,9781380022721,Bìa mềm,,2023-12-21,Nhà sách Fahasa,available,1000,True,True,True
277363177,Sách ngoại văn: Give Me Five! Level 2 Student's Book With Pupils Book And Navio App,384700,405000,5,0,0,4,"Donna Shaw,  Joanne Ramsden",Fahasa,Macmillan _,9781035108749,Bìa mềm,,2023-12-21,Nhà sách Fahasa,available,1000,True,True,True
276657040,Team Together Pupil's Book With Digital Resources Pack Level Starter,403700,425000,5,0,0,0,Anna Osborn,Pearson Education,Pearson Education,9781292310619,Bìa mềm,,2023-12-21,Nhà sách Fahasa,available,1000,True,True,True
275155651,"Tiếng Anh 7 Right On! trọn bộ (Sách bài học, Sách bài tập, Vở ghi chép)",162000,162000,0,0,0,22,nhieu tac gia,CÔNG TY TNHH EDUCATION SOLUTIONS VIỆT NAM,Nhà Xuất Bản Đại Học Sư Phạm TPHCM,9996043099699,Bìa mềm,290,2022-05-02,Dtpbooks,available,1000,True,True,True
274677008,My Disney Stars And Heroes Level 6 Workbook With eBook,294500,310000,5,0,0,0,...,Đang cập nhật,Đang cập nhật,9781292441689,Bìa mềm,,2023-12-21,Nhà sách Fahasa,available,1000,True,True,True
274674892,Gateway To The World C1 Workbook With Digital Workbook,283100,298000,5,0,0,2,...,Đang cập nhật,Đang cập nhật,9781380043474,Bìa mềm,,2023-12-21,Nhà sách Fahasa,available,1000,True,True,True
274419124,Voices Elementary A2: Student's Book BRE + OLP/EBK CSTM (Vietnam Edition),303000,319000,5,5,1,4,Lewis Lansford,Fahasa,National Geographic,9780357976166,Bìa mềm,,2023-12-21,Nhà sách Fahasa,available,1000,True,True,True
262699515,Breakthrough Plus 2nd Edition Intro Level Workbook Pack,222300,234000,5,0,0,1,Miles Craven,Macmillan Publishers,Macmillan Education,9781380003294,,,,Nhà sách Fahasa,available,1000,True,False,True
235539037,Cutting Edge Advanced,344300,355000,3,0,0,2,"Jonathan Bygrave, Araminta Crace, Sarah Cunningham, Peter Moor",Pearson Education,Pearson Longman,9781447936800,,,,Nhà sách Fahasa,available,1000,True,True,True
212110286,Rise And Shine American Level 6 Student's Book With ebook And Digital Activities,315400,332000,5,0,0,0,Anna Osborn,Pearson Education,Pearson Education,9781292417431,Bìa cứng,,2024-03-13,Nhà sách Fahasa,available,1000,True,True,True
205220446,Combo Truyện đọc Helbling Young Reader Lớp 4&5 (3 quyển),178000,178000,0,0,0,2,,CÔNG TY TNHH EDUCATION SOLUTIONS VIỆT NAM,Vietnam News Agency Publishing House,9786049854455,Bìa mềm,,,Dtpbooks,available,1000,True,True,True
192951255,World Link 4 With My World Link Online Practice And Student's eBook (Sticker Code) - 4th Edition,520600,548000,5,0,0,1,John Hughes,Cengage,Cengage Learning,9780357502266,,,,Nhà sách Fahasa,available,1000,True,True,True
192174032,Time Zones 3: Workbook,277400,292000,5,5,1,12,Carmella Lieske,Cengage Learning,Cengage Learning,9780357426395,,,,Nhà sách Fahasa,available,1000,True,True,True
185232567,Tiếng Anh 3 Extra and Friends Pupil's Book (Sách học sinh),77758,77758,0,5,1,206,,CÔNG TY TNHH EDUCATION SOLUTIONS VIỆT NAM,Nhà Xuất Bản Đại Học Sư Phạm,9786043099379,Bìa mềm,,2023-01-11,Dtpbooks,available,1000,True,True,True
151597239,American Jetstream Intermediate A Student's book & Workbook ( không kèm CD),207000,207000,0,5,27,321,,CÔNG TY TNHH EDUCATION SOLUTIONS VIỆT NAM,Helbling Languages,9783990458266,Bìa mềm,,2023-09-06,Dtpbooks,available,1000,True,True,True
117375041,Team Together Pupil's Book With Digital Resources Pack Level 6,403700,425000,5,0,0,0,Anna Osborn,Pearson Education,Pearson Education,9781292310626,,,,Nhà sách Fahasa,available,1000,True,False,True
55289105,Look 6: Workbook With Online Practice,253600,267000,5,0,0,2,Cengage Learning,Cengage,Cengage Learning,9780357122075,,,,Nhà sách Fahasa,available,1000,True,False,True
29355227,Welcome to Our World: Activity Book 3,188100,198000,5,0,0,0,,"Cengage Learning, Inc",,9781305112636,,,,Nhà sách Fahasa,available,1000,True,False,True
23436986,Kid's Box 2nd ed Activity Book with Online Resources Level 3,236500,249000,5,5,5,58,"Michael Tomlinson, Caroline Nixon",Cambridge University Press,,9781108596114,,,,Nhà sách Fahasa,available,1000,True,True,True
279243163,Sách ngoại văn: Sách Ngoại Văn - Gateway To The World,256500,270000,5,0,0,0,nhieu tac gia,Macmillan Publishers,Macmillan Education,1748248735984-cf,Bìa mềm,,2023-12-21,Nhà sách Fahasa,available,1000,True,True,True
279046490,Sách ngoại văn: English Goals 3 - Level A2 - Student’s Book,330700,341000,3,0,0,0,nhieu tac gia,Fahasa,Nhiều Nhà Xuất Bản,9788853641748,Bìa mềm,,2023-12-21,Nhà sách Fahasa,available,1000,True,True,True
279046216,Sách ngoại văn: Reading World 3 - Student Book (2nd Edition),265700,274000,3,0,0,0,nhieu tac gia,"E-Future.Co.,Ltd",Nhiều Nhà Xuất Bản,9791189906979,Bìa mềm,,2023-12-21,Nhà sách Fahasa,available,1000,True,True,True
279043694,Sách ngoại văn: English Goals 4 - Level B1 - Teacher's Book,405400,418000,3,0,0,0,nhieu tac gia,Fahasa,Nhiều Nhà Xuất Bản,9788853641830,Bìa mềm,,2023-12-21,Nhà sách Fahasa,available,1000,True,True,True
279039895,Sách ngoại văn: Complete Preliminary - Workbook Without Answers - Second Edition,205200,216000,5,0,0,0,Caroline Cooke,Cambridge University Press,Nhiều Nhà Xuất Bản,9781108525763,Bìa mềm,,2023-12-21,Nhà sách Fahasa,available,1000,True,True,True
279038272,Sách ngoại văn: A World Of Words - Building Vocabulary,1487900,1534000,3,0,0,0,nhieu tac gia,Fahasa,Nhiều Nhà Xuất Bản,9781925431117,Bìa mềm,,2023-12-21,Nhà sách Fahasa,available,1000,True,True,True
279037888,Sách ngoại văn: Shape It! 1 - Workbook With Ebook,288000,297000,3,0,0,0,nhieu tac gia,Cambridge University Press,Nhiều Nhà Xuất Bản,9781009043014,Bìa mềm,,2023-12-21,Nhà sách Fahasa,available,1000,True,True,True
279037558,Sách ngoại văn: Imagine Ame Starter - Students Book With Online Practice And eBook Sticker Code,277400,292000,5,0,0,0,nhieu tac gia,Cengage,Nhiều Nhà Xuất Bản,9780357544402,Bìa mềm,,2023-12-21,Nhà sách Fahasa,available,1000,True,True,True
279033322,Sách ngoại văn: Focus On ESP - Best Commercial Practice - Teacher’s Guide With Online Resources,632400,652000,3,0,0,0,nhieu tac gia,Fahasa,Nhiều Nhà Xuất Bản,9788853615596,Bìa mềm,,2023-12-21,Nhà sách Fahasa,available,1000,True,True,True
279033306,Sách ngoại văn: Reach For The Stars Level C With The Spark Platform,370500,390000,5,0,0,0,nhieu tac gia,Cengage,Nhiều Nhà Xuất Bản,9780357855133,Bìa mềm,,2023-12-21,Nhà sách Fahasa,available,1000,True,True,True
279033198,Sách ngoại văn: The Story Garden - Teacher’s Book 2 With Digital Code,340400,351000,3,0,0,0,nhieu tac gia,Fahasa,Nhiều Nhà Xuất Bản,9788853632845,Bìa mềm,,2023-12-21,Nhà sách Fahasa,available,1000,True,True,True
279033160,Sách ngoại văn: The Story Garden - Teacher’s Book 3 With Digital Code,340400,351000,3,0,0,0,nhieu tac gia,Fahasa,Nhiều Nhà Xuất Bản,9788853632852,Bìa mềm,,2023-12-21,Nhà sách Fahasa,available,1000,True,True,True
279030632,"Sách ngoại văn: Interchange Level 2B Student's Book With Digital Pack, 5th Edition",429400,452000,5,0,0,0,"Jack C. Richards,  Jonathan Hull Susan Proctor",Cambridge University Press,Cambridge University Press,9781009040716,Bìa mềm,,2023-12-21,Nhà sách Fahasa,available,1000,True,True,True
279029779,Sách ngoại văn: Max Science primary Workbook 3 : Discovering through Enquiry,310400,320000,3,0,0,0,nhieu tac gia,Macmillan Publishers,Nhiều Nhà Xuất Bản,9781380021601,Bìa mềm,,2023-12-21,Nhà sách Fahasa,available,1000,True,True,True
279029699,Sách ngoại văn: Our World Ame 5 Lesson Planner + Audio Cd + Trcdrom,931200,960000,3,0,0,0,nhieu tac gia,Cengage,Nhiều Nhà Xuất Bản,9781133962717,Bìa mềm,,2023-12-21,Nhà sách Fahasa,available,1000,True,True,True
279029037,Sách ngoại văn: Max Science primary Workbook 2 : Discovering through Enquiry,248300,256000,3,0,0,0,nhieu tac gia,Macmillan Publishers,Nhiều Nhà Xuất Bản,9781380021564,Bìa mềm,,2023-12-21,Nhà sách Fahasa,available,1000,True,True,True
279027635,Sách ngoại văn: In Company 3.0 Elementary Level Teacher's Book Premium Plus Pack,707100,729000,3,0,0,0,Helena Gomm,Macmillan Publishers,Nhiều Nhà Xuất Bản,9781380000361,Bìa mềm,,2023-12-21,Nhà sách Fahasa,available,1000,True,True,True
279027459,Sách ngoại văn: Imagine Level 2: Workbook,197600,208000,5,0,0,0,Rachel Wilson,Cengage,Nhiều Nhà Xuất Bản,9780357541913,Bìa mềm,,2023-12-21,Nhà sách Fahasa,available,1000,True,True,True
279027341,Sách ngoại văn: Imagine Level 4 Student Book With Online Practice & e-Book,277400,292000,5,0,0,0,Daniel Barber,Cengage,Nhiều Nhà Xuất Bản,9780357544372,Bìa mềm,,2023-12-21,Nhà sách Fahasa,available,1000,True,True,True
279027285,Sách ngoại văn: Imagine Level 6 Student Book With Online Practice & e-Book,277400,292000,5,0,0,0,Katherine Stannett,Cengage,Nhiều Nhà Xuất Bản,9780357544396,Bìa mềm,,2023-12-21,Nhà sách Fahasa,available,1000,True,True,True
279026776,Sách ngoại văn: In Company 3.0 Starter Level Digital Student's Book Pack,356900,368000,3,0,0,0,Edward de Chazal,Macmillan Publishers,Macmillan Education,9781786329189,Bìa mềm,,2023-12-21,Nhà sách Fahasa,available,1000,True,True,True
278831020,Sách ngoại văn: Global Stage 2 - Language & Literacy Digital Language Literacy,1098000,1132000,3,0,0,0,Roisin O'Farrell,Fahasa,Macmillan _,9781380087225,Bìa mềm,,2023-12-21,Nhà sách Fahasa,available,1000,True,True,True
277180519,Sách ngoại văn: Smart English Starter - Workbook (2nd Edition),170700,176000,3,0,0,0,"Casey Kim,  Jayne Lee","E-Future.Co.,Ltd","E-Future.Co.,Ltd",9791192361147,Bìa mềm,,2023-12-21,Nhà sách Fahasa,available,1000,True,True,True
276831331,Sách ngoại văn: Our World 4 - Lesson Planner (2nd Edition - American English),1280400,1320000,3,0,0,0,Joan Kang Shin,Cengage,National Geographic,9780357971925,Bìa mềm,,2023-12-21,Nhà sách Fahasa,available,1000,True,True,True
276809596,Sách ngoại văn: Shape It! 1 - Student's Book With Digital Pack,577100,603000,4,0,0,0,Claire Thacker,Cambridge University Press,Cambridge University Press,9781108847018,Bìa mềm,,2023-12-21,Nhà sách Fahasa,available,1000,True,True,True
276809556,Sách ngoại văn: Empower C1 Advanced - Workbook With Answers (2nd Edition),414100,416000,0,0,0,1,Rob McLarty,Cambridge University Press,Cambridge University Press,9781108961592,Bìa mềm,,2023-12-21,Nhà sách Fahasa,available,1000,True,True,True
276809222,Sách ngoại văn: Cam Primary Mathematics 1 - Workbook With Digital Access (1 Year) (2nd Edition),351100,372000,6,0,0,1,"Cherri Moseley,  Janet Rees",Cambridge University Press,Cambridge University Press,9781108746434,Bìa mềm,,2023-12-21,Nhà sách Fahasa,available,1000,True,True,True
276566377,"Pathways Reading, Writing, And Critical Thinking 3 - Student's Book + Spark Sticker (3rd Edition)",430300,453000,5,5,1,3,"Laurie Blass,  Mari Vargo,  Kristin Sherman",Cengage,Cengage Learning,9780357979921,Bìa mềm,,2023-12-21,Nhà sách Fahasa,available,1000,True,True,True
276566357,Give Me Five! 6 - Activity Book With Digital Activity Book,227900,235000,3,0,0,0,"Donna Shaw,  Rob Sved",Fahasa,Macmillan _,9781035108947,Bìa mềm,,2023-12-21,Nhà sách Fahasa,available,1000,True,True,True
276566338,Happy Campers 2 - Workbook (2nd Edition),204600,211000,3,0,0,0,"Angela Llanas,  Libby Williams",Fahasa,Macmillan _,9781380080226,Bìa mềm,,2023-12-21,Nhà sách Fahasa,available,1000,True,True,True
276429460,Reading Explorer 4 - Student's Book With The Spark Platform (Third Edition),416100,438000,5,0,0,4,"Paul MacIntyre,  David Bohlke",Cengage,Heinle ELT,9798214085654,Bìa mềm,,2023-12-21,Nhà sách Fahasa,available,1000,True,True,True
276223966,Fun Skills Level 1 - Student's Book And Home Booklet With Online Activities,412300,452000,9,0,0,0,Claire Medwell,Cambridge University Press,Cambridge University Press,9781108582148,Bìa mềm,,2023-12-21,Nhà sách Fahasa,available,1000,True,True,True
276149777,Reflect Listening & Speaking 2 With The Spark Platform,452200,476000,5,0,0,4,Jonathan Bygrave,Cengage,Heinle ELT,9780357449189,Bìa mềm,,2023-12-21,Nhà sách Fahasa,available,1000,True,True,True
274676164,Explore Our World 5: Workbook,192000,198000,3,0,0,0,...,Đang cập nhật,Đang cập nhật,9781305089891,Bìa mềm,,2023-12-21,Nhà sách Fahasa,available,1000,True,True,True
274675113,Hats On Top Activity Book Level 3,278300,287000,3,0,0,0,...,Đang cập nhật,Đang cập nhật,9780230445178,Bìa mềm,,2023-12-21,Nhà sách Fahasa,available,1000,True,True,True
274673385,Superkids 3rd Activity Book Level 2,136800,149000,8,0,0,1,...,Đang cập nhật,Đang cập nhật,9789882435506,Bìa mềm,,2023-12-21,Nhà sách Fahasa,available,1000,True,True,True
192173810,New Close-up A2: Workbook 3rd Edition,227000,239000,5,5,1,21,,Cengage Learning,Cengage Learning,9780357434024,,,,Nhà sách Fahasa,available,1000,True,True,True
176714909,ENGLISH WORLD 3: DICTIONARY,44600,46000,3,0,0,0,,Macmillan Publishers,Macmillan Education,9780230032163,,,,Nhà sách Fahasa,available,1000,True,False,True
54775008,Happy Campers Starter Level Student's Book/Language Lodge,273500,282000,3,0,0,2,"Patricia Acosta, Angela Padron",Macmillan Publishers,Macmillan Education,9780230472495,,,,Nhà sách Fahasa,available,1000,True,True,True
23438637,Our World Ame 6 Workbook,116400,132000,12,0,0,2,",  ,  ,  ,  ,",,,9781285606576,,,,Nhà sách Fahasa,available,1000,True,False,True
279246520,Sách ngoại văn: Sách Giáo Trình Học Tiếng Anh Cấp 2 Time Zones 3rd Edition,251700,265000,5,0,0,0,nhieu tac gia,Cengage,National Geographic,1746431378276-cf,Bìa mềm,,2023-12-21,Nhà sách Fahasa,available,1000,True,True,True
279243302,Sách ngoại văn: Sách Giáo Trình Tiếng Anh Mẫu Giáo - Pippa And Pop Ame,196600,207000,5,0,0,0,nhieu tac gia,Cambridge University Press,Cambridge University Press,1746431376772-cf,Bìa mềm,,2023-12-21,Nhà sách Fahasa,available,1000,True,True,True
279237537,Sách ngoại văn: Sách Giáo Trình Học Tiếng Anh Cấp 1 - English World,179500,189000,5,0,0,0,nhieu tac gia,Fahasa,Macmillan Education,1746431377274-cf,Bìa mềm,,2023-12-21,Nhà sách Fahasa,available,1000,True,True,True
279237489,Sách ngoại văn: Sách Giáo Trình Học Tiếng Anh Cấp 2 New CLose-Up 3rd Edition,206100,217000,5,0,0,0,nhieu tac gia,Cengage,Cengage Learning,1746431378577-cf,Bìa mềm,,2023-12-21,Nhà sách Fahasa,available,1000,True,True,True
279033390,Sách ngoại văn: Global Stage 2 - Language Workbook,563500,581000,3,0,0,0,nhieu tac gia,Fahasa,Nhiều Nhà Xuất Bản,9781380087270,Bìa mềm,,2023-12-21,Nhà sách Fahasa,available,1000,True,True,True
279033364,Sách ngoại văn: Global Stage 1 - Language Workbook,563500,581000,3,0,0,0,nhieu tac gia,Fahasa,Nhiều Nhà Xuất Bản,9781380087263,Bìa mềm,,2023-12-21,Nhà sách Fahasa,available,1000,True,True,True
279032952,Sách ngoại văn: Grammar Goals - Teacher’s Book Level 3 With Class Audio CD (American Edition),433500,447000,3,0,0,0,nhieu tac gia,Fahasa,Nhiều Nhà Xuất Bản,9780230446274,Bìa mềm,,2023-12-21,Nhà sách Fahasa,available,1000,True,True,True
279032569,Sách ngoại văn: Ready For Planet English - Intermediate Teacher's Book Digital Book,383100,395000,3,0,0,0,nhieu tac gia,Fahasa,Nhiều Nhà Xuất Bản,9788853633187,Bìa mềm,,2023-12-21,Nhà sách Fahasa,available,1000,True,True,True
279031663,Sách ngoại văn: Impact 4 Student Book With Online Workbook Package (American English),343300,354000,3,0,0,0,Thomas Fast,Cengage,Cengage Learning,9781337610919,Bìa mềm,,2023-12-21,Nhà sách Fahasa,available,1000,True,True,True
279030796,Sách ngoại văn: Give Me Five! Level 6 Flashcards,996100,1027000,3,0,0,0,Rob Sved,Fahasa,Macmillan Education,9781380025159,Bìa mềm,,2023-12-21,Nhà sách Fahasa,available,1000,True,True,True
279030718,Sách ngoại văn: Give Me Five! Level 5 Flashcards,996100,1027000,3,0,0,0,Rob Sved,Fahasa,Macmillan Education,9781380025104,Bìa mềm,,2023-12-21,Nhà sách Fahasa,available,1000,True,True,True
279025703,Sách ngoại văn: Now I Know! Level 6 Speaking And Vocabulary Book,314200,324000,3,0,0,0,Pearson Education,Pearson Education,Pearson Education,9781292219837,Bìa mềm,,2023-12-21,Nhà sách Fahasa,available,1000,True,True,True
278713731,Sách ngoại văn: Share It! 4 Workbook,240500,248000,3,0,0,0,Nicole Taylor,Fahasa,Macmillan _,9781380023049,Bìa mềm,,2023-12-21,Nhà sách Fahasa,available,1000,True,True,True
278235890,Sách ngoại văn: Academy Stars Pupil's Book With Digital Pupil's Book And Pupil's App On Navio Level 2,347200,358000,3,0,0,0,Kathryn Harper,Fahasa,MacMillan,9781035100149,Bìa mềm,,2023-12-21,Nhà sách Fahasa,available,1000,True,True,True
278235886,Sách ngoại văn: Academy Stars Alphabet Book With Digital Alphabet Book Starter,242500,250000,3,0,0,0,Opracowanie zbiorowe,Fahasa,MacMillan,9781035101214,Bìa mềm,,2023-12-21,Nhà sách Fahasa,available,1000,True,True,True
278017136,Sách ngoại văn: Get Involved! A1+ Student's Book With Student's App And Digital Student's Book,304500,314000,3,0,0,0,Gill Holley,Macmillan Publishers,Macmillan Education,9781380068750,Bìa mềm,,2023-12-21,Nhà sách Fahasa,available,1000,True,True,True
277372393,Sách ngoại văn: Superkids 3rd Student Book With Audio CDs And PEP Access Code Level 4,168100,183000,8,0,0,0,...,Pearson Education,Đang cập nhật,9789882435469,Bìa mềm,,2023-12-21,Nhà sách Fahasa,available,1000,True,True,True
276962737,Sách ngoại văn: Fun Skills 4 - Student's Book And Home Booklet With Online Activities,412300,452000,9,0,0,0,Emily Hird,Cambridge University Press,Cambridge University Press,9781108563673,Bìa mềm,,2023-12-21,Nhà sách Fahasa,available,1000,True,True,True
276809352,Sách ngoại văn: Evolve Level 1 Workbook With Audio,272500,281000,3,0,0,0,Samuela Eckstut,Cambridge University Press,Cambridge University Press,9781108408943,Bìa mềm,,2023-12-21,Nhà sách Fahasa,available,1000,True,True,True
276344707,Straightforward Intermediate Level: Workbook with Key + CD,162900,168000,3,0,0,0,"Roy Norris, Philip Kerr, Lindsay Clandfield, Jim Scrivener, Ceri Jones",Macmillan Publishers,Macmillan Education,9780230423268,Bìa mềm,,2023-12-21,Nhà sách Fahasa,available,1000,True,True,True
274675314,Now I Know! Level 5 Speaking And Vocabulary Book,268600,277000,3,0,0,0,...,Đang cập nhật,Đang cập nhật,9781292219721,Bìa mềm,,2023-12-21,Nhà sách Fahasa,available,1000,True,True,True
274675231,Explore Our World 4: Workbook,192000,198000,3,0,0,0,...,Đang cập nhật,Đang cập nhật,9781305089877,Bìa mềm,,2023-12-21,Nhà sách Fahasa,available,1000,True,True,True
263101042,Close-up B2: Workbook With Online Workbook,234700,242000,3,0,0,0,Katrina Gormley,Cengage,Cengage Learning,9781408095904,,,,Nhà sách Fahasa,available,1000,True,True,True
196579654,Pre A1 Starters Mini Trainer With Audio Download,230800,244000,5,0,0,13,Cambridge University Press,Cambridge University Press,Cambridge University Press,9781108564304,,,,Nhà sách Fahasa,available,1000,True,True,True
196488215,Cambridge Grammar And Writing Skills Learner's Book 3,351100,364000,4,0,0,3,,Cambridge University Press,Cambridge University Press,9781108730617,,,,Nhà sách Fahasa,available,1000,True,True,True
193101998,Let's Smile 6 Student Book,242000,242000,0,0,0,0,Jayne Lee,"E-Future.Co.,Ltd","E-Future.Co.,Ltd",9791191150056,,,,Nhà sách Fahasa,available,1000,True,True,True
193101880,Let's Smile 2 Student Book,242000,242000,0,0,0,4,Jayne Lee,"E-Future.Co.,Ltd","E-Future.Co.,Ltd",9791191150018,,,,Nhà sách Fahasa,available,1000,True,True,True
189250860,Power Up! Start Smart Pupil's Book,404700,444000,9,0,0,11,Caroline Nixon,Cambridge University Press,Cambridge University Press,9781108713580,,,2024-03-13,Nhà sách Fahasa,available,1000,True,True,True
117375009,Team Together Activity Book Level 2,247300,255000,3,0,0,0,"Susan Rivers, Lesley Koustaff",Pearson Education,Pearson Education,9781292292526,,,,Nhà sách Fahasa,available,1000,True,False,True
116567480,English in Mind Level 4 Teacher's Resource Book 2nd Edition,816700,842000,3,0,0,0,"Brian Hart,  Mario Rinvolucri Herbert Puchta Jeff Stranks",Cambridge University Press,Cambridge University Press,9780521184502,,,,Nhà sách Fahasa,available,1000,True,True,True
115694944,Evolve Level 6 Workbook With Audio,272500,281000,3,0,0,0,Mari Vargo,Cambridge University Press,Cambridge University Press,9781108409094,,,,Nhà sách Fahasa,available,1000,True,True,True
113431046,Impact Foundation: Workbook,258900,267000,3,0,0,5,Katherine Stannett,Cengage,Cengage,9781337624817,,,,Nhà sách Fahasa,available,1000,True,True,True
80960301,Straightforward 2nd Edition Advanced + EBook Student's Pack,348200,395000,12,5,1,1,"Philip Kerr,  Ceri Jones,  Lindsay Clandfield,  Roy Norris",Macmillan Publishers,Macmillan Education,9781786327697,,,,Nhà sách Fahasa,available,1000,True,True,True
72314632,Ferris Wheel Activity Book 3,301600,311000,3,0,0,2,Carol Read,Macmillan Publishers,Macmillan Education,9781380018717,,,,Nhà sách Fahasa,available,1000,True,True,True
72314588,Ferris Wheel Level 2 Student's Book With Navio App,473300,488000,3,0,0,6,Carol Read,Macmillan Publishers,Macmillan Education,9781380026682,,,,Nhà sách Fahasa,available,1000,True,True,True
55286937,Skillful Reading and Writing Student's Book + Digibook Level 4,299700,340000,12,4.5,7,22,"Mike Boyle, Lindsay Warwick",Macmillan Publishers,Macmillan Education,9780230431980,,,,Nhà sách Fahasa,available,1000,True,True,True
34753726,Laser Student's Book + CD-ROM Pack Level B2,203700,231000,12,0,0,4,"Steve Taylore Knowles, Malcolm Mann",Macmillan Education,,9780230433823,,,,Nhà sách Fahasa,available,1000,True,False,True
31516373,Cambridge English Prepare! Level 7 Workbook With Audio,101800,116000,12,5,2,17,"David McKeegan, Annette Capel",Cambridge University,Cambridge University Press,9781316610510,,,,Nhà sách Fahasa,available,1000,True,True,True
29356478,Super Safari Level 2 Pupil's Book with DVD-ROM - Reprint,177600,206000,14,4.7,14,115,Herbert Puchta,Cambridge,Đang cập nhật,9781316509890,,,2015-11-01,Nhà sách Fahasa,available,1000,True,True,True
25201389,English World Level 8: Student Book,182300,207000,12,0,0,2,"Liz Hocking, Liz Hocking, Mary Bowen, Wendy Wren",Macmillan Education,,9780230032538,,,,Nhà sách Fahasa,available,1000,True,False,True
279245450,Sách ngoại văn: Sách Ngoại Văn - Cambridge Compact Key For Schools Series (2nd Edition),171000,180000,5,0,0,0,nhieu tac gia,Cambridge University Press,Cambridge University Press,1748248733678-cf,Bìa mềm,,2023-12-21,Nhà sách Fahasa,available,1000,True,True,True
279243400,Sách ngoại văn: Sách Ngoại Văn - Giáo Trình Reflect Listening & Speaking (Kèm Online Practice/ebook),411300,433000,5,0,0,0,nhieu tac gia,Cengage,Cengage Learning,1748248739695-cf,Bìa mềm,,2023-12-21,Nhà sách Fahasa,available,1000,True,True,True
279238105,Sách ngoại văn: Sách Ngoại Văn - Giáo trình Great Writing 5th Edition,316300,333000,5,0,0,0,nhieu tac gia,Cengage,National Geographic,1749030806737-cf,Bìa mềm,,2023-12-21,Nhà sách Fahasa,available,1000,True,True,True
279237118,Sách ngoại văn: Sách Ngoại Văn - Empower (2nd Edition),405600,427000,5,0,0,0,nhieu tac gia,Cambridge University Press,Cambridge University Press,1748248734580-cf,Bìa mềm,,2023-12-21,Nhà sách Fahasa,available,1000,True,True,True
279045060,Sách ngoại văn: E-Future Discovery 1-3 (50 Words),257000,265000,3,0,0,0,nhieu tac gia,"E-Future.Co.,Ltd",Nhiều Nhà Xuất Bản,9791194672029,Bìa mềm,,2023-12-21,Nhà sách Fahasa,available,1000,True,True,True
279044972,Sách ngoại văn: E-Future Discovery 3-2 (90 Words),257000,265000,3,0,0,0,nhieu tac gia,"E-Future.Co.,Ltd",Nhiều Nhà Xuất Bản,9791194672074,Bìa mềm,,2023-12-21,Nhà sách Fahasa,available,1000,True,True,True
279044954,Sách ngoại văn: E-Future Discovery 2-3 (70 Words),257000,265000,3,0,0,0,nhieu tac gia,"E-Future.Co.,Ltd",Nhiều Nhà Xuất Bản,9791194672050,Bìa mềm,,2023-12-21,Nhà sách Fahasa,available,1000,True,True,True
279043634,Sách ngoại văn: E-Future Discovery 4-1 (110 Words),257000,265000,3,0,0,0,nhieu tac gia,"E-Future.Co.,Ltd",Nhiều Nhà Xuất Bản,9791194672098,Bìa mềm,,2023-12-21,Nhà sách Fahasa,available,1000,True,True,True
279043018,Sách ngoại văn: E-Future Discovery 6-1 (230 Words),257000,265000,3,0,0,0,nhieu tac gia,"E-Future.Co.,Ltd",Nhiều Nhà Xuất Bản,9791194672159,Bìa mềm,,2023-12-21,Nhà sách Fahasa,available,1000,True,True,True
279042924,Sách ngoại văn: E-Future Discovery 5-1 (160 Words),257000,265000,3,0,0,0,nhieu tac gia,"E-Future.Co.,Ltd",Nhiều Nhà Xuất Bản,9791194672128,Bìa mềm,,2023-12-21,Nhà sách Fahasa,available,1000,True,True,True
279033264,Sách ngoại văn: The Story Garden 4 - Student's Book With Activities,318100,328000,3,0,0,0,nhieu tac gia,Fahasa,Nhiều Nhà Xuất Bản,9788853632807,Bìa mềm,,2023-12-21,Nhà sách Fahasa,available,1000,True,True,True
279032912,Sách ngoại văn: Speakout A1 Workbook With Key (3rd Edition),265000,265000,0,0,0,0,nhieu tac gia,Pearson Education,Nhiều Nhà Xuất Bản,9781292407340,Bìa mềm,,2023-12-21,Nhà sách Fahasa,available,1000,True,True,True
279032729,Sách ngoại văn: Ready For Planet English Foundations - Workbook With Digital Book,222100,229000,3,0,0,0,nhieu tac gia,Fahasa,Nhiều Nhà Xuất Bản,9788853633118,Bìa mềm,,2023-12-21,Nhà sách Fahasa,available,1000,True,True,True
279032699,Sách ngoại văn: Music Videos For Grammar,147400,152000,3,0,0,0,nhieu tac gia,Fahasa,Nhiều Nhà Xuất Bản,9788853639905,Bìa mềm,,2023-12-21,Nhà sách Fahasa,available,1000,True,True,True
279032641,Sách ngoại văn: Ready For Planet English - Intermediate - Workbook With Digital Book,222100,229000,3,0,0,0,nhieu tac gia,Fahasa,Nhiều Nhà Xuất Bản,9788853633156,Bìa mềm,,2023-12-21,Nhà sách Fahasa,available,1000,True,True,True
279032413,Sách ngoại văn: Ready For Planet English Elementary - Workbook With Digital Book,222100,229000,3,0,0,0,nhieu tac gia,Fahasa,Nhiều Nhà Xuất Bản,9788853635242,Bìa mềm,,2023-12-21,Nhà sách Fahasa,available,1000,True,True,True
279029901,Sách ngoại văn: Speed Phonics 2 Student Book,239000,239000,0,0,0,0,nhieu tac gia,"E-Future.Co.,Ltd",Nhiều Nhà Xuất Bản,9791156800804,Bìa mềm,,2023-12-21,Nhà sách Fahasa,available,1000,True,True,True
279027815,Sách ngoại văn: Little Phonics 2 Student Book,170700,176000,3,0,0,0,Casey Kim,"E-Future.Co.,Ltd",Nhiều Nhà Xuất Bản,9788956352725,Bìa mềm,,2023-12-21,Nhà sách Fahasa,available,1000,True,True,True
279027725,Sách ngoại văn: My First Writing 3 Workbook (2nd Edition),106700,110000,3,0,0,0,"Casey Kim,  Jayne Lee","E-Future.Co.,Ltd",Nhiều Nhà Xuất Bản,9791189906085,Bìa mềm,,2023-12-21,Nhà sách Fahasa,available,1000,True,True,True
279027447,Sách ngoại văn: ESP Series - Flash On English For Tourism (2nd Edition),200700,207000,3,0,0,1,Collectif,Fahasa,Nhiều Nhà Xuất Bản,9788853622303,Bìa mềm,,2023-12-21,Nhà sách Fahasa,available,1000,True,True,True
279027134,Sách ngoại văn: MR; Treasure Island Ele,129000,133000,3,0,0,0,Robert Louis Stevenson,Macmillan Publishers,Nhiều Nhà Xuất Bản,9781405072847,Bìa mềm,,2023-12-21,Nhà sách Fahasa,available,1000,True,True,True
279026190,Sách ngoại văn: Go Beyond Student's Book Premium Pack 5,498500,514000,3,0,0,0,"Robert Campbell,  Rob Metcalf,  Rebecca Robb Benne",Macmillan Publishers,MacMillan,9780230476707,Bìa mềm,,2023-12-21,Nhà sách Fahasa,available,1000,True,True,True
278235914,Sách ngoại văn: Academy Stars Pupil's Book With Digital Pupil's Book And Pupil's App On Navio Level 1,347200,358000,3,0,0,0,"Kathryn Harper,  Gabrielle Pritchard",Fahasa,MacMillan,9781035100033,Bìa mềm,,2023-12-21,Nhà sách Fahasa,available,1000,True,True,True
278058402,Sách ngoại văn: Kid's Box New Generation - Pupil's Book With Ebook 3,367600,387000,5,0,0,0,"Caroline Nixon,  Michael Tomlinson",Cambridge University Press,Cambridge University Press,9781009824644,Bìa mềm,,2023-12-21,Nhà sách Fahasa,available,1000,True,True,True
278058359,Sách ngoại văn: Kid's Box New Generation - Activity Book With Digital Pack 5,322000,339000,5,0,0,0,"Caroline Nixon,  Michael Tomlinson",Cambridge University Press,Cambridge University Press,9781009824729,Bìa mềm,,2023-12-21,Nhà sách Fahasa,available,1000,True,True,True
275005713,Robinson Crusoe ( No CD),106700,110000,3,0,0,0,...,Macmillan Publishers,MacMillan,9780230731189,Bìa mềm,,2023-12-21,Nhà sách Fahasa,available,1000,True,True,True
270477506,Cambridge Global English Workbook 2 With Digital Access (1 Year) 2nd Edition,308700,333000,7,5,1,15,"Elly Schottman,  Caroline Linse,  Kathryn Harper",Cambridge University Press,Cambridge University Press,9781108963657,,,,Nhà sách Fahasa,available,1000,True,True,True
263101427,My First Writing 3 Student Book (2nd Edition),214300,221000,3,0,0,0,e-future,"E-Future.Co.,Ltd","E-Future.Co.,Ltd",9791189906054,,,,Nhà sách Fahasa,available,1000,True,False,True
253870115,Global Stage Literacy Book And Language Book Level 1,820600,846000,3,0,0,2,"Viv Lambert,  Paul Mason,  Kaj Schwermer",Macmillan Publishers,Macmillan Education,9781380002136,,,,Nhà sách Fahasa,available,1000,True,True,True
243086232,Cambridge Global English Workbook 1 With Digital Access (1 Year) 2nd Edition,308700,333000,7,0,0,18,"Elly Schottman,  Caroline Linse,  Kathryn Harper",Cambridge University Press,Cambridge University Press,9781108963640,,,,Nhà sách Fahasa,available,1000,True,True,True
193109321,Pockets 2 Sb W/ Cd-Rom,355900,367000,3,0,0,0,Pearson,Pearson Education,Pearson,9780136038788,,,,Nhà sách Fahasa,available,1000,True,True,True
192989127,Time Zones 3 Workbook,222100,229000,3,5,1,2,National Geographic,Cengage,Cengage Learning,9781305259942,,,,Nhà sách Fahasa,available,1000,True,True,True
116567371,StartUp Teacher's Edition Level 5,938900,1065000,12,0,0,0,"Jenni Currie Santamaria,  Genevieve Kocienda",Pearson Education,Pearson,9780135181331,,,,Nhà sách Fahasa,available,1000,True,True,True
58839947,GoGetter 2 Workbook,235700,243000,3,0,0,0,"Jennifer Heath,  Catherine Bright",Pearson Education,Pearson Education,9781292210032,,,,Nhà sách Fahasa,available,1000,True,False,True
44605395,New Phonics For Kids 1 Student's Book,226900,234000,3,3,1,10,"Thomas Gordon,  Nathan Shu",Pearson Education,,9789880034336,,,,Nhà sách Fahasa,available,1000,True,True,True
42838982,Cambridge English Young Learners 8 Starters,31000,35000,11,5,1,2,Cambridge,Cambridge,,9781107620049,,,,Nhà sách Fahasa,available,1000,True,False,True
42838975,Cambridge Young Learners English Tests 6 Starters Answer Booklet,31000,35000,11,0,0,8,Cambridge ESOL,Cambridge,,9780521739344,,,,Nhà sách Fahasa,available,1000,True,True,True
31516166,Our Discovery Island American Sb5 W/Cdrom & Online Access Code,189100,215000,12,0,0,2,John Wiltshier and Jose Luis Morales,Pearson,,9781447900658,,,,Nhà sách Fahasa,available,1000,True,True,True
2137835,Sách Gateway 2nd Ed B1 Workbook,275400,284000,3,5,2,18,Dave Spencer,Macmillan Education,Macmillan Education,9780230470910,Paperback,,,Nhà sách Fahasa,available,1000,True,False,True
549184,Sách Access Grade 9 Workbook,119300,123000,3,5,31,176,Virginia Evans - Jenny Dooley,Đại Trường Phát,Oxford University Press,9786049458033,Bìa mềm,,2016-09-01,Nhà sách Fahasa,available,1000,True,True,True
279046408,Sách ngoại văn: Trailblazer Student's Book + Spark Sticker 5,386000,398000,3,0,0,0,nhieu tac gia,Cengage,Nhiều Nhà Xuất Bản,9780357962961,Bìa mềm,,2023-12-21,Nhà sách Fahasa,available,1000,True,True,True
279046340,Sách ngoại văn: Trailblazer Starter Workbook,257000,265000,3,0,0,0,nhieu tac gia,Cengage,Nhiều Nhà Xuất Bản,9780357961520,Bìa mềm,,2023-12-21,Nhà sách Fahasa,available,1000,True,True,True
279042009,Sách ngoại văn: 1200 Words For Tests Movers 3,171600,177000,3,0,0,0,nhieu tac gia,"E-Future.Co.,Ltd",Nhiều Nhà Xuất Bản,9791194672234,Bìa mềm,,2023-12-21,Nhà sách Fahasa,available,1000,True,True,True
279040785,Sách ngoại văn: World Link 4E 1 Workbook,230800,238000,3,0,0,0,Cengage Learning,Cengage,Nhiều Nhà Xuất Bản,9780357503768,Bìa mềm,,2023-12-21,Nhà sách Fahasa,available,1000,True,True,True
279027936,Sách ngoại văn: Sounds in Action 2 Student Book,176500,182000,3,0,0,0,Julie Sormark,"E-Future.Co.,Ltd",Nhiều Nhà Xuất Bản,9788956351834,Bìa mềm,,2023-12-21,Nhà sách Fahasa,available,1000,True,True,True
279026041,Sách ngoại văn: Hand in Hand 6 Workbook,146400,151000,3,0,0,0,e-future,"E-Future.Co.,Ltd",E-Future,9791156808299,Bìa mềm,,2023-12-21,Nhà sách Fahasa,available,1000,True,True,True
278586118,Sách ngoại văn: NorthStar Listening And Speaking (5Th Edition) Student Book With Mobile App And MyEnglishLab And Resources Level 2,1445900,1522000,5,0,0,0,Laurie L Frazier,Pearson Education,Pearson Education,9780135226964,Bìa mềm,,2023-12-21,Nhà sách Fahasa,available,1000,True,True,True
278519694,Sách ngoại văn: Trailblazer Student's Book + Spark Sticker 2,424800,438000,3,0,0,2,Cheryl Pelteret,Cengage,Cengage Learning,9780357962060,Bìa mềm,,2023-12-21,Nhà sách Fahasa,available,1000,True,True,True
278519674,Sách ngoại văn: Trailblazer Workbook 3,283200,292000,3,0,0,0,Susannah Reed,Cengage,Cengage Learning,9780357962404,Bìa mềm,,2023-12-21,Nhà sách Fahasa,available,1000,True,True,True
278208496,Sách ngoại văn: Imagine Bre Workbook Starter,222100,229000,3,0,0,0,"Elaine Boyd,  Paul Dummett",Cengage,Cengage Learning,9780357911815,Bìa mềm,,2023-12-21,Nhà sách Fahasa,available,1000,True,True,True
278151383,Sách ngoại văn: Imagine Level 5 Bre Student's Book + Spark / Ebook,311300,321000,3,0,0,0,Rob Sved,Cengage,Cengage Learning,9780357911730,Bìa mềm,,2023-12-21,Nhà sách Fahasa,available,1000,True,True,True
277180579,Sách ngoại văn: Reading Planet 3 Student Book,243400,251000,3,0,0,0,e-future,"E-Future.Co.,Ltd","E-Future.Co.,Ltd",9788956357447,Bìa mềm,,2023-12-21,Nhà sách Fahasa,available,1000,True,True,True
274677906,Buzz 2 Classroom Resources Pack,739100,778000,5,0,0,0,...,Đang cập nhật,Đang cập nhật,9780194864749,Bìa mềm,,2023-12-21,Nhà sách Fahasa,available,1000,True,True,True
274676277,Buzz 1 Workbook,209000,220000,5,0,0,1,...,Đang cập nhật,Đang cập nhật,9780194865005,Bìa mềm,,2023-12-21,Nhà sách Fahasa,available,1000,True,True,True
274675966,Buzz Starter Student Book With Online Practice,331500,349000,5,0,0,2,...,Đang cập nhật,Đang cập nhật,9780194864275,Bìa mềm,,2023-12-21,Nhà sách Fahasa,available,1000,True,True,True
274675015,Buzz 4 Workbook,209000,220000,5,0,0,1,...,Đang cập nhật,Đang cập nhật,9780194864114,Bìa mềm,,2023-12-21,Nhà sách Fahasa,available,1000,True,True,True
274674734,Buzz 3 Classroom Resources Pack,739100,778000,5,0,0,0,...,Đang cập nhật,Đang cập nhật,9780194865289,Bìa mềm,,2023-12-21,Nhà sách Fahasa,available,1000,True,True,True
274673644,Buzz 4 Student Book With Online Practice,534800,563000,5,0,0,1,...,Đang cập nhật,Đang cập nhật,9780194865173,Bìa mềm,,2023-12-21,Nhà sách Fahasa,available,1000,True,True,True
274673232,Life Vision Workbook B1 Intermediate Plus,273600,288000,5,0,0,1,...,Đang cập nhật,Đang cập nhật,9780194064019,Bìa mềm,,2023-12-21,Nhà sách Fahasa,available,1000,True,True,True
274673230,Smart Choice Level 2: Student Book With Online Practice 4th Edition,451200,475000,5,0,0,3,...,Đang cập nhật,Đang cập nhật,9780194061148,Bìa mềm,,2023-12-21,Nhà sách Fahasa,available,1000,True,True,True
274673129,Harmonize 1 Student Book With Online Practice A1+ Level,366700,386000,5,0,0,1,...,Đang cập nhật,Đang cập nhật,9780194082341,Bìa mềm,,2023-12-21,Nhà sách Fahasa,available,1000,True,True,True
270797325,English World 2 Workbook Pack,197600,208000,5,5,1,6,Mary Bowen,Fahasa,Macmillan Education,9781035117178,,,,Nhà sách Fahasa,available,1000,True,True,True
270134937,Cambridge Global English Learner's Book 9 With Digital Access (1 Year) - 2nd Edition,788600,837000,6,0,0,9,Libby Mitchell,Cambridge University Press,Cambridge University Press,9781108816670,,,,Nhà sách Fahasa,available,1000,True,True,True
270134920,Cambridge Global English Workbook 7 With Digital Access (1 Year) - 2nd Edition,438900,475000,8,0,0,3,"Chris Barker,  Libby Mitchell",Cambridge University Press,Cambridge University Press,9781108963701,Bìa cứng,,2024-03-13,Nhà sách Fahasa,available,1000,True,True,True
270134894,Cambridge Global English Workbook 9 With Digital Access (1 Year) - 2nd Edition,448100,475000,6,0,0,8,"Ingrid Wisniewska,  Libby Mitchell",Cambridge University Press,Cambridge University Press,9781108963671,Bìa cứng,,2024-03-13,Nhà sách Fahasa,available,1000,True,True,True
263206730,New Smart Phonics 4 Workbook,94000,97000,3,0,0,0,Jayne Lee and Casey Kim,"E-Future.Co.,Ltd","E-Future.Co.,Ltd",9788956354583,,,,Nhà sách Fahasa,available,1000,True,True,True
242718233,Motivate! Level 2 Student's Book With eBook,325900,336000,3,0,0,3,"Emma Heyderman,  Fiona Mauchline",Macmillan Publishers,Macmillan Education,9781380074317,,,,Nhà sách Fahasa,available,1000,True,True,True
204302142,Smart English 6 Student Book + Audio CD,226000,233000,3,0,0,0,e-future,"E-Future.Co.,Ltd","E-Future.Co.,Ltd",9788956358604,,,,Nhà sách Fahasa,available,1000,True,True,True
195472300,Smart English 2 Student Book + Audio CD,226000,233000,3,0,0,0,e-future,"E-Future.Co.,Ltd","E-Future.Co.,Ltd",9788956358567,,,,Nhà sách Fahasa,available,1000,True,True,True
191424822,Hand In Hand Starter Student Book,267700,276000,3,0,0,0,"Casey Kim,  Jayne Lee","E-Future.Co.,Ltd","E-Future.Co.,Ltd",9791156808169,,,,Nhà sách Fahasa,available,1000,True,False,True
181268193,Listen Up Plus 3 Student Book (New Edition),207000,207000,0,0,0,1,e-future,"E-Future.Co.,Ltd","E-Future.Co.,Ltd",9788956353838,,,,Nhà sách Fahasa,available,1000,True,True,True
115695113,Wider World 2 Workbook With Extra Online Homework Pack,170700,176000,3,4,1,1,Lynda Edwards,Pearson Education,Pearson Education,9781292178721,,,,Nhà sách Fahasa,available,1000,True,True,True
78553668,Global Stage Literacy Book And Language Book Level 2,820600,846000,3,5,1,5,"Jeanette Corbett,  Roisin O'Farrell,  Paul Mason,  Nicole Taylor,  Michael Watts",Macmillan Publishers,Macmillan Education,9781380002242,,,,Nhà sách Fahasa,available,1000,True,True,True
58903340,"Keynote British English Advanced: Student's Book With DVD-ROM and MyELT Online Workbook, Printed Access Code",416100,429000,3,4.3,3,13,Paul Dummett,Cengage,Cengage Learning,9781305880627,,,,Nhà sách Fahasa,available,1000,True,False,True
51519046,Our World 3 Workbook With Audio CD,192000,198000,3,0,0,8,National Geographic,Cengage,Cengage Learning,9781285455693,,,,Nhà sách Fahasa,available,1000,True,True,True
50490834,Our World AME 3: Grammar Workbook,149300,154000,3,0,0,3,Crandall Shin,Cengage,Cengage Learning,9781337292801,,,,Nhà sách Fahasa,available,1000,True,True,True
49641396,Interactive 3 WB,99900,113000,12,0,0,0,Meredith Lewis,Cambridge University Press,CAMBRIDGE,9781107457959,,,,Nhà sách Fahasa,available,1000,True,True,True
49641297,Compact Key For Schools Student's Book Without Answers With Online Practice - 2nd Edition,355300,374000,5,5,3,51,"Emma Heyderman,  Susan White",Cambridge University Press,Cambridge University Press,9781108348744,,,,Nhà sách Fahasa,available,1000,True,True,True
25002261,Big English AmE 2Ed Level 2 Value Pack (SB + WB),488000,488000,0,4,1,26,"Christopher Sol Cruz, Mario Herrera",Pearson,,6510000001005,,,,Nhà sách Fahasa,available,1000,True,False,True
22879799,IELTS Life Skills Official Cam Test Practice A1 SB with Answers (Sách Không Kèm Đĩa),148400,168000,12,4,2,20,Mary Matthews,Cambridge University,,9781108430449,,,,Nhà sách Fahasa,available,1000,True,True,True
279044098,Sách ngoại văn: Imagine Starter Bre Student's Book + Spark / Ebook,283200,292000,3,0,0,0,nhieu tac gia,Cengage,Nhiều Nhà Xuất Bản,9780357911532,Bìa mềm,,2023-12-21,Nhà sách Fahasa,available,1000,True,True,True
279042932,"Sách ngoại văn: Ready, Steady, Grow! BrE Activity Book Level 1",209500,216000,3,0,0,0,nhieu tac gia,Cambridge University Press,Nhiều Nhà Xuất Bản,9781009830553,Bìa mềm,,2023-12-21,Nhà sách Fahasa,available,1000,True,True,True
279041238,Sách ngoại văn: Impact BrE 2E Workbook 1,257000,265000,3,0,0,0,Joan Kang Shin,Cengage,Nhiều Nhà Xuất Bản,9798214176291,Bìa mềm,,2023-12-21,Nhà sách Fahasa,available,1000,True,True,True
279040555,"Sách ngoại văn: Ready, Steady, Grow! BrE Activity Book Level 3",209500,216000,3,0,0,0,Sarah Dilger,Cambridge University Press,Nhiều Nhà Xuất Bản,9781009830577,Bìa mềm,,2023-12-21,Nhà sách Fahasa,available,1000,True,True,True
279040367,Sách ngoại văn: Impact BrE 2E Foundation Workbook,257000,265000,3,0,0,0,Joan Kang Shin,Cengage,Nhiều Nhà Xuất Bản,9798214176086,Bìa mềm,,2023-12-21,Nhà sách Fahasa,available,1000,True,True,True
279028981,Sách ngoại văn: In Company 3.0 Upper Inter SB pack,498500,514000,3,0,0,0,nhieu tac gia,Macmillan Publishers,Nhiều Nhà Xuất Bản,9780230455351,Bìa mềm,,2023-12-21,Nhà sách Fahasa,available,1000,True,True,True
279027861,Sách ngoại văn: In Comp 3.0 Int DSB Pk,357900,369000,3,0,0,0,Mark Powell,Macmillan Publishers,Nhiều Nhà Xuất Bản,9781786329271,Bìa mềm,,2023-12-21,Nhà sách Fahasa,available,1000,True,True,True
279006049,"Sách ngoại văn: Ready, Steady, Grow! BrE Pupil's Book With Digital Pack Level 1",368600,380000,3,0,0,0,Hawys Morgan,Cambridge University Press,Cambridge University Press,9781009830522,Bìa mềm,,2023-12-21,Nhà sách Fahasa,available,1000,True,True,True
278776624,Sách ngoại văn: Life Bre 3E Beginner Student's Book + Spark Sticker,439400,453000,3,0,0,0,"John Hughes,  Paul Dummett,  Helen Stephenson",Cengage,Cengage Learning,9798214180359,Bìa mềm,,2023-12-21,Nhà sách Fahasa,available,1000,True,True,True
278627829,Sách ngoại văn: Perspectives - American English - Student's Book - Spark Sticker 3,448100,462000,3,0,0,0,Hugh Dellar,Cengage,Heinle ELT,9798214334615,Bìa mềm,,2023-12-21,Nhà sách Fahasa,available,1000,True,True,True
278208498,Sách ngoại văn: Imagine Bre Workbook 5,222100,229000,3,0,0,0,Susannah Reed,Cengage,Cengage Learning,9780357911860,Bìa mềm,,2023-12-21,Nhà sách Fahasa,available,1000,True,True,True
278208478,Sách ngoại văn: Imagine Bre Workbook 6,222100,229000,3,0,0,0,"Elaine Boyd,  Paul Dummett",Cengage,Cengage Learning,9780357911877,Bìa mềm,,2023-12-21,Nhà sách Fahasa,available,1000,True,True,True
274677875,New Close-Up A1+ With The Spark Platform,407500,429000,5,0,0,8,...,Đang cập nhật,Đang cập nhật,9780357960127,Bìa mềm,,2023-12-21,Nhà sách Fahasa,available,1000,True,True,True
274677633,Headway 5th Edition: Elementary: Student's Book A With Online Practice (Units 1 - 6),237500,250000,5,0,0,0,...,Đang cập nhật,Đang cập nhật,9780194524278,Bìa mềm,,2023-12-21,Nhà sách Fahasa,available,1000,True,True,True
274677473,Evolve Level 5 Student's Book With Digital Pack,657600,678000,3,0,0,0,...,Đang cập nhật,Đang cập nhật,9781009235518,Bìa mềm,,2023-12-21,Nhà sách Fahasa,available,1000,True,True,True
274676879,"Straightforward Pre SB & WEBCODE, 2ed",383100,395000,3,0,0,1,...,Đang cập nhật,Đang cập nhật,9781786327642,Bìa mềm,,2023-12-21,Nhà sách Fahasa,available,1000,True,True,True
274676549,Headway 5th Edition: Beginner: Student's Book A With Online Practice (Units 1 - 7),237500,250000,5,0,0,0,...,Đang cập nhật,Đang cập nhật,9780194523950,Bìa mềm,,2023-12-21,Nhà sách Fahasa,available,1000,True,True,True
274675249,Buzz 1 Student Book With Online Practice,534800,563000,5,0,0,1,...,Đang cập nhật,Đang cập nhật,9780194864893,Bìa mềm,,2023-12-21,Nhà sách Fahasa,available,1000,True,True,True
274674647,Empower Advanced C1 Student's Book With eBook - 2nd Edition,706000,706000,0,0,0,1,...,Đang cập nhật,Đang cập nhật,9781108959612,Bìa mềm,,2023-12-21,Nhà sách Fahasa,available,1000,True,True,True
274673926,Headway 5th Edition: Elementary: Student's Book B With Online Practice (Units 7 - 12),237500,250000,5,0,0,0,...,Đang cập nhật,Đang cập nhật,9780194524315,Bìa mềm,,2023-12-21,Nhà sách Fahasa,available,1000,True,True,True
271542269,Speakout Upper Intermediate Student's Book & Interactive ebook With Digital Resources Access Code - 2nd Edition,285100,294000,3,5,1,3,"Frances Eales,  Steve Oakes",Pearson Education,Pearson,9781292394701,,,,Nhà sách Fahasa,available,1000,True,True,True
270797315,English World 1 Pupil's Book With eBook,295400,311000,5,5,1,62,Mary Bowen,Fahasa,Macmillan Education,9781035116881,Bìa cứng,,2024-03-13,Nhà sách Fahasa,available,1000,True,True,True
270053196,Let's Talk Level 3 Student's Book With Self-study Audio CD - 2nd Edition,478200,493000,3,0,0,4,Leo Jones,Cambridge University Press,Cambridge University Press,9781009265195,,,,Nhà sách Fahasa,available,1000,True,True,True
208403410,Listen Up 3 Teacher's Manual (New Edition),506000,506000,0,0,0,0,e-future,"E-Future.Co.,Ltd","E-Future.Co.,Ltd",9788956359687,,,,Nhà sách Fahasa,available,1000,True,True,True
193109313,Plpr3: Marvel's Captain America: Civil W,93100,96000,3,0,0,0,Coleen Degnan-Veness,Pearson Education,Pearson Education Limited,9781292205915,,,,Nhà sách Fahasa,available,1000,True,True,True
192989204,Optimise B2 SB Pk,340400,351000,3,0,0,2,"Malcolm Mann,  Steve Taylore-Knowles",Macmillan Publishers,Macmillan ELT,9780230488793,,,,Nhà sách Fahasa,available,1000,True,True,True
192988720,The Business 2.0 Pre Int SB Pk,422900,436000,3,0,0,1,"John Allison, Paul Emmerson",Macmillan Publishers,Macmillan Education Australia,9780230437814,,,,Nhà sách Fahasa,available,1000,True,True,True
176713752,EFL Phonics 3rd Edition 4 Student Book,224000,224000,0,0,0,0,e-future,"E-Future.Co.,Ltd","E-Future.Co.,Ltd",9791156800187,,,,Nhà sách Fahasa,available,1000,True,False,True
171592210,Next Move 1 PB w DVD-ROM & eBook,329800,340000,3,0,0,4,"Mary Charrington, Amanda Cant",Macmillan Publishers,Macmillan Education,9781786329783,,,,Nhà sách Fahasa,available,1000,True,True,True
82388903,Big English Plus AME SB 4,377300,389000,3,0,0,0,Mario Herrera,Pearson Education,Pearson Education Limited,9781447989455,,,,Nhà sách Fahasa,available,1000,True,True,True
58711436,Next Move Starter SB + ebook Pk,329800,340000,3,0,0,0,"Amanda Cant, Mary Charrington, Mary Charrington",Macmillan Publishers,Macmillan Education,9781786329776,,,,Nhà sách Fahasa,available,1000,True,True,True
58710912,Next Move 2 SB + ebook Pk,329800,340000,3,4.7,3,28,"Amanda Cant, Mary Charrington, Mary Charrington",Macmillan Publishers,Macmillan Education,9781786329806,,,,Nhà sách Fahasa,available,1000,True,True,True
49961325,"Straightforward Intermediate + ebook SB Pk, 2ed",375300,426000,12,0,0,2,"Ceri Jones, Philip Kerr",Macmillan Publishers,Macmillan Education,9781786327659,,,,Nhà sách Fahasa,available,1000,True,True,True
42470380,Sách Gold Experience 2Ed C1 Workbook,224000,231000,3,0,0,7,Ms Lynda Edwards,Pearson Education,,9781292195162,,,,Nhà sách Fahasa,available,1000,True,False,True
25204938,EnjoyPhonics3,93100,106000,12,0,0,0,",  ,  ,  ,  ,",,,9789814333306,,,,Nhà sách Fahasa,available,1000,True,False,True
25202265,Exploring Reading Book 4,91200,106000,14,0,0,1,",  ,  ,  ,  ,",,,9780000075796,,,,Nhà sách Fahasa,available,1000,True,False,True
25201902,Kid's Box Second edition Pupil's Book Level 6,211800,245000,14,4.7,3,22,"Michael Tomlinson, Caroline Nixon",Cambridge University Press,,9781108700320,,,,Nhà sách Fahasa,available,1000,True,True,True
25002352,Big Fun 2: Wb+Cd,225000,255000,12,4,1,8,Herrera & Hojel,Allyn & Bacon,,9780133445220,,,,Nhà sách Fahasa,available,1000,True,False,True
23438381,Cam English Exam Booster for Key and Key for Schools SB w/o Ans w Audio,266700,303000,12,1,1,11,Caroline Chapman,Cambridge English,,9781316641804,,,,Nhà sách Fahasa,available,1000,True,True,True
549172,Sách Access Grade 8 Student's Book w/EC,227900,235000,3,5,43,209,Virginia Evans - Jenny Dooley,Đại Trường Phát,Oxford University Press,9786049457982,Bìa mềm,,2016-09-01,Nhà sách Fahasa,available,1000,True,True,True
279270164,Sách ngoại văn: Lift 2 Student's Book + Sticker Code,1226000,1226000,0,0,0,0,Tracey Gibbins,Cengage,Heinle ELT,9780357501184,Bìa mềm,,2023-12-21,Nhà sách Fahasa,available,1000,True,True,True
279269936,Sách ngoại văn: Cambridge Primary Science Workbook 4 With Digital Access (1 Year),250000,250000,0,0,0,0,"Fiona Baxter,  Liz Dilley",Cambridge University Press,Cambridge University Press,9781108742948,Bìa mềm,,2023-12-21,Nhà sách Fahasa,available,1000,True,True,True
279242511,Sách ngoại văn: Sách Ngoại Văn - Giáo trình Super Safari (FAHASA Reprint) - Level 1 - 3,149100,157000,5,0,0,0,Herbert Puchta,Cambridge University Press,Cambridge University Press,1748420237091-cf,Bìa mềm,,2023-12-21,Nhà sách Fahasa,available,1000,True,True,True
279237562,Sách ngoại văn: Sách Ngoại Văn - Cambridge B1 Preliminary (PET),214700,226000,5,0,0,0,nhieu tac gia,Cambridge University Press,Cambridge University Press,1748248733175-cf,Bìa mềm,,2023-12-21,Nhà sách Fahasa,available,1000,True,True,True
279237134,Sách ngoại văn: Mindset For IELTS,437900,461000,5,0,0,0,nhieu tac gia,Cambridge University Press,Cambridge University Press,1742617409261-cf,Bìa mềm,,2023-12-21,Nhà sách Fahasa,available,1000,True,True,True
279199022,Sách ngoại văn: Family and Friends: Level 2: Workbook & Online Skills Practice Pack,219400,231000,5,0,0,0,Oxford University,Oxford University Press,Oxford University Press,9780194808637,Bìa mềm,,2023-12-21,Nhà sách Fahasa,available,1000,True,True,True
279043166,Sách ngoại văn: Impact BrE 2E Starter Workbook,257000,265000,3,0,0,0,nhieu tac gia,Cengage,Nhiều Nhà Xuất Bản,9798214175867,Bìa mềm,,2023-12-21,Nhà sách Fahasa,available,1000,True,True,True
279042125,Sách ngoại văn: Impact BrE 2E Student's Book + Spark Sticker 1,386000,398000,3,0,0,0,nhieu tac gia,Cengage,Nhiều Nhà Xuất Bản,9798214176178,Bìa mềm,,2023-12-21,Nhà sách Fahasa,available,1000,True,True,True
279041745,Sách ngoại văn: Impact BrE 2E Workbook 2,257000,265000,3,0,0,0,nhieu tac gia,Cengage,Nhiều Nhà Xuất Bản,9798214176505,Bìa mềm,,2023-12-21,Nhà sách Fahasa,available,1000,True,True,True
279031842,Sách ngoại văn: Voices Beginner With The Spark Platform (BRE),336300,354000,5,0,0,0,Gary Pathare,Cengage,Heinle ELT,9780357458648,Bìa mềm,,2023-12-21,Nhà sách Fahasa,available,1000,True,True,True
279026788,Sách ngoại văn: Oxford Discover 2nd Edition: Level 5: Grammar Book,256000,256000,0,0,0,0,Angela Buckingham,Oxford University Press,Oxford University Press,9780194052856,Bìa mềm,,2023-12-21,Nhà sách Fahasa,available,1000,True,True,True
278017134,Sách ngoại văn: Oxf Phonics World 2 Student Book New,418000,440000,5,0,0,5,Kaj Schwermer,Oxford University Press,OUP Oxford,9780194169783,Bìa mềm,,2023-12-21,Nhà sách Fahasa,available,1000,True,True,True
276429386,Brighter Ideas 2 - Teacher's Guide With Digital Pack,941400,991000,5,0,0,0,"Mary Charrington,  Charlotte Covill",Oxford University Press,Oxford University Press,9780194090889,Bìa mềm,,2023-12-21,Nhà sách Fahasa,available,1000,True,True,True
275005536,Think Level 1 Workbook A2 - 2nd Edition,159000,164000,3,0,0,4,"Herbert Puchta,  Jeff Stranks,  Peter Lewis-Jones",Cambridge University Press,Cambridge University Press,9781009433983,Bìa mềm,,2023-12-21,Nhà sách Fahasa,available,1000,True,True,True
274677823,Gold Experience 2nd Edition - B1 Workbook,224000,231000,3,5,2,8,...,Đang cập nhật,Đang cập nhật,9781292194646,Bìa mềm,,2023-12-21,Nhà sách Fahasa,available,1000,True,True,True
208097134,Explore Our World 3: Student's Book 2nd Edition,345800,364000,5,5,1,19,"Gabrielle Pritchard,  Rob Sved",Cengage,Cengage,9780357373477,,,,Nhà sách Fahasa,available,1000,True,True,True
208097130,Explore Our World 2nd Edition 3 Workbook,208000,219000,5,0,0,13,Joan Kang Shin,Cengage,Cengage,9780357049488,,,,Nhà sách Fahasa,available,1000,True,True,True
204056013,Combo Super Safari Level 1: Pupil's Book with DVD-ROM + Activity Book,319900,344000,7,5,1,12,Herbert Puchta,Cambridge University Press,Cambridge University Press,combo-9781316509876-9781316509807,,,,Nhà sách Fahasa,available,1000,True,True,True
204055864,Combo Super Minds 3: Student's book + Workbook,299200,315000,5,5,1,42,"Herbert Puchta,  Gunter Gerngross,  Peter Lewis Jones",Cambridge University Press,Cambridge University Press,combo-9781107691216-9781107682665,,,,Nhà sách Fahasa,available,1000,True,True,True
197652398,Beehive Level 1: Student Book With Online Practice,403700,425000,5,5,1,9,,Oxford University Press,Oxford University Press,9780194845670,,,,Nhà sách Fahasa,available,1000,True,True,True
191780786,My Best Reading 6 Student Book,238600,246000,3,0,0,0,e-future,"E-Future.Co.,Ltd","E-Future.Co.,Ltd",9791156807728,,,,Nhà sách Fahasa,available,1000,True,True,True
191621074,Oxford Discover Futures: Level 2: Student Book,445500,469000,5,0,0,8,Ben Wetz,Oxford University Press,OUP Oxford,9780194114196,,,,Nhà sách Fahasa,available,1000,True,True,True
171592676,American English File 3rd Edition: Level 5: Workbook,163400,172000,5,0,0,2,"Christina Latham-Koenig,  Clive Oxenden",Oxford University Press,Oxford University Press,9780194907149,,,,Nhà sách Fahasa,available,1000,True,True,True
163544580,Target A2 Key Workbook,193000,193000,0,0,0,8,,CÔNG TY TNHH EDUCATION SOLUTIONS VIỆT NAM,RICHMOND,9788466827546,Bìa mềm,48,2020-06-01,Dtpbooks,available,1000,True,True,True
111712165,Headway: Beginner: Workbook With Key,317300,334000,5,1,1,1,"Jo McCaul, Liz & John Soars",Oxford University Press,Oxford University Press,9780194524223,,,,Nhà sách Fahasa,available,1000,True,False,True
111109143,Let's Go: Level 5: Workbook with Online Practice - 5th Edition,175700,185000,5,5,1,25,"Barbara Hoskins,  Karen Frazier, Ritsuko Nakata",Oxford University Press,Oxford University Press,9780194049757,,,,Nhà sách Fahasa,available,1000,True,True,True
110205228,Rainbow Bridge: Level 5: Student Book And Workbook,269800,312000,14,0,0,0,"Sarah M Howell,  Lisa Kester-Dodgson",Oxford University Press,Oxford University Press,9780194118453,,,,Nhà sách Fahasa,available,1000,True,True,True
86418300,Kid's Box Updated Second Edition British English,216300,300000,28,0,0,1,Michael Tomlinson Caroline Nixon,Cambridge University Press,Cambridge University Press,9781316627716,,,,Nhà sách Fahasa,available,1000,True,False,True
82387407,Solutions: Intermediate: Workbook - 3rd Edition,250800,290000,14,5,4,34,"Paul Davies,  Tim Falla",Oxford University Press,Oxford University Press,9780194504522,,,,Nhà sách Fahasa,available,1000,True,True,True
76152856,First Friends: Level 2: Class Book,124400,131000,5,0,0,16,OUP Oxford,Oxford University Press,OUP Oxford,9780194432481,,,,Nhà sách Fahasa,available,1000,True,True,True
70805198,Starlight: Level 1: Workbook,342000,360000,5,5,1,5,"Helen Casey,  Joanna Heijmer,  Katherine Bilsborough,  Kirstie Grainger,  Steve Bilsborough, Suzanne Torres",Oxford University Press,Oxford University Press,9780194413329,,,,Nhà sách Fahasa,available,1000,True,True,True
66957469,MM Publications: Sách học tiếng Anh - New Plus Beginners Student's Book,357750,357750,0,0,0,0,,MM PUBLICATIONS,MM PUBLICATIONS,9789603799658,Bìa mềm,,,Blue Horizon Books,available,1000,True,True,True
66231190,Starlight: Level 2: Student Book,406600,428000,5,5,1,9,"Steve Bilsborough, Suzanne Torres,  Helen Casey,  Kirstie Grainger,  Katherine Bilsborough,  Joanna Heijmer",Oxford University Press,Oxford University Press,9780194413459,,,,Nhà sách Fahasa,available,1000,True,True,True
58711414,English Land (2nd Edition) Level 4: Student Book + Activity Book With CDs,328800,373000,12,0,0,0,Pearson,Pearson Education,Pearson,9786510000051,,,,Nhà sách Fahasa,available,1000,True,True,True
58711290,American English File 3th Edition Starter. Workbook Without Answer Key,163400,172000,5,5,2,26,"Clive Oxenden,  Jerry Lambert, Christina Latham-Koenig",Oxford University Press,Oxford University Press,9780194906005,,,,Nhà sách Fahasa,available,1000,True,True,True
54423093,Family and Friends: Starter: Workbook,123500,130000,5,5,11,92,Oxford University,Oxford University Press,Oxford University Press,9780194808019,,,,Nhà sách Fahasa,available,1000,True,True,True
50247607,Sách Everybody Up 2E 5: Workbook,202300,213000,5,4.7,19,97,,Oxford University Press,Oxford University Press,9780194106146,Paperback,88,2016-04-07,Nhà sách Fahasa,available,1000,True,True,True
32222216,Super Safari Level 1 Activity Book - Reprint,149100,173000,14,5,9,94,Herbert Puchta,Cambridge University Press,,9781316509876,,,,Nhà sách Fahasa,available,1000,True,True,True
25980602,English World Level 6 Pupil's Book + eBook Pack,182300,207000,12,4.5,2,24,"Liz Hocking, Liz Hocking",Macmillan Education,,9781786327109,,,,Nhà sách Fahasa,available,1000,True,True,True
324151,"Sách English World 4, Work Book",121200,138000,12,3.2,5,33,,Macmillan Education,MacMillan Publishers,9780230024809,Paperback,136,2015-12-30,Nhà sách Fahasa,available,1000,True,True,True
279270046,Sách ngoại văn: English File - Fifth Edition - Advanced - Student Book With Exam Confidence,332000,332000,0,0,0,0,"Christina Latham-Koenig,  Clive Oxenden,  Jerry Lambert,  Kate Chomacki",Oxford University Press,Oxford University Press,9780194147446,Bìa mềm,,2023-12-21,Nhà sách Fahasa,available,1000,True,True,True
276656897,Speak Now 4 Workbook,127300,134000,5,0,0,0,David Bohlke,Oxford University Press,Oxford University Press,9780194030557,Bìa mềm,,2023-12-21,Nhà sách Fahasa,available,1000,True,True,True
274498020,My IELTS Book 2A PREPARATION COURSE Student's & Workbook,179000,179000,0,5,2,69,nhieu tac gia,CÔNG TY TNHH EDUCATION SOLUTIONS VIỆT NAM,Nhà Xuất Bản Đại Học Huế,9786043997514,Bìa mềm,108,2024-03-01,Dtpbooks,available,1000,True,True,True
260811353,Học tốt Tiếng Anh 8 i-Learn Smart World,65000,65000,0,5,6,245,,CÔNG TY TNHH EDUCATION SOLUTIONS VIỆT NAM,Nhà Xuất Bản Đại Học Huế,9786043379839,Bìa mềm,,,Dtpbooks,available,1000,True,True,True
260811323,Tiếng Anh 8 Right On! Teacher's Book,168000,168000,0,5,2,26,,CÔNG TY TNHH EDUCATION SOLUTIONS VIỆT NAM,Nhà Xuất Bản Đại Học Huế,9786043675405,Bìa mềm,,,Dtpbooks,available,1000,True,True,True
198787061,Bài tập bổ trợ Tiếng Anh 3 Extra and Friends,89000,89000,0,5,4,303,,CÔNG TY TNHH EDUCATION SOLUTIONS VIỆT NAM,Nhà Xuất Bản Đại Học Huế,9786043376937,Bìa mềm,,2022-08-01,Dtpbooks,available,1000,True,True,True
198335543,Career Paths Petroleum 2 (Esp) Student's Book With Crossplatform Application,235000,235000,0,5,1,2,,CÔNG TY TNHH EDUCATION SOLUTIONS VIỆT NAM,Express Publishing,9781471506529,,,,Dtpbooks,available,1000,True,True,True
186881228,Tiếng Anh 10 i-Learn Smart World Teacher's book,168000,168000,0,4.8,4,35,,CÔNG TY TNHH EDUCATION SOLUTIONS VIỆT NAM,Nhà Xuất Bản Đại Học Huế,9786043374940,Bìa mềm,,2023-05-10,Dtpbooks,available,1000,True,True,True
171705339,Solutions 2E Upper Intermediate Workbook,308000,308000,0,5,1,1,,CÔNG TY TNHH EDUCATION SOLUTIONS VIỆT NAM,Oxford,9780194553292,,,,Dtpbooks,available,1000,True,True,True
171213023,Collins Easy Learning Preschool - Starting School Ages 3-5,69000,69000,0,0,0,8,,CÔNG TY TNHH EDUCATION SOLUTIONS VIỆT NAM,HarperCollins,9780008151591,,,,Dtpbooks,available,1000,True,True,True
171212949,Collins Practice Basic Skills Maths Book 5,89000,89000,0,5,1,3,,CÔNG TY TNHH EDUCATION SOLUTIONS VIỆT NAM,HarperCollins,9780007505517,,,,Dtpbooks,available,1000,True,True,True
171063767,Insight: Intermediate Workbook,326000,326000,0,5,1,7,,CÔNG TY TNHH EDUCATION SOLUTIONS VIỆT NAM,Oxford University Press,9780194011136,,,,Dtpbooks,available,1000,True,True,True
171063645,First English Words Activity Book 2,110000,110000,0,5,1,11,,CÔNG TY TNHH EDUCATION SOLUTIONS VIỆT NAM,Collins,9780007523122,,,,Dtpbooks,available,1000,True,True,True
170828268,Ready for PET coursebook with key CD Pack 2007,186000,186000,0,5,2,24,,CÔNG TY TNHH EDUCATION SOLUTIONS VIỆT NAM,MacMillan,9780230020719,,,,Dtpbooks,available,1000,True,True,True
170828250,Next Move 1 Student's Book + eBook Pack,244000,244000,0,0,0,13,,CÔNG TY TNHH EDUCATION SOLUTIONS VIỆT NAM,MacMillan,9781786329783,,,,Dtpbooks,available,1000,True,True,True
170772591,i-Learn My Phonics Grade 1 Activity Book,70000,70000,0,4.8,4,183,,CÔNG TY TNHH EDUCATION SOLUTIONS VIỆT NAM,Express Publishing,9786049188473,,,,Dtpbooks,available,1000,True,True,True
169778494,Macmillan Science 3 Student's Ebook Pack,233000,233000,0,0,0,2,,CÔNG TY TNHH EDUCATION SOLUTIONS VIỆT NAM,MacMillan,9781380000286,Bìa mềm,,2020-09-19,Dtpbooks,available,1000,True,True,True
169768865,Grammar Friends 5: Student's Book,178000,178000,0,5,1,10,,CÔNG TY TNHH EDUCATION SOLUTIONS VIỆT NAM,Oxford,9780194780049,,,,Dtpbooks,available,1000,True,True,True
169604074,"Access Grade 8 Pack (Student's Book, Workbook, Class CDs)",368000,368000,0,5,3,16,,CÔNG TY TNHH EDUCATION SOLUTIONS VIỆT NAM,Express Publishing,9996049408172,,,,Dtpbooks,available,1000,True,True,True
169604065,ISS Listening & Speaking 2 Student's Book,89000,89000,0,5,5,171,,CÔNG TY TNHH EDUCATION SOLUTIONS VIỆT NAM,Nhà Xuất Bản Đại Học Huế,9786049749469,,,,Dtpbooks,available,1000,True,True,True
169280395,Everybody Up 5: Workbook,192000,192000,0,5,2,11,,CÔNG TY TNHH EDUCATION SOLUTIONS VIỆT NAM,Oxford,9780194103947,,,,Dtpbooks,available,1000,True,True,True
169280393,Everybody Up 4: Workbook,198000,198000,0,5,1,8,,CÔNG TY TNHH EDUCATION SOLUTIONS VIỆT NAM,Oxford,9780194103763,Bìa mềm,,2015-12-16,Dtpbooks,available,1000,True,True,True
169268872,American English File Level 4: Student and Workbook Multipack B,176000,176000,0,0,0,2,,CÔNG TY TNHH EDUCATION SOLUTIONS VIỆT NAM,Oxford,9780194774734,,,,Dtpbooks,available,1000,True,True,True
168920048,Fairyland 6 Pupil's Book,152000,152000,0,5,1,1,,CÔNG TY TNHH EDUCATION SOLUTIONS VIỆT NAM,Express Publishing,9786049456794,Bìa mềm,,2020-05-06,Dtpbooks,available,1000,True,True,True
168712456,Fairyland US 4 Student's Book,152000,152000,0,5,1,4,,CÔNG TY TNHH EDUCATION SOLUTIONS VIỆT NAM,Express Publishing,9786049454936,,,,Dtpbooks,available,1000,True,True,True
168712393,Targeting Mathematics Textbook 2B,243000,243000,0,5,4,14,,CÔNG TY TNHH EDUCATION SOLUTIONS VIỆT NAM,Star Publishing,9789814431880,,,,Dtpbooks,available,1000,True,True,True
168666486,My Phonics 5 Pupil's Book (Int) With Crossplatform Application,151000,151000,0,0,0,4,,CÔNG TY TNHH EDUCATION SOLUTIONS VIỆT NAM,Express Publishing,9781471563751,,,,Dtpbooks,available,1000,True,True,True
163544583,Macmillan Mathematics 1B SB + ebook Pack,300000,300000,0,0,0,7,,CÔNG TY TNHH EDUCATION SOLUTIONS VIỆT NAM,MacMillan,9781380000583,Bìa mềm,111,,Dtpbooks,available,1000,True,True,True
163543407,Pathway To Math 1 Pack (Student's Book with Activity Cards),419000,419000,0,5,2,12,,CÔNG TY TNHH EDUCATION SOLUTIONS VIỆT NAM,RICHMOND,7506009844391,Bìa mềm,173,,Dtpbooks,available,1000,True,False,True
163529467,Big Fantastic Earth,89000,89000,0,5,8,19,Jen Green,CÔNG TY TNHH EDUCATION SOLUTIONS VIỆT NAM,DK Publishing,9780241237847,Bìa cứng,96,,Dtpbooks,available,1000,True,True,True
151597180,Hooray Let's Play B2 Science & Math  and Fine Motor Skills-Phonological Awareness Activity Book,83000,83000,0,0,0,3,,CÔNG TY TNHH EDUCATION SOLUTIONS VIỆT NAM,Helbling Languages,9786049530791,,,,Dtpbooks,available,1000,True,True,True
151597176,Sách - Dtpbooks - Helbling Young Reader - The Big Fire,63000,63000,0,0,0,0,,CÔNG TY TNHH EDUCATION SOLUTIONS VIỆT NAM,Vietnam News Agency Publishing House,9786049856594,Bìa mềm,,2020-05-06,Dtpbooks,available,1000,True,True,True
106363021,Hooray Let's Play Level B Math & Science Activity Book,153000,153000,0,0,0,3,"Herbert Puchta, Gunter Gerngross",CÔNG TY TNHH EDUCATION SOLUTIONS VIỆT NAM,Helbling Languages,9786049458569,Bìa mềm,126,,Dtpbooks,available,1000,True,True,True
106360958,Career Paths Information Technology (Esp) Student's Book With Crossplatform Application,235000,235000,0,5,2,27,.,CÔNG TY TNHH EDUCATION SOLUTIONS VIỆT NAM,Express Publishing,9780857776402,Bìa mềm,120,2017-09-30,Dtpbooks,available,1000,True,True,True
106360943,Hooray Let's Play B3 Science & Math  and Fine Motor Skills-Phonological Awareness Activity Book,83000,83000,0,0,0,7,"Herbert Puchta,  Gunter Gerngross",CÔNG TY TNHH EDUCATION SOLUTIONS VIỆT NAM,Helbling Languages,9786049530807,Bìa mềm,82,,Dtpbooks,available,1000,True,True,True
106360935,Crickets Nursery Student's Book,193000,193000,0,0,0,4,.,CÔNG TY TNHH EDUCATION SOLUTIONS VIỆT NAM,RICHMOND,9786049531149,Bìa mềm,144,,Dtpbooks,available,1000,True,True,True
106225697,i-Learn Smart World 8 Workbook,78000,78000,0,4.7,13,91,.,CÔNG TY TNHH EDUCATION SOLUTIONS VIỆT NAM,Nhà Xuất Bản Đại Học Sư Phạm,9786049479397,Bìa mềm,104,,Dtpbooks,available,1000,True,True,True
106208422,Access Grade 7 Workbook,112000,112000,0,5,6,102,Jenny Dooley - Virginia Evans,CÔNG TY TNHH EDUCATION SOLUTIONS VIỆT NAM,Express Publishing,9786049458019,Bìa mềm,80,,Dtpbooks,available,1000,True,True,True
62877639,English Plus: Level 1: Workbook With Access To Practice Kit,289700,305000,5,0,0,1,Ben Wetz,Oxford University Press,Oxford University Press,9780194202190,,,,Nhà sách Fahasa,available,1000,True,False,True
34752745,AM F & F 2: WORKBOOK,174800,184000,5,5,2,17,Naomi Simmons,Oxford University Press,,9780194816052,,,,Nhà sách Fahasa,available,1000,True,False,True
279270236,Sách ngoại văn: English File - Fifth Edition - Elementary - Student Book With Digital Pack,563000,563000,0,0,0,0,"Christina Latham-Koenig,  Clive Oxenden,  Jerry Lambert,  Kate Chomacki",Oxford University Press,Oxford University Press,9780194148207,Bìa mềm,,2023-12-21,Nhà sách Fahasa,available,1000,True,True,True
279042349,Sách ngoại văn: English File Pre Intermediate WB With Key Workbook With Key - Fifth Edition,247000,260000,5,0,0,0,nhieu tac gia,Oxford University Press,Nhiều Nhà Xuất Bản,9780194146067,Bìa mềm,,2023-12-21,Nhà sách Fahasa,available,1000,True,True,True
279037886,Sách ngoại văn: Brighter Ideas 1 - Teacher's Guide With Digital Pack,855900,901000,5,0,0,0,nhieu tac gia,Oxford University Press,Nhiều Nhà Xuất Bản,9780194090490,Bìa mềm,,2023-12-21,Nhà sách Fahasa,available,1000,True,True,True
279037840,Sách ngoại văn: Toy Team 3 - Activity Book,175700,185000,5,0,0,0,nhieu tac gia,Oxford University Press,Nhiều Nhà Xuất Bản,9780194863315,Bìa mềm,,2023-12-21,Nhà sách Fahasa,available,1000,True,True,True
279037620,Sách ngoại văn: Oxford Reading Club 8 Month's Access [Code By Email 3-5 Days],471200,496000,5,0,0,0,nhieu tac gia,Oxford University Press,Nhiều Nhà Xuất Bản,9780194267120,Bìa mềm,,2023-12-21,Nhà sách Fahasa,available,1000,True,True,True
279029829,Sách ngoại văn: Happy Hearts US 1 Songs CD,14500,15000,3,0,0,0,nhieu tac gia,CÔNG TY TNHH EDUCATION SOLUTIONS VIỆT NAM,Nhiều Nhà Xuất Bản,9786049455940,Bìa mềm,,2023-12-21,Nhà sách Fahasa,available,1000,True,True,True
279027843,Sách ngoại văn: English Time 1 Student Book and Audio CD 2Ed,196600,207000,5,0,0,0,Susan Rivers,Oxford University Press,Nhiều Nhà Xuất Bản,9780194005067,Bìa mềm,,2023-12-21,Nhà sách Fahasa,available,1000,True,True,True
278833422,Sách ngoại văn: Link It! Level 4 Student Book And Workbook With Online Practice - New Editon,295400,342000,14,0,0,0,Philippa Bowen,Oxford University Press,Oxford University Press,9780194093590,Bìa mềm,,2023-12-21,Nhà sách Fahasa,available,1000,True,True,True
276429412,Stretch 1 - Student Book With Online Practice (2nd Edition),281200,296000,5,0,0,0,Susan Stempleski,Oxford University Press,Oxford University Press,9780194135931,Bìa mềm,,2023-12-21,Nhà sách Fahasa,available,1000,True,True,True
276027432,Writing success Upper Intermediate level B2,169000,169000,0,0,0,2,nhieu tac gia,CÔNG TY TNHH EDUCATION SOLUTIONS VIỆT NAM,EDPUB,9789811753060,Bìa mềm,,2024-07-01,Dtpbooks,available,1000,True,True,True
275105922,Pathway To Science 1 Pack (Student's Book with Activity Cards),419000,419000,0,0,0,0,nhieu tac gia,CÔNG TY TNHH EDUCATION SOLUTIONS VIỆT NAM,RICHMOND,7506009840041,Bìa mềm,,2020-05-01,Dtpbooks,available,1000,True,True,True
274952503,Tiếng Anh 9 Right On! - Workbook Teacher's Book (Sách giáo viên bài tập),128000,128000,0,5,2,13,nhieu tac gia,CÔNG TY TNHH EDUCATION SOLUTIONS VIỆT NAM,Nhà Xuất Bản Đại Học Sư Phạm TPHCM,9786043095586,Bìa mềm,88,2024-05-03,Dtpbooks,available,1000,True,True,True
260811361,Bài tập Bổ trợ Tiếng Anh 4 Extra and Friends,89000,89000,0,4.7,3,323,,CÔNG TY TNHH EDUCATION SOLUTIONS VIỆT NAM,Nhà Xuất Bản Đại Học Huế,9786043379808,Bìa mềm,,2023-08-01,Dtpbooks,available,1000,True,True,True
260811304,Tiếng Anh 4 Extra and Friends - Activity Book,65000,65000,0,5,2,157,,CÔNG TY TNHH EDUCATION SOLUTIONS VIỆT NAM,Nhà Xuất Bản Đại Học Sư Phạm,9786043675061,Bìa mềm,,,Dtpbooks,available,1000,True,True,True
214730938,Oxford Discover 2nd Edition: Level 4: Writing and Spelling Book,195700,206000,5,5,1,1,Kathryn O'Dell,Oxford University Press,Oxford University Press,9780194052825,,,,Nhà sách Fahasa,available,1000,True,True,True
204056062,Combo Complete IELTS Bands 6.5-7.5 (C1): Student Book + Workbook (with Answer & CD),369500,389000,5,5,6,46,"Guy Brook,  Hart and Vanessa Jakeman",Cambridge University Press,Cambridge University Press,combo-9781107699946-9781107665187,,,,Nhà sách Fahasa,available,1000,True,True,True
202510963,Combo Let's Go Level 1: Student Book + Workbook with Online Practice - 5th Edition (Bộ 2 Cuốn),346700,365000,5,5,1,22,"Ritsuko Nakata,  Karen Frazier,  Barbara Hoskins",Oxford University Press,Oxford University Press,combo-9780194049276-9780194049245,,,2024-03-18,Nhà sách Fahasa,available,1000,True,True,True
193640505,Mouse and Me! Plus: Level 1: Activity Book,107300,113000,5,0,0,1,Jill Leighton,Oxford University Press,Oxford University Press,9780194821438,,,,Nhà sách Fahasa,available,1000,True,True,True
192951438,World Link Intro With My World Link Online Practice And Student's eBook (Sticker Code) - 4th Edition,520600,548000,5,0,0,0,"Nancy Douglas,  James R. Morgan",Cengage,Cengage Learning,9780357502105,,,,Nhà sách Fahasa,available,1000,True,True,True
171212985,Edexcel (9-1) International Gcse Science - Physics - Student Book,368000,368000,0,0,0,2,,CÔNG TY TNHH EDUCATION SOLUTIONS VIỆT NAM,HarperCollins,9780008236205,,,,Dtpbooks,available,1000,True,True,True
169703070,Academy Stars Starter Pupil's Book Pack w/out Activity Book,303000,303000,0,5,2,28,,CÔNG TY TNHH EDUCATION SOLUTIONS VIỆT NAM,MacMillan,9781380006561,,,,Dtpbooks,available,1000,True,True,True
168712372,Targeting Mathematics Textbook 1B,226000,226000,0,5,2,15,,CÔNG TY TNHH EDUCATION SOLUTIONS VIỆT NAM,Star Publishing,9789814250870,,,,Dtpbooks,available,1000,True,True,True
163544526,Big Show 1 - Student Book,216000,216000,0,4,1,11,,CÔNG TY TNHH EDUCATION SOLUTIONS VIỆT NAM,Compass Publishing,9781640151246,Bìa mềm,104,2022-02-01,Dtpbooks,available,1000,True,True,True
163544492,Beyond A2+ Workbook,251000,251000,0,0,0,13,,CÔNG TY TNHH EDUCATION SOLUTIONS VIỆT NAM,MacMillan,9780230460188,Bìa mềm,128,,Dtpbooks,available,1000,True,True,True
163544477,Beyond B2 Student's Book Pack,395000,395000,0,0,0,3,,CÔNG TY TNHH EDUCATION SOLUTIONS VIỆT NAM,MacMillan,9780230461536,Bìa mềm,144,,Dtpbooks,available,1000,True,True,True
163544433,Big Show 1  - Workbook,118000,118000,0,5,1,9,,CÔNG TY TNHH EDUCATION SOLUTIONS VIỆT NAM,Compass Publishing,9781640151277,Bìa mềm,56,2022-02-28,Dtpbooks,available,1000,True,True,True
116159442,Stretch 1 SB & WB Multi-Pack B (Pack),137700,160000,14,0,0,0,,Oxford University Press,Oxford University Press,9780194603324,,,,Nhà sách Fahasa,available,1000,True,True,True
106363303,Achievers A2 Student's Book,233000,233000,0,5,4,101,"Martyn Hobbs, Julia Starr-Keddle",CÔNG TY TNHH EDUCATION SOLUTIONS VIỆT NAM,RICHMOND,9786049530890,Bìa mềm,156,,Dtpbooks,available,1000,True,True,True
106360996,Career Paths Finance (Esp) Student's Book With Crossplatform Application,235000,235000,0,4.5,2,25,Virginia Evans - Jenny Dooley,CÔNG TY TNHH EDUCATION SOLUTIONS VIỆT NAM,Express Publishing,9781780986456,Bìa mềm,120,2018-12-26,Dtpbooks,available,1000,True,True,True
106208657,Cool Kids 2e Workbook 4,93000,93000,0,5,1,15,.,CÔNG TY TNHH EDUCATION SOLUTIONS VIỆT NAM,RICHMOND,9786049535505,Bìa mềm,104,,Dtpbooks,available,1000,True,True,True
97815621,Headway 5th Edition: Beginner: Student's Book with Online Practice,500600,527000,5,4,1,8,"Liz & John Soars,  Jo McCaul",Oxford University Press,Oxford University Press,9780194523929,,,,Nhà sách Fahasa,available,1000,True,True,True
71667570,MM Publications: Sách học tiếng Anh - Top Stars 5 Workbook (American Edition),303750,303750,0,0,0,0,,MM PUBLICATIONS,MM PUBLICATIONS,9786180513066,,,,Blue Horizon Books,available,1000,True,True,True
66966515,MM Publications: Sách học tiếng Anh - New Plus Pre-Intermediate Student's Book,357750,357750,0,0,0,0,,MM PUBLICATIONS,MM PUBLICATIONS,9789603798842 ,Bìa mềm,,,Blue Horizon Books,available,1000,True,True,True
66608188,MM Publications: Sách học tiếng Anh - The English Hub 1 Workbook,330750,330750,0,0,0,1,,MM PUBLICATIONS,MM PUBLICATIONS,9789605098742,Bìa mềm,,,Blue Horizon Books,available,1000,True,True,True
63249954,MM Publications: Sách học tiếng Anh - Traveller Level B1+ Student's Book,411750,411750,0,0,0,0,,MM PUBLICATIONS,MM Publicatioins,9789604436071 ,Bìa mềm,,,Blue Horizon Books,available,1000,True,True,True
58705768,Show and Tell 2nd Edition: Level 2: Student Book Pack,431300,454000,5,4,1,20,"Gabby Pritchard,  Margaret Whitfield, Kathryn Harper",Oxford University Press,Oxford University Press,9780194054515,,,,Nhà sách Fahasa,available,1000,True,True,True
54423044,Family and Friends: Level 4: Workbook,184000,184000,0,5,7,59,Oxford University,Oxford University Press,Oxford University Press,9780194808088,,,,Nhà sách Fahasa,available,1000,True,True,True
34752426,AM F & F 3: WORKBOOK,174800,184000,5,5,3,46,Naomi Simmons,Oxford University Press,,9780194816250,,,,Nhà sách Fahasa,available,1000,True,False,True
32222499,Super Safari Level 1 Pupil's Book with DVD-ROM,177600,206000,14,5,13,144,Herbert Puchta,Cambridge University Press,Cambridge University Press,9781316509807,,,2015-11-01,Nhà sách Fahasa,available,1000,True,True,True
643357,Sách Speak Now 1 Workbook,139600,147000,5,5,11,109,,Oxford University Press,,9780194030526,Paperback,,2017-03-01,Nhà sách Fahasa,available,1000,True,True,True
279242641,Sách ngoại văn: Sách Giáo Trình Tiếng Anh Mẫu Giáo - Show And Tell 2nd Edition,184300,194000,5,0,0,0,nhieu tac gia,Oxford University Press,Oxford University Press,1746431377073-cf,Bìa mềm,,2023-12-21,Nhà sách Fahasa,available,1000,True,True,True
279242172,Sách ngoại văn: Sách Ngoại Văn - Giáo trình Speak Now Level 1 - 4,127300,134000,5,0,0,0,David Bohlke,Oxford University Press,Oxford University Press,1748420236790-cf,Bìa mềm,,2023-12-21,Nhà sách Fahasa,available,1000,True,True,True
279241826,Sách ngoại văn: Sách Ngoại Văn - American English File 3rd Edition,148200,156000,5,0,0,0,nhieu tac gia,Oxford University Press,Oxford University Press,1751362135711-cf,Bìa mềm,,2023-12-21,Nhà sách Fahasa,available,1000,True,True,True
279237337,Sách ngoại văn: Sách Ngoại Văn - Q: Skills for Success 3rd Edition,271700,286000,5,0,0,0,nhieu tac gia,Oxford University Press,Oxford University Press,1748248739293-cf,Bìa mềm,,2023-12-21,Nhà sách Fahasa,available,1000,True,True,True
279230660,Sách ngoại văn: Sách Ngoại Văn - Family and Friends,158600,167000,5,0,0,0,nhieu tac gia,Oxford University Press,Oxford University Press,1748248735784-cf,Bìa mềm,,2023-12-21,Nhà sách Fahasa,available,1000,True,True,True
279042748,Sách ngoại văn: English File Beginner Workbook With Key - Fifth Edition,247000,260000,5,0,0,0,nhieu tac gia,Oxford University Press,Nhiều Nhà Xuất Bản,9780194149143,Bìa mềm,,2023-12-21,Nhà sách Fahasa,available,1000,True,True,True
279038046,Sách ngoại văn: Toy Team 1 - Student Book With Lingokids App,274500,289000,5,0,0,0,nhieu tac gia,Oxford University Press,Nhiều Nhà Xuất Bản,9780194863605,Bìa mềm,,2023-12-21,Nhà sách Fahasa,available,1000,True,True,True
279030016,Sách ngoại văn: Oxford Read & Imagine: Level 6: Invisible,88300,93000,5,0,0,0,nhieu tac gia,Oxford University Press,Nhiều Nhà Xuất Bản,9780194723848,Bìa mềm,,2023-12-21,Nhà sách Fahasa,available,1000,True,True,True
279029839,Sách ngoại văn: Dominoes: One: From the Earth to the Moon: World Literature Level 1,89300,94000,5,0,0,0,nhieu tac gia,Oxford University Press,Nhiều Nhà Xuất Bản,9780194245579,Bìa mềm,,2023-12-21,Nhà sách Fahasa,available,1000,True,True,True
279027791,Sách ngoại văn: Headway: Pre-intermediate: Student's Book With Online Practice,400900,422000,5,0,0,0,"Liz & John Soars,  Paul Hancock",Oxford University Press,Nhiều Nhà Xuất Bản,9780194527699,Bìa mềm,,2023-12-21,Nhà sách Fahasa,available,1000,True,True,True
277836916,Sách ngoại văn: Oxford Phonics World 3 - Long Vowels - Student's Book,418000,440000,5,0,0,0,Kaj Schwermer,Oxford University Press,Oxford University Press,9780194169806,Bìa mềm,,2023-12-21,Nhà sách Fahasa,available,1000,True,True,True
276429352,Brighter Ideas 2 - Student Book With Online Practice,477800,503000,5,0,0,0,"Cheryl Palin,  Charlotte Covill",Oxford University Press,Oxford University Press,9780194090261,Bìa mềm,,2023-12-21,Nhà sách Fahasa,available,1000,True,True,True
276429342,Stretch Starter - Student Book With Online Practice (2nd Edition),281200,296000,5,0,0,0,Susan Stempleski,Oxford University Press,Oxford University Press,9780194135566,Bìa mềm,,2023-12-21,Nhà sách Fahasa,available,1000,True,True,True
275941983,Got it!: Level 3: Student's Pack B With Online Workbook,173800,183000,5,0,0,0,Philippa Bowen,Oxford University Press,Oxford University Press,9780194464017,Bìa mềm,,2023-12-21,Nhà sách Fahasa,available,1000,True,True,True
275941975,Life Vision Workbook Upper Intermediate Level B2,273600,288000,5,0,0,1,Rachel Godfrey,Oxford University Press,Oxford University Press,9780194064156,Bìa mềm,,2023-12-21,Nhà sách Fahasa,available,1000,True,True,True
275941721,Incredible English 4 Activity Book 2Ed,335300,353000,5,0,0,0,Oxford,Oxford University Press,Oxford University Press,9780194442435,Bìa mềm,,2023-12-21,Nhà sách Fahasa,available,1000,True,True,True
274992073,English File: Advanced: Workbook With Key,329600,347000,5,0,0,0,"Christina Latham-Koenig,  Clive Oxenden,  Jerry Lambert",Oxford University Press,Oxford University Press,9780194038539,Bìa mềm,,2023-12-21,Nhà sách Fahasa,available,1000,True,True,True
274466918,Tiny Talk 1A: Student Book,96900,102000,5,0,0,18,Carolyn Graham,Oxford University Press,Oxford University Press,9780194351508,Bìa mềm,,2023-12-21,Nhà sách Fahasa,available,1000,True,True,True
271231462,Show And Tell 2nd Edition: Level 3: Numeracy Book,202300,213000,5,0,0,0,Kirstie Grainger,Oxford University Press,Oxford University Press,9780194054843,,,,Nhà sách Fahasa,available,1000,True,True,True
271231441,Show And Tell 2nd Edition: Level 1: Literacy Book,202300,213000,5,0,0,1,"Kathryn Harper,  Gabby Pritchard,  Margaret Whitfield",Oxford University Press,Oxford University Press,9780194054799,,,,Nhà sách Fahasa,available,1000,True,True,True
263100022,Mouse And Me! Plus: Level 1: Student Book Pack,279300,294000,5,0,0,0,,Oxford University Press,Oxford University Press,9780194822749,,,,Nhà sách Fahasa,available,1000,True,True,True
207811708,Solutions Advanced Workbook Second Edition And Audio CD Pack,291600,307000,5,0,0,0,Caroline Krantz,Oxford University Press,Oxford University Press,9780194553308,,,,Nhà sách Fahasa,available,1000,True,True,True
204056089,Combo Family and Friends: Level 2: Class Book + Workbook,357200,376000,5,4.7,3,27,Naomi Simmons,Oxford University Press,Oxford University Press,combo-9780194808385-9780194808040,,,,Nhà sách Fahasa,available,1000,True,True,True
203843900,Incredible English 3 Activity Book 2Ed,289700,305000,5,0,0,0,Oxford,Oxford University Press,Oxford University Press,9780194442428,,,,Nhà sách Fahasa,available,1000,True,True,True
193109458,Let's Go: Level 2: Workbook With Online Practice - 5th Edition,180500,190000,5,4.5,2,10,"Ritsuko Nakata,  Karen Frazier,  Barbara Hoskins",Oxford University Press,Oxford University Press,9780194049399,,,,Nhà sách Fahasa,available,1000,True,True,True
192908993,Oxford Skills World: Level 2: Reading With Writing Student Book,407500,429000,5,0,0,0,Kathryn O'Dell,Oxford University Press,Oxford University Press,9780194113489,,,,Nhà sách Fahasa,available,1000,True,True,True
120471937,English File: Advanced Plus: Student's Book With Online Practice - 4th Edition,520600,548000,5,0,0,1,Oxford University Press,Oxford University Press,Oxford University Press,9780194060806,,,,Nhà sách Fahasa,available,1000,True,False,True
110204843,Oxford Discover Science 2nd Edition: Level 6: Student Book With Online Practice,398000,419000,5,0,0,0,José Luis Varga,Oxford University Press,Oxford University Press,9780194056656,,,,Nhà sách Fahasa,available,1000,True,True,True
102758203,Headway 5th Edition: Upper-Intermediate: Workbook With Key,317300,334000,5,5,1,2,"Jo McCaul, Liz & John Soars",Oxford University Press,Oxford University Press,9780194547604,,,,Nhà sách Fahasa,available,1000,True,False,True
86418302,Learn With Us: Level 4: Class Book,253600,294000,14,0,0,0,"Plácido Bazo, Hawys Morgan,  Vanessa Reily",Oxford University Press,Oxford University Press,9780194908450,,,,Nhà sách Fahasa,available,1000,True,True,True
74035801,Got it: Level 1: Students Pack with Digital Workbook,432200,455000,5,0,0,2,,Oxford University Press,Oxford University Press,9780194463454,,,,Nhà sách Fahasa,available,1000,True,True,True
68668612,First Friends: Level 1: Class Book - 2nd Edition,131000,131000,0,5,7,95,Susan Iannuzzi,Oxford University Press,Oxford University Press,9780194432375,,,,Nhà sách Fahasa,available,1000,True,False,True
66231625,Starlight: Level 2: Workbook,342000,360000,5,5,2,5,"Helen Casey,  Joanna Heijmer,  Katherine Bilsborough,  Kirstie Grainger,  Steve Bilsborough, Suzanne Torres",Oxford University Press,Oxford University Press,9780194413480,,,,Nhà sách Fahasa,available,1000,True,False,True
58705933,Solutions: Advanced: Workbook 3rd Edition,275500,290000,5,0,0,18,"Paul A Davies, Tim Falla",Oxford University Press,Oxford University Press,9780194520539,,,,Nhà sách Fahasa,available,1000,True,True,True
55286139,Stretch Level 1: Student'S Book With Online Practice,215600,227000,5,5,1,3,,Oxford University Press,Oxford University Press,9780194603126,,,,Nhà sách Fahasa,available,1000,True,True,True
54423099,AM F & F 1: WORKBOOK,174800,184000,5,5,5,27,Naomi Simmons,Oxford University Press,Oxford University Press,9780194815833,,,,Nhà sách Fahasa,available,1000,True,True,True
50724172,Oxford English for Careers Commerce 2 Student’s Book,399000,420000,5,0,0,0,Martyn Hobbs,Oxford University Press,Oxford,9780194569835,,,,Nhà sách Fahasa,available,1000,True,True,True
49181767,Stretch Level 1: Workbook,85500,99000,14,0,0,2,,Oxford University Press,Oxford University Press,9780194603249,,,,Nhà sách Fahasa,available,1000,True,True,True
23438397,Oxford Phonics World Refresh 4 Students Book Pack,418000,440000,5,5,5,57,Oxford University Press,Oxford University Press,,9780194750523,,,,Nhà sách Fahasa,available,1000,True,True,True
510207,Sách American English File (2 Ed.) 4: Student Book Pack - Paperback,253600,267000,5,5,4,14,Christina Latham-Koenig -  Clive Oxenden,Oxford University Press,Oxford University Press,9780194776189,Paperback,167,2014-10-16,Nhà sách Fahasa,available,1000,True,True,True
279241866,"Sách ngoại văn: Sách luyện các kỹ năng & luyện thi tiếng Anh Get Ready for Starters, Movers and Flyers",392300,413000,5,0,0,0,Petrina Cliff,Oxford University Press,Oxford University Press,1746431378076-cf,Bìa mềm,,2023-12-21,Nhà sách Fahasa,available,1000,True,True,True
277978212,Sách ngoại văn: Life Vision C1 Advanced - Workbook,273600,288000,5,0,0,0,Oxford,Oxford University Press,Oxford University Press,9780194064316,Bìa mềm,,2023-12-21,Nhà sách Fahasa,available,1000,True,True,True
276684925,Headway 5th Edition: Advanced: Student's Book With Online Practice,500600,527000,5,0,0,0,"Liz & John Soars,  Paul Hancock",Oxford University Press,Oxford University Press,9780194547611,Bìa mềm,,2023-12-21,Nhà sách Fahasa,available,1000,True,True,True
276429458,Everyboy Up 4 - Student Book With Online Practice (3rd Edition),325800,343000,5,0,0,1,"Patrick Jackson,  Susan Banman Sileci",Oxford University Press,Oxford University Press,9780194160759,Bìa mềm,,2023-12-21,Nhà sách Fahasa,available,1000,True,True,True
276429382,Brighter Ideas 6 - Activity Book,381900,402000,5,0,0,0,Steve Bilsborough,Oxford University Press,Oxford University Press,9780194089814,Bìa mềm,,2023-12-21,Nhà sách Fahasa,available,1000,True,True,True
275970988,Story Central Activity Book Level 6,204600,211000,3,0,0,0,Viv Lambert,CÔNG TY TNHH EDUCATION SOLUTIONS VIỆT NAM,Macmillan Education,9780230452435,Bìa mềm,,2023-12-21,Nhà sách Fahasa,available,1000,True,True,True
270052805,American Family And Friends Level 6: Workbook With Online Practice - 2nd Edition,225100,237000,5,0,0,2,"Naomi Simmons,  Tamzin Thompson,  Jenny Quintana",Oxford University Press,Oxford University Press,9780194816830,,,,Nhà sách Fahasa,available,1000,True,True,True
260811328,Tiếng Anh 11 Bright - Workbook Book,65000,65000,0,5,8,699,,CÔNG TY TNHH EDUCATION SOLUTIONS VIỆT NAM,Nhà Xuất Bản Đại Học Huế,9786049741661,Bìa mềm,,,Dtpbooks,available,1000,True,True,True
260811310,Tiếng Anh 8 Right On! Workbook Teacher's Book,128000,128000,0,0,0,15,,CÔNG TY TNHH EDUCATION SOLUTIONS VIỆT NAM,Nhà Xuất Bản Đại Học Huế,9786043675412,Bìa mềm,,,Dtpbooks,available,1000,True,True,True
202242043,Tiếng Anh Amanda and Friends 1 - Student's book,78000,78000,0,4.5,2,274,,CÔNG TY TNHH EDUCATION SOLUTIONS VIỆT NAM,Nhà Xuất Bản Đại Học Huế,9786043377804,Bìa mềm,,,Dtpbooks,available,1000,True,True,True
202242026,Bộ sản phẩm Tiếng Anh Amanda and Friends 2 - Student's book & Workbook (sách bài học và bài tập),125000,125000,0,5,1,313,,CÔNG TY TNHH EDUCATION SOLUTIONS VIỆT NAM,Nhà Xuất Bản Đại Học Huế,9786049333522,Bìa mềm,,2023-02-16,Dtpbooks,available,1000,True,True,True
202242022,Bộ sản phẩm Tiếng Anh Amanda and Friends 3 - Student's book & Workbook (sách bài học và bài tập),125000,125000,0,4.7,3,255,,CÔNG TY TNHH EDUCATION SOLUTIONS VIỆT NAM,Nhà Xuất Bản Đại Học Huế,9786049333533,Bìa mềm,,2023-08-06,Dtpbooks,available,1000,True,True,True
198783490,English World 5 Dictionary,62000,62000,0,0,0,2,,CÔNG TY TNHH EDUCATION SOLUTIONS VIỆT NAM,MacMillan,9780230032187,,,,Dtpbooks,available,1000,True,False,True
198735801,Speak Now 1 Workbook,128000,128000,0,0,0,10,,CÔNG TY TNHH EDUCATION SOLUTIONS VIỆT NAM,Oxford,9780194030526,,,,Dtpbooks,available,1000,True,True,True
197652388,Beehive Level 3: Workbook,285000,300000,5,0,0,9,,Oxford University Press,Oxford University Press,9780194853613,,,,Nhà sách Fahasa,available,1000,True,True,True
173945993,"New Headway, Third Edition Elementary: Workbook with Ke",323000,323000,0,4,1,4,,CÔNG TY TNHH EDUCATION SOLUTIONS VIỆT NAM,Oxford,9780194715102,,,,Dtpbooks,available,1000,True,True,True
171807629,Show and Tell 3: Activity Book,230000,230000,0,5,1,13,,CÔNG TY TNHH EDUCATION SOLUTIONS VIỆT NAM,Oxford,9780194779302,,,,Dtpbooks,available,1000,True,True,True
171221916,"New Headway, Third Edition Beginner: Workbook with Key and Audio Pack",309000,309000,0,4.2,5,20,,CÔNG TY TNHH EDUCATION SOLUTIONS VIỆT NAM,Oxford,9780194717434,Bìa mềm,,2016-09-08,Dtpbooks,available,1000,True,True,True
171212959,Collins Practice Basic Skills Maths Book 2,89000,89000,0,0,0,2,,CÔNG TY TNHH EDUCATION SOLUTIONS VIỆT NAM,HarperCollins,9780007505487,,,,Dtpbooks,available,1000,True,True,True
171151562,"New Headway, Third Edition Pre-Intermediate: Workbook with Key",290000,290000,0,5,2,6,,CÔNG TY TNHH EDUCATION SOLUTIONS VIỆT NAM,Oxford,9780194715867,,,,Dtpbooks,available,1000,True,True,True
169603985,Career Paths Secretarial (Esp) Student's Book With Crossplatform Application,235000,235000,0,3,1,22,,CÔNG TY TNHH EDUCATION SOLUTIONS VIỆT NAM,Nhà Xuất Bản Đại Học Huế,9780857778604,Bìa mềm,,2016-12-13,Dtpbooks,available,1000,True,True,True
169517399,Career Paths Construction 2 Roads & Highways Student's Pack 2  With Cross-Platform Application,235000,235000,0,5,1,7,,CÔNG TY TNHH EDUCATION SOLUTIONS VIỆT NAM,Express Publishing,9781471515439,,,,Dtpbooks,available,1000,True,True,True
169280403,Everybody Up 2E 4: Workbook with DVD and Online Practice Pack,321000,321000,0,0,0,5,,CÔNG TY TNHH EDUCATION SOLUTIONS VIỆT NAM,Oxford,9780194106412,,,,Dtpbooks,available,1000,True,True,True
169268868,American English File Level 3: Student and Workbook Multipack A,172000,172000,0,5,1,5,,CÔNG TY TNHH EDUCATION SOLUTIONS VIỆT NAM,Oxford,9780194774536,,,,Dtpbooks,available,1000,True,True,True
168774202,i-Learn Smart Maths Grade 1 Workbook Part 2 ( ENG-VN),104000,104000,0,5,1,46,,CÔNG TY TNHH EDUCATION SOLUTIONS VIỆT NAM,Vietnam News Agency Publishing House,9786049809989,Bìa mềm,,2019-04-04,Dtpbooks,available,1000,True,True,True
168712411,Targeting Mathematics Workbook 1B Part 2,114000,114000,0,5,2,36,,CÔNG TY TNHH EDUCATION SOLUTIONS VIỆT NAM,Star Publishing,9789814250917,,,,Dtpbooks,available,1000,True,True,True
168712376,Targeting Mathematics Workbook 2A Part 2,114000,114000,0,5,3,47,,CÔNG TY TNHH EDUCATION SOLUTIONS VIỆT NAM,Star Publishing,9789814431903,Bìa mềm,,2021-10-11,Dtpbooks,available,1000,True,True,True
163544639,Breakthrough Plus 3 Student's Book Pack,312000,312000,0,5,3,9,,CÔNG TY TNHH EDUCATION SOLUTIONS VIỆT NAM,MacMillan,9780230438262,Bìa mềm,128,,Dtpbooks,available,1000,True,True,True
163544461,Big Show 5  - Workbook,118000,118000,0,0,0,0,,CÔNG TY TNHH EDUCATION SOLUTIONS VIỆT NAM,Compass Publishing,9781640151437,Bìa mềm,56,,Dtpbooks,available,1000,True,True,True
163544459,American Family & Friends 2E 6 Workbook,156000,156000,0,0,0,2,,CÔNG TY TNHH EDUCATION SOLUTIONS VIỆT NAM,Oxford University Press,9780194816809,Bìa mềm,136,,Dtpbooks,available,1000,True,True,True
163544429,B1 Preliminary For Schools Practice Tests  Student'S Book With Digibooks App. (International),236000,236000,0,4,3,24,,CÔNG TY TNHH EDUCATION SOLUTIONS VIỆT NAM,Express Publishing,9781471586897,Bìa mềm,200,,Dtpbooks,available,1000,True,True,True
163543413,Pathway To Math 4 Pack (Student's Book with Activity Cards),419000,419000,0,0,0,6,,CÔNG TY TNHH EDUCATION SOLUTIONS VIỆT NAM,RICHMOND,7506009844421,Bìa mềm,159,,Dtpbooks,available,1000,True,False,True
151597205,English - Vietnamese Primary Pictionary,167000,167000,0,0,0,5,,CÔNG TY TNHH EDUCATION SOLUTIONS VIỆT NAM,Vietnam News Agency Publishing House,9786049582752,,,,Dtpbooks,available,1000,True,True,True
106360945,i-Learn Smart Start 5 Student's Book,114000,114000,0,5,1,121,.,CÔNG TY TNHH EDUCATION SOLUTIONS VIỆT NAM,Nhà Xuất Bản Đại Học Sư Phạm,9786049474200,Bìa mềm,132,2022-09-01,Dtpbooks,available,1000,True,True,True
106225671,i-Learn Smart Start Grade 3 Workbook,70000,70000,0,5,9,177,.,CÔNG TY TNHH EDUCATION SOLUTIONS VIỆT NAM,Nhà Xuất Bản Đại Học Sư Phạm,9786049473531,Bìa mềm,100,,Dtpbooks,available,1000,True,True,True
106215677,Cool Kids 2e Workbook 3,93000,93000,0,5,2,17,.,CÔNG TY TNHH EDUCATION SOLUTIONS VIỆT NAM,RICHMOND,9786049535499,Bìa mềm,104,,Dtpbooks,available,1000,True,True,True
106208670,Access US 1B Student's Book & Workbook,177000,177000,0,5,1,36,.,CÔNG TY TNHH EDUCATION SOLUTIONS VIỆT NAM,Express Publishing,9786049454967,Bìa mềm,100,,Dtpbooks,available,1000,True,True,True
71683170,Learn With Us: Level 6: Activity Book With Online Practice,274500,318000,14,0,0,0,,Oxford University Press,Oxford University Press,9780194908665,,,,Nhà sách Fahasa,available,1000,True,True,True
58839840,"Show and Tell: Level 2: Activity Book, 2nd Edition",235600,248000,5,0,0,17,"Gabby Pritchard,  Margaret Whitfield, Kalthryn Harper",Oxford University Press,Oxford University Press,9780194054775,,,,Nhà sách Fahasa,available,1000,True,True,True
513405,Sách Solutions (2 Ed.) Adv : Student Book - Paperback,325800,377000,14,5,1,4,Davies/Falla,Oxford University Press,Oxford University Press,9780194552905,Paperback,152,2013-05-09,Nhà sách Fahasa,available,1000,True,True,True
279030014,Sách ngoại văn: Happy Hearts US Starter Class CD,14500,15000,3,0,0,0,nhieu tac gia,CÔNG TY TNHH EDUCATION SOLUTIONS VIỆT NAM,Nhiều Nhà Xuất Bản,9786049455872,Bìa mềm,,2023-12-21,Nhà sách Fahasa,available,1000,True,True,True
276508897,"Tăng cường kĩ năng Đọc, Nghe và Giao tiếp Tiếng Anh Lớp 11",139000,139000,0,0,0,4,nhieu tac gia,CÔNG TY TNHH EDUCATION SOLUTIONS VIỆT NAM,Nhà Xuất Bản Đại Học Huế,9786044892306,Bìa mềm,88,2024-09-03,Dtpbooks,available,1000,True,True,True
274953119,Tiếng Anh 12 Bright - Workook Teacher's Book (Sách giáo viên bài tập),128000,128000,0,0,0,23,nhieu tac gia,CÔNG TY TNHH EDUCATION SOLUTIONS VIỆT NAM,Nhà Xuất Bản Đại Học Huế,9786044890906,Bìa mềm,99,2024-05-03,Dtpbooks,available,1000,True,True,True
274468105,B1 Preliminary for Schools five complete Practice Tests 2,179000,179000,0,5,2,20,nhieu tac gia,CÔNG TY TNHH EDUCATION SOLUTIONS VIỆT NAM,Nhà Xuất Bản Đại Học Huế,9786043997576,Bìa mềm,160,2024-03-01,Dtpbooks,available,1000,True,True,True
270053238,Skills Builder For Young Learners Movers 2 Student's Book With DigiBooks App,175700,185000,5,3,2,14,,CÔNG TY TNHH EDUCATION SOLUTIONS VIỆT NAM,Express Publishing,9781399207119,,,,Nhà sách Fahasa,available,1000,True,True,True
260811357,Tiếng Anh 11 Bright - Workook Teacher's Book,128000,128000,0,5,2,35,,CÔNG TY TNHH EDUCATION SOLUTIONS VIỆT NAM,Nhà Xuất Bản Đại Học Huế,9786049741708,Bìa mềm,,,Dtpbooks,available,1000,True,True,True
260811349,Bài tập Bổ trợ Tiếng Anh 11 i-Learn Smart World,118000,118000,0,4.3,6,306,,CÔNG TY TNHH EDUCATION SOLUTIONS VIỆT NAM,Nhà Xuất Bản Đại Học Huế,9786043379877,Bìa mềm,,2023-06-07,Dtpbooks,available,1000,True,True,True
198858741,Hooray Let's Play Level B Story cards,236000,236000,0,0,0,1,,CÔNG TY TNHH EDUCATION SOLUTIONS VIỆT NAM,Helbling Languages,9786049459177,Bìa mềm,,2018-09-24,Dtpbooks,available,1000,True,False,True
198335546,Career Paths Petroleum 1 (ESP) Student's Pack 2 (US Version) With Cross-Platform Application,235000,235000,0,5,1,1,,CÔNG TY TNHH EDUCATION SOLUTIONS VIỆT NAM,Express Publishing,9781780986920,,,,Dtpbooks,available,1000,True,False,True
197657580,Tiếng Anh 2 Extra and Friends Teacher's book,130000,130000,0,0,0,1,,CÔNG TY TNHH EDUCATION SOLUTIONS VIỆT NAM,Nhà Xuất Bản Đại Học Huế,9786043374698,,,,Dtpbooks,available,1000,True,True,True
171807631,Show and Tell 2: Student Book,360000,360000,0,5,2,24,,CÔNG TY TNHH EDUCATION SOLUTIONS VIỆT NAM,Oxford,9780194779135,,,,Dtpbooks,available,1000,True,True,True
171212935,Collins Practice Basic Skills Maths Book 1,89000,89000,0,0,0,3,,CÔNG TY TNHH EDUCATION SOLUTIONS VIỆT NAM,HarperCollins,9780007505470,,,,Dtpbooks,available,1000,True,True,True
171212915,Collins Easy Learning Preschool - Writing Ages 3-5,69000,69000,0,0,0,11,,CÔNG TY TNHH EDUCATION SOLUTIONS VIỆT NAM,HarperCollins,9780008151614,,,,Dtpbooks,available,1000,True,True,True
171151598,Playtime Starter: Workbook,139000,139000,0,5,1,11,,CÔNG TY TNHH EDUCATION SOLUTIONS VIỆT NAM,Oxford,9780194046688,,,,Dtpbooks,available,1000,True,True,True
171063769,Learn with Ollie Flashcards 1,320000,320000,0,4.5,2,15,,CÔNG TY TNHH EDUCATION SOLUTIONS VIỆT NAM,RICHMOND,8431300992009,,,,Dtpbooks,available,1000,True,True,True
171063667,Letts Cambridge IGCSE - Cambridge IGCSE Business Studies Revision Guide,186000,186000,0,0,0,11,,CÔNG TY TNHH EDUCATION SOLUTIONS VIỆT NAM,Collins,9780008260149,,,,Dtpbooks,available,1000,True,True,True
169604072,"Access Grade 6 Pack (Student's Book, Workbook, Class CDs)",347000,347000,0,5,1,55,,CÔNG TY TNHH EDUCATION SOLUTIONS VIỆT NAM,Express Publishing,9996049408170,,,,Dtpbooks,available,1000,True,True,True
169335757,Beyond A2 Student's Book Premium Pack,518000,518000,0,0,0,2,,CÔNG TY TNHH EDUCATION SOLUTIONS VIỆT NAM,MacMillan,9780230461130,,,,Dtpbooks,available,1000,True,True,True
169280368,Everybody Up 2E 4: Student Book,328000,328000,0,0,0,6,,CÔNG TY TNHH EDUCATION SOLUTIONS VIỆT NAM,Oxford,9780194105927,,,,Dtpbooks,available,1000,True,True,True
169268870,American English File Level 3: Workbook with MultiROM Pack,124000,124000,0,0,0,5,,CÔNG TY TNHH EDUCATION SOLUTIONS VIỆT NAM,Oxford,9780194774505,,,,Dtpbooks,available,1000,True,True,True
168920054,Fairyland 6 Activity Book,101000,101000,0,5,1,3,,CÔNG TY TNHH EDUCATION SOLUTIONS VIỆT NAM,Express Publishing,9786049456763,,,,Dtpbooks,available,1000,True,True,True
168774249,i-Learn Smart Maths Grade 3 Workbook Part 1 ( ENG-VN),104000,104000,0,5,2,92,,CÔNG TY TNHH EDUCATION SOLUTIONS VIỆT NAM,Vietnam News Agency Publishing House,9786049820908,Bìa mềm,,2018-06-20,Dtpbooks,available,1000,True,True,True
168774220,i-Learn Smart Maths Grade 4 Student's Book Part 1 (ENG-VN),156000,156000,0,5,4,92,,CÔNG TY TNHH EDUCATION SOLUTIONS VIỆT NAM,Vietnam News Agency Publishing House,9786049843563,,,,Dtpbooks,available,1000,True,True,True
168773946,i-Learn Smart Maths Grade 4 Student's Book Part 2,187000,187000,0,5,1,13,,CÔNG TY TNHH EDUCATION SOLUTIONS VIỆT NAM,Vietnam News Agency Publishing House,9786049843839,,,,Dtpbooks,available,1000,True,True,True
168712491,i-Discover 2 Student's Book & Workbook,156000,156000,0,5,1,20,,CÔNG TY TNHH EDUCATION SOLUTIONS VIỆT NAM,Express Publishing,9786049457326,Bìa mềm,,2018-09-03,Dtpbooks,available,1000,True,True,True
168712489,i-Discover 5 Student's Book & Workbook,156000,156000,0,0,0,1,,CÔNG TY TNHH EDUCATION SOLUTIONS VIỆT NAM,Express Publishing,9786049457357,,,,Dtpbooks,available,1000,True,True,True
168712446,i-Discover 1 Student's Book & Workbook,156000,156000,0,5,2,25,,CÔNG TY TNHH EDUCATION SOLUTIONS VIỆT NAM,Express Publishing,9786049457319,,,,Dtpbooks,available,1000,True,True,True
168712396,Targeting Mathematics Textbook 5A,243000,243000,0,5,1,21,,CÔNG TY TNHH EDUCATION SOLUTIONS VIỆT NAM,Star Publishing,9789814658300,,,,Dtpbooks,available,1000,True,True,True
168712380,Targeting Mathematics Textbook 2A,243000,243000,0,5,3,19,,CÔNG TY TNHH EDUCATION SOLUTIONS VIỆT NAM,Star Publishing,9789814431873,,,,Dtpbooks,available,1000,True,True,True
163544605,Breakthrough Plus 4 Student's Book Pack,312000,312000,0,5,2,11,,CÔNG TY TNHH EDUCATION SOLUTIONS VIỆT NAM,MacMillan,9780230438330,Bìa mềm,144,,Dtpbooks,available,1000,True,True,True
163544585,Macmillan Mathematics 3A SB + ebook Pack,341000,341000,0,0,0,4,,CÔNG TY TNHH EDUCATION SOLUTIONS VIỆT NAM,MacMillan,9781380000644,Bìa mềm,111,,Dtpbooks,available,1000,True,True,True
163544516,Story Central Level 4 Activity Book,192000,192000,0,0,0,4,,CÔNG TY TNHH EDUCATION SOLUTIONS VIỆT NAM,MacMillan,9780230452251,Bìa mềm,104,,Dtpbooks,available,1000,True,True,True
163544480,Beyond A1+ Student's Book Pack,395000,395000,0,4,1,9,,CÔNG TY TNHH EDUCATION SOLUTIONS VIỆT NAM,MacMillan,9780230461031,Bìa mềm,144,,Dtpbooks,available,1000,True,True,True
163543416,Eat Your Greens Reds Yellows and Purples,173000,173000,0,5,1,1,,CÔNG TY TNHH EDUCATION SOLUTIONS VIỆT NAM,DK Publishing,9780241250228,Bìa cứng,80,,Dtpbooks,available,1000,True,True,True
151597540,ISS Listening & Speaking 1 Student's Book,89000,89000,0,5,8,164,,CÔNG TY TNHH EDUCATION SOLUTIONS VIỆT NAM,Nhà Xuất Bản Đại Học Huế,9786049749452,,,,Dtpbooks,available,1000,True,True,True
106360937,Hooray Let's Play B1 Student's Book and Activities & Projects,103000,103000,0,0,0,2,.,CÔNG TY TNHH EDUCATION SOLUTIONS VIỆT NAM,Helbling Languages,9786049530722,Bìa mềm,58,,Dtpbooks,available,1000,True,True,True
106360907,Hooray Let's Play B2 Student's Book and Activities & Projects,103000,103000,0,0,0,8,"Herbert Puchta,  Gunter Gerngross",CÔNG TY TNHH EDUCATION SOLUTIONS VIỆT NAM,Helbling Languages,9786049530739,Bìa mềm,58,,Dtpbooks,available,1000,True,True,True
106215673,Achievers C1 Workbook,161000,161000,0,0,0,10,.,CÔNG TY TNHH EDUCATION SOLUTIONS VIỆT NAM,RICHMOND,9786049530999,Bìa mềm,148,2020-03-05,Dtpbooks,available,1000,True,True,True
106215666,Achievers B2 Workbook,161000,161000,0,0,0,20,.,CÔNG TY TNHH EDUCATION SOLUTIONS VIỆT NAM,RICHMOND,9786049530982,Bìa mềm,148,2020-02-01,Dtpbooks,available,1000,True,True,True
106215662,Achievers B1 Workbook,161000,161000,0,0,0,70,.,CÔNG TY TNHH EDUCATION SOLUTIONS VIỆT NAM,RICHMOND,9786049530968,Bìa mềm,148,2023-03-02,Dtpbooks,available,1000,True,True,True
279269950,Sách ngoại văn: English File - Fifth Edition - Beginner - Student Book With Digital Pack,563000,563000,0,0,0,0,"Christina Latham-Koenig,  Clive Oxenden,  Jerry Lambert,  Kate Chomacki",Oxford University Press,Oxford University Press,9780194148993,Bìa mềm,,2023-12-21,Nhà sách Fahasa,available,1000,True,True,True
279246476,Sách ngoại văn: Sách Ngoại Văn - Giáo Trình Tiếng Anh Oxford Discover Futures,317300,334000,5,0,0,0,nhieu tac gia,Oxford University Press,OUP Oxford,1748248738592-cf,Bìa mềm,,2023-12-21,Nhà sách Fahasa,available,1000,True,True,True
279236413,Sách ngoại văn: Sách - English Grammar in Use Book w Ans,169100,178000,5,0,0,1,nhieu tac gia,Cambridge University Press,Cambridge University Press,1742617408960-cf,Bìa mềm,,2023-12-21,Nhà sách Fahasa,available,1000,True,True,True
279044558,Sách ngoại văn: Fun Skills 6 - Student's Book And Home Booklet With Online Activities,404000,404000,0,0,0,0,nhieu tac gia,Cambridge University Press,Nhiều Nhà Xuất Bản,9781108563680,Bìa mềm,,2023-12-21,Nhà sách Fahasa,available,1000,True,True,True
279038052,Sách ngoại văn: Cambridge Primary Path 3 - Activity Book With Practice Extra,485000,485000,0,0,0,0,nhieu tac gia,Cambridge University Press,Nhiều Nhà Xuất Bản,9781108627672,Bìa mềm,,2023-12-21,Nhà sách Fahasa,available,1000,True,True,True
279038002,Sách ngoại văn: Oxford Reading Club TICKET 1 Month's Acc [Code By Email 3-5 Days],64000,64000,0,0,0,0,nhieu tac gia,Oxford University Press,Nhiều Nhà Xuất Bản,9780194653770,Bìa mềm,,2023-12-21,Nhà sách Fahasa,available,1000,True,True,True
279037522,Sách ngoại văn: Shape It! 4 - Student's Book With Digital Pack,548000,548000,0,0,0,0,nhieu tac gia,Cambridge University Press,Nhiều Nhà Xuất Bản,9781108847049,Bìa mềm,,2023-12-21,Nhà sách Fahasa,available,1000,True,True,True
279030032,Sách ngoại văn: Dominoes: Two: Conan the Barbarian: The Jewels of Gwahlur: TV & Film Adventure Level 2,98800,104000,5,0,0,0,nhieu tac gia,Oxford University Press,Nhiều Nhà Xuất Bản,9780194245661,Bìa mềm,,2023-12-21,Nhà sách Fahasa,available,1000,True,True,True
279029905,Sách ngoại văn: Classic Tales 4 Sleeping Beauty N/Ed,58900,62000,5,0,0,0,nhieu tac gia,Oxford University Press,Nhiều Nhà Xuất Bản,9780194239547,Bìa mềm,,2023-12-21,Nhà sách Fahasa,available,1000,True,True,True
279029837,Sách ngoại văn: E-future Classic Readers - Level 6 - Hercules,65000,65000,0,0,0,0,nhieu tac gia,"E-Future.Co.,Ltd",Nhiều Nhà Xuất Bản,9791156802211,Bìa mềm,,2023-12-21,Nhà sách Fahasa,available,1000,True,True,True
279029791,Sách ngoại văn: ePFR 5-3. The Fairgrounds,92000,92000,0,0,0,0,nhieu tac gia,"E-Future.Co.,Ltd",Nhiều Nhà Xuất Bản,9788956355801,Bìa mềm,,2023-12-21,Nhà sách Fahasa,available,1000,True,True,True
279029753,Sách ngoại văn: ePFR 5-4. Mark And The White Stork,95000,95000,0,0,0,0,nhieu tac gia,"E-Future.Co.,Ltd",Nhiều Nhà Xuất Bản,9788956355818,Bìa mềm,,2023-12-21,Nhà sách Fahasa,available,1000,True,True,True
279026910,Sách ngoại văn: E-future Classic Readers - Level 6 - The Prince And The Dragon,65000,65000,0,0,0,0,Andrew Lang,"E-Future.Co.,Ltd",E-Future,9791156802266,Bìa mềm,,2023-12-21,Nhà sách Fahasa,available,1000,True,True,True
279026661,Sách ngoại văn: Eyes Open Level 4 Student Book,308000,308000,0,0,0,0,"Ben Goldstein,  Ceri Jones,  with David McKeegan",Cambridge University Press,CAMBRIDGE UNIVERSITY,9781107467804,Bìa mềm,,2023-12-21,Nhà sách Fahasa,available,1000,True,True,True
276675507,Blue Dot 2 - Student Book With Online Practice,524400,552000,5,0,0,0,"Lesley Koustaff,  Susan Rivers",Oxford University Press,Oxford University Press,9780194861298,Bìa mềm,,2023-12-21,Nhà sách Fahasa,available,1000,True,True,True
260811325,Tiếng Anh 8 Right On! Student's Book,68309,68309,0,5,8,271,,CÔNG TY TNHH EDUCATION SOLUTIONS VIỆT NAM,Nhà Xuất Bản Đại Học Sư Phạm,9786043675382,Bìa mềm,,2023-01-03,Dtpbooks,available,1000,True,True,True
202510979,Combo Let's Go Level 6: Student Book + Workbook with Online Practice - 5th Edition (Bộ 2 Cuốn),346700,365000,5,0,0,2,"Ritsuko Nakata,  Karen Frazier,  Barbara Hoskins",Oxford University Press,Oxford University Press,combo-9780194049870-9780194049849,,,2024-03-18,Nhà sách Fahasa,available,1000,True,True,True
199916566,Bebop 3 Activity Book,168000,168000,0,0,0,3,,CÔNG TY TNHH EDUCATION SOLUTIONS VIỆT NAM,MacMillan,9780230453142,,,,Dtpbooks,available,1000,True,True,True
198958810,"English File, 3rd Edition Beginner: Workbook with Answer Booklet",164000,164000,0,0,0,4,,CÔNG TY TNHH EDUCATION SOLUTIONS VIỆT NAM,Oxford,9780194501613,,,,Dtpbooks,available,1000,True,True,True
192989047,English Plus: Level 2: Student's Book 2,452200,476000,5,0,0,4,"Ben Wetz,  Diana Pye",Oxford University Press,Oxford University Press,9780194200615,,,,Nhà sách Fahasa,available,1000,True,True,True
171592182,Bright Ideas: Level 5: Activity Book,492100,518000,5,0,0,2,"Katherine Bilsborough,  Steve Bilsborough",Oxford University Press,Oxford University Press,9780194111393,,,,Nhà sách Fahasa,available,1000,True,True,True
169276506,Amanda & Friends Flashcards Level 3,286000,286000,0,0,0,6,,CÔNG TY TNHH EDUCATION SOLUTIONS VIỆT NAM,RICHMOND,9786049746703,,,,Dtpbooks,available,1000,True,True,True
114885774,Oxford Skills World: Level 5: Listening With Speaking Student Book,407500,429000,5,0,0,4,Jessica Finnis,Oxford University Press,Oxford University Press,9780194113427,,,,Nhà sách Fahasa,available,1000,True,False,True
111109082,Business Result: Starter: Student's Book With Online Practice - 2nd Edition,528200,556000,5,5,1,10,McLarty Penny,Oxford University Press,Oxford University Press,9780194738569,,,,Nhà sách Fahasa,available,1000,True,False,True
108710200,Hang Out 4 - Student Book,258000,258000,0,5,3,95,,CÔNG TY TNHH EDUCATION SOLUTIONS VIỆT NAM,Compass Publishing,9781613528402,Bìa mềm,120,2019-11-01,Dtpbooks,available,1000,True,True,True
106360921,Career Paths Air Force (Esp)  Student's Book With Crossplatform Application,235000,235000,0,0,0,2,"Virginia Evans - Jenny Dooley, Jenny Dooley – Virginia Evans",CÔNG TY TNHH EDUCATION SOLUTIONS VIỆT NAM,Express Publishing,9780857778826,Bìa mềm,120,2017-09-29,Dtpbooks,available,1000,True,True,True
95202717,Fusion: Starter: Student Book,343900,398000,14,0,0,0,Alex Paramour,Oxford University Press,Oxford University Press,9780194016599,,,,Nhà sách Fahasa,available,1000,True,True,True
70805326,Starlight: Level 1: Student Book,406600,428000,5,0,0,5,"Helen Casey,  Joanna Heijmer,  Katherine Bilsborough,  Kirstie Grainger,  Steve Bilsborough, Suzanne Torres",Oxford University Press,Oxford University Press,9780194413299,,,,Nhà sách Fahasa,available,1000,True,True,True
66609939,MM Publications: Sách học tiếng Anh - Top Stars 6 Workbook (American Edition),303750,303750,0,0,0,0,,MM PUBLICATIONS,MM PUBLICATIONS,9786180513097,Bìa mềm,,,Blue Horizon Books,available,1000,True,True,True
65955083,MM Publications: Sách học tiếng Anh - Top Stars 3 Workbook (American Edition),303750,303750,0,0,0,1,H.Q Mitchell,MM PUBLICATIONS,MM PUBLICATIONS,9786180512915,Bìa mềm,,,Blue Horizon Books,available,1000,True,True,True
65901879,MM Publications: Sách học tiếng Anh - Top Stars 1 Student's Book (American Edition),357750,357750,0,5,1,2,H.Q Mitchell,MM PUBLICATIONS,MM PUBLICATIONS,9786180510942,Bìa mềm,,,Blue Horizon Books,available,1000,True,True,True
61551979,Let's Begin: Level 2: Student Book - 5th Edition,200400,211000,5,5,2,37,"Ritsuko Nakata,  Karen Frazier,  Barbara Hoskins,  Carolyn Graham",Oxford University Press,Oxford University Press,9780194050081,,,,Nhà sách Fahasa,available,1000,True,True,True
58839847,"Show and Tell: Level 3: Activity Book, 2nd Edition",235600,248000,5,0,0,10,"Gabby Pritchard,  Margaret Whitfield, Kalthryn Harper",Oxford University Press,Oxford University Press,9780194054782,,,,Nhà sách Fahasa,available,1000,True,True,True
58705755,Oxford Skills World: Level 2: Listening With Speaking Student Book,407500,429000,5,0,0,3,Sarah Jane Lewis-Mantzaris,Oxford University Press,Oxford University Press,9780194113366,,,,Nhà sách Fahasa,available,1000,True,True,True
55422827,"Oxford Preparation & Practice For Cambridge English Preliminary Exam Trainer With Key (Speaking DVD, Class Audio CDs)",405600,427000,5,5,6,27,Oxford University Press,Oxford University Press,Oxford University Press,9780194118767,,,,Nhà sách Fahasa,available,1000,True,True,True
51617027,MM Publications: Sách học tiếng Anh - Luyện ngữ pháp - Enter The World Of Grammar Book 5,378000,378000,0,5,3,11,,MM PUBLICATIONS,MM PUBLICATIONS, 9789607955050,Bìa mềm,,,Blue Horizon Books,available,1000,True,True,True
49961296,Business Result: Intermediate: Student's Book with Online Practice,620300,653000,5,5,2,23,,Oxford University Press,OUP Oxford,9780194738866,,,,Nhà sách Fahasa,available,1000,True,True,True
49379158,Family and Friends: Level 6: Workbook,174800,184000,5,5,3,11,Oxford University,Oxford University Press,Oxford University Press,9780194808125,,,,Nhà sách Fahasa,available,1000,True,True,True
22955955,Kid's Box Second edition Pupil's Book Level 2,211800,245000,14,5,12,143,,Cambridge University Press,,9781108700290,,,,Nhà sách Fahasa,available,1000,True,True,True
2210757,Sách Everybody Up (2E) 4 Workbook With DVD And Online Practice Pack,202300,213000,5,1,1,4,"Patrick Jackson, Susan Banman Sileci",Oxford University Press,Oxford University Press,9780194106412,Paperback,,2016-03-24,Nhà sách Fahasa,available,1000,True,True,True
279043468,Sách ngoại văn: Smart Listening 2.2 (International Edition),242000,242000,0,0,0,0,nhieu tac gia,"E-Future.Co.,Ltd",Nhiều Nhà Xuất Bản,9791192361574,Bìa mềm,,2023-12-21,Nhà sách Fahasa,available,1000,True,True,True
279043425,Sách ngoại văn: Smart Listening 2.1 (International Edition),242000,242000,0,0,0,0,nhieu tac gia,"E-Future.Co.,Ltd",Nhiều Nhà Xuất Bản,9791192361567,Bìa mềm,,2023-12-21,Nhà sách Fahasa,available,1000,True,True,True
279042746,Sách ngoại văn: Perspectives Intermediate With The Spark Platform,398000,398000,0,0,0,0,nhieu tac gia,Cengage,Nhiều Nhà Xuất Bản,9798214335049,Bìa mềm,,2023-12-21,Nhà sách Fahasa,available,1000,True,True,True
279042639,Sách ngoại văn: Perspectives Advanced With The Spark Platform,398000,398000,0,0,0,0,nhieu tac gia,Cengage,Nhiều Nhà Xuất Bản,9798214335063,Bìa mềm,,2023-12-21,Nhà sách Fahasa,available,1000,True,True,True
279039673,Sách ngoại văn: Cambridge Primary Science 2nd Edition Learner's Book 4 With Digital Access (1 Year),474000,474000,0,0,0,0,"Fiona Baxter,  Liz Dilley",Cambridge University Press,Nhiều Nhà Xuất Bản,9781108742931,Bìa mềm,,2023-12-21,Nhà sách Fahasa,available,1000,True,True,True
279038643,Sách ngoại văn: Cambridge Primary Mathematics - Workbook 5 With Digital Access (1 Year) (2nd Edition),338000,338000,0,0,0,0,Mary Wood,Cambridge University Press,Nhiều Nhà Xuất Bản,9781108746311,Bìa mềm,,2023-12-21,Nhà sách Fahasa,available,1000,True,True,True
279038571,Sách ngoại văn: Cambridge Primary Mathematics - Learner's Book 6 With Digital Access (1 Year) (2nd Edition),504000,504000,0,0,0,0,Mary Wood,Cambridge University Press,Nhiều Nhà Xuất Bản,9781108746328,Bìa mềm,,2023-12-21,Nhà sách Fahasa,available,1000,True,True,True
279031090,Sách ngoại văn: Cambridge Primary Mathematics Workbook 4 With Digital Access (1 Year),338000,338000,0,0,0,0,Mary Wood,Cambridge University Press,Cambridge University Press,9781108760027,Bìa mềm,,2023-12-21,Nhà sách Fahasa,available,1000,True,True,True
279029799,Sách ngoại văn: First Friends American English 1 Student Book And Audio CD Pack,174000,174000,0,0,0,0,nhieu tac gia,Oxford University Press,Nhiều Nhà Xuất Bản,9780194433433,Bìa mềm,,2023-12-21,Nhà sách Fahasa,available,1000,True,True,True
279029066,Sách ngoại văn: ePFR 4-2. Glen and Drake's Trip,95000,95000,0,0,0,0,nhieu tac gia,"E-Future.Co.,Ltd",Nhiều Nhà Xuất Bản,9788956355757,Bìa mềm,,2023-12-21,Nhà sách Fahasa,available,1000,True,True,True
279029062,Sách ngoại văn: ePFR 4-4. The White Fish,95000,95000,0,0,0,0,nhieu tac gia,"E-Future.Co.,Ltd",Nhiều Nhà Xuất Bản,9788956355771,Bìa mềm,,2023-12-21,Nhà sách Fahasa,available,1000,True,True,True
279027641,Sách ngoại văn: E-future Classic Readers - Level S - The Two Pots,65000,65000,0,0,0,0,Aesop,"E-Future.Co.,Ltd",Nhiều Nhà Xuất Bản,9791156801252,Bìa mềm,,2023-12-21,Nhà sách Fahasa,available,1000,True,True,True
279027389,Sách ngoại văn: Superkids 3rd Activity Book Level 6,135000,135000,0,0,0,0,"Aleda Krause,  Greg Cossu",Pearson Education,Nhiều Nhà Xuất Bản,9789882435544,Bìa mềm,,2023-12-21,Nhà sách Fahasa,available,1000,True,True,True
279026655,Sách ngoại văn: E-future Classic Readers - Level 6 - The Enchanted Bluff,65000,65000,0,0,0,0,Willa Cather,"E-Future.Co.,Ltd",E-Future,9791156802242,Bìa mềm,,2023-12-21,Nhà sách Fahasa,available,1000,True,True,True
278063119,Sách ngoại văn: Reach - Higher,623200,656000,5,0,0,0,Nancy Frey,Cengage,National Geographic,9780357571224,Bìa mềm,,2023-12-21,Nhà sách Fahasa,available,1000,True,True,True
277978296,Sách ngoại văn: Voices Beginner A1: Workbook With Answer Key,239400,252000,5,0,0,0,Gary Pathare,Cengage,Cengage Learning,9780357442685,Bìa mềm,,2023-12-21,Nhà sách Fahasa,available,1000,True,True,True
277978292,Sách ngoại văn: Voices Elementary A2: Student's Book With Spark Platform,369500,389000,5,0,0,0,Lewis Lansford,Cengage,Cengage Learning,9780357458754,Bìa mềm,,2023-12-21,Nhà sách Fahasa,available,1000,True,True,True
277312202,Sách ngoại văn: Reach For The Stars B With The Spark Platform - Student's Book With Ebook Sticker Code,429000,429000,0,0,0,0,Lada Kratky,Cengage,Heinle ELT,9780357855126,Bìa mềm,,2023-12-21,Nhà sách Fahasa,available,1000,True,True,True
277180809,Sách ngoại văn: Smart English 6 - Workbook (2nd Edition),176000,176000,0,0,0,0,"Casey Kim,  Jayne Lee","E-Future.Co.,Ltd","E-Future.Co.,Ltd",9791192361208,Bìa mềm,,2023-12-21,Nhà sách Fahasa,available,1000,True,True,True
277180486,Sách ngoại văn: Outcomes Bre Pre-Intermediate - Student's Book + Spark Sticker (3rd Edition),453000,453000,0,0,0,4,Hugh Dellar,Cengage,Heinle ELT,9780357917350,Bìa mềm,,2023-12-21,Nhà sách Fahasa,available,1000,True,True,True
276566379,Grammar Goals 5 - Pupil's Book With eBook And Student's Resource Centre Pack,264000,264000,0,0,0,0,"Angela Llanas,  Libby Williams",Fahasa,Macmillan _,9781035134915,Bìa mềm,,2023-12-21,Nhà sách Fahasa,available,1000,True,True,True
276429316,Voices Advanced - Workbook With Answer Key,252000,252000,0,2,1,2,Lewis Lansford,Cengage,Cengage Learning,9780357442838,Bìa mềm,,2023-12-21,Nhà sách Fahasa,available,1000,True,True,True
274675261,Voices Intermediate B1: Student's Book BRE + OLP/EBK CSTM (Vietnam Edition),303000,319000,5,0,0,13,...,Đang cập nhật,Đang cập nhật,9780357976180,Bìa mềm,,2023-12-21,Nhà sách Fahasa,available,1000,True,True,True
274674030,My Disney Stars And Friends Level 3 Workbook With eBook,294500,310000,5,0,0,0,...,Đang cập nhật,Đang cập nhật,9781292395517,Bìa mềm,,2023-12-21,Nhà sách Fahasa,available,1000,True,True,True
271100500,Doodle Town Level 1 Activity Book 2nd Edition,186200,196000,5,0,0,1,"Caroline Linse,  Elly Schottman",Fahasa,Macmillan Education,9781380055170,,,,Nhà sách Fahasa,available,1000,True,True,True
263960552,Oxford - Solutions (Third Edition),294000,294000,0,0,0,8,Tim Falla,Cty PHS TP.HCM- Fahasa,Oxford,9780194510561,Bìa mềm,128,2016-06-01,Nhà sách Quốc Việt,available,1000,True,True,True
212110181,Rise And Shine American Level 6 Workbook With ebook,174800,184000,5,0,0,0,Anna Osborn,Pearson Education,Pearson Education,9781292398853,,,,Nhà sách Fahasa,available,1000,True,True,True
204055858,Combo A1 Movers 3: Student's Book + Answer Booklet: Authentic Examination Papers,178000,178000,0,0,0,7,Cambridge University Press,Cambridge University Press,Cambridge University Press,combo-9781108465182-9781108747530,,,,Nhà sách Fahasa,available,1000,True,True,True
195994030,World Link 3 With My World Link Online Practice And Student's eBook,520600,548000,5,0,0,0,James Morgan,Cengage,Cengage Learning,9780357502228,,,,Nhà sách Fahasa,available,1000,True,True,True
191779656,Perspectives 1: Workbook (American Edition),253600,267000,5,0,0,0,National Geographic Learning,Cengage,Cengage Learning,9781337297318,,,,Nhà sách Fahasa,available,1000,True,True,True
191779345,KEYNOTE AME 4 STUDENT BOOK/MYKEYNOTEONLINE STICKER,370000,370000,0,0,0,1,"Helen Stephenson, Paul Dummett, Lewis Lansford",Cengage,Cengage Learning,9781337104135,,,,Nhà sách Fahasa,available,1000,True,False,True
191778994,School Phonics Workbook 1,111000,111000,0,0,0,1,e-future,"E-Future.Co.,Ltd","E-Future.Co.,Ltd",9791156809555,,,,Nhà sách Fahasa,available,1000,True,True,True
185226882,Tiếng Anh 10 i-Learn Smart World Workbook (Sách bài tập),78000,78000,0,5,7,142,,CÔNG TY TNHH EDUCATION SOLUTIONS VIỆT NAM,Nhà Xuất Bản Đại Học Huế,9786043374933,,,,Dtpbooks,available,1000,True,True,True
181998108,Give Me Five! Level 6 Activity Book,163400,172000,5,0,0,0,"Donna Shaw,  Joanne Ramsden,  Rob Sved",Macmillan Publishers,Macmillan Education,9781380013811,,,,Nhà sách Fahasa,available,1000,True,False,True
151597542,American Jetstream Beginner A Student's book & Workbook ( không kèm CD),207000,207000,0,0,0,8,,CÔNG TY TNHH EDUCATION SOLUTIONS VIỆT NAM,Helbling Languages,9783990458204,,,,Dtpbooks,available,1000,True,True,True
81939032,Sách - My First Toeic Class - Starter Plus,268000,268000,0,0,0,0,.,Không có,Không có,0,,51,,Nhà sách Minh Tâm,available,1000,True,False,True
68463185,Superkids 3rd Student Book With Audio CDs And PEP Access Code Level 5,183000,183000,0,0,0,0,"Aleda Krause,  Greg Cossu",,Pearson,9789882435476,,,,Nhà sách Fahasa,available,1000,True,True,True
55288541,Breakthrough Plus 2nd Edition Level 1 Workbook Pack,190000,200000,5,3.5,2,3,Miles Craven,Macmillan Publishers,Macmillan Education,9781380003096,,,,Nhà sách Fahasa,available,1000,True,True,True
39359920,My First Grammar 2 Student Book 2Ed,217000,217000,0,0,0,8,,E-Future,,9788956359793,,,,Nhà sách Fahasa,available,1000,True,False,True
11378746,MM Publications: Sách học tiếng Anh - Use of English B2,342427,384750,11,4.7,15,159,E. Moutsou,,MM PUBLICATIONS,9789604439287,,,,Blue Horizon Books,available,1000,True,False,True
278716941,Sách ngoại văn: Reflect Listening & Speaking 4: Student's Book With Online Practice And Student's eBook,452200,476000,5,0,0,0,Paul Dummett,Cengage,Cengage Learning,9780357449202,Bìa mềm,,2023-12-21,Nhà sách Fahasa,available,1000,True,True,True
278063003,Sách ngoại văn: Complete Preliminary - Student's Book Without Answers - Second Edition,398000,419000,5,0,0,0,"Emma Heyderman,  Peter May",Cambridge University Press,Cambridge University Press,9781108525213,Bìa mềm,,2023-12-21,Nhà sách Fahasa,available,1000,True,True,True
278058373,Sách ngoại văn: Kid's Box New Generation - Pupil's Book With Ebook 6,367600,387000,5,0,0,1,"Caroline Nixon,  Michael Tomlinson",Cambridge University Press,Cambridge University Press,9781009824675,Bìa mềm,,2023-12-21,Nhà sách Fahasa,available,1000,True,True,True
278058339,Sách ngoại văn: Kid's Box New Generation - Activity Book With Digital Pack 4,322000,339000,5,0,0,5,"Caroline Nixon,  Michael Tomlinson",Cambridge University Press,Cambridge University Press,9781009824712,Bìa mềm,,2023-12-21,Nhà sách Fahasa,available,1000,True,True,True
277995895,Sách ngoại văn: Impact Ame Foundation Workbook (2nd Edition),277400,292000,5,0,0,0,Tracey Gibbins,Cengage,Cengage Learning,9798214174808,Bìa mềm,,2023-12-21,Nhà sách Fahasa,available,1000,True,True,True
276099328,Welcome To Our World 3 - Activity Book (2nd Edition),208000,219000,5,0,0,0,Jill O'Sullivan,Cengage,Heinle ELT,9780357507384,Bìa mềm,,2023-12-21,Nhà sách Fahasa,available,1000,True,True,True
276099292,Welcome To Our World 3 With The Spark Platform (2nd Edition),368600,388000,5,0,0,0,Jill O'Sullivan,Cengage,Heinle ELT,9780357638224,Bìa mềm,,2023-12-21,Nhà sách Fahasa,available,1000,True,True,True
274678058,My Disney Stars And Heroes Level 3 Student’s Book With eBook,491100,517000,5,0,0,0,...,Đang cập nhật,Đang cập nhật,9781292441702,Bìa mềm,,2023-12-21,Nhà sách Fahasa,available,1000,True,True,True
274676731,Empower Intermediate B1 And Student's Book With Digital Pack - 2nd Edition,837900,882000,5,0,0,3,...,Đang cập nhật,Đang cập nhật,9781108961493,Bìa mềm,,2023-12-21,Nhà sách Fahasa,available,1000,True,True,True
274676657,My Disney Stars And Friends Level 1 Workbook With eBook,294500,310000,5,0,0,0,...,Đang cập nhật,Đang cập nhật,9781292395494,Bìa mềm,,2023-12-21,Nhà sách Fahasa,available,1000,True,True,True
274676369,My Disney Stars And Heroes Level 6 Student’s Book With eBook,491100,517000,5,0,0,0,...,Đang cập nhật,Đang cập nhật,9781292441733,Bìa mềm,,2023-12-21,Nhà sách Fahasa,available,1000,True,True,True
274676045,My Disney Stars And Friends Level 2 Student's Book And eBook With Digital Resources,491100,517000,5,0,0,0,...,Đang cập nhật,Đang cập nhật,9781292395531,Bìa mềm,,2023-12-21,Nhà sách Fahasa,available,1000,True,True,True
274675980,My Disney Stars And Heroes Level 4 Workbook With eBook,294500,310000,5,0,0,1,...,Đang cập nhật,Đang cập nhật,9781292441665,Bìa mềm,,2023-12-21,Nhà sách Fahasa,available,1000,True,True,True
274673867,My Disney Stars And Heroes Level Starter Student’s Book With eBook,491100,517000,5,0,0,0,...,Đang cập nhật,Đang cập nhật,9781292441597,Bìa mềm,,2023-12-21,Nhà sách Fahasa,available,1000,True,True,True
271126822,Give Me Five! Level 5 Pupil's Book Pack With Navio App,384700,405000,5,0,0,2,"Donna Shaw,  Rob Sved",Macmillan Publishers,Macmillan Education,9781035108923,,,,Nhà sách Fahasa,available,1000,True,True,True
271100478,Gateway To The World B2 Student´s Book With Student's App And Digital Student's Book,420800,443000,5,0,0,16,,Fahasa,Macmillan Education,9781380043085,,,,Nhà sách Fahasa,available,1000,True,True,True
271100474,Doodle Town Level 3 Math Skills Pad 2nd Edition,157700,166000,5,0,0,1,,Fahasa,Macmillan Education,9781380055040,,,,Nhà sách Fahasa,available,1000,True,True,True
271100466,Doodle Town Level 2 Literracy Skill Pad 2nd Edition,162400,171000,5,0,0,1,,Fahasa,Macmillan Education,9781380054951,,,,Nhà sách Fahasa,available,1000,True,True,True
271100452,Doodle Town Level 1 Literracy Skill Pad 2nd Edition,162400,171000,5,0,0,4,,Fahasa,Macmillan Education,9781380054845,,,,Nhà sách Fahasa,available,1000,True,True,True
270946680,Get Involved! A2+ Workbook And Digital Workbook,218500,230000,5,0,0,0,"Emma Heyderman,  Ben Goldstein",Macmillan Publishers,Macmillan Education,9781380068859,,,,Nhà sách Fahasa,available,1000,True,False,True
270797313,English World 1 Workbook Pack,205200,216000,5,5,1,21,Mary Bowen,Fahasa,Macmillan Education,9781035116904,Bìa mềm,,2017-11-06,Nhà sách Fahasa,available,1000,True,True,True
270477510,Share It! Level 3 Student Book With Sharebook And Navio App,498700,525000,5,0,0,4,"Lesley Koustaff,  Susan Rivers",Macmillan Publishers,Macmillan Education,9781380022912,,,,Nhà sách Fahasa,available,1000,True,True,True
270053076,Explore Our World 6: Student's Book 2nd Edition,345800,364000,5,0,0,1,Joan Kang Shin,Cengage,Cengage,9780357373507,,,,Nhà sách Fahasa,available,1000,True,True,True
270052840,Think Level 1 Student's Book With Workbook Digital Pack British English - 2nd Edition,505400,532000,5,0,0,6,"Herbert Puchta,  Jeff Stranks,  Peter Lewis-Jones",Cambridge University Press,Cambridge University Press,9781009427715,Bìa cứng,,2024-03-13,Nhà sách Fahasa,available,1000,True,True,True
261840684,Doodle Town Nursery Student's Book & Digital Student's Book With Navio App - 2nd Edition,263100,277000,5,0,0,1,,Fahasa,Macmillan Education,9781380054746,,,,Nhà sách Fahasa,available,1000,True,True,True
246773039,Gateway To The World B1+ Student's Book With Student's App And Digital Student's Book,420800,443000,5,5,2,18,David Spencer,Macmillan Publishers,Macmillan Education,9781380042880,,,,Nhà sách Fahasa,available,1000,True,True,True
212110281,Rise And Shine American Level 2 Student's Book With ebook And Digital Activities,315400,332000,5,0,0,0,Jeanne Perrett,Pearson Education,Pearson Education,9781292417394,Bìa cứng,,2024-03-13,Nhà sách Fahasa,available,1000,True,True,True
212110156,Rise And Shine American Level 4 Workbook With ebook,174800,184000,5,0,0,0,,Pearson Education,Pearson Education,9781292398839,,,,Nhà sách Fahasa,available,1000,True,True,True
193976709,Our World American English 3 Workbook 2nd Edition,208000,219000,5,0,0,15,,Cengage,Cengage,9780357032381,,,,Nhà sách Fahasa,available,1000,True,True,True
192173854,Max Maths Primary A Singapore Approach Grade 4 Workbook,340100,358000,5,0,0,3,Tony Cotton,Macmillan Education,Macmillan Education,9781380017864,,,,Nhà sách Fahasa,available,1000,True,True,True
192173772,Time Zones 1: Workbook 3rd Edition,277400,292000,5,0,0,11,Carmella Lieske,National Geographic,National Geographic,9780357426371,,,,Nhà sách Fahasa,available,1000,True,False,True
169379577,New Close-up B1+ with Online Practice and Student's eBook 3rd Edition,407500,429000,5,5,1,16,,Cengage,Cengage Learning,9780357434123,,,,Nhà sách Fahasa,available,1000,True,True,True
122521913,Life BRE Elementary Student's Book With App Code + My Life Online Resource Pack,416100,438000,5,5,1,23,John Hughes,Cengage,National Geographic,9781337285636,,,,Nhà sách Fahasa,available,1000,True,False,True
115695021,Doodle Town 2 Math Skills Pad,147200,155000,5,5,1,4,Linse Schottman,Macmillan Publishers,Macmillan Education,9780230491731,,,,Nhà sách Fahasa,available,1000,True,True,True
114436593,Expert IELTS 6: Student Resource + Key,239400,252000,5,4,3,25,"Felicity O'Dell,  Margaret Matthews",Pearson Education,Pearson Education Limited,9781292125046,,,,Nhà sách Fahasa,available,1000,True,True,True
110205044,Our World 2nd Edition American English 4 Workbook,208000,219000,5,5,2,22,Cengage,Cengage,Cengage,9780357032398,,,,Nhà sách Fahasa,available,1000,True,True,True
58710213,Expert IELTS Band 6: Coursebook,337200,355000,5,4.8,11,47,"Ms Clare Walsh),  Ms Lindsay Warwick",Pearson Education,Pearson Longman,9781292125022,,,,Nhà sách Fahasa,available,1000,True,True,True
50361751,Complete Preliminary For Schools Workbook Without Answers With Audio Download: For The Revised Exam From 2020,226100,238000,5,5,2,21,Caroline Cooke,Cambridge University Press,Cambridge University Press,9781108539111,,,,Nhà sách Fahasa,available,1000,True,True,True
32221947,Eyes Open Level 1 Student Book,322000,339000,5,0,0,15,"Ben Goldstein,  Ceri Jones,  with David McKeegan",Cambridge University,,9781107467255,,,,Nhà sách Fahasa,available,1000,True,True,True
22853958,Doodle Town Nurse SB Pk,260300,274000,5,5,1,17,"Caroline Linse, Elly Schottman",Macmillan,,9780230492059,,,,Nhà sách Fahasa,available,1000,True,True,True
279237885,Sách ngoại văn: Sách Luyện Các Kỹ Năng & Luyện Thi Tiếng Anh A2 Key For Schools,209900,221000,5,0,0,0,nhieu tac gia,Cambridge University Press,Cambridge University Press,1746431378477-cf,Bìa mềm,,2023-12-21,Nhà sách Fahasa,available,1000,True,True,True
279199026,Sách ngoại văn: Look 3 Student's Book (Look (American English)),272600,287000,5,0,0,0,Daniel Barber,Cengage,Cengage Learning,9781337710855,Bìa mềm,,2023-12-21,Nhà sách Fahasa,available,1000,True,True,True
279043152,Sách ngoại văn: Get Involved! American Edition Intro Workbook And Digital Workbook,231800,244000,5,0,0,0,nhieu tac gia,Macmillan Publishers,Nhiều Nhà Xuất Bản,9781380072146,Bìa mềm,,2023-12-21,Nhà sách Fahasa,available,1000,True,True,True
279043086,Sách ngoại văn: Get Involved! American Edition Intro Student's Book With Student's App And Digital Student's Book,316300,333000,5,0,0,0,nhieu tac gia,Macmillan Publishers,Nhiều Nhà Xuất Bản,9781380072122,Bìa mềm,,2023-12-21,Nhà sách Fahasa,available,1000,True,True,True
279038999,Sách ngoại văn: Reach Higher 3A - Student's Book + Ebook Practice,566200,596000,5,0,0,0,Nancy Frey,Cengage,Nhiều Nhà Xuất Bản,9780357571200,Bìa mềm,,2023-12-21,Nhà sách Fahasa,available,1000,True,True,True
279032575,Sách ngoại văn: Imagine Level 2 BRE - Workbook,197600,208000,5,0,0,0,nhieu tac gia,Cengage,Nhiều Nhà Xuất Bản,9780357911839,Bìa mềm,,2023-12-21,Nhà sách Fahasa,available,1000,True,True,True
279031766,Sách ngoại văn: Curious Kids Level 3 Pupil's Book With Digital Pupil's Book And Navio App,304000,320000,5,0,0,0,"Donna Shaw,  Mark Ormerod",Fahasa,MacMillan,9781035124442,Bìa mềm,,2023-12-21,Nhà sách Fahasa,available,1000,True,True,True
279031359,Sách ngoại văn: Share It! Workbook And Digital Workbook Level 2,278300,293000,5,0,0,0,Fiona Davis,Fahasa,Macmillan Education,9781380069405,Bìa mềm,,2023-12-21,Nhà sách Fahasa,available,1000,True,True,True
279030630,Sách ngoại văn: Get Involved! B2 Student's Book With Digital Student's Book And App,270700,285000,5,0,0,0,"Emma Heyderman,  Patricia Reilly",Fahasa,MacMillan,9781380068958,Bìa mềm,,2023-12-21,Nhà sách Fahasa,available,1000,True,True,True
279030620,Sách ngoại văn: Curious Kids Level 2 Activity Book With Digital Activity Book,179500,189000,5,0,0,0,"Donna Shaw,  Mark Ormerod",Fahasa,MacMillan,9781035124138,Bìa mềm,,2023-12-21,Nhà sách Fahasa,available,1000,True,True,True
279029845,Sách ngoại văn: Welcome to Our World: Student Book 3,266000,280000,5,0,0,0,nhieu tac gia,Cengage,Nhiều Nhà Xuất Bản,9781305105294,Bìa mềm,,2023-12-21,Nhà sách Fahasa,available,1000,True,True,True
279027647,Sách ngoại văn: Imagine Level 5: Workbook,197600,208000,5,0,0,0,Rob Sved,Cengage,Nhiều Nhà Xuất Bản,9780357541944,Bìa mềm,,2023-12-21,Nhà sách Fahasa,available,1000,True,True,True
279025991,Sách ngoại văn: Get Involved! B1+ Workbook And Digital Workbook,198500,209000,5,0,0,0,"Patricia Reilly,  Emma Heyderman",Macmillan Publishers,Macmillan Education,9781380068934,Bìa mềm,,2023-12-21,Nhà sách Fahasa,available,1000,True,True,True
277995938,Sách ngoại văn: Impact Ame Student's Book + Spark Sticker 2 (2nd Edition),416100,438000,5,0,0,0,...,Cengage,Cengage Learning,9798214175102,Bìa mềm,,2023-12-21,Nhà sách Fahasa,available,1000,True,True,True
277995919,Sách ngoại văn: Impact Ame Starter Student's Book + Spark Sticker (2nd Edition),416100,438000,5,0,0,0,Kate Adams,Cengage,Cengage Learning,9798214174464,Bìa mềm,,2023-12-21,Nhà sách Fahasa,available,1000,True,True,True
277978252,Sách ngoại văn: Voices Upper Intermediate B2: Student's Book With Spark Platform,369500,389000,5,0,0,0,Daniel Barber,Cengage,Cengage Learning,9780357458716,Bìa mềm,,2023-12-21,Nhà sách Fahasa,available,1000,True,True,True
277836930,Sách ngoại văn: Reach Higher 5A - Student's Book And Online Practice With eBook,623200,656000,5,0,0,1,Nancy Frey,Cengage,National Geographic,9780357571248,Bìa mềm,,2023-12-21,Nhà sách Fahasa,available,1000,True,True,True
277138800,Sách ngoại văn: Imagine Starter - Workbook (American English),217500,229000,5,0,0,0,VARIOS AUTORES,Cengage,Đang cập nhật,9780357541968,Bìa mềm,,2023-12-21,Nhà sách Fahasa,available,1000,True,True,True
276684927,Curious Kids Level 1 Activity Book With Digital Activity Book,197600,208000,5,0,0,0,"Donna Shaw,  Mark Ormerod",Fahasa,MacMillan,9781035123988,Bìa mềm,,2023-12-21,Nhà sách Fahasa,available,1000,True,True,True
276684752,American Grammar Goals: Student's Book Pack Level 5,312500,329000,5,0,0,0,"Angela Llanas,  Libby Williams",Fahasa,Macmillan Education,9781035137947,Bìa mềm,,2023-12-21,Nhà sách Fahasa,available,1000,True,True,True
276527789,Welcome To Our World 2 With The Spark Platform (2nd Edition),368600,388000,5,0,0,1,Jill O'Sullivan,Cengage,Heinle ELT,9780357638217,Bìa mềm,,2023-12-21,Nhà sách Fahasa,available,1000,True,True,True
275802743,Give Me Five! Level 5 Activity Book,163400,172000,5,0,0,0,"Donna Shaw,  Joanne Ramsden,  Rob Sved",Macmillan Publishers,Macmillan Education,9781380013804,Bìa mềm,,2023-12-21,Nhà sách Fahasa,available,1000,True,True,True
275005687,Reflect Reading & Writing 6: Student's Book With Online Practice And Student's eBook,452200,476000,5,0,0,0,...,Cengage,Cengage Learning,9780357448595,Bìa mềm,,2023-12-21,Nhà sách Fahasa,available,1000,True,True,True
274676990,Get Involved! B1 Student's Book With Student's App And Digital Student's Book,298300,314000,5,0,0,0,...,Đang cập nhật,Đang cập nhật,9781380068873,Bìa mềm,,2023-12-21,Nhà sách Fahasa,available,1000,True,True,True
274676396,Look Starter (BRE): Workbook With Online Practice Sticker Code,253600,267000,5,5,1,1,...,Đang cập nhật,Đang cập nhật,9780357122068,Bìa mềm,,2023-12-21,Nhà sách Fahasa,available,1000,True,True,True
274675093,My Disney Stars And Friends Level 1 Student's Book And eBook With Digital Resources,491100,517000,5,0,0,0,...,Đang cập nhật,Đang cập nhật,9781292395524,Bìa mềm,,2023-12-21,Nhà sách Fahasa,available,1000,True,True,True
274674521,Rise And Shine American Level 3 Workbook With Ebook,174800,184000,5,0,0,0,...,Đang cập nhật,Đang cập nhật,9781292398822,Bìa mềm,,2023-12-21,Nhà sách Fahasa,available,1000,True,True,True
274674164,Voices Beginner A1: Student's Book BRE + OLP/EBK CSTM (Vietnam Edition),303000,319000,5,0,0,4,...,Đang cập nhật,Đang cập nhật,9780357976159,Bìa mềm,,2023-12-21,Nhà sách Fahasa,available,1000,True,True,True
242718255,Look And See AME 1: Activity Book,208000,219000,5,0,0,1,Susannah Reed,Cengage,National Geographic,9780357381007,,,,Nhà sách Fahasa,available,1000,True,True,True
237626497,Gateway To The World A1+ Student's Book With Student's App And Digital Student's Book,420800,443000,5,0,0,15,David Spencer,Macmillan Publishers,Macmillan Education,9781380042309,,,,Nhà sách Fahasa,available,1000,True,True,True
212485252,Look And See AME 2 Activity Book,208000,219000,5,0,0,1,Susannah Reed,Cengage,National Geographic,9780357381090,,,,Nhà sách Fahasa,available,1000,True,True,True
212110158,Rise And Shine American Level 5 Workbook With ebook,174800,184000,5,0,0,0,,Pearson Education,Pearson Education,9781292398846,,,,Nhà sách Fahasa,available,1000,True,True,True
192988831,Max Maths Primary A Singapore Approach Grade 3 Workbook,340100,358000,5,0,0,0,,Macmillan Publishers,Macmillan Education,9781380017826,,,,Nhà sách Fahasa,available,1000,True,True,True
192951456,World Link 1 With My World Link Online Practice And Student's eBook (Sticker Code) - 4th Edition,520600,548000,5,0,0,1,Nancy Douglas,Cengage,Cengage Learning,9780357502143,,,,Nhà sách Fahasa,available,1000,True,True,True
179805674,Max Maths Primary A Singapore Approach Grade 2 Student Book,415100,437000,5,5,1,7,Tony Cotton,Macmillan Publishers,Macmillan Education,9781380012647,,,,Nhà sách Fahasa,available,1000,True,True,True
116877741,Our World 2nd Edition AME 5 Workbook,208000,219000,5,0,0,9,Scro Crandall Shin,Cengage,Cengage,9780357032404,,,,Nhà sách Fahasa,available,1000,True,True,True
97815210,Our World Starter Workbook 2nd Edition (American English),208000,219000,5,5,1,4,Diane Pinkley,Cengage,Cengage,9780357032350,,,,Nhà sách Fahasa,available,1000,True,True,True
94259905,Our World 2: Student's Book American English 2nd Edition,345800,364000,5,5,1,19,Gabrielle Pritchard,Cengage,Cengage,9780357373538,Bìa cứng,,2024-03-13,Nhà sách Fahasa,available,1000,True,True,True
49379297,Little Hands Student Book 2,345800,364000,5,5,1,1,Efuture Editor,"E-Future.Co.,Ltd","E-Future.Co.,Ltd",9791189906108,,,,Nhà sách Fahasa,available,1000,True,True,True
23436930,Doodle Town 3 AB,174800,184000,5,5,2,19,Linse Schottman,Macmillan Education Elt,,9780230487369,,,,Nhà sách Fahasa,available,1000,True,True,True
279247491,Sách ngoại văn: Sách Ngoại Văn - Compact B2 (3rd Edition),302100,318000,5,0,0,0,nhieu tac gia,Cambridge University Press,Cambridge University Press,1748248733577-cf,Bìa mềm,,2023-12-21,Nhà sách Fahasa,available,1000,True,True,True
279044078,Sách ngoại văn: Get Involved! American Edition Level 3 Student's Book With Student's App And Digital Student's Book,316300,333000,5,0,0,0,nhieu tac gia,Macmillan Publishers,Nhiều Nhà Xuất Bản,9781380072214,Bìa mềm,,2023-12-21,Nhà sách Fahasa,available,1000,True,True,True
279037570,Sách ngoại văn: New Close-up B2 - Teacher's Book (3rd Edition),714800,737000,3,0,0,0,nhieu tac gia,Cengage,Nhiều Nhà Xuất Bản,9780357434093,Bìa mềm,,2023-12-21,Nhà sách Fahasa,available,1000,True,True,True
279033242,Sách ngoại văn: The Story Garden 6 - Student's Book With Activities,290000,299000,3,0,0,0,nhieu tac gia,Fahasa,Nhiều Nhà Xuất Bản,9788853632821,Bìa mềm,,2023-12-21,Nhà sách Fahasa,available,1000,True,True,True
279033128,Sách ngoại văn: The Story Garden - Teacher’s Book 4 With Digital Code,340400,351000,3,0,0,0,nhieu tac gia,Fahasa,Nhiều Nhà Xuất Bản,9788853632869,Bìa mềm,,2023-12-21,Nhà sách Fahasa,available,1000,True,True,True
279032980,Sách ngoại văn: The Story Garden 3 - Student's Book With Activities,318100,328000,3,0,0,0,nhieu tac gia,Fahasa,Nhiều Nhà Xuất Bản,9788853632791,Bìa mềm,,2023-12-21,Nhà sách Fahasa,available,1000,True,True,True
279032806,Sách ngoại văn: Imagine Level 4 BRE Student Book With Spark Platform & e-Book,277400,292000,5,0,0,0,nhieu tac gia,Cengage,Nhiều Nhà Xuất Bản,9780357911693,Bìa mềm,,2023-12-21,Nhà sách Fahasa,available,1000,True,True,True
279032623,Sách ngoại văn: Ready For Planet English - Upper Intermediate - Workbook With Digital Book,226000,233000,3,0,0,0,nhieu tac gia,Fahasa,Nhiều Nhà Xuất Bản,9788853635334,Bìa mềm,,2023-12-21,Nhà sách Fahasa,available,1000,True,True,True
279032585,Sách ngoại văn: Ready For Planet English - Upper Intermediate - Teacher's Book Digital Book,383100,395000,3,0,0,0,nhieu tac gia,Fahasa,Nhiều Nhà Xuất Bản,9788853635341,Bìa mềm,,2023-12-21,Nhà sách Fahasa,available,1000,True,True,True
279032393,Sách ngoại văn: Ready For Planet English - Foundations - Teacher's Book Digital Book,383100,395000,3,0,0,0,nhieu tac gia,Fahasa,Nhiều Nhà Xuất Bản,9788853635259,Bìa mềm,,2023-12-21,Nhà sách Fahasa,available,1000,True,True,True
279031369,Sách ngoại văn: Global Stage Level 6 Literacy Book And Language Book With Navio App,970900,1001000,3,0,0,0,"Elaine Boyd,  Araminta Crace",Fahasa,Macmillan Education,9781380087256,Bìa mềm,,2023-12-21,Nhà sách Fahasa,available,1000,True,True,True
279030982,Sách ngoại văn: Share It! Workbook And Digital Workbook Level 6,278300,293000,5,0,0,0,Cheryl Pelteret,Fahasa,MacMillan,9781380069481,Bìa mềm,,2023-12-21,Nhà sách Fahasa,available,1000,True,True,True
279029795,Sách ngoại văn: Reach Higher 3A Practice Book,257000,265000,3,0,0,0,nhieu tac gia,Cengage,Nhiều Nhà Xuất Bản,9780357366882,Bìa mềm,,2023-12-21,Nhà sách Fahasa,available,1000,True,True,True
279029120,Sách ngoại văn: Reflect Listening & Speaking 3: Student's Book With Online Practice And Student's eBook,411300,433000,5,0,0,0,nhieu tac gia,Cengage,Nhiều Nhà Xuất Bản,9780357449196,Bìa mềm,,2023-12-21,Nhà sách Fahasa,available,1000,True,True,True
279028835,Sách ngoại văn: ESP Series - Flash On English For Commerce (2nd Edition),200700,207000,3,0,0,0,nhieu tac gia,Fahasa,Nhiều Nhà Xuất Bản,9788853621795,Bìa mềm,,2023-12-21,Nhà sách Fahasa,available,1000,True,True,True
279028817,Sách ngoại văn: Grammar Plus - B1 + Audio CD,217200,224000,3,0,0,0,nhieu tac gia,Fahasa,Nhiều Nhà Xuất Bản,9788853615305,Bìa mềm,,2023-12-21,Nhà sách Fahasa,available,1000,True,True,True
279027813,Sách ngoại văn: National Geographic Primary AME 1 Reader 9,95000,98000,3,0,0,0,Heinle,Cengage,Nhiều Nhà Xuất Bản,9781133730422,Bìa mềm,,2023-12-21,Nhà sách Fahasa,available,1000,True,True,True
279027581,Sách ngoại văn: Imagine Level 3: Workbook,197600,208000,5,0,0,0,Daniel Barber,Cengage,Nhiều Nhà Xuất Bản,9780357541920,Bìa mềm,,2023-12-21,Nhà sách Fahasa,available,1000,True,True,True
279027527,Sách ngoại văn: Imagine Level 4: Workbook,197600,208000,5,0,0,0,Daniel Barber,Cengage,Nhiều Nhà Xuất Bản,9780357541937,Bìa mềm,,2023-12-21,Nhà sách Fahasa,available,1000,True,True,True
279027509,Sách ngoại văn: MR Woman who Diss Intermediate ( no CD ),80500,83000,3,0,0,0,Mac Millan,Macmillan Publishers,Nhiều Nhà Xuất Bản,9780230035249,Bìa mềm,,2023-12-21,Nhà sách Fahasa,available,1000,True,True,True
279026619,Sách ngoại văn: Our Discovery Island American Wb4 W/Cd,111500,115000,3,0,0,0,Laura Miller and Jose Luis Morales,Pearson Education,Pearson,9781447900702,Bìa mềm,,2023-12-21,Nhà sách Fahasa,available,1000,True,True,True
278058345,Sách ngoại văn: Kid's Box New Generation - Pupil's Book With Ebook 2,367600,387000,5,0,0,1,"Caroline Nixon,  Michael Tomlinson",Cambridge University Press,Cambridge University Press,9781009824637,Bìa mềm,,2023-12-21,Nhà sách Fahasa,available,1000,True,True,True
277363165,Sách ngoại văn: Reflect Reading & Writing 2: Student's Book With Online Practice And Student's eBook,452200,476000,5,0,0,0,Kristin Donnalley Sherman,Cengage,Cengage Learning,9780357448557,Bìa mềm,,2023-12-21,Nhà sách Fahasa,available,1000,True,True,True
276684742,The Business 2.0 Pre-Intermediate Lvl Student’s Book with eBook and Resources,540200,557000,3,0,0,0,John Allison,Fahasa,MacMillan,9781035132096,Bìa mềm,,2023-12-21,Nhà sách Fahasa,available,1000,True,True,True
276546335,Grammar Goals Level 6 Pupil's Book With eBook (British Edition),290000,290000,0,0,0,0,"Angela Llanas,  Libby Williams",Fahasa,Macmillan _,9781035134953,Bìa mềm,,2023-12-21,Nhà sách Fahasa,available,1000,True,True,True
276016724,Cambridge Primary Mathematics Workbook 2 With Digital Access (1 Year) 2nd Edition,351100,372000,6,0,0,0,"Cherri Moseley,  Janet Rees",Cambridge University Press,Cambridge University Press,9781108746465,Bìa mềm,,2023-12-21,Nhà sách Fahasa,available,1000,True,True,True
275005472,Speakout A2 Workbook With Key (3rd Edition),283200,292000,3,0,0,2,Pearson Education,Pearson Education,Pearson Education,9781292399577,Bìa mềm,,2023-12-21,Nhà sách Fahasa,available,1000,True,True,True
263208288,Power Up Level 3 Activity Book With Online Resources And Home Booklet,348600,382000,9,5,1,8,"Caroline Nixon,  Michael Tomlinson",Cambridge University Press,Cambridge University Press,9781108430074,,,,Nhà sách Fahasa,available,1000,True,True,True
192989111,Hot Spot 2 Student Book & CD-ROM Pack,266700,275000,3,0,0,0,"Katherine Stannet,  Colin Granger",Macmillan Publishers,Macmillan _,9780230723757,,,,Nhà sách Fahasa,available,1000,True,True,True
191780439,Power Up Level 4 Activity Book With Online Resources And Home Booklet,348600,382000,9,0,0,12,"Caroline Nixon,  Michael Tomlinson",Cambridge University Press,Cambridge University Press,9781108430142,,,,Nhà sách Fahasa,available,1000,True,True,True
191779543,Power Up Level 5 Activity Book With Online Resources And Home Booklet,348600,382000,9,0,0,1,"Melanie Starren,  Caroline Nixon Michael Tomlinson",Cambridge University Press,Cambridge University Press,9781108430210,,,,Nhà sách Fahasa,available,1000,True,True,True
116567237,Shape It! Level 2 Student's Book With Practice Extra,584900,603000,3,0,0,0,"Claire Thacker,  Stuart Cochrane,  Andrew Reid Daniel Vincent",Cambridge University Press,Cambridge University Press,9781108847025,,,,Nhà sách Fahasa,available,1000,True,True,True
116567197,Gold Experience 2nd Edition Teacher's Resource Book Level B1,788600,894000,12,0,0,0,Pearson,Pearson Education,Pearson,9781292194615,,,,Nhà sách Fahasa,available,1000,True,True,True
116566909,Language Hub Upper Intermediate Teacher's Book With Navio App,1102800,1251000,12,0,0,0,Charlotte Rance,Macmillan Publishers,Macmillan Education,9781380017321,,,,Nhà sách Fahasa,available,1000,True,True,True
80366001,Cutting Edge Elementary Teacher's Book with Teacher's Resources Disk Pack,516000,585000,12,0,0,1,"Sarah Cunningham, Peter Moor, Stephen Greene",Pearson Education,Pearson Longman,9781447936862,,,,Nhà sách Fahasa,available,1000,True,True,True
58711232,Prepare B1 Level 5 Workbook with Audio Download,127000,131000,3,5,4,29,"Helen, Chilton",Cambridge University Press,Cambridge University Press,9781108919340,,,,Nhà sách Fahasa,available,1000,True,True,True
58711212,Prepare B1 Level 4 Workbook With Audio Download,127000,131000,3,5,8,61,Gareth Jones,Cambridge University Press,Cambridge University Press,9781108919319,,,,Nhà sách Fahasa,available,1000,True,True,True
58710896,Prepare A1 Level 1 Workbook With Audio Download,127000,131000,3,5,4,131,Garan Holcombe,Cambridge University Press,Cambridge University Press,9781108919272,,,,Nhà sách Fahasa,available,1000,True,True,True
25204169,Our Discovery Island American Picture Cards 5,1079600,1224000,12,0,0,0,Pearson,Pearson,,9781447900399,,,,Nhà sách Fahasa,available,1000,True,False,True
25201919,Connect SB2  Reprint Edition,89200,101000,12,0,0,0,"Jack C Richards,  Carlos Barbisan,  Chuck Sandy",Cambridge,Đang cập nhật,9780521676045,,,,Nhà sách Fahasa,available,1000,True,True,True
