id,customer_id,product_id,rating,title,content,status,thank_count,comment_count,images,seller_id,seller_name,delivery_rating
20113045,292688,274385011,5,Cực kì hài lòng,,approved,0,0,[],1.0,Tiki Trading,[]
20101081,310398,274385011,5,Cực kì hài lòng,,approved,0,1,[],1.0,Tiki Trading,[]
19875780,7357978,274384890,5,Cực kì hài lòng,,approved,0,1,[],1.0,Tiki Trading,"[{'question': 'Thời gian giao hàng?', 'option': 'Giao đúng hẹn'}, {'question': 'Thái độ của shipper?', 'option': 'Lịch sự'}, {'question': 'Giờ giao hàng?', 'option': 'Có hẹn giờ trước'}, {'question': 'Cách đóng gói sản phẩm?', 'option': 'Cẩn thận'}]"
20130357,17551185,274384884,5,Cực kì hài lòng,,approved,0,0,[],1.0,Tiki Trading,[]
19984172,11707856,274384884,5,Cực kì hài lòng,,approved,0,1,[],1.0,Tiki Trading,[]
20091443,11707856,274384877,5,Cực kì hài lòng,,approved,0,1,[],1.0,Tiki Trading,"[{'question': 'Thời gian giao hàng?', 'option': 'Giao đúng hẹn'}, {'question': 'Thái độ của shipper?', 'option': 'Lịch sự'}, {'question': 'Giờ giao hàng?', 'option': 'Có hẹn giờ trước'}, {'question': 'Cách đóng gói sản phẩm?', 'option': 'Cẩn thận'}]"
20133280,29784173,274142576,5,Cực kì hài lòng,,approved,0,0,[],229023.0,Nhà Sách Phương Nam,[]
19911236,10600265,273323495,5,Cực kì hài lòng,"Nội dung thì không phải bàn tới
Sách khá mỏng, nhỏ nhẹ hơn tui tưởng tượng
Chữ hơi nhỏ nhưng đọc vẫn okay

Mà không có bookcare",approved,0,0,[],229023.0,Nhà Sách Phương Nam,[]
19828454,10936152,273323495,5,Cực kì hài lòng,,approved,0,0,[],229023.0,Nhà Sách Phương Nam,"[{'question': 'Thời gian giao hàng?', 'option': 'Giao đúng hẹn'}, {'question': 'Thái độ của shipper?', 'option': 'Lịch sự'}, {'question': 'Giờ giao hàng?', 'option': 'Có hẹn giờ trước'}, {'question': 'Cách đóng gói sản phẩm?', 'option': 'Cẩn thận'}]"
12557053,5765295,43751914,3,Bình thường,"tạm 
hơi hụt hẫng vì sách ko xịn như mong đợi, khá cũ có lẽ tồn kho lâu rồi :) và sách hơi ẩm nữa :) chất giấy tạm thôi với bìa khá mỏng :) lần này đặt hàng tiki ko như mong đợi lắm :)",approved,1,2,"[{'id': 2580520, 'full_path': 'https://salt.tikicdn.com/ts/review/63/3d/d5/676d8beb7abf119c2c53d83ba220bcb6.jpg', 'status': 'approved'}, {'id': 2580521, 'full_path': 'https://salt.tikicdn.com/ts/review/46/68/b8/8a07eb67fe15e140baa5f0afdb706c09.jpg', 'status': 'approved'}, {'id': 2580522, 'full_path': 'https://salt.tikicdn.com/ts/review/3b/e6/7c/4b4de78cfaa132329842d13f13e4da78.jpg', 'status': 'approved'}]",1.0,Tiki Trading,[]
15918804,18522536,43751914,5,Cực kì hài lòng,"sách xinh, hơi bụi, giao hàng nhanh, rất dày nhưng gáy tốt, nói chung là ổn
xem phim xong mình mua sách ngay luôn :>>",approved,1,0,"[{'id': 3357907, 'full_path': 'https://salt.tikicdn.com/ts/review/aa/46/a5/0464d2e3e2cbc64b54e82d87c7fe2d15.jpg', 'status': 'approved'}]",1.0,Tiki Trading,[]
11113318,6698579,43751914,5,Cực kì hài lòng,"giao hàng cực nhanh, mới đặt lúc trưa mà chiều giao đến rồi, bìa đẹp, nội dung thì hay khỏi bàn rồi :3",approved,0,1,"[{'id': 2283165, 'full_path': 'https://salt.tikicdn.com/ts/review/4f/64/a8/c2a4c0abd3d40ef94a4f852ef4a063e0.jpg', 'status': 'approved'}]",1.0,Tiki Trading,[]
12527820,18801140,43751914,5,Cực kì hài lòng,"Tác phẩm rất dày, hàng khi giao hộp hay méo nhưng sách vẫn giữ nguyên chất lượng",approved,0,0,"[{'id': 2574064, 'full_path': 'https://salt.tikicdn.com/ts/review/98/2f/f7/bf1a98af168cde20d7661ab428b0787b.jpg', 'status': 'approved'}]",1.0,Tiki Trading,[]
14695334,23112690,43751914,5,Cực kì hài lòng,"Vì thích quá quá nên mua 
Đang chờ bản tiếng Việt",approved,0,0,"[{'id': 3696472, 'full_path': 'https://salt.tikicdn.com/ts/review/b1/a5/61/22e7618d500778b941b96ee36e8ba000.jpg', 'status': 'approved'}]",1.0,Tiki Trading,[]
13047181,2687032,43751914,1,Rất không hài lòng,"Bìa sách bẩn, nhìn gáy sách bị nát",approved,0,0,[],1.0,Tiki Trading,[]
15742421,1225646,43751914,5,Cực kì hài lòng,,approved,0,0,[],1.0,Tiki Trading,[]
12746448,13363948,43751914,5,Cực kì hài lòng,sách dày quá trời 😳,approved,0,0,[],1.0,Tiki Trading,[]
12856673,7662790,43751914,5,Cực kì hài lòng,sách hay và đẹp,approved,0,2,[],1.0,Tiki Trading,[]
12962677,697507,43751914,4,Hài lòng,,approved,1,0,[],1.0,Tiki Trading,[]
12616200,19587969,43751914,4,Hài lòng,...,approved,0,0,[],1.0,Tiki Trading,[]
12740005,624102,43751914,5,Cực kì hài lòng,,approved,0,1,[],1.0,Tiki Trading,[]
12526889,12041586,43751914,5,Cực kì hài lòng,,approved,0,0,[],1.0,Tiki Trading,[]
12465552,18520079,43751914,5,Cực kì hài lòng,,approved,0,0,[],1.0,Tiki Trading,[]
12500161,23631869,14977758,5,Cực kì hài lòng,,approved,0,0,[],1231.0,Xunhasaba Thế giới Sách Ngoại văn,[]
19859048,643382,8849990,5,Cực kì hài lòng,,approved,0,0,[],53660.0,Nhà sách Fahasa,[]
2871791,6139913,8849990,3,"Sách cũ, khá nhiều bụi và nếp","Sách cũ, bụi bám. Nát. Sách bìa ngoài có nếp gấp hơi thiếu thẩm mỹ",approved,4,2,[],1.0,Tiki Trading,[]
20221156,8070214,2848367,1,Rất không hài lòng,Đặt Origin giao Digital Fortress,approved,0,1,[],6337.0,Foreignbooks,[]
11535780,4608,2848367,5,Cực kì hài lòng,"Sách nhỏ gọn bằng bàn tay mình thôi. Giây kiểu cổ ý đọc không chói mắt. Nhiều bạn bảo giấy mỏng nhưng mình thấy ổn chấp nhận được. 
Nội dung hay.",approved,0,0,"[{'id': 2366842, 'full_path': 'https://salt.tikicdn.com/ts/review/ea/70/8d/9eaa4f62951cb3aea50881fef7f03199.jpg', 'status': 'approved'}, {'id': 2366843, 'full_path': 'https://salt.tikicdn.com/ts/review/6b/b5/13/6fbe36ae1b87ae45575dc7a89dbb7de4.jpg', 'status': 'approved'}, {'id': 2366844, 'full_path': 'https://salt.tikicdn.com/ts/review/50/73/99/e3df239052806dbc88e70879b26f7ec0.jpg', 'status': 'approved'}, {'id': 2366845, 'full_path': 'https://salt.tikicdn.com/ts/review/73/e6/34/0de32abb32a2d878d199bf8b67bdca87.jpg', 'status': 'approved'}, {'id': 2366846, 'full_path': 'https://salt.tikicdn.com/ts/review/25/cd/48/131d3044a2d5ea5d6d2563f1e8e80000.jpg', 'status': 'approved'}]",1.0,Tiki Trading,[]
10979351,15471922,2848367,2,Không hài lòng,"Sách của tiki trading thì khỏi nói. Gói hàng không hề có bookcare. Sách thì cũ, phần chữ nổi trên bìa cũng tróc. Nói chung là tiki trading nên chú ý hơn. Đặt fahasa xong đặt tiki trading thất vọng quá!",approved,0,0,"[{'id': 2253656, 'full_path': 'https://salt.tikicdn.com/ts/review/48/4b/fd/5b69b500ba4c5863352a85bd2a9832e6.jpg', 'status': 'approved'}, {'id': 2253657, 'full_path': 'https://salt.tikicdn.com/ts/review/7a/5c/2e/6a26098433bc57700dfe6c66a420d6cb.jpg', 'status': 'approved'}, {'id': 2253658, 'full_path': 'https://salt.tikicdn.com/ts/review/c5/eb/c8/f179f4659d15b061cd71b64e13810d5a.jpg', 'status': 'approved'}]",1.0,Tiki Trading,[]
2426661,1976992,2848367,2,Sách bị sờn gáy,Gáy sách bị sờn và một số chữ ở bìa hơi bị sướt (như hình gửi) nên nhìn ko được mới lắm. Lý do theo mình là do Tiki cho sách vào hộp to quá nên khi vận chuyển sách bị va vào hộp. Mình góp ý với Tiki là nên gói (bọc sách lại) trước khi cho vào hộp thì sẽ bảo quản tốt hơn khi vận chuyển.,approved,3,1,"[{'id': 551588, 'full_path': 'https://salt.tikicdn.com/ts/review/38/3e/2a/70767945209098f38916b3082d8ecfbb.jpg', 'status': 'approved'}, {'id': 551589, 'full_path': 'https://salt.tikicdn.com/ts/review/f7/3b/90/8c8b4e37fd2f0d52b888c988873ce3dd.jpg', 'status': 'approved'}, {'id': 551590, 'full_path': 'https://salt.tikicdn.com/ts/review/7a/11/97/ccc7117e46ecc80f5b040fc66a5f7f06.jpg', 'status': 'approved'}, {'id': 551591, 'full_path': 'https://salt.tikicdn.com/ts/review/6e/12/56/ed1836dcf57b9588745eab2e7480aabd.jpg', 'status': 'approved'}]",1.0,Tiki Trading,[]
4883736,1409456,2848367,3,đóng gói cẩu thả,"sách của tiki trading thì chán khỏi nói. cuốn sách mỏng manh lại chẳng đóng gói kĩ, cứ nguyên cuốn sách quăng vào hộp. 
khách nhận đc thì móp méo quăn góc các kiểu. 
chỉ có nhà sách Fahasa là gói sách cẩn thận thôi",approved,1,0,"[{'id': 1192596, 'full_path': 'https://salt.tikicdn.com/ts/review/6a/16/4f/ed2d038bf9ef823dce4d934eb79c76a2.jpg', 'status': 'approved'}, {'id': 1192597, 'full_path': 'https://salt.tikicdn.com/ts/review/82/2c/11/b0ae95bffe541ebac6f45b2089004629.jpg', 'status': 'approved'}]",1.0,Tiki Trading,[]
3067704,10582760,2848367,5,Cực kì hài lòng,"Lần đầu tiên thử sức với bản gốc của Dan Brown nhưng có vẻ cũng Ko quá khó khăn. Chỉ cần cố gắng tra khoảng 3-4 từ trong mỗi trang là có thể hiểu được. Mới đọc có vài chương đầu nên chưa thể so sánh với các truyện khác của Dan.
Sách nhỏ gọn, giấy đen chống loá, rất ưng.",approved,1,0,"[{'id': 847413, 'full_path': 'https://salt.tikicdn.com/ts/review/9e/52/11/36e87f55e68fc22826e513f920d8eccf.jpg', 'status': 'approved'}]",1.0,Tiki Trading,[]
10102676,21176001,2848367,5,Cực kì hài lòng,"mình đã đọc review và biết sách là chất giấy cũ, anyway mọi thứ khác đều tốt và đặc biệt là Tiki gianh rất nhanh nên khá ưng, kịp cho mùa dịch không mấy bận rộn.",approved,0,0,"[{'id': 2060524, 'full_path': 'https://salt.tikicdn.com/ts/review/c6/6d/95/412bc9f79d1bcf7508e659fa8b9c1ede.jpg', 'status': 'approved'}]",1.0,Tiki Trading,[]
11405929,1933632,2848367,5,Cực kì hài lòng,"Chất giấy dày, nhưng mình hơi ngạc nhiên là quyển tiếng việt của nó to gấp rưỡi bản tiếng anh luôn á, tưởng dịch qua thì kích thước sêm sêm nhau thôi",approved,0,0,"[{'id': 2587695, 'full_path': 'https://salt.tikicdn.com/ts/review/41/bd/29/6d109b5cb6d6de9c54594ec079ce838c.jpg', 'status': 'approved'}]",1.0,Tiki Trading,[]
8078311,17425642,2848367,1,Rất không hài lòng,"bìa rất cũ, các trang sách có các điểm gấp nếp như đánh dấu, đã qua sử dụng rồi, mình ord liền 6 7 quyển, các quyển khác k bọc riêng quyển này đc bọc kĩ, như vậy tiki cố tình",approved,0,1,"[{'id': 1645767, 'full_path': 'https://salt.tikicdn.com/ts/review/5c/ab/1e/a2691ed37ff12ce842680b76f179b97c.jpg', 'status': 'approved'}]",1.0,Tiki Trading,[]
8527815,63073,2848367,3,Bình thường,"Bản nhỏ nhé, giấy rất mỏng, có vẻ hơi cũ và xước nhiều ở bìa. Bản thân mình nghĩ là bản tiếng anh rồi nên có sự đầu tư hơn về giấy để có 1 cuốn sách chất lượng",approved,0,0,"[{'id': 1719754, 'full_path': 'https://salt.tikicdn.com/ts/review/e7/26/59/bef3cba3c114756c9a8ad64ff804ba81.jpg', 'status': 'approved'}]",1.0,Tiki Trading,[]
4547265,1845561,2848367,5,Giao hàng nhanh,"Sách này là bìa mỏng mềm, khuyên các bạn muốn sách giao tận tay đẹp mới nên mua gói book care của TIKI nhé. Mua gói 100 cái book care xài chừng nào mới hết. Mình mới nhận hàng chiều nay, có book care bọc sách đẹp, không cong, không gãy bìa gì cả.",approved,0,0,[],1.0,Tiki Trading,[]
8366238,7770475,2848367,5,Cực kì hài lòng,"Fahasa dạo này giao hàng khá nhanh, 2 ngày đã tới nơi, sách được đóng gói kỹ càng, hộp, sách đều không bị móp méo",approved,0,0,"[{'id': 1690963, 'full_path': 'https://salt.tikicdn.com/ts/review/84/ba/89/8c6bfcd81d364d807d6d45e865bebad5.jpg', 'status': 'approved'}, {'id': 1690964, 'full_path': 'https://salt.tikicdn.com/ts/review/3f/22/2f/b73d6320f13bba66f006f1746e611414.jpg', 'status': 'approved'}]",53660.0,Nhà sách Fahasa,[]
14117371,1259563,2848367,5,Cực kì hài lòng,"Sách khổ vừa cầm 1 tay, giấy màu nâu hơi mỏng nhưng nội dung vẫn dễ xem. Chắc luyện cả tháng mới xong cực phẩm này.",approved,0,0,[],1.0,Tiki Trading,[]
12647555,16119396,2848367,5,Cực kì hài lòng,"Đọc nguyên bản tiếng Anh luôn khiến mình tưởng tượng phong phú hơn và học được thêm những câu hay, từ vựng hữu ích.",approved,0,0,[],1.0,Tiki Trading,[]
19112972,1211276,2848367,5,Cực kì hài lòng,,approved,0,0,[],53660.0,Nhà sách Fahasa,[]
19038391,1671990,2848367,5,Cực kì hài lòng,,approved,0,0,[],246565.0,8xPub Store,[]
8687314,21042472,2848367,1,Rất không hài lòng,"Bìa sách bị gãy dập, sách dơ cũ",approved,0,0,"[{'id': 1752626, 'full_path': 'https://salt.tikicdn.com/ts/review/55/d9/b6/80def3719bb1653e510de5905c6de78c.jpg', 'status': 'approved'}, {'id': 1752627, 'full_path': 'https://salt.tikicdn.com/ts/review/44/cb/06/0233cadbc8ab21cae485c060a3348a85.jpg', 'status': 'approved'}, {'id': 1752628, 'full_path': 'https://salt.tikicdn.com/ts/review/00/2c/31/57291516bf9dd75fe41ae4f3191c5806.jpg', 'status': 'approved'}]",1.0,Tiki Trading,[]
18464363,15432859,2848367,5,Cực kì hài lòng,,approved,0,0,[],6337.0,Foreignbooks,[]
13592912,10773349,2848367,5,Cực kì hài lòng,"sản phẩm tốt lắm, đóng gói tốt và giao nhanh",approved,0,0,"[{'id': 2839632, 'full_path': 'https://salt.tikicdn.com/ts/review/69/ef/c9/b5458d99083797df253716497de55cfd.jpg', 'status': 'approved'}]",1.0,Tiki Trading,[]
9180926,7054699,2848367,5,Cực kì hài lòng,"Nhận được sách nhanh hơn mong đợi. Sách bọc cẩn thận. Hộp không móp méo. 
Nội dung sách thì rất ổn. Ổn hơn so với Inferno.",approved,0,0,[],53660.0,Nhà sách Fahasa,[]
18200095,9271500,2848367,5,Cực kì hài lòng,,approved,0,0,[],6337.0,Foreignbooks,[]
5655867,7765042,2848367,5,Cực kì hài lòng,,approved,0,2,"[{'id': 1312580, 'full_path': 'https://salt.tikicdn.com/ts/review/a7/d2/f3/0608615aad461fc99a2a809f3e06ac8b.jpg', 'status': 'approved'}, {'id': 1312581, 'full_path': 'https://salt.tikicdn.com/ts/review/5f/75/2a/60401a47fcfc14f20e300fc0c18458eb.jpg', 'status': 'approved'}, {'id': 1312582, 'full_path': 'https://salt.tikicdn.com/ts/review/3c/ba/72/d5773207046d33925da38daa6ffea8de.jpg', 'status': 'approved'}, {'id': 1312583, 'full_path': 'https://salt.tikicdn.com/ts/review/c5/cf/f4/73ff491f195bbd9c80ee06221270bec7.jpg', 'status': 'approved'}]",1.0,Tiki Trading,[]
5258353,15421357,2848367,4,Hài lòng,sách mới. hàng đx đóng gói cẩn thận,approved,0,0,"[{'id': 1247245, 'full_path': 'https://salt.tikicdn.com/ts/review/ba/90/9b/17d7bddae2c2e2c78ba54920cf9ea907.jpg', 'status': 'approved'}, {'id': 1247246, 'full_path': 'https://salt.tikicdn.com/ts/review/1e/ff/77/3b3a84e7ce86d6705be8e5b482a009da.jpg', 'status': 'approved'}, {'id': 1247247, 'full_path': 'https://salt.tikicdn.com/ts/review/b0/53/5f/2a959521efc6076587cc02a0f9c6d77b.jpg', 'status': 'approved'}]",53660.0,Nhà sách Fahasa,[]
17176180,1014635,2848367,5,Cực kì hài lòng,,approved,0,0,[],246565.0,8xPub Store,[]
9144814,20180391,2848367,5,Cực kì hài lòng,"giao hàng nhanh, fahasa đóng gói rất cẩn thận, mãi yêu fahasa",approved,0,0,"[{'id': 1835276, 'full_path': 'https://salt.tikicdn.com/ts/review/9f/18/45/75e7211aded283c4838a658c1fa0874b.jpg', 'status': 'approved'}]",53660.0,Nhà sách Fahasa,[]
1942656,27589,2848367,5,Siêu hạnh phúc,"Lúc đầu đọc nhiều nhận xét sách nhăn bìa rất lo vì mình muốn sách phải trong tình trang tốt nhất để có thể sưu tập. Nhưng lúc nhận được sách thì siêu hài lòng vì sách trong tình trạng rất hoàn hảo, rất đáng công chờ đợi lúc nhận sách.",approved,0,0,"[{'id': 332372, 'full_path': 'https://salt.tikicdn.com/ts/review/71/3a/ff/a7d679745006feb95ad7b60c9a8fd545.jpg', 'status': 'approved'}]",1.0,Tiki Trading,[]
13347307,23916290,2848367,5,Cực kì hài lòng,"Tuyệt vời. Sách đẹp, nội dung cần tìm",approved,0,0,[],1.0,Tiki Trading,[]
9541886,2045179,2848367,5,Cực kì hài lòng,Mình mua nhầm sách tiếng Anh nên ko đọc được. Đành fai đặt lại bản tiếng Việt,approved,0,0,[],1.0,Tiki Trading,[]
13605643,1158613,2848367,5,Cực kì hài lòng,,approved,0,0,"[{'id': 2842270, 'full_path': 'https://salt.tikicdn.com/ts/review/63/93/41/d5b99d62fe4d57701f3bdd47a423943c.jpg', 'status': 'approved'}]",6337.0,Foreignbooks,[]
4237064,5504506,2848367,4,Hài lòng,"sách bị đâm rách ở gáy, có thể do lỗi của bên bán hàng, không phải của bên vận chuyển
đề nghị tiki lưu ý hơn khi nhận hàng từ hiệu sách",approved,0,0,[],53660.0,Nhà sách Fahasa,[]
13980974,26057610,2848367,3,Bình thường,tạm ổn tróc bìa nhiều.......,approved,0,0,[],1.0,Tiki Trading,[]
9335083,6209559,2848367,5,Cực kì hài lòng,"Sách đẹp, nhẹ lắm cả nhà ạ ?",approved,0,0,"[{'id': 1880829, 'full_path': 'https://salt.tikicdn.com/ts/review/43/29/2d/87fc27aea71e389a410e88b95a2015d0.jpg', 'status': 'approved'}]",53660.0,Nhà sách Fahasa,[]
1696986,712615,2848367,5,Cải thiện cách đóng gói,"Sách hay, giấy tốt, trọng lượng nhẹ. 
Góp ý cho Tiki: do sách là bìa mềm nên mình nghĩ Tiki nên bọc giấy hoặc màng co xung quanh sách trước khi cho vào hộp giao hàng. Sách mình nhận được ko có gói bọc gì quanh sách nên khi vận chuyển trong hộp thì bị gập bìa và hết chục trang bị quăn. Mong Tiki rút kinh nghiệm. Thân.",approved,11,4,[],6337.0,Foreignbooks,[]
15019566,19221712,2848367,5,Cực kì hài lòng,,approved,0,0,[],1.0,Tiki Trading,[]
13983194,19763270,2848367,5,Cực kì hài lòng,giao hàng nhanh,approved,0,0,[],1.0,Tiki Trading,[]
13083682,1900069,2848367,4,Hài lòng,Chưa xem,approved,0,0,[],1.0,Tiki Trading,[]
9754864,12079141,2848367,3,Bình thường,"Sách bé, giấy cũ. Tạm ổn. Sẽ không mua lại",approved,0,0,[],1.0,Tiki Trading,[]
2105971,11359129,2848367,1,Tiki bán sách lậu,"Ngày trước hay mua bên fahasa, nay mua lần đầu bên tiki ham rẻ thế là dính ngay quả báo. Sách giấy quá xấu, bìa lại mềm, kiểu như hàng photo ngoài chợ. Đóng gói cẩu thả,  quá thất vọng. Nên học tập bên fahasa nhé!",approved,0,0,[],6337.0,Foreignbooks,[]
8615752,6255659,2848367,1,Rất không hài lòng,"Sách nhăn nhúm nhưng đồ bỏ
Ship thì thất lạc hàng",approved,0,0,[],1.0,Tiki Trading,[]
2206560,6551453,2848367,2,Sách rất cũ,"Bìa cũ, nát, gãy góc nhiều. Rất không hài lòng!!!!!!",approved,0,1,"[{'id': 437658, 'full_path': 'https://salt.tikicdn.com/ts/review/41/6c/f8/f504d4e4df588b38b22073389acb3758.jpg', 'status': 'approved'}, {'id': 437659, 'full_path': 'https://salt.tikicdn.com/ts/review/52/33/44/12b3c480ee18f89cfe0b43c205a54bdb.jpg', 'status': 'approved'}, {'id': 437660, 'full_path': 'https://salt.tikicdn.com/ts/review/1b/86/a5/325be24cecfa40af1dd66b2ee4d5a8c4.jpg', 'status': 'approved'}, {'id': 437661, 'full_path': 'https://salt.tikicdn.com/ts/review/3c/50/30/b7b600253c3525fdf1eec3a814e3a21f.jpg', 'status': 'approved'}]",1.0,Tiki Trading,[]
12721113,8085448,2848367,5,Cực kì hài lòng,,approved,0,0,[],1.0,Tiki Trading,[]
12421403,6923717,2848367,5,Cực kì hài lòng,Good,approved,0,0,[],1.0,Tiki Trading,[]
12670535,1577633,2848367,5,Cực kì hài lòng,,approved,0,0,[],1.0,Tiki Trading,[]
12534930,536671,2848367,5,Cực kì hài lòng,,approved,0,0,[],1.0,Tiki Trading,[]
8417837,19161948,2848367,1,Rất không hài lòng,"Sách bị sờn gáy, vàng, chất lượng rất kém.",approved,0,1,[],1.0,Tiki Trading,[]
12465902,5516950,2848367,5,Cực kì hài lòng,,approved,0,0,[],1.0,Tiki Trading,[]
12464450,18988303,2848367,5,Cực kì hài lòng,,approved,0,0,[],1.0,Tiki Trading,[]
9853778,1937991,2848367,5,Cực kì hài lòng,Rẻ hơn cả sách Tiếng Việt,approved,0,0,[],1.0,Tiki Trading,[]
2382550,885947,2848367,3,Nội dung sách hay nhưng hình thức thì đúng là không được ổn,"Nội dung sách thì không phải bàn, tuy nhiên gần đây sách tiki có vẻ bảo quản, vận chuyển không được tốt nên hình thức khá tệ. Lần này mình giữ lại để đọc.",approved,1,0,[],1.0,Tiki Trading,[]
9195130,20938763,2848367,2,Không hài lòng,"Sách nhìn cũ, dơ và bị gãy góc",approved,0,0,[],1.0,Tiki Trading,[]
8634994,982529,2848367,5,Cực kì hài lòng,,approved,0,0,"[{'id': 1741083, 'full_path': 'https://salt.tikicdn.com/ts/review/01/95/a3/d723ba32f87b1389881f16bb2d6e9ebb.jpg', 'status': 'approved'}]",53660.0,Nhà sách Fahasa,[]
8896408,21186677,2848367,5,Cực kì hài lòng,"Giao nhanh, đóng gói rất tốt",approved,0,0,[],1.0,Tiki Trading,[]
11596593,11527644,2848367,5,Cực kì hài lòng,,approved,0,0,[],1.0,Tiki Trading,[]
11126391,21516598,2848367,5,Cực kì hài lòng,,approved,0,0,[],1.0,Tiki Trading,[]
2204388,294697,2848367,5,Rất thích nhưng trừ nữa * cho bìa sách.,"Sách nội dung rất hay. Quyển nhỏ gọn dễ đem theo người. Nhưng trừ 1 nữa sao do bìa mềm quá, dễ te tua, mình phải lấy băng keo dán mặt bìa để bảo quản sách cho đẹp.",approved,0,0,[],1.0,Tiki Trading,[]
2153142,11444025,2848367,2,Không hài lòng,"đóng gói ko cẩn thận, sách bị dập góc. Rất thất vọng. Mình mua làm quà mà sách lại như sách cũ.",approved,1,1,"[{'id': 415005, 'full_path': 'https://salt.tikicdn.com/ts/review/8e/f7/b4/c982f89dc95913e82858217f6c743c43.jpg', 'status': 'approved'}, {'id': 415006, 'full_path': 'https://salt.tikicdn.com/ts/review/17/a6/b4/7de5c3c6cf7419b274b1e07fd36f2208.jpg', 'status': 'approved'}]",1.0,Tiki Trading,[]
2325329,5379083,2848367,1,"thất vọng, 1 sao cho chất lượng","đây là tác phẩm nổi tiếng thế giới nên về nội dung thì không có gì bàn cãi nhưng về chất lượng của sản phẩm quá thấp kém "" giá mới sách cũ""",approved,0,1,[],1.0,Tiki Trading,[]
9791702,765249,2848367,5,Cực kì hài lòng,,approved,0,0,[],1.0,Tiki Trading,[]
9783149,8810214,2848367,5,Cực kì hài lòng,,approved,0,0,[],1.0,Tiki Trading,[]
2266152,9609420,2848367,1,chất lượng bìa và giấy quá kém so với mong đợi,nếu bạn nào định mua thì nên xem xét lại vì sẽ làm xấu kệ sách của bạn đọc xong sách có lẽ bìa hư luôn nên mình phải bọc lại,approved,0,0,[],1.0,Tiki Trading,[]
7623779,30317,2848367,5,Cực kì hài lòng,,approved,0,0,[],1.0,Tiki Trading,[]
3469858,5529153,2848367,5,Cực kì hài lòng,Tuyệt vời!!!!!!!!!!!!!!!!,approved,1,0,"[{'id': 971820, 'full_path': 'https://salt.tikicdn.com/ts/review/af/07/5f/3ca99aaf76195aa5b155456695e027a1.jpg', 'status': 'approved'}]",1.0,Tiki Trading,[]
7051703,2000564,2848367,5,Cực kì hài lòng,,approved,0,0,[],1.0,Tiki Trading,[]
6811080,11694133,2848367,5,Cực kì hài lòng,,approved,0,0,[],1.0,Tiki Trading,[]
6705188,9667486,2848367,3,Bình thường,,approved,0,0,[],1.0,Tiki Trading,[]
1921119,5470710,2848367,1,sách nhăn,không chấp nhận được.. sách nhăn nhúm tất cả các góc..tình trạng sách rất tệ.. mọi người cân nhắc trước khi mua. Sách cỡ bỏ túi,approved,2,1,"[{'id': 324422, 'full_path': 'https://salt.tikicdn.com/ts/review/9a/85/eb/306650f57993aca962bf6d5295b8d00e.jpg', 'status': 'approved'}]",1.0,Tiki Trading,[]
6263337,1805908,2848367,5,Cực kì hài lòng,,approved,0,0,[],1.0,Tiki Trading,[]
6213517,638302,2848367,5,Cực kì hài lòng,,approved,0,0,[],1.0,Tiki Trading,[]
2578286,1326120,2848367,5,Sách hay,"Mua trong đợt giảm giá. Hình thức ổn, nội dung hấp dẫn, có nhiều thông tin bổ ích.",approved,0,0,[],1.0,Tiki Trading,[]
2529237,7372547,2848367,3,Như sách cũ vậy,"Mình chưa đọc đến, nhận được cuốn sách như sách cũ vậy. Bìa mỏng và xước.",approved,0,0,[],1.0,Tiki Trading,[]
5215714,12824678,2848367,4,Hài lòng,,approved,0,0,[],53660.0,Nhà sách Fahasa,[]
4538502,17944112,2848367,5,Cực kì hài lòng,,approved,0,0,[],1.0,Tiki Trading,[]
1963720,499983,2848367,1,Ko đóng gói cẩn thận,"Sách tiếng Anh, mọi người cân nhắc trước khi mua, sách ko đc bọc kỹ khi chuyển phát nên bị nát ở các cạnh",approved,2,1,[],1.0,Tiki Trading,[]
2047537,1366389,2848367,4,sách hay nhưng bìa sách giống như sách cũ.,sách hay nhưng bìa sách giống như sách cũ. Đọc hết rồi thì bìa cũng nát theo luôn,approved,1,1,[],1.0,Tiki Trading,[]
1975490,5186070,2848367,5,Sách Ngoại Văn,Nội dung sách thì khỏi bàn. Ko hiểu sao mấy người trong mục đánh giá nội dung sách lại vì sách Tiếng Anh mà cho 1 sao 2 sao nhỉ,approved,7,0,[],,,[]
19353714,20417221,705296,5,Cực kì hài lòng,giao nhanh sách bọc kỹ bằng bìa giấy rất ưng nha sách cầm gọn trg tay,approved,0,0,"[{'id': 4247249, 'full_path': 'https://salt.tikicdn.com/ts/review/57/5d/48/266c31c4af22e579d35009aea347f09c.jpg', 'status': 'approved'}]",53660.0,Nhà sách Fahasa,"[{'question': 'Thời gian giao hàng?', 'option': 'Giao đúng hẹn'}, {'question': 'Thái độ của shipper?', 'option': 'Lịch sự'}, {'question': 'Giờ giao hàng?', 'option': 'Có hẹn giờ trước'}, {'question': 'Cách đóng gói sản phẩm?', 'option': 'Cẩn thận'}]"
13450933,13963441,705296,3,Hài lòng,Ship nhanh nhưng sách bị móp góc,approved,0,0,"[{'id': 2807824, 'full_path': 'https://salt.tikicdn.com/ts/review/dd/0a/15/bd235e696ff22d38b92ac8bb727568c3.jpg', 'status': 'approved'}, {'id': 2807825, 'full_path': 'https://salt.tikicdn.com/ts/review/af/29/74/f0dc110f88e170e2cd9f81180cf193d1.jpg', 'status': 'approved'}]",6337.0,Foreignbooks,[]
11850451,1012249,705296,5,Cực kì hài lòng,"Sách tốt, cầm nhẹ tay. Đóng gói kỹ lưỡng, chắc chắn.Truyện này đọc mê chữ e luôn.",approved,0,0,"[{'id': 2424810, 'full_path': 'https://salt.tikicdn.com/ts/review/56/fe/f5/26dea40ff34166dfdb4ff5fa745ddcb0.jpg', 'status': 'approved'}]",53660.0,Nhà sách Fahasa,[]
17123244,8606607,705296,5,Cực kì hài lòng,,approved,0,0,[],53660.0,Nhà sách Fahasa,[]
12495103,6002309,705296,5,Cực kì hài lòng,"truyện chất lượng tốt, đóng gói cẩn thận và đc giao nhanh.",approved,0,0,[],6337.0,Foreignbooks,[]
16813828,17804647,705296,5,Cực kì hài lòng,pp,approved,0,0,[],53660.0,Nhà sách Fahasa,[]
16595661,21463007,705296,5,Cực kì hài lòng,,approved,0,0,[],53660.0,Nhà sách Fahasa,[]
16271441,22291295,705296,5,Hài lòng,,approved,0,0,[],53660.0,Nhà sách Fahasa,[]
15760693,257916,705296,5,Cực kì hài lòng,,approved,0,0,[],53660.0,Nhà sách Fahasa,[]
15744886,14470316,705296,5,Cực kì hài lòng,,approved,0,0,[],6337.0,Foreignbooks,[]
10198455,19136256,705296,4,Hài lòng,bìa sách quăn ở mép và góc nhưng còn lại thì ổn,approved,0,0,[],1.0,Tiki Trading,[]
14347717,13825108,705296,5,Cực kì hài lòng,,approved,0,0,[],53660.0,Nhà sách Fahasa,[]
13436276,8506266,705296,5,Cực kì hài lòng,,approved,0,0,[],53660.0,Nhà sách Fahasa,[]
13345219,14252325,705296,5,Cực kì hài lòng,,approved,0,0,[],53660.0,Nhà sách Fahasa,[]
9446595,19598608,705296,5,Cực kì hài lòng,"đóng gói rất cẩn thận, giao hàng nhanh.",approved,0,0,[],53660.0,Nhà sách Fahasa,[]
5016646,8436376,705296,4,Hài lòng,sách có vết rách trên bìa như bị dao cắt giấy rạch vào nhưng cơ bản vẫn khá ổn,approved,0,0,[],53660.0,Nhà sách Fahasa,[]
9349957,870856,705296,5,Cực kì hài lòng,"giao hàng nhanh cực.
sách hay.",approved,0,0,[],53660.0,Nhà sách Fahasa,[]
11788222,22973644,705296,5,Cực kì hài lòng,,approved,0,0,[],1.0,Tiki Trading,[]
11367850,1084598,705296,5,Cực kì hài lòng,,approved,0,0,[],1.0,Tiki Trading,[]
3976302,1471222,705296,5,Cực kì hài lòng,"Sách đẹp, không quá nhỏ, chữ cũng dễ đọc. Nội dung thì không cần bàn cãi :D",approved,0,2,[],1.0,Tiki Trading,[]
9964494,15471922,705296,4,Hài lòng,,approved,0,0,[],1.0,Tiki Trading,[]
9652670,10009807,705296,5,Cực kì hài lòng,,approved,0,0,[],53660.0,Nhà sách Fahasa,[]
6248139,18727513,705296,2,Không hài lòng,"Bìa sách bị nhăn gấp, sách cong",approved,0,1,[],53660.0,Nhà sách Fahasa,[]
3438569,6830778,705296,5,Cực kì hài lòng,"Sách ngoại văn nên khá nhỏ nhắn, cầm vừa tay. Sách mới bìa đẹp, giao hàng nhanh",approved,1,0,[],1.0,Tiki Trading,[]
9003303,16735852,705296,4,Hài lòng,,approved,0,0,[],6337.0,Foreignbooks,[]
8813996,1830815,705296,5,Cực kì hài lòng,,approved,0,0,[],53660.0,Nhà sách Fahasa,[]
8664753,14169191,705296,4,Hài lòng,,approved,0,0,[],53660.0,Nhà sách Fahasa,[]
8413889,18273910,705296,5,Cực kì hài lòng,,approved,0,0,[],6337.0,Foreignbooks,[]
8107608,20464074,705296,5,Cực kì hài lòng,,approved,0,0,[],6337.0,Foreignbooks,[]
8058771,5453341,705296,5,Cực kì hài lòng,,approved,0,0,[],6337.0,Foreignbooks,[]
7579040,14837411,705296,5,Cực kì hài lòng,,approved,0,0,[],53660.0,Nhà sách Fahasa,[]
7500194,10461304,705296,5,Cực kì hài lòng,,approved,0,0,[],6337.0,Foreignbooks,[]
4668462,9682025,705296,5,Cực kì hài lòng,"nhỏ nhắn,gọn gàng ❤",approved,0,0,[],53660.0,Nhà sách Fahasa,[]
5654449,11740519,705296,5,Cực kì hài lòng,,approved,0,0,[],6337.0,Foreignbooks,[]
5611911,17554436,705296,5,Cực kì hài lòng,,approved,0,0,[],6337.0,Foreignbooks,[]
5479436,247350,705296,5,Cực kì hài lòng,,approved,0,0,[],53660.0,Nhà sách Fahasa,[]
5173435,597637,705296,4,Hài lòng,,approved,1,0,[],6337.0,Foreignbooks,[]
1428530,1406649,518251,5,Cực kì hài lòng,"Văn phong gợi hình ảnh, nội dung rất hấp dẫn
Đọc rồi là bị cuốn hút, khó có thể đặt xuống",approved,0,0,[],1.0,Tiki Trading,[]
18675180,19258730,424851,5,Cực kì hài lòng,"Cuốn sách đặc biệt dành cho độc giả đam mê tiểu thuyết trinh thám bậc cao. Những vụ án nối tiếp nhau khiến cho cuộc đi tìm sự thật và giải thoát bản thân khỏi những trăn trở bấy lâu dường khiến người ta như có khi đi vào ngõ cụt. Trong mê cung của những bí ẩn, người nào nắm được tri thức, người ấy sẽ có được cả thế gian. Giáo sư thì không tham vọng, hẳn vậy. Ông chỉ vô duyên với những vận may. Và cứ thế, nguy hiểm thì không cần bước qua, ông khám phá ra chân trời vốn ở rất gần...",approved,0,0,"[{'id': 4088815, 'full_path': 'https://salt.tikicdn.com/ts/review/92/27/ba/a95d000fdad6df7e72894c47a0ab9954.jpg', 'status': 'approved'}, {'id': 4088816, 'full_path': 'https://salt.tikicdn.com/ts/review/29/9b/8f/9f3ab691ab80178762e5039748b38f82.jpg', 'status': 'approved'}]",6337.0,Foreignbooks,[]
9342762,5536585,424851,5,Cực kì hài lòng,"Sách còn mới nằm trong bao kiến, chất lượng tuyệt vời. Mình mua lúc sale 61%. Cảm nhận của mình là xứng đáng với giá tiền, nội dung thì không cần bàn cãi nữa rồi. Mình mua được ship từ tiki SG, k biết các bạn khác mua được giao từ đầu thấy phản hồi chất lượng k tốt.",approved,1,0,"[{'id': 1882676, 'full_path': 'https://salt.tikicdn.com/ts/review/9a/f2/70/aeaa181db3adc4f1eabe05c4ad1e4008.jpg', 'status': 'approved'}, {'id': 1882677, 'full_path': 'https://salt.tikicdn.com/ts/review/4f/26/e6/d3c4288a414dd6810bcb7a779be8174a.jpg', 'status': 'approved'}]",1.0,Tiki Trading,[]
20164349,25449673,424851,4,Hài lòng,,approved,0,0,[],53660.0,Nhà sách Fahasa,[]
9299775,510937,424851,4,Hài lòng,"Đọc tiếng Việt chán rồi quyết định thử tiếng Anh coi sao. Về cơ bản thì gọn, nhẹ, kiểu sách đem theo đi du lịch. Nhưng tính ra khoảng cách dòng hơi sát so với những cuốn khác mình từng mua, nhiều khi nhìn hơi nản. Nội dung thì khỏi bàn rồi.",approved,0,0,"[{'id': 1871588, 'full_path': 'https://salt.tikicdn.com/ts/review/c8/8a/44/bb35d8d1105ed64c3db5bf12150f1f12.jpg', 'status': 'approved'}, {'id': 1871589, 'full_path': 'https://salt.tikicdn.com/ts/review/e0/89/4d/da72fe73a8a72aa5c240c13e1c56af08.jpg', 'status': 'approved'}]",1.0,Tiki Trading,[]
18257338,22868500,424851,3,Bình thường,"Giao hàng nhanh, đóng gói tốt. Có điều giấy in vàng khá xấu không phải loại giấy trơn nên có thể dễ rách.",approved,0,0,"[{'id': 4005288, 'full_path': 'https://salt.tikicdn.com/ts/review/21/31/81/ce8b54cd7027041d1427ad894ebea93b.jpg', 'status': 'approved'}, {'id': 4005289, 'full_path': 'https://salt.tikicdn.com/ts/review/17/ca/dd/1e7bf8af158ec822195ebb91f3eface7.jpg', 'status': 'approved'}]",53660.0,Nhà sách Fahasa,[]
20081013,18040295,424851,5,Cực kì hài lòng,,approved,0,0,[],53660.0,Nhà sách Fahasa,"[{'question': 'Thời gian giao hàng?', 'option': 'Giao đúng hẹn'}, {'question': 'Thái độ của shipper?', 'option': 'Lịch sự'}, {'question': 'Giờ giao hàng?', 'option': 'Có hẹn giờ trước'}, {'question': 'Cách đóng gói sản phẩm?', 'option': 'Cẩn thận'}]"
17497840,28019644,424851,5,Cực kì hài lòng,"Do trước giờ toàn mua sách/truyện tiếng việt nên hơi bất ngờ với khổ sách, khá nhỏ so với những cuốn mình mua nên xếp trên giá nhìn hơn lạc quẻ, nhưng dễ mang đi. 
Nội dung hay",approved,0,0,[],53660.0,Nhà sách Fahasa,[]
17353267,22439567,424851,5,Cực kì hài lòng,"Sách đẹp, dày, nội dung cuốn này thì chắc chắn hay rồi, giấy được làm rất sách đẹp.",approved,0,0,"[{'id': 3774677, 'full_path': 'https://salt.tikicdn.com/ts/review/4d/81/03/1cea075f8d00ef5c5e4a5a91df80d899.jpg', 'status': 'approved'}, {'id': 3774678, 'full_path': 'https://salt.tikicdn.com/ts/review/23/aa/2b/0eb014bc08eb276736ddb3170814242a.jpg', 'status': 'approved'}]",53660.0,Nhà sách Fahasa,[]
8393708,19359645,424851,2,Không hài lòng,"sách có seal nhưng rõ ràng là vừa mới được bọc vào, nhìn qua lớp nilon cũng thấy sách có rất nhiều vết xước, có cả vết đen sì trên giấy, sách cũng bị ố",approved,2,1,"[{'id': 1695669, 'full_path': 'https://salt.tikicdn.com/ts/review/70/c5/ca/c73dc23e6579158c19fffc33458c5f28.jpg', 'status': 'approved'}, {'id': 1695670, 'full_path': 'https://salt.tikicdn.com/ts/review/2e/0b/68/29b9af397ae18b5472926a276c11cf2a.jpg', 'status': 'approved'}, {'id': 1695671, 'full_path': 'https://salt.tikicdn.com/ts/review/e9/bd/c3/285a998dca29fd1abfb730b557a65033.jpg', 'status': 'approved'}]",53660.0,Nhà sách Fahasa,[]
19927902,14967581,424851,5,Cực kì hài lòng,,approved,0,0,[],53660.0,Nhà sách Fahasa,"[{'question': 'Thời gian giao hàng?', 'option': 'Giao đúng hẹn'}, {'question': 'Thái độ của shipper?', 'option': 'Lịch sự'}, {'question': 'Giờ giao hàng?', 'option': 'Có hẹn giờ trước'}, {'question': 'Cách đóng gói sản phẩm?', 'option': 'Cẩn thận'}]"
17363211,27949491,424851,4,Hài lòng,"Giao hàng mất 4 ngày, kiện hàng hơi bị móp méo nhưng sách thì được bọc kỹ càng không hư hỏng, giấy trắng còn mới.",approved,0,0,"[{'id': 3778070, 'full_path': 'https://salt.tikicdn.com/ts/review/19/66/46/e84bda09c1b50d84e277af40c5f354e9.jpg', 'status': 'approved'}]",53660.0,Nhà sách Fahasa,[]
4782309,12631514,424851,1,Ẩu tả vô ý thức!,"Fahasa 1⭐️, có khi là -10⭐️.

Cuốn sách giá trị bao nhiêu thì cách mà các bạn kiểm tra chất lượng sản phẩm rồi gửi đi cho khách hàng tỉ lệ nghịch bấy nhiêu. Ủa rồi bữa nay làm ăn thiếu trách nhiệm với vô ý thức đến vậy luôn hả Fahasa? Sách ẩm mốc, ố vàng gáy sách, bìa thì màng bị tróc, sách mới mà không có bọc màng bọc, gáy sách thì rạng nứt như kiểu đã bị đọc rồi?

Đơn hàng 5 cuốn ngoại văn của Dan Brown mà 2 cuốn là bị như trên, 3 cuốn còn lại bị cấn góc, gấp nếp trang, tróc màng mờ trên bìa sách nhưng tạm chấp nhận được!

Gửi email phản hồi thì đẩy qua cho Tiki, trong khi đơn hàng mua từ Fahasa, bản thân là một nhà bán hàng trên này và đơn vị vận chuyển cũng là của Fahasa luôn, tại sao không hỗ trợ giải quyết cho khách hàng khi đơn hàng được bán ra từ chính mình vậy Fahasa?

Rồi ai đứng đầu khâu kiểm tra chất lượng sản phẩm đây? Đơn hàng được đóng gói từ Fahasa thì không thể nào Tiki dính líu gì khâu kiểm duyệt chất lượng sản phẩm rồi. Tệ quá tệ Fahasa ạ!

Yêu cầu đổi trả sách mới dùm tui cái!",approved,12,1,[],53660.0,Nhà sách Fahasa,[]
2444409,10911204,424851,1,Hoàn toàn thất vọng về hình thức,"Sau khi nhận hàng về, mình lập tức unbox, và rất thất vọng về hình thức sách, mình đã đặt mua cùng bookcare, nhưng cảm thấy không xứng đáng. Mình sẽ liên hệ tiki trả hàng.",approved,1,0,"[{'id': 562714, 'full_path': 'https://salt.tikicdn.com/ts/review/df/32/d5/eef26d8ce201f31b633edce22c3af49e.jpg', 'status': 'approved'}, {'id': 562715, 'full_path': 'https://salt.tikicdn.com/ts/review/96/c7/39/1091219e0294ca9bb1c9d603c1cfb6d8.jpg', 'status': 'approved'}, {'id': 562716, 'full_path': 'https://salt.tikicdn.com/ts/review/ae/2a/76/a35a19c5f2cd3a92a5786b6e96b235f1.jpg', 'status': 'approved'}, {'id': 562717, 'full_path': 'https://salt.tikicdn.com/ts/review/61/72/a3/9658fc31be45bc94b6d1ad7df0b879b5.jpg', 'status': 'approved'}, {'id': 562718, 'full_path': 'https://salt.tikicdn.com/ts/review/56/cb/75/3877dc9295e9ebe9cd7df9db748b4732.jpg', 'status': 'approved'}]",6337.0,Foreignbooks,[]
4530156,5861614,424851,5,Cực kì hài lòng,"mình khá bất ngờ khi cầm cuốn này trên tay, có lẽ mình chưa đọc kĩ mô tả chăng, mình tưởng chắc nó cũng to bằng quyển vở nhưng khi khui ra thì thấy chỉ to hơn bàn tay mình 1 chút nhưng lại dày cộm lên.  mình nghĩ thiết kế kiểu vậy dễ làm bung trang sách và khi chúng ta đọc nếu mà mở sách quá rộng cũng dễ hư sách. có lẽ do mình chưa quen với sách nước ngoài hay chăng. còn vè nội dung thì minh chưa đọc nên chưa review được.",approved,4,0,[],53660.0,Nhà sách Fahasa,[]
10647225,1012249,424851,5,Cực kì hài lòng,"Lúc mình mua thấy sách ko được bao bên ngoài như những cuốn ngoại văn khác của Fahasa, làm góc sách hơi quăn nhẹ. Mình phải dán ủi phẳng lại 4 góc mới đẹp được như hình.",approved,0,0,"[{'id': 2185411, 'full_path': 'https://salt.tikicdn.com/ts/review/b3/09/e4/dd513d7f9abf1c8ad3ad8e48b12aa9ad.jpg', 'status': 'approved'}]",53660.0,Nhà sách Fahasa,[]
10428571,2204484,424851,5,Cực kì hài lòng,"Giao hàng rất nhanh đặt sáng, chiều có hàng dù không xài tikinow , sản phẩm đã được bọc bìa kính lại có thêm một miếng xốp ở ngoài. Sách rất nhẹ, gọn dễ mang theo. Nội dung thì miễn chê",approved,0,0,[],53660.0,Nhà sách Fahasa,[]
8377582,7205608,424851,3,Bình thường,Ship nhanh nhưng tình trạng của bìa chỉ tương đối. Một vài chỗ ngay cạnh đã bị bong nhẹ.,approved,1,0,"[{'id': 1693121, 'full_path': 'https://salt.tikicdn.com/ts/review/33/9c/23/06ce818a39a1e5e18bf58614b41f5c8d.jpg', 'status': 'approved'}, {'id': 1693122, 'full_path': 'https://salt.tikicdn.com/ts/review/46/2a/08/495b07573ec29303c4ce5a4f1a94ea43.jpg', 'status': 'approved'}, {'id': 1693123, 'full_path': 'https://salt.tikicdn.com/ts/review/68/b4/9f/bef6936f64084b0bac4838d24d23f27c.jpg', 'status': 'approved'}]",53660.0,Nhà sách Fahasa,[]
10267796,14481041,424851,5,Cực kì hài lòng,"sách giao nhanh, đóng gói đẹp, sách mới tinh còn nguyên seal, giá canh sale 63℅ nên ưng vô cùng",approved,0,0,"[{'id': 2095224, 'full_path': 'https://salt.tikicdn.com/ts/review/08/53/a5/f40f52bfde5d6f86c538aeaf90c5c49e.jpg', 'status': 'approved'}, {'id': 2095225, 'full_path': 'https://salt.tikicdn.com/ts/review/46/18/d3/749e78c0f68eed5439292ce8c83cf49b.jpg', 'status': 'approved'}]",53660.0,Nhà sách Fahasa,[]
9882889,120495,424851,5,Cực kì hài lòng,"Sách đẹp ạ.
Mình đọc bản dịch nhiều lần rồi nên quất bản tiếng Anh để mở mang hơn =))",approved,0,1,"[{'id': 2012649, 'full_path': 'https://salt.tikicdn.com/ts/review/31/51/36/4491d20f33cd4930d5168203e21a8cf8.jpg', 'status': 'approved'}, {'id': 2012650, 'full_path': 'https://salt.tikicdn.com/ts/review/aa/b1/50/d37d4bf525a964b97d5860105629d4ee.jpg', 'status': 'approved'}]",1.0,Tiki Trading,[]
16677707,13516299,424851,5,Cực kì hài lòng,Bọc bookcare và nhỏ xinh. Chấm điểm 10/10,approved,1,0,"[{'id': 3579109, 'full_path': 'https://salt.tikicdn.com/ts/review/f1/51/4c/8804773f7be4f213ea6c1d999d547f11.jpg', 'status': 'approved'}]",6337.0,Foreignbooks,[]
17543631,14130248,424851,5,Cực kì hài lòng,Chất lượng in ok,approved,0,0,"[{'id': 3834956, 'full_path': 'https://salt.tikicdn.com/ts/review/1d/54/a4/aa3a96c1d6ded2ea2214e0a0abc6457e.jpg', 'status': 'approved'}]",53660.0,Nhà sách Fahasa,[]
12581750,915170,424851,1,Rất không hài lòng,Đây là gói hàng mình nhận được từ Tiki.,approved,0,0,"[{'id': 2587028, 'full_path': 'https://salt.tikicdn.com/ts/review/6a/e0/57/d602d931e9ecbe7634c387aa1bd0cd95.jpg', 'status': 'approved'}, {'id': 2587029, 'full_path': 'https://salt.tikicdn.com/ts/review/0e/a1/a0/86582752f3b0ee5fe715653aa3e933f4.jpg', 'status': 'approved'}]",1.0,Tiki Trading,[]
13224024,7934429,424851,3,Bình thường,"Sách nhỏ, chất lượng giấy tệ",approved,0,0,"[{'id': 2756819, 'full_path': 'https://salt.tikicdn.com/ts/review/92/aa/84/926741fef9cbaf7473e26e6560511b6a.jpg', 'status': 'approved'}, {'id': 2756820, 'full_path': 'https://salt.tikicdn.com/ts/review/d3/7b/82/6c7e8f226f28ec8858ee3cd7f4bc7516.jpg', 'status': 'approved'}]",1231.0,Xunhasaba Thế giới Sách Ngoại văn,[]
2410827,10247008,424851,5,Rất tốt,"Mình mua cùng lúc 2 quyển sách ngoại văn. Quyển The Lost Symbol làm mình rất bực bội khi nhận vì cũ, lem màu. Nhưng quyển này lại được bọc cẩn thận, mới toanh. Những quyển sách như thế làm mình hài lòng khi bỏ tiền mua và lưu trữ trong tủ sách. Mong Tiki sẽ tiếp tục phát huy tinh thần này!",approved,5,1,[],6337.0,Foreignbooks,[]
11811869,687984,424851,5,Cực kì hài lòng,sách đẹp,approved,1,0,"[{'id': 2417394, 'full_path': 'https://salt.tikicdn.com/ts/review/ef/00/41/eaddb6c801ffe2b372332d670b9dc7ce.jpg', 'status': 'approved'}, {'id': 2417395, 'full_path': 'https://salt.tikicdn.com/ts/review/77/3e/97/4aadbd19a7538192d4822c282fb19aaf.jpg', 'status': 'approved'}, {'id': 2417396, 'full_path': 'https://salt.tikicdn.com/ts/review/42/c8/4c/bf3d65cce6fbb88ea0b4b8cffa1f9234.jpg', 'status': 'approved'}]",1.0,Tiki Trading,[]
9315170,448224,424851,5,Cực kì hài lòng,"Sách cầm vừa tay, giấy mỏng nhẹ, gói hàng rất tốt ạ. Sau khi đọc mình sẽ bổ sung thêm nhận xét!!!",approved,0,0,"[{'id': 1875867, 'full_path': 'https://salt.tikicdn.com/ts/review/0f/b4/1a/9e0bb8632cbaf4a636b93a49a57aa6c2.jpg', 'status': 'approved'}]",1.0,Tiki Trading,[]
18276511,7672926,424851,5,Cực kì hài lòng,,approved,0,0,[],53660.0,Nhà sách Fahasa,[]
17144558,8730400,424851,5,Cực kì hài lòng,sách còn mới giao hàng nhanh,approved,0,0,[],53660.0,Nhà sách Fahasa,[]
10316684,5396647,424851,5,Cực kì hài lòng,"sách mới, có bao bọc cẩn thận, giao hàng nhanh hơn dự kiến. Rất hài lòng ạ.",approved,0,0,"[{'id': 2111034, 'full_path': 'https://salt.tikicdn.com/ts/review/80/9f/f9/e7b1ccc0a8ac9665403492c9f839fe8f.jpg', 'status': 'approved'}]",53660.0,Nhà sách Fahasa,[]
10971809,22116126,424851,5,Cực kì hài lòng,"Giao hàng nhanh, giá rẻ, đóng gói hàng cẩn thận, sách dày vl luôn:)))",approved,0,0,"[{'id': 2251773, 'full_path': 'https://salt.tikicdn.com/ts/review/5a/91/06/38a84299754dbb81a66690e9938baa22.jpg', 'status': 'approved'}]",6337.0,Foreignbooks,[]
10049956,11959380,424851,5,Cực kì hài lòng,Sách tiếng Anh cứ tưởng mình hiểu đc nhưng mua về từ lạ nhiều *** :))),approved,0,0,"[{'id': 2050211, 'full_path': 'https://salt.tikicdn.com/ts/review/42/77/70/ee1d4834b2e09b58ef6777c329f39072.jpg', 'status': 'approved'}]",53660.0,Nhà sách Fahasa,[]
12425178,21709841,424851,5,Cực kì hài lòng,Đã nhận sách chất lượng tồ giao hàng nhanh,approved,0,0,"[{'id': 2549950, 'full_path': 'https://salt.tikicdn.com/ts/review/44/54/57/1e98792a7d603e06e9654891ddcd1b50.jpg', 'status': 'approved'}]",1.0,Tiki Trading,[]
13205093,22516451,424851,5,Cực kì hài lòng,"Ship nhanh, giấy tốt, giá hợp lý.",approved,0,0,"[{'id': 2752414, 'full_path': 'https://salt.tikicdn.com/ts/review/ca/eb/36/9f9b916f9db0c2db25f9746f579104c2.jpg', 'status': 'approved'}]",1.0,Tiki Trading,[]
3364813,7479152,424851,3,Bình thường,"Sách tiếng Anh nhưng có vẻ chất lượng giấy ko dc tốt, giấy mỏng, chữ nhìn ko dc hoan thiện. Ko biết những cuốn sách ở nước ngoài có giống vậy ko. Nội dung chưa xem nên chưa biết thế nào.",approved,0,0,[],1.0,Tiki Trading,[]
12434402,21379942,424851,4,Hài lòng,,approved,0,0,"[{'id': 2551971, 'full_path': 'https://salt.tikicdn.com/ts/review/2c/e1/db/fbe38bd51845dbc74a85b1ca25453297.jpg', 'status': 'approved'}, {'id': 2551972, 'full_path': 'https://salt.tikicdn.com/ts/review/36/13/6d/de0e4e32d433de35e915c4a91fd32870.jpg', 'status': 'approved'}]",6337.0,Foreignbooks,[]
12835943,24438775,424851,4,Hài lòng,Sách hơi cũ ạ còn về mặt phải sách thật hay k thì em k biết,approved,0,0,[],6337.0,Foreignbooks,[]
8078659,17425642,424851,5,Cực kì hài lòng,"sách chất lượng tốt, bìa mới, k quăn, trang sách k có gấp nếp, chữ in tốt",approved,1,0,"[{'id': 1645824, 'full_path': 'https://salt.tikicdn.com/ts/review/ac/42/e5/4411f8dc28d7f442be2c9987ce930736.jpg', 'status': 'approved'}]",1.0,Tiki Trading,[]
16952764,736220,424851,5,Cực kì hài lòng,,approved,0,0,[],53660.0,Nhà sách Fahasa,[]
9317900,18644379,424851,5,Cực kì hài lòng,"Sách nhỏ dễ thương lắm ạ, giao hàng cực nhanh luôn",approved,0,0,"[{'id': 1876637, 'full_path': 'https://salt.tikicdn.com/ts/review/2a/35/52/ed2442acb7d6198471694fc51ea895e6.jpg', 'status': 'approved'}]",1.0,Tiki Trading,[]
10221491,13050570,424851,5,Cực kì hài lòng,"Hài lòng về hình thức lẫn nội dung
Đóng gói chất lượng, vận chuyển nhanh",approved,0,0,[],1.0,Tiki Trading,[]
11782058,13581984,424851,5,Cực kì hài lòng,đóng gói cẩn thận,approved,0,0,"[{'id': 2411337, 'full_path': 'https://salt.tikicdn.com/ts/review/00/39/4d/38b638bea3675f5fa6133797b02eb053.jpg', 'status': 'approved'}]",53660.0,Nhà sách Fahasa,[]
9681873,6212268,424851,5,Cực kì hài lòng,Sách mới và giao hàng nhanh lắm ạ,approved,0,0,"[{'id': 1963174, 'full_path': 'https://salt.tikicdn.com/ts/review/b9/6a/5c/e03010da0ebdf1631bc78ab8303f82a3.jpg', 'status': 'approved'}]",1.0,Tiki Trading,[]
15066181,6147886,424851,5,Cực kì hài lòng,,approved,0,0,[],6337.0,Foreignbooks,[]
12697821,7749966,424851,5,Cực kì hài lòng,"Sách hay, chất lượng tốt",approved,0,0,[],1.0,Tiki Trading,[]
12053454,1670346,424851,5,Cực kì hài lòng,,approved,0,0,"[{'id': 2466297, 'full_path': 'https://salt.tikicdn.com/ts/review/46/f6/67/c6308e19c57767ce9ac6f4f381407beb.jpg', 'status': 'approved'}]",53660.0,Nhà sách Fahasa,[]
14848908,16878852,424851,5,Cực kì hài lòng,,approved,0,0,[],6337.0,Foreignbooks,[]
12534154,10178438,424851,4,Hài lòng,sách hơi cũ và quăn góc,approved,0,0,[],1.0,Tiki Trading,[]
9192320,12288341,424851,5,Cực kì hài lòng,sách được bọc rất kĩ,approved,0,0,"[{'id': 1844524, 'full_path': 'https://salt.tikicdn.com/ts/review/6a/9d/aa/c96a58b510cd9ccddfff814d475413a1.jpg', 'status': 'approved'}]",1.0,Tiki Trading,[]
2960043,11189406,424851,4,Ổn,"Sách mới, giao hàng đúng hẹn. Hơi thất vọng vì chất lượng giấy nên cho 4 sao",approved,0,0,"[{'id': 797892, 'full_path': 'https://salt.tikicdn.com/ts/review/c7/7d/3c/2544101845b526a9c7b495bd496d5bf0.jpg', 'status': 'approved'}, {'id': 797893, 'full_path': 'https://salt.tikicdn.com/ts/review/fa/00/07/b77f17751fa3cb1a66a62b27ad9b1424.jpg', 'status': 'approved'}]",6337.0,Foreignbooks,[]
9336336,19728206,424851,5,Cực kì hài lòng,"Sách xinh, đẹp",approved,0,0,"[{'id': 1881102, 'full_path': 'https://salt.tikicdn.com/ts/review/43/29/2d/eda42ec25822ee473b11a5048d8237bf.jpg', 'status': 'approved'}]",53660.0,Nhà sách Fahasa,[]
13166999,24709064,424851,5,Cực kì hài lòng,Gudđ,approved,0,0,[],6337.0,Foreignbooks,[]
2773662,7694243,424851,5,Cực kì hài lòng,"mình nhận đc sách mới, gói sách chống sốc cẩn thận, mở hộp nhìn thấy rất thích, có hóa đơn bán lẻ như mua ngoài nhà sách... cám ơn nhà sách fahasa!",approved,0,0,[],53660.0,Nhà sách Fahasa,[]
12970438,17841859,424851,4,Hài lòng,,approved,0,0,[],6337.0,Foreignbooks,[]
12786354,24368516,424851,5,Cực kì hài lòng,,approved,0,0,[],1.0,Tiki Trading,[]
12593521,1635278,424851,5,Cực kì hài lòng,,approved,0,0,[],1.0,Tiki Trading,[]
12438166,119172,424851,5,Cực kì hài lòng,Ok,approved,0,0,[],53660.0,Nhà sách Fahasa,[]
12388292,11307348,424851,5,Cực kì hài lòng,,approved,0,0,[],1.0,Tiki Trading,[]
12312708,19134854,424851,5,Cực kì hài lòng,,approved,0,0,[],53660.0,Nhà sách Fahasa,[]
12220281,7619464,424851,5,Cực kì hài lòng,,approved,0,0,[],1.0,Tiki Trading,[]
2161986,701458,424851,3,chán,"quá hụt hẫn nó nhỏ xíu luôn, chất giấy thì ko tốt, ngoài sức tưởng tượng luôn. Nói chung bù lại được cái nội dung miễn chê. giao hàng lâu quá lâu",approved,0,0,"[{'id': 418812, 'full_path': 'https://salt.tikicdn.com/ts/review/36/06/b9/cc2e00be002e8f02ff665d1ab8152e72.jpg', 'status': 'approved'}]",6337.0,Foreignbooks,[]
12026988,7181617,424851,5,Cực kì hài lòng,,approved,0,0,[],53660.0,Nhà sách Fahasa,[]
11889346,13484222,424851,5,Cực kì hài lòng,,approved,0,0,[],53660.0,Nhà sách Fahasa,[]
11828815,22682966,424851,5,Cực kì hài lòng,,approved,0,0,[],53660.0,Nhà sách Fahasa,[]
2113831,5652160,424851,5,Tuyệt,"Sách in theo dạng pocketbook, nhỏ gon, xinh xắn, thích hợp mang lên tàu, xe, máy bay ngồi xem. Giấy ổn, chữ in vừa phải dễ đọc, không quá to không quá nhỏ.",approved,6,0,"[{'id': 398060, 'full_path': 'https://salt.tikicdn.com/ts/review/0b/38/aa/6ac8486e9c02f9b3c2d66294b13a966a.jpg', 'status': 'approved'}]",1.0,Tiki Trading,[]
9890100,9876249,424851,5,Cực kì hài lòng,sách mới đẹp,approved,0,0,[],53660.0,Nhà sách Fahasa,[]
11445424,1351165,424851,5,Cực kì hài lòng,,approved,0,0,[],53660.0,Nhà sách Fahasa,[]
7608742,10259168,424851,5,Cực kì hài lòng,,approved,0,0,"[{'id': 1573309, 'full_path': 'https://salt.tikicdn.com/ts/review/a9/0c/1d/5cfda9409cd650ab05c9bfb34ecf749a.jpg', 'status': 'approved'}]",1.0,Tiki Trading,[]
11320195,8004281,424851,5,Cực kì hài lòng,,approved,0,0,[],1.0,Tiki Trading,[]
11259955,10117513,424851,5,Cực kì hài lòng,,approved,0,0,[],53660.0,Nhà sách Fahasa,[]
11232256,1190913,424851,5,Cực kì hài lòng,,approved,0,0,[],53660.0,Nhà sách Fahasa,[]
11232057,386283,424851,5,Cực kì hài lòng,,approved,0,0,[],53660.0,Nhà sách Fahasa,[]
10365352,174659,424851,5,Cực kì hài lòng,sách hay,approved,1,0,[],53660.0,Nhà sách Fahasa,[]
11077318,18314315,424851,5,Cực kì hài lòng,,approved,0,0,[],53660.0,Nhà sách Fahasa,[]
10935476,7207552,424851,5,Cực kì hài lòng,,approved,0,0,[],53660.0,Nhà sách Fahasa,[]
9195071,20938763,424851,5,Cực kì hài lòng,"Sách mới, đẹp ?",approved,0,0,[],1.0,Tiki Trading,[]
10878856,14109249,424851,5,Cực kì hài lòng,,approved,0,0,[],53660.0,Nhà sách Fahasa,[]
10715514,1003759,424851,5,Cực kì hài lòng,,approved,0,0,[],1.0,Tiki Trading,[]
10680659,10731611,424851,5,Cực kì hài lòng,,approved,0,0,[],6337.0,Foreignbooks,[]
10652386,5147548,424851,5,Cực kì hài lòng,,approved,0,0,[],53660.0,Nhà sách Fahasa,[]
10523681,11968137,424851,5,Cực kì hài lòng,,approved,0,0,[],53660.0,Nhà sách Fahasa,[]
10051666,12231614,424851,5,Cực kì hài lòng,nice,approved,0,0,[],1.0,Tiki Trading,[]
10255794,1321238,424851,5,Cực kì hài lòng,,approved,0,0,[],1.0,Tiki Trading,[]
10253994,517307,424851,5,Cực kì hài lòng,,approved,0,0,[],1.0,Tiki Trading,[]
10218595,15716810,424851,5,Cực kì hài lòng,,approved,0,0,[],1.0,Tiki Trading,[]
9867279,21677075,424851,5,Cực kì hài lòng,,approved,0,0,[],1.0,Tiki Trading,[]
9788475,21733405,424851,5,Cực kì hài lòng,,approved,0,0,[],1.0,Tiki Trading,[]
6885379,82485,424851,5,Cực kì hài lòng,"sách giao nhanh, chất lượng.",approved,0,0,[],53660.0,Nhà sách Fahasa,[]
9697784,20464074,424851,5,Cực kì hài lòng,,approved,0,0,[],1.0,Tiki Trading,[]
9690939,12363254,424851,5,Cực kì hài lòng,,approved,0,0,[],1.0,Tiki Trading,[]
9690378,14596447,424851,5,Cực kì hài lòng,,approved,0,0,[],1.0,Tiki Trading,[]
9681930,16407392,424851,5,Cực kì hài lòng,,approved,0,0,[],1.0,Tiki Trading,[]
9662067,263272,424851,5,Cực kì hài lòng,,approved,0,0,[],1.0,Tiki Trading,[]
9625651,11888605,424851,5,Cực kì hài lòng,,approved,0,0,[],1.0,Tiki Trading,[]
9577568,18320515,424851,5,Cực kì hài lòng,,approved,0,0,[],1.0,Tiki Trading,[]
9572625,5636917,424851,5,Cực kì hài lòng,,approved,0,0,[],1.0,Tiki Trading,[]
9476540,10903486,424851,3,Bình thường,,approved,0,0,[],53660.0,Nhà sách Fahasa,[]
9466430,21213649,424851,5,Cực kì hài lòng,,approved,0,0,[],1.0,Tiki Trading,[]
9394266,7052052,424851,5,Cực kì hài lòng,,approved,0,0,[],1.0,Tiki Trading,[]
9353631,17058707,424851,4,Hài lòng,,approved,0,0,[],53660.0,Nhà sách Fahasa,[]
9300021,13510376,424851,5,Cực kì hài lòng,,approved,0,0,[],53660.0,Nhà sách Fahasa,[]
9299163,1522109,424851,5,Cực kì hài lòng,,approved,0,0,[],1.0,Tiki Trading,[]
9275000,14090763,424851,5,Cực kì hài lòng,,approved,0,0,[],1.0,Tiki Trading,[]
3817661,7558010,424851,5,Cực kì hài lòng,Giấy hơi xấu. Sách tốt. Chưa đọc nên chiwa nhận xét được nhiều.,approved,0,0,[],1.0,Tiki Trading,[]
9123236,20704431,424851,4,Hài lòng,,approved,0,0,[],1.0,Tiki Trading,[]
9119737,14804554,424851,5,Cực kì hài lòng,,approved,0,0,[],1.0,Tiki Trading,[]
9064344,21071103,424851,5,Cực kì hài lòng,,approved,0,0,[],1.0,Tiki Trading,[]
9030600,15338658,424851,5,Cực kì hài lòng,,approved,0,0,[],1.0,Tiki Trading,[]
8920473,17639451,424851,5,Cực kì hài lòng,,approved,0,0,[],1.0,Tiki Trading,[]
8231809,18509422,424851,5,Cực kì hài lòng,bghghfhs,approved,0,0,[],53660.0,Nhà sách Fahasa,[]
8898984,5651084,424851,5,Cực kì hài lòng,,approved,0,0,[],1.0,Tiki Trading,[]
8694846,10234790,424851,5,Cực kì hài lòng,,approved,0,0,[],1.0,Tiki Trading,[]
8316979,17992433,424851,5,Cực kì hài lòng,,approved,0,0,[],1.0,Tiki Trading,[]
8170456,18605503,424851,5,Cực kì hài lòng,,approved,0,0,[],53660.0,Nhà sách Fahasa,[]
8052005,17387023,424851,5,Cực kì hài lòng,,approved,0,0,[],1.0,Tiki Trading,[]
3767721,5944807,424851,5,Cực kì hài lòng,"nhỏ gọn, mới, đẹp",approved,0,0,"[{'id': 1041871, 'full_path': 'https://salt.tikicdn.com/ts/review/b1/5b/6e/4884eb40840ebc863d5e1cfd301b26f6.jpg', 'status': 'approved'}]",1.0,Tiki Trading,[]
7785336,7526462,424851,5,Cực kì hài lòng,,approved,0,0,[],1.0,Tiki Trading,[]
7676999,9799218,424851,4,Hài lòng,,approved,0,0,[],1.0,Tiki Trading,[]
7623786,30317,424851,5,Cực kì hài lòng,,approved,0,0,[],1.0,Tiki Trading,[]
7611285,1086222,424851,5,Cực kì hài lòng,,approved,0,0,[],1.0,Tiki Trading,[]
7455337,19982056,424851,5,Cực kì hài lòng,,approved,0,0,[],1.0,Tiki Trading,[]
3515484,9123043,424851,5,Cực kì hài lòng,Đóng gói siêu cận thận nha^^ sách nhỏ nhẹ rất dễ mang đi,approved,1,0,[],53660.0,Nhà sách Fahasa,[]
3339414,8723550,424851,5,Cực kì hài lòng,"đẹp ko tỳ vết, tuyệt vời!",approved,2,0,"[{'id': 930655, 'full_path': 'https://salt.tikicdn.com/ts/review/2d/0c/82/07ffe07594ac8b51be1b92448d7a6315.jpg', 'status': 'approved'}]",1.0,Tiki Trading,[]
7327254,6296964,424851,5,Cực kì hài lòng,,approved,0,0,[],1.0,Tiki Trading,[]
7199403,5969686,424851,5,Cực kì hài lòng,,approved,0,0,[],1.0,Tiki Trading,[]
3469878,5529153,424851,5,Cực kì hài lòng,Tuyệt vời!!!!!!!!!!!!!!!!,approved,0,0,"[{'id': 971835, 'full_path': 'https://salt.tikicdn.com/ts/review/af/07/5f/c3fe7676450cd324f4a2b81dc3fa0c7e.jpg', 'status': 'approved'}]",1.0,Tiki Trading,[]
6805826,13188221,424851,5,Cực kì hài lòng,,approved,0,0,[],53660.0,Nhà sách Fahasa,[]
6245810,8437671,424851,5,Cực kì hài lòng,,approved,1,0,[],53660.0,Nhà sách Fahasa,[]
6261001,9925246,424851,5,Cực kì hài lòng,,approved,0,0,[],1.0,Tiki Trading,[]
5852812,473183,424851,5,Cực kì hài lòng,Nice,approved,0,0,[],6337.0,Foreignbooks,[]
3513846,2199742,424851,4,Hài lòng,"Sách bọc cẩn thận, giao hàng đúng thời hạn",approved,0,0,[],1.0,Tiki Trading,[]
2624075,6942692,424851,3,sách mi nhon quá luôn,quyển sách bé tí vậy. chất giấy thì xấu nữa. nói chung là đắt,approved,0,0,[],6337.0,Foreignbooks,[]
4635696,1703937,424851,5,Cực kì hài lòng,,approved,0,0,[],53660.0,Nhà sách Fahasa,[]
4558989,7074183,424851,3,Bình thường,,approved,0,0,[],5489.0,Nhà sách Ngoại Văn,[]
4233880,8298084,424851,5,Cực kì hài lòng,,approved,0,0,[],1.0,Tiki Trading,[]
4084350,9635183,424851,4,Hài lòng,Hay,approved,0,0,[],1.0,Tiki Trading,[]
3789847,11214676,424851,5,Cực kì hài lòng,,approved,0,0,[],6337.0,Foreignbooks,[]
3737152,505976,424851,5,Cực kì hài lòng,,approved,0,0,[],1.0,Tiki Trading,[]
218860,576680,424851,5,Một cuốn sách tuyệt vời,"Nếu đã đọc bản tiếng Việt của tác phẩm này hay là một fan của Dan Brown, bạn sẽ không ngần ngại bỏ ra một số tiền để sở hữu nó. Lí do ư, đó là một tác phẩm tuyệt vời. Hơn thế nữa, với bản tiếng anh, từng câu chữ của Dan Brown không bị xê dịch, phong cách viết hay lời thoại nhân vật không bị lẫn vào đâu được, đó thật sự là điều mỗi người khi đã đọc tác phẩm của ông bằng tiếng anh mới có thể nhận ra.
Điều mà tôi thích nhất không phải là nội dung câu truyện mà là kết cấu của cuốn sách. Thật nhỏ gọn, khác hẳn với bản dịch to, và dày, cuốn sách nhỏ gọn, thật bắt mắt, dễ dàng lưu trữ mà không chiếm quá nhiều diện tích.
Nếu là một người yêu sách hay có sở thích sưu tập thì hãy cho nó vào danh sách cần có.",approved,12,1,[],1.0,Tiki Trading,[]
218859,576680,424851,5,Một cuốn sách tuyệt vời,"Nếu đã đọc bản tiếng Việt của tác phẩm này hay là một fan của Dan Brown, bạn sẽ không ngần ngại bỏ ra một số tiền để sở hữu nó. Lí do ư, đó là một tác phẩm tuyệt vời. Hơn thế nữa, với bản tiếng anh, từng câu chữ của Dan Brown không bị xê dịch, phong cách viết hay lời thoại nhân vật không bị lẫn vào đâu được, đó thật sự là điều mỗi người khi đã đọc tác phẩm của ông bằng tiếng anh mới có thể nhận ra.
Điều mà tôi thích nhất không phải là nội dung câu truyện mà là kết cấu của cuốn sách. Thật nhỏ gọn, khác hẳn với bản dịch to, và dày, cuốn sách nhỏ gọn, thật bắt mắt, dễ dàng lưu trữ mà không chiếm quá nhiều diện tích.
Nếu là một người yêu sách hay có sở thích sưu tập thì hãy cho nó vào danh sách cần có.",approved,4,0,[],1.0,Tiki Trading,[]
218793,180112,424851,5,Trên cả tuyệt vời,"Một cuốn sách thật sự rất hay. Bạn có thể học được nhiều điều từ lịch sử, địa lý đến tiếng anh. Mình đọc bản này mất thời gian cũng khá lâu nhưng mình thấy thật sự rất xứng đáng. Tác giả Dan Brown đúng là bậc thầy trong nghệ thuật xây dựng tình tiết và nhân vật, bên cạnh đó, ông còn có vốn kiến thức sâu về tôn giáo, lịch sử,.... Mình thật sự rất hâm mộ giáo sư Robert Langdon về kiến thức, kĩ năng và tính cách của ông (và đã có ước mơ được sang Mĩ học môn Symbology). Các bạn có thể thấy bản tiếng anh này hơi khó đọc, nhưng để tiếp cận một cách chính xác với các kiến thức văn hóa nhân loại thì thật sự không nên bỏ qua!",approved,4,0,[],1.0,Tiki Trading,[]
390812,1173756,424851,5,Vừa nâng cao khả năng học tiếng anh vừa học kĩ năng giải mã :D,"Dành cho bạn nào chưa biết thì Mật Mã Da Vinci là cuốn tiểu thuyết bán chạy nhất của nhà văn Dan Brown, là cuốn sách mang lại sự nổi tiếng cho ông. Điều đặc biệt về cuốn sách này là, nó đề cập đến hai vấn đề chính: Chính Trị và Tôn Giáo - hai vấn đề cực kì khó bàn luận vì nếu không cẩn thận thì, bạn biết rồi đấy. Vậy nên xung quanh cuốn tiểu thuyết kì bí này, có 2 luồng dư luận trái chiều, một thì khen hết lời, bảo rằng không thể có cuốn sách này hay hơn, nghệ thuật kể chuyện của Dan đạt đến đỉnh cao, còn nhóm còn lại là phê bình, kêu rằng Chính Trị và Tôn Giáo là 2 chủ đề không nên đưa vào tiểu thuyết và những chi tiết trong truyện của Dan là hư cấu, nhiều giả thuyết còn đặt ra liệu mật mã da vinci có thật hay không. Riêng mình thì mình không quan tâm đến việc nó có thật hay không, mình chỉ biết một điều là nó đã đưa trí tưởng tượng của mình đến một vùng đất mới, khiến một cô gái chuyên toán như mình nhận ra được ứng dụng kì diệu của toán học trong giải mã, các mã hóa như hút mình vậy. Vậy nên mình thuộc nhóm có nhận xét tích cực cho Mật mã Da Vinci vì nó khiến mình cảm thấy hài lòng khí gấp trang cuối cùng của cuốn sách lại :D",approved,25,0,[],1.0,Tiki Trading,[]
171068,387632,424851,5,Trí tuệ trong mật mã Da Vinci,"Đây là bản tiếng Anh của Mật mã Da Vinci, quyển tiểu thuyết đã được dịch ra tiếng Việt tại Việt Nam. Tôi rất hay nghi ngờ mỗi khi đọc bản tiếng Việt của các tác phẩm được dịch nên hay tìm đọc bản tiếng Anh và ở quyển này, tôi thấy nội dung cũng không khác bản tiếng Việt nhưng đọc bản tiếng Anh giúp cho chúng ta nâng cao khả năng dịch thuật và là giàu thêm vốn từ Tiếng Anh của mình. Nếu ai trong chúng ta muốn trở thành dịch giả thì quyển sách này rất thích hợp để rèn luyện khả năng dịch thuật, giúp chúng ta biết thêm được nhiều từ ngữ mới và đặc biệt là tự tin hơn trong lĩnh vực mình đang theo đuổi.",approved,3,0,[],1.0,Tiki Trading,[]
20099638,75645,424728,1,Rất không hài lòng,"Chờ đợi 6 ngày háo hức mở ra để nhận lại quyển sách cong veo và bị ố như vậy! 
Mình đã đi tất cả các chi nhánh Fahasa ở SG để mua trực tiếp cuốn này vs mục đích sưu tầm các cuốn Dan Brown nhưng ko có. Đành phải đặt online. Rất thất vọng khi nhận được chất lượng sách đến tay khách hàng tệ thế này!!",approved,0,1,"[{'id': 4400575, 'full_path': 'https://salt.tikicdn.com/ts/review/92/64/83/e5578775361e82e5b95f35ba6a71c285.jpg', 'status': 'approved'}, {'id': 4400576, 'full_path': 'https://salt.tikicdn.com/ts/review/a6/5c/95/e0fb02db41627db3d61f9150ba176c2f.jpg', 'status': 'approved'}]",1231.0,Xunhasaba Thế giới Sách Ngoại văn,"[{'question': 'Thời gian giao hàng?', 'option': 'Giao đúng hẹn'}, {'question': 'Thái độ của shipper?', 'option': 'Lịch sự'}, {'question': 'Giờ giao hàng?', 'option': 'Không hẹn trước'}, {'question': 'Cách đóng gói sản phẩm?', 'option': 'Cẩn thận'}]"
20164570,16215867,424728,4,Hài lòng,"Sách này nhỏ hơn mình nghĩ, chắc là khổ pocket thui. Sách mới, đẹp, không tỳ vết luôn nha",approved,0,0,[],53660.0,Nhà sách Fahasa,"[{'question': 'Thời gian giao hàng?', 'option': 'Giao đúng hẹn'}, {'question': 'Thái độ của shipper?', 'option': 'Lịch sự'}, {'question': 'Giờ giao hàng?', 'option': 'Có hẹn giờ trước'}, {'question': 'Cách đóng gói sản phẩm?', 'option': 'Cẩn thận'}]"
2410817,10247008,424728,1,Thất vọng,"Mình thường xuyên mua hàng Tiki nhưng lần này thất vọng quá! sách ngoại văn mình nghĩ sẽ được bao gói cẩn thận, háo hức đọc sách mới toanh. Nào ngờ giao tới là 1 quyển sách cũ, dính bẩn khắp nơi. Mình liên hệ yêu cầu đổi thì vừa nhận sản phẩm đổi thế này. Chỉ được lau hết vết bẩn. Vẫn là quyển sách cũ gấp nếp, lem màu làm mình rất bực, chán nản. Mong là Tiki sẽ kiểm duyệt sản phẩm cẩn thận trước khi giao.",approved,0,0,"[{'id': 541927, 'full_path': 'https://salt.tikicdn.com/ts/review/c0/de/48/14d1bb82cdda48dcdd5728f090bc418e.jpg', 'status': 'approved'}, {'id': 541928, 'full_path': 'https://salt.tikicdn.com/ts/review/7b/d0/0f/20fc5dc3e4d4627d3294f96927f479dd.jpg', 'status': 'approved'}, {'id': 541929, 'full_path': 'https://salt.tikicdn.com/ts/review/01/fe/9c/b375578b24b24a1baf6186333162ed76.jpg', 'status': 'approved'}, {'id': 541930, 'full_path': 'https://salt.tikicdn.com/ts/review/e8/d7/7d/cf5405af4fb1be6d61a20d4953308518.jpg', 'status': 'approved'}, {'id': 541931, 'full_path': 'https://salt.tikicdn.com/ts/review/65/30/5f/c944f0700e796b87a355ef7101655f65.jpg', 'status': 'approved'}]",6337.0,Foreignbooks,[]
16113802,15718111,424728,5,Cực kì hài lòng,"shop giao hàng nhan, sách đc bọc màng bảo vệ cẩn thận sạch đẹp ạ. ưng lắm nhé ạ. trc đọc quyển này bản t.việt r mà mê quá nên phải quất thêm bản t.anh nữa",approved,0,0,"[{'id': 3416920, 'full_path': 'https://salt.tikicdn.com/ts/review/e2/6d/97/7417b3dc77f5c25b307a34bc195296ab.jpg', 'status': 'approved'}, {'id': 3416921, 'full_path': 'https://salt.tikicdn.com/ts/review/0f/04/1e/24c3f121d4eebf41cb09854dde91c346.jpg', 'status': 'approved'}]",6337.0,Foreignbooks,[]
17363212,27949491,424728,4,Hài lòng,"Giao hàng mất 4 ngày, kiện hàng hơi bị móp méo nhưng sách thì được bọc kỹ càng không hư hỏng, giấy trắng còn mới.",approved,0,0,"[{'id': 3778071, 'full_path': 'https://salt.tikicdn.com/ts/review/e7/03/5f/1b1e469f21ddebdc15ee67c3aef6ae90.jpg', 'status': 'approved'}]",53660.0,Nhà sách Fahasa,[]
4782330,12631514,424728,1,Ẩu tả vô ý thức!,"1⭐️, có khi là -10⭐️.

Cuốn sách giá trị bao nhiêu thì cách mà các bạn kiểm tra chất lượng sản phẩm rồi gửi đi cho khách hàng tỉ lệ nghịch bấy nhiêu. Ủa rồi bữa nay làm ăn thiếu trách nhiệm với vô ý thức đến vậy luôn hả Fahasa? Sách ẩm mốc, ố vàng gáy sách, bìa thì màng bị tróc, sách mới mà không có bọc màng bọc, gáy sách thì rạng nứt như kiểu đã bị đọc rồi?

Đơn hàng 5 cuốn ngoại văn của Dan Brown mà 2 cuốn là bị như trên, 3 cuốn còn lại bị cấn góc, gấp nếp trang, tróc màng mờ trên bìa sách nhưng tạm chấp nhận được!

Gửi email phản hồi thì đẩy qua cho Tiki, trong khi đơn hàng mua từ Fahasa, bản thân là một nhà bán hàng trên này và đơn vị vận chuyển cũng là của Fahasa luôn, tại sao không hỗ trợ giải quyết cho khách hàng khi đơn hàng được bán ra từ chính mình vậy Fahasa?

Rồi ai đứng đầu khâu kiểm tra chất lượng sản phẩm đây? Đơn hàng được đóng gói từ Fahasa thì không thể nào Tiki dính líu gì khâu kiểm duyệt chất lượng sản phẩm rồi. Tệ quá tệ Fahasa ạ!

Yêu cầu đổi trả sách mới dùm tui cái!",approved,0,1,[],53660.0,Nhà sách Fahasa,[]
19059394,21252639,424728,5,Cực kì hài lòng,"Dan Brown, the name now can speak for itself!",approved,0,0,[],53660.0,Nhà sách Fahasa,[]
8969153,127843,424728,5,Cực kì hài lòng,"Sách mua về giấy hơi cũ, mà nghĩ lại hàng tồn kho từ hồi 200x tới giờ thì giấy không xỉn màu cũng lạ, bù lại thì không sợ đây là sách giả.",approved,0,0,"[{'id': 1802734, 'full_path': 'https://salt.tikicdn.com/ts/review/c7/eb/a5/bf02865d03d771eb8c83fac95bc9d05c.jpg', 'status': 'approved'}]",53660.0,Nhà sách Fahasa,[]
12347327,12231614,424728,1,Rất không hài lòng,sách lỗi rách rất nhiều trang,approved,0,0,"[{'id': 2531015, 'full_path': 'https://salt.tikicdn.com/ts/review/12/da/f0/6b89013e60690019fe2db34fa82cce10.jpg', 'status': 'approved'}, {'id': 2531016, 'full_path': 'https://salt.tikicdn.com/ts/review/4f/ec/51/d4af423c9796a8fe2019be1c783c947f.jpg', 'status': 'approved'}]",53660.0,Nhà sách Fahasa,[]
10389081,1258124,424728,5,Cực kì hài lòng,Sách còn nguyên seal. Fahasa dịch vụ packing rất tốt.,approved,0,0,"[{'id': 2129921, 'full_path': 'https://salt.tikicdn.com/ts/review/99/9a/39/c94db62e9a0bcea4e1cd1dc7c1e2caaf.jpg', 'status': 'approved'}]",53660.0,Nhà sách Fahasa,[]
10218195,19161948,424728,5,Cực kì hài lòng,"Sản phẩm được bao bọc tốt, giao nhanh và nội cùn rất tốt. Definitely recommended.",approved,0,0,[],1.0,Tiki Trading,[]
16651754,19188066,424728,5,Cực kì hài lòng,,approved,0,0,[],1231.0,Xunhasaba Thế giới Sách Ngoại văn,[]
10452037,21662836,424728,5,Cực kì hài lòng,,approved,0,0,"[{'id': 2145976, 'full_path': 'https://salt.tikicdn.com/ts/review/17/95/fa/24e7f952a4b3c04ac807fbfef454ba70.jpg', 'status': 'approved'}, {'id': 2222263, 'full_path': 'https://salt.tikicdn.com/ts/review/0f/8d/26/5270fcc40754b9d734fec0a0caeb1a2c.jpg', 'status': 'approved'}]",1.0,Tiki Trading,[]
15800601,6147886,424728,5,Cực kì hài lòng,,approved,0,0,[],6337.0,Foreignbooks,[]
12568594,12231614,424728,5,Cực kì hài lòng,sách gói đẹp cẩn thận ko hư hại,approved,0,0,[],1.0,Tiki Trading,[]
13513504,11591319,424728,5,Cực kì hài lòng,good book,approved,0,0,[],6337.0,Foreignbooks,[]
12256682,22765898,424728,5,Cực kì hài lòng,,approved,0,0,[],1.0,Tiki Trading,[]
11335789,10731611,424728,5,Cực kì hài lòng,,approved,0,0,[],6337.0,Foreignbooks,[]
11136600,15471922,424728,5,Cực kì hài lòng,,approved,0,0,[],1.0,Tiki Trading,[]
9625577,11888605,424728,5,Cực kì hài lòng,,approved,0,0,[],1.0,Tiki Trading,[]
7567860,11948458,424728,5,Cực kì hài lòng,,approved,0,0,[],1.0,Tiki Trading,[]
7199389,5969686,424728,5,Cực kì hài lòng,,approved,0,0,[],1.0,Tiki Trading,[]
3469861,5529153,424728,5,Cực kì hài lòng,Tuyệt vời!!!!!!!!!!!!!!!!,approved,0,0,"[{'id': 971826, 'full_path': 'https://salt.tikicdn.com/ts/review/af/07/5f/34b568584091cfb232b8a979ff978df3.jpg', 'status': 'approved'}]",6337.0,Foreignbooks,[]
4807399,12949424,424728,5,Cực kì hài lòng,"sách đẹp, tiki giao nhanh",approved,0,0,[],53660.0,Nhà sách Fahasa,[]
389284,1070182,424728,4,Được,"Mình là fan của các thể loại truyện trinh thám kiểu truy tìm thế này nên Dan Brown là tác giả mình thích nhất. Truyện toàn bộ bằng tiếng Anh, đọc có hơi khó chút nhưng là cách luyện từ ngữ và các ngữ cảnh tốt. Tình tiết nhanh, nếu không có kiến thức tiếng Anh kha khá thì khó đuổi theo mạch truyện. Các nội dung lịch sử đều được miêu tả chi tiết và có thực. Cũng có vài chỗ hơi lằng nhằng nhưng về cơ bản là được, rất đáng để mua và đọc thử. Tiki giao hàng quyển này nhanh nên mình cơ bản là hài lòng.",approved,3,0,[],1.0,Tiki Trading,[]
372291,641971,424728,4,Tạm Được,"Thấy bên nước ngoài họ rate cuốn này thấp lắm :)))) Nên mình cũng hơi băn khoăn khi mua :)))) Lý do chọn quyển này là muốn đọc sách ngoại văn nhưng những cuốn kia đã đọc bản dịch hết rồi. Muốn tìm hiểu câu chuyện khác.
Nhưng sau khi đọc, lại thấy đây là một cuốn sách cũng khá hay. Tất nhiên nó còn thua xa rất nhiều so với The Da Vinci Code nhưng cũng là một cuốn sách thú vị, dùng để giết thời gian cũng tạm ổn. Cuốn sách này hơi nhiều chi tiết thừa thãi.
Đọc sách ngoại văn thì có một điều rất hay :>  Đây là lần đầu tiên mình đọc sách ngoại văn, cách logic các câu vẫn còn hơi kém nên có thể chưa hiểu toàn bộ ý tứ của nhà văn. Nhưng lại thấy nó vẫn rất hấp dẫn. Dù sao thì cũng là một quyển sách ổn ..",approved,2,0,[],1.0,Tiki Trading,[]
197690,342906,424728,4,Another book from Dan Brown,"Một cuốn sách nữa của Dan Brown.
Nếu các bạn đã yêu thích những cuốn sách trước đây của Dan Brown, hẳn cũng sẽ yêu thích cuốn sách này, mặc dù đối với mình cuốn sách này không thể so sánh với The Da Vinci Code. 
Các bối cảnh và tình huống có xu hướng lặp lại, luôn bao gồm một cảnh rượt đuổi và các đoạn chuyển cảnh khá dài dòng và không cần thiết. 
Tuy nhiên tình tiết truyện khá nhanh, nhiều thông tin. Các nội dung lịch sử được miêu tả chi tiết. Những ai yêu thích Robert Langdon sẽ hài lòng với chuyến phiêu lưu của Langdon trong The lost symbol.
Thay vì đọc bản dịch, đọc bản gốc Tiếng Anh vừa truyền tải được hết ý tứ của nhà văn, vừa là cơ hội luyện đọc ngoại ngữ.",approved,7,0,[],1.0,Tiki Trading,[]
17363210,27949491,424718,4,Hài lòng,"Giao hàng mất 4 ngày, kiện hàng hơi bị móp méo nhưng sách thì được bọc kỹ càng không hư hỏng, giấy trắng còn mới.",approved,0,0,"[{'id': 3778069, 'full_path': 'https://salt.tikicdn.com/ts/review/d1/e8/89/f8a699156881bc0d7517a255a859db33.jpg', 'status': 'approved'}]",53660.0,Nhà sách Fahasa,[]
7525948,1325686,424718,4,"Giao hàng sớm, chất lượng ổn","- Tiki giao hàng sớm hơn dự kiến 1 ngày
- Nhân viên giao hàng nhiệt tình và thân thiện
- Sách đóng gói kĩ và hình thức thì đẹp, không nhăn góc hay các vấn đề khác",approved,1,0,"[{'id': 1560168, 'full_path': 'https://salt.tikicdn.com/ts/review/88/b7/3d/2a30efa82750a2fa815df6c817fe33e7.jpg', 'status': 'approved'}, {'id': 1560169, 'full_path': 'https://salt.tikicdn.com/ts/review/a6/74/22/13e4c5d355e571cfc9f39ea888523785.jpg', 'status': 'approved'}, {'id': 1560170, 'full_path': 'https://salt.tikicdn.com/ts/review/a4/41/d3/bd222856fac36bdc2d6c48afa9d080f6.jpg', 'status': 'approved'}]",53660.0,Nhà sách Fahasa,[]
3667979,131531,424718,5,Cực kì hài lòng,"Cuốn này tuy không có bọc giấy nhưng sách rất mới, rất ok, mặc dù hơi bị ố vàng ở phần mép tí nhưng mình không quá khó tính về vấn đề đó. Sách của bác Dan Brown thì khỏi nói rồi, cầm lên là khỏi đặt xuống được luôn! Khá bất ngờ với tốc độ giao của bên vận chuyển, vừa đặt tối hôm qua thì chiều hôm sau đã thấy alo nhận sách rồi.",approved,0,0,"[{'id': 1026998, 'full_path': 'https://salt.tikicdn.com/ts/review/b8/58/d9/df57f45976e2caf4ba2693c4cc59a500.jpg', 'status': 'approved'}]",1.0,Tiki Trading,[]
19719099,11398833,424718,5,Cực kì hài lòng,,approved,0,0,[],53660.0,Nhà sách Fahasa,"[{'question': 'Thời gian giao hàng?', 'option': 'Giao đúng hẹn'}, {'question': 'Thái độ của shipper?', 'option': 'Lịch sự'}, {'question': 'Giờ giao hàng?', 'option': 'Không hẹn trước'}, {'question': 'Cách đóng gói sản phẩm?', 'option': 'Cẩn thận'}]"
19570679,29388289,424718,5,Cực kì hài lòng,,approved,0,0,[],53660.0,Nhà sách Fahasa,[]
8522649,127843,424718,5,Cực kì hài lòng,sách tồn kho nên mua được giá khá rẻ tuy nhiên chất lượng vẫn bao tốt. giấy khác với giấy sách VN xài nên có thể không vừa mắt một số bạn,approved,0,0,"[{'id': 1718963, 'full_path': 'https://salt.tikicdn.com/ts/review/a2/88/35/84796163b68866e8cc9cde437602c560.jpg', 'status': 'approved'}]",53660.0,Nhà sách Fahasa,[]
19111524,9860922,424718,5,Cực kì hài lòng,,approved,0,0,[],1231.0,Xunhasaba Thế giới Sách Ngoại văn,[]
19085099,22032474,424718,5,Cực kì hài lòng,,approved,0,0,[],53660.0,Nhà sách Fahasa,[]
8375827,17297980,424718,5,Cực kì hài lòng,"Fahasa giao hàng khá nhanh, 2 ngày đã tới nơi, sách được đóng gói rất kỹ",approved,0,0,"[{'id': 1692775, 'full_path': 'https://salt.tikicdn.com/ts/review/9f/fd/25/2a15a5fcc0f474dc6e4c75fb6e43d296.jpg', 'status': 'approved'}, {'id': 1692776, 'full_path': 'https://salt.tikicdn.com/ts/review/e3/6c/1d/2457d7b579f3749d967bb4a9b12e9ef7.jpg', 'status': 'approved'}]",53660.0,Nhà sách Fahasa,[]
18216075,7867524,424718,5,Cực kì hài lòng,,approved,0,0,[],53660.0,Nhà sách Fahasa,[]
10316702,5396647,424718,5,Cực kì hài lòng,"sách mới, có bao bọc cẩn thận, giao hàng nhanh hơn dự kiến. Rất hài lòng ạ.",approved,1,0,"[{'id': 2111043, 'full_path': 'https://salt.tikicdn.com/ts/review/d5/6b/cd/6824926a2595ab94c4d84700f4399a9c.jpg', 'status': 'approved'}]",53660.0,Nhà sách Fahasa,[]
18147781,20676395,424718,5,Cực kì hài lòng,,approved,0,0,[],53660.0,Nhà sách Fahasa,[]
16385757,22692795,424718,5,Cực kì hài lòng,,approved,0,0,[],53660.0,Nhà sách Fahasa,[]
14532990,17814226,424718,5,Cực kì hài lòng,Goood,approved,0,0,[],6337.0,Foreignbooks,[]
12240854,16749546,424718,5,Cực kì hài lòng,"Sách mới nguyên, chữ nét",approved,0,0,[],6337.0,Foreignbooks,[]
13910818,11052033,424718,5,Cực kì hài lòng,,approved,0,0,[],53660.0,Nhà sách Fahasa,[]
13521611,17250899,424718,5,Cực kì hài lòng,,approved,0,0,[],53660.0,Nhà sách Fahasa,[]
12648866,11107143,424718,5,Cực kì hài lòng,,approved,0,0,[],53660.0,Nhà sách Fahasa,[]
11771074,11203713,424718,5,Cực kì hài lòng,Cxsssccvf,approved,0,0,[],53660.0,Nhà sách Fahasa,[]
12150345,22899999,424718,5,Cực kì hài lòng,,approved,0,0,[],6337.0,Foreignbooks,[]
10239286,386283,424718,5,Cực kì hài lòng,Giao hàng nhanh,approved,0,0,[],53660.0,Nhà sách Fahasa,[]
11593531,12260018,424718,5,Cực kì hài lòng,,approved,0,0,[],53660.0,Nhà sách Fahasa,[]
7439075,5517639,424718,5,Cực kì hài lòng,Nhanh. Sách đẹp và mới. Hài lòng lắm.,approved,0,0,[],53660.0,Nhà sách Fahasa,[]
11259954,10117513,424718,5,Cực kì hài lòng,,approved,0,0,[],53660.0,Nhà sách Fahasa,[]
10919040,10731611,424718,5,Cực kì hài lòng,,approved,0,0,[],6337.0,Foreignbooks,[]
8695478,10292027,424718,5,Cực kì hài lòng,Sách đẹp,approved,0,0,[],53660.0,Nhà sách Fahasa,[]
7869626,17200725,424718,5,Cực kì hài lòng,,approved,0,0,[],6337.0,Foreignbooks,[]
7743946,16162377,424718,5,Cực kì hài lòng,,approved,0,0,[],6337.0,Foreignbooks,[]
6192010,11946647,424718,5,Cực kì hài lòng,,approved,0,0,[],6337.0,Foreignbooks,[]
4434114,16119396,424718,5,Cực kì hài lòng,PERFECT,approved,0,0,[],53660.0,Nhà sách Fahasa,[]
3469852,5529153,424718,5,Cực kì hài lòng,Sách tuyệt hay!!!!!!!!!!!!,approved,1,1,[],1.0,Tiki Trading,[]
20193831,27084338,274385023,5,Cực kì hài lòng,"Sách bìa cứng rất đẹp ạ, nội dung đã được đánh giá chi tiết trên Goodreads thì hay khỏi bàn rồi. Ship siêu nhanh ạ, 10/10",approved,0,0,[],1.0,Tiki Trading,"[{'question': 'Thời gian giao hàng?', 'option': 'Giao đúng hẹn'}, {'question': 'Thái độ của shipper?', 'option': 'Lịch sự'}, {'question': 'Giờ giao hàng?', 'option': 'Có hẹn giờ trước'}, {'question': 'Cách đóng gói sản phẩm?', 'option': 'Cẩn thận'}]"
20196023,18917958,253432001,5,Cực kì hài lòng,"Hàng chuẩn , giá hợp lí",approved,0,1,[],229023.0,Nhà Sách Phương Nam,[]
20164480,21611679,253432001,5,Cực kì hài lòng,,approved,0,0,[],229023.0,Nhà Sách Phương Nam,"[{'question': 'Thời gian giao hàng?', 'option': 'Giao đúng hẹn'}, {'question': 'Thái độ của shipper?', 'option': 'Lịch sự'}, {'question': 'Giờ giao hàng?', 'option': 'Có hẹn giờ trước'}, {'question': 'Cách đóng gói sản phẩm?', 'option': 'Cẩn thận'}]"
19578956,770154,253432001,1,Rất không hài lòng,"Thiếu hàng, đưa kháchnsdt bảo add *** để nhận hàng còn lại",approved,0,1,[],229023.0,Nhà Sách Phương Nam,[]
19793913,21863544,195472327,5,Cực kì hài lòng,Tốt,approved,0,0,[],53660.0,Nhà sách Fahasa,[]
18836125,18287304,195472327,5,Cực kì hài lòng,,approved,0,0,[],53660.0,Nhà sách Fahasa,[]
17598598,8845293,191781283,5,Cực kì hài lòng,,approved,0,0,[],1231.0,Xunhasaba Thế giới Sách Ngoại văn,[]
20190344,23631869,2613103,5,Cực kì hài lòng,,approved,0,0,[],1231.0,Xunhasaba Thế giới Sách Ngoại văn,"[{'question': 'Thời gian giao hàng?', 'option': 'Giao đúng hẹn'}, {'question': 'Thái độ của shipper?', 'option': 'Lịch sự'}, {'question': 'Giờ giao hàng?', 'option': 'Không hẹn trước'}, {'question': 'Cách đóng gói sản phẩm?', 'option': 'Cẩn thận'}]"
4697344,622620,2613103,4,Khá Hay,"1 tiểu thuyết khá hay nữa đến từ ""Nữ hoàng trinh thám"". So với ""Mười người da đen nhỏ"" hay ""Án mạng trên chuyến tàu tốc hành phương Đông"" thì không xuất sắc bằng nhưng vẫn đáng giá cho ai là fan truyện trinh thám cũng như đam mê phong cách của Agatha Christie.",approved,1,0,"[{'id': 1161442, 'full_path': 'https://salt.tikicdn.com/ts/review/3b/a5/bd/dafffd443e27848b65f03085de30b892.jpg', 'status': 'approved'}]",53660.0,Nhà sách Fahasa,[]
8106986,19428935,2613103,5,Cực kì hài lòng,"sách rất đẹp còn nguyên seal, không bị trầy xước hay rách, đóng gói cẩn thận lại còn giao hàng nhanh, 5⭐ cho fahasa ;))",approved,0,0,"[{'id': 1650235, 'full_path': 'https://salt.tikicdn.com/ts/review/fd/ba/f2/830f9d374e6a018694db467df3fa2ca2.jpg', 'status': 'approved'}]",53660.0,Nhà sách Fahasa,[]
4807408,12949424,2613103,5,Cực kì hài lòng,"sách đẹp, mới, tiki giao nhanh",approved,0,0,[],53660.0,Nhà sách Fahasa,[]
4183009,11231326,2613103,5,Cực kì hài lòng,,approved,0,0,[],53660.0,Nhà sách Fahasa,[]
11354983,7537117,2530165,5,Cực kì hài lòng,"Chất lượng sách tốt, mặc dù xuất bản cũng nhiều năm rồi nhưng sách vẫn mới tinh, không bị vàng hay nhăn/cong gáy, mình thích Fahasa giao hơn Tiki là do vậy. Sách nước ngoài nên khổ giấy nhỏ hơn bên mình (mình có chụp sách với cuốn tập để so sánh), cầm vừa tay hơn, giấy cũng nhẹ nữa. Về nội dung thì sách của Agatha không thể chê vào đâu được :> Có điều vận chuyển chậm hơn so với dự tính do khâu lấy hàng hơi lâu, nhưng đang dịch nên không sao :>",approved,1,0,"[{'id': 2332515, 'full_path': 'https://salt.tikicdn.com/ts/review/1e/8f/c9/2bbe52e088046e0d108178e2f0d53913.jpg', 'status': 'approved'}, {'id': 2332516, 'full_path': 'https://salt.tikicdn.com/ts/review/3a/80/66/ed834d31d5f1ec897face300be06f363.jpg', 'status': 'approved'}, {'id': 2332517, 'full_path': 'https://salt.tikicdn.com/ts/review/21/96/f0/56347fba381ae9b59b7c69fd453bbe3d.jpg', 'status': 'approved'}, {'id': 2332518, 'full_path': 'https://salt.tikicdn.com/ts/review/23/f5/f2/51d0a8f84eb864090a02276583b13136.jpg', 'status': 'approved'}]",53660.0,Nhà sách Fahasa,[]
12640803,15680893,2530165,3,Bình thường,"sách nhẹ, đóng gói tạm ổn, hơi nhăn một chút ít ở gáy sách nhưng không đáng là bao. tuy nhiên mới nhận hàng về mà mình thấy một vạch bút đỏ ở đây nên không thoải mái cho lắm",approved,0,0,"[{'id': 2603906, 'full_path': 'https://salt.tikicdn.com/ts/review/d5/76/a6/2a114067aeaf6bd62b9fdb04f8763148.jpg', 'status': 'approved'}, {'id': 2603907, 'full_path': 'https://salt.tikicdn.com/ts/review/b2/2d/70/fdccb295f8111ccd5ea623d0f0b55462.jpg', 'status': 'approved'}]",1.0,Tiki Trading,[]
19727347,13304752,2530165,1,Rất không hài lòng,"Sách móp, bìa hư ............",approved,0,1,[],53660.0,Nhà sách Fahasa,[]
11186150,20764223,2530165,5,Cực kì hài lòng,"Sách nhỏ gọn, đọc rất cuốn. Mua của tiki giá hợp lý mà chất lượng sách tốt, mình khá hài lòng quyển này",approved,1,0,"[{'id': 2297500, 'full_path': 'https://salt.tikicdn.com/ts/review/63/7e/05/3be1c0a6f53dd2bf1b7f9bbb87efa7d3.jpg', 'status': 'approved'}, {'id': 2297501, 'full_path': 'https://salt.tikicdn.com/ts/review/34/c2/f5/11946a6eeba80ff29f84bbc05e62aeca.jpg', 'status': 'approved'}, {'id': 2297502, 'full_path': 'https://salt.tikicdn.com/ts/review/d2/86/2f/f50b0b7fc7d1a679f6320a01baa8e77c.jpg', 'status': 'approved'}]",1.0,Tiki Trading,[]
10956859,1080544,2530165,5,Cực kì hài lòng,"mua về đọc thử mà cuốn nhỏ nhỏ cưng lắm, giấy hơi mỏng nên đọc cẩn thận rách",approved,0,0,"[{'id': 2249264, 'full_path': 'https://salt.tikicdn.com/ts/review/ae/fd/ff/e164ae3eaa5076bb766468a6e2ed82d5.jpg', 'status': 'approved'}, {'id': 2249265, 'full_path': 'https://salt.tikicdn.com/ts/review/fa/cd/d2/e4855a7b59f9bc1e8c529621e034d2c1.jpg', 'status': 'approved'}, {'id': 2249266, 'full_path': 'https://salt.tikicdn.com/ts/review/56/3a/5f/8c32850883a72118373b46eb5f548e93.jpg', 'status': 'approved'}]",53660.0,Nhà sách Fahasa,[]
11532288,1012249,2530165,5,Cực kì hài lòng,"Sách nhỏ, gọn, nhẹ. Chữ in đẹp, rõ nét, dễ đọc. Giá sale khá ổn áp. Nội dung truyện siêu cuốn.",approved,0,0,"[{'id': 2366324, 'full_path': 'https://salt.tikicdn.com/ts/review/aa/db/c5/859d9423103ee5a56c31f363474ce45c.jpg', 'status': 'approved'}, {'id': 2366325, 'full_path': 'https://salt.tikicdn.com/ts/review/6a/98/dd/f11f961a1e9a3bbf70c3b8f60ec197ca.jpg', 'status': 'approved'}]",53660.0,Nhà sách Fahasa,[]
14397907,5690239,2530165,5,Cực kì hài lòng,,approved,0,0,"[{'id': 3013061, 'full_path': 'https://salt.tikicdn.com/ts/review/9d/18/b8/87f583b567724378b89922cb18ef4e23.jpg', 'status': 'approved'}, {'id': 3013062, 'full_path': 'https://salt.tikicdn.com/ts/review/6c/fd/f3/18a61d0863d6b0855db237f2091e774f.jpg', 'status': 'approved'}]",1.0,Tiki Trading,[]
3406529,6264769,2530165,3,Bình thường,"Sản phẩm không tốt, sách khi giao bị tróc ở các góc nhìn như là sách cũ vậy",approved,0,0,"[{'id': 950590, 'full_path': 'https://salt.tikicdn.com/ts/review/00/43/bf/a216b875438c5f2a53b1a53891c21db6.jpg', 'status': 'approved'}, {'id': 950591, 'full_path': 'https://salt.tikicdn.com/ts/review/b8/9a/bf/124dcb9c7b90e01b6130f956dd9bd12e.jpg', 'status': 'approved'}, {'id': 950592, 'full_path': 'https://salt.tikicdn.com/ts/review/1d/96/80/0c6b9f5fc44af8bfacae8358a84bd18c.jpg', 'status': 'approved'}]",1.0,Tiki Trading,[]
10326077,1616893,2530165,5,Cực kì hài lòng,"Size sách hơi nhỏ, giao hơi chậm xí mà nói chung ok",approved,0,0,"[{'id': 2114204, 'full_path': 'https://salt.tikicdn.com/ts/review/0a/7b/0f/73466830dd04d94322b9215551cfdc4a.jpg', 'status': 'approved'}]",6337.0,Foreignbooks,[]
8861991,5243849,2530165,4,Tốt.,Sách theo khổ nhỏ nhỏ như cuốn sổ tay. Ko giống như mình tưởng tượng nhưng cũng ok,approved,0,0,[],53660.0,Nhà sách Fahasa,[]
15730875,8040231,2530165,5,Cực kì hài lòng,,approved,0,0,[],53660.0,Nhà sách Fahasa,[]
15582701,21179286,2530165,5,Cực kì hài lòng,,approved,0,0,[],53660.0,Nhà sách Fahasa,[]
7513813,5464313,2530165,4,Hài lòng,"Sách hay,  nội dung sách hấp dẫn. Recommend tới mọi người nên đọc qua thử thay vì xem phim.",approved,0,0,[],1.0,Tiki Trading,[]
15308705,24452779,2530165,5,Cực kì hài lòng,,approved,0,0,[],53660.0,Nhà sách Fahasa,[]
15208514,22792627,2530165,5,Cực kì hài lòng,,approved,0,0,[],53660.0,Nhà sách Fahasa,[]
15147040,11300516,2530165,5,Cực kì hài lòng,,approved,0,0,[],53660.0,Nhà sách Fahasa,[]
13436285,8506266,2530165,5,Cực kì hài lòng,,approved,0,0,[],53660.0,Nhà sách Fahasa,[]
5386571,18984014,2530165,4,Hài lòng,Nội dung thì khỏi bàn nhưng sách chưa được bảo quản tốt:( mong tiki xem xét lại,approved,0,0,[],1.0,Tiki Trading,[]
8107600,20464074,2530165,5,Cực kì hài lòng,cực kì hài lòng,approved,0,0,"[{'id': 1650331, 'full_path': 'https://salt.tikicdn.com/ts/review/ae/04/60/80e9b972862245520d5237194d82c537.jpg', 'status': 'approved'}]",6337.0,Foreignbooks,[]
12368654,23445022,2530165,5,Cực kì hài lòng,,approved,0,0,[],1.0,Tiki Trading,[]
8224298,915109,2530165,1,Rất không hài lòng,Sách hơi cũ và bẩn. Tỷ lệ sách khá nhỏ.,approved,0,1,[],6337.0,Foreignbooks,[]
11158410,12260018,2530165,5,Cực kì hài lòng,,approved,0,0,[],53660.0,Nhà sách Fahasa,[]
10637917,21006785,2530165,5,Cực kì hài lòng,,approved,0,0,[],53660.0,Nhà sách Fahasa,[]
2926811,5496855,2530165,2,Đã nhận hàng,"Thất vọng thật sự :-)) Giấy thì xấu, in thì lệch, trông lại còn cũ, ko vừa tầm so với giá :-)) Ko nên mua",approved,0,0,[],6337.0,Foreignbooks,[]
9153536,14804554,2530165,5,Cực kì hài lòng,,approved,0,0,[],6337.0,Foreignbooks,[]
7939167,13555690,2530165,5,Cực kì hài lòng,,approved,0,0,[],6337.0,Foreignbooks,[]
5440522,8204254,2530165,3,Bình thường,Hơi nhỏ,approved,0,0,[],53660.0,Nhà sách Fahasa,[]
2987673,12850570,2530165,5,Cực kì hài lòng,sản phẩm quá tuyệt vời giao hàng cẩn thận k có j để chê cả =),approved,0,0,[],53660.0,Nhà sách Fahasa,[]
5215718,12824678,2530165,4,Hài lòng,,approved,0,0,[],53660.0,Nhà sách Fahasa,[]
4299088,11085055,2530165,5,Cực kì hài lòng,,approved,0,0,[],6337.0,Foreignbooks,[]
1849090,7560346,2530165,5,Hài lòng,"Sách trong tình trạng tốt, giao hàng đúng hẹn. Mình rất hài lòng.",approved,1,1,[],6337.0,Foreignbooks,[]
1924660,6535214,2530165,5,Sách hay,Sách khổ nhỏ hơn mình tưởng. Dày. Bìa nhám. Sạch sẽ. Nội dung tuyệt vời. Giao hàng nhanh,approved,1,0,"[{'id': 325429, 'full_path': 'https://salt.tikicdn.com/ts/review/0f/85/02/2b3ff2997906b6278a13c1e0d7f95824.jpg', 'status': 'approved'}, {'id': 325430, 'full_path': 'https://salt.tikicdn.com/ts/review/54/99/c3/e0215ad74bc41bb7cd73c56dcb21473b.jpg', 'status': 'approved'}, {'id': 325431, 'full_path': 'https://salt.tikicdn.com/ts/review/c1/87/eb/0e6e3ba31337281e5d35470d11dca677.jpg', 'status': 'approved'}]",,,[]
11488153,8575377,2530165,5,Cực kì hài lòng,,approved,0,0,[],53660.0,Nhà sách Fahasa,[]
15327641,11440163,367083,5,Cực kì hài lòng,"Vỡ òa vì sách quá mới, đẹp, sạch sẽ ko vết ố vàng, font to dễ đọc, khổ bỏ túi tiện lợi. Cảm ơn Xunhasaba, mong nhà sách nhập thêm nhiều tác phẩm khác của Sidney Sheldon ^^",approved,0,0,"[{'id': 3209535, 'full_path': 'https://salt.tikicdn.com/ts/review/7e/73/7c/db75a6f59d3f9a16fb0dfc691037d661.jpg', 'status': 'approved'}, {'id': 3209536, 'full_path': 'https://salt.tikicdn.com/ts/review/c5/8a/18/a753470c66573e2307e0a79d64280c0a.jpg', 'status': 'approved'}, {'id': 3209537, 'full_path': 'https://salt.tikicdn.com/ts/review/e6/76/3f/e7e8bd8129b9a14187008733815f77fc.jpg', 'status': 'approved'}, {'id': 3209538, 'full_path': 'https://salt.tikicdn.com/ts/review/fe/a7/2f/0a8e42d796d98f395884e2b850071ea1.jpg', 'status': 'approved'}]",1231.0,Xunhasaba Thế giới Sách Ngoại văn,[]
18737085,10349732,367083,5,Cực kì hài lòng,,approved,0,0,[],1231.0,Xunhasaba Thế giới Sách Ngoại văn,[]
17881502,17559055,367083,5,Cực kì hài lòng,,approved,0,0,[],1231.0,Xunhasaba Thế giới Sách Ngoại văn,[]
16084720,27353221,367083,5,Cực kì hài lòng,Tuyệt vời,approved,0,0,[],1231.0,Xunhasaba Thế giới Sách Ngoại văn,[]
8026659,1445735,367083,5,Cực kì hài lòng,,approved,0,0,[],1.0,Tiki Trading,[]
7563178,1464163,367083,5,Cực kì hài lòng,,approved,0,0,[],1.0,Tiki Trading,[]
833341,5486002,367083,5,Hay cực,"Vừa đọc vừa phải tra từ điển, nhưng phải nói là rất bõ công. Tình tiết truyện nhanh vừa phải, hấp dẫn. Sự trả thù của nhân vật chính hay những phi vụ lường gạt được xây dựng rất thông minh. Quyển sách là tập hợp của mưu mô, tình yêu, tình bạn.",approved,0,0,[],1.0,Tiki Trading,[]
82325,100797,367083,5,Nếu còn có ngày mai.,"Cuốn sách này tôi mua sau khi đã đọc xong bản tiếng Việt - Nếu còn có ngày mai. 
Đây sẽ là lời giải đáp cho tất cả những thắc mắc của mọi người khi xem bản tiếng Việt. Ông thẩm phán đã bị vu tội gián điệp như thế nào, nội dung thật sự của bức điện gửi đi nước ngoài ra sao,... tình yêu và diễn biến đầy đủ giữa Jeff và Tracy ra sao,... mà bản tiếng Việt không làm được do ngăn cách ngôn ngữ
Sau khi đọc bản này thì tôi hơi thất vọng với bản tiếng việt. Vì cuốn sách này mới thật sự là kiệt tác,làm cho Sydney xứng đáng với danh hiệu ""Bậc thầy kể chuyện"". ",approved,14,0,[],1.0,Tiki Trading,[]
13700318,25089662,506011,5,Cực kì hài lòng,,approved,0,0,[],6337.0,Foreignbooks,[]
4782189,12631514,421275,1,"Sách cũ, sách dơ, sách bẩn!","Lần đầu tiên cho Fahasa 1⭐️, có khi là -10⭐️.

Cuốn sách giá trị bao nhiêu thì cách mà các bạn kiểm tra chất lượng sản phẩm rồi gửi đi cho khách hàng tỉ lệ nghịch bấy nhiêu. Ủa rồi bữa nay làm ăn thiếu trách nhiệm với vô ý thức đến vậy luôn hả Fahasa? Sách ẩm mốc, ố vàng gáy sách, bìa thì màng bị tróc, sách mới mà không có bọc màng bọc, gáy sách thì rạng nứt như kiểu đã bị đọc rồi?

Đơn hàng 5 cuốn ngoại văn của Dan Brown mà 2 cuốn là bị như trên, 3 cuốn còn lại bị cấn góc, gấp nếp trang, tróc màng mờ trên bìa sách nhưng tạm chấp nhận được!

Gửi email phản hồi thì đẩy qua cho Tiki, trong khi đơn hàng mua từ Fahasa, bản thân là một nhà bán hàng trên này và đơn vị vận chuyển cũng là của Fahasa luôn, tại sao không hỗ trợ giải quyết cho khách hàng khi đơn hàng được bán ra từ chính mình vậy Fahasa?

Rồi ai đứng đầu khâu kiểm tra chất lượng sản phẩm đây? Đơn hàng được đóng gói từ Fahasa thì không thể nào Tiki dính líu gì khâu kiểm duyệt chất lượng sản phẩm rồi. Tệ quá tệ Fahasa ạ!

Yêu cầu đổi trả sách mới dùm tui cái!",approved,0,1,"[{'id': 1175002, 'full_path': 'https://salt.tikicdn.com/ts/review/ef/70/8b/36d715c755983e16f44f8056764ec8fe.jpg', 'status': 'approved'}, {'id': 1175003, 'full_path': 'https://salt.tikicdn.com/ts/review/cc/20/2f/6a37882aa1d562200b285af8dc312ac1.jpg', 'status': 'approved'}, {'id': 1175004, 'full_path': 'https://salt.tikicdn.com/ts/review/d6/b2/4a/924c8466fb69d60d94bee06317bd6bd9.jpg', 'status': 'approved'}, {'id': 1175005, 'full_path': 'https://salt.tikicdn.com/ts/review/20/98/b0/f3e6bd4737c0115babbbf7d5d5ba8b9d.jpg', 'status': 'approved'}]",53660.0,Nhà sách Fahasa,[]
19317099,27610666,421275,2,Không hài lòng,Đây không pài là cuốn sách mình đặt ạ.Dhop giao sai và mình yêu cầu được giao lại cuốn mới với tựa đề:”Digital Fortress”!Mình cảm ơn ạ.,approved,0,0,"[{'id': 4239164, 'full_path': 'https://salt.tikicdn.com/ts/review/e1/f3/d1/2180fe8fb1ddd41cbc09c573a1c655ad.jpg', 'status': 'approved'}]",1231.0,Xunhasaba Thế giới Sách Ngoại văn,[]
17363214,27949491,421275,4,Hài lòng,"Giao hàng mất 4 ngày, kiện hàng hơi bị móp méo nhưng sách thì được bọc kỹ càng không hư hỏng, giấy trắng còn mới.",approved,0,0,"[{'id': 3778073, 'full_path': 'https://salt.tikicdn.com/ts/review/78/a7/81/919b26786191049ca58722f38780f60f.jpg', 'status': 'approved'}]",53660.0,Nhà sách Fahasa,[]
3667956,131531,421275,3,Bình thường,"Mình đặt mua cả series của bác Dan Brown. Lần này đến tay là cuốn Digital Fortress. Sách có bọc giấy ở ngoài nhưng rất cũ và gáy sách bị ố vàng đồng thời bị cuộn gập vào trong trông khá mất thẩm mĩ. Nhưng thôi nói chung với giá tiền này thì cũng tạm được. Nội dung sách thì khỏi chê, ai thích dòng truyện kiểu thriller/suspense/historical/religion thì nên tìm đọc bác Dan Brown trước bởi sách của bác khá dễ đọc và cũng rất informative nữa!",approved,0,0,"[{'id': 1026997, 'full_path': 'https://salt.tikicdn.com/ts/review/5d/c0/74/1ed58be4dc5d591f07565190c16cde16.jpg', 'status': 'approved'}]",6337.0,Foreignbooks,[]
19025962,10731611,421275,4,Hài lòng,,approved,0,0,[],53660.0,Nhà sách Fahasa,[]
15784778,1027368,421275,5,Cực kì hài lòng,Đúng bộ mình đã mua và còn thiếu.,approved,0,0,"[{'id': 3321936, 'full_path': 'https://salt.tikicdn.com/ts/review/d2/94/ce/4e420b0dac4fb49da34a4bd0db915a26.jpg', 'status': 'approved'}]",53660.0,Nhà sách Fahasa,[]
17382735,346892,421275,5,Cực kì hài lòng,,approved,0,0,[],53660.0,Nhà sách Fahasa,[]
16904175,22678512,421275,5,Cực kì hài lòng,,approved,0,0,[],53660.0,Nhà sách Fahasa,[]
15800595,6147886,421275,5,Cực kì hài lòng,,approved,0,0,[],6337.0,Foreignbooks,[]
14839403,198297,421275,5,Cực kì hài lòng,,approved,0,0,[],6337.0,Foreignbooks,[]
2676441,7560346,421275,1,Sách nhận sai mô tả,"Bữa hôm trước mình đã hỏi cho chắc coi sách size nhỏ hay size lớn, nhận được trả lời là khổ lớn nhưng lại nhận được khổ nhỏ.",approved,0,1,[],6337.0,Foreignbooks,[]
2079641,1724911,421275,1,Quá thất vọng về chất lượng sách nhận được,"sách nhận được bẩn, giấy k tốt, gáy sách còn bị rách. nói chung thất vọng về chất lượng sách nhận được",approved,0,0,"[{'id': 384760, 'full_path': 'https://salt.tikicdn.com/ts/review/e6/45/e4/090f3806cbc40faa45f68dd2c5fd8b4f.jpg', 'status': 'approved'}, {'id': 384761, 'full_path': 'https://salt.tikicdn.com/ts/review/57/bb/3a/fc84d85dec9021487c222e28eaf86df9.jpg', 'status': 'approved'}]",1.0,Tiki Trading,[]
2715408,14076735,421275,5,ok,"vận chuyển nhanh, sách không bị sờn hay rách. tuy nhiên tiki vẫn chưa bọc hẳn hoi sách mà chỉ để trong hộp mà vận chuyển!",approved,0,0,[],1.0,Tiki Trading,[]
10204854,20938763,421275,5,Cực kì hài lòng,,approved,0,0,[],53660.0,Nhà sách Fahasa,[]
2934867,7864361,421275,5,Hài lòng,"Mình nhận sách từ bên fahasa, đóng gói cẩn thận, sách mới.",approved,0,0,"[{'id': 785948, 'full_path': 'https://salt.tikicdn.com/ts/review/3e/b0/43/2f5dd171ff63ed71002623a270887f2f.jpg', 'status': 'approved'}]",53660.0,Nhà sách Fahasa,[]
4807438,12949424,421275,5,Cực kì hài lòng,"sách đẹp, mới, tiki giao nhanh",approved,0,0,[],53660.0,Nhà sách Fahasa,[]
2761880,6851153,421275,5,Truyện hay,"Truyện rất hay, giấy rất đẹp và nhẹ. Giao hàng nhanh hơn dự kiến",approved,0,0,[],1.0,Tiki Trading,[]
5218476,11707856,421275,5,Cực kì hài lòng,,approved,0,0,[],53660.0,Nhà sách Fahasa,[]
4538499,17944112,421275,5,Cực kì hài lòng,,approved,0,0,[],5489.0,Nhà sách Ngoại Văn,[]
861870,5663214,421275,4,Tương đối tốt,"Sách nhỏ, cầm vừa tay, mình thích kích thước này, chữ rõ. Chỉ là mặt bên (chỗ mở sách) có 1 vùng khác màu (vàng ơ so với màu giấy) nên trong bị cũ đi 1 xí, nhưng ko quan trọng",approved,3,0,[],1.0,Tiki Trading,[]
261433,248300,421275,3,Cuốn sách nhỏ gọn đáng yêu,"""Pháo đài số"" bản dịch tiếng Việt cũng đã rất hấp dẫn nhưng mình muốn trải nghiệm cảm xúc thực của người viết thông qua bản gốc bằng tiếng Anh do đó mình đã quyết định mua em này về đọc. Cảm nhận đầu tiên là em ý nhỏ nhỏ xinh xinh, giấy nhám màu ngả vàng, cầm rất nhẹ. Sự tiện lợi của em ý mang lại đó là mình có thể bỏ túi mang đi bất kỳ nơi đâu để có thể nhấm nháp lúc rảnh rỗi. Bên cạnh đó em nó cũng có hạn chế là nhỏ nên chữ cũng nhỏ, đọc nhiều sẽ cảm giác hơi mỏi mắt. Tuy  nhiên, tổng thể là mình vẫn rất thích em nó và dự định của mình là sưu tập đủ bộ Dan Brown bản gốc tiếng Anh.",approved,5,0,[],1.0,Tiki Trading,[]
771877,1252512,421275,4,Thích,"Mình thích cầm quyển này, nhỏ, nhẹ và gọn. Nhưng hơi khó đọc, vì mình đọc để luyện tiếng anh :)",approved,0,0,[],1.0,Tiki Trading,[]
891506,180112,421275,4,Sách đẹp - nội dung ok,"Về cuốn sách: Bìa đẹp, nhẹ, dạng pocket book nên chữ hơi nhỏ một xíu, nhưng đọc thì vẫn okie.
Về nội dung: Cũng như các sách khác của Dan Brown, phần đầu hơi dài dòng (vì nhắm vào việc cung cấp các kiến thức khoa học), nhưng sau đó thì nhịp độ khá nhanh và hấp dẫn.
Tiếng Anh cũng không quá khó đến mức phải tra từng từ để hiểu.",approved,0,0,[],,,[]
18452319,15139241,421232,5,Cực kì hài lòng,"Giao hàng rất nhanh, đặt sáng mà tối đã nhận được. Sách hơi bé so với tưởng tượng của mình, bìa in màu khá đẹp nhưng giấy bên trong mỏng và vàng không biết chất lượng thế nào",approved,0,0,"[{'id': 4049509, 'full_path': 'https://salt.tikicdn.com/ts/review/f2/e8/43/b2aac2f2e67d947bd079fce25ab6c140.jpg', 'status': 'approved'}, {'id': 4049510, 'full_path': 'https://salt.tikicdn.com/ts/review/d4/81/49/ab0a819b41ce82945d6a441b9e3f2c9e.jpg', 'status': 'approved'}, {'id': 4049511, 'full_path': 'https://salt.tikicdn.com/ts/review/03/e8/33/dd88267a991734f50b3c3369ae2844a1.jpg', 'status': 'approved'}]",6337.0,Foreignbooks,[]
17363216,27949491,421232,4,Hài lòng,"Giao hàng mất 4 ngày, kiện hàng hơi bị móp méo nhưng sách thì được bọc kỹ càng không hư hỏng, giấy trắng còn mới.",approved,0,0,"[{'id': 3778074, 'full_path': 'https://salt.tikicdn.com/ts/review/61/06/54/c0b2baa93fe399e0c06d606b8c007db7.jpg', 'status': 'approved'}]",53660.0,Nhà sách Fahasa,[]
3667998,131531,421232,5,Cực kì hài lòng,"Cuốn này được bọc giấy rất cẩn thận, chất lượng sách khá mới, có hơi bị sờn ở mép bì sách nhưng không đáng kể. Sách giao nhanh lắm, mình vừa đặt tối hôm trước thì chiều hôm sau đã tới rồi. Nằm trong series thuộc thể loại thriller/suspense/historical của Bác Dan Brown nên mình rất tin tưởng.",approved,0,0,"[{'id': 1027001, 'full_path': 'https://salt.tikicdn.com/ts/review/f2/de/4f/2c87130796bbcb576ad886c86cebce64.jpg', 'status': 'approved'}]",6337.0,Foreignbooks,[]
4782319,12631514,421232,1,Ẩu tả vô ý thức!,"1⭐️, có khi là -10⭐️.

Cuốn sách giá trị bao nhiêu thì cách mà các bạn kiểm tra chất lượng sản phẩm rồi gửi đi cho khách hàng tỉ lệ nghịch bấy nhiêu. Ủa rồi bữa nay làm ăn thiếu trách nhiệm với vô ý thức đến vậy luôn hả Fahasa? Sách ẩm mốc, ố vàng gáy sách, bìa thì màng bị tróc, sách mới mà không có bọc màng bọc, gáy sách thì rạng nứt như kiểu đã bị đọc rồi?

Đơn hàng 5 cuốn ngoại văn của Dan Brown mà 2 cuốn là bị như trên, 3 cuốn còn lại bị cấn góc, gấp nếp trang, tróc màng mờ trên bìa sách nhưng tạm chấp nhận được!

Gửi email phản hồi thì đẩy qua cho Tiki, trong khi đơn hàng mua từ Fahasa, bản thân là một nhà bán hàng trên này và đơn vị vận chuyển cũng là của Fahasa luôn, tại sao không hỗ trợ giải quyết cho khách hàng khi đơn hàng được bán ra từ chính mình vậy Fahasa?

Rồi ai đứng đầu khâu kiểm tra chất lượng sản phẩm đây? Đơn hàng được đóng gói từ Fahasa thì không thể nào Tiki dính líu gì khâu kiểm duyệt chất lượng sản phẩm rồi. Tệ quá tệ Fahasa ạ!

Yêu cầu đổi trả sách mới dùm tui cái!",approved,0,1,[],53660.0,Nhà sách Fahasa,[]
15248336,20373944,421232,4,Hài lòng,"sách đã cũ, ngả màu, bìa ngoài bị defect nhưng chất lượng đọc vẫn ổn, giá tốt",approved,0,0,[],53660.0,Nhà sách Fahasa,[]
18589181,5476135,421232,5,Cực kì hài lòng,,approved,0,0,[],6337.0,Foreignbooks,[]
11746435,5147548,421232,5,Cực kì hài lòng,Sách còn bìa co. Giao nhanh. Sách rất mới. Cầm đọc rất thích. Về sách ngoại văn nên mua của fahasa trên tiki nhé.,approved,0,0,[],53660.0,Nhà sách Fahasa,[]
18306536,10668066,421232,5,Cực kì hài lòng,,approved,0,0,[],6337.0,Foreignbooks,[]
6560674,1493242,421232,5,Cực kì hài lòng,"Sản phẩm đẹp đóng gói tốt, đặc biệt cảm ơn em nhân viên giao hàng Phan Hoà Hiệp rất tuyệt vời, 6 sao cho chất lượng dịch vụ nhé.",approved,0,0,[],1.0,Tiki Trading,[]
17349495,18080626,421232,5,Cực kì hài lòng,,approved,0,0,[],6337.0,Foreignbooks,[]
17349494,18080626,421232,5,Cực kì hài lòng,,approved,0,0,[],53660.0,Nhà sách Fahasa,[]
8969167,127843,421232,5,Cực kì hài lòng,Thiếu mỗi cuốn hoả ngục và pháo đài số nữa là full rồi :3,approved,0,0,"[{'id': 1802741, 'full_path': 'https://salt.tikicdn.com/ts/review/c7/eb/a5/94d77b9fe5392712e81e140968cd262a.jpg', 'status': 'approved'}]",53660.0,Nhà sách Fahasa,[]
15981757,198297,421232,5,Cực kì hài lòng,,approved,0,0,[],1231.0,Xunhasaba Thế giới Sách Ngoại văn,[]
15800588,6147886,421232,5,Cực kì hài lòng,,approved,0,0,[],6337.0,Foreignbooks,[]
7787775,16629988,421232,2,Không hài lòng,sản phẩm ok nhưng shipper rất mất lịch sự. Hi vọng tiki xem lại thái độ của shipper.,approved,0,1,[],1.0,Tiki Trading,[]
7368579,13363948,421232,5,Cực kì hài lòng,"sách đẹp, chất lượng tốt, nội dung thì chưa đọc ?",approved,0,0,[],53660.0,Nhà sách Fahasa,[]
10517088,22125021,421232,5,Cực kì hài lòng,,approved,0,0,[],53660.0,Nhà sách Fahasa,[]
7199400,5969686,421232,5,Cực kì hài lòng,,approved,0,0,[],1.0,Tiki Trading,[]
3469866,5529153,421232,5,Cực kì hài lòng,Tuyệt vời!!!!!!!!!!!!!!!!,approved,1,0,"[{'id': 971828, 'full_path': 'https://salt.tikicdn.com/ts/review/af/07/5f/e8577072454401ff2b3b2c5b4826ac4a.jpg', 'status': 'approved'}]",6337.0,Foreignbooks,[]
5994620,1861688,421232,5,Cực kì hài lòng,,approved,0,0,[],1.0,Tiki Trading,[]
4459170,13935010,421232,5,Cực kì hài lòng,,approved,0,0,[],1.0,Tiki Trading,[]
3296711,8723550,421232,5,Cực kì hài lòng,"sách đẹp ko tì vết, 5 sao",approved,0,0,[],53660.0,Nhà sách Fahasa,[]
362344,998924,421232,4,Quyển sách hay nhất tôi từng đọc,"Tôi không nghĩ mình có hứng thú với những quyển sách (kể cả tiểu thuyết) với đề tài nặng đô như chính trị. Nhưng Deception point đã khiến tôi phải nghĩ khác. 583 trang sách kể về một câu chuyện diễn ra trong...1 ngày. Nhưng khi đọc đên trang cuối người đọc sẽ có cảm giác như nhiều tháng đã trôi qua vì câu chuyện quá li kì và hấp dẫn. Không một chi tiết thừa, và gần như không thể đoán trước được điều gì sẽ xảy ra hay kết quả sẽ như thế nào. Những điều bí ẩn nhất về những lĩnh vực bí mật nhất như tình báo, cuộc chạy đua vào nhà trắng của các chính trị gia đều được miểu tả cặn kẽ trong quyển sách mà ngay từ đầu tác giả đã khuyến cáo là đều... có thật.",approved,7,0,[],1.0,Tiki Trading,[]
20220882,568764,279040621,5,Cực kì hài lòng,,approved,0,0,[],53660.0,Nhà sách Fahasa,"[{'question': 'Thời gian giao hàng?', 'option': 'Giao đúng hẹn'}, {'question': 'Thái độ của shipper?', 'option': 'Lịch sự'}, {'question': 'Giờ giao hàng?', 'option': 'Có hẹn giờ trước'}, {'question': 'Cách đóng gói sản phẩm?', 'option': 'Cẩn thận'}]"
17598606,8845293,101870931,5,Cực kì hài lòng,,approved,0,0,[],53660.0,Nhà sách Fahasa,[]
19911645,620317,274673019,5,Cực kì hài lòng,,approved,0,0,[],53660.0,Nhà sách Fahasa,[]
20126386,417562,262705765,4,Hài lòng,Sách hay và lôi cuốn. Bìa sách có chỗ hơi quăn góc một chút nhưng vẫn chấp nhận được.,approved,0,0,[],1231.0,Xunhasaba Thế giới Sách Ngoại văn,[]
20206717,11247812,50078774,5,Cực kì hài lòng,"Sách đẹp, giao nhanh, đóng gói kỹ, cực kỳ hài lòmg",approved,0,0,[],53660.0,Nhà sách Fahasa,[]
17931468,8264853,50078774,5,Cực kì hài lòng,"FHS đóng gói k kĩ lắm nma giao rất nhanh, trong vòng 12h là mình nhận đc rùi nè. Truyện cũng may là k cấn móp gì cả, có cái seal hơi đểu tí =))))",approved,0,0,"[{'id': 3928754, 'full_path': 'https://salt.tikicdn.com/ts/review/c8/df/c2/1637d331a4e860536cac46a10444bf0b.jpg', 'status': 'approved'}]",53660.0,Nhà sách Fahasa,[]
14702402,8541987,50078774,5,Cực kì hài lòng,sách mới giao hàng nhanh giá cả rất phải chăng ưng lắm a,approved,0,0,"[{'id': 3079989, 'full_path': 'https://salt.tikicdn.com/ts/review/e3/43/c7/4d0f194eaf32bb6db1bf2d970dcf5ee6.jpg', 'status': 'approved'}]",53660.0,Nhà sách Fahasa,[]
10366691,16848986,50078774,5,Cực kì hài lòng,"Giao hàng đúng ngày hẹn, bọc sách cực cẩn thận shipper thân thiện. Ưng cái bụng quá Fahasa ơii!! ❤️",approved,0,0,"[{'id': 2124210, 'full_path': 'https://salt.tikicdn.com/ts/review/2b/e0/92/8d02945b2b1dc8e1202909777e670cc3.jpg', 'status': 'approved'}]",53660.0,Nhà sách Fahasa,[]
17739984,16331293,50078774,5,Cực kì hài lòng,,approved,0,0,[],53660.0,Nhà sách Fahasa,[]
16999411,20389553,50078774,5,Cực kì hài lòng,,approved,0,0,[],53660.0,Nhà sách Fahasa,[]
12546051,22120962,50078774,5,Cực kì hài lòng,,approved,0,0,[],53660.0,Nhà sách Fahasa,[]
6812245,19788842,50078774,5,Cực kì hài lòng,,approved,1,0,"[{'id': 1456969, 'full_path': 'https://salt.tikicdn.com/ts/review/1b/af/4d/40eb9fbba29a1bfff1d280e08dcaa623.jpg', 'status': 'approved'}]",1.0,Tiki Trading,[]
7819510,1204108,50078774,5,Cực kì hài lòng,,approved,0,0,[],1.0,Tiki Trading,[]
6692864,19277576,50078774,5,Cực kì hài lòng,fast service,approved,1,0,[],1.0,Tiki Trading,[]
11708748,22059018,526453,5,Cực kì hài lòng,"Truyện kể về tâm lý của 3 cô gái Rachel đáng thương quỵ luỵ, Anna giựt chồng nhiều chuyện, Megan lả lơi thiếu thốn tình cảm.. cả ba đều xoay quanh 1 thằng Tom đểu cáng, lẻo mép. Nhiều lúc tức điên lên vì sự quỵ luỵ của Rachel 😤
Truyện trinh thám khá hay và rất cuốn hút. Đáng để đọc nhé 
Sách la dạng Mass market paperback nên sẽ bìa mềm và nhỏ, dạng pocket. Gía này là hợp lý dòi hehe chill mùa dịch hay phết ạ",approved,2,0,"[{'id': 2487391, 'full_path': 'https://salt.tikicdn.com/ts/review/6e/e1/04/ceb39b286c7cd21d70673a7e11a0ac40.jpg', 'status': 'approved'}, {'id': 2487411, 'full_path': 'https://salt.tikicdn.com/ts/review/e8/14/eb/a94dd35b98bebd732b0369309cb85a3d.jpg', 'status': 'approved'}]",53660.0,Nhà sách Fahasa,[]
18992328,28265750,526453,5,Cực kì hài lòng,,approved,0,0,[],53660.0,Nhà sách Fahasa,[]
18646563,13063374,526453,5,Cực kì hài lòng,,approved,0,0,[],53660.0,Nhà sách Fahasa,[]
17682968,68951,526453,5,Cực kì hài lòng,,approved,0,0,[],53660.0,Nhà sách Fahasa,[]
14880780,21656305,526453,4,Hài lòng,bìa hơi mỏng,approved,0,0,[],53660.0,Nhà sách Fahasa,[]
12503985,6939517,526453,1,Rất không hài lòng,Mình vẫn chưa nhận được hàng,approved,0,0,[],53660.0,Nhà sách Fahasa,[]
14463501,2103142,526453,5,Cực kì hài lòng,,approved,0,0,[],53660.0,Nhà sách Fahasa,[]
538181,2874089,526453,4,"Sách hay,giá rẻ ","Nội dung truyện hay,nên đọc thử 1 lần nếu ai thích thể loại tâm lý càng k nên bỏ qua. Giá cả hợp lý 134k,phí vận chuyển 12k là 146k. Cảm thấy ngoại văn như vậy là ok rồi. Nhưng nếu giá chưa giảm là 192k thì có lẽ mắc. Mong tiki giữ mức giá 134k luôn",approved,1,2,"[{'id': 2305, 'full_path': 'https://salt.tikicdn.com/ts/review/44/09/62/44096248ed1aa718f3d1073b3cdf4993.jpg', 'status': 'approved'}, {'id': 2309, 'full_path': 'https://salt.tikicdn.com/ts/review/cd/4c/10/cd4c10fb5b3692ad414921edea2d6d68.jpg', 'status': 'approved'}]",1.0,Tiki Trading,[]
904326,5407520,526453,5,Mình thích cuốn sách Cô gái trên tàu,"Sách nhỏ, gọn nhẹ có thể mang theo đọc trên đường. Nội dung không quá đặc sắc nhưng lôi cuốn. Ngôn ngữ dễ hiểu mô tả nội tâm dễ hiểu không cần tra từ mới mà vẫn hiểu được. Câu chuyện trinh thám mà như nhật ký. Mình không hối hận khi mua sách và vẫn đang đọc mỗi ngày trước khi đi ngủ.",approved,0,0,[],1.0,Tiki Trading,[]
1153218,5189351,526453,5,Cực kì hài lòng,"Đọc mấy trang đầu thì từ vựng bao la, nhưng về sau thì rất dễ hiểu",approved,0,0,[],1.0,Tiki Trading,[]
19921108,29971394,274144021,5,Cực kì hài lòng,,approved,0,0,[],229023.0,Nhà Sách Phương Nam,[]
19921109,29971394,274144019,5,Cực kì hài lòng,,approved,0,0,[],229023.0,Nhà Sách Phương Nam,[]
18853886,143693,102133070,5,Cực kì hài lòng,Sách hay,approved,0,0,[],53660.0,Nhà sách Fahasa,[]
12888135,14943930,121635442,5,Cực kì hài lòng,Chuyện hay,approved,0,0,[],12696.0,Blue Horizon Books,[]
3331338,5502353,40033786,5,Definitely a must-read!,"Excellent sequel to the “One of Us is Lying” series. I thoroughly enjoyed this book and its other sequels. Highly recommend if anyone wishes to have a quick read and enjoys a thriller/mystery type of YA genre! 

As for Tiki delivery service, you’ve never failed to amaze me at how quick/efficient you are and that my products (mostly books) always come to me beautiful & securely wrapped! Thank you!",approved,0,0,"[{'id': 928435, 'full_path': 'https://salt.tikicdn.com/ts/review/ef/97/f0/0259e35d4f1b3ed3367c97bd02229253.jpg', 'status': 'approved'}]",1.0,Tiki Trading,[]
19733086,9900512,40033786,5,Cực kì hài lòng,,approved,0,0,[],53660.0,Nhà sách Fahasa,[]
17739982,16331293,40033786,5,Cực kì hài lòng,,approved,0,0,[],53660.0,Nhà sách Fahasa,[]
17366620,7828101,40033786,5,Cực kì hài lòng,,approved,0,0,[],53660.0,Nhà sách Fahasa,[]
14519329,20552909,40033786,5,Cực kì hài lòng,,approved,0,0,[],53660.0,Nhà sách Fahasa,[]
7270327,9145641,40033786,5,Cực kì hài lòng,,approved,0,0,[],53660.0,Nhà sách Fahasa,[]
6728737,19277576,40033786,5,Cực kì hài lòng,nice,approved,0,0,[],53660.0,Nhà sách Fahasa,[]
6883693,19788842,40033786,5,Cực kì hài lòng,,approved,0,0,[],53660.0,Nhà sách Fahasa,[]
8498096,12746724,2043987,5,Cực kì hài lòng,Ok đẹp trai cho em hỏi anh yêu êm dịu thanh toán cho em đi t cân All có tikinow,approved,0,0,"[{'id': 1713768, 'full_path': 'https://salt.tikicdn.com/ts/review/5d/17/02/16ef1b0c3c6b4bcb75853b3e9d25bd3a.jpg', 'status': 'approved'}]",1.0,Tiki Trading,[]
7218236,5148123,2043987,5,Cực kì hài lòng,Rất ổn áp nhá,approved,0,0,[],1.0,Tiki Trading,[]
7870236,1996249,2043987,5,Cực kì hài lòng,,approved,0,0,[],1.0,Tiki Trading,[]
7713079,13948456,2043987,5,Cực kì hài lòng,,approved,0,0,[],1.0,Tiki Trading,[]
19320406,5971277,263057071,5,Cực kì hài lòng,"Bọc xốp 4 góc sách vô cùng cẩn thận. Sách vẫn nguyên trong giấy bóng không một vết xước, tuyệt vời! 10 điểm",approved,0,0,"[{'id': 4239992, 'full_path': 'https://salt.tikicdn.com/ts/review/af/a1/13/890a180c3a83173e07afbcea8330dfd9.jpg', 'status': 'approved'}]",16979.0,GOLD BOOKS,"[{'question': 'Thời gian giao hàng?', 'option': 'Giao đúng hẹn'}, {'question': 'Thái độ của shipper?', 'option': 'Lịch sự'}, {'question': 'Giờ giao hàng?', 'option': 'Có hẹn giờ trước'}, {'question': 'Cách đóng gói sản phẩm?', 'option': 'Cẩn thận'}]"
19797385,27636725,263057071,5,Cực kì hài lòng,,approved,0,0,[],7734.0,NHBook,[]
17598619,8845293,195697007,5,Cực kì hài lòng,,approved,0,0,[],53660.0,Nhà sách Fahasa,[]
20065162,30142457,198996342,5,Cực kì hài lòng,,approved,0,0,[],53660.0,Nhà sách Fahasa,[]
19051874,570313,198996342,5,Cực kì hài lòng,,approved,0,0,[],53660.0,Nhà sách Fahasa,[]
19777017,19939309,4301709,5,Cực kì hài lòng,Hết cuốn này rồi hay sao á nên shop đã gửi một cuốn khác nhưng chất lượng cuốn đó cũng rất tốt nên không vấn đề gì.,approved,0,0,[],1231.0,Xunhasaba Thế giới Sách Ngoại văn,[]
20031952,23038774,4301709,5,Cực kì hài lòng,,approved,0,0,[],1231.0,Xunhasaba Thế giới Sách Ngoại văn,[]
