id,name,price,list_price,discount_rate,rating_average,review_count,all_time_quantity_sold,authors,publisher_vn,manufacturer,isbn13,book_cover,number_of_page,publication_date,current_seller_name,inventory_status,stock,has_freeship,is_authentic,has_return_policy
279135832,"Sách - Atlas Shrugged by Ayn Rand (Penguin Modern Classics) - Fiction, Classics ,Philosophy",380000,380000,0,5,1,1,Ayn Rand,Penguin Books,Penguin Books,9780141188935,Bìa mềm,1168,2007-01-08,Bookworm Hà Nội,available,1000,True,True,True
278812692,Sách - Anna Karenina by Leo Tolstoy - (Wordsworth Classics),280000,280000,0,0,0,0,Leo Tolstoy,Wordsworth,Wordsworth Editions, 9781853262715,Bìa mềm,813,1999-05-03,Bookworm Hà Nội,available,1000,True,True,True
277739965,Sách - Ulysses by James Joyce - Wordsworth Classics - English Book - Sách Ngoại văn - Nhập khẩu UK,280000,280000,0,0,0,1,James Joyce,Wordsworth Editions Ltd,Wordsworth Editions,9781840226355,Bìa mềm,682,2010-06-19,Bookworm Hà Nội,available,1000,True,True,True
277590083,Gulliver’s Travels (Collins Classics),89000,89000,0,0,0,1,Jonathan Swift,William Collins,William Collins,978-0007351022,Bìa mềm,336,,Nhà Sách Phương Nam,available,1000,True,True,True
277589681,A Christmas Carol (Collins Classics),53000,53000,0,0,0,4,Charles Dickens,William Collins,William Collins,978000735086,Tùy chọn phiên bản bìa cứng hoặc bìa mềm,144,,Nhà Sách Phương Nam,available,1000,True,True,True
277500164,THE ADVENTURES OF TOM SAWYER,99000,99000,0,0,0,2,Mark Twain,Harper Collins,Harper Collins,9780007420117,Bìa mềm,,,Xunhasaba Thế giới Sách Ngoại văn,available,1000,True,True,True
277497278,ROBINSON CRUSOE,99000,99000,0,0,0,4,Daniel Defoe,Harper Collins,Harper Collins,9780007350841,Bìa mềm,,,Xunhasaba Thế giới Sách Ngoại văn,available,1000,True,True,True
277378239,PERSUASION,99000,99000,0,5,2,4,Jane Austen,Harper Collins,Harper Collins,9780007368617,Bìa mềm,,,Xunhasaba Thế giới Sách Ngoại văn,available,1000,True,True,True
276606291,The Great Gatsby,99000,99000,0,0,0,5,F. Scott Fitzgerald,Wordsworth Editions Ltd,Wordworth Editions Ltd,9780007368655,Bìa mềm,,,Xunhasaba Thế giới Sách Ngoại văn,available,1000,True,True,True
276589907,Sense and Sensibility HB,299000,299000,0,0,0,4,Jane Austen,Wordsworth Editions Ltd,Wordworth Editions Ltd,9781840228007,Bìa cứng,,,Xunhasaba Thế giới Sách Ngoại văn,available,1000,True,True,True
276589531,Persuasion HB,299000,299000,0,0,0,1,Jane Austen,Wordsworth Editions Ltd,Wordsworth Editions Ltd,9781840227994,Bìa cứng,,,Xunhasaba Thế giới Sách Ngoại văn,available,1000,True,True,True
276564488,JOURNEY TO THE CENTRE OF THE EARTH,99000,99000,0,0,0,1,Jules Verne,Wordsworth Editions Ltd,Wordworth Editions Ltd,9780007372379,Bìa mềm,,,Xunhasaba Thế giới Sách Ngoại văn,available,1000,True,True,True
274856445,Sách Ngoại Văn - The Old Man and the Sea (Paperback by Ernest Hemingway (Author)),279000,279000,0,0,0,2,Ernest Hemingway,Công ty TNHH Thương mại và Dịch vụ Văn hóa Hà Nội,Arrow Books,978-0099908401,Paperback,112,,Tazano Official Store,available,1000,True,True,True
274287344,Sách All the Sinners Bleed: A Novel,351000,700000,50,0,0,2,S. A. Cosby,Macmillan,MacMillan,9781250831910,Bìa mềm,,,Tiki Trading,available,1000,False,True,True
262790005,The Turn Of The Screw (Collins Classics),53000,53000,0,5,1,13,Henry James,Phương Nam Book,William Collins,9780007420285,Bìa mềm,192,,Nhà Sách Phương Nam,available,1000,True,True,True
262789988,Men Like Gods (Collins Classics),89000,89000,0,0,0,7,H G Wells,Phương Nam Book,William Collins,9780008403485,Bìa mềm,256,,Nhà Sách Phương Nam,available,1000,True,True,True
262787506,Moby Dick (Collins Classics),99000,99000,0,5,2,0,Herman Melville,,,,,,,,out_of_stock,,False,False,False
262787495,Aesop's Fables. (Collins Classics),89000,89000,0,5,1,4,Aesop,Phương Nam Book,HarperCollins Publishers,HarperCollins Publishers,Bìa mềm,192,,Nhà Sách Phương Nam,available,1000,True,True,True
262787116,Jane Eyre (Collins Classics),99000,99000,0,4.6,5,26,Charlotte Brontë,Phương Nam Book,William Collins,9780007350803,Bìa mềm,512,,Nhà Sách Phương Nam,available,1000,True,True,True
262701140,Romeo and Juliet,99000,99000,0,5,2,8,,Harper Collins,Harper Collins,9780007902361,Bìa mềm,,,Xunhasaba Thế giới Sách Ngoại văn,available,1000,True,True,True
254021962,The Adventures of Tom Sawyer (Collins Classics),89000,89000,0,4.3,3,22,Mark Twain,Phương Nam Book,William Collins,9780007420117,Bìa mềm,272,,Nhà Sách Phương Nam,available,1000,True,True,True
253420671,The Book Thief,329000,329000,0,0,0,6,Markus Zusak,Phương Nam Book,Knopf Books for Young Readers, 9780375842207,Bìa mềm,608,,Nhà Sách Phương Nam,available,1000,True,True,True
210154938,Ghost Stories of Henry James,169000,169000,0,5,1,7,,Wordsworth Editions Ltd,Wordsworth Editions Ltd,9781840220704,,,,Xunhasaba Thế giới Sách Ngoại văn,available,1000,True,False,True
210154592,Dracula & Dracula's Guest,169000,169000,0,5,1,1,,Wordsworth Editions Ltd,Wordsworth Editions Ltd,9781840226270,,,,Xunhasaba Thế giới Sách Ngoại văn,available,1000,True,True,True
190235098,Moby Dick,133400,145000,8,5,3,18,MELVILLE,Wordsworth Editions Ltd,Wordsworth Editions Ltd,9781853260087,Bìa mềm,,,Xunhasaba Thế giới Sách Ngoại văn,available,1000,True,True,True
183725279,Tiểu thuyết kinh điển tiếng Anh: All the Light We Cannot See,344510,387090,11,5,2,18,Anthony Doerr,Harper Collins,Harper Collins Publ. UK,,Bìa mềm,,,Blue Horizon Books,available,1000,True,True,True
155646635,Tiểu thuyết tiếng Anh - Little Women,203810,229000,11,5,5,33,Louisa May Alcott,Alma Books Ltd,Alma Books,,Bìa mềm,528,,Blue Horizon Books,available,1000,True,True,True
48573483,Tiểu thuyết tiếng Anh - Crime And Punishment,352881,396495,11,5,9,54,Fyodor Dostoevsky,Vintage Publishing,Vintage Publishing,9780099981909 ,Bìa mềm,592,,Blue Horizon Books,available,1000,True,True,True
12626679,Ivanhoe,99000,99000,0,5,4,20,Sir Walter Scott,,Wordsworth Editions Ltd,9781853262029,Paperback,464,,Xunhasaba Thế giới Sách Ngoại văn,available,1000,True,True,True
2532703,Sách Charlotte's Web,259300,273000,5,5,15,141,"Kate DiCamillo, E B White, Illustrated By Garth Williams",HarperCollins,HarperCollins,9780064400558,Paperback,192,2012-10-04,Nhà sách Fahasa,available,1000,True,True,True
442482,Sách The Book Thief (Paperback),349000,349000,0,5,1,8,Markus Zusak,Penguin Random House,Penguin Random House US,9780552779739,Paperback,553,2013-07-22,Xunhasaba Thế giới Sách Ngoại văn,available,1000,True,True,True
435220,Sách The Picture Of Dorian Gray (Paperback),145000,145000,0,5,3,21,Oscar Wilde,Wordsworth Editions Ltd,Wordsworth Editions Ltd,9781853260155,Paperback,194,2001-05-21,Xunhasaba Thế giới Sách Ngoại văn,available,1000,True,True,True
426702,Sách Five Children And It,99000,99000,0,5,3,6,Edith Nesbit,Wordsworth Editions Ltd,Wordsworth Editions Ltd,9781853261244,Paperback,188,2013-12-05,Xunhasaba Thế giới Sách Ngoại văn,available,1000,True,True,True
416640,Sách Vanity Fair,130000,130000,0,5,2,26,William Makepeace Thackeray,Wordsworth Editions Ltd,Wordsworth Editions Ltd,9781853260193,Paperback,694,1998-01-05,Xunhasaba Thế giới Sách Ngoại văn,available,1000,True,True,True
416430,Sách Tiểu thuyết tiếng Anh - Great Expectations,145000,145000,0,5,6,53,Charles Dickens,Wordsworth Editions Ltd,Wordsworth Editions Ltd,9781853260049,Paperback,423,2007-07-01,Xunhasaba Thế giới Sách Ngoại văn,available,1000,True,True,True
416407,Sách tiếng Anh - The Great Gatsby,156195,175500,11,5,1,23,F. Scott Fitzgerald,Wordsworth Editions Ltd,Wordsworth Editions Ltd,9781853260414,Paperback,122,2001-11-07,Blue Horizon Books,available,1000,True,True,True
416389,Truyện đọc tiếng Anh - Wordsworth Editions: The Little Prince,132610,149000,11,4.7,132,610,Antoine De Saint-Exupéry,Wordsworth Editions Ltd,Wordsworth Editions Ltd,9781853261589,Paperback,109,1999-03-01,Blue Horizon Books,available,1000,True,True,True
416377,Sách Tiểu thuyết tiếng Anh - Wordsworth Classics: Oliver Twist,120000,120000,0,5,5,30,Charles Dickens,Wordsworth Editions Ltd,Wordsworth Editions Ltd,9781853260124,Paperback,373,2000-04-01,Xunhasaba Thế giới Sách Ngoại văn,available,1000,True,True,True
338286,Sách The Fountainhead,282100,297000,5,5,29,185,Ayn Rand,Penguin Random House,Penguin Random House UK,9780451191151,Mass market paperback,694,1952-04-01,Nhà sách Fahasa,available,1000,True,True,True
338167,"Sách Sherlock Holmes: The Complete Novels and Stories, Volume II (Bantam Classic)",199900,215000,7,4.7,22,112,Sir Arthur Conan Doyle,Penguin Random House,Penguin Random House US,9780553212426,Paperback,768,1986-12-01,Nhà sách Fahasa,available,1000,True,False,True
279157682,Speaking Out,389000,389000,0,0,0,0,Albert Camus,Penguin Random House,Penguin Random House,9780241400364,Bìa mềm,,,Xunhasaba Thế giới Sách Ngoại văn,available,1000,True,True,True
279157508,The Outsider B,299000,299000,0,0,0,1,Albert Camus,Penguin Random House,Penguin Random House,9780141198064,Bìa mềm,,,Xunhasaba Thế giới Sách Ngoại văn,available,1000,True,True,True
279124598,White Nights,449000,449000,0,0,0,0,"Dostoyevsky, Fyodor",Penguin Random House,Penguin Random House,9780241619780,Bìa mềm,,,Xunhasaba Thế giới Sách Ngoại văn,available,1000,True,True,True
279101201,Sách - Death in Midsummer (Penguin Modern Classics) by Yukio Mishima - Short Stories| Fiction,390000,390000,0,0,0,0,Yukio Mishima,Penguin Classics,Penguin Classics,9780241678947,Bìa mềm,201,2024-01-10,Bookworm Hà Nội,available,1000,True,True,True
279073539,Sách - Spring Snow by Yukio Mishima | Japanese Historical Fiction / Classics / Ngoại văn Nhập khẩu,380000,380000,0,0,0,0,Yukio Mishima,Vintage Classics,Vintage Classics,9780099282990,Bìa mềm,400,1999-05-11,Bookworm Hà Nội,available,1000,True,True,True
279064935,Sách - Never Let Me Go by Kazuo Ishiguro | Everyman’s Library / Classics / Ngoại văn Bìa cứng,620000,620000,0,0,0,0,Kazuo Ishiguro,Penguin Random House,Everyman's Library,9781841594101,Bìa cứng,312,2023-01-14,Bookworm Hà Nội,available,1000,True,True,True
279064885,Sách - Don Quixote by Miguel De Cervantes | Everyman’s Library / Classics / Ngoại văn Bìa cứng,720000,720000,0,0,0,0,Miguel De Cervantes Saavedra,Penguin Random House,Everyman's Library,9781857150032,Bìa cứng,1048,1991-02-20,Bookworm Hà Nội,available,1000,True,True,True
278816123,Sách - The Divine Comedy by Dante Alighieri - Wordsworth Classics,280000,280000,0,0,0,0,Dante Alighieri,,,,,,,,out_of_stock,,False,False,False
278785727,Sách - The Great Gatsby by F. Scott Fitzgerald | Classic Novel / Ngoại văn Nhập khẩu,180000,180000,0,0,0,0,F. Scott Fitzgerald,,,,,,,,out_of_stock,,False,False,False
278783756,Sách - Great Expectations by Charles Dickens | Classics Bildungsroman / Ngoại văn Nhập khẩu Bìa cứng,380000,380000,0,0,0,0,Charles Dickens,Wordsworth Editions Ltd,Wordsworth Editions,9781840228014,Bìa cứng,512,2020-10-14,Bookworm Hà Nội,available,1000,True,True,True
278783704,Sách - The Collected Short Stories of Katherine Mansfield | Classic Fiction / Ngoại văn Nhập khẩu,220000,220000,0,0,0,0,Katherine Mansfield,Wordsworth Editions Ltd,Wordsworth Editions,9781840222654,Bìa mềm,688,2006-05-26,Bookworm Hà Nội,available,1000,True,True,True
278775320,Sách - Moby Dick by Herman Melville - Classics/Fiction/Literature book in English - Ngoại Văn,220000,220000,0,0,0,0,Herman Melville,,,,,,,,out_of_stock,,False,False,False
278775006,Sách - Little Dorrit by Charles Dickens - Classics/Fiction/Literature book in English - Ngoại Văn,220000,220000,0,0,0,0,Charles Dickens,Wordsworth Editions Ltd,Wordsworth Editions,9781853261824,Bìa mềm,848,1996-05-22,Bookworm Hà Nội,available,1000,True,True,True
278774979,Sách - The Innocents Abroad by Mark Twain - Travel/Classics/Nonfiction book in English - Ngoại Văn,220000,220000,0,0,0,0,Mark Twain,Wordsworth Editions Ltd,Wordsworth Editions,9781840226362,Bìa mềm,464,2020-10-01,Bookworm Hà Nội,available,1000,True,True,True
278752387,Sách - The Metamorphosis and Other Stories by Franz Kafka / Tiểu thuyết tiếng Anh / Classic / English,280000,280000,0,0,0,0,Franz Kafka,,,,,,,,out_of_stock,,False,False,False
278751953,Alice’s Adventures in Wonderland & Through the Looking Glass,145000,145000,0,0,0,0,Archie Carroll,Wordsworth Editions Ltd,Wordsworth Editions Ltd,9781853260025,Bìa mềm,,,Xunhasaba Thế giới Sách Ngoại văn,available,1000,True,True,True
278702958,Little Women,449000,449000,0,0,0,0,Louisa May Alcott,Simon & Schuster,Simon & Schuster,9781667209678,Bìa mềm,,,Xunhasaba Thế giới Sách Ngoại văn,available,1000,True,True,True
277555522,THE RETURN OF SHERLOCK HOLMES,99000,99000,0,0,0,0,Arthur Conan Doyle,Harper Collins,Harper Collins,9780007934423,Bìa mềm,,,Xunhasaba Thế giới Sách Ngoại văn,available,1000,True,True,True
277539585,THE LAST OF THE MOHICANS,99000,99000,0,0,0,1,James Fenimore Cooper,Harper Collins,Harper Collins,9780007368662,Bìa mềm,,,Xunhasaba Thế giới Sách Ngoại văn,available,1000,True,True,True
277378373,PYGMALION,99000,99000,0,0,0,0,George Bernard Shaw,Harper Collins,Harper Collins,9780008480066,Bìa mềm,,,Xunhasaba Thế giới Sách Ngoại văn,available,1000,True,True,True
277370118,KING LEAR,99000,99000,0,0,0,1,William Shakespeare,Harper Collins,Harper Collins,9780007902330,Bìa mềm,,,Xunhasaba Thế giới Sách Ngoại văn,available,1000,True,True,True
277010656,GULLIVER’S TRAVELS,99000,99000,0,0,0,0,Jonathan Swift,Harper Collins,Harper Collins,9780007351022,Bìa mềm,,,Xunhasaba Thế giới Sách Ngoại văn,available,1000,True,True,True
276589742,Pride and Prejudice,499000,499000,0,5,1,2,Jane Austen,Wordsworth Editions Ltd,Wordworth Editions Ltd,9780141040349,Bìa mềm,,,Xunhasaba Thế giới Sách Ngoại văn,available,1000,True,True,True
274384971,Sách The Celebrants,307000,700000,56,5,1,3,Steven Rowley,Penguin,Penguin,9780593540428,Bìa mềm,,,Tiki Trading,available,1000,False,True,True
274287321,Sách Zero Days,379000,750000,49,0,0,3,Ruth Ware,Simon & Schuster,Simon & Schuster,9781982155292,Bìa mềm,,,Tiki Trading,available,1000,False,True,True
274031250,Crime and Punishment,449000,449000,0,0,0,1,Fyodor Dostoyevsky,Simon & Schuster,Simon & Schuster,9781667209722,Bìa mềm,,,Xunhasaba Thế giới Sách Ngoại văn,available,1000,True,True,True
272442011,"Sách Twisted Love (Twisted, 1)",643000,990055,35,5,1,3,Ana Huang,Bloom Books,Bloom Books,9781728274867,Bìa mềm,352,,Tiki Trading,available,1000,False,True,True
253328443,The Black Swan: The Impact of the Highly Improbable (Second Edition),419000,419000,0,0,0,24,Nassim Nicholas Taleb,Phương Nam Book,Random House,9780812973815,Bìa mềm,480,,Nhà Sách Phương Nam,available,1000,True,False,True
253326004,The Secret Garden (Collins Classics),89000,89000,0,0,0,0,Frances Hodgson Burnett,,,,,,,,out_of_stock,,False,False,False
210138249,A Pair of Blue Eyes,99000,99000,0,5,1,2,,Wordsworth Editions Ltd,Wordsworth Editions Ltd,9781853262777,,,,Xunhasaba Thế giới Sách Ngoại văn,available,1000,True,True,True
199650471,Frankenstein: Puffin Clothbound Classics,372000,372000,0,0,0,3,Mary Shelley,Penguin Books,Puffin Classics,9780241425121,,,,Nhà sách Fahasa,available,1000,True,True,True
193101760,The Handmaid's Tale (Vintage Classics),348200,359000,3,5,2,14,Margaret Atwood,Grantham Book Services,Vintage Children's Classics,9781784871444,,,,Nhà sách Fahasa,available,1000,True,True,True
190233715,The Plays of Oscar Wilde,145000,145000,0,5,1,7,Oscar Wilde,Wordsworth Editions Ltd,Wordsworth Editions Ltd,9781840224184,Bìa mềm,,,Xunhasaba Thế giới Sách Ngoại văn,available,1000,True,False,True
180323708,The Complete Novels of Jane Austen,499000,499000,0,5,1,3,,Wordsworth Editions Ltd,Wordsworth Editions Ltd,9781840225563,Bìa cứng,1440,,Xunhasaba Thế giới Sách Ngoại văn,available,1000,True,True,True
560564,Sách The Secret Garden (Vintage Children's Classics),262000,262000,0,5,10,30,Frances Hodgson Burnett,Penguin Random House,Penguin Random House US,9780099572954,Paperback,384,2012-08-02,Nhà sách Fahasa,available,1000,True,False,True
548497,Sách Pride and Prejudice - Vintage,138700,143000,3,5,8,66,Jane Austen,Penguin Random House,Penguin Random House,9781784871727,Paperback,384,2016-07-07,Nhà sách Fahasa,available,1000,True,True,True
526253,Sách The Book Thief (10th Anniversary Re-issue) - Paperback,242500,250000,3,4.8,19,218,Markus Zusak,Penguin Random House,Penguin Random House,9781909531611,Paperback,624,2016-09-08,Nhà sách Fahasa,available,1000,True,True,True
481061,Sách Penguin Essentials : Lolita (Paperback),301600,311000,3,5,10,65,Vladimir Nabokov,Penguin Random House,Penguin Random House US,9780241951644,Paperback,368,2011-07-21,Nhà sách Fahasa,available,1000,True,True,True
416644,Sách The Lost World And Other Stories,130000,130000,0,5,4,18,Sir Arthur Conan Doyle,Wordsworth Editions Ltd,Wordsworth Editions Ltd,9781853262456,Paperback,446,1995-04-05,Xunhasaba Thế giới Sách Ngoại văn,available,1000,True,True,True
416429,Sách Wordsworth Classics: What Katy Did At School And What Katy Did Next,99000,99000,0,0,0,8,Susan Coolidge,Wordsworth Editions Ltd,Wordsworth Editions Ltd,9781840224375,Paperback,341,2011-10-05,Xunhasaba Thế giới Sách Ngoại văn,available,1000,True,True,True
279042707,Sách ngoại văn: Pride And Prejudice - Modern Library Classics,166400,179000,7,0,0,0,nhieu tac gia,Penguin Books,Nhiều Nhà Xuất Bản,9780679783268,Bìa mềm,,2023-12-21,Nhà sách Fahasa,available,1000,True,True,True
279026764,Sách ngoại văn: Sense and Sensibility,128300,138000,7,0,0,0,"Jane Austen, Margaret Drabble",Penguin Books,Signet,9780451531018,Bìa mềm,,2023-12-21,Nhà sách Fahasa,available,1000,True,True,True
278943036,Sách ngoại văn: The Annotated Persuasion,383600,417000,8,0,0,0,Jane Austen,Penguin Books,Anchor,9780307390783,Bìa mềm,,2023-12-21,Nhà sách Fahasa,available,1000,True,True,True
278942938,Sách ngoại văn: The Annotated Sense And Sensibility,366100,398000,8,0,0,0,Jane Austen,Penguin Books,Anchor,9780307390769,Bìa mềm,,2023-12-21,Nhà sách Fahasa,available,1000,True,True,True
278810706,Sách - The Comfort Book by Matt Haig - Tiểu thuyết tiếng Anh / Novel / Fiction - Bìa cứng,480000,480000,0,0,0,0,Matt Haig,,,,,,,,out_of_stock,,False,False,False
278810613,Sách - Letters to Milena: Franz Kafka’s Love Letters | Classics Romance / Ngoại văn Nhập khẩu,320000,320000,0,0,0,0,Franz Kafka,,,,,,,,out_of_stock,,False,False,False
278804799,Sách - The Best Short Stories by Guy de Maupassant | Classic Literature / Ngoại văn Kinh điển,180000,180000,0,5,1,1,Guy De Maupassant,Wordsworth Editions Ltd,Wordsworth Editions Ltd,9781853261893,Bìa mềm,224,1997-08-29,Bookworm Hà Nội,available,1000,True,True,True
278789826,Sách - Mary Barton (Wordsworth Classics) by Elizabeth Gaskell | English Romance Literature Book,180000,180000,0,0,0,0,Elizabeth Gaskell,Wordsworth Editions Ltd,Wordsworth Editions Ltd,9781840226898,Bìa mềm,448,2012-10-17,Bookworm Hà Nội,available,1000,True,True,True
278788634,Sách - The Hound of the Baskervilles & The Valley of Fear (Sherlock Holmes) by Arthur Conan Doyle,180000,180000,0,0,0,0,Arthur Conan Doyle,Wordsworth Editions Ltd,Wordsworth Editions Ltd,9781840224009,Bìa mềm,336,1999-07-09,Bookworm Hà Nội,available,1000,True,True,True
278443164,"Sách - Fahrenheit 451 by Ray Bradbury : A Novel, Classics, Fiction, Mass Market Paperback in English",280000,280000,0,0,0,0,Ray Bradbury,Simon & Schuster,Simon & Schuster,9781451690316,Mass market paperback,158,2012-07-11,Bookworm Hà Nội,available,1000,True,True,True
277588066,"Sách - The Glass Bead Game by Hermann Hesse - Sách tiếng anh, Bìa mềm",380000,380000,0,0,0,0,Hermann Hesse,Vintage Books,Vintage Books,9780099283621,Bìa mềm,530,2000-03-15,Bookworm Hà Nội,available,1000,True,True,True
277540096,TROY - Tiếng anh,99000,99000,0,0,0,0,"Homer , Allen Mandelbaum",Harper Collins,Harper Collins,9780008299392,Bìa mềm,,,Xunhasaba Thế giới Sách Ngoại văn,available,1000,True,True,True
277539711,THE PLAYS OF OSCAR WILDE,99000,99000,0,0,0,1,Oscar Wilde,Harper Collins,Harper Collins,9780007902224,Bìa mềm,,,Xunhasaba Thế giới Sách Ngoại văn,available,1000,True,True,True
277539700,THE PILGRIM’S PROGRESS,99000,99000,0,0,0,2,John Bunyan,Harper Collins,Harper Collins,9780007925322,Bìa mềm,,,Xunhasaba Thế giới Sách Ngoại văn,available,1000,True,True,True
277539600,THE LEGEND OF SLEEPY HOLLOW AND OTHER STORIES,99000,99000,0,0,0,0,Washington Irving,Harper Collins,Harper Collins,9780007920662,Bìa mềm,,,Xunhasaba Thế giới Sách Ngoại văn,available,1000,True,True,True
277500033,TALES OF MYSTERY AND IMAGINATION,99000,99000,0,0,0,1,Edgar Allan Poe,Harper Collins,Harper Collins,9780007420223,Bìa mềm,,,Xunhasaba Thế giới Sách Ngoại văn,available,1000,True,True,True
277375284,The Mill On The Floss,329000,329000,0,0,0,1,George Eliot,Macmillan,MacMillan,9781509890019,Bìa cứng,672,,Nhà Sách Phương Nam,available,1000,True,True,True
276963258,"20,000 LEAGUES UNDER THE SEA",99000,99000,0,0,0,4,Jules Verne,Harper Collins,Harper Collins,9780007351046,Bìa mềm,,,Xunhasaba Thế giới Sách Ngoại văn,available,1000,True,True,True
276582370,Macbeth HB,299000,299000,0,0,0,0,William Shakespeare,Wordsworth Editions Ltd,Wordworth Editions Ltd,9781840228403,Bìa cứng,,,Xunhasaba Thế giới Sách Ngoại văn,available,1000,True,True,True
275859516,Why Has Nobody Told Me This ,599000,599000,0,0,0,1,Alan Smith,Harper Collins,Harper Collins,9780063227934,Bìa cứng,,,Xunhasaba Thế giới Sách Ngoại văn,available,1000,True,True,True
258896782,When Breath Becomes Air,219000,219000,0,0,0,10,Paul Kalanithi,Phương Nam Book,Vintage,9781984801821,Bìa mềm,256,,Nhà Sách Phương Nam,available,1000,True,False,True
253146726,Harry Potter and the Chamber of Secrets,289000,289000,0,0,0,16,J.K. Rowling,Phương Nam Book,Bloomsbury Publishing PLC,9781408855669,Bìa mềm,384,,Nhà Sách Phương Nam,available,1000,True,False,True
217318074,Outlander,299000,299000,0,0,0,0,,Penguin Books Ltd,Penguin Books Ltd,9781784751371,,,,Xunhasaba Thế giới Sách Ngoại văn,available,1000,True,True,True
209406024, Shirley - tiếng anh,99000,99000,0,0,0,3,,Wordsworth Editions Ltd,Wordsworth Editions Ltd, 9781853260643,,,,Xunhasaba Thế giới Sách Ngoại văn,available,1000,True,True,True
184831286,Box set tiếng Anh: The Complete Jane Austen Collection,950400,950400,0,4.5,2,0,Jane Austen,,,,,,,,out_of_stock,,False,False,False
115795367,Truyện đọc tiếng Anh - Little Women & Good Wives,150187,168750,11,5,4,18,Louisa May Alcott,Wordsworth Editions Ltd,Wordsworth Editions Ltd,,Bìa mềm,464,,Blue Horizon Books,available,1000,True,True,True
73584910,Pride And Prejudice,271700,286000,5,4.8,14,40,"Jane Austen, Jane Austen, Jane Austen, Jane Austen",Penguin Books,Vintage,9780099511151,,,,Nhà sách Fahasa,available,1000,True,True,True
55285015,The Picture Of Dorian Gray (Penguin English Library),269000,269000,0,5,10,32,"Oscar Wilde,  John M L Drew",Penguin Books,Penguin Books,9780141199498,,,,Nhà sách Fahasa,available,1000,True,True,True
44860462,Sách Signet Classics: Persuasion,120000,120000,0,0,0,4,"Jane Austen,  Margaret Drabble",Penguin Random House,Penguin Random House,9780451530837,,,,Nhà sách Fahasa,available,1000,True,True,True
25204681,Emma,308000,308000,0,4.8,11,31,",  ,  ,  ,  ,",,,9780141199528,,,,Nhà sách Fahasa,available,1000,True,True,True
19901151,Sách Anne of Green Gables & Anne of Avonlea,130000,130000,0,4.5,5,41,Lucy Maud Montgomery,Wordsworth Editions Ltd,Wordsworth Editions Ltd,9781840227598,Paperback,,,Xunhasaba Thế giới Sách Ngoại văn,available,1000,True,True,True
781473,Sách Resurrection,145000,145000,0,5,3,15,Leo Tolstoy,Wordsworth Editions Ltd,Wordsworth Editions Ltd,9781840227284,Bìa mềm,496,2014-07-01,Xunhasaba Thế giới Sách Ngoại văn,available,1000,True,True,True
560591,Sách tiếng Anh - Fates And Furies,324405,364500,11,0,0,2,Lauren Groff,Penguin Random House,Penguin Random House,9780099592532,Paperback,400,2016-07-07,Blue Horizon Books,available,1000,True,True,True
420795,Sách Dombey And Son,120000,120000,0,5,5,21,Charles Dickens,Wordsworth Editions Ltd,Wordsworth Editions Ltd,9781853262579,Paperback,817,2002-07-01,Xunhasaba Thế giới Sách Ngoại văn,available,1000,True,True,True
420792,Sách The Mysterious Island,120000,120000,0,0,0,10,Jules Verne,Wordsworth Editions Ltd,Wordsworth Editions Ltd,9781840226249,Paperback,524,2010-03-15,Xunhasaba Thế giới Sách Ngoại văn,available,1000,True,False,True
416453,Sách Tiểu thuyết tiếng Anh - The Woman In White,179023,201150,11,3.5,2,15,Wilke Collins,Wordsworth Editions Ltd,Wordsworth Editions Ltd,9781840220841,Paperback,528,2008-05-21,Blue Horizon Books,available,1000,True,True,True
416433,Sách Tiểu thuyết tiếng Anh - Pride And Prejudice,175500,175500,0,4.8,46,233,Jane Austen,Wordsworth Editions Ltd,Wordsworth Editions Ltd,9781853260001,Paperback,329,1999-07-01,Blue Horizon Books,available,1000,True,True,True
416413,Sách The Old Man And The Sea,252000,252000,0,5,13,125,Ernest Hemingway,Penguin Random House,Penguin Random House US,9780099908401,Paperback,,1994-08-01,Nhà sách Fahasa,available,1000,True,True,True
416400,Truyện đọc tiếng Anh - Aesop's Fables,138172,155250,11,5,3,8,Aesop,Wordsworth Editions Ltd,Wordsworth Editions Ltd,9781853261282,Paperback,202,1998-09-01,Blue Horizon Books,available,1000,True,True,True
416392,Sách The Man In The Iron Mask,120000,120000,0,5,1,9,Alexandre Dumas,Wordsworth Editions Ltd,Wordsworth Editions Ltd,9781840224351,Paperback,632,2002-11-07,Xunhasaba Thế giới Sách Ngoại văn,available,1000,True,True,True
279185191,"Sách - Making a Whore by Vũ Trọng Phụng - Fiction ,Classics, Literature, Novels",490000,490000,0,0,0,0,Vũ Trọng Phụng,Independent Publishers Group,Independent Publishers Group,9781917233026,Bìa mềm,279,2024-02-08,Bookworm Hà Nội,available,1000,True,True,True
279155463,Sách ngoại văn: The Call Of The Wild,422900,436000,3,0,0,0,Jack London,Penguin Books,Puffin Classics,9780241725139,Bìa mềm,,2023-12-21,Nhà sách Fahasa,available,1000,True,True,True
279073081,Sách - The Master of Go by Yasunari Kawabata | Japanese Literature / Fiction / Ngoại văn Nhập khẩu,380000,380000,0,0,0,1,Yasunari Kawabata, Random House Inc.,Random House,9780224078184,Bìa mềm,240,2006-09-16,Bookworm Hà Nội,available,1000,True,True,True
279042389,Sách ngoại văn: Sense And Sensibility - Vintage Classics A Novel,185000,199000,7,0,0,0,nhieu tac gia,Penguin Books,Nhiều Nhà Xuất Bản,9780307386878,Bìa mềm,,2023-12-21,Nhà sách Fahasa,available,1000,True,True,True
279042299,Sách ngoại văn: Northanger Abbey - Modern Library Classics,146200,159000,8,0,0,0,nhieu tac gia,Penguin Books,Nhiều Nhà Xuất Bản,9780375759178,Bìa mềm,,2023-12-21,Nhà sách Fahasa,available,1000,True,True,True
279042289,Sách ngoại văn: Mansfield Park,108500,118000,8,0,0,0,nhieu tac gia,Penguin Books,Nhiều Nhà Xuất Bản,9780553212761,Bìa mềm,,2023-12-21,Nhà sách Fahasa,available,1000,True,True,True
279030241,Sách ngoại văn: Persuasion,133800,138000,3,0,0,0,nhieu tac gia,Random House,Nhiều Nhà Xuất Bản,9780553211375,Bìa mềm,,2023-12-21,Nhà sách Fahasa,available,1000,True,True,True
278819459,Sách - The Old Man and the Sea (Vintage Classics) by Ernest Hemingway | Classics English Fiction,280000,280000,0,0,0,0,Ernest Hemingway,Vintage Classics,Vintage Classics,9780099595632,Bìa mềm,99,2000-09-24,Bookworm Hà Nội,available,1000,True,True,True
278810839,Sách - Strangers On a Train by Patricia Highsmith - English Novel - Sách Ngoại văn Nhập khẩu,300000,300000,0,0,0,0,Patricia Highsmith,Vintage,Vintage,9781529112399,Bìa mềm,262,1999-05-13,Bookworm Hà Nội,available,1000,True,True,True
278792884,Sách - The Turn of the Screw & The Aspern Papers by Henry James | Classic Literature / Ngoại văn,180000,180000,0,0,0,0,Henry James,Wordsworth Editions Ltd,Wordsworth Editions Ltd,9781853260698,Bìa mềm,224,1993-07-08,Bookworm Hà Nội,available,1000,True,True,True
278789578,Sách - King Lear (Wordsworth Classics) by William Shakespeare | English Classics Literature,180000,180000,0,0,0,1,William Shakespeare,Wordsworth Editions Ltd,Wordsworth Editions Ltd,9781853260957,Bìa mềm,176,1994-08-17,Bookworm Hà Nội,available,1000,True,True,True
278785791,Sách - Othello by William Shakespeare | Classic Plays / Drama / Literature / Ngoại văn Nhập khẩu,380000,380000,0,0,0,1,William Shakespeare,Wordsworth Editions Ltd,Wordsworth Editions,9781840228977,Bìa cứng,704,2024-10-15,Bookworm Hà Nội,available,1000,True,True,True
278785446,Sách - Faust: A Tragedy In Two Parts & The Urfaust by Johann Wolfgang Von Goethe | Classic Plays,250000,250000,0,0,0,0,Johann Wolfgang von Goethe,,,,,,,,out_of_stock,,False,False,False
278777783,Pickwick Papers,145000,145000,0,0,0,1,C. Dickens,Wordsworth Editions Ltd,Wordworth Editions Ltd,9781853260520,Bìa mềm,,,Xunhasaba Thế giới Sách Ngoại văn,available,1000,True,True,True
278777065,Madame Bovary HB,349000,349000,0,0,0,0,Gustave Flaubert,Wordsworth Editions Ltd,Wordsworth Editions Ltd,9781509842889,Bìa cứng,,,Xunhasaba Thế giới Sách Ngoại văn,available,1000,True,True,True
278775569,Sách - The Merchant of Venice by William Shakespeare - Classics/Plays/Shakespeare book in English,150000,150000,0,0,0,0,William Shakespeare,Wordsworth Editions Ltd,Wordsworth Editions,9781840224313,Bìa mềm,128,2000-02-04,Bookworm Hà Nội,available,1000,True,True,True
278772025,Sách - Christmas Books by Charles Dickens - Classics/ Fiction /Christmas book in English - Ngoại Văn,250000,250000,0,0,0,0,Charles Dickens,Wordsworth Editions Ltd,Wordsworth Editions,9781853262685,Bìa mềm,416,1995-05-18,Bookworm Hà Nội,available,1000,True,True,True
278754382,Sách - The Picture of Dorian Gray by Oscar Wilde - Wordsworth Classics - English Books,180000,180000,0,0,0,0,Oscar Wilde,Wordsworth,Wordsworth,9781853260155,Bìa mềm,194,2001-06-23,Bookworm Hà Nội,available,1000,True,True,True
278713932,Sách - The Magic Mountain by Thomas Mann | Fiction / Classics / German Literature / Sách Ngoại văn,380000,380000,0,0,0,0,Thomas Mann,Vintage,Vintage,9781529966299,Bìa mềm,729,1999-12-17,Bookworm Hà Nội,available,1000,True,True,True
278160783,"Sách kinh điển - Siddhartha by Hermann Hesse, bìa cứng, khổ pocket dát vàng, nhập khẩu UK",450000,450000,0,0,0,0,Hermann Hesse,,,,,,,,out_of_stock,,False,False,False
277835717,"Sách - Human Acts by Han Kang - Sách đoạt giải Nobel Prize, Tiểu thuyết tiếng Anh nhập khẩu, bìa mềm",420000,420000,0,0,0,0,Han Kang,Penguin Random House,Penguin Random House,9781101906743,Bìa mềm,226,2016-04-13,Bookworm Hà Nội,available,1000,True,True,True
277808533,Sách - The Grapes of Wrath by John Steinbeck - English Book - Sách Ngoại văn,280000,280000,0,0,0,2,John Steinbeck,Penguin Books,Penguin Books,9781405964081,Bìa mềm,544,2017-04-14,Bookworm Hà Nội,available,1000,True,True,True
277808457,Sách - Of Mice and Men by John Steinbeck - English Book,250000,250000,0,0,0,2,John Steinbeck,Penguin Books,Penguin Books,9781405964098,Bìa mềm,105,2017-04-13,Bookworm Hà Nội,available,1000,True,True,True
277739389,"Sách - Absalom, Absalom! by William Faulkner - Sách Văn Học Kinh Điển, Nobel văn học Tiếng Anh",280000,280000,0,0,0,0,William Faulkner,Vintage Classics,Vintage Classics,9781784874278,Bìa mềm,384,2025-04-18,Bookworm Hà Nội,available,1000,True,True,True
277581460,Sách - The Ark Sakura by Kōbō Abe/Tiếng anh/Fiction/Novel,380000,380000,0,0,0,1,Kobo Abe,Penguin,Penguin,9780241675304,Bìa mềm,318,2023-03-17,Bookworm Hà Nội,available,1000,True,True,True
276962721,Sách ngoại văn: Harper Perennial Modern Classics - Great Short Works Of Fyodor Dostoevsky,507300,534000,5,0,0,0,nhieu tac gia,HarperCollins Publishers,Harper Perennial,9780060726461,Bìa mềm,,2023-12-21,Nhà sách Fahasa,available,1000,True,True,True
276564137,THE HUNCHBACK OF NOTRE-DAME,120000,120000,0,0,0,0,Victor Hugo,Wordsworth Editions Ltd,Wordworth Editions Ltd,9780007902132,Bìa mềm,,,Xunhasaba Thế giới Sách Ngoại văn,available,1000,True,True,True
274384998,Sách My Search for Warren Harding,240000,474000,49,0,0,1,Robert Plunket,New Directions,New Directions,9780811234696,Bìa mềm,,,Tiki Trading,available,1000,False,True,True
273317580,The Case-book of Sherlock Holmes (Collins Classics),89000,89000,0,5,2,5,Arthur Conan Doyle,William Collins,William Collins,978-0007420247,Bìa mềm,,,Nhà Sách Phương Nam,available,1000,True,True,True
271347258,Lady Audley’s Secret,120000,120000,0,0,0,1,,Wordsworth,Wordsworth,9781853267260,Bìa mềm,,,Xunhasaba Thế giới Sách Ngoại văn,available,1000,True,True,True
270058006,Sapiens : A Brief History of Humankind: (Patterns of Life),399000,399000,0,0,0,2,Yuval Noah Harari,Phương Nam Book,Random House UK,9781784873646,Bìa mềm,544,,Nhà Sách Phương Nam,available,1000,True,True,True
258133109,The Adventures Of Huckleberry Finn (Collins Classics),89000,89000,0,5,1,9,Mark Twain,Phương Nam Book,William Collins, 978-0007351039,Bìa mềm,336,,Nhà Sách Phương Nam,available,1000,True,True,True
249876440,Boundaries,349000,349000,0,0,0,1,,Harper Collins,Harper Collins,9780008240820,Bìa mềm,,,Xunhasaba Thế giới Sách Ngoại văn,available,1000,True,True,True
74003607,The Godfather,299000,299000,0,4.7,11,45,,Arrow,Arrow,9780099528128,Bìa mềm,608,,Xunhasaba Thế giới Sách Ngoại văn,available,1000,True,False,True
55285893,Great Gatsby,226100,238000,5,0,0,0,"F Scott Fitzgerald, F Scott Fitzgerald , F Scott Fitzgerald",Penguin Books,Penguin UK,9780241951477,,,,Nhà sách Fahasa,available,1000,True,True,True
25002414,Sách The Hunchback of Notre-Dame,95000,95000,0,0,0,10,"Victor Hugo, Walter J Cobb, Bradley Stephens",Penguin Random House,Penguin Random House,9780451531513,,,,Nhà sách Fahasa,available,1000,True,False,True
2565245,Cannery Row (Penguin Modern Classics),269000,269000,0,3.5,2,15,John Steinbeck,Penguin Random House,Penguin, 9780241980385,Paperback,176,,Xunhasaba Thế giới Sách Ngoại văn,available,1000,True,True,True
416381,Sách The Old Curiosity Shop,120000,120000,0,5,1,22,Charles Dickens,Wordsworth Editions Ltd,Wordsworth Editions Ltd,9781853262449,Paperback,570,2001-04-01,Xunhasaba Thế giới Sách Ngoại văn,available,1000,True,True,True
416372,Sách Martin Chuzzlewit,149000,149000,0,5,4,12,Charles Dickens,Wordsworth Editions Ltd,Wordsworth Editions Ltd,9781853262050,Paperback,832,1998-04-01,Xunhasaba Thế giới Sách Ngoại văn,available,1000,True,True,True
338278,"Sách To Kill A Mockingbird (Reprint, 2007) - Giết Con Chim Nhại",283100,298000,5,4.8,26,135,Harper Lee,HarperCollins,HarperCollins,9780060935467,Paperback,336,1975-08-23,Nhà sách Fahasa,available,1000,True,True,True
279155493,Sách ngoại văn: The Great Adventures Of Sherlock Holmes,422900,436000,3,0,0,0,Arthur Conan Doyle,Penguin Books,Puffin Classics,9780241725221,Bìa mềm,,2023-12-21,Nhà sách Fahasa,available,1000,True,True,True
279155465,Sách ngoại văn: Alice's Adventures In Wonderland,422900,436000,3,0,0,0,Lewis Carroll,Penguin Books,Puffin Classics,9780241725108,Bìa mềm,,2023-12-21,Nhà sách Fahasa,available,1000,True,True,True
279067278,Sách - The Last Days of Socrates by Plato | Philosophy / Classics / Ngoại văn Triết học Kinh điển,480000,480000,0,0,0,0,Plato,Penguin Classics,Penguin Classics,9780140455496,Bìa mềm,256,2010-05-06,Bookworm Hà Nội,available,1000,True,True,True
279042205,Sách ngoại văn: Lady Macbeth,392800,405000,3,0,0,0,nhieu tac gia,Penguin Books,Nhiều Nhà Xuất Bản,9780593874813,Bìa mềm,,2023-12-21,Nhà sách Fahasa,available,1000,True,True,True
278942995,Sách ngoại văn: Sense And Sensibility - Modern Library Classics,203600,219000,7,0,0,0,Jane Austen,Penguin Books,Modern Library,9780375756733,Bìa mềm,,2023-12-21,Nhà sách Fahasa,available,1000,True,True,True
278775424,Sách - Decameron by Giovanni Boccaccio - Classics/Fiction/Short Stories book in English,220000,220000,0,0,0,0,Giovanni Boccaccio,Wordsworth Editions Ltd,Wordsworth Editions,9781840221336,Bìa mềm,848,2004-02-20,Bookworm Hà Nội,available,1000,True,True,True
278775383,Sách - Heidi by Johanna Spyri - Classics/Fiction/Childrens book in English - sách Ngoại Văn,180000,180000,0,0,0,0,Johanna Spyri,,,,,,,,out_of_stock,,False,False,False
278767891,Lost World and Other Stories,145000,145000,0,0,0,0,Arthur Conan Doyle,Wordsworth Editions Ltd,Wordworth Editions Ltd,9781853262456,Bìa mềm,,,Xunhasaba Thế giới Sách Ngoại văn,available,1000,True,True,True
278718563,Sách - The End of the Affair by Graham Greene - Tiểu thuyết tiếng Anh - Fiction / Novel in English,280000,280000,0,0,0,0,Graham Greene,Vintage,Vintage,9781784877422,Bìa mềm,160,2019-06-12,Bookworm Hà Nội,available,1000,True,True,True
278695356,Count of Monte Cristo,449000,449000,0,0,0,1,Alexandre Dumas,Simon & Schuster,Simon & Schuster,9781667209715,Bìa mềm,,,Xunhasaba Thế giới Sách Ngoại văn,available,1000,True,True,True
278064210,The Raven and Other Poems,249000,249000,0,0,0,0,Edgar Allan Poe,Harper Collins,Harper Collins,9781847498885,Bìa mềm,,,Xunhasaba Thế giới Sách Ngoại văn,available,1000,True,True,True
277580725,Sách - Tortilla Flat (Penguin Modern Classics) by John Steinbeck - Văn học kinh điển/Tiếng anh/English/Novel,380000,380000,0,0,0,0,John Steinbeck,,,,,,,,out_of_stock,,False,False,False
277555593,THE SIGN OF THE FOUR,99000,99000,0,5,1,1,Arthur Conan Doyle,Harper Collins,Harper Collins,9780008110468,Bìa mềm,,,Xunhasaba Thế giới Sách Ngoại văn,available,1000,True,True,True
277555527,THE SCARLET LETTER,99000,99000,0,0,0,0,Nathaniel Hawthorne,Harper Collins,Harper Collins,9780007350926,Bìa mềm,,,Xunhasaba Thế giới Sách Ngoại văn,available,1000,True,True,True
277539643,THE NARRATIVE OF ARTHUR GORDON PYM OF NANTUCKET,99000,99000,0,0,0,1,Edgar Allan Poe,Harper Collins,Harper Collins,9780008166779,Bìa mềm,,,Xunhasaba Thế giới Sách Ngoại văn,available,1000,True,True,True
277539625,THE MERCHANT OF VENICE,99000,99000,0,0,0,3,William Shakespeare,Harper Collins,Harper Collins,9780007925476,Bìa mềm,,,Xunhasaba Thế giới Sách Ngoại văn,available,1000,True,True,True
277375300,Don Quixote,399000,399000,0,0,0,0,Miguel De Cervantes,Macmillan,MacMillan,9781509844760,Bìa cứng,1032,,Nhà Sách Phương Nam,available,1000,True,True,True
277370355,MACBETH,99000,99000,0,0,0,0,William Shakespeare,Harper Collins,Harper Collins,9780007350988,Bìa mềm,,,Xunhasaba Thế giới Sách Ngoại văn,available,1000,True,True,True
276619501,Christmas Carol HB,299000,299000,0,0,0,1,Charles Dickens,Wordsworth Editions Ltd,Wordworth Editions Ltd,9781840227819,Bìa cứng,,,Xunhasaba Thế giới Sách Ngoại văn,available,1000,True,True,True
276582631,Northanger Abbey HB,299000,299000,0,5,1,4,Jane Austen,Wordsworth Editions Ltd,Wordsworth Editions Ltd,9781840227987,Bìa cứng,,,Xunhasaba Thế giới Sách Ngoại văn,available,1000,True,True,True
275259619,Women in Love,239000,239000,0,0,0,1,D. H. Lawrence,Harper Collins,Harper Collins,9781847498984,Bìa mềm,,,Xunhasaba Thế giới Sách Ngoại văn,available,1000,True,True,True
274399603,Sách Ngoại Văn - A Midsummer Night's Dream (Wordsworth Classics) - William Shakespeare (Author),145000,145000,0,0,0,1,William Shakespeare,Công ty TNHH Thương mại và Dịch vụ Văn hóa Hà Nội,Wordsworth Editions Ltd,978-1853260308,Bìa mềm,128,,Tazano Official Store,available,1000,True,True,True
274384878,"Sách Lost in the Moment and Found (Wayward Children, 8)",262000,575000,54,5,1,2,Seanan McGuire,Macmillan,MacMillan,9781250213631,Bìa mềm,,,Tiki Trading,available,1000,False,True,True
274144034,The Godfather: 50th Anniversary Edition,359000,359000,0,0,0,4,Mario Puzo,Berkley,Berkley,9780451205766,Bìa mềm,448,,Nhà Sách Phương Nam,available,1000,True,True,True
273724884,Artbook - Sách Tiếng Anh - Adventures Of Huck Finn-Cl Hc (Bìa Vải),600000,600000,0,0,0,0,Mark Twain,ARTBook,Penguin Random House,9780141199573,Clothbound hardback,393,2013-08-01,Artbook,available,1000,True,True,True
271279318,The Count of Monte Cristo,649000,649000,0,0,0,2,,Penguin,Penguin,9780141392462,Bìa cứng,,,Xunhasaba Thế giới Sách Ngoại văn,available,1000,True,True,True
270441316,Artbook - Sách Tiếng Anh - Selected Works of the Bronte Sisters (Leather-bound Classics),750000,750000,0,0,0,0,,,,,,,,,out_of_stock,,False,False,False
253146808,The Little Prince,229000,229000,0,0,0,1,Antoine de Saint – Exupéry,Phương Nam Book,Alma Books, 9781847498243,Bìa mềm,112,,Nhà Sách Phương Nam,available,1000,True,False,True
184833352,Tiểu thuyết kinh điển tiếng Anh: The Complete Novels of Jane Austen,653616,734400,11,0,0,2,Jane Austen,Wordsworth,Wordsworth,,Bìa cứng,1440,,Blue Horizon Books,available,1000,True,True,True
184314022,Tiểu thuyết tiếng Anh: Tenderness,576720,648000,11,0,0,0,Alison MacLeod,Amazon,Bloomsbury,,Bìa mềm,640,,Blue Horizon Books,available,1000,True,True,True
7957607,Robin Hood,99000,99000,0,5,3,22,Henry Gilbert,,Wordsworth Editions Ltd,9781840227581,Paperback,288,2018-01-15,Xunhasaba Thế giới Sách Ngoại văn,available,1000,True,True,True
442341,Truyện đọc tiếng Anh - To Kill A Mockingbird,356845,400950,11,5,7,43,Harper Lee,Penguin Random House,Penguin Random House US,9780099549482,Paperback,309,2010-07-22,Blue Horizon Books,available,1000,True,True,True
442331,Truyện đọc tiếng Anh - Wonder,221300,233000,5,5,106,739,R. J. Palacio,Penguin Random House,Penguin Random House UK,9780552565974,Paperback,,2012-07-22,Nhà sách Fahasa,available,1000,True,True,True
435061,Sách The Red & The Black (Paperback),120000,120000,0,5,4,11,Stendhal,Wordsworth Editions Ltd,Wordsworth Editions Ltd,9781840225839,Paperback,528,2015-05-21,Xunhasaba Thế giới Sách Ngoại văn,available,1000,True,True,True
426573,Sách The Last Of The Mohicans,120000,120000,0,5,1,8,James Fenimore Cooper,Wordsworth Editions Ltd,Wordsworth Editions Ltd,9781853260490,Paperback,350,2002-12-05,Xunhasaba Thế giới Sách Ngoại văn,available,1000,True,True,True
416457,Sách Lady Susan And Other Works,120000,120000,0,4.3,4,11,Jane Austen,Wordsworth Editions Ltd,Wordsworth Editions Ltd,9781840226966,Paperback,358,2013-05-07,Xunhasaba Thế giới Sách Ngoại văn,available,1000,True,True,True
416452,Sách Wordsworth Classics: Christmas Books,145000,145000,0,5,2,11,Charles Dickens,Wordsworth Editions Ltd,Wordsworth Editions Ltd,9781853262685,Paperback,383,2010-04-01,Xunhasaba Thế giới Sách Ngoại văn,available,1000,True,True,True
416405,Sách The Best Short Stories,145000,145000,0,4.7,3,34,Guy De Maupassant,Wordsworth Editions Ltd,Wordsworth Editions Ltd,9781853261893,Paperback,,2011-11-07,Xunhasaba Thế giới Sách Ngoại văn,available,1000,True,True,True
416388,Sách Wordsworth Classics: The Hunchback of Notre-Dame,130000,130000,0,5,1,12,Victor Hugo,Wordsworth Editions Ltd,Wordsworth Editions Ltd,9781853260681,Paperback,449,2004-11-07,Xunhasaba Thế giới Sách Ngoại văn,available,1000,True,True,True
331588,Sách Tiểu thuyết tiếng Anh - Wordsworth Classics: The Adventures & Memoirs of Sherlock Holmes,168750,168750,0,3.7,3,10,Sir Arthur Conan Doyle,Wordsworth Editions Ltd,Wordsworth Editions Ltd,9781853260339,Paperback,502,1996-01-01,Blue Horizon Books,available,1000,True,False,True
279139275,Sách - The Remains of the Day by Kazuo Ishiguro (Everyman’s Library Contemporary Classics),620000,620000,0,0,0,0,Kazuo Ishiguro,Penguin Random House,Penguin Random House,9781841593494,Bìa cứng,213,2012-01-24,Bookworm Hà Nội,available,1000,True,True,True
279069653,Sách - A Parisian Affair & Other Stories by Guy de Maupassant | Classics / Truyện ngắn Ngoại văn,350000,350000,0,0,0,0,Guy De Maupassant,Penguin Classics,Penguin Classics,9780140448122,Bìa mềm,352,2004-02-19,Bookworm Hà Nội,available,1000,True,True,True
279068835,Sách - The Fall of the House of Usher & Other Writings by Edgar Allan Poe | Classic / Horror Stories,380000,380000,0,0,0,0,Edgar Allan Poe,Penguin Classics,Penguin Classics,9780141439815,Bìa mềm,544,2003-05-15,Bookworm Hà Nội,available,1000,True,True,True
279031890,Sách ngoại văn: Finnegans Wake,285100,294000,3,0,0,0,James Joyce,Macmillan Publishers,Alma Classics,9781847498007,Bìa mềm,,2023-12-21,Nhà sách Fahasa,available,1000,True,True,True
278943042,Sách ngoại văn: Persuasion - Modern Library Classics,129200,139000,7,0,0,0,Jane Austen,Penguin Books,Modern Library,9780375757297,Bìa mềm,,2023-12-21,Nhà sách Fahasa,available,1000,True,True,True
278793701,Sách - Alice in Wonderland by Lewis Carroll | Children Classic Novel / Ngoại văn Kinh điển Bìa cứng,380000,380000,0,0,0,0,Lewis Caroll,Wordsworth Editions Ltd,Wordsworth Editions Ltd,9781840227802,Bìa cứng,160,2018-08-13,Bookworm Hà Nội,available,1000,True,True,True
278777592,Merchant of Venice,145000,145000,0,0,0,0,Shakespeare,Wordsworth Editions Ltd,Wordworth Editions Ltd,9781840224313,Bìa mềm,,,Xunhasaba Thế giới Sách Ngoại văn,available,1000,True,True,True
278775619,Sách - Middlemarch by George Eliot - Classics/Fiction book in English - Sách Ngoại Văn Bìa Cứng,380000,380000,0,0,0,0,George Eliot,Wordsworth Editions Ltd,Wordsworth Editions,9781840228724,Bìa cứng,936,2025-10-02,Bookworm Hà Nội,available,1000,True,True,True
278774880,Sách - The Paris Muse by Louisa Treger - Historical Fiction/Art/Fiction book in English - Ngoại Văn,320000,320000,0,0,0,0,Many Authors,Bloomsburry Publishing,Bloomsbury Publishing,9781526639264,Bìa mềm,256,2025-10-02,Bookworm Hà Nội,available,1000,True,True,True
278707676,Sách - Tales of Ordinary Madness by Charles Bukowski | Classic American Fiction English Book,290000,290000,0,0,0,1,Charles Bukowski,Virgin Books,Virgin Books,9780753539880,Bìa mềm,240,2008-09-26,Bookworm Hà Nội,available,1000,True,True,True
278511044,Sách - Mansfield Park by Jane Austen - (Wordsworth Classics) Classics/ Fiction /Romance in English,150000,150000,0,0,0,0,Jane Austen,Wordsworth,Wordsworth,9781853260322,Bìa mềm,384,2007-07-30,Bookworm Hà Nội,available,1000,True,True,True
278327622,The Black Tulip (Penguin Classics) by Alexandre Dumas - Classics /Fiction Historical/ Fiction in English,380000,380000,0,0,0,0,Alexandre Dumas,Penguin Books,Penguin Books,9780140448924,Bìa mềm,246,2003-07-11,Bookworm Hà Nội,available,1000,True,True,True
278230005,A Christmas Carol HB,329000,329000,0,0,0,1,Charles Dickens,Harper Collins,Harper Collins,9781509825448,Bìa cứng,,,Xunhasaba Thế giới Sách Ngoại văn,available,1000,True,True,True
278015617,Sách - On the Road by Jack Kerouac - English Novel - Mordern Classic / Tiểu Thuyết tiếng Anh,350000,350000,0,0,0,0,Jack Kerouac,Penguin,Penguin,9780141182674,Bìa mềm,280,2000-05-16,Bookworm Hà Nội,available,1000,True,True,True
278006201,Sách - The Sorrow of War by Bảo Ninh - Fiction / War / Historical Fiction in English,450000,450000,0,0,0,1,Bảo Ninh,Vintage Books,Vintage Books,9780749397111,Bìa mềm,240,1994-05-10,Bookworm Hà Nội,available,1000,True,True,True
277808597,Sách - The Pearl by John Steinbeck - English Book,250000,250000,0,0,0,0,John Steinbeck,Penguin Books,Penguin Books,9781405964074,Bìa mềm,96,2017-04-05,Bookworm Hà Nội,available,1000,True,True,True
277540145,THROUGH THE LOOKING GLASS,99000,99000,0,0,0,0,Lewis Carroll,Harper Collins,Harper Collins,9780007350933,Bìa mềm,,,Xunhasaba Thế giới Sách Ngoại văn,available,1000,True,True,True
277539615,THE MEMOIRS OF SHERLOCK HOLMES,99000,99000,0,0,0,0,Arthur Conan Doyle,Harper Collins,Harper Collins,9780008167523,Bìa mềm,,,Xunhasaba Thế giới Sách Ngoại văn,available,1000,True,True,True
277539540,THE HUNCHBACK OF NOTRE-DAME,99000,99000,0,0,0,2,Victor Hugo,Harper Collins,Harper Collins,9780007902132,Bìa mềm,,,Xunhasaba Thế giới Sách Ngoại văn,available,1000,True,True,True
277499452,Collins Classics - Sense and Sensibility,199000,199000,0,0,0,1,Jane Austen,Harper Collins,Harper Collins,9780008516147,Bìa mềm,,,Xunhasaba Thế giới Sách Ngoại văn,available,1000,True,True,True
275569991,The Goodbye Cat,299000,299000,0,0,0,0,Hiro Arikawa,Doubleday,Doubleday,9780857529138,Paperback,296,,Nhà Sách Phương Nam,available,1000,True,True,True
274449804,Sách Ngoại Văn - Sense And Sensibility,145000,145000,0,0,0,0,Jane Austen,Công ty TNHH Thương mại và Dịch vụ Văn hóa Hà Nội,Wordsworth Editions Ltd,9781853260162,Bìa mềm,320,,Tazano Official Store,available,1000,True,True,True
274384894,Sách The Wind Knows My Name: A Novel,317000,700000,55,0,0,3,Isabel Allende,Penguin,Penguin,9780593598108,Bìa mềm,,,Tiki Trading,available,1000,False,True,True
271356478,Anne of Green Gables ,169000,169000,0,0,0,0,,Wordsworth,Wordsworth,9781840228168,Bìa mềm,,,Xunhasaba Thế giới Sách Ngoại văn,available,1000,True,True,True
271350408,Lorna Doone,120000,120000,0,0,0,0,,Wordsworth,Wordsworth,9781853260766,Bìa mềm,,,Xunhasaba Thế giới Sách Ngoại văn,available,1000,True,True,True
270502117,The Great Gatsby (The Penguin English Library),290000,299000,3,0,0,1,F Scott Fitzgerald,Penguin Books,Penguin Classics,9780241341469,,,,Nhà sách Fahasa,available,1000,True,True,True
210530900,Washington Square,99000,99000,0,0,0,3,,Wordsworth Editions Ltd,Wordsworth Editions Ltd,9781840224276,,,,Xunhasaba Thế giới Sách Ngoại văn,available,1000,True,True,True
209401016,Lord Jim,99000,99000,0,0,0,2,,Wordsworth Editions Ltd,Wordsworth Editions Ltd,9781853260377,,,,Xunhasaba Thế giới Sách Ngoại văn,available,1000,True,True,True
190231813, Macbeth,145000,145000,0,0,0,4,Wiliam Shakespeare,Wordsworth Editions Ltd,Wordsworth Editions Ltd,9781853260353,Bìa mềm,,,Xunhasaba Thế giới Sách Ngoại văn,available,1000,True,False,True
184781470,Tiểu thuyết kinh điển tiếng Anh: Sons and Lovers,230688,259200,11,0,0,1,D.H. Lawrence,Alma Books Ltd,Alma Books,,Paperback,480,2021-09-11,Blue Horizon Books,available,1000,True,True,True
180320691,Complete Novels of Jane Austen,399000,399000,0,5,1,5,,Wordsworth Editions Ltd,Wordsworth Editions Ltd,9781840220551,Bìa mềm,1436,,Xunhasaba Thế giới Sách Ngoại văn,available,1000,True,True,True
573996,Sách Pride and Prejudice (Vintage Classics Austen Series),305900,322000,5,5,35,149,Jane Austen,Penguin Random House,Penguin Random House,9780099589334,Paperback,464,2014-06-26,Nhà sách Fahasa,available,1000,True,True,True
460616,Sách 3D Book: The Little Prince (Hoàng Tử Bé),100000,100000,0,5,2,36,Antoine De Saint-Exupéry,Design Media Publishing Ltd,Design Media Publishing Ltd,9781910596135,Hardcover,,2015-10-25,Artbook,available,1000,True,True,True
442330,Sách The Boy In The Striped Pyjamas (Paperback),249000,249000,0,5,1,4,John Boyne,Penguin Random House,Penguin Random House,9780099572862,Paperback,,2014-07-22,Xunhasaba Thế giới Sách Ngoại văn,available,1000,True,True,True
435274,Sách To Kill A Mockingbird (Paperback) - Giết con chim nhại,298700,308000,3,5,22,251,Harper Lee,Penguin Random House,Penguin Random House,9780099466734,Paperback,307,2004-05-21,Nhà sách Fahasa,available,1000,True,True,True
426620,Sách Little Women And Good Wives,130000,130000,0,5,3,17,Louisa May Alcott,Wordsworth Editions Ltd,Wordsworth Editions Ltd,9781853261169,Paperback,464,2007-12-05,Xunhasaba Thế giới Sách Ngoại văn,available,1000,True,True,True
416438,Sách Wordsworth Classics: Twenty Thousand Leagues Under The Sea,145000,145000,0,5,3,43,Jules Verne,Wordsworth Editions Ltd,Wordsworth Editions Ltd,9781853260315,Paperback,244,2012-11-08,Xunhasaba Thế giới Sách Ngoại văn,available,1000,True,True,True
416423,Sách Short Stories From The 19th Century,130000,130000,0,0,0,18,David Stuart Davies,Wordsworth Editions Ltd,Wordsworth Editions Ltd,9781840224078,Paperback,227,2000-02-01,Xunhasaba Thế giới Sách Ngoại văn,available,1000,True,True,True
416412,Sách Tiểu thuyết tiếng Anh - Return Of Sherlock Holmes,138172,155250,11,5,2,8,Conan Doyle,Wordsworth Editions Ltd,Wordsworth Editions Ltd,9781853260582,Paperback,303,1997-09-01,Blue Horizon Books,available,1000,True,True,True
416354,Sách Wordsworth Classics: Les Miserables (Volume 2) (Victor Hugo),99000,99000,0,5,4,19,Victor Hugo,Wordsworth Editions Ltd,Wordsworth Editions Ltd,9781853260506,Paperback,995,2002-11-07,Xunhasaba Thế giới Sách Ngoại văn,available,1000,True,True,True
279103952,Sách - Confessions of a Mask by Yukio Mishima - Penguin Modern Classics - Sách Ngoại Văn,350000,350000,0,0,0,0,Yukio Mishima,Penguin Books,Penguin Books,9780241301197,Bìa mềm,170,2017-01-26,Bookworm Hà Nội,available,1000,True,True,True
279103947,Sách - Going To Meet The Man by James Baldwin - Penguin Modern Classics - Sách Ngoại Văn,350000,350000,0,0,0,0,James Baldwin,Penguin Books,Penguin Books,9780140184495,Bìa mềm,242,2024-01-18,Bookworm Hà Nội,available,1000,True,True,True
279073719,Sách - Dandelions by Yasunari Kawabata | Japanese Literature / Classics / Ngoại văn Nhập khẩu,350000,350000,0,0,0,0,Yasunari Kawabata,Penguin Classics,Penguin Classics,9780241367186,Bìa mềm,144,2019-04-09,Bookworm Hà Nội,available,1000,True,True,True
279073654,Sách - The Temple of Dawn by Yukio Mishima | Classics / Japanese Literature / Ngoại văn Nhập khẩu,380000,380000,0,0,0,0,Yukio Mishima,Vintage Classics,Vintage Classics,9780099282792,Bìa mềm,336,1999-04-06,Bookworm Hà Nội,available,1000,True,True,True
279073528,Sách - The Rainbow by Yasunari Kawabata | Classics / Japanese Literature / Ngoại văn Nhập khẩu,380000,380000,0,0,0,0,Yasunari Kawabata,Penguin Classics,Penguin Classics,9780241542293,Bìa mềm,224,2023-01-10,Bookworm Hà Nội,available,1000,True,True,True
279071775,Sách - Difficult Loves & Other Stories - Italo Calvino| Short Stories/ Fiction / Ngoại văn Nhập khẩu,390000,390000,0,0,0,0,Italo Calvino,Vintage Classics,Vintage Classics,9781784874841,Bìa mềm,368,2023-02-08,Bookworm Hà Nội,available,1000,True,True,True
279071713,Sách - The Temple of the Golden Pavilion by Yukio Mishima| Classics/ Japanese Literature / Ngoại văn,350000,350000,0,0,0,0,Yukio Mishima,Vintage Classics,Vintage Classics,9780099285670,Bìa mềm,247,2024-01-11,Bookworm Hà Nội,available,1000,True,True,True
279069717,Sách - Six Stories by Stefan Zweig | German Literature / Classics / Truyện ngắn Ngoại văn Nhập khẩu,380000,380000,0,0,0,0,Stefan Zweig,Penguin Classics,Penguin Classics,9780141192826,Bìa mềm,304,2024-01-16,Bookworm Hà Nội,available,1000,True,True,True
279068867,Sách - The Penguin Book of Korean Short Stories | Fiction / Truyện ngắn Ngoại văn Nhập khẩu,480000,480000,0,0,0,0,Many Authors,Penguin Classics,Penguin Classics,9780241448519,Bìa mềm,496,2024-02-14,Bookworm Hà Nội,available,1000,True,True,True
279064805,Sách - Resurrection by Leo Tolstoy | Everyman’s Library / Classics / Fiction / Ngoại văn Bìa cứng,580000,580000,0,0,0,0,Leo Tolstoy,Penguin Random House,Everyman's Library,9781841594330,Bìa cứng,536,2025-01-06,Bookworm Hà Nội,available,1000,True,True,True
278943032,Sách ngoại văn: Sense And Sensibility,310900,338000,8,0,0,0,Jane Austen,Penguin Books,Puffin,9780593622469,Bìa mềm,,2023-12-21,Nhà sách Fahasa,available,1000,True,True,True
278826849,Sách - A Room of One's Own and Three Guineas by Virginia Woolf - Tiểu thuyết tiếng Anh,280000,280000,0,0,0,0,Virginia Woolf,Vintage,Vintage,9781784872229,Bìa mềm,294,2001-08-08,Bookworm Hà Nội,available,1000,True,True,True
278825139,Sách - The Snows of Kilimanjaro by Ernest Hemingway | Classic Literature / Ngoại văn Nhập khẩu,250000,250000,0,0,0,0,Ernest Hemingway,Vintage,Vintage,9780099595649,Bìa mềm,138,2023-10-18,Bookworm Hà Nội,available,1000,True,True,True
278793892,Sách - Persuasion (Wordsworth Classics) by Jane Austen | English Fiction - Sách nhập khẩu,180000,180000,0,0,0,0,Jane Austen,,,,,,,,out_of_stock,,False,False,False
278793890,Sách - The Thousand and One Ghosts by Alexandre Dumas | English Classics - Horror Short Stories,280000,280000,0,0,0,0,Alexandre Dumas,Alma Classics,Alma Classics,9781847497574,Bìa mềm,224,2019-10-21,Bookworm Hà Nội,available,1000,True,True,True
278789754,Sách - Collected Poems of Rudyard Kipling (Wordsworth Poetry Library) by Rudyard Kipling,280000,280000,0,0,0,0,Rudyard Kipling,Wordsworth Editions Ltd,Wordsworth Editions Ltd,9781853264054,Bìa mềm,928,1994-05-19,Bookworm Hà Nội,available,1000,True,True,True
278785782,Sách - Emma by Jane Austen | Classic Literature / Ngoại văn Kinh điển Nhập khẩu - Bìa cứng,380000,380000,0,0,0,0,Jane Austen,Wordsworth Editions Ltd,Wordsworth Editions,9781840227963,Bìa cứng,432,2020-09-28,Bookworm Hà Nội,available,1000,True,True,True
278773557,Sách - Dombey and Son by Charles Dickens - Classics/Fiction/Victorian book in English - Ngoại Văn,180000,180000,0,0,0,0,Charles Dickens,Wordsworth Editions Ltd,Wordsworth Editions,9781853262579,Bìa mềm,848,1995-02-23,Bookworm Hà Nội,available,1000,True,True,True
278772076,Sách - The Mystery of Edwin Drood by Charles Dickens - Classics/Fiction/Mystery book in English,180000,180000,0,0,0,0,Charles Dickens,Wordsworth Editions Ltd,Wordsworth Editions,9781853267291,Bìa mềm,496,1998-05-23,Bookworm Hà Nội,available,1000,True,True,True
278771754,Sách - Held (Shortlisted for the Booker Prize 2024) by Anne Michaels - Fiction/Historical Fiction,380000,380000,0,0,0,0,Anne Michaels,Independent Publishers Group,Independent Publishers Group,9781526659125,Bìa mềm,227,2023-10-05,Bookworm Hà Nội,available,1000,True,True,True
278755679,Sách - Twenty Thousand Leagues Under The Sea by Jules Verne/ Tiểu thuyết tiếng Anh/ Fiction,280000,280000,0,0,0,0,Jules Verne,Vintage,Vintage,9781784874674,Bìa mềm,164,2011-09-24,Bookworm Hà Nội,available,1000,True,True,True
278751712,Sách - Around the World in 80 Days & Five Weeks in a Balloon by Jules Verne - Tiểu thuyết tiếng Anh,180000,180000,0,0,0,0,Jules Verne,Wordsworth,Wordsworth,9781853260902,Bìa mềm,359,2002-05-08,Bookworm Hà Nội,available,1000,True,True,True
278711749,Sách - Passing by Nella Larsen | Classics / Historical Fiction in English / Ngoại văn Nhập khẩu,280000,280000,0,0,0,0,Nella Larsen,Penguin,Penguin,9780241772331,Bìa mềm,141,1929-07-18,Bookworm Hà Nội,available,1000,True,True,True
278637814,Sách - Gone With The Wind by Margaret Mitchell | Classics / Historical Fiction / Ngoại văn Kinh điển,280000,280000,0,0,0,0,Margaret Mitchell,,,,,,,,out_of_stock,,False,False,False
277605003,"Sách - One Hundred Years of Solitude by Gabriel Garcia Marquez - Sách Ngoại văn, bìa mềm",320000,320000,0,0,0,0,Gabriel Garcia Marquez,Penguin,Penguin,9780241972359,Bìa mềm,432,2014-05-16,Bookworm Hà Nội,available,1000,True,True,True
277589821,A Study in Scarlet (A Sherlock Holmes Mystery) (Flame Tree Collectable Classics),89000,89000,0,0,0,0,Sir Arthur Conan Doyle,,,978-1502509741,Bìa mềm,82,,Nhà Sách Phương Nam,available,1000,True,True,True
277362983,Sách ngoại văn: Good Wives,271700,286000,5,0,0,1,"Louisa May Alcott,  Ella Bailey",Macmillan Publishers,Alma Books,9781847498748,Bìa mềm,,2023-12-21,Nhà sách Fahasa,available,1000,True,True,True
276590071,The Jungle Book,169000,169000,0,0,0,0,Rudyard Kipling,Wordsworth Editions Ltd,Wordworth Editions Ltd,9781840228151,Bìa mềm,,,Xunhasaba Thế giới Sách Ngoại văn,available,1000,True,True,True
275915529,Sandstorm: A Sigma Force Novel,239000,239000,0,0,0,1,James Rollins - Rebecca Cantrell,Harper Collins,Harper Collins,9780062017581,Bìa mềm,,,Xunhasaba Thế giới Sách Ngoại văn,available,1000,True,True,True
275089177,Throne of Glass : Queen of Shadows,299000,299000,0,0,0,1,Sarah J. Maas,Penguin,Penguin,9781526635259,Bìa mềm,,,Xunhasaba Thế giới Sách Ngoại văn,available,1000,True,True,True
274384882,Sách The House Is on Fire,354000,700000,49,5,2,5,Rachel Beanland,Simon & Schuster,Simon & Schuster,9781982186142,Bìa mềm,,,Tiki Trading,available,1000,False,True,True
274090488,William Shakespeare Comedies ,349000,349000,0,0,0,0,William Shakespeare,Simon & Schuster,Simon & Schuster,9781645171546,Bìa mềm,,,Xunhasaba Thế giới Sách Ngoại văn,available,1000,True,True,True
271350759,Much Ado About Nothing,120000,120000,0,5,1,3,,Wordsworth,Wordsworth,9781853262548,Bìa mềm,,,Xunhasaba Thế giới Sách Ngoại văn,available,1000,True,True,True
262655798,12 Years A Slave: A True Story,99000,99000,0,0,0,3,,Harper Collins,Harper Collins,9780007580422,Bìa mềm,,,Xunhasaba Thế giới Sách Ngoại văn,available,1000,True,True,True
210527540,The Death of Ivan Ilyich & Other Stories,145000,145000,0,0,0,11,,Wordsworth Editions Ltd,Wordsworth Editions Ltd,9781840224535,,,,Xunhasaba Thế giới Sách Ngoại văn,available,1000,True,True,True
210154524, Decameron,182000,182000,0,5,1,6,,Wordsworth Editions Ltd,Wordsworth Editions Ltd,9781840221336,,,,Xunhasaba Thế giới Sách Ngoại văn,available,1000,True,True,True
200619518,Stars,159000,159000,0,5,27,275,Lê Cường,Công Ty TNHH Xuất bản và Giáo dục Mochibooks,Nhà Xuất Bản Thế Giới,9786043656565,Bìa mềm,184,2022-10-05,Nhà sách Mochibooks,available,1000,True,True,True
34752586,Sense and Sensibility (Bantam Classics),100800,104000,3,0,0,1,"Jane Austen, Jane Austen, Jane Austen",Penguin Books Ltd,,9780553213348,,,,Nhà sách Fahasa,available,1000,True,False,True
435047,Sách Mystery Of Edwin Drood & Other Stories (Paperback),145000,145000,0,5,3,14,Charles Dickens,Wordsworth Editions Ltd,Wordsworth Editions Ltd,9781853267291,Paperback,464,2005-05-21,Xunhasaba Thế giới Sách Ngoại văn,available,1000,True,False,True
421277,Sách Tiểu thuyết tiếng Anh - Infernor,229000,229000,0,3,2,0,Dan Brown,Penguin Random House,Penguin Random House UK,9780552169592,Paperback,,2014-05-31,Xunhasaba Thế giới Sách Ngoại văn,available,1000,True,False,True
279157570,The Story of Hong Gildong,349000,349000,0,0,0,0,Unknown,Penguin Random House,Penguin Random House,9780143107699,Bìa mềm,,,Xunhasaba Thế giới Sách Ngoại văn,available,1000,True,True,True
279155495,Sách ngoại văn: A Little Princess,422900,436000,3,0,0,0,Frances Hodgson Burnett,Penguin Books,Puffin Classics,9780241725092,Bìa mềm,,2023-12-21,Nhà sách Fahasa,available,1000,True,True,True
279155421,Sách ngoại văn: The Adventures Of Huckleberry Finn,365600,377000,3,0,0,0,Mark Twain,Penguin Books,Puffin,9780141334844,Bìa mềm,,2023-12-21,Nhà sách Fahasa,available,1000,True,True,True
279106013,Sách - The Handmaid's Tale by Margaret Atwood - Fiction| Classics,350000,350000,0,0,0,0,Margaret Atwood,Vintage Classics,Vintage Classics,9781784871444,Bìa mềm,479,2016-01-27,Bookworm Hà Nội,available,1000,True,True,True
279102034,Sách - A Farewell To Arms by Ernest Hemingway - Classics| Fiction|  Historical Fiction,320000,320000,0,0,0,0,Ernest Hemingway,Penguin Books,Penguin Books,9780099910107,Bìa mềm,293,2023-01-17,Bookworm Hà Nội,available,1000,True,True,True
279075973,Sách - The Makioka Sisters by Jun'ichirō Tanizaki | Classics / Japanese Literature / Ngoại văn,390000,390000,0,0,0,0,Junichiro Tanizaki,Vintage Classics,Vintage Classics,9780749397104,Bìa mềm,562,2025-01-23,Bookworm Hà Nội,available,1000,True,True,True
279073687,Sách - The Sound of Waves by Yukio Mishima | Classics / Japanese Literature / Ngoại văn Nhập khẩu,380000,380000,0,0,0,0,Yukio Mishima,Vintage Classics,Vintage Classics,9780099289982,Bìa mềm,192,1999-05-05,Bookworm Hà Nội,available,1000,True,True,True
279072086,Sách - Some Prefer Nettles by Junichiro Tanizaki| Japanese Literature/ Classics/ Ngoại văn Nhập khẩu,350000,350000,0,0,0,0,Tanizaki Junichiro,Vintage Classics,Vintage Classics,9780099283379,Bìa mềm,160,2001-06-30,Bookworm Hà Nội,available,1000,True,True,True
279042527,Sách ngoại văn: Sense And Sensibility And Sea Monsters,248300,267000,7,0,0,0,nhieu tac gia,Penguin Books,Nhiều Nhà Xuất Bản,9781594744426,Bìa mềm,,2023-12-21,Nhà sách Fahasa,available,1000,True,True,True
279042507,Sách ngoại văn: Emma - 200th-Anniversary Annotated Edition - Penguin Classics Deluxe Edition,329300,358000,8,0,0,0,nhieu tac gia,Penguin Books,Nhiều Nhà Xuất Bản,9780143107712,Bìa mềm,,2023-12-21,Nhà sách Fahasa,available,1000,True,True,True
279032185,Sách ngoại văn: Sherlock Holmes And The Hound Of The Baskervilles,242500,250000,3,0,0,0,"Arthur Conan Doyle,  David Mackintosh",Macmillan Publishers,Alma Classics,9781847494962,Bìa mềm,,2023-12-21,Nhà sách Fahasa,available,1000,True,True,True
278856326,Sách Ngoại Văn - Les Miserables,145000,145000,0,0,0,0,Victor Hugo,Gieobooks,Wordsworth Editions Ltd,9781853260858,Paperback,494,,Tazano Official Store,available,1000,True,True,True
278817013,Sách - Study in Scarlet & the Sign of the Four by Sir Arthur Conan Doyle -Tiểu thuyết trinh thám,180000,180000,0,0,0,0,Sir Arthur Conan Doyle,Wordsworth Editions Ltd,Wordsworth Editions Ltd,9781840224115,Bìa mềm,204,2004-07-07,Bookworm Hà Nội,available,1000,True,True,True
278812760,Sách - Forrest Gump by Winston Groom - Fiction/Historical Fiction book in English - Sách Ngoại Văn,320000,320000,0,0,0,0,Winston Groom,Black Swan,Black Swan,9781784166304,Bìa mềm,238,1994-04-11,Bookworm Hà Nội,available,1000,True,True,True
278810655,Sách - Native Son by Richard Wright | Classics / Historical Fiction / Ngoại văn Kinh điển Nhập khẩu,350000,350000,0,0,0,0,Many Authors,Vintage,Vintage,9781784877552,Bìa mềm,454,2000-05-17,Bookworm Hà Nội,available,1000,True,True,True
278809570,Sách - Andersen's Fairy Tales by Hans Christian Andersen - Wordsworth Classics - English Books,180000,180000,0,0,0,0,Hans Christian Andersen,Wordsworth Editions Ltd,Wordsworth Editions,9781853261008,Bìa mềm,416,1993-05-06,Bookworm Hà Nội,available,1000,True,True,True
278793714,Sách - Black Beauty by Anna Sewell | Children Classic Novel / Ngoại văn Kinh điển Nhập khẩu,180000,180000,0,0,0,0,Anna Sewell,Wordsworth Editions Ltd,Wordsworth Editions Ltd,9781853261091,Bìa mềm,208,1993-07-08,Bookworm Hà Nội,available,1000,True,True,True
278793640,Sách - The Complete Father Brown Stories by G.K. Chesterton | Classic Literature / Ngoại văn,180000,180000,0,0,0,1,G. K. Chesterton,Wordsworth Editions Ltd,Wordsworth Editions Ltd,9781853260032,Bìa cứng,411,2006-08-17,Bookworm Hà Nội,available,1000,True,True,True
278788945,Sách - Little Women & Good Wives (Wordsworth Classics) by Louisa May Alcott | English Fiction Book,180000,180000,0,0,0,0,Louisa May Alcott,,,,,,,,out_of_stock,,False,False,False
278788615,Sách - Guilliver's Travels (Wordsworth Classics) by Jonathan Swift | English Fantasy Fiction,180000,180000,0,0,0,0,Jonathan Swift,Wordsworth,Wordsworth,9781853260278,Bìa mềm,288,1992-08-12,Bookworm Hà Nội,available,1000,True,True,True
278785622,Sách - The Wall of Storms (Book #2 from the series The Dandelion Dynasty) by Ken Liu / Ngoại văn,380000,380000,0,0,0,0,Ken Liu,Bloomsburry Publishing,Bloomsbury Publishing,9781800240353,Bìa mềm,880,2021-10-12,Bookworm Hà Nội,available,1000,True,True,True
278785574,Sách - Hound of the Baskervilles & Valley of Fear by Sir Arthur Conan Doyle | Ngoại văn Bìa cứng,380000,380000,0,0,0,0,Sir Arthur Conan Doyle,Wordsworth Editions Ltd,Wordsworth Editions,9781840228076,Bìa cứng,352,2021-05-12,Bookworm Hà Nội,available,1000,True,True,True
278775919,Sách - The Mime Order by Samantha Shannon - Fantasy/Dystopia/Young Adult book in English - Ngoại Văn,320000,320000,0,0,0,0,Samantha Shannon,Bloomsburry Publishing,Bloomburry Publishing,9781526664808,Bìa mềm,560,2024-10-11,Bookworm Hà Nội,available,1000,True,True,True
278611681,Sách - Cat's Cradle by Kurt Vonnegut | Penguin Modern Classics / Science Fiction,380000,380000,0,0,0,0,Kurt Vonnegut,Penguin,Penguin,9780141189345,Bìa mềm,205,2008-05-07,Bookworm Hà Nội,available,1000,True,True,True
277582840,"Sách - A Single Man by Christopher Isherwood - Sách tiếng anh, tiểu thuyết/ Fiction/Novel/Classic",280000,280000,0,0,0,0,Christopher Isherwood,Vintage Books,Vintage Books,9780099541288,Bìa mềm,176,2010-03-17,Bookworm Hà Nội,available,1000,True,True,True
277540103,TREASURE ISLAND,99000,99000,0,0,0,0,Robert Louis Stevenson,Harper Collins,Harper Collins,9780007351015,Bìa mềm,,,Xunhasaba Thế giới Sách Ngoại văn,available,1000,True,True,True
277378265,PETER PAN,99000,99000,0,0,0,0,J.M. Barrie,Harper Collins,Harper Collins,9780007558179,Bìa mềm,,,Xunhasaba Thế giới Sách Ngoại văn,available,1000,True,True,True
277010431,GRIMMS' FAIRY TALES,99000,99000,0,0,0,0,Brothers Grimm,Harper Collins,Harper Collins,9780007902248,Bìa mềm,,,Xunhasaba Thế giới Sách Ngoại văn,available,1000,True,True,True
276963328,AROUND THE WORLD IN EIGHTY DAYS,99000,99000,0,0,0,1,Jules Verne,Harper Collins,Harper Collins,9780007350940,Bìa mềm,,,Xunhasaba Thế giới Sách Ngoại văn,available,1000,True,True,True
275257782,The Tragedy of the Korosko,239000,239000,0,0,0,0,Arthur Conan Doyle,Harper Collins,Harper Collins,9781847494351,Bìa mềm,,,Xunhasaba Thế giới Sách Ngoại văn,available,1000,True,True,True
274384979,"Sách Good Night, Irene: A Novel",356000,725000,51,5,2,5,Luis Alberto Urrea,Hachette,Hachette,9780316265850,Bìa mềm,,,Tiki Trading,available,1000,False,True,True
274384876,Sách Stone Cold Fox,307000,675000,55,0,0,1,Rachel Koller Croft,Penguin,Penguin,9780593547502,Bìa mềm,,,Tiki Trading,available,1000,False,True,True
273736743,Artbook - Sách Tiếng Anh - Emma (Bìa Vải) ,680000,680000,0,0,0,0,Jane Austen,ARTBook,Penguin Random House,9780141192475,Clothbound hardback,,,Artbook,available,1000,True,True,True
272442024,Sách Maybe Not: A Novella (2) (Maybe Someday),250000,384000,35,5,1,4,Colleen Hoover,Atria Books,Atria Books,9781501125713,Bìa mềm,160,,Tiki Trading,available,1000,False,True,True
271335729,The Good Soldier,120000,120000,0,0,0,1,,Wordsworth,Wordsworth,9781840226539,Bìa mềm,,,Xunhasaba Thế giới Sách Ngoại văn,available,1000,True,True,True
271334680,Thirty-Nine Steps,120000,120000,0,0,0,1,,Wordsworth,Wordsworth,9781853260803,Bìa mềm,,,Xunhasaba Thế giới Sách Ngoại văn,available,1000,True,True,True
271334443,Woman In White,169000,169000,0,0,0,3,,Wordsworth,Wordsworth,9781840220841,Bìa mềm,,,Xunhasaba Thế giới Sách Ngoại văn,available,1000,True,True,True
3887625,Love in the Time of Cholera (Penguin Essentials) ,349000,349000,0,0,0,17,,Penguin Random House,Penguin Books,9780241978924,Paperback,348,2016-08-04,Xunhasaba Thế giới Sách Ngoại văn,available,1000,True,False,True
421162,Sách From The Earth To The Moon & Around The Moon,120000,120000,0,5,1,27,Jules Verne,Wordsworth Editions Ltd,Wordsworth Editions Ltd,9781840226706,Paperback,424,2011-08-15,Xunhasaba Thế giới Sách Ngoại văn,available,1000,True,True,True
416387,Sách Wordsworth Classics: Wives And Daughters,99000,99000,0,4.7,3,16,Elizabeth Gaskell,Wordsworth Editions Ltd,Wordsworth Editions Ltd,9781840224160,Paperback,596,2003-04-01,Xunhasaba Thế giới Sách Ngoại văn,available,1000,True,True,True
279157523,The Metaphysics,449000,449000,0,0,0,0,Aristotle,Penguin Random House,Penguin Random House,9780140446197,Bìa mềm,,,Xunhasaba Thế giới Sách Ngoại văn,available,1000,True,True,True
279155429,Sách ngoại văn: The Wind In The Willows,422900,436000,3,0,0,0,Kenneth Grahame,Penguin Books,Puffin Classics,9780241725238,Bìa mềm,,2023-12-21,Nhà sách Fahasa,available,1000,True,True,True
279103941,Sách - Thousand Cranes by Yasunari Kawabata - (Penguin Modern Classics),350000,350000,0,0,0,0,Yasunari Kawabata,Penguin Books,Penguin Books,9780141192604,Bìa mềm,100,2011-01-19,Bookworm Hà Nội,available,1000,True,True,True
279069699,Sách - Selected Writings on Art & Literature by Charles Baudelaire | Classics / Ngoại văn Kinh điển,580000,580000,0,0,0,0,Many Authors,Penguin Classics,Penguin Classics,9780140446067,Bìa mềm,460,1972-04-13,Bookworm Hà Nội,available,1000,True,True,True
278852689,Robinson Crusoe HB,329000,329000,0,0,0,0,Daniel Defoe,Wordsworth Editions Ltd,Wordworth Editions Ltd,9781509842896,Bìa cứng,,,Xunhasaba Thế giới Sách Ngoại văn,available,1000,True,True,True
278825120,Sách - Summer Crossing by Truman Capote | Classics Romance / Fiction / Ngoại văn Nhập khẩu,280000,280000,0,0,0,0,Truman Capote,Penguin,Penguin,9780141188584,Bìa mềm,142,2006-12-12,Bookworm Hà Nội,available,1000,True,True,True
278824289,Sách - The Adventures & Memoirs of Sherlock Holmes by Sir Arthur Conan Doyle - (Wordsworth Classics),220000,220000,0,0,0,0,Sir Arthur Conan Doyle,,,,,,,,out_of_stock,,False,False,False
278816675,Sách - Naked Lunch by William S. Burroughs (Penguin Modern Classics) / Ngoại văn Nhập khẩu,350000,350000,0,0,0,0,William S Burroughs,,,,,,,,out_of_stock,,False,False,False
278816030,Sách - Tender Is The Night by F. Scott Fitzgerald (Author of The Great Gatsby) | Classics Fiction,280000,280000,0,0,0,0,F. Scott Fitzgerald,,,,,,,,out_of_stock,,False,False,False
278810291,Sách - This is Shakespeare by Emma Smith - Nonfiction/Shakespeare book in English - Bìa Cứng,550000,550000,0,0,0,0,Emma Smith,Vintage,Vintage,9781524748548,Bìa cứng,368,2021-10-12,Bookworm Hà Nội,available,1000,True,True,True
278809589,Sách - On the Edge of Infinity by Stefan Klein - Science/Nonfiction book in English - Bìa Cứng,350000,350000,0,0,0,0,Stefan Klein,Octopus Books,Octopus Books,9781788400602,Bìa cứng,240,2018-04-19,Bookworm Hà Nội,available,1000,True,True,True
278809549,Sách - The Name of The Rose by Umberto Eco - Fiction/Historical Fiction/Mystery book in English,350000,350000,0,0,0,0,Umberto Eco,Vintage Classics,Vintage Classics,9781784871567,Bìa mềm,592,2004-04-22,Bookworm Hà Nội,available,1000,True,True,True
278794519,Sách - The Mill on the Floss (Wordsworth Classics) by George Eliot | English Fiction Book,180000,180000,0,0,0,0,George Eliot,,,,,,,,out_of_stock,,False,False,False
278793136,Sách - Kim by Rudyard Kipling | Classic Literature / Ngoại văn Kinh điển Nhập khẩu,220000,220000,0,0,0,0,Rudyard Kipling,Wordsworth Editions Ltd,Wordsworth Editions Ltd,9781853260995,Bìa mềm,272,1994-07-14,Bookworm Hà Nội,available,1000,True,True,True
278791497,Sách - The Wizard of Oz (Wordsworth Editions) by L. Frank Baum | English Children's Book - Bìa cứng,380000,380000,0,0,0,0,L. Frank Baum,,,,,,,,out_of_stock,,False,False,False
278789830,Sách - Peter Pan (Wordsworth Collector's Editions) by J.M. Barrie | Children's Book - Bìa cứng,380000,380000,0,0,0,0,J.M. Barrie,Wordsworth Editions Ltd,Wordsworth Editions Ltd,9781840227895,Bìa cứng,240,2018-08-14,Bookworm Hà Nội,available,1000,True,True,True
278788646,Sách - Barnaby Rudge (Wordsworth Classics) by Charles Dickens | English Historical Fiction,180000,180000,0,0,0,0,Charles Dickens,Wordsworth Editions Ltd,Wordsworth Editions Ltd,9781853267390,Bìa mềm,672,1998-08-06,Bookworm Hà Nội,available,1000,True,True,True
278783762,Sách - Seven Pillars of Wisdom by T.E. Lawrence | English Biography / Classics / Ngoại văn Nhập khẩu,220000,220000,0,0,0,0,Many Authors,Wordsworth Editions Ltd,Wordsworth Editions,9781853264696,Bìa mềm,704,1997-05-16,Bookworm Hà Nội,available,1000,True,True,True
278777781,Sách - The Potrait of a Lady by Henry James - Classics/Fiction/Literature book in English,180000,180000,0,0,0,0,Henry James,,,,,,,,out_of_stock,,False,False,False
278777051,Sách - Villette by Charlotte Brontë - Classics/Fiction/Romance book in English - Sách Ngoại Văn,180000,180000,0,0,0,0,Charlotte Brontë,,,,,,,,out_of_stock,,False,False,False
278775617,Sách - Twenty Years After by Alexandre Dumas - Classics/Fiction/Historical Fiction book in English,220000,220000,0,0,0,0,Alexandre Dumas,Wordsworth Editions Ltd,Wordsworth Editions,9781840221633,Bìa mềm,704,2009-03-13,Bookworm Hà Nội,available,1000,True,True,True
278747192,Sách - The Crossing by Cormac McCarthy/ Tiểu thuyết tiếng Anh/ Fiction/ English,280000,280000,0,0,0,0,Cormac McCarthy,PICADOR,Picador,9780330544566,Bìa mềm,436,2011-02-24,Bookworm Hà Nội,available,1000,True,True,True
278192141,Sách - The Unbearable Lightness of Being by Milan Kundera - Classics/Kinh điển tiếng Anh/Nhập US,480000,480000,0,0,0,0,Milan Kundera,,,,,,,,out_of_stock,,False,False,False
278059016,Oliver Twist,199000,199000,0,0,0,0,"Dickens, Charles",Harper Collins,Harper Collins,9781847493767,Bìa mềm,,,Xunhasaba Thế giới Sách Ngoại văn,available,1000,True,True,True
278053487,Sách - Desolation Angels (Penguin Modern Classics) by Jack Kerouac - Fiction / Classics in English,280000,280000,0,0,0,0,Jack Kerouac,,,,,,,,out_of_stock,,False,False,False
277739967,Sách - Portrait of the Artist as a Young Man by James Joyce - Collins Classics - English Books,150000,150000,0,0,0,0,James Joyce,,,,,,,,out_of_stock,,False,False,False
277555653,THE WINTER'S TALE,99000,99000,0,0,0,2,William Shakespeare,Harper Collins,Harper Collins,9780007925483,Bìa mềm,,,Xunhasaba Thế giới Sách Ngoại văn,available,1000,True,True,True
276564630,Key Philosophical Writings ,182000,182000,0,0,0,1,Rene Descartes,Wordsworth Editions Ltd,Wordworth Editions Ltd,9781853264702,Bìa mềm,,,Xunhasaba Thế giới Sách Ngoại văn,available,1000,True,True,True
274683743,Sách Ngoại Văn - Resurrection (Wordsworth Classics) Paperback by Leo Tolstoy (Author),145000,145000,0,0,0,2,Leo Tolstoy,Công ty TNHH Thương mại và Dịch vụ Văn hóa Hà Nội,Wordsworth Editions Ltd,978-1840227284,Paperback,496,,Tazano Official Store,available,1000,True,True,True
262789515,Journey To The Centre Of The Earth (Collins Classics),89000,89000,0,0,0,7,Jules Verne,Phương Nam Book,HarperCollins,9780007372379,Bìa mềm,288,,Nhà Sách Phương Nam,available,1000,True,True,True
262652504,A Study in Scarlet,99000,99000,0,5,1,2,,Harper Collins,Harper Collins,9780007558049,Bìa mềm,,,Xunhasaba Thế giới Sách Ngoại văn,available,1000,True,False,True
210154688,The Enchanted Castle,99000,99000,0,0,0,0,,Wordsworth Editions Ltd,Wordsworth Editions Ltd,9781853261299,,,,Xunhasaba Thế giới Sách Ngoại văn,available,1000,True,True,True
191779906,The Scarlet Letter (Alma Classics Evergreens),178000,178000,0,0,0,3,Nathaniel Hawthorne,Macmillan Publishers,Alma Books,9781847494214,,,,Nhà sách Fahasa,available,1000,True,True,True
190230174, Tender is the Night / The Last Tycoon,120000,120000,0,5,2,4,,Wordsworth Editions Ltd,Wordsworth Editions Ltd,9781840226638,Bìa mềm,,,Xunhasaba Thế giới Sách Ngoại văn,available,1000,True,True,True
26600581,Sherlock Holmes: The Complete Stories,359000,359000,0,0,0,8,Sir Arthur Conan Doyle,Wordsworth Editions Ltd,Wordsworth Editions Ltd,9781853268960,Paperback,1408,,Xunhasaba Thế giới Sách Ngoại văn,available,1000,True,True,True
553531,Sách Hard Times,145000,145000,0,5,2,21,Charles Dickens,Wordsworth Editions Ltd,Wordsworth Editions Ltd,9781853262326,Paperback,272,1998-01-05,Xunhasaba Thế giới Sách Ngoại văn,available,1000,True,False,True
550125,Sách As You Like It,145000,145000,0,5,1,5,William Shakespeare,Wordsworth Editions Ltd,Wordsworth Editions Ltd,9781853260599,Paperback,128,1998-10-05,Xunhasaba Thế giới Sách Ngoại văn,available,1000,True,False,True
435095,Sách Tiểu thuyết tiếng Anh - Mansfield Park,130000,130000,0,4.5,7,17,Jane Austen,Wordsworth Editions Ltd,Wordsworth Editions Ltd,9781853260322,Paperback,384,2010-05-21,Xunhasaba Thế giới Sách Ngoại văn,available,1000,True,True,True
420774,Sách tiếng Anh - Wordsworth Classics : Alice Adventures In Wonderland and Through The Looking-Glass,150187,168750,11,0,0,8,Lewis Carroll,Wordsworth Editions Ltd,Wordsworth Editions Ltd,9781853260025,Paperback,288,1992-05-05,Blue Horizon Books,available,1000,True,True,True
416396,Sách Wordsworth Classics: Gulliver's Travels,69000,69000,0,5,1,7,Jonathan Swift,Wordsworth Editions Ltd,Wordsworth Editions Ltd,9781853260278,Paperback,249,2001-11-07,Foreignbooks,available,1000,True,True,True
279199654,Sanshiro,349000,349000,0,0,0,0,Natsume Soseki,Penguin,Penguin,9780140455625,Bìa mềm,,,Xunhasaba Thế giới Sách Ngoại văn,available,1000,True,True,True
279154589,"Sách - Watership Down (A Puffin Book) by Richard Adams - Classics, Fiction, Fantasy ,Young Adult",350000,350000,0,0,0,0,Richard Adams,Puffin Books,Puffin Books,9780141378947,Bìa mềm,616,2018-01-12,Bookworm Hà Nội,available,1000,True,True,True
279154411,Sách - The Story of Hong Gildong (Penguin Classics) by Minsoo Kang - Classics/ Fiction,380000,380000,0,0,0,0,Many Authors,Penguin Classics,Penguin Classics,9780143107699,Bìa mềm,100,2016-01-12,Bookworm Hà Nội,available,1000,True,True,True
279143574,Three Japanese Short Stories,99000,99000,0,0,0,0,"Akutagawa Ryunosuke, Ryunosuke Akutagawa",Penguin Random House,Penguin Random House,9780241339749,Bìa mềm,,,Xunhasaba Thế giới Sách Ngoại văn,available,1000,True,True,True
279139083,Sách - Rashomon and Seventeen Other Stories by Ryunosuke Akutagawa (Penguin Classics Deluxe Edition),350000,350000,0,0,0,0,Ryunosuke Akutagawa,Penguin Books,Penguin Books,9780140449709,Bìa mềm,268,2006-01-10,Bookworm Hà Nội,available,1000,True,True,True
279104518,Sách - Things Fall Apart by Chinua Achebe - Fiction/Classics/Historical Fiction - Sách Ngoại Văn,320000,320000,0,0,0,0,Chinua Achebe,Penguin Classics,Penguin Classics,9780141023380,Bìa mềm,208,2006-05-09,Bookworm Hà Nội,available,1000,True,True,True
279104257,Sách - Midnight's Children by Salman Rushdie - Fiction/Magical Realism/Classics - Sách Ngoại Văn,380000,380000,0,0,0,0,Salman Rushdie,Vintage,Vintage,9780099511892,Bìa mềm,647,2021-01-14,Bookworm Hà Nội,available,1000,True,True,True
279103961,Sách - Chernobyl Prayer by Svetlana Alexievich - Penguin Modern Classics - Sách Ngoại Văn,380000,380000,0,0,0,1,Svetlana Alexievich,Penguin Classics,Penguin Classics,9780241270530,Bìa mềm,293,2016-01-22,Bookworm Hà Nội,available,1000,True,True,True
279103925,Sách - Sanshiro by Natsume Soseki - Japan| Fiction| Classics,380000,380000,0,0,0,0,Natsume Soseki,Penguin Books,Penguin Books,9780140455625,Bìa mềm,235,2009-01-14,Bookworm Hà Nội,available,1000,True,True,True
279101961,Sách - The Essential Hemingway by Ernest Hemingway - Fiction| Classics |Short Stories,350000,350000,0,0,0,1,Ernest Hemingway,Arrow Books,Arrow Books,9780099339311,Bìa mềm,506,2004-01-16,Bookworm Hà Nội,available,1000,True,True,True
279076021,Sách - Notes of a Native Son by James Baldwin | Essays / Classics / Ngoại văn Nhập khẩu Kinh điển,380000,380000,0,0,0,0,James Baldwin,Penguin Classics,Penguin Classics,9780241334003,Bìa mềm,179,2017-01-25,Bookworm Hà Nội,available,1000,True,True,True
279073641,Sách - Marcovaldo by Italo Calvino | Short Stories / Italian Literature / Truyện ngắn Ngoại văn,350000,350000,0,0,0,0,Italo Calvino,Vintage Classics,Vintage Classics,9780099428541,Bìa mềm,144,2001-05-23,Bookworm Hà Nội,available,1000,True,True,True
279071327,Sách - Secret Rendezvous by Kōbō Abe | Japanese Literature / Văn học Nhật Bản Nhập khẩu / Ngoại văn,350000,350000,0,0,0,1,Kobo Abe,Penguin Classics,Penguin Classics,9780241454619,Bìa mềm,192,2020-01-22,Bookworm Hà Nội,available,1000,True,True,True
279066572,Sách - On Literature by Umberto Eco | Literary Criticism / Phê bình & Lý thuyết Văn học / Ngoại văn,450000,450000,0,0,0,0,Umberto Eco,Vintage,Vintage,9780099453949,Bìa mềm,352,2006-04-04,Bookworm Hà Nội,available,1000,True,True,True
279066486,Sách - Why Read the Classics? - Italo Calvino| Nonfiction / Literary Criticism / Ngoại văn Nhập khẩu,380000,380000,0,0,0,0,Italo Calvino,Penguin Classics,Penguin Classics,9780141189703,Bìa mềm,288,2009-04-07,Bookworm Hà Nội,available,1000,True,True,True
279064876,Sách - The Ambassadors by Henry James | Everyman’s Library / Classics / Ngoại văn Bìa cứng,480000,480000,0,0,0,0,Henry James,Penguin Random House,Everyman's Library,9781841593746,Bìa cứng,548,2016-09-25,Bookworm Hà Nội,available,1000,True,True,True
279031864,Sách ngoại văn: Tender Is The Night,237500,250000,5,0,0,0,F. Scott Fitzgerald,Macmillan Publishers,Alma Classics,9781847497383,Bìa mềm,,2023-12-21,Nhà sách Fahasa,available,1000,True,True,True
279031637,Sách ngoại văn: The Last Tycoon,233700,246000,5,0,0,0,F. Scott Fitzgerald,Macmillan Publishers,Alma Classics,9781847493187,Bìa mềm,,2023-12-21,Nhà sách Fahasa,available,1000,True,True,True
278826711,Sách - The Warden (Vintage Classics) by Anthony Trollope | Classics Historical Fiction,280000,280000,0,0,0,0,Anthony Trollope,Vintage,Vintage,9780099528654,Bìa mềm,212,2012-08-15,Bookworm Hà Nội,available,1000,True,True,True
278815806,Sách - Memoirs of a Geisha: The Literary Sensation and Runaway Bestseller by Arthur Golden,320000,320000,0,0,0,0,Arthur Golden,Vintage,Vintage,9780091887193,Bìa mềm,512,1998-09-10,Bookworm Hà Nội,available,1000,True,True,True
278812698,Sách - The Memory Police by Yoko Ogawa - Tiểu thuyết tiếng Anh/Novel/Fiction in English,350000,350000,0,0,0,0,Yoko Ogawa,Vintage,Vintage,9781529966510,Bìa mềm,274,2020-10-16,Bookworm Hà Nội,available,1000,True,True,True
278810589,Sách - The Mammoth Book of Celtic Myths and Legends by Peter Berresford Ellis - Mythology/History,350000,350000,0,0,0,0,Many Authors,Independent Publishers Group,Independent Publishers Group,9781841192482,Bìa mềm,640,2003-04-24,Bookworm Hà Nội,available,1000,True,True,True
278794136,Sách - Vanity Fair (Alma Classics Evergreens) by William Makepeace Thackeray | English Classics,250000,250000,0,0,0,0,William Makepeace Thackeray,Alma Classics,Alma Classics,9781847497963,Bìa mềm,800,2019-10-10,Bookworm Hà Nội,available,1000,True,True,True
278793724,Sách - Hans Christian Andersen's Fairy Tales (Wordsworth Collector's Editions) | Sách bìa cứng,380000,380000,0,0,0,0,Hans Christian Andersen,Wordsworth Editions Ltd,Wordsworth Editions,9781840228625,Bìa cứng,624,2024-10-23,Bookworm Hà Nội,available,1000,True,True,True
278787737,Sách - Nicholas Nickleby (Wordsworth Classics) by Charles Dickens | English Classics Fiction,180000,180000,0,0,0,0,Charles Dickens,Wordsworth,Wordsworth Editions,9781853262647,Bìa mềm,800,1995-08-17,Bookworm Hà Nội,available,1000,True,True,True
278776234,Sách - Anita de Monte Laughs Last by Xochitl Gonzalez - Fiction/Historical Fiction book in English,350000,350000,0,0,0,0,Many Authors,Bloomsburry Publishing,Bloomsbury Publishing,9781526676290,Bìa mềm,352,2025-10-02,Bookworm Hà Nội,available,1000,True,True,True
278776157,"Sách - October, October by Katya Balen - Fiction/Novels book in English - Sách Ngoại Văn",320000,320000,0,0,0,0,Katya Balen,Bloomsbury Children's Books,Bloomsbury Children's Books,9781526601933,Bìa mềm,304,2021-09-29,Bookworm Hà Nội,available,1000,True,True,True
278774743,Sách - The Ragged Trousered Philanthropists by Robert Tressell - Classics/Politics book in English,220000,220000,0,0,0,0,Robert Tressell,Wordsworth Editions Ltd,Wordsworth Editions,9781840226829,Bìa mềm,624,2012-02-04,Bookworm Hà Nội,available,1000,True,True,True
278718521,Sách - Journey to the Centre of the Earth by Jules Verne | Classics /  Science Fiction / Ngoại văn,250000,250000,0,0,0,0,Jules Verne,Vintage,Vintage,9781784874667,Bìa mềm,183,2011-11-23,Bookworm Hà Nội,available,1000,True,True,True
278714964,Sách - Catherine Certitude by Patrick Modiano |  Nobel Prize Winner / French Literature in English,280000,280000,0,0,0,0,Patrick Modiano,Andersen Press,Andersen Press Ltd,9781783449828,Bìa mềm,80,2021-10-01,Bookworm Hà Nội,available,1000,True,True,True
278609731,Sách - The First Man by Albert Camus | Fiction / Philosophy / Classics / Ngoại văn Nhập khẩu,350000,350000,0,0,0,0,Albert Camus,Penguin,Penguin,9780241685549,Bìa mềm,261,2001-08-09,Bookworm Hà Nội,available,1000,True,True,True
276963396,AS YOU LIKE IT,99000,99000,0,0,0,1,William Shakespeare,Harper Collins,Harper Collins,9780007902392,Bìa mềm,,,Xunhasaba Thế giới Sách Ngoại văn,available,1000,True,True,True
274683815,Sách Ngoại Văn - Seven Pillars of Wisdom (Wordsworth Classics of World Literature) Paperback by T. E. Lawrence (Author),182000,182000,0,0,0,0,T. E. Lawrence,Công ty TNHH Thương mại và Dịch vụ Văn hóa Hà Nội,Wordsworth Editions Ltd,978-1853264696,Paperback,704,,Tazano Official Store,available,1000,True,True,True
274423171,Sách Ngoại Văn - The Mysterious Island (Jules Verne),145000,145000,0,0,0,2,Jules Verne,Công ty TNHH Thương mại và Dịch vụ Văn hóa Hà Nội,Wordsworth Editions,9781840226249,Bìa mềm,528,,Tazano Official Store,available,1000,True,True,True
274384889,Sách The Last Chance Cowboy: A Western Secret Baby Historical Romance with a Sheriff (Colorado Cowboys),228000,450000,49,0,0,1,Hedlund,Baker Publishing Group,Baker Publishing Group,9780764236433,Bìa mềm,,,Tiki Trading,available,1000,False,True,True
74551991,Truyện đọc tiếng Anh - Jo's Boys,277546,311850,11,0,0,2,Louisa May Alcott,Little Brown and Company,Little Brown and Company, 9780349011851,Bìa mềm,368,,Blue Horizon Books,available,1000,True,True,True
48582821,Sách tiếng Anh - Of Mice and Men,567108,637200,11,0,0,10,John Steinbeck,Penguin Random House,Penguin Random House,9780140177398 ,Paperback,107,,Blue Horizon Books,available,1000,True,True,True
31895951,Sách tiếng Anh - Macmillan Collector's Library: Sense and Sensibility,528660,594000,11,4,1,4,Jane Austen,Macmillan Publishers,Pan MacMillan,9781909621695,Hardback,464,2016-07-14,Blue Horizon Books,available,1000,True,True,True
2613717,Grandpa's Great Escape ,249000,249000,0,5,1,13,David Walliams,,HarperCollins,9780008183424,Paperback,464,2017-02-09,Xunhasaba Thế giới Sách Ngoại văn,available,1000,True,True,True
442329,Sách tiếng Anh - The Godfather,429000,429000,0,4.6,27,440,Mario Puzo,Penguin Random House,Penguin Random House US,9780099528128,Paperback,595,2009-07-22,Foreignbooks,available,1000,True,True,True
279155471,Sách ngoại văn: The Wizard Of Oz,253100,261000,3,0,0,0,L. Frank Baum,Penguin Books,Puffin Classics,9780241736524,Bìa mềm,,2023-12-21,Nhà sách Fahasa,available,1000,True,True,True
279143648,The Prime of Life,389000,389000,0,0,0,0,"Simone, Alison Green",Penguin Random House,Penguin Random House,9780241705391,Bìa mềm,,,Xunhasaba Thế giới Sách Ngoại văn,available,1000,True,True,True
279143576,Thousand Cranes,349000,349000,0,0,0,0,Kawabata Yasunari,Penguin Random House,Penguin Random House,9780141192604,Bìa mềm,,,Xunhasaba Thế giới Sách Ngoại văn,available,1000,True,True,True
279103967,"Sách - Girl, Woman, Other by Bernardine Evaristo - Fiction/Feminism/Contemporary - Sách Ngoại Văn",380000,380000,0,0,0,0,Many Authors,Penguin,Penguin,9780241984994,Bìa mềm,464,2020-01-16,Bookworm Hà Nội,available,1000,True,True,True
279073537,Sách - The Key by Jun'ichirō Tanizaki | Classics / Japanese Literature / Ngoại văn Nhập khẩu,350000,350000,0,0,0,0,Many Authors,Vintage Classics,Vintage Classics,9780099289999,Bìa mềm,160,2000-04-05,Bookworm Hà Nội,available,1000,True,True,True
279042593,Sách ngoại văn: Pride And Prejudice - Penguin Classics Deluxe Edition,329300,358000,8,0,0,0,nhieu tac gia,Penguin Books,Nhiều Nhà Xuất Bản,9780143105428,Bìa mềm,,2023-12-21,Nhà sách Fahasa,available,1000,True,True,True
278943040,Sách ngoại văn: Mansfield Park - Penguin Classics Deluxe Edition,329300,358000,8,0,0,0,Jane Austen,Penguin Books,Penguin Classics,9780143138716,Bìa mềm,,2023-12-21,Nhà sách Fahasa,available,1000,True,True,True
278942981,Sách ngoại văn: Sense And Sensibility - Penguin Classics Deluxe Edition,310900,338000,8,0,0,0,Jane Austen,Penguin Books,Penguin Classics,9780143106524,Bìa mềm,,2023-12-21,Nhà sách Fahasa,available,1000,True,True,True
278852465,Pollyanna & Pollyanna Grows Up,145000,145000,0,0,0,0,Michael E Porter,Wordsworth Editions Ltd,Wordsworth Editions,9781840226751,Bìa mềm,,,Xunhasaba Thế giới Sách Ngoại văn,available,1000,True,True,True
278816821,Sách - Travels With My Aunt by Graham Greene | Classics Fiction / Ngoại văn Nhập khẩu,320000,320000,0,0,0,0,Graham Greene,Vintage,Vintage,9780099583394,Bìa mềm,262,2020-10-11,Bookworm Hà Nội,available,1000,True,True,True
278816806,"Sách - Les Misérables Volume One (Wordsworth Classics) by Victor Hugo - Văn Học Kinh Điển, Tiếng Anh",220000,220000,0,0,0,0,Victor Hugo,Wordsworth Editions Ltd,Wordsworth Editions Ltd,9781853260858,Bìa mềm,494,2022-09-26,Bookworm Hà Nội,available,1000,True,True,True
278809523,Sách - Snow Crash by Neal Stephenson | Science Fiction in English / Cyberpunk / Ngoại văn,320000,320000,0,0,0,1,Neal Stephenson,Penguin Books,Penguin Books,9781405966832,Bìa mềm,440,2011-04-13,Bookworm Hà Nội,available,1000,True,True,True
278804930,Sách - The Man In The Iron Mask by Alexandre Dumas - Classics/Fiction book in English - Ngoại Văn,180000,180000,0,0,0,0,Alexandre Dumas,Wordsworth Editions Ltd,Wordsworth Editions,9781840224351,Bìa mềm,632,2002-01-16,Bookworm Hà Nội,available,1000,True,True,True
278794490,Sách - The Scarlet Letter (Wordsworth Classics) by Nathaniel Hawthorne | English Fiction Book,180000,180000,0,0,0,0,Nathaniel Hawthorne,,,,,,,,out_of_stock,,False,False,False
278793726,Sách - Northanger Abbey by Jane Austen | Classic Literature / Ngoại văn Kinh điển Nhập khẩu,180000,180000,0,0,0,0,Jane Austen,Wordsworth Editions Ltd,Wordsworth Editions Ltd,9781853260438,Bìa mềm,224,1992-04-15,Bookworm Hà Nội,available,1000,True,True,True
278793680,Sách -  The Return of Sherlock Holmes by Sir Arthur Conan Doyle | Classic Literature - Bìa cứng,320000,320000,0,0,0,0,Arthur Conan Doyle,Wordsworth Editions Ltd,Wordsworth Editions Ltd,9781840228069,Bìa cứng,320,2021-10-12,Bookworm Hà Nội,available,1000,True,True,True
278793206,Sách - Three Men in a Boat and Three Men on the Bummel by Jerome K. Jerome | Sách ngoại văn,180000,180000,0,0,0,0,Jerome K. Jerome,Wordsworth Editions Ltd,Wordsworth Editions,9781853260513,Bìa mềm,368,1992-10-15,Bookworm Hà Nội,available,1000,True,True,True
278791737,Sách - The Rainbow by D.H. Lawrence | Classic Literature / Ngoại văn Kinh điển Nhập khẩu,180000,180000,0,0,0,0,D. H. Lawrence,Wordsworth Editions Ltd,Wordsworth Editions,9781853262500,Bìa mềm,426,2001-11-01,Bookworm Hà Nội,available,1000,True,True,True
278790016,Sách - The House of Mirth (Wordsworth Classics) by Edith Wharton | English Historical Fiction,180000,180000,0,0,0,0,Edith Wharton,Wordsworth Editions Ltd,Wordsworth Editions Ltd,9781840224191,Bìa mềm,320,2002-08-14,Bookworm Hà Nội,available,1000,True,True,True
278785708,Sách - A Dog's Heart by Mikhail Bulgakov | Classic Fiction / Ngoại văn Nhập khẩu,280000,280000,0,0,0,0,Mikhail Bulgakov,,,,,,,,out_of_stock,,False,False,False
278776138,Sách - The Mysterious Island by Jules Verne - Classics/Fiction/Science Fiction book in English,220000,220000,0,0,0,1,Jules Verne,Wordsworth Editions Ltd,Wordsworth Editions,9781840226249,Bìa mềm,528,2010-02-12,Bookworm Hà Nội,available,1000,True,True,True
278775615,Sách - Last of the Mohicans by James Fenimore Cooper - Classics/Fiction book in English - Ngoại Văn,220000,220000,0,0,0,0,James Fenimore Cooper,Wordsworth Editions Ltd,Wordsworth Editions,9781853260490,Bìa mềm,384,1992-02-07,Bookworm Hà Nội,available,1000,True,True,True
278774963,Sách - Les Miserables: Volume 2 by Victor Hugo - Classics/Fiction/Historical Fiction book in English,220000,220000,0,0,0,0,Victor Hugo,Wordsworth Editions Ltd,Wordsworth Editions,9781853260506,Bìa mềm,512,1994-05-25,Bookworm Hà Nội,available,1000,True,True,True
278583806,Sách - Hamlet by William Shakespeare - Classics/ Plays /Fiction,380000,380000,0,0,0,0,William Shakespeare,Wordsworth Editions Ltd,Wordsworth Editions Ltd,9781840228458,Bìa cứng,181,2023-08-10,Bookworm Hà Nội,available,1000,True,True,True
278279839,Sách - One Hundred Years Of Solitude by Gabriel García Márquez - Classics/ Fiction in English,350000,350000,0,0,0,0,Gabriel Garcia Marquez,,,,,,,,out_of_stock,,False,False,False
277739935,Sách - The Great Gatsby by F Scott Fitzgerald - Sách Ngoại văn kinh điển - English Book - Nhập khẩu UK,250000,250000,0,0,0,0,F Scott Fitzgerald,Vintage Books,Vintage Books,9780099541530,Bìa mềm,148,2010-05-09,Bookworm Hà Nội,available,1000,True,True,True
277739724,Sách - An Essay Concerning Human Understanding by John Locke - Sách Ngoại văn - English Book,280000,280000,0,5,1,2,John Locke,Wordsworth,Wordsworth,9781840227321,Bìa mềm,880,2014-04-10,Bookworm Hà Nội,available,1000,True,True,True
277539729,THE PRINCE AND THE PAUPER,99000,99000,0,0,0,1,Mark Twain,Harper Collins,Harper Collins,9780007420063,Bìa mềm,,,Xunhasaba Thế giới Sách Ngoại văn,available,1000,True,True,True
277363240,Sách ngoại văn: Little Women (New Release),444500,478000,7,0,0,0,Louisa May Alcott,Penguin Books,Penguin Books,9780147514011,Bìa mềm,,2023-12-21,Nhà sách Fahasa,available,1000,True,True,True
276620020,Alice in Wonderland HB,299000,299000,0,0,0,0,Lewis Carroll,Wordsworth Editions Ltd,Wordworth Editions Ltd,9781840227802,Bìa cứng,,,Xunhasaba Thế giới Sách Ngoại văn,available,1000,True,True,True
276608977,Treasure Island,169000,169000,0,0,0,1,Robert Louis Stevenson,Wordsworth Editions Ltd,Wordsworth Editions Ltd,9781840228113,Bìa mềm,,,Xunhasaba Thế giới Sách Ngoại văn,available,1000,True,True,True
275199626,The Looking Glass and Other Stories,239000,239000,0,0,0,0,Anton Chekhov,Penguin,Penguin,9781847499011,Bìa mềm,,,Xunhasaba Thế giới Sách Ngoại văn,available,1000,True,True,True
270441133,Artbook - Sách Tiếng Anh - Le Morte d'Arthur: King Arthur and the Knights of the Round Table,750000,750000,0,0,0,2,,ARTBook,Canterbury Classics,9781626864634,Leatherbound Harback,768,2015-10-01,Artbook,available,1000,True,True,True
253431897,The Return of Sherlock Holmes (Collins Classics),89000,89000,0,5,1,6,Arthur Conan Doyle,Phương Nam Book,William Collins, 9780007934423,Bìa mềm,384,,Nhà Sách Phương Nam,available,1000,True,True,True
248580658,The Impossible First ,349000,349000,0,0,0,0,,Simon & Schuster,Simon & Schuster,9781982133122,Bìa mềm,,,Xunhasaba Thế giới Sách Ngoại văn,available,1000,True,True,True
208056450,Stoner: A Novel,325900,336000,3,5,4,14,John Williams,Penguin Books,Vintage Classics,9780099561545,,,,Nhà sách Fahasa,available,1000,True,True,True
49916029,Sách Signet Classics: The Call of the Wild and Selected Stories (With a New Afterword by Tobey Hiller),150100,158000,5,5,14,60,"Jack London, Alex Kershaw, Tobey Hiller",Penguin Random House,Penguin Random House,9780451531346,Mass market paperback,208,2014-09-22,Nhà sách Fahasa,available,1000,True,False,True
3320499,Truyện đọc tiếng Anh - Charlotte's Web,306382,344250,11,5,2,10,E. B. White,Penguin Random House,Penguin Random House,9780141354828,Paperback,272,,Blue Horizon Books,available,1000,True,True,True
435082,Sách The Hound Of The Baskervilles (Paperback),145000,145000,0,5,1,10,Arthur Conan Doyle,Wordsworth Editions Ltd,Wordsworth Editions Ltd,9781840224009,Paperback,320,1999-05-21,Xunhasaba Thế giới Sách Ngoại văn,available,1000,True,True,True
416375,Sách Little Dorrit,145000,145000,0,5,5,21,Charles Dickens,Wordsworth Editions Ltd,Wordsworth Editions Ltd,9781853261824,Paperback,801,2002-11-07,Xunhasaba Thế giới Sách Ngoại văn,available,1000,True,True,True
279155475,Sách ngoại văn: The Wizard Of Oz,422900,436000,3,0,0,0,L. Frank Baum,Penguin Books,Puffin,9780241790014,Bìa mềm,,2023-12-21,Nhà sách Fahasa,available,1000,True,True,True
279150331,Sách - Killing Commendatore by Haruki Murakami | Japanese Literature / Ngoại văn Nhập khẩu,390000,390000,0,0,0,0,Haruki Murakami,Vintage,Vintage Books,9781784707330,Bìa mềm,681,2019-07-18,Bookworm Hà Nội,available,1000,True,True,True
279073598,Sách - Last Comes the Raven by Italo Calvino | Short Stories / Truyện ngắn Ngoại văn Nhập khẩu,350000,350000,0,0,0,0,Italo Calvino,Vintage Classics,Vintage Classics,9781784878214,Bìa mềm,256,2023-01-09,Bookworm Hà Nội,available,1000,True,True,True
279071348,"Sách - From Russia with Love by Ian Fleming, James Bond series| Action Thriller/ Ngoại văn Hành động",350000,350000,0,0,0,0,Ian Fleming,Penguin Classics,Penguin Classics,9780241689363,Bìa mềm,272,2024-01-24,Bookworm Hà Nội,available,1000,True,True,True
279071316,Sách - Beauty & Sadness by Yasunari Kawabata | Japanese Literature / Classics / Ngoại văn Nhập khẩu,350000,350000,0,0,0,0,Yasunari Kawabata,Penguin Classics,Penguin Classics,9780141192611,Bìa mềm,144,2011-03-03,Bookworm Hà Nội,available,1000,True,True,True
279064818,Sách - The Woman in White by Wilkie Collins | Everyman’s Library / Classics / Ngoại văn Bìa cứng,580000,580000,0,0,0,0,Wilkie Collins,Penguin Random House,Everyman's Library,9781857150186,Bìa cứng,569,1991-04-20,Bookworm Hà Nội,available,1000,True,True,True
279036697,Sách ngoại văn: Chinese Cinderella,462000,462000,0,0,0,0,Adeline Yen Mah,Penguin Books,Nhiều Nhà Xuất Bản,9780241688236,Bìa mềm,,2023-12-21,Nhà sách Fahasa,available,1000,True,True,True
279033396,Sách ngoại văn: Clap When You Land,238600,246000,3,0,0,0,nhieu tac gia,Grantham Book Services,Nhiều Nhà Xuất Bản,9781471409127,Bìa mềm,,2023-12-21,Nhà sách Fahasa,available,1000,True,True,True
279032717,Sách ngoại văn: The Triumph Of The Lions,306800,323000,5,0,0,0,nhieu tac gia,HarperCollins Publishers,Nhiều Nhà Xuất Bản,9780062931702,Bìa mềm,,2023-12-21,Nhà sách Fahasa,available,1000,True,True,True
278856313,Sách Ngoại Văn - Gulliver's Travels,145000,145000,0,0,0,0,Jonathan Swift,Gieobooks,Wordsworth Editions Ltd,9781853260278,Paperback,250,,Tazano Official Store,available,1000,True,True,True
278817802,Sách - Romeo and Juliet by William Shakespeare - Wordsworth Classic - Ngoại văn Kinh điển Anh,180000,180000,0,0,0,0,William Shakespeare,Wordsworth,Wordsworth,9781840224337,Bìa mềm,160,2000-05-20,Bookworm Hà Nội,available,1000,True,True,True
278816307,Sách - An Uncommon Story by Ivan Goncharov | Classics Literature / Ngoại văn Nhập khẩu,280000,280000,0,0,0,0,Ivan Goncharov,Alma Classics,Alma Classics,9781847499028,Bìa mềm,256,2023-10-08,Bookworm Hà Nội,available,1000,True,True,True
278810696,Sách - The Stars The Earth The River by Lê Minh Khuê | Vietnamese Short Fiction Book,320000,320000,0,0,0,0,Lê Minh Khuê,Thế giới Publishers with Artbook,Thế giới Publishers with Artbook,9786320201051,Bìa mềm,380,2025-09-30,Bookworm Hà Nội,available,1000,True,True,True
278794186,Sách - Moonfleet (Wordsworth Children's Classics) by John Meade Falkner | English Classics,220000,220000,0,0,0,0,John Meade Falkner,Wordsworth Editions Ltd,Wordsworth Editions,9781840221695,Bìa mềm,240,2009-10-14,Bookworm Hà Nội,available,1000,True,True,True
278794184,Sách - Ethan Frome by Edith Wharton | Classic Novel / Ngoại văn Kinh điển Nhập khẩu,180000,180000,0,0,0,0,Edith Wharton,Wordsworth Editions Ltd,Wordsworth Editions Ltd,9781840224085,Bìa mềm,128,2000-08-24,Bookworm Hà Nội,available,1000,True,True,True
278788943,Sách - Night Terrors (Tales of Mystery & The Supernatural) by E.F. Benson | English Ghost Stories,220000,220000,0,0,0,0,E. F. Benson,Wordsworth Editions Ltd,Wordsworth Editions Ltd,9781840226850,Bìa mềm,720,2012-07-12,Bookworm Hà Nội,available,1000,True,True,True
278787765,Sách - A Pair of Blue Eyes (Wordsworth Classics) by Thomas Hardy | English Romance Fiction,180000,180000,0,0,0,0,Thomas Hardy,Wordsworth,Wordsworth,9781853262777,Bìa mềm,336,1995-08-10,Bookworm Hà Nội,available,1000,True,True,True
278777550,Sách - The Earth Transformed: An Untold History by Peter Frankopan - History/Nonfiction English book,550000,550000,0,0,0,0,Peter Frankopan,Bloomsbury Publishing,Bloomsbury Publishing,9781526622556,Bìa mềm,736,2024-10-08,Bookworm Hà Nội,available,1000,True,True,True
278776475,Sách - A Thousand Splendid Suns by Khaled Hosseini - Fiction/Historical Fiction book in English,280000,280000,0,0,0,0,Khaled Hosseini,Bloomsburry Publishing,Bloomsbury Publishing,9781526604767,Bìa mềm,432,2018-03-08,Bookworm Hà Nội,available,1000,True,True,True
278776464,Sách - City of Girls by Elizabeth Gilbert - Historical Fiction/Fiction book in English - Ngoại Văn,280000,280000,0,0,0,0,Elizabeth Gilbert,Bloomsbury Publishing,Bloomsbury Publishing,9781526619808,Bìa mềm,512,2020-10-14,Bookworm Hà Nội,available,1000,True,True,True
278775921,Sách - Women in Love by D.H. Lawrence - Classics/Fiction/Literature book in English - Ngoại Văn,250000,250000,0,0,0,0,D.H. Lawrence,Alma Classics,Alma Classics,9781847498984,Bìa mềm,608,2023-10-04,Bookworm Hà Nội,available,1000,True,True,True
278772082,Sách - Tales from Russian Folklore by Alexander Afanasyev - Fiction/Fairy Tales book in English,280000,280000,0,0,0,0,Alexander Afanasyev,Alma Classics,Alma Classics,9781847498373,Bìa mềm,300,2020-02-08,Bookworm Hà Nội,available,1000,True,True,True
278749549,Sách - New Scientist - instant Expert: How Evolution Explains Everything about Life,280000,280000,0,0,0,0,New Scientist,John Murray,John Murray Ltd,9781529381962,Bìa mềm,275,2022-10-05,Bookworm Hà Nội,available,1000,True,True,True
278707810,Sách - Breakfast of Champions by Kurt Vonnegut | Vintage Classic Science Fiction English Book,350000,350000,0,0,0,0,Kurt Vonnegut,Vintage Classics,Vintage Classics,9780099577935,Bìa mềm,320,1992-02-19,Bookworm Hà Nội,available,1000,True,True,True
278005509,Sách - The Torrents Of Spring by Ernest Hemingway - Fiction/ Classics/ Literature in English,220000,220000,0,0,0,0,Ernest Hemingway,Arrow Books,Arrow Books,9780099909507,Bìa mềm,104,2006-05-17,Bookworm Hà Nội,available,1000,True,True,True
277933636,Sách - Sách - Death in the Afternoon by Ernest Hemingway - Văn Học Kinh Điển Tiếng Anh/ English Classics Novel,250000,250000,0,0,0,0,Ernest Hemingway,Arrow Books,Arrow Books,9780099576839,Bìa mềm,329,2004-05-21,Bookworm Hà Nội,available,1000,True,True,True
276797436,L'AMANT,516000,516000,0,0,0,0,Marguerite Duras,Les Editions de Minuit,SODIS,9782707306951,Bìa mềm,145,1984-09-01,Librairie francaise de Hanoi,available,1000,True,True,True
276479725,The Book Of Disquiet,465000,500000,7,0,0,2,...,Penguin Books,Penguin UK,9780241200131,Bìa mềm,,2023-12-21,Nhà sách Fahasa,available,1000,True,True,True
275923067,Readology: Đọc thế nào? - Bản tiếng anh - Tác giả: Albus D. Hoang (Hoàng Anh Đức),95200,119000,20,0,0,1,Hoàng Anh Đức,Nhà xuất bản Phụ Nữ Việt Nam,Nhà Xuất Bản Phụ Nữ Việt Nam,978-604-472-759-2,Bìa mềm,,,Nhà Xuất Bản Phụ Nữ Việt Nam,available,1000,True,True,True
274855010,"Sách Ngoại Văn - The Song of Kieu: A New Lament (Paperback by Nguyen Du (Author)), Timothy Allen (Translator, Introduction)",349000,349000,0,0,0,0,Nguyen Du,Công ty TNHH Thương mại và Dịch vụ Văn hóa Hà Nội,Penguin Classics,978-0241360668,Paperback,240,,Tazano Official Store,available,1000,True,True,True
274852517,Sách Ngoại Văn - Vanity Fair (Evergreens) Paperback by William Makepeace Thackeray (Author),229000,229000,0,0,0,0,William Makepeace Thackeray,Công ty TNHH Thương mại và Dịch vụ Văn hóa Hà Nội,Alma Classics,978-1847497963,Paperback,800,,Tazano Official Store,available,1000,True,True,True
274399639,"Sách Ngoại Văn - Much ADO about Nothing (Wordsworth Classics) - William Shakespeare (Author), Emeritus Professor of English Cedric Watts M a PH D (Editor, Introduction), Dr Keith Carabine (Editor)",120000,120000,0,0,0,0,William Shakespeare,Công ty TNHH Thương mại và Dịch vụ Văn hóa Hà Nội,Wordsworth Editions,978-1853262548,Bìa mềm,144,,Tazano Official Store,available,1000,True,True,True
273737941,Artbook - Sách Tiếng Anh - Great Expectations (Clsc Hc) (Bìa Vải) ,650000,650000,0,0,0,0,Charles Dickens,ARTBook,Penguin Random House,9780141040363,Clothbound hardback,,,Artbook,available,1000,True,True,True
273566583,The Betrayal of Anne Frank - Less a Mystery Unsolved Than a Secret Well Kept - Rosemary Sullivan,289000,289000,0,0,0,0,Anne Frank,Công ty TNHH Thương mại và Dịch vụ Văn hóa Hà Nội,William Collins,9780008353872,Bìa mềm,416,2023-01-12,Tazano Official Store,available,1000,True,True,True
273321691,Little Women,209000,209000,0,0,0,5,Louisa May Alcott,Penguin,Penguin,978024137486,Bìa mềm,384,,Nhà Sách Phương Nam,available,1000,True,False,True
272421948,The Strange Library - Haruki Murakami,600000,600000,0,3,1,1,Haruki Murakami,Công ty TNHH Thương mại và Dịch vụ Văn hóa Hà Nội,Harvill Secker,9781846559211,Bìa mềm,,,Tazano Official Store,available,1000,True,True,True
262787487,Grimm's Fairy Tales (Collins Classics),89000,89000,0,0,0,1,Brothers Grimm,Phương Nam Book,William Collins,978-0007902248,Bìa mềm,192,,Nhà Sách Phương Nam,available,1000,True,True,True
97895049, Sapiens/Homo Deus Box Set W/Bonus Material,500000,500000,0,5,1,2,,ARTBook,Harper Perennial,9780063069015,,,,Artbook,available,1000,True,True,True
91440853,Sense and Sensibility,610000,610000,0,0,0,2,Jane Austen,Sterling Publishing,Sterling Publishing Co Inc,ISBN,Bìa mềm,344,2019-01-01,Cá Chép Bookstore,available,1000,True,True,True
91440713,Treasure Island,610000,610000,0,0,0,1,Robert Louis Stevenson,Sterling Publishing,Sterling Publishing Co Inc,ISBN,Bìa Da,272,2016-01-01,Cá Chép Bookstore,available,1000,True,True,True
279218577,The Saigon Times Weekly kỳ số 11-2026,19000,19000,0,0,0,1,Tạp chí Kinh tế Sài Gòn,Tạp chí Kinh tế Sài Gòn,Nhà xuất bản Kinh tế tài chính,SGTW1126,Bìa mềm,44,2026-03-11,Tạp chí Kinh tế Sài Gòn,available,1000,True,True,True
279155499,Sách ngoại văn: The Blue Hour,281300,290000,3,0,0,0,Paula Hawkins,Penguin Books,Penguin Books,9781804995334,Bìa mềm,,2023-12-21,Nhà sách Fahasa,available,1000,True,True,True
279072090,Sách - Diary of a Mad Old Man by Junichiro Tanizaki | Japanese Literature / Classics / Ngoại văn,350000,350000,0,0,0,0,Tanizaki Junichiro,Vintage Classics,Vintage Classics,9780099285199,Bìa mềm,192,2025-01-25,Bookworm Hà Nội,available,1000,True,True,True
279064929,Sách - The Arabian Nights | Everyman’s Library / Classics / Hardcover / Ngoại văn Kinh điển Bìa cứng,780000,780000,0,0,0,0,Many Authors,Penguin Random House,Everyman's Library,9781841593616,Bìa cứng,952,2014-08-06,Bookworm Hà Nội,available,1000,True,True,True
279041282,Sách ngoại văn: Great Expectations,461700,476000,3,0,0,0,Charles Dickens,Penguin Books,Nhiều Nhà Xuất Bản,9780141040363,Bìa mềm,,2023-12-21,Nhà sách Fahasa,available,1000,True,True,True
279040866,Sách ngoại văn: Mansfield Park,244400,252000,3,0,0,0,Jane Austen,Penguin Books,Nhiều Nhà Xuất Bản,9780241735039,Bìa mềm,,2023-12-21,Nhà sách Fahasa,available,1000,True,True,True
278969952,Sách ngoại văn: Sanditon And Other Stories,548300,596000,8,0,0,0,Jane Austen,Penguin Books,Everyman's Library,9780679447191,Bìa mềm,,2023-12-21,Nhà sách Fahasa,available,1000,True,True,True
278794450,Sách - The Age of Innocence by Edith Wharton | English Classic Novel / Ngoại văn Kinh điển Nhập khẩu,180000,180000,0,0,0,0,Edith Wharton,Wordsworth Editions Ltd,Wordsworth Editions Ltd,9781853262104,Bìa mềm,256,1994-07-13,Bookworm Hà Nội,available,1000,True,True,True
278793722,Sách - Great Expectations by Charles Dickens | Classic Literature / Ngoại văn Kinh điển Nhập khẩu,180000,180000,0,0,0,0,Charles Dickens,Wordsworth Editions Ltd,Wordsworth Editions Ltd,9781853260049,Bìa mềm,432,1992-08-19,Bookworm Hà Nội,available,1000,True,True,True
278793676,Sách - The Collected Short Stories of Saki (Wordsworth Classics) by Hector Hugh Munro,180000,180000,0,0,0,0,Hector Hugh Munro,Wordsworth Editions Ltd,Wordsworth Editions,9781853260711,Bìa mềm,512,1993-06-24,Bookworm Hà Nội,available,1000,True,True,True
278793201,Sách - A Study in Scarlet & The Sign of the Four by Sir Arthur Conan Doyle | Ngoại văn Bìa cứng,380000,380000,0,0,0,0,Arthur Conan Doyle,,,,,,,,out_of_stock,,False,False,False
278790018,Sách - Mansfield Park (Wordsworth Classics) by Jane Austen | English Romance Fiction Book,180000,180000,0,0,0,0,Jane Austen,Wordsworth Editions Ltd,Wordsworth Editions Ltd,9781853260322,Bìa mềm,400,1992-08-12,Bookworm Hà Nội,available,1000,True,True,True
278790010,Sách - The Diary of a Nobody (Wordsworth Classics) by George & Weedon Grossmith | English Fiction,180000,180000,0,0,0,0,Many Authors,Wordsworth Editions Ltd,Wordsworth Editions Ltd,9781853262012,Bìa mềm,176,1994-07-13,Bookworm Hà Nội,available,1000,True,True,True
278790008,Sách - Under the Greenwood Tree (Wordsworth Classics) by Thomas Hardy | English Romance Book,180000,180000,0,0,0,0,Thomas Hardy,Wordsworth Editions Ltd,Wordsworth Editions Ltd,9781853262272,Bìa mềm,192,1994-07-06,Bookworm Hà Nội,available,1000,True,True,True
278785335,Sách - Pinocchio by Carlo Collodi | Children's Classics Novel / Ngoại văn Thiếu nhi Kinh điển,180000,180000,0,0,0,0,Carlo Collodi,Wordsworth Editions Ltd,Wordsworth Editions,9781853261602,Bìa mềm,192,1995-02-24,Bookworm Hà Nội,available,1000,True,True,True
278778162,Sách - Tales from Shakespeare by Charles Lamb - Classics/Fiction book in English - Ngoại Văn,180000,180000,0,0,0,0,Charles Lamb,Wordsworth Editions Ltd,Wordsworth Editions,9781853261404,Bìa mềm,288,1994-04-05,Bookworm Hà Nội,available,1000,True,True,True
278776904,Sách - Speaking Bones by Ken Liu - Fantasy/Fiction/Epic Fantasy book in English - Ngoại Văn,380000,380000,0,0,0,0,Ken Liu,Bloomsbury,Bloomsbury,9781838931674,Bìa mềm,1072,2023-10-17,Bookworm Hà Nội,available,1000,True,True,True
278776472,Sách - The Kite Runner by Khaled Hosseini - Fiction/Classics book in English - Sách Ngoại Văn,280000,280000,0,0,0,0,Khaled Hosseini,Bloomsbury Publishing,Bloomsbury Publishing,9781526604736,Bìa mềm,368,2018-05-25,Bookworm Hà Nội,available,1000,True,True,True
278752039,Barnaby Rudge,145000,145000,0,0,0,0,C. Dickens,Wordsworth Editions Ltd,Wordsworth Editions Ltd,9781853267390,Bìa mềm,,,Xunhasaba Thế giới Sách Ngoại văn,available,1000,True,True,True
278750022,Sách - Jane Eyre by Charlotte Bronte - (Wordsworth Classics) - Classics/ Fiction/ Romance,220000,220000,0,0,0,0,Charlotte Bronte,Wordsworth,Wordsworth,9781853260209,Bìa mềm,410,1999-02-05,Bookworm Hà Nội,available,1000,True,True,True
278749850,Sách - Death and the Penguin by Andrey Kurkov/ Tiểu thuyết tiếng Anh/ Fiction/ English,300000,300000,0,0,0,0,Many Authors,Vintage,Vintage,9781784706999,Bìa mềm,227,2003-05-01,Bookworm Hà Nội,available,1000,True,True,True
278729985,Sách - Shakespeare on Flowers by Panorama Pops | English Classics Poetry - Drama Fiction Quotes,220000,220000,0,0,0,0,Many Authors,Walker Books Ltd,Walker Books Ltd,9781406369014,Bìa cứng,30,2016-02-09,Bookworm Hà Nội,available,1000,True,True,True
278716464,Sách - The Rules of Attraction by Bret Easton Ellis | American Modern Classics English Fiction,320000,320000,0,0,0,0,Bret Easton Ellis,PICADOR,Picador,9781447212447,Bìa mềm,336,2023-10-02,Bookworm Hà Nội,available,1000,True,True,True
278714113,Sách - Chronicle of a Death Foretold by Gabriel García Márquez | Classics / Fiction in English,350000,350000,0,0,0,0,Gabriel Garcia Marquez,Penguin,Penguin,9780241980408,Bìa mềm,128,2014-08-07,Bookworm Hà Nội,available,1000,True,True,True
278677029,Sách - The Complete Sherlock Holmes by Arthur Conan Doyle - The complete box set collection,1680000,1680000,0,0,0,0,Arthur Conan Doyle,,,,,,,,out_of_stock,,False,False,False
278247389,"Sách - One Flew Over the Cuckoo's Nest by Ken Kesey: A cult novel, A Penguin Modern Classics series",380000,380000,0,0,0,0,Ken Kesey,Penguin Books,Penguin Books,9780141187884,Bìa mềm,281,2005-07-04,Bookworm Hà Nội,available,1000,True,True,True
277808571,Sách - Cannery Row by John Steinbeck - Văn học kinh điển - English Book,250000,250000,0,0,0,0,John Steinbeck,Penguin Books,Penguin Books,9780241980385,Bìa mềm,168,2017-04-06,Bookworm Hà Nội,available,1000,True,True,True
277539556,THE ISLAND OF DOCTOR MOREAU,99000,99000,0,0,0,0,H. G. Wells,Harper Collins,Harper Collins,9780008190057,Bìa mềm,,,Xunhasaba Thế giới Sách Ngoại văn,available,1000,True,True,True
277500072,THE ADVENTURES OF HUCKLEBERRY FINN,99000,99000,0,0,0,0,Mark Twain,Harper Collins,Harper Collins,9780007351039,Bìa mềm,,,Xunhasaba Thế giới Sách Ngoại văn,available,1000,True,True,True
277370382,MADAME BOVARY,99000,99000,0,0,0,0,Gustave Flaubert,Harper Collins,Harper Collins,9780007420308,Bìa mềm,,,Xunhasaba Thế giới Sách Ngoại văn,available,1000,True,True,True
274678047,Hard Times (Alma Classics Evergreens),247900,261000,5,0,0,1,...,Đang cập nhật,Đang cập nhật,9781847494887,Bìa mềm,,2023-12-21,Nhà sách Fahasa,available,1000,True,True,True
262730695,My Ántonia,85000,85000,0,0,0,0,,Harper Collins,Harper Collins,9780008322809,Bìa mềm,,,Xunhasaba Thế giới Sách Ngoại văn,available,1000,True,True,True
210530309,The Way We Live Now,99000,99000,0,3,1,5,,Wordsworth Editions Ltd,Wordsworth Editions Ltd,9781853262555,,,,Xunhasaba Thế giới Sách Ngoại văn,available,1000,True,True,True
210145468, Collected Ghost Stories,169000,169000,0,0,0,3,,Wordsworth Editions Ltd,Wordsworth Editions Ltd,9781840225518,,,,Xunhasaba Thế giới Sách Ngoại văn,available,1000,True,True,True
210143739,Barnaby Rudge,130000,130000,0,0,0,2,,Wordsworth Editions Ltd,Wordsworth Editions Ltd,9781853267390,,,,Xunhasaba Thế giới Sách Ngoại văn,available,1000,True,True,True
95540568,The Arabian Nights,750000,750000,0,5,2,4,,ARTBook,Canterbury Press Norwich,9781607103097,,,,Artbook,available,1000,True,True,True
74553506,Tiểu thuyết tiếng Anh - A Study in Scarlet & The Sign of the Four,138172,155250,11,5,5,13,Sir Arthur Conan Doyle,Wordsworth,Wordsworth,9781840224115,Bìa mềm,224,,Blue Horizon Books,available,1000,True,True,True
44914072,To Kill A Mockingbird,319200,336000,5,4.6,9,46,Harper Lee,Penguin Random House,Arrow,9781784752637,Paperback,320,,Nhà sách Fahasa,available,1000,True,True,True
490176,Truyện đọc tiếng Anh - The Giver,330750,330750,0,0,0,12,Lois Lowry,HarperCollins,HarperCollins,9780007578498,Paperback,240,2016-04-18,Blue Horizon Books,available,1000,True,True,True
420785,Sách Tom Sawyer and Huckleberry Finn - Những cuộc phiêu lưu của Sawyer,99000,99000,0,5,2,29,Mark Twain,Wordsworth Editions Ltd,Wordsworth Editions Ltd,9781853260117,Paperback,396,2001-01-01,Xunhasaba Thế giới Sách Ngoại văn,available,1000,True,True,True
279073734,Sách - Black Mischief by Evelyn Waugh | Classics / Fiction / Ngoại văn Kinh điển Nhập khẩu,350000,350000,0,0,0,0,Evelyn Waugh,Penguin Classics,Penguin Classics,9780141183985,Bìa mềm,289,2011-02-08,Bookworm Hà Nội,available,1000,True,True,True
279071405,Sách - Naked Lunch by William S. Burroughs | Classics / Fiction / Ngoại văn Kinh điển Nhập khẩu,390000,390000,0,0,0,0,William S Burroughs,Penguin Classics,Penguin Classics,9780141189765,Bìa mềm,304,2015-09-27,Bookworm Hà Nội,available,1000,True,True,True
279064919,Sách - Snow by Orhan Pamuk | Everyman’s Library / Classics Fiction / Hardcover / Ngoại văn Bìa cứng,580000,580000,0,0,0,0,Orhan Pamuk,Penguin Random House,Everyman's Library,9781841593388,Bìa cứng,460,2011-07-27,Bookworm Hà Nội,available,1000,True,True,True
278818690,Sách - The Trial by Franz Kafka | Classic Literature / Fiction / Ngoại văn Kinh điển Nhập khẩu,280000,280000,0,0,0,0,Franz Kafka,Alma Classics,Alma Classics,9781847497192,Bìa mềm,208,2018-07-30,Bookworm Hà Nội,available,1000,True,True,True
278817144,Sách - Journey to the Centre of the Earth by Jules Verne - Wordsworth Classics,200000,200000,0,0,0,0,Jules Verne,Wordsworth,Wordsworth,9781853262876,Bìa mềm,185,2012-03-07,Bookworm Hà Nội,available,1000,True,True,True
278816658,Sách - Alice in Wonderland by Lewis Carroll - Wordsworth Classics,180000,180000,0,0,0,0,Lewis Carroll,,,,,,,,out_of_stock,,False,False,False
278816623,Sách - Madame Bovary by Gustave Flaubert | Classics Literature / Bìa cứng / Ngoại văn Kinh điển,350000,350000,0,0,0,0,Gustave Flaubert,Independent Publishers Group,Independent Publishers Group,9789386869289,Bìa cứng,372,2018-04-21,Bookworm Hà Nội,available,1000,True,True,True
278809637,Sách - What Would de Beauvoir Do: How the Greatest Feminists Would Solve Your Everyday Problems,320000,320000,0,0,0,0,Tabi Jackson Gee,Octopus Books,Octopus Books,9781788400305,Bìa mềm,192,2018-05-15,Bookworm Hà Nội,available,1000,True,True,True
278794448,Sách - Jude the Obscure by Thomas Hardy | English Classic Fiction / Ngoại văn Kinh điển Nhập khẩu,180000,180000,0,0,0,0,Thomas Hardy,,,,,,,,out_of_stock,,False,False,False
278794171,Sách - The Moonstone by Wilkie Collins | English Classic Literature / Ngoại văn Kinh điển Nhập khẩu,180000,180000,0,0,0,0,Wilkie Collins,,,,,,,,out_of_stock,,False,False,False
278794159,Sách - Treasure Island by Robert Louis Stevenson | Classic Fiction / Ngoại văn Kinh điển - Bìa cứng,380000,380000,0,0,0,0,Robert Louis Stevenson,Wordsworth Editions Ltd,Wordsworth Editions Ltd,9781840227888,Bìa cứng,336,2018-08-15,Bookworm Hà Nội,available,1000,True,True,True
278794154,Sách - Little Women by Louisa May Alcott | Classic English Novel / Ngoại văn Kinh điển - Bìa cứng,380000,380000,0,0,0,0,Louisa May Alcott,,,,,,,,out_of_stock,,False,False,False
278794148,Sách - Twenty Thousand Leagues Under the Sea (Wordsworth Classics) by Jules Verne,180000,180000,0,0,0,0,Jules Verne,,,,,,,,out_of_stock,,False,False,False
278793685,Sách - The Adventures of Sherlock Holmes by Sir Arthur Conan Doyle | Classic Literature - Bìa cứng,380000,380000,0,0,0,0,Arthur Conan Doyle,Wordsworth Editions Ltd,Wordsworth Editions Ltd,9781840228311,Bìa cứng,304,2021-10-12,Bookworm Hà Nội,available,1000,True,True,True
278793656,Sách - Orlando: A Biography (Wordsworth Classics) by Virginia Woolf | Sách nhập khẩu,180000,180000,0,0,0,0,Virginia Woolf,Wordsworth Editions Ltd,Wordsworth Editions,9781853262395,Bìa mềm,192,1995-03-21,Bookworm Hà Nội,available,1000,True,True,True
278793654,Sách - Northanger Abbey by Jane Austen | Classic Literature / Ngoại văn Kinh điển - Bìa cứng,380000,380000,0,0,0,0,Jane Austen,Wordsworth Editions Ltd,Wordsworth Editions Ltd,9781840227987,Bìa cứng,224,2020-10-09,Bookworm Hà Nội,available,1000,True,True,True
278787721,Sách - This Side of Paradise & The Beautiful and Damned (Wordsworth Classics) by F. Scott Fitzgerald,180000,180000,0,0,0,0,F. Scott Fitzgerald,Wordsworth,Wordsworth Editions,9781840226621,Bìa mềm,608,2011-07-13,Bookworm Hà Nội,available,1000,True,True,True
278787602,Sách - The Memoirs of Sherlock Holmes (Wordsworth Editions) by Arthur Conan Doyle | Bìa cứng,380000,380000,0,0,0,0,Arthur Conan Doyle,Wordsworth,Wordsworth Editions,9781840228052,Bìa cứng,256,2021-10-23,Bookworm Hà Nội,available,1000,True,True,True
278785666,Sách - Middlemarch by George Eliot | Classic Novel / Historical Fiction / Ngoại văn Kinh điển,220000,220000,0,0,0,0,George Eliot,,,,,,,,out_of_stock,,False,False,False
278776118,Sách - David Copperfield by Charles Dickens - Classics/Fiction/Literature book in English,180000,180000,0,0,0,0,Charles Dickens,,,,,,,,out_of_stock,,False,False,False
278775625,Sách - The Guernsey Literary and Potato Peel Pie Society by Mary Ann Shaffer - Classics/Fiction,320000,320000,0,0,0,0,Mary Ann Shaffer,Bloomsburry Publishing,Bloomsbury Publishing,9781526610898,Bìa mềm,272,2019-02-28,Bookworm Hà Nội,available,1000,True,True,True
278774751,Sách - Republic by Plato - Philosophy/Classics/Nonfiction book in English - Sách Ngoại Văn nhập khẩu,220000,220000,0,0,0,0,Plato,,,,,,,,out_of_stock,,False,False,False
278774745,Sách - As You Like It by William Shakespeare - Classics/Plays/Shakespeare book in English,180000,180000,0,0,0,0,William Shakespeare,,,,,,,,out_of_stock,,False,False,False
278755930,Sách - Don Quixote (Wordsworth Classics) by Miguel De Cervantes Saavedra - Văn Học Kinh Điển,280000,280000,0,0,0,0,Miguel De Cervantes Saavedra,,,,,,,,out_of_stock,,False,False,False
278755906,Sách - Robinson Crusoe by Daniel Defoe - Tiểu Thuyết Tiếng Anh/ English Novel/ Wordsworth Classics,180000,180000,0,0,0,1,Daniel Defoe,Wordsworth,Wordsworth,9781853260452,Bìa mềm,242,2000-09-20,Bookworm Hà Nội,available,1000,True,True,True
278747180,Sách - Ready Player Two by Ernest Cline - Tiểu thuyết tiếng Anh/ Fiction/ English Book,220000,220000,0,0,0,0,Ernest Cline,Penguin Books,Penguin Books,9781787469921,Bìa mềm,370,2021-09-29,Bookworm Hà Nội,available,1000,True,True,True
278720594,Sách - Cat's Cradle by Kurt Vonnegut | Classics Science Fiction / Ngoại văn Kinh điển Nhập khẩu,300000,300000,0,0,0,0,Kurt Vonnegut,Penguin,Penguin,9780241780985,Bìa mềm,231,2020-11-03,Bookworm Hà Nội,available,1000,True,True,True
278715266,Sách - The Good Earth: An American Classic by Pearl S. Buck | Pulitzer Prize Winning Novel,350000,350000,0,0,0,0,Pearl S. Buck,Simon & Schuster UK,Simon & Schuster UK,9781471147432,Bìa mềm,368,2016-04-12,Bookworm Hà Nội,available,1000,True,True,True
278707601,Sách - The Godfather by Mario Puzo | The classic bestseller/ Fiction in English | Sách ngoại văn,350000,350000,0,0,0,0,Mario Puzo,Penguin,Penguin,9781787469594,Bìa mềm,608,2024-06-01,Bookworm Hà Nội,available,1000,True,True,True
276797404,LE COMTE DE MONTE-CRISTO,373000,373000,0,0,0,1,Alexandre Dumas,Folio,SODIS,9782070405374,Bìa mềm,703,1998-08-26,Librairie francaise de Hanoi,available,1000,True,True,True
274467966,Sách Ngoại Văn - Robinson Crusoe (Wordsworth Classics),145000,145000,0,0,0,2,Daniel Defoe,Công ty TNHH Thương mại và Dịch vụ Văn hóa Hà Nội,Wordsworth Editions Ltd,978-1853260452,Bìa mềm,272,,Tazano Official Store,available,1000,True,True,True
274453688,"Sách Ngoại Văn - Hush, Hush saga 3: Silence (Becca Fitzpatrick)",249000,249000,0,0,0,0,Becca Fitzpatrick,Công ty TNHH Thương mại và Dịch vụ Văn hóa Hà Nội,Simon and Schuster,9781442426658,Bìa mềm,438,,Tazano Official Store,available,1000,True,True,True
274449844,Sách Ngoại Văn - The Hound Of The Baskervilles & The Valley Of Fear,145000,145000,0,0,0,0,Sir Arthur Conan Doyle,Công ty TNHH Thương mại và Dịch vụ Văn hóa Hà Nội,Wordsworth Editions Ltd,9781840224009,Bìa mềm,320,,Tazano Official Store,available,1000,True,True,True
273566684,Anne Frank The Diary Of A Young Girl,269000,269000,0,0,0,0,Anne Frank,,,,,,,,out_of_stock,,False,False,False
262789931,The Jungle Book (Collins Classics),89000,89000,0,5,1,6,Rudyard Kipling,Phương Nam Book,William Collins,9780007350858,Bìa mềm,224,,Nhà Sách Phương Nam,available,1000,True,True,True
262787664,Through the Looking Glass (Collins Classics),89000,89000,0,5,1,6,Lewis Caroll,Phương Nam Book,William Collins,9780007350933,Bìa mềm,192,,Nhà Sách Phương Nam,available,1000,True,True,True
262784899,Sapiens #2: The Pillars Of Civilization,499000,499000,0,0,0,1,Yuval Noah Harari,Phương Nam Book,Vintage Publishing,9781787333765,Bìa cứng,256,,Nhà Sách Phương Nam,available,1000,True,True,True
91441784,The Swiss Family Robinson,610000,610000,0,0,0,2,Johann Wyss,Sterling Publishing,Sterling Publishing Co Inc,ISBN,Bìa Da,544,2016-01-01,Cá Chép Bookstore,available,1000,True,True,True
52028559,Tiểu thuyết Văn học tiếng Pháp: Le Cid,138172,155250,11,5,1,8,Corneille,Editions Hatier,Hachette,9782401084612,Bìa mềm,191,2017-04-12,Blue Horizon Books,available,1000,True,True,True
50391800,Tiểu thuyết Văn học tiếng Pháp: Michel Strogoff,198488,223020,11,5,1,2,Jules Verne,Hachette,Hachette,9782013226608,Bìa mềm,315,2008-08-28,Blue Horizon Books,available,1000,True,True,True
279157502,The Politics,499000,499000,0,0,0,0,Aristotle,Penguin Random House,Penguin Random House,9780140444216,Bìa mềm,,,Xunhasaba Thế giới Sách Ngoại văn,available,1000,True,True,True
279133474,Sách - The Sound of the Mountain by Yasunari Kawabata (Penguin Modern Classics),350000,350000,0,0,0,0,Yasunari Kawabata,Penguin Books,Penguin Books,9780141192628,Bìa mềm,208,2011-01-21,Bookworm Hà Nội,available,1000,True,True,True
279073557,Sách - After the Banquet by Yasunari Kawabata | Classics / Japanese Literature / Ngoại văn Nhập khẩu,380000,380000,0,0,0,0,Yasunari Kawabata,Vintage Classics,Vintage Classics,9780099282785,Bìa mềm,288,1999-05-12,Bookworm Hà Nội,available,1000,True,True,True
279042469,Sách ngoại văn: Emma - Modern Library Classics,166400,179000,7,0,0,0,nhieu tac gia,Penguin Books,Nhiều Nhà Xuất Bản,9780375757426,Bìa mềm,,2023-12-21,Nhà sách Fahasa,available,1000,True,True,True
279042207,Sách ngoại văn: Northanger Abbey,244400,252000,3,0,0,0,nhieu tac gia,Penguin Books,Nhiều Nhà Xuất Bản,9780241735015,Bìa mềm,,2023-12-21,Nhà sách Fahasa,available,1000,True,True,True
279031561,Sách ngoại văn: This Side Of Paradise,271700,286000,5,0,0,0,F. Scott Fitzgerald,Macmillan Publishers,Alma Classics,9781847492227,Bìa mềm,,2023-12-21,Nhà sách Fahasa,available,1000,True,True,True
279029933,Sách ngoại văn: The Deluge - Stephen Markley,458800,483000,5,0,0,0,nhieu tac gia,Simon and Schuster,Nhiều Nhà Xuất Bản,9781982123109,Bìa mềm,,2023-12-21,Nhà sách Fahasa,available,1000,True,True,True
279027327,Sách ngoại văn: The Plague,374000,374000,0,0,0,0,Albert Camus,Penguin Books,Nhiều Nhà Xuất Bản,9780141185132,Bìa mềm,,2023-12-21,Nhà sách Fahasa,available,1000,True,True,True
278942916,Sách ngoại văn: Pride and Prejudice - Penguin Classics Deluxe Edition,329300,358000,8,0,0,0,Jane Austen,Penguin Books,Penguin Classics,9780143138730,Bìa mềm,,2023-12-21,Nhà sách Fahasa,available,1000,True,True,True
278831071,Sách ngoại văn: Humiliated And Insulted,311300,321000,3,0,0,0,Fyodor Dostoevsky,Macmillan Publishers,Alma Books,9781847497802,Bìa mềm,,2023-12-21,Nhà sách Fahasa,available,1000,True,True,True
278818519,Sách - The Aleph and Other Stories by Jorge Luis Borges | Fiction / Short Stories / Ngoại văn,350000,350000,0,0,0,0,Many Authors,Penguin,Penguin,9780241540527,Bìa mềm,224,2000-07-21,Bookworm Hà Nội,available,1000,True,True,True
278811048,Sách - Zero K by Don DeLillo - Fiction Science/Fiction book in English - Sách Ngoại Văn - Bìa Cứng,380000,380000,0,0,0,0,Don Delillo,PICADOR,Picador,9781509822850,Bìa cứng,288,2017-08-15,Bookworm Hà Nội,available,1000,True,True,True
278809837,Sách - Our Man In Havana by Graham Greene - Classics/Fiction book in English - Sách Ngoại Văn,320000,320000,0,0,0,0,Graham Greene,Vintage,Vintage,9780099577881,Bìa mềm,225,2019-04-12,Bookworm Hà Nội,available,1000,True,True,True
278794478,Sách - Persuasion (Wordsworth Collector's Editions) by Jane Austen | Romance Fiction - Bìa cứng,380000,380000,0,0,0,0,Jane Austen,Wordsworth Editions Ltd,Wordsworth Editions Ltd,9781840227994,Bìa cứng,240,2020-10-14,Bookworm Hà Nội,available,1000,True,True,True
278793650,Sách - The Years / Between the Acts by Virginia Woolf | Classic Literature / Ngoại văn Nhập khẩu,180000,180000,0,0,0,0,Virginia Woolf,Wordsworth Editions Ltd,Wordsworth Editions Ltd,9781840226812,Bìa cứng,448,2012-08-08,Bookworm Hà Nội,available,1000,True,True,True
278776435,Sách - Robin Hood by Henry Gilbert - Classics/Fiction book in English - Sách Ngoại Văn Nhập Khẩu,180000,180000,0,0,0,0,Henry Gilbert,Wordsworth Editions Ltd,Wordsworth Editions,9781853261275,Bìa mềm,288,1994-02-18,Bookworm Hà Nội,available,1000,True,True,True
278771420,Sách - Oliver Twist by Charles Dickens - Classics/Fiction/Historical Fiction book in English,380000,380000,0,0,0,0,Charles Dickens,Wordsworth Editions Ltd,Wordsworth Editions,9781840228328,Bìa cứng,464,2022-10-06,Bookworm Hà Nội,available,1000,True,True,True
278765374,Gulliver's Travels,369000,369000,0,0,0,0,Jonathan Swift,Wordsworth Editions Ltd,Wordsworth Editions Ltd,9781509843213,Bìa cứng,,,Xunhasaba Thế giới Sách Ngoại văn,available,1000,True,True,True
278164381,Sách - Classic Love Stories by Becky Brown from Macmillan Collector's Library - English Book,390000,390000,0,0,0,0,Many Authors,Macmillan,MacMillan,9781035014903,Bìa cứng áo ôm,347,2024-06-03,Bookworm Hà Nội,available,1000,True,True,True
278044691,Sách - Vanity Fair by William Makepeace Thackeray - Tiểu thuyết kinh điển tiếng Anh/ English Classics Novel,180000,180000,0,0,0,0,William Makepeace Thackeray,Wordsworth Editions Ltd,Wordsworth Editions Ltd,9781853260193,Bìa mềm,694,2001-02-02,Bookworm Hà Nội,available,1000,True,True,True
276620160,A Midsummer Night’s Dream,99000,99000,0,0,0,1,William Shakespeare,Wordsworth Editions Ltd,Wordworth Editions Ltd,9780007902378,Bìa mềm,,,Xunhasaba Thế giới Sách Ngoại văn,available,1000,True,True,True
276609185,Vanity Fair ,229000,229000,0,0,0,0,William Makepeace Thackeray,Wordsworth Editions Ltd,Wordworth Editions Ltd,9781847497963,Bìa mềm,,,Xunhasaba Thế giới Sách Ngoại văn,available,1000,True,True,True
276582261, King Solomon's Mines & Allan Quatermain,130000,130000,0,0,0,0,H Rider Haggard,Wordsworth Editions Ltd,Wordsworth Editions Ltd,9781840226287,Bìa mềm,,,Xunhasaba Thế giới Sách Ngoại văn,available,1000,True,True,True
274675902,Emma (Alma Classics Evergreens),242500,250000,3,0,0,0,...,Đang cập nhật,Đang cập nhật,9781847494139,Bìa mềm,,2023-12-21,Nhà sách Fahasa,available,1000,True,True,True
274675271,David Copperfield (Alma Classics Evergreens),271700,286000,5,0,0,0,...,Đang cập nhật,Đang cập nhật,9781847497987,Bìa mềm,,2023-12-21,Nhà sách Fahasa,available,1000,True,True,True
274383617,Peter Pan,749000,749000,0,0,0,1,J. M. Barrie,Harper Collins,Harper Collins,9780062362223,Bìa cứng,,,Xunhasaba Thế giới Sách Ngoại văn,available,1000,True,True,True
274031029,The Brothers Grimm Volume II: 110 Grimmer Fairy Tales,449000,449000,0,0,0,0,"Jacob Grimm , Wilhelm Grimm",Simon & Schuster,Simon & Schuster,9781607107309,Bìa mềm,,,Xunhasaba Thế giới Sách Ngoại văn,available,1000,True,True,True
273726561,Artbook - Sách Tiếng Anh - David Copperfield (Classic Hc) (Bìa Vải),780000,780000,0,0,0,0,Charles Dickens,ARTBook,Penguin Random House,9780241240366,Clothbound hardback,,,Artbook,available,1000,True,True,True
273725261,Artbook - Sách Tiếng Anh - Bleak House (Classics Hc) (Bìa Vải),680000,680000,0,0,0,0,Charles Dickens,ARTBook,Penguin Random House,9780141198354,Clothbound hardback,1088,2011-11-01,Artbook,available,1000,True,True,True
273725226,Artbook - Sách Tiếng Anh - Around The World In Eighty (Bìa Vải),630000,630000,0,0,0,0,Jules Verne,ARTBook,Penguin Random House,9780241468654,Clothbound hardback,288,,Artbook,available,1000,True,True,True
271886352,A Portrait Of The Artist As A Young Man,277400,286000,3,0,0,0,James Joyce,Macmillan Publishers,Alma Books,9781847493866,,,,Nhà sách Fahasa,available,1000,True,True,True
271350637,Moll Flanders,120000,120000,0,0,0,1,,Wordsworth,Wordsworth,9781853260735,Bìa mềm,,,Xunhasaba Thế giới Sách Ngoại văn,available,1000,True,True,True
271335350,The Italian,169000,169000,0,0,0,1,,Wordsworth,Wordsworth,9781840226683,Bìa mềm,,,Xunhasaba Thế giới Sách Ngoại văn,available,1000,True,True,True
271335107,Moonstone,120000,120000,0,0,0,1,,Wordsworth,Wordsworth,9781853260445,Bìa mềm,,,Xunhasaba Thế giới Sách Ngoại văn,available,1000,True,True,True
270441413,Artbook - Sách Tiếng Anh - The Sun Also Rises and Other Works (Leather-bound Classics),750000,750000,0,5,1,2,,ARTBook,Canterbury Classics,9781645178569,Leatherbound Harback,448,2022-01-25,Artbook,available,1000,True,True,True
190726704, Moonfleet,99000,99000,0,0,0,0,,Wordsworth Editions Ltd,Wordsworth Editions Ltd,9781840221695,,,,Xunhasaba Thế giới Sách Ngoại văn,available,1000,True,True,True
184781727,Tiểu thuyết kinh điển tiếng Anh: Silas Marner,230688,259200,11,0,0,2,George Eliot,Alma Books Ltd,Alma Books,,Paperback,224,2021-09-21,Blue Horizon Books,available,1000,True,True,True
180320195,Selected Works of H.G. Wells,399000,399000,0,0,0,2,,Wordsworth Editions Ltd,Wordsworth Editions,9781840227451,Bìa mềm,1280,,Xunhasaba Thế giới Sách Ngoại văn,available,1000,True,True,True
2613719,Sách Ratburger ,231800,244000,5,5,5,24,David Walliams,HarperCollins Publishers,HarperCollins,9780007453542,Paperback,320,2014-03-14,Nhà sách Fahasa,available,1000,True,False,True
318199,Sách The Diary of a Young Girl: Definitive Edition (Puffin Modern Classics),325900,336000,3,5,1,9,Anne Frank,Penguin Random House,Penguin Random House US,9780141315195,Paperback,432,2002-01-31,Nhà sách Fahasa,available,1000,True,False,True
