id,name,price,list_price,discount_rate,rating_average,review_count,all_time_quantity_sold,authors,publisher_vn,manufacturer,isbn13,book_cover,number_of_page,publication_date,current_seller_name,inventory_status,stock,has_freeship,is_authentic,has_return_policy
279057070,Sách Tô Màu Coco Wyo (Chọn tập/ Combo),59250,79000,25,0.0,0,6,Coco Wyo,Đinh Tị,Nhà Xuất Bản Tri Thức,,Bìa mềm,96.0,2025-01-01,Tiki Trading,available,1000,False,True,True
278997061,Sách Tô Màu Phát Triển Trí Não Bộ Cho Bé 1-5 Tuổi - [Từ Tập 11 - Tập 20] - Chọn Tập Lẻ,10720,16000,33,0.0,0,175,Phạm Ngọc Điệp,Nhã Nam,Nhà Xuất Bản Dân Trí,,Bìa mềm,20.0,,Tiki Trading,available,1000,False,True,True
278917025,"Sách Màu Của Tết - Kể Chuyện Tết Xưa, Tô Màu Tết Nay ( Sách Thiếu Nhi - Tô Màu)",44250,59000,25,0.0,0,18,Dương Kiều Oanh,Bean Books,Nhà Xuất Bản Phụ Nữ Việt Nam,,Bìa mềm,32.0,,Tiki Trading,available,1000,False,True,True
278707611,Sách Tô Màu - Tớ Là Họa Sĩ,14400,20000,28,4.0,6,168,Thùy Cốm,Nhã Nam,Nhà Xuất Bản Hội Nhà Văn,,Bìa mềm,32.0,2025-10-01,Tiki Trading,available,1000,False,True,True
278632024,Sách: Tập Vẽ Với Bút Chì Màu,42000,60000,30,0.0,0,5,Nhiều,Minh Long,Nhà Xuất Bản Mỹ Thuật,,Bìa mềm,104.0,2025-09-12,Minh Long Book,available,1000,True,True,True
278616702,Sách - How To Draw Cute Patterns - Tô Màu Nghệ Thuật Thật Dễ - Ai Cũng Có Thể Tô Màu Đẹp!,78200,86000,9,0.0,0,2,nhieu tac gia,Cty TNHH TM&DV VH GD Phía Nam,Nhà Xuất Bản Đồng Nai,,Bìa mềm,,2023-12-21,Nhà sách Fahasa,available,1000,True,True,True
278231010,Sách Tô Màu - Capybara,47900,68000,30,0.0,0,16,Little Angel,Nhà sách Minh Thắng,Nhà Xuất Bản Phụ Nữ Việt Nam,,Bìa mềm,64.0,,Tiki Trading,available,1000,False,True,True
278159167,"Vui Đọc Truyện, Khéo Tay Tô - Truyện Cổ Tích Về Các Nàng Công Chúa:",12000,20000,40,0.0,0,23,Bùi Mạnh Chiến,Minh Long,Nhà Xuất Bản Mỹ Thuật,,Bìa mềm,24.0,,Tiki Trading,available,1000,False,True,True
278159074,Sách Trang điểm công chúa Hàn Quốc (Tô màu và bóc dán hơn 100+ stickers cho bé),32000,45000,29,0.0,0,6,Little Rainbow,Megabook,Nhà Xuất Bản Thanh Niên,,Bìa mềm,24.0,,Tiki Trading,available,1000,False,True,True
278158530,Sách Tô Màu,47900,68000,30,0.0,0,8,Little Angel,Nhà sách Minh Thắng,Nhà Xuất Bản Phụ Nữ Việt Nam,,Bìa mềm,64.0,,Tiki Trading,available,1000,False,True,True
278153234,Sách - Bé Tập Tô Màu - Khủng Long,15800,16000,1,0.0,0,2,Thùy Linh,Cty Văn Hóa & Truyền Thông Trí Việt.,Nhà Xuất Bản Văn Học,,Bìa mềm,,2023-12-21,Nhà sách Fahasa,available,1000,True,True,True
278138839,Sách Trang điểm Công chúa Hàn Quốc (Tô màu và bóc dán hơn 100+ stickers cho bé),34750,45000,23,0.0,0,5,Little Rainbow,Megabook,Nhà Xuất Bản Thanh Niên,,Bìa mềm,24.0,,Tiki Trading,available,1000,False,True,True
278138540,Sách Tô màu và dựng hình 3D,69800,88000,21,0.0,0,0,Nhiều tác giả,Đinh Tị,Nhà Xuất Bản Thanh Niên,,Bìa mềm,16.0,,Tiki Trading,available,1000,True,True,True
278009409,Sách Tô Màu - Nhật Ký Của Capybara,47000,68000,31,0.0,0,8,Little Angel,Nhà sách Minh Thắng,Nhà Xuất Bản Phụ Nữ Việt Nam,,Bìa mềm,64.0,,Tiki Trading,available,1000,False,True,True
277008732,Combo Sách Tập vẽ theo nét (5 Cuốn),121450,160000,24,0.0,0,8,Little Rainbow,Megabook,Nhà Xuất Bản Thanh Niên,,Bìa mềm,,2025-01-15,Tiki Trading,available,1000,False,True,True
276383522,"Combo bộ sản phẩm Vẽ, xóa, rồi lại vẽ - Phù thủy nhỏ (tặng hộp chì màu sáp) ",225280,256000,12,0.0,0,4,nhieu tac gia,CÔNG TY TNHH EDUCATION SOLUTIONS VIỆT NAM,Nhà Xuất Bản Phụ Nữ Việt Nam,,Bìa mềm,128.0,2023-02-09,Dtpbooks,available,1000,True,True,True
275849388,"Combo Sách trang điểm công chúa Hàn Quốc Myra, Yuna, Jenny, Hanna (4 cuốn)",143000,180000,21,0.0,0,6,Little Rainbow,Megabook,Nhà Xuất Bản Thanh Niên,,Bìa mềm,,,Tiki Trading,available,1000,False,True,True
273637537,Sách Bé tập tô màu (3-6 tuổi),29000,38000,24,0.0,0,26,Nhiều tác giả,Đông A,Nhà Xuất Bản Dân Trí,,Bìa mềm,32.0,2023-12-01,Tiki Trading,available,1000,False,True,True
270684095,Sách Bé tập tô màu,13000,16000,19,5.0,2,44,Biên Thùy,NXB Trẻ,NXB Trẻ,,Bìa mềm,16.0,2023-07-25,Tiki Trading,available,1000,False,True,True
263389179,Sách Bé tập tô màu - Thảo cầm viên của em,13000,16000,19,0.0,0,26,Đỗ Biên Thùy,NXB Trẻ,NXB Trẻ,,Bìa mềm,16.0,2023-06-26,Tiki Trading,available,1000,False,True,True
261969118,Sách Tô Màu Theo Số,16550,20000,17,5.0,4,13,Award Publications Ltd,NXB Trẻ,NXB Trẻ,,Bìa mềm,16.0,2023-06-06,Tiki Trading,available,1000,False,True,True
215560728,Bảng Chữ Cái Tiếng Anh - Số Đếm,8000,8000,0,0.0,0,8,Ngọc Anh,Cty TNHH TM&DV VH GD Phía Nam,Nhà Xuất Bản Đồng Nai,,,,,Nhà sách Fahasa,available,1000,True,True,True
206361193,Bóc Dán Tuyệt Đỉnh - Các Lá Cờ Trên Thế Giới,59000,59000,0,0.0,0,1,DK,Nhà Xuất Bản Thanh Niên,Nhà Xuất Bản Thanh Niên,,Bìa mềm,16.0,,Bamboo Books,available,1000,True,True,True
197588267,Sách Tô Màu Phát Triển Não Bộ Cho Bé 1-5 Tuổi Tập 6,11520,16000,28,5.0,13,174,Phạm Ngọc Điệp,Nhã Nam,Nhà Xuất Bản Dân Trí,,Bìa mềm,20.0,2022-09-09,Tiki Trading,available,1000,False,True,True
197588261,Sách Tô Màu Phát Triển Não Bộ Cho Bé 1-5 Tuổi Tập 8,11520,16000,28,5.0,7,90,Phạm Ngọc Điệp,Nhã Nam,Nhà Xuất Bản Dân Trí,,Bìa mềm,20.0,2022-09-09,Tiki Trading,available,1000,False,True,True
197588259,Sách Tô Màu Phát Triển Não Bộ Cho Bé 1-5 Tuổi Tập 10,11520,16000,28,5.0,13,147,Phạm Ngọc Điệp,Nhã Nam,Nhà Xuất Bản Dân Trí,,Bìa mềm,20.0,2022-09-09,Tiki Trading,available,1000,False,True,True
197588249,Sách Bộ 10 Cuốn Tô Màu Phát Triển Não Bộ Cho Bé 1-5 Tuổi,123200,160000,23,5.0,6,96,Phạm Ngọc Điệp,Nhã Nam,Nhà Xuất Bản Dân Trí,,Bìa mềm,20.0,2022-09-09,Tiki Trading,available,1000,False,True,True
178240498,Sách Dán Hình Siêu Đáng Yêu - Khu Rừng,41300,52000,21,5.0,2,14,Hemma,Đinh Tị,Nhà Xuất Bản Thanh Niên,,Bìa mềm,18.0,2022-06-01,Tiki Trading,available,1000,True,True,True
167019828,Sách Bóc Dán Dành Cho Bé Gái - Giáng Sinh Lung Linh,51100,55000,7,0.0,0,5,Nhiều tác giả,Đinh Tị,Nhà Xuất Bản Hà Nội,,,,,Nhà sách Fahasa,available,1000,True,True,True
146272372,Bé Vui Luyện Viết Chữ Cái - Quyển 1,14800,15000,1,0.0,0,2,Trần An,Cty Giáo Dục Đức Trí,Nhà Xuất Bản Đại Học Quốc Gia Hà Nội,,,,,Nhà sách Fahasa,available,1000,True,True,True
146272058,Bảng Chữ Cái Và Số,5000,5000,0,5.0,7,93,Ngọc Anh,Cty TNHH TM&DV VH GD Phía Nam,Nhà Xuất Bản Đồng Nai,,,,,Nhà sách Fahasa,available,1000,True,True,True
138934622,Sách Tô Màu Phát Triển Trí Não Bộ Cho Bé 1-5 Tuổi - Tập 2,11520,16000,28,5.0,25,334,Phạm Ngọc Điệp,Nhã Nam,Nhà Xuất Bản Dân Trí,,Bìa mềm,10.0,2021-11-11,Tiki Trading,available,1000,False,True,True
138934615,Sách Tô Màu Phát Triển Trí Não Bộ Cho Bé 1-5 Tuổi - Tập 4,11520,16000,28,5.0,29,246,Phạm Ngọc Điệp,Nhã Nam,Nhà Xuất Bản Dân Trí,,Bìa mềm,10.0,2021-11-11,Tiki Trading,available,1000,False,True,True
56189698,Sách Dán Hình Siêu Đáng Yêu - Trang Trại,52000,52000,0,0.0,0,0,Hemma,Đinh Tị,Nhà Xuất Bản Thanh Niên,,Bìa mềm,18.0,,Bamboo Books,available,1000,True,True,True
50904584,Combo Luyện Viết Chữ Đẹp (4 Cuốn) - (Luyện Viết Chữ Đẹp Tập 1 + Luyện Viết Chữ Đẹp Tập 2 + Luyện Viết Chữ Đẹp Chữ Thường + Luyện Viết Chữ Đẹp Chữ Hoa),55200,68000,19,4.8,214,1395,Thanh Hoài,Huy Hoàng Bookstore,Nhà Xuất Bản Mỹ Thuật,,Bìa mềm,,2020-01-03,Tiki Trading,available,1000,False,True,True
49180343,Bộ Sách Tô Màu Thú Vị Của Bé - Bé Học Tô Màu - Tập 2,34200,36000,5,5.0,14,72,Minh Đức,Cty TNHH Văn hóa Minh Lâm,Nhà Xuất Bản Hồng Đức,,,,,Nhà sách Fahasa,available,1000,True,True,True
45358849,Sách Những Chiếc Siêu Xe - Và Nhiều Đề Can Hấp Dẫn,34000,40000,15,0.0,0,4,Addline,Tân Việt,Nhà Xuất Bản Mỹ Thuật,,Bìa mềm,27.0,2019-12-01,Nhà sách Fahasa,available,1000,True,True,True
20918802,Combo Dán Hình Trang Phục Công Chúa (6 Cuốn),175500,234000,25,4.2,23,99,Văn Tâm,Liên Việt,Nhà Xuất Bản Phụ Nữ,,Bìa mềm,,2019-06-01,Liên Việt Official Store,available,1000,True,False,True
19712570,Sách Sáng Tạo Họa Tiết Trang Trí,74800,88000,15,5.0,1,4,Eilidh Muldoon,Tân Việt,,,Bìa mềm,96.0,2019-05-01,Nhà sách Fahasa,available,1000,True,True,True
410045,Sách Dán Hình Thông Minh (Dành Cho Các Bé Từ 3 Đến 6 Tuổi) - Tập 1,46000,59000,22,4.8,41,1277,Nhóm tác giả,Công Ty Cổ Phần Văn Hóa Đông A,Nhà Xuất Bản Dân Trí,,Bìa mềm,24.0,2014-08-15,Tiki Trading,available,1000,False,True,True
279112538,Sách - Bóc Dán Sử Dụng Nhiều Lần - Các Loại Rau Củ,71100,79000,10,0.0,0,1,nhieu tac gia,Đinh Tị,Nhà Xuất Bản Hà Nội,,Bìa mềm,,2023-12-21,Nhà sách Fahasa,available,1000,True,True,True
278716547,Sách - Quà Cho Bé - Bé Tập Đếm Và Tô Màu,14200,15000,5,0.0,0,3,nhieu tac gia,Fahasa,Nhà Xuất Bản Phụ Nữ Việt Nam,,Bìa mềm,,2023-12-21,Nhà sách Fahasa,available,1000,True,True,True
278492673,Sách Tô Màu - Baby Three,47800,68000,30,0.0,0,5,Little Angel,Nhà sách Minh Thắng,Nhà Xuất Bản Phụ Nữ Việt Nam,,Bìa mềm,64.0,,Tiki Trading,available,1000,False,True,True
278242239,Sách Tô màu khám phá thế giới,14200,19000,25,0.0,0,9,"Emma Martinez, Alice Le Hénand",Đinh Tị,Nhà Xuất Bản Thanh Niên,,Bìa mềm,32.0,,Tiki Trading,available,1000,True,True,True
278158444,Sách Bé Tập Tô Màu (Song Ngữ Anh - Việt),8500,12000,29,0.0,0,0,Đức Thành,Nhà sách Minh Thắng,Nhà Xuất Bản Dân Trí,,Bìa mềm,20.0,,Tiki Trading,available,1000,False,True,True
278153525,Sách - Cầu Vồng Trẻ Thơ - Khám Phá Thế Giới Quanh Bé - Dành Cho Trẻ 4-5 Tuổi,27000,27000,0,0.0,0,2,,CÔNG TY TNHH EDUCATION SOLUTIONS VIỆT NAM,Nhà Xuất Bản Đại Học Huế,,Bìa mềm,,2023-12-21,Nhà sách Fahasa,available,1000,True,True,True
278153270,Sách - Sách Tô Màu - Nhật Ký Của Capybara,57800,68000,15,0.0,0,1,Little Angel,Nhà sách Minh Thắng,Nhà Xuất Bản Phụ Nữ Việt Nam,,Bìa mềm,,2023-12-21,Nhà sách Fahasa,available,1000,True,True,True
277344222,Sách ANIMAL STICKER - Động vật đáng yêu - Bóc dán hình phát triển IQ-EQ-CQ,31800,45000,29,0.0,0,24,Louis Ben,Việt Thư,Nhà Xuất Bản Phụ Nữ Việt Nam,,,,,Tiki Trading,available,1000,False,True,True
276555991,Bé Tô Màu Winx Club,6690,10000,33,0.0,0,0,Trần Ngọc Bảo Hân,Công Ty CP Văn Hóa Nhân Văn,Nhà Xuất Bản Đồng Nai,,Bìa mềm,12.0,,Nhân Văn,available,1000,True,True,True
276354293,Sách WOLFOO Tập Tô Chữ Cái,29900,49000,39,0.0,0,32,1980Edu (Phương Thư),1980 Books,Nhà Xuất Bản Dân Trí,,Bìa mềm,16.0,,Tiki Trading,available,1000,False,True,True
276354282,Sách WOLFOO Tập Tô Chữ Số,31400,49000,36,5.0,2,14,1980Edu (Phương Thư),1980 Books,Nhà Xuất Bản Dân Trí,,Bìa mềm,16.0,,Tiki Trading,available,1000,False,True,True
276251701,Combo Tô màu Khám Phá (5 Cuốn),115950,145000,20,0.0,0,8,Little Rainbow,Megabook,Nhà Xuất Bản Thanh Niên,,Bìa mềm,,,Tiki Trading,available,1000,False,True,True
275926407,First Sticker Book - Sách Dán Hình Đầu Đời Cho Bé - Trái Cây Và Rau Củ,62700,75000,16,0.0,0,9,Hannah Watson,Đinh Tị,Nhà Xuất Bản Thanh Niên,,Bìa mềm,24.0,2023-08-09,Tiki Trading,available,1000,False,True,True
275925854,First Sticker Book - Sách Dán Hình Đầu Đời Cho Bé - Bóng Đá,53200,75000,29,0.0,0,3,Sam Taplin,Đinh Tị,Nhà Xuất Bản Thanh Niên,,Bìa mềm,,2023-08-09,Tiki Trading,available,1000,True,True,True
275707174,Sách Túi Tô Màu Công Chúa (6 Cuốn),168700,270000,38,5.0,1,2,Uyển Phương,Minh Long,Nhà Xuất Bản Mỹ Thuật,,Bìa mềm,264.0,,Tiki Trading,available,1000,True,True,True
274618163,Sách - Bước đầu tập viết (Combo 2 quyển),38000,38000,0,0.0,0,11,nhieu tac gia,Việt Hà,Nhà Xuất Bản Hà Nội,,Bìa mềm,48.0,,NHÀ SÁCH ĐĂNG KHÔI,available,1000,True,True,True
271798394,Sách Em Tập Vẽ Và Tô Màu,25000,40000,38,0.0,0,3,Họa sĩ Koala,Minh Long,Nhà Xuất Bản Mỹ Thuật,,Bìa mềm,56.0,2023-09-09,Tiki Trading,available,1000,True,True,True
262860191,Sách Vở luyện viết hạ cỡ chữ - chữ ô li nhỏ. Quyển 2: Chữ thường,24600,29000,15,0.0,0,44,Starkids,Megabook,Nhà Xuất Bản Thanh Niên,,Bìa mềm,32.0,2023-06-01,Tiki Trading,available,1000,False,True,True
262860187,"Combo Vở luyện viết hạ cỡ chữ - chữ ô li nhỏ - vần, chữ hoa, chữ thường (3 cuốn)",69000,87000,21,5.0,7,145,Starkids,Megabook,Nhà Xuất Bản Thanh Niên,,Bìa mềm,32.0,2023-06-01,Tiki Trading,available,1000,False,True,True
257779922,Sách Trò Chơi Gấp Giấy Dành Cho Trẻ Em T2,67000,80000,16,4.5,2,32,Thiên Kim,VanLangBooks,,,Bìa mềm,72.0,2023-03-01,Tiki Trading,available,1000,False,True,True
242092376,"Hộp 1: Bộ sách viết và xóa - 150++ hoạt động rèn luyện tư duy - Hành trang tới trường (Gồm các cuốn: Phép cộng, Từ vựng, Bảng cửu chương, Nhận biết thời gian)",133200,160000,17,5.0,1,15,Nhiều tác giả,Đinh Tị,Nhà Xuất Bản Thanh Niên,,Bìa mềm,18.0,2023-01-01,Tiki Trading,available,1000,True,True,True
206145232,Bé Đánh Vần Và Tập Đọc Tiếng Việt (Theo Chương Trình Sgk Mới Nhất),74800,96000,22,5.0,1,21,Hoàng Hải Vân,Cty Văn Hóa Nhân Văn,Nhà Xuất Bản Đồng Nai,,,,,Nhà sách Fahasa,available,1000,True,True,True
205506379,Luyện Tay Cầm Bút - Tập Tô Nét Cơ Bản,13800,14000,1,0.0,0,3,Chính Bình,Cty TNHH TM&DV VH GD Phía Nam,Nhà Xuất Bản Đồng Nai,,,,,Nhà sách Fahasa,available,1000,True,True,True
204803600,Sách Tô Màu Siêu Anh Hùng: Người Dơi,8900,16000,44,5.0,1,26,Hương Bình,Huy Hoàng Bookstore,Nhà Xuất Bản Mỹ Thuật,,Bìa mềm,16.0,2022-11-11,Tiki Trading,available,1000,False,True,True
197588251,Sách Tô Màu Phát Triển Não Bộ Cho Bé 1-5 Tuổi Tập 7,11200,16000,30,5.0,9,143,Phạm Ngọc Điệp,Nhã Nam,Nhà Xuất Bản Dân Trí,,Bìa mềm,20.0,2022-09-09,Tiki Trading,available,1000,False,True,True
196291984,Sách Giúp bé phát triển tiềm năng toán học: 6 tuổi,27800,45000,38,5.0,2,18,MiloKids,Minh Long,Nhà Xuất Bản Đại Học Sư Phạm,,Bìa mềm,68.0,2022-07-08,Tiki Trading,available,1000,True,True,True
178240504,Sách Dán Hình Siêu Đáng Yêu - Các Loài Côn Trùng,41300,52000,21,5.0,1,4,Hemma,Đinh Tị,Nhà Xuất Bản Thanh Niên,,Bìa mềm,18.0,2022-06-01,Tiki Trading,available,1000,True,True,True
138934624,Sách Tô Màu Phát Triển Trí Não Bộ Cho Bé 1-5 Tuổi - Tập 1,11229,16000,30,5.0,25,336,Phạm Ngọc Điệp,Nhã Nam,Nhà Xuất Bản Dân Trí,,Bìa mềm,10.0,2021-11-11,Tiki Trading,available,1000,False,True,True
138934617,Sách Tô Màu Phát Triển Trí Não Bộ Cho Bé 1-5 Tuổi - Tập 3,11253,16000,30,5.0,29,358,Phạm Ngọc Điệp,Nhã Nam,Nhà Xuất Bản Dân Trí,,Bìa mềm,10.0,2021-11-11,Tiki Trading,available,1000,False,True,True
138934612,Combo 4 Cuốn: Tô Màu Phát Triển Trí Não Bộ Cho Bé 1-5 Tuổi,44480,64000,31,4.8,52,394,Phạm Ngọc Điệp,Nhã Nam,Nhà Xuất Bản Dân Trí,,Bìa mềm,40.0,2021-11-11,Tiki Trading,available,1000,False,True,True
107010424,Bước đầu Tập viết - Giúp bé tự tin vào lớp 1 (Dành cho bé 4 -6 tuổi),100000,100000,0,4.8,252,1584,,NXB Hà Nội,Nhà Xuất Bản Hà Nội,,Bìa mềm,100.0,,TUANVIET BOOKS Official Store,available,1000,True,True,True
105231136,Bé Chuẩn Bị Vào Lớp 1 - Vở Tập Viết Chữ Số,12000,12000,0,5.0,10,170,"Chính An,  Nhóm Giáo Viên ĐH Sư Phạm",Cty TNHH TM&DV VH GD Phía Nam,,,,,,Nhà sách Fahasa,available,1000,True,True,True
71078803,Sách Draw Kawaii In 5 Simple Steps - Vẽ Theo Phong Cách Kawaii Với 5 Bước Đơn Giản,55200,69000,20,5.0,7,38,Jess Bradley,Đinh Tị,Nhà Xuất Bản Thanh Niên,,Bìa mềm,80.0,2020-10-01,Nhà sách Fahasa,available,1000,True,True,True
59597447,Combo 6 Cuốn : Bé Tô Màu (Dành Cho Bé Từ 1-6 Tuổi),117000,156000,25,5.0,7,38,Minh Thùy,Liên Việt,Nhà Xuất Bản Phụ Nữ Việt Nam,,Bìa mềm,240.0,2020-08-01,Liên Việt Official Store,available,1000,True,True,True
49180362,Bộ Sách Tô Màu Thú Vị Của Bé - Bé Học Tô Màu - Tập 1,34200,36000,5,4.8,15,113,Minh Đức,Cty TNHH Văn hóa Minh Lâm,Nhà Xuất Bản Hồng Đức,,,,,Nhà sách Fahasa,available,1000,True,True,True
36586946,Tủ Sách Bé Vào Lớp 1 - Bé Tập Tô (Tập 1)(Tái Bản),9000,11000,18,5.0,6,43,"Lê Tuệ Minh, Lê Thu Ngọc",Minh Long,Nhà Xuất Bản Mỹ Thuật,,Bìa mềm,,2019-10-01,Nhà sách Fahasa,available,1000,True,True,True
19274878,Sách Bé Tập Tô Màu - Rau Củ (Tái Bản),16000,16000,0,5.0,1,3,Biên Thùy,NXB Trẻ,,,Bìa mềm,,2019-06-01,Nhà sách Fahasa,available,1000,True,True,True
1518767,Sách Sổ Tay Đội Viên,25900,42000,38,5.0,2,66,Nhiều tác giả,NXB Trẻ,NXB Trẻ,,Bìa mềm,76.0,2018-01-01,Tiki Trading,available,1000,False,True,True
472461,Sách Cùng Bé Chơi Tìm Nhanh Mắt - Khu Vườn Động Vật,28000,28000,0,0.0,0,4,.,Pandabooks,Nhà Xuất Bản Hồng Đức,,Bìa mềm,32.0,2013-12-28,Pandabooks Hiệu Sách,available,1000,True,True,True
418960,Sách Dán Hình Sáng Tạo Trang Phục Búp Bê - Vũ Điệu Đam Mê,65500,69000,5,5.0,5,18,,Đinh Tị,Nhà Xuất Bản Thời Đại,,Bìa mềm,24.0,2014-06-20,Nhà sách Fahasa,available,1000,True,True,True
279277157,Sách - Tô Màu Thế Giới Ô Tô Của Bé - Xe Chuyên Dụng,32200,35000,8,0.0,0,2,Huyền Linh,Cty Văn Hóa & Truyền Thông Trí Việt.,Nhà Xuất Bản Văn Học,,Bìa mềm,,2023-12-21,Nhà sách Fahasa,available,1000,True,True,True
278952181,Sách Jadoo Luyện Viết Chữ - Nhớ từ vựng Tiếng Anh (Theo chương trình sách giáo khoa),54300,79000,31,0.0,0,0,1980Edu (Vũ Loan),1980 Books,Nhà Xuất Bản Dân Trí,,Bìa mềm,204.0,2025-01-12,Tiki Trading,available,1000,False,True,True
278716278,Sách - Quà Cho Bé - Bé Học Chữ Cái Và Tô Màu,14200,15000,5,0.0,0,2,nhieu tac gia,Fahasa,Nhà Xuất Bản Phụ Nữ Việt Nam,,Bìa mềm,,2023-12-21,Nhà sách Fahasa,available,1000,True,True,True
278716253,Sách - Bé Tự Tin Vào Lớp Một - Bé Làm Quen Với Toán,24500,25000,2,0.0,0,1,Huyền Linh,Cty Văn Hóa & Truyền Thông Trí Việt.,Nhà Xuất Bản Văn Học,,Bìa mềm,,2023-12-21,Nhà sách Fahasa,available,1000,True,True,True
278713181,Sách - Bóc Dán 3D - Tiệm May Cô Ba Sài Gòn,20900,22000,5,0.0,0,1,nhieu tac gia,Cty TNHH TM&DV VH GD Phía Nam,Nhà Xuất Bản Đồng Nai,,Bìa mềm,,2023-12-21,Nhà sách Fahasa,available,1000,True,True,True
278616740,Sách - Luyện Tập Với Phép Cộng Và Trừ (Tái Bản 2025),54600,60000,9,0.0,0,2,Education Lab,Cty Văn Hóa Văn Lang,hong duc,,Bìa mềm,,2023-12-21,Nhà sách Fahasa,available,1000,True,True,True
278159504,Sách Tô Màu Công Chúa,28000,45000,38,0.0,0,5,Uyển Phương,Minh Long,Nhà Xuất Bản Mỹ Thuật,,Bìa mềm,44.0,,Tiki Trading,available,1000,True,True,True
278101875,Sách Bóc dán khổng lồ,83700,119000,30,0.0,0,0,Linh Lan Books,Linh Lan Books,Nhà Xuất Bản Lao Động,,Bìa mềm,0.0,,Tiki Trading,available,1000,False,True,True
278009395,Sách Dán Hình - Capy Và Công Viên Giải Trí (Tặng Kèm 2 Phòng Sticker 3D),29000,42000,31,0.0,0,2,Little Angel,Nhà sách Minh Thắng,Nhà Xuất Bản Phụ Nữ Việt Nam,,Bìa mềm,22.0,,Tiki Trading,available,1000,False,True,True
275707232,Sách Bé tập làm họa sĩ - Tập vẽ đồ vật B40,25000,40000,38,0.0,0,16,"Trâu Nhạc, Trịnh Hủy",Minh Long,Nhà Xuất Bản Mỹ Thuật,,Bìa mềm,40.0,,Tiki Trading,available,1000,True,True,True
274863827,"Combo Sách trang điểm công chúa Lily, Daisy, Mia, Nami, Ruby (5 cuốn)",187000,225000,17,0.0,0,6,Little Rainbow,Megabook,Nhà Xuất Bản Thanh Niên,,Bìa mềm,,2024-04-01,Tiki Trading,available,1000,False,True,True
273341096,Chuẩn Bị Cho Bé Vào Lớp 1 - Dành Cho Bé 4-5 Tuổi - Tập Viết Chữ Số,10000,10000,0,5.0,1,8,,Cty TNHH TM&DV VH GD Phía Nam,,,,,,Nhà sách Fahasa,available,1000,True,True,True
262735052,Mandala Colouring For Kids - Book 2 (Sách tô màu họa tiết cho trẻ em - Tập 2),29000,40000,28,0.0,0,7,,Công Ty Cổ Phần Tri thức Văn Hóa Sách Việt Nam,Dreamland Publications,,Bìa mềm,32.0,2023-06-05,VIETNAMBOOK,available,1000,True,True,True
253444143,Tô Màu Thú Vị - Đẹp Tuyệt (Dành Cho Trẻ Từ 3 Tuổi),16100,19000,15,0.0,0,4,Nhiều tác giả,Tân Việt,nxb my thuat,,,,,Nhà sách Fahasa,available,1000,True,True,True
248703265,Con Tô Màu - Thám Hiểm Động Vật Cổ Đại,28800,32000,10,0.0,0,1,Little Rainbow,Megabook,nxb my thuat,,,,,Nhà sách Fahasa,available,1000,True,True,True
248004857,Tập Tô Chữ Cái Dành Cho 4-5 Tuổi (Tủ Sách Mầm Non Chăm Học),12000,12000,0,0.0,0,2,Chính Bình,Cty TNHH TM&DV VH GD Phía Nam,Nhà Xuất Bản Đồng Nai,,,,,Nhà sách Fahasa,available,1000,True,True,True
242504862,150 Miếng Dán Hình Thông Minh - Cờ Các Quốc Gia Trên Thế Giới (Từ 2 - 8 Tuổi) (Tái Bản 2023),44000,50000,12,0.0,0,4,Phan Minh Đạo,Nhà sách Minh Thắng,NXB Dân Trí,,,,,Nhà sách Fahasa,available,1000,True,True,True
230138341,Con Tô Màu - Thám Hiểm Amazon,29700,32000,7,0.0,0,2,Little Rainbow,Megabook,nxb my thuat,,,,,Nhà sách Fahasa,available,1000,True,True,True
225171462,Vở tập viết trọn bộ phiên bản mới 5 trong 1 cho bé vào lớp 1,55000,55000,0,5.0,1,5,,Việt Hà,Nhà Xuất Bản Hà Nội,,,,,VĂN PHÒNG PHẨM ĐỒ CHƠI VŨ DUYÊN,available,1000,True,True,True
197687469,Tủ Sách Cho Bé Vào Lớp 1 - Bé Tập Tô Chữ Viết Thường - Dành Cho Bé 4-5 Tuổi (Tái Bản 2022),8200,10000,18,5.0,1,24,"Lê Tuệ Minh,  Lê Thu Ngọc",Minh Long,nxb my thuat,,,,,Nhà sách Fahasa,available,1000,True,True,True
196291942,Sách Bé tập tô màu và nhận biết thế giới xung quanh (túi 6C),72000,72000,0,0.0,0,0,Khánh Hòa,Minh Long,Nhà Xuất Bản Mỹ Thuật,,Bìa mềm,,,Nhà Sách Vĩnh Thụy,available,1000,True,True,True
192949814,Luyện Viết Chữ Cái Và Chữ Ghép - Vở Ô Li Có Chữ Mẫu - Bé Chuẩn Bị Vào Lớp 1,34500,37500,8,0.0,0,1,Chính An,Cty TNHH TM&DV VH GD Phía Nam,Nhà Xuất Bản Đồng Nai,,,,,Nhà sách Fahasa,available,1000,True,True,True
151950366,Tô Màu Động Vật - Tập 4 (Song Ngữ Anh - Việt),11000,13000,15,5.0,1,2,Phan Minh Đạo,Nhà sách Minh Thắng,Nhà Xuất Bản Mỹ Thuật,,,,,Nhà sách Fahasa,available,1000,True,True,True
146226369,Tô Màu Phát Triển Trí Não Bộ Cho Bé 1-3 Tuổi - Tập 1,15800,16000,1,4.3,4,15,Phạm Ngọc Điệp,Nhã Nam,NXB Dân Trí,,,,,Nhà sách Fahasa,available,1000,True,True,True
136482535,Sách Vẽ Theo Phong Cách Kawaii Với 5 Bước Đơn Giản - Thế Giới Muôn Màu,59000,59000,0,5.0,1,6,Lulu Mayo,Phương Nam Book,Nhà Xuất Bản Thanh Niên,,Bìa mềm,64.0,,Nhà Sách Phương Nam,available,1000,True,True,True
127564520,Sách Bé Vào Lớp 1 – Bé Học Toán (Dành Cho Bé Từ 4-6 Tuổi) (Tái Bản),22000,30000,27,0.0,0,13,Nhiều tác giả,Công Ty Cổ Phần Văn Hóa Đông A,Nhà Xuất Bản Dân Trí,,Bìa mềm,24.0,2021-10-15,Tiki Trading,available,1000,False,True,True
116048684,Combo 2 cuốn Bé Làm Họa Sĩ Từ 3-6 Tuổi,64600,76000,15,0.0,0,1,.,Công Ty Cổ Phần Văn Hóa Đông A,Nhà Xuất Bản Dân Trí,,,,,Đông A Books Official,available,1000,True,True,True
95220734,Sách My Little Pony - Jumbo Tô Màu Và Các Trò Chơi 7,24600,29000,15,5.0,3,15,Nhiều tác giả,Tân Việt,Nhà Xuất Bản Mỹ Thuật,,Bìa mềm,36.0,2021-05-01,Nhà sách Fahasa,available,1000,True,True,True
73521899,Sách Sticker Dolly Dressing - Dán Hình Sáng Tạo Trang Phục Búp Bê - Nàng Tiên Cá,43600,55000,21,4.7,26,140,Fiona Watt,Đinh Tị,Nhà Xuất Bản Thanh Niên,,Bìa mềm,34.0,,Tiki Trading,available,1000,False,True,True
73521493,Sách Sticker Dolly Dressing - Dán Hình Sáng Tạo Trang Phục Búp Bê - Tiên Nữ,52200,55000,5,5.0,7,30,Fiona Watt,Đinh Tị,Nhà Xuất Bản Thanh Niên,,Bìa mềm,34.0,2021-01-01,Nhà sách Fahasa,available,1000,True,True,True
56189699,Combo 6 Quyển: Dán Hình Siêu Đáng Yêu,238500,248500,4,0.0,0,3,Hemma,Đinh Tị,Nhà Xuất Bản Thanh Niên,,Bìa mềm,108.0,,AHABOOKS,available,1000,True,True,True
45358851,Sách Những Chiếc Xe Đặc Biệt Nhất - Và Nhiều Đề Can Hấp Dẫn,34000,40000,15,5.0,1,4,Addline,Tân Việt,Nhà Xuất Bản Mỹ Thuật,,Bìa mềm,27.0,2019-12-01,Nhà sách Fahasa,available,1000,True,True,True
33368669,Combo Bóc Dán Thông Minh,228300,288000,21,4.8,12,143,Gia Long,Trí Việt,Nhà Xuất Bản Văn Học,,Bìa mềm,,2019-06-24,Tiki Trading,available,1000,False,True,True
4701011,Sách Barbie Xinh Đẹp 2 (Tô Màu Có Hình Dán),24600,29000,15,5.0,4,10,,Tân Việt,,,Bìa mềm,,2018-01-08,Nhà sách Fahasa,available,1000,True,True,True
2802019,Sách 200 Miếng Bóc Dán Thông Minh - Khủng Long (Tái Bản 2018),52200,55000,5,5.0,8,49,"Phùng Vi Diệm, Vương Vĩnh Tuệ",Đinh Tị,,,Bìa mềm,,,Nhà sách Fahasa,available,1000,True,True,True
979483,Combo Cùng Chơi Với Bé (5 quyển) ,317000,330250,4,5.0,20,133,Yuichi Kimura,Nhà Xuất Bản Kim Đồng,Nhà Xuất Bản Kim Đồng,,Bìa mềm,,2017-12-14,AHABOOKS,available,1000,True,True,True
836208,Sách Khởi Đầu Học Viết: Tập Viết Các Nét Cơ Bản,20900,22000,5,0.0,0,71,"Hiếu Minh, Vũ Thị Thùy",Nhà Xuất Bản Kim Đồng,,,Bìa mềm,24.0,2017-08-01,Tiki Trading,available,1000,False,False,True
764032,Sách Bé Tô Màu (2-6+) - Những Con Côn Trùng Bé Nhỏ - Tập 1,9600,12500,23,5.0,1,48,"Ngọc Linh, Tuấn Tú",Đinh Tị,,,Bìa mềm,16.0,2017-08-17,Tiki Trading,available,1000,True,True,True
418983,Sách Dán Hình Sáng Tạo Trang Phục Búp Bê - Búp Bê Xinh Xắn,65500,69000,5,5.0,5,19,,Đinh Tị,,,Bìa mềm,24.0,2014-06-20,Nhà sách Fahasa,available,1000,True,True,True
370741,Những Truyện Hay Viết Cho Thiếu Nhi - Nguyễn Kiên,55000,55000,0,0.0,0,1,Nguyễn Kiên,Nhà Xuất Bản Kim Đồng,Nhà Xuất Bản Kim Đồng,,Bìa mềm,192.0,2013-07-13,Bamboo Books,available,1000,True,True,True
279132891,Sách - Mai Em Vào Lớp 1 - Dành Cho Trẻ 5-6 Tuổi - Vở Bé Tập Viết - Quyển 3 (Tái Bản 2024),9600,12000,20,0.0,0,0,nhieu tac gia,Cty Văn Hóa Nhân Văn,Nhiều Nhà Xuất Bản,,Bìa mềm,,2023-12-21,Nhà sách Fahasa,available,1000,True,True,True
279132754,Sách - Baby Three - Bữa Tiệc Bốn Mùa - Bóc Dán Stickers Sáng Tạo,32900,35000,6,0.0,0,1,nhieu tac gia,Megabook,Nhà Xuất Bản Phụ Nữ Việt Nam,,Bìa mềm,,2023-12-21,Nhà sách Fahasa,available,1000,True,True,True
279131870,Sách - Tô Màu Coco Wyo - Góc Nhỏ Ấm Áp,67900,79000,14,0.0,0,1,nhieu tac gia,Đinh Tị,Nhà Xuất Bản Tri Thức,,Bìa mềm,,2023-12-21,Nhà sách Fahasa,available,1000,True,True,True
279112344,Sách - Bóc Dán Sử Dụng Nhiều Lần - Bảng Chữ Cái Tiếng Việt,71100,79000,10,0.0,0,1,nhieu tac gia,Đinh Tị,Nhà Xuất Bản Hà Nội,,Bìa mềm,,2023-12-21,Nhà sách Fahasa,available,1000,True,True,True
279066174,Sách - Tô Màu Capybara - Vui Chơi Mỗi Ngày Cùng Capy Và Các Bạn,58500,65000,10,0.0,0,1,nhieu tac gia,Fahasa,nxb thanh nien,,Bìa mềm,,2023-12-21,Nhà sách Fahasa,available,1000,True,True,True
278802450,Sách - Bé Tô Màu Sáng Tạo - Các Loại Hoa,26600,29000,8,0.0,0,2,Huyền Linh,Cty Văn Hóa & Truyền Thông Trí Việt.,Nhiều Nhà Xuất Bản,,Bìa mềm,,2023-12-21,Nhà sách Fahasa,available,1000,True,True,True
278713003,Sách - Bé Tập Vẽ - Những Nét Vẽ Đầu Tiên Cho Bé - Động Vật Dễ Thương,23200,28000,17,0.0,0,1,nhieu tac gia,Cty Văn Hóa Việt Thư,Nhiều Nhà Xuất Bản,,Bìa mềm,,2023-12-21,Nhà sách Fahasa,available,1000,True,True,True
278616344,Sách - Triệu Thứ Dưới Đáy Sâu,51000,60000,15,0.0,0,1,nhieu tac gia,Đinh Tị,Nhà Xuất Bản Văn Học,,Bìa mềm,,2023-12-21,Nhà sách Fahasa,available,1000,True,True,True
278153382,Sách - Tô Màu Natra - Say Mê Cùng Vũ Điệu,56400,68000,17,0.0,0,1,Yến,Cty Văn Hóa Việt Thư,Nhà Xuất Bản Phụ Nữ Việt Nam,,Bìa mềm,,2023-12-21,Nhà sách Fahasa,available,1000,True,True,True
278148622,Sách - Almagicia - Những Con Chữ Ảo Thuật,115300,139000,17,0.0,0,1,Nguyễn Chu Nam Phương,Fahasa,Nhà Xuất Bản Đà Nẵng,,Bìa mềm,,2023-12-21,Nhà sách Fahasa,available,1000,True,True,True
278138394,Sách Con tô màu - Thám Hiểm Thế Giới Khủng Long (24 Stickers),23000,32000,28,0.0,0,4,Little Rainbow,Megabook,Nhà Xuất Bản Mỹ Thuật,,Bìa mềm,24.0,,Tiki Trading,available,1000,False,True,True
278025147,Sách Tô Màu Di Sản,43200,45000,4,5.0,1,4,Nhiều tác giả,Nhà Xuất Bản Kim Đồng,Nhà Xuất Bản Kim Đồng,,Bìa mềm,40.0,2025-05-25,Tiki Trading,available,1000,False,True,True
277170082,"Sách- Combo 3 cuốn Sách Tô bay Luyện viết Bút mực Thần kỳ Tự động biến mất (Nét cơ bản, Chữ cái, Chữ số)",99900,135000,26,0.0,0,1,Thúy Hằng,CÔNG TY TNHH IN VÀ TM TUẤN VIỆT,Nhà Xuất Bản Hà Nội,,Bìa cứng,24.0,,Xưởng in sách mầm non,available,1000,True,True,True
274423411,Bóc Dán Hình Thông Minh IQ-EQ-CQ - Sticker For Kids - Cuốn 2 (Tái Bản 2023),53300,65000,18,0.0,0,2,Phan Minh Đạo,Nhà sách Minh Thắng,NXB Dân Trí,,,,,Nhà sách Fahasa,available,1000,True,True,True
274423392,Bóc Dán Hình Thông Minh IQ-EQ-CQ - Sticker For Kids - Cuốn 6 (Tái Bản 2023),53300,65000,18,0.0,0,2,Phan Minh Đạo,Nhà sách Minh Thắng,NXB Dân Trí,,,,,Nhà sách Fahasa,available,1000,True,True,True
274423371,Bóc Dán Hình Thông Minh IQ-EQ-CQ - Sticker For Kids - Cuốn 5 (Tái Bản 2023),53300,65000,18,0.0,0,2,Phan Minh Đạo,Nhà sách Minh Thắng,NXB Dân Trí,,,,,Nhà sách Fahasa,available,1000,True,True,True
273670862,Tập Tô Chữ - Chữ Số - Dành Cho Bé Chuẩn Bị Vào Lớp 1 (Tái Bản 2023),10000,10000,0,0.0,0,3,Chính An,Cty TNHH TM&DV VH GD Phía Nam,,,,,,Nhà sách Fahasa,available,1000,True,True,True
273441096,Trổ Tài Họa Sĩ - Lớp Học Mật Ngữ - Tập 2 -Tặng Kèm Lịch Treo Tường Lớp Học Mật Ngữ 2024,38400,40000,4,0.0,0,18,,BÁO TIỀN PHONG,Báo Sinh Viên VN - Hoa Học Trò,,,,,Nhà sách Fahasa,available,1000,True,True,True
272392501,Sách Tô Màu Cùng Mèo Thông Thái,11500,16000,28,0.0,0,12,Einstein books,Alphabooks,Nhà Xuất Bản Dân Trí,,"Bìa mềm, không tay gấp",16.0,2023-09-09,Tiki Trading,available,1000,False,True,True
271476836,Vẽ Tất Tật Từ Những Hình Cơ Bản - Con Người (Tái Bản 2023),28500,30000,5,0.0,0,2,Nguyễn Thu Huyền,Nhà Xuất Bản Kim Đồng,Nhà Xuất Bản Kim Đồng,,,,,Nhà sách Fahasa,available,1000,True,True,True
206145378,Chuẩn Bị Cho Bé Vào Lớp 1 - Tập Viết Chữ Thường (Tái Bản),11200,14000,20,0.0,0,5,Trần Ngọc Bảo Hân,Cty Văn Hóa Nhân Văn,Nhà Xuất Bản Đồng Nai,,,,,Nhà sách Fahasa,available,1000,True,True,True
205973414,Chuẩn Bị Cho Bé Vào Lớp 1 - Tập Tô Chữ Tập 1 (Tái Bản),11800,12000,2,0.0,0,3,Minh Hà,Tân Việt,nxb my thuat,,,,,Nhà sách Fahasa,available,1000,True,True,True
204771726,Sách Bé tô màu - Đồ dùng gia đình,10000,15000,33,5.0,2,32,Kim Thủy,Huy Hoàng Bookstore,Nhà Xuất Bản Mỹ Thuật,,Bìa mềm,16.0,2021-09-17,Tiki Trading,available,1000,False,True,True
204771696,Sách Chuẩn bị cho bé vào lớp 1 - Tập tô nét cơ bản,12000,17000,29,5.0,2,55,Ngọc Phương,Huy Hoàng Bookstore,Nhà Xuất Bản Mỹ Thuật,,Bìa mềm,32.0,2022-07-15,Tiki Trading,available,1000,False,True,True
202961325,Bóc Dán Tuyệt Đỉnh - Các Lá Cờ Trên Thế Giới (Tái Bản),59000,59000,0,0.0,0,0,DK,Đinh Tị,nxb thanh nien,,,,,Bamboo Books,available,1000,True,True,True
196291974,Sách Chuẩn bị cho bé vào lớp 1 ( túi 5 cuốn),45000,72000,38,4.5,2,24,"Lê Tuệ Minh, Lê Thu Ngọc",Minh Long,Nhà Xuất Bản Đại Học Sư Phạm,,Bìa mềm,40.0,2022-07-22,Tiki Trading,available,1000,True,True,True
192950408,Bộ Sách Tô Màu Khổ Lớn Berbie - 50 Đề Can Bóc Dán Đề Can (Bộ 3 Cuốn),102000,120000,15,5.0,1,6,Mary Man Kong,Tân Việt,Nhà Xuất Bản Phụ Nữ Việt Nam,,,,,Nhà sách Fahasa,available,1000,True,True,True
171584546,Bé Chuẩn Bị Vào Lớp 1 - Tập Tô Chữ Số,9300,10000,7,0.0,0,3,Thiên Ân,Cty Giáo Dục Đức Trí,Nhà Xuất Bản Đại Học Quốc Gia TP.HCM,,,,,Nhà sách Fahasa,available,1000,True,True,True
138333287,201 Miếng Bóc Dán Thông Minh - Bé Học Toán,55000,55000,0,0.0,0,0,Ngọc Linh,Nhà Xuất Bản Thanh Niên,Nhà Xuất Bản Thanh Niên,,Bìa mềm,30.0,2018-06-07,Nhà Sách Phương Nam,available,1000,True,True,True
84872787,Bộ Sách Barbie Thiết Kế Thời Trang (Bộ 10 Cuốn),323000,380000,15,5.0,1,5,The Five Mile,Tân Việt,Nhà Xuất Bản Mỹ Thuật,,,,,Nhà sách Fahasa,available,1000,True,True,True
58708285,Bé Tô Màu Khủng Long 1,14000,14000,0,0.0,0,9,Trần An,Cty Giáo Dục Đức Trí,Nhà Xuất Bản Đại Học Quốc Gia Hà Nội,,,,,Nhà sách Fahasa,available,1000,True,True,True
20483689,Tạo Hình Nhân Vật Truyện Tranh Với Động Tác Và Trang Phục Đặc Biệt,38200,42000,9,4.8,6,28,Quang Minh, Hồng Đức,,,,,,Nhà sách Fahasa,available,1000,True,True,True
14502481,"Sách Luyện Chữ Đẹp Chữ Nghiêng Nét Thanh, Đậm",8300,9000,8,4.3,9,115,Thiên Ân,SÁCH THIẾT BỊ GIÁO DỤC ĐỨC TRÍ,,,Bìa mềm,22.0,2019-01-04,Nhà sách Fahasa,available,1000,True,False,True
9795054,Tủ Sách Bé Vào Lớp Một - Bé Tập Tô Và Tập Viết (Tập 2),8200,10000,18,5.0,23,470,Lê Tuệ Minh - Lê Thu Ngọc,Minh Long,,,Bìa mềm,24.0,,Nhà sách Fahasa,available,1000,True,True,True
2732717,Sách 200 Miếng Bóc Dán Thông Minh - Các Loài Động Vật (Tái Bản 2018),52200,55000,5,4.8,18,137,,Đinh Tị,,,Bìa mềm,,2018-06-22,Nhà sách Fahasa,available,1000,True,True,True
729384,Sách 123 Nào Ta Tô Màu! - Rau Xanh,15000,15000,0,0.0,0,0,Ngọc Linh,Đinh Tị,,,Bìa mềm,20.0,2017-07-01,Nhà sách Fahasa,available,1000,True,True,True
505378,Sách Copy Colour Tập 10,8960,15000,40,0.0,0,2,Trần Ngọc Minh Khuê,Công Ty CP Văn Hóa Nhân Văn,,,Bìa mềm,,2015-12-30,Nhân Văn,available,1000,True,True,True
418933,Sách Dán Hình Sáng Tạo Trang Phục Búp Bê - Những Nàng Công Chúa,65500,69000,5,5.0,8,58,Nhiều tác giả,Đinh Tị,,,Bìa mềm,24.0,2014-06-20,Nhà sách Fahasa,available,1000,True,True,True
376020,Sách Bách Khoa Toàn Thư Cho Bé - Bộ Xâu Rèn Luyện Sự Kiên Trì,70000,70000,0,0.0,0,4,,Tân Việt,,,,,2014-09-20,Tazano Official Store,available,1000,True,True,True
350252,Sách Tô Màu Cùng Cún Con - Tô Màu Đồ Chơi Và Nhân Vật,16000,16000,0,5.0,1,16,Minh Trung,Đinh Tị,,,Bìa mềm,24.0,2012-07-05,Nhà sách Fahasa,available,1000,True,True,True
278891090,Sách - Sticker Bóc Dán IQ - CQ - Phát triển Chỉ Số Thông Minh  (2-6 tuổi) - Ndbooks,100000,100000,0,0.0,0,0,nhieu tac gia,CÔNG TY TNHH THƯƠNG MẠI SÁCH NHÂN DÂN,Nhà Xuất Bản Phụ Nữ Việt Nam,,Bìa mềm,,,SÁCH NHÂN DÂN - ndbooks,available,1000,True,True,True
278878170,Sách - Bé Tô Màu (0-3 tuổi ) - Ndbooks,40000,50000,20,0.0,0,2,nhieu tac gia,CÔNG TY TNHH THƯƠNG MẠI SÁCH NHÂN DÂN,Nhà Xuất Bản Thanh Niên,,Bìa mềm,24.0,,SÁCH NHÂN DÂN - ndbooks,available,1000,True,True,True
278759966,Bộ Sách 2 Cuốn: Hạt Mầm Phiêu Lưu Ký - Hạt Mầm Vui Nhộn Bốn Mùa (Phân Loại Lẻ/Bộ),50000,68000,26,0.0,0,0,"Dương Kiều Oanh, Lưu Như Ngọc Thảo",Bean Books,Nhà Xuất Bản Phụ Nữ Việt Nam,,Bìa mềm,40.0,2025-10-25,Tiki Trading,available,1000,False,True,True
278716535,Sách - Bé Làm Quen Với Toán - Dành Cho Trẻ 5 - 6 Tuổi (Tái Bản 2024),12300,15000,18,0.0,0,2,Nguyễn Thị Hương Giang,Minh Long,Nhà Xuất Bản Đại Học Quốc Gia Hà Nội,,Bìa mềm,,2023-12-21,Nhà sách Fahasa,available,1000,True,True,True
278714588,Sách - Hay Vẽ Thì Vẽ Hay - Tập 4 - Nhân Vật Manga Thu Hút,23700,25000,5,0.0,0,0,Phan Thị,Cty Phan Thị,Nhà Xuất Bản Văn Học,,Bìa mềm,,2023-12-21,Nhà sách Fahasa,available,1000,True,True,True
278603704,Sách Tập Tô Chữ - Tủ Sách Mầm Non Chăm Học Dành Cho Bé 4-6 Tuổi - Bộ 4 Quyển,48000,48000,0,0.0,0,0,nhieu tac gia,Công Ty TNHH TM & DV Văn Hóa Giáo Dục Phía Nam,Nhà Xuất Bản Đồng Nai,,Bìa mềm,24.0,,NHÀ SÁCH ABBOOKS,available,1000,True,True,True
278492511,Sách Dán Hình (Tặng Kèm 2 Phòng Sticker 3D) - CAPY,30000,42000,29,0.0,0,4,Little Angel,Nhà sách Minh Thắng,Nhà Xuất Bản Phụ Nữ Việt Nam,,Bìa mềm,22.0,,Tiki Trading,available,1000,False,True,True
278475646,Bộ Sách Tô Màu Một Triệu...,47600,60000,21,0.0,0,10,Lulu Mayo,Đinh Tị,Nhà Xuất Bản Văn Học,,Bìa mềm,64.0,,Tiki Trading,available,1000,True,True,True
278446103,Sách JADOO Tập Tô - Tập Viết,36000,59000,39,0.0,0,1,1980Edu (Vũ Loan),1980 Books,Nhà Xuất Bản Dân Trí,,Bìa mềm,,,Tiki Trading,available,1000,False,True,True
278158684,Sách Dán giấy công chúa,16800,27000,38,0.0,0,2,Uyển Phương,Minh Long,Nhà Xuất Bản Mỹ Thuật,,Bìa mềm,16.0,,Tiki Trading,available,1000,True,True,True
278154355,Sách - Bé Tập Tô Màu - Combo 6 Quyển Cho Bé,174000,174000,0,0.0,0,1,,Công ty TNHH Tiên Phong Books,Nhà Xuất Bản Dân Trí,,Bìa mềm,,,Tiên Phong Books Việt Nam,available,1000,True,True,True
278153212,Sách - Elsa - Nữ Hoàng Của Rừng Phép Thuật,19800,20000,1,0.0,0,2,,Cty TNHH TM&DV VH GD Phía Nam,Nhà Xuất Bản Đồng Nai,,Bìa mềm,,2023-12-21,Nhà sách Fahasa,available,1000,True,True,True
278042158,Sách Vẽ Bằng Khuôn Hình Sáng Tạo,78400,99000,21,0.0,0,0,"Elizabeth Golding, Hui Skipp, Anton Poitier",Đinh Tị,Nhà Xuất Bản Hồng Đức,,Bìa mềm,35.0,,Tiki Trading,available,1000,True,True,True
277717032,Hay Vẽ Thì Vẽ Hay (Nhiều Tập),25000,25000,0,0.0,0,6,Phan Thị,Phan Thị,Nhà Xuất Bản Văn Học,,Bìa mềm,24.0,,Nhân Văn,available,1000,True,True,True
277447218,Một Cuốn Sách Chữa Lành - Phiên Bản Tô Màu Chữa Lành,114000,119000,4,0.0,0,0,Ban biên tập Bloom Books,AZ Việt Nam,Nhà Xuất Bản Dân Trí,,Bìa mềm,88.0,,Nhân Văn,available,1000,True,True,True
276846569,Combo 3 cuốn sách tô màu Chưa Kịp Lớn Đã Phải Trưởng Thành + Tôi Bị Cảm Hóa Ra Là Do Em + Hiên Nhà Chắn Hết Mưa Giông,142400,178000,20,0.0,0,0,nhieu tac gia,Công Ty Cổ Phần Time Books,Nhà Xuất Bản Dân Trí,,Bìa mềm,80.0,,Tiệm Sách Thật,available,1000,True,True,True
273670758,Tập Viết Chữ Cái Viết Hoa,12000,12000,0,5.0,1,7,Chính An,Cty TNHH TM&DV VH GD Phía Nam,Nhà Xuất Bản Đồng Nai,,,,,Nhà sách Fahasa,available,1000,True,True,True
271315525,Sách Hành Trang Vào Lớp 1: Tập Viết - Tập 1,19400,20000,3,5.0,2,32,"Tịnh Lâm, Hiếu Minh",Nhà Xuất Bản Kim Đồng,Nhà Xuất Bản Kim Đồng,,Bìa mềm,28.0,,Tiki Trading,available,1000,False,True,True
270799834,Sách Tô Màu Ngộ Nghĩnh – Đinh Tị Books (Nhiều chủ đề cho bé 3 - 6 tuổi),19000,19000,0,4.0,2,84,Carotte et Compagnie,Đinh Tị,nxb thanh nien,,Bìa mềm,24.0,,Mộc Nhiên Kids Store,available,1000,True,True,True
270490725,Trẻ Em Khéo Tay Gấp Hình - Tập 1 - Vanlangbooks,47200,59000,20,5.0,1,5,Kim Dân,VanLangBooks,,,Bìa mềm,168.0,,Văn Lang Official Store,available,1000,True,True,True
262860193,Sách Vở luyện viết hạ cỡ chữ - chữ ô li nhỏ. Quyển 1: Chữ hoa,22000,29000,24,4.3,3,40,Starkids,Megabook,Nhà Xuất Bản Thanh Niên,,Bìa mềm,32.0,2023-06-01,Tiki Trading,available,1000,False,True,True
215556362,Sách - Tô Màu Bóc Dán 100+ Stickers Song Ngữ Anh - Việt Cho Bé Từ 2-10 Tuổi ( Bộ 6 cuốn ),28000,28000,0,0.0,0,2,,Việt Hà,Nhà Xuất Bản Hà Nội,,,,,VĂN PHÒNG PHẨM ĐỒ CHƠI VŨ DUYÊN,available,1000,True,True,True
212213147,Sách Công Chúa Vương Quốc Hoa - 1000 Hình Dán Trang Phục Công Chúa - Công Chúa Hoa Thủy Tiên (Tái Bản),52000,75000,31,5.0,1,26,Mật Đào,Nhà sách Minh Thắng,Nhà Xuất Bản Phụ Nữ Việt Nam,,Bìa mềm,40.0,2022-10-10,Tiki Trading,available,1000,False,True,True
208778410,Bé Tập Tô Màu - Động Vật (2022),10800,12000,10,0.0,0,1,Hải Nam,Minh Long,nxb my thuat,,,,,Nhà sách Fahasa,available,1000,True,True,True
207642361,Bé Tập Tô Và Tập Viết Tập 2 - Bé Vào Lớp 1,10000,10000,0,0.0,0,0,"Lê Tuệ Minh, Lê Thu Ngọc",NXB Đại Học Sư Phạm,Nhà Xuất Bản Đại Học Sư Phạm,,,,,Nhà Sách Phương Nam,available,1000,True,True,True
201687281,Sách VẼ VẠN VẬT TỪ NHỮNG NÉT ĐƠN GIẢN - Vẽ thú vật chim muông,78000,78000,0,0.0,0,0,Mo Rong Yin Dao,Nhã Nam,Nhà Xuất Bản Dân Trí,,Bìa mềm,300.0,2022-10-01,SÁCH ĐẠI NAM,available,1000,True,True,True
196291966,Sách Bé học Toán - Cộng trừ trong phạm vi 50,15000,25000,40,5.0,3,8,Lê Thu Ngọc,Minh Long,Nhà Xuất Bản Mỹ Thuật,,Bìa mềm,48.0,2023-04-14,Tiki Trading,available,1000,True,True,True
196291939,Sách Chuẩn bị cho bé vào lớp 1( Túi 10 Cuốn),63700,102000,38,5.0,9,105,"Lê Tuệ Minh, Lê Thu Ngọc",Minh Long,Nhà Xuất Bản Đại Học Sư Phạm,,Bìa mềm,320.0,2022-06-28,Tiki Trading,available,1000,True,True,True
195961278,Sách Tô Màu Công Chúa Tập 2,9800,14000,30,5.0,1,59,Minh Đạo,Nhà sách Minh Thắng,Nhà Xuất Bản Dân Trí,,Bìa mềm,16.0,2022-04-04,Tiki Trading,available,1000,False,True,True
192949400,Tập Tô Chữ Số - Quyển 4 (Dành Cho Bé 5-6 Tuổi Chuẩn Bị Vào Lớp 1),12000,12000,0,0.0,0,4,Thiên Ân,Cty Giáo Dục Đức Trí,Nhà Xuất Bản Đại Học Quốc Gia TP.HCM,,,,,Nhà sách Fahasa,available,1000,True,True,True
178240496,Sách Dán Hình Siêu Đáng Yêu - Khu Chợ,41300,52000,21,0.0,0,2,Hemma,Đinh Tị,Nhà Xuất Bản Thanh Niên,,Bìa mềm,18.0,2022-06-01,Tiki Trading,available,1000,True,True,True
174607985, Luyện viết chữ hoa cỡ nhỏ theo nhóm (Theo chương trình mới  dành cho học sinh tiểu học ),28000,28000,0,5.0,8,85,Lý Văn Quỳnh,Nhà sách Bảo Châu,Nhà Xuất Bản Phụ Nữ,,Bìa mềm,48.0,,Bảo Châu Books,available,1000,True,True,True
105231131,Bé Chuẩn Bị Vào Lớp 1 - Vở Tập Viết Chữ Cái Viết Thường,12000,12000,0,4.5,13,250,"Chính An,  Nhóm Giáo Viên ĐH Sư Phạm",Cty TNHH TM&DV VH GD Phía Nam,,,,,,Nhà sách Fahasa,available,1000,True,True,True
91832843,"Vở Ô Ly Có Chữ Mẫu Luyện Viết Chữ Đẹp - Nâng Cao Chữ Nghiêng, Nét Thanh Nét Đậm - Tập 1 (Tái Bản)",12000,12000,0,5.0,8,65,"Nhóm Giáo Viên ĐHSP, Chính An",Cty TNHH TM&DV VH GD Phía Nam,Nhà Xuất Bản Đồng Nai,,,,,Nhà sách Fahasa,available,1000,True,True,True
82937017,Bé Tô Màu Super Wings - Quyển 4,11100,12000,8,5.0,1,6,"Quang Minh, Quang Minh, Quang MInh",Cty TNHH TM&DV VH GD Phía Nam,Nhà Xuất Bản Đà Nẵng,,,,,Nhà sách Fahasa,available,1000,True,True,True
49502467,Sách Những Con Tàu Tuyệt Vời - Và Nhiều Đề Can Hấp Dẫn,24000,40000,40,5.0,3,18,Addline,Tân Việt,Nhà Xuất Bản Mỹ Thuật,,Bìa mềm,30.0,2020-02-02,Tiki Trading,available,1000,False,False,True
14169763,Sách Bé Tập Làm Thủ Công Theo Chủ Đề Dành Cho Trẻ 5-6 Tuổi,11800,12000,2,5.0,3,23,Hương Giang,Khang Việt Book,,,Bìa mềm,32.0,2019-04-01,Nhà sách Fahasa,available,1000,True,True,True
6875661,Combo Sách Tác Giả Luis Sepúlveda - Chuyện Con Mèo Dạy Hải Âu Bay (Bộ 3 cuốn),143350,143350,0,5.0,6,108,Luis Sepulveda,Nhã Nam,,,Bìa mềm,308.0,2014-03-01,AHABOOKS,available,1000,True,True,True
859306,Sách Khởi Đầu Học Viết: Tập Viết Chữ Cái,20900,22000,5,0.0,0,94,"Hiếu Minh, Vũ Thị Thùy",Nhà Xuất Bản Kim Đồng,,,Bìa mềm,24.0,2017-08-01,Tiki Trading,available,1000,False,False,True
348054,Sách 200 Miếng Bóc Dán Thông Minh - Đồ Chơi Của Bé (2-6 Tuổi),36700,36700,0,0.0,0,1,Tuệ Văn,Đinh Tị,Nhà Xuất Bản Thanh Niên,,Bìa mềm,36.0,2012-03-05,Tiệm Sách Minh Vân,available,1000,True,True,True
279229134,Sách tô màu - Khi cuộc đời cho bạn quả chanh - Lemonbooks & Nonchan - Tặng kèm Sticker,110200,145000,24,0.0,0,0,Non-chan,Bách Việt,Nhà Xuất Bản Phụ Nữ,,Bìa mềm,,,Sách Bách Việt,available,1000,True,True,True
279112560,Sách - Bóc Dán Sử Dụng Nhiều Lần - Đồ Vật Trong Nhà,71100,79000,10,0.0,0,0,nhieu tac gia,Đinh Tị,Nhà Xuất Bản Hà Nội,,Bìa mềm,,2023-12-21,Nhà sách Fahasa,available,1000,True,True,True
278969800,Sách - Hướng Dẫn Luyện Viết Chữ Đẹp Cơ Bản,61700,65000,5,0.0,0,0,nhieu tac gia,dong a,Nhiều Nhà Xuất Bản,,Bìa mềm,,2023-12-21,Nhà sách Fahasa,available,1000,True,True,True
278872855,Sách -  Hướng Dẫn Luyện Viết Chữ Đẹp Cơ Bản,62000,65000,5,0.0,0,0,"Nguyễn Thị Tuyết Sương, Nguyễn Thị Mai Chi, Cao Thị Tuyết Lê",Công Ty Cổ Phần Văn Hóa Đông A,Đại Học Sư Phạm TPHCM,,Bìa mềm,56.0,,Nhân Văn,available,1000,True,True,True
278712933,Sách - Flash Card - Thẻ Học Thông Minh Theo Phương Pháp Giáo Dục Sớm Glenn Doman - Cơ Thể Và Cảm Xúc - Body And Feelings,42300,45000,6,0.0,0,0,nhieu tac gia,Fahasa,Nhà Xuất Bản Phụ Nữ Việt Nam,,Bìa mềm,,2023-12-21,Nhà sách Fahasa,available,1000,True,True,True
278635397,Sách - Yêu Quá Việt Nam - Trò Chơi Dân Gian,23700,25000,5,0.0,0,1,nhieu tac gia,Đinh Tị,Nhà Xuất Bản Tri Thức,,Bìa mềm,,2023-12-21,Nhà sách Fahasa,available,1000,True,True,True
278304050,Sách - Ghép Hình Sticker 3D - Chủ Đề Đại Dương 3 cuốn,45000,45000,0,0.0,0,0,,Nhà Sách Hồng Ân,Nhà Xuất Bản Phụ Nữ Việt Nam,,Bìa cứng,,,Khanhlinhbook,available,1000,True,True,True
278236402,Sách Trò Chơi Mê Cung ( 2 - 8 tuổi),24700,35000,29,0.0,0,0,Hồ Lô Xanh,Nhà sách Minh Thắng,Nhà Xuất Bản Dân Trí,,Bìa mềm,16.0,,Tiki Trading,available,1000,False,True,True
278153699,Sách - Flash Card - Bộ Thẻ Bảng Chữ Cái Tiếng Việt - Cùng Bé Học Chữ Cái - Song Ngữ Việt-Anh,26300,28000,6,0.0,0,1,Huyền Linh,Cty Văn Hóa & Truyền Thông Trí Việt.,Nhà Xuất Bản Văn Học,,Bìa mềm,,2023-12-21,Nhà sách Fahasa,available,1000,True,True,True
278153479,"Sách - Vở Luyện Viết Chữ Thường, Chữ Hoa Cỡ Nhỏ, Theo Nhóm",42700,45000,5,0.0,0,1,Huyền Linh,Cty Văn Hóa & Truyền Thông Trí Việt.,Nhà Xuất Bản Văn Học,,Bìa mềm,,2023-12-21,Nhà sách Fahasa,available,1000,True,True,True
278074207,Sách Hoàng Tử Bé (Phiên Bản Tô Màu Văn Hóa Việt Nam),116000,129000,10,0.0,0,3,"Hà Trang (Tahtag), Ban biên tập Bookland",Bookland,Nhà Xuất Bản Dân Trí,,Bìa mềm,60.0,2025-11-06,Tiki Trading,available,1000,False,True,True
276289955,Bộ Tô Màu Và Dán Hình - Cuộc Sống Muôn Màu (Cuốn Lẻ và Combo) (Tái bản),52200,58000,10,0.0,0,0,nhieu tac gia,Công Ty Cổ Phần Văn Hóa Đông A,NXB Dân Trí,,Bìa mềm,26.0,,Đông A Books Official,available,1000,True,True,True
276148733,Tô màu quốc kỳ - Quốc kỳ châu Mỹ,16000,16000,0,0.0,0,2,,Đinh Tị,Nhà Xuất Bản Hà Nội,,,,,ECOBOOK VN,available,1000,True,True,True
274946281,Combo DINO tập vẽ - 4 bước tập vẽ đơn giản cho bé (5 cuốn),140000,180000,22,5.0,7,38,Little Rainbow,Megabook,Nhà Xuất Bản Thanh Niên,,Bìa mềm,,2024-04-04,Tiki Trading,available,1000,False,True,True
273870869,Vở Tập Đọc Và Tập Viết ( Dành Cho Bé Từ 5-6 Tuổi ) (Tái Bản),9300,11000,15,0.0,0,1,Trần Thị Hải Yến,Nhà sách Minh Thắng,Nhà Xuất Bản Dân Trí,,,,,Nhà sách Fahasa,available,1000,True,True,True
270107349,368 Bóc Dán Sticker - Hình Dán Trang Phục Công Chúa - Quyển 10 - Ngọt Ngào,41600,52000,20,0.0,0,0,Minh Khuê,Cty Văn Hóa Nhân Văn,Nhà Xuất Bản Đồng Nai,,,,,Nhà sách Fahasa,available,1000,True,True,True
269947093,Toán Tiền Tiểu Học - Cộng Trừ Trong Phạm Vi 20 (Tái Bản 2023),70900,78000,9,0.0,0,2,,Công ty cổ phẩn Xuất bản và Giáo dục Vizi,Nhà Xuất Bản Phụ Nữ Việt Nam,,,,,Nhà sách Fahasa,available,1000,True,True,True
257779927,Sách Trò Chơi Gấp Giấy Dành Cho Trẻ Em Tập 1,80000,80000,0,0.0,0,0,Thiên Kim,VanLangBooks,,,Bìa mềm,72.0,2023-05-01,Bamboo Books,available,1000,True,True,True
252389424,Sách Chuẩn Bị Cho Bé Tới Trường - Chữ Số (Tặng Kèm Bút Viết/Xóa),114000,150000,24,0.0,0,10,Ngọc Phương,Huy Hoàng Bookstore,Nhà Xuất Bản Phụ Nữ Việt Nam,,Bìa cứng,235.0,2023-04-04,Tiki Trading,available,1000,False,True,True
248880522,Khéo Tay Tô Màu - Thám Hiểm Không Gian,24700,25000,1,0.0,0,1,Nhiều tác giả,Nhà Xuất Bản Kim Đồng,Nhà Xuất Bản Kim Đồng,,,,,Nhà sách Fahasa,available,1000,True,True,True
210273796,Sách Tô Màu Thông Minh Đầu Tiên Của Bé - Phép So Sánh Thú Vị (2 - 3 Tuổi)_TV,35000,35000,0,0.0,0,0,,Tân Việt,Nhà Xuất Bản Mỹ Thuật,,Bìa mềm,,,NewShop Official,available,1000,True,True,True
206361267,Học Toán Thật Đơn Giản: 3-4 Tuổi - Tập 2,48000,48000,0,0.0,0,0,nhieu tac gia,Nhà Xuất Bản Dân Trí,Nhà Xuất Bản Dân Trí,,Bìa mềm,46.0,,Nhà Sách Vĩnh Thụy,available,1000,True,True,True
204803629,Sách Vở Ô Li Có Mẫu Chữ Lớp 2 Quyển 1,15000,20000,25,0.0,0,16,Dương Linh,Huy Hoàng Bookstore,Nhà Xuất Bản Mỹ Thuật,,Bìa mềm,48.0,2022-11-11,Tiki Trading,available,1000,False,True,True
204771704,Sách Bé tô màu - Động vật,9900,15000,34,5.0,3,75,Kim Thủy,Huy Hoàng Bookstore,Nhà Xuất Bản Mỹ Thuật,,Bìa mềm,16.0,2022-12-07,Tiki Trading,available,1000,False,True,True
204416881,Vở Ô Li Bài Tập Toán 1 - Quyển 1 (Theo Kết Nối Tri Thức Với Cuộc Sống),28800,36000,20,0.0,0,0,Hoàng Hải Vân,Cty Văn Hóa Nhân Văn,Nhà Xuất Bản Đồng Nai,,,,,Nhà sách Fahasa,available,1000,True,True,True
197588263,Sách Tô Màu Phát Triển Não Bộ Cho Bé 1-5 Tuổi Tập 5,11367,16000,29,5.0,6,179,Phạm Ngọc Điệp,Nhã Nam,Nhà Xuất Bản Dân Trí,,Bìa mềm,20.0,2022-09-09,Tiki Trading,available,1000,False,True,True
196292012,Sách Giúp bé phát triển tiềm năng toán học: 3 tuổi,28100,45000,38,4.5,2,10,MiloKids,Minh Long,Nhà Xuất Bản Đại Học Sư Phạm,,Bìa mềm,68.0,2022-06-28,Tiki Trading,available,1000,True,True,True
196292006,Sách Giúp bé phát triển tiềm năng toán học: 5 tuổi,45000,45000,0,0.0,0,0,MiloKids,Minh Long,Nhà Xuất Bản Đại Học Sư Phạm,,Bìa mềm,68.0,,Nhà Sách Vĩnh Thụy,available,1000,True,True,True
145145050,Cuốn Sách Tô Màu Đầu Tiên Của Tớ - Động Vật,19300,25000,23,0.0,0,13,"Jenny Brown, Kirsteen Robson",Đinh Tị,Nhà Xuất Bản Thanh Niên,,Bìa mềm,32.0,2021-12-01,Tiki Trading,available,1000,True,True,True
136060406,Combo Luyện Viết Chữ Đẹp (4 Cuốn) - (Luyện Viết Chữ Đẹp Tập 1 + Luyện Viết Chữ Đẹp Tập 2 + Luyện Viết Chữ Đẹp Chữ Thường + Luyện Viết Chữ Đẹp Chữ Hoa) ( Tặng poster An toàn cho bé),76800,80000,4,5.0,8,115,,Huy Hoàng Bookstore,Nhà Xuất Bản Mỹ Thuật,,Bìa mềm,,,AHABOOKS,available,1000,True,True,True
108280512,Sách Tô Màu Thông Minh - Chúng Mình Cùng Tô - Quyển Lá (Cho Bé Từ 2- 6 Tuổi),24600,29000,15,0.0,0,2,Minh Thư,Tân Việt,Nhà Xuất Bản Mỹ Thuật,,Bìa mềm,47.0,2021-06-15,Nhà sách Fahasa,available,1000,True,True,True
105231167,Bé Chuẩn Bị Vào Lớp 1 - Vở Tập Viết Nét Cơ Bản,12000,12000,0,5.0,7,116,"Chính An,  Nhóm Giáo Viên ĐH Sư Phạm",Cty TNHH TM&DV VH GD Phía Nam,,,,,,Nhà sách Fahasa,available,1000,True,True,True
100285170,Tập Tô Chữ (Mẫu Giáo 5-6 Tuổi),10000,10000,0,5.0,1,20,"Minh Nguyệt,  Minh nguyệt, Thiện Lộc, Thiên Lộc, THiện Lộc",Cty Giáo Dục Đức Trí,Nhà Xuất Bản Đại Học Quốc Gia TP.HCM,,,,,Nhà sách Fahasa,available,1000,True,True,True
91833045,"Vở Ô Ly Có Chữ Mẫu Luyện Viết Chữ Đẹp - Nâng Cao Nét Thanh, Nét Đậm - Tập 1 (Tái Bản)",12000,12000,0,5.0,27,159,"Nhóm Giáo Viên ĐHSP, Chính An",Cty TNHH TM&DV VH GD Phía Nam,Nhà Xuất Bản Đồng Nai,,,,,Nhà sách Fahasa,available,1000,True,True,True
51030711,Sách Luyện Nét Chữ Rèn Nết Người - Vở Ô Li Có Mẫu Chữ - Lớp 1 - Quyển 2 (Tái Bản 2020),19600,20000,2,5.0,9,116,Dương Linh,Huy Hoàng Bookstore,Nhà Xuất Bản Mỹ Thuật,,,,,Nhà sách Fahasa,available,1000,True,True,True
39358094,My Little Pony - Tập Tô Màu Sáng Tạo 4Q - Vườn Cổ Tích Vui Nhộn,18700,22000,15,5.0,2,24,"., ., ., ., ...",NXB Mỹ Thuật,,,,,,Nhà sách Fahasa,available,1000,True,True,True
21031333,Sách Tô Màu Công Chúa Xinh Đẹp - Công Chúa Nhạc Pop,17000,20000,15,5.0,2,12,Trần Bồi Lương,Tân Việt,,,Bìa mềm,24.0,2019-06-01,Nhà sách Fahasa,available,1000,True,True,True
2537155,Sách 200 Miếng Bóc Dán Thông Minh Phát Triển Chỉ Số Thông Minh Sáng Tạo CQ Tập 1 - Dành Cho Trẻ 2-10 Tuổi (Tái Bản 2018),52200,55000,5,5.0,8,28,"Cung Huân, Ngọc Linh",Đinh Tị,,,Bìa mềm,,,Nhà sách Fahasa,available,1000,True,True,True
1735669,Sách Tập Tô Chữ Mẫu Giáo 5 - 6 Tuổi,12000,12000,0,0.0,0,1,"Hương Giang, Minh Thư, Sĩ Tân",Nhà sách Minh Trí,Nhà Xuất Bản Mỹ Thuật,,Bìa mềm,23.0,2018-01-01,Nhà sách Fahasa,available,1000,True,True,True
729389,Sách 123 Nào Ta Tô Màu! - Vườn Thú,11200,15000,25,5.0,1,81,Ngọc Linh,Đinh Tị,,,Bìa mềm,20.0,2017-07-01,Tiki Trading,available,1000,True,True,True
279132736,Sách - Mai Em Vào Lớp 1 - Dành Cho Trẻ 5-6 Tuổi - Bé Tập Tô Và Tập Ghép Vần - Quyển 1 (Tái Bản 2024),9600,12000,20,0.0,0,0,nhieu tac gia,Cty Văn Hóa Nhân Văn,Nhiều Nhà Xuất Bản,,Bìa mềm,,2023-12-21,Nhà sách Fahasa,available,1000,True,True,True
279112584,Sách - Bóc Dán Sử Dụng Nhiều Lần - Phương Tiện Giao Thông,71100,79000,10,0.0,0,0,nhieu tac gia,Đinh Tị,Nhà Xuất Bản Hà Nội,,Bìa mềm,,2023-12-21,Nhà sách Fahasa,available,1000,True,True,True
279008144,Sách - Flashcard Bảng Chữ Cái Tiếng Việt - Cùng Bé Học Chữ Cái,74200,79000,6,0.0,0,0,Huyền Linh,Cty Văn Hóa & Truyền Thông Trí Việt.,Nhà Xuất Bản Văn Học,,Bìa mềm,,2023-12-21,Nhà sách Fahasa,available,1000,True,True,True
278967129,Sách - Flashcard - Bộ Thẻ Thông Minh - Bé Học Toán (1-6 Tuổi) (Tái Bản 2025),38000,40000,5,0.0,0,0,nhieu tac gia,Cty TNHH TM&DV VH GD Phía Nam,Nhà Xuất Bản Đồng Nai,,Bìa mềm,,2023-12-21,Nhà sách Fahasa,available,1000,True,True,True
278713348,Sách - Flash Card - Thẻ Học Thông Minh Theo Phương Pháp Giáo Dục Sớm Glenn Doman - Các Loài Hoa Và Trái Cây - Flowers And Fruits,39600,45000,12,0.0,0,0,nhieu tac gia,Fahasa,Nhà Xuất Bản Phụ Nữ Việt Nam,,Bìa mềm,,2023-12-21,Nhà sách Fahasa,available,1000,True,True,True
278712148,Sách - Flashcard Bảng Chữ Cái Tiếng Việt,70900,78000,9,0.0,0,4,Huyền Linh,Cty Văn Hóa & Truyền Thông Trí Việt.,Nhà Xuất Bản Văn Học,,Bìa mềm,,2023-12-21,Nhà sách Fahasa,available,1000,True,True,True
278616744,Sách - Girl Holiday - Traveling Diary Coloring Book,64600,68000,5,0.0,0,0,nhieu tac gia,Megabook,Nhà Xuất Bản Phụ Nữ Việt Nam,,Bìa mềm,,2023-12-21,Nhà sách Fahasa,available,1000,True,True,True
278280304,Sách Tô Màu Động Vật - Song Ngữ Anh-Việt,9900,14000,29,5.0,1,6,Phan Minh Đạo,Nhà sách Minh Thắng,Nhà Xuất Bản Mỹ Thuật,,Bìa mềm,16.0,,Tiki Trading,available,1000,False,True,True
278158915,Sách Tô Màu Rau - Củ - Quả (Song Ngữ Anh - Việt),9900,14000,29,0.0,0,39,Phan Minh Đạo,Nhà sách Minh Thắng,Nhà Xuất Bản Dân Trí,,Bìa mềm,16.0,,Tiki Trading,available,1000,False,True,True
278153210,Sách - Bé Tập Tô Màu - Giao Thông Đường Thủy Và Hàng Không,15800,16000,1,0.0,0,2,Thùy Linh,Cty Văn Hóa & Truyền Thông Trí Việt.,Nhà Xuất Bản Văn Học,,Bìa mềm,,2023-12-21,Nhà sách Fahasa,available,1000,True,True,True
277807947,"Sách - Vở Luyện Viết Chữ Thường, Chữ Hoa, Hạ Cỡ Chữ 1 Ô Li (Đặng T. Dung) - ndbooks",22000,25000,12,0.0,0,1,,CÔNG TY TNHH THƯƠNG MẠI SÁCH NHÂN DÂN,Nhà Xuất Bản Đại Học Quốc Gia Hà Nội,,Bìa mềm,,,SÁCH NHÂN DÂN - ndbooks,available,1000,True,True,True
277770504,"Sách - Combo 5 Cuốn Tập tô chữ, Tô chữ hoa,tập tô nét cơ bản, tập tô số (chuẩn bị cho bé vào lớp 1) - ndbooks",42000,60000,30,0.0,0,0,,CÔNG TY TNHH THƯƠNG MẠI SÁCH NHÂN DÂN,NXB Dân Trí,,Bìa mềm,,,SÁCH NHÂN DÂN - ndbooks,available,1000,True,True,True
275399543,Sách - Combo Trọn Bộ 6 Cuốn Bóc Dán Hình Sticker Trong Suốt & Tô Màu Búp Bê - Nhà Thiết Kế Thời Trang (VT),348000,348000,0,0.0,0,0,nhieu tac gia,Công Ty TNHH Văn Hóa Việt Thư,Nhà Xuất Bản Phụ Nữ Việt Nam,,,,,Nhà Sách Việt Thư,available,1000,True,True,True
273670784,Tập Viết Chữ Số,12000,12000,0,5.0,1,6,Chính An,Cty TNHH TM&DV VH GD Phía Nam,Nhà Xuất Bản Đồng Nai,,,,,Nhà sách Fahasa,available,1000,True,True,True
271817132,Bé Luyện Viết Chữ Đẹp - Tập 1 - Luyện Viết Chữ Hoa - Cỡ Chữ To,23700,24000,1,0.0,0,4,"Hiếu Minh,  Vũ Thị Thùy",Nhà Xuất Bản Kim Đồng,Nhà Xuất Bản Kim Đồng,,,,,Nhà sách Fahasa,available,1000,True,True,True
270703128,Tô Màu Thú Vị - Xuất Sắc,19000,19000,0,0.0,0,0,nhieu tac gia,NXB Mỹ Thuật,Nhà Xuất Bản Mỹ Thuật,,Bìa mềm,24.0,2019-12-07,Nhà Sách Phương Nam,available,1000,True,True,True
263988039,Combo Sách trang điểm công chúa (5 cuốn),180000,225000,20,3.0,2,17,Little Rainbow,Megabook,Nhà Xuất Bản Thanh Niên,,Bìa mềm,24.0,2023-06-01,Tiki Trading,available,1000,False,True,True
252389429,Sách Chuẩn Bị Cho Bé Tới Trường - Chữ Cái (Tặng Kèm Bút Viết/Xóa),112000,150000,25,0.0,0,14,Ngọc Phương,Huy Hoàng Bookstore,Nhà Xuất Bản Phụ Nữ Việt Nam,,Bìa cứng,235.0,2023-04-04,Tiki Trading,available,1000,False,True,True
222658852,Sách Con tô màu - Thám Hiểm Động Vật Cổ Đại,27000,27000,0,0.0,0,0,Little Rainbow,Megabook,Nhà Xuất Bản Mỹ Thuật,,Bìa mềm,24.0,2022-12-01,MEGABOOK,available,1000,True,True,True
206145331,Chuẩn Bị Cho Bé Vào Lớp 1 - Tập Viết Chữ Cái (Tái Bản),11200,14000,20,5.0,1,2,Trần Ngọc Bảo Hân,Cty Văn Hóa Nhân Văn,Nhà Xuất Bản Đồng Nai,,,,,Nhà sách Fahasa,available,1000,True,True,True
204416879,Vở Ô Li Bài Tập Toán 1 - Quyển 2 (Theo Kết Nối Tri Thức Với Cuộc Sống),28800,36000,20,0.0,0,0,Hoàng Hải Vân,Cty Văn Hóa Nhân Văn,Nhà Xuất Bản Đồng Nai,,,,,Nhà sách Fahasa,available,1000,True,True,True
195129479,Tô Màu Người Lớn - MỸ NHÂN,54000,80000,33,4.0,2,31,,VIETNAMBOOK,Nhà Xuất Bản Hồng Đức,,Bìa mềm,64.0,2022-08-15,VIETNAMBOOK,available,1000,True,True,True
186157560,Bé vẽ như thế nào? - Sách dạy vẽ bằng vở caro giúp bé vẽ đẹp - Các bước vẽ cơ bản,90000,90000,0,5.0,24,235,Hà Phương,CÔNG TY TNHH IN VÀ TM TUẤN VIỆT,Nhà Xuất Bản Hà Nội,,Bìa mềm,160.0,2022-06-13,TUANVIET BOOKS Official Store,available,1000,True,True,True
176080847,Arty Mouse - Những Người Bạn,30100,45000,33,0.0,0,1,Mandy Stanley,Zenbooks,Nhà Xuất Bản Đà Nẵng,,,,,Nhà sách Fahasa,available,1000,True,True,True
173477530,Sách Tô Màu Khám Phá Thế Giới- Những Người Lính Cứu Hỏa,18800,19000,1,0.0,0,1,"Tiago Americo, Stéphanie Ledu",Đinh Tị,Nhà Xuất Bản Thanh Niên,,Bìa mềm,32.0,2022-02-01,Play With Me,available,1000,True,True,True
110441416,Sách Tô Màu Công Chúa - Công Chúa Bạch Tuyết (Tái Bản),12700,16000,21,0.0,0,5,"Tiền Lệ, Cố Yến Hoa",Đinh Tị,Nhà Xuất Bản Thanh Niên,,Bìa mềm,20.0,2021-07-15,Tiki Trading,available,1000,True,False,True
105231144,Bé Chuẩn Bị Vào Lớp 1 - Vở Tập Viết Chữ Cái Viết Hoa,12000,12000,0,5.0,9,79,"Chính An,  Nhóm Giáo Viên ĐH Sư Phạm",Cty TNHH TM&DV VH GD Phía Nam,,,,,,Nhà sách Fahasa,available,1000,True,True,True
100285127,Tập Tô Nét Cơ Bản (Tái Bản),10000,10000,0,5.0,3,96,"Minh Nguyệt,  Minh nguyệt, Thiện Lộc, Thiên Lộc, THiện Lộc",Cty Giáo Dục Đức Trí,Nhà Xuất Bản Đại Học Quốc Gia TP.HCM,,,,,Nhà sách Fahasa,available,1000,True,True,True
74307132,Sách Arty Mouse - Đồ Theo Nét (Học Tập Đầu Đời Thông Qua Mỹ Thuật),30150,45000,33,5.0,35,238,Mandy Stanley,Zenbooks,Nhà Xuất Bản Đà Nẵng,,Bìa mềm,48.0,2020-12-01,Tiki Trading,available,1000,False,True,True
73521491,Sách Sticker Dolly Dressing - Dán Hình Sáng Tạo Trang Phục Búp Bê - Mèo Con,44200,55000,20,5.0,24,150,Fiona Watt,Đinh Tị,Nhà Xuất Bản Thanh Niên,,Bìa mềm,34.0,2021-01-01,Tiki Trading,available,1000,True,True,True
67390616,Sách Chắp Cánh Cùng Bé Tập Đánh Vần Tiếng Việt,56000,80000,30,5.0,2,6,Võ Thị Minh Trang,Khang Việt Book,Nhà Xuất Bản Đại Học Quốc Gia Hà Nội,,Bìa mềm,120.0,2020-09-01,khangvietbook,available,1000,True,True,True
31970497,Sách Chuẩn Bị Cho Bé Vào Lớp Một Dành Cho Bé 5 - 6 Tuổi ( 5 Cuốn ),79000,79000,0,5.0,1,3,Minh Tâm,Nhà Sách Hồng Ân,Nhà Xuất Bản Hải Phòng,,Bìa mềm,155.0,2017-05-01,NewShop Official,available,1000,True,True,True
20008060,Sách Cách Viết Chữ Thảo,39000,60000,35,5.0,9,35,Zenbooks,Zenbooks,,,Bìa mềm,80.0,2019-06-01,Nhà sách Fahasa,available,1000,True,True,True
19712576,Sách Thế Giới Muôn Màu - Các Bước Vẽ Cơ Bản,61900,88000,30,4.8,9,102,Kasia Dudziuck,Tân Việt,Nhà Xuất Bản Mỹ Thuật,,Bìa mềm,96.0,2019-05-01,Tiki Trading,available,1000,False,True,True
19401266,Sách Dạo Chơi Cùng Hoa Quả - Trứng Lăn Tròn,28900,39000,26,5.0,1,14,Kazuhiko Toyota,Thái Hà,,,Bìa mềm,26.0,2019-06-01,Tiki Trading,available,1000,False,True,True
6641403,Sách Hành Trang Cho Bé Vào Lớp 1 - Vở Bé Tập Viết - Dành Cho Trẻ 5- 6- Tuổi - Quyển 1 - Tái Bản,12300,15000,18,4.6,37,329,Lê Hồng Đăng - Lê Thị Ngọc Ánh,Minh Long,,,Bìa mềm,36.0,,Nhà sách Fahasa,available,1000,True,True,True
418927,Sách Dán Hình Sáng Tạo Trang Phục Búp Bê - Trang Phục Các Nước 2,53400,69000,23,5.0,6,255,,Đinh Tị,,,Bìa mềm,24.0,2014-09-20,Tiki Trading,available,1000,True,True,True
418926,Sách Dán Hình Sáng Tạo Trang Phục Búp Bê - Giáng Sinh Hạnh Phúc,65500,69000,5,4.7,6,36,,Đinh Tị,,,Bìa mềm,24.0,2014-09-20,Nhà sách Fahasa,available,1000,True,True,True
417823,Sách Cổ Tích Tô Màu Công Chúa - Cô Bé Quàng Khăn Đỏ,16000,16000,0,5.0,2,14,.,Công Ty Cổ Phần Văn Hóa Đông A,,,Bìa mềm,16.0,2014-11-21,Nhà sách Fahasa,available,1000,True,True,True
410073,Sách Dán Hình Thông Minh (Dành Cho Các Bé Từ 3 Đến 6 Tuổi) - Tập 4,53100,59000,10,5.0,10,68,Nhóm tác giả,Công Ty Cổ Phần Văn Hóa Đông A,NXB Dân Trí,,Bìa mềm,24.0,2014-08-15,Cá Chép Bookstore,available,1000,True,True,True
279132607,Sách - Hành Trang Cho Bé Vào Lớp 1 - Tập Viết Nét Cơ Bản,24700,26000,5,0.0,0,0,nhieu tac gia,Fahasa,Nhà Xuất Bản Phụ Nữ Việt Nam,,Bìa mềm,,2023-12-21,Nhà sách Fahasa,available,1000,True,True,True
279131741,Sách - Tô Màu Coco Wyo - Những Niềm Vui Nhỏ Bé,67900,79000,14,0.0,0,1,nhieu tac gia,Đinh Tị,Nhà Xuất Bản Tri Thức,,Bìa mềm,,2023-12-21,Nhà sách Fahasa,available,1000,True,True,True
279056045,Sách Nhật Ký Công Chúa Nhỏ Đa Tài,44000,55000,20,0.0,0,0,Namei,Bean Books,Nhà Xuất Bản Phụ Nữ Việt Nam,,Bìa mềm,20.0,,Tiki Trading,available,1000,False,True,True
278966912,Sách - Flashcard - Bộ Thẻ Học Ghép Vần Tiếng Việt - Chữ Cái-Chữ Ghép Và Dấu Thanh (Tái Bản 2025),38000,40000,5,0.0,0,0,nhieu tac gia,Cty TNHH TM&DV VH GD Phía Nam,Nhà Xuất Bản Đồng Nai,,Bìa mềm,,2023-12-21,Nhà sách Fahasa,available,1000,True,True,True
278878043,Sách - Bé Tô Màu Và Dán Hình - Dành cho bé 2-6 tuổi - ndbooks,40000,50000,20,0.0,0,2,nhieu tac gia,CÔNG TY TNHH THƯƠNG MẠI SÁCH NHÂN DÂN,Nhà Xuất Bản Phụ Nữ Việt Nam,,Bìa mềm,12.0,,SÁCH NHÂN DÂN - ndbooks,available,1000,True,True,True
278715723,Sách - Vui Học Toán - Nhìn Tranh Hoàn Thành Phép Tính,62500,68000,8,0.0,0,0,nhieu tac gia,Công ty cổ phẩn Xuất bản và Giáo dục Vizi,Nhà Xuất Bản Phụ Nữ Việt Nam,,Bìa mềm,,2023-12-21,Nhà sách Fahasa,available,1000,True,True,True
278712941,Sách - Flashcard Dạy Trẻ Theo Phương Pháp Glenn Doman - Cờ Các Quốc Gia Trên Thế Giới,51300,59000,13,0.0,0,0,The Candy,MCBOOKS,Nhà Xuất Bản Hồng Đức,,Bìa mềm,,2023-12-21,Nhà sách Fahasa,available,1000,True,True,True
278159575,Sách Bé Tập Tô Màu- Màu sắc,24000,35000,31,0.0,0,6,Minh Thư,Tân Việt,Nhà Xuất Bản Mỹ Thuật,,Bìa mềm,47.0,,Tiki Trading,available,1000,False,True,True
278158772,Sách Dạo chơi cùng Toán học -Trò chơi dán giấy,31200,50000,38,0.0,0,1,Minh Long,Minh Long,Nhà Xuất Bản Mỹ Thuật,,Bìa mềm,28.0,,Tiki Trading,available,1000,True,True,True
278153683,Sách - Bộ Sách Cầu Vồng Trẻ Thơ - Dành Cho Trẻ 3-4 Tuổi (Bộ 3 Quyển),66900,69000,3,0.0,0,1,nhieu tac gia,CÔNG TY TNHH EDUCATION SOLUTIONS VIỆT NAM,Nhà Xuất Bản Đại Học Huế,,Bìa mềm,,2023-12-21,Nhà sách Fahasa,available,1000,True,True,True
278153549,Sách - Cầu Vồng Trẻ Thơ - Tạo Hình Sáng Tạo - Dành Cho Trẻ 3-4 Tuổi,24000,24000,0,0.0,0,0,,CÔNG TY TNHH EDUCATION SOLUTIONS VIỆT NAM,Nhà Xuất Bản Đại Học Huế,,Bìa mềm,,2023-12-21,Nhà sách Fahasa,available,1000,True,True,True
277984514,Dán Hình Và Tô Màu IQ-EQ-CQ - Chibi Girl - Tô Màu Bé Gái,29000,32000,9,0.0,0,0,Louis Ben,Cty Văn Hóa Việt Thư,Nhà Xuất Bản Phụ Nữ,,Bìa mềm,19.0,,Nhân Văn,available,1000,True,True,True
277834499,Combo 101 Từ Đầu Tiên Cho Bé - 101 First Words (6 Cuốn),342000,360000,5,0.0,0,0,,Tinh Hoa,Nhiều Nhà Xuất Bản,,Bìa mềm,,,Tinh Hoa,available,1000,True,True,True
277827537,Combo Dán Giấy Công Chúa (4 Cuốn),102600,108000,5,0.0,0,0,,Tinh Hoa,Nhiều Nhà Xuất Bản,,Bìa mềm,,,Tinh Hoa,available,1000,True,True,True
277463510,Bộ Sách Hình Dán Sticker Và Tô Màu,16320,24000,32,0.0,0,0,Trần Ngọc Bảo Hân,Công Ty CP Văn Hóa Nhân Văn,Nhà Xuất Bản Thanh Hoá,,Bìa mềm,20.0,,Nhân Văn,available,1000,True,True,True
276251679,Sách Tô màu khám phá - Hồ nước trong xanh,24000,29000,17,0.0,0,0,Little Rainbow,Megabook,Nhà Xuất Bản Thanh Niên,,Bìa mềm,,,Tiki Trading,available,1000,False,True,True
276077015,Tớ Có Nuôi Một Chú Mèo Cam (MEGA),68000,68000,0,0.0,0,0,Little Rainbow,Megabooks,Nhà Xuất Bản Thanh Niên,,Bìa mềm,64.0,,NewShop Official,available,1000,True,True,True
275849387,Combo Tô màu diệu kỳ (7 cuốn),179000,224000,20,0.0,0,4,Little Rainbow,Megabook,Nhà Xuất Bản Thanh Niên,,Bìa mềm,,,Tiki Trading,available,1000,False,True,True
275707230,Sách Bé tập làm họa sĩ - Tập vẽ phương tiện giao thông B40,25000,40000,38,0.0,0,15,"Trâu Nhạc, Trịnh Hủy",Minh Long,Nhà Xuất Bản Mỹ Thuật,,Bìa mềm,40.0,,Tiki Trading,available,1000,True,True,True
274895415,Sách Sáng Tạo Thời Trang - MEGA,48000,48000,0,0.0,0,0,"Beijing Little Red Flower Studio, Little Rainbow",Megabooks,Nhà Xuất Bản Thanh Niên,,Bìa mềm,,,NewShop Official,available,1000,True,True,True
263104479,Bé Tô Màu Sáng Tạo - Nối Số Tô Màu 1,31300,32000,2,0.0,0,3,"Minh Thùy,  Đinh Huỳnh",Cty Văn Hóa & Truyền Thông Liên Việt,Nhà Xuất Bản Phụ Nữ Việt Nam,,,,,Nhà sách Fahasa,available,1000,True,True,True
262860188,Sách Vở luyện viết hạ cỡ chữ - chữ ô li nhỏ. Quyển 3: Vần,23000,29000,21,5.0,1,24,Starkids,Megabook,Nhà Xuất Bản Thanh Niên,,Bìa mềm,32.0,2023-06-01,Tiki Trading,available,1000,False,True,True
262338121,Tô Màu Theo Số - Kỳ Lân,19800,20000,1,0.0,0,1,Award,NXB Trẻ,NXB Trẻ,,,,,Nhà sách Fahasa,available,1000,True,True,True
262043925,Trí Tuệ Đám Đông - Vì Sao Đa Số Thông Minh Hơn Thiểu Số,230400,240000,4,0.0,0,1,,NXB Tri Thức,Nhà Xuất Bản Tri Thức,,Bìa mềm,536.0,2023-05-15,TYMBooks,available,1000,True,True,True
249938223,Sách - Bé Tập Làm Quen Với Toán 5 - 6 Tuổi,15000,15000,0,0.0,0,0,nhieu tac gia,Nhà Sách Hồng Ân,Nhà Xuất Bản Dân Trí,,Bìa mềm,120.0,,Nhà sách Khánh Linh 2,available,1000,True,True,True
249032810,Tô Màu Rèn Trí Thông Minh Tập 4 - Vanlangbooks,36900,45000,18,0.0,0,0,Education Lab,VanLangBooks,Nhà Xuất Bản Hồng Đức,,Bìa mềm,32.0,2021-03-23,Văn Lang Official Store,available,1000,True,True,True
248267231,"Sách Dán Hình Thông Minh - Chữ Số, Màu Sắc, Hình Dạng Đầu Tiên Của Bé",119000,119000,0,0.0,0,0,,Tân Việt,Nhà Xuất Bản Mỹ Thuật,,Bìa mềm,48.0,2023-03-20,Tazano Official Store,available,1000,True,True,True
206874068,"Combo Vở Ô Ly Tập Tô - Dành Cho Bé Chuẩn Bị Vào Lớp 1: Chữ Số, Các Nét Cơ Bản, Chữ Cái Viết Thường, Chữ Cái Viết Hoa (Bộ 4 Cuốn)_ABB ",50000,50000,0,5.0,1,15,,ABBOOKS,,,Bìa mềm,,,NewShop Official,available,1000,True,True,True
205697191,Tô Màu Khám Phá Thế Giới - Những Người Lính Cứu Hỏa,19000,19000,0,0.0,0,0,nhieu tac gia,Nhà Xuất Bản Thanh Niên,Nhà Xuất Bản Thanh Niên,,Bìa mềm,32.0,,Nhà Sách Phương Nam,available,1000,True,True,True
150956757,Combo 8 cuốn Túi tô màu Tập làm họa sĩ nhí,84000,84000,0,5.0,75,744,,CÔNG TY TNHH IN VÀ TM TUẤN VIỆT,Nhà Xuất Bản Mỹ Thuật,,Bìa mềm,16.0,,TUANVIET BOOKS Official Store,available,1000,True,True,True
136482533,Sách Vẽ Theo Phong Cách Kawaii Với 5 Bước Đơn Giản - Thế Giới Động Vật,59000,59000,0,0.0,0,3,Lulu Mayo,Phương Nam Book,Nhà Xuất Bản Thanh Niên,,Bìa mềm,64.0,,Bamboo Books,available,1000,True,True,True
74342180,Arty Mouse - Những Người Bạn (Sách Viết Và Xóa Được)(Học Tập Đầu Đời Thông Qua Mỹ Thuật),30150,45000,33,4.7,14,130,Mandy Stanley,Zenbooks,Nhà Xuất Bản Đà Nẵng,,Bìa mềm,28.0,2020-11-24,Tiki Trading,available,1000,False,True,True
59202395,Sách Tô Màu Phương Tiện Giao Thông - Siêu Xe Cực Ngầu - Super Cool Super Cars,20000,20000,0,0.0,0,0,Phùng Nga,Đinh Tị,Nhà Xuất Bản Hà Nội,,Bìa mềm,18.0,,Nhà sách Fahasa,available,1000,True,True,True
21031343,Sách Pony Tô Màu Và Các Trò Chơi - Tập 1,23800,28000,15,5.0,8,61,.,Tân Việt,,,Bìa mềm,40.0,2019-06-01,Nhà sách Fahasa,available,1000,True,True,True
2802023,Sách 200 Miếng Bóc Dán Thông Minh - Đồ Chơi Của Bé (2-6 Tuổi) (Tái Bản 2018),49500,55000,10,4.7,3,39,Ngọc Linh,Đinh Tị,,,Bìa mềm,,,Nhà sách Fahasa,available,1000,True,True,True
2732719,Sách 200 Miếng Bóc Dán Thông Minh - Phương Tiện Giao Thông (Tái Bản 2018),52200,55000,5,5.0,14,98,Nhiều tác giả,Đinh Tị,,,Bìa mềm,,2018-06-22,Nhà sách Fahasa,available,1000,True,True,True
505370,Sách Copy Colour Tập 8,8960,15000,40,0.0,0,0,Trần Ngọc Minh Khuê,Công Ty CP Văn Hóa Nhân Văn,,,Bìa mềm,,2015-12-30,Nhân Văn,available,1000,True,True,True
410072,Sách Dán Hình Thông Minh (Dành Cho Các Bé Từ 3 Đến 6 Tuổi) - Tập 2,56000,59000,5,4.0,4,97,Nhóm tác giả,Công Ty Cổ Phần Văn Hóa Đông A,,,Bìa mềm,24.0,2014-08-15,Nhà sách Fahasa,available,1000,True,True,True
410068,Sách Dán Hình Thông Minh (Dành Cho Các Bé Từ 3 Đến 6 Tuổi) - Tập 3,56000,59000,5,5.0,7,70,Nhóm tác giả,Công Ty Cổ Phần Văn Hóa Đông A,,,Bìa mềm,24.0,2014-08-15,Nhà sách Fahasa,available,1000,True,True,True
370669,Sách Em Mơ Làm... (Bộ 4 Tập),45000,50000,10,0.0,0,1,Fleurus,Công Ty Cổ Phần Văn Hóa Đông A,,,Bìa mềm,16.0,2013-05-31,Cá Chép Bookstore,available,1000,True,True,True
279167385,Sách cho bé - Tô Màu Tết Vui - Cuốn sách tô màu lễ tết đầu tiên của tớ - Sách thơ và tô màu,44160,48000,8,0.0,0,0,"Lục Bích, Đặng Trang, Tú Uyên",Vizibook,Nhà Xuất Bản Phụ Nữ Việt Nam,,Bìa mềm,40.0,2026-01-19,Vizibook,available,1000,True,True,True
279005570,"Sách - Jadoo Luyện Viết Chữ, Nhớ Từ Vựng Tiếng Anh (Tập 1-5)",79000,79000,0,0.0,0,0,1980 Edu,1980 Books,Nhà Xuất Bản Dân Trí,,Bìa mềm,3644.0,,1980 BOOKS HCM,available,1000,True,True,True
278967367,Sách - Rèn Luyện Tư Duy Tiền Tiểu Học - Suy Luận Tài Ba - Cho Trẻ 5-6 Tuổi,45600,48000,5,0.0,0,1,nhieu tac gia,Nhà sách Minh Thắng,Nhiều Nhà Xuất Bản,,Bìa mềm,,2023-12-21,Nhà sách Fahasa,available,1000,True,True,True
278890512,Sách - Dán hình Công Chúa Thiên Thần - Princess Sticker - Ndbooks,80000,100000,20,0.0,0,0,nhieu tac gia,CÔNG TY TNHH THƯƠNG MẠI SÁCH NHÂN DÂN,Nhà Xuất Bản Phụ Nữ Việt Nam,,Bìa mềm,,,SÁCH NHÂN DÂN - ndbooks,available,1000,True,True,True
278844194,Combo 3 Cuốn Sách Tô Màu Chữa Lành - Tặng 1 Lịch Để Bàn Tô Màu + 1 Lịch Mini Ngẫu Nhiên Kèm Sticker Xinh Xắn 2026 - ABBOOKS,222000,222000,0,0.0,0,0,nhieu tac gia,Công Ty TNHH TM & DV Văn Hóa Giáo Dục Phía Nam,Nhà Xuất Bản Đồng Nai,,Bìa mềm,96.0,,NHÀ SÁCH ABBOOKS,available,1000,True,True,True
278830685,Sách - Rèn Luyện Tư Duy Tiền Tiểu Học - Cao Thủ Hình Học - Cho Trẻ 5-6 Tuổi,40800,48000,15,0.0,0,0,nhieu tac gia,Nhà sách Minh Thắng,Nhà Xuất Bản Phụ Nữ Việt Nam,,Bìa mềm,,2023-12-21,Nhà sách Fahasa,available,1000,True,True,True
278776532,Sách Tô Màu Thiếu Nhi - Một Triệu Chú Gấu - Triệu Thứ Dưới Đáy Sâu - Nhiều Chủ Đề,60000,60000,0,0.0,0,0,Lulu Mayo,Đinh Tị,Nhà Xuất Bản Văn Học,,Bìa mềm,64.0,,Nhân Văn,available,1000,True,True,True
278712815,Sách - Thẻ Học Thông Minh Cho Bé Vào Lớp 1 - Chữ Cái Tiếng Việt 2 (Tái Bản 2025),34000,40000,15,0.0,0,0,Như Lê,Tân Việt,nxb my thuat,,Bìa mềm,,2023-12-21,Nhà sách Fahasa,available,1000,True,True,True
278241064,Sách Tô màu diệu kỳ,27000,32000,16,0.0,0,1,Little Rainbow,Megabook,Nhà Xuất Bản Thanh Niên,,Bìa mềm,24.0,,Tiki Trading,available,1000,False,True,True
278158526,Sách Tô Màu Cổ Tích,26600,28000,5,0.0,0,5,Little Red Flower,NXB Kim Đồng,Nhà Xuất Bản Kim Đồng,,Bìa mềm,16.0,,Tiki Trading,available,1000,False,True,True
278153719,Sách - Bộ Sách Cầu Vồng Trẻ Thơ - Dành Cho Trẻ 24-36 Tháng Tuổi (Bộ 3 Quyển),56400,57000,1,0.0,0,1,nhieu tac gia,CÔNG TY TNHH EDUCATION SOLUTIONS VIỆT NAM,Nhà Xuất Bản Đại Học Huế,,Bìa mềm,,2023-12-21,Nhà sách Fahasa,available,1000,True,True,True
278153547,Sách - Bộ Sách Nối Số Và Tô Màu - Song Ngữ Anh-Việt (Bộ 4 Cuốn),106200,128000,17,0.0,0,0,Phan Minh Đạo,Cty Văn Hóa Việt Thư,Nhà Xuất Bản Phụ Nữ Việt Nam,,Bìa mềm,,2023-12-21,Nhà sách Fahasa,available,1000,True,True,True
277045499,Sách- Combo 8 cuốn sách Tự Xoá Thông Minh cho bé (Tặng kèm bút),240000,320000,25,0.0,0,1,Phạm Thị Thanh,CÔNG TY TNHH IN VÀ TM TUẤN VIỆT,Nhà Xuất Bản Hà Nội,,Bìa cứng,32.0,,Xưởng in sách mầm non,available,1000,True,True,True
277043456,Sách- Bé Vẽ như thế nào (Sách dạy vẽ bằng vở caro giúp bé vẽ đẹp - Các bước vẽ cơ bản),72000,90000,20,0.0,0,1,Hà Phương,CÔNG TY TNHH IN VÀ TM TUẤN VIỆT,Nhà Xuất Bản Hà Nội,,Bìa cứng,160.0,,Xưởng in sách mầm non,available,1000,True,True,True
276621165,Sách - Bộ Tô màu phát triển não bộ cho bé 1-5 tuổi (10 tập) (Nhã Nam HCM),14080,16000,12,0.0,0,0,Phạm Ngọc Điệp,Nhã Nam,Nhà Xuất Bản Dân Trí,,Bìa mềm,20.0,2022-09-01,Nhã Nam HCM,available,1000,True,True,True
276610186,Sách - Color Cut & Stick - ndbooks,96000,120000,20,0.0,0,0,,CÔNG TY TNHH THƯƠNG MẠI SÁCH NHÂN DÂN,Nhà Xuất Bản Thanh Niên,,Bìa mềm,,,SÁCH NHÂN DÂN - ndbooks,available,1000,True,True,True
276556002,Tô Màu Thú Cưng,7690,12000,36,0.0,0,8,Trần Ngọc Bảo Hân,Công Ty CP Văn Hóa Nhân Văn,Nhà Xuất Bản Tổng Hợp Đồng Nai,,Bìa mềm,16.0,,Nhân Văn,available,1000,True,True,True
276382676,Sách Tô Màu Chữa Lành - Ở Tiệm Bánh Mùa Thu - AZ,115000,115000,0,0.0,0,0,Múc,Skybook,Nhà Xuất Bản Dân Trí,,Bìa mềm,106.0,,Bamboo Books,available,1000,True,True,True
275738098,Sách- Chuẩn Bị Cho Bé Vào Lớp 1- Làm Quen Toán Học (Tái Bản 2024),14450,17000,15,0.0,0,0,Thanh Hoài,Công Ty Cổ Phần Văn Hóa Huy Hoàng,Nhà Xuất Bản Mỹ Thuật,,Bìa mềm,32.0,2024-07-25,2HBooks,available,1000,True,True,True
273341114,Chuẩn Bị Cho Bé Vào Lớp 1 - Dành Cho Bé 4-5 Tuổi - Tập Viết Nét Cơ Bản,10000,10000,0,0.0,0,3,,Cty TNHH TM&DV VH GD Phía Nam,,,,,,Nhà sách Fahasa,available,1000,True,True,True
271038516,"Sách - Cắt, gấp, tô màu - Hơn 20 hình dán và sticker rèn luyện kỹ năng cho trẻ 3 - 9 tuổi - Bộ 3 cuốn - Đinh Tị Books",46900,48000,2,0.0,0,17,,Đinh Tị,Nhà Xuất Bản Thanh Niên,,Bìa mềm,32.0,,Mộc Nhiên Kids Store,available,1000,True,True,True
270712523,Hình Dán Thú Vị Rèn Trí Thông Minh - Trò Chơi Tư Duy,32000,32000,0,0.0,0,0,,NXB Thanh Niên,Nhà Xuất Bản Thanh Niên,,Bìa mềm,16.0,,Nhà Sách Phương Nam,available,1000,True,True,True
270107337,368 Bóc Dán Sticker - Hình Dán Trang Phục Công Chúa - Quyển 2 - Dịu Dàng,41600,52000,20,0.0,0,1,Minh Khuê,Cty Văn Hóa Nhân Văn,Nhà Xuất Bản Đồng Nai,,,,,Nhà sách Fahasa,available,1000,True,True,True
206145376,Chuẩn Bị Cho Bé Vào Lớp 1 - Bé Vui Học Toán - Quyển 1 (Tái Bản),11200,14000,20,0.0,0,3,Trần Ngọc Bảo Hân,Cty Văn Hóa Nhân Văn,Nhà Xuất Bản Đồng Nai,,,,,Nhà sách Fahasa,available,1000,True,True,True
205802193,2000 Hình Dán Trang Phục Công Chúa - Công Chúa Phép Thuật (Tái Bản 2022),84100,99000,15,0.0,0,0,Muyuwenhua,Nhà sách Minh Thắng,NXB Dân Trí,,,,,Nhà sách Fahasa,available,1000,True,True,True
204771712,Sách Bé tô màu - Động vật nuôi,11000,15000,27,5.0,1,65,Kim Thủy,Huy Hoàng Bookstore,Nhà Xuất Bản Mỹ Thuật,,Bìa mềm,16.0,2022-12-07,Tiki Trading,available,1000,False,True,True
194451796,Dán Hình Siêu Đáng Yêu - Khu Rừng,49400,52000,5,0.0,0,1,Hemma,Đinh Tị,nxb thanh nien,,,,,Nhà sách Fahasa,available,1000,True,True,True
192948924,Dot To Dot Color - The Rest Of The Picture - Nối Số Và Tô Màu 3,12300,13000,5,0.0,0,0,,Cty Sách Văn Chương,Nhà Xuất Bản Văn Học,,,,,Chính Thông,available,1000,True,True,True
177703743,Chuẩn Bị Cho Bé Vào Lớp 1 - Vở Tập Tô - Nét Cơ Bản,14000,14000,0,0.0,0,0,,Cty TNHH TM&DV VH GD Phía Nam,Nhà Xuất Bản Đồng Nai,,,,,Nhà sách Fahasa,available,1000,True,True,True
176229366,Combo Luyện Viết Chữ Đẹp ( Theo chương trình mới - hành trang cho bé vào lớp 1),115000,115000,0,5.0,4,18,Lý Văn Quỳnh,Nhà sách Bảo Châu,Nhà Xuất Bản Phụ Nữ,,Bìa mềm,80.0,,Bảo Châu Books,available,1000,True,True,True
174605395," Bước đầu bé tập viết - Viết chữ hoa , chữ thường cỡ nhỏ , theo chương trình mới bé vào lớp 1 ( bộ 3 cuốn )",63250,115000,45,4.7,6,117,Lý Văn Quỳnh,Nhà sách Bảo Châu,Nhà Xuất Bản Phụ Nữ,,Bìa mềm,80.0,,Bảo Châu Books,available,1000,True,True,True
101649311,"Combo IQ Đánh Thức Tiềm Năng Của Trẻ 2-6 Tuổi (Tập 1, Tập 2)",127400,196000,35,0.0,0,2,Bích Nga,Khang Việt Book,Nhà Xuất Bản Văn Học,,Bìa mềm,,,khangvietbook,available,1000,True,True,True
82936901,Barbie Thiết Kế Thời Trang - Phong Cách Thời Thượng,32300,38000,15,0.0,0,2,The Five Mile,Tân Việt,Nhà Xuất Bản Mỹ Thuật,,,,,Nhà sách Fahasa,available,1000,True,True,True
74342176,Arty Mouse - Những Con Số (Sách Viết Và Xóa Được)(Học Tập Đầu Đời Thông Qua Mỹ Thuật),31500,45000,30,4.5,25,188,Mandy Stanley,Zenbooks,Nhà Xuất Bản Đà Nẵng,,Bìa mềm,24.0,2020-11-24,Tiki Trading,available,1000,False,True,True
58729293,Sách Cùng Khủng Long Tập Viết Chữ Cơ Bản - Chữ Cái Tiếng Anh Viết Hoa - Quyển 4 - Sticker Bé Trai,26100,29000,10,0.0,0,15,Runkids,Megabook,Nhà Xuất Bản Thanh Niên,,Bìa mềm,32.0,2019-11-01,Nhà sách Fahasa,available,1000,True,True,True
38110397,Bộ Sách Tô Màu Siêu Xe (Bộ 8 Cuốn),153600,160000,4,5.0,3,36,"., ., ., ., ...",NXB Đại Học Sư Phạm,,,,,,Nhà sách Fahasa,available,1000,True,True,True
4257525,Sách Tay Khéo Tay Xinh - Bé Vẽ Khủng Long,24700,25000,1,0.0,0,2,Christophe Boncens,NXB Trẻ,,,Bìa mềm,28.0,2018-08-01,Nhà sách Fahasa,available,1000,True,True,True
454335,Sách Vừa Học Vừa Chơi - Tớ Là Xe Tải,50000,50000,0,0.0,0,0,Nhóm tác giả,Nhà Xuất Bản Kim Đồng,Nhà Xuất Bản Kim Đồng,,Bìa mềm,,2015-04-22,Happy Kids books,available,1000,True,True,True
437508,Sách Bé Làm Họa Sĩ - Những Nét Vẽ Đầu Tiên (5 - 6 Tuổi) - Quyển B,34200,38000,10,0.0,0,11,,Công Ty Cổ Phần Văn Hóa Đông A,Nhà Xuất Bản Dân Trí,,Bìa mềm,,2015-06-16,Đông A Books Official,available,1000,True,True,True
383739,Sách Tô Màu Nàng Tiên Cá - Tập 2,19800,20000,1,0.0,0,3,,Phan Thị,Nhà Xuất Bản Đại Học Sư Phạm,,Bìa mềm,12.0,2012-12-12,Nhà sách Fahasa,available,1000,True,True,True
278966485,Sách - Màu Của Tết - Kể Chuyện Tết Xưa Tô Màu Tết Nay,47200,59000,20,0.0,0,1,nhieu tac gia,AZ Việt Nam,Nhà Xuất Bản Phụ Nữ Việt Nam,,Bìa mềm,,2023-12-21,Nhà sách Fahasa,available,1000,True,True,True
278715713,Sách - Hành Trang Vào Lớp 1-Đọc Thông Viết Thạo Tiếng Việt Tập Đọc Ghép Và Đánh Vần​​​​​​​,54000,60000,10,0.0,0,1,Vân Hương,Công Ty TNHH Sách và Thiết Bị Giáo Dục ID,nxb thanh nien,,Bìa mềm,,2023-12-21,Nhà sách Fahasa,available,1000,True,True,True
278715373,Sách - Tủ Sách Vui Để Học - Dòng Sách Cầm Tay - Sách Tô Màu - Tô Màu Vào Khoảng Trống,61200,68000,10,0.0,0,2,nhieu tac gia,CÔNG TY TNHH EDUCATION SOLUTIONS VIỆT NAM,Nhà Xuất Bản Phụ Nữ Việt Nam,,Bìa mềm,,2023-12-21,Nhà sách Fahasa,available,1000,True,True,True
278715333,Sách - Hay Vẽ Thì Vẽ Hay - Tập 5 - Biểu Cảm Nhân Vật Sinh Động,23700,25000,5,0.0,0,0,Phan Thị,Cty Phan Thị,Nhà Xuất Bản Văn Học,,Bìa mềm,,2023-12-21,Nhà sách Fahasa,available,1000,True,True,True
278714463,Sách - Hay Vẽ Thì Vẽ Hay - Tập 3 - Nhân Vật Chibi Dễ Thương,23700,25000,5,0.0,0,0,Phan Thị,Cty Phan Thị,Nhà Xuất Bản Văn Học,,Bìa mềm,,2023-12-21,Nhà sách Fahasa,available,1000,True,True,True
278707766,Sách - Series sách tô màu: Tớ là họa sĩ (Nhã Nam HCM),17600,20000,12,0.0,0,0,Thùy Cốm,Nhã Nam,Nhà Xuất Bản Hội Nhà Văn,,Bìa mềm,28.0,2025-10-29,Nhã Nam HCM,available,1000,True,True,True
278616398,Sách - Vở Ô Ly - Tập Tô-Tập Viết Chữ Hoa,24500,25000,2,0.0,0,0,nhieu tac gia,Dn Tư Nhân Thương Mại Toàn Phúc,nxb my thuat,,Bìa mềm,,2023-12-21,Nhà sách Fahasa,available,1000,True,True,True
278526159,200 Stickers - Sách Dán Hình Rèn Luyện Tư Duy Logic - Nhiều Chủ Đề,17680,26000,32,5.0,2,18,nhieu tac gia,Cty Văn Hóa Nhân Văn,oem,,Bìa mềm,10.0,,Nhân Văn,available,1000,True,True,True
278280162,Sách Bóc Dán Tuyệt Đỉnh,46800,59000,21,0.0,0,0,DK,Đinh Tị,Nhà Xuất Bản Thanh Niên,,Bìa mềm,18.0,,Tiki Trading,available,1000,True,True,True
278153048,Sách - Bé Giỏi Toán - Phát Triển Toàn Diện Tư Duy Toán Học - Toán Tư Duy (Dành Cho Bé 3-6 Tuổi),49400,52000,5,0.0,0,2,"Trang Nguyễn,  Nhóm Giáo Viên ĐHSP",Cty TNHH TM&DV VH GD Phía Nam,Nhà Xuất Bản Đồng Nai,,Bìa mềm,,2023-12-21,Nhà sách Fahasa,available,1000,True,True,True
278152988,"Sách - Luyện Viết - Chữ Thường, Chữ Hoa, Cỡ Nhỏ, Theo Nhóm (Dành Cho Học Sinh Tiểu Học)",42700,45000,5,0.0,0,0,Đặng Thị Dung,Dn Tư Nhân Thương Mại Toàn Phúc,Nhà Xuất Bản Đại Học Quốc Gia Hà Nội,,Bìa mềm,,2023-12-21,Nhà sách Fahasa,available,1000,True,True,True
278128750,Sách Tô màu khám phá,19000,29000,34,5.0,4,9,Little Rainbow,Megabook,Nhà Xuất Bản Thanh Niên,,Bìa mềm,,,Tiki Trading,available,1000,False,True,True
276119239,Sách Tô Màu Chữa Lành - Sách Tô Màu - Tấm Thiệp Cảm Xúc (MEGA),48000,48000,0,0.0,0,2,Little Rainbow,Megabooks,Nhà Xuất Bản Thanh Niên,,Bìa mềm,48.0,,NewShop Official,available,1000,True,True,True
275746535,Sách Vở Luyện Viết Mẫu Chữ Nhỏ Một Ô Ly - Luyện Viết Chữ Đẹp Cho Bé,20000,20000,0,5.0,1,4,,Việt Hà,Nhà Xuất Bản Đại Học Quốc Gia Hà Nội,,Bìa mềm,48.0,,NHÀ SÁCH ĐĂNG KHÔI,available,1000,True,True,True
273670780,Tập Viết Chữ Cái Viết Thường,12000,12000,0,5.0,1,7,Chính An,Cty TNHH TM&DV VH GD Phía Nam,Nhà Xuất Bản Đồng Nai,,,,,Nhà sách Fahasa,available,1000,True,True,True
273341140,Chuẩn Bị Cho Bé Vào Lớp 1 - Dành Cho Bé 5-6 Tuổi - Bé Luyện Viết Chữ Thường,10000,10000,0,0.0,0,2,,Cty TNHH TM&DV VH GD Phía Nam,,,,,,Nhà sách Fahasa,available,1000,True,True,True
273341110,Chuẩn Bị Cho Bé Vào Lớp 1 - Dành Cho Bé 4-5 Tuổi - Tập Viết Số Và Chữ,10000,10000,0,0.0,0,5,,Cty TNHH TM&DV VH GD Phía Nam,,,,,,Nhà sách Fahasa,available,1000,True,True,True
270107357,368 Bóc Dán Sticker - Hình Dán Trang Phục Công Chúa - Quyển 1 - Quyến Rũ,41600,52000,20,0.0,0,0,Minh Khuê,Cty Văn Hóa Nhân Văn,Nhà Xuất Bản Đồng Nai,,,,,Nhà sách Fahasa,available,1000,True,True,True
263209830,Vở Luyện Viết Hạ Cỡ Chữ Chữ Ô Li Nhỏ - Quyển 2: Chữ Thường (MEGA),29000,29000,0,0.0,0,3,Starkids,Megabooks,Nhà Xuất Bản Thanh Niên,,Bìa mềm,32.0,,NewShop Official,available,1000,True,True,True
222658846,Combo Con Tô Màu Thám Hiểm (7 cuốn),151000,224000,33,5.0,2,15,Little Rainbow,Megabook,Nhà Xuất Bản Mỹ Thuật,,Bìa mềm,168.0,2022-12-01,Tiki Trading,available,1000,False,True,True
198591703,Sách Tô Màu Bí Mật Tình Yêu - Tái Bản 2022,89000,89000,0,0.0,0,2,An Yo Jeong,Minh Quang Books,Nhà Xuất Bản Hà Nội,,Bìa mềm,72.0,2022-09-27,THBooks,available,1000,True,True,True
197588269,Sách Tô Màu Phát Triển Não Bộ Cho Bé 1-5 Tuổi Tập 9,12320,16000,23,5.0,14,160,Phạm Ngọc Điệp,Nhã Nam,Nhà Xuất Bản Dân Trí,,Bìa mềm,20.0,2022-09-09,Tiki Trading,available,1000,False,True,True
192950751,Tô Màu Barbie Công Chúa - Tập 1,9600,12000,20,0.0,0,1,Trần Ngọc Bảo Hân,Cty Văn Hóa Nhân Văn,Nhà Xuất Bản Đồng Nai,,,,,Nhà sách Fahasa,available,1000,True,True,True
185851650,Em Tập Tô Màu Và Đọc Truyện Kho Tàng Truyện Cổ Dân Gian Việt Nam - Ăn Khế Trả Vàng,12000,12000,0,0.0,0,1,Chính Bình,Cty TNHH TM&DV VH GD Phía Nam,,,,,,Nhà sách Fahasa,available,1000,True,True,True
154862145,500 Mẫu Tô Màu Kích Thích Não Bộ,50000,50000,0,0.0,0,0,,Nhã Nam,NXB Dân Trí,,Bìa mềm,,,HỆ THỐNG NHÀ SÁCH ABC,available,1000,True,True,True
151950558,Phiếu Luyện Toán Tư Duy Cùng Gấu Kiki 4: Tách Gộp Nhóm Số Lượng - Làm Quen Với So Sánh,28800,32000,10,5.0,2,3,Trần Thị Hường,Megabook,Nhà Xuất Bản Thanh Niên,,,,,Nhà sách Fahasa,available,1000,True,True,True
125089582,Giúp bé luyện đọc - Chuẩn bị cho bé tự tin vào lớp 1 - Theo chương trình mới của Bộ GĐ&ĐT,105000,105000,0,5.0,117,797,,CÔNG TY TNHH IN VÀ TM TUẤN VIỆT,Nhà Xuất Bản Hà Nội,,Bìa mềm,,,TUANVIET BOOKS Official Store,available,1000,True,True,True
105664024,Tủ Sách Luyện Chữ Của Bé - Luyện Viết Chữ Cái - Tập 2,11000,11000,0,0.0,0,8,"Thúy Nguyễn, Thùy Nguyễn , Thuỷ Nguyên, Thùy Nguyễn, Thủy Nguyên",Cty Văn Hóa & Truyền Thông Trí Việt.,Nhà Xuất Bản Dân Trí,,,,,Nhà sách Fahasa,available,1000,True,True,True
102807948,Combo 8 cuốn: Bé học IQ (5-6 tuổi),84000,84000,0,5.0,157,911,,Nhà Xuất Bản Hà Nội,Nhà Xuất Bản Hà Nội,,Bìa mềm,16.0,2021-02-03,TUANVIET BOOKS Official Store,available,1000,True,True,True
91833053,Vở Ô Ly Có Chữ Mẫu Luyện Viết Chữ Đẹp - Chữ Viết Thường - Tập 1 (Tái Bản),12000,12000,0,4.8,6,121,"Nhóm Giáo Viên ĐHSP, Chính An",Cty TNHH TM&DV VH GD Phía Nam,Nhà Xuất Bản Đồng Nai,,,,,Nhà sách Fahasa,available,1000,True,True,True
91833039,"Vở Ô Ly Có Chữ Mẫu Luyện Viết Chữ Đẹp - Nét Thanh Nét Đậm, Chữ Viết Hoa - Tập 1 (Tái Bản)",12000,12000,0,5.0,16,102,"Nhóm Giáo Viên ĐHSP, Chính An",Cty TNHH TM&DV VH GD Phía Nam,Nhà Xuất Bản Đồng Nai,,,,,Nhà sách Fahasa,available,1000,True,True,True
86418059,Tô Màu Kỹ Năng Mẫu Giáo - Bé Yêu Môn Thể Thao,8000,10000,20,0.0,0,0,Trần Ngọc Bảo Hân,Cty Văn Hóa Nhân Văn,Nhà Xuất Bản Đồng Nai,,,,,Nhà sách Fahasa,available,1000,True,True,True
76454292,COMBO: Bé Tập Viết Nét Cơ Bản + Bé Tập Viết Chữ Cái + Bé Tập Viết Chữ Ghép - Hành trang cho bé chuẩn bị vào lớp 1 ,46000,46000,0,4.8,25,177,Nguyễn Thị Thúy Hà,Trung Tâm Kinh Doanh Xuất Bản Và Phát Hành Sách,Nhà Xuất Bản Đại Học Quốc Gia Hà Nội,,Bìa mềm,,,HaAnBooks,available,1000,True,True,True
73116944,Combo 20 cuốn - Bé Tô màu - Luyện chữ (Mầm non - Chuẩn bị vào lớp 1),190907,190907,0,4.8,350,1509,,Nhà Xuất Bản Mỹ Thuật,Nhà Xuất Bản Mỹ Thuật,,Bìa mềm,16.0,,TUANVIET BOOKS Official Store,available,1000,True,True,True
16422545,Sách Tô Màu Công Chúa - Tập 4,11200,12500,10,0.0,0,10,.,Đinh Tị,,,Bìa mềm,,2019-05-01,Nhà sách Fahasa,available,1000,True,True,True
10319063,Lại thằng nhóc Emil (Tái bản 2018),109000,109000,0,0.0,0,0,Astrid Lindgren,Nhã Nam,Nhà Xuất Bản Hội Nhà Văn,,Bìa mềm,,,HỆ THỐNG NHÀ SÁCH ABC,available,1000,True,True,True
5490961,Sách Chuẩn bị cho bé vào lớp môt ( Bộ 6 cuốn) - Dành cho bé 4 -5 tuổi,55250,65000,15,0.0,0,4,Lê Tuệ Minh - Lê Thu Ngọc,Minh Long,Nhà Xuất Bản Đại Học Sư Phạm,,Bìa mềm,,,Minh Long Book,available,1000,True,True,True
505349,Sách Copy Colour Tập 6,8960,15000,40,0.0,0,0,Trần Ngọc Minh Khuê,Công Ty CP Văn Hóa Nhân Văn,,,Bìa mềm,,2015-12-30,Nhân Văn,available,1000,True,True,True
417836,Sách Bé Tập Tô Màu (Tập 4) - Dành Cho Trẻ Từ 3 Đến 6 Tuổi,34200,38000,10,5.0,4,79,.,Công Ty Cổ Phần Văn Hóa Đông A,Nhà Xuất Bản Dân Trí,,Bìa mềm,31.0,2014-01-21,Cá Chép Bookstore,available,1000,True,False,True
383741,Sách Tô Màu Nàng Tiên Cá - Tập 4,19800,20000,1,0.0,0,7,,Phan Thị,Nhà Xuất Bản Đại Học Sư Phạm,,Bìa mềm,12.0,2012-12-12,Nhà sách Fahasa,available,1000,True,True,True
278994914,Sách - Sticker Thời Trang Happy Fashion Show Học Viện Thời Trang Cho Bé Thỏa Sức Sáng Tạo - ABBOOKS,86000,86000,0,0.0,0,0,TIỂU TRANH,Công Ty TNHH TM & DV Văn Hóa Giáo Dục Phía Nam,Nhà Xuất Bản Phụ Nữ Việt Nam,,Bìa cứng,32.0,,NHÀ SÁCH ABBOOKS,available,1000,True,True,True
278883298,Sách - Rèn Luyện Tư Duy Tiền Tiểu Học - Thúc Đẩy Sáng Tạo Đột Phá - Cho Trẻ 5-6 Tuổi,40800,48000,15,0.0,0,0,nhieu tac gia,Nhà sách Minh Thắng,Nhà Xuất Bản Phụ Nữ Việt Nam,,Bìa mềm,,2023-12-21,Nhà sách Fahasa,available,1000,True,True,True
278241175,Sách Vẽ Vời Vui Vẻ:,37200,38000,2,0.0,0,0,Nhóm Văn hóa Mộc Ngư,Kim Đồng,Nhà Xuất Bản Kim Đồng,,Bìa mềm,32.0,,Tiki Trading,available,1000,False,True,True
278128783,Sách Hình Dán Ngộ Nghĩnh - Phát Triển Khả Năng Quan Sát,43600,55000,21,0.0,0,2,Nhiều tác giả,Đinh Tị,Nhà Xuất Bản Thanh Niên,,Bìa mềm,20.0,,Tiki Trading,available,1000,True,True,True
277592445,Nối Số Và Tô Màu - Song Ngữ Anh-Việt - Nhiều Chủ Đề,29000,32000,9,0.0,0,0,,Việt Thư,Nhà Xuất Bản Phụ Nữ Việt Nam,,Bìa mềm,20.0,,Nhân Văn,available,1000,True,True,True
277582975,"Tô màu, tập viết và thực hành Đạo Làm Con",47000,55000,15,0.0,0,0,,Công ty TNHH TM & DV Văn Hóa Hương Trang,Nhà Xuất Bản Hồng Đức,,,128.0,,Chính Thông,available,1000,True,True,True
277344193,Thị trấn Baby Three - Sách tô màu Hot trend nhất hiện nay,60600,79000,23,0.0,0,9,Yến - Thành Đạt,Việt Thư,Nhà Xuất Bản Phụ Nữ Việt Nam,,,72.0,,Tiki Trading,available,1000,False,True,True
277172175,Sách- Toán Tiền Tiểu Học Cộng Trừ Trong Phạm Vi 10 (Hành trang cho bé chuẩn bị vào lớp 1),56160,72000,22,0.0,0,0,,CÔNG TY TNHH IN VÀ TM TUẤN VIỆT,Nhà Xuất Bản Hà Nội,,Bìa mềm,88.0,,Xưởng in sách mầm non,available,1000,True,True,True
277171687,"Sách- Combo 4 cuốn sách: Luyện viết 1, Luyện viết 2, Toán, Luyện đọc Tiền Tiểu Học (Hành trang cho bé vào lớp 1)",268000,268000,0,5.0,1,2,,CÔNG TY TNHH IN VÀ TM TUẤN VIỆT,Nhà Xuất Bản Hà Nội,,Bìa mềm,88.0,,Xưởng in sách mầm non,available,1000,True,True,True
275917984,Sách - Combo 6 Cuốn Dán Hình Sticker - Công Viên Khủng Long (VT),234000,234000,0,0.0,0,0,nhieu tac gia,Công Ty TNHH Văn Hóa Việt Thư,Nhà Xuất Bản Phụ Nữ Việt Nam,,,,,Nhà Sách Việt Thư,available,1000,True,True,True
275548417,Sách Tập Tô Sáng Tạo Cùng Wolfoo,31400,49000,36,0.0,0,1,1980Edu (Phương Thư),1980 Books,Nhà Xuất Bản Dân Trí,,Bìa mềm,,,Tiki Trading,available,1000,False,True,True
274783326,Sách - Bé Tô Màu,150000,150000,0,0.0,0,1,,Nhà Sách Hồng Ân,Nhà Xuất Bản Dân Trí,,Bìa mềm,40.0,,Khanhlinhbook,available,1000,True,True,True
274418772,Bé tô màu: Khám phá Châu Phi hoang dã (20+ hình dán sticker),24700,26000,5,0.0,0,0,nhieu tac gia,Cty Văn Hóa Việt Thư,Nhà Xuất Bản Phụ Nữ Việt Nam,,Bìa mềm,,,Chính Thông,available,1000,True,True,True
274360689,Sách Sáng Tạo Thời Trang - Thời Trang Cho Búp Bê,44600,48000,7,0.0,0,1,Beijing Little Red Flower Studio,Megabook,nxb thanh nien,,,,,Nhà sách Fahasa,available,1000,True,True,True
271516195,Sách Bé Luyện Viết Chữ Đẹp,22800,24000,5,0.0,0,12,"Hiếu Minh, Vũ Thị Thùy",Kim Đồng,Nhà Xuất Bản Kim Đồng,,Bìa mềm,36.0,2023-08-24,Tiki Trading,available,1000,False,True,True
271315550,Sách Hành Trang Vào Lớp 1: Tập Viết - Tập 3,19600,20000,2,5.0,1,12,"Hiếu Minh, Tịnh Lâm",Nhà Xuất Bản Kim Đồng,Nhà Xuất Bản Kim Đồng,,Bìa mềm,160.0,2023-08-10,Tiki Trading,available,1000,False,True,True
262890901,VỞ Ô LI CÓ MẪU CHỮ LỚP 1 QUYỂN 2,18000,20000,10,0.0,0,0,Dương Linh,Huy Hoàng Bookstore,Nhà Xuất Bản Mỹ Thuật,,Bìa mềm,48.0,,Văn Lang Official Store,available,1000,True,True,True
251773366,Bé Đọc Thơ - Tập Viết - Tô Màu (Đồ Vật),10200,12000,15,0.0,0,0,,Nhà xuất bản Tổng hợp TP.HCM ,Nhà Xuất Bản Tổng hợp TP.HCM,,,,,NXB TỔNG HỢP,available,1000,True,True,True
247723497,Sách - Vở ô li có chữ viết mẫu lớp 2 - Theo chương trình sách giáo khoa chân trời sáng tạo,28000,28000,0,0.0,0,0,Hoàng Hải Vân,Trí Việt,Nhà Xuất Bản Đồng Nai,,,,,VĂN PHÒNG PHẨM ĐỒ CHƠI VŨ DUYÊN,available,1000,True,True,True
228984873,Sách Tô Màu Ngộ Nghĩnh – Đinh Tị (Nhiều chủ đề cho bé 3 - 6 tuổi),19000,19000,0,0.0,0,27,Carotte et Compagnie,Đinh Tị,Nhà Xuất Bản Thanh Niên,,Bìa mềm,24.0,,KN Toys Shop,available,1000,True,True,True
221710369,Tô Màu Diệu Kỳ - Cô Tiên Xinh (MEGA),32000,32000,0,5.0,1,2,Little Rainbow,Megabooks,Nhà Xuất Bản Thanh Niên,,Bìa mềm,24.0,,NewShop Official,available,1000,True,True,True
212326027,Bóc Dán Cổ Tích - Truyện Cổ Tích Về Các Nàng Công Chúa,75000,75000,0,0.0,0,0,Quách tỉnh,NXB Kim Đồng,Nhà Xuất Bản Kim Đồng,,Bìa mềm,32.0,,Bamboo Books,available,1000,True,True,True
212323636,300 Miếng Bóc Dán Thông Minh - Phát Triển Tư Duy,30000,30000,0,0.0,0,1,Ưu Ưu Thử,NXB Thanh Niên,Nhà Xuất Bản Thanh Niên,,Bìa mềm,20.0,,Nhà Sách Phương Nam,available,1000,True,True,True
205808609,Sticker Thần Kỳ Phát Triển EQ Cảm Xúc 2-4 Tuổi,46000,46000,0,0.0,0,1,Bông Hoa Đỏ Bangson,Nhà xuất bản Phụ Nữ,Nhà Xuất Bản Phụ Nữ,,Bìa mềm,16.0,,Nhà Sách Phương Nam,available,1000,True,False,True
205807417,Sách Bóc Dán Dành Cho Bé Gái - Những Nàng Công Chúa Xinh Xắn,55000,55000,0,0.0,0,0,nhieu tac gia,Nhà Xuất Bản Hà Nội,Nhà Xuất Bản Hà Nội,,Bìa mềm,16.0,,Nhà Sách Phương Nam,available,1000,True,True,True
205697139,Tô Màu Ngộ Nghĩnh - Đại Dương,19000,19000,0,0.0,0,1,Carotte et Compagnie,Nhà Xuất Bản Thanh Niên,Nhà Xuất Bản Thanh Niên,,Bìa mềm,24.0,,Nhà Sách Phương Nam,available,1000,True,True,True
201687276,Sách VẼ VẠN VẬT TỪ NHỮNG NÉT ĐƠN GIẢN - Vẽ cuộc sống mến thương,50310,78000,36,4.0,1,21,Mo Rong Yin Dao,Nhã Nam,Nhà Xuất Bản Dân Trí,,Bìa mềm,300.0,2022-10-01,Tiki Trading,available,1000,False,True,True
146273327,Cùng Bé Bước Vào Lớp 1 - Bé Tập Tô Chữ Cái - Quyển 1,11800,12000,2,5.0,1,3,Vân Hương,Tân Việt,Nhà Xuất Bản Mỹ Thuật,,,,,Nhà sách Fahasa,available,1000,True,True,True
113634131,Sách : Combo Chuẩn Bị Cho bé Vào Lớp 1 ( Túi 5 Cuốn +Tặng 1 Cây Viết Chì +1 Gôm + 1 Chuốt),72000,72000,0,0.0,0,1,Lê Tuệ Minh - Lê Thu Ngọc,Minh Long,Nhà Xuất Bản Mỹ Thuật,,Bìa mềm,184.0,2018-07-01,Nhà Sách Vĩnh Thụy,available,1000,True,True,True
91833050,Vở Ô Ly Có Chữ Mẫu Luyện Viết Chữ Đẹp - Chữ Viết Thường - Tập 2 (Tái Bản),12000,12000,0,5.0,8,86,"Nhóm Giáo Viên ĐHSP, Chính An",Cty TNHH TM&DV VH GD Phía Nam,Nhà Xuất Bản Đồng Nai,,,,,Nhà sách Fahasa,available,1000,True,True,True
55422179,Bộ Sách Hello Kitty - Bộ Sưu Tập 1000 Đề Can (Bộ 4 Cuốn),160000,160000,0,5.0,1,1,Nhiều tác giả,Tân Việt,Nhà Xuất Bản Mỹ Thuật,,,,,NHBook,available,1000,True,True,True
54997677,Sách Bộ 4 Cuốn Helokitty: Bộ Sưu Tập 1000 Đề Can,160000,160000,0,0.0,0,0,.,Tân Việt,Nhà Xuất Bản Mỹ Thuật,,Bìa mềm,,,NHBook,available,1000,True,True,True
51348628,Bé Tô Màu Chú Bộ Đội,12000,12000,0,5.0,1,17,"Quang Minh, Quang Minh",Cty TNHH TM&DV VH GD Phía Nam,,,,,,Nhà sách Fahasa,available,1000,True,True,True
25000342,Bộ Sách Tô Màu Thú Vị 2 (Bộ 5 Cuốn),80700,95000,15,5.0,3,36,Nhiều tác giả,Tân Việt,,,,,,Nhà sách Fahasa,available,1000,True,True,True
11247900,"Combo Rèn Kĩ Năng Viết Chữ Cái Và Chữ Ghép Quyển 1, 2 ,3 Và Bé Học Toán (tặng kèm 1 tờ sticker dán ngôi sao 36 hình)",63000,63000,0,4.7,3,56,Nguyễn Thị Thu Hà,Liên kết với tác giả,Tiki Tổng Hợp,,Bìa mềm,44.0,2018-03-03,trungthanh2018,available,1000,True,True,True
651409,Combo Hello Kitty - Bộ Sưu Tập 1000 Đề Can (Bộ 4 Quyển),160000,160000,0,0.0,0,0,.,Tân Việt,Nhà Xuất Bản Mỹ Thuật,,Bìa mềm,,2017-02-03,NHBook,available,1000,True,True,True
417847,Sách Dán Hình Sáng Tạo - Quyển 2,29000,29000,0,0.0,0,0,Jordi Busquets,Công Ty Cổ Phần Văn Hóa Đông A,Nhà Xuất Bản Dân Trí,,Bìa mềm,10.0,2014-08-21,Nhà Sách Vĩnh Thụy,available,1000,True,True,True
417837,Sách Bé Tập Tô Màu (Tập 2) - Dành Cho Trẻ Từ 3 Đến 6 Tuổi,34200,38000,10,5.0,15,92,.,Công Ty Cổ Phần Văn Hóa Đông A,Nhà Xuất Bản Dân Trí,,Bìa mềm,31.0,2014-01-21,Cá Chép Bookstore,available,1000,True,False,True
370679,Sách Bé Gái (4 Tập),42500,50000,15,0.0,0,0,Fleurus,Công Ty Cổ Phần Văn Hóa Đông A,,,Bìa mềm,16.0,2013-07-31,Nhà sách Fahasa,available,1000,True,True,True
365847,Sách Em Tập Gấp Hình - 3 - 4 Tuổi - Quyển Cơ Bản,48000,48000,0,0.0,0,0,.,Công Ty Cổ Phần Văn Hóa Đông A,Nhà Xuất Bản Dân Trí,,Bìa mềm,24.0,2012-11-28,Nhà Sách Vĩnh Thụy,available,1000,True,True,True
279273336,Hình Dán Stickers - 100 Stickers Vương Quốc Khủng Long - Tập 1 Đến Tập 4,27300,39000,30,5.0,1,11,Thanh Vân,Cty Văn Hóa Nhân Văn,Nhà Xuất Bản Đồng Nai,,Bìa mềm,16.0,,Nhân Văn,available,1000,True,True,True
279133488,Sách - Thẻ Học Thông Minh Giúp Trẻ Nhận Biết Và Ghi Nhớ Từ Vựng - Hình Ảnh - Số Đếm Và Hình Dạng,51000,60000,15,0.0,0,0,Như Lê,Tân Việt,nxb my thuat,,Bìa mềm,,2023-12-21,Nhà sách Fahasa,available,1000,True,True,True
278715633,Sách - Dán Hình Và Tô Màu Búp Bê - Nhà Thiết Kế Thời Trang - Hấp Dẫn - Sticker Trong Suốt,48100,58000,17,0.0,0,0,nhieu tac gia,Cty Văn Hóa Việt Thư,Nhà Xuất Bản Phụ Nữ Việt Nam,,Bìa mềm,,2023-12-21,Nhà sách Fahasa,available,1000,True,True,True
278715009,Sách - Sticker Tô Màu - Capybara Chăm Học,22800,24000,5,0.0,0,0,nhieu tac gia,Cty TNHH TM&DV VH GD Phía Nam,Nhà Xuất Bản Đồng Nai,,Bìa mềm,,2023-12-21,Nhà sách Fahasa,available,1000,True,True,True
278712833,Sách - Flash Card - Thẻ Học Thông Minh Theo Phương Pháp Giáo Dục Sớm Glenn Doman - Chữ Cái Và Chữ Ghép Tiếng Việt,72800,80000,9,0.0,0,0,nhieu tac gia,Fahasa,Nhà Xuất Bản Phụ Nữ Việt Nam,,Bìa mềm,,2023-12-21,Nhà sách Fahasa,available,1000,True,True,True
278712823,Sách - Vẽ Cùng La La - Rau Củ Và Hoa Lá,71800,79000,9,0.0,0,0,nhieu tac gia,Công Ty Cổ Phần Waka,Nhà Xuất Bản Hội Nhà Văn,,Bìa mềm,,2023-12-21,Nhà sách Fahasa,available,1000,True,True,True
278153737,Sách - Flash Card - Bộ Thẻ Quốc Kỳ - Flags Of The World - Song Ngữ Việt-Anh,21800,23000,5,4.0,1,1,Huyền Linh,Cty Văn Hóa & Truyền Thông Trí Việt.,Nhà Xuất Bản Văn Học,,Bìa mềm,,2023-12-21,Nhà sách Fahasa,available,1000,True,True,True
278153717,Sách - Bộ Sách Cầu Vồng Trẻ Thơ - Dành Cho Trẻ 4-5 Tuổi (Bộ 4 Quyển),100900,103000,2,0.0,0,1,nhieu tac gia,CÔNG TY TNHH EDUCATION SOLUTIONS VIỆT NAM,Nhà Xuất Bản Đại Học Huế,,Bìa mềm,,2023-12-21,Nhà sách Fahasa,available,1000,True,True,True
278153252,Sách - Công Chúa Elsa Ở Vương Quốc Ánh Sáng,19000,20000,5,0.0,0,3,,Cty TNHH TM&DV VH GD Phía Nam,Nhà Xuất Bản Đồng Nai,,Bìa mềm,,2023-12-21,Nhà sách Fahasa,available,1000,True,True,True
278153142,Sách - Quà Cho Bé - Bé Tập Tô Màu - Trái Cây,14200,15000,5,0.0,0,0,T-Book,Fahasa,Nhà Xuất Bản Phụ Nữ Việt Nam,,Bìa mềm,,2023-12-21,Nhà sách Fahasa,available,1000,True,True,True
276569167,Tô Màu - Cuộc Sống Muôn Màu Cùng Bu,71100,79000,10,0.0,0,0,,Cty Văn Hóa Việt Thư,Nhà Xuất Bản Phụ Nữ Việt Nam,,Bìa mềm,66.0,,Nhân Văn,available,1000,True,True,True
275061785,Sách: Combo Dán Giấy Công Chúa (4 Cuốn),86400,108000,20,0.0,0,2,nhieu tac gia,Minh Long,Nhà Xuất Bản Mỹ Thuật,,Bìa mềm,64.0,2024-05-20,Minh Long Book,available,1000,True,True,True
274019122,Hành Trang Vào Lớp 1 - Tập Viết - Tập 1 (Tái Bản 2023),19400,20000,3,0.0,0,1,"Hiếu Minh,  Tịnh Lâm",Nhà Xuất Bản Kim Đồng,Nhà Xuất Bản Kim Đồng,,,,,Nhà sách Fahasa,available,1000,True,True,True
273637512,"Sách Bé làm họa sĩ, 3 - 6 tuổi",29000,38000,24,0.0,0,11,Nhiều tác giả,Đông A,Nhà Xuất Bản Dân Trí,,Bìa mềm,24.0,2023-12-01,Tiki Trading,available,1000,False,True,True
273400800,Bé tô màu H.ello k.itty T.1 (Đ.Nai),7690,12000,36,0.0,0,2,Trần Ngọc Bảo Hân,Cty Văn Hóa Nhân Văn,Nhà Xuất Bản Đồng Nai,,,,,Nhân Văn,available,1000,True,True,True
272358842,Sách - Bộ Dán hình thông minh cho bé 1-5 tuổi (Trọn bộ 04 cuốn) - Nhã Nam Official,100000,100000,0,5.0,1,2,Phạm Ngọc Điệp và cộng sự,Nhã Nam,Nhà Xuất Bản Dân Trí,,,16.0,,NHBook,available,1000,True,True,True
271817138,Bé Luyện Viết Chữ Đẹp - Tập 3 - Luyện Viết Chính Tả,23700,24000,1,0.0,0,4,"Hiếu Minh,  Vũ Thị Thùy",Nhà Xuất Bản Kim Đồng,Nhà Xuất Bản Kim Đồng,,,,,Nhà sách Fahasa,available,1000,True,True,True
262065997,Tô Màu Theo Số - Khủng Long,19800,20000,1,0.0,0,1,Award,NXB Trẻ,NXB Trẻ,,,,,Nhà sách Fahasa,available,1000,True,True,True
248266979,Sách Dán Hình Thông Minh - 100 Từ Vựng Đầu Tiên Của Bé,119000,119000,0,0.0,0,0,,Tân Việt,Nhà Xuất Bản Mỹ Thuật,,Bìa mềm,48.0,2023-03-20,Tazano Official Store,available,1000,True,True,True
206145321,Chuẩn Bị Cho Bé Vào Lớp 1 - Tập Đánh Vần Tiếng Việt - Quyển 1 (Tái Bản),11200,14000,20,5.0,1,10,Trần Ngọc Bảo Hân,Cty Văn Hóa Nhân Văn,Nhà Xuất Bản Đồng Nai,,,,,Nhà sách Fahasa,available,1000,True,True,True
205506521,Easy Learning Maths Primary - Đánh Thức Tài Năng - Toán Tư Duy A+,92100,96000,4,0.0,0,1,Trang Nguyễn,Cty TNHH TM&DV VH GD Phía Nam,Nhà Xuất Bản Đồng Nai,,,,,Nhà sách Fahasa,available,1000,True,True,True
204416929,Học Toán Cùng Jenny - Sách Dành Cho Học Sinh Chuẩn Bị Vào Lớp 1 - Bộ Mở Rộng - Tập 1,29700,30000,1,5.0,1,8,Lê Anh Vinh,Nhà Xuất Bản Kim Đồng,Nhà Xuất Bản Kim Đồng,,,,,Nhà sách Fahasa,available,1000,True,True,True
203843847,Tô Màu Khủng Long - Tập 2 (2022),14800,15000,1,0.0,0,1,Huyền Linh,Cty Văn Hóa & Truyền Thông Trí Việt.,hong duc,,,,,Nhà sách Fahasa,available,1000,True,True,True
200010684,"Colouring 365 Ngày Tô Màu - Khám Phá Thế Giới Phát Triển Trí Tuệ - Cuốn 6: Công Chúa, Hoàng Tử, Các Nhân Vật Cổ Truyện Cổ Tích Việt Nam Và Thế Giới",31300,36000,13,0.0,0,0,,Công Ty TNHH Sách và Thiết Bị Giáo Dục ID,nxb my thuat,,,,,Nhà sách Fahasa,available,1000,True,True,True
197897236,Tô Màu Phát Triển Não Bộ Cho Bé 1-5 Tuổi - Tập 5,15800,16000,1,0.0,0,2,Phạm Ngọc Điệp,Nhã Nam,NXB Dân Trí,,,,,Nhà sách Fahasa,available,1000,True,True,True
185006480,Hành Trang Cho Bé Vào Lớp 1 - Tập Tô Khéo - Luyện Viết Đẹp: Luyện Viết Chứ Đẹp - Tập 1,18700,25000,25,0.0,0,0,Minh Khuê,Nhà Xuất Bản Lao Động,Nhà Xuất Bản Lao Động,,,,,Nhà sách Fahasa,available,1000,True,True,True
178240543,Sách Dán Hình Siêu Đáng Yêu - Trường Học,41300,52000,21,5.0,1,4,Hemma,Đinh Tị,Nhà Xuất Bản Thanh Niên,,Bìa mềm,18.0,2022-06-01,Tiki Trading,available,1000,True,True,True
86418002,Bé Tô Màu Hello Kitty 2,6690,10000,33,5.0,1,3,Trần Ngọc Bảo Hân,Cty Văn Hóa Nhân Văn,Nhà Xuất Bản Đồng Nai,,,,,Nhân Văn,available,1000,True,True,True
86417689,Bé Tô Màu Truyện Dân Gian Việt Nam - Sự Tích Trầu Cau,8000,10000,20,5.0,1,5,"Quang Toàn, Quang Toản",Cty Văn Hóa Nhân Văn,,,,,,Nhà sách Fahasa,available,1000,True,True,True
71316691,Combo (Bộ 6 cuốn): Cùng bé tự tin vào lớp 1,86362,86362,0,5.0,76,327,,NXB Hà Nội,Nhà Xuất Bản Hà Nội,,Bìa mềm,,2020-09-23,TUANVIET BOOKS Official Store,available,1000,True,True,True
51348593,Sách Luyện Nét Chữ Rèn Nết Người - Vở Ô Li Có Mẫu Chữ - Lớp 1 - Quyển 1 (Tái Bản 2020),19600,20000,2,5.0,12,91,Dương Linh,Huy Hoàng Bookstore,Nhà Xuất Bản Mỹ Thuật,,,,,Nhà sách Fahasa,available,1000,True,True,True
26440282,Sách Barbie - Giáng Sinh Yêu Thương,34000,40000,15,5.0,1,5,Mary Man-Kong,Tân Việt,,,Bìa mềm,24.0,2019-06-01,Nhà sách Fahasa,available,1000,True,True,True
20426351,Bé Vào Lớp 1 - Tập Tô Chữ Cái (Quyển 3),10200,12000,15,5.0,2,26,Nhật Linh, NXB Mỹ Thuật,,,,,,Nhà sách Fahasa,available,1000,True,True,True
10191367,Tủ Sách Cho Bé Vào Lớp Một - Bé Vào Lớp Một - Bé Tập Tô Và Tập Ghép Vần - Tập 1,8200,10000,18,4.8,21,332,Lê Tuệ Minh - Lê Thu Ngọc,Minh Long,,,Bìa mềm,24.0,,Nhà sách Fahasa,available,1000,True,True,True
2783091,Sách Tô Màu Công Chúa Nhỏ - Tô Màu Công Chúa - Công Chúa Phương Tây,31300,32000,2,5.0,2,18,.,Liên Việt,,,Bìa mềm,,,Nhà sách Fahasa,available,1000,True,True,True
2783087,Sách Tô Màu Công Chúa Nhỏ - Tô Màu Công Chúa - Công Chúa Phương Đông,31300,32000,2,4.5,2,19,.,Liên Việt,,,Bìa mềm,,,Nhà sách Fahasa,available,1000,True,True,True
536175,Sách Tập Viết Chữ Đẹp & Tô Màu - Kiểu Chữ Thường (Khổ Nhỏ),18200,22000,17,0.0,0,4,First News,First News - Trí Việt,Nhà Xuất Bản Tổng hợp TP.HCM,,Bìa mềm,32.0,2016-08-11,Nhà sách Fahasa,available,1000,True,True,True
439323,Sách Bé Làm Họa Sĩ - Những Nét Vẽ Đầu Tiên (5 - 6 Tuổi),34200,38000,10,0.0,0,10,,Công Ty Cổ Phần Văn Hóa Đông A,Nhà Xuất Bản Dân Trí,,Bìa mềm,,2015-06-16,Đông A Books Official,available,1000,True,True,True
376026,Sách Bách Khoa Toàn Thư Cho Bé - Bộ Xâu Rèn Luyện Đạo Đức,51000,60000,15,5.0,2,14,,Tân Việt,,,,140.0,2012-09-20,Nhà sách Fahasa,available,1000,True,True,True
354861,Sách Mai Em Vào Lớp Một - Dành Cho Trẻ 5-6 Tuổi (Bộ 9 Cuốn),99000,99000,0,0.0,0,0,,Minh Long,Nhà Xuất Bản Đại Học Sư Phạm,,Bìa mềm,,2012-10-25,Nhà Sách Vĩnh Thụy,available,1000,True,True,True
279247549,Sách - Sách - Tô Màu Coco Wyo - Góc Nhỏ Ấm Áp/Giáng Sinh An Lành/Những Niềm Vui Nhỏ Bé (Trọn Bộ),68700,79000,13,0.0,0,0,nhieu tac gia,Đinh Tị,Nhà Xuất Bản Tri Thức,,Bìa mềm,,2023-12-21,Nhà sách Fahasa,available,1000,True,True,True
279132489,Sách - Tô Màu Coco Wyo - Giáng Sinh An Lành,68700,79000,13,0.0,0,0,nhieu tac gia,Đinh Tị,Nhà Xuất Bản Tri Thức,,Bìa mềm,,2023-12-21,Nhà sách Fahasa,available,1000,True,True,True
278852839,"Sách Trang Điểm Công Chúa - Tô Màu Sticker Học Viện Ngôi Sao - Hanna Tinh Tế, Jenny Mê Hoặc, Nancy Sành Điệu, Sunny Lộng Lẫy - Phát Triển Sáng Tạo Cho Bé",45000,45000,0,0.0,0,0,nhieu tac gia,Công Ty TNHH TM & DV Văn Hóa Giáo Dục Phía Nam,Nhà Xuất Bản Đồng Nai,,Bìa mềm,24.0,,NHÀ SÁCH ABBOOKS,available,1000,True,True,True
278713239,Sách - Dán Hình Và Tô Màu Công Chúa - Công Chúa Dịu Dàng (30 Tranh Tô Màu Và Sticker),40800,48000,15,0.0,0,2,nhieu tac gia,Nhà sách Minh Thắng,Nhiều Nhà Xuất Bản,,Bìa mềm,,2023-12-21,Nhà sách Fahasa,available,1000,True,True,True
278315068,Combo 5 tờ Giấy Kê Tay - ndbooks,40600,70000,42,0.0,0,0,,CÔNG TY TNHH THƯƠNG MẠI SÁCH NHÂN DÂN,Nhà Xuất Bản Thanh Niên,,Bìa mềm,,,SÁCH NHÂN DÂN - ndbooks,available,1000,True,True,True
278153558,Sách - Cầu Vồng Trẻ Thơ - Khám Phá Thế Giới Quanh Bé - Dành Cho Trẻ 24-36 Tháng Tuổi,20000,20000,0,0.0,0,0,,CÔNG TY TNHH EDUCATION SOLUTIONS VIỆT NAM,Nhà Xuất Bản Đại Học Huế,,Bìa mềm,,2023-12-21,Nhà sách Fahasa,available,1000,True,True,True
278153474,Sách - Vẽ Động Vật Bằng Khuôn Hình Sáng Tạo,89100,99000,10,0.0,0,0,nhieu tac gia,Đinh Tị,Nhà Xuất Bản Hồng Đức,,Bìa mềm,,2023-12-21,Nhà sách Fahasa,available,1000,True,True,True
278138816,"Sách Tập vẽ tranh 3D, khơi nguồn sáng tạo",43600,55000,21,0.0,0,0,Sanmuxiang Tongshu,Đinh Tị,Nhà Xuất Bản Văn Học,,Bìa mềm,48.0,,Tiki Trading,available,1000,True,True,True
277716957,Bộ Sách Tô Màu Bốn Mùa,20000,20000,0,0.0,0,0,Phan Thị,Cty Phan Thị,Nhà Xuất Bản Văn Học,,Bìa mềm,30.0,,Nhân Văn,available,1000,True,True,True
277175394,Sách - Cuốn Sách Tô Màu Đầu Tiên Của Tớ - Tô Màu Hạnh Phúc - Dành cho trẻ từ 3 tuổi,62560,68000,8,0.0,0,0,Alice James,Vizibook,Nhà Xuất Bản Phụ Nữ Việt Nam,,Bìa mềm,96.0,2024-01-17,Vizibook,available,1000,True,True,True
277134351,Sách- Vở Thực hành Luyện Viết Trọn Bộ dày 98 trang (dành cho bé chuẩn bị vào lớp 1),55250,65000,15,0.0,0,1,,CÔNG TY TNHH IN VÀ TM TUẤN VIỆT,Nhà Xuất Bản Đồng Nai,,Bìa mềm,98.0,,Xưởng in sách mầm non,available,1000,True,True,True
276354855,WOLFOO Combo 6 Tập Tô Chữ Cái và Chữ Số,294000,294000,0,0.0,0,1,1980Edu (Phương Thư),1980 Books,Nhà Xuất Bản Dân Trí,,Bìa mềm,,,Bamboo Books,available,1000,True,True,True
275707224,Sách Dán giấy công chúa - Công chúa xinh xắn B27,16800,27000,38,0.0,0,0,Uyển Phương,Minh Long,Nhà Xuất Bản Mỹ Thuật,,Bìa mềm,16.0,,Tiki Trading,available,1000,True,True,True
274471500,Combo Sách Sáng tạo thời trang (6 Cuốn),220000,288000,24,0.0,0,7,Little Rainbow,Megabook,Nhà Xuất Bản Thanh Niên,,Bìa mềm,,2024-01-01,Tiki Trading,available,1000,False,True,True
272305707,Bé Tô Màu - Khám Phá Trứng Cùng Lotso,12000,12000,0,0.0,0,0,Quang Minh,Cty TNHH TM&DV VH GD Phía Nam,Nhà Xuất Bản Đồng Nai,,,,,Nhà sách Fahasa,available,1000,True,True,True
271948706,"sách Dán hình sáng tạo - Thế giới khủng long - Những quán quân trong thế giới khủng long - sáng tạo, Đinh Tị",42000,42000,0,0.0,0,0,,Đinh Tị,Nhà Xuất Bản Thanh Niên,,,,,Bamboo Books,available,1000,True,True,True
263101568,Tủ Sách Luyện Chữ Của Bé - Luyện Viết Chữ Đẹp,11000,11000,0,0.0,0,0,Thúy Nguyễn,Cty Văn Hóa & Truyền Thông Trí Việt.,Nhà Xuất Bản Dân Trí,,,,,Nhà sách Fahasa,available,1000,True,True,True
249347944,Let's Color - Nghệ Thuật Vòng Quanh Thế Giới,69000,69000,0,0.0,0,0,,Sách điện tử Thái Hà,Nhiều Nhà Xuất Bản,,,,,Nhà Sách Vĩnh Thụy,available,1000,True,True,True
247256770,Hình ảnh điều khiển tâm trí - 30 kỹ thuật tâm lý ứng dụng trong truyền thông thị giác,155000,155000,0,0.0,0,0,,Không có,Không có,,,,,Alpha Books Official,available,1000,True,True,True
219134827,Sách Dán hình trang phục công chúa 1 - Công chúa tinh nghịch,51600,65000,21,0.0,0,8,Nhiều tác giả,Đinh Tị,Nhà Xuất Bản Thanh Niên,,Bìa mềm,32.0,2023-01-01,Tiki Trading,available,1000,True,True,True
215560730,Bảng Chữ Cái Viết Hoa - Viết Thường,8000,8000,0,5.0,1,8,Ngọc Anh,Cty TNHH TM&DV VH GD Phía Nam,Nhà Xuất Bản Đồng Nai,,,,,Nhà sách Fahasa,available,1000,True,True,True
207033418,Combo (8 Tập): Bé Tập Tô Màu - Từ Cơ Bản Đến Nâng Cao,180800,224000,19,0.0,0,2,Gia Lương Media,Đinh Tị,Nhà Xuất Bản Hà Nội,,Bìa mềm,192.0,2022-11-11,Tiki Trading,available,1000,True,True,True
197628230,DÁN HÌNH SIÊU ĐÁNG YÊU - CÁC EM BÉ ĐỘNG VẬT_DTI,52000,52000,0,0.0,0,0,,Đinh Tị,Nhà Xuất Bản Thanh Niên,,Bìa mềm,,,Bamboo Books,available,1000,True,True,True
192949459,Tập Tô Nét Cơ Bản 1 (Dành Cho Bé 5-6 Tuổi Chuẩn Bị Vào Lớp 1),10000,10000,0,0.0,0,6,Thiên Ân,Cty Giáo Dục Đức Trí,Nhà Xuất Bản Đại Học Quốc Gia TP.HCM,,,,,Nhà sách Fahasa,available,1000,True,True,True
171586361,Bé Tô Màu - Hello Kitty - Quyển 1,12000,12000,0,0.0,0,6,,Cty TNHH TM&DV VH GD Phía Nam,,,,,,Nhà sách Fahasa,available,1000,True,True,True
151950583,Phiếu Luyện Toán Tư Duy Cùng Gấu Kiki 1: Nhận Biết Nhóm Số Lượng,31500,35000,10,0.0,0,1,Trần Thị Hường,Megabook,Nhà Xuất Bản Thanh Niên,,,,,Nhà sách Fahasa,available,1000,True,True,True
146225324,Hành Trang Cho Bé Vào Lớp 1 - Vở Bé Luyện Viết Nét Cơ Bản (Tái Bản),10200,12000,15,0.0,0,0,Trần Thị Hải Yến,Nhà sách Minh Thắng,NXB Dân Trí,,,,,Nhà sách Fahasa,available,1000,True,True,True
145144844,Cuốn Sách Tô Màu Đầu Tiên Của Tớ - Côn Trùng,19300,25000,23,0.0,0,14,"Jenny Brown, Kirsteen Robson",Đinh Tị,Nhà Xuất Bản Thanh Niên,,Bìa mềm,32.0,2021-12-01,Tiki Trading,available,1000,True,True,True
110884709,BÉ TẬP TÔ MÀU ( TÚI 8 CUỐN),80000,80000,0,0.0,0,0,,Minh Long,Nhà Xuất Bản Mỹ Thuật,,Bìa mềm,,2012-08-01,Nhà Sách Vĩnh Thụy,available,1000,True,True,True
109998056,Sách Bé Tô Màu (2-6+) - Khủng Long T2 (Tái Bản),13000,16000,19,0.0,0,4,Ngọc Linh (biên soạn),Đinh Tị,Nhà Xuất Bản Thanh Niên,,Bìa mềm,16.0,2021-07-01,Tiki Trading,available,1000,True,False,True
109186942,Sách: Combo Chuẩn Bị Cho Bé Vào Lớp Một (Túi 10 Cuốn Tặng 1 Cây Viết Chì),102000,102000,0,5.0,2,6,Lê Tuệ Minh - Lê Thu Ngọc,Minh Long,Nhà Xuất Bản Đại Học Sư Phạm,,Bìa mềm,320.0,2017-06-01,NHBook,available,1000,True,True,True
74451299,Vở Ô Ly Tập Tô Các Nét Cơ Bản (Dành Cho Bé Chuẩn Bị Vào Lớp 1),12000,12000,0,5.0,10,116,Chính An,Cty TNHH TM&DV VH GD Phía Nam,,,,,,Nhà sách Fahasa,available,1000,True,True,True
73521905,Sách Sticker Dolly Dressing - Dán Hình Sáng Tạo Trang Phục Búp Bê - Cô Bé Lọ Lem,46700,55000,15,5.0,8,37,Fiona Watt,Đinh Tị,Nhà Xuất Bản Thanh Niên,,Bìa mềm,34.0,,Nhà sách Fahasa,available,1000,True,True,True
29820830,Combo Bộ Sách Thú Vị Dành Cho Bé Nhập Môn Tập Tô (6 Cuốn),210000,210000,0,0.0,0,0,Minh Thư,Tân Việt,Nhà Xuất Bản Mỹ Thuật,,Bìa mềm,,2019-08-01,NHBook,available,1000,True,True,True
20918796,Sách Dán Hình Trang Phục Công Chúa - Công Chúa Hồng Âm Áp,39000,39000,0,4.8,9,37,Văn Tâm,Liên Việt,Nhà Xuất Bản Phụ Nữ,,Bìa mềm,32.0,2019-06-01,Liên Việt Official Store,available,1000,True,True,True
541336,"Sách 365 Trò Chơi Khoa Học Khó Mà Dễ, Dễ Mà Khó (Tái Bản)",150000,150000,0,5.0,4,25,.,Đinh Tị,,,Bìa cứng,128.0,2016-08-31,Phương Đông Books,available,1000,True,True,True
482322,Sách Dán Hình Trang Phục Công Chúa - Tập 3 - Công Chúa Đáng Yêu,43600,55000,21,4.8,33,368,Nhiều tác giả,Đinh Tị,Nhà Xuất Bản Thanh Niên,,Bìa mềm,40.0,2016-03-25,Tiki Trading,available,1000,True,True,True
418943,Sách Dán Hình Sáng Tạo Trang Phục Búp Bê - Trang Phục Các Nước 1,65500,69000,5,5.0,6,23,,Đinh Tị,,,Bìa mềm,24.0,2014-09-20,Nhà sách Fahasa,available,1000,True,True,True
418941,Sách Dán Hình Sáng Tạo Trang Phục Búp Bê - Nhà Thiết Kế Thời Trang,54700,69000,21,5.0,8,238,,Đinh Tị,,,Bìa mềm,24.0,2014-06-20,Tiki Trading,available,1000,True,True,True
417859,Sách 420 Câu Đố Vui Thông Minh,78000,78000,0,0.0,0,0,Nguyễn Ngọc Ký,First News - Trí Việt,NXB Trẻ,,Bìa mềm,175.0,2014-11-22,Nhà Sách Vĩnh Thụy,available,1000,True,True,True
279112320,Sách - Tô Màu Làm Quen Chữ Số - Dành Cho Bé 5-6 Tuổi (Tái Bản 2025),10500,12000,13,0.0,0,0,"Thiện Lộc,  Minh Nguyệt",Cty Giáo Dục Đức Trí,Nhà Xuất Bản Đại Học Quốc Gia TP.HCM,,Bìa mềm,,2023-12-21,Nhà sách Fahasa,available,1000,True,True,True
279056047,Sách Capybara Ở Nông Trại Hớn Hở,45800,55000,17,0.0,0,0,Hạt Mầm khéo tay,Bean Books,Nhà Xuất Bản Phụ Nữ Việt Nam,,Bìa mềm,20.0,,Tiki Trading,available,1000,False,True,True
278716280,Sách - Bé Tự Tin Vào Lớp Một - Bé Làm Quen Với Chữ Nhỏ,24500,25000,2,0.0,0,0,Huyền Linh,Cty Văn Hóa & Truyền Thông Trí Việt.,Nhà Xuất Bản Văn Học,,Bìa mềm,,2023-12-21,Nhà sách Fahasa,available,1000,True,True,True
278715321,Sách - Tủ Sách Vui Để Học - Dòng Sách Cầm Tay - Sách Tô Màu - Hình Vẽ Tròn Xoe,63200,68000,7,0.0,0,0,nhieu tac gia,CÔNG TY TNHH EDUCATION SOLUTIONS VIỆT NAM,Nhà Xuất Bản Phụ Nữ Việt Nam,,Bìa mềm,,2023-12-21,Nhà sách Fahasa,available,1000,True,True,True
278153246,Sách - Giai Điệu Sprunki - Ban Nhạc Siêu Nhí,19800,20000,1,0.0,0,0,,Cty TNHH TM&DV VH GD Phía Nam,Nhà Xuất Bản Đồng Nai,,Bìa mềm,,2023-12-21,Nhà sách Fahasa,available,1000,True,True,True
276527975,Sách Tô Màu Chữa Lành - Thị Trấn Capy - MEGA,78000,78000,0,0.0,0,1,Little Rainbow,Megabooks,Nhà Xuất Bản Thanh Niên,,Bìa mềm,64.0,,NewShop Official,available,1000,True,True,True
276522493,Combo Bé Tô Màu Labubu (HA) (Bộ 4 Cuốn),60000,60000,0,0.0,0,2,Hoàng Sơn,Nhà Sách Hồng Ân,Nhà Xuất Bản Hải Phòng,,Bìa mềm,64.0,,NewShop Official,available,1000,True,True,True
275045886,Sách- Chuẩn Bị Cho Bé Tới Trường - Chữ Cái (Tặng kèm bút viết/ xóa) (Tái Bản 2023)- 2HBooks,150000,150000,0,0.0,0,0,Ngọc Phương,Công Ty Cổ Phần Văn Hóa Huy Hoàng,Nhà Xuất Bản Phụ Nữ Việt Nam,,Bìa cứng,24.0,2023-05-01,2HBooks,available,1000,True,True,True
274823538,Bé Chuẩn Bị Vào Lớp 1 - Vở Tập Viết Chữ Cái Viết Hoa,12500,12500,0,0.0,0,0,,Cty TNHH TM&DV VH GD Phía Nam,,,,,,Nhà sách Fahasa,available,1000,True,True,True
273932102,Hành Trang Vào Lớp 1 - Tập Viết - Tập 3 (Tái Bản 2023),19800,20000,1,0.0,0,0,"Hiếu Minh,  Tịnh Lâm",Nhà Xuất Bản Kim Đồng,Nhà Xuất Bản Kim Đồng,,,,,Nhà sách Fahasa,available,1000,True,True,True
271555018,Vũ Trụ - Sách Dán Hình Thông Minh,61750,65000,5,0.0,0,0,"Nina Filipek, David Murray",Tân Việt,Nhà Xuất Bản Mỹ Thuật,,Bìa mềm,16.0,2023-09-01,Cá Chép Bookstore,available,1000,True,True,True
270107262,368 Bóc Dán Sticker - Hình Dán Trang Phục Công Chúa - Quyển 8 - Thông Minh,41600,52000,20,0.0,0,0,Minh Khuê,Cty Văn Hóa Nhân Văn,Nhà Xuất Bản Đồng Nai,,,,,Nhà sách Fahasa,available,1000,True,True,True
269946748,Hành Trang Cho Bé Vào Lớp 1 - Luyện Viết Chữ Đẹp (Tái Bản 2023),12000,12000,0,0.0,0,0,Huyền Linh,Cty Văn Hóa & Truyền Thông Trí Việt.,NXB Dân Trí,,,,,Nhà sách Fahasa,available,1000,True,True,True
269946692,Hành Trang Cho Bé Vào Lớp 1 - Tập Tô - Tập Viết Chữ Cái Và Chữ Ghép (Tái Bản 2023),12000,12000,0,0.0,0,1,Huyền Linh,Cty Văn Hóa & Truyền Thông Trí Việt.,NXB Dân Trí,,,,,Nhà sách Fahasa,available,1000,True,True,True
263207499,Vui Tết Cùng 12 Con Giáp - Tập 1: Chơi Gì Cũng Vui,19800,20000,1,0.0,0,1,Nhiều tác giả,Cty Phan Thị,Nhà Xuất Bản Đại Học Sư Phạm TPHCM,,,,,Nhà sách Fahasa,available,1000,True,True,True
247723454,Sách - Vở chính tả lớp 2 - Theo chương trình sách giáo khoa chân trời sáng tạo,20000,20000,0,0.0,0,0,,Trí Việt,Nhà Xuất Bản Đồng Nai,,,,,VĂN PHÒNG PHẨM ĐỒ CHƠI VŨ DUYÊN,available,1000,True,True,True
219460695,Bé Chuẩn Bị Vào Lớp Một - Giúp Bé Nhận Biết Và Làm Quen Với Chữ Cái - Quyển 2 (Dành Cho Trẻ 5-6 Tuổi),14800,15000,1,0.0,0,0,Thiên Ân,Cty Giáo Dục Đức Trí,Nhà Xuất Bản Đại Học Quốc Gia Hà Nội,,,,,Nhà sách Fahasa,available,1000,True,True,True
205809577,Cuốn Sách Tô Màu Đầu Tiên Của Tớ - Khu Vườn Xinh Đẹp,25000,25000,0,0.0,0,0,Jenny Brown,Nhà Xuất Bản Thanh Niên,Nhà Xuất Bản Thanh Niên,,Bìa mềm,32.0,,Nhà Sách Phương Nam,available,1000,True,False,True
205697124,Tô Màu Ngộ Nghĩnh - Phương Tiện Giao Thông,19000,19000,0,0.0,0,1,Carotte et Compagnie,Nhà Xuất Bản Thanh Niên,Nhà Xuất Bản Thanh Niên,,Bìa mềm,24.0,,Nhà Sách Phương Nam,available,1000,True,True,True
197897260,Tô Màu Phát Triển Não Bộ Cho Bé 1-5 Tuổi - Tập 7,15800,16000,1,0.0,0,1,Phạm Ngọc Điệp,Nhã Nam,NXB Dân Trí,,,,,Nhà sách Fahasa,available,1000,True,True,True
191808464,Superhero - Tô Màu Siêu Nhân 1,14000,14000,0,0.0,0,0,,Cty Văn Hóa & Truyền Thông Trí Việt.,oem,,Bìa mềm,,,Nhân Văn,available,1000,True,False,True
106693398,Combo 4 cuốn: Luyện viết (Theo chương trình mới - Bé vào lớp 1),72000,72000,0,5.0,352,2156,,CÔNG TY TNHH IN VÀ TM TUẤN VIỆT,Nhà Xuất Bản Hà Nội,,Bìa mềm,40.0,,TUANVIET BOOKS Official Store,available,1000,True,True,True
94597186,Sách Tập Tô Chữ Cái - Tập 2 (Kèm Bút Lông Bảng),52800,55000,4,0.0,0,5,.,VanLangBooks,Nhà Xuất Bản Hồng Đức,,Bìa mềm,20.0,2021-05-01,Nhà sách Fahasa,available,1000,True,True,True
57694076,Combo 3 Quyển: Bé Tập Viết (Dành Cho Bé Chuẩn Bị Vào Lớp 1),40500,45000,10,4.7,6,52,Hương Giang,Công ty MTV DV - VH Khang Việt,Nhà Xuất Bản Đại Học Quốc Gia Hà Nội,,Bìa mềm,112.0,2020-07-01,khangvietbook,available,1000,True,True,True
50904592,Combo Luyện Nét Chữ Rèn Nết Người - Lớp 1 (Gồm 3 Quyển),41000,60000,32,5.0,54,363,Dương Linh,Huy Hoàng Bookstore,Nhà Xuất Bản Mỹ Thuật,,Bìa mềm,48.0,2020-01-03,Tiki Trading,available,1000,False,True,True
50904586,Combo Luyện Nét Chữ Rèn Nết Người - Lớp 2 (2 Quyển),26900,40000,33,5.0,13,127,Dương Linh,Huy Hoàng Bookstore,Nhà Xuất Bản Mỹ Thuật,,Bìa mềm,48.0,2020-01-03,Tiki Trading,available,1000,False,True,True
39520038,Sách Túi Bé Tô Màu Công Chúa ( 6 Cuốn ),90000,90000,0,0.0,0,0,Hải Nam,Minh Long,Nhà Xuất Bản Mỹ Thuật,,Bìa mềm,96.0,2019-11-01,Nhà Sách Vĩnh Thụy,available,1000,True,True,True
36590802,Sách Bé Học Chữ Cái - Dành Cho Học Sinh Mẫu Giáo (Tái Bản),9000,11000,18,5.0,7,44,"Lê Tuệ Minh, Lê Thu Ngọc",Minh Long,Nhà Xuất Bản Mỹ Thuật,,Bìa mềm,,2019-10-01,Nhà sách Fahasa,available,1000,True,True,True
20332470,Sách Trò Chơi Rèn Luyện Tư Duy Nâng Cao 2 (5 -7 Tuổi),52800,55000,4,5.0,1,12,Hà Thu Quang,VanLangBooks,,,Bìa mềm,48.0,2019-10-06,Nhà sách Fahasa,available,1000,True,True,True
20332455,Sách Các Trò Chơi Phân Tích Và Giải Thích (5 -7 Tuổi),52800,55000,4,5.0,2,10,Hà Thu Quang,VanLangBooks,,,Bìa mềm,48.0,2019-10-06,Nhà sách Fahasa,available,1000,True,True,True
19274710,Sách Bé Tập Tô Màu - Động Vật (Tái Bản),16000,16000,0,4.7,3,39,Biên Thùy,NXB Trẻ,,,Bìa mềm,,2019-06-01,Nhà sách Fahasa,available,1000,True,True,True
546605,Sách Bé Trai Dán Hình - Máy Bay,34300,35000,2,0.0,0,4,Fleurus,Công Ty Cổ Phần Văn Hóa Đông A,,,Bìa mềm,12.0,2016-09-21,Nhà sách Fahasa,available,1000,True,True,True
454232,Sách Tô Màu Theo Chủ Đề - Thể Thao (Tập 1),14000,14000,0,0.0,0,1,Caramel,Nhà Xuất Bản Kim Đồng,,,Bìa mềm,20.0,2015-09-22,Nhà sách Fahasa,available,1000,True,True,True
450344,Combo Tô Màu Thật Là Dễ (Trọn Bộ 9 Tập),180000,180000,0,0.0,0,0,.,Tân Việt,Nhà Xuất Bản Mỹ Thuật,,Bìa mềm,,2015-09-29,NHBook,available,1000,True,True,True
417822,Sách Cổ Tích Tô Màu Công Chúa - Cô Bé Lọ Lem,14400,16000,10,5.0,1,11,.,Công Ty Cổ Phần Văn Hóa Đông A,Nhà Xuất Bản Dân Trí,,Bìa mềm,16.0,2014-11-21,Đông A Books Official,available,1000,True,True,True
373288,Sách Bé Tập Tô Màu ( Túi 8 Cuốn),80000,80000,0,0.0,0,0,,Minh Long,Nhà Xuất Bản Mỹ Thuật,,Bìa mềm,192.0,2013-07-31,Nhà Sách Vĩnh Thụy,available,1000,True,True,True
370990,Sách Bộ Poster 8 Tờ - Tập 2,64000,64000,0,0.0,0,0,First News,First News - Trí Việt,Nhà Xuất Bản Phụ Nữ,,Bìa mềm,16.0,2009-06-01,Nhà Sách Vĩnh Thụy,available,1000,True,True,True
366516,Sách Tô Màu Công Chúa - Nàng Công Chúa Và Hạt Đậu,19000,19000,0,0.0,0,0,.,Công Ty Cổ Phần Văn Hóa Đông A,Nhà Xuất Bản Dân Trí,,Bìa mềm,16.0,2010-05-10,Nhà Sách Vĩnh Thụy,available,1000,True,True,True
355152,Hộp Super Songs 3 (Sách + 1CD),66300,78000,15,0.0,0,0,.,First News - Trí Việt,NXB Trẻ,,Bìa mềm,111.0,2008-07-29,First News,available,1000,True,True,True
347969,Sách My First ABC Book - New Edition,61200,68000,10,4.5,2,11,,Công Ty Cổ Phần Văn Hóa Đông A,Nhà Xuất Bản Dân Trí,,Bìa cứng,48.0,2010-08-31,Cá Chép Bookstore,available,1000,True,True,True
279133456,Sách - Thẻ Học Thông Minh Cho Bé Vào Lớp 1 - Chữ Cái Tiếng Anh 2 (Tái Bản 2025),25500,30000,15,0.0,0,0,Như Lê,Tân Việt,nxb my thuat,,Bìa mềm,,2023-12-21,Nhà sách Fahasa,available,1000,True,True,True
279112428,Sách - Hay Vẽ Thì Vẽ Hay - Bố Cục Tranh Hấp Dẫn Thị Giác,22000,25000,12,0.0,0,0,nhieu tac gia,Cty Phan Thị,Nhà Xuất Bản Văn Học,,Bìa mềm,,2023-12-21,Nhà sách Fahasa,available,1000,True,True,True
279102318,Sách - Tô Màu Kuromi Và Những Người Bạn - Tập 1,28500,31000,8,0.0,0,1,Huyền Linh,Cty Văn Hóa & Truyền Thông Trí Việt.,Nhà Xuất Bản Văn Học,,Bìa mềm,,2023-12-21,Nhà sách Fahasa,available,1000,True,True,True
278969730,Sách - Capy Holiday - Cute And Comfy Cloring Book,57800,68000,15,0.0,0,0,nhieu tac gia,Nhà sách Minh Thắng,Nhà Xuất Bản Phụ Nữ Việt Nam,,Bìa mềm,,2023-12-21,Nhà sách Fahasa,available,1000,True,True,True
278715775,Sách - Bóc Dán Nhanh Tay - Nhận Ngay Kiến Thức - Hello Kitty - Một Ngày Hạnh Phúc,49300,58000,15,0.0,0,0,Đức Thành,Nhà sách Minh Thắng,Nhà Xuất Bản Phụ Nữ Việt Nam,,Bìa mềm,,2023-12-21,Nhà sách Fahasa,available,1000,True,True,True
278715035,Sách - Bé Tập Làm Họa Sĩ - Tập Vẽ Đồ Vật,33200,40000,17,5.0,1,2,nhieu tac gia,Minh Long,nxb my thuat,,Bìa mềm,,2023-12-21,Nhà sách Fahasa,available,1000,True,True,True
278635419,Sách - Yêu Quá Việt Nam - Các Loài Hoa,24200,25000,3,0.0,0,0,nhieu tac gia,Đinh Tị,Nhà Xuất Bản Tri Thức,,Bìa mềm,,2023-12-21,Nhà sách Fahasa,available,1000,True,True,True
277344187,Combo 2 cuốn tô màu capybara và Labubu - Hành trình khám phá xuyên đại dương của capy và cuộc sống muôn màu cùng Bu,108600,158000,31,0.0,0,0,Yến,Việt Thư,Nhà Xuất Bản Phụ Nữ Việt Nam,,,,,Tiki Trading,available,1000,False,True,True
275774144,Sách - Combo 5 tập - Tô màu sáng tạo giúp bé làm quen với chữ cái và con số,71400,90000,21,0.0,0,0,,Đinh Tị,nxb thanh nien,,Bìa mềm,16.0,2024-07-09,Tiki Trading,available,1000,True,True,True
275457558,Sách Sáng Tạo Thời Trang (MGB),41900,48000,13,0.0,0,0,"Little Rainbow, Beijing Little Red Flower Studio",Megabooks,Nhà Xuất Bản Thanh Niên,,Bìa mềm,,,Văn Lang Official Store,available,1000,True,True,True
275122311,Sách Tô Màu - Tấm Thiệp Cảm Xúc,43200,48000,10,5.0,1,4,Little Rainbow,Megabook,Nhà Xuất Bản Thanh Niên,,Bìa mềm,,,Nhà sách Fahasa,available,1000,True,True,True
275018466,Sách - Bộ Tô màu phát triển não bộ cho bé 1-5 tuổi (10 cuốn lẻ) - Nhã Nam Official,14080,16000,12,0.0,0,0,Phạm Ngọc Điệp,Nhã Nam,Nhà Xuất Bản Thế Giới,,Bìa mềm,20.0,,Nhã Nam Official,available,1000,True,True,True
274423403,Bóc Dán Hình Thông Minh IQ-EQ-CQ - Sticker For Kids - Cuốn 3 (Tái Bản 2023),55200,65000,15,0.0,0,1,Phan Minh Đạo,Nhà sách Minh Thắng,NXB Dân Trí,,,,,Nhà sách Fahasa,available,1000,True,True,True
274020617,Bé Chào Lớp Một - Luyện Viết Chữ Cái - Quyển 1,13800,14000,1,0.0,0,0,,Cty Văn Hóa & Truyền Thông Trí Việt.,Nhà Xuất Bản Văn Học,,,,,Nhà sách Fahasa,available,1000,True,True,True
273699743,Tranh Tô Màu Vương Quốc Khủng Long - Khủng Long Ăn Thịt (Tái Bản 2023),21200,25000,15,0.0,0,0,Nhóm Hoa Mặt Trời,Tân Việt,nxb my thuat,,,,,Nhà sách Fahasa,available,1000,True,True,True
273304747,Bé Làm Họa Sĩ - Những Nét Vẽ Đầu Tiên - 5~6 Tuổi - Tập B,36100,38000,5,0.0,0,1,nhieu tac gia,dong a,NXB Dân Trí,,,,,Nhà sách Fahasa,available,1000,True,True,True
263964642,Nào Mình Cùng Tô Màu Nhé! - Côn Trùng,19800,20000,1,0.0,0,0,Hiếu Minh,Nhà Xuất Bản Kim Đồng,Nhà Xuất Bản Kim Đồng,,,,,Nhà sách Fahasa,available,1000,True,True,True
247930760,Mai Em Vào Lớp 1 - Vở Tập Tô Chữ - Tập 2 (Dành Cho Bé Từ 5-6 Tuổi),10600,12500,15,0.0,0,1,Phan Đạo,Nhà sách Minh Thắng,NXB Dân Trí,,,,,Nhà sách Fahasa,available,1000,True,True,True
247902085,"Cắt, Gấp, Tô Màu - Thế Giới Động Vật",45600,48000,5,0.0,0,2,Elizabeth Golding,Đinh Tị,nxb thanh nien,,,,,Nhà sách Fahasa,available,1000,True,True,True
205809567,Cuốn Sách Bóc Dán Đầu Tiên Của Tớ - Khủng Long,48000,48000,0,5.0,1,1,Imagine That,Nhà Xuất Bản Thanh Niên,Nhà Xuất Bản Thanh Niên,,Bìa mềm,16.0,,Bamboo Books,available,1000,True,True,True
196292036,Sách Tập tô màu mẫu giáo ( túi ),50000,80000,38,0.0,0,0,Trung Kiên,Minh Long,Nhà Xuất Bản Mỹ Thuật,,Bìa mềm,,,Tiki Trading,available,1000,True,True,True
175700902,Combo Con Tô Màu Thám Hiểm (4 cuốn),87000,112000,22,5.0,8,78,Little Rainbow,Megabook,Nhà Xuất Bản Thanh Niên,,Bìa mềm,24.0,2022-04-22,Tiki Trading,available,1000,False,True,True
167019820,Sách Bóc Dán Dành Cho Bé Gái - Những Sinh Vật Diệu Kỳ,52200,55000,5,5.0,1,6,Nhiều tác giả,Đinh Tị,Nhà Xuất Bản Hà Nội,,,,,Nhà sách Fahasa,available,1000,True,True,True
165626694,Tô Màu Khủng Long 6 (Tái Bản 2021),13800,14000,1,5.0,1,4,Huyền Linh,Cty Văn Hóa & Truyền Thông Trí Việt.,Nhà Xuất Bản Hồng Đức,,,,,Nhà sách Fahasa,available,1000,True,True,True
147341459,Tô Màu Động Vật - Tập 6 (Song Ngữ Anh - Việt),11700,13000,10,0.0,0,0,Phan Minh Đạo,Nhà sách Minh Thắng,Nhà Xuất Bản Mỹ Thuật,,,,,Nhà sách Fahasa,available,1000,True,True,True
103849467,Bộ 2 cuốn Bước đầu tập viết - Hành trang cho bé tự tin vào lớp 1,55000,55000,0,0.0,0,1,,Việt Hà,Nhà Xuất Bản Hà Nội,,,,,VĂN PHÒNG PHẨM ĐỒ CHƠI VŨ DUYÊN,available,1000,True,True,True
71682256,"Tô Màu Theo Từng Bước - Không Gian Vũ Trụ, Đồ Gia Dụng, Đồ Ăn 1",13800,14000,1,0.0,0,1,Trương Xuân Giới,Cty Văn Hóa & Truyền Thông Trí Việt.,Nhà Xuất Bản Dân Trí,,,,,Nhà sách Fahasa,available,1000,True,True,True
54997681,Bộ 4 Cuốn Hello Kitty- Sách Tô Màu: Rèn Luyện Khả Năng Cho,102000,120000,15,5.0,4,25,.,Tân Việt,Nhà Xuất Bản Mỹ Thuật,,Bìa mềm,,,Nhà sách Fahasa,available,1000,True,True,True
19773715,Combo 3 Cuốn Cùng Khủng Long Học Nét Cơ Bản - Bé Trai,45000,79000,43,5.0,29,217,Runkids,Megabook,Nhà Xuất Bản Thanh Niên,,Bìa mềm,76.0,2019-05-01,Tiki Trading,available,1000,False,True,True
16422558,Sách Dán Hình Sáng Tạo Trang Phục Búp Bê - Buổi Dạ Hội Đáng Nhớ (Tái Bản),65500,69000,5,5.0,4,25,.,Đinh Tị,Nhà Xuất Bản Thanh Niên,,Bìa mềm,24.0,2019-05-01,Nhà sách Fahasa,available,1000,True,True,True
14502395,Tủ Sách Chuẩn Bị Cho Bé Vào Lớp 1 - Vở Tập Viết (Quyển 1),14800,15000,1,4.7,42,796,Thiên Ân,SÁCH THIẾT BỊ GIÁO DỤC ĐỨC TRÍ,,,Bìa mềm,22.0,2019-01-04,Nhà sách Fahasa,available,1000,True,True,True
13624102,Sách Vừa Tô Màu Vừa Học - Những Cánh Chim Trời,16000,20000,20,5.0,25,250,Hà Linh Minh,NXB Trẻ,NXB Trẻ,,Bìa mềm,24.0,2019-04-01,Tiki Trading,available,1000,False,True,True
9796535,Tủ Sách Bé Vào Lớp Một - Bé Tập Tô Và Tập Viết ( Tập 1 ),8200,10000,18,5.0,62,1076,Lê Tuệ Minh - Lê Thu Ngọc,Minh Long,,,Bìa mềm,24.0,,Nhà sách Fahasa,available,1000,True,True,True
505376,Sách Copy Colour Tập 9,8960,15000,40,0.0,0,3,Trần Ngọc Minh Khuê,Công Ty CP Văn Hóa Nhân Văn,,,Bìa mềm,,2015-12-30,Nhân Văn,available,1000,True,True,True
469947,Sách Bé Vui Học Toán (4 - 5 tuổi),9000,9000,0,5.0,1,25,Hương Giang,Khang Việt Book,,,Bìa mềm,,2016-01-19,Nhà sách Fahasa,available,1000,True,True,True
418957,Sách Dán Hình Sáng Tạo Trang Phục Búp Bê - Những Bộ Váy Lộng Lẫy,65500,69000,5,5.0,2,11,Nhiều tác giả,Đinh Tị,,,Bìa mềm,24.0,2014-06-20,Nhà sách Fahasa,available,1000,True,True,True
418936,Sách Dán Hình Sáng Tạo Trang Phục Búp Bê - Ngôi Sao Điện Ảnh,54700,69000,21,4.7,26,268,"Fiona Watt, Vicky Arrowsmith",Đinh Tị,Nhà Xuất Bản Thời Đại,,Bìa mềm,24.0,2014-09-20,Tiki Trading,available,1000,True,True,True
383740,Sách Tô Màu Nàng Tiên Cá - Tập 3,19800,20000,1,0.0,0,1,,Phan Thị,Nhà Xuất Bản Đại Học Sư Phạm,,Bìa mềm,12.0,2012-12-12,Nhà sách Fahasa,available,1000,True,True,True
376195,Sách Mỗi Em Bé Là Một Thiên Tài - Tôi 6 Tuổi,53300,65000,18,5.0,12,122,Kỷ Giang Hồng,Tân Việt,,,,100.0,2013-09-22,Nhà sách Fahasa,available,1000,True,True,True
365854,Sách Em Tập Gấp Hình - 3 - 4 Tuổi - Quyển Nâng Cao,48000,48000,0,0.0,0,0,.,Công Ty Cổ Phần Văn Hóa Đông A,Nhà Xuất Bản Dân Trí,,Bìa mềm,24.0,2012-11-28,Nhà Sách Vĩnh Thụy,available,1000,True,True,True
279153088,Sách Thỏ Bảy Màu Trong Thế Giới Bay Màu - Huỳnh Thái Ngọc,81180,99000,18,0.0,0,0,Huỳnh Thái Ngọc,Công Ty Cổ Phần Time Books,Nhà Xuất Bản Phụ Nữ Việt Nam,,Bìa mềm,96.0,,Tiệm Sách Thật,available,1000,True,True,True
279112302,Sách - Bóc Dán Sử Dụng Nhiều Lần - Bé Học Toán,71100,79000,10,0.0,0,0,nhieu tac gia,Đinh Tị,Nhà Xuất Bản Hà Nội,,Bìa mềm,,2023-12-21,Nhà sách Fahasa,available,1000,True,True,True
278878331,Sách - Color Tô Màu - Bản Quyền Cuberdon - ndbooks,75000,100000,25,0.0,0,0,nhieu tac gia,CÔNG TY TNHH THƯƠNG MẠI SÁCH NHÂN DÂN,Nhà Xuất Bản Thanh Niên,,Bìa mềm,,,SÁCH NHÂN DÂN - ndbooks,available,1000,True,True,True
278878203,Sách - Bé Tô Màu (3-6 tuổi) - Ndbooks,40000,50000,20,0.0,0,1,nhieu tac gia,CÔNG TY TNHH THƯƠNG MẠI SÁCH NHÂN DÂN,Nhà Xuất Bản Thanh Niên,,Bìa mềm,,,SÁCH NHÂN DÂN - ndbooks,available,1000,True,True,True
278871030,Sách - Hành Trang Cho Bé Vào Lớp 1 - Luyện Viết Chữ Đẹp,13000,13000,0,0.0,0,0,Huyền Linh,Cty Văn Hóa & Truyền Thông Trí Việt.,Nhà Xuất Bản Văn Học,,Bìa mềm,,2023-12-21,Nhà sách Fahasa,available,1000,True,True,True
278847928,Sách - Chắp Cánh Cùng Bé - Tập Đánh Vần - ndbooks,55000,110000,50,0.0,0,0,Đặng Thị Dung,CÔNG TY TNHH THƯƠNG MẠI SÁCH NHÂN DÂN,Nhà Xuất Bản Thanh Niên,,Bìa mềm,,,SÁCH NHÂN DÂN - ndbooks,available,1000,True,True,True
278715735,Sách - Tập Tô Màu - Các Loại Hoa,12000,12000,0,0.0,0,1,"Thiện Lộc,  Minh Nguyệt",Cty Giáo Dục Đức Trí,Nhiều Nhà Xuất Bản,,Bìa mềm,,2023-12-21,Nhà sách Fahasa,available,1000,True,True,True
278600536,"Sách Chuẩn Bị Cho Bé Vào Lớp 1 - Tập Tô Chữ - Chữ Thường,Nét Cơ Bản, Viết Thường- Bộ 4 Cuốn",56000,56000,0,0.0,0,0,nhieu tac gia,Công Ty TNHH TM & DV Văn Hóa Giáo Dục Phía Nam,Nhà Xuất Bản Đồng Nai,,Bìa mềm,24.0,,NHÀ SÁCH ABBOOKS,available,1000,True,True,True
278153569,Sách - Cầu Vồng Trẻ Thơ - Tạo Hình Sáng Tạo - Dành Cho Trẻ 24-36 Tháng Tuổi,20000,20000,0,0.0,0,0,,CÔNG TY TNHH EDUCATION SOLUTIONS VIỆT NAM,Nhà Xuất Bản Đại Học Huế,,Bìa mềm,,2023-12-21,Nhà sách Fahasa,available,1000,True,True,True
278153523,Sách - Cầu Vồng Trẻ Thơ - Khám Phá Thế Giới Quanh Bé - Dành Cho Trẻ 3-4 Tuổi,24000,24000,0,0.0,0,0,,CÔNG TY TNHH EDUCATION SOLUTIONS VIỆT NAM,Nhà Xuất Bản Đại Học Huế,,Bìa mềm,,2023-12-21,Nhà sách Fahasa,available,1000,True,True,True
278153472,Sách - Cầu Vồng Trẻ Thơ - Khám Phá Thế Giới Quanh Bé - Dành Cho Trẻ 5-6 Tuổi,29000,29000,0,0.0,0,0,,CÔNG TY TNHH EDUCATION SOLUTIONS VIỆT NAM,Nhà Xuất Bản Đại Học Huế,,Bìa mềm,,2023-12-21,Nhà sách Fahasa,available,1000,True,True,True
278147971,Sách - Tô Màu Baby Three 2,19000,20000,5,0.0,0,2,BacHaKids,Cty Sách Giáo Dục Bắc Hà,Nhà Xuất Bản Phụ Nữ Việt Nam,,Bìa mềm,,2023-12-21,Nhà sách Fahasa,available,1000,True,True,True
276587041,Sách Tô Màu Chữa Lành - Tấm Vé Tuổi Thơ - Tô Màu Ký Ức - AZ,105000,105000,0,0.0,0,0,Be Chan,AZ Việt Nam,Nhà Xuất Bản Thanh Niên,,Bìa mềm,88.0,,Nhà Sách Vĩnh Thụy,available,1000,True,True,True
276077081,Capy Và Những Người Bạn (MEGA),68000,68000,0,0.0,0,2,Little Rainbow,Megabooks,Nhà Xuất Bản Thanh Niên,,Bìa mềm,64.0,,NewShop Official,available,1000,True,True,True
275747211,sách - bóc dán thông minh song ngữ việt anh dành cho trẻ từ 2-6 tuổi (bộ 6 cuốn),40000,40000,0,0.0,0,1,,Việt Hà,ha noi,,,20.0,,NHÀ SÁCH ĐĂNG KHÔI,available,1000,True,True,True
274457961,Bé Tô Màu - Mùa Hè Của Minion - Tập 1 (Tái Bản),11500,11500,0,0.0,0,0,Quang Minh,Cty TNHH TM&DV VH GD Phía Nam,,,,,,Nhà sách Fahasa,available,1000,True,True,True
273901405,Sách - Tô Màu Find and Colour - ndbooks,76800,96000,20,0.0,0,1,,CÔNG TY TNHH THƯƠNG MẠI SÁCH NHÂN DÂN,Nhà Xuất Bản Thanh Niên,,Bìa mềm,,,SÁCH NHÂN DÂN - ndbooks,available,1000,True,True,True
273135208,Combo 6 cuốn Bé tập tô màu,228000,228000,0,0.0,0,0,nhieu tac gia,Công Ty Cổ Phần Văn Hóa Đông A,Nhà Xuất Bản Dân Trí,,Bìa mềm,,,Bamboo Books,available,1000,True,True,True
263209225,Vở Luyện Viết Hạ Cỡ Chữ Chữ Ô Li Nhỏ - Quyển 1: Chữ Hoa (MEGA),29000,29000,0,0.0,0,0,Starkids,Megabooks,Nhà Xuất Bản Thanh Niên,,Bìa mềm,32.0,,NewShop Official,available,1000,True,True,True
246772944,Xe Đua Đẳng Cấp - Bồi Dưỡng Tổng Hợp 6 Kỹ Năng Lớn,42700,46000,7,0.0,0,3,Văn Tâm,Cty Văn Hóa & Truyền Thông Liên Việt,Nhà Xuất Bản Văn Học,,,,,Nhà sách Fahasa,available,1000,True,True,True
230138345,Con Tô Màu - Thám Hiểm Châu Phi,28800,32000,10,0.0,0,0,Little Rainbow,Megabook,nxb my thuat,,,,,Nhà sách Fahasa,available,1000,True,True,True
215556072,Sách - Luyện viết (Bộ 3 quyển lẻ) - Hành trang cho bé tự tin vào lớp 1,38000,38000,0,0.0,0,11,,Việt Hà,Nhà Xuất Bản Hà Nội,,,,,VĂN PHÒNG PHẨM ĐỒ CHƠI VŨ DUYÊN,available,1000,True,True,True
214837177,"Bé tập tô, tập viết chữ to dành cho trẻ em 4-6 tuổi",51900,51900,0,0.0,0,3,,Việt Hà,Nhà Xuất Bản Hà Nội,,,,,VĂN PHÒNG PHẨM ĐỒ CHƠI VŨ DUYÊN,available,1000,True,True,True
208778453,Bé Tô Màu - Dino Award,12000,12000,0,0.0,0,1,,Cty TNHH TM&DV VH GD Phía Nam,,,,,,Nhà sách Fahasa,available,1000,True,True,True
205810053,"Bộ Sưu Tập 200 Sticker - Tư Duy, Logic (Tái bản năm 2022)",65000,65000,0,0.0,0,2,Phan Minh Đạo,Nhà Xuất Bản Dân Trí,Nhà Xuất Bản Dân Trí,,Bìa mềm,24.0,,Nhà Sách Phương Nam,available,1000,True,True,True
192948875,"Luyện Chữ Đẹp Chữ Nghiêng Nét Thanh, Đậm",10000,10000,0,0.0,0,2,Thiên Ân,Cty Giáo Dục Đức Trí,Nhà Xuất Bản Đại Học Quốc Gia Hà Nội,,,,,Nhà sách Fahasa,available,1000,True,True,True
171586271,Bé Tô Màu - Cô Bé Masha Và Chú Gấu Xiếc,12000,12000,0,0.0,0,2,,Cty TNHH TM&DV VH GD Phía Nam,,,,,,Nhà sách Fahasa,available,1000,True,True,True
145145056,Cuốn Sách Tô Màu Đầu Tiên Của Tớ - Khu Vườn Xinh Đẹp,19300,25000,23,0.0,0,9,"Jenny Brown, Kirsteen Robson",Đinh Tị,Nhà Xuất Bản Thanh Niên,,Bìa mềm,32.0,2021-12-01,Tiki Trading,available,1000,True,True,True
137503309,Sách Tô Màu Công Chúa Nhỏ - Công Chúa Mộng Mơ,32000,32000,0,5.0,1,7,,Nhà xuất bản Phụ Nữ,Nhà Xuất Bản Phụ Nữ,,Bìa mềm,,,Nhà Sách Phương Nam,available,1000,True,True,True
86418123,Bé Tô Màu - Mùa Hè Của Minion - Tập 3,12000,12000,0,0.0,0,1,"Quang Minh, Quang Minh, Quang MInh",Cty TNHH TM&DV VH GD Phía Nam,,,,,,Nhà sách Fahasa,available,1000,True,True,True
82936667,Tô Màu Hoàng Tử - Tập 1: Hoàng Tử Ếch,15000,15000,0,0.0,0,0,"Nhóm tác giả, Nhóm Tác Giả",Cty Phan Thị,Nhà Xuất Bản Đại Học Sư Phạm,,,,,Nhà sách Fahasa,available,1000,True,True,True
58729299,Sách Cùng Khủng Long Tập Viết Chữ Cơ Bản - Chữ Cái Tiếng Việt Viết Hoa - Quyển 6 - Sticker Bé Trai,26100,29000,10,5.0,1,7,Runkids,Megabook,Nhà Xuất Bản Thanh Niên,,Bìa mềm,32.0,2019-12-01,Nhà sách Fahasa,available,1000,True,True,True
49105857,Sách Tô Màu Thật Thú Vị - Các Loài Chim,10000,10000,0,0.0,0,1,Thùy Vũ,Trí Việt,Nhà Xuất Bản Dân Trí,,Bìa mềm,16.0,2020-02-02,Nhà sách Fahasa,available,1000,True,True,True
20918804,Sách Dán Hình Trang Phục Công Chúa - Công Chúa Tóc Mây,39000,39000,0,5.0,7,42,Văn Tâm,Liên Việt,Nhà Xuất Bản Phụ Nữ,,Bìa mềm,32.0,2019-06-01,Liên Việt Official Store,available,1000,True,True,True
20918798,Sách Dán Hình Trang Phục Công Chúa - Nữ Hoàng Dạ Hội,39000,39000,0,4.2,9,38,Văn Tâm,Liên Việt,Nhà Xuất Bản Phụ Nữ,,Bìa mềm,32.0,2019-06-01,Liên Việt Official Store,available,1000,True,False,True
19773709,Sách Cùng Khủng Long Học Nét Cơ Bản Quyển 2 (Chữ Số Đầu Tiên) Bé Trai,22500,25000,10,5.0,2,38,Runkids,Megabook,,,Bìa mềm,24.0,2019-05-01,Nhà sách Fahasa,available,1000,True,True,True
15350502,Sách Dán Hình Sáng Tạo Trang Phục Búp Bê - Duyên Dáng Trên Sân Băng,65500,69000,5,4.8,4,21,Usbone,Đinh Tị,Nhà Xuất Bản Thanh Niên,,Bìa mềm,,2019-05-01,Nhà sách Fahasa,available,1000,True,True,True
5722017,Sách Tập Tô Màu: Dành Cho Bé (5 - 6 Tuổi),9000,9000,0,4.7,9,35,,SÁCH THIẾT BỊ GIÁO DỤC ĐỨC TRÍ,Nhà Xuất Bản Đại Học Quốc Gia TP.HCM,,Bìa mềm,,2018-01-06,Nhà sách Fahasa,available,1000,True,True,True
651408,Combo Hello Kitty - Rèn Luyện Các Khả Năng (Sách Tô Màu - Bộ 4 Quyển),120000,120000,0,0.0,0,0,.,Tân Việt,Nhà Xuất Bản Mỹ Thuật,,Bìa mềm,,2017-02-03,NHBook,available,1000,True,True,True
405253,Sách 365 Ngày Phát Triển Trí Tuệ 1 (Trọn Bộ 8 Cuốn),64000,64000,0,0.0,0,0,Thôi Chung Lôi,Minh Long,Nhà Xuất Bản Mỹ Thuật,,Bìa mềm,,2014-06-30,Nhà Sách Vĩnh Thụy,available,1000,True,True,True
279132911,Sách - Jadoo Tập Tô-Tập Viết - Chữ Cái - Tập 4,53600,59000,9,0.0,0,0,nhieu tac gia,1980 Books,NXB Dân Trí,,Bìa mềm,,2023-12-21,Nhà sách Fahasa,available,1000,True,True,True
279132573,Sách - Mai Em Vào Lớp 1 - Dành Cho Trẻ 5-6 Tuổi - Vở Bé Học Toán - Quyển 2 (Tái Bản 2024),9600,12000,20,0.0,0,0,nhieu tac gia,Cty Văn Hóa Nhân Văn,Nhiều Nhà Xuất Bản,,Bìa mềm,,2023-12-21,Nhà sách Fahasa,available,1000,True,True,True
278907299,Sách - Phát Triển Tư Duy Ngôn Ngữ - Tập Đánh Vần Tiếng Việt Theo Sơ Đồ Tư Duy - Bí Quyết Giúp Con Đọc Tiếng Việt Thông Thạo - Dành Cho Bé 4-6 Tuổi,93500,110000,15,0.0,0,0,Huyền Linh,Cty Văn Hóa & Truyền Thông Trí Việt.,NXB Dân Trí,,Bìa mềm,,2023-12-21,Nhà sách Fahasa,available,1000,True,True,True
278716276,Sách - Tủ Sách Bé Vào Lớp Một - Làm Quen Với Chữ Số Và Toán,26400,27000,2,0.0,0,0,nhieu tac gia,Cty Văn Hóa & Truyền Thông Trí Việt.,Nhà Xuất Bản Văn Học,,Bìa mềm,,2023-12-21,Nhà sách Fahasa,available,1000,True,True,True
278714650,Sách - Vở Ô Li Có Chữ Viết Mẫu 1 - Quyển 1 (Chân Trời Sáng Tạo) (Tái Bản 2024),28800,36000,20,0.0,0,0,nhieu tac gia,Cty Văn Hóa Nhân Văn,Nhà Xuất Bản Đồng Nai,,Bìa mềm,,2023-12-21,Nhà sách Fahasa,available,1000,True,True,True
278712944,Sách - Bé Tập Vẽ - Những Nét Vẽ Đầu Tiên Cho Bé - Động Vật Tinh Nghịch,23200,28000,17,0.0,0,0,nhieu tac gia,Cty Văn Hóa Việt Thư,Nhiều Nhà Xuất Bản,,Bìa mềm,,2023-12-21,Nhà sách Fahasa,available,1000,True,True,True
278617048,"Sách - Chơi Mà Học, Học Mà Chơi - Toán Tư Duy Cho Trẻ Em 4-6 Tuổi",71800,79000,9,0.0,0,0,Hoàng Thùy,Cty Sách Trí Tuệ Việt,Nhà Xuất Bản Đồng Nai,,Bìa mềm,,2023-12-21,Nhà sách Fahasa,available,1000,True,True,True
278153374,Sách - Sách Tô Màu - Bé Tập Làm Họa Sĩ - Bé Tập Vẽ Các Đồ Vật,31500,38000,17,0.0,0,0,Phan Minh Đạo,Cty Văn Hóa Việt Thư,Nhà Xuất Bản Phụ Nữ Việt Nam,,Bìa mềm,,2023-12-21,Nhà sách Fahasa,available,1000,True,True,True
278153026,Sách - Làm Tính Nhanh - Học Toán Giỏi - Cộng Trừ Trong Phạm Vi 20 - Bài Tập Toán Học Khai Sáng,26400,27000,2,0.0,0,0,"Hiếu Minh,  Nhóm Giáo Viên ĐHSP",Cty TNHH TM&DV VH GD Phía Nam,Nhà Xuất Bản Đồng Nai,,Bìa mềm,,2023-12-21,Nhà sách Fahasa,available,1000,True,True,True
278152996,Sách - Làm Tính Nhanh - Học Toán Giỏi - Nhận Biết Số Và Làm Quen Với Các Phép Tính - Bài Tập Toán Học Khai Sáng,26400,27000,2,0.0,0,0,"Hiếu Minh,  Nhóm Giáo Viên ĐHSP",Cty TNHH TM&DV VH GD Phía Nam,Nhà Xuất Bản Đồng Nai,,Bìa mềm,,2023-12-21,Nhà sách Fahasa,available,1000,True,True,True
278148001,Sách - Tô Màu Baby Three 1,19000,20000,5,0.0,0,0,BacHaKids,Cty Sách Giáo Dục Bắc Hà,Nhà Xuất Bản Phụ Nữ Việt Nam,,Bìa mềm,,2023-12-21,Nhà sách Fahasa,available,1000,True,True,True
277344188,Sách tô màu Bí mật 12 cung Hoàng Đạo,54300,79000,31,0.0,0,0,Khôi Uyên,Việt Thư,Nhà Xuất Bản Phụ Nữ Việt Nam,,,72.0,,Tiki Trading,available,1000,False,True,True
273504098,Bé Tô Màu Pokemon - Tập 4,7690,12000,36,0.0,0,2,Trần Ngọc Bảo Hân,Cty Văn Hóa Nhân Văn,Nhà Xuất Bản Đồng Nai,,,,,Nhân Văn,available,1000,True,True,True
263078536,Bé Tập Tô Chữ Cái,13800,14000,1,0.0,0,2,Trần Diệu Linh,Công Ty CP Sách Và Thiết Bị Giáo Dục Trần Gia,Nhà Xuất Bản Đại Học Quốc Gia Hà Nội,,,,,Nhà sách Fahasa,available,1000,True,True,True
262890909,Vở Ô Li Có Mẫu Chữ Lớp 2 Quyền 2 (HH),18000,20000,10,0.0,0,1,Dương Linh,Huy Hoàng Bookstore,Nhà Xuất Bản Mỹ Thuật,,Bìa mềm,48.0,,Văn Lang Official Store,available,1000,True,True,True
262662814,"Tô màu theo số - Combo 4 cuốn: Muông thú, Khủng long, Tiên cá, Kỳ lân",66300,80000,17,0.0,0,1,Award,NXB Trẻ,NXB Trẻ,,Bìa mềm,16.0,2023-06-06,Tiki Trading,available,1000,False,True,True
221230978,Sách Tô Màu Bồi Dưỡng Năng Lực Cảm Nhận Thẩm Mỹ - Công Chúa Cổ Đại -  Tô Màu Công Chúa,20000,40000,50,5.0,1,8,Aladdin Book,Tân Việt,Nhà Xuất Bản Mỹ Thuật,,Bìa mềm,31.0,2023-01-01,Tiki Trading,available,1000,False,True,True
204416913,Học Toán Cùng Jenny - Sách Dành Cho Học Sinh Chuẩn Bị Vào Lớp 1 - Bộ Mở Rộng - Tập 4,29700,30000,1,0.0,0,7,Lê Anh Vinh,Nhà Xuất Bản Kim Đồng,Nhà Xuất Bản Kim Đồng,,,,,Nhà sách Fahasa,available,1000,True,True,True
204416891,Học Toán Cùng Jenny - Sách Dành Cho Học Sinh Chuẩn Bị Vào Lớp 1 - Bộ Cơ Bản - Tập 2,29700,30000,1,0.0,0,5,Lê Anh Vinh,Nhà Xuất Bản Kim Đồng,Nhà Xuất Bản Kim Đồng,,,,,Nhà sách Fahasa,available,1000,True,True,True
201693196,"Bộ Sách ""Vẽ Vạn Vật Từ Những Nét Đơn Giản"" (4 Cuốn)",240240,312000,23,5.0,1,40,Mo Rong Yin Dao,Nhã Nam,Nhà Xuất Bản Dân Trí,,Bìa mềm,1200.0,2022-10-10,Tiki Trading,available,1000,False,True,True
196291938,Sách Giúp bé phát triển tiềm năng toán học: 4 tuổi,28100,45000,38,5.0,1,17,MiloKids,Minh Long,Nhà Xuất Bản Đại Học Sư Phạm,,Bìa mềm,68.0,2021-10-07,Tiki Trading,available,1000,True,True,True
190502182,Bé Yêu Tô Màu - Đội Chó Cứu Hộ Paw Patrol - Tập 2,9600,12000,20,0.0,0,12,Trần Ngọc Bảo Hân,Cty Văn Hóa Nhân Văn,Nhà Xuất Bản Đồng Nai,,,,,Nhà sách Fahasa,available,1000,True,True,True
180749716,Tô Màu Yêu Thương - Khám Phá,19800,20000,1,0.0,0,1,Phan Thị,Cty Phan Thị,Nhà Xuất Bản Văn Học,,,,,Nhà sách Fahasa,available,1000,True,True,True
157783907,Sách Combo 5 cuốn: Tập tô tập viết và làm quen với toán (Hành trang vào lớp 1),98000,140000,30,0.0,0,2,,CÔNG TY TNHH THƯƠNG MẠI SÁCH NHÂN DÂN,Nhà Xuất Bản Đại Học Quốc Gia Hà Nội,,Bìa mềm,,,SÁCH NHÂN DÂN - ndbooks,available,1000,True,True,True
157118169,500 Mẫu Tô Màu Kích Thích Não Bộ,47500,50000,5,0.0,0,2,Bồ Câu và nhóm họa sĩ,Nhã Nam,Nhà Xuất Bản Dân Trí,,,,,Nhà sách Fahasa,available,1000,True,True,True
136482464,Sách Sticker Dolly Dressing - Dán Hình Sáng Tạo Trang Phục Búp Bê - Cô Bé Lọ Lem,55000,55000,0,5.0,2,9,.,Phương Nam Book,Nhà Xuất Bản Thanh Niên,,Bìa mềm,24.0,,Nhà Sách Phương Nam,available,1000,True,True,True
115246661,Bé Tập Viết Nét Cơ Bản (Dành Cho Bé Chuẩn Bị Vào Lớp 1),14700,15000,2,0.0,0,7,Hương Giang,Cty Văn Hóa Khang Việt,Nhà Xuất Bản Đại Học Quốc Gia Hà Nội,,,,,Nhà sách Fahasa,available,1000,True,True,True
108280753,Sách Tô Màu Thông Minh - Chúng Mình Cùng Tô Quyền Mầm (Cho Bé Từ 2- 6 Tuổi),20400,29000,30,4.8,4,25,Minh Thư,Tân Việt,Nhà Xuất Bản Mỹ Thuật,,Bìa mềm,47.0,2021-06-15,Tiki Trading,available,1000,False,True,True
87632531,Bé Tô Màu Trò Chơi Dân Gian - Tập 3,8000,10000,20,0.0,0,2,"Quang Toàn, Quang Toản",Cty Văn Hóa Nhân Văn,Nhà Xuất Bản Đồng Nai,,,,,Nhà sách Fahasa,available,1000,True,True,True
86417971,Bé Tô Màu Truyện Dân Gian Việt Nam - Sơn Tinh Thủy Tinh,8000,10000,20,0.0,0,5,"Quang Toàn, Quang Toản",Cty Văn Hóa Nhân Văn,,,,,,Nhà sách Fahasa,available,1000,True,True,True
86417784,Tô Màu Kỹ Năng Mẫu Giáo - Bé Bảo Vệ Môi Trường,6690,10000,33,0.0,0,1,Trần Ngọc Bảo Hân,Cty Văn Hóa Nhân Văn,Nhà Xuất Bản Đồng Nai,,,,,Nhân Văn,available,1000,True,True,True
86417683,Bé Tô Màu Truyện Dân Gian Việt Nam - Sự Tích Bánh Chưng Bánh Giầy,8000,10000,20,4.0,1,5,"Quang Toàn, Quang Toản",Cty Văn Hóa Nhân Văn,,,,,,Nhà sách Fahasa,available,1000,True,True,True
20332476,Sách Các Trò Chơi Tư Duy Sáng Tạo (3 -4 Tuổi),52800,55000,4,5.0,2,13,Hà Thu Quang,Văn Lang,,,Bìa mềm,48.0,2019-06-13,Nhà sách Fahasa,available,1000,True,True,True
19523501,Sách 7 Bước Vẽ Động Vật - Tập 1,33200,35000,5,0.0,0,2,Hồ Anh Tuấn,VanLangBooks,,,Bìa mềm,32.0,2019-05-31,Nhà sách Fahasa,available,1000,True,True,True
14502493,Tủ Sách Chuẩn Bị Cho Bé Vào Lớp 1 - Vở Tập Viết (Quyển 2),14800,15000,1,4.8,32,525,Thiên Ân,SÁCH THIẾT BỊ GIÁO DỤC ĐỨC TRÍ,,,Bìa mềm,22.0,2019-01-04,Nhà sách Fahasa,available,1000,True,True,True
10191178,Tủ Sách Bé Vào Lớp Một - Bé Làm Quen Với Chữ Cái Và Tập Tô Chữ,8200,10000,18,4.7,36,413,Lê Tuệ Minh - Lê Thu Ngọc,Minh Long,,,Bìa mềm,23.0,,Nhà sách Fahasa,available,1000,True,True,True
939097,Vẽ Cho Em Một Con Cừu - Sách Tô Màu Hoàng Tử Bé,99700,105000,5,5.0,2,5,Phỏng theo tác phẩm gốc của Antoine de Saint-Exupéry,NXB Trẻ,NXB Trẻ,,Bìa mềm,100.0,2017-12-07,Nhà sách Fahasa,available,1000,True,True,True
505354,Sách Copy Colour Tập 7,8960,15000,40,0.0,0,1,Trần Ngọc Minh Khuê,Công Ty CP Văn Hóa Nhân Văn,,,Bìa mềm,,2015-12-30,Nhân Văn,available,1000,True,True,True
454334,Sách Vừa Học Vừa Chơi - Ô Tô Con Và Xe Phun Nước,50000,50000,0,0.0,0,1,Nhóm tác giả,Nhà Xuất Bản Kim Đồng,Nhà Xuất Bản Kim Đồng,,Bìa mềm,,2015-04-22,Bamboo Books,available,1000,True,True,True
417834,Sách Bé Tập Tô Màu (Tập 3) - Dành Cho Trẻ Từ 3 Đến 6 Tuổi,34200,38000,10,0.0,0,4,.,Công Ty Cổ Phần Văn Hóa Đông A,Nhà Xuất Bản Dân Trí,,Bìa mềm,31.0,2014-01-21,Đông A Books Official,available,1000,True,True,True
279131989,Sách - Sách Phát Triển Tư Duy Ngôn Ngữ - Tập Đánh Vần Tiếng Việt Theo Sơ Đồ Tư Duy,72000,80000,10,0.0,0,0,nhieu tac gia,Megabook,Nhà Xuất Bản Đại Học Quốc Gia Hà Nội,,Bìa mềm,,2023-12-21,Nhà sách Fahasa,available,1000,True,True,True
278830803,Sách - Rèn Luyện Tư Duy Tiền Tiểu Học - Quan Sát Và Ghi Nhớ Siêu Việt - Cho Trẻ 5-6 Tuổi,40800,48000,15,0.0,0,1,nhieu tac gia,Nhà sách Minh Thắng,Nhà Xuất Bản Phụ Nữ Việt Nam,,Bìa mềm,,2023-12-21,Nhà sách Fahasa,available,1000,True,True,True
274946267,Sách DINO tập vẽ - 4 bước vẽ đơn giản Động vật nuôi,29000,29000,0,0.0,0,0,Little Rainbow,Megabook,Nhà Xuất Bản Thanh Niên,,Bìa mềm,,2024-04-04,MEGABOOK,available,1000,True,True,True
274872687,Dino Tập Vẽ - 4 Bước Vẽ Đơn Giản - Động Vật,32400,36000,10,0.0,0,3,Little Rainbow,Megabook,nxb thanh nien,,,,,Nhà sách Fahasa,available,1000,True,True,True
274372031,"Bộ Sách Tập Tô Thông Minh - Làm Quen Với Chữ Cái, Chữ Số Và Hình Khối (Bộ 3 Cuốn)",144000,144000,0,0.0,0,1,"Thiện Minh,  Thùy Vũ",Nhà Xuất Bản Kim Đồng,Nhà Xuất Bản Kim Đồng,,,,,Bamboo Books,available,1000,True,True,True
274020543,Sticker Fashion - Dán Hình Thời Trang - Tập 3,38200,45000,15,0.0,0,1,Phan Minh Đạo,Nhà sách Minh Thắng,NXB Dân Trí,,,,,Nhà sách Fahasa,available,1000,True,True,True
273730979,Vở Tập Viết Có Mẫu Chữ - Quyển 2 _HA,17000,17000,0,0.0,0,0,Minh Tâm,Nhà Sách Hồng Ân,Nhà Xuất Bản Hải Phòng,,Bìa mềm,47.0,,NewShop Official,available,1000,True,True,True
273377351,Sách Tô Màu Tarot (Tô Màu Theo Cách Của Bạn Để Khai Mở Trực Giác Diệu Kỳ )  - Bản Quyền,115000,115000,0,0.0,0,0,,Skybooks,Nhà Xuất Bản Thế Giới,,,,,NHBook,available,1000,True,True,True
273181968,Combo 6 cuốn Bé làm họa sĩ,228000,228000,0,0.0,0,0,,Công Ty Cổ Phần Văn Hóa Đông A,Nhà Xuất Bản Dân Trí,,Bìa mềm,,,Bamboo Books,available,1000,True,True,True
271246057,Khéo Tay Tô Màu - Vui Chơi Ở Nhà,25000,25000,0,0.0,0,0,,Nhà Xuất Bản Kim Đồng,Nhà Xuất Bản Kim Đồng,,Bìa mềm,16.0,,Bamboo Books,available,1000,True,True,True
270906918,Sách Hình dán thông minh giúp bé làm quen với toán học - chiếc diều bay lên,59000,59000,0,0.0,0,0,,Nhà Sách Hồng Ân,Nhà Xuất Bản Thanh Niên,,Bìa mềm,,,Bamboo Books,available,1000,True,True,True
270711528,Peppa Pig Khéo Tay Tô Màu - Peppa Hào Hiệp,25000,25000,0,0.0,0,2,nhieu tac gia,NXB Kim Đồng,Nhà Xuất Bản Kim Đồng,,Bìa mềm,16.0,,Bamboo Books,available,1000,True,True,True
248880719,Khéo Tay Tô Màu - Những Nhà Thám Hiểm Ngoài Trời,25000,25000,0,0.0,0,0,Nhiều tác giả,Nhà Xuất Bản Kim Đồng,Nhà Xuất Bản Kim Đồng,,,,,Bamboo Books,available,1000,True,True,True
248880701,Khéo Tay Tô Màu - Lớn Lên! Lớn Lên!,25000,25000,0,0.0,0,0,Nhiều tác giả,Nhà Xuất Bản Kim Đồng,Nhà Xuất Bản Kim Đồng,,,,,Bamboo Books,available,1000,True,True,True
248880699,Khéo Tay Tô Màu - Giáng Sinh Của Peppa,25000,25000,0,0.0,0,0,Nhiều tác giả,Nhà Xuất Bản Kim Đồng,Nhà Xuất Bản Kim Đồng,,,,,Bamboo Books,available,1000,True,True,True
247566577,Tô Màu Công Chúa - Nàng Tiên Cá,14400,16000,10,0.0,0,0,Tiền Lệ,Đinh Tị,nxb thanh nien,,,,,Nhà sách Fahasa,available,1000,True,True,True
220663059,Sách Con Tô Màu: Thám Hiểm Amazon,27000,27000,0,0.0,0,0,Little Rainbow,Megabook,Nhà Xuất Bản Mỹ Thuật,,Bìa mềm,,2022-12-12,MEGABOOK,available,1000,True,True,True
212484335,Tô Màu Và Dựng Hình 3D - Khủng Long,76500,88000,13,0.0,0,2,Elisa Paganelli,Đinh Tị,nxb thanh nien,,,,,Nhà sách Fahasa,available,1000,True,True,True
205810061,Sticker IQ-EQ-CQ – 208 Miếng Dán Hình Thông Minh - Vương Quốc Đồ Chơi (Tái bản năm 2022),68000,68000,0,0.0,0,0,Phan Minh Đạo,Nhà Xuất Bản Dân Trí,Nhà Xuất Bản Dân Trí,,Bìa mềm,26.0,,Nhà Sách Phương Nam,available,1000,True,True,True
204301996,Tô Màu Bóc Dán - Kỳ Nghỉ Lễ - Holiday (Tái Bản),23200,24000,3,0.0,0,2,Jessica Greenwell,Đinh Tị,Nhà Xuất Bản Hà Nội,,,,,Nhà sách Fahasa,available,1000,True,True,True
196291996,Sách Túi Họa sĩ tí hon (6 cuốn),53100,90000,41,0.0,0,0,Khánh Hòa,Minh Long,Nhà Xuất Bản Mỹ Thuật,,Bìa mềm,16.0,2023-03-21,Tiki Trading,available,1000,True,True,True
190502357,Bé Yêu Tô Màu - Đội Chó Cứu Hộ Paw Patrol - Tập 4,9600,12000,20,5.0,1,14,Trần Ngọc Bảo Hân,Cty Văn Hóa Nhân Văn,Nhà Xuất Bản Đồng Nai,,,,,Nhà sách Fahasa,available,1000,True,True,True
188534637,Sách Tô Màu Công Chúa Tập 2,10500,14000,25,5.0,8,75,Minh Đạo,Nhà sách Minh Thắng,Nhà Xuất Bản Dân Trí,,Bìa mềm,16.0,2022-04-04,Tiki Trading,available,1000,False,True,True
175700758,Sách Con Tô Màu - Thám Hiểm Bắc Cực,23000,28000,18,5.0,2,32,Little Rainbow,Megabook,Nhà Xuất Bản Thanh Niên,,Bìa mềm,24.0,2022-04-22,Tiki Trading,available,1000,False,True,True
146276236,Phiếu Luyện Viết Cùng Gấu Kiki 2 - Luyện Viết Bảng Chữ Cái,26100,29000,10,5.0,1,3,Trần Thị Hường,Megabook,Nhà Xuất Bản Thanh Niên,,,,,Nhà sách Fahasa,available,1000,True,True,True
146275526,Phiếu Luyện Viết Cùng Gấu Kiki 1 - Luyện Viết Các Nét Cơ Bản,26100,29000,10,0.0,0,1,Trần Thị Hường,Megabook,Nhà Xuất Bản Thanh Niên,,,,,Nhà sách Fahasa,available,1000,True,True,True
96710492,Tô màu cho bé - nhân vật hoạt hình bộ 4 cuốn,40000,48000,17,5.0,2,5,,Công ty CP in Thương Mại Nam Hải,Nhà Xuất Bản Hà Nội,,,,,Bùi Thị Anh,available,1000,True,True,True
77328452,Tô Màu Công Chúa Đáng Yêu - Tập 1,11000,13000,15,0.0,0,2,Dương Hợp Kỳ,Nhà sách Minh Thắng,Nhà Xuất Bản Dân Trí,,,,,Nhà sách Fahasa,available,1000,True,True,True
73521901,Sách Sticker Dolly Dressing - Dán Hình Sáng Tạo Trang Phục Búp Bê - Công Chúa Tuyết,52200,55000,5,5.0,8,54,Fiona Watt,Đinh Tị,Nhà Xuất Bản Thanh Niên,,Bìa mềm,34.0,,Nhà sách Fahasa,available,1000,True,True,True
58729295,Sách Cùng Khủng Long Tập Viết Chữ Cơ Bản - Chữ Cái Tiếng Anh Viết Hoa - Quyển 4 - Sticker Bé Gái,26100,29000,10,0.0,0,15,Runkids,Megabook,Nhà Xuất Bản Thanh Niên,,Bìa mềm,32.0,2019-11-01,Nhà sách Fahasa,available,1000,True,True,True
13686969,Sách Dán Hình Sáng Tạo Trang Phục Búp Bê 69N - Bộ Sưu Tập Thời Trang London (Tái Bản),65500,69000,5,0.0,0,22,Usbone,Đinh Tị,,,Bìa mềm,,2019-04-01,Nhà sách Fahasa,available,1000,True,True,True
11652752,Sách 200 Miếng Bóc Dán Thông Minh - Các Loài Động Vật + Khủng Long + Đồ Chơi Của Bé + Phương Tiện Giao Thông,192650,192650,0,5.0,1,29,Tuệ Văn,Đinh Tị,Nhà Xuất Bản Thanh Niên,,Bìa mềm,,2019-02-25,Phương Đông Books,available,1000,True,True,True
2732721,Sách 200 Miếng Bóc Dán Thông Minh - Nhận Biết Rau Củ Quả (2-6 Tuổi) - (Tái Bản 2018),52200,55000,5,4.6,5,83,Ngọc Linh,Đinh Tị,,,Bìa mềm,,2018-06-22,Nhà sách Fahasa,available,1000,True,True,True
2537153,Sách 200 Miếng Bóc Dán Thông Minh Phát Triển Chỉ Số Thông Minh Sáng Tạo CQ T2 - Dành Cho Trẻ 2-10 Tuổi (Tái Bản 2018),43600,55000,21,5.0,54,811,"Cung Huân, Ngọc Linh",Đinh Tị,,,Bìa mềm,,,Tiki Trading,available,1000,True,True,True
729394,Sách 123 Nào Ta Tô Màu! - Thức Ăn,15000,15000,0,0.0,0,2,Ngọc Linh,Đinh Tị,,,Bìa mềm,20.0,2017-07-01,Nhà sách Fahasa,available,1000,True,True,True
729382,Sách 123 Nào Ta Tô Màu! - Hoa Quả,15000,15000,0,0.0,0,0,Ngọc Linh,Đinh Tị,,,Bìa mềm,20.0,2017-07-01,Nhà sách Fahasa,available,1000,True,True,True
418964,Sách Dán Hình Sáng Tạo Trang Phục Búp Bê - Chào Năm Học Mới,52600,69000,24,4.8,5,127,,Đinh Tị,,,Bìa mềm,24.0,2014-06-20,Tiki Trading,available,1000,True,True,True
418928,Sách Dán Hình Sáng Tạo Trang Phục Búp Bê - Kỳ Nghỉ Vui Vẻ,53400,69000,23,4.0,3,125,,Đinh Tị,,,Bìa mềm,24.0,2014-06-20,Tiki Trading,available,1000,True,True,True
418921,Sách Dán Hình Sáng Tạo Trang Phục Búp Bê - Phù Dâu Xinh Đẹp,54800,69000,21,4.5,12,161,Nhiều tác giả,Đinh Tị,Nhà Xuất Bản Thời Đại,,Bìa mềm,24.0,2014-09-20,Tiki Trading,available,1000,False,True,True
418920,Sách Dán Hình Sáng Tạo Trang Phục Búp Bê - Những Nàng Tiên,65500,69000,5,5.0,9,38,,Đinh Tị,,,Bìa mềm,,2014-06-20,Nhà sách Fahasa,available,1000,True,True,True
279059464,Combo 2 quyển tô màu Baby Three trong thế giới cổ tích + Tí Đù - Thế giới to bự trong mắt tớ!,123200,154000,20,0.0,0,0,"Tree, Tidu team",Công Ty Cổ Phần Time Books,Nhà Xuất Bản Phụ Nữ Việt Nam,,Bìa mềm,80.0,,SÁCH TIMEBOOKS,available,1000,True,True,True
279023725,Sách - Combo 5 cuốn: JADOO Luyện Viết Chữ - Nhớ Từ Vựng Tiếng Anh,296250,395000,25,0.0,0,0,1980 Edu,1980 Books,NXB Dân Trí,,Bìa mềm,140.0,,TTR Next Generation,available,1000,True,True,True
279023378,Sách tô màu: Tí Đù - Thế giới to bự trong mắt tớ! - Tidu team,70520,86000,18,0.0,0,0,Tidu team,Công Ty Cổ Phần Time Books,Nhà Xuất Bản Phụ Nữ Việt Nam,,Bìa mềm,80.0,,SÁCH TIMEBOOKS,available,1000,True,True,True
278864199,HƯỚNG DẪN LUYỆN VIẾT CHỮ ĐẸP CƠ BẢN - Nguyễn Thị Tuyết Sương Chủ biên - Đông A,65000,65000,0,0.0,0,0,nhieu tac gia,Công Ty Cổ Phần Văn Hóa Đông A,Nhà Xuất Bản Đại Học Sư Phạm TPHCM,,Bìa mềm,56.0,,BÌNH BÁN BOOK,available,1000,True,True,True
278733158,SẮC MÀU VÀ HƠI THỞ (sách tô màu) – OSHO – Thái Hà Books,139000,139000,0,0.0,0,0,Osho,Thái Hà,Nhà Xuất Bản Công Thương,,Bìa mềm,164.0,,Bamboo Books,available,1000,True,True,True
277174865,Sách- Combo Túi 8 quyển sách Tô Màu Tập làm Hoạ Sĩ nhí dành cho bé (Song ngữ Việt Anh),67200,96000,30,0.0,0,1,Nguyễn Thanh Tùng,CÔNG TY TNHH IN VÀ TM TUẤN VIỆT,Nhà Xuất Bản Mỹ Thuật,,Bìa mềm,16.0,,Xưởng in sách mầm non,available,1000,True,True,True
277167679,Sách- Tô màu Sáng Tạo IQ k+ 18 chủ đề dày 100 trang giúp bé Phát triển Tư Duy (Song ngữ Việt Anh),71000,100000,29,0.0,0,0,,CÔNG TY TNHH IN VÀ TM TUẤN VIỆT,Nhà Xuất Bản Hà Nội,,Bìa mềm,100.0,,Xưởng in sách mầm non,available,1000,True,True,True
277135135,Sách- Bước Đầu Tập Viết dành cho bé 4-6 tuổi (Giúp bé tự tin vào lớp 1),110000,110000,0,0.0,0,1,Hà Phương,CÔNG TY TNHH IN VÀ TM TUẤN VIỆT,Nhà Xuất Bản Hà Nội,,Bìa mềm,100.0,,Xưởng in sách mầm non,available,1000,True,True,True
277133416,Sách- Combo 10 cuốn sách Tập Tô Màu theo chủ đề cho bé mầm non (Chủ đề ngẫu nhiên),96000,120000,20,0.0,0,0,Nguyễn Như Quỳnh,CÔNG TY TNHH IN VÀ TM TUẤN VIỆT,Nhà Xuất Bản Hà Nội,,Bìa mềm,16.0,,Xưởng in sách mầm non,available,1000,True,True,True
277131871,Sách-Combo 8 cuốn sách Tập Tô chữ Luyện viết theo chương trình mới loại dày 48 trang dành cho bé sẵn sàng vào lớp 1,90400,113000,20,0.0,0,0,Phạm Thị Thanh,CÔNG TY TNHH IN VÀ TM TUẤN VIỆT,Nhà Xuất Bản Hà Nội,,Bìa mềm,36.0,,Xưởng in sách mầm non,available,1000,True,True,True
277129058,Sách- Combo 3 cuốn sách Những chấm tròn giúp bé Luyện Viết theo chương trình mới (Quét mã CODE để xem hướng dẫn),71100,90000,21,0.0,0,0,Trần Thúy Hằng,CÔNG TY TNHH IN VÀ TM TUẤN VIỆT,Nhà Xuất Bản Hà Nội,,Bìa mềm,48.0,,Xưởng in sách mầm non,available,1000,True,True,True
277045327,Sách- Combo 4 Cuốn sách Tự xoá Thông minh: Phép trừ+ So sánh+ Toán+ Nét bút (Tặng kèm bút),128000,160000,20,5.0,1,2,Phạm Thị Thanh,CÔNG TY TNHH IN VÀ TM TUẤN VIỆT,Nhà Xuất Bản Hà Nội,,Bìa cứng,32.0,,Xưởng in sách mầm non,available,1000,True,True,True
276349671,Sách - Tô Màu Cuộc Sống Muôn Mùa Cùng Bu (VT),79000,79000,0,0.0,0,0,nhieu tac gia,Công Ty TNHH Văn Hóa Việt Thư,Nhà Xuất Bản Phụ Nữ Việt Nam,,,,,Bảo Châu Books,available,1000,True,True,True
276319393,Sách - Bé Tô Màu Labubu (Trọn bộ 4 cuốn),60000,60000,0,0.0,0,1,,Nhà Sách Hồng Ân,Nhà Xuất Bản Hải Phòng,,,,,VĂN PHÒNG PHẨM ĐỒ CHƠI VŨ DUYÊN,available,1000,True,True,True
276005040,Sách - Tô Màu - Tô Tuổi Thơ Vẽ Nụ Cười (VT),64600,68000,5,0.0,0,0,nhieu tac gia,Công Ty TNHH Văn Hóa Việt Thư,Nhà Xuất Bản Phụ Nữ Việt Nam,,,,,Cá Chép Bookstore,available,1000,True,True,True
275916489,Sách - Dán Hình Sticker - Công Viên Khủng Long - Tập 4 (VT),39000,39000,0,0.0,0,0,nhieu tac gia,Công Ty TNHH Văn Hóa Việt Thư,Nhà Xuất Bản Phụ Nữ Việt Nam,,,,,Nhà Sách Việt Thư,available,1000,True,True,True
274777341,Dán Hình Công Chúa - Công Chúa Phép Thuật,42000,42000,0,0.0,0,0,Cẩm Nhung,NXB Văn Học,Nhà Xuất Bản Văn Học,,Bìa mềm,32.0,,Nhà Sách Phương Nam,available,1000,True,True,True
274141011,Tô Màu Công Chúa Xinh Đẹp - Công Chúa Đồng Quê (Tái bản năm 2024),25000,25000,0,0.0,0,0,Trần Bồi Lương,NXB Mỹ Thuật,Nhà Xuất Bản Mỹ Thuật,,Bìa mềm,25.0,,Nhà Sách Phương Nam,available,1000,True,True,True
274141003,Tô Màu Công Chúa Xinh Đẹp - Công Chúa Đáng Yêu (Tái bản năm 2024),25000,25000,0,0.0,0,0,Trần Bồi Lương,NXB Mỹ Thuật,Nhà Xuất Bản Mỹ Thuật,,Bìa mềm,25.0,,Nhà Sách Phương Nam,available,1000,True,True,True
273610432,Combo 4 Quyển Bóc Dán Hình Thông Minh - Công Chúa Nhỏ - Little Princess (VT),232000,232000,0,0.0,0,0,Việt Thư,Công Ty TNHH Văn Hóa Việt Thư,Nhà Xuất Bản Phụ Nữ Việt Nam,,Bìa mềm,,,Nhà Sách Việt Thư,available,1000,True,True,True
271245797,Khéo Tay Tô Màu - Peppa Hào Hiệp,25000,25000,0,0.0,0,0,,Nhà Xuất Bản Kim Đồng,Nhà Xuất Bản Kim Đồng,,Bìa mềm,16.0,,Bamboo Books,available,1000,True,True,True
270744251,Dán Hình Nhận Biết Động Vật - Những Loài Vật Dễ Thương,49000,49000,0,0.0,0,0,Beijing Little Red Flower Studio,NXB Thanh Niên,Nhà Xuất Bản Thanh Niên,,Bìa mềm,8.0,,Nhà Sách Phương Nam,available,1000,True,True,True
270717834,Hình Dán Thú Vị Rèn Trí Thông Minh - An Toàn Mạnh Khỏe,32000,32000,0,0.0,0,0,,NXB Thanh Niên,Nhà Xuất Bản Thanh Niên,,Bìa mềm,16.0,,Nhà Sách Phương Nam,available,1000,True,True,True
270716253,Sticker Khám Phá Thế Giới – My Fairies - Cô Tiên Của Em,35000,35000,0,0.0,0,1,Hạnh Lâm,NXB Hồng Đức,Nhà Xuất Bản Hồng Đức,,Bìa mềm,8.0,,Nhà Sách Phương Nam,available,1000,True,True,True
270704184,Tô Màu Và Các Trò Chơi - Tình Bạn Diệu Kì (Tặng kèm sticker),29000,29000,0,0.0,0,0,nhieu tac gia,NXB Mỹ Thuật,Nhà Xuất Bản Mỹ Thuật,,,36.0,,Nhà Sách Phương Nam,available,1000,True,True,True
270703039,Bàn Tay Bé Vẽ - Kiến Trúc,19000,19000,0,0.0,0,0,Nguyễn Thị Vi Khanh,NXB Văn Học,Nhà Xuất Bản Văn Học,,Bìa mềm,20.0,2019-10-06,Nhà Sách Phương Nam,available,1000,True,True,True
252392137,Sách Tiểu vũ trụ  tô màu thế giới 12 chòm sao - Bản Quyền,109000,109000,0,0.0,0,0,,Skybooks,Nhà Xuất Bản Thế Giới,,,,,Nhà Sách Vĩnh Thụy,available,1000,True,True,True
249659392,Nào Mình Cùng Vẽ - Khám Phá Đại Dương,40000,40000,0,0.0,0,0,Nguyễn Thu Huyền,Nhà Xuất Bản Kim Đồng,Nhà Xuất Bản Kim Đồng,,,,,Bamboo Books,available,1000,True,True,True
249659390,Nào Mình Cùng Vẽ - Nông Trại Vui Vẻ,40000,40000,0,0.0,0,0,Nguyễn Thu Huyền,Nhà Xuất Bản Kim Đồng,Nhà Xuất Bản Kim Đồng,,,,,Bamboo Books,available,1000,True,True,True
247722518,Sách - Combo vở luyện viết lớp 1 - Biên soạn theo chương trình sách giáo khoa mới chân trời sáng tạo,36000,36000,0,0.0,0,43,Hoàng Hải Vân,Trí Việt,Nhà Xuất Bản Đồng Nai,,Bìa mềm,54.0,,VĂN PHÒNG PHẨM ĐỒ CHƠI VŨ DUYÊN,available,1000,True,True,True
215733035,Bộ Sách Tô Màu Thông Minh Đầu Tiên Của Bé - Người Tuyết Đáng Yêu (3-4 tuổi),35000,35000,0,0.0,0,0,Aladdin Book,NXB Mỹ Thuật,Nhà Xuất Bản Mỹ Thuật,,Bìa mềm,24.0,,Nhà Sách Phương Nam,available,1000,True,True,True
215556561,"Sách - Bóc Dán Phát Triển Trí Tuệ Cảm Xúc CQ, IQ, EQ 299+ Stickers (6 Cuốn)",205000,205000,0,5.0,1,6,,Việt Hà,Nhà Xuất Bản Hà Nội,,,,,VĂN PHÒNG PHẨM ĐỒ CHƠI VŨ DUYÊN,available,1000,True,True,True
214731860,34 Truyện Kể Cho Bé Mầm Non Làm Quen Với Toán,69000,69000,0,0.0,0,0,Khánh Vân,NXB Phụ Nữ,Nhà Xuất Bản Phụ Nữ,,Bìa mềm,35.0,,Nhà Sách Phương Nam,available,1000,True,False,True
212324406,Hình Dán Thông Minh - Sắc Màu Cuộc Sống,49000,49000,0,0.0,0,0,nhieu tac gia,NXB Thanh Niên,Nhà Xuất Bản Thanh Niên,,Bìa mềm,16.0,,Nhà Sách Phương Nam,available,1000,True,True,True
212323647,300 Miếng Bóc Dán Thông Minh - Khả Năng Sáng Tạo,30000,30000,0,0.0,0,0,Ưu Ưu Thử,NXB Thanh Niên,Nhà Xuất Bản Thanh Niên,,Bìa mềm,20.0,,Nhà Sách Phương Nam,available,1000,True,True,True
212323347,Bé Tô Màu - Động Vật,15000,15000,0,0.0,0,0,Kim Thúy,NXB Mỹ Thuật,Nhà Xuất Bản Mỹ Thuật,,Bìa mềm,16.0,,Nhà Sách Phương Nam,available,1000,True,False,True
206360986,Túi Xách Dễ Thương Barbie - Tập 2,29000,29000,0,0.0,0,0,nhieu tac gia,Nhà Xuất Bản Mỹ Thuật,Nhà Xuất Bản Mỹ Thuật,,Bìa mềm,24.0,,Nhà Sách Phương Nam,available,1000,True,True,True
205809477,Bộ Sưu Tập 200 Sticker - Bé Làm Quen Với Môn Toán (Tái bản năm 2022),68000,68000,0,0.0,0,1,Phan Minh Đạo,Nhà Xuất Bản Dân Trí,Nhà Xuất Bản Dân Trí,,Bìa mềm,26.0,,Nhà Sách Phương Nam,available,1000,True,True,True
174608116," Luyện viết  chữ thường cỡ nhỏ ( vở ô ly có mẫu nét cơ bản, chữ thường, chữ ghép và câu)",28000,28000,0,4.8,8,89,Lý Văn Quỳnh,Nhà sách Bảo Châu,Nhà Xuất Bản Phụ Nữ,,Bìa mềm,48.0,,Bảo Châu Books,available,1000,True,True,True
73102465,Bé Tô màu - Combo 11 cuốn,127255,127255,0,4.8,366,2260,,Nhà Xuất Bản Mỹ Thuật,Nhà Xuất Bản Mỹ Thuật,,Bìa mềm,16.0,2018-11-19,TUANVIET BOOKS Official Store,available,1000,True,True,True
279269806,Sách - Tập Tô Tập Ghép Vần - Tập 2,12000,12000,0,0.0,0,0,nhieu tac gia,Fahasa,Nhà Xuất Bản Hải Phòng,,Bìa mềm,,2023-12-21,Nhà sách Fahasa,available,1000,True,True,True
278871018,Sách - Hành Trang Cho Bé Vào Lớp 1 - Tập Tô-Tập Viết Chữ Cái - Quyển 2,13000,13000,0,0.0,0,0,Huyền Linh,Cty Văn Hóa & Truyền Thông Trí Việt.,Nhà Xuất Bản Văn Học,,Bìa mềm,,2023-12-21,Nhà sách Fahasa,available,1000,True,True,True
274823552,Em Tập Tô Màu - Chủ Đề Các Phương Tiện Giao Thông (2024),11500,11500,0,0.0,0,1,Chính Bình,Cty TNHH TM&DV VH GD Phía Nam,,,,,,Nhà sách Fahasa,available,1000,True,True,True
274823527,Em Tập Tô Màu - Chủ Đề Động Vật Biển (Tái Bản 2024),11500,11500,0,0.0,0,0,Chính Bình,Cty TNHH TM&DV VH GD Phía Nam,,,,,,Nhà sách Fahasa,available,1000,True,True,True
274457957,Em Tập Tô Màu - Chủ Đề: Các Loại Hoa Quả (Tái Bản),11500,11500,0,0.0,0,0,Chính Bình,Cty TNHH TM&DV VH GD Phía Nam,Nhà Xuất Bản Đồng Nai,,,,,Nhà sách Fahasa,available,1000,True,True,True
274457953,Em Tập Tô Màu - Chủ Đề Động Vật Hoang Dã (Tái Bản),11500,11500,0,0.0,0,0,Chính Bình,Cty TNHH TM&DV VH GD Phía Nam,,,,,,Nhà sách Fahasa,available,1000,True,True,True
274118116,Sticker Sách Trang Điểm Công Chúa 4,45000,45000,0,0.0,0,0,,NXB Phụ Nữ,Nhà Xuất Bản Phụ Nữ,,Bìa mềm,20.0,,Nhà Sách Phương Nam,available,1000,True,True,True
274118106,Sticker Sách Trang Điểm Công Chúa 2,45000,45000,0,0.0,0,0,,NXB Phụ Nữ,Nhà Xuất Bản Phụ Nữ,,Bìa mềm,20.0,,Nhà Sách Phương Nam,available,1000,True,True,True
274118104,Sticker Sách Trang Điểm Công Chúa 3,45000,45000,0,0.0,0,0,,NXB Phụ Nữ,Nhà Xuất Bản Phụ Nữ,,Bìa mềm,20.0,,Nhà Sách Phương Nam,available,1000,True,True,True
274118094,Animal Stickers - Bóc Dán Hình Phát Triển IQ-EQ-CQ - Động Vật Đáng Yêu 2,45000,45000,0,0.0,0,0,,NXB Phụ Nữ,Nhà Xuất Bản Phụ Nữ,,Bìa mềm,16.0,,Nhà Sách Phương Nam,available,1000,True,True,True
274064715,Tô Màu Sáng Tạo Phát Triển Trí Não - Cấp Độ 4 (3-4 tuổi),18000,18000,0,0.0,0,0,,NXB Thanh Niên,Nhà Xuất Bản Thanh Niên,,Bìa mềm,16.0,,Nhà Sách Phương Nam,available,1000,True,True,True
274028339,Sách Dán Hình Thông Minh - 100 Từ Vựng Đầu Tiên Của Bé,119000,119000,0,0.0,0,0,nhieu tac gia,NXB Mỹ Thuật,Nhà Xuất Bản Mỹ Thuật,,Bìa mềm,48.0,,Nhà Sách Phương Nam,available,1000,True,True,True
273372287,Tủ Sách Trang Điểm Thần Tượng K-Pop - Tập 4,45000,45000,0,0.0,0,0,,NXB Phụ Nữ,Nhà Xuất Bản Phụ Nữ,,Bìa mềm,20.0,,Nhà Sách Phương Nam,available,1000,True,True,True
270745716,Peppa Pig Khéo Tay Tô Màu - Thám Hiểm Không Gian,25000,25000,0,0.0,0,0,nhieu tac gia,NXB Kim Đồng,Nhà Xuất Bản Kim Đồng,,Bìa mềm,16.0,,Nhà Sách Phương Nam,available,1000,True,True,True
263964612,Tập Tô Chữ - Mẫu Giáo 4-5 Tuổi,10000,10000,0,5.0,1,14,"Thiện Lộc,  Minh Nguyệt",Cty Giáo Dục Đức Trí,Nhà Xuất Bản Đại Học Quốc Gia TP.HCM,,,,,Nhà sách Fahasa,available,1000,True,True,True
263103874,Tô Màu Bé Yêu Cổ Tích - Tập 6: Cây Tre Trăm Đốt,15000,15000,0,0.0,0,0,Nhiều tác giả,Cty Phan Thị,Nhà Xuất Bản Đại Học Sư Phạm TPHCM,,,,,Nhà sách Fahasa,available,1000,True,True,True
207646032,Tô Màu Cổ Tích - Cô Bé Tí Hon,28000,28000,0,0.0,0,0,Little Red Flower,NXB Kim Đồng,Nhà Xuất Bản Kim Đồng,,Bìa mềm,16.0,,Nhà Sách Phương Nam,available,1000,True,True,True
207642363,Vở Bé Làm Quen Với Chữ Cái 4-5t,11000,11000,0,0.0,0,0,Lê Tuệ Minh,NXB Đại Học Sư Phạm,Nhà Xuất Bản Đại Học Sư Phạm,,Bìa mềm,,,Nhà Sách Phương Nam,available,1000,True,True,True
206335264,My Little Pony - Jumbo Tô Màu Và Các Trò Chơi - Tập 6,29000,29000,0,0.0,0,0,nhieu tac gia,Nhà Xuất Bản Mỹ Thuật,Nhà Xuất Bản Mỹ Thuật,,Bìa mềm,36.0,,Nhà Sách Phương Nam,available,1000,True,True,True
206335247,My Little Pony - Jumbo Tô Màu Và Các Trò Chơi - Tập 1,29000,29000,0,0.0,0,0,nhieu tac gia,Nhà Xuất Bản Mỹ Thuật,Nhà Xuất Bản Mỹ Thuật,,Bìa mềm,36.0,,Nhà Sách Phương Nam,available,1000,True,False,True
206334944,Barbie Thủ Công Dựng Hình Thời Trang - Thời Trang Dự Tiệc,38000,38000,0,0.0,0,3,The Five Mile Press,Nhà Xuất Bản Mỹ Thuật,Nhà Xuất Bản Mỹ Thuật,,Bìa mềm,8.0,,Nhà Sách Phương Nam,available,1000,True,True,True
205811640,Hình Dán Ngộ Nghĩnh - Phát Triển Khả Năng Quan Sát - Động Vật Ở Trang Trại,55000,55000,0,0.0,0,1,nhieu tac gia,Nhà Xuất Bản Thanh Niên,Nhà Xuất Bản Thanh Niên,,Bìa mềm,20.0,,Nhà Sách Phương Nam,available,1000,True,True,True
205810047,Bộ Sưu Tập 200 Sticker - Bảng Chữ Cái Tiếng Anh (Tái bản năm 2022),68000,68000,0,0.0,0,0,Phan Minh Đạo,Nhà Xuất Bản Dân Trí,Nhà Xuất Bản Dân Trí,,Bìa mềm,26.0,,Nhà Sách Phương Nam,available,1000,True,True,True
205809972,Miếng Dán Thần Kỳ - Bồi Dưỡng Chỉ Số EQ,36000,36000,0,0.0,0,0,Bích Ngọc,Nhà xuất bản Văn Học,Nhà Xuất Bản Văn Học,,Bìa mềm,20.0,,Nhà Sách Phương Nam,available,1000,True,True,True
205807415,Sách Bóc Dán Dành Cho Bé Gái - Giáng Sinh Lung Linh,55000,55000,0,0.0,0,1,nhieu tac gia,Nhà Xuất Bản Hà Nội,Nhà Xuất Bản Hà Nội,,Bìa mềm,16.0,,Nhà Sách Phương Nam,available,1000,True,True,True
205707594,Hình Dán Thú Vị Rèn Luyện Tư Duy - Tập 3,55000,55000,0,0.0,0,0,nhieu tac gia,Nhà Xuất Bản Thanh Niên,Nhà Xuất Bản Thanh Niên,,Bìa mềm,24.0,,Nhà Sách Phương Nam,available,1000,True,True,True
205704769,Dán Hình Siêu Đáng Yêu - Các Em Bé Động Vật,52000,52000,0,0.0,0,0,Hemma,Nhà Xuất Bản Thanh Niên,Nhà Xuất Bản Thanh Niên,,Bìa mềm,12.0,,Nhà Sách Phương Nam,available,1000,True,True,True
205697135,Tô Màu Ngộ Nghĩnh - Âm Nhạc,19000,19000,0,0.0,0,1,Carotte et Compagnie,Nhà Xuất Bản Thanh Niên,Nhà Xuất Bản Thanh Niên,,Bìa mềm,24.0,,Nhà Sách Phương Nam,available,1000,True,True,True
205697116,Tô Màu Ngộ Nghĩnh - Rừng Rậm,19000,19000,0,0.0,0,0,Carotte et Compagnie,Nhà Xuất Bản Thanh Niên,Nhà Xuất Bản Thanh Niên,,Bìa mềm,24.0,,Nhà Sách Phương Nam,available,1000,True,True,True
205697068,Tô Màu Ngộ Nghĩnh - Khu Vườn,19000,19000,0,0.0,0,0,Carotte et Compagnie,Nhà Xuất Bản Thanh Niên,Nhà Xuất Bản Thanh Niên,,Bìa mềm,24.0,,Nhà Sách Phương Nam,available,1000,True,True,True
205696146,300 Miếng Bóc Dán Thông Minh - Rèn Luyện Ngôn Ngữ,30000,30000,0,0.0,0,0,Ưu Ưu Thử,Nhà Xuất Bản Thanh Niên,Nhà Xuất Bản Thanh Niên,,Bìa mềm,20.0,,Nhà Sách Phương Nam,available,1000,True,True,True
171586136,Tô Màu Bé Yêu Cổ Tích - Tập 2: Tếng Đàn Thạch Sanh,15000,15000,0,0.0,0,0,Nhiều tác giả,Cty Phan Thị,Nhà Xuất Bản Đại Học Sư Phạm TPHCM,,,,,Nhà sách Fahasa,available,1000,True,True,True
137441746,Sách Nối Hình Thông Minh - Học Chữ A-Y,25000,25000,0,0.0,0,0,Minh Thư,Nhà Xuất Bản Mỹ Thuật,Nhà Xuất Bản Mỹ Thuật,,Bìa mềm,20.0,,Nhà Sách Phương Nam,available,1000,True,True,True
137131493,Sách Dán Hình Sáng Tạo Trang Phục Búp Bê - Bữa Tiệc Vui Nhộn,69000,69000,0,0.0,0,2,Fiona Watt,Nhà Xuất Bản Thời Đại,Nhà Xuất Bản Thời Đại,,Bìa mềm,24.0,2014-10-09,Nhà Sách Phương Nam,available,1000,True,True,True
136483072,Sách Thỏ Con Khéo Tay - Bé Tô Màu Rau Củ,15000,15000,0,0.0,0,0,Kim Thúy,Phương Nam Book,Nhà Xuất Bản Mỹ Thuật,,Bìa mềm,16.0,,Nhà Sách Phương Nam,available,1000,True,True,True
119309681,Tô Màu Cổ Tích Công Chúa - Tập 4: Người Đẹp Tóc Mây,15000,15000,0,0.0,0,0,"Nhóm tác giả, Nhóm Tác Giả",Cty Phan Thị,Nhà Xuất Bản Đại Học Sư Phạm,,,,,Nhà sách Fahasa,available,1000,True,True,True
111107382,Tô Màu Babies 3 - Pooh Và Những Người Bạn,13000,13000,0,0.0,0,1,Huyền Linh,Cty Văn Hóa & Truyền Thông Trí Việt.,Nhà Xuất Bản Hồng Đức,,,,,Nhà sách Fahasa,available,1000,True,True,True
111107375,Tô Màu Babies 2 - Mickey Và Minnie,13000,13000,0,5.0,1,4,Huyền Linh,Cty Văn Hóa & Truyền Thông Trí Việt.,Nhà Xuất Bản Hồng Đức,,,,,Nhà sách Fahasa,available,1000,True,True,True
105231458,Tô Màu Thú Cưng: Mèo,15000,15000,0,0.0,0,0,Nhiều tác giả,Cty Phan Thị,Nhà Xuất Bản Đại Học Sư Phạm TPHCM,,,,,Nhà sách Fahasa,available,1000,True,True,True
105231242,Tô Màu Bé Yêu Cổ Tích - Tập 11: Cây Nêu Ngày Tết,15000,15000,0,0.0,0,0,Nhiều tác giả,Cty Phan Thị,Nhà Xuất Bản Đại Học Sư Phạm TPHCM,,,,,Nhà sách Fahasa,available,1000,True,True,True
278153499,Sách - Cầu Vồng Trẻ Thơ - Chữ Cái Vui Nhộn - Dành Cho Trẻ 5-6 Tuổi - Tập 1,29000,29000,0,0.0,0,0,,CÔNG TY TNHH EDUCATION SOLUTIONS VIỆT NAM,Nhà Xuất Bản Đại Học Huế,,Bìa mềm,,2023-12-21,Nhà sách Fahasa,available,1000,True,True,True
278153495,Sách - Cầu Vồng Trẻ Thơ - Tạo Hình Sáng Tạo - Dành Cho Trẻ 5-6 Tuổi,29000,29000,0,0.0,0,0,,CÔNG TY TNHH EDUCATION SOLUTIONS VIỆT NAM,Nhà Xuất Bản Đại Học Huế,,Bìa mềm,,2023-12-21,Nhà sách Fahasa,available,1000,True,True,True
278153482,Sách - Cầu Vồng Trẻ Thơ - Chữ Cái Vui Nhộn - Dành Cho Trẻ 5-6 Tuổi - Tập 2,29000,29000,0,0.0,0,0,,CÔNG TY TNHH EDUCATION SOLUTIONS VIỆT NAM,Nhà Xuất Bản Đại Học Huế,,Bìa mềm,,2023-12-21,Nhà sách Fahasa,available,1000,True,True,True
276280889,Sách Tô Màu Chữa Lành - Labubu Và Vương Quốc Của Những Người Bạn,86000,86000,0,0.0,0,1,nhieu tac gia,ABBOOKS,Nhà Xuất Bản Đồng Nai,,Bìa mềm,95.0,,NewShop Official,available,1000,True,True,True
276105649,Combo Góc Nhỏ Có Nắng + Xe Kem Ngọt Mùa Hè (Bộ 2 Cuốn) (MEGA),136000,136000,0,0.0,0,0,Little Rainbow,Megabooks,Nhà Xuất Bản Thanh Niên,,Bìa mềm,,,NewShop Official,available,1000,True,True,True
275218781,Combo Sách Kết Nối Chơi Sáng Tạo Học Thông Minh - Trò Chơi Đồ Hàng Nhiều Chủ Đề (Bộ 5 Cuốn) - ABB,170000,170000,0,0.0,0,0,,ABBOOKS,Nhà Xuất Bản Đồng Nai,,Bìa mềm,,,NewShop Official,available,1000,True,True,True
273135845,Combo Bé Tô Màu Cùng Lotso (Bộ 4 Cuốn) _ABB,48000,48000,0,0.0,0,0,Quang Minh,ABBOOKS,Nhà Xuất Bản Đồng Nai,,Bìa mềm,,,NewShop Official,available,1000,True,True,True
271135873,Chuẩn Bị Cho Bé Vào Lớp 1 - Luyện Kỹ Năng Viết Âm Và Vần 1,13000,13000,0,0.0,0,2,Huyền Linh,Cty Văn Hóa & Truyền Thông Trí Việt.,NXB Dân Trí,,,,,Nhà sách Fahasa,available,1000,True,True,True
271135819,Chuẩn Bị Cho Bé Vào Lớp 1 - Luyện Kỹ Năng Viết Âm Và Vần 2,13000,13000,0,0.0,0,2,Huyền Linh,Cty Văn Hóa & Truyền Thông Trí Việt.,NXB Dân Trí,,,,,Nhà sách Fahasa,available,1000,True,True,True
270988439,Chuẩn Bị Cho Bé Vào Lớp 1 - Tập Tô Nét Cơ Bản,13000,13000,0,0.0,0,0,Huyền Linh,Cty Văn Hóa & Truyền Thông Trí Việt.,NXB Dân Trí,,,,,Nhà sách Fahasa,available,1000,True,True,True
270436810,Sách Trang Điểm Công Chúa Nhật Bản Mori _MEGA,45000,45000,0,0.0,0,1,Little Rainbow,Megabooks,Nhà Xuất Bản Thanh Niên,,Bìa mềm,24.0,,NewShop Official,available,1000,True,True,True
270209223,Bé Khám Phá Môi Trường Xung Quanh - Giao Thông _ML,35000,35000,0,0.0,0,0,Ngọc Minh,Minh Long,Nhà Xuất Bản Mỹ Thuật,,Bìa mềm,14.0,,NewShop Official,available,1000,True,True,True
269946896,Hành Trang Cho Bé Vào Lớp 1 - Tập Tô - Tập Viết Chữ Mẫu Giáo (Tái Bản 2023),12000,12000,0,0.0,0,0,Huyền Linh,Cty Văn Hóa & Truyền Thông Trí Việt.,NXB Dân Trí,,,,,Nhà sách Fahasa,available,1000,True,True,True
260808432,Sách Ghép Hình Phát Triển IQ - Chuyện Trong Rừng Rậm _TV,95000,95000,0,0.0,0,0,Noopur Thakur,Nhà sách Tân Việt,Nhà Xuất Bản Mỹ Thuật,,Bìa mềm,11.0,,NewShop Official,available,1000,True,True,True
253475494,Sách - Chuẩn bị cho bé tới trường: Chữ cái và chữ số - Dùng được nhiều lần - ndbooks,60000,75000,20,4.0,3,14,,CÔNG TY TNHH THƯƠNG MẠI SÁCH NHÂN DÂN,Nhà Xuất Bản Mỹ Thuật,,Bìa cứng,,,SÁCH NHÂN DÂN - ndbooks,available,1000,True,True,True
248978165,Con Tô Màu - Thám Hiểm Đáy Biển Sâu (MEGA),32000,32000,0,0.0,0,0,Little Rainbow,Megabooks,Nhà Xuất Bản Mỹ Thuật,,Bìa mềm,24.0,,NewShop Official,available,1000,True,True,True
248461199,Tập Tô Chữ Thường Dành Cho 4-5 Tuổi_ABB,12000,12000,0,0.0,0,4,Chính Bình,ABBOOKS,Nhà Xuất Bản Đồng Nai,,Bìa mềm,23.0,,NewShop Official,available,1000,True,True,True
221713275,Con Tô màu - Thám Hiểm Rừng Nhiệt Đới _MEGA,32000,32000,0,0.0,0,1,Little Rainbow,Megabooks,Nhà Xuất Bản Mỹ Thuật,,Bìa mềm,24.0,,NewShop Official,available,1000,True,True,True
221711953,Con Tô Màu - Thám Hiểm Amazon _MEGA	,32000,32000,0,0.0,0,0,Little Rainbow,Megabooks,Nhà Xuất Bản Mỹ Thuật,,Bìa mềm,24.0,,NewShop Official,available,1000,True,True,True
217471618,Tô Màu Công Chúa - Tiên Nữ Các Loài Hoa _TV,40000,40000,0,0.0,0,0,Aladdin Book,Nhà sách Tân Việt,Nhà Xuất Bản Mỹ Thuật,,Bìa mềm,31.0,,NewShop Official,available,1000,True,True,True
217462615,Tô Màu Công Chúa - Công Chúa Của Các Chòm Sao _TV,40000,40000,0,0.0,0,0,Aladdin Book,Nhà sách Tân Việt,Nhà Xuất Bản Mỹ Thuật,,Bìa mềm,31.0,,NewShop Official,available,1000,True,True,True
212324233,Hình Dán Thông Minh - Thế Giới Động Vật Vui Nhộn 2,49000,49000,0,0.0,0,1,nhieu tac gia,NXB Thanh Niên,Nhà Xuất Bản Thanh Niên,,Bìa mềm,16.0,,Nhà Sách Phương Nam,available,1000,True,True,True
207335367,Combo Luyện Tay Cầm Bút (Bộ 6 Cuốn) (ABB),84000,84000,0,0.0,0,1,Chính Bình,ABBOOKS,Nhà Xuất Bản Đồng Nai,,Bìa mềm,,,NewShop Official,available,1000,True,False,True
198823656,Luyện Viết Nét Cơ Bản Và Chữ Số - Vở Ô Li Có Chữ Mẫu - Bé Chuẩn Bị Vào Lớp 1 (ABB),37500,37500,0,0.0,0,2,,ABBOOKS,Nhà Xuất Bản Đồng Nai,,Bìa mềm,,,NewShop Official,available,1000,True,True,True
188492822,COMBO BÉ TÔ MÀU DÀNH CHO BÉ GÁI (BỘ 3 CUỐN)_ABB,36000,36000,0,0.0,0,0,,ABBOOKS,,,Bìa mềm,,,NewShop Official,available,1000,True,True,True
177703740,Chuẩn Bị Cho Bé Vào Lớp 1 - Tập Tô Chữ - Chữ Thường (Dành Cho 5-6 Tuổi),14000,14000,0,0.0,0,0,,Cty TNHH TM&DV VH GD Phía Nam,Nhà Xuất Bản Đồng Nai,,,,,Nhà sách Fahasa,available,1000,True,True,True
177703667,Chuẩn Bị Cho Bé Vào Lớp 1 - Tập Tô Chữ - Chữ Thường (Dành Cho 4-5 Tuổi),14000,14000,0,0.0,0,1,,Cty TNHH TM&DV VH GD Phía Nam,Nhà Xuất Bản Đồng Nai,,,,,Nhà sách Fahasa,available,1000,True,True,True
163021287,Tập Tô Chữ - Mẫu Giáo 3-4 Tuổi,12000,12000,0,0.0,0,1,Minh Thư,Cty Văn Hóa Sách Việt,Nhà Xuất Bản Mỹ Thuật,,,,,Nhà sách Fahasa,available,1000,True,True,True
163021152,Tập Tô Màu - Các Loài Chim,11000,11000,0,0.0,0,2,"Minh Thư,  Đắc Lê",Cty Văn Hóa Sách Việt,Nhà Xuất Bản Mỹ Thuật,,,,,Nhà sách Fahasa,available,1000,True,True,True
161409224,Combo Em Tập Tô Màu - Chủ Đề Các Nhân Vật (Bộ 5 Cuốn) 	,60000,60000,0,0.0,0,0,Chính An,ABBOOKS,Thanh Hoá,,Bìa mềm,,,NewShop Official,available,1000,True,True,True
137432941,Sách Bàn Tay Nhỏ Vẽ Tranh - Động Vật Đáng Yêu (Tái bản năm 2021),29000,29000,0,0.0,0,2,Minh Thư,Nhà Xuất Bản Mỹ Thuật,Nhà Xuất Bản Mỹ Thuật,,Bìa mềm,44.0,,Nhà Sách Phương Nam,available,1000,True,True,True
91089442,Sách Nối Chấm - Tô Màu - Tập Đếm 05,14450,17000,15,1.0,1,6,Award,NXB Trẻ,NXB Trẻ,,,,,Nhà Xuất Bản Trẻ,available,1000,True,True,True
90866056,Sách Nối Chấm - Tô Màu - Tập Đếm 01,21250,25000,15,5.0,1,7,Award,NXB Trẻ,NXB Trẻ,,Bìa mềm,20.0,2021-04-01,Nhà Xuất Bản Trẻ,available,1000,True,True,True
80365787,Tô Màu Bé Yêu Cổ Tích 8 - Sự Tích Chú Cuội,15000,15000,0,0.0,0,2,Nhiều tác giả,Cty Phan Thị,Nhà Xuất Bản Đại Học Sư Phạm,,,,,Nhà sách Fahasa,available,1000,True,True,True
39357824,Bộ Sách Tập Tô Màu Mẫu Giáo - Tập 2 (Bộ 10 Cuốn),100000,100000,0,0.0,0,0,Nguyễn Thị Duyên,Nhà Sách Hồng Ân,Nhà Xuất Bản Hải Phòng,,Bìa mềm,,,NewShop Official,available,1000,True,True,True
14303646,Sách Tô Màu Rèn Luyện Trí Thông Minh (Tập 3),45000,45000,0,0.0,0,0,Education Lab,VanLangBooks,Nhà Xuất Bản Hồng Đức,,Bìa mềm,32.0,2019-04-09,Bamboo Books,available,1000,True,True,True
13624109,Sách Vừa Tô Màu Vừa Học - Vật Nuôi Quanh Em,17000,20000,15,0.0,0,0,Hà Linh Minh,NXB Trẻ,NXB Trẻ,,Bìa mềm,24.0,2019-04-01,Nhà Xuất Bản Trẻ,available,1000,True,False,True
7543667,Sách Tô Màu Công Chúa - Tập 1,14000,14000,0,5.0,1,43,Thiên Ân,SÁCH THIẾT BỊ GIÁO DỤC ĐỨC TRÍ,,,Bìa mềm,16.0,2018-11-01,Nhà sách Fahasa,available,1000,True,False,True
6355209,Sách Tập Tô Màu Các Loài Thú 1,11000,11000,0,5.0,1,15,Minh Thư - Đắc Lê,Nhà sách Minh Trí,Nhà Xuất Bản Mỹ Thuật,,Bìa mềm,,2018-01-10,Nhà sách Fahasa,available,1000,True,True,True
6214723,Sách Tập Tô Màu Các Loài Thú 2,11000,11000,0,0.0,0,10,Minh Thư - Đắc Lê,Nhà sách Minh Trí,Nhà Xuất Bản Mỹ Thuật,,Bìa mềm,,2018-01-10,Nhà sách Fahasa,available,1000,True,True,True
279289576,Sách - Combo 11 cuốn Ong Con Chăm Chỉ (tô chữ và tô màu) - ndbooks,64500,86000,25,0.0,0,0,Nguyệt Giang,CÔNG TY TNHH THƯƠNG MẠI SÁCH NHÂN DÂN,Nhà Xuất Bản Mỹ Thuật,,Bìa mềm,,,SÁCH NHÂN DÂN - ndbooks,available,1000,True,True,True
277550591,"Combo 6 Quyển Bé Tập Làm Họa Sĩ Nhí: Nâng Cao Tư Duy, Sáng Tạo, Rèn Tính Kiên Trì Cho Bé (Tặng hộp bút sáp 12 màu xinh xắn)",239000,239000,0,0.0,0,0,,Minh Long,Nhà Xuất Bản Mỹ Thuật,,,,,HỆ THỐNG NHÀ SÁCH ABC,available,1000,True,True,True
277550228,Combo 8 Quyển Vui Đọc Truyện Khéo Tay Tô - Các Nàng Công Chúa Xinh Đẹp - Tặng Hộp Bút Sáp 12 Màu Bất Kì,160000,160000,0,0.0,0,0,,Minh Long,Nhà Xuất Bản Mỹ Thuật,,,,,HỆ THỐNG NHÀ SÁCH ABC,available,1000,True,True,True
276938611,Combo Bé Tô Màu Cinnamoroll + Bé Tô Màu Baby Three (Bộ 4 Cuốn) - HA,60000,60000,0,0.0,0,1,Nam Thuận,Nhà Sách Hồng Ân,Nhà Xuất Bản Hải Phòng,,Bìa mềm,64.0,,Bảo Châu Books,available,1000,True,True,True
276399750,Bộ Túi Bé Tập Tô Màu Công Chúa ,90000,90000,0,0.0,0,2,Hải Nam,Minh Long,Nhà Xuất Bản Mỹ Thuật,,Bìa mềm,96.0,2019-11-01,NewShop Official,available,1000,True,True,True
274823558,Bé Chuẩn Bị Vào Lớp 1 - Vở Tập Viết Nét Cơ Bản,12500,12500,0,0.0,0,3,,Cty TNHH TM&DV VH GD Phía Nam,,,,,,Nhà sách Fahasa,available,1000,True,True,True
274444949,Bé Tập Tô Màu - Động Vật Sống Dưới Nước - Bản Quyền,12000,12000,0,0.0,0,0,Hải Nam,Minh Long,Nhà Xuất Bản Mỹ Thuật,,Bìa mềm,24.0,,HỆ THỐNG NHÀ SÁCH ABC,available,1000,True,True,True
274444087,"Nghĩ, Nói, Trưởng Thành Và Làm Nên Sự Nghiệp - Chủ Động Trong Giao Tiếp - Bản Quyền",60000,60000,0,0.0,0,0,Ken Tucker,Minh Long,Nhà Xuất Bản Thanh Niên,,Bìa mềm,168.0,,Nhà Sách Vĩnh Thụy,available,1000,True,True,True
274141009,Tô Màu Công Chúa Xinh Đẹp - Công Chúa Đoan Trang (Tái bản năm 2024),25000,25000,0,0.0,0,0,Trần Bồi Lương,NXB Mỹ Thuật,Nhà Xuất Bản Mỹ Thuật,,Bìa mềm,25.0,,Nhà Sách Phương Nam,available,1000,True,True,True
273461814,Tô Màu Diệu Kỳ - Lễ Hội Noel _MEGA,27000,27000,0,0.0,0,0,Little Rainbow,Megabooks,Nhà Xuất Bản Thanh Niên,,Bìa mềm,24.0,,MEGABOOK,available,1000,True,True,True
272497422,Sticker Dán Hình Thông Minh - Thế Giới Động Vật - Thám Hiểm Rừng Xanh,38000,38000,0,0.0,0,1,,NXB Phụ Nữ Việt Nam,Nhà Xuất Bản Phụ Nữ Việt Nam,,Bìa mềm,12.0,,Nhà Sách Phương Nam,available,1000,True,True,True
270711526,Peppa Pig Khéo Tay Tô Màu - Những Nhà Thám Hiểm Ngoài Trời,25000,25000,0,0.0,0,0,nhieu tac gia,NXB Kim Đồng,Nhà Xuất Bản Kim Đồng,,Bìa mềm,16.0,,Bamboo Books,available,1000,True,True,True
270711516,Peppa Pig Khéo Tay Tô Màu - Giáng Sinh Của Peppa,25000,25000,0,0.0,0,2,nhieu tac gia,NXB Kim Đồng,Nhà Xuất Bản Kim Đồng,,Bìa mềm,16.0,,Bamboo Books,available,1000,True,True,True
270704382,Tô Màu Phương Tiện Giao Thông - Xe Tải Vượt Mọi Địa HÌnh,20000,20000,0,0.0,0,0,Phùng Nga,NXB Hà Nội,Nhà Xuất Bản Hà Nội,,Bìa mềm,16.0,,Nhà Sách Phương Nam,available,1000,True,True,True
270436651,Sách Trang Điểm Công Chúa Hoa Rosy _MEGA,45000,45000,0,0.0,0,1,Little Rainbow,Megabooks,Nhà Xuất Bản Thanh Niên,,Bìa mềm,24.0,,NewShop Official,available,1000,True,True,True
209389864,Sách - Unicorns Tô Màu Và Dán Hình - Hơn 100 hình dán siêu xinh - ndbooks,78000,78000,0,0.0,0,0,,CÔNG TY TNHH THƯƠNG MẠI SÁCH NHÂN DÂN,Nhà Xuất Bản Phụ Nữ Việt Nam,,Bìa mềm,,,SÁCH NHÂN DÂN - ndbooks,available,1000,True,True,True
207643957,Bóc Dán Tuyệt Đỉnh - Các Em Bé Động Vật (Tái bản năm 2022),59000,59000,0,0.0,0,1,DK,NXB Thanh Niên,Nhà Xuất Bản Thanh Niên,,Bìa mềm,24.0,,Nhà Sách Phương Nam,available,1000,True,True,True
206482202,Bé Tô Màu Sáng Tạo - Nối Số Tô Màu 2,32000,32000,0,0.0,0,0,Đinh Huỳnh,Nhà xuất bản Phụ Nữ,Nhà Xuất Bản Phụ Nữ,,Bìa mềm,43.0,,Nhà Sách Phương Nam,available,1000,True,True,True
206482196,Bé Tô Màu Sáng Tạo - Tô Màu Theo Gợi Ý,32000,32000,0,0.0,0,0,Đinh Huỳnh,Nhà xuất bản Phụ Nữ,Nhà Xuất Bản Phụ Nữ,,Bìa mềm,43.0,,Nhà Sách Phương Nam,available,1000,True,True,True
206360698,Bóc Dán Thông Minh - Vườn Thú,48000,48000,0,0.0,0,0,nhieu tac gia,Nhà Xuất Bản Thanh Niên,Nhà Xuất Bản Thanh Niên,,Bìa mềm,24.0,,Bamboo Books,available,1000,True,True,True
198127402,Sách Vẽ Vời Vui Vẻ: Thế Giới Cổ Tích,38000,38000,0,0.0,0,0,Nhóm Văn hóa Mộc Ngư,Kim Đồng,Nhà Xuất Bản Kim Đồng,,Bìa mềm,,2022-09-19,Bamboo Books,available,1000,True,True,True
196291972,Sách Tập tô màu nhà trẻ ( túi ),80000,80000,0,0.0,0,0,Trung Kiên,Minh Long,Nhà Xuất Bản Mỹ Thuật,,Bìa mềm,,,Nhà Sách Vĩnh Thụy,available,1000,True,True,True
195283622,Tập Tô Chữ - Mẫu Giáo 3-4 Tuổi,10000,10000,0,0.0,0,1,"Thiện Lộc,  Minh Nguyệt",Cty Giáo Dục Đức Trí,Nhà Xuất Bản Đại Học Quốc Gia TP.HCM,,,,,Nhà sách Fahasa,available,1000,True,True,True
192949648,Tủ Sách Chồi Non Chăm Học - Tập Tô Chữ - Chữ Thường - Dành Cho 4-5 Tuổi (Theo Chuẩn Chương Trính Mới) (Tái Bản Lần 5),12000,12000,0,0.0,0,1,Chính Bình,Cty TNHH TM&DV VH GD Phía Nam,Nhà Xuất Bản Đồng Nai,,,,,Nhà sách Fahasa,available,1000,True,True,True
171651764,"Bộ Sách Tập Tô Thông Minh - Làm Quen Với Chữ Cái, Chữ Số Và Hình Khối (Trọn Bộ 3 Quyển)",144000,144000,0,0.0,0,1,"Thiện Minh,  Thùy Vũ",Nhà Xuất Bản Kim Đồng,Nhà Xuất Bản Kim Đồng,,,,,Bamboo Books,available,1000,True,True,True
167114227,Túi Tô màu- Mầm non 3-4 tuổi,80000,80000,0,0.0,0,0,Nguyễn Chí Phúc,Công ty CP in Thương Mại Nam Hải,Nhà Xuất Bản Hà Nội,,Bìa cứng,16.0,2022-02-09,Happy Kids books,available,1000,True,True,True
95226201,ComBo 5 Cuốn Bộ Bàn Tay Nhỏ Vẽ Tranh: Động Vật Đáng Yêu + Cuộc Sống Mến Thương + Thực Vật Phong Phú + Phương Tiện Giao Thông + Phong Cảnh Tươi Đẹp,145000,145000,0,0.0,0,0,,Tân Việt,Nhà Xuất Bản Mỹ Thuật,,Bìa mềm,220.0,2021-05-15,NHBook,available,1000,True,True,True
91832864,"Vở Ô Ly Có Chữ Mẫu Luyện Viết Chữ Đẹp - Chữ Nghiêng, Chữ Viết Thường - Tập 1 (Tái Bản)",12000,12000,0,5.0,11,55,"Nhóm Giáo Viên ĐHSP, Chính An",Cty TNHH TM&DV VH GD Phía Nam,Nhà Xuất Bản Đồng Nai,,,,,Nhà sách Fahasa,available,1000,True,True,True
90866060,Sách Nối Chấm - Tô Màu - Tập Đếm 03,21250,25000,15,0.0,0,4,Award,NXB Trẻ,NXB Trẻ,,Bìa mềm,20.0,2021-04-01,Nhà Xuất Bản Trẻ,available,1000,True,True,True
49105841,Sách Tô Màu Thật Thú Vị - Động Vật Hoang Dã,10000,10000,0,0.0,0,1,Thùy Vũ,Trí Việt,Nhà Xuất Bản Dân Trí,,Bìa mềm,16.0,2020-02-02,Nhà sách Fahasa,available,1000,True,True,True
22560124,Sách Bé Tập Tô Màu - Động Vật Sống Dưới Nước (Tái Bản),12000,12000,0,0.0,0,0,Hải Nam,Minh Long,Nhà Xuất Bản Mỹ Thuật,,Bìa mềm,24.0,2019-07-01,HỆ THỐNG NHÀ SÁCH ABC,available,1000,True,True,True
19274708,Sách Bé Tập Tô Màu - Trái Cây (Tái Bản),16000,16000,0,4.7,6,15,Biên Thùy,NXB Trẻ,,,Bìa mềm,,2019-06-01,Nhà sách Fahasa,available,1000,True,True,True
14303641,Sách Tô Màu Rèn Luyện Trí Thông Minh (Tập 2),45000,45000,0,0.0,0,0,Education Lab,VanLangBooks,Nhà Xuất Bản Hồng Đức,,Bìa mềm,32.0,2019-04-09,Bamboo Books,available,1000,True,True,True
13624107,Sách Vừa Tô Màu Vừa Học - Sống Trong Hoang Dã,17000,20000,15,0.0,0,1,Hà Linh Minh,NXB Trẻ,NXB Trẻ,,Bìa mềm,24.0,2019-04-01,Nhà Xuất Bản Trẻ,available,1000,True,True,True
2882663,Sách Tập Viết Chữ Không Sợ Sai Bảng Chữ Cái,53360,58000,8,0.0,0,3,Pingbooks,Công Ty Cổ Phần Văn Hóa Pingbooks,Nhà Xuất Bản Phụ Nữ,,Bìa mềm,32.0,,Vizibook,available,1000,True,True,True
2882657,Sách Tập Viết Chữ Không Sợ Sai Chữ Tiếng Anh,53360,58000,8,0.0,0,17,Pingbooks,Công Ty Cổ Phần Văn Hóa Pingbooks,Nhà Xuất Bản Phụ Nữ,,Bìa mềm,32.0,,Vizibook,available,1000,True,True,True
2385183,Sách Tô Màu Thú Cưng 4,8000,8000,0,5.0,1,2,Hương Giang,Khang Việt Book,,,Bìa mềm,16.0,,Nhà sách Fahasa,available,1000,True,True,True
454376,Sách Bé Tập Tô Màu - Bé Ngoan,10000,10000,0,0.0,0,15,,Nhà Xuất Bản Kim Đồng,,,Bìa mềm,16.0,2014-06-29,Nhà sách Fahasa,available,1000,True,True,True
454369,Sách Bé Tập Tô Màu - Bé Là Vận Động Viên,10000,10000,0,5.0,1,22,,Nhà Xuất Bản Kim Đồng,,,Bìa mềm,16.0,2014-06-29,Nhà sách Fahasa,available,1000,True,True,True
384553,Sách Kể Chuyện Dán Hình 7 - Tiếng Hát Cừu Con,15000,15000,0,0.0,0,1,Phan Thị,Phan Thị,Nhà Xuất Bản Đại Học Sư Phạm,,Bìa mềm,,2012-09-08,Nhà sách Fahasa,available,1000,True,True,True
279073901,Combo 2 quyển tô màu Baby Three trong thế giới cổ tích + Tí Đù - Thế giới to bự trong mắt tớ!,123200,154000,20,0.0,0,0,nhieu tac gia,Công Ty Cổ Phần Time Books,Nhà Xuất Bản Phụ Nữ Việt Nam,,Bìa mềm,80.0,,Tiệm Sách Thật,available,1000,True,True,True
279064256,"Sách Tô Màu Chữa Lành - Trạm Tô Màu Bình Yên - Hồng Mao, Đậu Đỏ – Ra Ngõ Đón Xuân - ABBOOKS",74000,74000,0,0.0,0,0,TIỂU TRANH,Công Ty TNHH TM & DV Văn Hóa Giáo Dục Phía Nam,Nhà Xuất Bản Phụ Nữ Việt Nam,,Bìa mềm,68.0,,NHÀ SÁCH ABBOOKS,available,1000,True,True,True
278881488,Bộ Sách Tô Màu Công Chúa Elsa – 4 Quyển Đặc Biệt Cho Bé Gái Yêu Thích Thế Giới Phép Thuật ️,80000,80000,0,0.0,0,0,nhieu tac gia,Công Ty TNHH TM & DV Văn Hóa Giáo Dục Phía Nam,Nhà Xuất Bản Đồng Nai,,Bìa mềm,24.0,,NHÀ SÁCH ABBOOKS,available,1000,True,True,True
278881441,"Sách Tô Màu - Sticker Capybara  Thư giãn, Chuyên Gia Ẩm Thực, Chăm Học, Yêu Âm Nhạc - Bộ 4 Quyển",80000,80000,0,0.0,0,0,nhieu tac gia,Công Ty TNHH TM & DV Văn Hóa Giáo Dục Phía Nam,Nhà Xuất Bản Đồng Nai,,Bìa mềm,24.0,,NHÀ SÁCH ABBOOKS,available,1000,True,True,True
278600974,"Sách - Luyện tay cầm bút - Tập tô chữ, Chữ số, Nét cơ bản - Bộ 6 Quyển",84000,84000,0,0.0,0,4,nhieu tac gia,Công Ty TNHH TM & DV Văn Hóa Giáo Dục Phía Nam,Nhà Xuất Bản Đồng Nai,,Bìa mềm,24.0,,NHÀ SÁCH ABBOOKS,available,1000,True,True,True
278600855,Sách - Tủ sách chồi non chăm học - Vở ô ly tập tô chữ - Bộ 6 Cuốn,72000,72000,0,0.0,0,0,nhieu tac gia,Công Ty TNHH TM & DV Văn Hóa Giáo Dục Phía Nam,Nhà Xuất Bản Đồng Nai,,Bìa mềm,24.0,,NHÀ SÁCH ABBOOKS,available,1000,True,True,True
278592605,Sách - Tủ sách măng non - Vở ô ly tập tô chữ thường - viết thường cho bé 4-6 tuổi -Bộ 4 cuốn,56000,56000,0,0.0,0,0,nhieu tac gia,Công Ty TNHH TM & DV Văn Hóa Giáo Dục Phía Nam,Nhà Xuất Bản Đồng Nai,,Bìa mềm,24.0,,NHÀ SÁCH ABBOOKS,available,1000,True,True,True
278592537,Sách - Vở Ô Ly Tập Viết - Theo Chuẩn Chương Trình Sách Giáo Khoa Mới - Bộ 4 Cuốn,58400,58400,0,0.0,0,0,nhieu tac gia,Công Ty TNHH TM & DV Văn Hóa Giáo Dục Phía Nam,Nhà Xuất Bản Đồng Nai,,Bìa mềm,24.0,,NHÀ SÁCH ABBOOKS,available,1000,True,True,True
278592382,"Sách Kết nối tri thức - Vở ô ly tập viết Hạ Cỡ Chữ, Mẫu Chữ Nhỏ, Chữ Cái - Chữ Ghép, Các Vần - Bộ 4 Quyển",50400,50400,0,0.0,0,0,nhieu tac gia,Công Ty TNHH TM & DV Văn Hóa Giáo Dục Phía Nam,Nhà Xuất Bản Đồng Nai,,Bìa mềm,24.0,,NHÀ SÁCH ABBOOKS,available,1000,True,True,True
278482977,"Sách - Tủ Sách Mầm Non - Bé Làm Quen Với Chữ Cái, Các Nét Cơ Bản, Chữ Số Dành Cho Bé Từ 4-6 Tuổi Bộ Cuốn - ABBOOKS",96000,96000,0,0.0,0,0,nhieu tac gia,Công Ty TNHH TM & DV Văn Hóa Giáo Dục Phía Nam,Nhà Xuất Bản Đồng Nai,,Bìa mềm,32.0,,NHÀ SÁCH ABBOOKS,available,1000,True,True,True
276380966,Bộ Túi Tập Tô Màu Mẫu Giáo (Bộ 8 Cuốn) ,80000,80000,0,0.0,0,1,Gehenna,Minh Long,Nhà Xuất Bản Mỹ Thuật,,Bìa mềm,128.0,,NewShop Official,available,1000,True,True,True
276128541,Htb. Chơi Mà Học - Vẽ Cho Em Một Con Cừu - Bản Quyền,115000,115000,0,0.0,0,0,Nhiều tác giả,NXB Trẻ,NXB Trẻ,,Bìa mềm,100.0,2017-10-10,Nhasachgooda,available,1000,True,True,True
276127062,Bé Học - Bé Chơi - Tô Màu Vương Quốc Khủng Long 02 - Bản Quyền,25800,25800,0,0.0,0,0,Award,NXB Trẻ,NXB Trẻ,,Bìa mềm,16.0,2023-10-10,Nhasachgooda,available,1000,True,True,True
275739328,Sách- Chuẩn Bị Cho Bé Vào Lớp 1- Tập Tô và Tập Ghép Vần (Tập 1) (Tái bản 2023)- 2HBooks,14450,17000,15,0.0,0,0,Thanh Hoài,Công Ty Cổ Phần Văn Hóa Huy Hoàng,Nhà Xuất Bản Mỹ Thuật,,Bìa mềm,32.0,2023-07-01,2HBooks,available,1000,True,True,True
275738818,Sách- Chuẩn Bị Cho Bé Vào Lớp 1 - Luyện Viết Chữ Đẹp (Tập 2) (Tái Bản 2022)- 2HBooks,14450,17000,15,0.0,0,0,Thanh Hoài,Công Ty Cổ Phần Văn Hóa Huy Hoàng,Nhà Xuất Bản Mỹ Thuật,,Bìa mềm,32.0,2022-07-01,2HBooks,available,1000,True,True,True
275066193,"Sách Thiếu Nhi- Combo 5 cuốn Bé Tô Màu Gấu Con Khéo Tay: Đồ chơi, Đồ Dùng Gia Đình, Động Vật Biển, Động Vật Nuôi, Thế Giới Côn Trùng- 2HBooks  ",75000,75000,0,0.0,0,0,Kim Thủy,Công Ty Cổ Phần Văn Hóa Huy Hoàng,Nhà Xuất Bản Mỹ Thuật,,Bìa mềm,80.0,2022-05-01,2HBooks,available,1000,True,True,True
275044944,Sách- Bé Tô Màu Siêu Nhân (Quyển E)- 2HBooks,12000,12000,0,0.0,0,0,nhieu tac gia,Công Ty Cổ Phần Văn Hóa Huy Hoàng,Nhà Xuất Bản Mỹ Thuật,,Bìa mềm,16.0,2019-05-01,2HBooks,available,1000,True,True,True
275044548,Sách- Bé Tô Màu Siêu Nhân (Quyển C)- 2HBooks,12000,12000,0,5.0,1,1,nhieu tac gia,Công Ty Cổ Phần Văn Hóa Huy Hoàng,Nhà Xuất Bản Mỹ Thuật,,Bìa mềm,16.0,2019-05-01,2HBooks,available,1000,True,True,True
274626264,Sách - Vở Tập Viết Trọn Bộ Cho Bé Vào Lớp 1 - Phiên Bản Mới Nhất 5 Trong 1,86000,86000,0,0.0,0,0,,Việt Hà,Nhà Xuất Bản Thanh Niên,,Bìa mềm,128.0,,NHÀ SÁCH ĐĂNG KHÔI,available,1000,True,True,True
274613946,"Sách - Bé Tập Tô, Tập Viết Chữ To Cho Bé Từ 4-6 Tuổi",56000,56000,0,0.0,0,3,Thanh Hương (biên soạn),Việt Hà,Nhà Xuất Bản Hà Nội,,Bìa mềm,88.0,,NHÀ SÁCH ĐĂNG KHÔI,available,1000,True,True,True
271485369,"Túi - Cổ Tích Muôn Màu -Vui Đọc Truyện, Khéo Tay Tô - Truyện Cổ Tích Việt Nam  (Túi 8 Cuốn) - Bản Quyền",120000,120000,0,0.0,0,0,,minhlongbook,Nhà Xuất Bản Mỹ Thuật,,,,,Nhà Sách Vĩnh Thụy,available,1000,True,True,True
271328728,Bé tô màu - Bánh kem xinh xắn (Tái bản 2023),20800,26000,20,0.0,0,0,Minh Thùy - Đinh Huỳnh,Liên Việt,Nhà Xuất Bản Văn Học,,Bìa mềm,40.0,2023-08-21,Liên Việt Official Store,available,1000,True,True,True
270478970,Túi - Họa Sĩ Tí Hon ( Túi 6 Cuốn) - Bản Quyền,90000,90000,0,0.0,0,0,,minhlongbook,Nhà Xuất Bản Mỹ Thuật,,,,,Nhà Sách Vĩnh Thụy,available,1000,True,True,True
251775040,Bé Đọc Thơ - Tập Viết - Tô Màu (Cây Cối),10200,12000,15,0.0,0,0,,Nhà xuất bản Tổng hợp TP.HCM ,Nhà Xuất Bản Tổng hợp TP.HCM,,,,,NXB TỔNG HỢP,available,1000,True,True,True
251773651,Bé Tô Màu - Làm Toán - Tập Viết (Bé Học Điều Hay),10200,12000,15,0.0,0,0,,Nhà xuất bản Tổng hợp TP.HCM ,Nhà Xuất Bản Tổng hợp TP.HCM,,,,,NXB TỔNG HỢP,available,1000,True,True,True
251773499,Bé Đọc Thơ - Tập Viết - Tô Màu (Các Hiện Tượng Tự Nhiên),10200,12000,15,0.0,0,1,,Nhà xuất bản Tổng hợp TP.HCM ,Nhà Xuất Bản Tổng hợp TP.HCM,,,,,NXB TỔNG HỢP,available,1000,True,True,True
251772809,Bé Tô Màu - Làm Toán - Tập Viết  (Thế Giới Quanh Em),10200,12000,15,0.0,0,0,,Nhà xuất bản Tổng hợp TP.HCM ,Nhà Xuất Bản Tổng hợp TP.HCM,,,,,NXB TỔNG HỢP,available,1000,True,True,True
251769380,Chuẩn Bị Cho Bé Vào Lớp 1 - Bé Làm Toán Và Tô Màu (Tập 8),8075,9500,15,0.0,0,0,,Nhà xuất bản Tổng hợp TP.HCM ,Nhà Xuất Bản Tổng hợp TP.HCM,,,,,NXB TỔNG HỢP,available,1000,True,True,True
247058953,Cách Viết Chữ Thảo,60000,60000,0,0.0,0,0,,Zenbooks,Nhiều Nhà Xuất Bản,,,,,HỆ THỐNG NHÀ SÁCH ABC,available,1000,True,True,True
246208344,Arty Mouse - Những Người Bạn (Sách Viết Và Xóa Được)(Học Tập Đầu Đời Thông Qua Mỹ Thuật),45000,45000,0,0.0,0,0,,Zenbooks,Nhà Xuất Bản Đà Nẵng,,,,,Nhà Sách Vĩnh Thụy,available,1000,True,True,True
246208333,Arty Mouse - Những Người Bạn (Sách Viết Và Xóa Được)(Học Tập Đầu Đời Thông Qua Mỹ Thuật),45000,45000,0,0.0,0,0,,Zenbooks,Nhà Xuất Bản Đà Nẵng,,,,,Nhà Sách Vĩnh Thụy,available,1000,True,True,True
246208303,Arty Mouse - Những Người Bạn (Sách Viết Và Xóa Được)(Học Tập Đầu Đời Thông Qua Mỹ Thuật),45000,45000,0,0.0,0,0,,Zenbooks,Nhà Xuất Bản Đà Nẵng,,,,,Nhà Sách Vĩnh Thụy,available,1000,True,True,True
246208103,Arty Mouse - Những Con Số (Sách Viết Và Xóa Được)(Học Tập Đầu Đời Thông Qua Mỹ Thuật),45000,45000,0,0.0,0,0,,Zenbooks,Nhà Xuất Bản Đà Nẵng,,,,,Nhà Sách Vĩnh Thụy,available,1000,True,True,True
246208088,Arty Mouse - Những Con Số (Sách Viết Và Xóa Được)(Học Tập Đầu Đời Thông Qua Mỹ Thuật),45000,45000,0,0.0,0,0,,Zenbooks,Nhà Xuất Bản Đà Nẵng,,,,,Nhà Sách Vĩnh Thụy,available,1000,True,True,True
246208030,Arty Mouse - Những Con Số (Sách Viết Và Xóa Được)(Học Tập Đầu Đời Thông Qua Mỹ Thuật),45000,45000,0,0.0,0,0,,Zenbooks,Nhà Xuất Bản Đà Nẵng,,,,,Nhà Sách Vĩnh Thụy,available,1000,True,True,True
215641713,Cách Viết Chữ Thảo,60000,60000,0,0.0,0,0,,Zenbooks,Nhiều Nhà Xuất Bản,,,,,HỆ THỐNG NHÀ SÁCH ABC,available,1000,True,True,True
214731916,Miếng Dán Thần Kì - Phát Triển Chỉ Số Thông Minh IQ 2-3 Tuổi,50000,50000,0,0.0,0,0,nhieu tac gia,NXB Dân Trí,Nhà Xuất Bản Dân Trí,,Bìa mềm,20.0,,Nhà Sách Vĩnh Thụy,available,1000,True,True,True
188487012,Tập Tô Nét Cơ Bản_KV,9700,10000,3,5.0,1,1,,Khang Việt,Nhà Xuất Bản Mỹ Thuật,,Bìa mềm,,,NewShop Official,available,1000,True,True,True
72850932,CẦU NGUYỆN - Sách Tô Màu Dành Cho Bé Mừng Giáng Sinh,64000,64000,0,4.6,14,54,,Công ty TNHH Bayard Việt Nam,Nhà Xuất Bản Tôn Giáo,,Bìa mềm,80.0,2020-11-20,Bayard Việt Nam,available,1000,True,True,True
58853896,Combo 6 Quyển Cùng Khủng Long Tập Viết Chữ Cơ Bản ,139000,139000,0,0.0,0,1,,Megabooks,Nhà Xuất Bản Thanh Niên,,Bìa mềm,,,MEGABOOK,available,1000,True,True,True
279222694,Bộ sách Sticker Tiệm váy của công chúa - Sách sticker phối đồ sáng tạo cho bé,48000,48000,0,0.0,0,0,Khanh Vu,Công Ty Cổ Phần Time Books,Nhà xuất bản Kinh tế tài chính,,Bìa mềm,22.0,,Tiệm Sách Thật,available,1000,True,True,True
278890461,Sách - Dán Hình Và Tô Màu Công Chúa ( Stickers Books ) - Ndbooks,60000,60000,0,0.0,0,0,nhieu tac gia,CÔNG TY TNHH THƯƠNG MẠI SÁCH NHÂN DÂN,Nhà Xuất Bản Phụ Nữ Việt Nam,,Bìa mềm,,,SÁCH NHÂN DÂN - ndbooks,available,1000,True,True,True
278878258,Sách - Bé Dán Hình Và Tô Màu - ndbooks,56000,70000,20,0.0,0,0,nhieu tac gia,CÔNG TY TNHH THƯƠNG MẠI SÁCH NHÂN DÂN,Nhà Xuất Bản Phụ Nữ Việt Nam,,Bìa mềm,,,SÁCH NHÂN DÂN - ndbooks,available,1000,True,True,True
278870670,Sách tô màu Baby Three trong thế giới cổ tích,68000,68000,0,0.0,0,0,nhieu tac gia,Công Ty Cổ Phần Time Books,Nhà Xuất Bản Phụ Nữ Việt Nam,,Bìa mềm,64.0,,Tiệm Sách Thật,available,1000,True,True,True
278800584,Sách - Bộ Nối Số Tô Màu - Bé học đếm từ 1 đến 10 Heart to heart - ndbooks,56000,70000,20,0.0,0,0,nhieu tac gia,CÔNG TY TNHH THƯƠNG MẠI SÁCH NHÂN DÂN,Nhà Xuất Bản Thanh Niên,,Bìa mềm,,,SÁCH NHÂN DÂN - ndbooks,available,1000,True,True,True
278198092,"Sách tô màu Vương quốc của Loopy: Hình siêu cute, thư giãn xả stress – Cho bé & người lớn",68000,68000,0,0.0,0,0,nhieu tac gia,Công Ty Cổ Phần Time Books,Nhà Xuất Bản Hà Nội,,Bìa mềm,64.0,,Tiệm Sách Thật,available,1000,True,True,True
277833687,Combo Tô Màu Công Chúa (Túi 6 cuốn),256500,270000,5,0.0,0,0,,Tinh Hoa,Nhiều Nhà Xuất Bản,,Bìa mềm,,,Tinh Hoa,available,1000,True,True,True
277827509,Combo Bé Tập Làm Họa Sĩ (6 Cuốn),228000,240000,5,0.0,0,0,,Tinh Hoa,Nhiều Nhà Xuất Bản,,Bìa mềm,40.0,,Tinh Hoa,available,1000,True,True,True
277550280,Combo 8 Quyển Tô Màu - Tập Vẽ Tăng Khả Năng Tư Duy +Sáng Tạo Cho Bé Yêu: Tặng Kèm Hộp Sáp Màu 12 Màu Xinh Xắn,319000,319000,0,0.0,0,0,,Minh Long,Nhà Xuất Bản Mỹ Thuật,,,,,HỆ THỐNG NHÀ SÁCH ABC,available,1000,True,True,True
277383537,Tiệm Làm Nail - Công Chúa - MEGA,45000,45000,0,0.0,0,0,Little Rainbow,Megabooks,Nhà Xuất Bản Thanh Niên,,Bìa mềm,54.0,,NewShop Official,available,1000,True,True,True
277136720,Combo 2 cuốn sách tô màu Bữa Cơm Ngon Nhất Là Cơm Của Mẹ + Hiên Nhà Chắn Hết Mưa Giông,158400,198000,20,0.0,0,1,nhieu tac gia,Công Ty Cổ Phần Time Books,Nhà Xuất Bản Dân Trí,,Bìa mềm,80.0,,Tiệm Sách Thật,available,1000,True,True,True
277031159,Sách tô màu Bữa Cơm Ngon Nhất Là Cơm Của Mẹ - ngồi cạnh tủ lạnh,89000,89000,0,0.0,0,2,,Công Ty Cổ Phần Time Books,Nhà Xuất Bản Dân Trí,,Bìa mềm,80.0,,Tiệm Sách Thật,available,1000,True,True,True
276165602,Sách Viết Xóa Thông Minh - Mê Cung Và Nối Số,65000,65000,0,0.0,0,0,,NXB Trẻ,NXB Trẻ,,,,,Nhân Văn,available,1000,True,True,True
275738445,Sách- Chuẩn Bị Cho Bé Vào Lớp 1 - Luyện Viết Chữ Đẹp (Tập 1) (Tái Bản 2023)- 2HBooks,14450,17000,15,0.0,0,0,Thanh Hoài,Công Ty Cổ Phần Văn Hóa Huy Hoàng,Nhà Xuất Bản Mỹ Thuật,,Bìa mềm,32.0,2023-07-01,2HBooks,available,1000,True,True,True
275590648,Combo 15 Cuốn Những Bộ Óc Vĩ Đại + Tặng Kèm Tập Tô Màu Bất Kỳ Cho Bé + Poster Quy tắc năm ngón tay An Toàn Cho Con Yêu + Bookmark Cú Mèo ,975000,975000,0,0.0,0,0,,Alphabooks,Nhà Xuất Bản Dân Trí,,,,,HỆ THỐNG NHÀ SÁCH ABC,available,1000,True,True,True
275590646,Combo 15 Cuốn Những Bộ Óc Vĩ Đại + Tặng Kèm Tập Tô Màu Bất Kỳ Cho Bé + Poster Quy tắc năm ngón tay An Toàn Cho Con Yêu + Bookmark Cú Mèo ,975000,975000,0,0.0,0,0,,Alphabooks,Nhà Xuất Bản Dân Trí,,,,,HỆ THỐNG NHÀ SÁCH ABC,available,1000,True,True,True
274635483,"Sách - Bé Tập Viết Chữ Và Số Theo Nhóm Chữ, Nét Cơ Bản Tự Tin Vào Lớp 1 Dành Cho Trẻ 5 - 6 Tuổi",38000,38000,0,0.0,0,8,nhieu tac gia,Việt Hà,Nhà Xuất Bản Thanh Niên,,Bìa mềm,48.0,,NHÀ SÁCH ĐĂNG KHÔI,available,1000,True,True,True
274173491,Sách - Vân Tay Sáng Tạo Thiên Nhiên Rực Rỡ - ndbooks,96750,129000,25,0.0,0,0,,CÔNG TY TNHH THƯƠNG MẠI SÁCH NHÂN DÂN,Nhà Xuất Bản Thanh Niên,,Bìa mềm,,,SÁCH NHÂN DÂN - ndbooks,available,1000,True,True,True
274152014,Sách - Combo Sticker Trò chơi đồ hàng (dán hình siêu vui nhộn),350000,350000,0,0.0,0,0,nhieu tac gia,Nhà Sách Hồng Ân,Nhà Xuất Bản Phụ Nữ Việt Nam,,Bìa mềm,120.0,,Khanhlinhbook,available,1000,True,True,True
273921386,Sách - Combo 6c - Sticker Fashion Dán hình thời trang,270000,270000,0,0.0,0,0,,Nhà Sách Hồng Ân,Nhà Xuất Bản Dân Trí,,Bìa mềm,,,Khanhlinhbook,available,1000,True,True,True
273293832,Sách - Bộ 6 cuốn Bé tập làm họa sĩ - Bé tô màu (Song ngữ Anh VIệt) - ndbooks,46800,72000,35,0.0,0,1,,CÔNG TY TNHH THƯƠNG MẠI SÁCH NHÂN DÂN,Nhà Xuất Bản Thanh Niên,,Bìa mềm,,,SÁCH NHÂN DÂN - ndbooks,available,1000,True,True,True
272407208,CHUẨN BỊ CHO BÉ TỚI TRƯỜNG - CHỮ CÁI (TẶNG KÈM BÚT VIẾT/XÓA),150000,150000,0,0.0,0,0,,Huy Hoàng Bookstore,Nhà Xuất Bản Phụ Nữ Việt Nam,,,,,AHABOOKS,available,1000,True,True,True
270787995,Bé Tự Học Cùng Bubu - Tập Viết Và Ghép Vần _TRE,21250,25000,15,0.0,0,0,"Biên Thùy, Mai Hùng Tâm",NXB Trẻ,NXB Trẻ,,Bìa mềm,24.0,,Nhà Xuất Bản Trẻ,available,1000,True,True,True
270479028,Túi Bé Tô Màu Công Chúa ( 6 Cuốn ) - Bản Quyền,90000,90000,0,0.0,0,0,,minhlongbook,Nhà Xuất Bản Mỹ Thuật,,,,,Nhà Sách Vĩnh Thụy,available,1000,True,True,True
262852601,Combo 4 Cuốn Tô Màu Theo Số (Bộ Sách Tô Màu Dành Cho Bé),68000,80000,15,0.0,0,0,Award,NXB Trẻ,NXB Trẻ,,Bìa mềm,,2023-06-08,Nhà Xuất Bản Trẻ,available,1000,True,True,True
262338115,Tô Màu Theo Số - Muông Thú,17000,20000,15,0.0,0,0,Award,NXB Trẻ,NXB Trẻ,,,,,Nhà Xuất Bản Trẻ,available,1000,True,True,True
251741558,"Sách - Combo 6 cuốn: Bé học Toán, Bé tập Tô Tập Viết, Bé Tập Viết - Giúp bé tự tin vào lớp 1 (Ng T. Lê Mai) - Ndbooks",115500,165000,30,0.0,0,0,,CÔNG TY TNHH THƯƠNG MẠI SÁCH NHÂN DÂN,Nhà Xuất Bản Đại Học Quốc Gia Hà Nội,,Bìa mềm,36.0,,SÁCH NHÂN DÂN - ndbooks,available,1000,True,True,True
249347942,Let's Color - Nghệ Thuật Vòng Quanh Thế Giới,69000,69000,0,0.0,0,0,,Sách điện tử Thái Hà,Nhiều Nhà Xuất Bản,,,,,Nhà Sách Vĩnh Thụy,available,1000,True,True,True
249347895,Let's Color - Nét Vẽ Mạnh Mẽ Như Vangogh,69000,69000,0,0.0,0,0,,Sách điện tử Thái Hà,Nhiều Nhà Xuất Bản,,,,,Nhà Sách Vĩnh Thụy,available,1000,True,True,True
249347893,Let's Color - Nét Vẽ Mạnh Mẽ Như Vangogh,69000,69000,0,0.0,0,0,,Sách điện tử Thái Hà,Nhiều Nhà Xuất Bản,,,,,Nhà Sách Vĩnh Thụy,available,1000,True,True,True
249013613,Let's Color - Những Yếu Tố Cơ Bản Trong Hội Họa,69000,69000,0,0.0,0,0,,Sách điện tử Thái Hà,Nhiều Nhà Xuất Bản,,,,,Nhà Sách Vĩnh Thụy,available,1000,True,True,True
213936083,Bé Tự Học Cùng Bubu - Tập Viết Số Và Làm Toán,21250,25000,15,0.0,0,0,,NXB Trẻ,oem,,Bìa mềm,,,Nhà Xuất Bản Trẻ,available,1000,True,True,True
203216168,Sách  Tiểu vũ trụ  tô màu thế giới 12 chòm sao - Skybooks - BẢN QUYỀN,109000,109000,0,0.0,0,0,,Skybooks,Nhà Xuất Bản Hà Nội,,,,,Nhà Sách Vĩnh Thụy,available,1000,True,True,True
173854591,Quà cho bé : Bé tập tô màu : Đồ dùng gia đình,15000,15000,0,0.0,0,0,,Đại Mai Books,Nhà Xuất Bản Phụ Nữ Việt Nam,,,,,trungthanh2018,available,1000,True,True,True
169818234,Bé Tô Màu Siêu Anh Hùng,12000,12000,0,0.0,0,2,,ABBOOKS,oem,,,,,Nhân Văn,available,1000,True,False,True
139294247,Ươm Mầm Giỏi Toán Từ Mẫu Giáo - Mẫu Giáo 4: Trục Số Hấp Dẫn Và Hình Phẳng Cơ Bản,109000,109000,0,0.0,0,0,Park Young Hoon,Nhà Xuất Bản Thế Giới,Nhà Xuất Bản Thế Giới,,Bìa mềm,71.0,,HỆ THỐNG NHÀ SÁCH ABC,available,1000,True,True,True
129666101,Sách - Bước đầu tập viết quyển 1 (Hành trang cho bé vào lớp 1) - Ndbooks,32200,46000,30,0.0,0,2,,CÔNG TY TNHH THƯƠNG MẠI SÁCH NHÂN DÂN,Nhà Xuất Bản Mỹ Thuật,,Bìa mềm,,,SÁCH NHÂN DÂN - ndbooks,available,1000,True,True,True
103114599,Sách - Chắp Cánh Cùng Bé - Tập Viết - Bí quyết giúp con luyện viết chữ đẹp - Ndbooks,79000,79000,0,5.0,1,6,,CÔNG TY TNHH THƯƠNG MẠI SÁCH NHÂN DÂN,dai hoc quoc gia ha noi,,Bìa mềm,,,SÁCH NHÂN DÂN - ndbooks,available,1000,True,True,True
102734052,Combo Bé Tập Tô Màu Công Chúa (10 Tập),75000,100000,25,0.0,0,2,,Khang Việt Book,Nhà Xuất Bản Đồng Nai,,Bìa mềm,,,khangvietbook,available,1000,True,True,True
102708362,Combo Bé Tập Tô Màu Doraemon,75000,100000,25,5.0,4,34,,Khang Việt Book,Nhà Xuất Bản Đồng Nai,,Bìa mềm,,,khangvietbook,available,1000,True,True,True
279269724,Sách - Tủ Sách Cho Bé Vào Lớp Một - Bé Tập Tô Và Làm Quen Với Chữ Cái - Tập 1 (Tái Bản 2025),11000,11000,0,0.0,0,0,"Lê Tuệ Minh,  Lê Thu Ngọc",Minh Long,nxb my thuat,,Bìa mềm,,2023-12-21,Nhà sách Fahasa,available,1000,True,True,True
279269704,Sách - Tủ Sách Cho Bé Vào Lớp Một - Bé Tập Tô Chữ Số - Dành Cho Bé 4-5 Tuổi (Tái Bản 2025),10000,10000,0,0.0,0,0,"Lê Tuệ Minh,  Lê Thu Ngọc",Minh Long,nxb my thuat,,Bìa mềm,,2023-12-21,Nhà sách Fahasa,available,1000,True,True,True
279268765,Sách - Tập Tô Màu - Đồ Vật,10000,10000,0,0.0,0,0,"Thiện Lộc,  Minh Nguyệt",Cty Giáo Dục Đức Trí,Nhà Xuất Bản Tổng hợp TP.HCM,,Bìa mềm,,2023-12-21,Nhà sách Fahasa,available,1000,True,True,True
279074453,Sách - Tô Màu Phát Triển Não Bộ Cho Bé 1-5 Tuổi - Tập 12 - Khủng Long Kỳ Thú,16000,16000,0,0.0,0,0,nhieu tac gia,Nhã Nam,NXB Dân Trí,,Bìa mềm,,2023-12-21,Nhà sách Fahasa,available,1000,True,True,True
279074451,Sách - Tô Màu Phát Triển Não Bộ Cho Bé 1-5 Tuổi - Tập 17 - Gia Đình Yêu Dấu,16000,16000,0,0.0,0,0,nhieu tac gia,Nhã Nam,NXB Dân Trí,,Bìa mềm,,2023-12-21,Nhà sách Fahasa,available,1000,True,True,True
279074439,Sách - Tô Màu Phát Triển Não Bộ Cho Bé 1-5 Tuổi - Tập 14 - Thế Giới Động Vật,16000,16000,0,0.0,0,0,nhieu tac gia,Nhã Nam,NXB Dân Trí,,Bìa mềm,,2023-12-21,Nhà sách Fahasa,available,1000,True,True,True
279058530,Sách - Bé Tô Màu Mẫu Giáo - Tôm Cua Cá,11000,11000,0,0.0,0,0,Huyền Linh,Cty Văn Hóa & Truyền Thông Trí Việt.,Nhà Xuất Bản Văn Học,,Bìa mềm,,2023-12-21,Nhà sách Fahasa,available,1000,True,True,True
279058504,Sách - Bé Tô Màu Mẫu Giáo - Giao Thông,11000,11000,0,0.0,0,0,Huyền Linh,Cty Văn Hóa & Truyền Thông Trí Việt.,Nhà Xuất Bản Văn Học,,Bìa mềm,,2023-12-21,Nhà sách Fahasa,available,1000,True,True,True
278836391,Mini Fashion - Migo,28000,28000,0,0.0,0,0,Little Rainbow,Gieobooks,Nhà Xuất Bản Phụ Nữ Việt Nam,,Bìa mềm,24.0,2025-11-02,Tazano Official Store,available,1000,True,True,True
278716284,Sách - Bé Tô Màu Mẫu Giáo - Rau Củ Quả (Tái Bản 2024),10000,10000,0,0.0,0,0,Huyền Linh,Cty Văn Hóa & Truyền Thông Trí Việt.,Nhà Xuất Bản Văn Học,,Bìa mềm,,2023-12-21,Nhà sách Fahasa,available,1000,True,True,True
278208596,Combo 5 Cuốn Bóc dán 3D Tiệm Hoa Baby Three (Bóc Dán 300+ Sticker Cho Bé),125000,125000,0,0.0,0,0,Little Rainbow,Gieobooks,Nhà Xuất Bản Phụ Nữ Việt Nam,,Bìa mềm,15.0,2025-06-27,Tazano Official Store,available,1000,True,True,True
277375999,Sách Tô Màu - BabyThree Và Cầu Vồng Cảm Xúc,65000,65000,0,0.0,0,0,Little Rainbow,Gieobooks,Nhà Xuất Bản Thanh Niên,,Bìa mềm,62.0,2025-02-19,Tazano Official Store,available,1000,True,True,True
277281918,Sách -Tô Màu - Ngôi làng hạnh phúc của Baby Three (VT),75050,79000,5,0.0,0,1,Tiểuu Hoaa,Công Ty TNHH Văn Hóa Việt Thư,Nhà Xuất Bản Phụ Nữ Việt Nam,,Bìa mềm,72.0,,Cá Chép Bookstore,available,1000,True,True,True
277041340,Combo Tô Màu Khám Phá (5 Cuốn),145000,145000,0,0.0,0,0,,Gieobooks,Nhà Xuất Bản Thanh Niên,,Bìa mềm,120.0,2025-01-19,Tazano Official Store,available,1000,True,True,True
276777670,Sách Chưa Kịp Lớn Đã Phải Trưởng Thành - Tô Màu Cuộc Sống,72980,89000,18,0.0,0,2,Tớ là Mây,Công Ty Cổ Phần Time Books,Nhà Xuất Bản Thế Giới,,Bìa mềm,80.0,,Tiệm Sách Thật,available,1000,True,True,True
275739227,"Phát Triển Trí Não Cho Trẻ Qua Tô,Dán Và Nối Hình: Nhà Của Bé",55000,55000,0,0.0,0,0,,Công ty TNHH Thương mại và Dịch vụ Văn hóa Hà Nội,Nhà Xuất Bản Mỹ Thuật,,Bìa mềm,24.0,2024-07-25,Tazano Official Store,available,1000,True,True,True
275697982,Chúng Mình Đi Đâu Thế - Khám Phá Pháp,50000,50000,0,0.0,0,0,nhieu tac gia,Huy Hoàng Bookstore,Nhà Xuất Bản Mỹ Thuật,,Bìa mềm,48.0,,An Lạc,available,1000,True,True,True
275697914,Chúng Mình Đi Đâu Thế - Khám Phá Trung Quốc,50000,50000,0,0.0,0,0,nhieu tac gia,Huy Hoàng Bookstore,Nhà Xuất Bản Mỹ Thuật,,Bìa mềm,48.0,,An Lạc,available,1000,True,True,True
273670938,Bé Học Toán,12000,12000,0,0.0,0,0,"Thiện Lộc,  Minh Nguyệt",Cty Giáo Dục Đức Trí,Nhà Xuất Bản Đại Học Quốc Gia TP.HCM,,,,,Nhà sách Fahasa,available,1000,True,True,True
273670870,Bé Tô Màu - Vương Quốc Xe Hơi 1,12000,12000,0,0.0,0,0,,Cty TNHH TM&DV VH GD Phía Nam,Nhà Xuất Bản Đồng Nai,,,,,Nhà sách Fahasa,available,1000,True,True,True
273670854,Bé Tô Màu - Vương Quốc Xe Hơi 2,12000,12000,0,0.0,0,1,,Cty TNHH TM&DV VH GD Phía Nam,Nhà Xuất Bản Đồng Nai,,,,,Nhà sách Fahasa,available,1000,True,True,True
273670774,Tập Viết Các Nét Cơ Bản,12000,12000,0,0.0,0,0,Chính An,Cty TNHH TM&DV VH GD Phía Nam,Nhà Xuất Bản Đồng Nai,,,,,Nhà sách Fahasa,available,1000,True,True,True
263104208,Bé Chuẩn Bị Vào Lớp 1 - Tập Viết - Tập 2 (Tái Bản),10000,10000,0,0.0,0,2,Thiên Ân,Cty Giáo Dục Đức Trí,Nhà Xuất Bản Đại Học Sư Phạm TPHCM,,,,,Nhà sách Fahasa,available,1000,True,True,True
263103120,Bé Kể Chuyện Tô Màu Tập Viết - Thạch Sanh Lý Thông,9000,9000,0,0.0,0,1,"Quang Khánh,  Yên Bình",Cty Giáo Dục Đức Trí,Nhà Xuất Bản Tổng hợp TP.HCM,,,,,Nhà sách Fahasa,available,1000,True,True,True
248266478,Sách Dán Hình Thông Minh - 100 Phương Tiện Di Chuyển Đầu Tiên Của Bé,119000,119000,0,0.0,0,0,,Tân Việt,Nhà Xuất Bản Mỹ Thuật,,Bìa mềm,48.0,2023-03-20,Tazano Official Store,available,1000,True,True,True
217897263,Tớ Tự Tô: Những Bông Hoa Xinh,12000,12000,0,0.0,0,0,Nguyễn Thanh Nga,Nhà Xuất Bản Kim Đồng,Nhà Xuất Bản Kim Đồng,,,,,Nhà sách Fahasa,available,1000,True,True,True
217145507,Combo 6 cuốn Tô Màu Công Chúa Xinh Đẹp,150000,150000,0,0.0,0,0,,Tân Việt,Nhà Xuất Bản Mỹ Thuật,,Bìa mềm,,,NHBook,available,1000,True,True,True
208778463,Bé Tô Màu - Dino Party,12000,12000,0,0.0,0,2,,Cty TNHH TM&DV VH GD Phía Nam,,,,,,Nhà sách Fahasa,available,1000,True,True,True
204878363,Chuẩn Bị Cho Bé Vào Lớp 1 - Tập Tô Chữ Hoa - Quyển 8 (Tái Bản 2020),16150,17000,5,0.0,0,0,,Huy Hoàng Bookstore,Nhà Xuất Bản Mỹ Thuật,,Bìa mềm,,,Cá Chép Bookstore,available,1000,True,False,True
204641775,Bé Chuẩn Bị Vào Lớp 1- Khởi Đầu Tập Viết - Các Nét,36100,38000,5,0.0,0,2,Chính An,Cty Chính Thông,Nhà Xuất Bản Đồng Nai,,Bìa mềm,48.0,,Cá Chép Bookstore,available,1000,True,False,True
189635488,Bộ Sách Thú Vị Dành Cho Bé Nhập Môn Tập Tô - Bé Tập Tô Màu (Bộ 6 Cuốn),210000,210000,0,0.0,0,2,Minh Thư,Tân Việt,Nhà Xuất Bản Mỹ Thuật,,,,,NHBook,available,1000,True,True,True
186692842,Cùng Bé Bước Vào Lớp 1 - Bé Tập Tô Chữ Cái Quyển 2,11400,12000,5,0.0,0,0,,Nhà sách Tân Việt,Nhà Xuất Bản Mỹ Thuật,,Bìa mềm,,,Cá Chép Bookstore,available,1000,True,False,True
172422266,Bé Tô Màu Mẫu Giáo - Hoa,9000,9000,0,0.0,0,2,Huyền Linh,Cty Văn Hóa & Truyền Thông Trí Việt.,Nhà Xuất Bản Hồng Đức,,,,,Nhà sách Fahasa,available,1000,True,True,True
126794180,Tô Màu Hoàng Tử Ếch - Cửa hàng đồ ăn,17000,17000,0,0.0,0,1,,Huy Hoàng Bookstore,Nhà Xuất Bản Mỹ Thuật,,Bìa mềm,24.0,,An Lạc,available,1000,True,True,True
110677191,Chuẩn Bị Cho Bé Vào Lớp Một (Túi 10 Cuốn) ,51000,102000,50,0.0,0,3,,Minh Long,Nhà Xuất Bản Đại Học Sư Phạm,,Bìa mềm,,,NHBook,available,1000,True,True,True
96927774,Con Chuẩn Bị Vào Lớp 1 - Bé Tập Tô Các Nét Cơ Bản,10000,10000,0,0.0,0,7,Huyền Linh,Cty Văn Hóa & Truyền Thông Trí Việt.,Nhà Xuất Bản Dân Trí,,,,,Nhà sách Fahasa,available,1000,True,True,True
67041054,Tập Tô Màu 2 (5-6 Tuổi) - Tái Bản 2020,10000,10000,0,5.0,1,2,"Minh Nguyệt, Thiện Lộc, Thiên Lộc",Cty Giáo Dục Đức Trí,Nhà Xuất Bản Đại Học Quốc Gia Hà Nội,,,,,Nhà sách Fahasa,available,1000,True,True,True
55101313,Bé Yêu Tô Màu - Đồ Dùng Gia Đình,10000,10000,0,0.0,0,1,Huyền Linh,Cty Văn Hóa & Truyền Thông Trí Việt.,Nhà Xuất Bản Dân Trí,,,,,Nhà sách Fahasa,available,1000,True,True,True
50322463,Em Đọc Ngụ Ngôn Và Tô Màu: 3 Chú Heo Xây Nhà,12000,12000,0,0.0,0,7,Chính Bình,Cty TNHH TM&DV VH GD Phía Nam,,,,,,Nhà sách Fahasa,available,1000,True,True,True
22650022,Bộ Sách Giờ Học Tô Màu Của Bé (Bộ 8 Cuốn),114000,114000,0,0.0,0,0,,Tân Việt,,,,,,NHBook,available,1000,True,True,True
279269648,Sách - Bé Tô Màu Các Loài Hoa,15000,15000,0,0.0,0,0,nhieu tac gia,Fahasa,Nhà Xuất Bản Thanh Hoá,,Bìa mềm,,2023-12-21,Nhà sách Fahasa,available,1000,True,True,True
279269550,Sách - Bé Tô Màu Động Vật Hoang Dã,15000,15000,0,0.0,0,0,nhieu tac gia,Fahasa,Nhà Xuất Bản Thanh Hoá,,Bìa mềm,,2023-12-21,Nhà sách Fahasa,available,1000,True,True,True
279268615,Sách - Tập Tô Màu - Đồ Chơi,12000,12000,0,0.0,0,0,"Thiện Lộc,  Minh Nguyệt",Cty Giáo Dục Đức Trí,Nhà Xuất Bản Tổng hợp TP.HCM,,Bìa mềm,,2023-12-21,Nhà sách Fahasa,available,1000,True,True,True
278716588,Sách - Tập Tô Mẫu Giáo - Chữ Cái - Quyển 2 (Dành Cho 4-5 Tuổi),12000,12000,0,0.0,0,0,nhieu tac gia,Cty Giáo Dục Đức Trí,Nhà Xuất Bản Đại Học Quốc Gia TP.HCM,,Bìa mềm,,2023-12-21,Nhà sách Fahasa,available,1000,True,True,True
278231018,Sách Tô Màu Hoàng Tử Ếch,12000,17000,29,0.0,0,0,Ngọc Hà,Huy Hoàng Bookstore,Nhà Xuất Bản Mỹ Thuật,,Bìa mềm,24.0,,Tiki Trading,available,1000,False,True,True
278153555,Sách - Cầu Vồng Trẻ Thơ - Toán Tư Duy - Dành Cho Trẻ 24-36 Tháng Tuổi,20000,20000,0,0.0,0,0,,CÔNG TY TNHH EDUCATION SOLUTIONS VIỆT NAM,Nhà Xuất Bản Đại Học Huế,,Bìa mềm,,2023-12-21,Nhà sách Fahasa,available,1000,True,True,True
276965829,Baby Three - ABB ,80000,80000,0,0.0,0,2,nhieu tac gia,ABBOOKS,Nhà Xuất Bản Đồng Nai,,Bìa mềm,,,NewShop Official,available,1000,True,True,True
276640297,"Sách - First Words Learn, Stick & Color - Học, Dán Và Tô Màu - ndbooks",100000,100000,0,0.0,0,0,,CÔNG TY TNHH THƯƠNG MẠI SÁCH NHÂN DÂN,Nhà Xuất Bản Thanh Niên,,Bìa cứng,,,SÁCH NHÂN DÂN - ndbooks,available,1000,True,True,True
274823514,Bé Tô Màu - Hải Ly Loopy Mũ Cá,11500,11500,0,0.0,0,0,Quang Minh,Cty TNHH TM&DV VH GD Phía Nam,Nhà Xuất Bản Đồng Nai,,,,,Nhà sách Fahasa,available,1000,True,True,True
274823512,Bé Tô Màu - Hải Ly Loopy,11500,11500,0,0.0,0,0,Quang Minh,Cty TNHH TM&DV VH GD Phía Nam,Nhà Xuất Bản Đồng Nai,,,,,Nhà sách Fahasa,available,1000,True,True,True
274823501,Bé Tô Màu - Bé Làm Cảnh Sát (Tái Bản 2024),11500,11500,0,0.0,0,1,Quang Minh,Cty TNHH TM&DV VH GD Phía Nam,,,,,,Nhà sách Fahasa,available,1000,True,True,True
273670902,Bé Tô Màu - Vương Quốc Xe Hơi 4,12000,12000,0,0.0,0,1,,Cty TNHH TM&DV VH GD Phía Nam,Nhà Xuất Bản Đồng Nai,,,,,Nhà sách Fahasa,available,1000,True,True,True
273341094,Chuẩn Bị Cho Bé Vào Lớp 1 - Dành Cho Bé 4-5 Tuổi - Tập Viết Chữ Thường,10000,10000,0,0.0,0,8,,Cty TNHH TM&DV VH GD Phía Nam,,,,,,Nhà sách Fahasa,available,1000,True,True,True
272305711,Bé Tô Màu - Đam Mê Cùng Lotso,12000,12000,0,0.0,0,0,Quang Minh,Cty TNHH TM&DV VH GD Phía Nam,Nhà Xuất Bản Đồng Nai,,,,,Nhà sách Fahasa,available,1000,True,True,True
270717321,"Sách Dán Hình Thông Minh - Chữ Số, Màu Sắc, Hình Dạng Đầu Tiên Của Bé",119000,119000,0,0.0,0,0,nhieu tac gia,NXB Mỹ Thuật,Nhà Xuất Bản Mỹ Thuật,,Bìa mềm,48.0,,Nhà Sách Phương Nam,available,1000,True,False,True
270253648,Bé Tập Tô Màu - Động Vật Vui Nhộn (Tái Bản 2023),16000,16000,0,0.0,0,1,Biên Thùy,NXB Trẻ,NXB Trẻ,,,,,Nhà sách Fahasa,available,1000,True,True,True
270253642,Bé Tập Tô Màu - Động Vật Vui Nhộn 2 (Tái Bản 2023),16000,16000,0,0.0,0,0,Biên Thùy,NXB Trẻ,NXB Trẻ,,,,,Nhà sách Fahasa,available,1000,True,True,True
263208584,Vở Tập Tô Chữ Số (Dành Cho Trẻ 5-6 Tuổi),10000,10000,0,0.0,0,0,Thiên Ân,Cty Giáo Dục Đức Trí,Nhà Xuất Bản Đại Học Quốc Gia TP.HCM,,,,,Nhà sách Fahasa,available,1000,True,True,True
249668387,Bé Làm Picasso - Tập 5 - Vanlangbooks,45100,55000,18,0.0,0,0,Education Lab,Cty Văn Hóa Văn Lang,Nhà Xuất Bản Hồng Đức,,Bìa mềm,48.0,2019-04-17,Văn Lang Official Store,available,1000,True,True,True
249664542,7 Bước Vẽ Siêu Nhân - Tập 2 - Vanlangbooks,28700,35000,18,0.0,0,1,Hồ Anh Tuấn,Cty Văn Hóa Văn Lang,Nhà Xuất Bản Hồng Đức,,Bìa mềm,32.0,2021-05-26,Văn Lang Official Store,available,1000,True,True,True
215560752,Tập Tô Mẫu Giáo: Chữ Số (Dành Cho 4 - 5 Tuổi) - Tập 4,12000,12000,0,0.0,0,4,"Minh Châu,  Thiện Lộc",Cty Giáo Dục Đức Trí,Nhà Xuất Bản Đại Học Quốc Gia TP.HCM,,,,,Nhà sách Fahasa,available,1000,True,True,True
207642359,Tô Màu Công Chúa - Công Chúa Phương Tây,32000,32000,0,5.0,1,1,,NXB Phụ Nữ,Nhà Xuất Bản Phụ Nữ,,Bìa mềm,,,Nhà Sách Phương Nam,available,1000,True,True,True
206482174,Sticker Dolly Dressing - Dán Hình Sáng Tạo Trang Phục Búp Bê - Tiên Nữ,55000,55000,0,0.0,0,3,nhieu tac gia,Nhà Xuất Bản Thanh Niên,Nhà Xuất Bản Thanh Niên,,Bìa mềm,24.0,,Nhà Sách Phương Nam,available,1000,True,True,True
206335473,Khởi Đầu Cho Bé Vào Lớp 1 - Bé Làm Quen Với Chữ Thường - Tập 1,12000,12000,0,0.0,0,0,Ngọc Nguyên,Nhà Xuất Bản Mỹ Thuật,Nhà Xuất Bản Mỹ Thuật,,Bìa mềm,32.0,,Nhà Sách Phương Nam,available,1000,True,True,True
196579466,Tô Màu - Làm Quen Với Toán - Phép Trừ (Dành Cho Trẻ 5-6 Tuổi),12000,12000,0,0.0,0,1,"Thiện Lộc,  Minh Nguyệt",Cty Giáo Dục Đức Trí,dai hoc quoc gia ha noi,,,,,Nhà sách Fahasa,available,1000,True,True,True
195993356,Bé Chuẩn Bị Vào Lớp 1 - Giúp Bé Làm Quen Với Toán (Dành Cho Trẻ 4-5 Tuổi),12000,12000,0,0.0,0,3,Thiên Ân,Cty Giáo Dục Đức Trí,Nhà Xuất Bản Đại Học Quốc Gia Hà Nội,,,,,Nhà sách Fahasa,available,1000,True,True,True
192949494,Dot To Dot Coloring Book - Nối Số & Tô Màu - Các Loài Hoa,9000,9000,0,0.0,0,0,Huyền Linh,Cty Văn Hóa & Truyền Thông Trí Việt.,Nhà Xuất Bản Dân Trí,,,,,Nhà sách Fahasa,available,1000,True,True,True
190502298,Tập Tô Màu Và Nhận Biết Chữ Cái - Tập 2,10000,10000,0,0.0,0,0,Thiên Ân,Cty Giáo Dục Đức Trí,Nhà Xuất Bản Đại Học Quốc Gia TP.HCM,,,,,Nhà sách Fahasa,available,1000,True,True,True
190502290,Tập Tô Chữ Viết Thường - Tập 2 (Dành Cho Bé 5-6 Tuổi Chuẩn Bị Cho Bé Vào Lớp 1),12000,12000,0,0.0,0,3,Thiên Ân,Cty Giáo Dục Đức Trí,Nhà Xuất Bản Đại Học Quốc Gia TP.HCM,,,,,Nhà sách Fahasa,available,1000,True,True,True
185851655,Em Tập Tô Màu Và Đọc Truyện Kho Tàng Truyện Cổ Dân Gian Việt Nam - Cây Tre Trăm Đốt,12000,12000,0,0.0,0,2,Chính Bình,Cty TNHH TM&DV VH GD Phía Nam,,,,,,Nhà sách Fahasa,available,1000,True,True,True
185851634,Em Tập Tô Màu Và Đọc Truyện Kho Tàng Truyện Cổ Dân Gian Việt Nam - Sự Tích Quả Dưa Hấu,12000,12000,0,0.0,0,2,Chính Bình,Cty TNHH TM&DV VH GD Phía Nam,,,,,,Nhà sách Fahasa,available,1000,True,True,True
185851628,Em Tập Tô Màu Và Đọc Truyện Kho Tàng Truyện Cổ Dân Gian Việt Nam - Con Cóc Là Cậu Ông Trời,12000,12000,0,5.0,1,1,Chính Bình,Cty TNHH TM&DV VH GD Phía Nam,,,,,,Nhà sách Fahasa,available,1000,True,True,True
171585957,Tô Màu Làm Quen Với Chữ - Tập 2,10000,10000,0,0.0,0,0,"Thiện Lộc,  Minh Nguyệt",Cty Giáo Dục Đức Trí,Nhà Xuất Bản Đại Học Quốc Gia TP.HCM,,,,,Nhà sách Fahasa,available,1000,True,True,True
106348832,Bé Luyện Viết Theo Mẫu Chữ Mới - Tập Tô Chữ 1 - Tập 1 (Tái Bản),10000,10000,0,0.0,0,54,"Thiện Lộc, Thiên Lộc, THiện Lộc",Cty Giáo Dục Đức Trí,Nhà Xuất Bản Đại Học Quốc Gia TP.HCM,,,,,Nhà sách Fahasa,available,1000,True,True,True
58708563,Bé Tô Màu - Chú Báo Hồng Tinh Nghịch 4,12000,12000,0,0.0,0,1,"Quang Minh, Quang Minh, Quang MInh",Cty TNHH TM&DV VH GD Phía Nam,,,,,,Nhà sách Fahasa,available,1000,True,True,True
31250871,Sách Học Toán Thật Vui (6 Cuốn),76000,76000,0,0.0,0,0,Minh Tâm,Nhà Sách Hồng Ân,,,Bìa mềm,96.0,2018-01-02,NewShop Official,available,1000,True,False,True
22560117,Sách Bé Tập Tô Màu - Đồ Dùng Gia Đình (Tái Bản),12000,12000,0,0.0,0,0,Hải Nam,Minh Long,Nhà Xuất Bản Mỹ Thuật,,Bìa mềm,24.0,2019-07-01,HỆ THỐNG NHÀ SÁCH ABC,available,1000,True,True,True
20332457,Sách Các Trò Chơi Quan Sát Và So Sánh (4 -5 Tuổi),45100,55000,18,0.0,0,3,Hà Thu Quang,VanLangBooks,Nhà Xuất Bản Hồng Đức,,Bìa mềm,48.0,2019-06-13,Văn Lang Official Store,available,1000,True,True,True
13624096,Sách Vừa Tô Màu Vừa Học - Sắc Màu Cá Biển,17000,20000,15,0.0,0,2,Hà Linh Minh,NXB Trẻ,NXB Trẻ,,Bìa mềm,24.0,2019-04-01,Nhà Xuất Bản Trẻ,available,1000,True,True,True
402325,Sách Bộ Poster 5 Tờ - Tập 3,68000,68000,0,0.0,0,0,First News,First News - Trí Việt,Đang cập nhật,,Bìa mềm,5.0,2014-06-01,Nhà Sách Vĩnh Thụy,available,1000,True,True,True
274418358,"Bé tô màu: Khám phá vườn côn trùng kì thú (côn trùng, bò sát, lưỡng cư) (20+ hình dán sticker)",24700,26000,5,0.0,0,0,nhieu tac gia,Cty Văn Hóa Việt Thư,Nhà Xuất Bản Phụ Nữ Việt Nam,,Bìa mềm,,,Chính Thông,available,1000,True,True,True
274064719,Tô Màu Sáng Tạo Phát Triển Trí Não - Cấp Độ 3 (3-4 tuổi),18000,18000,0,0.0,0,0,,NXB Thanh Niên,Nhà Xuất Bản Thanh Niên,,Bìa mềm,16.0,,Nhà Sách Phương Nam,available,1000,True,True,True
271972839,Combo  How To Draw - 6 Cuốn - Hồ Anh Tuấn - Vanlangbooks,172200,210000,18,0.0,0,0,,VanLangBooks,Nhà Xuất Bản Hồng Đức,,Bìa mềm,,,Văn Lang Official Store,available,1000,True,True,True
271237115,Tập Tô Chữ Thường Dành Cho 5-6 Tuổi (Tủ Sách Mầm Non Chăm Học),11760,12000,2,0.0,0,1,Chính Bình,Công Ty TNHH TM & DV Văn Hóa Giáo Dục Phía Nam,Nhà Xuất Bản Đồng Nai,,Bìa mềm,23.0,,Nhân Văn,available,1000,True,True,True
270886456,Chuẩn Bị Cho Bé Tới Trường - Chữ Số 123 (Tặng Kèm Bút Viết/Xóa)  - Huy Hoàng Bookstore,127500,150000,15,0.0,0,0,Ngọc Phượng,Huy Hoàng Bookstore,Nhà Xuất Bản Phụ Nữ Việt Nam,,Bìa cứng,24.0,,Văn Lang Official Store,available,1000,True,True,True
270745176,Tô Màu Diệu Kỳ - Cô Tiên Xinh,32000,32000,0,0.0,0,0,Little Rainbow,NXB Thanh Niên,Nhà Xuất Bản Thanh Niên,,Bìa mềm,24.0,,Nhà Sách Phương Nam,available,1000,True,True,True
270717235,Con Tô Màu - Thám Hiểm Đáy Biển Sâu,32000,32000,0,0.0,0,0,Little Rainbow,NXB Mỹ Thuật,Nhà Xuất Bản Mỹ Thuật,,Bìa mềm,24.0,,Nhà Sách Phương Nam,available,1000,True,True,True
270712511,Hình Dán Thú Vị Rèn Trí Thông Minh - Tư Duy Logic,32000,32000,0,0.0,0,0,,NXB Thanh Niên,Nhà Xuất Bản Thanh Niên,,Bìa mềm,16.0,,Nhà Sách Phương Nam,available,1000,True,True,True
270712505,Hình Dán Thú Vị Rèn Trí Thông Minh - Nhận Biết Hình Dạng,32000,32000,0,0.0,0,1,,NXB Thanh Niên,Nhà Xuất Bản Thanh Niên,,Bìa mềm,16.0,,Nhà Sách Phương Nam,available,1000,True,True,True
270703130,Tô Màu Thú Vị - Đáng Yêu,19000,19000,0,0.0,0,0,nhieu tac gia,NXB Mỹ Thuật,Nhà Xuất Bản Mỹ Thuật,,Bìa mềm,24.0,2019-12-07,Nhà Sách Phương Nam,available,1000,True,True,True
270189169,Combo 5 Cuốn ABC For KIDS – Bé Tập Viết Và Tô Màu Bảng Chữ Cái Tiếng Anh,93100,98000,5,0.0,0,0,Đăng Khôi,Công Ty CP Sách Văn Chương,Nhà Xuất Bản Văn Học,,Bìa mềm,140.0,,Chính Thông,available,1000,True,True,True
263680494,Vở Tập Tô Nét Cơ Bản (Dành Cho Trẻ 4-5 Tuổi),12000,12000,0,0.0,0,11,Thiên Ân,Cty Giáo Dục Đức Trí,Nhà Xuất Bản Đại Học Quốc Gia Hà Nội,,,,,Nhà sách Fahasa,available,1000,True,True,True
262890899,VỞ Ô LI CÓ MẪU CHỮ LỚP 1 - QUYỂN 3,18400,20000,8,0.0,0,0,Dương Linh,Huy Hoàng Bookstore,Nhà Xuất Bản Mỹ Thuật,,Bìa mềm,48.0,,Văn Lang Official Store,available,1000,True,True,True
249389888,Tô Màu Rèn Trí Thông Minh Tập 2 - Vanlangbooks,36900,45000,18,0.0,0,0,Education Lab,VanLangBooks,Nhà Xuất Bản Hồng Đức,,Bìa mềm,32.0,2020-03-28,Văn Lang Official Store,available,1000,True,True,True
249033174,7 Bước Vẽ Siêu Nhân - Tập 1 - Vanlangbooks,28700,35000,18,0.0,0,2,Hồ Anh Tuấn,Văn Lang,Nhà Xuất Bản Hồng Đức,,Bìa mềm,32.0,2021-02-22,Văn Lang Official Store,available,1000,True,True,True
206481112,First Sticker Book - Sách Dán Hình Đầu Đời Cho Bé - Tàu Hỏa (Tái bản năm 2021),75000,75000,0,0.0,0,2,nhieu tac gia,Nhà Xuất Bản Thanh Niên,Nhà Xuất Bản Thanh Niên,,Bìa mềm,16.0,,Nhà Sách Phương Nam,available,1000,True,True,True
206481064,First Sticker Book - Sách Dán Hình Đầu Đời Cho Bé - Khủng Long (Tái bản năm 2021),75000,75000,0,0.0,0,0,nhieu tac gia,Nhà Xuất Bản Thanh Niên,Nhà Xuất Bản Thanh Niên,,Bìa mềm,16.0,,Nhà Sách Phương Nam,available,1000,True,True,True
205809579,Cuốn Sách Tô Màu Đầu Tiên Của Tớ - Phương Tiện Giao Thông,25000,25000,0,0.0,0,0,Jenny Brown,Nhà Xuất Bản Thanh Niên,Nhà Xuất Bản Thanh Niên,,Bìa mềm,32.0,,Nhà Sách Phương Nam,available,1000,True,True,True
201687278,Sách VẼ VẠN VẬT TỪ NHỮNG NÉT ĐƠN GIẢN - Vẽ người em yêu quý,54600,78000,30,4.3,3,31,Mo Rong Yin Dao,Nhã Nam,Nhà Xuất Bản Dân Trí,,Bìa mềm,300.0,2022-10-01,Tiki Trading,available,1000,False,True,True
195993455,Color By Number - Tô Màu Theo Số -Tập 5,11400,12000,5,0.0,0,0,KhoiBook,Cty Sách Văn Chương,Nhà Xuất Bản Văn Học,,,,,Chính Thông,available,1000,True,True,True
195993451,Color By Number - Tô Màu Theo Số -Tập 6,11400,12000,5,0.0,0,0,KhoiBook,Cty Sách Văn Chương,Nhà Xuất Bản Văn Học,,,,,Chính Thông,available,1000,True,True,True
195104338,Sách Color by Number – Tô Màu Theo Số 1,11400,12000,5,0.0,0,0,KhoiBook,Công Ty CP Sách Văn Chương,Nhà Xuất Bản Văn Học,,Bìa mềm,20.0,,Chính Thông,available,1000,True,True,True
191808444,Bé Tô Màu Mẫu Giáo - Hoa,8820,9000,2,0.0,0,2,,Cty Văn Hóa & Truyền Thông Trí Việt.,oem,,Bìa mềm,,,Nhân Văn,available,1000,True,False,True
191808254,Nối Số & Tô Màu - Các Loài Hoa,8820,9000,2,0.0,0,0,,Cty Văn Hóa & Truyền Thông Trí Việt.,oem,,Bìa mềm,,,Nhân Văn,available,1000,True,False,True
191808163,"Bé Tô Màu Mẫu Giáo - Côn Trùng, Bò Sát",8820,9000,2,0.0,0,3,,Cty Văn Hóa & Truyền Thông Trí Việt.,oem,,Bìa mềm,,,Nhân Văn,available,1000,True,False,True
191808078,Nối Số & Tô Màu - Các Loài Chim,8820,9000,2,0.0,0,1,,Cty Văn Hóa & Truyền Thông Trí Việt.,oem,,Bìa mềm,,,Nhân Văn,available,1000,True,False,True
191808069,Bé Tô Màu Mẫu Giáo - Vật Nuôi,8820,9000,2,0.0,0,1,,Cty Văn Hóa & Truyền Thông Trí Việt.,oem,,Bìa mềm,,,Nhân Văn,available,1000,True,False,True
94597231,Sách Tập Tô Số Và Hình Khối (Kèm Bút Lông Bảng),38000,50000,24,5.0,6,24,.,VanLangBooks,Nhà Xuất Bản Hồng Đức,,Bìa mềm,16.0,2021-05-01,Tiki Trading,available,1000,True,True,True
73108416,Combo Trọn Bộ 2 Cuốn: Bộ Sách Tự Xóa Thông Minh - Bé Học Toán Mỗi Ngày + Bé Làm Quen Với Toán Học ( 5 -7 tuổi ) - Tặng Bút Xóa,126600,178000,29,5.0,4,42,Nhiều tác giả,Tân Việt,Nhà Xuất Bản Mỹ Thuật,,Bìa cứng,26.0,2020-11-15,Tiki Trading,available,1000,False,True,True
55000017,Combo (Bộ 9 Cuốn): Bé Tự Tin Bước Vào Lớp 1 ( Dành Cho Bé Từ 03- 6 Tuổi),108000,108000,0,0.0,0,0,Vân Hương,Tân Việt,Nhà Xuất Bản Mỹ Thuật,,Bìa mềm,,,NHBook,available,1000,True,True,True
36666253,Sách Mai Em Vào Lớp Một - Dành Cho Trẻ 4 - 5 Tuổi (Bộ Túi 9 Cuốn) - Tái Bản,108000,135000,20,0.0,0,6,"Lê Hồng Đăng,  Lê Thị Ngọc Ánh",Minh Long,Nhà Xuất Bản Đại Học Sư Phạm,,Bìa mềm,9.0,2019-10-16,Minh Long Book,available,1000,True,True,True
34747500,Tô Màu Theo Truyện Kể - Barbie Công Chúa Học Đường,21100,30000,30,5.0,1,12,"., ., ., ., ...",Tân Việt,,,,,,Tiki Trading,available,1000,False,False,True
20332480,Sách Trò Chơi Rèn Luyện Năng Lực Tư Duy (3-4 Tuổi),45100,55000,18,0.0,0,0,Hà Thu Quang,VanLangBooks,Nhà Xuất Bản Hồng Đức,,Bìa mềm,48.0,2019-06-13,Văn Lang Official Store,available,1000,True,True,True
20332467,Sách Trò Chơi Rèn Luyện Tư Duy Nâng Cao 3 (5 -7 Tuổi),55000,55000,0,0.0,0,0,Hà Thu Quang,VanLangBooks,Nhà Xuất Bản Hồng Đức,,Bìa mềm,48.0,2019-06-13,Bamboo Books,available,1000,True,True,True
19401260,Sách Dạo Chơi Cùng Hoa Quả - Khoai Lang Nóng Hổi,28900,39000,26,5.0,1,17,Kazuhiko Toyota,Thái Hà,,,Bìa mềm,26.0,2019-06-01,Tiki Trading,available,1000,False,True,True
19401250,Sách Let's Color - Nghệ Thuật Vòng Quanh Thế Giới,50600,69000,27,5.0,1,49,"Hoàng Thị Quỳnh, Bùi Hồng Hạnh",Thái Hà,Nhà Xuất Bản Lao Động,,Bìa mềm,64.0,2019-06-01,Tiki Trading,available,1000,False,True,True
11353614,Sách Back To School - Bé Tập Tô & Đố Vui Với Bảng Chữ Cái Tiếng Anh – Song Ngữ Anh Việt,38000,40000,5,0.0,0,0,Đăng Khôi,Công Ty CP Sách Văn Chương,Nhà Xuất Bản Văn Học,,Bìa mềm,56.0,2019-03-01,Chính Thông,available,1000,True,True,True
437926,Sách Bé Làm Họa Sĩ - Những Nét Vẽ Đầu Tiên (3 - 4 Tuổi),34200,38000,10,4.6,7,84,,Công Ty Cổ Phần Văn Hóa Đông A,NXB Dân Trí,,Bìa mềm,,2015-06-16,Cá Chép Bookstore,available,1000,True,True,True
417835,Sách Bé Tập Tô Màu (Tập 5) - Dành Cho Trẻ Từ 3 Đến 6 Tuổi,34200,38000,10,0.0,0,5,.,Công Ty Cổ Phần Văn Hóa Đông A,Nhà Xuất Bản Dân Trí,,Bìa mềm,31.0,2014-01-21,Đông A Books Official,available,1000,True,True,True
417806,Sách Cổ Tích Tô Màu Công Chúa - Cô Bé Bán Diêm,14400,16000,10,4.5,8,63,.,Công Ty Cổ Phần Văn Hóa Đông A,,,Bìa mềm,16.0,2014-11-21,Cá Chép Bookstore,available,1000,True,True,True
279132921,Sách - Jadoo Tập Tô-Tập Viết - Chữ Cái - Tập 2,53600,59000,9,0.0,0,0,nhieu tac gia,1980 Books,NXB Dân Trí,,Bìa mềm,,2023-12-21,Nhà sách Fahasa,available,1000,True,True,True
279132897,Sách - Jadoo Tập Tô-Tập Viết - Chữ Cái - Tập 3,53600,59000,9,0.0,0,0,nhieu tac gia,1980 Books,NXB Dân Trí,,Bìa mềm,,2023-12-21,Nhà sách Fahasa,available,1000,True,True,True
279132611,Sách - Chú Mèo Tinh Nghịch Học Chữ Cái - Tô Màu Sáng Tạo - Dành Cho Bé 3 Tuổi,30000,32000,6,0.0,0,0,nhieu tac gia,Fahasa,Nhà Xuất Bản Phụ Nữ Việt Nam,,Bìa mềm,,2023-12-21,Nhà sách Fahasa,available,1000,True,True,True
278890370,Combo Tô Màu Cổ Tích Việt Nam (5 Cuốn),72000,90000,20,0.0,0,2,"Hachan, Khánh Ly",Nhà Xuất Bản Kim Đồng,Nhà Xuất Bản Kim Đồng,,Bìa mềm,,,Tiki Trading,available,1000,False,True,True
278716515,Sách - Tập Tô Chữ - Tập 2,13800,14000,1,0.0,0,0,Hồng Vân,Fahasa,nxb my thuat,,Bìa mềm,,2023-12-21,Nhà sách Fahasa,available,1000,True,True,True
278713267,Sách - Bóc Dán 3D - Phố Cổ Hội An,23700,25000,5,0.0,0,0,nhieu tac gia,Cty TNHH TM&DV VH GD Phía Nam,Nhà Xuất Bản Đồng Nai,,Bìa mềm,,2023-12-21,Nhà sách Fahasa,available,1000,True,True,True
278712921,Sách - Tô Màu Princess - Công Chúa Cá Tính,26500,32000,17,0.0,0,0,nhieu tac gia,Cty Văn Hóa Việt Thư,Nhiều Nhà Xuất Bản,,Bìa mềm,,2023-12-21,Nhà sách Fahasa,available,1000,True,True,True
278617228,Sách - Khám Phá Thế Giới Xung Quanh - Tô Màu Trái Cây,11800,12000,2,0.0,0,0,nhieu tac gia,Cty Giáo Dục Đức Trí,Nhà Xuất Bản Đại Học Quốc Gia Hà Nội,,Bìa mềm,,2023-12-21,Nhà sách Fahasa,available,1000,True,True,True
278616402,Sách - Tô Màu Công Chúa - Tập 10,9600,12000,20,0.0,0,0,Trần Ngọc Bảo Hân,Cty Văn Hóa Nhân Văn,Nhà Xuất Bản Đồng Nai,,Bìa mềm,,2023-12-21,Nhà sách Fahasa,available,1000,True,True,True
278541436,Sách - Tập Tô Chữ Mẫu Giáo - Dành Cho Trẻ 5-6 Tuổi (Tái Bản 2025),12300,15000,18,0.0,0,0,Nguyễn Thị Hương Giang,Minh Long,Nhà Xuất Bản Đại Học Quốc Gia Hà Nội,,Bìa mềm,,2023-12-21,Nhà sách Fahasa,available,1000,True,True,True
277446970,Tấm Vé Tuổi Thơ - Tô Màu Ký Ức,94500,105000,10,0.0,0,0,Be Chan,AZ Việt Nam,Nhà Xuất Bản Thanh Niên,,Bìa mềm,88.0,,Nhân Văn,available,1000,True,True,True
274597709,Giúp Bé Vững Bước Vào Lớp 1 - Bé Làm Quen Với Toán Học (4-5 Tuổi) (Tái Bản 2024),11100,12000,8,0.0,0,2,Vân Hương,Tân Việt,nxb my thuat,,,,,Nhà sách Fahasa,available,1000,True,True,True
274195841,Tủ Sách Bé Vào Lớp Một - Luyện Viết Chữ Cái Q.2,26400,27000,2,0.0,0,0,Khánh Huyền,Cty Văn Hóa & Truyền Thông Trí Việt.,Nhà Xuất Bản Văn Học,,,,,Nhà sách Fahasa,available,1000,True,True,True
274045040,Tô Màu Công Chúa Xinh Đẹp - Công Chúa Đoan Trang (Tái Bản 2023),21200,25000,15,0.0,0,0,Trần Bồi Lương,Tân Việt,nxb my thuat,,,,,Nhà sách Fahasa,available,1000,True,True,True
273699753,Tranh Tô Màu Vương Quốc Khủng Long - Cuộc Chiến Sinh Tồn (Tái Bản 2023),21200,25000,15,0.0,0,0,Nhóm Hoa Mặt Trời,Tân Việt,nxb my thuat,,,,,Nhà sách Fahasa,available,1000,True,True,True
273400963,Hình Dán Sticker - Bé Tập Tô Màu - Quyển 4,12900,17000,24,0.0,0,0,Trần Ngọc Bảo Hân,Cty Tân Thuận Tiến,,,,,,Nhân Văn,available,1000,True,True,True
273400713,Tô Màu - Một Ngày Của Bé - Tập 8,6690,10000,33,0.0,0,2,Trần Ngọc Bảo Hân,Cty Văn Hóa Nhân Văn,Nhà Xuất Bản Thanh Niên,,Bìa mềm,,,Nhân Văn,available,1000,True,True,True
271305103,Sách- Combo Học Mà Chơi 4 - 5 Tuổi (Túi 5 Cuốn),62000,62000,0,0.0,0,0,,Nhà Sách Hồng Ân,Nhà Xuất Bản Đại Học Quốc Gia Hà Nội,,Bìa mềm,135.0,,Nhà Sách Vĩnh Thụy,available,1000,True,True,True
270922849,Sách- Túi Bé Tô Màu Công Chúa ( 6 Cuốn ) (ML),90000,90000,0,0.0,0,0,,Nhà Sách Hồng Ân,Nhà Xuất Bản Đại Học Quốc Gia Hà Nội,,Bìa mềm,96.0,,Nhà Sách Vĩnh Thụy,available,1000,True,True,True
269843704,Sách - Combo 10 cuốn Sticker Bước Vào Thế Giới Thiên Nhiên Kỳ Thú Tập 1+2 - ndbooks,550000,550000,0,0.0,0,0,,CÔNG TY TNHH THƯƠNG MẠI SÁCH NHÂN DÂN,Nhà Xuất Bản Thanh Niên,,Bìa mềm,,,SÁCH NHÂN DÂN - ndbooks,available,1000,True,True,True
249019575,Bé Làm Quen Chữ Cái Tập 2 (Dành Cho Trẻ Từ 5 - 6 Tuổi) - Vanlangbooks,20500,25000,18,0.0,0,0,Văn Lang,VanLangBooks,Nhà Xuất Bản Hồng Đức,,Bìa mềm,20.0,2022-04-04,Văn Lang Official Store,available,1000,True,True,True
247568083,Bé Tập Tô Phát Triển Tư Duy - Câu Đố Về Các Loài Cây,15000,20000,25,0.0,0,0,Khanh Vu,Công ty Cổ Phần sách và Thiết bị Giáo dục Muki Việt Nam,Nhà Xuất Bản Lao Động,,,,,Nhà sách Fahasa,available,1000,True,True,True
247448694,Bé Tự Tin Vào Lớp 1 - Bé Học Nét Cơ Bản,11800,12000,2,0.0,0,0,Vân Hương,Tân Việt,nxb my thuat,,,,,Nhà sách Fahasa,available,1000,True,True,True
214493617,Người Tuyết Đáng Yêu - Bộ Sách Tô Màu Thông Minh Đầu Tiên Của Bé 3- 4 Tuổi,24000,35000,31,0.0,0,5,Aladdin Book,Tân Việt,Nhà Xuất Bản Mỹ Thuật,,Bìa mềm,28.0,2022-12-12,Tiki Trading,available,1000,False,True,True
206335341,My Little Pony - Jumbo Tô Màu Và Các Trò Chơi - Tập 7,29000,29000,0,0.0,0,0,nhieu tac gia,Nhà Xuất Bản Mỹ Thuật,Nhà Xuất Bản Mỹ Thuật,,Bìa mềm,36.0,,Nhà Sách Phương Nam,available,1000,True,False,True
205810269,My Little Pony - Jumbo Tô Màu Và Các Trò Chơi 1,25000,25000,0,0.0,0,0,nhieu tac gia,Nhà Xuất Bản Mỹ Thuật,Nhà Xuất Bản Mỹ Thuật,,Bìa mềm,32.0,,Nhà Sách Phương Nam,available,1000,True,True,True
190502337,Bé Tô Màu Công Chúa - Tập 9,9600,12000,20,0.0,0,2,Trần Ngọc Bảo Hân,Cty Văn Hóa Nhân Văn,Nhà Xuất Bản Đồng Nai,,,,,Nhà sách Fahasa,available,1000,True,True,True
181808907,Tô Màu Thú Cưng Tập 3 (Dành Cho Bé Mẫu Giáo),9600,12000,20,0.0,0,0,Trần Ngọc Bảo Hân,Cty Văn Hóa Nhân Văn,Nhà Xuất Bản Đồng Nai,,,,,Nhà sách Fahasa,available,1000,True,True,True
160836745,Hành Trang Cho Bé Vào Lớp Một - Giúp Bé Tập Tô Chữ Số,13800,14000,1,0.0,0,0,Hương Giang,Cty Văn Hóa Sách Việt,Nhà Xuất Bản Mỹ Thuật,,,,,Nhà sách Fahasa,available,1000,True,True,True
116972205,Bộ Dán Hình Sáng Tạo (Cuốn Lẻ Và Combo),34200,38000,10,0.0,0,13,,Công Ty Cổ Phần Văn Hóa Đông A,Nhà Xuất Bản Dân Trí,,Bìa mềm,12.0,,Cá Chép Bookstore,available,1000,True,True,True
95220088,Sách My Little Pony - Jumbo Tô Màu Và Các Trò Chơi 1,20000,29000,31,4.7,3,28,,Tân Việt,Nhà Xuất Bản Mỹ Thuật,,Bìa mềm,36.0,2021-05-01,Tiki Trading,available,1000,False,True,True
87632483,Bé Tô Màu Trò Chơi Dân Gian - Tập 1,8000,10000,20,0.0,0,1,"Quang Toàn, Quang Toản",Cty Văn Hóa Nhân Văn,Nhà Xuất Bản Đồng Nai,,,,,Nhà sách Fahasa,available,1000,True,True,True
48982375,Bộ Tập Tô Màu Chủ Đề 12 Con Giáp: Tị - Dần - Thân - Ngọ (Bộ 4 Cuốn),41800,45000,7,0.0,0,0,Thanh Ngọc,Cty TNHH TM&DV VH GD Phía Nam,Nhà Xuất Bản Đại Học Sư Phạm,,,,,Nhà sách Fahasa,available,1000,True,True,True
32217750,Sách My Little Pony - Bé Tập Làm Họa Sĩ (Quyển 2),34000,40000,15,5.0,1,9,"., ., ., ., ...",Tân Việt,,,,,,Nhà sách Fahasa,available,1000,True,True,True
21031329,Sách Jumbo Tô Màu Và Các Trò Chơi 3,17000,20000,15,0.0,0,0,.,Tân Việt,Nhà Xuất Bản Mỹ Thuật,,Bìa mềm,32.0,2019-06-01,Nhà sách Fahasa,available,1000,True,True,True
20332463,Sách Các Trò Chơi Suy Luận (5 -7 Tuổi),52800,55000,4,5.0,1,10,Hà Thu Quang,VanLangBooks,,,Bìa mềm,48.0,2019-06-13,Nhà sách Fahasa,available,1000,True,True,True
11353617,Sách Back To School - Bé Luyện Viết & Học Bảng Chữ Cái Tiếng Anh – Song Ngữ Anh Việt,36100,38000,5,0.0,0,0,Đăng Khôi,Công Ty CP Sách Văn Chương,Nhà Xuất Bản Văn Học,,Bìa mềm,56.0,2019-03-01,Chính Thông,available,1000,True,True,True
795490,Sách Vừa Học Vừa Chơi - Từ Vựng Tiếng Anh,29700,35000,15,5.0,1,7,Minh Trang,Tân Việt,,,Bìa mềm,31.0,2017-07-05,Nhà sách Fahasa,available,1000,True,True,True
572605,Sách Tô Màu - Jake & Những Cướp Biển Vùng Đất Thần Tiên (Tập 3),7690,12000,36,0.0,0,0,Trần Ngọc Bảo Hân,Công Ty CP Văn Hóa Nhân Văn,,,,16.0,2017-01-17,Nhân Văn,available,1000,True,False,True
366513,Sách Tô Màu Công Chúa - Cô Bé Lọ Lem,16000,16000,0,0.0,0,4,.,Công Ty Cổ Phần Văn Hóa Đông A,,,Bìa mềm,16.0,2010-05-10,Nhà sách Fahasa,available,1000,True,True,True
279269058,Sách - Tập Vẽ Theo Nét - Đại Dương Huyền Bí - Song Ngữ Anh-Việt,27300,35000,22,0.0,0,0,nhieu tac gia,Fahasa,Nhà Xuất Bản Phụ Nữ,,Bìa mềm,,2023-12-21,Nhà sách Fahasa,available,1000,True,True,True
279268695,Sách - Mai Em Vào Lớp 1 - Vở Bé Làm Quen Với Chữ Cái - Dành Cho Trẻ Mẫu Giáo - Tập 1 (Tái Bản 2026),14200,15000,5,0.0,0,0,"Lê Hồng Đăng,  Lê Thị Ngọc Ánh",Minh Long,Nhà Xuất Bản Đại Học Sư Phạm,,Bìa mềm,,2023-12-21,Nhà sách Fahasa,available,1000,True,True,True
279102328,Sách - Tô Màu Kuromi Và Những Người Bạn - Tập 5,28500,31000,8,0.0,0,0,Huyền Linh,Cty Văn Hóa & Truyền Thông Trí Việt.,Nhà Xuất Bản Văn Học,,Bìa mềm,,2023-12-21,Nhà sách Fahasa,available,1000,True,True,True
278907203,Sách - Sổ Tô Màu Chibi - Lạc Vào Thế Giới Cổ Tích,70400,88000,20,0.0,0,0,nhieu tac gia,AZ Việt Nam,Nhà Xuất Bản Lao Động,,Bìa mềm,,2023-12-21,Nhà sách Fahasa,available,1000,True,True,True
278866023,Sách - Tô Màu Thông Minh - Phương Tiện Giao Thông,23000,25000,8,0.0,0,0,nhieu tac gia,SBOOKS,Nhiều Nhà Xuất Bản,,Bìa mềm,,2023-12-21,Nhà sách Fahasa,available,1000,True,True,True
278761453,Sách - Phép Trừ Trong Phạm Vi 20 - Toán Tư Duy - Theo Sơ Đồ Tách-Gộp,36100,38000,5,0.0,0,0,nhieu tac gia,Cty TNHH TM&DV VH GD Phía Nam,Nhà Xuất Bản Đồng Nai,,Bìa mềm,,2023-12-21,Nhà sách Fahasa,available,1000,True,True,True
278761321,Sách - Tô Màu Ấm Áp - Những Người Bạn Nhỏ Của Tôi - Những Khoảnh Khắc Ngọt Ngào,51000,60000,15,0.0,0,0,nhieu tac gia,Tân Việt,nxb my thuat,,Bìa mềm,,2023-12-21,Nhà sách Fahasa,available,1000,True,True,True
278760778,Sách - Tô Màu - Ta Ta Ta Ta Sahur - Tập 1,19600,20000,2,0.0,0,0,BacHaKids,Cty Sách Giáo Dục Bắc Hà,Nhà Xuất Bản Tri Thức,,Bìa mềm,,2023-12-21,Nhà sách Fahasa,available,1000,True,True,True
278714662,Sách - My Little Pony - Sách Tô Màu & Thực Hành Khổ Lớn,42500,50000,15,0.0,0,0,nhieu tac gia,Tân Việt,nxb my thuat,,Bìa mềm,,2023-12-21,Nhà sách Fahasa,available,1000,True,True,True
278713135,Sách - Bé Tô Màu Thế Giới Xung Quanh - Song Ngữ Anh-Việt - Con Vật Đáng Yêu,20700,25000,17,0.0,0,0,nhieu tac gia,Cty Văn Hóa Việt Thư,Nhiều Nhà Xuất Bản,,Bìa mềm,,2023-12-21,Nhà sách Fahasa,available,1000,True,True,True
278617212,Sách - Tô Màu Công Chúa - Tập 1,9600,12000,20,0.0,0,0,Trần Ngọc Bảo Hân,Cty Văn Hóa Nhân Văn,Nhà Xuất Bản Đồng Nai,,Bìa mềm,,2023-12-21,Nhà sách Fahasa,available,1000,True,True,True
278616510,Sách - Chuẩn Bị Cho Bé Tới Trường - Chữ Cái - Tập 1 - Dùng Được Nhiều Lần,71200,75000,5,0.0,0,0,nhieu tac gia,Dn Tư Nhân Thương Mại Toàn Phúc,NXB Dân Trí,,Bìa mềm,,2023-12-21,Nhà sách Fahasa,available,1000,True,True,True
278616428,Sách - Tô Màu Công Chúa - Tập 9,9600,12000,20,0.0,0,0,Trần Ngọc Bảo Hân,Cty Văn Hóa Nhân Văn,Nhà Xuất Bản Đồng Nai,,Bìa mềm,,2023-12-21,Nhà sách Fahasa,available,1000,True,True,True
278616358,Sách - Tô Màu Công Chúa - Tập 4,9600,12000,20,0.0,0,0,Trần Ngọc Bảo Hân,Cty Văn Hóa Nhân Văn,Nhà Xuất Bản Đồng Nai,,Bìa mềm,,2023-12-21,Nhà sách Fahasa,available,1000,True,True,True
278443288,Sách - Combo 6 cuốn: Jadoo Tập Tô  - Tập Viết,254880,354000,28,0.0,0,0,1980 Edu,1980 Books,NXB Dân Trí,,Bìa mềm,246.0,,TTR Next Generation,available,1000,True,True,True
278153470,Sách - My Little Pony - Tô Màu Thật Là Dễ - Izzy - Cùng Sưu Tập Đủ 4 Nhân Vật Đáng Yêu Nào!,29700,35000,15,0.0,0,0,nhieu tac gia,Tân Việt,nxb my thuat,,Bìa mềm,,2023-12-21,Nhà sách Fahasa,available,1000,True,True,True
278147927,Sách - Bé Tô Màu Natra - Những Người Bạn Mới,24000,29000,17,0.0,0,0,Phan Minh Đạo,Cty Văn Hóa Việt Thư,Nhà Xuất Bản Phụ Nữ Việt Nam,,Bìa mềm,,2023-12-21,Nhà sách Fahasa,available,1000,True,True,True
274096587,Dán Hình Công Chúa - Công Chúa Tóc Mây (Tái Bản 2023),39900,42000,5,0.0,0,0,Cẩm Nhung,Cty Văn Hóa & Truyền Thông Liên Việt,Nhà Xuất Bản Văn Học,,,,,Nhà sách Fahasa,available,1000,True,True,True
274045014,Tô Màu Công Chúa Xinh Đẹp - Công Chúa Thiên Sứ (Tái Bản 2023),21200,25000,15,0.0,0,0,Trần Bồi Lương,Tân Việt,nxb my thuat,,,,,Nhà sách Fahasa,available,1000,True,True,True
274020547,Bé Chào Lớp Một - Làm Quen Với Chữ Số Và Toán,13800,14000,1,0.0,0,0,,Cty Văn Hóa & Truyền Thông Trí Việt.,Nhà Xuất Bản Văn Học,,,,,Nhà sách Fahasa,available,1000,True,True,True
272830073,Tô Màu Cùng Mèo Thông Thái - Song Ngữ Việt-Anh - Hoa (Dành Cho Trẻ Từ 3-5 Tuổi),14400,16000,10,0.0,0,0,Einstein books,Alpha Books,NXB Dân Trí,,,,,Nhà sách Fahasa,available,1000,True,True,True
272305917,Tủ Sách Trang Điểm - Thần Tượng K-Pop 2,37300,45000,17,0.0,0,0,,Cty Văn Hóa Việt Thư,Nhà Xuất Bản Phụ Nữ Việt Nam,,,,,Nhà sách Fahasa,available,1000,True,True,True
248880709,Khéo Tay Tô Màu - Những Bữa Tiệc Vui Vẻ,24700,25000,1,0.0,0,1,Nhiều tác giả,Nhà Xuất Bản Kim Đồng,Nhà Xuất Bản Kim Đồng,,,,,Nhà sách Fahasa,available,1000,True,True,True
203843828,Tô Màu Khủng Long - Tập 6 (2022),14800,15000,1,0.0,0,1,Huyền Linh,Cty Văn Hóa & Truyền Thông Trí Việt.,hong duc,,,,,Nhà sách Fahasa,available,1000,True,True,True
192949508,Bé Tô Màu Siêu Nhân - Tập 5,9600,12000,20,0.0,0,1,Trần Ngọc Bảo Hân,Cty Văn Hóa Nhân Văn,,,,,,Nhà sách Fahasa,available,1000,True,True,True
190502194,Tô Màu - Vương Quốc Khủng Long - Tập 4 (Dành Cho Bé Mẫu Giáo),9600,12000,20,0.0,0,1,Trần Ngọc Bảo Hân,Cty Văn Hóa Nhân Văn,Nhà Xuất Bản Đồng Nai,,,,,Nhà sách Fahasa,available,1000,True,True,True
146226386,Tô Màu Công Chúa - Nàng Bạch Tuyết (Tái Bản 2021),18800,19000,1,0.0,0,2,.,dong a,NXB Dân Trí,,,,,Nhà sách Fahasa,available,1000,True,True,True
146226361,Tô Màu Phát Triển Trí Não Bộ Cho Bé 1-3 Tuổi - Tập 2,15800,16000,1,4.8,4,15,Phạm Ngọc Điệp,Nhã Nam,NXB Dân Trí,,,,,Nhà sách Fahasa,available,1000,True,True,True
86417678,Bé Tô Màu & Đọc Truyện Các Nàng Công Chúa - Công Chúa Da Lừa,8000,10000,20,0.0,0,1,"Quang Toàn, Quang Toản",Cty Văn Hóa Nhân Văn,Nhà Xuất Bản Đồng Nai,,,,,Nhà sách Fahasa,available,1000,True,True,True
77328446,Tô Màu Biển Đảo Tổ Quốc Em 1 - Tự Hào Biển Đảo,14800,15000,1,0.0,0,1,Nhiều tác giả,Cty Phan Thị,Nhà Xuất Bản Đại Học Sư Phạm TPHCM,,,,,Nhà sách Fahasa,available,1000,True,True,True
58992127,Bộ Sách Thực Hành Tô Màu Spongebob: Đầu Bếp Tài Ba + Ứng Cử Chức Giám Đốc (Bộ 2 Cuốn),38200,45000,15,5.0,1,2,Nhiều tác giả,Tân Việt,Nhà Xuất Bản Lao Động,,,,,Nhà sách Fahasa,available,1000,True,True,True
52699763,Sách Luyện Viết Tiếng Anh Trình Bày Trên Giấy Ô Li Dành Cho Học Sinh Lớp 5 Tập 2,27400,28000,2,0.0,0,1,Phạm Văn Công,Công ty MTV DV - VH Khang Việt,Nhà Xuất Bản Đại Học Sư Phạm,,Bìa mềm,72.0,,Nhà sách Fahasa,available,1000,True,True,True
31515919,Bé Làm Quen Với Chữ Cái (5 -6 Tuổi) - Quyển 2,8500,10000,15,0.0,0,12,Vân Hương (Biên Soạn),NXB Mỹ Thuật,,,,,,Nhà sách Fahasa,available,1000,True,True,True
31514611,Tủ Sách Cho Bé Vào Lớp 1 - Bé Tập Tô Chữ Hoa Dành Cho Học Sinh Mẫu Giáo Lớn,9800,12000,18,5.0,23,202,"Lê Thu Ngọc, Lê Tuệ Minh",NXB Mỹ Thuật,,,,,,Nhà sách Fahasa,available,1000,True,True,True
20918814,Sách Bàn Tay Bé Vẽ - Động Vật,18800,19000,1,5.0,8,52,Vi Khanh,Liên Việt,,,Bìa mềm,20.0,2019-06-01,Nhà sách Fahasa,available,1000,True,True,True
19523114,Sách 7 Bước Vẽ Siêu Nhân - Tập 2,33200,35000,5,0.0,0,0,Hồ Anh Tuấn,VanLangBooks,,,Bìa mềm,32.0,2019-05-31,Nhà sách Fahasa,available,1000,True,True,True
19523108,Sách 7 Bước Vẽ Khủng Long - Tập 1,33200,35000,5,5.0,1,5,Hồ Anh Tuấn,VanLangBooks,,,Bìa mềm,32.0,2019-05-31,Nhà sách Fahasa,available,1000,True,True,True
795504,Sách Vừa Học Vừa Chơi - Bảng Chữ Cái Tiếng Anh,31500,35000,10,5.0,1,6,Minh Trang,Tân Việt,,,Bìa mềm,32.0,2017-07-04,Nhà sách Fahasa,available,1000,True,True,True
454226,Sách Tô Màu Theo Chủ Đề - Thời Trang (Tập 1),13300,14000,5,0.0,0,0,Caramel,Nhà Xuất Bản Kim Đồng,,,Bìa mềm,20.0,2015-09-22,Nhà sách Fahasa,available,1000,True,False,True
431481,Sách Chú Mèo Kẹo Bi Phiêu lưu Trong Xứ Sở Côn Trùng (Tập 2): Trong Lòng Đất,36100,38000,5,5.0,1,12,Dương Di,Huy Hoàng Bookstore,,,Bìa mềm,23.0,2014-01-17,Nhà sách Fahasa,available,1000,True,True,True
279277171,Sách - Tủ Sách Bé Vào Lớp Một - Luyện Viết Chữ Cái - Quyển 1,25800,29000,11,0.0,0,0,Huyền Linh,Cty Văn Hóa & Truyền Thông Trí Việt.,Nhà Xuất Bản Văn Học,,Bìa mềm,,2023-12-21,Nhà sách Fahasa,available,1000,True,True,True
279132966,Sách - Jadoo Tập Tô-Tập Viết - Nét Cơ Bản,53600,59000,9,0.0,0,0,nhieu tac gia,1980 Books,NXB Dân Trí,,Bìa mềm,,2023-12-21,Nhà sách Fahasa,available,1000,True,True,True
278969668,Sách - Flashcard Động Vật Nuôi - Domestic Animals,56600,59000,4,0.0,0,0,Huyền Linh,Cty Văn Hóa & Truyền Thông Trí Việt.,Nhà Xuất Bản Văn Học,,Bìa mềm,,2023-12-21,Nhà sách Fahasa,available,1000,True,True,True
278848285,Sách - Vé Khứ Hồi Của Mùa Hè - Những Kỉ Niệm Đáng Nhớ,71400,76000,6,0.0,0,0,Huyền Linh,Cty Văn Hóa & Truyền Thông Trí Việt.,Nhà Xuất Bản Văn Học,,Bìa mềm,,2023-12-21,Nhà sách Fahasa,available,1000,True,True,True
278802400,Sách - Bé Tô Màu Sáng Tạo - Phương Tiện Giao Thông,26600,29000,8,0.0,0,0,Huyền Linh,Cty Văn Hóa & Truyền Thông Trí Việt.,Nhiều Nhà Xuất Bản,,Bìa mềm,,2023-12-21,Nhà sách Fahasa,available,1000,True,True,True
278761533,Sách - Tập Vẽ Với Chì Màu - Động Vật Ngộ Nghĩnh,59500,70000,15,0.0,0,0,Đồng Tâm,Minh Long,nxb my thuat,,Bìa mềm,,2023-12-21,Nhà sách Fahasa,available,1000,True,True,True
278761137,Sách - Tô Màu Ấm Áp - Những Người Bạn Nhỏ Của Tôi - Ánh Nắng Ấm Áp,51000,60000,15,0.0,0,0,nhieu tac gia,Tân Việt,nxb my thuat,,Bìa mềm,,2023-12-21,Nhà sách Fahasa,available,1000,True,True,True
278761111,Sách - Tô Màu Ấm Áp - Những Người Bạn Nhỏ Của Tôi - Hạnh Phúc Là Khi Bên Nhau,51000,60000,15,0.0,0,0,nhieu tac gia,Tân Việt,nxb my thuat,,Bìa mềm,,2023-12-21,Nhà sách Fahasa,available,1000,True,True,True
278716584,Sách - Tô Màu Peppa Pig - Tập 3 (Tái Bản 2024),9600,12000,20,0.0,0,0,Trần Ngọc Bảo Hân,Cty Văn Hóa Nhân Văn,Nhà Xuất Bản Đồng Nai,,Bìa mềm,,2023-12-21,Nhà sách Fahasa,available,1000,True,True,True
278716234,Sách - Tủ Sách Bé Vào Lớp Một - Luyện Viết Chữ Hoa,26400,27000,2,0.0,0,0,nhieu tac gia,Cty Văn Hóa & Truyền Thông Trí Việt.,Nhà Xuất Bản Văn Học,,Bìa mềm,,2023-12-21,Nhà sách Fahasa,available,1000,True,True,True
278713338,Sách - Hộp Thẻ Thông Minh: Tình Huống An Toàn Giao Thông,80100,89000,10,0.0,0,1,nhieu tac gia,Alpha Books,NXB Dân Trí,,Bìa mềm,,2023-12-21,Nhà sách Fahasa,available,1000,True,True,True
278713221,Sách - Tô Màu Phát Triển IQ-EQ-CQ - Song Ngữ Anh-Việt - Ôtô-Tàu Thuyền-Máy Bay - Tập 2,20700,25000,17,0.0,0,0,nhieu tac gia,Cty Văn Hóa Việt Thư,Nhiều Nhà Xuất Bản,,Bìa mềm,,2023-12-21,Nhà sách Fahasa,available,1000,True,True,True
278616602,Sách - Tô Màu - Một Ngày Của Bé - Tập 3 (Tái Bản),9600,12000,20,0.0,0,0,Trần Ngọc Bảo Hân,Cty Văn Hóa Nhân Văn,nxb thanh nien,,Bìa mềm,,2023-12-21,Nhà sách Fahasa,available,1000,True,True,True
278153621,Sách - Bé Tô Màu - Sonny Angel - Mũ Trái Cây,19000,20000,5,0.0,0,0,Quang Minh,Cty TNHH TM&DV VH GD Phía Nam,Nhà Xuất Bản Đồng Nai,,Bìa mềm,,2023-12-21,Nhà sách Fahasa,available,1000,True,True,True
278153404,Sách - Hình Dán Sticker Và Tô Màu - Tập 5,19200,24000,20,0.0,0,0,Trần Ngọc Bảo Hân,Cty Văn Hóa Nhân Văn,Nhà Xuất Bản Thanh Hoá,,Bìa mềm,,2023-12-21,Nhà sách Fahasa,available,1000,True,True,True
278153342,Sách - Bộ Sách My Little Pony - Tô Màu Thật Là Dễ - Zipp + Sunny + Izzy + Pipp (Bộ 4 Cuốn),119000,140000,15,0.0,0,0,nhieu tac gia,Tân Việt,nxb my thuat,,Bìa mềm,,2023-12-21,Nhà sách Fahasa,available,1000,True,True,True
276329218,Wolfoo Tập Tô Chữ Số Tập 1,35280,49000,28,0.0,0,0,,1980 Books,Nhà Xuất Bản Dân Trí,,,,,1980Books Official,available,1000,True,True,True
274872689,Tô Màu Rèn Luyện Iq Eq Cq - Super Heroes Siêu Anh Hùng - Tập 5 - Tặng Kèm Sticker,26500,32000,17,0.0,0,0,,Cty Văn Hóa Việt Thư,Nhà Xuất Bản Phụ Nữ Việt Nam,,,,,Nhà sách Fahasa,available,1000,True,True,True
274096553,Dán Hình Công Chúa - Công Chúa Hồng Ấm Áp (Tái Bản 2023),39000,42000,7,0.0,0,0,Cẩm Nhung,Cty Văn Hóa & Truyền Thông Liên Việt,Nhà Xuất Bản Văn Học,,,,,Nhà sách Fahasa,available,1000,True,True,True
274045018,Tô Màu Công Chúa Xinh Đẹp - Công Chúa Đồng Quê (Tái Bản 2023),21200,25000,15,0.0,0,0,Trần Bồi Lương,Tân Việt,nxb my thuat,,,,,Nhà sách Fahasa,available,1000,True,True,True
273400941,Tô Màu - Một Ngày Của Bé - Tập 7,6690,10000,33,0.0,0,0,Trần Ngọc Bảo Hân,Cty Văn Hóa Nhân Văn,Nhà Xuất Bản Thanh Niên,,,,,Nhân Văn,available,1000,True,True,True
272830067,Tô Màu Cùng Mèo Thông Thái - Song Ngữ Việt-Anh - Trái Cây (Dành Cho Trẻ Từ 3-5 Tuổi),14400,16000,10,0.0,0,0,Einstein books,Alpha Books,NXB Dân Trí,,,,,Nhà sách Fahasa,available,1000,True,True,True
270832151,Sân Chơi Trí Tuệ - Trò Chơi Tư Duy - Rèn Luyện Não Trái Não Phải (Dành Cho Trẻ 3-4 Tuổi) (Tái Bản 2023),69400,89000,22,0.0,0,3,,Công Ty TNHH Sách và Thiết Bị Giáo Dục ID,Nhà Xuất Bản Đại Học Quốc Gia Hà Nội,,,,,Nhà sách Fahasa,available,1000,True,True,True
269946760,Sticker Dán Hình Thông Minh - Thế Giới Động Vật - Thế Giới Loài Chim,31500,38000,17,0.0,0,3,,Cty Văn Hóa Việt Thư,hong duc,,,,,Nhà sách Fahasa,available,1000,True,True,True
263209518,Em Tập Tô Màu - Chủ Đề Động Vật Biển,11100,12000,8,0.0,0,0,Chính Bình,Cty TNHH TM&DV VH GD Phía Nam,,,,,,Nhà sách Fahasa,available,1000,True,True,True
263101050,Ong Con Chăm Chỉ - Tô Màu Hình Dạng Và Đồ Vật,13600,15000,9,0.0,0,0,Nhật Thu,Dn Tư Nhân Thương Mại Toàn Phúc,Nhà Xuất Bản Phụ Nữ Việt Nam,,,,,Nhà sách Fahasa,available,1000,True,True,True
263100956,Tô Màu Chúng Mình Tập Làm Họa Sĩ - 3-6 Tuổi - Rau Củ Quả,28500,30000,5,0.0,0,0,Mã Đức,Dn Tư Nhân Thương Mại Toàn Phúc,Nhà Xuất Bản Phụ Nữ Việt Nam,,,,,Nhà sách Fahasa,available,1000,True,True,True
263041145,Bé Tập Tô Màu - Giao Thông Đường Thủy Và Hàng Không (Tái Bản 2023),14800,15000,1,0.0,0,0,Thùy Linh,Cty Văn Hóa & Truyền Thông Trí Việt.,hong duc,,,,,Nhà sách Fahasa,available,1000,True,True,True
253444120,Tô Màu Thú Vị - Đáng Yêu (Dành Cho Trẻ Từ 3 Tuổi),16100,19000,15,0.0,0,1,Nhiều tác giả,Tân Việt,nxb my thuat,,,,,Nhà sách Fahasa,available,1000,True,True,True
206145415,Bé Tập Tô Màu Và Học Tiếng Anh Theo Chủ Đề - An Toàn Giao Thông,9600,12000,20,0.0,0,0,Trần Ngọc Bảo Hân,Cty Văn Hóa Nhân Văn,hong duc,,,,,Nhà sách Fahasa,available,1000,True,True,True
206145238,Bé Tô Màu Pokemon - Tập 2,9600,12000,20,5.0,1,8,Trần Ngọc Bảo Hân,Cty Văn Hóa Nhân Văn,Nhà Xuất Bản Đồng Nai,,,,,Nhà sách Fahasa,available,1000,True,True,True
199970044,Giúp Bé Tự Tin Vào Lớp 1 - Tập Tô - Viết Vần - Ghép Vần,19000,20000,5,0.0,0,3,Vân Hương,Công Ty TNHH Sách và Thiết Bị Giáo Dục ID,Nhà Xuất Bản Đại Học Quốc Gia Hà Nội,,,,,Nhà sách Fahasa,available,1000,True,True,True
196058131,"Luyện Viết Theo Mẫu Chữ Nhỏ - Chữ Thường, Chữ Hoa (Dành Cho Học Sinh Tiểu Học)",34200,36000,5,5.0,2,8,Trần An,Cty Giáo Dục Đức Trí,Nhà Xuất Bản Đại Học Quốc Gia Hà Nội,,,,,Nhà sách Fahasa,available,1000,True,True,True
192950741,Tô Màu Barbie Công Chúa - Tập 2,9600,12000,20,0.0,0,0,Trần Ngọc Bảo Hân,Cty Văn Hóa Nhân Văn,Nhà Xuất Bản Đồng Nai,,,,,Nhà sách Fahasa,available,1000,True,True,True
192949435,Hành Trang Cho Bé Vào Lớp 1 - Bé Tập Tô Chữ Hoa,11800,12000,2,0.0,0,1,Vân Hương,Tân Việt,nxb my thuat,,,,,Nhà sách Fahasa,available,1000,True,True,True
192948877,Dành Cho Trẻ Mầm Non - Tập Tô Màu Mẫu Giáo - Chủ Đề Động Vật (2022),9000,10000,10,0.0,0,2,Trung Kiên,Minh Long,nxb my thuat,,,,,Nhà sách Fahasa,available,1000,True,True,True
186369522,My Little Pony - Jumbo - Tô Màu Và Các Trò Chơi - Tập 3,21200,25000,15,0.0,0,0,Nhiều tác giả,Tân Việt,Nhà Xuất Bản Mỹ Thuật,,,,,Nhà sách Fahasa,available,1000,True,True,True
177860540,Dán Hình Và Tô Màu - Fashion Nhà Thiết Kế Thời Trang 4,29400,31000,5,0.0,0,0,Huyền Linh,Cty Văn Hóa & Truyền Thông Trí Việt.,Nhà Xuất Bản Dân Trí,,,,,Nhà sách Fahasa,available,1000,True,True,True
176080920,Arty Mouse - Những Con Số,30100,45000,33,0.0,0,1,Mandy Stanley,Zenbooks,Nhà Xuất Bản Đà Nẵng,,,,,Nhà sách Fahasa,available,1000,True,True,True
65472204,Sách Vở Ô Li Bài Tập Toán Lớp 1 Quyển 2 (Biên Soạn Theo Chương Trình Mới),32300,34000,5,5.0,1,21,Nguyễn Đức Tấn,Công ty MTV DV - VH Khang Việt,Nhà Xuất Bản Đại Học Quốc Gia Hà Nội,,Bìa mềm,56.0,2020-09-01,Nhà sách Fahasa,available,1000,True,True,True
279132796,Sách - Fashion Show - Bé Tập Làm Stylist,30000,32000,6,0.0,0,0,nhieu tac gia,Cty TNHH TM&DV VH GD Phía Nam,Nhà Xuất Bản Đồng Nai,,Bìa mềm,,2023-12-21,Nhà sách Fahasa,available,1000,True,True,True
279132405,Sách - Tô Màu Sáng Tạo - Động Vật Siêu Anh Hùng,33400,36000,7,0.0,0,0,nhieu tac gia,Fahasa,Nhà Xuất Bản Phụ Nữ Việt Nam,,Bìa mềm,,2023-12-21,Nhà sách Fahasa,available,1000,True,True,True
278969684,Sách - Cùng Mèo Cici Luyện Toán Tư Duy - Tập 1 - Nhận Biết Số Lượng,34200,36000,5,0.0,0,0,Huyền Linh,Cty Văn Hóa & Truyền Thông Trí Việt.,Nhà Xuất Bản Văn Học,,Bìa mềm,,2023-12-21,Nhà sách Fahasa,available,1000,True,True,True
278716576,Sách - Chuẩn Bị Cho Bé Vào Lớp 1 - Tập Tô Nét Cơ Bản (Cho Bé Từ 4-5 Tuổi),9600,12000,20,0.0,0,0,"Trần Ngọc Bảo Hân,  Tiểu Giàu",Cty Văn Hóa Nhân Văn,Nhà Xuất Bản Đồng Nai,,Bìa mềm,,2023-12-21,Nhà sách Fahasa,available,1000,True,True,True
278716347,Sách - Chuẩn Bị Cho Bé Vào Lớp 1 - Bé Tập Tô Chữ Cái Và Chữ Ghép (5-6 Tuổi),9600,12000,20,0.0,0,0,Trần Ngọc Bảo Hân,Cty Văn Hóa Nhân Văn,Nhà Xuất Bản Đồng Nai,,Bìa mềm,,2023-12-21,Nhà sách Fahasa,available,1000,True,True,True
278715968,Sách - Chuẩn Bị Bé Vào Lớp 1 - Luyện Viết - Quyển 1,35200,44000,20,0.0,0,0,Trần Ngọc Bảo Hân,Cty Văn Hóa Nhân Văn,Nhà Xuất Bản Đồng Nai,,Bìa mềm,,2023-12-21,Nhà sách Fahasa,available,1000,True,True,True
278715313,Sách - Cuốn Sách Tô Màu Đầu Tiên Của Tớ - Tô Màu Hạnh Phúc,62500,68000,8,0.0,0,1,nhieu tac gia,Công ty cổ phẩn Xuất bản và Giáo dục Vizi,Nhà Xuất Bản Phụ Nữ Việt Nam,,Bìa mềm,,2023-12-21,Nhà sách Fahasa,available,1000,True,True,True
278715021,Sách - Hay Vẽ Thì Vẽ Hay - Tập 6 - Trang Phục Và Phụ Kiện Bắt Mắt,23700,25000,5,0.0,0,0,Phan Thị,Cty Phan Thị,Nhà Xuất Bản Văn Học,,Bìa mềm,,2023-12-21,Nhà sách Fahasa,available,1000,True,True,True
278712783,Sách - Tô Màu Princess - Công Chúa Sành Điệu,26500,32000,17,0.0,0,0,nhieu tac gia,Cty Văn Hóa Việt Thư,Nhiều Nhà Xuất Bản,,Bìa mềm,,2023-12-21,Nhà sách Fahasa,available,1000,True,True,True
278153172,Sách - Sprunki - Cuộc Phiêu Lưu Âm Nhạc Sprunki,19800,20000,1,0.0,0,0,,Cty TNHH TM&DV VH GD Phía Nam,Nhà Xuất Bản Đồng Nai,,Bìa mềm,,2023-12-21,Nhà sách Fahasa,available,1000,True,True,True
277591836,Sách Tô Màu - Bé Tập Làm Họa Sĩ - Bé Tập Vẽ Các Loại Rau Củ Quả,36000,38000,5,0.0,0,0,Phan Minh Đạo,Việt Thư,Nhà Xuất Bản Phụ Nữ Việt Nam,,Bìa mềm,28.0,,Nhân Văn,available,1000,True,True,True
275552668,Combo Tập Tô Sáng Tạo Cùng Wolfoo,211680,294000,28,0.0,0,0,,1980 Books,Nhà Xuất Bản Dân Trí,,Bìa mềm,24.0,2024-04-01,1980 BOOKS HCM,available,1000,True,True,True
275552662,Tập Tô Sáng Tạo Cùng Wolfoo 6,35280,49000,28,0.0,0,0,,1980 Books,Nhà Xuất Bản Dân Trí,,Bìa mềm,24.0,2024-05-01,1980 BOOKS HCM,available,1000,True,True,True
274374007,Bé Tập Tô Màu - Phương Tiện Giao Thông (Tái Bản 2023),10800,12000,10,0.0,0,0,Hải Nam,Minh Long,nxb my thuat,,,,,Nhà sách Fahasa,available,1000,True,True,True
274020541,Bé Chào Lớp Một - Luyện Viết Chữ Hoa,13800,14000,1,0.0,0,0,,Cty Văn Hóa & Truyền Thông Trí Việt.,Nhà Xuất Bản Văn Học,,,,,Nhà sách Fahasa,available,1000,True,True,True
273879025,Combo Sách Tranh Tô Màu Vương Quốc Khủng Long (Tái Bản 2023) (Bộ 4 Cuốn),80000,100000,20,0.0,0,1,Nhóm Hoa Mặt Trời,Tân Việt,nxb my thuat,,,,,Nhà sách Fahasa,available,1000,True,True,True
273832103,Sách Trang Điểm Công Chúa - Tập 1,37300,45000,17,0.0,0,0,,Cty Văn Hóa Việt Thư,Nhà Xuất Bản Phụ Nữ Việt Nam,,,,,Nhà sách Fahasa,available,1000,True,True,True
270182434,Bé Tô Màu Angry Birds (Tập 2),7690,12000,36,0.0,0,2,,Công Ty CP Văn Hóa Nhân Văn,oem,,,,,Nhân Văn,available,1000,True,False,True
263677375,Tô Màu Công Chúa - Công Chúa Phong Cách - Tập 1 (Tái Bản 2023),16300,16500,1,0.0,0,0,Dolphin Junior Hall,Cty Văn Hóa & Truyền Thông Trí Việt.,NXB Dân Trí,,,,,Nhà sách Fahasa,available,1000,True,True,True
263101012,Bé Ơi! Tô Màu Thật Là Vui - Song Ngữ Việt - Anh (3 - 6 Tuổi) - Tập 4,19600,20000,2,0.0,0,0,Mã Đức,Dn Tư Nhân Thương Mại Toàn Phúc,Nhà Xuất Bản Phụ Nữ Việt Nam,,,,,Nhà sách Fahasa,available,1000,True,True,True
263100982,Bé Ơi! Tô Màu Thật Là Vui - Song Ngữ Việt - Anh (3 - 6 Tuổi) - Tập 1,19600,20000,2,0.0,0,0,Mã Đức,Dn Tư Nhân Thương Mại Toàn Phúc,Nhà Xuất Bản Phụ Nữ Việt Nam,,,,,Nhà sách Fahasa,available,1000,True,True,True
263098889,Bé Tô Màu Công Chúa - Tập 7,9600,12000,20,0.0,0,0,Trần Ngọc Bảo Hân,Cty Văn Hóa Nhân Văn,Nhà Xuất Bản Đồng Nai,,,,,Nhà sách Fahasa,available,1000,True,True,True
206145390,Bé Tập Tô Màu Và Học Tiếng Anh Theo Chủ Đề - Các Loài Hoa,9600,12000,20,0.0,0,1,Trần Ngọc Bảo Hân,Cty Văn Hóa Nhân Văn,hong duc,,,,,Nhà sách Fahasa,available,1000,True,True,True
206145254,Tô Màu Thế Giới Khủng Long Dinosaurs 2,10900,12000,9,0.0,0,3,Huyền Linh,Cty Văn Hóa & Truyền Thông Trí Việt.,NXB Dân Trí,,,,,Nhà sách Fahasa,available,1000,True,True,True
205973462,Chuẩn Bị Cho Bé Vào Lớp 1 - Làm Quen Với Chữ Số (Tái Bản),11800,12000,2,0.0,0,0,Minh Hà,Tân Việt,nxb my thuat,,,,,Nhà sách Fahasa,available,1000,True,True,True
199970712,Hành Trang Cho Bé Vào Lớp 1 - Tập Tô Khéo - Luyện Viết Đẹp: Luyện Viết Chứ Đẹp - Tập 2,18700,25000,25,0.0,0,0,Minh Khuê,Công ty Cổ Phần sách và Thiết bị Giáo dục Muki Việt Nam,Nhà Xuất Bản Lao Động,,,,,Nhà sách Fahasa,available,1000,True,True,True
198285112,Hành Trang Cho Bé Vào Lớp 1 - Giúp Bé Tập Tô Chữ Cái - Chữ Hoa,19600,20000,2,0.0,0,0,Tu Ti,Cty Văn Hóa Sách Việt,NXB Dân Trí,,,,,Nhà sách Fahasa,available,1000,True,True,True
190502196,Tô Màu - Vương Quốc Khủng Long - Tập 3 (Dành Cho Bé Mẫu Giáo),9600,12000,20,0.0,0,1,Trần Ngọc Bảo Hân,Cty Văn Hóa Nhân Văn,Nhà Xuất Bản Đồng Nai,,,,,Nhà sách Fahasa,available,1000,True,True,True
186369230,Giờ Học Tô Màu Của Bé - Rau Củ (Siêu Vui Nhộn - Siêu Bổ Ích),18700,22000,15,0.0,0,1,Nhiều tác giả,Tân Việt,Nhà Xuất Bản Mỹ Thuật,,,,,Nhà sách Fahasa,available,1000,True,True,True
177860548,Dán Hình Và Tô Màu - Fashion Nhà Thiết Kế Thời Trang 1,29400,31000,5,0.0,0,1,Huyền Linh,Cty Văn Hóa & Truyền Thông Trí Việt.,Nhà Xuất Bản Dân Trí,,,,,Nhà sách Fahasa,available,1000,True,True,True
134222579,Combo 5 cuốn Tự tin vào lớp 1: Tập đánh vần - Toán Tư duy - Bước đầu Tập viết - Cùng bé Chinh phục Toán học - Giúp bé Luyện đọc,500000,500000,0,4.7,55,327,,CÔNG TY TNHH IN VÀ TM TUẤN VIỆT,Nhà Xuất Bản Hà Nội,,Bìa mềm,,,TUANVIET BOOKS Official Store,available,1000,True,True,True
118877585,"Bộ Sách Chuẩn Bị Cho Bé Vào Lớp Một - Bộ 8 cuốn Tập Tô Số Tập 1 + 2, Bé Làm Quen Với Toán tập 1 + 2, Tập Tô Chữ Tập 1 + 2, Tập Tô Chữ Mẫu Giáo, Tập Tô Nét Cơ Bản - Chuẩn bị hành trang cho bé tự tin bước vào lớp 1",80000,80000,0,0.0,0,0,,Công ty CP in Thương Mại Nam Hải,Nhà Xuất Bản Hà Nội,,,,,Happy Kids books,available,1000,True,True,True
111711676,Ong Con Chăm Chỉ - Tập Tô Chữ Hoa,14800,15000,1,0.0,0,3,Nguyệt Giang,Dn Tư Nhân Thương Mại Toàn Phúc,Nhà Xuất Bản Đại Học Quốc Gia Hà Nội,,,,,Nhà sách Fahasa,available,1000,True,True,True
95220751,Sách Bàn Tay Nhỏ Vẽ Tranh - Phong Cảnh Tươi Đẹp,24600,29000,15,0.0,0,3,,Tân Việt,Nhà Xuất Bản Mỹ Thuật,,Bìa mềm,44.0,2021-05-01,Nhà sách Fahasa,available,1000,True,True,True
95220143,Sách My Little Pony - Jumbo Tô Màu Và Các Trò Chơi 2,24600,29000,15,0.0,0,6,Nhiều tác giả,Tân Việt,Nhà Xuất Bản Mỹ Thuật,,Bìa mềm,36.0,2021-05-01,Nhà sách Fahasa,available,1000,True,True,True
91832919,Tô Màu - Khám Phá Phong Cảnh Việt Nam,48700,65000,25,0.0,0,2,Biên soạn: Anh Trang (Minh họa: An Tô),Công ty TNHH Văn Hóa Ánh Dương,Nhà Xuất Bản Phụ Nữ,,,,,Nhà sách Fahasa,available,1000,True,True,True
84872552,Barbie Thiết Kế Thời Trang - Công Chúa Yêu Kiều,32300,38000,15,5.0,1,11,The Five Mile,Tân Việt,Nhà Xuất Bản Mỹ Thuật,,,,,Nhà sách Fahasa,available,1000,True,True,True
21031355,Sách Tô Màu Công Chúa Xinh Đẹp - Công Chúa Đồng Quê,17000,20000,15,5.0,1,1,Trần Bồi Lương,Tân Việt,,,Bìa mềm,24.0,2019-06-01,Nhà sách Fahasa,available,1000,True,True,True
10196199,Sách Chuẩn Bị Cho Bé Tới Trường - Chữ Cái,140500,142000,1,0.0,0,0,Ngọc Phương,Huy Hoàng Bookstore,Nhà Xuất Bản Phụ Nữ,,Bìa mềm,24.0,2019-01-01,Minhhabooks,available,1000,True,True,True
1724657,Sách Bé Làm Quen Với Chữ Cái - Quyển 2,10900,12000,9,0.0,0,3,"Nguyễn Phúc Lâm, Nguyễn Hoài Thanh",Trí Việt,,,Bìa mềm,32.0,2018-01-01,Nhà sách Fahasa,available,1000,True,True,True
279102302,Sách - Tô Màu Baby Three Dễ Thương,26200,32000,18,0.0,0,0,Huyền Linh,Cty Văn Hóa & Truyền Thông Trí Việt.,Nhà Xuất Bản Văn Học,,Bìa mềm,,2023-12-21,Nhà sách Fahasa,available,1000,True,True,True
278860593,Sách - Tiệm Bánh Ngọt Của My Melody,64600,68000,5,0.0,0,0,nhieu tac gia,Công Ty Cổ Phần Time Books,Nhiều Nhà Xuất Bản,,Bìa mềm,,2023-12-21,Nhà sách Fahasa,available,1000,True,True,True
278713113,Sách - Bé Khéo Tay Tô Màu Thế Giới Xung Quanh - Song Ngữ Anh-Việt - Đồ Vật Gia Đình,20700,25000,17,0.0,0,0,Phan Minh Đạo,Cty Văn Hóa Việt Thư,Nhiều Nhà Xuất Bản,,Bìa mềm,,2023-12-21,Nhà sách Fahasa,available,1000,True,True,True
278629817,Sách: Tập Vẽ Với Bút Chì Màu - Thế Giới Bên Ngoài,57400,58000,1,0.0,0,0,Đồng Tâm,Minh Long,Nhà Xuất Bản Mỹ Thuật,,Bìa mềm,,,Minhhabooks,available,1000,True,True,True
278627813,Sách - Nối Số Và Tô Màu - Những Con Vật Ngộ Nghĩnh - Song Ngữ Anh-Việt,25300,27000,6,0.0,0,0,Huyền Linh,Cty Văn Hóa & Truyền Thông Trí Việt.,Nhà Xuất Bản Văn Học,,Bìa mềm,,2023-12-21,Nhà sách Fahasa,available,1000,True,True,True
278617380,Sách - Khám Phá Thế Giới Xung Quanh - Tô Màu Trang Phục,11800,12000,2,0.0,0,0,nhieu tac gia,Cty Giáo Dục Đức Trí,Nhà Xuất Bản Đại Học Quốc Gia Hà Nội,,Bìa mềm,,2023-12-21,Nhà sách Fahasa,available,1000,True,True,True
278616858,Sách - Tô Màu - Một Ngày Của Bé - Tập 9 (Tái Bản),9600,12000,20,0.0,0,0,Trần Ngọc Bảo Hân,Cty Văn Hóa Nhân Văn,nxb thanh nien,,Bìa mềm,,2023-12-21,Nhà sách Fahasa,available,1000,True,True,True
278616522,Sách - Khám Phá Thế Giới Xung Quanh - Tô Màu Động Vật Nuôi,11800,12000,2,0.0,0,0,nhieu tac gia,Cty Giáo Dục Đức Trí,Nhà Xuất Bản Đại Học Quốc Gia Hà Nội,,Bìa mềm,,2023-12-21,Nhà sách Fahasa,available,1000,True,True,True
278508159,Tô Màu Công Chúa Xinh Đẹp - Công Chúa Đoan Trang (Tái Bản 2023) (TV),22500,25000,10,0.0,0,0,Trần Bồi Lương,Nhà sách Tân Việt,Nhà Xuất Bản Mỹ Thuật,,Bìa mềm,24.0,,Văn Lang Official Store,available,1000,True,True,True
278507973,Tô Màu Thật Là Dễ Tập 5 (ML),22950,27000,15,0.0,0,0,Minh Huyền,Nhà sách Minh Lâm,Nhà Xuất Bản Hồng Đức,,Bìa mềm,24.0,,Văn Lang Official Store,available,1000,True,True,True
278507835,Mai Em Vào Lớp 1 - Vở Bé Tập Tô Chữ Hoa (ML),10625,12500,15,0.0,0,0,Minh Đức,Cty Văn Hóa Minh Lâm,Nhà Xuất Bản Hồng Đức,,Bìa mềm,31.0,,Văn Lang Official Store,available,1000,True,True,True
278507570,"Tô Màu - Bé Trai, Bé Gái (ML)",17100,19000,10,0.0,0,0,Minh Huyền,Nhà sách Minh Lâm,Nhà Xuất Bản Hồng Đức,,Bìa mềm,16.0,,Văn Lang Official Store,available,1000,True,True,True
278153376,Sách - Hình Dán Sticker Và Tô Màu - Tập 11,19200,24000,20,0.0,0,0,Trần Ngọc Bảo Hân,Cty Văn Hóa Nhân Văn,Nhà Xuất Bản Thanh Hoá,,Bìa mềm,,2023-12-21,Nhà sách Fahasa,available,1000,True,True,True
277591561,Bé Tô Màu Capybara - Bộ Trưởng Bộ Ngoại Giao - Người Bạn Thân Thiện,27000,28000,4,0.0,0,1,Louis Ben,Việt Thư,Nhà Xuất Bản Phụ Nữ Việt Nam,,Bìa mềm,20.0,,Nhân Văn,available,1000,True,True,True
275552664,Tập Tô Sáng Tạo Cùng Wolfoo 2,35280,49000,28,0.0,0,0,,1980 Books,Nhà Xuất Bản Dân Trí,,Bìa mềm,24.0,2024-05-01,1980 BOOKS HCM,available,1000,True,True,True
274872667,Phát Triển Năng Lực Tư Duy - Ngôn Ngữ - Tập Đánh Vần Tiếng Việt (4-6 Tuổi) (Tái Bản 2024),102400,120500,15,0.0,0,3,"Chính An,  Nhóm Giáo Viên ĐHSP",Cty TNHH TM&DV VH GD Phía Nam,,,,,,Nhà sách Fahasa,available,1000,True,True,True
272305905,Tủ Sách Trang Điểm - Thần Tượng K-Pop 4,37300,45000,17,0.0,0,0,,Cty Văn Hóa Việt Thư,Nhà Xuất Bản Phụ Nữ Việt Nam,,,,,Nhà sách Fahasa,available,1000,True,True,True
271541952,Bộ Sách Em Tập Vẽ Và Tô Màu (Túi 8 Cuốn),272000,320000,15,0.0,0,0,,Minh Long,nxb my thuat,,,,,Nhà sách Fahasa,available,1000,True,True,True
270545612,Bé Vui Học Số (popup dựng hình),146000,146000,0,0.0,0,0,,Công ty cổ phần đầu tư phát triển Trường Phương,Nhà Xuất Bản Thế Giới,,Bìa cứng,,,NHÀ SÁCH AN THƯ,available,1000,True,True,True
270052401,Sticker Bóc Dán Hình Thông Minh - Car - Các Hãng Xe Trên Thế Giới 2,48100,58000,17,0.0,0,0,,Cty Văn Hóa Việt Thư,Nhà Xuất Bản Phụ Nữ Việt Nam,,,,,Nhà sách Fahasa,available,1000,True,True,True
270052379,Sticker Bóc Dán Hình Thông Minh - Car - Các Hãng Xe Trên Thế Giới 1,48100,58000,17,0.0,0,0,,Cty Văn Hóa Việt Thư,Nhà Xuất Bản Phụ Nữ Việt Nam,,,,,Nhà sách Fahasa,available,1000,True,True,True
248723262,Sách Khéo Tay Tô Màu: Giáng Sinh Của Peppa,25000,25000,0,0.0,0,5,Nhiều tác giả,NXB Kim Đồng,Nhà Xuất Bản Kim Đồng,,Bìa mềm,16.0,2023-03-23,Bamboo Books,available,1000,True,True,True
247567242,Bé Tập Tô Phát Triển Tư Duy - Câu Đố Về Giao Thông,15000,20000,25,0.0,0,0,Khanh Vu,Công ty Cổ Phần sách và Thiết bị Giáo dục Muki Việt Nam,Nhà Xuất Bản Lao Động,,,,,Nhà sách Fahasa,available,1000,True,True,True
217895800,Tô Màu Công Chúa - Công Chúa Kiều Diễm,34000,40000,15,0.0,0,4,Aladdin Book,Tân Việt,nxb my thuat,,,,,Nhà sách Fahasa,available,1000,True,True,True
217895696,Tô Màu Công Chúa - Công Chúa Thời Trang,34000,40000,15,0.0,0,2,Aladdin Book,Tân Việt,nxb my thuat,,,,,Nhà sách Fahasa,available,1000,True,True,True
190502310,Tô Màu Công Chúa Xinh Đẹp - Tập 3,9600,12000,20,0.0,0,1,Trần Ngọc Bảo Hân,Cty Văn Hóa Nhân Văn,Nhà Xuất Bản Đồng Nai,,,,,Nhà sách Fahasa,available,1000,True,True,True
190502174,Bé Yêu Tô Màu - Đội Chó Cứu Hộ Paw Patrol - Tập 3,9600,12000,20,0.0,0,15,Trần Ngọc Bảo Hân,Cty Văn Hóa Nhân Văn,Nhà Xuất Bản Đồng Nai,,,,,Nhà sách Fahasa,available,1000,True,True,True
177860546,Dán Hình Và Tô Màu - Fashion Nhà Thiết Kế Thời Trang 2,29400,31000,5,0.0,0,3,Huyền Linh,Cty Văn Hóa & Truyền Thông Trí Việt.,Nhà Xuất Bản Dân Trí,,,,,Nhà sách Fahasa,available,1000,True,True,True
175526846,Bé Chuẩn Bị Vào Lớp 1 - Bé Làm Quen Chữ Cái - Tập 2 (Dành Cho Trẻ Từ 4-5 Tuổi),24500,25000,2,0.0,0,0,Vanlangbooks,Cty Văn Hóa Văn Lang,Nhà Xuất Bản Hồng Đức,,,,,Nhà sách Fahasa,available,1000,True,True,True
171581135,Vở Nhận Biết Và Tập Viết ABC Qua Các Trò Chơi Trí Tuệ - Tập 3 (Tái Bản),18700,25000,25,0.0,0,0,"Kawa,  Bảo Việt",Công ty Cổ Phần sách và Thiết bị Giáo dục Muki Việt Nam,Nhà Xuất Bản Phụ Nữ Việt Nam,,,,,Nhà sách Fahasa,available,1000,True,True,True
106349466,Bé Chuẩn Bị Vào Lớp 1 - Bé Làm Quen Chữ Số 1 (Tái Bản 2021),31300,32000,2,0.0,0,0,Hoa Mai,Công ty TNHH Văn Hóa và Truyền Thông Catbooks,Nhà Xuất Bản Hồng Đức,,,,,Nhà sách Fahasa,available,1000,True,True,True
87632514,Bé Tô Màu Trò Chơi Dân Gian - Tập 5,8000,10000,20,0.0,0,2,"Quang Toàn, Quang Toản",Cty Văn Hóa Nhân Văn,Nhà Xuất Bản Đồng Nai,,,,,Nhà sách Fahasa,available,1000,True,True,True
86417909,Bé Tô Màu Truyện Dân Gian Việt Nam - Chàng Sọ Dừa,8000,10000,20,5.0,1,4,"Quang Toàn, Quang Toản",Cty Văn Hóa Nhân Văn,,,,,,Nhà sách Fahasa,available,1000,True,True,True
83749264,Tô Màu Kể Chuyện Thiên Tài - Newton Và Quả Táo Rơi,13800,15000,8,0.0,0,1,Mai Hương (biên tập),Cty Phan Thị,Nhà Xuất Bản Đại Học Sư Phạm,,,,,Nhà sách Fahasa,available,1000,True,True,True
58992071,Bộ Sách Thực Hành Tô Màu Spongebob: Bong Bóng Bự Dễ Thương + Kỳ Nghỉ Đông Đáng Nhớ (Bộ 2 Cuốn),34000,40000,15,0.0,0,2,Nhiều tác giả,Tân Việt,Nhà Xuất Bản Lao Động,,,,,Nhà sách Fahasa,available,1000,True,True,True
58708233,"Em Tập Tô Màu - Chủ Đề Các Loại Rau, Củ",11800,12000,2,5.0,1,7,Chính Bình,Cty TNHH TM&DV VH GD Phía Nam,,,,,,Nhà sách Fahasa,available,1000,True,True,True
45358910,Sách Ghép Hình - Nàng Bạch Tuyết Và Bảy Chú Lùn,18700,22000,15,0.0,0,1,Mattel,Tân Việt,Nhà Xuất Bản Mỹ Thuật,,Bìa cứng,,2019-12-01,Nhà sách Fahasa,available,1000,True,True,True
35445730,Bộ Sách Tô Màu Có Dán Hình - Barbie Xinh Đẹp (Bộ 4 Cuốn),98600,116000,15,5.0,9,48,"., ., ., ., ...",Tân Việt,,,,,,Nhà sách Fahasa,available,1000,True,True,True
572606,Sách Tô Màu - Jake & Những Cướp Biển Vùng Đất Thần Tiên (Tập 4),7690,12000,36,0.0,0,4,Trần Ngọc Bảo Hân,Công Ty CP Văn Hóa Nhân Văn,,,,16.0,2017-01-17,Nhân Văn,available,1000,True,False,True
439971,Sách Bộ Túi Bé Tập Tô Màu Và Nhận Biết Thế Giới Xung Quanh (Trọn Bộ 6 Cuốn),61200,72000,15,5.0,3,5,Nguyễn Khánh Hòa,Minh Long,,,Bìa mềm,138.0,2015-06-10,Nhà sách Fahasa,available,1000,True,True,True
279005562,"Combo 5 cuốn: Jadoo Luyện Viết Chữ, Nhớ Từ Vựng Tiếng Anh",284400,395000,28,0.0,0,0,1980 Edu,1980 Books,Nhà Xuất Bản Dân Trí,,Bìa mềm,3644.0,,1980 BOOKS HCM,available,1000,True,True,True
278966920,Sách - Tô Màu Công Chúa Dạ Tiệc,15800,16000,1,0.0,0,0,nhieu tac gia,Cty Văn Hóa & Truyền Thông Trí Việt.,Nhà Xuất Bản Văn Học,,Bìa mềm,,2023-12-21,Nhà sách Fahasa,available,1000,True,True,True
278761535,Sách - Tập Vẽ Với Chì Màu - Động Vật Kì Thú,59500,70000,15,0.0,0,0,Đồng Tâm,Minh Long,nxb my thuat,,Bìa mềm,,2023-12-21,Nhà sách Fahasa,available,1000,True,True,True
278761421,Sách - Tập Vẽ Với Chì Màu - Cuộc Sống Quanh Em,68000,80000,15,0.0,0,0,Đồng Tâm,Minh Long,nxb my thuat,,Bìa mềm,,2023-12-21,Nhà sách Fahasa,available,1000,True,True,True
278761315,Sách - Tô Màu Ấm Áp - Những Người Bạn Nhỏ Của Tôi - Thật Tuyệt Vời Khi Được Ở Nhà,51000,60000,15,0.0,0,0,nhieu tac gia,Tân Việt,nxb my thuat,,Bìa mềm,,2023-12-21,Nhà sách Fahasa,available,1000,True,True,True
278760596,Sách - Tách-Gộp Số Trong Phạm Vi 10 - Toán Tư Duy Theo Sơ Đồ Khối,36100,38000,5,0.0,0,0,nhieu tac gia,Cty TNHH TM&DV VH GD Phía Nam,Nhà Xuất Bản Đồng Nai,,Bìa mềm,,2023-12-21,Nhà sách Fahasa,available,1000,True,True,True
278716545,Sách - Tô Màu Bốn Mùa - Thu - Tập 3,19800,20000,1,0.0,0,0,Phan Thị,Cty Phan Thị,Nhà Xuất Bản Văn Học,,Bìa mềm,,2023-12-21,Nhà sách Fahasa,available,1000,True,True,True
278713209,Sách - Tô Màu Khám Phá - Song Ngữ Anh-Việt - Bé Và Những Người Bạn Côn Trùng,26500,32000,17,0.0,0,0,nhieu tac gia,Cty Văn Hóa Việt Thư,Nhiều Nhà Xuất Bản,,Bìa mềm,,2023-12-21,Nhà sách Fahasa,available,1000,True,True,True
278713023,Sách - Bé Tô Màu Anime Princess - Công Chúa Hoạt Hình - Năng Động,20700,25000,17,0.0,0,0,nhieu tac gia,Cty Văn Hóa Việt Thư,Nhiều Nhà Xuất Bản,,Bìa mềm,,2023-12-21,Nhà sách Fahasa,available,1000,True,True,True
278703343,"Sách - Sách Tô Màu - Tớ Là Họa Sĩ - Hoa Quả, Trái Cây",19000,20000,5,0.0,0,0,Thùy Cốm,Nhã Nam,Nhà Xuất Bản Hội Nhà Văn,,Bìa mềm,,2023-12-21,Nhà sách Fahasa,available,1000,True,True,True
278627771,Sách - Nối Số Và Tô Màu - Những Con Vật Dễ Thương - Song Ngữ Anh-Việt,25300,27000,6,0.0,0,0,Huyền Linh,Cty Văn Hóa & Truyền Thông Trí Việt.,Nhà Xuất Bản Văn Học,,Bìa mềm,,2023-12-21,Nhà sách Fahasa,available,1000,True,True,True
278617300,Sách - Nối Số Và Tô Màu - Khám Phá Vườn Côn Trùng Và Bò Sát - Song Ngữ Anh-Việt,26500,32000,17,0.0,0,0,Phan Minh Đạo,Cty Văn Hóa Việt Thư,Nhà Xuất Bản Phụ Nữ Việt Nam,,Bìa mềm,,2023-12-21,Nhà sách Fahasa,available,1000,True,True,True
278616834,Sách - Tô Màu - Một Ngày Của Bé - Tập 10 (Tái Bản),9600,12000,20,0.0,0,0,Trần Ngọc Bảo Hân,Cty Văn Hóa Nhân Văn,nxb thanh nien,,Bìa mềm,,2023-12-21,Nhà sách Fahasa,available,1000,True,True,True
278616482,Sách - Tô Màu Công Chúa - Tập 8,9600,12000,20,0.0,0,0,Trần Ngọc Bảo Hân,Cty Văn Hóa Nhân Văn,Nhà Xuất Bản Đồng Nai,,Bìa mềm,,2023-12-21,Nhà sách Fahasa,available,1000,True,True,True
278508001,Hello Kitty - Rèn Luyện Khả Năng Sáng Tạo - Sách Tô Màu (TV),25500,30000,15,0.0,0,0,Nhiều tác giả,Tân Việt,Nhà Xuất Bản Mỹ Thuật,,Bìa mềm,288.0,,Văn Lang Official Store,available,1000,True,True,True
278153396,Sách - Nối Số Và Tô Màu - Bò Sát Và Côn Trùng - Song Ngữ Anh-Việt,26500,32000,17,0.0,0,0,Phan Minh Đạo,Cty Văn Hóa Việt Thư,Nhà Xuất Bản Phụ Nữ Việt Nam,,Bìa mềm,,2023-12-21,Nhà sách Fahasa,available,1000,True,True,True
278153344,Sách - Quà Cho Bé - Bé Tập Tô Màu - Các Nàng Công Chúa,14200,15000,5,0.0,0,0,T-Book,Fahasa,Nhà Xuất Bản Phụ Nữ Việt Nam,,Bìa mềm,,2023-12-21,Nhà sách Fahasa,available,1000,True,True,True
278153182,Sách - Sprunki Và Vũ Điệu Cá Tính,19800,20000,1,0.0,0,0,,Cty TNHH TM&DV VH GD Phía Nam,Nhà Xuất Bản Đồng Nai,,Bìa mềm,,2023-12-21,Nhà sách Fahasa,available,1000,True,True,True
275302573,Dino Tập Vẽ - 4 Bước Vẽ Đơn Giản (MGB),33120,36000,8,0.0,0,1,Little Rainbow,Megabooks,Nhà Xuất Bản Thanh Niên,,Bìa mềm,,,Văn Lang Official Store,available,1000,True,True,True
273238780,Sticker Bóc Dán Hình Thông Minh - Các Hãng Xe Hơi Trên Thế Giới 3,58000,58000,0,0.0,0,0,,NXB Phụ Nữ,Nhà Xuất Bản Phụ Nữ,,Bìa mềm,20.0,,Nhà Sách Phương Nam,available,1000,True,True,True
272830348,Tô Màu Cùng Mèo Thông Thái - Song Ngữ Việt-Anh - Bốn Mùa (Dành Cho Trẻ Từ 3-5 Tuổi),14400,16000,10,0.0,0,0,Einstein books,Alpha Books,NXB Dân Trí,,,,,Nhà sách Fahasa,available,1000,True,True,True
272305923,Tủ Sách Trang Điểm - Thần Tượng K-Pop 1,37300,45000,17,0.0,0,0,,Cty Văn Hóa Việt Thư,Nhà Xuất Bản Phụ Nữ Việt Nam,,,,,Nhà sách Fahasa,available,1000,True,True,True
270714779,Cùng Khủng Long Học Nét Cơ Bản - Quyển 3: Chữ Cái Đầu Tiên (Kèm sticker bé trai),29000,29000,0,0.0,0,0,Runkids,NXB Thanh Niên,Nhà Xuất Bản Thanh Niên,,Bìa mềm,32.0,2019-10-08,Nhà Sách Phương Nam,available,1000,True,True,True
263304029,Tập Tô Màu Nhà Trẻ - Chủ Đề Trường Mầm Non (Tái Bản 2023),9000,10000,10,0.0,0,0,Khánh Hòa,Minh Long,nxb my thuat,,,,,Nhà sách Fahasa,available,1000,True,True,True
253293582,Tập Tô Nét Cơ Bản,23700,25000,5,0.0,0,3,Hương Giang,Cty Văn Hóa Sách Việt,NXB Dân Trí,,,,,Nhà sách Fahasa,available,1000,True,True,True
250020078,Bộ Sách Tô Màu Nhà Trẻ (Túi 8 Cuốn) (Tái Bản 2023),68000,80000,15,0.0,0,2,Khánh Hòa,Minh Long,nxb my thuat,,,,,Nhà sách Fahasa,available,1000,True,True,True
213787754,Bé Tự Học Cùng Bubu - Tập Viết 3: Bé Tập Đọc Và Viết Các Vần Đơn Giản (Tái Bản),19800,20000,1,0.0,0,0,Biên Thùy,NXB Trẻ,NXB Trẻ,,,,,Nhà sách Fahasa,available,1000,True,True,True
206145403,Bé Tô Màu Siêu Nhân - Tập 4,9600,12000,20,0.0,0,1,Trần Ngọc Bảo Hân,Cty Văn Hóa Nhân Văn,Nhà Xuất Bản Đồng Nai,,,,,Nhà sách Fahasa,available,1000,True,True,True
199969552,"Colouring 365 Ngày Tô Màu - Khám Phá Thế Giới Phát Triển Trí Tuệ - Cuốn 5: Gia Đình, Nghề Nghiệp, Thể Thao",31300,36000,13,0.0,0,0,,Công Ty TNHH Sách và Thiết Bị Giáo Dục ID,nxb my thuat,,,,,Nhà sách Fahasa,available,1000,True,True,True
195104351,Sách Color by Number – Tô Màu Theo Số 2,11400,12000,5,0.0,0,0,KhoiBook,Công Ty CP Sách Văn Chương,Nhà Xuất Bản Văn Học,,Bìa mềm,20.0,,Chính Thông,available,1000,True,True,True
191630417,Bé Tập Viết Chữ Ghép,12400,15000,17,5.0,1,4,Hương Giang,Cty Văn Hóa Khang Việt,Nhà Xuất Bản Đại Học Quốc Gia Hà Nội,,,,,Nhà sách Fahasa,available,1000,True,True,True
166084665,Bé Tập Tô Phát Triển Tư Duy - Thuộc Số Nhanh - Vẽ Tranh Đẹp,15000,20000,25,0.0,0,1,Khanh Vu,Công ty Cổ Phần sách và Thiết bị Giáo dục Muki Việt Nam,Nhà Xuất Bản Lao Động,,,,,Nhà sách Fahasa,available,1000,True,True,True
136482459,Sách Sticker Dolly Dressing - Dán Hình Sáng Tạo Trang Phục Búp Bê - Cún Con,55000,55000,0,5.0,1,6,.,Phương Nam Book,Nhà Xuất Bản Thanh Niên,,Bìa mềm,24.0,,Nhà Sách Phương Nam,available,1000,True,True,True
95220735,Sách My Little Pony - Jumbo Tô Màu Và Các Trò Chơi 6,24600,29000,15,0.0,0,4,,Tân Việt,Nhà Xuất Bản Mỹ Thuật,,Bìa mềm,36.0,2021-05-01,Nhà sách Fahasa,available,1000,True,True,True
51479682,Sách Luyện Viết Tiếng Anh Trình Bày Trên Giấy Ô Li Dành Cho Học Sinh Lớp 3 Tập 2,27400,28000,2,0.0,0,0,TS. Phạm Văn Công,Công ty MTV DV - VH Khang Việt,Nhà Xuất Bản Đại Học Sư Phạm,,Bìa mềm,64.0,2020-03-01,Nhà sách Fahasa,available,1000,True,True,True
24165705,Bé Làm Họa Sỹ Nhí - Nhập Môn Tô Màu Cho Bé (Tập 5),35400,39000,9,5.0,1,13,Minh Đức,NXB Hồng Đức,,,,,,Nhà sách Fahasa,available,1000,True,False,True
24165695,Bé Làm Họa Sỹ Nhí - Nhập Môn Tô Màu Cho Bé (Tập 6),37000,39000,5,0.0,0,13,Minh Đức,NXB Hồng Đức,,,,,,Nhà sách Fahasa,available,1000,True,False,True
2783089,Sách Tô Màu Công Chúa Nhỏ - Tô Màu Công Chúa - Công Chúa Thời Trang,29700,32000,7,5.0,4,18,.,Liên Việt,,,Bìa mềm,,,Nhà sách Fahasa,available,1000,True,True,True
439321,Sách Bé Làm Họa Sĩ - Những Nét Vẽ Đầu Tiên (4 - 5 Tuổi) - Bìa Xanh,34200,38000,10,0.0,0,12,,Công Ty Cổ Phần Văn Hóa Đông A,Nhà Xuất Bản Dân Trí,,Bìa mềm,,2015-06-16,Đông A Books Official,available,1000,True,True,True
417825,Sách Cổ Tích Tô Màu Công Chúa - Nàng Bạch Tuyết,14400,16000,10,5.0,2,8,.,Công Ty Cổ Phần Văn Hóa Đông A,Nhà Xuất Bản Dân Trí,,Bìa mềm,16.0,2014-11-21,Đông A Books Official,available,1000,True,True,True
279269548,Sách - Tâm Thế Cho Bé Tự Tin Vào Lớp 1 - Luyện Viết - Quyển 1 - Nét Cơ Bản Và Chữ Số,36200,39000,7,0.0,0,0,Huyền Linh,Cty Văn Hóa & Truyền Thông Trí Việt.,Nhà Xuất Bản Văn Học,,Bìa mềm,,2023-12-21,Nhà sách Fahasa,available,1000,True,True,True
279269228,Sách - Tuyển Chọn Những Câu Hỏi Toán Mầm Non Mà Trẻ Thông Minh Thích Làm - 300 Câu Hỏi Khai Sáng Toán Học Mầm Non - Tập 2,68800,80000,14,0.0,0,0,nhieu tac gia,Fahasa,Nhà Xuất Bản Tri Thức,,Bìa mềm,,2023-12-21,Nhà sách Fahasa,available,1000,True,True,True
278761481,Sách - Tập Vẽ Với Chì Màu - Cây Cỏ Hoa Lá,51000,60000,15,0.0,0,0,Đồng Tâm,Minh Long,nxb my thuat,,Bìa mềm,,2023-12-21,Nhà sách Fahasa,available,1000,True,True,True
278716194,Sách - Tủ Sách Bé Vào Lớp Một - Luyện Viết Chữ Cái - Quyển 2,26400,27000,2,0.0,0,0,nhieu tac gia,Cty Văn Hóa & Truyền Thông Trí Việt.,Nhà Xuất Bản Văn Học,,Bìa mềm,,2023-12-21,Nhà sách Fahasa,available,1000,True,True,True
278714000,"Sách - Tủ Sách Vui Để Học - Phù Thủy Nhỏ - Vẽ, Xóa, Rồi Lại Vẽ",119000,128000,7,0.0,0,0,nhieu tac gia,CÔNG TY TNHH EDUCATION SOLUTIONS VIỆT NAM,Nhà Xuất Bản Phụ Nữ Việt Nam,,Bìa mềm,,2023-12-21,Nhà sách Fahasa,available,1000,True,True,True
278713342,Sách - Flash Card - Thẻ Học Thông Minh Theo Phương Pháp Giáo Dục Sớm Glenn Doman - Số Đếm - Numbers,42300,45000,6,0.0,0,0,nhieu tac gia,Fahasa,Nhà Xuất Bản Phụ Nữ Việt Nam,,Bìa mềm,,2023-12-21,Nhà sách Fahasa,available,1000,True,True,True
278713084,Sách - Bé Tập Tô Màu - Nghề Nghiệp,15800,16000,1,0.0,0,0,nhieu tac gia,Cty Văn Hóa & Truyền Thông Trí Việt.,Nhà Xuất Bản Văn Học,,Bìa mềm,,2023-12-21,Nhà sách Fahasa,available,1000,True,True,True
278713076,Sách - Find And Colour - Dinosaurs,43600,48000,9,0.0,0,0,nhieu tac gia,Dn Tư Nhân Thương Mại Toàn Phúc,nxb thanh nien,,Bìa mềm,,2023-12-21,Nhà sách Fahasa,available,1000,True,True,True
278712907,Sách - Bé Tập Vẽ - Những Nét Vẽ Đầu Tiên Cho Bé - Động Vật Ngộ Nghĩnh,23200,28000,17,0.0,0,1,nhieu tac gia,Cty Văn Hóa Việt Thư,Nhiều Nhà Xuất Bản,,Bìa mềm,,2023-12-21,Nhà sách Fahasa,available,1000,True,True,True
278712775,Sách - Bộ Sách Nối Số Và Tô Màu - Học Từ Vựng Số Đếm (Bộ 4 Cuốn),96200,116000,17,0.0,0,0,Phan Minh Đạo,Cty Văn Hóa Việt Thư,Nhiều Nhà Xuất Bản,,Bìa mềm,,2023-12-21,Nhà sách Fahasa,available,1000,True,True,True
278627773,Sách - Đọc Thông Viết Thạo Tiếng Việt - Luyện Viết Chữ Nhỏ Và Chữ Hoa,36100,38000,5,0.0,0,0,Huyền Linh,Cty Văn Hóa & Truyền Thông Trí Việt.,Nhà Xuất Bản Văn Học,,Bìa mềm,,2023-12-21,Nhà sách Fahasa,available,1000,True,True,True
278617330,"Sách - Nối Số Và Tô Màu - Khám Phá Đại Dương Huyền Bí , Thế Giới Loài Chim - Song Ngữ Anh-Việt",26500,32000,17,0.0,0,0,Phan Minh Đạo,Cty Văn Hóa Việt Thư,Nhà Xuất Bản Phụ Nữ Việt Nam,,Bìa mềm,,2023-12-21,Nhà sách Fahasa,available,1000,True,True,True
278617214,Sách - Nối Số Và Tô Màu - Khám Phá Nông Trại Vui Vẻ - Song Ngữ Anh-Việt,26500,32000,17,0.0,0,0,Phan Minh Đạo,Cty Văn Hóa Việt Thư,Nhà Xuất Bản Phụ Nữ Việt Nam,,Bìa mềm,,2023-12-21,Nhà sách Fahasa,available,1000,True,True,True
278616636,Sách - Tô Màu - Một Ngày Của Bé - Tập 4 (Tái Bản),9600,12000,20,0.0,0,0,Trần Ngọc Bảo Hân,Cty Văn Hóa Nhân Văn,nxb thanh nien,,Bìa mềm,,2023-12-21,Nhà sách Fahasa,available,1000,True,True,True
278153456,Sách - Hình Dán Sticker Và Tô Màu - Tập 8,19200,24000,20,0.0,0,0,Trần Ngọc Bảo Hân,Cty Văn Hóa Nhân Văn,Nhà Xuất Bản Thanh Hoá,,Bìa mềm,,2023-12-21,Nhà sách Fahasa,available,1000,True,True,True
278153208,Sách - Sprunki - Nốt Nhạc Sáng Tạo,19800,20000,1,0.0,0,0,,Cty TNHH TM&DV VH GD Phía Nam,Nhà Xuất Bản Đồng Nai,,Bìa mềm,,2023-12-21,Nhà sách Fahasa,available,1000,True,True,True
278153177,"Sách - Bé Tập Tô Màu - Củ, Quả",15800,16000,1,0.0,0,1,Thùy Linh,Cty Văn Hóa & Truyền Thông Trí Việt.,Nhà Xuất Bản Văn Học,,Bìa mềm,,2023-12-21,Nhà sách Fahasa,available,1000,True,True,True
273304763,Bé Làm Họa Sĩ - Những Nét Vẽ Đầu Tiên - 5~6 Tuổi - Tập A,36100,38000,5,0.0,0,5,nhieu tac gia,dong a,NXB Dân Trí,,,,,Nhà sách Fahasa,available,1000,True,True,True
272728904,Tập Tô Màu Nhà Trẻ - Đồ Dùng & Đồ Chơi (Tái Bản 2023),9000,10000,10,0.0,0,0,Khánh Hòa,Minh Long,nxb my thuat,,,,,Nhà sách Fahasa,available,1000,True,True,True
272254984,Sách Tô Chữ - Tô Tranh - Mở Mang Từ Vựng Cho Bé 3-5 Tuổi: Tô Màu Cùng Mèo Thông Thái - Trái Cây,12800,16000,20,0.0,0,0,,Alpha Books,Nhiều Nhà Xuất Bản,,Bìa mềm,16.0,2023-09-25,Omega Plus Books,available,1000,True,True,True
263677395,Tô Màu Công Chúa - Công Chúa Thanh Lịch - Tập 1 (Tái Bản 2023),16300,16500,1,0.0,0,1,Dolphin Junior Hall,Cty Văn Hóa & Truyền Thông Trí Việt.,NXB Dân Trí,,,,,Nhà sách Fahasa,available,1000,True,True,True
263100174,Bé Tô Màu Paw Patrol - Quyển 1,11100,12000,8,0.0,0,1,,Cty TNHH TM&DV VH GD Phía Nam,,,,,,Nhà sách Fahasa,available,1000,True,True,True
247239896,Tập Tô Màu Nhà Trẻ - Động Vật (Tái Bản 2022),9000,10000,10,0.0,0,1,Khánh Hòa,Minh Long,Nhà Xuất Bản Phụ Nữ Việt Nam,,,,,Nhà sách Fahasa,available,1000,True,True,True
206145461,Bé Tập Tô Màu Và Học Tiếng Anh Theo Chủ Đề - Trái Cây,9600,12000,20,0.0,0,1,Trần Ngọc Bảo Hân,Cty Văn Hóa Nhân Văn,hong duc,,,,,Nhà sách Fahasa,available,1000,True,True,True
196579440,Bé Chuẩn Bị Vào Lớp Một - Vở Tập Tô Nét Cơ Bản (Dành Cho Trẻ 5-6 Tuổi),14800,15000,1,0.0,0,0,Thiên Ân,Cty Giáo Dục Đức Trí,dai hoc quoc gia ha noi,,,,,Nhà sách Fahasa,available,1000,True,True,True
192949874,Hành Trang Cho Bé Vào Lớp 1 - Bé Làm Quen Với Chữ Số,11800,12000,2,0.0,0,0,Vân Hương,Tân Việt,nxb my thuat,,,,,Nhà sách Fahasa,available,1000,True,True,True
191823860,Cuốn Sách Tô Màu Đầu Tiên Của Tớ - Động Vật,24200,25000,3,0.0,0,5,Jenny Brown,Fahasa,nxb thanh nien,,,,,Nhà sách Fahasa,available,1000,True,True,True
182851123,Giờ Học Tô Màu Của Bé - Trái Cây (Siêu Vui Nhộn - Siêu Bổ Ích),18700,22000,15,0.0,0,0,Nhiều tác giả,Tân Việt,Nhà Xuất Bản Mỹ Thuật,,,,,Nhà sách Fahasa,available,1000,True,True,True
169377644,Cùng Bé Bước Vào Lớp 1 - Bé Tập Tô Chữ Và Số,11800,12000,2,0.0,0,0,Vân Hương,Tân Việt,Nhà Xuất Bản Mỹ Thuật,,,,,Nhà sách Fahasa,available,1000,True,True,True
157118092,Vở Nhận Biết Và Tập Viết ABC Qua Các Trò Chơi Trí Tuệ - Tập 4 (Tái Bản),18700,25000,25,0.0,0,0,"Kawa,  Bảo Việt",Công ty Cổ Phần sách và Thiết bị Giáo dục Muki Việt Nam,Nhà Xuất Bản Phụ Nữ Việt Nam,,,,,Nhà sách Fahasa,available,1000,True,True,True
100285187,Em Tập Tô Màu - Chủ Đề Công Chúa Thần Tiên,11800,12000,2,0.0,0,1,Chính Bình,Cty TNHH TM&DV VH GD Phía Nam,,,,,,Nhà sách Fahasa,available,1000,True,True,True
95220093,Sách My Little Pony - Jumbo Tô Màu Và Các Trò Chơi 5,24600,29000,15,5.0,1,8,Nhiều tác giả,Tân Việt,Nhà Xuất Bản Dân Trí,,Bìa mềm,36.0,2021-05-01,Nhà sách Fahasa,available,1000,True,True,True
58991937,Bộ Sách Thực Hành Tô Màu Spongebob: Công Thức Làm Bánh + Đầu Bếp Siêu Phàm + Những Anh Hùng Của Biển Hóa Giải Mọi Hiểu Lầm (Bộ 3 Cuốn),62000,73000,15,0.0,0,1,Nhiều tác giả,Tân Việt,Nhà Xuất Bản Lao Động,,,,,Nhà sách Fahasa,available,1000,True,True,True
51479663,Sách Luyện Viết Tiếng Anh Trình Bày Trên Giấy Ô Li Dành Cho Học Sinh Lớp 4 Tập 2,27400,28000,2,5.0,1,3,TS. Phạm Văn Công,Công ty MTV DV - VH Khang Việt,Nhà Xuất Bản Đại Học Sư Phạm,,Bìa mềm,64.0,2020-03-01,Nhà sách Fahasa,available,1000,True,True,True
49960751,"Bạn Nhỏ Ơi, Tô Màu Thật Là Dễ - Tập 7",19000,20000,5,0.0,0,0,"Minh Thư, Minh Thu, Minh thư, Minh Thu",Tân Việt,Nhà Xuất Bản Mỹ Thuật,,,,,Nhà sách Fahasa,available,1000,True,True,True
45358843,Sách Những Chiếc Xe Đua - Và Nhiều Đề Can Hấp Dẫn,34000,40000,15,0.0,0,1,Addline,Tân Việt,Nhà Xuất Bản Mỹ Thuật,,Bìa mềm,27.0,2019-12-01,Nhà sách Fahasa,available,1000,True,True,True
38110517,Bộ Túi Tô Màu Công Chúa (Bộ 5 Cuốn),63700,70000,9,0.0,0,0,"Thúy Nguyễn, Thùy Nguyễn , Thuỷ Nguyên, Thùy Nguyễn, Thủy Nguyên",NXB Hồng Đức,,,,,,Nhà sách Fahasa,available,1000,True,False,True
37794097,Tô Màu Dáng Hình Khủng Long Rong Chơi - Khủng Long Ăn Thịt,19800,20000,1,0.0,0,6,"., ., ., ., ...",NXB Đại Học Sư Phạm,,,,,,Nhà sách Fahasa,available,1000,True,True,True
20918824,Sách Bàn Tay Bé Vẽ - Phong Cảnh,18800,19000,1,5.0,5,33,Vi Khanh,Liên Việt,,,Bìa mềm,20.0,2019-06-01,Nhà sách Fahasa,available,1000,True,True,True
2297583,Sách Tô Màu Hoàng Tử Ếch - Thế Giới Robot,16800,17000,1,5.0,2,6,Ngọc Hà,Huy Hoàng Bookstore,,,Bìa mềm,24.0,,Nhà sách Fahasa,available,1000,True,True,True
279133427,Sách - Mai Em Vào Lớp 1 - Dành Cho Trẻ 4-5 Tuổi - Bé Tập Viết Chữ Hoa (Tái Bản 2024),9600,12000,20,0.0,0,0,nhieu tac gia,Cty Văn Hóa Nhân Văn,Nhiều Nhà Xuất Bản,,Bìa mềm,,2023-12-21,Nhà sách Fahasa,available,1000,True,True,True
279133116,Sách - Mai Em Vào Lớp 1 - Dành Cho Trẻ 5-6 Tuổi - Vở Bé Tập Viết - Quyển 2 (Tái Bản 2024),9600,12000,20,0.0,0,0,nhieu tac gia,Cty Văn Hóa Nhân Văn,Nhiều Nhà Xuất Bản,,Bìa mềm,,2023-12-21,Nhà sách Fahasa,available,1000,True,True,True
279112456,Sách - Hay Vẽ Thì Vẽ Hay - Những Sắc Màu Biết Nói,22000,25000,12,0.0,0,0,nhieu tac gia,Cty Phan Thị,Nhà Xuất Bản Văn Học,,Bìa mềm,,2023-12-21,Nhà sách Fahasa,available,1000,True,True,True
278713269,Sách - Bé Tô Màu Anime Princess - Công Chúa Hoạt Hình - Cá Tính,20700,25000,17,0.0,0,0,nhieu tac gia,Cty Văn Hóa Việt Thư,Nhiều Nhà Xuất Bản,,Bìa mềm,,2023-12-21,Nhà sách Fahasa,available,1000,True,True,True
278713103,Sách - Find And Colour - Jungle,43600,48000,9,0.0,0,0,nhieu tac gia,Dn Tư Nhân Thương Mại Toàn Phúc,nxb thanh nien,,Bìa mềm,,2023-12-21,Nhà sách Fahasa,available,1000,True,True,True
278713017,Sách - Flashcard Phương Tiện Giao Thông - Transportation,52700,58000,9,0.0,0,0,Huyền Linh,Cty Văn Hóa & Truyền Thông Trí Việt.,Nhà Xuất Bản Văn Học,,Bìa mềm,,2023-12-21,Nhà sách Fahasa,available,1000,True,True,True
278712135,Sách - Flashcard Bảng Chữ Cái Tiếng Anh - English Alphabet,66700,75000,11,0.0,0,0,Huyền Linh,Cty Văn Hóa & Truyền Thông Trí Việt.,Nhà Xuất Bản Văn Học,,Bìa mềm,,2023-12-21,Nhà sách Fahasa,available,1000,True,True,True
278617092,Sách - Tô Màu - Một Ngày Của Bé - Tập 11 (Tái Bản),9600,12000,20,0.0,0,0,Trần Ngọc Bảo Hân,Cty Văn Hóa Nhân Văn,nxb thanh nien,,Bìa mềm,,2023-12-21,Nhà sách Fahasa,available,1000,True,True,True
278616924,Sách - Tô Màu Vũ Trụ Brainrot - Tung Tung Tung Sahur Và Những Người Bạn Brainrot Vui Nhộn,26500,32000,17,0.0,0,0,Phan Minh Đạo,Cty Văn Hóa Việt Thư,Nhà Xuất Bản Phụ Nữ Việt Nam,,Bìa mềm,,2023-12-21,Nhà sách Fahasa,available,1000,True,True,True
278616860,Sách - Tô Màu Vũ Trụ Brainrot - Tung Tung Tung Sahur Và Những Người Bạn Brainrot Dũng Cảm,26500,32000,17,0.0,0,1,Phan Minh Đạo,Cty Văn Hóa Việt Thư,Nhà Xuất Bản Phụ Nữ Việt Nam,,Bìa mềm,,2023-12-21,Nhà sách Fahasa,available,1000,True,True,True
278153623,Sách - Vòng Tròn Cảm Xúc - Na Tra Và Những Trò Hoạt Náo,19000,20000,5,0.0,0,0,,Cty TNHH TM&DV VH GD Phía Nam,Nhà Xuất Bản Đồng Nai,,Bìa mềm,,2023-12-21,Nhà sách Fahasa,available,1000,True,True,True
278153436,Sách - Hình Dán Sticker Và Tô Màu - Tập 16,19200,24000,20,0.0,0,0,Trần Ngọc Bảo Hân,Cty Văn Hóa Nhân Văn,Nhà Xuất Bản Thanh Hoá,,Bìa mềm,,2023-12-21,Nhà sách Fahasa,available,1000,True,True,True
278153430,Sách - Nối Số Và Tô Màu - Động Vật Ở Trong Rừng - Song Ngữ Anh-Việt,26500,32000,17,0.0,0,0,Phan Minh Đạo,Cty Văn Hóa Việt Thư,Nhà Xuất Bản Phụ Nữ Việt Nam,,Bìa mềm,,2023-12-21,Nhà sách Fahasa,available,1000,True,True,True
278153397,Sách - Hình Dán Sticker Và Tô Màu - Tập 2,19200,24000,20,0.0,0,0,Trần Ngọc Bảo Hân,Cty Văn Hóa Nhân Văn,Nhà Xuất Bản Thanh Hoá,,Bìa mềm,,2023-12-21,Nhà sách Fahasa,available,1000,True,True,True
278153084,Sách - Quà Cho Bé - Bé Tập Tô Màu - Các Loài Hoa,14200,15000,5,0.0,0,0,T-Book,Fahasa,Nhà Xuất Bản Phụ Nữ Việt Nam,,Bìa mềm,,2023-12-21,Nhà sách Fahasa,available,1000,True,True,True
276555486,Tô Màu - Vương Quốc Khủng Long,7690,12000,36,0.0,0,0,Trần Ngọc Bảo Hân,Công Ty CP Văn Hóa Nhân Văn,Nhà Xuất Bản Đồng Nai,,Bìa mềm,16.0,,Nhân Văn,available,1000,True,True,True
274096585,Dán Hình Công Chúa - Nữ Hoàng Dạ Hội (Tái Bản 2023),39000,42000,7,0.0,0,0,Cẩm Nhung,Cty Văn Hóa & Truyền Thông Liên Việt,Nhà Xuất Bản Văn Học,,,,,Nhà sách Fahasa,available,1000,True,True,True
273699755,Tranh Tô Màu Vương Quốc Khủng Long - Cuộc Sống Bầy Đàn (Tái Bản 2023),21200,25000,15,0.0,0,0,Nhóm Hoa Mặt Trời,Tân Việt,nxb my thuat,,,,,Nhà sách Fahasa,available,1000,True,True,True
273400857,Tô Màu - Một Ngày Của Bé - Tập 1,6690,10000,33,0.0,0,0,Trần Ngọc Bảo Hân,Cty Văn Hóa Nhân Văn,Nhà Xuất Bản Thanh Niên,,,,,Nhân Văn,available,1000,True,True,True
272305899,Tủ Sách Trang Điểm - Thần Tượng K-Pop 5,37300,45000,17,0.0,0,0,,Cty Văn Hóa Việt Thư,Nhà Xuất Bản Phụ Nữ Việt Nam,,,,,Nhà sách Fahasa,available,1000,True,True,True
263207593,Vui Tết Cùng 12 Con Giáp - Tập 4: Bạn Nào Cũng Yêu,19800,20000,1,0.0,0,0,Nhiều tác giả,Cty Phan Thị,Nhà Xuất Bản Đại Học Sư Phạm TPHCM,,,,,Nhà sách Fahasa,available,1000,True,True,True
262792335,Bộ Sách Tô Màu Theo Số - Muông Thú + Khủng Long + Tiên Cá + Kỳ Lân (Bộ 4 Cuốn),76000,80000,5,0.0,0,0,Award,NXB Trẻ,NXB Trẻ,,,,,Nhà sách Fahasa,available,1000,True,True,True
259310962,Rèn Luyện Não Trái Não Phải Dành Cho 4-5 Tuổi (Tái Bản 2023),69400,89000,22,0.0,0,3,,Công Ty TNHH Sách và Thiết Bị Giáo Dục ID,Nhà Xuất Bản Đại Học Quốc Gia Hà Nội,,,,,Nhà sách Fahasa,available,1000,True,True,True
217895933,Tô Màu Công Chúa - Công Chúa Của Các Chòm Sao,34000,40000,15,0.0,0,2,Aladdin Book,Tân Việt,nxb my thuat,,,,,Nhà sách Fahasa,available,1000,True,True,True
207811611,Bé Tập Tô Màu - Trái Cây (Tái Bản),10800,12000,10,0.0,0,0,Hải Nam,Minh Long,nxb my thuat,,,,,Nhà sách Fahasa,available,1000,True,True,True
197897258,Tô Màu Phát Triển Não Bộ Cho Bé 1-5 Tuổi - Tập 6,15800,16000,1,0.0,0,1,Phạm Ngọc Điệp,Nhã Nam,NXB Dân Trí,,,,,Nhà sách Fahasa,available,1000,True,True,True
196579430,Bé Chuẩn Bị Vào Lớp Một - Vở Tập Tô Chữ - Tập 2 (Dành Cho Trẻ 4-5 Tuổi),14800,15000,1,0.0,0,3,Thiên Ân,Cty Giáo Dục Đức Trí,dai hoc quoc gia ha noi,,,,,Nhà sách Fahasa,available,1000,True,True,True
196180836,Bé Làm Họa Sỹ - Bé Tô Màu Đồ Chơi,19600,20000,2,0.0,0,0,Ngọc Nguyên,Công ty TNHH Tazano,NXB Dân Trí,,,,,Nhà sách Fahasa,available,1000,True,True,True
191808714,Bóc Dán - Công Chúa Xinh Đẹp,47000,47000,0,0.0,0,2,,Cty Văn Hóa & Truyền Thông Trí Việt.,oem,,Bìa mềm,,,Nhân Văn,available,1000,True,False,True
191808319,Bóc Dán - Công Chúa Kiều Diễm,47000,47000,0,0.0,0,0,,Cty Văn Hóa & Truyền Thông Trí Việt.,oem,,Bìa mềm,,,Nhân Văn,available,1000,True,False,True
146226382,Tô Màu Phát Triển Trí Não Bộ Cho Bé 1-3 Tuổi - Tập 4,15800,16000,1,4.5,2,4,Phạm Ngọc Điệp,Nhã Nam,NXB Dân Trí,,,,,Nhà sách Fahasa,available,1000,True,True,True
108280526,Sách Tô Màu Thông Minh - Chúng Mình Cùng Tô Quyền Hạt (Cho Bé Từ 2- 6 Tuổi),26100,29000,10,0.0,0,1,Minh Thư,Tân Việt,Nhà Xuất Bản Mỹ Thuật,,Bìa mềm,47.0,2021-06-15,Nhà sách Fahasa,available,1000,True,True,True
100285174,Em Tập Tô Màu - Chủ Đề Công Chúa Xinh Đẹp,11800,12000,2,0.0,0,2,Chính Bình,Cty TNHH TM&DV VH GD Phía Nam,,,,,,Nhà sách Fahasa,available,1000,True,True,True
86418054,Bé Tô Màu Truyện Dân Gian Việt Nam - Thạch Sanh Lý Thông,8000,10000,20,0.0,0,4,"Quang Toàn, Quang Toản",Cty Văn Hóa Nhân Văn,,,,,,Nhà sách Fahasa,available,1000,True,True,True
84873158,Barbie Thiết Kế Thời Trang - Thời Trang Dự Tiệc,32300,38000,15,0.0,0,5,The Five Mile,Tân Việt,Nhà Xuất Bản Mỹ Thuật,,,,,Nhà sách Fahasa,available,1000,True,True,True
36590806,Sách Tập Tô Chữ - Luyện Viết Theo Mẫu Chữ Mới (Tập 2) - Tái Bản,9000,11000,18,0.0,0,52,Nguyễn Thị Hương Giang,Minh Long,,,Bìa mềm,,2019-10-01,Nhà sách Fahasa,available,1000,True,True,True
25980253,Sách Thực Vật - Tô Màu,21200,25000,15,0.0,0,6,"Minh Thư, Minh Thu, Minh thư",NXB Mỹ Thuật,,,,,,Nhà sách Fahasa,available,1000,True,False,True
22653234,Vở Bé Làm Quen Với Chữ Số ( 4-5 Tuổi),9000,11000,18,4.8,5,131,Lê Hồng Đăng,Mỹ Thuật,,,,,,Nhà sách Fahasa,available,1000,True,True,True
440005,Sách Tập Tô Màu Và Nhận Biết Thế Giới Xung Quanh - Các Phương Tiện Giao Thông,10800,12000,10,0.0,0,5,Khánh Hòa,Minh Long,,,Bìa mềm,23.0,2015-06-01,Nhà sách Fahasa,available,1000,True,True,True
435704,Sách Dán Hình Thông Thái - Hiệp Sĩ,33100,36000,8,0.0,0,1,,Công Ty Cổ Phần Văn Hóa Đông A,,,Bìa mềm,8.0,2015-05-29,Nhà sách Fahasa,available,1000,True,True,True
279269644,Sách - Luyện Nét Chữ-Rèn Nết Người - Hành Trang Vào Lớp 1 - Bé Tập Tô Chữ - Tập 1,15600,20000,22,0.0,0,0,nhieu tac gia,Fahasa,Nhà Xuất Bản Phụ Nữ,,Bìa mềm,,2023-12-21,Nhà sách Fahasa,available,1000,True,True,True
279269604,"Sách - Tâm Thế Cho Bé Tự Tin Vào Lớp 1 - Luyện Viết - Quyển 3 - Tiếng, Từ Và Câu",36200,39000,7,0.0,0,0,Huyền Linh,Cty Văn Hóa & Truyền Thông Trí Việt.,Nhà Xuất Bản Văn Học,,Bìa mềm,,2023-12-21,Nhà sách Fahasa,available,1000,True,True,True
279133144,Sách - Mai Em Vào Lớp 1 - Dành Cho Trẻ 5-6 Tuổi - Bé Làm Quen Chữ Cái - Quyển 2 (Tái Bản 2024),9600,12000,20,0.0,0,0,nhieu tac gia,Cty Văn Hóa Nhân Văn,Nhiều Nhà Xuất Bản,,Bìa mềm,,2023-12-21,Nhà sách Fahasa,available,1000,True,True,True
279132732,Sách - Fashion Show - Công Chúa Tóc Mây,30000,32000,6,0.0,0,0,nhieu tac gia,Cty TNHH TM&DV VH GD Phía Nam,Nhà Xuất Bản Đồng Nai,,Bìa mềm,,2023-12-21,Nhà sách Fahasa,available,1000,True,True,True
279112368,Sách - Tô Màu Việt Nam - Em Yêu Tổ Quốc,74200,79000,6,0.0,0,0,nhieu tac gia,Công Ty Cổ Phần Time Books,Nhà Xuất Bản Phụ Nữ Việt Nam,,Bìa mềm,,2023-12-21,Nhà sách Fahasa,available,1000,True,True,True
278967191,Sách - My Little Pony - Bộ Sưu Tập Đề Can Lấp Lánh - Tập 2 (Tái Bản 2025),38200,45000,15,0.0,0,0,nhieu tac gia,Tân Việt,nxb my thuat,,Bìa mềm,,2023-12-21,Nhà sách Fahasa,available,1000,True,True,True
278716555,Sách - Tập Tô Chữ Mẫu Giáo 4-5 Tuổi,8800,10000,12,0.0,0,0,Hương Giang,Cty Văn Hóa Khang Việt,Nhà Xuất Bản Đồng Nai,,Bìa mềm,,2023-12-21,Nhà sách Fahasa,available,1000,True,True,True
278715319,Sách - Hay Vẽ Thì Vẽ Hay - Tập 1 - Biến Hóa Từ Hình Khối,23700,25000,5,0.0,0,0,Phan Thị,Cty Phan Thị,Nhà Xuất Bản Văn Học,,Bìa mềm,,2023-12-21,Nhà sách Fahasa,available,1000,True,True,True
278713138,Sách - Flashcard Dạy Trẻ Theo Phương Pháp Glenn Doman - Màu Sắc Và Hình Khối,51300,59000,13,0.0,0,0,The Candy,MCBOOKS,Nhà Xuất Bản Hồng Đức,,Bìa mềm,,2023-12-21,Nhà sách Fahasa,available,1000,True,True,True
278713088,Sách - Tô Màu Phát Triển IQ-EQ-CQ - Song Ngữ Anh-Việt - Ôtô-Tàu Thuyền-Máy Bay - Tập 1,20700,25000,17,0.0,0,0,nhieu tac gia,Cty Văn Hóa Việt Thư,Nhiều Nhà Xuất Bản,,Bìa mềm,,2023-12-21,Nhà sách Fahasa,available,1000,True,True,True
278712905,Sách - Litte Angel - Bé Tô Màu Thiên Thần Nhỏ - Trong Thế Giới Cổ Tích,16600,20000,17,0.0,0,0,nhieu tac gia,Cty Văn Hóa Việt Thư,Nhiều Nhà Xuất Bản,,Bìa mềm,,2023-12-21,Nhà sách Fahasa,available,1000,True,True,True
278712895,Sách - Em Tô Màu Capybara - Thư Giãn,24000,29000,17,0.0,0,0,Phan Minh Đạo,Cty Văn Hóa Việt Thư,Nhiều Nhà Xuất Bản,,Bìa mềm,,2023-12-21,Nhà sách Fahasa,available,1000,True,True,True
278712865,Sách - Nối Số Và Tô Màu - Phương Tiện Di Chuyển - Học Từ Vựng Số Đếm,24000,29000,17,0.0,0,0,Phan Minh Đạo,Cty Văn Hóa Việt Thư,Nhiều Nhà Xuất Bản,,Bìa mềm,,2023-12-21,Nhà sách Fahasa,available,1000,True,True,True
278712845,Sách - Tô Màu Princess - Công Chúa Kiêu Sa,26500,32000,17,0.0,0,0,nhieu tac gia,Cty Văn Hóa Việt Thư,Nhiều Nhà Xuất Bản,,Bìa mềm,,2023-12-21,Nhà sách Fahasa,available,1000,True,True,True
278617346,Sách - Khám Phá Thế Giới Xung Quanh - Tô Màu Phương Tiện Giao Thông,11800,12000,2,0.0,0,0,nhieu tac gia,Cty Giáo Dục Đức Trí,Nhà Xuất Bản Đại Học Quốc Gia Hà Nội,,Bìa mềm,,2023-12-21,Nhà sách Fahasa,available,1000,True,True,True
278617172,Sách - Khám Phá Thế Giới Xung Quanh - Tô Màu Các Loài Chim,11800,12000,2,0.0,0,0,nhieu tac gia,Cty Giáo Dục Đức Trí,Nhà Xuất Bản Đại Học Quốc Gia Hà Nội,,Bìa mềm,,2023-12-21,Nhà sách Fahasa,available,1000,True,True,True
278153677,Sách - Flash Card - Bộ Thẻ Vật Nuôi - Domestic Animals - Song Ngữ Việt-Anh,21800,23000,5,0.0,0,0,Huyền Linh,Cty Văn Hóa & Truyền Thông Trí Việt.,Nhà Xuất Bản Văn Học,,Bìa mềm,,2023-12-21,Nhà sách Fahasa,available,1000,True,True,True
278153220,Sách - Cutie Stickers - Nàng Tiên Cá - Sáng Tạo Cùng Đồ Vật Hàng Ngày,45600,48000,5,0.0,0,0,,Dn Tư Nhân Thương Mại Toàn Phúc,nxb thanh nien,,Bìa mềm,,2023-12-21,Nhà sách Fahasa,available,1000,True,True,True
278147907,Sách - Hình Dán Sống Động - Các Loài Khủng Long - Hơn 30 Hình Dán Đi Kèm Với 60 Loài Khủng Long,34000,40000,15,0.0,0,0,Susaeta,Tân Việt,nxb my thuat,,Bìa mềm,,2023-12-21,Nhà sách Fahasa,available,1000,True,True,True
275552642,Tập Tô Sáng Tạo Cùng Wolfoo 3,35280,49000,28,0.0,0,0,,1980 Books,Nhà Xuất Bản Dân Trí,,Bìa mềm,24.0,2024-05-01,1980 BOOKS HCM,available,1000,True,True,True
274872639,Tô Màu Rèn Luyện Iq Eq Cq - Super Heroes Siêu Anh Hùng - Tập 2 - Tặng Kèm Sticker,26500,32000,17,0.0,0,0,,Cty Văn Hóa Việt Thư,Nhà Xuất Bản Phụ Nữ Việt Nam,,,,,Nhà sách Fahasa,available,1000,True,True,True
274045016,Tô Màu Công Chúa Xinh Đẹp - Công Chúa Nhạc Pop (Tái Bản 2023),21200,25000,15,0.0,0,0,Trần Bồi Lương,Tân Việt,nxb my thuat,,,,,Nhà sách Fahasa,available,1000,True,True,True
270182479,Bé Tô Màu Angry Birds (Tập 1),7690,12000,36,0.0,0,2,,Công Ty CP Văn Hóa Nhân Văn,oem,,,,,Nhân Văn,available,1000,True,False,True
270107322,368 Bóc Dán Sticker - Hình Dán Trang Phục Công Chúa - Quyển 7 - Lãng Mạn,41600,52000,20,0.0,0,0,Minh Khuê,Cty Văn Hóa Nhân Văn,Nhà Xuất Bản Đồng Nai,,,,,Nhà sách Fahasa,available,1000,True,True,True
263179423,Bé Học-Bé Chơi - Tô Màu Vương Quốc Khủng Long 4,19800,20000,1,0.0,0,0,Award,NXB Trẻ,NXB Trẻ,,,,,Nhà sách Fahasa,available,1000,True,True,True
263100909,Tô Màu Chúng Mình Tập Làm Họa Sĩ - 3-6 Tuổi - Đồ Vật Hàng Ngày,27300,30000,9,0.0,0,0,Mã Đức,Dn Tư Nhân Thương Mại Toàn Phúc,Nhà Xuất Bản Phụ Nữ Việt Nam,,,,,Nhà sách Fahasa,available,1000,True,True,True
263100043,Bé Tô Màu Công Chúa - Tập 1,9600,12000,20,0.0,0,1,Trần Ngọc Bảo Hân,Cty Văn Hóa Nhân Văn,Nhà Xuất Bản Đồng Nai,,,,,Nhà sách Fahasa,available,1000,True,True,True
263078574,Bé Tập Viết Chữ Cái,15600,16000,3,5.0,1,2,Trần Diệu Linh,Công Ty CP Sách Và Thiết Bị Giáo Dục Trần Gia,Nhà Xuất Bản Đại Học Quốc Gia Hà Nội,,,,,Nhà sách Fahasa,available,1000,True,True,True
262451683,Tô Màu Phương Tiện Giao Thông - Tập 2,21200,25000,15,0.0,0,4,Nhiều tác giả,Tân Việt,nxb my thuat,,,,,Nhà sách Fahasa,available,1000,True,True,True
206145409,Bé Tô Màu Siêu Nhân - Tập 2,9600,12000,20,0.0,0,1,Trần Ngọc Bảo Hân,Cty Văn Hóa Nhân Văn,Nhà Xuất Bản Đồng Nai,,,,,Nhà sách Fahasa,available,1000,True,True,True
197897264,Tô Màu Phát Triển Não Bộ Cho Bé 1-5 Tuổi - Tập 9,15800,16000,1,0.0,0,0,Phạm Ngọc Điệp,Nhã Nam,NXB Dân Trí,,,,,Nhà sách Fahasa,available,1000,True,True,True
146272589,Bộ Sách Bé Tập Tô - Cùng Bé Bước Vào Lớp 1 (Bộ 6 Cuốn),68400,72000,5,0.0,0,2,.,Tân Việt,Nhà Xuất Bản Mỹ Thuật,,,,,Nhà sách Fahasa,available,1000,True,True,True
146226359,Tô Màu Công Chúa - Nàng Công Chúa Và Hạt Đậu (Tái Bản 2021),18800,19000,1,0.0,0,2,.,dong a,NXB Dân Trí,,,,,Nhà sách Fahasa,available,1000,True,True,True
87632476,Bé Tô Màu Trò Chơi Dân Gian - Tập 2,8000,10000,20,0.0,0,1,"Quang Toàn, Quang Toản",Cty Văn Hóa Nhân Văn,Nhà Xuất Bản Đồng Nai,,,,,Nhà sách Fahasa,available,1000,True,True,True
79449981,Tô Màu Công Chúa - Công Chúa Phong Cách - Tập 1,15300,15500,1,5.0,1,17,Lưu Ngọc,Cty Văn Hóa & Truyền Thông Trí Việt.,Nhà Xuất Bản Văn Học,,,,,Nhà sách Fahasa,available,1000,True,True,True
59597445,Sách Bé Tô Màu - Bạn Nhỏ Đáng Yêu,24100,26000,7,5.0,1,3,Minh Thùy,Liên Việt,Nhà Xuất Bản Phụ Nữ Việt Nam,,Bìa mềm,40.0,2020-08-01,Nhà sách Fahasa,available,1000,True,True,True
51030646,Combo Tay Xinh Vẽ Hình Lung Linh: Chấm Màu Kỳ Diệu + Vẽ Mọi Thứ Em Yêu (Bộ 2 Cuốn),61200,68000,10,0.0,0,2,Rocio Bonilla,Cty Mĩ Thuật & Truyền Thông (ADC),Nhà Xuất Bản Giáo Dục Việt Nam,,,,,Nhà sách Fahasa,available,1000,True,True,True
45358890,Sách Ghép Hình - Nàng Tiên Cá,18700,22000,15,5.0,1,3,Andersen,Tân Việt,Nhà Xuất Bản Mỹ Thuật,,Bìa cứng,,2019-12-01,Nhà sách Fahasa,available,1000,True,False,True
2174051,Sách Bé Tập Tô Màu Công Chúa (Tập 6),9900,10000,1,0.0,0,5,Hương Giang,Khang Việt Book,,,Bìa mềm,16.0,,Nhà sách Fahasa,available,1000,True,True,True
2174047,Sách Bé Tập Tô Màu Công Chúa (Tập 4),9900,10000,1,3.0,1,6,Hương Giang,Khang Việt Book,,,Bìa mềm,16.0,,Nhà sách Fahasa,available,1000,True,True,True
278966712,Sách - Tô Màu Công Chúa Kiêu Sa,15800,16000,1,0.0,0,0,nhieu tac gia,Cty Văn Hóa & Truyền Thông Trí Việt.,Nhà Xuất Bản Văn Học,,Bìa mềm,,2023-12-21,Nhà sách Fahasa,available,1000,True,True,True
278716511,Sách - Quà Cho Bé - Bé Tập Tô Màu - Các Loài Chim,14200,15000,5,0.0,0,0,nhieu tac gia,Fahasa,Nhà Xuất Bản Phụ Nữ Việt Nam,,Bìa mềm,,2023-12-21,Nhà sách Fahasa,available,1000,True,True,True
278616840,Sách - Tô Màu Vũ Trụ Brainrot - Tung Tung Tung Sahur Và Những Người Bạn Brainrot Kỳ Lạ,26500,32000,17,0.0,0,1,Phan Minh Đạo,Cty Văn Hóa Việt Thư,Nhà Xuất Bản Phụ Nữ Việt Nam,,Bìa mềm,,2023-12-21,Nhà sách Fahasa,available,1000,True,True,True
278507881,Tô Màu Công Chúa -Tiên Nữ Các Loài Hoa (TV),34000,40000,15,0.0,0,0,Aladdin Book,Nhà sách Tân Việt,Nhà Xuất Bản Mỹ Thuật,,Bìa mềm,216.0,,Văn Lang Official Store,available,1000,True,True,True
278507581,Bé Tô Màu & Làm Quen Với Môi Trường - Đồ Dùng Của Bé (TV),10200,12000,15,0.0,0,0,Nhật Linh,Nhà sách Tân Việt,Nhà Xuất Bản Mỹ Thuật,,Bìa mềm,214.0,,Văn Lang Official Store,available,1000,True,True,True
278147905,Sách - Bé Tô Màu Natra - Sức Mạnh Của Tớ,24000,29000,17,0.0,0,0,Phan Minh Đạo,Cty Văn Hóa Việt Thư,Nhà Xuất Bản Phụ Nữ Việt Nam,,Bìa mềm,,2023-12-21,Nhà sách Fahasa,available,1000,True,True,True
274713763,Bé Tô Màu Khám Phá - Châu Phi Hoang Dã,32000,32000,0,0.0,0,0,,NXB Phụ Nữ,Nhà Xuất Bản Phụ Nữ,,Bìa mềm,16.0,,Nhà Sách Phương Nam,available,1000,True,True,True
274195847,Tủ Sách Bé Vào Lớp Một - Luyện Viết Chữ Cái Q.1,26400,27000,2,0.0,0,0,Khánh Huyền,Cty Văn Hóa & Truyền Thông Trí Việt.,Nhà Xuất Bản Văn Học,,,,,Nhà sách Fahasa,available,1000,True,True,True
274045024,Tô Màu Công Chúa Xinh Đẹp - Công Chúa Thời Trang (Tái Bản 2023),21200,25000,15,0.0,0,0,Trần Bồi Lương,Tân Việt,nxb my thuat,,,,,Nhà sách Fahasa,available,1000,True,True,True
273304799,Bé Làm Họa Sĩ - Những Nét Vẽ Đầu Tiên - 3~4 Tuổi - Tập A,36100,38000,5,0.0,0,1,nhieu tac gia,dong a,NXB Dân Trí,,,,,Nhà sách Fahasa,available,1000,True,True,True
270717674,Chuẩn Bị Cho Bé Tới Trường - Chữ Cái,150000,150000,0,0.0,0,0,Ngọc Phương,NXB Phụ Nữ,Nhà Xuất Bản Phụ Nữ,,Bìa cứng,24.0,,Nhà Sách Phương Nam,available,1000,True,True,True
270704235,Cùng Khủng Long Tập Viết Chữ Cơ Bản - Quyển 6: Chữ Cái Tiếng Việt Viết Hoa (Sticker bé gái),29000,29000,0,0.0,0,1,Runkids,NXB Thanh Niên,Nhà Xuất Bản Thanh Niên,,Bìa mềm,32.0,,Nhà Sách Phương Nam,available,1000,True,True,True
263677397,Tô Màu Công Chúa - Công Chúa Thanh Lịch - Tập 2 (Tái Bản 2023),16300,16500,1,0.0,0,1,Dolphin Junior Hall,Cty Văn Hóa & Truyền Thông Trí Việt.,NXB Dân Trí,,,,,Nhà sách Fahasa,available,1000,True,True,True
262890905,TÔ MÀU HOÀNG TỬ ẾCH - THẾ GIỚI ROBOT,15300,17000,10,0.0,0,0,,Huy Hoàng Bookstore,Nhà Xuất Bản Mỹ Thuật,,Bìa mềm,24.0,,Văn Lang Official Store,available,1000,True,True,True
248723247,Sách Khéo Tay Tô Màu: Lớn Lên! Lớn Lên!,25000,25000,0,0.0,0,0,Nhiều tác giả,NXB Kim Đồng,Nhà Xuất Bản Kim Đồng,,Bìa mềm,16.0,2023-03-23,Bamboo Books,available,1000,True,True,True
247938877,Bé Tự Tin Vào Lớp 1 - Bé Tô Chữ Và Ghép Vần,11800,12000,2,0.0,0,0,Vân Hương,Tân Việt,nxb my thuat,,,,,Nhà sách Fahasa,available,1000,True,True,True
217896698,Tớ Tự Tô: Người Bạn Đáng Yêu,12000,12000,0,0.0,0,0,Nguyễn Thanh Nga,Nhà Xuất Bản Kim Đồng,Nhà Xuất Bản Kim Đồng,,,,,Nhà sách Fahasa,available,1000,True,True,True
215733033,Bộ Sách Tô Màu Thông Minh Đầu Tiên Của Bé - Phép So Sánh Thú Vị (2-3 tuổi),35000,35000,0,0.0,0,0,Aladdin Book,NXB Mỹ Thuật,Nhà Xuất Bản Mỹ Thuật,,Bìa mềm,24.0,,Nhà Sách Phương Nam,available,1000,True,True,True
212323425,First Sticker Book - Sách Dán Hình Đầu Đời Cho Bé - Ô Tô,75000,75000,0,0.0,0,0,nhieu tac gia,NXB Thanh Niên,Nhà Xuất Bản Thanh Niên,,Bìa mềm,16.0,,Nhà Sách Phương Nam,available,1000,True,True,True
206474398,Ong Vàng Học Toán Dành Cho Trẻ 4-6 Tuổi (Tập 3),89000,89000,0,0.0,0,1,nhieu tac gia,Nhà Xuất Bản Hồng Đức,Nhà Xuất Bản Hồng Đức,,Bìa mềm,84.0,,Nhà Sách Phương Nam,available,1000,True,True,True
206376441,Phiếu Luyện Viết Cùng Gấu Kiki 3 - Luyện Viết Bảng Chữ Cái Và Chữ Ghép,29000,29000,0,0.0,0,2,Trần Thị Hường,Nhà Xuất Bản Thanh Niên,Nhà Xuất Bản Thanh Niên,,Bìa mềm,32.0,,Nhà Sách Phương Nam,available,1000,True,True,True
205809583,Cuốn Sách Bóc Dán Đầu Tiên Của Tớ - Xe Tải Và Máy Xúc Đào,48000,48000,0,0.0,0,0,Imagine That,Nhà Xuất Bản Thanh Niên,Nhà Xuất Bản Thanh Niên,,Bìa mềm,16.0,,Nhà Sách Phương Nam,available,1000,True,True,True
205694730,Dán Hình Sáng Tạo Thế Giới Khủng Long - Những Quán Quân Trong Thế Giới Khủng Long,42000,42000,0,0.0,0,0,Phan Anh Lệ,Nhà Xuất Bản Thanh Niên,Nhà Xuất Bản Thanh Niên,,Bìa mềm,16.0,,Nhà Sách Phương Nam,available,1000,True,True,True
205574079,Dán Hình Sáng Tạo Thế Giới Khủng Long - Khủng Long Và Những Điều Kỳ Thú,42000,42000,0,0.0,0,0,Phan Anh Lệ,Nhà Xuất Bản Thanh Niên,Nhà Xuất Bản Thanh Niên,,Bìa mềm,16.0,,Bamboo Books,available,1000,True,True,True
199969196,Tư Duy Toán Học - Bé Chinh Phục Toán Học,78000,100000,22,0.0,0,2,Vân Hương,Công Ty TNHH Sách và Thiết Bị Giáo Dục ID,Nhà Xuất Bản Đại Học Quốc Gia Hà Nội,,,,,Nhà sách Fahasa,available,1000,True,True,True
197627881,DÁN HÌNH SIÊU ĐÁNG YÊU - KHU CHỢ_DTI,52000,52000,0,0.0,0,0,,Sách điện tử Đinh Tị,Nhà Xuất Bản Thanh Niên,,Bìa mềm,,,Bamboo Books,available,1000,True,True,True
195624188,Truyện Vẽ Các Nàng Công Chúa: Nàng Bạch Tuyết Và Bảy Chú Lùn,12500,20000,38,0.0,0,12,Bùi Mạnh Chiến,Minh Long,Nhà Xuất Bản Mỹ Thuật,,Bìa mềm,24.0,2022-08-08,Tiki Trading,available,1000,True,True,True
142419134,50 Cách Vẽ Trang Phục Cho... Những Chú Chó Đáng Yêu,48000,48000,0,0.0,0,0,,Nhà Xuất Bản Hà Nội,Nhà Xuất Bản Hà Nội,,Bìa mềm,48.0,,Bamboo Books,available,1000,True,True,True
137504620,Sách Sách Ghép Hình Phát Triển IQ - Chuyện Dưới Đại Dương,81700,82600,1,0.0,0,0,Noopur Thakur,Nhà Xuất Bản Mỹ Thuật,Nhà Xuất Bản Mỹ Thuật,,Bìa cứng,11.0,,Minhhabooks,available,1000,True,True,True
119698504,Bé Chuẩn Bị Vào Lớp 1 - Bé Tô Chữ Mẫu Giáo Nhỡ,13700,14000,2,0.0,0,0,Minh Tâm,Cty Văn Hóa Bảo Long,Nhà Xuất Bản Hải Phòng,,,,,Nhà sách Fahasa,available,1000,True,True,True
96616526,Tô màu công chúa siêu dễ thương - bộ 6 cuốn,55000,75000,27,5.0,7,37,,Công ty CP in Thương Mại Nam Hải,Nhà Xuất Bản Hà Nội,,,,,Bùi Thị Anh,available,1000,True,True,True
77328448,Tô Màu Biển Đảo Tổ Quốc Em 2 - Bình Yên Trên Đảo,14800,15000,1,0.0,0,1,Nhiều tác giả,Cty Phan Thị,Nhà Xuất Bản Đại Học Sư Phạm TPHCM,,,,,Nhà sách Fahasa,available,1000,True,True,True
55062811,Combo (Bộ 4 Cuốn) Cô Bé Bánh Dâu: Bộ Sưu Tập 1000 Hình Đề Can Lấp Lánh,110000,160000,31,4.8,5,48,Children Fun,Tân Việt,Nhà Xuất Bản Mỹ Thuật,,Bìa mềm,,2020-01-01,Tiki Trading,available,1000,False,True,True
39523309,Sách Bé Tô Màu Công Chúa – Công Chúa Hạnh Phúc,13500,15000,10,0.0,0,5,Hải Nam,Minh Long,Nhà Xuất Bản Mỹ Thuật,,Bìa mềm,16.0,2019-11-01,Nhà sách Fahasa,available,1000,True,True,True
37793654,Tô Màu Thật Là Dễ - Tập 3,26400,27000,2,0.0,0,4,Minh Huyền,NXB Hồng Đức,,,,,,Nhà sách Fahasa,available,1000,True,False,True
20337445,Sách Tô Màu Theo Số Dưới Đại Dương,74800,88000,15,5.0,2,6,Lizzy Doyle,Tân Việt,,,Bìa mềm,96.0,2019-05-01,Nhà sách Fahasa,available,1000,True,True,True
440006,Sách Tập Tô Màu Và Nhận Biết Thế Giới Xung Quanh - Các Loại Quả,10800,12000,10,5.0,1,7,Khánh Hòa,Minh Long,,,Bìa mềm,23.0,2015-06-01,Nhà sách Fahasa,available,1000,True,True,True
439286,Sách Dán Vui Tô Khéo - Tập 2,19800,20000,1,4.5,5,34,Phan Thị,Phan Thị,,,,,2014-04-24,Nhà sách Fahasa,available,1000,True,True,True
423872,Sách Một Đàn Cò Trắng Phau Phau,38900,41000,5,5.0,1,4,.,Nhã Nam,,,Bìa mềm,47.0,2015-01-28,Nhà sách Fahasa,available,1000,True,True,True
374975,Sách Tô Màu Mẫu Giáo (Túi 8 Cuốn),72000,80000,10,5.0,6,34,Trung Kiên,Minh Long,nxb my thuat,,Bìa mềm,128.0,2012-08-15,Minh Long Book,available,1000,True,True,True
279192723,Sách - Tô Màu Xứ Sở Diệu Kỳ - Chibi Ngọt Ngào,28900,34000,15,0.0,0,0,Huyền Linh,Cty Văn Hóa & Truyền Thông Trí Việt.,Nhà Xuất Bản Văn Học,,Bìa mềm,,2023-12-21,Nhà sách Fahasa,available,1000,True,True,True
278871026,Sách - Hành Trang Cho Bé Vào Lớp 1 - Tập Tô-Tập Viết Nét Cơ Bản,13000,13000,0,0.0,0,2,Huyền Linh,Cty Văn Hóa & Truyền Thông Trí Việt.,Nhà Xuất Bản Văn Học,,Bìa mềm,,2023-12-21,Nhà sách Fahasa,available,1000,True,True,True
278714982,Sách - Bé Tập Làm Họa Sĩ - Tập Vẽ Động Vật,34000,40000,15,0.0,0,1,nhieu tac gia,Minh Long,nxb my thuat,,Bìa mềm,,2023-12-21,Nhà sách Fahasa,available,1000,True,True,True
278714612,Sách - Sách Trang Điểm Công Chúa Hàn Quốc - Hana,40500,45000,10,0.0,0,0,nhieu tac gia,Megabook,nxb thanh nien,,Bìa mềm,,2023-12-21,Nhà sách Fahasa,available,1000,True,True,True
278697116,Sách - Sách Bóc Dán - Thời Trang Anime - Công Chúa Gấu Bông,45600,48000,5,0.0,0,0,nhieu tac gia,Megabook,Nhà Xuất Bản Phụ Nữ Việt Nam,,Bìa mềm,,2023-12-21,Nhà sách Fahasa,available,1000,True,True,True
278241388,Sách Tớ Tự Tô:,11400,12000,5,0.0,0,9,Nguyễn Thanh Nga,NXB Kim Đồng,Nhà Xuất Bản Kim Đồng,,Bìa mềm,12.0,,Tiki Trading,available,1000,False,True,True
274064134,Sticker Fashion - Dán Hình Thời Trang - Tập 2,38200,45000,15,0.0,0,1,Phan Minh Đạo,Nhà sách Minh Thắng,NXB Dân Trí,,,,,Nhà sách Fahasa,available,1000,True,True,True
269899186,Bé Chuẩn Bị Vào Lớp 1 - Bé Với 1 2 3,9775,11500,15,0.0,0,0,Minh Đức,Cty TNHH Văn hóa Minh Lâm,Nhà Xuất Bản Hồng Đức,,Bìa mềm,23.0,,Văn Lang Official Store,available,1000,True,True,True
257869208,Dán Hình Siêu Đáng Yêu - Các Em Bé Động Vật,52000,52000,0,0.0,0,0,,Đinh Tị,Nhà Xuất Bản Thanh Niên,,,18.0,,Bamboo Books,available,1000,True,True,True
257867910,Bóc Dán Thông Minh - Mùa Hè,48000,48000,0,0.0,0,0,,Đinh Tị,Nhà Xuất Bản Thanh Niên,,,16.0,,Bamboo Books,available,1000,True,True,True
253444116,Tô Màu Thú Vị - Xuất Sắc (Dành Cho Trẻ Từ 3 Tuổi),16100,19000,15,0.0,0,2,Nhiều tác giả,Tân Việt,nxb my thuat,,,,,Nhà sách Fahasa,available,1000,True,True,True
253089375,"Bé Tập Tô Màu - Song Ngữ Anh-Việt - Rau, Củ, Quả",10200,12000,15,0.0,0,0,Đức Thành,Nhà sách Minh Thắng,NXB Dân Trí,,,,,Nhà sách Fahasa,available,1000,True,True,True
248723254,Sách Khéo Tay Tô Màu: Những Bữa Tiệc Vui Vẻ,25000,25000,0,0.0,0,0,Nhiều tác giả,NXB Kim Đồng,Nhà Xuất Bản Kim Đồng,,Bìa mềm,16.0,2023-03-23,Bamboo Books,available,1000,True,True,True
230138334,Con Tô Màu - Thám Hiểm Rừng Nhiệt Đới,28800,32000,10,0.0,0,1,Little Rainbow,Megabook,nxb my thuat,,,,,Nhà sách Fahasa,available,1000,True,True,True
219134821,Sách Dán hình trang phục công chúa 4 - Công chúa sành điệu 65N,51600,65000,21,0.0,0,4,Nhiều tác giả,Đinh Tị,Nhà Xuất Bản Thanh Niên,,Bìa mềm,32.0,2023-01-01,Tiki Trading,available,1000,True,True,True
216724605,Tô Màu Phương Tiện Giao Thông - Song Ngữ Anh Việt - Tập 4 (Dành Cho Bé Từ 2-6 Tuổi),11900,14000,15,0.0,0,0,Phan Minh Đạo,Nhà sách Minh Thắng,NXB Dân Trí,,,,,Nhà sách Fahasa,available,1000,True,True,True
216360789,Combo Tô màu diệu kỳ (3 Cuốn),75000,96000,22,5.0,1,18,Little Rainbow,Megabook,Nhà Xuất Bản Thanh Niên,,Bìa mềm,72.0,2022-12-01,Tiki Trading,available,1000,False,True,True
213936087,Hình Dán Thông Minh - Thế Giới Động Vật Vui Nhộn 2,49000,49000,0,0.0,0,0,,Đinh Tị,oem,,Bìa mềm,,,Bamboo Books,available,1000,True,False,True
212484641,Bé Tập Tô Màu - Từ Cơ Bản Đến Nâng Cao - Cuộc Sống Quanh Em 2,28000,28000,0,0.0,0,0,Gia Lương Media,Đinh Tị,Nhà Xuất Bản Hà Nội,,,,,Nhà Sách Vĩnh Thụy,available,1000,True,True,True
206376437,Phiếu Luyện Viết Cùng Gấu Kiki 1 - Luyện Viết Các Nét Cơ Bản,29000,29000,0,0.0,0,2,Trần Thị Hường,Nhà Xuất Bản Thanh Niên,Nhà Xuất Bản Thanh Niên,,Bìa mềm,32.0,,Nhà Sách Phương Nam,available,1000,True,True,True
205807419,Sách Bóc Dán Dành Cho Bé Gái - Những Sinh Vật Diệu Kỳ,55000,55000,0,0.0,0,0,nhieu tac gia,Nhà Xuất Bản Hà Nội,Nhà Xuất Bản Hà Nội,,Bìa mềm,16.0,,Nhà Sách Phương Nam,available,1000,True,True,True
205574083,Dán Hình Sáng Tạo Thế Giới Khủng Long - Khủng Long Ăn Thịt,42000,42000,0,0.0,0,0,Phan Anh Lệ,Nhà Xuất Bản Thanh Niên,Nhà Xuất Bản Thanh Niên,,Bìa mềm,16.0,,Bamboo Books,available,1000,True,True,True
205506337,Luyện Tay Cầm Bút - Tập Tô Chữ Thường,13800,14000,1,0.0,0,2,Chính Bình,Cty TNHH TM&DV VH GD Phía Nam,Nhà Xuất Bản Đồng Nai,,,,,Nhà sách Fahasa,available,1000,True,True,True
205506334,Luyện Tay Cầm Bút - Tập Tô Chữ (Dành Cho Mẫu Giáo),13800,14000,1,0.0,0,2,Chính Bình,Cty TNHH TM&DV VH GD Phía Nam,Nhà Xuất Bản Đồng Nai,,,,,Nhà sách Fahasa,available,1000,True,True,True
202243076,"Hình Dán Thú Vị, Rèn Luyện Tư Duy 3_DTI",55000,55000,0,0.0,0,0,,Đinh Tị,Nhà Xuất Bản Thanh Niên,,Bìa mềm,28.0,,Bamboo Books,available,1000,True,True,True
192950315,Tủ Sách Sáng Tạo - Tô Màu Ngộ Nghĩnh - Các Mùa Trong Năm,19000,19000,0,0.0,0,2,Carotte et Compagnie,Đinh Tị,nxb thanh nien,,,,,Nhà sách Fahasa,available,1000,True,True,True
192949344,Hình Dán Ngộ Nghĩnh - Phát Triển Khả Năng Quan Sát - Động Vật Hoang Dã,52200,55000,5,5.0,1,2,Nhiều tác giả,Đinh Tị,nxb thanh nien,,,,,Nhà sách Fahasa,available,1000,True,True,True
192949336,Hình Dán Ngộ Nghĩnh - Phát Triển Khả Năng Quan Sát - Khủng Long,52200,55000,5,0.0,0,0,Nhiều tác giả,Đinh Tị,nxb thanh nien,,,,,Nhà sách Fahasa,available,1000,True,True,True
177274817,Con Tô Màu - Thám Hiểm Rừng Xanh,25200,28000,10,0.0,0,0,Little Rainbow,Megabook,Nhà Xuất Bản Thanh Niên,,,,,Nhà sách Fahasa,available,1000,True,True,True
165627312,Tô Màu Khủng Long 1 (Tái Bản 2021),13800,14000,1,0.0,0,3,Huyền Linh,Cty Văn Hóa & Truyền Thông Trí Việt.,Nhà Xuất Bản Hồng Đức,,,,,Nhà sách Fahasa,available,1000,True,True,True
136482132,Sách Bóc Dán Thông Minh - Mùa Hè,48000,48000,0,0.0,0,2,.,Phương Nam Book,Nhà Xuất Bản Thanh Niên,,Bìa mềm,24.0,,Nhà Sách Phương Nam,available,1000,True,True,True
77328503,Tô Màu Công Chúa Diễm Lệ - Tập 3,11000,13000,15,0.0,0,0,Dương Hợp Kỳ,Nhà sách Minh Thắng,Nhà Xuất Bản Dân Trí,,,,,Nhà sách Fahasa,available,1000,True,True,True
58903227,300 Miếng Bóc Dán Thông Minh - Phát Triển Tư Duy,29100,30000,3,4.3,4,56,Ưu Ưu Thử,Đinh Tị,Nhà Xuất Bản Thanh Niên,,,,,Nhà sách Fahasa,available,1000,True,True,True
48592464,Sách Dán Hình Ô Tô Thú Vị - Những Tay Đua Cực Oách,45000,45000,0,0.0,0,0,Đổng Nhã,Đinh Tị,Nhà Xuất Bản Thanh Niên,,Bìa mềm,,2020-02-02,Bamboo Books,available,1000,True,True,True
31515234,Tủ Sách Cho Bé Vào Lớp 1 - Bé Tập Viết Dành Cho Học Sinh Mẫu Giáo Lớn (Tập 1),12300,15000,18,5.0,44,782,"Lê Thu Ngọc, Lê Tuệ Minh",Minh Long,,,,,,Nhà sách Fahasa,available,1000,True,True,True
16422596,Sách Tô Màu Công Chúa - Tập 2,11200,12500,10,5.0,1,8,.,Đinh Tị,,,Bìa mềm,,2019-05-01,Nhà sách Fahasa,available,1000,True,True,True
14303648,Sách Tô Màu Rèn Luyện Trí Thông Minh (Tập 4),33000,45000,27,0.0,0,13,Education Lab,VanLangBooks,,,Bìa mềm,32.0,2019-04-09,Tiki Trading,available,1000,True,True,True
764033,Sách Bé Tô Màu (2-6+) - Những Con Côn Trùng Bé Nhỏ - Tập 2,11200,12500,10,0.0,0,2,"Ngọc Linh, Tuấn Tú",Đinh Tị,,,Bìa mềm,16.0,2017-08-17,Nhà sách Fahasa,available,1000,True,True,True
428401,Sách Tô Màu Trang Phục Công Chúa (Tập 6),11200,12500,10,5.0,1,9,Uông Man Linh,Đinh Tị,,,Bìa mềm,16.0,2014-12-21,Nhà sách Fahasa,available,1000,True,True,True
428257,Sách Tô Màu Công Chúa (Tập 8) - Tặng Kèm Miếng Dán Trang Sức,15000,15000,0,5.0,2,5,,Đinh Tị,,,Bìa mềm,16.0,2015-03-20,Nhà sách Fahasa,available,1000,True,True,True
279305897,Sách - Bộ Sách Dán Hình - Sticker Công Chúa - Công Chúa Dịu Dàng,65500,78000,16,0.0,0,0,nhieu tac gia,Cty Văn Hóa Văn Lang,hong duc,,Bìa mềm,,2023-12-21,Nhà sách Fahasa,available,1000,True,True,True
279301305,Sách - Giúp Bé Tự Tin Vào Lớp 1 - Cùng Bé Học Toán (Tái Bản 2026),20000,25000,20,0.0,0,0,Vân Hương,Công Ty TNHH Sách và Thiết Bị Giáo Dục ID,Nhà Xuất Bản Đại Học Quốc Gia Hà Nội,,Bìa mềm,,2023-12-21,Nhà sách Fahasa,available,1000,True,True,True
279290902,Sách - Hành Trang Vào Lớp 1 - Mai Em Tới Trường - Bé Làm Quen Với Số Và Làm Toán,17000,20000,15,0.0,0,0,nhieu tac gia,Fahasa,Nhà Xuất Bản Phụ Nữ,,Bìa mềm,,2023-12-21,Nhà sách Fahasa,available,1000,True,True,True
279290884,Sách - Hành Trang Vào Lớp 1 - Mai Em Tới Trường - Bé Tập Tô Chữ Đẹp,17000,20000,15,0.0,0,0,nhieu tac gia,Fahasa,Nhà Xuất Bản Phụ Nữ,,Bìa mềm,,2023-12-21,Nhà sách Fahasa,available,1000,True,True,True
279290867,Sách - Mai Em Vào Lớp 1 - Dành Cho Bé Từ 4-5 Tuổi - Bé Tập Tô Chữ Cái - Quyển 2,17000,20000,15,0.0,0,0,nhieu tac gia,Fahasa,Nhà Xuất Bản Phụ Nữ,,Bìa mềm,,2023-12-21,Nhà sách Fahasa,available,1000,True,True,True
279290847,Sách - Mai Em Vào Lớp 1 - Dành Cho Bé Từ 4-5 Tuổi - Bé Tập Tô Chữ Cái - Quyển 1,17000,20000,15,0.0,0,0,nhieu tac gia,Fahasa,Nhà Xuất Bản Phụ Nữ,,Bìa mềm,,2023-12-21,Nhà sách Fahasa,available,1000,True,True,True
279246694,"Sách - Sách Tủ Sách Vui Để Học - Càng Tô Càng Vui, Cắt Dán Dành Cho Bé Mới Bắt Đầu, Tô Vẽ Thật Vui,Xé Dán Thật Vui!,...",63200,68000,7,0.0,0,0,nhieu tac gia,CÔNG TY TNHH EDUCATION SOLUTIONS VIỆT NAM,Nhà Xuất Bản Phụ Nữ,,Bìa mềm,,2023-12-21,Nhà sách Fahasa,available,1000,True,True,True
278865986,Sách - Tô Màu Thông Minh - Rau-Củ-Quả,23000,25000,8,0.0,0,0,nhieu tac gia,SBOOKS,Nhiều Nhà Xuất Bản,,Bìa mềm,,2023-12-21,Nhà sách Fahasa,available,1000,True,True,True
278802500,Sách - Bé Tô Màu Sáng Tạo - Động Vật Nuôi,26600,29000,8,0.0,0,1,Huyền Linh,Cty Văn Hóa & Truyền Thông Trí Việt.,Nhiều Nhà Xuất Bản,,Bìa mềm,,2023-12-21,Nhà sách Fahasa,available,1000,True,True,True
278712785,Sách - Tập Tô Mẫu Giáo - Nét Cơ Bản 1 (Dành Cho 3-4 Tuổi),12000,12000,0,0.0,0,2,nhieu tac gia,Cty Giáo Dục Đức Trí,Nhiều Nhà Xuất Bản,,Bìa mềm,,2023-12-21,Nhà sách Fahasa,available,1000,True,True,True
278198294,Combo 3 sách tô màu Vương quốc của Loopy + Kuromi khám phá thế giới + Những ngày vui vẻ của Capybara,136000,136000,0,0.0,0,0,nhieu tac gia,Công Ty Cổ Phần Time Books,Nhà Xuất Bản Hà Nội,,Bìa mềm,64.0,,Tiệm Sách Thật,available,1000,True,True,True
278153418,Sách - Sách Tô Màu - Bé Tập Làm Họa Sĩ - Bé Tập Vẽ Phương Tiện Giao Thông,31500,38000,17,0.0,0,2,Phan Minh Đạo,Cty Văn Hóa Việt Thư,Nhà Xuất Bản Phụ Nữ Việt Nam,,Bìa mềm,,2023-12-21,Nhà sách Fahasa,available,1000,True,True,True
278137703,Tô màu: Hoàng Tử Bé và Capybara (Cuốn lẻ và Combo),22500,25000,10,0.0,0,0,Đông A,Công Ty Cổ Phần Văn Hóa Đông A,Nhà Xuất Bản Dân Trí,,Bìa mềm,20.0,,Đông A Books Official,available,1000,True,True,True
278116055,Sách - Bé Tô Màu - Combo 15 Cuốn Song Ngữ Việt - Anh Cho Bé 1-6 Tuổi,140000,140000,0,0.0,0,0,,Công ty TNHH Tiên Phong Books,Nhà Xuất Bản Dân Trí,,Bìa mềm,,,Tiên Phong Books Việt Nam,available,1000,True,True,True
276555888,Bé Yêu Tô Màu - Đội Chó Cứu Hộ ,7690,12000,36,0.0,0,6,Trần Ngọc Bảo Hân,Công Ty CP Văn Hóa Nhân Văn,Nhà Xuất Bản Đồng Nai,,Bìa mềm,16.0,,Nhân Văn,available,1000,True,True,True
274713765,Bé Tô Màu Khám Phá - Rừng Xanh Hùng Vĩ,32000,32000,0,0.0,0,0,,NXB Phụ Nữ,Nhà Xuất Bản Phụ Nữ,,Bìa mềm,16.0,,Nhà Sách Phương Nam,available,1000,True,True,True
273372189,Sticker Bóc Dán Hình Thông Minh - Các Hãng Xe Hơi Trên Thế Giới 2,58000,58000,0,0.0,0,0,,NXB Phụ Nữ,Nhà Xuất Bản Phụ Nữ,,Bìa mềm,20.0,,Nhà Sách Phương Nam,available,1000,True,True,True
272305769,Hành Trang Vào Lớp 1 - Làm Quen Với Toán - Tập 2 (Tái Bản 2023),25200,26000,3,0.0,0,2,"Hiếu Minh,  Tịnh Lâm",Nhà Xuất Bản Kim Đồng,Nhà Xuất Bản Kim Đồng,,,,,Nhà sách Fahasa,available,1000,True,True,True
270744224,Sách Trang Điểm - Công Chúa Hàn Quốc Mina,45000,45000,0,0.0,0,0,Little Rainbow,NXB Thanh Niên,Nhà Xuất Bản Thanh Niên,,Bìa mềm,24.0,,Nhà Sách Phương Nam,available,1000,True,True,True
270712134,Tô Màu Nhận Biết Chữ Cái - Động Vật,16000,16000,0,0.0,0,0,nhieu tac gia,NXB Thanh Niên,Nhà Xuất Bản Thanh Niên,,Bìa mềm,16.0,,Bamboo Books,available,1000,True,True,True
270711590,Dán Hình Thiết Kế Thời Trang Công Chúa - Tập 1,65000,65000,0,0.0,0,0,nhieu tac gia,NXB Hà Nội,Nhà Xuất Bản Hà Nội,,Bìa mềm,24.0,,Nhà Sách Phương Nam,available,1000,True,True,True
263104717,Bé Tô Màu Sáng Tạo - Nối Số Tô Màu 2,31300,32000,2,0.0,0,3,"Minh Thùy,  Đinh Huỳnh",Cty Văn Hóa & Truyền Thông Liên Việt,Nhà Xuất Bản Phụ Nữ Việt Nam,,,,,Nhà sách Fahasa,available,1000,True,True,True
262890870,TÔ MÀU HOÀNG TỬ ẾCH - ĐỒ DÙNG SINH HOẠT,15300,17000,10,0.0,0,0,,Huy Hoàng Bookstore,Nhà Xuất Bản Mỹ Thuật,,Bìa mềm,24.0,,Văn Lang Official Store,available,1000,True,True,True
253444096,Tô Màu Thú Vị - Rực Rỡ (Dành Cho Trẻ Từ 3 Tuổi),16100,19000,15,0.0,0,2,Nhiều tác giả,Tân Việt,nxb my thuat,,,,,Nhà sách Fahasa,available,1000,True,True,True
250230845,Bộ Sách Bé Tập Tô Phát Triển Tư Duy - Tập Tô-Tập Viết (Bộ 8 Cuốn),120000,160000,25,0.0,0,4,Khanh Vu,Công ty Cổ Phần sách và Thiết bị Giáo dục Muki Việt Nam,Nhà Xuất Bản Lao Động,,,,,Nhà sách Fahasa,available,1000,True,True,True
209915439,Bộ Bé tự học cùng BuBu (Cuốn lẻ),20000,20000,0,0.0,0,0,,NXB Trẻ,NXB Trẻ,,Bìa mềm,24.0,,Cá Chép Bookstore,available,1000,True,True,True
205973420,Chuẩn Bị Cho Bé Vào Lớp 1 - Tập Tô Chữ Mẫu Giáo (Tái Bản),11800,12000,2,0.0,0,1,Minh Hà,Tân Việt,nxb my thuat,,,,,Nhà sách Fahasa,available,1000,True,True,True
205574077,Dán Hình Sáng Tạo Thế Giới Khủng Long - Khủng Long Ăn Cỏ,42000,42000,0,0.0,0,0,Phan Anh Lệ,Nhà Xuất Bản Thanh Niên,Nhà Xuất Bản Thanh Niên,,Bìa mềm,16.0,,Bamboo Books,available,1000,True,True,True
197687455,Tủ Sách Cho Bé Vào Lớp 1 - Bé Tập Tô Chữ Số - Dành Cho Bé 4-5 Tuổi (Tái Bản 2022),8000,10000,20,5.0,1,21,"Lê Tuệ Minh,  Lê Thu Ngọc",Minh Long,nxb my thuat,,,,,Nhà sách Fahasa,available,1000,True,True,True
138333766,200 Miếng Bóc Dán Thông Minh Phát Triển Chỉ Số Thông Minh IQ - Tập 2,55000,55000,0,0.0,0,4,Cung Huân,Nhà Xuất Bản Thanh Niên,Nhà Xuất Bản Thanh Niên,,Bìa mềm,32.0,2018-03-07,Nhà Sách Phương Nam,available,1000,True,True,True
138323592,200 Miếng Bóc Dán Thông Minh - Phương Tiện Giao Thông,55000,55000,0,0.0,0,0,Ngọc Linh,Nhà Xuất Bản Thanh Niên,Nhà Xuất Bản Thanh Niên,,Bìa mềm,30.0,2018-06-07,Nhà Sách Phương Nam,available,1000,True,True,True
126832097,Bé vào lớp 1 - Tập tô chữ cái - Quyển 2,6000,12000,50,0.0,0,0,,Tân Việt,nxb my thuat,,,,,NHBook,available,1000,True,True,True
95220746,Sách Bàn Tay Nhỏ Vẽ Tranh - Phương Tiện Giao Thông,20800,29000,28,5.0,3,23,Minh Thư,Tân Việt,Nhà Xuất Bản Mỹ Thuật,,Bìa mềm,44.0,2021-05-01,Tiki Trading,available,1000,False,True,True
22643292,Rèn Luyện Khả Năng Tập Trung - Hello Kitty,25500,30000,15,5.0,1,28,., NXB Mỹ Thuật,,,,,,Nhà sách Fahasa,available,1000,True,True,True
22560157,Sách Họa Sĩ Tí Hon - Rau Củ Quả (Tái Bản),13500,15000,10,0.0,0,1,Nguyễn Khánh Hòa,Minh Long,Nhà Xuất Bản Mỹ Thuật,,Bìa mềm,16.0,2019-07-01,Nhà sách Fahasa,available,1000,True,True,True
5490923,Sách Chuẩn Bị Cho Bé Vào Lớp Một (Túi 10 Cuốn),83600,102000,18,4.8,4,16,"Lê Tuệ Minh, Lê Thu Ngọc",Minh Long,,,Bìa mềm,31.0,,Nhà sách Fahasa,available,1000,True,True,True
1524359,Sách Bé Chơi Với Bút Màu - Siêu Nhân Vũ Trụ,15000,15000,0,0.0,0,0,Hoa Mai,Catbooks,Nhà Xuất Bản Hồng Đức,,Bìa mềm,16.0,2018-01-01,Nhà sách Fahasa,available,1000,True,True,True
750372,Sách Em Làm Họa Sĩ - Tập 4,22000,22000,0,5.0,2,8,Hoa Mai,Catbooks,,,Bìa mềm,24.0,2017-07-26,Nhà sách Fahasa,available,1000,True,True,True
750368,Sách Em Làm Họa Sĩ - Tập 2,22000,22000,0,4.0,1,3,Hoa Mai,Catbooks,Nhà Xuất Bản Hồng Đức,,Bìa mềm,24.0,2017-07-26,Nhà sách Fahasa,available,1000,True,True,True
428405,Sách Tô Màu Trang Phục Công Chúa (Tập 5),11200,12500,10,4.8,10,96,Uông Man Linh,Đinh Tị,,,Bìa mềm,16.0,2014-12-21,Nhà sách Fahasa,available,1000,True,True,True
278716240,Sách - Tô Màu Khám Phá - Hồ Nước Trong Xanh,26100,29000,10,0.0,0,0,nhieu tac gia,Megabook,nxb thanh nien,,Bìa mềm,,2023-12-21,Nhà sách Fahasa,available,1000,True,True,True
278697122,Sách - Mini Fashion - Migo,27400,28000,2,0.0,0,0,nhieu tac gia,Megabook,Nhà Xuất Bản Phụ Nữ Việt Nam,,Bìa mềm,,2023-12-21,Nhà sách Fahasa,available,1000,True,True,True
278158861,Sách Mai em vào Lớp 1 - ( Túi 4 - 5T),61800,99000,38,0.0,0,2,"Lê Thị Ngọc Ánh, Lê Hồng Đăng",Minh Long,Nhà Xuất Bản Đại Học Sư Phạm,,Bìa mềm,31.0,,Tiki Trading,available,1000,True,True,True
278153515,Sách - Vẽ Cây Và Hoa Bằng Khuôn Hình Sáng Tạo,89100,99000,10,0.0,0,0,nhieu tac gia,Đinh Tị,Nhà Xuất Bản Hồng Đức,,Bìa mềm,,2023-12-21,Nhà sách Fahasa,available,1000,True,True,True
278128856,Sách Sáng tạo thời trang (Hơn 100 stickers),40000,48000,17,0.0,0,3,Little Rainbow,Megabook,Nhà Xuất Bản Thanh Niên,,Bìa mềm,0.0,,Tiki Trading,available,1000,False,True,True
276165456,Sách Viết Xóa Thông Minh - Bảng Cửu Chương Và Phép Cộng,62000,65000,5,0.0,0,0,,Đinh Tị,Nhà Xuất Bản Thanh Niên,,,,,Nhân Văn,available,1000,True,True,True
275849285,Sách Trang điểm Công chúa Hàn Quốc Myra,45000,45000,0,0.0,0,0,Little Rainbow,Megabook,Nhà Xuất Bản Thanh Niên,,Bìa mềm,,,MEGABOOK,available,1000,True,True,True
275006009,Sách: Combo Tô Màu Công Chúa (Túi 6 Cuốn),202500,270000,25,0.0,0,0,Nhiều,Minh Long,Nhà Xuất Bản Mỹ Thuật,,Bìa mềm,264.0,2024-05-13,Minh Long Book,available,1000,True,True,True
274945953,Sách DINO tập vẽ - 4 bước vẽ đơn giản Sinh Vật Biển,29000,29000,0,0.0,0,0,Little Rainbow,Megabook,Nhà Xuất Bản Thanh Niên,,Bìa mềm,,2024-04-04,MEGABOOK,available,1000,True,True,True
274872627,Sách Trang Điểm Daisy - Công Chúa Hiện Đại,40500,45000,10,0.0,0,0,Little Rainbow,Megabook,nxb thanh nien,,,,,Nhà sách Fahasa,available,1000,True,True,True
274735487,Dán Hình Và Tô Màu - Superhero - Batman (Tái Bản 2024),25500,30000,15,0.0,0,0,Phan Minh Đạo,Nhà sách Minh Thắng,nxb my thuat,,,,,Nhà sách Fahasa,available,1000,True,True,True
274164654,Dán Hình Thiết Kế Thời Trang Công Chúa - Tập 4,61700,65000,5,0.0,0,0,Hách Ngôn Ngôn,Đinh Tị,nxb thanh nien,,,,,Nhà sách Fahasa,available,1000,True,True,True
274105014,Bộ Sách Tô Màu Sáng Tạo - Phát Triển Trí Não (Bộ 6 Cuốn),97200,108000,10,0.0,0,1,,Đinh Tị,nxb thanh nien,,,,,Nhà sách Fahasa,available,1000,True,True,True
273551263,Tô Màu Sáng Tạo - Phát Triển Trí Não - Cấp Độ 5,18000,18000,0,0.0,0,1,,Đinh Tị,nxb thanh nien,,,,,Nhà sách Fahasa,available,1000,True,True,True
272830105,Công Chúa Vương Quốc Hoa - 1000 Hình Dán Trang Phục Công Chúa - Công Chúa Hoa Cúc (Tái Bản 2023),75200,80000,6,0.0,0,0,Mật Đào,Nhà sách Minh Thắng,Nhà Xuất Bản Phụ Nữ Việt Nam,,,,,Nhà sách Fahasa,available,1000,True,True,True
253468341,Sách Công Chúa Vương Quốc Hoa - 1000 Hình Dán Trang Phục Công Chúa - Công Chúa Hoa Cúc (Tái Bản),54900,80000,31,5.0,1,8,Mật Đào,Nhà sách Minh Thắng,Nhà Xuất Bản Phụ Nữ Việt Nam,,Bìa mềm,32.0,2022-03-03,Tiki Trading,available,1000,False,True,True
249688448,Touch And Feel - Sách Sờ Chạm Khám Phá- Thế Giới Thực Vật - Khám Phá Khu Vườn Kỳ Diệu,116200,150000,23,0.0,0,7,"Thành Đạt, Tấn Nguyễn",Đinh Tị,Nhà Xuất Bản Hà Nội,,Bìa cứng,10.0,2023-04-04,Tiki Trading,available,1000,False,True,True
241667985,Sách Trang Điểm - Công Chúa Hàn Quốc Mina,40500,45000,10,0.0,0,3,Little Rainbow,Megabook,nxb thanh nien,,,,,Nhà sách Fahasa,available,1000,True,True,True
219134833,Sách Dán hình trang phục công chúa 3 - Công chúa đáng yêu 65N,52600,65000,19,0.0,0,2,Nhiều tác giả,Đinh Tị,Nhà Xuất Bản Thanh Niên,,Bìa mềm,32.0,2023-01-01,Tiki Trading,available,1000,True,True,True
219134824,Sách Dán hình trang phục công chúa 2 - Công chúa duyên dáng 65N,51600,65000,21,0.0,0,7,Nhiều tác giả,Đinh Tị,Nhà Xuất Bản Thanh Niên,,Bìa mềm,32.0,2023-01-01,Tiki Trading,available,1000,True,True,True
216724609,Tô Màu Phương Tiện Giao Thông Song Ngữ Anh Việt - Tập 2 (Dành Cho Bé Từ 2-6 Tuổi),11900,14000,15,0.0,0,0,Phan Minh Đạo,Nhà sách Minh Thắng,NXB Dân Trí,,,,,Nhà sách Fahasa,available,1000,True,True,True
214730928,"Họa Sĩ Tí Hon - Nào, Ta Cùng Học Vẽ … Đại Dương Kỳ Diệu! - Learn To Draw … Ocean Wonders!",56000,59000,5,0.0,0,0,Kerren Barbas Steckler,Đinh Tị,Nhà Xuất Bản Hà Nội,,,,,Nhà sách Fahasa,available,1000,True,True,True
205808635,Sticker Thần Kỳ Phát Triển EQ Cảm Xúc 3-5 Tuổi,46000,46000,0,0.0,0,0,Bông Hoa Đỏ Bangson,Nhà xuất bản Phụ Nữ,Nhà Xuất Bản Phụ Nữ,,Bìa mềm,16.0,,Nhà Sách Phương Nam,available,1000,True,True,True
196291952,Sách Hành trang cho Bé vào Lớp 1 (Túi 6 cuốn ),56200,90000,38,5.0,1,12,"Lê Hồng Đăng, Lê Thị Ngọc Ánh",Minh Long,Nhà Xuất Bản Đại Học Sư Phạm,,Bìa mềm,31.0,2022-05-30,Tiki Trading,available,1000,True,True,True
196180874,Tô Màu Superman - Tập 1,11900,14000,15,0.0,0,0,Minh Đạo,Nhà sách Minh Thắng,Nhà Xuất Bản Dân Trí,,,,,Nhà sách Fahasa,available,1000,True,True,True
194451782,Dán Hình Siêu Đáng Yêu - Khu Chợ,49400,52000,5,0.0,0,0,Hemma,Đinh Tị,nxb thanh nien,,,,,Nhà sách Fahasa,available,1000,True,True,True
193976661,Tô Màu Công Chúa - Tập 3,11900,14000,15,0.0,0,0,Minh Đạo,Nhà sách Minh Thắng,Nhà Xuất Bản Dân Trí,,,,,Nhà sách Fahasa,available,1000,True,True,True
192950380,Tủ Sách Sáng Tạo - Tô Màu Ngộ Nghĩnh - Âm Nhạc,19000,19000,0,0.0,0,1,Carotte et Compagnie,Đinh Tị,nxb thanh nien,,,,,Nhà sách Fahasa,available,1000,True,True,True
177274833,Con Tô Màu - Thám Hiểm Đại Dương,25200,28000,10,0.0,0,1,Little Rainbow,Megabook,Nhà Xuất Bản Thanh Niên,,,,,Nhà sách Fahasa,available,1000,True,True,True
176522960,Tô Màu Trang Phục Công Chúa - Tập 5,14400,16000,10,0.0,0,2,Uông Man Linh,Đinh Tị,Nhà Xuất Bản Thanh Niên,,,,,Nhà sách Fahasa,available,1000,True,True,True
169818591,Bóc dán thông minh - Mùa hè,48000,48000,0,0.0,0,0,,Đinh Tị,oem,,,,,Bamboo Books,available,1000,True,False,True
115967761,Bé Tô Màu - Bé Làm Họa Sỹ 3-5 Tuổi - Tập 8: Phương Tiện Giao Thông (Tái Bản 2021),11000,13000,15,0.0,0,1,Phan Minh Đạo,Nhà sách Minh Thắng,Nhà Xuất Bản Mỹ Thuật,,,,,Nhà sách Fahasa,available,1000,True,True,True
90798791,Sách Vừa Tô Màu - Vừa Tập Đếm 02,20000,25000,20,5.0,5,50,Award,NXB Trẻ,NXB Trẻ,,Bìa mềm,20.0,2021-04-01,Tiki Trading,available,1000,False,True,True
77328494,Tô Màu Công Chúa Xinh Đẹp - Tập 2,11000,13000,15,0.0,0,2,Dương Hợp Kỳ,Nhà sách Minh Thắng,Nhà Xuất Bản Dân Trí,,,,,Nhà sách Fahasa,available,1000,True,True,True
51031054,Combo Cùng Khủng Long Học Nét Cơ Bản - Bé Trai: Quyển 1 + 2 + 3 (Bộ 3 Quyển),71100,79000,10,0.0,0,5,Runkids,Megabook,Nhà Xuất Bản Thanh Niên,,,,,Nhà sách Fahasa,available,1000,True,True,True
1987953,Combo Họa Sĩ Nhí Tô Màu (Trọn Bộ 8 Quyển),115000,128000,10,5.0,1,66,Tịnh Lâm,Nhà Xuất Bản Kim Đồng,Nhà Xuất Bản Kim Đồng,,Bìa mềm,16.0,2023-06-15,Tiki Trading,available,1000,False,True,True
1315587,Sách Tô Màu Công Chúa Thiên Thần (Tập 1),10200,12000,15,5.0,1,0,Phan Minh Đạo,Nhà sách Minh Thắng,Nhà Xuất Bản Mỹ Thuật,,Bìa mềm,16.0,2018-01-01,Nhà sách Fahasa,available,1000,True,True,True
482308,Sách Dán Hình Trang Phục Công Chúa - Tập 4 - Công Chúa Sành Điệu,49500,55000,10,4.6,5,67,,Đinh Tị,,,Bìa mềm,40.0,2016-03-25,Nhà sách Fahasa,available,1000,True,True,True
475942,Sách Dán Hình Trang Phục Công Chúa - Tập 5 - Công Chúa Hiền Thục,49500,55000,10,5.0,2,20,Nhiều tác giả,Đinh Tị,,,Bìa mềm,40.0,2016-03-03,Nhà sách Fahasa,available,1000,True,True,True
440710,Sách Bé Tập Tô Màu - Động Vật Sống Dưới Nước,12000,12000,0,0.0,0,0,Hải Nam,Minh Long,Nhà Xuất Bản Mỹ Thuật,,Bìa mềm,24.0,2014-06-01,HỆ THỐNG NHÀ SÁCH ABC,available,1000,True,True,True
279132712,Sách - Baby Three - Căn Phòng Bí Mật - Bóc Dán Stickers Sáng Tạo,32900,35000,6,0.0,0,0,nhieu tac gia,Megabook,Nhà Xuất Bản Phụ Nữ Việt Nam,,Bìa mềm,,2023-12-21,Nhà sách Fahasa,available,1000,True,True,True
278635384,Sách - Yêu Quá Việt Nam - Món Ngon Ba Miền,24200,25000,3,0.0,0,0,nhieu tac gia,Đinh Tị,Nhà Xuất Bản Tri Thức,,Bìa mềm,,2023-12-21,Nhà sách Fahasa,available,1000,True,True,True
278320930,Sách Tô Màu Khám Phá Thế Giới - Các Em Bé Động Vật,18800,19000,1,0.0,0,0,Alice Le Hénand,Đinh Tị,Nhà Xuất Bản Thanh Niên,,Bìa mềm,32.0,,Play With Me,available,1000,True,True,True
278109661,Sách Tô Màu Khám Phá Thế Giới - 3 - 9 Tuổi - Bộ + Lẻ,18800,19000,1,0.0,0,0,,Đinh Tị,Nhà Xuất Bản Thanh Niên,,Bìa mềm,32.0,,Play With Me,available,1000,True,True,True
277539321,Sách tô màu sáng tạo - Những ngày bình thường vui vẻ + Soda muối bên vịnh chanh vàng - Đinh Tị Books,47800,50000,4,0.0,0,0,,Đinh Tị,Nhà Xuất Bản Hà Nội,,Bìa mềm,60.0,,Mộc Nhiên Kids Store,available,1000,True,True,True
274901214,Sách Trang Điểm Thần Tượng Âm Nhạc Hàn Quốc - Lisa -Thỏa Sức Sáng Tạo Cùng Sticker Trong Suốt,38200,45000,15,0.0,0,0,Little Angel,Nhà sách Minh Thắng,Nhà Xuất Bản Phụ Nữ Việt Nam,,,,,Nhà sách Fahasa,available,1000,True,True,True
274901194,Sách Trang Điểm Thần Tượng Âm Nhạc Hàn Quốc - Jisoo - Thỏa Sức Sáng Tạo Cùng Sticker Trong Suốt,38200,45000,15,0.0,0,0,Little Angel,Nhà sách Minh Thắng,Nhà Xuất Bản Phụ Nữ Việt Nam,,,,,Nhà sách Fahasa,available,1000,True,True,True
274872673,Dino Tập Vẽ - 4 Bước Vẽ Đơn Giản - Khủng Long,32400,36000,10,0.0,0,1,Little Rainbow,Megabook,nxb thanh nien,,,,,Nhà sách Fahasa,available,1000,True,True,True
274863823,Sách Trang điểm Mia - Cô dâu Ngọt Ngào (Hơn 100 Stickers mắt môi phụ kiện lấp lánh),35000,45000,22,0.0,0,4,Little Rainbow,Megabook,Nhà Xuất Bản Thanh Niên,,Bìa mềm,,2024-04-01,Tiki Trading,available,1000,False,True,True
274020537,Sticker Fashion - Dán Hình Thời Trang - Tập 6,38200,45000,15,0.0,0,1,Phan Minh Đạo,Nhà sách Minh Thắng,NXB Dân Trí,,,,,Nhà sách Fahasa,available,1000,True,True,True
271660799,Sách Tô màu diệu kỳ - Lễ hội Halloween,24000,24000,0,0.0,0,0,Little Rainbow,Megabook,Nhà Xuất Bản Thanh Niên,,Bìa mềm,24.0,2023-09-01,MEGABOOK,available,1000,True,True,True
271660797,Sách Tô màu diệu kỳ - Bí mật 12 chòm sao,27000,27000,0,0.0,0,0,Little Rainbow,Megabook,Nhà Xuất Bản Thanh Niên,,Bìa mềm,24.0,2023-09-01,MEGABOOK,available,1000,True,True,True
263102371,178 Stickers - Bóc Dán Thông Minh Phát Triển Khả Năng Tư Duy Toán Học (3 - 4 Tuổi) - Tập 3,40500,45000,10,0.0,0,1,Ưu Ưu Thử,Nhà sách Minh Thắng,Nhà Xuất Bản Dân Trí,,,,,Nhà sách Fahasa,available,1000,True,True,True
249664334,Sách Dán hình nhận biết động vật - Động vật hoang dã,37900,49000,23,5.0,1,25,Beijing Little Red Flower Studio,Đinh Tị,Nhà Xuất Bản Thanh Niên,,Bìa mềm,14.0,2023-01-01,Tiki Trading,available,1000,False,True,True
247938394,1000 Hình Dán Trang Phục Công Chúa - Công Chúa Hoa Lan Hồ Điệp,57800,68000,15,0.0,0,0,Mật Đào,Nhà sách Minh Thắng,Nhà Xuất Bản Phụ Nữ Việt Nam,,,,,Nhà sách Fahasa,available,1000,True,True,True
241667981,Sách Trang Điểm - Thần Tượng Hàn Quốc Lisa,40500,45000,10,0.0,0,1,Little Rainbow,Megabook,nxb thanh nien,,,,,Nhà sách Fahasa,available,1000,True,True,True
220663061,Sách Con Tô Màu: Thám Hiểm Châu Phi,27000,27000,0,0.0,0,0,Little Rainbow,Megabook,Nhà Xuất Bản Mỹ Thuật,,Bìa mềm,,2022-12-12,MEGABOOK,available,1000,True,True,True
219134831,Sách Dán hình trang phục công chúa 5 - Công chúa hiền thục,51600,65000,21,0.0,0,3,Nhiều tác giả,Đinh Tị,Nhà Xuất Bản Thanh Niên,,Bìa mềm,32.0,2023-01-01,Tiki Trading,available,1000,True,True,True
219134828,Sách Dán hình trang phục công chúa 6 - Công chúa kiêu sa 65N,51600,65000,21,0.0,0,3,Nhiều tác giả,Đinh Tị,Nhà Xuất Bản Thanh Niên,,Bìa mềm,32.0,2023-01-01,Tiki Trading,available,1000,True,True,True
213936143,Hình Dán Thông Minh - Thế Giới Quanh Ta 2,49000,49000,0,0.0,0,0,,Đinh Tị,oem,,Bìa mềm,,,Bamboo Books,available,1000,True,False,True
213936054,Hình Dán Thông Minh - Cuộc Sống Muôn Màu 1,49000,49000,0,0.0,0,0,,Đinh Tị,oem,,Bìa mềm,,,Bamboo Books,available,1000,True,False,True
213562359,Hình Dán Thông Minh - Bốn Mùa Tươi Đẹp 1_DTI,49000,49000,0,0.0,0,0,,Đinh Tị,Nhà Xuất Bản Thanh Niên,,Bìa mềm,20.0,,Bamboo Books,available,1000,True,True,True
209379516,Bộ Sách Bé Tập Tô Màu - Từ Cơ Bản Đến Nâng Cao (Bộ 8 Cuốn),201600,224000,10,5.0,1,1,Gia Lương Media,Đinh Tị,Nhà Xuất Bản Hà Nội,,,,,Nhà sách Fahasa,available,1000,True,True,True
205802236,2000 Hình Dán Trang Phục Công Chúa - Công Chúa Trí Tuệ (Tái Bản 2022),84100,99000,15,0.0,0,0,Muyuwenhua,Nhà sách Minh Thắng,NXB Dân Trí,,,,,Nhà sách Fahasa,available,1000,True,True,True
205802195,1000 Hình Dán Trang Phục Công Chúa - Công Chúa Hoa Lệ (Tái Bản),75200,80000,6,0.0,0,0,Muyuwenhua,Nhà sách Minh Thắng,NXB Dân Trí,,,,,Nhà sách Fahasa,available,1000,True,True,True
204301989,Tô Màu Bóc Dán - Sân Bay - Airport (Tái Bản),23200,24000,3,0.0,0,1,Dan Crisp,Đinh Tị,Nhà Xuất Bản Hà Nội,,,,,Nhà sách Fahasa,available,1000,True,True,True
180851247,Sách Hình Dán Ngộ Nghĩnh - Phát Triển Khả Năng Quan Sát - Khủng Long,42600,55000,23,0.0,0,6,Nhiều tác giả,Đinh Tị,Nhà Xuất Bản Thanh Niên,,Bìa mềm,20.0,2022-06-01,Tiki Trading,available,1000,True,True,True
178240460,Sách Dán Hình Siêu Đáng Yêu - Các Em Bé Động Vật,41300,52000,21,5.0,1,8,Hemma,Đinh Tị,Nhà Xuất Bản Thanh Niên,,Bìa mềm,18.0,2022-06-01,Tiki Trading,available,1000,True,True,True
176080827,Cuốn Sách Tô Màu Đầu Tiên Của Tớ - Côn Trùng,24200,25000,3,0.0,0,8,Jenny Brown,Đinh Tị,Nhà Xuất Bản Thanh Niên,,,,,Nhà sách Fahasa,available,1000,True,True,True
169818048,50 Cách Vẽ Trang Phục Cho...- Những Chú Chó Đáng Yêu,48000,48000,0,0.0,0,0,,Đinh Tị,oem,,,,,Bamboo Books,available,1000,True,False,True
78905629,Sách – Combo Dán Hình Đầu Đời Cho Bé - First sticker book ( trọn bộ 6 cuốn),350500,350500,0,0.0,0,6,.,Đinh Tị,Nhà Xuất Bản Thanh Niên,,Bìa mềm,128.0,,Phương Đông Books,available,1000,True,True,True
58903223,300 Miếng Bóc Dán Thông Minh - Các Bộ Phận Cơ Thể,29100,30000,3,4.7,7,26,Ưu Ưu Thử,Đinh Tị,Nhà Xuất Bản Thanh Niên,,,,,Nhà sách Fahasa,available,1000,True,True,True
58903213,300 Miếng Bóc Dán Thông Minh - Rèn Luyện Ngôn Ngữ,29100,30000,3,4.3,3,27,Ưu Ưu Thử,Đinh Tị,Nhà Xuất Bản Thanh Niên,,,,,Nhà sách Fahasa,available,1000,True,True,True
55478029,Sách Dán Hình Trang Phục Yeloli - Tiên Nữ Khổng Tước,55200,65000,15,0.0,0,0,Vũ Nam,Nhà sách Minh Thắng,Nhà Xuất Bản Mỹ Thuật,,Bìa mềm,32.0,2015-01-01,Nhà sách Fahasa,available,1000,True,True,True
53995827,Combo Tô màu phương tiện giao thông (trọn bộ 6 tập),69403,69403,0,0.0,0,3,,Nhà sách Minh Thắng,Nhà Xuất Bản Mỹ Thuật,,,,,AHABOOKS,available,1000,True,True,True
19773717,Sách Cùng Khủng Long Học Nét Cơ Bản Quyển 3 (Chữ Cái Đầu Tiên) Bé Trai,26100,29000,10,5.0,1,8,Runkids,Megabook,,,Bìa mềm,32.0,2019-05-01,Nhà sách Fahasa,available,1000,True,True,True
19773710,Sách Cùng Khủng Long Học Nét Cơ Bản Quyển 2 (Chữ Số Đầu Tiên) Bé Gái,22500,25000,10,5.0,3,16,Runkids,Megabook,,,Bìa mềm,24.0,2019-05-01,Nhà sách Fahasa,available,1000,True,True,True
428427,Sách Bé Chơi Và Tô Màu Cùng Scooby-Doo (Quái Vật Dưới Hồ),19000,19000,0,0.0,0,1,,Đinh Tị,Nhà Xuất Bản Thời Đại,,Bìa mềm,40.0,2013-09-21,Happy Kids books,available,1000,True,True,True
428250,Sách Tô Màu Công Chúa (Tập 2) - Tặng Kèm Miếng Dán Trang Sức,15000,15000,0,0.0,0,2,,Đinh Tị,,,Bìa mềm,16.0,2015-03-20,Nhà sách Fahasa,available,1000,True,True,True
418924,Sách Dán Hình Sáng Tạo Trang Phục Búp Bê - Các Môn Thể Thao,57300,69000,17,4.1,8,430,Nhiều tác giả,Đinh Tị,Nhà Xuất Bản Thanh Niên,,Bìa mềm,24.0,2014-09-20,Tiki Trading,available,1000,True,True,True
279250800,Sách - Sách 100++ Ý Tưởng Sáng Tạo Vẽ Tranh Bằng Vân Tay - Cuộc Sống Quanh Em/Động Vật Quanh Em/Trong Vườn/Đại Dương - Bìa Cứng,166500,185000,10,0.0,0,0,nhieu tac gia,Đinh Tị,Nhà Xuất Bản Tri Thức,,Bìa mềm,,2023-12-21,Nhà sách Fahasa,available,1000,True,True,True
278715359,Sách - Bộ Sách Tô Màu Sáng Tạo Giúp Bé Làm Quen Với Chữ Cái Và Con Số (Bộ 5 Cuốn),81000,90000,10,0.0,0,0,nhieu tac gia,Đinh Tị,nxb thanh nien,,Bìa mềm,,2023-12-21,Nhà sách Fahasa,available,1000,True,True,True
278635383,Sách - Yêu Quá Việt Nam - Di Sản,24200,25000,3,0.0,0,3,"Minh Trang,  Quỳnh Hương",Đinh Tị,Nhà Xuất Bản Tri Thức,,Bìa mềm,,2023-12-21,Nhà sách Fahasa,available,1000,True,True,True
278153567,Sách - Vẽ Khủng Long Bằng Khuôn Hình Sáng Tạo,89100,99000,10,0.0,0,0,nhieu tac gia,Đinh Tị,Nhà Xuất Bản Hồng Đức,,Bìa mềm,,2023-12-21,Nhà sách Fahasa,available,1000,True,True,True
278153527,Sách - Sách Tô Màu - Hạnh Phúc Nhỏ Của Capybara,57800,68000,15,0.0,0,0,Little Angel,Nhà sách Minh Thắng,Nhà Xuất Bản Phụ Nữ Việt Nam,,Bìa mềm,,2023-12-21,Nhà sách Fahasa,available,1000,True,True,True
278153100,Sách - Bộ Sách Tô Màu Baby Three Ở Thế Giới Cổ Tích + Baby Three 12 Con Giáp Ở Vương Quốc Ngọt Ngào (Bộ 2 Cuốn) - Tặng Kèm Sách Trang Điểm Thần Tượng Âm Nhạc Hàn Quốc Ngẫu Nhiên,122400,136000,10,0.0,0,0,Little Angel,Nhà sách Minh Thắng,Nhà Xuất Bản Phụ Nữ Việt Nam,,Bìa mềm,,2023-12-21,Nhà sách Fahasa,available,1000,True,True,True
277358805,Sách - Cuốn Sách Tô Màu Đầu Tiên Của Tớ - Tô Màu Hạnh Phúc - Dành cho trẻ từ 3 tuổi,65000,65000,0,0.0,0,0,Alice James,Công ty cổ phẩn Xuất bản và Giáo dục Vizi,Nhà Xuất Bản Phụ Nữ Việt Nam,,Bìa mềm tay gấp,96.0,,Minhhabooks,available,1000,True,True,True
276251673,Sách Tô màu khám phá - Thủy cung bí ẩn,24000,24000,0,0.0,0,0,Little Rainbow,Megabook,Nhà Xuất Bản Thanh Niên,,Bìa mềm,,,MEGABOOK,available,1000,True,True,True
274945938,Sách DINO tập vẽ - 4 bước vẽ đơn giản Khủng Long,29000,29000,0,0.0,0,0,Little Rainbow,Megabook,Nhà Xuất Bản Thanh Niên,,Bìa mềm,,2024-04-04,MEGABOOK,available,1000,True,True,True
274597687,Công Chúa Vương Quốc Hoa - 1000 Hình Dán Trang Phục Công Chúa - Công Chúa Hoa Hướng Dương (Tái Bản 2024),63700,75000,15,0.0,0,0,Mật Đào,Nhà sách Minh Thắng,Nhà Xuất Bản Phụ Nữ Việt Nam,,,,,Nhà sách Fahasa,available,1000,True,True,True
274372090,Dán Hình & Tô Màu Superhero - Wonderman,18000,20000,10,0.0,0,1,Phan Minh Đạo,Nhà sách Minh Thắng,nxb my thuat,,,,,Nhà sách Fahasa,available,1000,True,True,True
273413904,Tô Màu Diệu Kỳ - Lễ Hội Noel (Dành Cho Bé Gái Năng Động),28800,32000,10,0.0,0,2,Little Rainbow,Megabook,nxb thanh nien,,,,,Nhà sách Fahasa,available,1000,True,True,True
272830049,"Rèn Luyện Phát Triển Trí Óc Cho Trẻ - Bóc Dán Hình Thông Minh IQ-EQ-CQ - Rau, Củ, Quả (Dành Cho Trẻ Từ 2-6 Tuổi) (Tái Bản 2023)",53500,63000,15,0.0,0,1,Phan Minh Đạo,Nhà sách Minh Thắng,NXB Dân Trí,,,,,Nhà sách Fahasa,available,1000,True,True,True
271433692,100++ Ý Tưởng Sáng Tạo Vẽ Tranh Bằng Vân Tay - Động Vật,130500,145000,10,0.0,0,0,Woye,Đinh Tị,nxb thanh nien,,,,,Nhà sách Fahasa,available,1000,True,True,True
257857028, 25++ Hoạt Động Rèn Luyện Trí Sáng Tạo Và Tư Duy Cho Trẻ - Nối Số Và Tô Màu,45000,45000,0,0.0,0,0,,Đinh Tị,Nhà Xuất Bản Thanh Niên,,,32.0,,Bamboo Books,available,1000,True,True,True
252714264,Tô Màu Nhận Biết Chữ Cái - Đồ Dùng Hằng Ngày,14400,16000,10,0.0,0,0,"An Vi,  Ngọc Linh",Đinh Tị,nxb thanh nien,,,,,Nhà sách Fahasa,available,1000,True,True,True
247564814,Tô Màu Công Chúa - Alice Lạc Vào Xứ Sở Diệu Kỳ,14400,16000,10,0.0,0,1,Tiền Lệ,Đinh Tị,nxb thanh nien,,,,,Nhà sách Fahasa,available,1000,True,True,True
222658850,Sách Con tô màu - Thám Hiểm Thế Giới Côn Trùng,27000,27000,0,0.0,0,1,Little Rainbow,Megabook,Nhà Xuất Bản Mỹ Thuật,,Bìa mềm,24.0,2022-12-01,MEGABOOK,available,1000,True,True,True
217899384,Tô Màu Diệu Kỳ - Nàng Tiên Cá,28800,32000,10,0.0,0,0,Little Rainbow,Megabook,nxb thanh nien,,,,,Nhà sách Fahasa,available,1000,True,True,True
217899305,Tô Màu Diệu Kỳ - Cô Tiên Xinh,28800,32000,10,0.0,0,1,Little Rainbow,Megabook,nxb thanh nien,,,,,Nhà sách Fahasa,available,1000,True,True,True
214651509,1000 Hình Dán Trang Phục Công Chúa - Công Chúa Hoàn Mỹ (Tái Bản 2022),75200,80000,6,0.0,0,0,Muyuwenhua,Nhà sách Minh Thắng,NXB Dân Trí,,,,,Nhà sách Fahasa,available,1000,True,True,True
207281078,25++ Hoạt Động Rèn Luyện Trí Sáng Tạo Và Tư Duy Cho Trẻ -Tô Màu Theo Ký Hiệu,45000,45000,0,0.0,0,0,,Đinh Tị,oem,,Bìa mềm,,,Bamboo Books,available,1000,True,False,True
207281042,Bộ Sách 25++ Hoạt Động Rèn Luyện Trí Sáng Tạo Và Tư Duy Cho Trẻ - 4 Cuốn,180000,180000,0,0.0,0,0,,Đinh Tị,oem,,Bìa mềm,,,Bamboo Books,available,1000,True,False,True
205802201,Tô Màu Phương Tiện Giao Thông - Song Ngữ Anh Việt - Tập 1 (Dành Cho Bé Từ 2-6 Tuổi),11900,14000,15,0.0,0,3,Phan Minh Đạo,Nhà sách Minh Thắng,NXB Dân Trí,,,,,Nhà sách Fahasa,available,1000,True,True,True
203084426,"Hình Dán Thú Vị, Rèn Luyện Tư Duy - Tập 1",55000,55000,0,0.0,0,0,,Đinh Tị,oem,,Bìa mềm,,,Bamboo Books,available,1000,True,False,True
196180890,Tô Màu Superman - Tập 4,11900,14000,15,0.0,0,0,Minh Đạo,Nhà sách Minh Thắng,Nhà Xuất Bản Dân Trí,,,,,Nhà sách Fahasa,available,1000,True,True,True
196180876,Tô Màu Superman - Tập 2,11900,14000,15,0.0,0,0,Minh Đạo,Nhà sách Minh Thắng,Nhà Xuất Bản Dân Trí,,,,,Nhà sách Fahasa,available,1000,True,True,True
196021553,Dán hình siêu đáng yêu - Trường học,52000,52000,0,0.0,0,0,,Đinh Tị,oem,,Bìa mềm,,,Bamboo Books,available,1000,True,False,True
193640159,Cuốn Sách Tô Màu Đầu Tiên Của Tớ - Đại Dương,24200,25000,3,0.0,0,6,Jenny Brown,Đinh Tị,nxb thanh nien,,,,,Nhà sách Fahasa,available,1000,True,True,True
193497506,Dán Hình Siêu Đáng Yêu - Trường Học,52000,52000,0,0.0,0,0,Hemma,Đinh Tị,Nhà Xuất Bản Thanh Niên,,Bìa mềm,18.0,,Bamboo Books,available,1000,True,True,True
177274831,Con Tô Màu - Thám Hiểm Sa Mạc,25200,28000,10,0.0,0,0,Little Rainbow,Megabook,Nhà Xuất Bản Thanh Niên,,,,,Nhà sách Fahasa,available,1000,True,True,True
169818024,Dán Hình Siêu Đáng Yêu - Các Loài Khủng Long,52000,52000,0,0.0,0,0,,Đinh Tị,oem,,,,,Bamboo Books,available,1000,True,False,True
169817926,Cuốn Sách Bóc Dán Đầu Tiên Của Tớ - Đại Dương,48000,48000,0,0.0,0,1,,Đinh Tị,oem,,,,,Bamboo Books,available,1000,True,False,True
151950562,Phiếu Luyện Toán Tư Duy Cùng Gấu Kiki 5: Làm Quen Với Phép Tính,28800,32000,10,5.0,1,2,Trần Thị Hường,Megabook,Nhà Xuất Bản Thanh Niên,,,,,Nhà sách Fahasa,available,1000,True,True,True
146271818,Phiếu Luyện Đọc Cùng Gấu Kiki,46800,52000,10,5.0,1,6,Trần Thị Hường,Megabook,Nhà Xuất Bản Thanh Niên,,,,,Nhà sách Fahasa,available,1000,True,True,True
145145771,Cuốn Sách Tô Màu Đầu Tiên Của Tớ - Giáng Sinh,20200,25000,19,0.0,0,3,"Jenny Brown, Kirsteen Robson",Đinh Tị,Nhà Xuất Bản Thanh Niên,,Bìa mềm,32.0,2021-12-01,Tiki Trading,available,1000,False,True,True
107409634,178 Stickers - Bóc Dán Thông Minh Phát Triển Khả Năng Tư Duy Toán Học (3 - 4 Tuổi) - Tập 5,40500,45000,10,0.0,0,1,Ưu Ưu Thử,Nhà sách Minh Thắng,Nhà Xuất Bản Dân Trí,,,,,Nhà sách Fahasa,available,1000,True,True,True
58878431,Combo 3 Quyển Cùng Khủng Long Tập Viết Chữ Cơ Bản - Bé Trai,61770,61770,0,5.0,1,12,,Megabook,Nhà Xuất Bản Thanh Niên,,Bìa mềm,,,MEGABOOK,available,1000,True,True,True
55478045,Sách Dán Hình Trang Phục Yeloli - Tiên Nữ Ánh Sáng,55200,65000,15,0.0,0,3,Vũ Nam,Nhà sách Minh Thắng,Nhà Xuất Bản Mỹ Thuật,,Bìa mềm,32.0,,Nhà sách Fahasa,available,1000,True,True,True
55478022,Sách Dán Hình Trang Phục Yeloli - Tiên Nữ Hoa Nhài,55200,65000,15,0.0,0,6,Vũ Nam,Nhà sách Minh Thắng,Nhà Xuất Bản Mỹ Thuật,,Bìa mềm,32.0,2015-01-01,Nhà sách Fahasa,available,1000,True,True,True
278716330,Sách - Tô Màu Khám Phá - Thành Phố Nhộn Nhịp,26100,29000,10,0.0,0,0,nhieu tac gia,Megabook,nxb thanh nien,,Bìa mềm,,2023-12-21,Nhà sách Fahasa,available,1000,True,True,True
278442546,Sách - 500 Câu Đố Luyện Trí Thông Minh,39000,39000,0,0.0,0,0,Đỗ Văn,Nhà Sách Hồng Ân,Nhà Xuất Bản Mỹ Thuật,,Bìa mềm,,,Khanhlinhbook,available,1000,True,True,True
278158549,Sách Dán hình và tô màu,17600,25000,30,0.0,0,0,Phan Minh Đạo,Nhà sách Minh Thắng,Nhà Xuất Bản Mỹ Thuật,,Bìa mềm,18.0,,Tiki Trading,available,1000,False,True,True
277045189,Sách Tô Màu Chữa Lành - Cùng Cậu Ngắm Sao Trời - MEGA,68000,68000,0,0.0,0,1,Little Rainbow,Megabook,Nhà Xuất Bản Thanh Niên,,Bìa mềm,64.0,,NewShop Official,available,1000,True,True,True
276251675,Sách Tô màu khám phá - Thành phố nhộn nhịp,24000,24000,0,0.0,0,0,Little Rainbow,Megabook,Nhà Xuất Bản Thanh Niên,,Bìa mềm,,,MEGABOOK,available,1000,True,True,True
274901270,Dán Hình Và Tô Màu - Superhero - Captain America (Tái Bản 2024),25500,30000,15,0.0,0,0,Phan Minh Đạo,Nhà sách Minh Thắng,nxb my thuat,,,,,Nhà sách Fahasa,available,1000,True,True,True
274901212,Sách Trang Điểm Thần Tượng Âm Nhạc Hàn Quốc - Rosie -Thỏa Sức Sáng Tạo Cùng Sticker Trong Suốt,40500,45000,10,0.0,0,0,Little Angel,Nhà sách Minh Thắng,Nhà Xuất Bản Phụ Nữ Việt Nam,,,,,Nhà sách Fahasa,available,1000,True,True,True
274872683,Dino Tập Vẽ - 4 Bước Vẽ Đơn Giản - Động Vật Nuôi,32400,36000,10,0.0,0,3,Little Rainbow,Megabook,nxb thanh nien,,,,,Nhà sách Fahasa,available,1000,True,True,True
274563092,Sticker Trò Chơi Đồ Hàng - Bé Đi Cắm Trại,29700,35000,15,0.0,0,1,Little Angel,Nhà sách Minh Thắng,Nhà Xuất Bản Phụ Nữ Việt Nam,,,,,Nhà sách Fahasa,available,1000,True,True,True
274164658,Dán Hình Thiết Kế Thời Trang Công Chúa - Tập 2,61700,65000,5,0.0,0,1,Hách Ngôn Ngôn,Đinh Tị,nxb thanh nien,,,,,Nhà sách Fahasa,available,1000,True,True,True
274020545,Sticker Fashion - Dán Hình Thời Trang - Tập 4,38200,45000,15,0.0,0,1,Phan Minh Đạo,Nhà sách Minh Thắng,NXB Dân Trí,,,,,Nhà sách Fahasa,available,1000,True,True,True
273716702,Tô Màu Cùng Mèo Thông Thái: Rau Củ  - Bản Quyền,21700,21700,0,0.0,0,0,,Alpha Books,NXB Dân Trí,,,,,Gooda Official,available,1000,True,True,True
272830003,Tô Màu Động Vật Sống Dưới Nước - Song Ngữ Anh-Việt - Tập 1 (Tái Bản 2023),11900,14000,15,0.0,0,0,Phan Minh Đạo,Nhà sách Minh Thắng,NXB Dân Trí,,,,,Nhà sách Fahasa,available,1000,True,True,True
263102334,178 Stickers - Bóc Dán Thông Minh Phát Triển Khả Năng Tư Duy Toán Học (3 - 4 Tuổi) - Tập 4,40500,45000,10,0.0,0,0,Ưu Ưu Thử,Nhà sách Minh Thắng,Nhà Xuất Bản Dân Trí,,,,,Nhà sách Fahasa,available,1000,True,True,True
263102297,178 Stickers - Bóc Dán Thông Minh Phát Triển Khả Năng Tư Duy Toán Học (3 - 4 Tuổi) - Tập 2,40500,45000,10,0.0,0,1,Ưu Ưu Thử,Nhà sách Minh Thắng,Nhà Xuất Bản Dân Trí,,,,,Nhà sách Fahasa,available,1000,True,True,True
248703269,Con Tô Màu - Thám Hiểm Thế Giới Côn Trùng,28800,32000,10,0.0,0,3,Little Rainbow,Megabook,nxb my thuat,,,,,Nhà sách Fahasa,available,1000,True,True,True
247568107,Dán Hình Trang Phục Công Chúa 3 - Công Chúa Đáng Yêu,61700,65000,5,0.0,0,0,,Đinh Tị,nxb thanh nien,,,,,Nhà sách Fahasa,available,1000,True,True,True
222658848,Sách Con tô màu - Thám Hiểm Thế Giới Khủng Long,24000,24000,0,0.0,0,1,Little Rainbow,Megabook,Nhà Xuất Bản Mỹ Thuật,,Bìa mềm,24.0,2022-12-01,MEGABOOK,available,1000,True,True,True
220663055,Sách Con Tô Màu: Thám Hiểm Rừng Nhiệt Đới,27000,27000,0,0.0,0,0,Little Rainbow,Megabook,Nhà Xuất Bản Mỹ Thuật,,Bìa mềm,,2022-12-12,MEGABOOK,available,1000,True,True,True
214730926,"Họa Sĩ Tí Hon - Nào, Ta Cùng Học Vẽ … Vương Quốc Công Chúa! - Learn To Draw … Princess Kingdom!",56000,59000,5,0.0,0,1,Kerren Barbas Steckler,Đinh Tị,Nhà Xuất Bản Hà Nội,,,,,Nhà sách Fahasa,available,1000,True,True,True
213936021,Hình Dán Thông Minh - Sắc Màu Cuộc Sống,49000,49000,0,0.0,0,0,,Đinh Tị,oem,,Bìa mềm,,,Bamboo Books,available,1000,True,False,True
207643965,Bóc Dán Tuyệt Đỉnh - Phương Tiện Giao Thông (Tái bản năm 2022),59000,59000,0,0.0,0,0,DK,NXB Thanh Niên,Nhà Xuất Bản Thanh Niên,,Bìa mềm,24.0,,Bamboo Books,available,1000,True,True,True
196180888,Tô Màu Superman - Tập 3,11900,14000,15,0.0,0,0,Minh Đạo,Nhà sách Minh Thắng,Nhà Xuất Bản Dân Trí,,,,,Nhà sách Fahasa,available,1000,True,True,True
193508431,Dán hình siêu đáng yêu - Các em bé động vật,52000,52000,0,0.0,0,0,Hemma,Đinh Tị,Nhà Xuất Bản Thanh Niên,,Bìa mềm,18.0,,Bamboo Books,available,1000,True,True,True
193493908,Dán Hình Siêu Đáng Yêu - Khu Rừng,52000,52000,0,0.0,0,0,Hemma,Đinh Tị,Nhà Xuất Bản Thanh Niên,,Bìa mềm,18.0,,Bamboo Books,available,1000,True,True,True
192950357,Tủ Sách Sáng Tạo - Tô Màu Ngộ Nghĩnh - Công Viên,19000,19000,0,0.0,0,2,Carotte et Compagnie,Đinh Tị,nxb thanh nien,,,,,Nhà sách Fahasa,available,1000,True,True,True
171580708,50 Cách Vẽ Trang Phục Cho...- Những Chú Mèo Dễ Thương,48000,48000,0,0.0,0,0,Elizabeth Golding,Đinh Tị,Nhà Xuất Bản Hà Nội,,,,,Bamboo Books,available,1000,True,True,True
169818068,50 Cách Vẽ Trang Phục Cho...- Những Chú Mèo Dễ Thương,48000,48000,0,0.0,0,0,,Đinh Tị,oem,,,,,Bamboo Books,available,1000,True,False,True
169818014,Dán Hình Siêu Đáng Yêu - Đại Dương,52000,52000,0,0.0,0,0,,Đinh Tị,oem,,,,,Bamboo Books,available,1000,True,False,True
169817990,Dán Hình Siêu Đáng Yêu - Mùa Xuân,52000,52000,0,0.0,0,0,,Đinh Tị,oem,,,,,Bamboo Books,available,1000,True,False,True
127197621,Vở Luyện Viết 5 Ô Ly - Lớp 1 (Soạn Theo Bộ Chân Trời Sáng Tạo),25200,28000,10,5.0,3,102,,Khang Việt Book,Nhà Xuất Bản Đồng Nai,,Bìa mềm,,2021-07-06,khangvietbook,available,1000,True,True,True
115246722,Dán Hình Trang Phục Công Chúa Tuyệt Đỉnh - Công Chúa Mơ Mộng,29100,30000,3,0.0,0,1,Ưu Ưu Thử,Đinh Tị,Nhà Xuất Bản Thanh Niên,,,,,Nhà sách Fahasa,available,1000,True,True,True
114885592,Tô Màu Công Chúa Xinh Xắn - Tập 1,11000,13000,15,0.0,0,0,Dương Hợp Kỳ,Nhà sách Minh Thắng,Nhà Xuất Bản Dân Trí,,,,,Nhà sách Fahasa,available,1000,True,True,True
95889468,Bộ 6 cuốn Bóc Dán Tuyệt Đỉnh : Các Lá Cờ Trên Thế Giới + Phương Tiện Giao Thông + Các Loài Thú Cưng + Khủng Long + Cuộc Sống Trong Rừng + Các Em Bé Động Vật,283000,283000,0,0.0,0,0,,Đinh Tị,Nhà Xuất Bản Thanh Niên,,,,,Bamboo Books,available,1000,True,True,True
77328489,Tô Màu Công Chúa Diễm Lệ - Tập 1,11000,13000,15,0.0,0,2,Dương Hợp Kỳ,Nhà sách Minh Thắng,Nhà Xuất Bản Dân Trí,,,,,Nhà sách Fahasa,available,1000,True,True,True
59202398,Sách Tô Màu Phương Tiện Giao Thông - Tàu Thuyền Siêu Xịn - Super Nice Ships And Boats,20000,20000,0,0.0,0,0,Phùng Nga,Đinh Tị,Nhà Xuất Bản Hà Nội,,Bìa mềm,18.0,,Nhà sách Fahasa,available,1000,True,True,True
58903209,300 Miếng Bóc Dán Thông Minh - Nhận Biết Hình Dạng,29100,30000,3,4.5,8,51,Ưu Ưu Thử,Đinh Tị,Nhà Xuất Bản Thanh Niên,,,,,Nhà sách Fahasa,available,1000,True,True,True
35862121,Sách Tô Màu Công Chúa Sáng Tạo - Những Nàng Công Chúa Hoa,20000,20000,0,0.0,0,11,Ngô Cảnh,Đinh Tị,Nhà Xuất Bản Hà Nội,,Bìa mềm,,2019-10-01,Nhà sách Fahasa,available,1000,True,True,True
11248158,"Combo Bé Tập Viết Quyển 1, 2 và Bé Tập Tô (tặng kèm 1 tờ sticker dán 36 hình ngôi sao)",68000,68000,0,4.5,4,21,.,Trí Nhân Tâm,Nhà Xuất Bản Đại Học Quốc Gia Hà Nội,,Bìa mềm,44.0,2018-03-03,trungthanh2018,available,1000,True,True,True
5821361,Sách My Big City - Con Tập Tô Cảm Xúc Thành Phố,26100,29000,10,5.0,1,9,Nguyễn Hoa,Megabook,,,Bìa mềm,24.0,2018-10-09,Nhà sách Fahasa,available,1000,True,True,True
279192864,Sách tô màu - Mã Tiểu Dã Nhật Ký Vừa Khóc Vừa Chạy - 2 Phân Loại Cho Bạn Lựa Chọn - ABBOOKS,74000,74000,0,0.0,0,0,Lant Tiểu Tranh,Công Ty TNHH TM & DV Văn Hóa Giáo Dục Phía Nam,Nhà Xuất Bản Đồng Nai,,Bìa mềm,136.0,,NHÀ SÁCH ABBOOKS,available,1000,True,True,True
279189694,Combo 2 quyển sách Thỏ Bảy Màu Và Những Người Nghĩ Nó Là Bạn + Thỏ Bảy Màu Trong Thế Giới Bay Màu,158400,198000,20,0.0,0,0,Huỳnh Thái Ngọc,Công Ty Cổ Phần Time Books,Nhà Xuất Bản Phụ Nữ Việt Nam,,Bìa mềm,96.0,,Tiệm Sách Thật,available,1000,True,True,True
279057870,Sách tô màu: Tí Đù - Thế giới to bự trong mắt tớ! - Tidu team,70520,86000,18,0.0,0,0,Tidu team,Công Ty Cổ Phần Time Books,Nhà Xuất Bản Phụ Nữ Việt Nam,,Bìa mềm,80.0,,Tiệm Sách Thật,available,1000,True,True,True
278881368,Sách Tô màu ABBOOKS Capybara Chủ Đề Thân Thiện - Thích Hoa Quả - Thích Suối Nước Nóng - Vui Chơi Bốn Mùa ( Bộ 4 Cuốn),80000,80000,0,0.0,0,0,nhieu tac gia,Công Ty TNHH TM & DV Văn Hóa Giáo Dục Phía Nam,Nhà Xuất Bản Đồng Nai,,Bìa mềm,24.0,,NHÀ SÁCH ABBOOKS,available,1000,True,True,True
278603998,Sách - Chuẩn Bị Vào Lớp 1 - Vở Làm Quen Với Toán - Dành Cho Bé 5-6 Tuổi - Bộ 4 Quyển,56000,56000,0,0.0,0,0,nhieu tac gia,Công Ty TNHH TM & DV Văn Hóa Giáo Dục Phía Nam,Nhà Xuất Bản Đồng Nai,,Bìa mềm,24.0,,NHÀ SÁCH ABBOOKS,available,1000,True,True,True
278489148,"Sách - Vở Ô Ly Tập Tô – Chữ Cái Viết Thường, Chữ Cái Viết Hoa, Các Nét Cơ Bản, Chữ Số - Bộ 4 Cuốn",48000,48000,0,0.0,0,0,nhieu tac gia,Công Ty TNHH TM & DV Văn Hóa Giáo Dục Phía Nam,Nhà Xuất Bản Thanh Hoá,,Bìa mềm,,,NHÀ SÁCH ABBOOKS,available,1000,True,True,True
278484199,"Bộ 4 Cuốn - Bé Chuẩn Bị Vào Lớp 1- Vở Tập Viết Nét Cơ Bản, Viết Thường, Viết Hoa, Chữ Số",50000,50000,0,0.0,0,0,nhieu tac gia,Công Ty TNHH TM & DV Văn Hóa Giáo Dục Phía Nam,Nhà Xuất Bản Thanh Hoá,,Bìa mềm,32.0,,NHÀ SÁCH ABBOOKS,available,1000,True,True,True
278483751,"Sách - Tủ Sách Mầm Non - Bé Tập Tô Chữ Cái, Các Nét Cơ Bản, Chữ Số Dành Cho Bé 4-6 Tuổi",48000,48000,0,0.0,0,0,nhieu tac gia,Công Ty TNHH TM & DV Văn Hóa Giáo Dục Phía Nam,Nhà Xuất Bản Đồng Nai,,Bìa mềm,32.0,,NHÀ SÁCH ABBOOKS,available,1000,True,True,True
278475258,Sách - Hành Trang Vào Lớp 1 Dành Cho Bé 5-6 Tuổi Bộ 4 Quyển -ABBOOKS,48000,48000,0,0.0,0,0,nhieu tac gia,Công Ty TNHH TM & DV Văn Hóa Giáo Dục Phía Nam,Nhà Xuất Bản Đồng Nai,,Bìa mềm,32.0,,NHÀ SÁCH ABBOOKS,available,1000,True,True,True
278471573,Sách - Chuẩn Bị Cho Bé Vào Lớp 1 - Tập Viết Bộ 10 Quyển - ABBOOKS,100000,100000,0,0.0,0,0,nhieu tac gia,Công Ty TNHH TM & DV Văn Hóa Giáo Dục Phía Nam,Nhà Xuất Bản Thanh Hoá,,Bìa mềm,,,NHÀ SÁCH ABBOOKS,available,1000,True,True,True
277550156,Bộ cẩm nang hành trang chuyển cấp - Bé Tự Tin Mai Em Vào Lớp 1 - Dành Cho Trẻ 4 Đến 5 Tuổi (Tặng kèm bút chì xinh xắn bất kì),133000,133000,0,0.0,0,0,,Minh Long,Nhà Xuất Bản Đại Học Sư Phạm,,,,,HỆ THỐNG NHÀ SÁCH ABC,available,1000,True,True,True
277550150,Combo 3 Quyển Bé Học Toán Cộng Trừ Trong Phạm Vi 10 đến 100 - Tặng kèm bút chì xinh xắn,104000,104000,0,0.0,0,0,,Minh Long,Nhà Xuất Bản Mỹ Thuật,,,,,HỆ THỐNG NHÀ SÁCH ABC,available,1000,True,True,True
275737384,Sách- Chuẩn Bị Cho Bé Vào Lớp 1 - Làm Quen Chữ Cái (Tái Bản 2022)- 2HBooks,14450,17000,15,0.0,0,0,Thanh Hoài,Công Ty Cổ Phần Văn Hóa Huy Hoàng,Nhà Xuất Bản Mỹ Thuật,,Bìa mềm,32.0,2022-05-01,2HBooks,available,1000,True,True,True
275048548,Sách- Chuẩn Bị Cho Bé Tới Trường -Chữ Số (Tặng kèm bút viết/xóa)- 2HBooks,150000,150000,0,0.0,0,0,Ngọc Phương,Công Ty Cổ Phần Văn Hóa Huy Hoàng,Nhà Xuất Bản Phụ Nữ Việt Nam,,Bìa cứng,24.0,2023-05-01,2HBooks,available,1000,True,True,True
274690193,"Sách - Bộ Tô Màu Bóc Dán 100+ Stickers (Song Ngữ Anh – Việt), bộ 6 quyển",34000,34000,0,0.0,0,1,,Việt Hà,Nhà Xuất Bản Hà Nội,,,16.0,,NHÀ SÁCH ĐĂNG KHÔI,available,1000,True,True,True
274613317,Sách - Tô Màu Phát Triển Trí Thông Minh - Dành Cho Bé Từ 2-6 Tuổi (Bộ 8 quyển),80000,80000,0,0.0,0,3,Minh Phương,Việt Hà,Nhà Xuất Bản Hà Nội,,Bìa mềm,16.0,,NHÀ SÁCH ĐĂNG KHÔI,available,1000,True,True,True
274613065,Sách - Bé tô màu 9999 song ngữ Anh Việt cho bé 2-6 tuổi,90000,90000,0,0.0,0,2,Thanh Hương,Việt Hà,Nhà Xuất Bản Hà Nội,,Bìa cứng,160.0,,NHÀ SÁCH ĐĂNG KHÔI,available,1000,True,True,True
270480164,Túi - Bé Tập Tô Màu ( Túi 8 Cuốn) - Bản Quyền,80000,80000,0,0.0,0,0,,minhlongbook,Nhà Xuất Bản Mỹ Thuật,,,,,Nhà Sách Vĩnh Thụy,available,1000,True,True,True
270478187,Túi - Bé Tập Tô Màu Và Nhận Biết Thế Giới Xung Quanh (6 Cuốn) - Bản Quyền,72000,72000,0,0.0,0,0,,minhlongbook,Nhà Xuất Bản Mỹ Thuật,,,,,Nhà Sách Vĩnh Thụy,available,1000,True,True,True
251768683,Chuẩn Bị Cho Bé Vào Lớp 1 - Bé Làm Toán Và Tô Màu (Tập 6),8075,9500,15,0.0,0,0,,Nhà xuất bản Tổng hợp TP.HCM ,Nhà Xuất Bản Tổng hợp TP.HCM,,,,,NXB TỔNG HỢP,available,1000,True,True,True
249013611,Let's Color - Những Yếu Tố Cơ Bản Trong Hội Họa,69000,69000,0,0.0,0,0,,Sách điện tử Thái Hà,Nhiều Nhà Xuất Bản,,,,,Nhà Sách Vĩnh Thụy,available,1000,True,True,True
248928307,Đôi Tay Xinh Sáng Tạo Cả Thế Giới 1,69000,69000,0,0.0,0,0,"Kyunghee Yim, Im Kyung Hee",Thái Hà,Nhà Xuất Bản Lao Động,,Bìa mềm,34.0,2021-03-01,Nhà Sách Vĩnh Thụy,available,1000,True,True,True
247058315,Cách Viết Chữ Thảo,60000,60000,0,0.0,0,0,,Zenbooks,Nhiều Nhà Xuất Bản,,,,,HỆ THỐNG NHÀ SÁCH ABC,available,1000,True,True,True
215641710,Cách Viết Chữ Thảo,60000,60000,0,0.0,0,0,,Zenbooks,Nhiều Nhà Xuất Bản,,,,,HỆ THỐNG NHÀ SÁCH ABC,available,1000,True,True,True
206605570,Miếng Dán Thần Kì - Phát Triển Chỉ Số Sáng Tạo CQ 3-4 Tuổi (Tái bản năm 2021),50000,50000,0,0.0,0,0,nhieu tac gia,Nhà Xuất Bản Dân Trí,Nhà Xuất Bản Dân Trí,,Bìa mềm,20.0,,Nhà Sách Vĩnh Thụy,available,1000,True,True,True
206180430,Túi Tập Tô Màu Mẫu Giáo (Bộ 8 Cuốn),80000,80000,0,0.0,0,0,Trung Kiên,Minh Long,Nhà Xuất Bản Hồng Đức,,Bìa mềm,128.0,2022-11-19,Nhà Sách Vĩnh Thụy,available,1000,True,True,True
197900256,Combo Tô Màu Thú Cưng (5 quyển) - KV,48500,50000,3,0.0,0,0,Hương giang,Khang Việt,Nhà Xuất Bản Tổng hợp TP.HCM,,Bìa mềm,15.0,,NewShop Official,available,1000,True,True,True
197826254,Bé Tô Viết Chữ Cái Tập 1 - KV,9700,10000,3,0.0,0,1,Hương Giang,Khang Việt,Nhà Xuất Bản Tổng hợp TP.HCM,,Bìa mềm,15.0,,NewShop Official,available,1000,True,True,True
173911161,Siêu Nhí Khám Phá: Toán Tư Duy - Phát Triển Toàn Diện IQ Toán Học Dành Cho Bé Từ 3 - 4 Tuổi,65000,65000,0,0.0,0,0,,1980 Books,Nhà Xuất Bản Dân Trí,,,,,HỆ THỐNG NHÀ SÁCH ABC,available,1000,True,True,True
130172166,Combo 4 cuốn: Phát Triển Khả Năng Trí Tuệ Của Trẻ Qua Trò Chơi Dán Hình (Dành Cho Trẻ 4-6 Tuổi),220000,220000,0,0.0,0,0,Tiểu Hồng Hoa,NXB Phụ Nữ,Nhà Xuất Bản Phụ Nữ,,,,,Nhà Sách Vĩnh Thụy,available,1000,True,True,True
114944465,Sách: Bé Tập Tô Màu B80 ( Túi 8 Cuốn) - TSMN,80000,80000,0,0.0,0,0,,Minh Long,Nhà Xuất Bản Mỹ Thuật,,,,,Nhà Sách Vĩnh Thụy,available,1000,True,True,True
114905417,Bộ Bé Tô Màu Sáng Tạo (4 cuốn),25600,32000,20,5.0,1,3,Minh Thùy - Đinh Huỳnh,Liên Việt,Nhà Xuất Bản Phụ Nữ Việt Nam,,Bìa mềm,168.0,2021-03-22,Liên Việt Official Store,available,1000,True,True,True
114895999,Sách - Tiểu Vũ Trụ Tô Màu Thế Giới 12 Chòm Sao + Tô Bình Yên Vẽ Hạnh Phúc + Mình Chỉ Là Người Bình Thường (Lẻ tùy chọn),86000,86000,0,0.0,0,0,,Skybooks,Nhà Xuất Bản Phụ Nữ Việt Nam,,,,,HỆ THỐNG NHÀ SÁCH ABC,available,1000,True,True,True
110204788,Bé Tập Tô Màu (3-6 Tuổi) - Tập 1,38000,38000,0,0.0,0,0,Nhiều tác giả,Đông A,Nhà Xuất Bản Dân Trí,,,,,Nhà Sách Vĩnh Thụy,available,1000,True,True,True
94887011,"Combo Vở Ô li có mẫu chữ 1 (Kết nối) quyển 1, 2",23800,28000,15,5.0,4,20,Hương Giang,Khang Việt Book,Nhà Xuất Bản Đại Học Quốc Gia Hà Nội,,Bìa mềm,92.0,,khangvietbook,available,1000,True,True,True
94886599,"Combo Vở Ô li có mẫu chữ 1 (sáng tạo) quyển 1, 2",23800,28000,15,0.0,0,3,Hương Giang,Khang Việt Book,Nhà Xuất Bản Đại Học Quốc Gia Hà Nội,,Bìa mềm,100.0,,khangvietbook,available,1000,True,True,True
52678661,Tớ Là Họa Sĩ - Đồ Vật Thường Ngày (Tái Bản 2020),20000,20000,0,0.0,0,0,Thùy Cốm,Nhã Nam,Nhà Xuất Bản Hội Nhà Văn,,,,,info book,available,1000,True,True,True
25979979,Thương Hiệu Xe - Bồi Dưỡng Tổng Hợp 6 Kỹ Năng Lớn,42000,42000,0,0.0,0,2,Văn Tâm,NXB Văn Học,Nhà Xuất Bản Văn Học,,,,,Liên Việt Official Store,available,1000,True,True,True
11265113,Combo Bé Tô Màu Những Nhân Vật Hoạt Hình,84000,84000,0,0.0,0,0,.,Pandabooks,Nhà Xuất Bản Văn Hoá Thông Tin,,Bìa mềm,,2019-03-01,Pandabooks Hiệu Sách,available,1000,True,True,True
11248025,Combo Bé Tập Viết Và Bé Học Toán (tặng kèm 1 tờ sticker dán hình ngôi sao 36 hình),62000,62000,0,5.0,3,48,Nguyễn Thị Thu Hà,Liên kết với tác giả,Tiki Tổng Hợp,,Bìa mềm,44.0,2018-03-03,trungthanh2018,available,1000,True,True,True
278678858,Tập vẽ chì màu: Cây cỏ hoa lá + Thế giới bên ngoài + Động vật ngộ nghĩnh + Món ngon mỗi ngày,256500,270000,5,0.0,0,0,Đồng Tâm,Tinh Hoa,Nhiều Nhà Xuất Bản,,Bìa mềm,,,Tinh Hoa,available,1000,True,True,True
277920789,Sách văn học trẻ tiếng Anh - Where Are The Secret Seven?,270000,270000,0,0.0,0,0,nhieu tac gia,Hachette,Hachette,,Bìa mềm,,2016-01-01,Blue Horizon Books,available,1000,True,True,True
277833716,Em Tập Vẽ Và Tô Màu - Túi 8 Cuốn,304000,320000,5,0.0,0,0,,Tinh Hoa,Nhiều Nhà Xuất Bản,,Bìa mềm,,,Tinh Hoa,available,1000,True,True,True
277383571,Tập Vẽ Theo Nét - MEGA,32000,32000,0,0.0,0,0,Little Rainbow,Megabooks,Nhà Xuất Bản Thanh Niên,,Bìa mềm,,,NewShop Official,available,1000,True,True,True
277361727,Bộ sách Chơi mà học Trường mẫu giáo của em - Số và đếm số,25000,25000,0,0.0,0,0,,NXB Đại Học Sư Phạm,Nhà Xuất Bản Đại Học Sư Phạm,,Bìa mềm,16.0,,NXB Đại học Sư phạm,available,1000,True,True,True
277344770,Mini Fashion - Baby Three (100+ Stickers Dễ Thương) - MEGA,27000,27000,0,0.0,0,0,Little Rainbow,Megabooks,Nhà Xuất Bản Thanh Niên,,Bìa mềm,23.0,,MEGABOOK,available,1000,True,True,True
277318434,Bé vui học Toán (Hành trang cho bé chuẩn bị vào lớp 1) - Quyển 2 (Dành cho trẻ từ 5 - 6 tuổi),45000,45000,0,0.0,0,0,,NXB Đại Học Sư Phạm,Nhà Xuất Bản Đại Học Sư Phạm,,,48.0,,NXB Đại học Sư phạm,available,1000,True,True,True
276965761,Sách Tô Màu Chữa Lành - ABB ,68000,68000,0,0.0,0,0,nhieu tac gia,ABBOOKS,Nhà Xuất Bản Đồng Nai,,Bìa mềm,308.0,,NewShop Official,available,1000,True,True,True
275742396,"Sách- Chuẩn Bị Cho Bé Vào Lớp 1, Combo 8 cuốn Làm Quen Chữ Cái, Toán Học, Luyện Viết, Tập Tô, Tập Ghép Vần- 2HBooks",136000,136000,0,0.0,0,2,Thanh Hoài,Công Ty Cổ Phần Văn Hóa Huy Hoàng,Nhà Xuất Bản Mỹ Thuật,,Bìa mềm,256.0,2023-07-01,2HBooks,available,1000,True,True,True
275738350,Sách- Chuẩn Bị Cho Bé Vào Lớp 1 - Luyện Viết Chữ Đẹp: Chữ Thường (Tái Bản 2023)- 2HBooks,14450,17000,15,0.0,0,0,Thanh Hoài,Công Ty Cổ Phần Văn Hóa Huy Hoàng,Nhà Xuất Bản Mỹ Thuật,,Bìa mềm,32.0,2023-07-01,2HBooks,available,1000,True,True,True
273767794,Sách - Giúp em viết chữ đẹp lớp 4 - tập 2 (cánh diều) (KP),50000,50000,0,0.0,0,1,,Nhà Sách Hồng Ân,Nhà Xuất Bản Đại Học Sư Phạm,,Bìa mềm,,,HƯƠNG BOOK 2,available,1000,True,True,True
263179425,Bé Học-Bé Chơi - Tô Màu Vương Quốc Khủng Long 1,17000,20000,15,0.0,0,0,Award,NXB Trẻ,NXB Trẻ,,,,,Nhà Xuất Bản Trẻ,available,1000,True,True,True
262338117,Tô Màu Theo Số - Tiên Cá,17000,20000,15,0.0,0,0,Award,NXB Trẻ,NXB Trẻ,,,,,Nhà Xuất Bản Trẻ,available,1000,True,True,True
251744028,"Sách - Combo 5 cuốn Tập tô tập viết chữ, số và học Toán, Hành trang vào lớp 1 - Lê Mai - ndbooks",125000,125000,0,5.0,1,9,,CÔNG TY TNHH THƯƠNG MẠI SÁCH NHÂN DÂN,Nhà Xuất Bản Đại Học Quốc Gia Hà Nội,,Bìa mềm,40.0,,SÁCH NHÂN DÂN - ndbooks,available,1000,True,True,True
249938510,TẬP TÔ MÀU NHÀ TRẺ - 8 CUỐN,80000,80000,0,0.0,0,0,Khánh Hòa,Văn Lang,Nhà Xuất Bản Mỹ Thuật,,Bìa mềm,128.0,2023-04-06,Nhà Sách Vĩnh Thụy,available,1000,True,True,True
249347946,Let's Color - Nghệ Thuật Vòng Quanh Thế Giới,69000,69000,0,0.0,0,0,,Sách điện tử Thái Hà,Nhiều Nhà Xuất Bản,,,,,Nhà Sách Vĩnh Thụy,available,1000,True,True,True
249347891,Let's Color - Nét Vẽ Mạnh Mẽ Như Vangogh,69000,69000,0,0.0,0,0,,Sách điện tử Thái Hà,Nhiều Nhà Xuất Bản,,,,,Nhà Sách Vĩnh Thụy,available,1000,True,True,True
248977659,Con Tô Màu - Thám Hiểm Thế Giới Khủng Long _Mega,32000,32000,0,0.0,0,2,Little Rainbow,Megabooks,Nhà Xuất Bản Mỹ Thuật,,Bìa mềm,24.0,,NewShop Official,available,1000,True,True,True
247302618,Honjok: Yên Bình Sống Một Mình,149000,149000,0,0.0,0,0,,Thái Hà,Nhà Xuất Bản Công Thương,,,,,Nhà Sách Vĩnh Thụy,available,1000,True,True,True
213936421,Bé Tự Học Cùng Bubu - Tập Viết Số,25000,25000,0,0.0,0,0,,NXB Trẻ,oem,,Bìa mềm,,,Nhân Văn,available,1000,True,False,True
213936323,Bé Tự Học Cùng Bubu - Tập Viết Chữ Cái,21250,25000,15,0.0,0,0,,NXB Trẻ,oem,,Bìa mềm,,,Nhà Xuất Bản Trẻ,available,1000,True,True,True
213936292,Bé Tự Học Cùng Bubu - Tập Viết 2 - Bé Tập Viết Chữ Cái,20000,20000,0,0.0,0,0,,NXB Trẻ,oem,,Bìa mềm,,,Nhân Văn,available,1000,True,False,True
213936223,Bé Tự Học Cùng Bubu - Làm Quen Chữ Cái,25000,25000,0,0.0,0,0,,NXB Trẻ,oem,,Bìa mềm,,,Nhân Văn,available,1000,True,False,True
213936177,Bé Tự Học Cùng Bubu - Tập Tô Màu 1,18700,22000,15,5.0,1,1,,NXB Trẻ,oem,,Bìa mềm,,,Nhà Xuất Bản Trẻ,available,1000,True,True,True
213936041,Bé Tự Học Cùng Bubu - Làm Quen Với Chữ Số,25000,25000,0,0.0,0,0,,NXB Trẻ,oem,,Bìa mềm,,,Nhân Văn,available,1000,True,False,True
207335231,Luyện Tay Cầm Bút - Tập Tô Chữ Cái (ABB),14000,14000,0,0.0,0,4,Chính Bình,ABBOOKS,Nhà Xuất Bản Đồng Nai,,Bìa mềm,,,NewShop Official,available,1000,True,True,True
207335130,Luyện Tay Cầm Bút - Tập Tô Nét Cơ Bản (ABB),14000,14000,0,0.0,0,4,Chính Bình,ABBOOKS,Nhà Xuất Bản Đồng Nai,,Bìa mềm,,,NewShop Official,available,1000,True,True,True
207334005,	Luyện Tay Cầm Bút - Tập Tô Chữ (Dành Cho 4-5 Tuổi) _ABB,14000,14000,0,0.0,0,2,Chính Bình,ABBOOKS,Nhà Xuất Bản Đồng Nai,,Bìa mềm,,,NewShop Official,available,1000,True,True,True
191808694,Superhero - Tô Màu Siêu Nhân 3,14000,14000,0,0.0,0,0,,Cty Văn Hóa & Truyền Thông Trí Việt.,oem,,Bìa mềm,,,Nhân Văn,available,1000,True,False,True
187011115,Bé Tô Màu Paw Patrol - Quyển 2,12000,12000,0,5.0,1,4,,ABBOOKS,oem,,Bìa mềm,,,Nhân Văn,available,1000,True,False,True
174606461,Combo: Bộ Sách Tô Màu Các Siêu Anh Hùng- Lực Sĩ+ Bay Lượn+ Tốc Độ: Dành Cho Bé Từ 05 Tuổi) ( Bộ: 3 Cuốn),23700,35000,32,5.0,1,16,Họa Sỹ Tống,Tân Việt,Nhà Xuất Bản Mỹ Thuật,,Bìa mềm,23.0,2022-01-01,Tiki Trading,available,1000,False,True,True
129665925,Bước đầu tập viết - quyển 2 chữ cái và chữ ghép,32200,46000,30,0.0,0,0,,CÔNG TY TNHH THƯƠNG MẠI SÁCH NHÂN DÂN,dai hoc quoc gia ha noi,,Bìa mềm,,,SÁCH NHÂN DÂN - ndbooks,available,1000,True,True,True
114945332,Sách: Túi Bé Tô Màu Công Chúa ( 6 Cuốn ) - TSMN,90000,90000,0,0.0,0,0,,Minh Long,Nhà Xuất Bản Mỹ Thuật,,,,,Nhà Sách Vĩnh Thụy,available,1000,True,True,True
113628553,"Sách - Hành Trang Cho Bé Vào Lớp Một Túi 6 Cuốn,Tập Tô,Tập Viết Chữ Cái Chữ Số ,Tặng 1 Cây Viết chì, 1 Chốt , 1 Gôm Tẩy",90000,90000,0,0.0,0,1,nhieu tac gia,Minh Long,Nhà Xuất Bản Đại Học Sư Phạm,,Bìa mềm,32.0,2018-07-01,Nhà Sách Vĩnh Thụy,available,1000,True,True,True
110887541,Túi Học Mà Chơi Chơi Mà Học (4-5 Tuổi),62000,62000,0,0.0,0,0,,Minh Long,Nhà Xuất Bản Đại Học Sư Phạm,,Bìa mềm,,2017-03-03,Nhà Sách Vĩnh Thụy,available,1000,True,True,True
110204557,Vui Làm Toán Để Ngủ Ngon 04 - Bedtime Math 4,93500,110000,15,0.0,0,2,"Jim Paillot, Laura Overdeck",NXB Trẻ,NXB Trẻ,,,,,Nhà Xuất Bản Trẻ,available,1000,True,True,True
109765202,Vui Làm Toán Để Ngủ Ngon 01 - Bedtime Math 1,72250,85000,15,5.0,1,7,"Jim Paillot, Laura Overdeck",NXB Trẻ,NXB Trẻ,,,,,Nhà Xuất Bản Trẻ,available,1000,True,True,True
77222027,Sách - Ô kìa? Em có biết! - Khủng long (tặng kèm bookmark thiết kế),49000,49000,0,0.0,0,0,,Nhã Nam,Nhà Xuất Bản Dân Trí,,,,,Nhà Sách Vĩnh Thụy,available,1000,True,False,True
71093660,"Bộ 5 cuốn Bước đầu học viết (tập tô vần, tập tô số và hình khối, tập viết các nét cơ bản, tập viết chữ cái, tập tô chữ)",115000,115000,0,5.0,7,27,,CÔNG TY TNHH THƯƠNG MẠI SÁCH NHÂN DÂN,Nhà Xuất Bản Thanh Niên,,Bìa mềm,,,SÁCH NHÂN DÂN - ndbooks,available,1000,True,True,True
26439587,Sách Barbie - Lễ Hội Halloween Lấp Lánh,28100,40000,30,5.0,1,17,,Tân Việt,,,Bìa mềm,24.0,2019-06-01,Tiki Trading,available,1000,False,True,True
279136302,Sách - Bé Tô Màu Mẫu Giáo - Đồ Chơi (Tái Bản 2024),10000,10000,0,0.0,0,0,Huyền Linh,Cty Văn Hóa & Truyền Thông Trí Việt.,Nhà Xuất Bản Văn Học,,Bìa mềm,,2023-12-21,Nhà sách Fahasa,available,1000,True,True,True
279074425,Sách - Tô Màu Phát Triển Não Bộ Cho Bé 1-5 Tuổi - Tập 11 - Sinh Nhật Rộn Ràng,16000,16000,0,0.0,0,0,nhieu tac gia,Nhã Nam,NXB Dân Trí,,Bìa mềm,,2023-12-21,Nhà sách Fahasa,available,1000,True,True,True
279074423,Sách - Tô Màu Phát Triển Não Bộ Cho Bé 1-5 Tuổi - Tập 18 - Hội Hè Lễ Tết,16000,16000,0,0.0,0,0,nhieu tac gia,Nhã Nam,NXB Dân Trí,,Bìa mềm,,2023-12-21,Nhà sách Fahasa,available,1000,True,True,True
279058540,Sách - Bé Tô Màu Mẫu Giáo - Thú Rừng,11000,11000,0,0.0,0,0,Huyền Linh,Cty Văn Hóa & Truyền Thông Trí Việt.,Nhà Xuất Bản Văn Học,,Bìa mềm,,2023-12-21,Nhà sách Fahasa,available,1000,True,True,True
279058528,Sách - Bé Tô Màu Mẫu Giáo - Trái Cây,11000,11000,0,0.0,0,0,Huyền Linh,Cty Văn Hóa & Truyền Thông Trí Việt.,Nhà Xuất Bản Văn Học,,Bìa mềm,,2023-12-21,Nhà sách Fahasa,available,1000,True,True,True
279058508,Sách - Bé Tô Màu Mẫu Giáo - Đồ Chơi,11000,11000,0,0.0,0,0,Huyền Linh,Cty Văn Hóa & Truyền Thông Trí Việt.,Nhà Xuất Bản Văn Học,,Bìa mềm,,2023-12-21,Nhà sách Fahasa,available,1000,True,True,True
278890655,Sách - Dán Hình Thông Minh: Princess Fashion Công Chúa Thời Trang - Ndbooks,48000,60000,20,0.0,0,0,nhieu tac gia,CÔNG TY TNHH THƯƠNG MẠI SÁCH NHÂN DÂN,Nhà Xuất Bản Thanh Niên,,Bìa mềm,,,SÁCH NHÂN DÂN - ndbooks,available,1000,True,True,True
278713206,Sách - Em Tập Tô Màu Theo Chủ Đề - Công Chúa Xinh Đẹp (Tái Bản 2025),11500,11500,0,0.0,0,0,nhieu tac gia,Cty TNHH TM&DV VH GD Phía Nam,Nhà Xuất Bản Thanh Hoá,,Bìa mềm,,2023-12-21,Nhà sách Fahasa,available,1000,True,True,True
277770506,"Sách - Combo 5 quyển Tập tô chữ, tô số mẫu giáo, tô chữ hoa và các nét cơ bản -ndbooks",40600,58000,30,0.0,0,0,,CÔNG TY TNHH THƯƠNG MẠI SÁCH NHÂN DÂN,Nhà Xuất Bản Dân Trí,,Bìa mềm,,,SÁCH NHÂN DÂN - ndbooks,available,1000,True,True,True
274823586,Bé Tô Màu - Hải Ly Loopy Vui Chơi,11500,11500,0,0.0,0,0,Quang Minh,Cty TNHH TM&DV VH GD Phía Nam,Nhà Xuất Bản Đồng Nai,,,,,Nhà sách Fahasa,available,1000,True,True,True
273670844,Bé Tô Màu - Vương Quốc Xe Hơi 3,12000,12000,0,0.0,0,1,,Cty TNHH TM&DV VH GD Phía Nam,Nhà Xuất Bản Đồng Nai,,,,,Nhà sách Fahasa,available,1000,True,True,True
273341124,Chuẩn Bị Cho Bé Vào Lớp 1 - Dành Cho Bé 4-5 Tuổi - Tập Viết Chữ Cái,10000,10000,0,0.0,0,9,,Cty TNHH TM&DV VH GD Phía Nam,,,,,,Nhà sách Fahasa,available,1000,True,True,True
273341108,Chuẩn Bị Cho Bé Vào Lớp 1 - Dành Cho Bé 5-6 Tuổi - Bé Tập Viết Chữ - Quyển 1,10000,10000,0,0.0,0,4,,Cty TNHH TM&DV VH GD Phía Nam,,,,,,Nhà sách Fahasa,available,1000,True,True,True
273341100,Chuẩn Bị Cho Bé Vào Lớp 1 - Dành Cho Bé 5-6 Tuổi - Bé Tập Viết Chữ - Quyển 2,10000,10000,0,0.0,0,0,,Cty TNHH TM&DV VH GD Phía Nam,,,,,,Nhà sách Fahasa,available,1000,True,True,True
272407221, CHUẨN BỊ CHO BÉ TỚI TRƯỜNG - CHỮ SỐ (TẶNG KÈM BÚT VIẾT/XÓA),150000,150000,0,0.0,0,0,,Công Ty Cổ Phần Văn Hóa Huy Hoàng,Nhà Xuất Bản Phụ Nữ Việt Nam,,,,,AHABOOKS,available,1000,True,True,True
272305787,Bé Tô Màu - Lotso Yêu Bánh Vòng,12000,12000,0,0.0,0,0,Quang Minh,Cty TNHH TM&DV VH GD Phía Nam,Nhà Xuất Bản Đồng Nai,,,,,Nhà sách Fahasa,available,1000,True,True,True
270173268,Bé Tập Tô Màu - Phương Tiện Giao Thông (Tái Bản 2023),16000,16000,0,0.0,0,1,Biên Thùy,NXB Trẻ,NXB Trẻ,,,,,Nhà sách Fahasa,available,1000,True,True,True
270107270,Tập Tô Chữ - Ghép Vần 1 (Dành Cho Bé Chuẩn Bị Vào Lớp 1) (Tái Bản 2023),10000,10000,0,0.0,0,1,Chính An,Cty TNHH TM&DV VH GD Phía Nam,,,,,,Nhà sách Fahasa,available,1000,True,True,True
263208270,Tập Tô Màu Và Nhận Biết Chữ Cái - Tập 1 (2020),10000,10000,0,0.0,0,0,Thiên Ân,Cty Giáo Dục Đức Trí,Nhà Xuất Bản Đại Học Quốc Gia TP.HCM,,,,,Nhà sách Fahasa,available,1000,True,True,True
263206680,Bộ Sách Tô Màu Theo Lứa Tuổi: Gấu Con Tập Tô Màu + Chú Hề Vui Nhộn - Từ 3-6 Tuổi (Bộ 4 Cuốn),100000,100000,0,0.0,0,0,Minh Thư,Tân Việt,nxb my thuat,,,,,NHBook,available,1000,True,True,True
263105092,Bé Tô Màu Tayo - Quyển 3,12000,12000,0,0.0,0,1,Quang Minh,Cty TNHH TM&DV VH GD Phía Nam,Nhà Xuất Bản Đà Nẵng,,,,,Nhà sách Fahasa,available,1000,True,True,True
263100006,Bé Tô Màu Nàng Tiên Cá - Quyển 2,12000,12000,0,0.0,0,0,,Cty TNHH TM&DV VH GD Phía Nam,,,,,,Nhà sách Fahasa,available,1000,True,True,True
225210753,Tập Tô 1 - Dành Cho Bé 4 - 5 Tuổi,12000,12000,0,0.0,0,0,Minh Châu,Cty Giáo Dục Đức Trí,Nhà Xuất Bản Đại Học Quốc Gia TP.HCM,,,,,Nhà sách Fahasa,available,1000,True,True,True
219460768,Tủ Sách Bé Chuẩn Bị Vào Lớp Một - Tập Tô Số Mẫu Giáo,12000,12000,0,0.0,0,2,Thiên Ân,Cty Giáo Dục Đức Trí,Nhà Xuất Bản Đại Học Quốc Gia Hà Nội,,,,,Nhà sách Fahasa,available,1000,True,True,True
219460684,Bé Tập Làm Họa Sĩ - Tô Màu 3 (4-5 Tuổi),12000,12000,0,0.0,0,1,Thiên Ân,Cty Giáo Dục Đức Trí,Nhà Xuất Bản Đại Học Quốc Gia Hà Nội,,,,,Nhà sách Fahasa,available,1000,True,True,True
217898409,Tớ Tự Tô: Thế Giới Xe Cộ,12000,12000,0,0.0,0,0,Nguyễn Thanh Nga,Nhà Xuất Bản Kim Đồng,Nhà Xuất Bản Kim Đồng,,,,,Nhà sách Fahasa,available,1000,True,True,True
217896766,Tớ Tự Tô: Xứ Sở Chim Muông,12000,12000,0,0.0,0,0,Nguyễn Thanh Nga,Nhà Xuất Bản Kim Đồng,Nhà Xuất Bản Kim Đồng,,,,,Nhà sách Fahasa,available,1000,True,True,True
217146827,Combo 5 cuốn Bàn Tay Nhỏ Vẽ Tranh,145000,145000,0,0.0,0,1,,Tân Việt,Nhà Xuất Bản Mỹ Thuật,,Bìa mềm,,,NHBook,available,1000,True,True,True
217145664,"Combo 4 cuốn Kitty - Rèn Luyện Khả Năng Nhận Biết, Quan Sát, Sáng Tạo, Tập Trung (Tô Màu)",120000,120000,0,0.0,0,0,,Tân Việt,Nhà Xuất Bản Mỹ Thuật,,Bìa mềm,,,NHBook,available,1000,True,True,True
196058129,Giúp Bé Làm Quen Với Toán (Dành Cho Trẻ 5-6 Tuổi),12000,12000,0,0.0,0,6,Thiên Ân,Cty Giáo Dục Đức Trí,Nhà Xuất Bản Đại Học Quốc Gia Hà Nội,,,,,Nhà sách Fahasa,available,1000,True,True,True
185851621,Em Tập Tô Màu Và Đọc Truyện Kho Tàng Truyện Cổ Dân Gian Việt Nam - Thánh Gióng,12000,12000,0,0.0,0,1,Chính Bình,Cty TNHH TM&DV VH GD Phía Nam,,,,,,Nhà sách Fahasa,available,1000,True,True,True
171586376,Bé Tô Màu - Hello Kitty - Quyển 2,12000,12000,0,0.0,0,9,,Cty TNHH TM&DV VH GD Phía Nam,,,,,,Nhà sách Fahasa,available,1000,True,True,True
171586335,Bé Học Toán,10000,10000,0,0.0,0,0,"Thiện Lộc,  Minh Nguyệt",Cty Giáo Dục Đức Trí,Nhà Xuất Bản Đại Học Quốc Gia TP.HCM,,,,,Nhà sách Fahasa,available,1000,True,True,True
146275469,Hành Trang Bé Vào Lớp 1 - Tập Tô Chữ - Tập 2 (Từ 4 - 6 Tuổi),11000,11000,0,0.0,0,0,Minh Đức,Cty Văn Hóa Minh Lâm,Nhà Xuất Bản Hồng Đức,,,,,Nhà sách Fahasa,available,1000,True,True,True
113000899,Bộ Sách Thú Vị Dành Cho Bé Nhập Môn Tập Tô - Bé Tập Tô Màu (Bộ 6 Cuốn),105000,210000,50,0.0,0,1,"Minh Thư, Minh Thu, Minh thư, Minh Thu",Tân Việt,Nhà Xuất Bản Mỹ Thuật,,,,,NHBook,available,1000,True,True,True
106348541,Tô Màu Siêu Nhân - Tập 2 (2019),10000,10000,0,5.0,1,2,"Thiên Ân, Thiên Ấn, Thiên ân, THiên Ân, Thiên An",Cty Giáo Dục Đức Trí,Nhà Xuất Bản Đại Học Quốc Gia Hà Nội,,,,,Nhà sách Fahasa,available,1000,True,True,True
95226219,ComBo 8 Cuốn: Bộ My Little Pony-Jumbo Tô Màu Và Các Trò Chơi (Có Đề Can Dán),232000,232000,0,5.0,1,2,Nhiều tác giả,Tân Việt,Nhà Xuất Bản Mỹ Thuật,,Bìa mềm,288.0,2021-05-15,NHBook,available,1000,True,True,True
55000013,Combo (Bộ 5 Cuốn) Bàn Tay Nhỏ Vẽ Tranh : Động Vật Đáng Yêu + Thực Vật Phong Phú + Cuộc Sống Mến Thương + Phương Tiện Giao Thông + Phong Cảnh Tươi Đẹp,145000,145000,0,0.0,0,0,Minh Thư,Tân Việt,Nhà Xuất Bản Mỹ Thuật,,Bìa mềm,,,NHBook,available,1000,True,True,True
51664121,Combo Sách Chuẩn Bị Cho Bé Vào Lớp 1: Hành Trang Cho Bé Vào Lớp 1 (6 Cuốn) + Bé Vào Lớp 1 (8 Cuốn) + Đọc để trưởng thành,154001,154001,0,0.0,0,0,.,Minh Long,Nhà Xuất Bản Đại Học Sư Phạm,,,190.0,2020-02-13,AHABOOKS,available,1000,True,True,True
450397,Combo Cô bé bánh Dâu - Bé Tập Làm Nhà Thiết Kế,140000,140000,0,0.0,0,0,Children Fun,Tân Việt,Nhà Xuất Bản Mỹ Thuật,,Bìa mềm,,2015-09-29,NHBook,available,1000,True,True,True
279269684,Sách - Bé Tô Màu Động Vật Nuôi,15000,15000,0,0.0,0,0,nhieu tac gia,Fahasa,Nhà Xuất Bản Thanh Hoá,,Bìa mềm,,2023-12-21,Nhà sách Fahasa,available,1000,True,True,True
279269668,Sách - Bé Tô Màu Rau Củ Quả,15000,15000,0,0.0,0,0,nhieu tac gia,Fahasa,Nhà Xuất Bản Thanh Hoá,,Bìa mềm,,2023-12-21,Nhà sách Fahasa,available,1000,True,True,True
279217745,Sách Vẽ - Thỏ Peter và Khu Vườn Nhiệm Màu,74250,99000,25,0.0,0,0,1980Edu,1980 Books,Nhà Xuất Bản Dân Trí,,Bìa mềm,,,TTR Next Generation,available,1000,True,True,True
279074459,Sách - Tô Màu Phát Triển Não Bộ Cho Bé 1-5 Tuổi - Tập 15 - Đại Dương Diệu Kỳ,16000,16000,0,0.0,0,0,nhieu tac gia,Nhã Nam,NXB Dân Trí,,Bìa mềm,,2023-12-21,Nhà sách Fahasa,available,1000,True,True,True
279074441,Sách - Tô Màu Phát Triển Não Bộ Cho Bé 1-5 Tuổi - Tập 19 - Trường Lớp Thân Yêu,16000,16000,0,0.0,0,0,nhieu tac gia,Nhã Nam,NXB Dân Trí,,Bìa mềm,,2023-12-21,Nhà sách Fahasa,available,1000,True,True,True
279074437,Sách - Tô Màu Phát Triển Não Bộ Cho Bé 1-5 Tuổi - Tập 16 - Thiên Nhiên Muôn Màu,16000,16000,0,0.0,0,0,nhieu tac gia,Nhã Nam,NXB Dân Trí,,Bìa mềm,,2023-12-21,Nhà sách Fahasa,available,1000,True,True,True
279074429,Sách - Tô Màu Phát Triển Não Bộ Cho Bé 1-5 Tuổi - Tập 13 - Phương Tiện Di Chuyển,16000,16000,0,0.0,0,0,nhieu tac gia,Nhã Nam,NXB Dân Trí,,Bìa mềm,,2023-12-21,Nhà sách Fahasa,available,1000,True,True,True
277411885,Sách Tô Màu - Capybara Và Ngân Hà Lấp Lánh,55000,55000,0,0.0,0,0,Little Rainbow,Gieobooks,Nhà Xuất Bản Thanh Niên,,Bìa mềm,62.0,2025-02-26,MEGABOOK,available,1000,True,True,True
277376013,Sách Tô Màu - Baby Three Và Thế Giới Diệu Kỳ,58000,58000,0,0.0,0,0,Little Rainbow,Gieobooks,Nhà Xuất Bản Thanh Niên,,Bìa mềm,68.0,2025-02-19,MEGABOOK,available,1000,True,True,True
277138976,Combo 5 Cuốn Công Chúa Cherry (Bóc Dán Sticker Cho Bé),195000,195000,0,0.0,0,0,,Gieobooks,Nhà Xuất Bản Thanh Niên,,Bìa mềm,40.0,2025-01-21,Tazano Official Store,available,1000,True,True,True
276348191,Sách - Tô Màu Cuộc Sống Muôn Mùa Cùng Bu (VT),75050,79000,5,0.0,0,0,nhieu tac gia,Công Ty TNHH Văn Hóa Việt Thư,Nhà Xuất Bản Phụ Nữ Việt Nam,,Bìa mềm,66.0,,Cá Chép Bookstore,available,1000,True,True,True
275697726,Chúng Mình Đi Đâu Thế - Khám Phá Nhật Bản,50000,50000,0,0.0,0,0,nhieu tac gia,Huy Hoàng Bookstore,Nhà Xuất Bản Mỹ Thuật,,,48.0,,An Lạc,available,1000,True,True,True
274872619,Bé Tập Làm Họa Sĩ - Tô Màu (3-4 Tuổi) - Tập 2 (Tái Bản 2024),12000,12000,0,0.0,0,0,Thiên Ân,Cty Giáo Dục Đức Trí,Nhà Xuất Bản Đại Học Quốc Gia TP.HCM,,,,,Nhà sách Fahasa,available,1000,True,True,True
274678767,Tập Tô Chữ - Chữ Cái Viết Hoa - Dành Cho Bé Chuẩn Bị Vào Lớp 1 (Tái Bản 2023),10000,10000,0,0.0,0,0,Chính An,Cty TNHH TM&DV VH GD Phía Nam,,,,,,Nhà sách Fahasa,available,1000,True,True,True
274597715,Giúp Bé Vững Bước Vào Lớp 1 - Bé Làm Quen Với Chữ Cái - Quyển 1 (4-5 Tuổi) (Tái Bản 2024),12000,12000,0,0.0,0,1,Vân Hương,Tân Việt,nxb my thuat,,,,,Nhà sách Fahasa,available,1000,True,True,True
270815180,Tô Màu Làm Quen Với Toán - So Sánh (Dành Cho Bé 5-6 Tuổi) (Tái Bản 2022),12000,12000,0,0.0,0,1,"Thiện Lộc,  Minh Nguyệt",Cty Giáo Dục Đức Trí,Nhà Xuất Bản Đại Học Quốc Gia Hà Nội,,,,,Nhà sách Fahasa,available,1000,True,True,True
205810051,"Bộ Sưu Tập 200 Sticker - Số Đếm, Hình Dạng, Màu Sắc (Tái bản năm 2022)",68000,68000,0,0.0,0,2,Phan Minh Đạo,Nhà Xuất Bản Dân Trí,Nhà Xuất Bản Dân Trí,,Bìa mềm,26.0,,Nhà Sách Phương Nam,available,1000,True,True,True
205807413,Dán Hình Sáng Tạo Thế Giới Khủng Long - Khủng Long Ăn Thịt,42000,42000,0,0.0,0,0,Phan Anh Lệ,Nhà Xuất Bản Thanh Niên,Nhà Xuất Bản Thanh Niên,,Bìa mềm,16.0,,Nhà Sách Phương Nam,available,1000,True,True,True
197966532,Sách Muki - Bộ 5 Cuốn Vở Nhận Biết Và Tập Viết ABC Qua Các Trò Chơi Trí Tuệ (Dành Cho Trẻ Từ 4-6 Tuổi),125000,125000,0,0.0,0,0,"Kawachan,  Bảo Việt",Công ty Cổ Phần sách và Thiết bị Giáo dục Muki Việt Nam,Nhà Xuất Bản Phụ Nữ,,Bìa mềm,32.0,2022-09-19,info book,available,1000,True,True,True
192949720,Tủ Sách Chồi Non Chăm Học - Vở Tập Tô Chữ Số - Dành Cho 4-5 Tuổi (Theo Chuẩn Chương Trính Mới) (Tái Bản Lần 5),12000,12000,0,0.0,0,3,Chính Bình,Cty TNHH TM&DV VH GD Phía Nam,Nhà Xuất Bản Đồng Nai,,,,,Nhà sách Fahasa,available,1000,True,True,True
192949682,Tủ Sách Chồi Non Chăm Học - Tập Tô Chữ - Chữ Cái Viết Thường - Dành Cho 4-5 Tuổi (Theo Chuẩn Chương Trính Mới) (Tái Bản Lần 5),12000,12000,0,0.0,0,2,Chính Bình,Cty TNHH TM&DV VH GD Phía Nam,Nhà Xuất Bản Đồng Nai,,,,,Nhà sách Fahasa,available,1000,True,True,True
192949500,Hành Trang Cho Bé Vào Lớp 1 - Bé Tập Tô Chữ Thường,12000,12000,0,0.0,0,0,Vân Hương,Tân Việt,nxb my thuat,,,,,Nhà sách Fahasa,available,1000,True,True,True
190844161,Combo 6 tập Hình Dán Ngộ Nghĩnh - Phát Triển Khả Năng Quan Sát  (  tặng poster An toàn cho con yêu ),297500,297500,0,0.0,0,3,,Nhiều công ty phát hành,Nhiều Nhà Xuất Bản,,,,,Phương Đông Books,available,1000,True,True,True
178776974,Bé Làm Quen Chữ Cái - Tập 1 (Dành Cho Trẻ Từ 4-5 Tuổi),25000,25000,0,0.0,0,0,Vanlangbooks,Cty Văn Hóa Văn Lang,Nhà Xuất Bản Hồng Đức,,,,,Bamboo Books,available,1000,True,True,True
174608333," Luyện Viết - chữ thường, chữ hoa cỡ nhỏ, theo nhóm ( Bộ 2 cuốn, theo chương trình mới )",56000,56000,0,5.0,5,82,Lý Văn Quỳnh,Nhà sách Bảo Châu,Nhà Xuất Bản Phụ Nữ,,Bìa mềm,48.0,,Bảo Châu Books,available,1000,True,True,True
174606547, Bước đầu Bé Tập viết - Hành trang giúp bé tự tin vào lớp 1 (  theo chương trình mới ),59000,59000,0,5.0,8,104,Lý Văn Quỳnh,Nhà sách Bảo Châu,Nhà Xuất Bản Phụ Nữ,,Bìa mềm,48.0,,Bảo Châu Books,available,1000,True,True,True
136060417,Combo Luyện Viết Chữ Đẹp (4 Cuốn) - (Luyện Viết Chữ Đẹp Tập 1 + Luyện Viết Chữ Đẹp Tập 2 + Luyện Viết Chữ Đẹp Chữ Thường + Luyện Viết Chữ Đẹp Chữ Hoa) ( Tặng poster An toàn cho bé),68000,68000,0,0.0,0,1,,Nhiều công ty phát hành,Nhiều Nhà Xuất Bản,,,,,Phương Đông Books,available,1000,True,True,True
127022587,Bé Tô Màu Và Khám Phá Thế Giới Xung Quanh - Tập 4,25000,25000,0,0.0,0,0,Tinh Tinh,Huy Hoàng Bookstore,Nhà Xuất Bản Mỹ Thuật,,Bìa mềm,36.0,,An Lạc,available,1000,True,True,True
126957298,Bé Tô Màu Và Khám Phá Thế Giới Xung Quanh - Tập 1,25000,25000,0,0.0,0,0,Tinh Tinh,Huy Hoàng Bookstore,Nhà Xuất Bản Mỹ Thuật,,Bìa mềm,36.0,,An Lạc,available,1000,True,True,True
126765497,Tô Màu Hoàng Tử Ếch - Thế  Giới Robot,17000,17000,0,0.0,0,0,,Huy Hoàng book,Nhà Xuất Bản Mỹ Thuật,,Bìa mềm,24.0,,An Lạc,available,1000,True,True,True
91832870,"Vở Ô Ly Có Chữ Mẫu Luyện Viết Chữ Đẹp - Chữ Nghiêng, Nét Thanh, Nét Đậm, Chữ Viết Hoa - Tập 1 (Tái Bản)",12000,12000,0,5.0,9,87,"Nhóm Giáo Viên ĐHSP, Chính An",Cty TNHH TM&DV VH GD Phía Nam,Nhà Xuất Bản Đồng Nai,,,,,Nhà sách Fahasa,available,1000,True,True,True
58709027,Vở Tập Tô Số - Dành Cho Trẻ Chuẩn Bị Vào Lớp 1,10000,10000,0,5.0,6,39,"Thiên Ân, Thiên Ấn, Thiên ân, THiên Ân",Cty Giáo Dục Đức Trí,Nhà Xuất Bản Đại Học Quốc Gia Hà Nội,,,,,Nhà sách Fahasa,available,1000,True,True,True
58708626,Bé Tô Màu - Chú Báo Hồng Tinh Nghịch 3,12000,12000,0,0.0,0,1,"Quang Minh, Quang Minh, Quang MInh",Cty TNHH TM&DV VH GD Phía Nam,,,,,,Nhà sách Fahasa,available,1000,True,True,True
55284257,Câu Đố Và Tô Màu - Các Đồ Vật (4 - 6 Tuổi),9500,9500,0,5.0,1,6,Minh Đức,Cty TNHH Văn hóa Minh Lâm,Nhà Xuất Bản Hồng Đức,,,,,Nhà sách Fahasa,available,1000,True,True,True
55101296,Bé Yêu Tô Màu - Thế Giới Con Trùng,10000,10000,0,0.0,0,0,Huyền Linh,Cty Văn Hóa & Truyền Thông Trí Việt.,Nhà Xuất Bản Dân Trí,,,,,Nhà sách Fahasa,available,1000,True,True,True
51348616,Bé Tô Màu Siêu Anh Hùng,12000,12000,0,5.0,4,19,"Quang Minh, Quang Minh",Cty TNHH TM&DV VH GD Phía Nam,,,,,,Nhà sách Fahasa,available,1000,True,True,True
31970507,Sách Bộ Túi Tập Tô Chữ Đẹp ( 6 Cuốn ),69840,72000,3,0.0,0,3,Minh Tâm,Nhà Sách Hồng Ân,Nhà Xuất Bản Tổng hợp TP.HCM,,Bìa mềm,138.0,2017-01-01,NewShop Official,available,1000,True,True,True
21759921,Vở Ô Li Theo Mẫu Chữ ( Quyển 3),15000,15000,0,0.0,0,0,Minh Tâm,Nhà Sách Hồng Ân,Nhà Xuất Bản Tổng hợp TP.HCM,,Bìa mềm,,,Bảo Châu Books,available,1000,True,True,True
19712594,Combo Giờ Học Tô Màu Của Bé (8 Cuốn),114000,114000,0,0.0,0,1,Quế Hương,Tân Việt,Nhà Xuất Bản Mỹ Thuật,,Bìa mềm,128.0,2019-05-01,NHBook,available,1000,True,True,True
1672709,Sách Họa Sĩ Nhí Tô Màu: Thể Thao,14000,14000,0,0.0,0,3,Tịnh Lâm,Nhà Xuất Bản Kim Đồng,,,Bìa mềm,16.0,,Nhà sách Fahasa,available,1000,True,True,True
278401878,Combo 4 sách dạy Chữ Cái và Đánh Vần có App Bài Giảng cho bé sẵn sàng bước vào lớp 1,317000,499000,36,0.0,0,1,,Công ty cổ phần phát triển công nghệ Pantado,Nhà Xuất Bản Dân Trí,,Bìa cứng,,,Nhà Sách Siêu Nhí Pantado,available,1000,True,True,True
276103928,Sách - Tô Màu - Tô Tuổi Thơ Vẽ Nụ Cười (VT),68000,68000,0,0.0,0,0,nhieu tac gia,Cty Văn Hóa Việt Thư,Nhà Xuất Bản Phụ Nữ,,Bìa mềm,68.0,,Bảo Châu Books,available,1000,True,True,True
275917558,Sách - Dán Hình Sticker - Công Viên Khủng Long - Tập 6 (VT),39000,39000,0,0.0,0,0,nhieu tac gia,Công Ty TNHH Văn Hóa Việt Thư,Nhà Xuất Bản Phụ Nữ Việt Nam,,,,,Nhà Sách Việt Thư,available,1000,True,True,True
275842513,Sách - Combo 5 Cuốn Tô Màu - Dán Hình Sticker Trong Suốt - Rèn luyện Trí Tuệ - Tủ Sách Trang Điểm Thần Tượng K-Pop (VT),240000,240000,0,0.0,0,0,nhieu tac gia,Công Ty TNHH Văn Hóa Việt Thư,Nhà Xuất Bản Phụ Nữ Việt Nam,,,,,Nhà Sách Việt Thư,available,1000,True,True,True
274713690,Dán Hình Công Chúa - Nữ Hoàng Dạ Hội,42000,42000,0,0.0,0,0,Cẩm Nhung,NXB Văn Học,Nhà Xuất Bản Văn Học,,Bìa mềm,32.0,,Nhà Sách Phương Nam,available,1000,True,True,True
274064721,Tô Màu Sáng Tạo Phát Triển Trí Não - Cấp Độ 5 (4-5 tuổi),18000,18000,0,0.0,0,0,,NXB Thanh Niên,Nhà Xuất Bản Thanh Niên,,Bìa mềm,16.0,,Nhà Sách Phương Nam,available,1000,True,True,True
273372283,Tủ Sách Trang Điểm Thần Tượng K-Pop - Tập 3,45000,45000,0,0.0,0,0,,NXB Phụ Nữ,Nhà Xuất Bản Phụ Nữ,,Bìa mềm,20.0,,Nhà Sách Phương Nam,available,1000,True,True,True
272967879,Vui Học Sơ Đồ Tư Duy: Sách Bóc Dán - Rèn Tư Duy Logic,58000,58000,0,0.0,0,0,"Lạc Tư Tư, Tự Tại Đồng Thư",Công ty TNHH Tazano,Nhà Xuất Bản Kim Đồng,,Bìa mềm,23.0,,Bamboo Books,available,1000,True,True,True
272255412,Combo Sách Tô Chữ - Tô Tranh - Mở Mang Từ Vựng Cho Bé 3-5 Tuổi: Tô Màu Cùng Mèo Thông Thái - Rau Củ + Trái Cây + Động Vật + Bốn Mùa + Hoa,12800,16000,20,0.0,0,0,,Alpha Books,Nhiều Nhà Xuất Bản,,Bìa mềm,,2023-09-25,Omega Plus Books,available,1000,True,True,True
271245929,Khéo Tay Tô Màu - Thám Hiểm Không Gian,25000,25000,0,0.0,0,0,,Nhà Xuất Bản Kim Đồng,Nhà Xuất Bản Kim Đồng,,Bìa mềm,16.0,,Bamboo Books,available,1000,True,True,True
271245573,Khéo Tay Tô Màu - Những Bữa Tiệc Vui Vẻ,25000,25000,0,0.0,0,0,,Nhà Xuất Bản Kim Đồng,Nhà Xuất Bản Kim Đồng,,Bìa mềm,16.0,,Bamboo Books,available,1000,True,True,True
271245229,Khéo Tay Tô Màu - Giáng Sinh Của Peppa,25000,25000,0,0.0,0,0,,Nhà Xuất Bản Kim Đồng,Nhà Xuất Bản Kim Đồng,,Bìa mềm,16.0,,Bamboo Books,available,1000,True,True,True
270713523,Hành Trang Cho Bé Vào Lớp Một - Bé Tập Tô Chữ (Tập 2),14000,14000,0,0.0,0,0,,NXB Mỹ Thuật,Nhà Xuất Bản Mỹ Thuật,,Bìa mềm,23.0,2018-11-07,Nhà Sách Phương Nam,available,1000,True,True,True
270712312,Bóc Dán Thông Minh Rèn Luyện IQ - Hình Khối,38000,38000,0,0.0,0,0,Bông Hoa Đỏ Bangson,NXB Phụ Nữ,Nhà Xuất Bản Phụ Nữ,,Bìa mềm,12.0,,Nhà Sách Phương Nam,available,1000,True,True,True
270712310,Bóc Dán Thông Minh Rèn Luyện IQ - Màu Sắc,38000,38000,0,0.0,0,0,Bông Hoa Đỏ Bangson,NXB Phụ Nữ,Nhà Xuất Bản Phụ Nữ,,Bìa mềm,12.0,,Nhà Sách Phương Nam,available,1000,True,True,True
270712308,Bóc Dán Thông Minh Rèn Luyện IQ - Thiên Nhiên,38000,38000,0,0.0,0,0,Bông Hoa Đỏ Bangson,NXB Phụ Nữ,Nhà Xuất Bản Phụ Nữ,,Bìa mềm,12.0,,Nhà Sách Phương Nam,available,1000,True,True,True
270712128,Tô Màu Nhận Biết Chữ Cái - Rau Củ Quả,16000,16000,0,0.0,0,0,nhieu tac gia,NXB Thanh Niên,Nhà Xuất Bản Thanh Niên,,Bìa mềm,16.0,,Bamboo Books,available,1000,True,True,True
270711997,Bóc Dán Hình Thông Minh IQ-EQ-CQ - 150 Miếng Dán Hình Thông Minh - Cờ Các Quốc Gia Trên Thế Giới,50000,50000,0,0.0,0,0,Phan Minh Đạo,NXB Dân Trí,Nhà Xuất Bản Dân Trí,,Bìa mềm,17.0,,Nhà Sách Phương Nam,available,1000,True,True,True
248880721,Khéo Tay Tô Màu - Peppa Hào Hiệp,25000,25000,0,0.0,0,0,Nhiều tác giả,Nhà Xuất Bản Kim Đồng,Nhà Xuất Bản Kim Đồng,,,,,Bamboo Books,available,1000,True,True,True
248585399,Kỹ Năng Tổ Chức Trò Chơi Cho Trẻ Mầm Non,45650,55000,17,0.0,0,1,Trần Phiêu,NXB Trẻ,NXB Trẻ,,,,,Nhà Xuất Bản Trẻ,available,1000,True,True,True
214661958,Sách - Bé tô màu dành cho trẻ từ 3-4 tuổi (8 quyển),49900,49900,0,0.0,0,7,,Việt Hà,Nhà Xuất Bản Hà Nội,,,,,VĂN PHÒNG PHẨM ĐỒ CHƠI VŨ DUYÊN,available,1000,True,True,True
207646034,Tô Màu Cổ Tích - Nàng Bạch Tuyết Và Bảy Chú Lùn,28000,28000,0,0.0,0,0,Little Red Flower,NXB Kim Đồng,Nhà Xuất Bản Kim Đồng,,Bìa mềm,16.0,,Nhà Sách Phương Nam,available,1000,True,False,True
207643953,Sách Bóc Dán Tuyệt Đỉnh - Cuộc Sống Trong Rừng (Tái bản năm 2022),59000,59000,0,0.0,0,0,DK,NXB Thanh Niên,Nhà Xuất Bản Thanh Niên,,Bìa mềm,24.0,,Bamboo Books,available,1000,True,True,True
207567595,Vui Học Sơ Đồ Tư Duy - Sách Bóc Dán Rèn Tư Duy Logic,58000,58000,0,0.0,0,0,Tự Tại Đồng Thư,NXB Kim Đồng,Nhà Xuất Bản Kim Đồng,,Bìa mềm,28.0,,Bamboo Books,available,1000,True,True,True
206605511,Dán Hình Sáng Tạo 3+ (Quyển 4),29000,29000,0,0.0,0,0,Jordi Busquets,Nhà Xuất Bản Dân Trí,Nhà Xuất Bản Dân Trí,,Bìa mềm,16.0,,Nhà Sách Phương Nam,available,1000,True,True,True
206335253,My Little Pony - Jumbo Tô Màu Và Các Trò Chơi - Tập 4,29000,29000,0,0.0,0,0,nhieu tac gia,Nhà Xuất Bản Mỹ Thuật,Nhà Xuất Bản Mỹ Thuật,,Bìa mềm,36.0,,Nhà Sách Phương Nam,available,1000,True,False,True
206335219,Bàn Tay Nhỏ Vẽ Tranh - Thực Vật Phong Phú (Tái bản năm 2021),29000,29000,0,0.0,0,1,Minh Thư,Nhà Xuất Bản Mỹ Thuật,Nhà Xuất Bản Mỹ Thuật,,Bìa mềm,44.0,,Nhà Sách Phương Nam,available,1000,True,True,True
205810059,Sticker IQ-EQ-CQ – 208 Miếng Dán Hình Thông Minh - Thử Tài Bé Yêu (Tái bản năm 2022),68000,68000,0,0.0,0,0,Phan Minh Đạo,Nhà Xuất Bản Dân Trí,Nhà Xuất Bản Dân Trí,,Bìa mềm,26.0,,Nhà Sách Phương Nam,available,1000,True,True,True
205809980,Miếng Dán Thần Kỳ - Bồi Dưỡng Chỉ Số IQ,36000,36000,0,0.0,0,0,Bích Ngọc,Nhà xuất bản Văn Học,Nhà Xuất Bản Văn Học,,Bìa mềm,20.0,,Nhà Sách Phương Nam,available,1000,True,True,True
205809575,Cuốn Sách Bóc Dán Đầu Tiên Của Tớ - Động Vật,48000,48000,0,0.0,0,0,Imagine That,Nhà Xuất Bản Thanh Niên,Nhà Xuất Bản Thanh Niên,,Bìa mềm,16.0,,Nhà Sách Phương Nam,available,1000,True,True,True
205809475,"Bóc Dán Hình Thông Minh IQ-EQ-CQ - 150 Miếng Dán Hình Thông Minh - Trái Cây, Rau Củ",50000,50000,0,0.0,0,0,Phan Minh Đạo,Nhà Xuất Bản Dân Trí,Nhà Xuất Bản Dân Trí,,Bìa mềm,18.0,,Nhà Sách Phương Nam,available,1000,True,True,True
205697166,Tô Màu Khám Phá Thế Giới - Những Chú Mèo,19000,19000,0,0.0,0,0,nhieu tac gia,Nhà Xuất Bản Thanh Niên,Nhà Xuất Bản Thanh Niên,,Bìa mềm,32.0,,Nhà Sách Phương Nam,available,1000,True,True,True
205697153,Tô Màu Khám Phá Thế Giới - Các Em Bé Động Vật,19000,19000,0,0.0,0,0,nhieu tac gia,Nhà Xuất Bản Thanh Niên,Nhà Xuất Bản Thanh Niên,,Bìa mềm,32.0,,Nhà Sách Phương Nam,available,1000,True,True,True
205695238,Dán Hình Sáng Tạo Thế Giới Khủng Long - Khủng Long Ăn Cỏ,42000,42000,0,0.0,0,0,Phan Anh Lệ,Nhà Xuất Bản Thanh Niên,Nhà Xuất Bản Thanh Niên,,Bìa mềm,16.0,,Bamboo Books,available,1000,True,True,True
142417932,Dán Hình Trang Phục Công Chúa Tuyện Đỉnh - Công Chúa Ngọt Ngào,30000,30000,0,0.0,0,2,Ưu Ưu Thử,Nhà Xuất Bản Thanh Niên,Nhà Xuất Bản Thanh Niên,,Bìa mềm,20.0,,Nhà Sách Phương Nam,available,1000,True,True,True
138333540,200 Miếng Bóc Dán Thông Minh Phát Triển Chỉ Số Thông Minh Sáng Tạo CQ - Tập 1,55000,55000,0,0.0,0,1,Cung Huân,Nhà Xuất Bản Thanh Niên,Nhà Xuất Bản Thanh Niên,,Bìa mềm,32.0,2018-03-07,Nhà Sách Phương Nam,available,1000,True,True,True
138183935,Bóc Dán Thông Minh - Rừng Rậm,48000,48000,0,0.0,0,1,.,Nhà Xuất Bản Thanh Niên,Nhà Xuất Bản Thanh Niên,,Bìa mềm,24.0,,Nhà Sách Phương Nam,available,1000,True,True,True
137436783,Sách My Little Pony - Jumbo Tô Màu Và Các Trò Chơi - Tập 8,29000,29000,0,5.0,1,1,.,Nhà Xuất Bản Mỹ Thuật,Nhà Xuất Bản Mỹ Thuật,,Bìa mềm,36.0,,Nhà Sách Phương Nam,available,1000,True,True,True
136482716,Sách Barbie Thủ Công Dựng Hình Thời Trang - Thời Trang Du Lịch,38000,38000,0,0.0,0,1,The Five Mile Press,Phương Nam Book,Nhà Xuất Bản Mỹ Thuật,,Bìa mềm,8.0,,Nhà Sách Phương Nam,available,1000,True,True,True
77222348,Sách - Gi gỉ gì gi cái gì cũng biết - Dành cho lớp 3 (tặng kèm bookmark thiết kế),119000,119000,0,0.0,0,0,Mima Noyuri,Nhã Nam,Nhà Xuất Bản Thế Giới,,,,,Nhà Sách Vĩnh Thụy,available,1000,True,True,True
278967716,Sách - Tô Màu Cổ Tích Việt Nam - Sự Tích Bánh Chưng Bánh Giày,18000,18000,0,0.0,0,0,nhieu tac gia,Nhà Xuất Bản Kim Đồng,Nhiều Nhà Xuất Bản,,Bìa mềm,,2023-12-21,Nhà sách Fahasa,available,1000,True,True,True
278967149,Sách - Tô Màu Cổ Tích Việt Nam - Tấm Cám,18000,18000,0,0.0,0,0,nhieu tac gia,Nhà Xuất Bản Kim Đồng,Nhà Xuất Bản Kim Đồng,,Bìa mềm,,2023-12-21,Nhà sách Fahasa,available,1000,True,True,True
276501287,Sách Tô Màu Chữa Lành - Capybara Happy Every Day - Hạnh Phúc Mỗi Ngày - ABB,86000,86000,0,5.0,1,1,nhieu tac gia,ABBOOKS,Nhà Xuất Bản Đồng Nai,,Bìa mềm,100.0,,NewShop Official,available,1000,True,True,True
276054273,Tô Màu Diệu Kỳ - Bữa Tiệc Bánh Ngọt (MEGA),32000,32000,0,0.0,0,0,Little Rainbow,Megabooks,Nhà Xuất Bản Thanh Niên,,Bìa mềm,24.0,,NewShop Official,available,1000,True,True,True
275584372,"Combo Luyện Viết Chữ Hoa + Chữ Thường + Chữ Số (Chữ Nhỏ - Học Theo Nhóm) (Bộ 3 Cuốn, Khổ 19x27) - HA",66000,66000,0,0.0,0,3,"Nam Thuận,  Hoàng Sơn",Nhà Sách Hồng Ân,Nhà Xuất Bản Đại Học Sư Phạm,,Bìa mềm,,,NewShop Official,available,1000,True,True,True
275114042,Combo Tô Màu Công Chúa (Túi 6 Cuốn) - ML,270000,270000,0,0.0,0,0,,Minh Long,Nhà Xuất Bản Mỹ Thuật,,Bìa mềm,264.0,,NewShop Official,available,1000,True,True,True
274141005,Tô Màu Công Chúa Xinh Đẹp - Công Chúa Thời Trang (Tái bản năm 2024),25000,25000,0,0.0,0,0,Trần Bồi Lương,NXB Mỹ Thuật,Nhà Xuất Bản Mỹ Thuật,,Bìa mềm,25.0,,Nhà Sách Phương Nam,available,1000,True,True,True
273663303,Sách Thời Trang - Công Chúa Mặt Trăng (MEGA),45000,45000,0,0.0,0,0,,Megabooks,Nhà Xuất Bản Thanh Niên,,Bìa mềm,24.0,,NewShop Official,available,1000,True,True,True
271135827,Chuẩn Bị Cho Bé Vào Lớp 1 - Luyện Kỹ Năng Viết Âm Và Vần 3,13000,13000,0,0.0,0,2,Huyền Linh,Cty Văn Hóa & Truyền Thông Trí Việt.,NXB Dân Trí,,,,,Nhà sách Fahasa,available,1000,True,True,True
270988443,Chuẩn Bị Cho Bé Vào Lớp 1 - Phát Triển Kỹ Năng Học Âm Và Vần,13000,13000,0,0.0,0,3,Huyền Linh,Cty Văn Hóa & Truyền Thông Trí Việt.,NXB Dân Trí,,,,,Nhà sách Fahasa,available,1000,True,True,True
270988391,Họa Sĩ Nhí Tô Màu - Loài Vật 1 (Tái Bản 2023),16000,16000,0,0.0,0,0,Tịnh Lâm,Nhà Xuất Bản Kim Đồng,Nhà Xuất Bản Kim Đồng,,,,,Nhà sách Fahasa,available,1000,True,True,True
270744220,Con Tô Màu - Thám Hiểm Amazon,32000,32000,0,0.0,0,0,Little Rainbow,NXB Mỹ Thuật,Nhà Xuất Bản Mỹ Thuật,,Bìa mềm,24.0,,Nhà Sách Phương Nam,available,1000,True,True,True
270717356,Miếng Dán Hình Vui Nhộn - Ba Chú Heo Con,45000,45000,0,0.0,0,0,Truyền thông Gia Lương,NXB Phụ Nữ,Nhà Xuất Bản Phụ Nữ,,Bìa mềm,20.0,,Nhà Sách Phương Nam,available,1000,True,True,True
270717350,Miếng Dán Hình Vui Nhộn - Một Ngày Hoàn Hảo,45000,45000,0,0.0,0,0,Truyền thông Gia Lương,NXB Phụ Nữ Việt Nam,Nhà Xuất Bản Phụ Nữ Việt Nam,,Bìa mềm,20.0,,Nhà Sách Phương Nam,available,1000,True,True,True
270710364,Tớ Tự Tô - Đồ Vật Quanh Ta,12000,12000,0,0.0,0,0,Nguyễn Thanh Nga,NXB Kim Đồng,Nhà Xuất Bản Kim Đồng,,Bìa mềm,12.0,,Nhà Sách Phương Nam,available,1000,True,True,True
269946636,Hành Trang Cho Bé Vào Lớp 1 - Bé Làm Quen Với Toán (Tái Bản 2023),12000,12000,0,0.0,0,0,Huyền Linh,Cty Văn Hóa & Truyền Thông Trí Việt.,NXB Dân Trí,,,,,Nhà sách Fahasa,available,1000,True,True,True
252062306,Bé Vui Tô Màu - Hoa Quả,14000,14000,0,0.0,0,0,Trần An,Cty Giáo Dục Đức Trí,Nhà Xuất Bản Đại Học Quốc Gia Hà Nội,,,,,Nhà sách Fahasa,available,1000,True,True,True
248977542,Con Tô Màu - Thám Hiểm Động Vật Cổ Đại _Mega,32000,32000,0,0.0,0,0,Little Rainbow,Megabooks,Nhà Xuất Bản Mỹ Thuật,,Bìa mềm,24.0,,NewShop Official,available,1000,True,True,True
248266770,Sách Dán Hình Thông Minh - 100 Loài Động Vật Đầu Tiên Của Bé,119000,119000,0,0.0,0,1,,Tân Việt,Nhà Xuất Bản Mỹ Thuật,,Bìa mềm,48.0,2023-03-20,Tazano Official Store,available,1000,True,True,True
221713087,Tô Màu Diệu Kỳ - Kỳ Lân Nhỏ (MEGA),32000,32000,0,5.0,1,1,Little Rainbow,Megabooks,Nhà Xuất Bản Thanh Niên,,Bìa mềm,24.0,,NewShop Official,available,1000,True,True,True
221708595,Con Tô Màu - Thám Hiểm Châu Phi _MEGA,32000,32000,0,0.0,0,0,Little Rainbow,Megabooks,Nhà Xuất Bản Mỹ Thuật,,Bìa mềm,24.0,,NewShop Official,available,1000,True,True,True
221707548,Tô Màu Diệu Kỳ - Nàng Tiên Cá (MEGA),32000,32000,0,0.0,0,1,Little Rainbow,Megabooks,Nhà Xuất Bản Thanh Niên,,Bìa mềm,24.0,,NewShop Official,available,1000,True,True,True
217462250,Tô Màu Công Chúa - Công Chúa Thời Trang _TV,40000,40000,0,0.0,0,1,Aladdin Book,Tân Việt,Nhà Xuất Bản Mỹ Thuật,,Bìa mềm,31.0,,NewShop Official,available,1000,True,True,True
212324251,Hình Dán Thông Minh - Bốn Mùa Tươi Đẹp 1,49000,49000,0,0.0,0,0,nhieu tac gia,NXB Thanh Niên,Nhà Xuất Bản Thanh Niên,,Bìa mềm,16.0,,Nhà Sách Phương Nam,available,1000,True,True,True
212324237,Hình Dán Thông Minh - Thế Giới Quanh Ta 2,49000,49000,0,0.0,0,0,nhieu tac gia,NXB Thanh Niên,Nhà Xuất Bản Thanh Niên,,Bìa mềm,16.0,,Nhà Sách Phương Nam,available,1000,True,True,True
212324227,Hình Dán Thông Minh - Cuộc Sống Muôn Màu 1,49000,49000,0,0.0,0,0,nhieu tac gia,NXB Thanh Niên,Nhà Xuất Bản Thanh Niên,,Bìa mềm,16.0,,Nhà Sách Phương Nam,available,1000,True,True,True
212323649,300 Miếng Bóc Dán Thông Minh - Nhận Biết Hình Dạng,30000,30000,0,0.0,0,0,Ưu Ưu Thử,NXB Thanh Niên,Nhà Xuất Bản Thanh Niên,,Bìa mềm,20.0,,Nhà Sách Phương Nam,available,1000,True,True,True
208778519,Chuẩn Bị Vào Lớp 1 - Vở Bé Làm Quen Với Toán (Dành Cho Mẫu Giáo),14000,14000,0,0.0,0,0,Trang Nguyễn,Cty TNHH TM&DV VH GD Phía Nam,Nhà Xuất Bản Đồng Nai,,,,,Nhà sách Fahasa,available,1000,True,True,True
206482297,Bé Làm Quen Với Toán (Dành Cho Bé Từ 5-6 Tuổi),35000,35000,0,0.0,0,1,Ngọc Anh,Nhà Xuất Bản Dân Trí,Nhà Xuất Bản Dân Trí,,Bìa mềm,24.0,,Nhà Sách Phương Nam,available,1000,True,True,True
206474471,Tô Màu Siêu Anh Hùng - Siêu Nhân,16000,16000,0,0.0,0,0,Hương Bình,Nhà Xuất Bản Mỹ Thuật,Nhà Xuất Bản Mỹ Thuật,,Bìa mềm,16.0,,Nhà Sách Phương Nam,available,1000,True,True,True
206335251,My Little Pony - Jumbo Tô Màu Và Các Trò Chơi - Tập 3,29000,29000,0,0.0,0,0,nhieu tac gia,Nhà Xuất Bản Mỹ Thuật,Nhà Xuất Bản Mỹ Thuật,,Bìa mềm,36.0,,Nhà Sách Phương Nam,available,1000,True,True,True
206145260,Tô Màu Thế Giới Khủng Long Dinosaurs 1,12000,12000,0,0.0,0,5,Huyền Linh,Cty Văn Hóa & Truyền Thông Trí Việt.,NXB Dân Trí,,,,,Nhà sách Fahasa,available,1000,True,True,True
206145258,Tô Màu Thế Giới Khủng Long Dinosaurs 3,12000,12000,0,0.0,0,3,Huyền Linh,Cty Văn Hóa & Truyền Thông Trí Việt.,NXB Dân Trí,,,,,Nhà sách Fahasa,available,1000,True,True,True
198269428,Dạo Chơi Cùng Toán Học - Trò Chơi Dán Giấy (5-6 Tuổi)_ML,50000,50000,0,5.0,1,1,,Minh Long,Nhà Xuất Bản Mỹ Thuật,,Bìa mềm,,,NewShop Official,available,1000,True,True,True
171586025,Tô Màu Thú Cưng - Gà,15000,15000,0,0.0,0,0,Nhiều tác giả,Cty Phan Thị,Nhà Xuất Bản Đại Học Sư Phạm TPHCM,,,,,Nhà sách Fahasa,available,1000,True,True,True
171580909,Tô Màu Thú Cưng - Chó,15000,15000,0,0.0,0,0,Nhiều tác giả,Cty Phan Thị,Nhà Xuất Bản Đại Học Sư Phạm TPHCM,,,,,Nhà sách Fahasa,available,1000,True,True,True
161551903,COMBO EM TẬP TÔ MÀU - CHỦ ĐỀ SUPER HERO - SIÊU NHÂN (BỘ 4 CUỐN),48000,48000,0,0.0,0,1,Chính Bình,ABBOOKS,,,Bìa mềm,,,NewShop Official,available,1000,True,True,True
136482298,Sách Tô Màu Công Chúa - Công Chúa Mộng Mơ,14000,14000,0,5.0,1,3,Thúy Nguyễn,Phương Nam Book,Nhà Xuất Bản Hồng Đức,,Bìa mềm,16.0,,Nhà Sách Phương Nam,available,1000,True,True,True
113045757,Sách Luyện Viết Chữ Lớp 2 - Tập 1 (Theo Chương Trình Giáo Dục Phổ Thông Mới),28000,28000,0,0.0,0,5,Lê Phương Nga,Nhà Sách Hồng Ân,Nhà Xuất Bản Đại Học Quốc Gia Hà Nội,,Bìa mềm,65.0,,Bảo Châu Books,available,1000,True,True,True
15829734,Sách Tô Màu Nhân Vật (8 cuốn ),96000,96000,0,0.0,0,1,.,Nhà Sách Hồng Ân,Nhà Xuất Bản Đà Nẵng,,Bìa mềm,,,NewShop Official,available,1000,True,True,True
278871034,Sách - Hành Trang Cho Bé Vào Lớp 1 - Bé Làm Quen Với Toán,13000,13000,0,0.0,0,0,Huyền Linh,Cty Văn Hóa & Truyền Thông Trí Việt.,Nhà Xuất Bản Văn Học,,Bìa mềm,,2023-12-21,Nhà sách Fahasa,available,1000,True,True,True
278871028,Sách - Hành Trang Cho Bé Vào Lớp 1 - Tập Tô-Tập Viết Chữ Mẫu Giáo,13000,13000,0,0.0,0,0,Huyền Linh,Cty Văn Hóa & Truyền Thông Trí Việt.,Nhà Xuất Bản Văn Học,,Bìa mềm,,2023-12-21,Nhà sách Fahasa,available,1000,True,True,True
278871016,Sách - Hành Trang Cho Bé Vào Lớp 1 - Tập Tô-Tập Viết Chữ Số,13000,13000,0,0.0,0,0,Huyền Linh,Cty Văn Hóa & Truyền Thông Trí Việt.,Nhà Xuất Bản Văn Học,,Bìa mềm,,2023-12-21,Nhà sách Fahasa,available,1000,True,True,True
278871012,Sách - Hành Trang Cho Bé Vào Lớp 1 - Tập Tô-Tập Viết Chữ Cái Và Chữ Ghép,13000,13000,0,0.0,0,0,Huyền Linh,Cty Văn Hóa & Truyền Thông Trí Việt.,Nhà Xuất Bản Văn Học,,Bìa mềm,,2023-12-21,Nhà sách Fahasa,available,1000,True,True,True
278153537,Sách - Cầu Vồng Trẻ Thơ - Toán Tư Duy - Dành Cho Trẻ 3-4 Tuổi,24000,24000,0,0.0,0,0,,CÔNG TY TNHH EDUCATION SOLUTIONS VIỆT NAM,Nhà Xuất Bản Đại Học Huế,,Bìa mềm,,2023-12-21,Nhà sách Fahasa,available,1000,True,True,True
278153503,Sách - Cầu Vồng Trẻ Thơ - Toán Tư Duy - Dành Cho Trẻ 4-5 Tuổi,27000,27000,0,0.0,0,1,,CÔNG TY TNHH EDUCATION SOLUTIONS VIỆT NAM,Nhà Xuất Bản Đại Học Huế,,Bìa mềm,,2023-12-21,Nhà sách Fahasa,available,1000,True,True,True
278153501,Sách - Cầu Vồng Trẻ Thơ - Tạo Hình Sáng Tạo - Dành Cho Trẻ 4-5 Tuổi,27000,27000,0,0.0,0,0,,CÔNG TY TNHH EDUCATION SOLUTIONS VIỆT NAM,Nhà Xuất Bản Đại Học Huế,,Bìa mềm,,2023-12-21,Nhà sách Fahasa,available,1000,True,True,True
277019869,Combo Bé Tô Màu Cry Baby - Đáng Yêu + Vui Đùa Với Các Bạn (Bộ 2 Cuốn) - HA,18000,30000,40,0.0,0,0,Nam Thuận,Nhà Sách Hồng Ân,Nhà Xuất Bản Hải Phòng,,,,,Bảo Châu Books,available,1000,True,True,True
276836924,Combo Sách Tô Màu Chữa Lành - Tô Tuổi Thơ - Vẽ Nụ Cười + Cậu Có Muốn Đi Chữa Lành Cùng Tớ Không ? (Bộ 2 Cuốn) - VT,147000,147000,0,0.0,0,0,"Dam Nuy, Tiểuu Hoaa",Công Ty TNHH Văn Hóa Việt Thư,Nhà Xuất Bản Phụ Nữ Việt Nam,,Bìa mềm,72.0,,NewShop Official,available,1000,True,True,True
276626416,Combo Sách Tô Màu Chữa Lành - Góc Nhỏ Có Nắng + Xe Kem Ngọt Mùa Hè + Capy Và Những Người Bạn + Tớ Có Nuôi Một Chú Mèo Cam (Bộ 4 Cuốn) - MEGA,272000,272000,0,0.0,0,1,Little Rainbow,Megabooks,Nhà Xuất Bản Thanh Niên,,Bìa mềm,64.0,,NewShop Official,available,1000,True,True,True
276250629,Sách Tô Màu Chữa Lành - Cậu Có Muốn Đi Chữa Lành Cùng Tớ Không ? - VT,79000,79000,0,0.0,0,0,nhieu tac gia,Công Ty TNHH Văn Hóa Việt Thư,Nhà Xuất Bản Phụ Nữ Việt Nam,,Bìa mềm,72.0,,NewShop Official,available,1000,True,True,True
274823562,Bé Chuẩn Bị Vào Lớp 1 - Vở Tập Viết Chữ Số,12500,12500,0,0.0,0,4,,Cty TNHH TM&DV VH GD Phía Nam,,,,,,Nhà sách Fahasa,available,1000,True,True,True
273663382,Sách Thời Trang - Công Chúa Kỳ Diệu (MEGA),45000,45000,0,0.0,0,1,,Megabooks,Nhà Xuất Bản Thanh Niên,,Bìa mềm,24.0,,NewShop Official,available,1000,True,True,True
273663026,Combo Tập Tô Chữ Cái (Dành Cho 4-5 Tuổi + 5-6 Tuổi) + Tập Tô Chữ Thường (Dành Cho 4-5 Tuổi + 5-6 Tuổi) (Bộ 4 Cuốn)_ABB 	,48000,48000,0,0.0,0,0,Chính Bình,ABBOOKS,Nhà Xuất Bản Đồng Nai,,Bìa mềm,,,NewShop Official,available,1000,True,True,True
273238782,Sticker Bóc Dán Hình Thông Minh - Các Hãng Xe Hơi Trên Thế Giới 4,58000,58000,0,0.0,0,0,,NXB Phụ Nữ,Nhà Xuất Bản Phụ Nữ,,Bìa mềm,20.0,,Nhà Sách Phương Nam,available,1000,True,True,True
271156888,Quốc Kì Các Nước Trên Thế Giới - Sách Dán Hình Thông Minh Kèm B.ả.n Đ.ồ T.h.ế G.i.ớ.i _TV,63050,65000,3,0.0,0,0,Christiane Gunzi,Nhà sách Tân Việt,Nhà Xuất Bản Mỹ Thuật,,Bìa mềm,16.0,,NewShop Official,available,1000,True,True,True
270717840,Hình Dán Thú Vị Rèn Trí Thông Minh - Năng Lực Phán Đoán,32000,32000,0,0.0,0,0,,NXB Thanh Niên,Nhà Xuất Bản Thanh Niên,,Bìa mềm,16.0,,Nhà Sách Phương Nam,available,1000,True,True,True
262906162,Combo Vở Thực Hành Chính Tả Lớp 2 - Tập 1 + Tập 2 (Bộ 2 Cuốn)_HA,64000,64000,0,0.0,0,2,"Lê Phương Nga,  Dương Trần Bình",Nhà Sách Hồng Ân,Nhà Xuất Bản Đại Học Quốc Gia Hà Nội,,Bìa mềm,,,NewShop Official,available,1000,True,True,True
248978113,Con Tô Màu - Thám Hiểm Thế Giới Côn Trùng (MEGA),32000,32000,0,0.0,0,0,Little Rainbow,Megabooks,Nhà Xuất Bản Mỹ Thuật,,Bìa mềm,24.0,,NewShop Official,available,1000,True,True,True
248468040,Tập Tô Chữ Thường Dành Cho 5-6 Tuổi _ABB,12000,12000,0,0.0,0,0,Chính Bình,ABBOOKS,Nhà Xuất Bản Đồng Nai,,Bìa mềm,23.0,,NewShop Official,available,1000,True,True,True
206335217,Bàn Tay Nhỏ Vẽ Tranh - Cuộc Sống Mến Thương (Tái bản năm 2021),29000,29000,0,0.0,0,0,Minh Thư,Nhà Xuất Bản Mỹ Thuật,Nhà Xuất Bản Mỹ Thuật,,Bìa mềm,44.0,,Nhà Sách Phương Nam,available,1000,True,True,True
201852221,101 First Words - Belongings (101 Từ Đầu Tiên - Đồ Dùng Thân Thiết) - ML,60000,60000,0,0.0,0,0,Ngân Hà,Minh Long,Nhà Xuất Bản Phụ Nữ Việt Nam,,Bìa cứng,22.0,,NewShop Official,available,1000,True,True,True
192950929,Bé Chuẩn Bị Vào Lớp Một - Giúp Bé Làm Quen Với Toán (Dành Cho Trẻ 3-4 Tuổi),12000,12000,0,0.0,0,1,Thiên Ân,Cty Giáo Dục Đức Trí,Nhà Xuất Bản Đại Học Quốc Gia Hà Nội,,,,,Nhà sách Fahasa,available,1000,True,True,True
180749910,Tủ Sách Măng Non - Vở Ô Ly Chữ Viết Thường (Dành Cho 4 - 5 Tuổi) (Tái Bản),14000,14000,0,0.0,0,1,Chính Bình,Cty TNHH TM&DV VH GD Phía Nam,Nhà Xuất Bản Đồng Nai,,,,,Nhà sách Fahasa,available,1000,True,True,True
180749866,Tủ Sách Măng Non - Vở Ô Ly Tập Tô Chữ Thường (Dành Cho 4 - 6 Tuổi) (Tái Bản),14000,14000,0,0.0,0,1,Chính Bình,Cty TNHH TM&DV VH GD Phía Nam,Nhà Xuất Bản Đồng Nai,,,,,Nhà sách Fahasa,available,1000,True,True,True
180749850,Tủ Sách Măng Non - Vở Ô Ly Tập Tô Chữ Thường (Dành Cho 5 - 6 Tuổi) (Tái Bản),14000,14000,0,0.0,0,1,Chính Bình,Cty TNHH TM&DV VH GD Phía Nam,Nhà Xuất Bản Đồng Nai,,,,,Nhà sách Fahasa,available,1000,True,True,True
180749699,Tô Màu Công Chúa - Quỳnh Nga,15000,15000,0,0.0,0,0,Phan Thị,Cty Phan Thị,Nhà Xuất Bản Văn Học,,,,,Nhà sách Fahasa,available,1000,True,True,True
177703649,Chuẩn Bị Cho Bé Vào Lớp 1 - Tập Tô Chữ Cái - Viết Thường (Dành Cho 4-6 Tuổi),14000,14000,0,0.0,0,2,,Cty TNHH TM&DV VH GD Phía Nam,Nhà Xuất Bản Đồng Nai,,,,,Nhà sách Fahasa,available,1000,True,True,True
163021160,Tập Tô Màu - Các Loại Xe,11000,11000,0,0.0,0,0,"Minh Thư,  Đắc Lê",Cty Văn Hóa Sách Việt,Nhà Xuất Bản Mỹ Thuật,,,,,Nhà sách Fahasa,available,1000,True,True,True
161553236,"Combo Bộ Sách Em Tập Tô Màu - Chủ Đề Công Chúa: Diễm Lệ, Lộng Lẫy, Thần Tiên, Xinh Đẹp (Bộ 4 Cuốn) - ABB",48000,48000,0,5.0,2,4,Chính Bình,ABBOOKS,,,Bìa mềm,,,NewShop Official,available,1000,True,True,True
161383729,"Combo Bé Tập Tô - Dành Cho Trẻ 5-6 Tuổi: Bé Tập Tô Chữ Cái Tập 1 + 2, Chữ Số, Các Nét Cơ Bản (Bộ 4 Cuốn) - ABB",48000,48000,0,5.0,1,17,Chính Bình,ABBOOKS,Nhà Xuất Bản Đồng Nai,,Bìa mềm,,,NewShop Official,available,1000,True,True,True
142417934,Dán Hình Trang Phục Công Chúa Tuyện Đỉnh - Công Chúa Lãng Mạn,30000,30000,0,0.0,0,3,Ưu Ưu Thử,Nhà Xuất Bản Thanh Niên,Nhà Xuất Bản Thanh Niên,,Bìa mềm,20.0,,Nhà Sách Phương Nam,available,1000,True,True,True
138333551,202 Miếng Bóc Dán Thông Minh - Các Loài Động Vật,55000,55000,0,0.0,0,0,Ngọc Linh,Nhà Xuất Bản Thanh Niên,Nhà Xuất Bản Thanh Niên,,Bìa mềm,30.0,2018-06-07,Nhà Sách Phương Nam,available,1000,True,True,True
137432943,Sách Bàn Tay Nhỏ Vẽ Tranh - Phong Cảnh Tươi Đẹp (Tái bản năm 2021),29000,29000,0,0.0,0,1,Minh Thư,Nhà Xuất Bản Mỹ Thuật,Nhà Xuất Bản Mỹ Thuật,,Bìa mềm,44.0,,Nhà Sách Phương Nam,available,1000,True,True,True
120471873,Mai Em Vào Lớp 1 - Vở Tập Tô Chữ - Tập 1,12500,12500,0,0.0,0,0,Minh Đức,Cty Văn Hóa Minh Lâm,Nhà Xuất Bản Hồng Đức,,,,,Nhà sách Fahasa,available,1000,True,True,True
73526636,Bé Làm Quen Với Chữ Cái - Danh Cho Trẻ 5-6 Tuổi - Combo Tủ Sách Mầm Non,48000,48000,0,0.0,0,2,Chính Bình,Công Ty TNHH TM & DV Văn Hóa Giáo Dục Phía Nam,Nhà Xuất Bản Đồng Nai,,Bìa mềm,32.0,2020-11-20,NewShop Official,available,1000,True,True,True
63846991,Bộ Túi Bé Tập Làm Họa Sĩ 2 (7 cuốn) ,63000,63000,0,0.0,0,1,Thiện Nhân,Nhà Sách Hồng Ân,Nhà Xuất Bản Hải Phòng,,Bìa mềm,,,NewShop Official,available,1000,True,True,True
58709029,Tô Màu Siêu Nhân - Tập 4,13000,13000,0,4.0,1,14,Huyền Linh,Cty Văn Hóa & Truyền Thông Trí Việt.,Nhà Xuất Bản Dân Trí,,,,,Nhà sách Fahasa,available,1000,True,True,True
31970501,Sách Bộ Túi Bé Tập Làm Họa Sĩ 1 ( 7 Cuốn ),63000,63000,0,0.0,0,3,Thiện Nhân,Nhà Sách Hồng Ân,Nhà Xuất Bản Hải Phòng,,Bìa mềm,112.0,2017-02-01,NewShop Official,available,1000,True,True,True
20918794,Sách Dán Hình Trang Phục Công Chúa - Công Chúa Sô Cô La,39000,39000,0,5.0,10,37,Văn Tâm,Liên Việt,Nhà Xuất Bản Phụ Nữ,,Bìa mềm,32.0,2019-06-01,Liên Việt Official Store,available,1000,True,True,True
