id,name,price,list_price,discount_rate,rating_average,review_count,all_time_quantity_sold,authors,publisher_vn,manufacturer,isbn13,book_cover,number_of_page,publication_date,current_seller_name,inventory_status,stock,has_freeship,is_authentic,has_return_policy
279076711,Sách Lược Sử Kinh Tế,84800,106000,20,5.0,2,13,Danniel Cohen,Nhã Nam,Nhà Xuất Bản Công Thương,,Bìa mềm,188,,Tiki Trading,available,1000,False,True,True
2207741,Sách Chu Dịch Huyền Giải,65000,90000,28,5.0,95,1545,Thu Giang Nguyễn Duy Cần,NXB Trẻ,NXB Trẻ,,Bìa mềm,242,,Tiki Trading,available,1000,False,True,True
57771444,Sách Cộng Hòa (Plato),218200,299000,27,5.0,21,136,,Alphabooks,Nhà Xuất Bản Thế Giới,,,,,Tiki Trading,available,1000,False,True,True
1667307,Sách Quân Vương – Thuật Cai Trị (Tái Bản),87200,109000,20,4.7,24,117,Niccolò Machiavelli,Omega Plus,Nhà Xuất Bản Thế Giới,,Bìa mềm,200,2018-03-03,Nhà sách Fahasa,available,1000,True,True,True
193988315,Sách Một Lý Thuyết Về Tự Do (On Liberty),110400,155000,29,5.0,10,65,John Stuart Mill,Viện IRED,Nhà Xuất Bản Tổng hợp TP.HCM,,Bìa mềm,292,2022-08-08,Tiki Trading,available,1000,False,True,True
190606411,Sách Hơn cả lòng trung thành,134750,175000,23,5.0,12,134,James Comey,Dân Trí,Nhà Xuất Bản Dân Trí,,Bìa mềm,336,,Tiki Trading,available,1000,False,True,True
145288026,Sách Chia Rẽ - Tại Sao Chúng Ta Đang Sống Trong Thời Đại Của Những Bức Tường,190000,250000,24,5.0,426,3009,Tim Marshall,Nhã Nam,Nhà Xuất Bản Dân Trí,,Bìa cứng,396,2021-12-01,Tiki Trading,available,1000,False,True,True
477670,Sách Angela Merkel - Thế Giới Của Vị Nữ Thủ Tướng,95000,120000,21,4.5,24,754,Stefan Kornelius,NXB Trẻ,NXB Trẻ,,Bìa mềm,292,2016-03-09,Tiki Trading,available,1000,False,True,True
278828761,Đời Sống Kinh Tế - Xã Hội Ngư Dân Vùng Ven Biển Bắc Trung Bộ (Sách Chuyên Khảo) ,115200,128000,10,0.0,0,2,TS. Hoàng Hồng Hiệp chủ biên,Nhà Xuất Bản Khoa Học Xã Hội,Nhà Xuất Bản Khoa Học Xã Hội,,Bìa mềm tay gấp,332,2025-10-31,VIETNAMBOOK,available,1000,True,True,True
275960182,Sách - Sổ ghi công văn đi đến,38000,38000,0,0.0,0,6,Đảng Cộng Sản Việt Nam,Nhà Xuất Bản Chính Trị Quốc Gia Sự Thật,Nhà Xuất Bản Chính Trị Quốc Gia Sự Thật,,Bìa mềm,,,Hiệu Sách Tự Do,available,1000,True,True,True
209603391,Quyền Lực Của Địa Lý - The Power Of Geography,252000,280000,10,5.0,3,77,Tim Marshall,Nhã Nam,Nhà Xuất Bản Phụ Nữ Việt Nam,,,,,Nhà sách Fahasa,available,1000,True,True,True
195952820,ẤN ĐỘ Trong Sự Định Hình Cấu Trúc Khu Vực ẤN ĐỘ DƯƠNG - THÁI BÌNH DƯƠNG (Sách chuyên khảo),140000,140000,0,4.7,3,24,,Nhà Xuất Bản Khoa Học Xã Hội,Nhà Xuất Bản Khoa Học Xã Hội,,Bìa mềm,368,2022-08-24,VIETNAMBOOK,available,1000,True,True,True
114832714,Quân Đội Nga - Những Bí Mật Bạn Chưa Biết,122500,175000,30,5.0,8,32,,VIETNAMBOOK,Nhà Xuất Bản Quân Đội Nhân Dân,,Bìa mềm,436,2021-07-22,VIETNAMBOOK,available,1000,True,True,True
276746162,"Sách - Luật Ngân Hàng Nhà Nước Việt Nam (Hiện Hành) (Sửa Đổi, Bổ Sung Năm 2022) - NXB Chính Trị Quốc Gia",22000,22000,0,0.0,0,3,,Nhà Xuất Bản Chính Trị Quốc Gia Sự Thật,Nhà Xuất Bản Chính Trị Quốc Gia Sự Thật,,,,,Bamboo Books,available,1000,True,True,True
278249906,Sách Kết Thúc Chỉ Là Khởi Đầu,269500,350000,23,5.0,3,73,Peter Jeihan,Nhã Nam,Nhà Xuất Bản Dân Trí,,Bìa mềm,614,,Tiki Trading,available,1000,False,True,True
196315289,Sách Mười Hai Học Thuyết Cơ Bản Về Bản Tính Con Người (Tái Bản Lần 4),204000,275000,26,5.0,8,139,"Leslie Stevenson, David L. Haberman, Peter Matthews Wright",Phương Nam Book,Nhà Xuất Bản Thế Giới,,Bìa mềm,518,2022-01-01,Tiki Trading,available,1000,False,True,True
279090801,"Sự Cạnh Tranh Giữa Hoa Kỳ Và Trung Quốc - Văn Hóa, Tăng Trưởng Kinh Tế Và Dịch Chuyển Quyền Lực Giữa Các Quốc Gia - Steve Chan - Omega Plus",214000,238000,10,0.0,0,0,Steve Chan,Omega Plus,Nhà Xuất Bản Chính Trị Quốc Gia Sự Thật,,Bìa mềm tay gấp,,2026-01-15,Alpha Books Official,available,1000,True,True,True
276735549,Sách - Nhà Ngoại Giao Kể Chuyện - NXB Chính Trị Quốc Gia,105000,105000,0,0.0,0,6,,NXB Chính Trị Quốc Gia Sự Thật,Nhà Xuất Bản Chính Trị Quốc Gia Sự Thật,,,,,Bamboo Books,available,1000,True,True,True
540293,Sách Singapore Của Tôi: Câu Chuyện Của Một Phụ Nữ Khách Gia,116000,143000,19,5.0,14,285,Lý Vỹ Linh,NXB Trẻ,NXB Trẻ,,Bìa mềm,390,2016-08-29,Tiki Trading,available,1000,False,True,True
253284500,Sách Schopenhauer Nhà Giáo Dục,45430,59000,23,5.0,14,160,Friedrich Nietzsche,Nhã Nam,Nhà Xuất Bản Dân Trí,,Bìa mềm,142,2023-05-05,Tiki Trading,available,1000,False,True,True
276800955,Sách - Văn Kiện Đại Hội Đảng Thời Kỳ Đổi Mới - Phần II - NXB Chính Trị Quốc Gia,347000,347000,0,0.0,0,0,,Nhà Xuất Bản Chính Trị Quốc Gia Sự Thật,Nhà Xuất Bản Chính Trị Quốc Gia Sự Thật,,,,,Bamboo Books,available,1000,True,True,True
276800901,Sách - Đường Cách Mệnh - NXB Chính Trị Quốc Gia,35000,35000,0,5.0,1,8,,Nhà Xuất Bản Chính Trị Quốc Gia Sự Thật,Nhà Xuất Bản Chính Trị Quốc Gia Sự Thật,,,,,Bamboo Books,available,1000,True,True,True
278989416,Điều Chỉnh Chính Sách Năng Lượng Của Liên Minh Châu Âu Trong Bối Cảnh Xung Đột Nga - Ukraine (Sách Chuyên Khảo),135000,150000,10,0.0,0,1,Viện Nghiên cứu Châu Âu. TS. Bùi Việt Trung chủ biên,Nhà Xuất Bản Khoa Học Xã Hội,Nhà Xuất Bản Khoa Học Xã Hội,,Bìa mềm,304,2025-12-19,VIETNAMBOOK,available,1000,True,True,True
278744203,"Chính Sách Thúc Đẩy Phát Triển Doanh Nghiệp Nhỏ Và Vừa Ở Hàn Quốc, Đài Loan Và Hàm Ý Cho Việt Nam (Sách Chuyên Khảo)",108000,120000,10,5.0,1,2,TS. Ngô Văn Vũ (Chủ biên),Nhà Xuất Bản Khoa Học Xã Hội,Nhà Xuất Bản Khoa Học Xã Hội,,Bìa mềm tay gấp,280,2025-10-11,VIETNAMBOOK,available,1000,True,True,True
1059888,Sách Đường Đến Nhà Trắng 2016,209000,209000,0,0.0,0,0,Roger Stone,Omega Plus,Nhà Xuất Bản Thế Giới,,Bìa cứng,532,2017-10-01,HỆ THỐNG NHÀ SÁCH ABC,available,1000,True,True,True
276746016,"Sách - Luật Tín Ngưỡng, Tôn Giáo (Hiện Hành) - NXB Chính Trị Quốc Gia",30000,30000,0,0.0,0,4,,NXB Chính Trị Quốc Gia Sự Thật,Nhà Xuất Bản Chính Trị Quốc Gia Sự Thật,,,,,Bamboo Books,available,1000,True,True,True
279098081,Quy Hoạch Cửa Khẩu Khu Tự Trị Dân Tộc Choang Quảng Tây (Trung Quốc) Và Hàm Ý Đối Với Việt Nam (Sách chuyên khảo),124200,138000,10,0.0,0,1,TS. Trần Thị Thủy (Chủ biên),Nhà Xuất Bản Khoa Học Xã Hội,Nhà Xuất Bản Khoa Học Xã Hội,,Bìa mềm,264,2025-12-26,VIETNAMBOOK,available,1000,True,True,True
270253559,Chết Cho Màu Cờ - Quyền Lực Và Chính Trị Của Những Lá Cờ - Bìa Cứng,197400,210000,6,5.0,2,10,Tim Marshall,Nhã Nam,Nhà Xuất Bản Phụ Nữ,,,,,Nhà sách Fahasa,available,1000,True,True,True
276746132,Sách - Luật Hòa Giải ở Cơ Sở (Hiện Hành) - NXB Chính Trị Quốc Gia,14000,14000,0,0.0,0,9,,Nhà Xuất Bản Chính Trị Quốc Gia Sự Thật,Nhà Xuất Bản Chính Trị Quốc Gia Sự Thật,,,,,Bamboo Books,available,1000,True,True,True
278989383,Điều Chỉnh Một Số Chính Sách Của Liên Bang Nga Từ Xung Đột Nga - Ukraine Và Tác Động Đến Quan Hệ Việt Nam - Liên Bang Nga (Sách Chuyên Khảo) ,144000,160000,10,5.0,1,2,Viện Nghiên cứu Châu Âu. PGS. TS. Nguyễn Chiến Thắng chủ biên,Nhà Xuất Bản Khoa Học Xã Hội,Nhà Xuất Bản Khoa Học Xã Hội,,Bìa mềm,336,2025-12-19,VIETNAMBOOK,available,1000,True,True,True
276735441,Sách - Hồ Chí Minh Biên Niên Tiểu Sử - Combo 10 Tập - NXB Chính Trị Quốc Gia,1800000,1800000,0,0.0,0,4,,NXB Chính Trị Quốc Gia Sự Thật,Nhà Xuất Bản Chính Trị Quốc Gia Sự Thật,,,,,Bamboo Books,available,1000,True,True,True
279189714,Sách Chính Trị Tâm Lý - Chủ Nghĩa Tân Tự Do Và Các Kỹ Thuật Quyền Lực Mới,152000,152000,0,0.0,0,1,Byung-Chul Han,CÔNG TY TNHH PHAN LỆ & FRIENDS,hong duc,,,,,Nhà Sách Phương Nam,available,1000,True,True,True
276735703,Sách - Quan Hệ Công Chúng Của Chính Phủ Trong Bối Cảnh Cải Cách Hành Chính Nhà Nước ở Việt Nam - NXB Chính Trị Quốc Gia,168000,168000,0,5.0,1,1,,NXB Chính Trị Quốc Gia Sự Thật,Nhà Xuất Bản Chính Trị Quốc Gia Sự Thật,,,,,Bamboo Books,available,1000,True,True,True
278994020,ĐẠI CƯƠNG PHÁP LUẬT & QUẢN TRỊ RỦI RO PHÁP LÝ - Phạm Duy Nghĩa – Omega Plus – NXB Thế Giới,106000,125000,15,0.0,0,1,Phạm Duy Nghĩa,Omega Plus,NXB Thế giới,,,236,,Alpha Books Official,available,1000,True,True,True
279009910,Phát Triển Lực Lượng Sản Xuất Mới Để Đột Phá Trong Kỷ Nguyên Số (Sách Chuyên Khảo) ,171900,191000,10,0.0,0,0,PGS. TS. Vũ Thanh Sơn,Nhà Xuất Bản Chính Trị Quốc Gia Sự Thật,Nhà Xuất Bản Chính Trị Quốc Gia Sự Thật,,Bìa mềm,368,2025-12-26,VIETNAMBOOK,available,1000,True,True,True
274024798,"Ý Thức Quốc Gia - Dân Tộc Ở Các Dân Tộc Vùng Biên Giới Việt Nam - Trung Quốc (Sách chuyên khảo) - Nguyễn Thị Thanh Bình, Vương Xuân Tình (Đồng chủ biên)",112000,112000,0,0.0,0,11,,Nhà Xuất Bản Khoa Học Xã Hội,Nhà Xuất Bản Khoa Học Xã Hội,,Bìa mềm tay gấp,292,2024-01-22,VIETNAMBOOK,available,1000,True,True,True
420462,Sách Huyền Thoại Che - Bản Lĩnh Tính Cách Tình Yêu Và Sự Bất Tử (Tái Bản 2014),59700,72000,17,5.0,1,7,.,First News - Trí Việt,NXB Trẻ,,Bìa mềm,235,2014-12-18,Nhà sách Fahasa,available,1000,True,True,True
261800456,(Sách chuyên khảo) QUẢN LÝ NHÀ NƯỚC VỀ KINH TẾ ĐẤT THEO CƠ CHẾ THỊ TRƯỜNG – Hoàng Văn Cường -NXB CT Quốc Gia Sự Thật,117000,117000,0,0.0,0,2,,Nhà Xuất Bản Chính Trị Quốc Gia Sự Thật,Nhà Xuất Bản Chính Trị Quốc Gia Sự Thật,,,,,BÌNH BÁN BOOK,available,1000,True,True,True
276736299,Sách - Tín Ngưỡng Và Văn Hóa Tín Ngưỡng Ở Việt Nam - Ngô Đức Thịnh - VIETNAMBOOK,234000,312000,25,0.0,0,1,,Vinabook JSC,Nhà Xuất Bản Hồng Đức,,,,,VIETNAMBOOK,available,1000,True,True,True
279258730,"[TỦ SÁCH THANH NIÊN] TUỔI TRẺ KARL MARX - Elena Ilyina – Trần Khuyến, Nhữ Thành, Cao Xuân Hạo dịch – NXB Kim Đồng",155000,155000,0,5.0,1,2,Nhiều dịch giả,Nhà Xuất Bản Kim Đồng,Nhà Xuất Bản Kim Đồng,,Bìa mềm,344,,BÌNH BÁN BOOK,available,1000,True,True,True
273596567,Sách Khổng giáo phê bình tiểu luận,53900,70000,23,4.7,3,56,Đào Duy Anh,Nhã Nam,Nhà Xuất Bản Hồng Đức,,Bìa mềm,132,2023-04-12,Tiki Trading,available,1000,False,True,True
273475664,Sách Đợt tuyệt chủng thứ 6,159000,159000,0,5.0,1,2,Elizabeth Kolbert,Nhã Nam,Nhà Xuất Bản Tri Thức,,Bìa mềm,461,,NHBook,available,1000,True,True,True
1732997,Hồ Sơ Mật Lầu 5 Góc Và Hồi Ức Về Chiến Tranh Việt Nam (Sách Tham Khảo),290000,290000,0,4.8,98,557,Daniel Ellsberg,NXB Chính Trị Quốc Gia,Nhà Xuất Bản Chính Trị Quốc Gia,,Bìa cứng,687,2017-01-01,Nhà Sách Lao Động,available,1000,True,True,True
279204281,(Trọn bộ 2 tập) VĂN KIỆN ĐẠI HỘI ĐẠI BIỂU TOÀN QUỐC LẦN THỨ XIV -  Đảng Cộng Sản Việt Nam – NXB CTQG Sự thật	,130000,130000,0,0.0,0,2,nhieu tac gia,Nhà Xuất Bản Chính Trị Quốc Gia Sự Thật,Nhà Xuất Bản Chính Trị Quốc Gia Sự Thật,,Bìa mềm,812,,Hiệu sách Khai Trí,available,1000,True,True,True
275707799,"Sách Một số vấn đề về đường lối quân sự, chiến lược quốc phòng trong sự nghiệp xây dựng và bảo vệ Tổ quốc Việt Nam xã hội chủ nghĩa thời kỳ mới ( Xuất bản lần thứ hai)",251000,251000,0,0.0,0,9,"GS. TS Nguyễn Phú Trọng, Nguyễn Phú Trọng",Nhà Xuất Bản Chính Trị Quốc Gia Sự Thật,Nhà Xuất Bản Chính Trị Quốc Gia Sự Thật,,Bìa mềm,,,Hiệu Sách Tự Do,available,1000,True,True,True
276736341,Sách - Tìm Hiểu Văn Hóa Hàn Quốc - VIETNAMBOOK,84000,84000,0,0.0,0,0,,Vinabook JSC,Nhà Xuất Bản Hồng Đức,,,,,Bamboo Books,available,1000,True,True,True
276736349,Sách - Dân Tộc Học Và Nhân Học Ở Việt Nam Trong Xu Thế Toàn Cầu Hóa - Phan Hữu Dật - VIETNAMBOOK,250000,250000,0,0.0,0,0,,Vinabook JSC,Nhà Xuất Bản Hồng Đức,,,,,Bamboo Books,available,1000,True,True,True
198511364,Chính Sách Hướng Nam Mới Của Đài Loan Và Tác Động Của Nó Đối Với Quan Hệ Đài Loan - Đông Nam Á (Sách chuyên khảo),110000,110000,0,0.0,0,29,,Nhà Xuất Bản Khoa Học Xã Hội,Nhà Xuất Bản Khoa Học Xã Hội,,Bìa mềm,312,2022-09-24,VIETNAMBOOK,available,1000,True,True,True
263703150,Tính Chuyên Chế Của Chế Độ Nhân Tài,233100,259000,10,0.0,0,6,Michael Sandel,Alpha Books,Nhà Xuất Bản Tri Thức,,,,,Nhà sách Fahasa,available,1000,True,True,True
275542688,(Tái bản 2026) VŨ KHÍ KINH TẾ - Sự trỗi dậy của các biện pháp trừng phạt kinh tế như một công cụ chiến tranh hiện đại – Nicholas Mulder - NXB Chính trị quốc gia sự thật,255000,255000,0,5.0,2,10,,NXB Chính Trị Quốc Gia Sự Thật,Nhà Xuất Bản Chính Trị Quốc Gia Sự Thật,,Bìa mềm,616,,BÌNH BÁN BOOK,available,1000,True,True,True
278989500,Điều Chỉnh Một Số Chính Sách Của Liên Minh Châu Âu Từ Xung Đột Nga - Ukraine Và Tác Động Đến Quan Hệ Việt Nam - Liên Minh Châu Âu (Sách Chuyên Khảo),189000,210000,10,0.0,0,1,Viện Nghiên cứu Châu Âu. PGS. TS. Đặng Minh Đức chủ biên,Nhà Xuất Bản Khoa Học Xã Hội,Nhà Xuất Bản Khoa Học Xã Hội,,Bìa mềm,436,2025-12-19,VIETNAMBOOK,available,1000,True,True,True
165038803,Sách Giải Mã Quyền Lực Mềm Hoa Kỳ Dưới Thời Barack Obama,107200,139000,23,4.5,5,68,Ngô Thị Bích Lan,Alphabooks,Nhà Xuất Bản Thế Giới,,Bìa mềm,280,2022-02-01,Tiki Trading,available,1000,False,True,True
273596563,Sách Nói luôn cho nó vuông,83160,108000,23,0.0,0,25,Steve Harvey,Nhã Nam,Nhà Xuất Bản Thế Giới,,Bìa mềm,301,2023-11-27,Tiki Trading,available,1000,False,True,True
276736468,Sách - Phân Tâm Học Và Freud Bức Chân Dung Ghép Mảnh - Franz Alexander - VIETNAMBOOK,115500,165000,30,0.0,0,1,,Vinabook JSC,Nhà Xuất Bản Hồng Đức,,,,,VIETNAMBOOK,available,1000,True,True,True
276800923,Sách - Xây Dựng Đội Ngũ Cán Bộ Ngành Tổ Chức Xây Dựng Đảng - NXB Chính Trị Quốc Gia,127000,127000,0,0.0,0,1,,Nhà Xuất Bản Chính Trị Quốc Gia Sự Thật,Nhà Xuất Bản Chính Trị Quốc Gia Sự Thật,,,,,Bamboo Books,available,1000,True,True,True
276800994,Sách - Tài Liệu Chuyên Đề Bồi Dưỡng Lý Luận Chính Trị Và Nghiệp Vụ - Dành Cho Cán Bộ Mặt Trận Tổ Quốc Ở Cơ Sở - NXB Chính Trị Quốc Gia,41000,41000,0,0.0,0,1,,Nhà Xuất Bản Chính Trị Quốc Gia Sự Thật,Nhà Xuất Bản Chính Trị Quốc Gia Sự Thật,,,,,Bamboo Books,available,1000,True,True,True
254132132,Chiến Thắng Của Đô Thị (Tái Bản 2022),262500,350000,25,0.0,0,6,,Fahasa,Nhà Xuất Bản Hội Nhà Văn,,,,,Nhà sách Fahasa,available,1000,True,True,True
12104901,Tư Tưởng Việt Nam,409500,585000,30,4.7,6,110,Huỳnh Công Bá,Vinabook JSC,Nhà Xuất Bản Thuận Hóa,,Bìa cứng,1104,2019-03-19,VIETNAMBOOK,available,1000,True,True,True
271758548,(Sách tham khảo)  QUAN HỆ VIỆT NAM – TRUNG QUỐC GIAI ĐOẠN 2017 -2022 : Những điều chỉnh chính sách của Trung Quốc và hàm ý đối với Việt Nam - Đặng Thị Thúy Hà -NXB CTQGST,134000,134000,0,0.0,0,2,,Nhà Xuất Bản Chính Trị Quốc Gia Sự Thật,Nhà Xuất Bản Chính Trị Quốc Gia Sự Thật,,,,,BÌNH BÁN BOOK,available,1000,True,True,True
276735535,Sách - Tài Liệu Học Tập Các Văn Kiện Đại Hội Đại Biểu Toàn Quốc Lần Thứ 13 Của Đảng - NXB Chính Trị Quốc Gia,55000,55000,0,4.0,1,2,,NXB Chính Trị Quốc Gia Sự Thật,Nhà Xuất Bản Chính Trị Quốc Gia Sự Thật,,,,,Bamboo Books,available,1000,True,True,True
273849787,GÓC TỐI VÀ TƯƠNG LAI CỦA CHỦ NGHĨA TƯ BẢN,253000,253000,0,0.0,0,0,,Nhà Xuất Bản Chính Trị Quốc Gia Sự Thật,Nhà Xuất Bản Tri Thức,,Bìa mềm,500,2023-12-01,Bảo Châu Books,available,1000,True,True,True
72338734,Điều Chỉnh Chính Sách Đối Ngoại Của Ấn Độ Dưới Thời Thủ Tướng N.Modi,74000,74000,0,5.0,8,52,,Nhà Xuất Bản Khoa Học Xã Hội,Nhà Xuất Bản Khoa Học Xã Hội,,Bìa mềm,410,,VIETNAMBOOK,available,1000,True,True,True
276740283,Sách - Cành Vàng - Bách Khoa Thư Về Văn Hóa Nguyên Thủy - Jame George Frazer - VIETNAMBOOK,693000,693000,0,0.0,0,0,,Vinabook JSC,Nhà Xuất Bản Hồng Đức,,,,,Bamboo Books,available,1000,True,True,True
276800931,"Sách - Định Hướng, Giải Pháp Bảo Vệ Nền Tảng Tư Tưởng Của Đảng, Đấu Tranh Ngăn Chặn Các Quan Điểm Sai Trái",213000,213000,0,0.0,0,1,,Nhà Xuất Bản Chính Trị Quốc Gia Sự Thật,Nhà Xuất Bản Chính Trị Quốc Gia Sự Thật,,,,,Bamboo Books,available,1000,True,True,True
276746010,Sách - Luật Kinh Doanh Bảo Hiểm - NXB Chính Trị Quốc Gia,52000,52000,0,0.0,0,1,,NXB Chính Trị Quốc Gia Sự Thật,Nhà Xuất Bản Chính Trị Quốc Gia Sự Thật,,,,,Bamboo Books,available,1000,True,True,True
270477809,"Nạn nhân của tội phạm (Dùng trong các trường Đại học Luật, An Ninh, Công an)",25000,25000,0,0.0,0,3,,Công Ty Cổ Phần Sách Đại Học - Dạy Nghề,Nhà Xuất Bản Giáo Dục Việt Nam,,,,,Cửa hàng Sách HEVOBOOKS,available,1000,True,True,True
262557432,Chết Bởi Văn Minh - Cái Giá Của Sự Tiến Bộ - Civilized To Death: The Price Of Progress,185000,185000,0,0.0,0,1,,Nhã Nam,Nhà Xuất Bản Phụ Nữ Việt Nam,,Bìa mềm,,,HỆ THỐNG NHÀ SÁCH ABC,available,1000,True,True,True
241963666,"Kiên quyết, kiên trì đấu tranh phòng chống tham nhũng...",373000,373000,0,0.0,0,0,,Nhà Xuất Bản Chính Trị Quốc Gia Sự Thật,Nhà Xuất Bản Chính Trị Quốc Gia Sự Thật,,,,,info book,available,1000,True,True,True
276560058,Phát Triển Kinh Tế Xanh Ở Nam Phi Và Nigeria: Gợi Ý Chính Sách Cho Việt Nam (Sách chuyên khảo) - PGS. TS. Lê Phước Minh chủ biên ,165000,165000,0,0.0,0,1,Viện Hàn Lâm Khoa Học Xã Hội Việt Nam,Nhà Xuất Bản Khoa Học Xã Hội,Nhà Xuất Bản Khoa Học Xã Hội,,Bìa mềm tay gấp,268,2024-11-11,VIETNAMBOOK,available,1000,True,True,True
249205049,(Bìa cứng) SỰ TRẢ THÙ CỦA ĐỊA LÝ - Robert Kaplan – Đào Đình Bắc dịch -Alphabooks - NXB Hội Nhà Văn,339000,339000,0,0.0,0,0,,Alpha Books,Nhà Xuất Bản Hội Nhà Văn,,,,,HỆ THỐNG NHÀ SÁCH ABC,available,1000,True,True,True
186495815,Những Lời Giáo Huấn Của Epictetus,239000,239000,0,0.0,0,0,Robin Hard,Thái Hà,Nhà Xuất Bản Công Thương,,,,,info book,available,1000,True,True,True
36700779,Hồi Ký Lý Quang Diệu I: Câu Chuyện Singapore (Quà Tặng Tickbook),319000,399000,20,0.0,0,0,Lý Quang Diệu,Alphabooks,Nhà Xuất Bản Thế Giới,,Bìa mềm,,,Omega Plus Books,available,1000,True,True,True
276735517,Sách - Đặc Khu Kinh Tế Và Con Đường Trung Quốc - NXB Chính Trị Quốc Gia,413000,413000,0,0.0,0,0,,NXB Chính Trị Quốc Gia Sự Thật,Nhà Xuất Bản Chính Trị Quốc Gia Sự Thật,,,,,Bamboo Books,available,1000,True,True,True
208314774,Sách Quân vương - Thuật cai trị - Alphabooks - BẢN QUYỀN,87000,109000,20,5.0,1,4,,Alphabooks,Nhà Xuất Bản Thế Giới,,,,,Alpha Books Official,available,1000,True,True,True
494405,Để Gió Cuốn Đi (Tự Truyện Của Nghệ Sĩ Ái Vân),164000,168000,2,4.6,28,1630,Nghệ Sĩ Ái Vân,First News - Trí Việt,Nhà Xuất Bản Hội Nhà Văn,,Bìa mềm,335,2016-04-29,Tiki Trading,available,1000,False,True,True
276735499,Sách - Hồ Chí Minh Toàn Tập - Combo 15 Tập - NXB Chính Trị Quốc Gia,6151000,6151000,0,0.0,0,0,,NXB Chính Trị Quốc Gia Sự Thật,Nhà Xuất Bản Chính Trị Quốc Gia Sự Thật,,,,,Bamboo Books,available,1000,True,True,True
276191219,Một số vấn đề cơ bản của tư tưởng Tập Cận Bình về chủ nghĩa xã hội đặc sắc Trung Quốc thời đại mới - bản in 2024,398000,398000,0,0.0,0,0,,Nhà Xuất Bản Chính Trị Quốc Gia Sự Thật,Nhà Xuất Bản Chính Trị Quốc Gia Sự Thật,,Bìa mềm,,,Bamboo Books,available,1000,True,True,True
277730885,Sách Thư vào nam - Lê Duẩn,114000,114000,0,5.0,1,11,Quốc hội,Nhà Xuất Bản Chính Trị Quốc Gia Sự Thật,Nhà Xuất Bản Chính Trị Quốc Gia Sự Thật,,Bìa mềm,404,,Hiệu Sách Tự Do,available,1000,True,True,True
276563697,Trung Quốc 2049 - Hướng Đến Cường Quốc Kinh Tế Thế Giới,236000,236000,0,5.0,1,10,,Nhà Xuất Bản Đại Học Quốc Gia Hà Nội,Nhà Xuất Bản Đại Học Quốc Gia Hà Nội,,Bìa mềm tay gấp,476,2024-11-12,VIETNAMBOOK,available,1000,True,True,True
276736339,Sách - Phân Tâm Học Và Freud Bức Chân Dung Ghép Mảnh - Franz Alexander - VIETNAMBOOK,115500,165000,30,0.0,0,1,,Vinabook JSC,Nhà Xuất Bản Hồng Đức,,,,,VIETNAMBOOK,available,1000,True,True,True
276739517,Sách - Nghiên Cứu Chủ Thuyết Phát Triển Của Việt Nam Trong Thời Đại Hồ Chí Minh - VIETNAMBOOK,140000,140000,0,0.0,0,0,,Vinabook JSC,Nhà Xuất Bản Hồng Đức,,,,,Bamboo Books,available,1000,True,True,True
276735773,Sách - Bộ Luật Dân Sự Năm 2015 Và Các Nghị Định Hướng Dẫn Thi Hành - NXB Chính Trị Quốc Gia,158000,158000,0,0.0,0,0,,NXB Chính Trị Quốc Gia Sự Thật,Nhà Xuất Bản Chính Trị Quốc Gia Sự Thật,,,,,Bamboo Books,available,1000,True,True,True
276735449,Sách - Bộ Luật Dân Sự Năm 2005 Và 2015 Phân Tích - Đối Chiếu - NXB Chính Trị Quốc Gia,255000,255000,0,0.0,0,1,,NXB Chính Trị Quốc Gia Sự Thật,Nhà Xuất Bản Chính Trị Quốc Gia Sự Thật,,,,,Bamboo Books,available,1000,True,True,True
82700696,Sách Bàn Về Tự Do (On Liberty) - John Stuart Mill - IRED Books,147250,155000,5,5.0,39,339,John Stuart Mill,VIỆN GIÁO DỤC IRED,Nhà Xuất Bản Tổng hợp TP.HCM,,Bìa cứng,260,2022-04-08,PACE Books,available,1000,True,True,True
193640390,Lên Tàu Cùng Socrates: Đi Tìm Ý Nghĩa Cuộc Sống Từ Các Triết Gia,187200,195000,4,5.0,3,21,Eric Weiner,NXB Trẻ,NXB Trẻ,,,,,Nhà sách Fahasa,available,1000,True,True,True
252011898,Sách Proust Có Thể Thay Đổi Cuộc Đời Bạn Như Thế Nào,83160,108000,23,3.0,1,86,Alain de Botton,Nhã Nam,Nhà Xuất Bản Thế Giới,,Bìa mềm,270,2023-04-04,Tiki Trading,available,1000,False,True,True
276666531,Sách Nước Mỹ Nổi Giận Cuộc Chia Rẽ Chính Trị Sâu Sắc (Sách Tham Khảo) - Alison Dagnes,127000,127000,0,0.0,0,0,NXB Chính Trị Quốc Gia Sự Thật,Nhà Xuất Bản Chính Trị Quốc Gia Sự Thật,Nhà Xuất Bản Chính Trị Quốc Gia Sự Thật,,Bìa mềm,396,,Hiệu Sách Tự Do,available,1000,True,True,True
184301697,"Hoa Kỳ - Chính Trị, Can Dự Và Quan Hệ",240000,240000,0,5.0,10,75,,Nhà Xuất Bản Công An Nhân Dân,Nhà Xuất Bản Công An Nhân Dân,,Bìa mềm,600,2022-05-31,VIETNAMBOOK,available,1000,True,True,True
279128085, LỊCH SỬ QUAN HỆ HAI BÊN BIÊN GIỚI TRÊN ĐẤT LIỀN VIỆT NAM - TRUNG QUỐC TỪ NĂM 1945 ĐẾN NĂM 1979 – NXB KHXH,168000,168000,0,0.0,0,0,PGS. TS. Đinh Quang Hải,CN NXB Khoa Học Xã Hội,Nhà Xuất Bản Khoa Học Xã Hội,,Bìa mềm,,,BÌNH BÁN BOOK,available,1000,True,True,True
121185786,Quan Hệ Giữa Các Nước Lớn Và Đối Sách Của Việt Nam,79100,113000,30,4.7,17,153,,VIETNAMBOOK,Nhà Xuất Bản Quân Đội Nhân Dân,,Bìa mềm,296,2021-09-03,VIETNAMBOOK,available,1000,True,True,True
276738961,Sách - Một Số Vấn Đề Về Dân Tộc Học Việt Nam - Phan Hữu Dật - VIETNAMBOOK,300000,300000,0,0.0,0,0,,Vinabook JSC,Nhà Xuất Bản Hồng Đức,,,,,Bamboo Books,available,1000,True,True,True
71172679,Chính Trị Học ,180000,180000,0,5.0,29,118,,Công Ty Cổ Phần Tri thức Văn Hóa Sách Việt Nam,Nhà Xuất Bản Đại Học Quốc Gia Hà Nội,,Bìa mềm,508,2020-10-21,HaAnBooks,available,1000,True,True,True
276736309,Sách - Chủ Tịch Hồ Chí Minh Với Cuộc Hành Trình Của Thời Đại - Tìm Đường Đi Cho Dân Tộc Đi Theo - VIETNAMBOOK,101000,101000,0,0.0,0,0,,Vinabook JSC,Nhà Xuất Bản Hồng Đức,,,,,Bamboo Books,available,1000,True,True,True
276746002,Sách - Luật An Ninh Mạng (Hiện Hành) - NXB Chính Trị Quốc Gia,18000,18000,0,0.0,0,2,,NXB Chính Trị Quốc Gia Sự Thật,Nhà Xuất Bản Chính Trị Quốc Gia Sự Thật,,,,,Bamboo Books,available,1000,True,True,True
76552622,Nước Mỹ Nổi Giận Cuộc Chia Rẽ Chính Trị Sâu Sắc (Sách Tham Khảo),127000,127000,0,0.0,0,0,,Nhà Xuất Bản Chính Trị Quốc Gia Sự Thật,Nhà Xuất Bản Chính Trị Quốc Gia Sự Thật,,Bìa mềm,396,,Bamboo Books,available,1000,True,True,True
276740343,Sách - Nhân Học Văn Hóa Việt Nam - Hoàng Nam - VIETNAMBOOK,108000,108000,0,0.0,0,2,,Vinabook JSC,Nhà Xuất Bản Hồng Đức,,,,,Bamboo Books,available,1000,True,True,True
276801039,Sách - Xứ An Nam (5/7/1885 - 4/4/1886) - Léon Prudhomme - VIETNAMBOOK,108000,144000,25,0.0,0,1,,VIETNAMBOOK,Nhà Xuất Bản Hồng Đức,,,,,VIETNAMBOOK,available,1000,True,True,True
168780454,Sách Chủ Nghĩa Tư Bản Không Có Tư Bản: Sự Trỗi Dậy Của Nền Kinh Tế Vô Hình,216000,216000,0,0.0,0,3,"Jonathan Haskel, Stian Westlake",NXB Chính Trị Quốc Gia Sự Thật,Nhà Xuất Bản Chính Trị Quốc Gia Sự Thật,,Bìa mềm,444,2022-03-01,Nhà Sách Lao Động,available,1000,True,True,True
253248319,Trật Tự Thế Giới (Tái Bản 2023),220500,245000,10,0.0,0,1,Henry Kissinger,Alpha Books,Nhà Xuất Bản Thế Giới,,,,,Nhà sách Fahasa,available,1000,True,True,True
277043039,"Sách Công dân giáo dục - Tự do, quyền và nghĩa vụ công dân đầu thế kỷ
XX",68000,99000,31,0.0,0,7,"Hoàng Đạo, Nguyễn Hữu Sơn",Công Ty TNHH Sách Và Truyền Thông Việt Nam,Nhà Xuất Bản Lao Động,,Bìa mềm,176,2025-01-15,Tiki Trading,available,1000,True,True,True
276735700,Sách - Vũ Khí Vô Hình - Các Hình Thái Chiến Tranh Trong Kỷ Nguyên Mới - NXB Chính Trị Quốc Gia,231000,231000,0,0.0,0,1,,NXB Chính Trị Quốc Gia Sự Thật,Nhà Xuất Bản Chính Trị Quốc Gia Sự Thật,,,,,Bamboo Books,available,1000,True,True,True
276797963,Sách - Đông Nam Á - Hội Tụ Các Siêu Cường Mỹ - Trung - NXB Chính Trị Quốc Gia,278000,278000,0,0.0,0,2,,NXB Chính Trị Quốc Gia Sự Thật,Nhà Xuất Bản Chính Trị Quốc Gia Sự Thật,,,,,Bamboo Books,available,1000,True,True,True
276800913,Sách - Xây Dựng Nhà Nước Pháp Quyền Xã Hội Chủ Nghĩa Việt Nam Trong Điều Kiện Hội Nhập Kinh Tế Quốc Tế - NXB Chính Trị Quốc Gia,131000,131000,0,0.0,0,1,,Nhà Xuất Bản Chính Trị Quốc Gia Sự Thật,Nhà Xuất Bản Chính Trị Quốc Gia Sự Thật,,,,,Bamboo Books,available,1000,True,True,True
241668324,Cuộc chiến dài hơi – Đại chiến lược của Trung Quốc nhằm thay đổi trật tự của Mỹ,420300,467000,10,0.0,0,2,,Nhà Xuất Bản Chính Trị Quốc Gia Sự Thật,Nhà Xuất Bản Chính Trị Quốc Gia Sự Thật,,,,,Bảo Châu Books,available,1000,True,True,True
277727778,Sách - Những biên bản cuối cùng tại Nhà Trắng: Phút sụp đổ của Việt Nam Cộng Hòa - Chính Trị Quốc Gia,135000,135000,0,0.0,0,0,,CÔNG TY TNHH THƯƠNG MẠI SÁCH NHÂN DÂN,Nhà Xuất Bản Chính Trị Quốc Gia Sự Thật,,,,,SÁCH NHÂN DÂN - ndbooks,available,1000,True,True,True
249347297,Bàn Cờ Lớn,127200,159000,20,5.0,1,27,Zbigniew Brzezinski,Alpha Books,Nhà Xuất Bản Hà Nội,,,,,Nhà sách Fahasa,available,1000,True,True,True
276735634,Sách - Luật Kinh Doanh Bảo Hiểm - NXB Chính Trị Quốc Gia,52000,52000,0,0.0,0,0,,NXB Chính Trị Quốc Gia Sự Thật,Nhà Xuất Bản Chính Trị Quốc Gia Sự Thật,,,,,Bamboo Books,available,1000,True,True,True
276735403,Sách - Văn Hóa Trung Hoa - Lịch Sử Và Hiện Tại - NXB Chính Trị Quốc Gia,178000,178000,0,0.0,0,2,,NXB Chính Trị Quốc Gia Sự Thật,Nhà Xuất Bản Chính Trị Quốc Gia Sự Thật,,,,,Bamboo Books,available,1000,True,True,True
95306065,"Các Cương Lĩnh Cách Mạng Của Đảng Cộng Sản Việt Nam (Tái bản, có chỉnh sửa, bổ sung)",67000,67000,0,0.0,0,0,,Nhà Xuất Bản Chính Trị Quốc Gia Sự Thật,Nhà Xuất Bản Chính Trị Quốc Gia Sự Thật,,Bìa mềm,224,,Bamboo Books,available,1000,True,True,True
397730,Sách Biệt Động Sài Gòn - Những Trận Đánh Huyền Thoại,236900,350000,32,4.5,19,160,"Kim Thư, Quý Lâm",Nhà sách Lao Động,Nhà Xuất Bản Tổng Hợp Đồng Nai,,Bìa cứng,520,2014-03-20,Tiki Trading,available,1000,False,True,True
273187678,"Vững Tin Vào Con Đường Đi Lên Chủ Nghĩa Xã Hội - Tụt Hậu Về Kinh Tế Và Bẫy Thu Nhập Trung Bình - Nguy Cơ Cần ""Đặc Biệt Coi Trọng""",82000,82000,0,0.0,0,1,,Nhà Xuất Bản Dân Trí,Nhà Xuất Bản Dân Trí,,Bìa mềm,208,2023-11-01,VIETNAMBOOK,available,1000,True,True,True
253129519,Tranh Chấp Biển Đông - Pháp Lý Và Thực Tiễn,181000,181000,0,0.0,0,1,,NXB Chính Trị Quốc Gia,Nhà Xuất Bản Chính Trị Quốc Gia Sự Thật,,,,,Bamboo Books,available,1000,True,True,True
276735737,"Sách - Kinh Doanh Sành Luật (Ứng Dụng Luật Doanh Nghiệp Năm 2020, Sửa Đổi, Bổ Sung Năm 2022 Và Quy Định Liên Quan) - NXB Chính Trị Quốc Gia",195000,195000,0,0.0,0,1,,NXB Chính Trị Quốc Gia Sự Thật,Nhà Xuất Bản Chính Trị Quốc Gia Sự Thật,,,,,Bamboo Books,available,1000,True,True,True
275967427,Sách Hàn Phi Tử - Hàn Phi - Tủ Sách Nền Tảng Đổi Đời Trung Nguyên Legend,199000,199000,0,0.0,0,11,Hàn Phi,NXB Tổng Hợp Đà Nẵng,Omega Plus,,Bìa mềm,498,2022-08-01,Trung Nguyên Legend Official,available,1000,True,True,True
276735439,Sách - Cạnh Tranh Công Nghệ Mỹ - Trung Quốc Thời Đại 4.0 - NXB Chính Trị Quốc Gia,99000,99000,0,0.0,0,0,,NXB Chính Trị Quốc Gia Sự Thật,Nhà Xuất Bản Chính Trị Quốc Gia Sự Thật,,,,,Bamboo Books,available,1000,True,True,True
813488,"Sách Tuyển Tập Các Quyết Định Giám Đốc Thẩm Của Tòa Án Nhân Dân Tối Cao Về Hình Sự, Dân Sự, Kinh Tế Năm (2013 - 2016)",290000,290000,0,5.0,1,28,Vũ Duy Khang,Nhà sách Lao Động,Nhà Xuất Bản Hồng Đức,,Bìa mềm,472,2017-08-25,Nhà Sách Lao Động,available,1000,True,True,True
260933283,Chính Trị Luận,189000,189000,0,0.0,0,0,,Omega Plus,Nhà Xuất Bản Thế Giới,,,,,info book,available,1000,True,True,True
127032028,Sách-Cơ Hội Thứ Hai Cho Tiền Bạc Và Cuộc Đời Của Bạn Và Cho thế Giới Của Chúng Ta,175000,175000,0,0.0,0,2,,NXB Trẻ,NXB Trẻ,,,,,Alpha Books Official,available,1000,True,True,True
262839157,BIỂN ĐÔNG TRONG TẦM NHÌN CHIẾN LƯỢC CỦA TRUNG QUỐC 10 năm nhìn lại (2012 – 2022) Từ chính sách đến thực thi - Bùi Thị Thu Hiền  - NXB Chính trị Quốc gia Sự thật (Bìa mềm),159000,159000,0,0.0,0,3,,Nhà Xuất Bản Chính Trị Quốc Gia Sự Thật,Nhà Xuất Bản Chính Trị Quốc Gia Sự Thật,,,,,BÌNH BÁN BOOK,available,1000,True,True,True
487750,Sách Aung San Suu Kyi - Sợ Hãi & Tự Do,139400,168000,17,5.0,10,34,Christophe Loviny,First News - Trí Việt,Nhà Xuất Bản Hồng Đức,,Bìa mềm,160,2016-04-13,Nhà sách Fahasa,available,1000,True,True,True
262452074,Giáo Trình Lịch Sử Đảng Cộng Sản Việt Nam (Dành Cho Bậc Đại Học Hệ Không Chuyên Lý Luận Chính Trị),90000,90000,0,0.0,0,0,Bộ Giáo Dục Và Đào Tạo,Nhà Xuất Bản Chính Trị Quốc Gia Sự Thật,Nhà Xuất Bản Chính Trị Quốc Gia Sự Thật,,Bìa mềm,440,,Bảo Châu Books,available,1000,True,True,True
163685252,"Báo Chí, Truyền Thông Hiện Đại - Thực Tiễn, Vấn Đề, Nhận Định (Xuất bản lần thứ hai)",222000,222000,0,0.0,0,0,,Nhà Xuất Bản Chính Trị Quốc Gia Sự Thật,Nhà Xuất Bản Chính Trị Quốc Gia Sự Thật,,Bìa mềm,446,,Bảo Châu Books,available,1000,True,True,True
270715973, Con đường công nghiệp hóa trong thế kỷ XXI - Những thách thức mới và những mô hình nổi trội,278000,278000,0,4.0,1,2,,Nhà Xuất Bản Chính Trị Quốc Gia Sự Thật,Nhà Xuất Bản Chính Trị Quốc Gia Sự Thật,,,,2021-05-01,ST Book,available,1000,True,True,True
275882454,Sài Gòn Ngoảnh Lại Trăm Năm (PB),202740,218000,7,0.0,0,1,Phạm Công Luận,CÔNG TY TNHH PHAN LỆ & FRIENDS,Nhà Xuất Bản Đà Nẵng,,Bìa mềm,344,,Văn Lang Official Store,available,1000,True,True,True
276739525,Sách - Giải Mật Chiến Trường Miền Nam Sau Đảo Chính Ngô Đình Diệm - Nông Huyền Sơn - VIETNAMBOOK,112000,112000,0,0.0,0,0,,Vinabook JSC,Nhà Xuất Bản Hồng Đức,,,,,Bamboo Books,available,1000,True,True,True
277963700,Sách Vượt Qua Đối Đầu,169400,220000,23,0.0,0,13,Phil Mullan,Nhã Nam,Nhà Xuất Bản Thông Tin Và Truyền Thông,,Bìa mềm,396,2025-03-13,Tiki Trading,available,1000,False,True,True
275360972,"SOẠN THẢO HỢP ĐỒNG THỰC CHIẾN - Luật sư, TS. Phạm Hoài Huấn",117000,117000,0,5.0,1,13,Phạm Hoài Huấn,Nhà Xuất Bản Chính Trị Quốc Gia Sự Thật,Nhà Xuất Bản Chính Trị Quốc Gia Sự Thật,,,,2024-06-21,Hiệu Sách Tự Do,available,1000,True,True,True
273728960,Sức Mạnh Ngôn Ngữ Ngoại Giao Của Tập Cận Bình,306000,306000,0,4.0,1,4,,NXB Chính Trị Quốc Gia,Nhà Xuất Bản Chính Trị Quốc Gia Sự Thật,,,,,Bamboo Books,available,1000,True,True,True
274096597,Chính sách đối ngoại Mỹ dưới thời chính quyền Joe Biden và những tác động tới quan hệ quốc tế (bản in 2023),283000,283000,0,5.0,1,3,,Nhà Xuất Bản Chính Trị Quốc Gia Sự Thật,Nhà Xuất Bản Chính Trị Quốc Gia Sự Thật,,,,,ST Book,available,1000,True,True,True
277966045,Sách Tưởng Như Không Thể - Những mẩu chuyện ngoại giao văn hóa tại IRAN và UCRAINA,146300,190000,23,0.0,0,1,Nguyễn Hồng Thạch,Saigon Books,Nhà Xuất Bản Tri Thức,,Bìa mềm,194,2025-01-05,Tiki Trading,available,1000,False,True,True
276735679,Sách - Những Bóng Ma Của Mác - NXB Chính Trị Quốc Gia,142000,142000,0,5.0,1,1,,NXB Chính Trị Quốc Gia Sự Thật,Nhà Xuất Bản Chính Trị Quốc Gia Sự Thật,,,,,Bamboo Books,available,1000,True,True,True
271950417,"Combo 2 Cuốn ""Lời Của Nietzsche Cho Người Trẻ""",166320,216000,23,5.0,1,27,Shiratori Haruhiko,Nhã Nam,Nhà Xuất Bản Thế Giới,,Bìa mềm,556,,Tiki Trading,available,1000,False,True,True
274170491,Sự Tương Đồng Giữa Goethe Và Tolstoy,87300,96000,9,5.0,1,7,Thomas Mann,Fahasa,nxb thanh nien,,,,,Nhà sách Fahasa,available,1000,True,True,True
222678443,CUỘC CHIẾN DÀI HƠI – Đại chiến lược của Tr.u.ng Q.uố.c nhằm thay đổi trật tự của M.ỹ – Rush Doshi – Mỹ Châu dịch – NXB Chính trị Quốc gia Sự thật (bìa mềm),467000,467000,0,0.0,0,0,,Nhà Xuất Bản Chính Trị Quốc Gia Sự Thật,Nhà Xuất Bản Chính Trị Quốc Gia Sự Thật,,Bìa mềm,846,,Nhà Sách Lao Động,available,1000,True,True,True
74401779,Sự Bất Cân Xứng Về Sức Mạnh Và Các Mối Quan Hệ Quốc Tế (Sách Tham Khảo),175500,195000,10,0.0,0,1,Brantly Womack,Nhà Xuất Bản Chính Trị Quốc Gia Sự Thật,Nhà Xuất Bản Chính Trị Quốc Gia Sự Thật,,,,,Bảo Châu Books,available,1000,True,True,True
247263430,Quân vương - Thuật cai trị - Alphabooks - BẢN QUYỀN,87000,109000,20,0.0,0,7,,Alphabooks,Nhà Xuất Bản Thế Giới,,,,,Alpha Books Official,available,1000,True,True,True
262766973,VIỆT NAM TRƯỚC TÁC ĐỘNG CỦA CẤU TRÚC AN NINH TẠI KHU VỰC CHÂU Á -  THÁI BÌNH DƯƠNG - Đỗ Lê Chí - NXB Chính trị Quốc gia Sự thậtc (Bìa mềm),91000,91000,0,5.0,1,7,,Nhà Xuất Bản Chính Trị Quốc Gia Sự Thật,Nhà Xuất Bản Chính Trị Quốc Gia Sự Thật,,,,,BÌNH BÁN BOOK,available,1000,True,True,True
203085208,9 Biện Pháp Bảo Đảm Nghĩa Vụ Hợp Đồng,177000,177000,0,0.0,0,2,Luật Sư Trương Thanh Đức - Trọng Tài Viên VIAC,Nhà Xuất Bản Chính Trị Quốc Gia Sự Thật,Nhà Xuất Bản Chính Trị Quốc Gia Sự Thật,,Bìa mềm,607,2021-08-31,Hiệu Sách Tự Do,available,1000,True,True,True
275965573,Sách Quân Vương - Thuật Cai Trị - Niccolò Machiavelli - Tủ Sách Nền Tảng Đổi Đời Trung Nguyên Legend,109000,109000,0,5.0,1,4,Niccolò Ammaniti,Nhà Xuất Bản Hà Nội,Omega Plus,,Bìa mềm,168,2019-12-05,Trung Nguyên Legend Official,available,1000,True,True,True
521002,Sách Hillary Clinton - Bí Mật Quốc Gia Và Sự Hồi Sinh,94500,189000,50,5.0,2,18,Jonathan Allen - Amie Parnes,Alphabooks,Nhà Xuất Bản Thế Giới,,Bìa mềm,600,2016-07-05,Alpha Books Official,available,1000,True,True,True
276797945,Sách - Tài Liệu Bồi Dưỡng Lý Luận Chính Trị Dành Cho Đảng Viên Mới - NXB Chính Trị Quốc Gia,65000,65000,0,0.0,0,2,,NXB Chính Trị Quốc Gia Sự Thật,Nhà Xuất Bản Chính Trị Quốc Gia Sự Thật,,,,,Bamboo Books,available,1000,True,True,True
260933289,Chính Trị Luận,151000,189000,20,0.0,0,0,,Omega Plus,Nhà Xuất Bản Thế Giới,,,,,Alpha Books Official,available,1000,True,True,True
2719955,Viện Trợ Nước Ngoài Cho Việt Nam (Đối Với Giáo Dục Và Đào Tạo 1954 - 1975),66500,95000,30,0.0,0,58,TS. Nguyễn Thúy Quỳnh,Công Ty Cổ Phần Tri thức Văn Hóa Sách Việt Nam,Nhà Xuất Bản Công An Nhân Dân,,Bìa mềm,288,,VIETNAMBOOK,available,1000,True,True,True
409383,Sách Luân Lý Giáo Khoa Thư,115000,115000,0,0.0,0,0,.,NXB Trẻ,NXB Trẻ,,,176,2014-03-03,HỆ THỐNG NHÀ SÁCH ABC,available,1000,True,True,True
276735717,Sách - Chính Sách Tôn Giáo Của Mỹ Và Góc Nhìn Tham Chiếu Với Việt Nam - NXB Chính Trị Quốc Gia,118000,118000,0,0.0,0,0,,NXB Chính Trị Quốc Gia Sự Thật,Nhà Xuất Bản Chính Trị Quốc Gia Sự Thật,,,,,Bamboo Books,available,1000,True,True,True
276740307,Sách - Điện Biên Phủ Qua Những Góc Nhìn Lịch Sử - VIETNAMBOOK,97000,97000,0,0.0,0,1,,Vinabook JSC,Nhà Xuất Bản Hồng Đức,,,,,Bamboo Books,available,1000,True,True,True
247263426,Quân vương - Thuật cai trị - Alphabooks - BẢN QUYỀN,87000,109000,20,0.0,0,6,,Alphabooks,Nhà Xuất Bản Thế Giới,,,,,Alpha Books Official,available,1000,True,True,True
161947183,Sách - Các cương lĩnh cách mạng của Đảng cộng sản Việt Nam,67000,67000,0,0.0,0,0,,Nhà Xuất Bản Chính Trị Quốc Gia Sự Thật,Nhà Xuất Bản Chính Trị Quốc Gia Sự Thật,,,,,Bamboo Books,available,1000,True,True,True
210760870,Chủ Nghĩa Tư Bản Và Tự Do - Capitalism And Freedom,188000,200000,6,5.0,1,13,Milton Friedman,Nhã Nam,Nhà Xuất Bản Thế Giới,,,,,Nhà sách Fahasa,available,1000,True,True,True
1338983,Sách Nhà Trắng - Những Chuyện Chưa Kể,94000,125000,25,3.0,2,206,Kate Andersen Brower,NXB Trẻ,NXB Trẻ,,Bìa mềm,,2018-01-10,Tiki Trading,available,1000,False,True,True
209905785,Quân Vương Thuật Cai Trị - Bản Quyền,109000,109000,0,0.0,0,0,,Alphabooks,Nhà Xuất Bản Thế Giới,,,,,FishingBook,available,1000,True,True,True
276738806,Sách - Đặng Thai Mai Hồi Ký - VIETNAMBOOK,124000,124000,0,0.0,0,0,,Vinabook JSC,Nhà Xuất Bản Hồng Đức,,,,,Bamboo Books,available,1000,True,True,True
276735467,"Sách - Cán Bộ, Đảng Viên, Đặc Biệt Là Người Đứng Đầu Cơ Quan, Đơn Vị Phải Đề Cao Trách Nhiệm, Gương Mẫu Đi Đầu - NXB Chính Trị Quốc Gia",30000,30000,0,0.0,0,0,,NXB Chính Trị Quốc Gia Sự Thật,Nhà Xuất Bản Chính Trị Quốc Gia Sự Thật,,,,,Bamboo Books,available,1000,True,True,True
276735573,Sách - Sự Tích Các Thành Hoàng Làng Thăng Long - Hà Nội - NXB Chính Trị Quốc Gia,198000,198000,0,0.0,0,1,,NXB Chính Trị Quốc Gia Sự Thật,Nhà Xuất Bản Chính Trị Quốc Gia Sự Thật,,,,,Bamboo Books,available,1000,True,True,True
276735698,Sách - Niềm Tin Xã Hội - Lý Luận Và Thực Tiễn - NXB Chính Trị Quốc Gia,281000,281000,0,0.0,0,0,,NXB Chính Trị Quốc Gia Sự Thật,Nhà Xuất Bản Chính Trị Quốc Gia Sự Thật,,,,,Bamboo Books,available,1000,True,True,True
276735621,"Sách - Luật Ngân Hàng Nhà Nước Việt Nam (Hiện Hành) (Sửa Đổi, Bổ Sung Năm 2022) - NXB Chính Trị Quốc Gia",22000,22000,0,0.0,0,0,,NXB Chính Trị Quốc Gia Sự Thật,Nhà Xuất Bản Chính Trị Quốc Gia Sự Thật,,,,,Bamboo Books,available,1000,True,True,True
271454497,"Chủ Nghĩa Dân Túy Trong Đời Sống Chính Trị Thế Giới Và Gợi Ý Tham Khảo Đối Với Việt Nam - TS. Phùng Chí Kiên, Nguyễn Văn Nhu - (bìa mềm)",127000,127000,0,0.0,0,0,,Nhà Xuất Bản Chính Trị Quốc Gia Sự Thật,Nhà Xuất Bản Tổng hợp TP.HCM,,Bìa mềm,280,2023-04-01,Bamboo Books,available,1000,True,True,True
275867925,Sách - Hồ Sơ Mật Lầu Năm Góc Và Hồi Ức Về Chiến Tranh Việt Nam (Sách Tham Khảo) - Hồ Sơ Mật Lầu 5 Góc,285000,285000,0,5.0,1,6,Daniel Ellsberg,Nhà Xuất Bản Chính Trị Quốc Gia Sự Thật,Nhà Xuất Bản Chính Trị Quốc Gia Sự Thật,,Bìa cứng,,,Hiệu Sách Tự Do,available,1000,True,True,True
222638951,Sách - Quyền lực của địa lý (Tim Marshall) (Bìa cứng),280000,280000,0,0.0,0,0,,Không có,Không có,,,,,FishingBook,available,1000,True,True,True
72955604,"Chính Sách, Pháp Luật Về An Ninh Thông Tin Của Các Nước Trên Thế Giới",95000,95000,0,4.5,4,35,,Nhà Xuất Bản Công An Nhân Dân,Nhà Xuất Bản Công An Nhân Dân,,Bìa mềm,264,,VIETNAMBOOK,available,1000,True,True,True
276740327,Sách - Khoa Cử Việt Nam - Cử Nhân Triều Nguyễn - VIETNAMBOOK,390000,390000,0,0.0,0,0,,Vinabook JSC,Nhà Xuất Bản Hồng Đức,,,,,Bamboo Books,available,1000,True,True,True
276740359,Sách - Chủ Tịch Hồ Chí Minh Với Nước Nga - VIETNAMBOOK,87000,87000,0,0.0,0,0,,Vinabook JSC,Nhà Xuất Bản Hồng Đức,,,,,Bamboo Books,available,1000,True,True,True
275493547,(Xuất bản lần thứ hai) THỦ TƯỚNG PHAN VĂN KHẢI VÀ NHỮNG QUYẾT SÁCH CHIẾN LƯỢC – Cục Văn Thư Và Lưu Trữ Nhà Nước – Trung Tâm Lưu Trữ Quốc Gia III – NXB CTQGST,358000,358000,0,0.0,0,0,Cục văn thư và lưu trữ nhà nước - Trung tâm lưu trữ quốc gia I,NXB Chính Trị Quốc Gia Sự Thật,Nhà Xuất Bản Chính Trị Quốc Gia Sự Thật,,Bìa mềm,895,,Bamboo Books,available,1000,True,True,True
105540385,Sách Chấn Hưng Nhật Bản - Làm Cách Nào Nhật Bản Có Thể Tự Tái Thiết Và Tại Sao Điều Này Lại Quan Trọng Với Hoa Kỳ Và Thế Giới ,132000,132000,0,0.0,0,0,,NXB Chính Trị Quốc Gia Sự Thật,Nhà Xuất Bản Chính Trị Quốc Gia Sự Thật,,Bìa mềm,328,,Bamboo Books,available,1000,True,True,True
273728950,Cạnh Tranh Công Nghệ Mỹ - Trung Quốc Thời Đại 4.0,99000,99000,0,0.0,0,4,,NXB Chính Trị Quốc Gia,Nhà Xuất Bản Chính Trị Quốc Gia Sự Thật,,,,,Bamboo Books,available,1000,True,True,True
276735567,Sách - Cha Con Tôi - NXB Chính Trị Quốc Gia,74000,74000,0,0.0,0,0,,NXB Chính Trị Quốc Gia Sự Thật,Nhà Xuất Bản Chính Trị Quốc Gia Sự Thật,,,,,Bamboo Books,available,1000,True,True,True
276797949,Sách - Tài Liệu Bồi Dưỡng Nhận Thức Về Đảng - NXB Chính Trị Quốc Gia,65000,65000,0,0.0,0,5,,NXB Chính Trị Quốc Gia Sự Thật,Nhà Xuất Bản Chính Trị Quốc Gia Sự Thật,,,,,Bamboo Books,available,1000,True,True,True
276797957,Sách - 200 Câu Hỏi - Đáp Về Bầu Cử Đại Biểu Quốc Hội Khóa XV Và Đại Biểu Hội Đồng Nhân Dân Các Cấp Nhiệm Kỳ 2021 - 2026 - NXB Chính Trị Quốc Gia,78000,78000,0,0.0,0,0,,NXB Chính Trị Quốc Gia Sự Thật,Nhà Xuất Bản Chính Trị Quốc Gia Sự Thật,,,,,Bamboo Books,available,1000,True,True,True
276735825,"Sách - Quốc Hội Trong Tiến Trình Đổi Mới Đáp ứNg Yêu Cầu Xây Dựng, Hoàn Thiện Nhà Nước Pháp Quyền Xã Hội Chủ Nghĩa Việt Nam - NXB Chính Trị Quốc Gia",499000,499000,0,0.0,0,0,,NXB Chính Trị Quốc Gia Sự Thật,Nhà Xuất Bản Chính Trị Quốc Gia Sự Thật,,,,,Bamboo Books,available,1000,True,True,True
208592942,Sách - Chủ Nghĩa Tư Bản Và Tự Do - Capitalism And Freedom - Nhã Nam,200000,200000,0,0.0,0,0,Milton Friedman,Nhã Nam,Nhà Xuất Bản Thế Giới,,,367,2022-12-09,info book,available,1000,True,True,True
276252125,Quản Lý Thương Mại Điện Tử Ở Việt Nam Trong Bối Cảnh Mới (Sách chuyên khảo) - Viện Hàn lâm Khoa học Xã hội Việt Nam - Viện Kinh tế Việt Nam  TS. Vũ Hoàng Linh chủ biên,145000,145000,0,0.0,0,2,Viện Hàn Lâm Khoa Học Xã Hội Việt Nam,Nhà Xuất Bản Khoa Học Xã Hội,Nhà Xuất Bản Khoa Học Xã Hội,,Bìa mềm tay gấp,400,2024-09-26,VIETNAMBOOK,available,1000,True,True,True
206995106,Âm mưu công khai,168000,168000,0,0.0,0,0,H. G. Wells,Tao Đàn,Nhà Xuất Bản Hội Nhà Văn,,Bìa mềm,236,2022-11-23,Bamboo Books,available,1000,True,True,True
276740304,Sách - Địa Danh và Chủ Quyền Lãnh Thổ Việt Nam - Kim Quang Minh & Trịnh Anh Cơ - VIETNAMBOOK,101000,101000,0,0.0,0,0,,Vinabook JSC,Nhà Xuất Bản Hồng Đức,,,,,Bamboo Books,available,1000,True,True,True
273476166,Trạm Đọc | Cộng Hòa ( Plato ),239000,299000,20,0.0,0,0,,Alphabooks,Nhà Xuất Bản Thế Giới,,Bìa mềm,,2023-11-01,Omega Plus Books,available,1000,True,True,True
250071048,Sách - Academic Writing: Chỉ dẫn viết luận chuẩn quốc tế dành cho sinh viên - Thái Hà,249000,249000,0,0.0,0,0,Stephen Bailey,Thái Hà,Nhà Xuất Bản Công Thương,,Bìa mềm,,,HỆ THỐNG NHÀ SÁCH ABC,available,1000,True,True,True
242443944,Sách - Vượt qua sợ hãi,269000,269000,0,0.0,0,0,,Không có,Không có,,,,,HỆ THỐNG NHÀ SÁCH ABC,available,1000,True,True,True
168780451,"Thị Trường, Nhà Nước Và Người Dân: Kinh Tế Học Về Chính Sách Công",257000,268000,4,5.0,1,24,Diane Coyle,NXB Chính Trị Quốc Gia Sự Thật,Nhà Xuất Bản Chính Trị Quốc Gia Sự Thật,,Bìa mềm,488,2022-03-01,Tiki Trading,available,1000,False,True,True
276738909,Sách - Giai Thoại Phan Bội Châu - Chương Thâu - VIETNAMBOOK,80000,80000,0,0.0,0,2,,Vinabook JSC,Nhà Xuất Bản Hồng Đức,,,,,Bamboo Books,available,1000,True,True,True
276735673,Sách - Khung Cửa Tư Pháp - NXB Chính Trị Quốc Gia,218000,218000,0,0.0,0,1,,NXB Chính Trị Quốc Gia Sự Thật,Nhà Xuất Bản Chính Trị Quốc Gia Sự Thật,,,,,Bamboo Books,available,1000,True,True,True
276735721,"Sách - Bộ Luật Hình Sự (Hiện Hành) (Bộ Luật Năm 2015, Sửa Đổi, Bổ Sung Năm 2017) - NXB Chính Trị Quốc Gia",131000,131000,0,5.0,1,4,,NXB Chính Trị Quốc Gia Sự Thật,Nhà Xuất Bản Chính Trị Quốc Gia Sự Thật,,,,,Bamboo Books,available,1000,True,True,True
276735641,Sách - Điểm Mới Về Thừa Kế Trong Bộ Luật Dân Sự Năm 2015 Và Những Tình Huống Thực Tế - NXB Chính Trị Quốc Gia,115000,115000,0,0.0,0,1,,NXB Chính Trị Quốc Gia Sự Thật,Nhà Xuất Bản Chính Trị Quốc Gia Sự Thật,,,,,Bamboo Books,available,1000,True,True,True
199048872,Định mệnh chiến tranh – Liệu mỹ và Trung Quốc có tránh được bẫy Thucydides?,290000,290000,0,0.0,0,1,,Nhà Xuất Bản Chính Trị Quốc Gia Sự Thật,Nhà Xuất Bản Chính Trị Quốc Gia Sự Thật,,,,,Nhà Sách Lao Động,available,1000,True,True,True
276800925,Sách - Nâng Cao Năng Lực Cầm Quyền Của Đảng Cộng Sản Việt Nam Đáp Ứng Yêu Cầu Tình Hình Mới - NXB Chính Trị Quốc Gia,187000,187000,0,0.0,0,1,,Nhà Xuất Bản Chính Trị Quốc Gia Sự Thật,Nhà Xuất Bản Chính Trị Quốc Gia Sự Thật,,,,,Bảo Châu Books,available,1000,True,True,True
275921388,Sách - Tương lai của địa lý (Tim Marshall) (Bìa cứng) (Nhã Nam Official),250000,250000,0,0.0,0,0,Tim Marshall,Nhã Nam,Nhà Xuất Bản Thông Tấn,,Bìa cứng,436,,Bamboo Books,available,1000,True,True,True
272863985,Nhật ký của một bộ trưởng (trọn bộ 2 tập) (bản in 2023),750000,750000,0,0.0,0,0,,Nhà Xuất Bản Chính Trị Quốc Gia Sự Thật,Nhà Xuất Bản Chính Trị Quốc Gia Sự Thật,,,,,Bamboo Books,available,1000,True,True,True
273668296,Chính Sách Công So Sánh (Sách chuyên khảo),115000,115000,0,5.0,2,19,,Nhà Xuất Bản Khoa Học Xã Hội,Nhà Xuất Bản Khoa Học Xã Hội,,Bìa mềm tay gấp,248,2023-12-19,VIETNAMBOOK,available,1000,True,True,True
249050928,"(Giải Orwell danh cho sách chính trị hay nhất 2011) VỀ PHÁP QUYỀN - Tom Bingham – Phạm Hồ Nam, Nguyễn Lữ Quỳnh Anh dịch - Omega plus - NXB Tri Thức",168000,168000,0,0.0,0,0,,Công ty Cổ phần Sách Omega Việt Nam,Nhà Xuất Bản Tri Thức,,Bìa mềm,,,HỆ THỐNG NHÀ SÁCH ABC,available,1000,True,True,True
276740284,Sách - Chủ Tịch Hồ Chí Minh Với Cuộc Hành Trình Của Thời Đại - Đi Theo Con Đường Của Bác Học Tập Và Phấn Đấu Suốt Đời,113000,113000,0,0.0,0,1,,Vinabook JSC,Nhà Xuất Bản Hồng Đức,,,,,Bamboo Books,available,1000,True,True,True
277459525,Sổ Nghị quyết - năm xuất bản 2025,36000,36000,0,0.0,0,1,,Nhà Xuất Bản Chính Trị Quốc Gia Sự Thật,Nhà Xuất Bản Chính Trị Quốc Gia Sự Thật,,Bìa mềm,95,,Hiệu Sách Tự Do,available,1000,True,True,True
254132201,Các Hệ Thống Bầu Cử Trên Thế Giới,262500,350000,25,5.0,2,15,,Fahasa,Nhà Xuất Bản Đà Nẵng,,,,,Nhà sách Fahasa,available,1000,True,True,True
273728988,Bắc Triều Tiên Qua 100 Câu Hỏi,263000,263000,0,0.0,0,0,,NXB Chính Trị Quốc Gia,Nhà Xuất Bản Chính Trị Quốc Gia Sự Thật,,,,,Bamboo Books,available,1000,True,True,True
273302255,Hồi Ký Lý Quang Diệu - Câu Chuyện Singapore,319000,399000,20,0.0,0,1,Lý Quang Diệu,Alpha Books,Nhà Xuất Bản Thế Giới,,Bìa mềm,560,2023-11-11,Alpha Books Official,available,1000,True,True,True
337548,Sách Võ Nguyên Giáp - Hào Khí Trăm Năm,200000,200000,0,0.0,0,2,Trần Thái Bình,NXB Trẻ,NXB Trẻ,,Bìa mềm,468,2011-08-26,Bamboo Books,available,1000,True,True,True
198889596,Những Nhà Tư Tưởng Lớn - Schopenhauer In 60 Minuten - Schopenhauer Trong 60 Phút,93000,99000,6,0.0,0,1,Walther Ziegler,Cty Văn Hóa Văn Lang,hong duc,,,,,Nhà sách Fahasa,available,1000,True,True,True
276735459,Sách - Chỉ Dẫn Pháp Luật Về Một Số Lĩnh Vực Thuế - NXB Chính Trị Quốc Gia,159000,159000,0,0.0,0,0,,NXB Chính Trị Quốc Gia Sự Thật,Nhà Xuất Bản Chính Trị Quốc Gia Sự Thật,,,,,Bamboo Books,available,1000,True,True,True
276735605,Sách - Một Số Vấn Đề Lý Luận Và Thực Tiễn Về Chủ Nghĩa Xã Hội Và Con Đường Đi Lên Chủ Nghĩa Xã Hội ở Việt Nam - NXB Chính Trị Quốc Gia,199000,199000,0,0.0,0,0,,NXB Chính Trị Quốc Gia Sự Thật,Nhà Xuất Bản Chính Trị Quốc Gia Sự Thật,,,,,Bamboo Books,available,1000,True,True,True
276735553,Sách - Quốc Gia Và Siêu Quốc Gia - NXB Chính Trị Quốc Gia,253000,253000,0,0.0,0,0,,NXB Chính Trị Quốc Gia Sự Thật,Nhà Xuất Bản Chính Trị Quốc Gia Sự Thật,,,,,Bamboo Books,available,1000,True,True,True
277269534,An Ninh Phi Truyền Thống Trên Biển Đông: Tiếp Cận Khoa Học Xã Hội Và Nhân Văn Trong Vấn Đề Môi Trường Và Khai Thác Tài Nguyên (Sách chuyên khảo) ,230000,230000,0,0.0,0,3,TS Nguyễn Thị Thu Hà,Nhà Xuất Bản Khoa Học Xã Hội,Nhà Xuất Bản Khoa Học Xã Hội,,Bìa mềm,664,2025-02-05,VIETNAMBOOK,available,1000,True,True,True
276740291,"Sách - Chủ Tịch Hồ Chí Minh Với Cuộc Hành Trình Của Thời Đại - Bác Hồ, Một Cuộc Đời Vì Nhân Dân - VIETNAMBOOK",146000,146000,0,0.0,0,0,,Vinabook JSC,Nhà Xuất Bản Hồng Đức,,,,,Bamboo Books,available,1000,True,True,True
276735597,Sách - Veda Upanishad - Những Bộ Kinh Triết Lý Tôn Giáo Cổ Ấn Độ - NXB Chính Trị Quốc Gia,235000,235000,0,0.0,0,0,,NXB Chính Trị Quốc Gia Sự Thật,Nhà Xuất Bản Chính Trị Quốc Gia Sự Thật,,,,,Bamboo Books,available,1000,True,True,True
276735662,Sách - Nhà Nước Thế Tục - Sách Tham Khảo - NXB Chính Trị Quốc Gia,308000,308000,0,0.0,0,0,,NXB Chính Trị Quốc Gia Sự Thật,Nhà Xuất Bản Chính Trị Quốc Gia Sự Thật,,,,,Bamboo Books,available,1000,True,True,True
276738886,Sách - Chiến Tranh Biên Giới Tây Nam Dưới Góc Phê Bình Phân Tâm Học - Sách Chuyên Khảo - VIETNAMBOOK,136000,136000,0,0.0,0,1,,Vinabook JSC,Nhà Xuất Bản Hồng Đức,,,,,Bamboo Books,available,1000,True,True,True
276800978,Sách - Hỏi - Đáp Về Kết Quả 10 Năm Thực Hiện Cương Lĩnh Xây Dựng Đất Nước Trong Thời Kỳ Quá Độ Lên Chủ Nghĩa Xã Hội - NXB Chính Trị Quốc Gia,42000,42000,0,0.0,0,1,,Nhà Xuất Bản Chính Trị Quốc Gia Sự Thật,Nhà Xuất Bản Chính Trị Quốc Gia Sự Thật,,,,,Bamboo Books,available,1000,True,True,True
276736949,Sách - Hệ Giá Trị Văn Hóa Việt Nam - Ngô Đức Thịnh - VIETNAMBOOK,142500,190000,25,0.0,0,1,,Vinabook JSC,Nhà Xuất Bản Hồng Đức,,,,,VIETNAMBOOK,available,1000,True,True,True
227637788,Tôn Giáo Và Chính Trị Tiếp Cận Quốc Tế Và Việt Nam,96000,96000,0,5.0,2,36,,Nhà Xuất Bản Công An Nhân Dân,Nhà Xuất Bản Công An Nhân Dân,,Bìa mềm,272,2023-02-22,VIETNAMBOOK,available,1000,True,True,True
276252303,Quá Trình Thương Mại Hóa Lâm Sản Ở Vùng Biên Giới Việt Nam - Trung Quốc (Sách chuyên khảo) - Viện Hàn lâm Khoa học Xã hội Việt Nam - Viện Dân tộc học - Nguyễn Công Thảo chủ biên,185000,185000,0,0.0,0,2,Viện Hàn Lâm Khoa Học Xã Hội Việt Nam,Nhà Xuất Bản Khoa Học Xã Hội,Nhà Xuất Bản Khoa Học Xã Hội,,Bìa mềm tay gấp,360,2024-09-26,VIETNAMBOOK,available,1000,True,True,True
429681,Sách Người Nông Dân Châu Thổ Bắc Kỳ,133000,185000,28,4.5,32,653,Pierre Gourou,NXB Trẻ,NXB Trẻ,,Bìa mềm,712,2015-04-03,Tiki Trading,available,1000,False,True,True
276735436,Sách - Tác Động Của Các Nhân Tố Nội Bộ Đối Với Chính Sách Đối Ngoại Của Mỹ Dưới Thời Donald Trump - NXB Chính Trị Quốc Gia,115000,115000,0,0.0,0,1,,NXB Chính Trị Quốc Gia Sự Thật,Nhà Xuất Bản Chính Trị Quốc Gia Sự Thật,,,,,Bamboo Books,available,1000,True,True,True
274025016,Những Vấn Đề Gia Đình Và Giới Đương Đại Ở Việt Nam (Tuyển tập các công trình chọn lọc) - Viện Nghiên Cứu Gia Đình Và Giới,330000,330000,0,0.0,0,11,,Nhà Xuất Bản Khoa Học Xã Hội,Nhà Xuất Bản Khoa Học Xã Hội,,Bìa mềm tay gấp,576,2024-01-22,VIETNAMBOOK,available,1000,True,True,True
273713531,Chính Trị Luận - Aristotle - Bản Quyền,189000,189000,0,0.0,0,1,,Alpha Books,Nhà Xuất Bản Thế Giới,,,,,info book,available,1000,True,True,True
257782042,Bàn Về Tinh Thần Pháp Luật,199000,199000,0,0.0,0,0,Montesquieu,Alpha Books,Nhà Xuất Bản Thế Giới,,Bìa mềm,436,2023-05-16,info book,available,1000,True,True,True
202529503,Sách - Angela Merkel - Thế Giới Của Vị Nữ Thủ Tướng - NXB Trẻ,120000,120000,0,0.0,0,1,,NXB Trẻ,NXB Trẻ,,,,,info book,available,1000,True,True,True
58618215,De Gaulle Và Việt Nam (1945-1969),260000,260000,0,3.8,4,17,,NXB Đại Học Sư Phạm,Nhà Xuất Bản Đại Học Sư Phạm,,Bìa cứng,,2020-07-27,NXB Đại học Sư phạm,available,1000,True,True,True
273667708,Giới Hạn Quyền Sở Hữu Theo Pháp Luật Dân Sự Việt Nam (Sách chuyên khảo),172000,172000,0,5.0,3,14,,Nhà Xuất Bản Khoa Học Xã Hội,Nhà Xuất Bản Khoa Học Xã Hội,,Bìa mềm tay gấp,516,2023-12-19,VIETNAMBOOK,available,1000,True,True,True
186369560,Xã Hội Học - Khái Lược Những Tư Tưởng Lớn,390000,390000,0,0.0,0,0,DK,dong a,Nhà Xuất Bản Dân Trí,,,,,FishingBook,available,1000,True,True,True
189228734,Việt Nam - Campuchia - Hợp Tác Hữu Nghị Và Phát Triển,99000,99000,0,5.0,1,3,TS. Nguyễn Thành Văn,NXB Thông Tin Và truyền Thông,Nhà Xuất Bản Thông Tin Và Truyền Thông,,Bìa mềm,304,2018-12-25,Bảo Châu Books,available,1000,True,True,True
242772299,Sự Trỗi Dậy Và Suy Tàn Của Các Cường Quốc,567000,567000,0,0.0,0,0,,Alpha Books,Nhà Xuất Bản Thế Giới,,Bìa cứng,944,,info book,available,1000,True,True,True
276739509,Sách - Cộng Đồng Ngư Dân Ở Việt Nam - Nguyễn Duy Thiệu - VIETNAMBOOK,150000,150000,0,0.0,0,0,,Vinabook JSC,Nhà Xuất Bản Hồng Đức,,,,,Bamboo Books,available,1000,True,True,True
276740312,Sách - Kể Chuyện Trường Kỳ Về Lịch Sử Việt Nam - Trần Văn Vũ Hồng Đức - VIETNAMBOOK,200000,200000,0,0.0,0,0,,Vinabook JSC,Nhà Xuất Bản Hồng Đức,,,,,Bamboo Books,available,1000,True,True,True
276740412,Sách - Việt Nhật Thông Thư - Các Bức Quốc Thư Bang Giao Giữa Chính Quyền Đàng Trong Với Nhật Bản Thế Kỷ XVI - XVII,94000,94000,0,0.0,0,0,,Vinabook JSC,Nhà Xuất Bản Hồng Đức,,,,,Bamboo Books,available,1000,True,True,True
176779817,Võ Nguyên Giáp - Hào Khí Trăm Năm,200000,200000,0,0.0,0,1,,Nhà Xuất Bản Đại Học Quốc Gia Hà Nội,Nhà Xuất Bản Đại Học Quốc Gia Hà Nội,,,,,Bamboo Books,available,1000,True,True,True
277810536,"Vì Độc Lập Tự Do, Vì Chủ Nghĩa Xã Hội",145000,145000,0,0.0,0,1,Hồ Chí Minh,NXB Trẻ,NXB Trẻ,,Bìa mềm,440,,Nhà Sách Phương Nam,available,1000,True,True,True
278160918,SỰ TRỖI DẬY CỦA TRUNG QUỐC THÁCH THỨC TRẬT TỰ THẾ GIỚI NHƯ THẾ NÀO - Nhìn từ luật chống độc quyền - Angela Huyue Zhang - Bùi Hồng Trang & Tống Phương dịch - Lyceum,289000,289000,0,0.0,0,1,,Công ty TNHH Truyền Thông và Giáo Dục Lyceum,Nhà Xuất Bản Đà Nẵng,,Bìa mềm,328,,BÌNH BÁN BOOK,available,1000,True,True,True
275385390,Sửa Đổi Lối Làm Việc (Tái bản năm 2024),45000,45000,0,0.0,0,4,Hồ Chí Minh,NXB Trẻ,NXB Trẻ,,Bìa mềm,136,,Nhà Sách Phương Nam,available,1000,True,True,True
1667297,Chính Trị Luận (Tái Bản 2018),151000,189000,20,5.0,16,64,Aristotle,Omega Plus,Nhà Xuất Bản Thế Giới,,Bìa mềm,440,2018-03-03,Omega Plus Books,available,1000,True,True,True
260933285,Chính Trị Luận,151000,189000,20,0.0,0,1,,Omega Plus,Nhà Xuất Bản Thế Giới,,,,,Alpha Books Official,available,1000,True,True,True
3738969,Sách 85 Chân Dung Văn Hóa Văn Chương Việt,268000,268000,0,5.0,1,1,,Thông tin và Truyền thông,Nhà Xuất Bản Thông Tin Và Truyền Thông,,Bìa mềm,,2018-07-01,Bảo Châu Books,available,1000,True,True,True
273668197,Mối Quan Hệ Giữa Nhà Nước Và Công Dân Ở Việt Nam Hiện Nay (Sách chuyên khảo),178000,178000,0,0.0,0,8,,Nhà Xuất Bản Khoa Học Xã Hội,Nhà Xuất Bản Khoa Học Xã Hội,,Bìa mềm tay gấp,536,2023-12-19,VIETNAMBOOK,available,1000,True,True,True
3738965,"Sách Kinh Tế Ấn Độ Tiến Trình Tự Lực, Tự Cường",145000,145000,0,5.0,1,9,,Thông tin và Truyền thông,Nhà Xuất Bản Thông Tin Và Truyền Thông,,Bìa mềm,,2018-07-01,Bảo Châu Books,available,1000,True,True,True
2546863,Sách Dấu Ấn Của Nguyên Thủ Tướng Phan Văn Khải Với Đổi Mới Và Hội Nhập Kinh Tế Tại Việt Nam,250000,250000,0,5.0,1,4,Vũ Đình Quyền,TT Giới Thiệu Sách TP. HCM,hong duc,,Bìa mềm,840,,Nhà Sách Lao Động,available,1000,True,True,True
276831471,Sách - Luật Khí Tượng Thủy Văn - NXB Chính Trị Quốc Gia,15000,15000,0,0.0,0,0,,NXB Chính Trị Quốc Gia Sự Thật,Nhà Xuất Bản Chính Trị Quốc Gia Sự Thật,,,,,Bamboo Books,available,1000,True,True,True
276735690,"Sách - Kiểm Soát Tài Sản, Thu Nhập Của Đảng Viên Là Người Có Chức Vụ, Quyền Hạn Trong Bối Cảnh Mới ở Việt Nam - NXB Chính Trị Quốc Gia",223000,223000,0,0.0,0,0,,NXB Chính Trị Quốc Gia Sự Thật,Nhà Xuất Bản Chính Trị Quốc Gia Sự Thật,,,,,Bamboo Books,available,1000,True,True,True
276735659,"Sách - Luật Bảo Vệ Và Kiểm Dịch Thực Vật (Hiện Hành) (Sửa Đổi, Bổ Sung Năm 2018) - NXB Chính Trị Quốc Gia",44000,44000,0,0.0,0,0,,NXB Chính Trị Quốc Gia Sự Thật,Nhà Xuất Bản Chính Trị Quốc Gia Sự Thật,,,,,Bamboo Books,available,1000,True,True,True
278151935,Bông Sen Vàng (Sơn Tùng),159000,159000,0,0.0,0,0,Sơn Tùng,NXB Chính Trị Quốc Gia,Nhà Xuất Bản Chính Trị Quốc Gia,,Bìa mềm,424,,Nhà Sách Phương Nam,available,1000,True,True,True
593366,Sách Hồi Ký Lý Quang Diệu - Tập 1: Câu Chuyện Singapore,319000,399000,20,0.0,0,0,Lý Quang Diệu,Omega Plus,Nhà Xuất Bản Chính Trị Quốc Gia,,Bìa cứng,768,2017-03-01,Omega Plus Books,available,1000,True,True,True
276738927,Sách - Chiến Dịch Điện Biên Phủ - Thắng Lợi Của Bản Lĩnh Và Trí Tuệ Việt Nam - Vũ Như Khôi - VIETNAMBOOK,108000,108000,0,0.0,0,1,,Vinabook JSC,Nhà Xuất Bản Hồng Đức,,,,,Bamboo Books,available,1000,True,True,True
276735685,Sách - Quản Lý Nhà Nước Về Kinh Tế Đất Theo Cơ Chế Thị Trường ở Việt Nam - NXB Chính Trị Quốc Gia,163000,163000,0,0.0,0,0,,NXB Chính Trị Quốc Gia Sự Thật,Nhà Xuất Bản Chính Trị Quốc Gia Sự Thật,,,,,Bamboo Books,available,1000,True,True,True
276797961,Sách - Các Cương Lĩnh Cách Mạng Của Đảng Cộng Sản Việt Nam - NXB Chính Trị Quốc Gia,67000,67000,0,0.0,0,0,,NXB Chính Trị Quốc Gia Sự Thật,Nhà Xuất Bản Chính Trị Quốc Gia Sự Thật,,,,,Bamboo Books,available,1000,True,True,True
276739527,Sách - Quân Đội Nga - Những Bí Mật Bạn Chưa Biết - VIETNAMBOOK,175000,175000,0,5.0,1,2,,Vinabook JSC,Nhà Xuất Bản Hồng Đức,,,,,Bamboo Books,available,1000,True,True,True
276735411,Sách - Xu Hướng Biến Đổi Quan Hệ Dân Tộc ở Việt Nam Trong Thời Kỳ Đổi Mới (Sách Chuyên Khảo) - NXB Chính Trị Quốc Gia,238000,238000,0,0.0,0,0,,NXB Chính Trị Quốc Gia Sự Thật,Nhà Xuất Bản Chính Trị Quốc Gia Sự Thật,,,,,Bamboo Books,available,1000,True,True,True
276735645,Sách - Điểm Mới Về Quyền Nhân Thân Của Cá Nhân Trong Bộ Luật Dân Sự Năm 2015 Và Những Tình Huống Thực Tế - NXB Chính Trị Quốc Gia,87000,87000,0,0.0,0,0,,NXB Chính Trị Quốc Gia Sự Thật,Nhà Xuất Bản Chính Trị Quốc Gia Sự Thật,,,,,Bamboo Books,available,1000,True,True,True
276746004,"Sách - Luật An Toàn, Vệ Sinh Lao Động (Hiện Hành) - NXB Chính Trị Quốc Gia",53000,53000,0,0.0,0,0,,NXB Chính Trị Quốc Gia Sự Thật,Nhà Xuất Bản Chính Trị Quốc Gia Sự Thật,,,,,Bamboo Books,available,1000,True,True,True
276735823,"Sách - Phát Huy Truyền Thống Đại Đoàn Kết Dân Tộc Xây Dựng Đất Nước Ta Ngày Càng Giàu Mạnh, Văn Minh Hạnh Phúc - NXB Chính Trị Quốc Gia",383000,383000,0,5.0,1,1,,NXB Chính Trị Quốc Gia Sự Thật,Nhà Xuất Bản Chính Trị Quốc Gia Sự Thật,,,,,Bamboo Books,available,1000,True,True,True
276746046,Sách - Luật Bầu Cử Đại Biểu Quốc Hội Và Đại Biểu Hội Đồng Nhân Dân (Hiện Hành) - NXB Chính Trị Quốc Gia,39000,39000,0,0.0,0,1,,NXB Chính Trị Quốc Gia Sự Thật,Nhà Xuất Bản Chính Trị Quốc Gia Sự Thật,,,,,Bamboo Books,available,1000,True,True,True
263098281,Rắc Rối Giới - Gender Trouble,168300,198000,15,0.0,0,0,Judith Butler,Phụ Nữ,Nhà Xuất Bản Phụ Nữ Việt Nam,,,,,Nhà sách Fahasa,available,1000,True,True,True
276740329,Sách - Một Số Vấn Đề Về Văn Hóa Du Lịch Việt Nam - Võ Văn Thành - VIETNAMBOOK,148500,198000,25,0.0,0,2,,Vinabook JSC,Nhà Xuất Bản Hồng Đức,,,,,VIETNAMBOOK,available,1000,True,True,True
278848739,Phát triển lực lượng sản xuất mới để đột phá trong kỷ nguyên (Sách chuyên khảo),191000,191000,0,0.0,0,1,PGS.TS. Vũ Thanh Sơn,Nhà Xuất Bản Chính Trị Quốc Gia Sự Thật,Nhà Xuất Bản Chính Trị Quốc Gia Sự Thật,,Bìa mềm,368,,VIETNAMBOOK,available,1000,True,True,True
276115053,"Biến thách thức thành cơ hội. Quyết tâm đột phá đưa đất nước phát triển nhanh, bền vững (bản in 2024)",301000,301000,0,0.0,0,0,Nguyễn Phú Trọng,Nhà Xuất Bản Chính Trị Quốc Gia Sự Thật,Nhà Xuất Bản Chính Trị Quốc Gia Sự Thật,,Bìa mềm,832,,Nhà sách Sự thật tại Huế,available,1000,True,True,True
276736361,Sách - Tìm Hiểu Nông Cụ Cổ Truyền Việt Nam - Ngô Đức Thịnh - VIETNAMBOOK,133500,178000,25,0.0,0,0,,Vinabook JSC,Nhà Xuất Bản Hồng Đức,,,,,VIETNAMBOOK,available,1000,True,True,True
273952618,Một số vấn đề lý luận và thực tiễn về bảo đảm an ninh con người ở Việt Nam hiện nay (bản in 2023),130000,130000,0,0.0,0,8,,Nhà Xuất Bản Chính Trị Quốc Gia Sự Thật,Nhà Xuất Bản Chính Trị Quốc Gia Sự Thật,,,,,ST Book,available,1000,True,True,True
279077899,Kết hôn và chế độ tài sản của vợ chồng trong pháp luật một số nước và kinh nghiệm trong việc hoàn thiện pháp luật tại Việt Nam,95000,95000,0,0.0,0,0,TS. Bùi Minh Hồng,Nhà Xuất Bản Chính Trị Quốc Gia Sự Thật,Nhà Xuất Bản Chính Trị Quốc Gia Sự Thật,,,208,,Nhà sách Sự thật tại Huế,available,1000,True,True,True
273377201,Chứng nhân lịch sử (tập 1) (bản in 2023),185000,185000,0,0.0,0,0,,Nhà Xuất Bản Chính Trị Quốc Gia Sự Thật,Nhà Xuất Bản Chính Trị Quốc Gia Sự Thật,,,,,ST Book,available,1000,True,True,True
275924296,"Hỏi - đáp về phòng, chống tham nhũng, tiêu cực ở Việt Nam",138000,138000,0,0.0,0,0,PGS. TS. Nguyễn Xuân Trường,Nhà Xuất Bản Chính Trị Quốc Gia Sự Thật,Nhà Xuất Bản Chính Trị Quốc Gia Sự Thật,,Bìa mềm,,,ST Book,available,1000,True,True,True
240510247,Bảo Đảm Quyền Của Nạn Nhân Và Một Số Nhóm Yếu Thế Trong Tư Pháp Hình Sự Từ Quy Định Của Pháp Luật Đến Hoạt Động Của Người Hành Nghề Luật,195000,205000,5,0.0,0,1,,NXB Chính Trị Quốc Gia Sự Thật,Nhà Xuất Bản Chính Trị Quốc Gia Sự Thật,,Bìa mềm,320,,Nhà Sách Pháp Luật,available,1000,True,True,True
249026471,Sách Địa chính trị của loài muỗi - Nhã Nam - BẢN QUYỀN,108000,108000,0,0.0,0,0,,Nhã Nam,Nhà Xuất Bản Hà Nội,,,,,FishingBook,available,1000,True,True,True
276800963,Sách - Hỏi - Đáp Về Chủ Nghĩa Xã Hội Và Con Đường Đi Lên Chủ Nghĩa Xã Hội Ở Việt Nam - NXB Chính Trị Quốc Gia,84000,84000,0,0.0,0,1,,Nhà Xuất Bản Chính Trị Quốc Gia Sự Thật,Nhà Xuất Bản Chính Trị Quốc Gia Sự Thật,,,,,Bamboo Books,available,1000,True,True,True
273952084,"Phát huy giá trị văn hóa, sức mạnh con người Việt Nam trong công cuộc xây dựng và phát triển đất nước (Sách chuyên khảo) (bản in 2023)",168300,187000,10,0.0,0,0,,Nhà Xuất Bản Chính Trị Quốc Gia Sự Thật,Nhà Xuất Bản Chính Trị Quốc Gia Sự Thật,,,,,Bảo Châu Books,available,1000,True,True,True
241961901,Sách - Kiên quyết kiên trì đấu tranh phòng chống tham nhũng tiêu cực góp phần xây dựng Đảng và Nhà nước ta ngày...,373000,373000,0,0.0,0,0,,Nhà Xuất Bản Chính Trị Quốc Gia Sự Thật,Nhà Xuất Bản Chính Trị Quốc Gia Sự Thật,,,,,info book,available,1000,True,True,True
223823586,Chuông Làng Báo - Sự Thật Sau Sự Thật,141000,141000,0,0.0,0,0,,Nhà Xuất Bản Chính Trị Quốc Gia Sự Thật,Nhà Xuất Bản Chính Trị Quốc Gia Sự Thật,,Bìa mềm,316,2022-12-31,Bamboo Books,available,1000,True,True,True
276735771,Sách - Phát Triển Nhanh Và Bền Vững - Kinh Nghiệm Thành Công Của Thế Giới Và Định Hướng Chính Sách Của Việt Nam - NXB Chính Trị Quốc Gia,176000,176000,0,0.0,0,1,,NXB Chính Trị Quốc Gia Sự Thật,Nhà Xuất Bản Chính Trị Quốc Gia Sự Thật,,,,,Bamboo Books,available,1000,True,True,True
276735491,Sách - Công Việc Trong Tương Lai - NXB Chính Trị Quốc Gia,148000,148000,0,0.0,0,1,,NXB Chính Trị Quốc Gia Sự Thật,Nhà Xuất Bản Chính Trị Quốc Gia Sự Thật,,,,,Bamboo Books,available,1000,True,True,True
274024733,Con Đường Tơ Lụa Kỹ Thuật Số Của Trung Quốc Và Hàm Ý Chính Sách Cho Việt Nam (Sách chuyên khảo) - Viện Kinh Tế Và Chính Trị Thế Giới - TS. Chu Phương Quỳnh (Chủ biên),135000,135000,0,0.0,0,8,,Nhà Xuất Bản Khoa Học Xã Hội,Nhà Xuất Bản Khoa Học Xã Hội,,Bìa mềm tay gấp,320,2024-01-22,VIETNAMBOOK,available,1000,True,True,True
273667407,Pháp Luật An Sinh Xã Hội Đối Với Lao Động Khu Vực Kinh Tế Phi Chính Thức Ở Việt Nam (Sách chuyên khảo),102000,102000,0,5.0,2,7,,Nhà Xuất Bản Khoa Học Xã Hội,Nhà Xuất Bản Khoa Học Xã Hội,,Bìa mềm tay gấp,288,2023-12-19,VIETNAMBOOK,available,1000,True,True,True
278739991,"Kinh Nghiệm Phát Triển Công Nghiệp Hỗ Trợ Ở Nhật Bản, Hàn Quốc, Đài Loan Và Hàm Ý Chính Sách Cho Việt Nam (Sách Chuyên Khảo) ",189000,210000,10,0.0,0,2,TS. Phí Hồng Minh (Chủ biên),Nhà Xuất Bản Khoa Học Xã Hội,Nhà Xuất Bản Khoa Học Xã Hội,,Bìa mềm tay gấp,568,2025-10-10,VIETNAMBOOK,available,1000,True,True,True
276739538,Sách - Kiến Thức Y Học Thiết Thực Bảo Vệ Sức Khỏe - Phạm Văn Khiết - VIETNAMBOOK,300000,300000,0,0.0,0,0,,Vinabook JSC,Nhà Xuất Bản Hồng Đức,,,,,Bamboo Books,available,1000,True,True,True
276740289,Sách - Chủ Tịch Hồ Chí Minh Với Cuộc Hành Trình Của Thời Đại - Hành Trình Đổi Mới Và Sáng Tạo - VIETNAMBOOK,103000,103000,0,0.0,0,0,,Vinabook JSC,Nhà Xuất Bản Hồng Đức,,,,,Bamboo Books,available,1000,True,True,True
127032429,Sách-33 Chiến Lược Của Chiến Tranh,215000,215000,0,0.0,0,0,,NXB Trẻ,NXB Trẻ,,,,,Bamboo Books,available,1000,True,True,True
273728980,Những Bóng Ma Của Mác,142000,142000,0,0.0,0,1,,NXB Chính Trị Quốc Gia,Nhà Xuất Bản Chính Trị Quốc Gia Sự Thật,,,,,Bamboo Books,available,1000,True,True,True
203913574,THUẬN THEO HOÀN CẢNH - Brian Levy – Book hunter – Lyceum –NXB Tri Thức,195000,195000,0,0.0,0,2,,Nhà Xuất Bản Tri Thức,Nhà Xuất Bản Tri Thức,,,,,BÌNH BÁN BOOK,available,1000,True,True,True
203968181,CÁC HỆ THỐNG BẦU CỬ TRÊN THẾ GIỚI - Larry Diamond & Marc F.Plattner đồng biên tập - Nhóm dịch Book Hunter – Lê Duy Nam hiệu đính – Book hunter – Lyceum –NXB  Đà Nẵng,310000,310000,0,0.0,0,1,,Công ty TNHH Truyền Thông và Giáo Dục Lyceum,Nhà Xuất Bản Tổng hợp Đà Nẵng,,,,,SÁCH ĐẠI NAM,available,1000,True,True,True
275479238,Bác Hồ Với Thiếu Niên Nhi Đồng,41500,50000,17,0.0,0,0,nhieu tac gia,NXB Trẻ,NXB Trẻ,,Bìa mềm,128,,Nhà Xuất Bản Trẻ,available,1000,True,True,True
184075999,Sách -Khái lược những tư tưởng lớn Nữ Quyền Tặng Bookmark Vadata,390000,390000,0,0.0,0,0,,Công Ty Cổ Phần Văn Hóa Đông A,NXB Dân Trí,,,,,Nhà Sách Vĩnh Thụy,available,1000,True,True,True
19343261,"Sách 50 Năm Quan Hệ Việt Nam - Campuchia Thành Tựu 
Và Triển Vọng",68000,85000,20,0.0,0,5,TS. Trần Xuân Hiệp,Thông tin và Truyền thông,Nhà Xuất Bản Thông Tin Và Truyền Thông,,Bìa mềm,304,2018-10-01,nxbkhoahoccongnghetruyenthong,available,1000,True,True,True
532035,Sách Chủ Quyền Biển Đảo Và Biên Giới Trên Đất Liền Việt Nam - Trung Quốc,230000,230000,0,5.0,1,4,Quí Lâm,TT Giới Thiệu Sách TP. HCM,Nhà Xuất Bản Hồng Đức,,Bìa cứng,420,2016-06-30,Nhà Sách Lao Động,available,1000,True,True,True
277013649,"HÀNH LANG HẸP: Nhà Nước, Xã Hội, Và Vận Mệnh Của Tự Do - Daron Acemoglu, James A. Robinson - Trần Thị Kim Chi dịch - NXB Trẻ",397000,397000,0,0.0,0,0,nhieu tac gia,NXB Trẻ,NXB Trẻ,,Bìa mềm,768,,Nhà Sách Vĩnh Thụy,available,1000,True,True,True
270769136,Các Hệ Thống Bầu Cử Trên Thế Giới,350000,350000,0,0.0,0,1,nhieu tac gia,Đông Tây,Nhà Xuất Bản Đà Nẵng,,Bìa mềm,420,2022-07-01,Đông Tây,available,1000,True,True,True
591850,Sách Món Ăn Bài Thuốc Phòng Chữa Bệnh Và Cách Lựa Chọn Thực Phẩm An Toàn Để Bảo Vệ Sức Khỏe Gia Đình Bạn,250000,250000,0,2.0,1,0,Kim Phượng - Lan Phương (Biên soạn),TT Giới Thiệu Sách TP. HCM,Nhà Xuất Bản Lao Động,,Bìa mềm,400,2017-03-22,Nhà Sách Lao Động,available,1000,True,True,True
259519035,Bàn Về Tinh Thần Pháp Luật,159000,199000,20,0.0,0,0,,Omega Plus,Nhà Xuất Bản Thế Giới,,,,,Alpha Books Official,available,1000,True,True,True
260933280,Chính Trị Luận,151000,189000,20,0.0,0,0,,Omega Plus,Nhà Xuất Bản Thế Giới,,,,,Alpha Books Official,available,1000,True,True,True
276735559,Sách - Read Away Your Accent - NXB Chính Trị Quốc Gia,65000,65000,0,0.0,0,0,,NXB Chính Trị Quốc Gia Sự Thật,Nhà Xuất Bản Chính Trị Quốc Gia Sự Thật,,,,,Bamboo Books,available,1000,True,True,True
276735807,"Sách - Xây Dựng Và Phát Triển Nền Văn Hoá Việt Nam Tiên Tiến, Đậm Đà Bản Sắc Dân Tộc - NXB Chính Trị Quốc Gia",485000,485000,0,0.0,0,0,,NXB Chính Trị Quốc Gia Sự Thật,Nhà Xuất Bản Chính Trị Quốc Gia Sự Thật,,,,,Bamboo Books,available,1000,True,True,True
276735443,Sách - Tại Sao Là Hồ Chí Minh - NXB Chính Trị Quốc Gia,103000,103000,0,0.0,0,0,,NXB Chính Trị Quốc Gia Sự Thật,Nhà Xuất Bản Chính Trị Quốc Gia Sự Thật,,,,,Bamboo Books,available,1000,True,True,True
276735649,Sách - Tài Liệu Nghiên Cứu Các Văn Kiện Hội Nghị Lần Thứ Năm Ban Chấp Hành Trung Ương Đảng Khóa XIII - NXB Chính Trị Quốc Gia,60000,60000,0,0.0,0,0,,NXB Chính Trị Quốc Gia Sự Thật,Nhà Xuất Bản Chính Trị Quốc Gia Sự Thật,,,,,Bamboo Books,available,1000,True,True,True
276735697,Sách - Pháp Luật Về Quyền Lập Hội & Những Vấn Đề Đặt Ra Cho Việt Nam Trong Quá Trình Hội Nhập - NXB Chính Trị Quốc Gia,229000,229000,0,0.0,0,0,,NXB Chính Trị Quốc Gia Sự Thật,Nhà Xuất Bản Chính Trị Quốc Gia Sự Thật,,,,,Bamboo Books,available,1000,True,True,True
276738930,Sách - Điện Biên Phủ - Đỉnh Cao Nghệ Thuật Chiến Dịch Việt Nam - VIETNAMBOOK,65000,65000,0,0.0,0,1,,Vinabook JSC,Nhà Xuất Bản Hồng Đức,,,,,Bamboo Books,available,1000,True,True,True
276745990,Sách - Luật Người Lao Động Việt Nam Đi Làm Việc ở Nước Ngoài Theo Hợp Đồng - NXB Chính Trị Quốc Gia,23000,23000,0,0.0,0,0,,NXB Chính Trị Quốc Gia Sự Thật,Nhà Xuất Bản Chính Trị Quốc Gia Sự Thật,,,,,Bamboo Books,available,1000,True,True,True
276746070,"Sách - Luật Tổ Chức Cơ Quan Điều Tra Hình Sự (Hiện Hành) (Sửa Đổi, Bổ Sung Năm 2021) - NXB Chính Trị Quốc Gia",38000,38000,0,0.0,0,1,,NXB Chính Trị Quốc Gia Sự Thật,Nhà Xuất Bản Chính Trị Quốc Gia Sự Thật,,,,,Bamboo Books,available,1000,True,True,True
276735803,"Sách - Một Số Vấn Đề Về Đường Lối Quân Sự, Chiến Lược Quốc Phòng Trong Sự Nghiệp Xây Dựng Và Bảo Vệ Tổ Quốc Việt Nam - NXB Chính Trị Quốc Gia",251000,251000,0,0.0,0,0,,NXB Chính Trị Quốc Gia Sự Thật,Nhà Xuất Bản Chính Trị Quốc Gia Sự Thật,,,,,Bamboo Books,available,1000,True,True,True
276735811,"Sách - Xây Dựng Và Phát Triển Nền Đối Ngoại, Ngoại Giao Việt Nam Toàn Diện,hiện Đại, Mang Đậm Bản Sắc Cây Tre Việt Nam - NXB Chính Trị Quốc Gia",413000,413000,0,0.0,0,2,,NXB Chính Trị Quốc Gia Sự Thật,Nhà Xuất Bản Chính Trị Quốc Gia Sự Thật,,,,,Bamboo Books,available,1000,True,True,True
276735705,Sách - Đề Cương Về Văn Hóa Việt Nam - NXB Chính Trị Quốc Gia,10000,10000,0,0.0,0,2,,NXB Chính Trị Quốc Gia Sự Thật,Nhà Xuất Bản Chính Trị Quốc Gia Sự Thật,,,,,Bamboo Books,available,1000,True,True,True
276735407,Sách - Nước Mỹ Nổi Giận - Cuộc Chia Rẽ Chính Trị Sâu Sắc - NXB Chính Trị Quốc Gia,127000,127000,0,0.0,0,0,,NXB Chính Trị Quốc Gia Sự Thật,Nhà Xuất Bản Chính Trị Quốc Gia Sự Thật,,,,,Bamboo Books,available,1000,True,True,True
276746098,"Sách - Luật Doanh Nghiệp Năm 2020 (Sửa Đổi, Bổ Sung Năm 2022) - NXB Chính Trị Quốc Gia",103000,103000,0,0.0,0,3,,Nhà Xuất Bản Chính Trị Quốc Gia Sự Thật,Nhà Xuất Bản Chính Trị Quốc Gia Sự Thật,,,,,Bảo Châu Books,available,1000,True,True,True
253044505,"Kiên quyết, kiên trì đấu tranh phòng, chống tham nhũng, tiêu cực, góp phần xây dựng Đảng và Nhà nước ta ngày càng trong sạch, vững mạnh",373000,373000,0,0.0,0,0,,Nhà Xuất Bản Chính Trị Quốc Gia Sự Thật,Nhà Xuất Bản Chính Trị Quốc Gia Sự Thật,,,,,info book,available,1000,True,True,True
276746170,"Sách - Luật Xây Dựng (Hiện Hành) (Sửa Đổi, Bổ Sung Năm 2018, 2019, 2020) - NXB Chính Trị Quốc Gia",73000,73000,0,0.0,0,0,,Nhà Xuất Bản Chính Trị Quốc Gia Sự Thật,Nhà Xuất Bản Chính Trị Quốc Gia Sự Thật,,,,,Bamboo Books,available,1000,True,True,True
273221837,Đối thoại với Thượng Đế - Neale Donald Walsch,128000,128000,0,0.0,0,0,Neale Donald Walsch,Nhã Nam,Nhà Xuất Bản Tri Thức,,Bìa mềm,333,,HỆ THỐNG NHÀ SÁCH ABC,available,1000,True,True,True
276736357,Sách - Tìm Hiểu Văn Hóa Hy Lạp - VIETNAMBOOK,58500,78000,25,0.0,0,1,,Vinabook JSC,Nhà Xuất Bản Hồng Đức,,,,,VIETNAMBOOK,available,1000,True,True,True
276800986,Sách - Những Nội Dung Cơ Bản Và Mới Trong Các Văn Kiện Hội Nghị Lần Thứ Sáu Ban Chấp Hành Trung Ương Đảng Khóa XIII - NXB Chính Trị Quốc Gia,37000,37000,0,0.0,0,0,,Nhà Xuất Bản Chính Trị Quốc Gia Sự Thật,Nhà Xuất Bản Chính Trị Quốc Gia Sự Thật,,,,,Bamboo Books,available,1000,True,True,True
253300471,Sách Địa chính trị của loài muỗi -  Bản Quyền,108000,108000,0,0.0,0,0,,Nhã Nam ,Nhà Xuất Bản Hà Nội,,,,,HỆ THỐNG NHÀ SÁCH ABC,available,1000,True,True,True
225266028,"(Bìa cứng) KIÊN QUYẾT, KIÊN TRÌ ĐẤU TRANH PHÒNG, CHỐNG TH A M NH Ũ NG, T IÊ U C Ự C, GÓP PHẦN XÂY DỰNG Đ Ả NG VÀ NHÀ NƯỚC TA NGÀY CÀNG TRONG SẠCH, VỮNG MẠNH – Nguyễn Phú Trọng – NXB Chính trị Quốc gia Sự thật ",373000,373000,0,5.0,2,5,Nguyễn Phú Trọng,Nhà Xuất Bản Chính Trị Quốc Gia Sự Thật,Nhà Xuất Bản Chính Trị Quốc Gia Sự Thật,,Bìa cứng,624,,Bảo Châu Books,available,1000,True,True,True
272863930,"Nhật ký của một bộ trưởng, tập I (bản in 2023)",380000,380000,0,0.0,0,0,,Nhà Xuất Bản Chính Trị Quốc Gia Sự Thật,Nhà Xuất Bản Chính Trị Quốc Gia Sự Thật,,,,,Bamboo Books,available,1000,True,True,True
186957208,"ĐẶC KHU KINH TẾ và CON ĐƯỜNG TRUNG QUỐC (Sách tham khảo, xuất bản lần thứ 2) - Đào Nhất Đào, Lỗ Chí Quốc (Đồng chủ biên) - NXB Chính trị Quốc gia Sự thật",368000,368000,0,4.0,1,17,,Nhà Xuất Bản Chính Trị Quốc Gia Sự Thật,Nhà Xuất Bản Chính Trị Quốc Gia Sự Thật,,Bìa mềm,784,,BÌNH BÁN BOOK,available,1000,True,True,True
217419850,Tiến trình Lịch sử Đảng Cộng sản Việt Nam,192000,240000,20,0.0,0,0,,NXB Thông Tin Và truyền Thông,Nhà Xuất Bản Thông Tin Và Truyền Thông,,,,,nxbkhoahoccongnghetruyenthong,available,1000,True,True,True
276684994,Việc Làm Bền Vững Gắn Với Việc Phát Triển Năng Lượng Tái Tạo (Nghiên Cứu Trường Hợp Tại Tỉnh Ninh Thuận) - TS. Trần Thị Tuyết chủ biên,185000,185000,0,0.0,0,1,Viện Hàn Lâm Khoa Học Xã Hội Việt Nam,Nhà Xuất Bản Khoa Học Xã Hội,Nhà Xuất Bản Khoa Học Xã Hội,,Bìa mềm tay gấp,288,2024-12-03,VIETNAMBOOK,available,1000,True,True,True
275965205,Sách Sự Va Chạm Giữa Các Nền Văn Minh Và Sự Tái Lập Trật Tự Thế Giới - Samuel P. Huntington - Tủ Sách Nền Tảng Đổi Đời Trung Nguyên Legend,209000,209000,0,0.0,0,1,Samuel P Hungtington,Nhà Xuất Bản Hà Nội,Omega Plus,,Bìa mềm,626,2022-05-04,Trung Nguyên Legend Official,available,1000,True,True,True
249940520,Pháp Luật Đại Cương Và Nhà Nước Pháp Quyền,255000,300000,15,0.0,0,1,Triệu Quốc Mạnh,Nhà xuất bản Tổng hợp TP.HCM ,Nhà Xuất Bản Tổng hợp TP.HCM,,Bìa mềm,560,2022-10-01,NXB TỔNG HỢP,available,1000,True,True,True
276834256,Sách - Trí Thức Việt Nam Những Gương Mặt Tiêu Biểu - Nguyễn Văn Khánh - VIETNAMBOOK,80000,80000,0,0.0,0,0,,Vinabook JSC,Nhà Xuất Bản Hồng Đức,,,,,Bamboo Books,available,1000,True,True,True
276739515,Sách - Những Vua Chúa Sáng Danh Trong Lịch Sử Việt Nam - Vũ Ngọc Khánh - VIETNAMBOOK,146000,146000,0,0.0,0,0,,Vinabook JSC,Nhà Xuất Bản Hồng Đức,,,,,Bamboo Books,available,1000,True,True,True
276738798,Sách - Địa Dư Các Tỉnh Bắc Kỳ - VIETNAMBOOK,75000,75000,0,0.0,0,0,,Vinabook JSC,Nhà Xuất Bản Hồng Đức,,,,,Bamboo Books,available,1000,True,True,True
276739588,Sách - Các Lý Thuyết Văn Hóa - Đỗ Lai Thuý - VIETNAMBOOK,230000,230000,0,0.0,0,1,,Vinabook JSC,Nhà Xuất Bản Hồng Đức,,,,,Bamboo Books,available,1000,True,True,True
276740394,Sách - Lời Quê Góp Nhặt - Nguyễn Thụy Kha - VIETNAMBOOK,184000,184000,0,0.0,0,0,,Vinabook JSC,Nhà Xuất Bản Hồng Đức,,,,,Bamboo Books,available,1000,True,True,True
161946067,Sổ tay đảng viên (bìa cứng giả da) NXB Chính trị quốc gia Sự thật,90000,90000,0,0.0,0,0,,NXB Chính Trị Quốc Gia Sự Thật,Nhà Xuất Bản Chính Trị Quốc Gia Sự Thật,,,,,Hiệu sách Khai Trí,available,1000,True,True,True
412990,"Sách Tài Liệu Tham Khảo Phục Vụ Công Tác Tập Huấn Tuyên Truyền Về Biển, Đảo",120000,150000,20,0.0,0,0,.,Thông tin và Truyền thông,Nhà Xuất Bản Thông Tin Và Truyền Thông,,Bìa mềm,358,2013-03-08,nxbkhoahoccongnghetruyenthong,available,1000,True,True,True
417623,Sách Như Cây Phong Ba Trên Đảo Hoàng Sa (Tập 2),130000,130000,0,0.0,0,0,Lê Văn Chương,NXB Trẻ,NXB Trẻ,,Bìa mềm,343,2014-10-20,FishingBook,available,1000,True,True,True
593370,Sách Hồi Ký Lý Quang Diệu - Tập 2: Từ Thế Giới Thứ Ba Vươn Lên Thứ Nhất,367000,459000,20,0.0,0,0,Lý Quang Diệu,Omega Plus,Nhà Xuất Bản Chính Trị Quốc Gia,,Bìa cứng,768,2017-03-01,Omega Plus Books,available,1000,True,True,True
409304,Sách Như Cây Phong Ba Trên Đảo Hoàng Sa,120000,120000,0,0.0,0,0,Lê Văn Chương,NXB Trẻ,NXB Trẻ,,,256,2013-03-01,FishingBook,available,1000,True,True,True
276735457,Sách - Giáo Trình Lý Luận Chung Về Nhà Nước Và Pháp Luật - NXB Chính Trị Quốc Gia,336000,336000,0,0.0,0,0,,NXB Chính Trị Quốc Gia Sự Thật,Nhà Xuất Bản Chính Trị Quốc Gia Sự Thật,,,,,Bamboo Books,available,1000,True,True,True
276735713,Sách - Đổi Tên Giặc Lái Mỹ Thành Nhân Viên Quân Sự Hoa Kỳ - Ký Sự Chiến Tranh - NXB Chính Trị Quốc Gia,121000,121000,0,0.0,0,0,,NXB Chính Trị Quốc Gia Sự Thật,Nhà Xuất Bản Chính Trị Quốc Gia Sự Thật,,,,,Bamboo Books,available,1000,True,True,True
276735669,Sách - Các Biện Pháp Cưỡng Chế Thi Hành Quyết Định Phạt Tiền Trong Xử Phạt Vi Phạm Hành Chính - Thực Trạng Và Giải Pháp - NXB Chính Trị Quốc Gia,138000,138000,0,0.0,0,0,,NXB Chính Trị Quốc Gia Sự Thật,Nhà Xuất Bản Chính Trị Quốc Gia Sự Thật,,,,,Bamboo Books,available,1000,True,True,True
276735547,"Sách - Từ Diển Văn Hoá, Lịch Sử Việt Nam - NXB Chính Trị Quốc Gia",396000,396000,0,0.0,0,0,,NXB Chính Trị Quốc Gia Sự Thật,Nhà Xuất Bản Chính Trị Quốc Gia Sự Thật,,,,,Bamboo Books,available,1000,True,True,True
276746050,Hiến Pháp Nước Cộng Hoà Xã Hội Chủ Nghĩa Việt Nam - Độc quyền,189000,189000,0,0.0,0,0,,NXB Chính Trị Quốc Gia Sự Thật,Nhà Xuất Bản Chính Trị Quốc Gia Sự Thật,,,,,Bamboo Books,available,1000,True,True,True
276746026,Sách - Luật Dược - NXB Chính Trị Quốc Gia,27000,27000,0,0.0,0,1,,NXB Chính Trị Quốc Gia Sự Thật,Nhà Xuất Bản Chính Trị Quốc Gia Sự Thật,,,,,Bamboo Books,available,1000,True,True,True
276736271,Sách - Thượng Kinh Ký Sự - Hải Thượng Lãn Ông Lê Hữu Trác - VIETNAMBOOK,88000,88000,0,0.0,0,2,,Vinabook JSC,Nhà Xuất Bản Hồng Đức,,,,,Bamboo Books,available,1000,True,True,True
276735667,Sách - Cách Chúng Tôi Làm - Chương Trình Bí Mật Xâm Nhập Miền Bắc Việt Nam (1961 – 1964) - NXB Chính Trị Quốc Gia,66000,66000,0,0.0,0,2,,NXB Chính Trị Quốc Gia Sự Thật,Nhà Xuất Bản Chính Trị Quốc Gia Sự Thật,,,,,Bamboo Books,available,1000,True,True,True
276735523,"Sách - Tính Ổn Định Của Pháp Luật - Nhận Thức, Thực Tiễn Và Giải Pháp Đổi Mới - NXB Chính Trị Quốc Gia",130000,130000,0,0.0,0,1,,NXB Chính Trị Quốc Gia Sự Thật,Nhà Xuất Bản Chính Trị Quốc Gia Sự Thật,,,,,Bamboo Books,available,1000,True,True,True
276738940,Sách - Chiến Thắng Điện Biên Phủ - Ký Sự - Trần Độ - VIETNAMBOOK,181000,181000,0,0.0,0,3,,Vinabook JSC,Nhà Xuất Bản Hồng Đức,,,,,Bamboo Books,available,1000,True,True,True
242228236,"Đối đầu Nga - Mỹ ""Cuộc chiến tranh lạnh"" mới?",195000,195000,0,0.0,0,0,,Nhà Xuất Bản Chính Trị Quốc Gia Sự Thật,Nhà Xuất Bản Chính Trị Quốc Gia Sự Thật,,,,,Hiệu sách Khai Trí,available,1000,True,True,True
197641735,"Nhà nước thế tục (tái bản lần thứ hai, có chỉnh sửa, bổ sung)",308000,308000,0,0.0,0,1,GS TS Đỗ Quang Hưng,Nhà Xuất Bản Chính Trị Quốc Gia Sự Thật,Nhà Xuất Bản Chính Trị Quốc Gia Sự Thật,,Bìa mềm,540000,2022-08-31,Sách Luật VN,available,1000,True,True,True
196488057,"Đặc Khu Kinh Tế Và Con Đường Trung Quốc (Sách Tham Khảo, Xuất Bản Lần Thứ Hai)",371700,413000,10,0.0,0,6,,NXB Chính Trị Quốc Gia,Nhà Xuất Bản Chính Trị Quốc Gia Sự Thật,,,,,Nhà sách Fahasa,available,1000,True,True,True
247783063,sách Phẩm Chất Của Những Nhà Giáo Ưu Tú,164200,164200,0,0.0,0,0,,Quảng Văn,NXB Dân Trí,,,,,Minhhabooks,available,1000,True,True,True
276800989,Sách - Tài Liệu Học Tập Chương Trình Bồi Dưỡng Ngạch Chuyên Viên - NXB Chính Trị Quốc Gia,119000,119000,0,0.0,0,0,,Nhà Xuất Bản Chính Trị Quốc Gia Sự Thật,Nhà Xuất Bản Chính Trị Quốc Gia Sự Thật,,,,,Bamboo Books,available,1000,True,True,True
253620230,Siêu Hình Tình Yêu - Siêu Hình Sự Chết,63200,68000,7,5.0,1,7,,Nhã Nam,NXB Dân Trí,,,,,Nhà sách Fahasa,available,1000,True,True,True
276736456,Sách - Đám Cưới Người Việt Xưa Và Nay - Bùi Xuân Mỹ - VIETNAMBOOK,96000,128000,25,0.0,0,4,,Vinabook JSC,Nhà Xuất Bản Hồng Đức,,,,,VIETNAMBOOK,available,1000,True,True,True
191808086,Phát Triển Nguồn Nhân Lực Quân Sự Chất Lượng Cao Đáp Ứng Yêu Cầu Hiện Đại Hóa Quân Đội Nhân Dân Việt Nam,52000,52000,0,0.0,0,0,,NXB Chính Trị Quốc Gia Sự Thật,oem,,Bìa mềm,,,Nhân Văn,available,1000,True,True,True
260669078,Nước Mỹ Nổi Giận Cuộc Chia Rẽ Chính Trị Sâu Sắc (Sách Tham Khảo),127000,127000,0,0.0,0,0,,Nhà Xuất Bản Chính Trị Quốc Gia Sự Thật,Nhà Xuất Bản Chính Trị Quốc Gia Sự Thật,,,,,Bamboo Books,available,1000,True,True,True
276800933,"Sách - Bảo Vệ Nền Tảng Tư Tưởng Của Đảng, Đấu Tranh Phản Bác Các Quan Điểm Sai Trái, Thù Địch Trong Tình Hình Mới - NXB Chính Trị Quốc Gia",301000,301000,0,0.0,0,0,,Nhà Xuất Bản Chính Trị Quốc Gia Sự Thật,Nhà Xuất Bản Chính Trị Quốc Gia Sự Thật,,,,,Bảo Châu Books,available,1000,True,True,True
276451181,Tác Động Của Suy Giảm Rừng Tới Đời Sống Tinh Thần Các Dân Tộc Thiểu Số Vùng Tây Nguyên (Sách chuyên khảo) - TS. Phạm Xuân Hoàng chủ biên ,175000,175000,0,5.0,1,2,Viện Hàn Lâm Khoa Học Xã Hội Việt Nam,Nhà Xuất Bản Khoa Học Xã Hội,Nhà Xuất Bản Khoa Học Xã Hội,,Bìa mềm tay gấp,400,2024-10-25,VIETNAMBOOK,available,1000,True,True,True
213964492,CHƯƠNG TRÌNH GIÁO DỤC PHỔ THÔNG (Cập nhật mới nhất) (Ban hành kèm theo thông tư số 32/2018/TT-BGDĐT ngày 26/12/2018 và Thông tư số 13/2022/TT-BGDĐT ngày 03/8/2022 của Bộ trưởng Bộ Giáo dục và Đào tạo) - Bìa cứng,420000,420000,0,5.0,1,3,Bộ Giáo Dục Và Đào Tạo, NXB Đại Học Sư Phạm,Nhà Xuất Bản Đại Học Sư Phạm,,Bìa cứng,820,2022-12-31,VIETNAMBOOK,available,1000,True,True,True
200039181,Tài liệu thảm khảo môn pháp luật dùng cho đào tạo trình độ trung cấp chuyên nghiệp,26000,26000,0,0.0,0,2,,Nhà xuất bản Giáo dục Việt Nam,Nhà Xuất Bản Giáo Dục Việt Nam,,,160,,Cửa hàng Sách HEVOBOOKS,available,1000,True,True,True
272073289,Sách Toàn Chân Triết Luận - TS Thu Giang,60000,60000,0,0.0,0,0,Thu Giang Nguyễn Duy Cần,Công ty cổ phần đầu tư và phát triển giáo dục quốc tế Á Châu,NXB Trẻ,,Bìa mềm,212,2018-09-12,info book,available,1000,True,True,True
210884387,Sách Lẽ thường - Alphabooks - BẢN QUYỀN,99000,99000,0,0.0,0,0,,Alphabooks,Nhà Xuất Bản Thế Giới,,,,,Nhà Sách Vĩnh Thụy,available,1000,True,True,True
273929852,Phát Triển Dịch Vụ Thanh Toán Điện Tử Ở Việt Nam Trong Bối Cảnh Mới - Viện Kinh Tế Việt Nam - TS. Nguyễn Thị Tố Quyên (Chủ biên),110000,110000,0,0.0,0,4,,Nhà Xuất Bản Khoa Học Xã Hội,Nhà Xuất Bản Khoa Học Xã Hội,,Bìa mềm tay gấp,268,2024-01-12,VIETNAMBOOK,available,1000,True,True,True
273929948,Quản Trị Nhà Nước Trong Nền Kinh Tế Số Ở Một Số Nước Châu Âu (Sách chuyên khảo) - Viện Nghiên Cứu Châu Âu - PGS.TS. Đặng Minh Phúc (Chủ biên),166000,166000,0,5.0,1,5,,Nhà Xuất Bản Khoa Học Xã Hội,Nhà Xuất Bản Khoa Học Xã Hội,,Bìa mềm tay gấp,416,2024-01-12,VIETNAMBOOK,available,1000,True,True,True
208432659,Sách Bản Sắc: Nhu Cầu Phẩm Giá Và Chính Trị Phẫn Nộ - Alphabooks - BẢN QUYỀN,135000,135000,0,0.0,0,0,,Alphabooks,Nhà Xuất Bản Đà Nẵng,,,,,HỆ THỐNG NHÀ SÁCH ABC,available,1000,True,True,True
208175861,Kiến Tạo Quốc Gia Biển Mới Ở Nhật Bản (Sách chuyên khảo),73000,73000,0,0.0,0,7,,Nhà Xuất Bản Khoa Học Xã Hội,Nhà Xuất Bản Khoa Học Xã Hội,,Bìa gập,196,2022-12-05,VIETNAMBOOK,available,1000,True,True,True
37216275,Tủ Sách Hay Về Nhà Kiến Tạo Quốc Gia Kiệt Xuất: Combo 2 tập Hồi Ký Lý Quang Diệu (Câu Chuyện Singapore + Từ Thế Giới Thứ Ba Vươn Lên Thứ Nhất); Tặng Kèm BookMark,858000,858000,0,0.0,0,0,Lý Quang Diệu,Alphabooks,,,Bìa mềm,,,FishingBook,available,1000,True,True,True
215392264,Chính phủ trong nhà nước pháp quyền,180000,180000,0,0.0,0,1,,Trung Tâm Kinh Doanh Xuất Bản Và Phát Hành Sách,Nhà Xuất Bản Đại Học Quốc Gia Hà Nội,,,,,HaAnBooks,available,1000,True,True,True
274917310,Sách Về Chính Trị: Danh Nhân Quân Sự Việt Nam,112500,112500,0,0.0,0,0,,NXB Trẻ,NXB Trẻ,,,,,AHABOOKS,available,1000,True,True,True
132302666,Sách - Lưu thông máu tốt hóa giải bách bệnh - Thái Hà Books,99000,99000,0,0.0,0,0,,Thái Hà,Nhà Xuất Bản Công Thương,,,,,info book,available,1000,True,True,True
188701188,Vang Vọng Lời Nước Non ( 12 tập ),645000,645000,0,5.0,2,17,Hồ Chí Minh,NXB Thông Tin Và truyền Thông,Nhà Xuất Bản Thông Tin Và Truyền Thông,,Bìa mềm,,,Bảo Châu Books,available,1000,True,True,True
253889610,"Kiên Quyết, Kiên Trì Đấu Tranh Phòng, Chống Tham Nhũng, Tiêu Cực, Góp Phần Xây Dựng Đảng Và Nhà Nước Ta Ngày Càng Trong Sạch, Vững Mạnh",373000,373000,0,0.0,0,2,GS. TS Nguyễn Phú Trọng,NXB Chính Trị Quốc Gia,Nhà Xuất Bản Chính Trị Quốc Gia,,Bìa mềm,,,Bảo Châu Books,available,1000,True,True,True
176748168,Trường Pháp Tại Việt Nam 1945-1975: Từ Sứ Mạng Khai Hóa Đến Ngoại Giao Văn Hóa,249000,249000,0,0.0,0,0,Nguyễn Thụy Phương,Alphabooks,Nhà Xuất Bản Hà Nội,,Bìa mềm,348,2022-04-23,HỆ THỐNG NHÀ SÁCH ABC,available,1000,True,True,True
202961659,Dân Chủ Và Giáo Dục,285000,285000,0,0.0,0,0,John Dewey,Viện Quản lý PACE,Nhà Xuất Bản Tổng hợp TP.HCM,,,,,Bamboo Books,available,1000,True,True,True
274029133,Mười Hai Học Thuyết Về Bản Tính Con Người (Tái bản năm 2022),275000,275000,0,0.0,0,2,"Leslie Stevenson, David L. Haberman, Peter Matthews Wright",Phương Nam Book,Nhà Xuất Bản Thế Giới,,Bìa mềm,517,,PHƯƠNG NAM BOOK,available,1000,True,True,True
276738883,"Sách - Tư Tưởng Hồ Chí Minh Tầm Vóc, Giá Trị Và Ý Nghĩa - VIETNAMBOOK",104000,104000,0,0.0,0,1,,Vinabook JSC,Nhà Xuất Bản Hồng Đức,,,,,Bamboo Books,available,1000,True,True,True
276739521,Sách - Quân Đội Nhật - Những Bí Mật Bạn Chưa Biết - VIETNAMBOOK,160000,160000,0,0.0,0,1,,Vinabook JSC,Nhà Xuất Bản Hồng Đức,,,,,Bamboo Books,available,1000,True,True,True
276738971,Sách - Chủ Tịch Hồ Chí Minh Với Nhân Tài Đất Việt - Vũ Kim Yến - VIETNAMBOOK,94000,94000,0,0.0,0,0,,Vinabook JSC,Nhà Xuất Bản Hồng Đức,,,,,Bamboo Books,available,1000,True,True,True
276739601,Sách - Chủ Tịch Hồ Chí Minh Với Các Nước Châu Âu - VIETNAMBOOK,76000,76000,0,0.0,0,0,,Vinabook JSC,Nhà Xuất Bản Hồng Đức,,,,,Bamboo Books,available,1000,True,True,True
276740308,Sách - Đức Mẫu Liễu - Vũ Ngọc Khánh - VIETNAMBOOK,115000,115000,0,0.0,0,0,,Vinabook JSC,Nhà Xuất Bản Hồng Đức,,,,,Bamboo Books,available,1000,True,True,True
276740333,"Sách - Nguồn Lực Trí Tuệ Việt Nam - Lịch Sử, Hiện Trạng Và Triển Vọng - Nguyễn Văn Khánh - VIETNAMBOOK",240000,240000,0,0.0,0,0,,Vinabook JSC,Nhà Xuất Bản Hồng Đức,,,,,Bamboo Books,available,1000,True,True,True
276740341,Sách - Những Tài Danh Âm Nhạc Việt Nam - Lưu Hữu Phước - Nguyễn Thụy Kha - VIETNAMBOOK,82000,82000,0,0.0,0,0,,Vinabook JSC,Nhà Xuất Bản Hồng Đức,,,,,Bamboo Books,available,1000,True,True,True
276739592,Sách - Chủ Tịch Hồ Chí Minh Với Cuộc Hành Trình Của Thời Đại - Hồ Chí Minh Gương Người Sáng Mãi - VIETNAMBOOK,90000,90000,0,0.0,0,0,,Vinabook JSC,Nhà Xuất Bản Hồng Đức,,,,,Bamboo Books,available,1000,True,True,True
276740315,Sách - Hương Ước Cổ Làng Xã Đồng Bằng Bắc Bộ - Vũ Duy Mến - VIETNAMBOOK,160000,160000,0,0.0,0,0,,Vinabook JSC,Nhà Xuất Bản Hồng Đức,,,,,Bamboo Books,available,1000,True,True,True
276740334,Sách - Nhân Học Văn Hóa Việt Nam - GS. TS Hoàng Nam - VIETNAMBOOK,108000,108000,0,0.0,0,0,,Vinabook JSC,Nhà Xuất Bản Hồng Đức,,,,,Bamboo Books,available,1000,True,True,True
276740378,Sách - Người Máy Thông Minh - Thiết Kế Lập Trình - VIETNAMBOOK,84000,84000,0,0.0,0,0,,Vinabook JSC,Nhà Xuất Bản Hồng Đức,,,,,Bamboo Books,available,1000,True,True,True
1732969,Những Kế Sách Xây Dựng Đất Nước Của Cha Ông Ta,81000,81000,0,0.0,0,0,Bùi Xuân Đính,NXB Chính Trị Quốc Gia,Nhà Xuất Bản Chính Trị Quốc Gia,,Bìa mềm,455,2017-01-01,Bamboo Books,available,1000,True,True,True
276797543,Sách - Tuyển Tập Văn Học Cổ Điển Hàn Quốc - Lim Hyung Taek - NXB Tổng Hợp,129000,129000,0,0.0,0,0,,Nhà Xuất Bản Tổng Hợp TPHCM,Nhà Xuất Bản Tổng hợp TP.HCM,,,,,Bamboo Books,available,1000,True,True,True
276739594,Sách - Các Lý Thuyết Và Phương Pháp Văn Học - VIETNAMBOOK,230000,230000,0,0.0,0,0,,Vinabook JSC,Nhà Xuất Bản Hồng Đức,,,,,Bamboo Books,available,1000,True,True,True
276738959,Sách - Người Thầy Nguyễn Bách Khoa - Kiều Mai Sơn - VIETNAMBOOK,99000,99000,0,0.0,0,0,,Vinabook JSC,Nhà Xuất Bản Hồng Đức,,,,,Bamboo Books,available,1000,True,True,True
276740406,Sách - Xứ An Nam (5/7/1885 - 4/4/1886) - Léon Prudhomme - VIETNAMBOOK,144000,144000,0,0.0,0,0,,Vinabook JSC,Nhà Xuất Bản Hồng Đức,,,,,Bamboo Books,available,1000,True,True,True
276740363,Sách - Chủ Tịch Hồ Chí Minh Với Nước Pháp - VIETNAMBOOK,99000,99000,0,0.0,0,0,,Vinabook JSC,Nhà Xuất Bản Hồng Đức,,,,,Bamboo Books,available,1000,True,True,True
276740365,Sách - Còn Là Tinh Anh - VIETNAMBOOK,280000,280000,0,0.0,0,0,,Vinabook JSC,Nhà Xuất Bản Hồng Đức,,,,,Bamboo Books,available,1000,True,True,True
276736327,Sách - Giáo Dục Chủ Nghĩa Yêu Nước Hồ Chí Minh Cho Thanh Niên Việt Nam Hiện Nay - VIETNAMBOOK,104000,104000,0,0.0,0,0,,Vinabook JSC,Nhà Xuất Bản Hồng Đức,,,,,Bamboo Books,available,1000,True,True,True
276736305,Sách - Chủ Tịch Hồ Chí Minh Với Cuộc Hành Trình Của Thời Đại - Người Gieo Những Hạt Giống Đỏ - VIETNAMBOOK,106000,106000,0,0.0,0,1,,Vinabook JSC,Nhà Xuất Bản Hồng Đức,,,,,Bamboo Books,available,1000,True,True,True
190289042,Những Người Nhật Tử Tế_HH,148000,148000,0,0.0,0,0,,Huy Hoàng Bookstore,Nhà Xuất Bản Hội Nhà Văn,,Bìa mềm,,,Bamboo Books,available,1000,True,True,True
252011534,"Pötao, Một Lý Thuyết Về Quyền Lực Ở Người Jörai Đông Dương",268000,268000,0,0.0,0,0,Jacques Dournes,Alpha Books,Nhà Xuất Bản Thế Giới,,Bìa mềm,652,,info book,available,1000,True,True,True
202604267,Sách - 33 Chiến Lược Của Chiến Tranh - NXB Trẻ,215000,215000,0,0.0,0,0,,NXB Trẻ,NXB Trẻ,,,,,Bamboo Books,available,1000,True,True,True
216934901,BẰNG MỌI THỦ ĐOẠN CẦN THIẾT: Cuộc săn lùng tài nguyên của Trung Quốc làm thay đổi thế giới như thế nào? – Elizabeth C. Economy - Michael Levi – Trịnh Huy Ninh dịch - Phanbook ,255000,255000,0,0.0,0,3,,PHANBOOK,Nhà Xuất Bản Đà Nẵng,,Bìa mềm,,,Bamboo Books,available,1000,True,True,True
172024968,"Thị Trường, Nhà Nước Và Người Dân - Kinh Tế Học Về Chính Sách Công",268000,268000,0,0.0,0,2,Diane Coyle,NXB Chính Trị Quốc Gia,Nhà Xuất Bản Chính Trị Quốc Gia Sự Thật,,,,,Bamboo Books,available,1000,True,True,True
196488192,Vấn Đề Của Kinh Tế Đương Đại - Góc Nhìn Từ Tư Bản Luận T-H-T' => H-T'-H',95000,95000,0,0.0,0,0,,NXB Chính Trị Quốc Gia,Nhà Xuất Bản Chính Trị Quốc Gia Sự Thật,,,,,Bamboo Books,available,1000,True,True,True
273728944,"Quan Hệ Mỹ-Trung Quốc - Thăng Trầm Theo Dòng Lịch Sử, Văn Hóa",200000,200000,0,0.0,0,0,GS TS Nguyễn Thái Yên Hương,NXB Chính Trị Quốc Gia,Nhà Xuất Bản Chính Trị Quốc Gia Sự Thật,,,,,Bamboo Books,available,1000,True,True,True
277392842,Khái Niệm Hệ Thống Pháp Luật: Một Dẫn Nhập Vào Lý Thuyết,299000,299000,0,0.0,0,0,Joseph Raz,NXB Hà Nội,Nhà Xuất Bản Hà Nội,,Bìa mềm,400,,Nhà Sách Phương Nam,available,1000,True,True,True
275479240,Bác Hồ - Cây Đại Thọ (Tái bản năm 2024),70000,70000,0,0.0,0,0,Đoàn Minh Tuấn,NXB Trẻ,NXB Trẻ,,Bìa mềm,164,,Nhà Sách Phương Nam,available,1000,True,True,True
115254486,"Sách - Bàn Về Cách Sống - Đối Thoại Giữa Triết Gia, Bác Sỹ Và Nhà Sư ( Tặng Postcard Xuân bốn mùa )",139000,139000,0,0.0,0,0,,Thái Hà,Nhà Xuất Bản Hà Nội,,,,,info book,available,1000,True,True,True
270771707,Bản án chế độ thực dân Pháp - Bản Quyền,75000,75000,0,0.0,0,0,,NXB Trẻ,NXB Trẻ,,,,,info book,available,1000,True,True,True
250078237,"Sách - Bàn Về Cách Sống - Đối Thoại Giữa Triết Gia, Bác Sỹ Và Nhà Sư - Thái Hà Sach24h",139000,139000,0,0.0,0,0,,Thái Hà,Nhà Xuất Bản Hà Nội,,Bìa mềm,,,HỆ THỐNG NHÀ SÁCH ABC,available,1000,True,True,True
203844230,Sách - Hơn cả lòng trung thành,175000,175000,0,0.0,0,0,,Không có,Không có,,,,,HỆ THỐNG NHÀ SÁCH ABC,available,1000,True,True,True
253411527,Sự Va Chạm Giữa Các Nền Văn Minh Và Sự Tái Lập Trật Tự Thế Giới - Bìa Cứng (Tái Bản Mới Nhất) - Bản Quyền,289000,289000,0,0.0,0,0,,Alpha Books,Nhà Xuất Bản Thế Giới,,,,,info book,available,1000,True,True,True
273718251,TS Thu Giang - Lão Tử tinh hoa,95000,95000,0,0.0,0,1,Thu Giang Nguyễn Duy Cần,NXB Trẻ,NXB Trẻ,,Bìa mềm,218,,HỆ THỐNG NHÀ SÁCH ABC,available,1000,True,True,True
252639476,Sách - Việt Nam Một thế kỉ tiếp nhận tư tưởng văn nghệ nước ngoài,195000,195000,0,0.0,0,0,,Nhà Sách Hồng Ân,Nhà Xuất Bản Đại Học Sư Phạm,,Bìa mềm,120,,Khanhlinhbook,available,1000,True,True,True
270790952,10 bài học cho thế giới hậu đại dịch - Bản Quyền,190000,190000,0,0.0,0,0,,NXB Trẻ,NXB Trẻ,,,,,info book,available,1000,True,True,True
203846730,Sách - Vượt qua sợ hãi,269000,269000,0,0.0,0,0,,Không có,Không có,,,,,HỆ THỐNG NHÀ SÁCH ABC,available,1000,True,True,True
261813601,Quân Vương – Thuật Cai Trị,109000,109000,0,0.0,0,0,,Omega Plus,Nhà Xuất Bản Thế Giới,,,,,HỆ THỐNG NHÀ SÁCH ABC,available,1000,True,True,True
249768318,Về Pháp Quyền,168000,168000,0,0.0,0,0,Tom Bingham,Công ty Cổ phần Sách Omega Việt Nam,Nhà Xuất Bản Tri Thức,,Bìa mềm,248,,HỆ THỐNG NHÀ SÁCH ABC,available,1000,True,True,True
275385342,Bác Hồ Với Quốc Hội Việt Nam (Tái bản năm 2024),65000,65000,0,0.0,0,2,Trần Thuận,NXB Trẻ,NXB Trẻ,,Bìa mềm,96,,Nhà Sách Phương Nam,available,1000,True,True,True
168780457,Sách Chiến Tranh Thương Mại Hay Mâu Thuẫn Giai Cấp: Bất Bình Đẳng Bóp Méo Kinh Tế Toàn Cầu Và Đe Dọa Hòa Bình Thế Giới,202000,202000,0,5.0,1,4,"Mathew C.Klein, Michael Pettis",NXB Chính Trị Quốc Gia Sự Thật,Nhà Xuất Bản Chính Trị Quốc Gia Sự Thật,,Bìa mềm,368,2022-03-01,Nhà Sách Lao Động,available,1000,True,True,True
196315287,Sách Giọt Nước Cành Dương (Tái Bản Lần 6),82000,99000,17,5.0,4,62,Thích Nhất Hạnh,Phương Nam Book,Nhà Xuất Bản Thế Giới,,Bìa mềm,189,2022-01-01,Tiki Trading,available,1000,False,True,True
252357135,Cộng Hòa (Tái Bản 2023),254100,299000,15,5.0,1,5,Plato,Alpha Books,Nhà Xuất Bản Thế Giới,,,,,Nhà sách Fahasa,available,1000,True,True,True
235736150,Quyền Lập Pháp - ALP,183000,229000,20,0.0,0,4,Nguyễn Đăng Dung,Alphabooks,Nhà Xuất Bản Hà Nội,,Bìa mềm,356,2023-02-08,Alpha Books Official,available,1000,True,True,True
263510702,Hiện Tại Vĩnh Cửu,110600,119000,7,0.0,0,1,Nguyễn Thế Đăng,Công ty TNHH Xuất bản Thiện Tri Thức,Nhà Xuất Bản Tôn Giáo,,,,,Nhà sách Fahasa,available,1000,True,True,True
273729062,"Về Tác Phẩm ""Nâng Cao Đạo Đức Cách Mạng, Quét Sạch Chủ Nghĩa Cá Nhân""",62000,66000,6,0.0,0,0,nhieu tac gia,NXB Chính Trị Quốc Gia,Nhà Xuất Bản Chính Trị Quốc Gia Sự Thật,,,,,Nhà sách Fahasa,available,1000,True,True,True
252062322,Bảo Đảm Quyền Con Người Trong Thi Hành Án Phạt Tù Tại Việt Nam (Sách Chuyên Khảo),104800,114000,8,0.0,0,1,,NXB Chính Trị Quốc Gia,Nhà Xuất Bản Chính Trị Quốc Gia Sự Thật,,,,,Nhà sách Fahasa,available,1000,True,True,True
208097081,Tủ Sách Đời Người: Ngôn Sứ,84100,99000,15,5.0,1,4,Kahlil Gibran,Alpha Books,NXB Dân Trí,,,,,Nhà sách Fahasa,available,1000,True,True,True
531687,Sách Quốc Hội Khóa 6 - Chuyện Về Các Đại Biểu Của Dân (Tập 6),33200,35000,5,0.0,0,0,Hà Minh Hồng - Trần Thuận,NXB Tổng Hợp,Nhà Xuất Bản Tổng hợp TP.HCM,,Bìa mềm,112,2016-07-29,Nhà sách Fahasa,available,1000,True,True,True
263085113,Quảng Trường Và Tòa Tháp,314100,349000,10,0.0,0,1,Niall Ferguson,Alpha Books,Nhà Xuất Bản Thế Giới,,,,,Nhà sách Fahasa,available,1000,True,True,True
276735460,"Sách - 75 Năm Hình Thành, Phát Triển Của Hệ Thống Pháp Luật Hình Sự Việt Nam Và Định Hướng Tiếp Tục Hoàn Thiện (1945-2020) - NXB Chính Trị Quốc Gia",280000,280000,0,0.0,0,0,,NXB Chính Trị Quốc Gia Sự Thật,Nhà Xuất Bản Chính Trị Quốc Gia Sự Thật,,,,,Bamboo Books,available,1000,True,True,True
276735751,"Sách - Hồ Chí Minh - Quá Khứ, Hiện Tại Và Tương Lai - NXB Chính Trị Quốc Gia",89000,89000,0,0.0,0,0,,NXB Chính Trị Quốc Gia Sự Thật,Nhà Xuất Bản Chính Trị Quốc Gia Sự Thật,,,,,Bamboo Books,available,1000,True,True,True
36701113,Hồi Ký Lý Quang Diệu I: Câu Chuyện Singapore (Tặng Notebook tự thiết kế),319000,399000,20,0.0,0,1,Lý Quang Diệu,Alphabooks,Nhà Xuất Bản Thế Giới,,Bìa mềm,,,Alpha Books Official,available,1000,True,True,True
276746072,"Sách - Luật Tổ Chức Chính Phủ Năm 2015 (Sửa Đổi, Bổ Sung Năm 2019, 2023) - NXB Chính Trị Quốc Gia",29000,29000,0,0.0,0,1,,NXB Chính Trị Quốc Gia Sự Thật,Nhà Xuất Bản Chính Trị Quốc Gia Sự Thật,,,,,Bamboo Books,available,1000,True,True,True
276746014,Sách - Luật Phí Và Lệ Phí (Hiện Hành) - NXB Chính Trị Quốc Gia,29000,29000,0,0.0,0,0,,NXB Chính Trị Quốc Gia Sự Thật,Nhà Xuất Bản Chính Trị Quốc Gia Sự Thật,,,,,Bamboo Books,available,1000,True,True,True
276735781,Sách - Điện Biên Phủ - Lịch Sử Và Ký Ức - NXB Chính Trị Quốc Gia,193000,193000,0,0.0,0,0,,NXB Chính Trị Quốc Gia Sự Thật,Nhà Xuất Bản Chính Trị Quốc Gia Sự Thật,,,,,Bamboo Books,available,1000,True,True,True
276735655,Sách - Luật Điện Ảnh - NXB Chính Trị Quốc Gia,22000,22000,0,0.0,0,0,,NXB Chính Trị Quốc Gia Sự Thật,Nhà Xuất Bản Chính Trị Quốc Gia Sự Thật,,,,,Bamboo Books,available,1000,True,True,True
276735611,"Sách - Luật Phòng, Chống Tác Hại Của Rượu, Bia (Hiện Hành) - NXB Chính Trị Quốc Gia",12000,12000,0,0.0,0,5,,NXB Chính Trị Quốc Gia Sự Thật,Nhà Xuất Bản Chính Trị Quốc Gia Sự Thật,,,,,Bamboo Books,available,1000,True,True,True
276735581,Sách - Cẩm Nang Pháp Luật Ngân Hàng - Nhận Diện Những Vấn Đề Pháp Lý - NXB Chính Trị Quốc Gia,287000,287000,0,0.0,0,0,,NXB Chính Trị Quốc Gia Sự Thật,Nhà Xuất Bản Chính Trị Quốc Gia Sự Thật,,,,,Bamboo Books,available,1000,True,True,True
276735575,"Sách - So Sánh Bộ Luật Tố Tụng Dân Sự Năm 2004 (Sửa Đổi, Bổ Sung Năm 2011) Với Bộ Luật Tố Tụng Dân Sự Năm 2015 - NXB Chính Trị Quốc Gia",198000,198000,0,0.0,0,0,,NXB Chính Trị Quốc Gia Sự Thật,Nhà Xuất Bản Chính Trị Quốc Gia Sự Thật,,,,,Bamboo Books,available,1000,True,True,True
276735603,"Sách - Luật Xuất Cảnh, Nhập Cảnh Của Công Dân Việt Nam (Hiện Hành) ( Sửa Đổi, Bổ Sung Năm 2023) - NXB Chính Trị Quốc Gia",22000,22000,0,0.0,0,1,,NXB Chính Trị Quốc Gia Sự Thật,Nhà Xuất Bản Chính Trị Quốc Gia Sự Thật,,,,,Bamboo Books,available,1000,True,True,True
276745998,Sách - Luật Chuyển Giao Công Nghệ - NXB Chính Trị Quốc Gia,16000,16000,0,0.0,0,0,,NXB Chính Trị Quốc Gia Sự Thật,Nhà Xuất Bản Chính Trị Quốc Gia Sự Thật,,,,,Bamboo Books,available,1000,True,True,True
276735463,Sách - Chuẩn Bị Thật Tốt Đại Hội Đảng Bộ Các Cấp Tiến Tới Đại Hội Đại Biểu Toàn Quốc Lần Thứ XIII Của Đảng - NXB Chính Trị Quốc Gia,58000,58000,0,0.0,0,0,,NXB Chính Trị Quốc Gia Sự Thật,Nhà Xuất Bản Chính Trị Quốc Gia Sự Thật,,,,,Bamboo Books,available,1000,True,True,True
51551922,Sách Chủ Nghĩa Tư Bản Lịch Sử Thăng Trầm 120 Năm (1900 - 2020),238000,238000,0,0.0,0,0,Trần Thị Vinh,NXB Chính Trị Quốc Gia,Nhà Xuất Bản Chính Trị Quốc Gia Sự Thật,,Bìa mềm,600,2020-03-27,Nhà Sách Lao Động,available,1000,True,True,True
276735739,"Sách - Bộ Luật Tố Tụng Hình Sự (Hiện Hành) (Sửa Đổi, Bổ Sung Năm 2021) - NXB Chính Trị Quốc Gia",121000,121000,0,0.0,0,0,,NXB Chính Trị Quốc Gia Sự Thật,Nhà Xuất Bản Chính Trị Quốc Gia Sự Thật,,,,,Bamboo Books,available,1000,True,True,True
276735661,Sách - Văn Minh Trung Hoa - NXB Chính Trị Quốc Gia,506000,506000,0,2.0,1,1,,NXB Chính Trị Quốc Gia Sự Thật,Nhà Xuất Bản Chính Trị Quốc Gia Sự Thật,,,,,Bamboo Books,available,1000,True,True,True
276735779,"Sách - Luật Trẻ Em (Hiện Hành) (Sửa Đổi, Bổ Sung Năm 2018) - NXB Chính Trị Quốc Gia",27000,27000,0,0.0,0,0,,NXB Chính Trị Quốc Gia Sự Thật,Nhà Xuất Bản Chính Trị Quốc Gia Sự Thật,,,,,Bamboo Books,available,1000,True,True,True
276735785,Sách - Luật Các Tổ Chức Tín Dụng - NXB Chính Trị Quốc Gia,62000,62000,0,0.0,0,0,,NXB Chính Trị Quốc Gia Sự Thật,Nhà Xuất Bản Chính Trị Quốc Gia Sự Thật,,,,,Bamboo Books,available,1000,True,True,True
276735829,Sách - Những Mẩu Chuyện Về Phong Cách Hồ Chí Minh - NXB Chính Trị Quốc Gia,54000,54000,0,0.0,0,0,,NXB Chính Trị Quốc Gia Sự Thật,Nhà Xuất Bản Chính Trị Quốc Gia Sự Thật,,,,,Bamboo Books,available,1000,True,True,True
276735783,Sách - Luật Kinh Doanh Bất Động Sản - NXB Chính Trị Quốc Gia,35000,35000,0,0.0,0,0,,NXB Chính Trị Quốc Gia Sự Thật,Nhà Xuất Bản Chính Trị Quốc Gia Sự Thật,,,,,Bamboo Books,available,1000,True,True,True
276735787,Sách - Sa Pa Giữa Trời Mây Trắng - NXB Chính Trị Quốc Gia,94000,94000,0,0.0,0,0,,NXB Chính Trị Quốc Gia Sự Thật,Nhà Xuất Bản Chính Trị Quốc Gia Sự Thật,,,,,Bamboo Books,available,1000,True,True,True
276746006,"Sách - Luật Bảo Hiểm Y Tế Năm 2008 (Sửa Đổi, Bổ Sung Năm 2103, 2014, 2015, 2018, 2020, 2023) - NXB Chính Trị Quốc Gia",21000,21000,0,0.0,0,0,,NXB Chính Trị Quốc Gia Sự Thật,Nhà Xuất Bản Chính Trị Quốc Gia Sự Thật,,,,,Bamboo Books,available,1000,True,True,True
276735582,Sách - Trách Nhiệm Pháp Lý Đối Với Hành Vi Giao Dịch Bất Hợp Pháp Trên Thị Trường Chứng Khoán Tập Trung ở Việt Nam - NXB Chính Trị Quốc Gia,62000,62000,0,0.0,0,0,,NXB Chính Trị Quốc Gia Sự Thật,Nhà Xuất Bản Chính Trị Quốc Gia Sự Thật,,,,,Bamboo Books,available,1000,True,True,True
276735433,Sách - Chuyện Bảo Vệ Các Chính Khách Quốc Tế Đến Việt Nam - NXB Chính Trị Quốc Gia,35000,35000,0,0.0,0,0,,NXB Chính Trị Quốc Gia Sự Thật,Nhà Xuất Bản Chính Trị Quốc Gia Sự Thật,,,,,Bamboo Books,available,1000,True,True,True
276735455,"Sách - Luật Đê Điều (Hiện Hành) (Sửa Đổi, Bổ Sung Năm 2008, 2018, 2020) - NXB Chính Trị Quốc Gia",16000,16000,0,0.0,0,0,,NXB Chính Trị Quốc Gia Sự Thật,Nhà Xuất Bản Chính Trị Quốc Gia Sự Thật,,,,,Bamboo Books,available,1000,True,True,True
276735465,Sách - Quá Trình Du Nhập Của Nho Giáo Vào Việt Nam Từ Đầu Công Nguyên Đến Thế Kỷ XIX - NXB Chính Trị Quốc Gia,78000,78000,0,0.0,0,1,,NXB Chính Trị Quốc Gia Sự Thật,Nhà Xuất Bản Chính Trị Quốc Gia Sự Thật,,,,,Bamboo Books,available,1000,True,True,True
276735427,Sách - Pháp Luật Kiểm Soát Thỏa Thuận Sử Dụng Giá - Lý Thuyết Và Thực Tiễn Tại Việt Nam - NXB Chính Trị Quốc Gia,68000,68000,0,0.0,0,2,,NXB Chính Trị Quốc Gia Sự Thật,Nhà Xuất Bản Chính Trị Quốc Gia Sự Thật,,,,,Bamboo Books,available,1000,True,True,True
276735415,Sách - Tư Tưởng Đạo Đức Của Arixtốt Và Những Giá Trị - NXB Chính Trị Quốc Gia,64000,64000,0,0.0,0,2,,NXB Chính Trị Quốc Gia Sự Thật,Nhà Xuất Bản Chính Trị Quốc Gia Sự Thật,,,,,Bamboo Books,available,1000,True,True,True
276735531,Sách - Luật Quốc Phòng - NXB Chính Trị Quốc Gia,14000,14000,0,0.0,0,0,,NXB Chính Trị Quốc Gia Sự Thật,Nhà Xuất Bản Chính Trị Quốc Gia Sự Thật,,,,,Bamboo Books,available,1000,True,True,True
276735469,Sách - Những Nội Dung Cốt Lõi Trong Dự Thảo Các Văn Kiện Trình Đại Hội XIII Của Đảng - NXB Chính Trị Quốc Gia,89000,89000,0,0.0,0,0,,NXB Chính Trị Quốc Gia Sự Thật,Nhà Xuất Bản Chính Trị Quốc Gia Sự Thật,,,,,Bamboo Books,available,1000,True,True,True
276735671,Sách - Tham Luận Đại Hội Đại Biểu Toàn Quốc Lần Thứ XIII - NXB Chính Trị Quốc Gia,422000,422000,0,0.0,0,0,,NXB Chính Trị Quốc Gia Sự Thật,Nhà Xuất Bản Chính Trị Quốc Gia Sự Thật,,,,,Bamboo Books,available,1000,True,True,True
276735651,"Sách - Luật Quản Lý, Sử Dụng Tài Sản Công (Hiện Hành) (Sửa Đổi Năm 2020) - NXB Chính Trị Quốc Gia",41000,41000,0,0.0,0,0,,NXB Chính Trị Quốc Gia Sự Thật,Nhà Xuất Bản Chính Trị Quốc Gia Sự Thật,,,,,Bamboo Books,available,1000,True,True,True
276735757,Sách - Hồ Chí Minh - Người Mang Lại Ánh Sáng - Tập 2 - NXB Chính Trị Quốc Gia,136000,136000,0,0.0,0,0,,NXB Chính Trị Quốc Gia Sự Thật,Nhà Xuất Bản Chính Trị Quốc Gia Sự Thật,,,,,Bamboo Books,available,1000,True,True,True
276746000,"Sách - Luật An Ninh Quốc Gia Năm 2024 (Sửa Đổi, Bổ Sung Năm 2023) - NXB Chính Trị Quốc Gia",20000,20000,0,0.0,0,0,,NXB Chính Trị Quốc Gia Sự Thật,Nhà Xuất Bản Chính Trị Quốc Gia Sự Thật,,,,,Bamboo Books,available,1000,True,True,True
276735625,Sách - Luật Kinh Doanh Bất Động Sản (Hiện Hành) (Sửa Đổi Bổ Sung Năm 2020) - NXB Chính Trị Quốc Gia,28000,28000,0,0.0,0,0,,NXB Chính Trị Quốc Gia Sự Thật,Nhà Xuất Bản Chính Trị Quốc Gia Sự Thật,,,,,Bamboo Books,available,1000,True,True,True
276735639,Sách - Từ Làng Sen Đến Bến Nhà Rồng - NXB Chính Trị Quốc Gia,120000,120000,0,0.0,0,2,,NXB Chính Trị Quốc Gia Sự Thật,Nhà Xuất Bản Chính Trị Quốc Gia Sự Thật,,,,,Bamboo Books,available,1000,True,True,True
276735417,Sách - Tổng Quan Về Luật Hình Sự Việt Nam - NXB Chính Trị Quốc Gia,202000,202000,0,0.0,0,1,,NXB Chính Trị Quốc Gia Sự Thật,Nhà Xuất Bản Chính Trị Quốc Gia Sự Thật,,,,,Bamboo Books,available,1000,True,True,True
276735609,Sách - Tài Liệu Hướng Dẫn Đại Hội Chi Bộ Nhiệm Kỳ 2022 - 2025 - NXB Chính Trị Quốc Gia,39000,39000,0,0.0,0,0,,NXB Chính Trị Quốc Gia Sự Thật,Nhà Xuất Bản Chính Trị Quốc Gia Sự Thật,,,,,Bamboo Books,available,1000,True,True,True
276735541,Sách - Sức Mạnh Mềm Của Pháp - Những Vấn Đề Lý Luận Và Thực Tiễn - NXB Chính Trị Quốc Gia,57000,57000,0,0.0,0,0,,NXB Chính Trị Quốc Gia Sự Thật,Nhà Xuất Bản Chính Trị Quốc Gia Sự Thật,,,,,Bamboo Books,available,1000,True,True,True
276735563,"Sách - Luật Hòa Giải, Đối Thoại Tại Tòa Án",15000,15000,0,0.0,0,7,,NXB Chính Trị Quốc Gia Sự Thật,Nhà Xuất Bản Chính Trị Quốc Gia Sự Thật,,,,,Bamboo Books,available,1000,True,True,True
276735557,Sách - Công Tác Bầu Cử Đại Biểu Quốc Hội Khóa XV Và Đại Biểu Hội Đồng Nhân Dân Các Cấp Nhiệm Kỳ 2021-2026 Của MTTQVN,75000,75000,0,0.0,0,1,,NXB Chính Trị Quốc Gia Sự Thật,Nhà Xuất Bản Chính Trị Quốc Gia Sự Thật,,,,,Bamboo Books,available,1000,True,True,True
276735633,Sách - Luật Đấu thầu - NXB Chính Trị Quốc Gia,40000,40000,0,0.0,0,1,,NXB Chính Trị Quốc Gia Sự Thật,Nhà Xuất Bản Chính Trị Quốc Gia Sự Thật,,,,,Bamboo Books,available,1000,True,True,True
276746058,Sách - Luật Tổ Chức Viện Kiểm Sát Nhân Dân (Hiện Hành) - NXB Chính Trị Quốc Gia,35000,35000,0,0.0,0,0,,NXB Chính Trị Quốc Gia Sự Thật,Nhà Xuất Bản Chính Trị Quốc Gia Sự Thật,,,,,Bamboo Books,available,1000,True,True,True
276735719,Sách - Luật Dẩu Khí Năm 2022 - NXB Chính Trị Quốc Gia,32000,32000,0,0.0,0,0,,NXB Chính Trị Quốc Gia Sự Thật,Nhà Xuất Bản Chính Trị Quốc Gia Sự Thật,,,,,Bamboo Books,available,1000,True,True,True
276735800,Sách - Vũ Khí Kinh Tế - Sự Trỗi Dậy Của Các Biện Pháp Trừng Phạt Kinh Tế Như Một Công Cụ Chiến Tranh Hiện Đại - NXB Chính Trị Quốc Gia,255000,255000,0,0.0,0,1,,NXB Chính Trị Quốc Gia Sự Thật,Nhà Xuất Bản Chính Trị Quốc Gia Sự Thật,,,,,Bamboo Books,available,1000,True,True,True
276735687,Sách - Về Văn Hóa - Hồ Chí Minh - NXB Chính Trị Quốc Gia,88000,88000,0,0.0,0,0,,NXB Chính Trị Quốc Gia Sự Thật,Nhà Xuất Bản Chính Trị Quốc Gia Sự Thật,,,,,Bamboo Books,available,1000,True,True,True
276735735,Sách - Hồ Chí Minh - Người Mang Lại Ánh Sáng - Tập 1 - NXB Chính Trị Quốc Gia,140000,140000,0,0.0,0,0,,NXB Chính Trị Quốc Gia Sự Thật,Nhà Xuất Bản Chính Trị Quốc Gia Sự Thật,,,,,Bamboo Books,available,1000,True,True,True
276746022,"Sách - Luật Điện Lực (Hiện Hành) (Sửa Đổi, Bổ Sung Năm 2012, 2018, 2022) - NXB Chính Trị Quốc Gia",44000,44000,0,0.0,0,0,,NXB Chính Trị Quốc Gia Sự Thật,Nhà Xuất Bản Chính Trị Quốc Gia Sự Thật,,,,,Bamboo Books,available,1000,True,True,True
276746029,Sách - Luật Dầu Khí - NXB Chính Trị Quốc Gia,32000,32000,0,0.0,0,0,,NXB Chính Trị Quốc Gia Sự Thật,Nhà Xuất Bản Chính Trị Quốc Gia Sự Thật,,,,,Bamboo Books,available,1000,True,True,True
276746032,"Sách - Luật Phòng, Chống Thiên Tai (Hiện Hành) (Sửa Đổi, Bổ Sung Năm 2020, 2023) - NXB Chính Trị Quốc Gia",32000,32000,0,0.0,0,0,,NXB Chính Trị Quốc Gia Sự Thật,Nhà Xuất Bản Chính Trị Quốc Gia Sự Thật,,,,,Bamboo Books,available,1000,True,True,True
276746043,Sách - Luật Hoạt Động Giám Sát Của Quốc Hội Và Hội Đồng Nhân Dân (Hiện Hành) (Sửa Đổi Năm 2023) - NXB Chính Trị Quốc Gia,38000,38000,0,0.0,0,2,,NXB Chính Trị Quốc Gia Sự Thật,Nhà Xuất Bản Chính Trị Quốc Gia Sự Thật,,,,,Bamboo Books,available,1000,True,True,True
276735642,"Sách - Luật Xuất Bản (Hiện Hành) (Sửa Đổi, Bổ Sung Năm 2018) - NXB Chính Trị Quốc Gia",30000,30000,0,5.0,1,2,,NXB Chính Trị Quốc Gia Sự Thật,Nhà Xuất Bản Chính Trị Quốc Gia Sự Thật,,,,,Bamboo Books,available,1000,True,True,True
276735628,Sách - Luật Cạnh Tranh (Hiện Hành) - NXB Chính Trị Quốc Gia,34000,34000,0,0.0,0,0,,NXB Chính Trị Quốc Gia Sự Thật,Nhà Xuất Bản Chính Trị Quốc Gia Sự Thật,,,,,Bamboo Books,available,1000,True,True,True
276735479,Sách - Kỹ Năng Hoạt Động Dành Cho Luật Sư Trong Vụ Án Hình Sự - NXB Chính Trị Quốc Gia,45000,45000,0,0.0,0,0,,NXB Chính Trị Quốc Gia Sự Thật,Nhà Xuất Bản Chính Trị Quốc Gia Sự Thật,,,,,Bamboo Books,available,1000,True,True,True
276735435,Sách - Thực Hiện Chức Năng Giám Sát Quyền Lực Nhà Nước Của Quốc Hội Việt Nam Hiện Nay - NXB Chính Trị Quốc Gia,104000,104000,0,0.0,0,0,,NXB Chính Trị Quốc Gia Sự Thật,Nhà Xuất Bản Chính Trị Quốc Gia Sự Thật,,,,,Bamboo Books,available,1000,True,True,True
262852695,As One Is - Như Ta Là,73000,88000,17,0.0,0,16,Krishnamurti,FIRST NEWS,NXB Dân Trí,,,,,Nhà sách Fahasa,available,1000,True,True,True
148598597,BỘ SÁCH DELUXE BOOKS (BỘ SÁCH SANG TRỌNG) – Napoleon - Nghệ thuật quân sự và quyền lực đích thực,264500,264500,0,0.0,0,1,,Tân Việt,NXB Dân Trí,,,,,Minhhabooks,available,1000,True,True,True
274169011,The Little Book Of Femnism - Thuyết Nữ Quyền,87000,87000,0,0.0,0,0,,Cty Văn Hóa Văn Lang,Nhà Xuất Bản Hồng Đức,,Bìa mềm,96,,Nhân Văn,available,1000,True,True,True
276746108,"Sách - Luật Quản Lý, Sử Dụng Tài Sản Công ( Hiện Hành) ( Sửa Đổi Năm 2020, 2022) - NXB Chính Trị Quốc Gia",46000,46000,0,0.0,0,0,,Nhà Xuất Bản Chính Trị Quốc Gia Sự Thật,Nhà Xuất Bản Chính Trị Quốc Gia Sự Thật,,,,,Bamboo Books,available,1000,True,True,True
276746150,Sách - Luật Tài Nguyên Nước - NXB Chính Trị Quốc Gia,38000,38000,0,0.0,0,0,,Nhà Xuất Bản Chính Trị Quốc Gia Sự Thật,Nhà Xuất Bản Chính Trị Quốc Gia Sự Thật,,,,,Bamboo Books,available,1000,True,True,True
258215796,Schopenhauer - Nhà Giáo Dục,56000,59000,5,0.0,0,3,Friedrich Nietzsche,Nhã Nam,NXB Dân Trí,,,,,Nhà sách Fahasa,available,1000,True,True,True
207257116,SỔ TAY BÍ THƯ CHI BỘ VÀ CHI UỶ VIÊN - Phạm Thị Thinh biên soạn - Đảng Cộng sản Việt Nam - NXB. Chính trị Quốc gia Sự thật,99000,99000,0,0.0,0,2,,Nhà Xuất Bản Chính Trị Quốc Gia Sự Thật,Nhà Xuất Bản Chính Trị Quốc Gia Sự Thật,,,,,BÌNH BÁN BOOK,available,1000,True,True,True
37468657,Sự Va Chạm Giữa Các Nền Văn Minh Và Sự Tái Lập Trật Tự Thế Giới ( tặng kèm bookmark Sáng Tạo ),289000,289000,0,0.0,0,0,Samuel P. Huntington,Alphabooks,,,Bìa cứng,560,,info book,available,1000,True,True,True
276736325,Sách - Không Gian Thờ Cúng Tổ Tiên Của Người Việt - Truyền Thống Và Đương Đại - VIETNAMBOOK,130500,174000,25,0.0,0,4,,Vinabook JSC,Nhà Xuất Bản Hồng Đức,,,,,VIETNAMBOOK,available,1000,True,True,True
57771446,Bàn về tinh thần pháp luật (Montesquieu),159000,199000,20,0.0,0,5,,Alphabooks,Nhà Xuất Bản Thế Giới,,,,,Omega Plus Books,available,1000,True,True,True
255430462,"Nâng cao năng lực lãnh đạo và sức chiến đấu của Đảng, phát huy sức mạnh toàn Dân tộc tiếp tục đẩy mạnh toàn diện công cuộc đổi mới Đất nước (Tập 1)",357000,357000,0,0.0,0,0,,Nhà Xuất Bản Chính Trị Quốc Gia Sự Thật,Nhà Xuất Bản Chính Trị Quốc Gia Sự Thật,,Bìa mềm,989,,SÁCH ĐẠI NAM,available,1000,True,True,True
269988233,Chết Cho Màu Cờ - Quyền Lực Và Chính Trị Của Những Lá Cờ,210000,210000,0,0.0,0,2,Tim Marshall,Nhã Nam,Nhà Xuất Bản Phụ Nữ,,Bìa cứng,384,2023-07-07,TYMBooks,available,1000,True,True,True
215390209,CHÍNH SÁCH ĐỐI NGOẠI CỦA HOA KỲ từ sau nội chiến đến kết thúc chiến tranh thế giới thứ nhất (1865 – 1918) - Dương Quang Hiệp - Nxb Chính trị Quốc gia Sự thật - bìa mềm,98000,98000,0,0.0,0,2,,Nhà Xuất Bản Chính Trị Quốc Gia Sự Thật,Nhà Xuất Bản Chính Trị Quốc Gia Sự Thật,,,,,BÌNH BÁN BOOK,available,1000,True,True,True
125740343,Giải Pháp Phát Triển Bền Vững Vùng Tây Nam Bộ Trong Bối Cảnh Mới (Sách Chuyên Khảo),170100,189000,10,5.0,1,1,,Nhà Xuất Bản Chính Trị Quốc Gia Sự Thật,Nhà Xuất Bản Chính Trị Quốc Gia Sự Thật,,Bìa mềm,352,2021-09-25,Bảo Châu Books,available,1000,True,True,True
276746166,Sách - Luật Quy Hoạch (Hiện Hành) - NXB Chính Trị Quốc Gia,32000,32000,0,0.0,0,0,,Nhà Xuất Bản Chính Trị Quốc Gia Sự Thật,Nhà Xuất Bản Chính Trị Quốc Gia Sự Thật,,,,,Bamboo Books,available,1000,True,True,True
273377276,"Khơi dậy khát vọng phát triển đất nước phồn vinh, hạnh phúc của thanh niên Việt Nam (bản in 2023)",61200,61200,0,0.0,0,1,,Nhà Xuất Bản Chính Trị Quốc Gia Sự Thật,Nhà Xuất Bản Chính Trị Quốc Gia Sự Thật,,,,,ST Book,available,1000,True,True,True
276746079,"Sách - Luật Xử Lý Vi Phạm Hành Chính (Hiện Hành) ( Sửa Đổi, Bổ Sung Năm 2020, 2022) - NXB Chính Trị Quốc Gia",56000,56000,0,0.0,0,0,,Nhà Xuất Bản Chính Trị Quốc Gia Sự Thật,Nhà Xuất Bản Chính Trị Quốc Gia Sự Thật,,,,,Bảo Châu Books,available,1000,True,True,True
273348323,How Politics Works - Hiểu Hết Về Chính Trị ( Cuốn Sách Cung Cấp Những Kiến Thức Trực Quan Về Chính Trị),330000,330000,0,5.0,1,6,DK,Nhã Nam,Nhà Xuất Bản Thế Giới,,Bìa cứng,223,,NHBook,available,1000,True,True,True
276746096,Sách - Luật Hỗ Trợ Doanh Nghiệp Nhỏ Và Vừa - NXB Chính Trị Quốc Gia,18000,18000,0,0.0,0,0,,Nhà Xuất Bản Chính Trị Quốc Gia Sự Thật,Nhà Xuất Bản Chính Trị Quốc Gia Sự Thật,,,,,Bamboo Books,available,1000,True,True,True
276746114,Sách - Pháp Lệnh Xử Phạt Vi Phạm Hành Chính Đối Với Hành Vi Cản Trở Hoạt Động Tố Tụng - NXB Chính Trị Quốc Gia,27000,27000,0,0.0,0,0,,Nhà Xuất Bản Chính Trị Quốc Gia Sự Thật,Nhà Xuất Bản Chính Trị Quốc Gia Sự Thật,,,,,Bamboo Books,available,1000,True,True,True
202783649,Tính nhân bản của Hiến pháp (Sách chuyên khảo),140000,140000,0,0.0,0,4,,NXB Tư Pháp,Nhà Xuất Bản Tư Pháp,,,332,,Nhà Sách Pháp Luật,available,1000,True,True,True
270206762,Hòa Bình Niềm Mơ Ước Của Nhân Loại - Vanlangbooks,58500,90000,35,5.0,1,9,,VanLangBooks,Nhà Xuất Bản Từ Điển Bách Khoa,,,,,Văn Lang Official Store,available,1000,True,True,True
279003936,Chiến Lược Kinh Tế Biển Xanh Của Ấn Độ - Hàm Ý Cho Việt Nam (Sách Chuyên Khảo),295000,295000,0,0.0,0,0,Viện Nghiên cứu Ấn Độ và Tây Nam Á. TS. Phạm Cao Cường chủ biên,Nhà Xuất Bản Khoa Học Xã Hội,Nhà Xuất Bản Khoa Học Xã Hội,,Bìa mềm,660,2025-12-24,VIETNAMBOOK,available,1000,True,True,True
276451156,Thúc Đẩy Xuất Khẩu Hàng Nông Sản Của Việt Nam Sang Thị Trường Ấn Độ (Sách chuyên khảo) -  PGS. TS. Nguyễn Xuân Trung chủ biên ,175000,175000,0,0.0,0,2,Viện Hàn Lâm Khoa Học Xã Hội Việt Nam,Nhà Xuất Bản Khoa Học Xã Hội,Nhà Xuất Bản Khoa Học Xã Hội,,Bìa mềm tay gấp,400,,VIETNAMBOOK,available,1000,True,True,True
203846996,Sách - Nói Luôn Cho Nó Vuông,108000,108000,0,0.0,0,0,Steve Harvey,Nhã Nam,Nhà Xuất Bản Thế Giới,,Bìa mềm,304,2018-09-01,Bamboo Books,available,1000,True,True,True
276800991,Sách - Tài Liệu Chuyên Đề Bồi Dưỡng Lý Luận Chính Trị Và Nghiệp Vụ - Dành Cho Cán Bộ Hội Nông Dân Ở Cơ Sở - NXB Chính Trị Quốc Gia,45000,45000,0,0.0,0,0,,Nhà Xuất Bản Chính Trị Quốc Gia Sự Thật,Nhà Xuất Bản Chính Trị Quốc Gia Sự Thật,,,,,Bamboo Books,available,1000,True,True,True
273268509,Người trẻ có sợ trách nhiệm? (bản 4 màu - in 2023),152000,152000,0,0.0,0,0,,Nhà Xuất Bản Chính Trị Quốc Gia Sự Thật,Nhà Xuất Bản Chính Trị Quốc Gia Sự Thật,,,,,Bamboo Books,available,1000,True,True,True
159867718,Bình minh của cuộc đời,130000,130000,0,0.0,0,0,Tsujimura Mizuki,Nhã Nam,Nhà Xuất Bản Hà Nội,,Bìa mềm,408,2020-01-04,HỆ THỐNG NHÀ SÁCH ABC,available,1000,True,True,True
77221201,Sách - Kiếm lời từ một trật tự thế giới mới (tặng kèm bookmark thiết kế),145000,145000,0,0.0,0,0,Shaun Rein,Nhã Nam,Nhà Xuất Bản Dân Trí,,,400,,info book,available,1000,True,True,True
49226540,"Sách Tài Liệu Tuyên Truyền Vì An Toàn Thực Phẩm - Tra Cứu Những Vướng Mắc Thường Gặp Trong Công Tác Sản Xuất, Chế Biến, Kinh Doanh, Bảo Quản, Sử Dụng Thực Phẩm",240000,240000,0,0.0,0,3,"Tăng Bình, Ái Phương",Nhà sách Lao Động,Nhà Xuất Bản Hồng Đức,,Bìa mềm,416,2020-02-02,Nhà Sách Lao Động,available,1000,True,True,True
276746148,Sách - Luật Đường Sắt - NXB Chính Trị Quốc Gia,16000,16000,0,0.0,0,0,,Nhà Xuất Bản Chính Trị Quốc Gia Sự Thật,Nhà Xuất Bản Chính Trị Quốc Gia Sự Thật,,,,,Bamboo Books,available,1000,True,True,True
276746158,Sách - Luật Khiếu Nại (Hiện Hành) - NXB Chính Trị Quốc Gia,36000,36000,0,0.0,0,1,,Nhà Xuất Bản Chính Trị Quốc Gia Sự Thật,Nhà Xuất Bản Chính Trị Quốc Gia Sự Thật,,,,,Bamboo Books,available,1000,True,True,True
276746092,Sách - Luật Cạnh Tranh (Hiện Hành) - NXB Chính Trị Quốc Gia,38000,38000,0,5.0,1,2,,Nhà Xuất Bản Chính Trị Quốc Gia Sự Thật,Nhà Xuất Bản Chính Trị Quốc Gia Sự Thật,,,,,Bamboo Books,available,1000,True,True,True
1677913,"Sách Hiểu Luật Nhân Quả, Tránh Họa, Tạo Phúc - An Nhiên, Viên Mãn Sống Đời",248000,248000,0,5.0,1,25,Trương Hạnh Phúc,Nhà sách Lao Động,Nhà Xuất Bản Hồng Đức,,Bìa mềm,400,2018-01-01,Nhà Sách Lao Động,available,1000,True,True,True
276800967,Sách - Vai Trò Của Mặt Trận Tổ Quốc Việt Nam Trong Xu Hướng Quản Trị Nhà Nước Đương Đại - Vấn Đề Và Giải Pháp - NXB Chính Trị Quốc Gia,185400,206000,10,0.0,0,0,,Nhà Xuất Bản Chính Trị Quốc Gia Sự Thật,Nhà Xuất Bản Chính Trị Quốc Gia Sự Thật,,,,,Bảo Châu Books,available,1000,True,True,True
276746152,"Sách - Luật Thi Hành Tạm Giữ, Tạm Giam - NXB Chính Trị Quốc Gia",31000,31000,0,0.0,0,0,,Nhà Xuất Bản Chính Trị Quốc Gia Sự Thật,Nhà Xuất Bản Chính Trị Quốc Gia Sự Thật,,,,,Bamboo Books,available,1000,True,True,True
278120774,Sách - Tại sao các đế quốc sụp đổ (Peter Heather) (John Rapley) (Nhã Nam Official),170000,170000,0,0.0,0,0,,Nhã Nam,Nhà Xuất Bản Dân Trí,,Bìa mềm,356,,FishingBook,available,1000,True,True,True
276746081,"Sách - Xây Dựng Đảng Và Hệ Thống Chính Trị Trong Sạch, Vững Mạnh Góp Phần Thực Hiện  Thắng Lợi Nghị Quyết Đại Hội XIII",224000,224000,0,0.0,0,0,,Nhà Xuất Bản Chính Trị Quốc Gia Sự Thật,Nhà Xuất Bản Chính Trị Quốc Gia Sự Thật,,,,,Bamboo Books,available,1000,True,True,True
275838902,Khái Lược Những Tư Tưởng Lớn - Chính Trị (Politics) (Tái bản năm 2024),450000,450000,0,0.0,0,0,DK,NXB Dân Trí,Nhà Xuất Bản Dân Trí,,Bìa cứng,352,,Nhà Sách Phương Nam,available,1000,True,True,True
276746154,Sách - Luật Đặc Xá - NXB Chính Trị Quốc Gia,13000,13000,0,0.0,0,0,,Nhà Xuất Bản Chính Trị Quốc Gia Sự Thật,Nhà Xuất Bản Chính Trị Quốc Gia Sự Thật,,,,,Bamboo Books,available,1000,True,True,True
276746116,Sách - Pháp Lệnh Xử Phạt Vi Phạm Hành Chính Trong Lĩnh Vực Kiểm Toán Nhà Nước - NXB Chính Trị Quốc Gia,15000,15000,0,0.0,0,0,,Nhà Xuất Bản Chính Trị Quốc Gia Sự Thật,Nhà Xuất Bản Chính Trị Quốc Gia Sự Thật,,,,,Bamboo Books,available,1000,True,True,True
271408183,"Văn kiện Trung ương Cục miền Nam giai đoạn 1946 – 1975, tập 7 (1957 - 1960) ",207000,207000,0,0.0,0,1,,Nhà Xuất Bản Chính Trị Quốc Gia Sự Thật,Nhà Xuất Bản Chính Trị Quốc Gia Sự Thật,,,,,SÁCH ĐẠI NAM,available,1000,True,True,True
276746160,Sách - Luật Thi Hành Án Hình Sự (Hiện Hành) - NXB Chính Trị Quốc Gia,83000,83000,0,0.0,0,0,,Nhà Xuất Bản Chính Trị Quốc Gia Sự Thật,Nhà Xuất Bản Chính Trị Quốc Gia Sự Thật,,,,,Bamboo Books,available,1000,True,True,True
276746168,"Sách - Luật Kinh Doanh Bất Động Sản Năm 2023 (Sửa Đổi, Bổ Sung Năm 2024) - NXB Chính Trị Quốc Gia",35000,35000,0,0.0,0,1,,Nhà Xuất Bản Chính Trị Quốc Gia Sự Thật,Nhà Xuất Bản Chính Trị Quốc Gia Sự Thật,,,,,Bamboo Books,available,1000,True,True,True
270989234,Cơ cấu tổ chức hành chính và tổ chức quản lý địa phương thời Lý - Trần (Thế kỷ XI-XIV),170000,170000,0,5.0,1,3,,Nhà Xuất Bản Chính Trị Quốc Gia Sự Thật,Nhà Xuất Bản Chính Trị Quốc Gia Sự Thật,,,,2023-08-08,ST Book,available,1000,True,True,True
206483801,"Kinh Nghiệm Các Nước Trên Thế Giới Về Sự Độc Lập Của Tòa Án, Một Số Gợi Mở Cho Việt Nam (Sách chuyên khảo)",110000,110000,0,0.0,0,15,,Nhà Xuất Bản Khoa Học Xã Hội,Nhà Xuất Bản Khoa Học Xã Hội,,Bìa gập,336,2022-11-21,VIETNAMBOOK,available,1000,True,True,True
273785856,Tự Truyện Benjamin Franklin - Bản Quyền,109000,109000,0,0.0,0,0,,Alphabooks,Nhà Xuất Bản Lao Động,,,,,info book,available,1000,True,True,True
263291698,As One Is - Như Ta Là,88000,88000,0,0.0,0,0,J. Krishnamurti,AZ Việt Nam,Nhà Xuất Bản Dân Trí,,Bìa mềm,176,2023-06-17,Nhà Sách Vĩnh Thụy,available,1000,True,True,True
209273858,Sách Người châu Á có biết tư duy? - Alphabooks - BẢN QUYỀN,169000,169000,0,0.0,0,0,,Alphabooks,Nhà Xuất Bản Thế Giới,,,,,info book,available,1000,True,True,True
195547459,Sách: Quăng Mình Vào Chốn Thiền Môn Tập 02 – Hành Trình Cùng Báo Giác Ngộ,83000,83000,0,0.0,0,0,,Sách điện tử Thái Hà,Nhà Xuất Bản Hà Nội,,,,,info book,available,1000,True,True,True
58162991,Chủ Quyền Quốc Gia Trong Quá Trình Hội Nhập Của Liên Minh Châu Âu (Sách chuyên khảo),62000,62000,0,5.0,8,40,,NXB Khoa Học Xã Hội,Nhà Xuất Bản Khoa Học Xã Hội,,Bìa mềm,,2020-07-15,VIETNAMBOOK,available,1000,True,True,True
253265746,Sách - Sự Va Chạm Giữa Các Nền Văn Minh Và Sự Tái Lập Trật Tự Thế Giới (Bìa Cứng) 289K,289000,289000,0,0.0,0,0,Samuel P. Huntington,Công ty Cổ phần Sách Omega Việt Nam,Nhà Xuất Bản Tri Thức,,Bìa cứng,560,2023-04-01,info book,available,1000,True,True,True
273667734,Hệ Sinh Thái Khởi Nghiệp Ở Nhật Bản Và Hàn Quốc (Sách chuyên khảo),160000,160000,0,5.0,1,5,,Nhà Xuất Bản Khoa Học Xã Hội,Nhà Xuất Bản Khoa Học Xã Hội,,Bìa mềm tay gấp,488,2023-12-19,VIETNAMBOOK,available,1000,True,True,True
209867702,Trên Đường Đến Những Chuẩn Mực Khoa Học - Bản Quyền,159000,159000,0,0.0,0,0,,Alphabooks,Nhà Xuất Bản Hà Nội,,,,,HỆ THỐNG NHÀ SÁCH ABC,available,1000,True,True,True
213969504,Nền tảng chung - Justin Trudeau,152000,152000,0,0.0,0,0,Justin Trudeau,NXB Trẻ,NXB Trẻ,,,320,,FishingBook,available,1000,True,True,True
275965658,Sách Đồng Tiền Lên Ngôi: Lịch Sử Tài Chính Thế Giới - Niall Ferguson - Tủ Sách Nền Tảng Đổi Đời Trung Nguyên Legend,259000,259000,0,5.0,2,2,Niall Ferguson,Nhà Xuất Bản Hà Nội,Omega Plus,,Bìa mềm,630,2022-07-27,Trung Nguyên Legend Official,available,1000,True,True,True
137136470,Tôn Giáo - Khái Lược Những Tư Tưởng Lớn,390000,390000,0,0.0,0,0,,Công Ty Cổ Phần Văn Hóa Đông A,Nhà Xuất Bản Dân Trí,,Bìa mềm,,,FishingBook,available,1000,True,True,True
275967374,Sách Lược Sử Loài Người - Yuval Noah Harari - Tủ Sách Nền Tảng Đổi Đời Trung Nguyên Legend,299000,299000,0,0.0,0,1,Yuval Noah Harari,Nhà Xuất Bản Tri Thức,Omega Plus,,Bìa mềm,632,2022-07-28,Trung Nguyên Legend Official,available,1000,True,True,True
209298723,Định mệnh chiến tranh - Bản Quyền,246000,246000,0,0.0,0,0,,Alphabooks,Nhà Xuất Bản Hà Nội,,,,,info book,available,1000,True,True,True
263584290,Định mệnh chiến tranh,246000,246000,0,0.0,0,0,Graham Allison,Alphabooks,Nhà Xuất Bản Hà Nội,,Bìa mềm,520,,info book,available,1000,True,True,True
276753994,Sách Luật Cơ Quan Đại Diện Nước Cộng Hòa Xã Hội Chủ Nghĩa Việt Nam Ở Nước Ngoài 2009 (Sửa Đổi Bổ Sung Năm 2017),14000,14000,0,0.0,0,0,Quốc hội,NXB Chính Trị Quốc Gia Sự Thật,Nhà Xuất Bản Chính Trị Quốc Gia Sự Thật,,Bìa mềm,44,,Hiệu Sách Tự Do,available,1000,True,True,True
209902428,Phan Văn Khải: Những hồi ức đặc biệt - Bản Quyền,148000,148000,0,5.0,1,1,,Alphabooks,Nhà Xuất Bản Thế Giới,,,,,Gooda Official,available,1000,True,True,True
275906249,Phát Triển Doanh Nghiệp Khu Vực Kinh Tư Nhân Vùng Tây Nam Bộ Trong Bối Cảnh Mới - PGS.TS. Vũ Hùng Cường (Chủ biên),250000,250000,0,0.0,0,1,,Nhà Xuất Bản Khoa Học Xã Hội,Nhà Xuất Bản Khoa Học Xã Hội,,Bìa cứng,376,,VIETNAMBOOK,available,1000,True,True,True
189234599,Thanh Niên Với Vai Trò Bảo Vệ Quốc Phòng và An Ninh Của Tổ Quốc Việt Nam Xã Hội Chủ Nghĩa,200000,200000,0,0.0,0,2,,Nhà Sách Dân Hiền,Nhà Xuất Bản Công An Nhân Dân,,Bìa mềm,567,2022-04-30,Luatvietbook,available,1000,True,True,True
279175674,"Văn Hóa, Tăng Trưởng Kinh Tế Và Dịch Chuyển Quyền Lực Giữa Các Quốc Gia - Sự Cạnh Tranh Giữa Hoa Kỳ Và Trung Quốc",238000,238000,0,0.0,0,2,Steve Chan,Omega Plus,Nhà Xuất Bản Chính Trị Quốc Gia Sự Thật,,Bìa mềm,400,2026-02-11,Nhà sách NetaBooks,available,1000,True,True,True
197500058,Cho Đất Nước Đi Lên  - Phương Nam,199000,199000,0,0.0,0,1,Thích Nhất Hạnh,Phương Nam Book,Nhà Xuất Bản Đại Học Quốc Gia Hà Nội,,,368,2019-09-20,Alpha Books Official,available,1000,True,True,True
272310297,Sách Những Quy Luật Của Bản Chất Con Người,300000,300000,0,0.0,0,0,Robert Greene,Công ty cổ phần đầu tư và phát triển giáo dục quốc tế Á Châu,NXB Trẻ,,Bìa mềm,892,2020-09-16,HỆ THỐNG NHÀ SÁCH ABC,available,1000,True,True,True
276080639,Dầu Và Máu (AL),199000,249000,20,0.0,0,0,Bradley Hope,Alpha Books,Nhà Xuất Bản Thế Giới,,Bìa mềm,378,,Sống Official,available,1000,True,True,True
273467829,Trạm Đọc | Cộng Hòa - Plato,239000,299000,20,0.0,0,0,Plato,Công ty Cổ phần Sách Omega Việt Nam,Nhà Xuất Bản Thế Giới,,Bìa mềm,,,Omega Plus Books,available,1000,True,True,True
188751730,Các Tổng Bí Thư Thế Hệ Tiền Bối Của Đảng Ta (1930-1990),180000,180000,0,0.0,0,1,,NXB Thông Tin Và truyền Thông,Nhà Xuất Bản Thông Tin Và Truyền Thông,,Bìa mềm,416,,Bảo Châu Books,available,1000,True,True,True
262394059,Tính Chuyên Chế Của Chế Độ Nhân Tài,259000,259000,0,0.0,0,0,Michael Sandel,Công ty Cổ phần Sách Omega Việt Nam,Nhà Xuất Bản Tri Thức,,Bìa mềm,,,info book,available,1000,True,True,True
276739562,Sách - Bài Học Về Lòng Biết Ơn - Sự Ấm Áp Của Tình Người - VIETNAMBOOK,75000,75000,0,0.0,0,0,,Vinabook JSC,Nhà Xuất Bản Hồng Đức,,,,,Bamboo Books,available,1000,True,True,True
276738963,Sách - Những Bức Thư Và Ký Ức - Marian Tkachev - VIETNAMBOOK,163000,163000,0,0.0,0,0,,Vinabook JSC,Nhà Xuất Bản Hồng Đức,,,,,Bamboo Books,available,1000,True,True,True
276739539,Sách - Người Ba Lần Mưu Sát Ngô Đình Diệm - Nông Huyền Sơn - VIETNAMBOOK,120000,120000,0,0.0,0,0,,Vinabook JSC,Nhà Xuất Bản Hồng Đức,,,,,Bamboo Books,available,1000,True,True,True
276739519,Sách - Quân Đội Mỹ - Những Bí Mật Bạn Chưa Biết - VIETNAMBOOK,160000,160000,0,0.0,0,1,,Vinabook JSC,Nhà Xuất Bản Hồng Đức,,,,,Bamboo Books,available,1000,True,True,True
276739597,"Sách - Chủ Tịch Hồ Chí Minh Với Cuộc Hành Trình Của Thời Đại: Giá Trị, Ý Nghĩa Và Sự Trường Tồn Của Bản Di Chúc Lịch Sử",102000,102000,0,0.0,0,0,,Vinabook JSC,Nhà Xuất Bản Hồng Đức,,,,,Bamboo Books,available,1000,True,True,True
276740331,Sách - Những Tài Danh Âm Nhạc Việt Nam - Nguyễn Xuân Khoát - Nguyễn Thụy Kha - VIETNAMBOOK,56000,56000,0,0.0,0,0,,Vinabook JSC,Nhà Xuất Bản Hồng Đức,,,,,Bamboo Books,available,1000,True,True,True
276740297,Sách - Chủ Tịch Hồ Chí Minh Với Cuộc Hành Trình Của Thời Đại - Về Với Cội Nguồn Dân Tộc - VIETNAMBOOK,108000,108000,0,0.0,0,0,,Vinabook JSC,Nhà Xuất Bản Hồng Đức,,,,,Bamboo Books,available,1000,True,True,True
276740408,Sách - Tìm Hiểu Văn Hóa  Thái Lan - VIETNAMBOOK,88000,88000,0,0.0,0,0,,Vinabook JSC,Nhà Xuất Bản Hồng Đức,,,,,Bamboo Books,available,1000,True,True,True
276740351,Sách - Chủ Tịch Hồ Chí Minh Với Nước Mỹ - VIETNAMBOOK,111000,111000,0,0.0,0,1,,Vinabook JSC,Nhà Xuất Bản Hồng Đức,,,,,Bamboo Books,available,1000,True,True,True
276740398,Sách - Quan Thái Giám Trong Hoàng Cung Việt - Tủ Sách Truyền Thống - Phạm Minh Thảo - VIETNAMBOOK,122000,122000,0,0.0,0,0,,Vinabook JSC,Nhà Xuất Bản Hồng Đức,,,,,Bamboo Books,available,1000,True,True,True
276834073,Sách - Digital Marketing Dành Cho Người Mới - Benjamin Sweeney - Pace Books,295000,295000,0,0.0,0,0,,Viện Quản lý PACE,Nhà Xuất Bản Tổng hợp TP.HCM,,,,,Bamboo Books,available,1000,True,True,True
276738833,Sách - Học Giả Đào Duy Anh - Kiều Mai Sơn & Lê Xuân Kiều - VIETNAMBOOK,145000,145000,0,0.0,0,0,,Vinabook JSC,Nhà Xuất Bản Hồng Đức,,,,,Bamboo Books,available,1000,True,True,True
276738800,"Sách - Các Vị Trạng Nguyên, Bảng Nhãn, Thám Hoa Qua Các Triều Đại Phong Kiến Việt Nam - VIETNAMBOOK",220000,220000,0,0.0,0,0,,Vinabook JSC,Nhà Xuất Bản Hồng Đức,,,,,Bamboo Books,available,1000,True,True,True
276740357,Sách - Đặc Trưng Văn Hóa Vùng Bắc Trung Bộ - Nguyễn Ngọc Thanh - VIETNAMBOOK,136000,136000,0,0.0,0,0,,Vinabook JSC,Nhà Xuất Bản Hồng Đức,,,,,Bamboo Books,available,1000,True,True,True
276740325,Sách - Nghiên Cứu Văn Học Việt Nam - Những Khả Năng Và Thách Thức - VIETNAMBOOK,269000,269000,0,0.0,0,0,,Vinabook JSC,Nhà Xuất Bản Hồng Đức,,,,,Bamboo Books,available,1000,True,True,True
276740295,"Sách - Chủ Tịch Hồ Chí Minh Với Cuộc Hành Trình Của Thời Đại - Dĩ Bất Biến, Ứng Vạn Biến - VIETNAMBOOK",129000,129000,0,0.0,0,2,,Vinabook JSC,Nhà Xuất Bản Hồng Đức,,,,,Bamboo Books,available,1000,True,True,True
276740355,Sách - Đặc Trưng Văn Hóa Vùng Đồng Bằng Sông Hồng - VIETNAMBOOK,130000,130000,0,0.0,0,0,,Vinabook JSC,Nhà Xuất Bản Hồng Đức,,,,,Bamboo Books,available,1000,True,True,True
276740369,Sách - Phong Thủy Cổ Truyền Với Vẻ Đẹp Của Kiến Trúc Hiện Đại - Nguyễn Bích Hằng - VIETNAMBOOK,99000,99000,0,0.0,0,0,,Vinabook JSC,Nhà Xuất Bản Hồng Đức,,,,,Bamboo Books,available,1000,True,True,True
273567107,Trạm Đọc | Nguồn Gốc Trật Tự Chính Trị,339000,339000,0,0.0,0,0,Francis Fukuyama,Công ty Cổ phần Sách Omega Việt Nam,Nhà Xuất Bản Tri Thức,,Bìa mềm,740,,Nhà Sách Vĩnh Thụy,available,1000,True,True,True
273729026,Tuyến Lợi Thế - Chiến Lược Lớn Của Nhật Bản Trong Kỷ Nguyên Abe Shinzo,197000,197000,0,0.0,0,0,,NXB Chính Trị Quốc Gia,Nhà Xuất Bản Chính Trị Quốc Gia Sự Thật,,,,,Bamboo Books,available,1000,True,True,True
276736315,Sách - Việt Sử - Duyên Phận Giữa Đời Thường - Lê Thái Dũng - VIETNAMBOOK,77000,77000,0,0.0,0,0,,Vinabook JSC,Nhà Xuất Bản Hồng Đức,,,,,Bamboo Books,available,1000,True,True,True
276736363,Sách - Chủ Tịch Hồ Chí Minh Với Cách Mạng Tháng Tám Và Chiến Dịch Điện Biên Phủ - Đỗ Hoàng Linh - VIETNAMBOOK,108000,108000,0,0.0,0,0,,Vinabook JSC,Nhà Xuất Bản Hồng Đức,,,,,Bamboo Books,available,1000,True,True,True
276797545,Sách - Tiền Bạc Bạc Tiền - Hồ Biểu Chánh - NXB Tổng Hợp,115000,115000,0,0.0,0,1,,Nhà Xuất Bản Tổng Hợp TPHCM,Nhà Xuất Bản Tổng hợp TP.HCM,,,,,Bamboo Books,available,1000,True,True,True
128711543,Sách - 33 Chiến Lược Của Chiến Tranh,215000,215000,0,0.0,0,0,,NXB Trẻ,NXB Trẻ,,,,,HỆ THỐNG NHÀ SÁCH ABC,available,1000,True,True,True
3620873,Chế độ kế toán hành chính sự nghiệp (Ban hành theo thông tư 107/2017/TT-BTC ngày 10/10/2017 của Bộ tài chính) ,350000,350000,0,0.0,0,0,,Đông Nam,Nhà Xuất Bản Lao Động,,Bìa mềm,610,2018-08-05,HaAnBooks,available,1000,True,True,True
73475125,Trách Nhiệm Bồi Thường Thiệt Hại Do Tài Sản Gây Ra (Sách Chuyên Khảo),100000,100000,0,5.0,2,4,,Nhà Sách Dân Hiền,Nhà Xuất Bản Công An Nhân Dân,,Bìa mềm,304,,HaAnBooks,available,1000,True,True,True
251999874,TWI - Bí Quyết Ẩn Sau Thành Công Của Các Siêu Cường Quốc - 	Lê Thị Hoàng Anh,369000,369000,0,0.0,0,0,Lê Thị Hoàng Anh,Thái Hà,Nhà Xuất Bản Thế Giới,,Bìa mềm,372,,Bamboo Books,available,1000,True,True,True
251533669,Cuốn sách: Bàn Cờ Lớn,159000,159000,0,0.0,0,0,,Alphabooks,Nhà Xuất Bản Hà Nội,,,,,HỆ THỐNG NHÀ SÁCH ABC,available,1000,True,True,True
274894553,SỰ TRẢ THÙ CỦA QUYỀN LỰC - Moisés Naím - Nguyễn Vân Hà dịch (bìa mềm),189000,189000,0,0.0,0,0,Moisés Naím,Bách Việt,Nhà Xuất Bản Tổng hợp TP.HCM,,Bìa mềm,384,2024-04-30,Bamboo Books,available,1000,True,True,True
205883930,Sự Suy Tàn Của Quyền Lực,159000,159000,0,0.0,0,0,,Thái Hà Book,Nhà Xuất Bản Đại Học Quốc Gia Hà Nội,,Bìa mềm,464,2022-11-03,Bamboo Books,available,1000,True,True,True
197516083,Sự Trỗi Dậy Và Suy Tàn Của Các Cường Quốc - Alpha,567000,567000,0,0.0,0,0,,Alpha Books,Nhà Xuất Bản Đại Học Quốc Gia Hà Nội,,,944,2022-09-06,info book,available,1000,True,True,True
263303956,Con Đường Bay Qua Lằn Ranh Sinh Diệt,142000,142000,0,0.0,0,0,Nguyễn Phúc Bửu Sum,Cty Sách Tao Đàn,Nhà Xuất Bản Hội Nhà Văn,,,,,SÁCH ĐẠI NAM,available,1000,True,True,True
277723274,Sách - Thư Vào Nam (Lê Duẩn),112000,112000,0,0.0,0,1,Lê Duẩn,Công ty TNHH TM & DV Văn Hóa Hương Trang,Nhà Xuất Bản Chính Trị Quốc Gia Sự Thật,,Bìa mềm,404,,Sách Hay Cho Bạn,available,1000,True,True,True
271434953,MỘT LÝ THUYẾT VỀ CÔNG LÝ - John Rawls – Omegaplus,468000,468000,0,0.0,0,0,,Omega Plus,Nhà Xuất Bản Tri Thức,,Bìa mềm,748,,info book,available,1000,True,True,True
270234084,"Nâng Cao Năng Lực Lãnh Đạo Và Sức Chiến Đấu Của Đảng, Phát Huy Sức Mạnh Toàn Dân Tộc, Tiếp Tục Đẩy Mạnh Toàn Diện Công Cuộc Đổi Mới Đất Nước - Lê Hồng Anh (Bộ 2 tập bìa cứng)",680000,680000,0,0.0,0,0,,An Nam Books,Nhà Xuất Bản Chính Trị Quốc Gia Sự Thật,,Bìa cứng,1360,2023-06-28,SÁCH ĐẠI NAM,available,1000,True,True,True
127032731,Sách-Nhật Ký Phi Công Tiêm Kích,185000,185000,0,0.0,0,1,,NXB Trẻ,NXB Trẻ,,,,,HỆ THỐNG NHÀ SÁCH ABC,available,1000,True,True,True
255406754,Aung San Suu Kyi Sợ Hãi và Tự Do - Bản Quyền,168000,168000,0,0.0,0,0,,First News - Trí Việt,Nhà Xuất Bản Hồng Đức,,,,,Nhà Sách Vĩnh Thụy,available,1000,True,True,True
249764312,Tủ Sách Đời Người : Khuyến Học,129000,129000,0,0.0,0,0,Fukuzawa Yukichi,Công ty Cổ phần Sách Omega Việt Nam,Nhà Xuất Bản Thế Giới,,Bìa mềm,,,Nhà sách NetaBooks,available,1000,True,True,True
248978435,Quyền Lập Pháp_AL,229000,229000,0,5.0,1,1,Nguyễn Đăng Dung,Alpha Books,Nhà Xuất Bản Hà Nội,,Bìa mềm,356,,info book,available,1000,True,True,True
90619021,Sách Người Xô Viết Đã Chiến Đấu Vì Điều Gì,230000,230000,0,0.0,0,0,Alexander Dyukov,NXB Trẻ,NXB Trẻ,,Bìa mềm,448,2021-04-01,FishingBook,available,1000,True,True,True
276735791,Sách - Thoát Khỏi Địa Ngục Khmer Đỏ - Hồi Ký Của Một Người Còn Sống - NXB Chính Trị Quốc Gia,73000,73000,0,0.0,0,0,,NXB Chính Trị Quốc Gia Sự Thật,Nhà Xuất Bản Chính Trị Quốc Gia Sự Thật,,,,,Bamboo Books,available,1000,True,True,True
273850775,Triết Lí Về Con Người - Quan Điểm Về Đạo Đức,39200,40000,2,0.0,0,3,Nguyễn Phúc Vĩnh Đễ,Nhà Xuất Bản Kim Đồng,Nhà Xuất Bản Kim Đồng,,,,,Nhà sách Fahasa,available,1000,True,True,True
229725709,Quyền Lập Pháp : Theo Tinh Thần Của Hiến Pháp Năm 2013,183000,229000,20,5.0,1,1,GS. TS Nguyễn Đăng Dung,CÔNG TY CỔ PHẦN OMETA,Nhà Xuất Bản Hà Nội,,Bìa mềm,356,,Alpha Books Official,available,1000,True,True,True
270173323,"Xây Dựng Nền Công Vụ Liên Thông, Thống Nhất, Chuyên Nghiệp, Trách Nhiệm, Năng Động Và Thực Tài",180100,198000,9,5.0,1,1,,NXB Chính Trị Quốc Gia,Nhà Xuất Bản Chính Trị Quốc Gia Sự Thật,,,,,Nhà sách Fahasa,available,1000,True,True,True
198889577,Những Nhà Tư Tưởng Lớn - Wittgenstein In 60 Minuten - Wittgenstein Trong 60 Phút,89300,95000,6,0.0,0,1,Walther Ziegler,Cty Văn Hóa Văn Lang,hong duc,,,,,Nhà sách Fahasa,available,1000,True,True,True
276831463,Sách - IS Sự Quay Trở Lại Của Lịch Sử - NXB Chính Trị Quốc Gia,52000,52000,0,0.0,0,0,,NXB Chính Trị Quốc Gia Sự Thật,Nhà Xuất Bản Chính Trị Quốc Gia Sự Thật,,,,,Bamboo Books,available,1000,True,True,True
254132158,Sinh Tồn Của Đô Thị,225000,300000,25,0.0,0,5,,Fahasa,Nhà Xuất Bản Đà Nẵng,,,,,Nhà sách Fahasa,available,1000,True,True,True
531695,Sách Quốc Hội Khóa 6 - Chuyện Về Kỳ Họp Thứ Nhất (Tập 5),38000,40000,5,0.0,0,0,Hà Minh Hồng - Trần Thuận,NXB Tổng Hợp,Nhà Xuất Bản Tổng hợp TP.HCM,,Bìa mềm,141,2016-07-29,Nhà sách Fahasa,available,1000,True,True,True
171581090,10 Bài Học Cho Thế Giới Hậu Đại Dịch - Ten Lessons For A Post-Pandemic World,182400,190000,4,0.0,0,1,Fareed Zakaria,NXB Trẻ,NXB Trẻ,,,,,Nhà sách Fahasa,available,1000,True,True,True
225195107,Những Vấn Đề Thiết Yếu Trong Triết Đông,232000,290000,20,0.0,0,4,Lý Minh Tuấn,Cty Văn Hóa Hương Trang,hong duc,,,,,Nhà sách Fahasa,available,1000,True,True,True
247938838,Minh Đạo Nhân Sinh,96200,148000,35,0.0,0,12,"Michael Puett,  Christine Gross Loh",FIRST NEWS,Nhà Xuất Bản Tổng hợp TP.HCM,,,,,Nhà sách Fahasa,available,1000,True,True,True
171874355,Giải Mã Quyền Lực Mềm Hoa Kỳ Dưới Thời Barack Obama,111000,139000,20,0.0,0,15,Ngô Thị Bích Lan,Alphabooks,Nhà Xuất Bản Thế Giới,,Bìa mềm,280,2022-03-24,Alpha Books Official,available,1000,True,True,True
227756856,"Nguy Cơ Đe Dọa Đến An Ninh Con Người Tại Việt Nam Và Những Vấn Đề Đặt Ra Đối Với Công Tác Phòng Ngừa, Ngăn Chặn (Sách chuyên khảo)",105000,105000,0,5.0,4,16,,Nhà Xuất Bản Công An Nhân Dân,Nhà Xuất Bản Công An Nhân Dân,,Bìa mềm,288,2023-02-22,VIETNAMBOOK,available,1000,True,True,True
276735533,Sách - Điều Lệ Mặt Trận Tổ Quốc Việt Nam - NXB Chính Trị Quốc Gia,19000,19000,0,0.0,0,0,,NXB Chính Trị Quốc Gia Sự Thật,Nhà Xuất Bản Chính Trị Quốc Gia Sự Thật,,,,,Bamboo Books,available,1000,True,True,True
276735727,"Sách - Kiên Quyết, Kiên Trì Đấu Tranh Phòng, Chống Tham Nhũng, Tiêu Cực, Góp Phần Xây Dựng Đảng Và Nhà Nước Ta Ngày Càng Trong Sạch, Vững Mạnh",373000,373000,0,0.0,0,0,,NXB Chính Trị Quốc Gia Sự Thật,Nhà Xuất Bản Chính Trị Quốc Gia Sự Thật,,,,,Bamboo Books,available,1000,True,True,True
276735646,Sách - Giới Thiệu Tác Phẩm Bút Ký Triết Học Của V.I.Lênin - NXB Chính Trị Quốc Gia,37000,37000,0,0.0,0,0,,NXB Chính Trị Quốc Gia Sự Thật,Nhà Xuất Bản Chính Trị Quốc Gia Sự Thật,,,,,Bamboo Books,available,1000,True,True,True
276735789,Sách - Nghề Luật Và Cơ Hội Nghề Nghiệp Cho Người Học Luật - NXB Chính Trị Quốc Gia,54000,54000,0,0.0,0,0,,NXB Chính Trị Quốc Gia Sự Thật,Nhà Xuất Bản Chính Trị Quốc Gia Sự Thật,,,,,Bamboo Books,available,1000,True,True,True
276735551,Sách - Chơi Đến Cùng - Tình Báo Mỹ Trong Kỷ Nguyên Khủng Bố - NXB Chính Trị Quốc Gia,279000,279000,0,0.0,0,0,,NXB Chính Trị Quốc Gia Sự Thật,Nhà Xuất Bản Chính Trị Quốc Gia Sự Thật,,,,,Bamboo Books,available,1000,True,True,True
276740301,"Sách - Hồ Chí Minh Với Cuộc Hành Trình Của Thời Đại - Hồ Chí Minh Và Những Biểu Tượng Truyền Thống Văn Hoá, Con Người",118000,118000,0,0.0,0,1,,Vinabook JSC,Nhà Xuất Bản Hồng Đức,,,,,Bamboo Books,available,1000,True,True,True
276735481,Sách - Luật Hoạt Động Giám Sát Của Quốc Hội Và Hội Đồng Nhân Dân - NXB Chính Trị Quốc Gia,33000,33000,0,0.0,0,0,,NXB Chính Trị Quốc Gia Sự Thật,Nhà Xuất Bản Chính Trị Quốc Gia Sự Thật,,,,,Bamboo Books,available,1000,True,True,True
276735755,Sách - Vừa Đi Đường Vừa Kể Chuyện - NXB Chính Trị Quốc Gia,34000,34000,0,0.0,0,2,,NXB Chính Trị Quốc Gia Sự Thật,Nhà Xuất Bản Chính Trị Quốc Gia Sự Thật,,,,,Bamboo Books,available,1000,True,True,True
276735483,Sách - Quyền Của Người Khuyết Tật (Sách Tham Khảo) - NXB Chính Trị Quốc Gia,164000,164000,0,0.0,0,0,,NXB Chính Trị Quốc Gia Sự Thật,Nhà Xuất Bản Chính Trị Quốc Gia Sự Thật,,,,,Bamboo Books,available,1000,True,True,True
276735425,Sách - Thủy Quân Triều Nguyễn (1802 - 1884) - NXB Chính Trị Quốc Gia,98000,98000,0,0.0,0,1,,NXB Chính Trị Quốc Gia Sự Thật,Nhà Xuất Bản Chính Trị Quốc Gia Sự Thật,,,,,Bamboo Books,available,1000,True,True,True
276735631,Sách - Luật Khiếu Nại (Hiện Hành) - NXB Chính Trị Quốc Gia,24000,24000,0,0.0,0,0,,NXB Chính Trị Quốc Gia Sự Thật,Nhà Xuất Bản Chính Trị Quốc Gia Sự Thật,,,,,Bamboo Books,available,1000,True,True,True
276735805,"Sách - Cả Nước Đồng Lòng, Tranh Thủ Mọi Thời Cơ, Vượt Qua Mọi Khó Khăn, Thách Thức, Quyết Tâm Thực Hiện Thắng Lợi - NXB Chính Trị Quốc Gia",185000,185000,0,0.0,0,0,,NXB Chính Trị Quốc Gia Sự Thật,Nhà Xuất Bản Chính Trị Quốc Gia Sự Thật,,,,,Bamboo Books,available,1000,True,True,True
276735815,Sách - Sài Gòn - Sách Tham Khảo - NXB Chính Trị Quốc Gia,188000,188000,0,0.0,0,0,,NXB Chính Trị Quốc Gia Sự Thật,Nhà Xuất Bản Chính Trị Quốc Gia Sự Thật,,,,,Bamboo Books,available,1000,True,True,True
276735510,Sách - Luật Lực Lượng Dự Bị Động Viên - NXB Chính Trị Quốc Gia,14000,14000,0,0.0,0,1,,NXB Chính Trị Quốc Gia Sự Thật,Nhà Xuất Bản Chính Trị Quốc Gia Sự Thật,,,,,Bamboo Books,available,1000,True,True,True
276735537,Sách - So Sánh Luật Doanh Nghiệp Năm 2020 Với Luật Doanh Nghiệp Năm 2014 - NXB Chính Trị Quốc Gia,132000,132000,0,0.0,0,0,,NXB Chính Trị Quốc Gia Sự Thật,Nhà Xuất Bản Chính Trị Quốc Gia Sự Thật,,,,,Bamboo Books,available,1000,True,True,True
276746074,Sách - Luật Xuất Bản (Hiện Hành) - NXB Chính Trị Quốc Gia Sự Thật,30000,30000,0,0.0,0,0,,NXB Chính Trị Quốc Gia Sự Thật,Nhà Xuất Bản Chính Trị Quốc Gia Sự Thật,,,,,Bamboo Books,available,1000,True,True,True
276746056,"Sách - Luật Trật Tự, An Toàn Giao Thông Đường Bộ Năm 2024 - NXB Chính Trị Quốc Gia",37000,37000,0,0.0,0,1,,NXB Chính Trị Quốc Gia Sự Thật,Nhà Xuất Bản Chính Trị Quốc Gia Sự Thật,,,,,Bamboo Books,available,1000,True,True,True
276746040,Sách - Luật Người Lao Động Việt Nam Đi Làm Việc Ở Nước Ngoài Theo Hợp Đồng - NXB Chính Trị Quốc Gia,23000,23000,0,0.0,0,0,,NXB Chính Trị Quốc Gia Sự Thật,Nhà Xuất Bản Chính Trị Quốc Gia Sự Thật,,,,,Bamboo Books,available,1000,True,True,True
276746028,"Sách - Luật Thể Dục Thể Thao (Hiện Hành) (Sửa Đổi, Bổ Sung Năm 2018) - NXB Chính Trị Quốc Gia",17000,17000,0,0.0,0,0,,NXB Chính Trị Quốc Gia Sự Thật,Nhà Xuất Bản Chính Trị Quốc Gia Sự Thật,,,,,Bamboo Books,available,1000,True,True,True
37134911,Combo 2 tập Hồi Ký Lý Quang Diệu (Câu Chuyện Singapore + Từ Thế Giới Thứ Ba Vươn Lên Thứ Nhất) Tặng Kèm Bookmark Tuyệt Đẹp ,686000,858000,20,0.0,0,1,Lý Quang Diệu,Alphabooks,,,Bìa mềm,,,Alpha Books Official,available,1000,True,True,True
37134820,Hồi Ký Lý Quang Diệu I: Câu Chuyện Singapore ( Tặng Kèm Bookmark Tuyệt Đẹp ),319000,399000,20,0.0,0,1,Lý Quang Diệu,Alphabooks,Nhà Xuất Bản Thế Giới,,Bìa mềm,,,Alpha Books Official,available,1000,True,True,True
36701059,Combo 2 tập Hồi Ký Lý Quang Diệu (Câu Chuyện Singapore + Từ Thế Giới Thứ Ba Vươn Lên Thứ Nhất) - Quà Tặng Tickbook,686000,858000,20,0.0,0,0,Lý Quang Diệu,Alphabooks,,,Bìa mềm,,,Alpha Books Official,available,1000,True,True,True
276797951,Sách - Tài Liệu Bồi Dưỡng Nghiệp Vụ Công Tác Đảng Dành Cho Bí Thư Chi Bộ Và Cấp Ủy Viên Cơ Sở - NXB Chính Trị Quốc Gia,65000,65000,0,0.0,0,0,,NXB Chính Trị Quốc Gia Sự Thật,Nhà Xuất Bản Chính Trị Quốc Gia Sự Thật,,,,,Bamboo Books,available,1000,True,True,True
276735401,Sách - Về Đạo Cơ Đốc - NXB Chính Trị Quốc Gia,45000,45000,0,0.0,0,0,,NXB Chính Trị Quốc Gia Sự Thật,Nhà Xuất Bản Chính Trị Quốc Gia Sự Thật,,,,,Bamboo Books,available,1000,True,True,True
276735584,"Sách - Sổ Tay Kỹ Năng, Nghiệp Vụ Dành Cho Công Chức Văn Phòng - Thống Kê Cấp Xã - NXB Chính Trị Quốc Gia",76000,76000,0,0.0,0,0,,NXB Chính Trị Quốc Gia Sự Thật,Nhà Xuất Bản Chính Trị Quốc Gia Sự Thật,,,,,Bamboo Books,available,1000,True,True,True
276735677,Sách - Pháp Luật Thừa Kế ở Việt Nam - Nhận Thức Và Áp Dụng - NXB Chính Trị Quốc Gia,273000,273000,0,0.0,0,0,,NXB Chính Trị Quốc Gia Sự Thật,Nhà Xuất Bản Chính Trị Quốc Gia Sự Thật,,,,,Bamboo Books,available,1000,True,True,True
276735723,"Sách - Luật Thi Hành Tạm Giữ, Tạm Giam - NXB Chính Trị Quốc Gia",31000,31000,0,0.0,0,0,,NXB Chính Trị Quốc Gia Sự Thật,Nhà Xuất Bản Chính Trị Quốc Gia Sự Thật,,,,,Bamboo Books,available,1000,True,True,True
276746011,Sách - Luật Đường Bộ Năm 2024 - NXB Chính Trị Quốc Gia,36000,36000,0,0.0,0,0,,NXB Chính Trị Quốc Gia Sự Thật,Nhà Xuất Bản Chính Trị Quốc Gia Sự Thật,,,,,Bamboo Books,available,1000,True,True,True
276735744,"Sách - Luật Phòng, Chống Rửa Tiền - NXB Chính Trị Quốc Gia",26000,26000,0,0.0,0,0,,NXB Chính Trị Quốc Gia Sự Thật,Nhà Xuất Bản Chính Trị Quốc Gia Sự Thật,,,,,Bamboo Books,available,1000,True,True,True
276746017,"Sách - Luật Giám Định Tư Pháp (Hiện Hành) (Sửa Đổi, Bổ Sung Năm 2018, 2020) - NXB Chính Trị Quốc Gia",31000,31000,0,0.0,0,0,,NXB Chính Trị Quốc Gia Sự Thật,Nhà Xuất Bản Chính Trị Quốc Gia Sự Thật,,,,,Bamboo Books,available,1000,True,True,True
276735453,Sách - Học Chủ Tịch Hồ Chí Minh - Chúng Ta Học Gì - NXB Chính Trị Quốc Gia,40000,40000,0,0.0,0,1,,NXB Chính Trị Quốc Gia Sự Thật,Nhà Xuất Bản Chính Trị Quốc Gia Sự Thật,,,,,Bamboo Books,available,1000,True,True,True
276740376,Sách - Người Máy Thông Minh - Ứng Dụng Cơ Bản - VIETNAMBOOK,86000,86000,0,0.0,0,1,,Vinabook JSC,Nhà Xuất Bản Hồng Đức,,,,,Bamboo Books,available,1000,True,True,True
276735561,Sách - Đánh Giá Công Chức Theo Kết Quả Thực Thi Công Vụ - NXB Chính Trị Quốc Gia,79000,79000,0,0.0,0,0,,NXB Chính Trị Quốc Gia Sự Thật,Nhà Xuất Bản Chính Trị Quốc Gia Sự Thật,,,,,Bamboo Books,available,1000,True,True,True
276735521,Sách - Luật Người Lao Động Việt Nam Đi Làm Việc ở Nước Ngoài Theo Hợp Đồng - NXB Chính Trị Quốc Gia,21000,21000,0,0.0,0,0,,NXB Chính Trị Quốc Gia Sự Thật,Nhà Xuất Bản Chính Trị Quốc Gia Sự Thật,,,,,Bamboo Books,available,1000,True,True,True
276735729,"Sách - Luật Giám Định Tư Pháp (Hiện Hành) (Sửa Đổi, Bổ Sung Năm 2018, 2020) - NXB Chính Trị Quốc Gia",31000,31000,0,0.0,0,7,,NXB Chính Trị Quốc Gia Sự Thật,Nhà Xuất Bản Chính Trị Quốc Gia Sự Thật,,,,,Bamboo Books,available,1000,True,True,True
276746060,"Sách - Luật Tổ Chức Quốc Hội (Hiện Hành) (Sửa Đổi, Bổ Sung Năm 2020) - NXB Chính Trị Quốc Gia",23000,23000,0,0.0,0,1,,NXB Chính Trị Quốc Gia Sự Thật,Nhà Xuất Bản Chính Trị Quốc Gia Sự Thật,,,,,Bamboo Books,available,1000,True,True,True
276735444,Sách - Đổi Mới Sự Lãnh Đạo Của Đảng Trong Điều Kiện Xây Dựng Nhà Nước Pháp Quyền Xã Hội Chủ Nghĩa ở Việt Nam - NXB Chính Trị Quốc Gia,116000,116000,0,0.0,0,0,,NXB Chính Trị Quốc Gia Sự Thật,Nhà Xuất Bản Chính Trị Quốc Gia Sự Thật,,,,,Bamboo Books,available,1000,True,True,True
276746008,Sách - Luật Bảo Hiểm Xã Hội Năm 2024 - NXB Chính Trị Quốc Gia,42000,42000,0,0.0,0,0,,NXB Chính Trị Quốc Gia Sự Thật,Nhà Xuất Bản Chính Trị Quốc Gia Sự Thật,,,,,Bamboo Books,available,1000,True,True,True
276745984,"Sách - Luật Phòng Cháy Và Chữa Cháy Năm 2001 (Sửa Đổi, Bổ Sung Năm 2013, 2023) - NXB Chính Trị Quốc Gia",20000,20000,0,0.0,0,0,,NXB Chính Trị Quốc Gia Sự Thật,Nhà Xuất Bản Chính Trị Quốc Gia Sự Thật,,,,,Bamboo Books,available,1000,True,True,True
276735753,Sách - Luật Phòng Thủ Quân Sự - NXB Chính Trị Quốc Gia,21000,21000,0,0.0,0,0,,NXB Chính Trị Quốc Gia Sự Thật,Nhà Xuất Bản Chính Trị Quốc Gia Sự Thật,,,,,Bamboo Books,available,1000,True,True,True
276735493,Sách - Luật Thi Hành Án Hình Sự Năm 2019 Và Nghị Định Hướng Dẫn Thi Hành - NXB Chính Trị Quốc Gia,76000,76000,0,0.0,0,0,,NXB Chính Trị Quốc Gia Sự Thật,Nhà Xuất Bản Chính Trị Quốc Gia Sự Thật,,,,,Bamboo Books,available,1000,True,True,True
276735711,Sách - Bảo Đảm Quyền Con Người Trong Thi Hành Án Phạt Tù Tại Việt Nam - NXB Chính Trị Quốc Gia,114000,114000,0,0.0,0,0,,NXB Chính Trị Quốc Gia Sự Thật,Nhà Xuất Bản Chính Trị Quốc Gia Sự Thật,,,,,Bamboo Books,available,1000,True,True,True
276735475,Sách - Nhật Ký Trong Tù - NXB Chính Trị Quốc Gia,43000,43000,0,0.0,0,2,,NXB Chính Trị Quốc Gia Sự Thật,Nhà Xuất Bản Chính Trị Quốc Gia Sự Thật,,,,,Bamboo Books,available,1000,True,True,True
276736472,Sách - Văn Hóa Văn Minh Và Văn Hóa Truyền Thống Hàn - Lê Quang Thiêm - VIETNAMBOOK,129000,129000,0,0.0,0,5,,Vinabook JSC,Nhà Xuất Bản Hồng Đức,,,,,Bamboo Books,available,1000,True,True,True
276735431,Sách - Những Điểm Mới Trong Các Nghị Quyết Hội Nghị Lần Thứ Bảy Ban Chấp Hành Trung Ương Đảng Khóa XII - NXB Chính Trị Quốc Gia,19000,19000,0,0.0,0,0,,NXB Chính Trị Quốc Gia Sự Thật,Nhà Xuất Bản Chính Trị Quốc Gia Sự Thật,,,,,Bamboo Books,available,1000,True,True,True
276735399,"Sách - Luật Thi Đua, Khen Thưởng - NXB Chính Trị Quốc Gia",36000,36000,0,0.0,0,0,,NXB Chính Trị Quốc Gia Sự Thật,Nhà Xuất Bản Chính Trị Quốc Gia Sự Thật,,,,,Bamboo Books,available,1000,True,True,True
276735447,Sách - An Ninh Con Người Trong Bối Cảnh Toàn Cầu Hoá - NXB Chính Trị Quốc Gia,77000,77000,0,0.0,0,2,,NXB Chính Trị Quốc Gia Sự Thật,Nhà Xuất Bản Chính Trị Quốc Gia Sự Thật,,,,,Bamboo Books,available,1000,True,True,True
276735577,"Sách - Xây Dựng Và Quản Trị Thành Phố Thông Minh - Bảo Đảm Các Chỉ Số An Ninh, An Sinh, An Toàn Trong Cách Mạng Công Nghiệp 4.0",170000,170000,0,0.0,0,0,,NXB Chính Trị Quốc Gia Sự Thật,Nhà Xuất Bản Chính Trị Quốc Gia Sự Thật,,,,,Bamboo Books,available,1000,True,True,True
276735509,Sách - Bác Hồ Viết Di Chúc - NXB Chính Trị Quốc Gia,50000,50000,0,0.0,0,1,,NXB Chính Trị Quốc Gia Sự Thật,Nhà Xuất Bản Chính Trị Quốc Gia Sự Thật,,,,,Bamboo Books,available,1000,True,True,True
276735529,Sách - Chân Lý Và Sự Thật - NXB Chính Trị Quốc Gia,128000,128000,0,0.0,0,2,,NXB Chính Trị Quốc Gia Sự Thật,Nhà Xuất Bản Chính Trị Quốc Gia Sự Thật,,,,,Bamboo Books,available,1000,True,True,True
276735767,"Sách - Liên Minh Sai Lầm - Ngô Đình Diệm, Mỹ Và Số Phận Nam Việt Nam - NXB Chính Trị Quốc Gia",285000,285000,0,0.0,0,0,,NXB Chính Trị Quốc Gia Sự Thật,Nhà Xuất Bản Chính Trị Quốc Gia Sự Thật,,,,,Bamboo Books,available,1000,True,True,True
276735768,Sách - Tiếp Xúc Bí Mật Việt Nam - Hoa Kỳ Trước Hội Nghị Pari  - NXB Chính Trị Quốc Gia,222000,222000,0,0.0,0,0,,NXB Chính Trị Quốc Gia Sự Thật,Nhà Xuất Bản Chính Trị Quốc Gia Sự Thật,,,,,Bamboo Books,available,1000,True,True,True
276735777,Sách - Những Phát Triển Về Lý Luận Pháp Luật Của Chủ Nghĩa Mác Tại Trung Quốc Hiện Nay - NXB Chính Trị Quốc Gia,510000,510000,0,0.0,0,0,,NXB Chính Trị Quốc Gia Sự Thật,Nhà Xuất Bản Chính Trị Quốc Gia Sự Thật,,,,,Bamboo Books,available,1000,True,True,True
276735675,Sách - Tài Liệu Hướng Dẫn Học Môn Tư Tưởng Hồ Chí Minh - Dành Cho Bậc Đại Học Hệ Không Chuyên Lý Luận Chính Trị - NXB Chính Trị Quốc Gia,44000,44000,0,5.0,1,4,,NXB Chính Trị Quốc Gia Sự Thật,Nhà Xuất Bản Chính Trị Quốc Gia Sự Thật,,,,,Bamboo Books,available,1000,True,True,True
276735683,Sách - Pháp Lệnh Xử Phạt Vi Phạm Hành Chính Đối Với Hành Vi Cản Trở Hoạt Động Tố Tụng - NXB Chính Trị Quốc Gia,25000,25000,0,0.0,0,0,,NXB Chính Trị Quốc Gia Sự Thật,Nhà Xuất Bản Chính Trị Quốc Gia Sự Thật,,,,,Bamboo Books,available,1000,True,True,True
276735681,"Sách - Cẩm Nang Hướng Dẫn Thực Hành Đại Diện Tranh Tụng Trong Vụ Án Hình Sự (Dành Cho Sinh Viên, Học Viên) - NXB Chính Trị Quốc Gia",129000,129000,0,0.0,0,0,,NXB Chính Trị Quốc Gia Sự Thật,Nhà Xuất Bản Chính Trị Quốc Gia Sự Thật,,,,,Bamboo Books,available,1000,True,True,True
276735831,Sách - Bộ Lịch Sử Quân Sự Việt Nam - Combo 14 Tập - NXB Chính Trị Quốc Gia,2500000,2500000,0,0.0,0,0,,NXB Chính Trị Quốc Gia Sự Thật,Nhà Xuất Bản Chính Trị Quốc Gia Sự Thật,,,,,Bamboo Books,available,1000,True,True,True
276746062,Sách - Luật Tổ Chức Chính Quyền Địa Phương (Hiện Hành) - NXB Chính Trị Quốc Gia,42000,42000,0,0.0,0,0,,NXB Chính Trị Quốc Gia Sự Thật,Nhà Xuất Bản Chính Trị Quốc Gia Sự Thật,,,,,Bamboo Books,available,1000,True,True,True
276735539,Sách - Những Năm Tháng Làm Đại Sứ Tại Việt Nam - NXB Chính Trị Quốc Gia,65000,65000,0,0.0,0,0,,NXB Chính Trị Quốc Gia Sự Thật,Nhà Xuất Bản Chính Trị Quốc Gia Sự Thật,,,,,Bamboo Books,available,1000,True,True,True
276746036,Sách - Luật Lực Lượng Tham Gia Bảo Vệ An Ninh Trật Tự Ở Cơ Sở - NXB Chính Trị Quốc Gia,16000,16000,0,0.0,0,0,,NXB Chính Trị Quốc Gia Sự Thật,Nhà Xuất Bản Chính Trị Quốc Gia Sự Thật,,,,,Bamboo Books,available,1000,True,True,True
276746042,"Sách - Luật Xuất Cảnh, Nhập Cảnh Của Công Dân Việt Nam (Hiện Hành) (Sửa Đổi, Bổ Sung Năm 2023) - NXB Chính Trị Quốc Gia",22000,22000,0,0.0,0,0,,NXB Chính Trị Quốc Gia Sự Thật,Nhà Xuất Bản Chính Trị Quốc Gia Sự Thật,,,,,Bamboo Books,available,1000,True,True,True
276745982,"Sách - Luật Quốc Tịch Việt Nam (Hiện Hành) (Sửa Đổi, Bổ Sung Năm 2014) - NXB Chính Trị Quốc Gia",25000,25000,0,0.0,0,0,,NXB Chính Trị Quốc Gia Sự Thật,Nhà Xuất Bản Chính Trị Quốc Gia Sự Thật,,,,,Bamboo Books,available,1000,True,True,True
276735775,Sách - Luật Đất Đai - NXB Chính Trị Quốc Gia,109000,109000,0,0.0,0,0,,NXB Chính Trị Quốc Gia Sự Thật,Nhà Xuất Bản Chính Trị Quốc Gia Sự Thật,,,,,Bamboo Books,available,1000,True,True,True
276735809,Sách - Nguyễn Hoàng - Người Mở Cõi - NXB Chính Trị Quốc Gia,163000,163000,0,0.0,0,3,,NXB Chính Trị Quốc Gia Sự Thật,Nhà Xuất Bản Chính Trị Quốc Gia Sự Thật,,,,,Bamboo Books,available,1000,True,True,True
276735725,"Sách - Luật Giá (Hiện Hành) (Sửa Đổi, Bổ Sung Năm 2014, 2020, 2022) - NXB Chính Trị Quốc Gia",23000,23000,0,0.0,0,0,,NXB Chính Trị Quốc Gia Sự Thật,Nhà Xuất Bản Chính Trị Quốc Gia Sự Thật,,,,,Bamboo Books,available,1000,True,True,True
276735799,"Sách - Xây Dựng Đảng Và Hệ Thống Chính Trị Trong Sạch, Vững Mạnh Góp Phần Thực Hiện  Thắng Lợi Nghị Quyết Đại Hội XIII - NXB Chính Trị Quốc Gia",224000,224000,0,0.0,0,0,,NXB Chính Trị Quốc Gia Sự Thật,Nhà Xuất Bản Chính Trị Quốc Gia Sự Thật,,,,,Bamboo Books,available,1000,True,True,True
276797940,Sách - Tài Liệu Bồi Dưỡng Nghiệp Vụ Công Tác Tuyên Giáo ở Cơ Sở - Dành Cho Cấp Ủy Và Cán Bộ Tuyên Giáo Ở Cơ Sở - NXB Chính Trị Quốc Gia,56000,56000,0,0.0,0,1,,NXB Chính Trị Quốc Gia Sự Thật,Nhà Xuất Bản Chính Trị Quốc Gia Sự Thật,,,,,Bamboo Books,available,1000,True,True,True
276797959,Sách - Tài Liệu Hướng Dẫn Đại Hội Đảng Bộ Các Cấp Tiến Tới Đại Hội Đại Biểu Toàn Quốc Lần Thứ XIII Của Đảng - NXB Chính Trị Quốc Gia,51000,51000,0,0.0,0,0,,NXB Chính Trị Quốc Gia Sự Thật,Nhà Xuất Bản Chính Trị Quốc Gia Sự Thật,,,,,Bamboo Books,available,1000,True,True,True
276745992,Sách - Luật Bảo Vệ Quyền Lợi Người Tiêu Dùng - NXB Chính Trị Quốc Gia,24000,24000,0,0.0,0,1,,NXB Chính Trị Quốc Gia Sự Thật,Nhà Xuất Bản Chính Trị Quốc Gia Sự Thật,,,,,Bamboo Books,available,1000,True,True,True
276745996,Sách - Luật Viễn Thông - NXB Chính Trị Quốc Gia,29000,29000,0,0.0,0,0,,NXB Chính Trị Quốc Gia Sự Thật,Nhà Xuất Bản Chính Trị Quốc Gia Sự Thật,,,,,Bamboo Books,available,1000,True,True,True
276745994,Sách - Luật Hợp Tác Xã Năm 2023 - NXB Chính Trị Quốc Gia,33000,33000,0,0.0,0,0,,NXB Chính Trị Quốc Gia Sự Thật,Nhà Xuất Bản Chính Trị Quốc Gia Sự Thật,,,,,Bamboo Books,available,1000,True,True,True
276746052,Sách - Hiến Pháp Nước Cộng Hòa Xã Hội Chủ Nghĩa Việt Nam - NXB Chính Trị Quốc Gia,28000,28000,0,0.0,0,0,,NXB Chính Trị Quốc Gia Sự Thật,Nhà Xuất Bản Chính Trị Quốc Gia Sự Thật,,,,,Bamboo Books,available,1000,True,True,True
276746066,"Sách - Luật Viên Chức (Hiện Hành) (Sửa Đổi, Bổ Sung Năm 2019) - NXB Chính Trị Quốc Gia",26000,26000,0,0.0,0,1,,NXB Chính Trị Quốc Gia Sự Thật,Nhà Xuất Bản Chính Trị Quốc Gia Sự Thật,,,,,Bamboo Books,available,1000,True,True,True
32079128,Kinh Tế Báo Chí (Sách Chuyên Khảo),74000,74000,0,0.0,0,0,,NXB Chính Trị Quốc Gia Sự Thật,Nhà Xuất Bản Chính Trị Quốc Gia,,Bìa mềm,323,2017-11-01,Bamboo Books,available,1000,True,True,True
276740292,Sách - Chủ Tịch Hồ Chí Minh Với Cuộc Hành Trình Của Thời Đại - Tư Tưởng Hồ Chí Minh Về Đạo Đức Cách Mạng - VIETNAMBOOK,153000,153000,0,0.0,0,1,,Vinabook JSC,Nhà Xuất Bản Hồng Đức,,,,,Bamboo Books,available,1000,True,True,True
202707579,Một Số Vấn Đề Lý Luận Và Kinh Nghiệm Quốc Tế Về Quản Trị Công,165000,165000,0,0.0,0,2,,NXB Tư Pháp,Nhà Xuất Bản Tư Pháp,,Bìa mềm,,,Nhà Sách Pháp Luật,available,1000,True,True,True
271408217,"Văn kiện Trung ương Cục miền Nam giai đoạn 1946 – 1975, tập 15 (1971)",207000,207000,0,0.0,0,1,,Nhà Xuất Bản Chính Trị Quốc Gia Sự Thật,Nhà Xuất Bản Chính Trị Quốc Gia Sự Thật,,,,,SÁCH ĐẠI NAM,available,1000,True,True,True
276800969,Sách - Hỏi - Đáp Về Xử Lý Vi Phạm Kỷ Luật Của Đảng - NXB Chính Trị Quốc Gia,85000,85000,0,0.0,0,0,,Nhà Xuất Bản Chính Trị Quốc Gia Sự Thật,Nhà Xuất Bản Chính Trị Quốc Gia Sự Thật,,,,,Bamboo Books,available,1000,True,True,True
276182143,"Phương pháp, kỹ năng, kinh nghiệm chủ trì, tham dự hội nghị, hội thảo khoa học (Xuất bản lần thứ hai) - bản in 2024",55000,55000,0,0.0,0,2,,Nhà Xuất Bản Chính Trị Quốc Gia Sự Thật,Nhà Xuất Bản Chính Trị Quốc Gia Sự Thật,,Bìa mềm,152,,Nhà sách Sự thật tại Huế,available,1000,True,True,True
199969124,Tính Siêu Việt Của Tự Ngã - Phác Thảo Một Mô Tả Hiện Tượng Học,142500,150000,5,0.0,0,1,Jean,Nhã Nam,Nhà Xuất Bản Thế Giới,,,,,Nhà sách Fahasa,available,1000,True,True,True
271918666,Lời Của Nietzsche Cho Người Trẻ - Tập 2: Tri Thức - Nghệ Thuật - Lối Sống,100400,108000,7,0.0,0,1,Shiratori Haruhiko,Nhã Nam,Nhà Xuất Bản Thế Giới,,,,,Nhà sách Fahasa,available,1000,True,True,True
276746104,Sách - Luật Đầu Tư Theo Phương Thức Đối Tác Công Tư (Hiện Hành) (Sửa Đổi Bổ Sung Năm 2022) - NXB Chính Trị Quốc Gia,56000,56000,0,0.0,0,0,,Nhà Xuất Bản Chính Trị Quốc Gia Sự Thật,Nhà Xuất Bản Chính Trị Quốc Gia Sự Thật,,,,,Bamboo Books,available,1000,True,True,True
198928238,VIỆT NAM VÀ HÌNH MẪU TRUNG HOA - NGHIÊN CỨU SO SÁNH VỀ CHÍNH QUYỀN DÂN SỰ NHÀ NGUYỄN VÀ NHÀ THANH NỬA ĐẦU THẾ KỶ XIX,269000,269000,0,0.0,0,0,,Nhã Nam,Nhà Xuất Bản Thế Giới,,,,,FishingBook,available,1000,True,True,True
276746174,"Sách - Luật Đất Đai (Sửa Đổi, Bổ Sung Năm 2024) - NXB Chính Trị Quốc Gia",99900,111000,10,0.0,0,2,,Nhà Xuất Bản Chính Trị Quốc Gia Sự Thật,Nhà Xuất Bản Chính Trị Quốc Gia Sự Thật,,,,,Bảo Châu Books,available,1000,True,True,True
276800985,"Sách - Tài Liệu Hỏi Đáp Về Các Văn Kiện Hội Nghị Lần Thứ Sáu Ban Chấp Hành Trung Ương Đảng Khóa XIII - Dùng Cho Đoàn Viên, Hội Viên Tổ Chức Chính Trị",26000,26000,0,0.0,0,0,,Nhà Xuất Bản Chính Trị Quốc Gia Sự Thật,Nhà Xuất Bản Chính Trị Quốc Gia Sự Thật,,,,,Bamboo Books,available,1000,True,True,True
225274204,NÂNG CAO NĂNG LỰC LÃNH ĐẠO VÀ SỨC CHIẾN ĐẤU CỦA ĐẢNG - Lê Hồng Anh,650000,650000,0,0.0,0,1,,Nhà Xuất Bản Chính Trị Quốc Gia Sự Thật,Nhà Xuất Bản Chính Trị Quốc Gia Sự Thật,,,,,SÁCH ĐẠI NAM,available,1000,True,True,True
276800997,Sách - Tài Liệu Chuyên Đề Bồi Dưỡng Lý Luận Chính Trị Và Nghiệp Vụ - Dành Cho Hội Cựu Chiến Binh Ở Cơ Sở - NXB Chính Trị Quốc Gia,43000,43000,0,0.0,0,0,,Nhà Xuất Bản Chính Trị Quốc Gia Sự Thật,Nhà Xuất Bản Chính Trị Quốc Gia Sự Thật,,,,,Bamboo Books,available,1000,True,True,True
271408219,"Văn kiện Trung ương Cục miền Nam giai đoạn 1946 – 1975, tập 18 (1974 - 1975) ",207000,207000,0,0.0,0,2,,Nhà Xuất Bản Chính Trị Quốc Gia Sự Thật,Nhà Xuất Bản Chính Trị Quốc Gia Sự Thật,,,,,SÁCH ĐẠI NAM,available,1000,True,True,True
125737899,Những Thành Tựu Quan Trọng Của Đất Nước - 5 Năm 2016-2020 (Tài Liệu Tuyên Truyền Trong Nhân Dân),51000,51000,0,0.0,0,0,,Nhà Xuất Bản Chính Trị Quốc Gia Sự Thật,Nhà Xuất Bản Chính Trị Quốc Gia Sự Thật,,Bìa mềm,168,2021-09-25,Bamboo Books,available,1000,True,True,True
276746134,Sách - Luật Giáo Dục Năm 2019 - NXB Chính Trị Quốc Gia,29000,29000,0,0.0,0,0,,Nhà Xuất Bản Chính Trị Quốc Gia Sự Thật,Nhà Xuất Bản Chính Trị Quốc Gia Sự Thật,,,,,Bamboo Books,available,1000,True,True,True
276746138,Sách - Luật Điện Ảnh - NXB Chính Trị Quốc Gia,22000,22000,0,0.0,0,0,,Nhà Xuất Bản Chính Trị Quốc Gia Sự Thật,Nhà Xuất Bản Chính Trị Quốc Gia Sự Thật,,,,,Bamboo Books,available,1000,True,True,True
271918668,Lời Của Nietzsche Cho Người Trẻ - Tập 1: Tình Yêu - Ý Chí - Khát Vọng,100400,108000,7,0.0,0,1,Shiratori Haruhiko,Nhã Nam,Nhà Xuất Bản Thế Giới,,,,,Nhà sách Fahasa,available,1000,True,True,True
273899709,Sách - Hơn cả lòng trung thành - Nhã Nam Official,175000,175000,0,0.0,0,0,James Comey,Nhã Nam,Nhà Xuất Bản Dân Trí,,Bìa mềm,336,,Bảo Châu Books,available,1000,True,True,True
54598823,Giữa Quá Khứ Và Tương Lai: Tám Bài Tập Tư Duy Chính Trị,153000,153000,0,4.7,34,269,Bùi Văn Nam Sơn,NXB Tri Thức,Nhà Xuất Bản Tri Thức,,Bìa mềm,398,2019-12-31,SocialLife,available,1000,True,True,True
252033715,Lý thuyết quân sự Trung hoa: Xưa và nay (Tái bản 2019),140000,140000,0,0.0,0,10,Chen-Ya Tien,Nhà xuất bản Tổng hợp TP.HCM ,Nhà Xuất Bản Tổng hợp TP.HCM,,,,,NXB TỔNG HỢP,available,1000,True,True,True
273292689,Quyền Lực Của Địa Lý - The Power Of Geography,280000,280000,0,0.0,0,0,Tim Marshall,Nhã Nam,Nhà Xuất Bản Phụ Nữ Việt Nam,,Bìa cứng,559,,info book,available,1000,True,True,True
276800917,Sách - Những Tấm Gương Bình Dị Mà Cao Quý Trong Học Tập Và Làm Theo Tấm Gương Đạo Đức Hồ Chí Minh Năm 2016 - NXB Chính Trị Quốc Gia,200000,200000,0,0.0,0,0,,Nhà Xuất Bản Chính Trị Quốc Gia Sự Thật,Nhà Xuất Bản Chính Trị Quốc Gia Sự Thật,,,,,Bamboo Books,available,1000,True,True,True
276746088,Sách - Luật Đấu Thầu - NXB Chính Trị Quốc Gia,40000,40000,0,0.0,0,0,,Nhà Xuất Bản Chính Trị Quốc Gia Sự Thật,Nhà Xuất Bản Chính Trị Quốc Gia Sự Thật,,,,,Bamboo Books,available,1000,True,True,True
276800918,Sách - Tăng Cường Kiểm Soát Quyền Lực Trong Công Tác Cán Bộ Giai Đoạn Hiện Nay - NXB Chính Trị Quốc Gia,152000,152000,0,0.0,0,0,,Nhà Xuất Bản Chính Trị Quốc Gia Sự Thật,Nhà Xuất Bản Chính Trị Quốc Gia Sự Thật,,,,,Bamboo Books,available,1000,True,True,True
276746172,"Sách - Luật Nhà Ở Năm 2023 (Sửa Đổi, Bổ Sung Năm 2024) - NXB Chính Trị Quốc Gia",67000,67000,0,0.0,0,1,,Nhà Xuất Bản Chính Trị Quốc Gia Sự Thật,Nhà Xuất Bản Chính Trị Quốc Gia Sự Thật,,,,,Bảo Châu Books,available,1000,True,True,True
276736375,Sách - Hải Đoàn Cảm Tử Huyền Thoại - PGS TS Cao Văn Liên - VIETNAMBOOK,69750,93000,25,0.0,0,0,,Vinabook JSC,Nhà Xuất Bản Hồng Đức,,,,,VIETNAMBOOK,available,1000,True,True,True
259519033,Bàn Về Tinh Thần Pháp Luật,159000,199000,20,0.0,0,1,,Omega Plus,Nhà Xuất Bản Thế Giới,,,,,Alpha Books Official,available,1000,True,True,True
276740404,Sách - Trịnh Nguyễn Phân Tranh Chia Cắt Hai Miền Đất Nước - Trần Ngọc Bình - VIETNAMBOOK,52500,70000,25,0.0,0,1,,Vinabook JSC,Nhà Xuất Bản Hồng Đức,,,,,VIETNAMBOOK,available,1000,True,True,True
279280252,"Võ Văn Kiệt - Trí tuệ và sáng tạo (Xuất bản lần thứ hai, có chỉnh sửa)",382000,382000,0,0.0,0,0,Hoàng Lại Giang,Nhà Xuất Bản Chính Trị Quốc Gia Sự Thật,Nhà Xuất Bản Chính Trị Quốc Gia Sự Thật,,Bìa mềm,644,,Nhà Sách Pháp Luật,available,1000,True,True,True
252755681,Proust Có Thể Thay Đổi Cuộc Đời Bạn Như Thế Nào,102600,108000,5,0.0,0,2,Alain de Botton,Nhã Nam,Nhà Xuất Bản Thế Giới,,,,,Nhà sách Fahasa,available,1000,True,True,True
271785853,"Một số vấn đề về đường lối quân sự, chiến lược quốc phòng trong sự nghiệp xây dựng và bảo vệ Tổ quốc Việt Nam xã hội chủ nghĩa thời kỳ mới (Bìa mềm)",251000,251000,0,0.0,0,0,,Nhà Xuất Bản Chính Trị Quốc Gia Sự Thật,Nhà Xuất Bản Chính Trị Quốc Gia Sự Thật,,,,,Hiệu sách Khai Trí,available,1000,True,True,True
198481158,9 biện pháp bảo đảm nghĩa vụ hợp đồng,177000,177000,0,0.0,0,0,,Nhà Xuất Bản Chính Trị Quốc Gia Sự Thật,Nhà Xuất Bản Chính Trị Quốc Gia Sự Thật,,Bìa mềm,,,Nhà Sách Lao Động,available,1000,True,True,True
224033249,"Mối Quan Hệ Giữa Pháp Luật Và Đạo Đức Trong Lĩnh Vực Hôn Nhân, Gia Đình - Nghiên Cứu So Sánh Việt Nam Và Hàn Quốc",118000,118000,0,0.0,0,1,,Nhà Xuất Bản Chính Trị Quốc Gia Sự Thật,Nhà Xuất Bản Chính Trị Quốc Gia Sự Thật,,Bìa mềm,252,2022-12-31,Bamboo Books,available,1000,True,True,True
276746130,"Sách - Luật Hòa Giải, Đối Thoại Tại Tòa Án (Hiện Hành) - NXB Chính Trị Quốc Gia",15000,15000,0,0.0,0,0,,Nhà Xuất Bản Chính Trị Quốc Gia Sự Thật,Nhà Xuất Bản Chính Trị Quốc Gia Sự Thật,,,,,Bamboo Books,available,1000,True,True,True
1038496,Hướng Dẫn Chế Độ Kế Toán Ngân Sách Nhà Nước Và Hoạt Động Nghiệp Vụ Kho Bạc Nhà Nước,250000,250000,0,0.0,0,6,Nguyễn Hữu Đại,Nhà sách Lao Động,Nhà Xuất Bản Tài Chính,,Bìa mềm,408,2017-10-19,Nhà Sách Lao Động,available,1000,True,True,True
270132683,Chết Cho Màu Cờ - Quyền Lực Và Chính Trị Của Những Lá Cờ - Bìa Cứng - NNA,210000,210000,0,0.0,0,0,Tim Marshall,Nhã Nam,Nhà Xuất Bản Phụ Nữ,,Bìa cứng,384,,NHBook,available,1000,True,True,True
270116072,Chết Cho Màu Cờ - Quyền Lực Và Chính Trị Của Những Lá Cờ,210000,210000,0,0.0,0,0,,Nhã Nam,Nhà Xuất Bản Phụ Nữ Việt Nam,,,,,NHBook,available,1000,True,True,True
272267678,Sách Bàn về lòng khoan dung,86000,86000,0,0.0,0,0,Voltaire,Nhã Nam,Nhà Xuất Bản Thế Giới,,Bìa mềm,405,2023-09-07,FishingBook,available,1000,True,True,True
276827157,Sách - Từ Điển Anh - Việt 95.000 Từ - Bìa Cứng - Vĩnh Bá - Hồng Ân,56940,78000,27,0.0,0,0,,Nhà Sách Hồng Ân,Nhà Xuất Bản Đại Học Quốc Gia Hà Nội,,,,,Bảo Châu Books,available,1000,True,True,True
274024819,Liên Kết Phát Triển Dịch Vụ Logistics Tại Vùng Kinh Tế Trọng Điểm Miền Trung (Sách chuyên khảo) - TS. Phan Thị Sông Thương (Chủ biên),140000,140000,0,5.0,1,3,,Nhà Xuất Bản Khoa Học Xã Hội,Nhà Xuất Bản Khoa Học Xã Hội,,Bìa mềm tay gấp,332,2024-01-22,VIETNAMBOOK,available,1000,True,True,True
275906011,Đời Sống Lao Động Thiểu Số Nhập Cư Ở Đô Thị Góc Nhìn Từ Tiếp Cận Định Tính - Lê Anh Vũ,180000,180000,0,0.0,0,0,PGS.TS Lê Anh Vũ,Nhà Xuất Bản Khoa Học Xã Hội,Nhà Xuất Bản Khoa Học Xã Hội,,Bìa mềm,256,2023-08-31,VIETNAMBOOK,available,1000,True,True,True
278989342,Phát Triển Các Doanh Nghiệp Nhỏ Và Vừa Vùng Nam Trung Bộ Trong Bối Cảnh Mới (Sách Chuyên Khảo),120000,120000,0,0.0,0,1,TS. Hoàng Hồng Hiệp chủ biên,Nhà Xuất Bản Khoa Học Xã Hội,Nhà Xuất Bản Khoa Học Xã Hội,,Bìa mềm,228,2025-12-19,VIETNAMBOOK,available,1000,True,True,True
277269564,Chọn Cho Hay Chọn Cho Bỏ - Thị Trường Văn Hóa Trung Quốc Trong Kỷ Nguyên Toàn Cầu Hóa (Sách chuyên khảo) ,100000,100000,0,0.0,0,9,,Nhà Xuất Bản Khoa Học Xã Hội,Nhà Xuất Bản Khoa Học Xã Hội,,Bìa mềm,232,2025-02-05,VIETNAMBOOK,available,1000,True,True,True
274858696,Chức Năng Quản Lý Môi Trường Của Nhà Nước Đáp Ứng Yêu Cầu Phát Triển Bền Vững Ở Việt Nam (Sách chuyên khảo) - TS. Bùi Xuân Phái,142500,150000,5,0.0,0,0,,Nhà Sách Dân Hiền,Nhà Xuất Bản Công An Nhân Dân,,Bìa mềm,248,2024-04-23,Sách Luật VN,available,1000,True,True,True
211008118,Sách Trường Pháp Tại Việt Nam 1945-1975: Từ Sứ Mạng Khai Hóa Đến Ngoại Giao Văn Hóa - Alphabooks - BẢN QUYỀN,249000,249000,0,0.0,0,0,,Alphabooks,Nhà Xuất Bản Hà Nội,,,,,Nhà Sách Vĩnh Thụy,available,1000,True,True,True
247330586,"Nền Kinh Tế Chia Sẻ: Sự Kết Thúc Của Việc Làm, Và Sự Trỗi Dậy Của Chủ Nghĩa Tư Bản Dựa-Trên-Đám-Đông	Nền Kinh Tế Chia Sẻ: Sự Kết Thúc Của Việc Làm, Và Sự Trỗi Dậy Của Chủ Nghĩa Tư Bản Dựa-Trên-Đám-Đông _TRE",138000,138000,0,0.0,0,0,Arun Sundararajan,NXB Trẻ,NXB Trẻ,,Bìa mềm,350,,HỆ THỐNG NHÀ SÁCH ABC,available,1000,True,True,True
77746981,"Vì Một Nền Văn Hóa Dân Tộc, Hiện Đại (Mấy Vấn Đề Cấp Thiết Trong Sự Nghiệp Xây Dựng Và Phát Triển Văn Hóa Con Người Nước Ta Hiện Nay)",100000,125000,20,0.0,0,10,,NXB Thông Tin & Truyền Thông,Nhà Xuất Bản Thông Tin Và Truyền Thông,,Bìa mềm,220,2021-02-20,nxbkhoahoccongnghetruyenthong,available,1000,True,True,True
273929445,Một Số Vấn Đề Trong Thực Thi Chính Sách Bảo Vệ Môi Trường Của Đài Loan Và Những Gợi Mở Cho Việt Nam - TS. Vũ Thùy Dương (Chủ biên) - Viện Hàn Lâm Khoa Học Xã Hội Việt Nam,128000,128000,0,0.0,0,2,,Nhà Xuất Bản Khoa Học Xã Hội,Nhà Xuất Bản Khoa Học Xã Hội,,Bìa mềm tay gấp,296,2024-01-12,VIETNAMBOOK,available,1000,True,True,True
273537448,Phát Triển Thủy Điện Của Lào Và Tác Động Đến Việt Nam (Sách chuyển khảo),132000,132000,0,0.0,0,3,Nguyễn Ngọc Lan,Nhà Xuất Bản Khoa Học Xã Hội,Nhà Xuất Bản Khoa Học Xã Hội,,Bìa mềm tay gấp,248,2023-12-05,VIETNAMBOOK,available,1000,True,True,True
208435718,Sách Gen Lịch sử và tương lai của nhân loại - Alphabooks - BẢN QUYỀN,365000,365000,0,0.0,0,1,,Alphabooks,NXB Dân Trí,,,,,HỆ THỐNG NHÀ SÁCH ABC,available,1000,True,True,True
253412910,Quyền Lập Pháp Theo Tinh Thần Của Hiến Pháp Năm 2013 - Bản Quyền,229000,229000,0,0.0,0,0,,Alpha Books,Nhà Xuất Bản Hà Nội,,,,,info book,available,1000,True,True,True
248591150,Chủ Nghĩa Tư Bản và Tự Do - Milton Friedman - Trần Trọng Hải Minh - (bìa cứng),200000,200000,0,0.0,0,0,Milton Friedman,Nhà xuất bản Tổng hợp TP.HCM ,Nhà Xuất Bản Tổng hợp TP.HCM,,Bìa cứng,368,2023-03-01,Nhà Sách Vĩnh Thụy,available,1000,True,True,True
201055588,Lên Tàu Cùng Socrates - Đi Tìm Ý Nghĩa Cuộc Sống Từ Các Triết Gia ,195000,195000,0,0.0,0,0,,NXB Trẻ,NXB Trẻ,,,,,Nhà Sách Vĩnh Thụy,available,1000,True,True,True
251577319,LÊN TÀU CÙNG Socrates - Đi Tìm Ý Nghĩa Cuộc Sống Từ Các Triết Gia - NXB Trẻ,195000,195000,0,0.0,0,0,,Không có,Không có,,,,,HỆ THỐNG NHÀ SÁCH ABC,available,1000,True,True,True
275965433,Sách Chính Trị Luận - Aristotle - Tủ Sách Nền Tảng Đổi Đời Trung Nguyên Legend,169000,169000,0,5.0,1,3,Aristotle,Nhà Xuất Bản Hà Nội,Omega Plus,,Bìa mềm,388,2019-12-11,Trung Nguyên Legend Official,available,1000,True,True,True
263584529,Định mệnh chiến tranh,246000,246000,0,0.0,0,0,Graham Allison,Alphabooks,Nhà Xuất Bản Hà Nội,,Bìa mềm,520,,Nhà Sách Vĩnh Thụy,available,1000,True,True,True
276263867,Giáo trình Nhà nước và Pháp luật các Quốc gia ASEAN,135000,135000,0,5.0,1,10,nhieu tac gia,Nhà Xuất Bản Đại Học Quốc Gia Hà Nội,Nhà Xuất Bản Đại Học Quốc Gia Hà Nội,,Bìa mềm,350,2024-08-15,NXB ĐHQGHN,available,1000,True,True,True
188575759,Tiến Trình Lịch Sử Đảng Cộng Sản Việt Nam 1930 - 2021,211200,240000,12,0.0,0,5,PGS. TS Ngô Đăng Tri,NXB Thông Tin Và truyền Thông,Nhà Xuất Bản Thông Tin Và Truyền Thông,,Bìa mềm,507,,Bảo Châu Books,available,1000,True,True,True
243808008,"Kiên Quyết, Kiên Trì Đấu Tranh Phòng, Chống Tham Nhũng, Tiêu Cực, Góp Phần Xây Dựng Đảng Và Nhà Nước Ta Ngày Càng Trong Sạch, Vững Mạnh",373000,373000,0,0.0,0,0,Nguyễn Phú Trọng,NXB Chính Trị Quốc Gia,Nhà Xuất Bản Chính Trị Quốc Gia Sự Thật,,,,,Bảo Châu Books,available,1000,True,True,True
209430304,Đường đến nhà Trắng 2016 - Bản Quyền,209000,209000,0,0.0,0,0,,Alphabooks,Nhà Xuất Bản Thế Giới,,,,,HỆ THỐNG NHÀ SÁCH ABC,available,1000,True,True,True
177339074,Cách Netflix Xây Dựng Con Người: Sức Mạnh Của Văn Hóa Tự Do Và Trách Nhiệm,80000,80000,0,0.0,0,2,,Nhà Xuất Bản Đại Học Quốc Gia Hà Nội,Nhà Xuất Bản Đại Học Quốc Gia Hà Nội,,,,,Bamboo Books,available,1000,True,True,True
273839987,Trần Văn Ơn (Tái Bản 2023) - Bản Quyền,32000,32000,0,0.0,0,0,, NXB Kim Đồng,Nhà Xuất Bản Kim Đồng,,,,,Bamboo Books,available,1000,True,True,True
31261842,Sự Va Chạm Giữa Các Nền Văn Minh Và Sự Tái Lập Trật Tự Thế Giới (Tặng kèm sổ tay),289000,289000,0,0.0,0,0,Samuel P. Huntington,Alphabooks,Nhà Xuất Bản Hồng Đức,,Bìa mềm,560,2018-03-16,HỆ THỐNG NHÀ SÁCH ABC,available,1000,True,True,True
196462622,NGƯỜI BÀ TÀI GIỎI VÙNG SAGA - TẬP 8_AZ,52000,52000,0,0.0,0,0,,Skybooks,Nhà Xuất Bản Phụ Nữ,,Bìa mềm,,,info book,available,1000,True,True,True
262010380,Chính Sách Tôn Giáo Của Mỹ Và Góc Nhìn Tham Chiếu Với Việt Nam - TS. Phạm Thanh Hằng - (bìa mềm),118000,118000,0,0.0,0,0,Phạm Thanh Hằng,Nhà xuất bản Tổng hợp TP.HCM ,Nhà Xuất Bản Tổng hợp TP.HCM,,Bìa mềm,284,2022-01-01,Bamboo Books,available,1000,True,True,True
276736307,Sách - Chủ Tịch Hồ Chí Minh Với Cuộc Hành Trình Của Thời Đại - Tuổi Trẻ Và Sứ Mệnh Lịch Sử - VIETNAMBOOK,108000,108000,0,0.0,0,0,,Vinabook JSC,Nhà Xuất Bản Hồng Đức,,,,,Bamboo Books,available,1000,True,True,True
276736365,Sách - Lịch Sử Báo Chí Việt Nam 1865 - 1945 - Đỗ Quang Hưng - VIETNAMBOOK,180000,180000,0,0.0,0,0,,Vinabook JSC,Nhà Xuất Bản Hồng Đức,,,,,Bamboo Books,available,1000,True,True,True
209388501,Sách Bàn về chính quyền - Alphabooks - BẢN QUYỀN,199000,199000,0,0.0,0,0,,Alphabooks,Nhà Xuất Bản Hồng Đức,,,,,Nhà Sách Vĩnh Thụy,available,1000,True,True,True
276738925,Sách - Điện Biên Phủ Những Văn Kiện Mang Tính Lịch Sử - Đặng Việt Thủy - VIETNAMBOOK,146000,146000,0,0.0,0,0,,Vinabook JSC,Nhà Xuất Bản Hồng Đức,,,,,Bamboo Books,available,1000,True,True,True
276739523,Sách - NATO - Những Bí Mật Bạn Chưa Biết - VIETNAMBOOK,158000,158000,0,0.0,0,1,,Vinabook JSC,Nhà Xuất Bản Hồng Đức,,,,,Bamboo Books,available,1000,True,True,True
276739596,Sách - Chủ Tịch Hồ Chí Minh Với Cuộc Hành Trình Của Thời Đại - Trên Những Chặng Đường Kháng Chiến - VIETNAMBOOK,109000,109000,0,0.0,0,0,,Vinabook JSC,Nhà Xuất Bản Hồng Đức,,,,,Bamboo Books,available,1000,True,True,True
276739531,Sách - Bảo Vệ Nền Tảng Tư Tưởng Của Đảng Trong Tình Hình Mới - VIETNAMBOOK,150000,150000,0,0.0,0,0,,Vinabook JSC,Nhà Xuất Bản Hồng Đức,,,,,Bamboo Books,available,1000,True,True,True
276738969,Sách - Những Trận Chiến Nổi Tiếng Thế Giới Trong Thế Kỷ XX - Nguyễn Đăng Song - VIETNAMBOOK,124000,124000,0,0.0,0,0,,Vinabook JSC,Nhà Xuất Bản Hồng Đức,,,,,Bamboo Books,available,1000,True,True,True
276739600,Sách - Chủ Tịch Hồ Chí Minh Với Cuộc Hành Trình Của Thời Đại - Người Đi Vào Lịch Sử - VIETNAMBOOK,106000,106000,0,0.0,0,0,,Vinabook JSC,Nhà Xuất Bản Hồng Đức,,,,,Bamboo Books,available,1000,True,True,True
276739542,"Sách - Bảo Vệ Nền Tảng Tư Tưởng Của Đảng Tiếng Gọi Từ Trái Tim, Mệnh Lệnh Của Cuộc Sống - VIETNAMBOOK",135000,135000,0,0.0,0,0,,Vinabook JSC,Nhà Xuất Bản Hồng Đức,,,,,Bamboo Books,available,1000,True,True,True
276740287,Sách - Chủ Tịch Hồ Chí Minh Với Các Nước Châu Á - VIETNAMBOOK,107000,107000,0,0.0,0,0,,Vinabook JSC,Nhà Xuất Bản Hồng Đức,,,,,Bamboo Books,available,1000,True,True,True
276740299,Sách - Chủ Tịch Hồ Chí Minh Với Cuộc Hành Trình Của Thời Đại - Đường Đi Tới Tương Lai - VIETNAMBOOK,102000,102000,0,0.0,0,0,,Vinabook JSC,Nhà Xuất Bản Hồng Đức,,,,,Bamboo Books,available,1000,True,True,True
276740335,Sách - Những Tài Danh Âm Nhạc Việt Nam - Hoàng Việt - Nguyễn Thụy Kha - VIETNAMBOOK,74000,74000,0,0.0,0,0,,Vinabook JSC,Nhà Xuất Bản Hồng Đức,,,,,Bamboo Books,available,1000,True,True,True
276740339,Sách - Những Tài Danh Âm Nhạc Việt Nam - Huy Du - Nguyễn Thụy Kha - VIETNAMBOOK,76000,76000,0,0.0,0,0,,Vinabook JSC,Nhà Xuất Bản Hồng Đức,,,,,Bamboo Books,available,1000,True,True,True
276740361,Sách - Đặc Trưng Và Sắc Thái Văn Hóa Vùng - Tiểu Vùng Ở Việt Nam - Huỳnh Công Bá - VIETNAMBOOK,530000,530000,0,0.0,0,1,,Vinabook JSC,Nhà Xuất Bản Hồng Đức,,,,,Bamboo Books,available,1000,True,True,True
253411510,Trật Tự Thế Giới - Bìa Cứng (Tái Bản Mới Nhất) - Bản Quyền,196000,245000,20,0.0,0,0,,Alpha Books,Nhà Xuất Bản Thế Giới,,,,,Sống Official,available,1000,True,True,True
277539980,Bàn Cờ Mới - Tương Lai Quan Hệ Quốc Tế Trong Kỷ Nguyên AI - Omega Plus,135000,159000,15,0.0,0,0,,OMEGA PLUS+,Nhà Xuất Bản Thế Giới,,Bìa mềm,280,,Omega Plus Books,available,1000,True,True,True
250692425,CỘNG HÒA -Plato,239000,299000,20,0.0,0,0,Plato,Alpha Books,Nhà Xuất Bản Thế Giới,,Bìa mềm,728,,Omega Plus Books,available,1000,True,True,True
207515303,Toàn Chân Triết Luận,60000,60000,0,0.0,0,0,,NXB Trẻ,NXB Trẻ,,,,,info book,available,1000,True,True,True
208411785,Sách Tự truyện Benjamin Franklin - Alphabooks - BẢN QUYỀN,109000,109000,0,0.0,0,0,,Alphabooks,Nhà Xuất Bản Lao Động,,,,,info book,available,1000,True,True,True
278076858,Thư Bác Hồ Gửi Thiếu Nhi,40000,40000,0,0.0,0,0,Hồ Chí Minh,NXB Kim Đồng,Nhà Xuất Bản Kim Đồng,,Bìa mềm,88,,Nhà Sách Phương Nam,available,1000,True,True,True
277511727,Hỏi - Đáp Môn Tư Tưởng Hồ Chí Minh (Dành cho bậc đại học hệ chuyên và không chuyên lý luận chính trị),129000,129000,0,0.0,0,0,,NXB Chính Trị Quốc Gia,Nhà Xuất Bản Chính Trị Quốc Gia,,Bìa mềm,352,,Nhà Sách Phương Nam,available,1000,True,True,True
225104715,TÌNH THẾ HIỂM NGHÈO – Hillary Rodham Clinton và  Louise Penny – Nguyễn Quang Huy dịch – Bách Việt Books – NXB Dân Trí (bìa mềm),179000,179000,0,0.0,0,0,,Bách Việt,Nhà Xuất Bản Dân Trí,,Bìa mềm,624,,BÌNH BÁN BOOK,available,1000,True,True,True
217529046,HÌNH PHẠT TIỀN TRONG PHÁP LUẬT H.Ì.N.H S.Ự VIỆT NAM VÀ THỰC TIỄN ÁP DỤNG (sách chuyên khảo) - TS. Lê Minh Tùng - NXB Chính trị Quốc gia Sự thật – Bìa mềm,194000,194000,0,0.0,0,1,,NXB Chính Trị Quốc Gia Sự Thật,Nhà Xuất Bản Chính Trị Quốc Gia Sự Thật,,Bìa mềm,363,,BÌNH BÁN BOOK,available,1000,True,True,True
276292406,39 Án Lệ Và Các Giải Đáp Nghiệp Vụ Của Tòa Án Nhân Dân Tối Cao (Từ Năm 2016 Đến Năm 2020) - DH,300000,300000,0,0.0,0,0,ThS. Tạ Đình Tuyên,Nhà Sách Dân Hiền,Nhà Xuất Bản Lao Động,,,570,,NewShop Official,available,1000,True,True,True
249277111,"Chúng Ta Đòi Hòa Bình: Huỳnh Tấn Mẫm Và Phong Trào Yêu Nước, Tranh Đấu Của Thanh Niên, Sinh Viên, Học Sinh Sài Gòn, 1969-1975 _TRE",240000,240000,0,0.0,0,0,,NXB Trẻ,NXB Trẻ,,Bìa mềm,480,,HỆ THỐNG NHÀ SÁCH ABC,available,1000,True,True,True
250015651,ÂM MƯU CÂU KẾT: Chính Trị Hoa Kỳ Bị Thao Túng Từ Bên Ngoài Như Thế Nào? - Luke Harding - Trần Trọng Hải Minh dịch - (bìa mềm),189000,189000,0,0.0,0,0,Luke Harding,Nhà xuất bản Tổng hợp TP.HCM ,Nhà Xuất Bản Tổng hợp TP.HCM,,Bìa mềm,446,2023-01-01,HỆ THỐNG NHÀ SÁCH ABC,available,1000,True,True,True
273690708,Tiền Bẩn Và Ngụy Khoa Học - Bản Quyền,207000,207000,0,0.0,0,0,,Skybooks,Nhà Xuất Bản Thông Tấn,,,,,SÁCH ĐẠI NAM,available,1000,True,True,True
251263383,Sự Va Chạm Giữa Các Nền Văn Minh Và Sự Tái Lập Trật Tự Thế Giới,289000,289000,0,0.0,0,0,Samuel P. Hungtington,Công ty Cổ phần Sách Omega Việt Nam,Nhà Xuất Bản Hồng Đức,,Bìa cứng,560,,HỆ THỐNG NHÀ SÁCH ABC,available,1000,True,True,True
8093142,Sách Vai Trò Và Vị Thế Của Nữ Trí Thức Việt Nam Trong Phát Triển Bền Vững,125000,125000,0,0.0,0,0,Đỗ Thị Thạch,NXB Chính Trị Quốc Gia Sự Thật,,,Bìa mềm,311,2018-12-01,Bamboo Books,available,1000,True,True,True
207566428,Yêu Sách Của Antigone: Thân Tộc Giữa Sự Sống Và Cái Chết,130000,130000,0,0.0,0,0,Judith Butler,NXB Phụ Nữ,Nhà Xuất Bản Phụ Nữ,,Bìa mềm,202,,HỆ THỐNG NHÀ SÁCH ABC,available,1000,True,True,True
214188585,Aung San Suu Kyi - Sợ Hãi & Tự Do,168000,168000,0,0.0,0,0,Christophe Loviny,First News - Trí Việt,Nhà Xuất Bản Hồng Đức,,,160,,Nhà Sách Vĩnh Thụy,available,1000,True,True,True
109323488,Sách Quy Hoạch Và Gìn Giữ Bản Sắc Văn Hóa Trong Xây Dựng Nông Thôn Mới Vùng Đồng Bằng Sông Hồng,134000,134000,0,0.0,0,5,,NHÀ XUẤT BẢN XÂY DỰNG,Nhà Xuất Bản Xây Dựng,,Bìa mềm,172,,VIETNAMBOOK,available,1000,True,True,True
270501990,Hegel,101200,115000,12,0.0,0,1,,Fahasa,Nhà Xuất Bản Tri Thức,,,,,Nhà sách Fahasa,available,1000,True,True,True
242693632,Kinh Tế Học - Khái Lược Những Tư Tưởng Lớn (Tái Bản 2023),427500,450000,5,0.0,0,3,DK,dong a,NXB Dân Trí,,,,,Nhà sách Fahasa,available,1000,True,True,True
572583,Sách Fukuzawa Yukichi Và Công Cuộc Kiến Thiết Thế Giới Hiện Đại,68400,72000,5,5.0,1,9,Alan Màcarlane,NXB Tổng Hợp,Nhà Xuất Bản Tổng hợp TP.HCM,,Bìa mềm,,2017-01-01,Nhà sách Fahasa,available,1000,True,True,True
269946730,Luật Hấp Dẫn Và Sức Mạnh Tiềm Thức,122300,139000,12,0.0,0,0,Joseph Murphy,1980 Books,Nhà Xuất Bản Lao Động,,,,,Nhà sách Fahasa,available,1000,True,True,True
253040758,Nhật Bản Và Việt Nam Là Đồng Minh Tự Nhiên,143100,159000,10,0.0,0,0,Umeda Kunio,Alpha Books,Nhà Xuất Bản Thế Giới,,,,,Nhà sách Fahasa,available,1000,True,True,True
274143899,"Nguyên Lý Thường Nhật - 366 Suy Ngẫm Về Quyền Lực, Quyến Rũ, Làm Chủ, Chiến Lược, Và Bản Chất Con Người",220800,230000,4,5.0,1,8,Robert Greene,NXB Trẻ,NXB Trẻ,,,,,Nhà sách Fahasa,available,1000,True,True,True
277541741,Bàn Cờ Mới - Tương Lai Quan Hệ Quốc Tế Trong Kỷ Nguyên AI - Omega Plus,127000,159000,20,0.0,0,0,,OMEGA PLUS+,Nhà Xuất Bản Thế Giới,,Bìa mềm,280,,Alpha Books Official,available,1000,True,True,True
221266711,QUYỀN LẬP PHÁP - THEO TINH THẦN CỦA HIẾN PHÁP NĂM 2013- Nguyễn Đăng Dung – Omega plus - NXB Hà Nội,183000,229000,20,0.0,0,0,,Omega Plus,Nhà Xuất Bản Hà Nội,,,,,Alpha Books Official,available,1000,True,True,True
276831473,"Sách - Biến Thách Thức Thành Cơ Hội Quyết Tâm Tạo Đột Phá Đưa Đất Nước Phát Triển Nhanh, Bền Vững - NXB Chính Trị Quốc Gia",377000,377000,0,0.0,0,0,,NXB Chính Trị Quốc Gia Sự Thật,Nhà Xuất Bản Chính Trị Quốc Gia Sự Thật,,,,,Bamboo Books,available,1000,True,True,True
276831466,Sách - Luật Quy Hoạch (Hiện Hành) - NXB Chính Trị Quốc Gia,32000,32000,0,0.0,0,1,,NXB Chính Trị Quốc Gia Sự Thật,Nhà Xuất Bản Chính Trị Quốc Gia Sự Thật,,,,,Bamboo Books,available,1000,True,True,True
276831469,"Sách - Tài Liệu Hỏi - Đáp Về Các Văn Kiện Hội Nghị Lần Thứ Tám Ban Chấp Hành Trung Ương Đảng Khóa XIII - Dùng Cho Đoàn Viên, Hội Viên Các Tổ Chức Chính Trị - Xã Hội Và Tuyên Truyền Trong Nhân Dân  - NXB Chính Trị Quốc Gia",37000,37000,0,0.0,0,0,,NXB Chính Trị Quốc Gia Sự Thật,Nhà Xuất Bản Chính Trị Quốc Gia Sự Thật,,,,,Bamboo Books,available,1000,True,True,True
276831465,Sách - Sơ Lược Về Nhà Nước Hồi Giáo Tự Xưng IS - NXB Chính Trị Quốc Gia,65000,65000,0,0.0,0,0,,NXB Chính Trị Quốc Gia Sự Thật,Nhà Xuất Bản Chính Trị Quốc Gia Sự Thật,,,,,Bamboo Books,available,1000,True,True,True
276735409,Sách - Doanh Nghiệp Với Lộ Trình Tiếp Cận Cách Mạng Công Nghiệp 4.0 - NXB Chính Trị Quốc Gia,86000,86000,0,0.0,0,0,,NXB Chính Trị Quốc Gia Sự Thật,Nhà Xuất Bản Chính Trị Quốc Gia Sự Thật,,,,,Bamboo Books,available,1000,True,True,True
276735471,Sách - Những Điểm Mới Trong Các Văn Kiện Đại Hội XIII Của Đảng - NXB Chính Trị Quốc Gia,77000,77000,0,0.0,0,0,,NXB Chính Trị Quốc Gia Sự Thật,Nhà Xuất Bản Chính Trị Quốc Gia Sự Thật,,,,,Bamboo Books,available,1000,True,True,True
276746024,"Sách - Luật Cơ Quan Đại Diện Nước Cộng Hòa Xã Hội Chủ Nghĩa Việt Nam ở Nước Ngoài (Sửa Đổi, Bổ Sung Năm 2017)",12000,12000,0,0.0,0,0,,NXB Chính Trị Quốc Gia Sự Thật,Nhà Xuất Bản Chính Trị Quốc Gia Sự Thật,,,,,Bamboo Books,available,1000,True,True,True
276746037,"Sách - Luật Công Nghiệp Quốc Phòng, An Ninh Và Động Viên Công Nghiệp Năm 2024 - NXB Chính Trị Quốc Gia",32000,32000,0,0.0,0,0,,NXB Chính Trị Quốc Gia Sự Thật,Nhà Xuất Bản Chính Trị Quốc Gia Sự Thật,,,,,Bamboo Books,available,1000,True,True,True
276746020,Sách - Luật Trưng Cầu Ý Dân - NXB Chính Trị Quốc Gia,16000,16000,0,0.0,0,0,,NXB Chính Trị Quốc Gia Sự Thật,Nhà Xuất Bản Chính Trị Quốc Gia Sự Thật,,,,,Bamboo Books,available,1000,True,True,True
276735607,"Sách - Luật Thống Kê (Hiện Hành - Sửa Đổi, Bổ Sung Năm 2021) - NXB Chính Trị Quốc Gia",39000,39000,0,5.0,1,1,,NXB Chính Trị Quốc Gia Sự Thật,Nhà Xuất Bản Chính Trị Quốc Gia Sự Thật,,,,,Bamboo Books,available,1000,True,True,True
276735527,Sách - Thủ Tục Truy Cứu Trách Nhiệm Hình Sự Đối Với Pháp Nhân Thương Mại - NXB Chính Trị Quốc Gia,119000,119000,0,0.0,0,0,,NXB Chính Trị Quốc Gia Sự Thật,Nhà Xuất Bản Chính Trị Quốc Gia Sự Thật,,,,,Bamboo Books,available,1000,True,True,True
276735816,Sách - Luật Tổ Chức Tòa Án Nhân Dân Năm 2024 - NXB Chính Trị Quốc Gia,36000,36000,0,0.0,0,1,,NXB Chính Trị Quốc Gia Sự Thật,Nhà Xuất Bản Chính Trị Quốc Gia Sự Thật,,,,,Bamboo Books,available,1000,True,True,True
276735693,Sách - Đại Văn Hào Lev Tolstoy Và Nghệ Thuật Tiểu Thuyết - NXB Chính Trị Quốc Gia,339000,339000,0,0.0,0,0,,NXB Chính Trị Quốc Gia Sự Thật,Nhà Xuất Bản Chính Trị Quốc Gia Sự Thật,,,,,Bamboo Books,available,1000,True,True,True
276735741,"Sách - Luật Thi Đua, Khen Thưởng - NXB Chính Trị Quốc Gia",36000,36000,0,0.0,0,0,,NXB Chính Trị Quốc Gia Sự Thật,Nhà Xuất Bản Chính Trị Quốc Gia Sự Thật,,,,,Bamboo Books,available,1000,True,True,True
276735731,"Sách - Luật Tần Số Vô Tuyến Điện (Hiện Hành) (Sửa Đổi, Bổ Sung Năm 2022) - NXB Chính Trị Quốc Gia",28000,28000,0,0.0,0,0,,NXB Chính Trị Quốc Gia Sự Thật,Nhà Xuất Bản Chính Trị Quốc Gia Sự Thật,,,,,Bamboo Books,available,1000,True,True,True
276735589,Sách - 9 Biện Pháp Bảo Đảm Nghĩa Vụ Hợp Đồng - NXB Chính Trị Quốc Gia,177000,177000,0,0.0,0,0,,NXB Chính Trị Quốc Gia Sự Thật,Nhà Xuất Bản Chính Trị Quốc Gia Sự Thật,,,,,Bamboo Books,available,1000,True,True,True
276735511,Sách - Chỉ Dẫn Tra Cứu Áp Dụng Pháp Luật Về Tố Cáo - NXB Chính Trị Quốc Gia,55000,55000,0,0.0,0,0,,NXB Chính Trị Quốc Gia Sự Thật,Nhà Xuất Bản Chính Trị Quốc Gia Sự Thật,,,,,Bamboo Books,available,1000,True,True,True
276735487,Sách - Đa Dạng Tôn Giáo Với Tiến Trình Xây Dựng Cộng Đồng Văn Hóa - Xã Hội Asean (ASCC) - NXB Chính Trị Quốc Gia,74000,74000,0,0.0,0,0,,NXB Chính Trị Quốc Gia Sự Thật,Nhà Xuất Bản Chính Trị Quốc Gia Sự Thật,,,,,Bamboo Books,available,1000,True,True,True
276735749,Sách - Bộ Luật Dân Sự (Hiện Hành) - NXB Chính Trị Quốc Gia,93000,93000,0,0.0,0,2,,NXB Chính Trị Quốc Gia Sự Thật,Nhà Xuất Bản Chính Trị Quốc Gia Sự Thật,,,,,Bamboo Books,available,1000,True,True,True
276746034,"Sách - Luật Phòng, Chống Khủng Bố (Hiện Hành) (Sửa Đổi, Bổ Sung Năm 2022) - NXB Chính Trị Quốc Gia",22000,22000,0,0.0,0,0,,NXB Chính Trị Quốc Gia Sự Thật,Nhà Xuất Bản Chính Trị Quốc Gia Sự Thật,,,,,Bamboo Books,available,1000,True,True,True
276735419,Sách - Luật Tài Nguyên Nước - NXB Chính Trị Quốc Gia,15000,15000,0,0.0,0,0,,NXB Chính Trị Quốc Gia Sự Thật,Nhà Xuất Bản Chính Trị Quốc Gia Sự Thật,,,,,Bamboo Books,available,1000,True,True,True
276735591,"Sách - Luật Viên Chức (Sửa Đổi, Bổ Sung Năm 2019) Và Nghị Định Của Chính Phủ Về Vị Trí Việc Làm Và Số Lượng - NXB Chính Trị Quốc Gia",24000,24000,0,0.0,0,0,,NXB Chính Trị Quốc Gia Sự Thật,Nhà Xuất Bản Chính Trị Quốc Gia Sự Thật,,,,,Bamboo Books,available,1000,True,True,True
276735657,"Sách - Luật Đầu Tư Công (Hiện Hành) (Sửa Đổi, Bổ Sung Năm 2020, 2022) - NXB Chính Trị Quốc Gia",59000,59000,0,0.0,0,1,,NXB Chính Trị Quốc Gia Sự Thật,Nhà Xuất Bản Chính Trị Quốc Gia Sự Thật,,,,,Bamboo Books,available,1000,True,True,True
276735497,"Sách - Quốc Gia Học Tập - Học Tập Công Nghệ, Chính Sách Công Nghiệp Và Bắt Kịp Thành Công - NXB Chính Trị Quốc Gia",229000,229000,0,0.0,0,0,,NXB Chính Trị Quốc Gia Sự Thật,Nhà Xuất Bản Chính Trị Quốc Gia Sự Thật,,,,,Bamboo Books,available,1000,True,True,True
276735485,Sách - Châu Á Chuyển Mình - NXB Chính Trị Quốc Gia,169000,169000,0,0.0,0,0,,NXB Chính Trị Quốc Gia Sự Thật,Nhà Xuất Bản Chính Trị Quốc Gia Sự Thật,,,,,Bamboo Books,available,1000,True,True,True
276735405,"Sách - So Sánh Bộ Luật Hình Sự Năm 2015, Sửa Đổi, Bổ Sung Năm 2017 Với BLHS Năm 1999, Sửa Đổi, Bổ Sung Năm 2020 - NXB Chính Trị Quốc Gia",189000,189000,0,0.0,0,0,,NXB Chính Trị Quốc Gia Sự Thật,Nhà Xuất Bản Chính Trị Quốc Gia Sự Thật,,,,,Bamboo Books,available,1000,True,True,True
276735664,Sách - Bình Luận Khoa Học Luật Cư Trú - NXB Chính Trị Quốc Gia,85000,85000,0,0.0,0,0,,NXB Chính Trị Quốc Gia Sự Thật,Nhà Xuất Bản Chính Trị Quốc Gia Sự Thật,,,,,Bamboo Books,available,1000,True,True,True
276735759,Sách - Xử Phạt Vi Phạm Hành Chính Đối Với Người Chưa Thành Niên - Thực Trạng Và Hướng Hoàn Thiện - NXB Chính Trị Quốc Gia,138000,138000,0,5.0,1,1,,NXB Chính Trị Quốc Gia Sự Thật,Nhà Xuất Bản Chính Trị Quốc Gia Sự Thật,,,,,Bamboo Books,available,1000,True,True,True
276746048,Sách - Luật Quốc Phòng (Hiện Hành) (Sửa Đổi Năm 2023) - NXB Chính Trị Quốc Gia,14000,14000,0,5.0,1,3,,NXB Chính Trị Quốc Gia Sự Thật,Nhà Xuất Bản Chính Trị Quốc Gia Sự Thật,,,,,Bamboo Books,available,1000,True,True,True
276735763,Sách - Luật Quy Hoạch - NXB Chính Trị Quốc Gia,32000,32000,0,0.0,0,0,,NXB Chính Trị Quốc Gia Sự Thật,Nhà Xuất Bản Chính Trị Quốc Gia Sự Thật,,,,,Bamboo Books,available,1000,True,True,True
276735619,"Sách - Bộ Luật Tố Tụng Dân Sự ( Sửa Đổi, Bổ Sung Năm 2019, 2020,2022) - NXB Chính Trị Quốc Gia",120000,120000,0,0.0,0,0,,NXB Chính Trị Quốc Gia Sự Thật,Nhà Xuất Bản Chính Trị Quốc Gia Sự Thật,,,,,Bamboo Books,available,1000,True,True,True
276735652,Sách - Giới Thiệu Tác Phẩm Chống Đuyrinh Của Ph. Ăngghen - NXB Chính Trị Quốc Gia,46000,46000,0,0.0,0,1,,NXB Chính Trị Quốc Gia Sự Thật,Nhà Xuất Bản Chính Trị Quốc Gia Sự Thật,,,,,Bamboo Books,available,1000,True,True,True
276735613,Sách - Chuyển Đổi Số Về Đo Lường Trong Hạ Tầng Chất Lượng Quốc Gia - NXB Chính Trị Quốc Gia,114000,114000,0,0.0,0,1,,NXB Chính Trị Quốc Gia Sự Thật,Nhà Xuất Bản Chính Trị Quốc Gia Sự Thật,,,,,Bamboo Books,available,1000,True,True,True
276735543,Sách - Giáo Trình Lãnh Đạo Và Quản Lý Cấp Cơ Sở - NXB Chính Trị Quốc Gia,78000,78000,0,0.0,0,0,,NXB Chính Trị Quốc Gia Sự Thật,Nhà Xuất Bản Chính Trị Quốc Gia Sự Thật,,,,,Bamboo Books,available,1000,True,True,True
276735413,"Sách - Luật An Toàn Thông Tin Mạng (Hiện Hành) (Sửa Đổi, Bổ Sung Năm 2018) - NXB Chính Trị Quốc Gia",18000,18000,0,0.0,0,0,,NXB Chính Trị Quốc Gia Sự Thật,Nhà Xuất Bản Chính Trị Quốc Gia Sự Thật,,,,,Bamboo Books,available,1000,True,True,True
276735795,Sách - Người Bạn Đường Du Lịch Văn Hóa Hội An - NXB Chính Trị Quốc Gia,93000,93000,0,0.0,0,0,,NXB Chính Trị Quốc Gia Sự Thật,Nhà Xuất Bản Chính Trị Quốc Gia Sự Thật,,,,,Bamboo Books,available,1000,True,True,True
276797953,Sách - Tài Liệu Bồi Dưỡng Nghiệp Vụ Tuyên Truyền Miệng - NXB Chính Trị Quốc Gia,39000,39000,0,0.0,0,0,,NXB Chính Trị Quốc Gia Sự Thật,Nhà Xuất Bản Chính Trị Quốc Gia Sự Thật,,,,,Bamboo Books,available,1000,True,True,True
276735587,Sách - Bình Luận Khoa Học Hiến Pháp Nước Cộng Hòa Xã Hội Chủ Nghĩa Việt Nam Năm 2013 - NXB Chính Trị Quốc Gia,265000,265000,0,0.0,0,1,,NXB Chính Trị Quốc Gia Sự Thật,Nhà Xuất Bản Chính Trị Quốc Gia Sự Thật,,,,,Bamboo Books,available,1000,True,True,True
276735568,Sách - Luật Chuyển Giao Công Nghệ - NXB Chính Trị Quốc Gia,14000,14000,0,0.0,0,0,,NXB Chính Trị Quốc Gia Sự Thật,Nhà Xuất Bản Chính Trị Quốc Gia Sự Thật,,,,,Bamboo Books,available,1000,True,True,True
276735421,Sách - Quan Hệ Nhật Bản - Trung Quốc Từ Năm 1949 Đến Năm 1991 - NXB Chính Trị Quốc Gia,60000,60000,0,0.0,0,3,,NXB Chính Trị Quốc Gia Sự Thật,Nhà Xuất Bản Chính Trị Quốc Gia Sự Thật,,,,,Bamboo Books,available,1000,True,True,True
276735545,Sách - Nâng Cao Chất Lượng Dạy Học Tác Phẩm Hồ Chí Minh - NXB Chính Trị Quốc Gia,114000,114000,0,0.0,0,0,,NXB Chính Trị Quốc Gia Sự Thật,Nhà Xuất Bản Chính Trị Quốc Gia Sự Thật,,,,,Bamboo Books,available,1000,True,True,True
276735821,Sách - Mù Cang Chải - Bản Giao Hưởng Giữa Thiên Nhiên Và Văn Hóa - NXB Chính Trị Quốc Gia,148000,148000,0,0.0,0,1,,NXB Chính Trị Quốc Gia Sự Thật,Nhà Xuất Bản Chính Trị Quốc Gia Sự Thật,,,,,Bamboo Books,available,1000,True,True,True
276735451,"Sách - Nâng Cao Hiệu Quả Giám Sát Của Cơ Quan Dân Cử Đối Với Việc Thực Thi Chính Sách, Pháp Luật Về An Sinh Xã Hội ở Việt Nam - NXB Chính Trị Quốc Gia",189000,189000,0,0.0,0,0,,NXB Chính Trị Quốc Gia Sự Thật,Nhà Xuất Bản Chính Trị Quốc Gia Sự Thật,,,,,Bamboo Books,available,1000,True,True,True
276797955,Sách - Đảng Ta Thật Là Vĩ Đại - NXB Chính Trị Quốc Gia,35000,35000,0,0.0,0,0,,NXB Chính Trị Quốc Gia Sự Thật,Nhà Xuất Bản Chính Trị Quốc Gia Sự Thật,,,,,Bamboo Books,available,1000,True,True,True
273054255,Mưu lược Mao Trạch Đông (bản in 2016),145000,145000,0,0.0,0,3,,Nhà Xuất Bản Chính Trị Quốc Gia Sự Thật,Nhà Xuất Bản Chính Trị Quốc Gia Sự Thật,,,,,ST Book,available,1000,True,True,True
272043807,Nâng cao chất lượng hoạt động của các loại hình tổ chức cơ sở đảng và chất lượng đảng viên trong Đảng bộ Khối các cơ quan Trung ương và Đảng bộ Khối Doanh nghiệp Trung ương (bản in 2016),80000,80000,0,0.0,0,0,,Nhà Xuất Bản Chính Trị Quốc Gia Sự Thật,Nhà Xuất Bản Chính Trị Quốc Gia Sự Thật,,,,,ST Book,available,1000,True,True,True
271963448,"Tố Hữu - Người cộng sản kiên trung, nhà văn hóa tài năng (bản in 2020)",339150,339150,0,0.0,0,0,,Nhà Xuất Bản Chính Trị Quốc Gia Sự Thật,Nhà Xuất Bản Chính Trị Quốc Gia Sự Thật,,,776,,ST Book,available,1000,True,True,True
273579830,Chủ Nghĩa Tam Dân,187000,199000,6,5.0,1,4,,Nhã Nam,hong duc,,,,,Nhà sách Fahasa,available,1000,True,True,True
273549992,CHỦ NGHĨA TAM DÂN - Tôn Trung Sơn - Nhượng Lê dịch - Nhã Nam - NXB Hồng Đức,199000,199000,0,0.0,0,0,,Nhã Nam,Nhà Xuất Bản Hồng Đức,,Bìa mềm tay gấp,404,,FishingBook,available,1000,True,True,True
276359618,"Phát huy giá trị văn hóa, sức mạnh con người Việt Nam trong công cuộc xây dựng và phát triển đất nước (Sách chuyên khảo, xuất bản lần thứ hai có chỉnh sửa,bổ sung)",112000,112000,0,0.0,0,0,,Nhà Xuất Bản Chính Trị Quốc Gia Sự Thật,Nhà Xuất Bản Chính Trị Quốc Gia Sự Thật,,Bìa mềm,360,,Nhà sách Sự thật tại Huế,available,1000,True,True,True
277359820,Tiếp xúc và giao lưu văn hoá Việt - Hoa trong lịch sử - Bản in năm 2023,85000,85000,0,0.0,0,1,,Nhà Xuất Bản Chính Trị Quốc Gia Sự Thật,Nhà Xuất Bản Chính Trị Quốc Gia Sự Thật,,Bìa mềm,291,,Nhà sách Sự thật tại Huế,available,1000,True,True,True
276800977,Sách - Cẩm Nang Dành Cho Đại Biểu Hội Đồng Nhân Dân Các Cấp - NXB Chính Trị Quốc Gia,47000,47000,0,0.0,0,0,,Nhà Xuất Bản Chính Trị Quốc Gia Sự Thật,Nhà Xuất Bản Chính Trị Quốc Gia Sự Thật,,,,,Bamboo Books,available,1000,True,True,True
271356511,Tổng Bí Thư NGUYỄN PHÚ TRỌNG Với Niềm Tin Của Nhân Dân Trong Nước Và Sự Ủng Hộ Của Bạn Bè Quốc Tế - Báo Nhân Dân (Tuyển chọn),357000,357000,0,0.0,0,2,Báo Nhân Dân,Nhà Xuất Bản Chính Trị Quốc Gia Sự Thật,Nhà Xuất Bản Chính Trị Quốc Gia Sự Thật,,Bìa mềm,604,2023-08-23,Nhà Sách Lao Động,available,1000,True,True,True
276800935,Sách - Sổ Tay Nghiệp Vụ Công Tác Tố Tụng Hành Chính Dùng Cho Cơ Quan Hành Chính Nhà Nước - NXB Chính Trị Quốc Gia,44000,44000,0,0.0,0,0,,Nhà Xuất Bản Chính Trị Quốc Gia Sự Thật,Nhà Xuất Bản Chính Trị Quốc Gia Sự Thật,,,,,Bamboo Books,available,1000,True,True,True
276746120,Sách - Luật Bảo Vệ Và Kiểm Dịch Thực Vật (Hiện Hành) - NXB Chính Trị Quốc Gia,46000,46000,0,0.0,0,0,,Nhà Xuất Bản Chính Trị Quốc Gia Sự Thật,Nhà Xuất Bản Chính Trị Quốc Gia Sự Thật,,,,,Bamboo Books,available,1000,True,True,True
276746146,Sách - Luật Mặt Trận Tổ Quốc Việt Nam - NXB Chính Trị Quốc Gia,11000,11000,0,0.0,0,5,,Nhà Xuất Bản Chính Trị Quốc Gia Sự Thật,Nhà Xuất Bản Chính Trị Quốc Gia Sự Thật,,,,,Bamboo Books,available,1000,True,True,True
276746112,"Sách - Luật Thủy Sản Năm 2017 (Sửa Đổi, Bổ Sung Năm 2020, 2024) - NXB Chính Trị Quốc Gia",44000,44000,0,0.0,0,1,,Nhà Xuất Bản Chính Trị Quốc Gia Sự Thật,Nhà Xuất Bản Chính Trị Quốc Gia Sự Thật,,,,,Bamboo Books,available,1000,True,True,True
270742229,"Chăm lo lợi ích, hạnh phúc và phát huy quyền làm chủ của nhân dân theo tư tưởng, đạo đức phong cách Hồ Chí Min",50000,50000,0,0.0,0,0,,Nhà Xuất Bản Chính Trị Quốc Gia Sự Thật,Nhà Xuất Bản Chính Trị Quốc Gia Sự Thật,,,,2019-07-27,ST Book,available,1000,True,True,True
276746164,Sách - Luật Các Tổ Chức Tín Dụng - NXB Chính Trị Quốc Gia,62000,62000,0,0.0,0,0,,Nhà Xuất Bản Chính Trị Quốc Gia Sự Thật,Nhà Xuất Bản Chính Trị Quốc Gia Sự Thật,,,,,Bamboo Books,available,1000,True,True,True
276800951,Sách - Chủ Nghĩa Xã Hội Việt Nam Lôgic Đổi Mới Và Phát Triển - NXB Chính Trị Quốc Gia,205000,205000,0,0.0,0,1,,Nhà Xuất Bản Chính Trị Quốc Gia Sự Thật,Nhà Xuất Bản Chính Trị Quốc Gia Sự Thật,,,,,Bamboo Books,available,1000,True,True,True
276746090,"Sách - Luật Đấu Giá Tài Sản Năm 2016 ( Sửa Đổi, Bổ Sung Năm 2023, 2024) - NXB Chính Trị Quốc Gia",40000,40000,0,0.0,0,3,,Nhà Xuất Bản Chính Trị Quốc Gia Sự Thật,Nhà Xuất Bản Chính Trị Quốc Gia Sự Thật,,,,,Bamboo Books,available,1000,True,True,True
276740374,Sách - Tìm Hiểu Văn Hóa La Mã - VIETNAMBOOK,60000,80000,25,0.0,0,2,,Vinabook JSC,Nhà Xuất Bản Hồng Đức,,,,,VIETNAMBOOK,available,1000,True,True,True
276736359,Sách - Từ Cách Mạng Tháng Tám Đến Chiến Dịch Hồ Chí Minh 1975 - Vũ Kim Yến - VIETNAMBOOK,69000,92000,25,0.0,0,5,,Vinabook JSC,Nhà Xuất Bản Hồng Đức,,,,,VIETNAMBOOK,available,1000,True,True,True
253063820,Kể Chuyện Cuộc Đời Các Thiên Tài Robert Koch - Nhà Vi Trùng Học Tài Ba,55100,55100,0,0.0,0,0,Rasmus Hoài Nam,Công ty Cổ Phần Văn Hóa và Giáo Dục Tân Việt,Nhà Xuất Bản Thanh Niên,,Bìa mềm,136,,Minhhabooks,available,1000,True,True,True
276736353,Sách - Trịnh Nguyễn Phân Tranh Chia Cắt Hai Miền Đất Nước - Trần Ngọc Bình - VIETNAMBOOK,52500,70000,25,0.0,0,0,,Vinabook JSC,Nhà Xuất Bản Hồng Đức,,,,,VIETNAMBOOK,available,1000,True,True,True
276736312,Sách - Khám Phá Ẩm Thực Truyền Thống Việt Nam - Ngô Đức Thịnh - VIETNAMBOOK,142500,190000,25,5.0,1,5,,Vinabook JSC,Nhà Xuất Bản Hồng Đức,,,,,VIETNAMBOOK,available,1000,True,True,True
276740402,Sách - Tìm Hiểu Văn Hóa Ấn Độ - VIETNAMBOOK,63000,84000,25,0.0,0,2,,Vinabook JSC,Nhà Xuất Bản Hồng Đức,,,,,VIETNAMBOOK,available,1000,True,True,True
276191254,Chủ nghĩa tư bản lịch sử thăng trầm 120 năm (1900 - 2020) bản in 2021,238000,238000,0,0.0,0,3,,Nhà Xuất Bản Chính Trị Quốc Gia Sự Thật,Nhà Xuất Bản Chính Trị Quốc Gia Sự Thật,,,,,ST Book,available,1000,True,True,True
274053251,"Đấu Tranh Phòng, Chống Tham Nhũng, Tiêu Cực: Một Việc Làm Cần Thiết, Tất Yếu; Một Xu Thế Không Thể Đảo Ngược (Tập 1)",85000,85000,0,0.0,0,1,Nguyễn Phú Trọng,Nhà Xuất Bản Chính Trị Quốc Gia Sự Thật,Nhà Xuất Bản Chính Trị Quốc Gia Sự Thật,,Bìa mềm,228,2023-10-31,VIETNAMBOOK,available,1000,True,True,True
276746084,"Sách - Bộ Luật Tố Tụng Hình Sự (Hiện Hành) (Sửa Đổi, Bổ Sung Năm 2021) - NXB Chính Trị Quốc Gia",123000,123000,0,0.0,0,0,,Nhà Xuất Bản Chính Trị Quốc Gia Sự Thật,Nhà Xuất Bản Chính Trị Quốc Gia Sự Thật,,,,,Bamboo Books,available,1000,True,True,True
276746106,"Sách - Luật Đầu Tư Công (Hiện Hành) (Sửa Đổi, Bổ Sung Năm 2020, 2022) - NXB Chính Trị Quốc Gia",61000,61000,0,0.0,0,0,,Nhà Xuất Bản Chính Trị Quốc Gia Sự Thật,Nhà Xuất Bản Chính Trị Quốc Gia Sự Thật,,,,,Bamboo Books,available,1000,True,True,True
275443599,"Biến thách thức thành cơ hội. Quyết tâm đột phá đưa đất nước phát triển nhanh, bền vững (bản in 2024)",377000,377000,0,0.0,0,0,GS. TS Nguyễn Phú Trọng,Nhà Xuất Bản Chính Trị Quốc Gia Sự Thật,Nhà Xuất Bản Chính Trị Quốc Gia Sự Thật,,Bìa mềm tay gấp,830,,Bảo Châu Books,available,1000,True,True,True
276746085,"Sách - Bộ Luật Hình Sự (Hiện Hành) (Bộ Luật Năm 2015, Sửa Đổi, Bổ Sung Năm 2017) - NXB Chính Trị Quốc Gia",133000,133000,0,0.0,0,0,,Nhà Xuất Bản Chính Trị Quốc Gia Sự Thật,Nhà Xuất Bản Chính Trị Quốc Gia Sự Thật,,,,,Bamboo Books,available,1000,True,True,True
222503508,Tôn Giáo Và Công Bằng Kinh Tế,328000,328000,0,0.0,0,0,,Nhà Xuất Bản Chính Trị Quốc Gia Sự Thật,Nhà Xuất Bản Chính Trị Quốc Gia Sự Thật,,Bìa gập,424,2022-12-30,Nhà Sách Lao Động,available,1000,True,True,True
198928233,"Nhà nước thế tục (Sách tham khảo) (Xuất bản lần thứ hai năm 2022, có chỉnh sửa, bổ sung)",308000,308000,0,0.0,0,0,,Nhà Xuất Bản Chính Trị Quốc Gia Sự Thật,Nhà Xuất Bản Chính Trị Quốc Gia Sự Thật,,,,,Nhà Sách Lao Động,available,1000,True,True,True
276746142,Sách - Luật Trẻ Em (Hiện Hành) - NXB Chính Trị Quốc Gia,27000,27000,0,0.0,0,0,,Nhà Xuất Bản Chính Trị Quốc Gia Sự Thật,Nhà Xuất Bản Chính Trị Quốc Gia Sự Thật,,,,,Bamboo Books,available,1000,True,True,True
275573645,KINH NGHIỆM GIẢI QUYẾT CÁC VẤN ĐỀ AN NINH PHI TRUYỀN THỐNG TRÊN THẾ GIỚI VÀ GỢI MỞ ĐỐI VỚI VIỆT NAM – NXB CTQG Sự Thật,154000,154000,0,0.0,0,5,,Nhà Xuất Bản Chính Trị Quốc Gia Sự Thật,Nhà Xuất Bản Chính Trị Quốc Gia Sự Thật,,,,,BÌNH BÁN BOOK,available,1000,True,True,True
276746118,"Sách - Luật Đê Điều (Hiện Hành) (Sửa Đổi Bổ Sung Năm 2008, 2018, 2020) - NXB Chính Trị Quốc Gia",16000,16000,0,0.0,0,0,,Nhà Xuất Bản Chính Trị Quốc Gia Sự Thật,Nhà Xuất Bản Chính Trị Quốc Gia Sự Thật,,,,,Bamboo Books,available,1000,True,True,True
49226548,Sách Cẩm Nang Hướng Dẫn Các Biện Pháp Phòng Chống Dịch Bệnh,250000,250000,0,0.0,0,0,"Tăng Bình, Ái Phương",Nhà sách Lao Động,Nhà Xuất Bản Hồng Đức,,Bìa mềm,416,2020-02-02,Nhà Sách Lao Động,available,1000,True,True,True
273673733,Cuốn Sách Hay Đáng Đọc Của Tác Giả Đào Duy Anh- Khổng Giáo Phê Bình Tiểu Luận,70000,70000,0,0.0,0,0,,Nhã Nam,Nhà Xuất Bản Hồng Đức,,,,,Bamboo Books,available,1000,True,True,True
222518689,Quản Lý Nhà Nước Về Kinh Tế Đất Theo Cơ Chế Thị Trường Ở Việt Nam (Sách chuyên khảo),163000,163000,0,5.0,1,1,,Nhà Xuất Bản Chính Trị Quốc Gia Sự Thật,Nhà Xuất Bản Chính Trị Quốc Gia Sự Thật,,Bìa mềm,328,2022-11-30,Nhà Sách Lao Động,available,1000,True,True,True
276174535,"Hỏi - đáp về phòng, chống tham nhũng, tiêu cực ở Việt Nam",110400,110400,0,0.0,0,1,Nguyễn Xuân Trường,Nhà Xuất Bản Chính Trị Quốc Gia Sự Thật,Nhà Xuất Bản Chính Trị Quốc Gia Sự Thật,,Bìa mềm,596,,Nhà sách Sự thật tại Huế,available,1000,True,True,True
271126623,Nguyên Tắc Khoái Lạc,148500,158000,6,0.0,0,2,Catherine Wilson,Nhã Nam,Nhà Xuất Bản Hà Nội,,,,,Nhà sách Fahasa,available,1000,True,True,True
272337302,Một số vấn đề lý luận và thực tiễn về đổi mới phát triển đất nước (bản in 2023),491280,491280,0,0.0,0,4,,Nhà Xuất Bản Chính Trị Quốc Gia Sự Thật,Nhà Xuất Bản Chính Trị Quốc Gia Sự Thật,,,,,ST Book,available,1000,True,True,True
117139001,Biện Pháp Phi Thuế Quan Của Việt Nam Đối Với Hàng Nông Sản Nhập Khẩu (Sách chuyên khảo),86000,86000,0,0.0,0,6,Ths. Nguyễn Thị Bích Ngọc,Nhà Xuất Bản Chính Trị Quốc Gia Sự Thật,Nhà Xuất Bản Chính Trị Quốc Gia Sự Thật,,Bìa mềm,259,,VIETNAMBOOK,available,1000,True,True,True
276800973,Sách - Vận Dụng Các Nguyên Tắc Của Quản Trị Nhà Nước Tốt Vào Đổi Mới Quản Lý Nhà Nước Ở Việt Nam Hiện Nay - NXB Chính Trị Quốc Gia,181800,202000,10,0.0,0,1,,Nhà Xuất Bản Chính Trị Quốc Gia Sự Thật,Nhà Xuất Bản Chính Trị Quốc Gia Sự Thật,,,,,Bảo Châu Books,available,1000,True,True,True
277084871,Combo Câu chuyện thoát nghèo ở Trung Quốc,580000,580000,0,0.0,0,0,,Công ty TNHH Truyền Thông và Giáo Dục Lyceum,Nhà Xuất Bản Tổng hợp Đà Nẵng,,Bìa mềm tay gấp,750,,SÁCH ĐẠI NAM,available,1000,True,True,True
276739584,Sách - Các Địa Danh Đẹp Nhất Thế Giới - Bìa Cứng - Clive Gifford - VIETNAMBOOK,336000,480000,30,0.0,0,0,,Vinabook JSC,Nhà Xuất Bản Hồng Đức,,,,,VIETNAMBOOK,available,1000,True,True,True
210413509,Câu Chuyện Pháp Luật Và Hình Phạt Theo Dòng Thời Gian,100400,108000,7,0.0,0,2,"Jiří Linhart, Marcel Králik",Nhã Nam,Nhà Xuất Bản Thế Giới,,,,,Nhà sách Fahasa,available,1000,True,True,True
271222190,Nguyên Tắc Khoái Lạc,158000,158000,0,0.0,0,0,Catherine Wilson,Nhã Nam,Nhà Xuất Bản Thế Giới,,Bìa mềm,375,2023-08-16,NHBook,available,1000,True,True,True
273328917,How Politics Works - Hiểu Hết Về Chính Trị,330000,330000,0,0.0,0,0,DK,Nhã Nam,Nhà Xuất Bản Thế Giới,,Bìa mềm,223,2023-11-15,NHBook,available,1000,True,True,True
276746144,Sách - Luật Thỏa Thuận Quốc Tế - NXB Chính Trị Quốc Gia,16000,16000,0,0.0,0,0,,Nhà Xuất Bản Chính Trị Quốc Gia Sự Thật,Nhà Xuất Bản Chính Trị Quốc Gia Sự Thật,,,,,Bamboo Books,available,1000,True,True,True
277026737,Sách - Tiền bẩn và ngụy khoa học (Nhã Nam HCM),183920,209000,12,0.0,0,0,David Michaels,Nhã Nam,Nhà Xuất Bản Thông Tấn,,Bìa mềm,400,2023-12-20,Nhã Nam HCM,available,1000,True,True,True
273535491,Chủ Nghĩa Tam Dân,199000,199000,0,0.0,0,0,,Nhã Nam,Nhà Xuất Bản Hồng Đức,,Bìa mềm,404,2023-12-01,Bamboo Books,available,1000,True,True,True
276800927,"Sách - Văn Kiện Đại Hội Đảng Thời Kỳ Đổi Mới - Phần I (Đại Hội VI, VII, VIII, IX) - NXB Chính Trị Quốc Gia",442000,442000,0,0.0,0,0,,Nhà Xuất Bản Chính Trị Quốc Gia Sự Thật,Nhà Xuất Bản Chính Trị Quốc Gia Sự Thật,,,,,Bamboo Books,available,1000,True,True,True
272863952,"Nhật ký của một bộ trưởng, tập II (bản in 2023)",370000,370000,0,0.0,0,0,,Nhà Xuất Bản Chính Trị Quốc Gia Sự Thật,Nhà Xuất Bản Chính Trị Quốc Gia Sự Thật,,,,,Bamboo Books,available,1000,True,True,True
276800944,Sách - Xây Dựng Đội Ngũ Cán Bộ Ngành Tổ Chức Xây Dựng Đảng Đáp Ứng Yêu Cầu Phát Triển Đất Nước Trong Bối Cảnh Cách Mạng Công Nghiệp Lần Thứ Tư,127000,127000,0,0.0,0,0,,Nhà Xuất Bản Chính Trị Quốc Gia Sự Thật,Nhà Xuất Bản Chính Trị Quốc Gia Sự Thật,,,,,Bamboo Books,available,1000,True,True,True
276150744,"Phương pháp, kỹ năng, kinh nghiệm chủ trì, tham dự hội nghị, hội thảo khoa học (Xuất bản lần thứ hai) - bản in 2024",65000,65000,0,0.0,0,1,,Nhà Xuất Bản Chính Trị Quốc Gia Sự Thật,Nhà Xuất Bản Chính Trị Quốc Gia Sự Thật,,Bìa mềm,,,Bamboo Books,available,1000,True,True,True
276800965,Sách - Bầu Cử Trong Đảng - Một Số Vấn Đề Lý Luận Và Thực Tiến Từ Đại Hội Đảng Ở Cơ Sở - NXB Chính Trị Quốc Gia,60000,60000,0,0.0,0,0,,Nhà Xuất Bản Chính Trị Quốc Gia Sự Thật,Nhà Xuất Bản Chính Trị Quốc Gia Sự Thật,,,,,Bamboo Books,available,1000,True,True,True
182112716,Phong Cách Đàm Phán Ngoại Giao (Sách chuyên khảo),84000,84000,0,5.0,2,11,,Nhà Xuất Bản Chính Trị Quốc Gia Sự Thật,Nhà Xuất Bản Chính Trị Quốc Gia Sự Thật,,Bìa mềm,184,2022-05-21,HaAnBooks,available,1000,True,True,True
276746110,"Sách - Luật Bảo Vệ Môi Trường (Hiện Hành) (Sửa Đổi, Bổ Sung Năm 2022, 2023) - NXB Chính Trị Quốc Gia",73000,73000,0,0.0,0,1,,Nhà Xuất Bản Chính Trị Quốc Gia Sự Thật,Nhà Xuất Bản Chính Trị Quốc Gia Sự Thật,,,,,Bamboo Books,available,1000,True,True,True
276746124,Sách - Luật Thủy Lợi - NXB Chính Trị Quốc Gia,16000,16000,0,0.0,0,0,,Nhà Xuất Bản Chính Trị Quốc Gia Sự Thật,Nhà Xuất Bản Chính Trị Quốc Gia Sự Thật,,,,,Bamboo Books,available,1000,True,True,True
278022818,Thư Tết Của Bác Hồ,40000,40000,0,0.0,0,0,Hồ Chí Minh,NXB Kim Đồng,Nhà Xuất Bản Kim Đồng,,Bìa mềm,92,,Nhà Sách Phương Nam,available,1000,True,True,True
261967585,BÀN VỀ NẠN HỐI LỘ VÀ ĐỨC THANH LIÊM CỦA NGƯỜI LÀM QUAN – TỪ THỤ HIẾU QUY  – Đặng Huy Trứ -NXB CT Quốc Gia Sự Thật,71000,71000,0,0.0,0,0,,Nhà Xuất Bản Chính Trị Quốc Gia Sự Thật,Nhà Xuất Bản Chính Trị Quốc Gia Sự Thật,,,,,Bamboo Books,available,1000,True,True,True
862021,Sách Nền Tảng Chung,115000,152000,24,3.7,7,97,Justin Trudeau,NXB Trẻ,NXB Trẻ,,Bìa cứng,320,2017-11-23,Tiki Trading,available,1000,False,True,True
