id,name,price,list_price,discount_rate,rating_average,review_count,all_time_quantity_sold,authors,publisher_vn,manufacturer,isbn13,book_cover,number_of_page,publication_date,current_seller_name,inventory_status,stock,has_freeship,is_authentic,has_return_policy
278945409,100 Bí Ẩn Đáng Kinh Ngạc Về Tiền - 100 Things To Know About Money,95000,119000,20,0.0,0,21,Nhiều tác giả,Đinh Tị,Nhà Xuất Bản Thế Giới,,Bìa mềm,128.0,,Tiki Trading,available,1000,False,True,True
278777861,Bộ Sách Quiz! Khoa Học Kì Thú [Chọn Tập Lẻ],69000,75000,8,5.0,11,154,Nhiều tác giả,Nhà Xuất Bản Kim Đồng,Nhà Xuất Bản Kim Đồng,,Bìa mềm,200.0,2025-10-20,Tiki Trading,available,1000,False,True,True
278475152,Sách Thiên Văn Học Trực Quan,405000,500000,19,5.0,2,55,"DK, Ian Ridpath",Đinh Tị,Nhà Xuất Bản Thế Giới,,Bìa cứng,352.0,,Tiki Trading,available,1000,False,True,True
278280386,Sách Chuyển Động Thông Minh Đa Ngữ Việt - Anh - Pháp (Giúp Trẻ Nhận Biết Thế Giới Xung Quanh Thật Trực Quan Và Sinh Động),82200,119000,31,5.0,12,22,Nathalie Choux,Đinh Tị,Nhà Xuất Bản Thanh Niên,,Bìa cứng,12.0,,Tiki Trading,available,1000,False,True,True
278241199,Sách Bé Yêu Hạt Cơ Bản/ Kỹ Thuật Hàng Không Vũ Trụ / Lập Trình / Vật Lý Lượng Tử (4 quyển) Song ngữ,37600,49000,23,0.0,0,6,Ruth Spiro,Quảng Văn,Nhà Xuất Bản Phụ Nữ Việt Nam,,Bìa mềm,44.0,,Tiki Trading,available,1000,False,True,True
278231117,Sách Peppa Pig Song Ngữ Anh-Việt,21700,35000,38,0.0,0,14,Nhiều tác giả,Tân Việt,Nhà Xuất Bản Mỹ Thuật,,Bìa mềm,32.0,,Tiki Trading,available,1000,False,True,True
278230910,Sách Bách Khoa Toàn Thư Tìm Hiểu Về Trái Đất,90800,129000,30,0.0,0,5,Lý Kế Dũng,Nhà sách Minh Thắng,Nhà Xuất Bản Mỹ Thuật,,Bìa mềm,112.0,,Tiki Trading,available,1000,False,True,True
278159115,Bộ sách English Zoo -Song Ngữ Anh -Việt,66900,95000,30,0.0,0,9,"Kevin Kang, Mr. Iwi",Tân Việt,Nhà Xuất Bản Mỹ Thuật,,Bìa cứng,16.0,,Tiki Trading,available,1000,True,True,True
278129054,Sách Trò chơi Đồ hàng (Hơn 200 Stickers),25000,35000,29,0.0,0,0,Little Rainbow,Megabook,Nhà Xuất Bản Thanh Niên,,Bìa mềm,8.0,,Tiki Trading,available,1000,False,True,True
278128724,Sách Dán Hình Sáng Tạo - Thế Giới Khủng Long,33300,42000,21,0.0,0,3,Phan Anh Lệ,Đinh Tị,Nhà Xuất Bản Thanh Niên,,Bìa mềm,18.0,,Tiki Trading,available,1000,True,True,True
278070713,Sách Atlas Cho Trẻ Em - Hơn 100 Sticker Và Bản Đồ Địa Hình Siêu Lớn,56200,80000,30,5.0,1,15,Thanh Tú,Tân Việt,Nhà Xuất Bản Mỹ Thuật,,Bìa mềm,19.0,,Tiki Trading,available,1000,False,True,True
275300223,Sách Danh Nhân Khoa Học Việt Nam,24000,30000,20,0.0,0,54,"Nguyễn Như Mai, Nguyễn Hoàng Tấn",NXB Kim Đồng,Nhà Xuất Bản Kim Đồng,,Bìa mềm,32.0,2024-06-01,Tiki Trading,available,1000,False,True,True
275300184,Tranh Truyện Lịch Sử Việt Nam,18400,20000,8,5.0,2,16,"Lê Phương Liên, Lê Minh Hải",NXB Kim Đồng,Nhà Xuất Bản Kim Đồng,,Bìa mềm,32.0,2024-06-01,Tiki Trading,available,1000,False,True,True
275300116,Sách WHO? Chuyện Kể Về Danh Nhân Thế Giới,57000,60000,5,4.8,4,217,"Kim Seung-Min, Choi Byeong-Guk",NXB Kim Đồng,Nhà Xuất Bản Kim Đồng,,Bìa mềm,184.0,2024-06-01,Tiki Trading,available,1000,False,True,True
273464136,Sách Dạy Trẻ Quản Lý Và Tiêu Tiền Đúng Cách,26700,35000,24,0.0,0,103,"Kangaroo Mother, Hoàng Nhữ Khiết",Đinh Tị,Nhà Xuất Bản Thanh Niên,,Bìa mềm,24.0,2023-11-11,Tiki Trading,available,1000,False,True,True
272227226,Sách Mỗi Ngày 10 Phút Thì Thầm Với Con- Những Câu Chuyện Thai Giáo Hay Nhất Thế GiớI,103400,145000,29,4.3,7,174,Park Hannah,Tân Việt,Nhà Xuất Bản Văn Học,,Bìa mềm,205.0,2023-09-01,Tiki Trading,available,1000,False,True,True
270837078,Cuốn Sách Đầu Tiên Của Bé - Các màu sắc - Dành Cho Bé Từ 3-5 Tuổi,83700,119000,30,5.0,1,25,Jake McDonald,Tân Việt,Nhà Xuất Bản Mỹ Thuật,,Bìa mềm,10.0,2023-04-04,Tiki Trading,available,1000,False,True,True
270503767,First Sticker Book - Sách dán hình đầu đời cho bé - Đại dương,57300,75000,24,0.0,0,21,,Đinh Tị,Nhà Xuất Bản Thanh Niên,,,16.0,,Tiki Trading,available,1000,True,True,True
263035841,Sách Vòng Quanh Thế Giới,11400,12000,5,4.7,3,591,"Nguyễn Hào, Tuấn Huỳnh",Kim Đồng,Nhà Xuất Bản Kim Đồng,,Bìa mềm,16.0,2023-05-29,Tiki Trading,available,1000,False,True,True
252561538,Sách 24 giờ,84200,93400,10,0.0,0,59,Nhiều tác giả,Đinh Tị,Nhà Xuất Bản Thanh Niên,,Bìa mềm,64.0,2023-01-01,Tiki Trading,available,1000,False,True,True
207830870,Combo giáo dục giới tính nhi đồng (3 cuốn),135360,188000,28,5.0,7,174,"Tam Tam, Đinh Bằng",Nhã Nam,Nhà Xuất Bản Hà Nội,,Bìa mềm,120.0,2022-12-01,Tiki Trading,available,1000,False,True,True
207830858,Combo Gi gỉ gì gi cái gì cũng biết (4 cuốn),371140,482000,23,5.0,6,76,"Mima Noyuri, Hanazono Makoto",Nhã Nam,Nhà Xuất Bản Thế Giới,,Bìa mềm,720.0,2022-12-01,Tiki Trading,available,1000,False,True,True
170098838,Sách Hoá Học Hữu Cơ Cho Trẻ Em,26300,37000,29,4.6,11,88,Chris Ferrie,Nhà xuất bản Phụ Nữ,Nhà Xuất Bản Phụ Nữ Việt Nam,,Bìa mềm,28.0,2022-03-03,Tiki Trading,available,1000,False,True,True
170098832,Sách Vật Lý Lượng Tử Cho Trẻ Em,28100,37000,24,3.7,3,79,Chris Ferrie,Nhà xuất bản Phụ Nữ,Nhà Xuất Bản Phụ Nữ Việt Nam,,Bìa mềm,28.0,2022-03-03,Tiki Trading,available,1000,False,True,True
152464652,Sách 100 Bí Ẩn Đáng Kinh Ngạc Về Giải Cứu Trái Đất - 100 Things To Know About Saving The Planet,89900,119000,24,5.0,13,197,Nhiều tác giả,Đinh Tị,Nhà Xuất Bản Thanh Niên,,Bìa cứng,236.0,2021-12-12,Tiki Trading,available,1000,False,True,True
129767997,First Sticker Book - Sách Dán Hình Đầu Đời Cho Bé - Sân Bay 75N,62700,75000,16,5.0,22,214,Sam Smith,Đinh Tị,Nhà Xuất Bản Thanh Niên,,Bìa mềm,24.0,2021-10-01,Tiki Trading,available,1000,False,True,True
120509474,"Sách Hiểu Về Tài Chính, Vững Bước Tương Lai - Tiết Kiệm Cho Tương Lai",24700,25000,1,5.0,2,14,Cecilia Minden,NXB Kim Đồng,Nhà Xuất Bản Kim Đồng,,Bìa mềm,32.0,2021-08-01,Nhà sách Fahasa,available,1000,True,True,True
79129127,Sách Vẽ Theo Phong Cách Kawaii Với 5 Bước Đơn Giản- Thế Giới Muôn Màu,47500,59000,19,4.8,26,233,Lulu Mayo,Đinh Tị,Nhà Xuất Bản Thanh Niên,,Bìa mềm,64.0,2021-02-01,Tiki Trading,available,1000,True,True,True
75954477,Sách Stem Quanh Em - Nghệ Thuật Siêu Ấn Tượng,53100,59000,10,0.0,0,1,"Jenny Jacoby, Vicky Barker",Alphabooks,Nhà Xuất Bản Dân Trí,,Bìa mềm,33.0,2021-01-01,Nhà sách Fahasa,available,1000,True,True,True
46755077,Sách Vòng Quanh Thế Giới - Canada,11400,12000,5,4.7,32,392,"Nguyễn Hào, Minh Tuấn",Nhà Xuất Bản Kim Đồng,Nhà Xuất Bản Kim Đồng,,Bìa mềm,16.0,2020-01-02,Nhà sách Fahasa,available,1000,True,True,True
39909003,Sách Giáo Dục Nhi Đồng,61750,65000,5,4.7,20,444,Đạm Phương Nữ Sử,Nhà Xuất Bản Kim Đồng,Nhà Xuất Bản Kim Đồng,,Bìa mềm,496.0,,Tiki Trading,available,1000,False,True,True
38545328,Sách Ghép Hình Phát Triển Trí Tuệ - Động Vật Biển(Tái Bản),85500,90000,5,0.0,0,3,Pandabooks,Pandabooks,,,Bìa cứng,5.0,2019-10-01,Nhà sách Fahasa,available,1000,True,True,True
35191890,Sách I Will Be Better - Những Câu Chuyện Truyền Cảm Hứng: Con Sẽ Tự Giác,46500,50000,7,5.0,33,325,Yuman,Nhà Xuất Bản Kim Đồng,,,Bìa mềm,192.0,2019-09-01,Nhà sách Fahasa,available,1000,True,True,True
13359663,Combo Những Chiếc Xe Hiệp Sĩ ( 8 Cuốn ),140000,144000,3,4.8,199,2252,"Mijika, Tianying",Nhà Xuất Bản Kim Đồng,,,Bìa mềm,192.0,1900-01-04,Tiki Trading,available,1000,False,False,True
10738198,Combo Danh Nhân Thế Giới (10 cuốn) - Tái Bản,300000,300000,0,5.0,6,61,,Nhà Xuất Bản Kim Đồng,Nhà Xuất Bản Kim Đồng,,Bìa mềm,,2019-02-02,NHBook,available,1000,True,True,True
1215677,Sách Từ Những Hạt Mầm: Hột Điều Của Sóc,12700,15000,15,5.0,7,885,"Nguyên Trang, Tố Ny",Nhà Xuất Bản Kim Đồng,Nhà Xuất Bản Kim Đồng,,Bìa mềm,24.0,2023-07-14,Tiki Trading,available,1000,False,True,True
1215673,Sách Từ Những Hạt Mầm: Kiến Đen Tìm Mè,13000,13000,0,5.0,2,65,"Nguyên Trang, Khánh Nguyên",Nhà Xuất Bản Kim Đồng,,,Bìa mềm,24.0,2017-01-01,Nhà sách Fahasa,available,1000,True,True,True
1215671,Sách Từ Những Hạt Mầm: Vườn Đậu Của Giun,13000,13000,0,5.0,4,75,"Nguyễn Trần Thiên Lộc, Tố Ny",Nhà Xuất Bản Kim Đồng,,,Bìa mềm,24.0,2017-01-01,Nhà sách Fahasa,available,1000,True,True,True
606178,Sách 1000 Câu Đố Phát Triển Trí Tuệ - Khai Phá Tiềm Năng,76000,80000,5,5.0,3,480,Xing Tao,Nhà Xuất Bản Kim Đồng,Nhà Xuất Bản Kim Đồng,,Bìa mềm,208.0,2017-04-01,Tiki Trading,available,1000,False,True,True
542982,Sách Bé Học Lễ Giáo - Bubu Tập 34: Bubu Đi Tựu Trường (Tái Bản),13000,15000,13,4.7,3,661,Tiểu Vi Thanh,NXB Trẻ,NXB Trẻ,,Bìa mềm,,2024-09-13,Tiki Trading,available,1000,False,True,True
278945406,Thế Giới Nhỏ Động Đậy,95300,138000,31,0.0,0,6,Minh họa: Teresa Bellón,Đinh Tị,Nhà Xuất Bản Hà Nội,,Bìa mềm,10.0,,Tiki Trading,available,1000,False,True,True
278830759,Sách - Quiz! Khoa Học Kì Thú - Nhà Sáng Tạo Nội Dung Youtube,75000,75000,0,0.0,0,0,nhieu tac gia,Nhà Xuất Bản Kim Đồng,Nhà Xuất Bản Kim Đồng,,Bìa mềm,,2023-12-21,Bamboo Books,available,1000,True,True,True
278819547,Mini fashion show (Lẻ/Combo),17700,29000,39,0.0,0,1,Little Angel,Nhà sách Minh Thắng,Nhà Xuất Bản Văn Học,,Bìa mềm,32.0,,Tiki Trading,available,1000,False,True,True
278728400,Sách Kinh Tế Học Vui Nhộn - Những Câu Hỏi Kinh Tế Ra Tiền,62000,75000,17,0.0,0,16,"Lý Huy, Vương Hiểu Nhã",Megabook,Nhà Xuất Bản Thế Giới,,Bìa mềm,,,Tiki Trading,available,1000,False,True,True
278519215,Sách Kĩ Năng An Toàn Cho Học Sinh,40600,65000,38,0.0,0,0,Nhóm An Toàn,Minh Long,Nhà Xuất Bản Phụ Nữ,,Bìa mềm,188.0,,Tiki Trading,available,1000,True,True,True
278431797,"Sách Cẩm Nang Về Tiên, Sinh Vật Huyền Bí Và Phép Thuật",161000,180000,11,5.0,1,31,"Emily Hawkins, Poppy David, Jessica Roux",Nhà Xuất Bản Kim Đồng,Nhà Xuất Bản Kim Đồng,,Bìa cứng,64.0,2025-07-27,Tiki Trading,available,1000,False,True,True
278422338,Sách Đất Nước Gấm Hoa - Atlas Việt Nam,308000,350000,12,5.0,50,157,"Hồ Quốc Cường, Võ Thị Mai Chi",NXB Kim Đồng,Nhà Xuất Bản Kim Đồng,,Bìa mềm,172.0,2022-08-08,Tiki Trading,available,1000,False,True,True
278242201,Truyện tranh khoa học về các loài côn trùng,38000,58000,34,0.0,0,29,"Lưu Tiểu Muội, Hầu Á Nam",Đinh Tị,Nhà Xuất Bản Thanh Niên,,Bìa mềm,44.0,,Tiki Trading,available,1000,False,True,True
278241066,Sách Tranh Song Ngữ,37600,49000,23,0.0,0,4,"Jane Chapman, Karma Wilson",Quảng Văn,Nhà Xuất Bản Phụ Nữ Việt Nam,,Bìa mềm,72.0,,Tiki Trading,available,1000,False,True,True
278158906,Sách Miếng Dán Hình Vui Nhộn ( 2- 6 Tuổi),27500,45000,39,0.0,0,6,Truyền thông Gia Lương,Nhà sách Minh Thắng,Nhà Xuất Bản Phụ Nữ Việt Nam,,Bìa mềm,24.0,,Tiki Trading,available,1000,False,True,True
278158397,Sách Thế Giới Diệu Kì Của Peppa Pig (18 quyển),18200,29000,37,0.0,0,15,,Tân Việt,Nhà Xuất Bản Mỹ Thuật,,Bìa mềm,24.0,,Tiki Trading,available,1000,False,True,True
278138785,Sách Những kiến thức đầu đời cho bé,17700,25000,29,0.0,0,0,Lưu Kính Dư,Đinh Tị,Nhà Xuất Bản Hà Nội,,Bìa mềm,22.0,,Tiki Trading,available,1000,True,True,True
278138310,Sách EQ-IQ Giúp Trẻ Làm Chủ Cảm Xúc,23300,32000,27,0.0,0,18,Audrey Bouquet,Đinh Tị,Nhà Xuất Bản Thanh Niên,,Bìa mềm,28.0,,Tiki Trading,available,1000,False,True,True
278128736,Sách Dạy Trẻ Hành Vi Tốt,19800,29000,32,0.0,0,3,"Phòng biên tập Tân Nhã, Dã Nhân",Đinh Tị,Nhà Xuất Bản Thanh Niên,,Bìa mềm,32.0,,Tiki Trading,available,1000,True,True,True
278116017,Sách - Khơi Dậy Khả Năng Lãnh Đạo Cho Trẻ - Phương Pháp Hướng Dẫn Trẻ Trở Nên Xuất Sắc Hơn - Nhà Xuất Bản Dân Trí,186000,186000,0,4.5,2,24,,Công ty TNHH Tiên Phong Books,Nhà Xuất Bản Dân Trí,,Bìa mềm,,,Tiên Phong Books Việt Nam,available,1000,True,True,True
278110637,Sách Biết Để Làm Gì?,108000,135000,20,5.0,1,27,DK,Nhà Xuất Bản Kim Đồng,Nhà Xuất Bản Kim Đồng,,Bìa mềm,,,Tiki Trading,available,1000,False,True,True
278029343,Sách JADOO Khám Phá Kỹ Năng Sống,37400,59000,37,0.0,0,8,1980Edu (Quỳnh Hương),1980 Books,Nhà Xuất Bản Dân Trí,,Bìa mềm,,,Tiki Trading,available,1000,False,True,True
277591266,Sách Bé Thông Minh,36480,38000,4,0.0,0,0,Quyên Gavoye,Nhà Xuất Bản Kim Đồng,Nhà Xuất Bản Kim Đồng,,Bìa cứng,20.0,2025-01-01,Tiki Trading,available,1000,False,True,True
275243836,Bộ sách Thám tử Sherlock Nhí,29000,38000,24,5.0,2,34,"Pascal Prévot, Art Grootfontein",NXB Trẻ,NXB Trẻ,,Bìa mềm,44.0,2024-06-14,Tiki Trading,available,1000,False,True,True
274969771,Sách Những Con Đường Tơ Lụa Và Những Trang Sử Phi Thường Tạo Nên Thế Giới,289000,289000,0,0.0,0,0,Peter Frankopan,Alphabooks,Nhà Xuất Bản Thế Giới,,Bìa mềm tay gấp,128.0,2024-05-13,Nhà Sách Vĩnh Thụy,available,1000,True,True,True
274863837,Combo Sách trò chơi bóc dán - khám phá thế giới cho bé (5 cuốn),146000,180000,19,5.0,3,32,Little Rainbow,Megabook,Nhà Xuất Bản Thanh Niên,,Bìa mềm,,2024-04-01,Tiki Trading,available,1000,False,True,True
274566783,Sách Siêu Nhí Hỏi Nhà Khoa Học Trả Lời - 100 Bí Ẩn Mọi Đứa Trẻ Đều Muốn Hỏi Một Nhà Khoa Học,203600,299000,32,4.8,1392,512,Robert Winston,1980 Books,Nhà Xuất Bản Dân Trí,,Bìa cứng,128.0,2020-04-01,Tiki Trading,available,1000,False,True,True
274315616,Sách Thiên nhiên muôn màu - STEM,32000,45000,29,0.0,0,37,Sandra Lebrun,NXB Trẻ,NXB Trẻ,,Bìa mềm,48.0,2024-03-08,Tiki Trading,available,1000,False,True,True
272002669,Sách Who? Chuyện Kể Về Danh Nhân Thế Giới - Wilhelm Roentgen,55200,60000,8,5.0,121,120,"Oh Youngseok, Lee Jongwon",Nhà Xuất Bản Kim Đồng,Nhà Xuất Bản Kim Đồng,,Bìa mềm,176.0,2019-03-15,Tiki Trading,available,1000,False,True,True
271950415,Sách Lịch Sử Thế Giới Theo Dòng Sự Kiện - Từ Thời Đồ Đá Tới Thời Hiện Đại,164211,229000,28,4.8,5,88,Jane Chisholm,Nhã Nam,Nhà Xuất Bản Hội Nhà Văn,,Bìa cứng,130.0,,Tiki Trading,available,1000,False,True,True
262875319,Sách Bé học - bé chơi - Tô màu vương quốc khủng long,16000,20000,20,0.0,0,18,Award Publications Ltd,NXB Trẻ,NXB Trẻ,,Bìa mềm,16.0,2023-06-15,Tiki Trading,available,1000,False,True,True
262593152,Sách Who? Chuyện Kể Về Danh Nhân Thế Giới: Charlie Chaplin,50600,55000,8,4.8,145,163,"ChungBe Studios, Park Yeonah",Nhà Xuất Bản Kim Đồng,Nhà Xuất Bản Kim Đồng,,Bìa mềm,160.0,2019-01-05,Tiki Trading,available,1000,False,True,True
191926640,Sách Trái cây đại chiến Zombie - Thế giới khủng long: Tập 2: Công viên khủng long,65000,89000,27,4.8,24,273,Tiếu Giang Nam,Huy Hoàng Bookstore,Nhà Xuất Bản Phụ Nữ Việt Nam,,Bìa mềm,176.0,2023-07-04,Tiki Trading,available,1000,False,True,True
184419756,Kay's Anatomy - Giải Phẫu Cơ Thể Người (Một Cuốn Sách Cực Ngầu Về Giải Phẫu Cơ Thể),147000,166000,11,5.0,25,316,"Adam Kay, Henry Paker",NXB Kim Đồng,Nhà Xuất Bản Kim Đồng,,Bìa cứng,416.0,2023-06-20,Tiki Trading,available,1000,False,True,True
173481363,Sách Bách Khoa Tri Thức Cho Trẻ Em,196100,280000,30,5.0,26,361,Nhiều tác giả,Đinh Tị,Nhà Xuất Bản Thanh Niên,,Bìa cứng,224.0,2022-02-02,Tiki Trading,available,1000,False,True,True
78975583,Có Một Con Mọt Sách (Tái Bản),48100,58000,17,4.6,5,28,Bác Sĩ Đỗ Hồng Ngọc,First News - Trí Việt,Nhà Xuất Bản Tổng hợp TP.HCM,,Bìa mềm,60.0,2021-02-21,Nhà sách Fahasa,available,1000,True,True,True
77323612,Bộ Sách Vỡ Lòng Về Khoa Học: Thông Tin Lượng Tử Cho Trẻ Em,29600,37000,20,5.0,3,24,Chris Ferrie,NXB Phụ Nữ Việt Nam,Nhà Xuất Bản Phụ Nữ Việt Nam,,Bìa mềm,14.0,2021-02-12,Nhà sách Fahasa,available,1000,True,True,True
51491977,Sách Who? Chuyện Kể Về Danh Nhân Thế Giới: Leonardo Da Vinci (Tái Bản 2020),53900,55000,2,5.0,116,975,"Ahn Hyungmo, Choe Byeongkuk",NXB Kim Đồng,Nhà Xuất Bản Kim Đồng,,Bìa mềm,160.0,2020-01-03,Nhà sách Fahasa,available,1000,True,True,True
34750363,Combo Giáo Dục Giới Tính Và Nhân Cách Dành Cho Bé Gái (Bộ 4 Cuốn),128000,128000,0,4.6,9,90,Trung tâm Sáng tạo Thiếu nhi Mộc Đầu Nhân,Đinh Tị,,,,,,Play With Me,available,1000,True,True,True
16129414,Sách Who? Chuyện Kể Về Danh Nhân Thế Giới: Stephen Hawking (Tái Bản),61000,65000,6,5.0,155,2189,"Lee Soojung, ChungBe Studios",Nhà Xuất Bản Kim Đồng,Nhà Xuất Bản Kim Đồng,,Bìa mềm,192.0,2019-05-01,Tiki Trading,available,1000,False,True,True
10866301,Sách Horrible Science - La Mã Bại Xụi (Tái Bản),31000,40000,23,5.0,45,653,Terry Deary,NXB Trẻ,,,Bìa mềm,142.0,2019-02-01,Tiki Trading,available,1000,False,True,True
10638286,Sách Bác Sĩ Tốt Nhất Là Chính Mình (Tập 9),32000,45000,29,5.0,8,74,Nhiều tác giả,NXB Trẻ,NXB Trẻ,,Bìa mềm,128.0,2020-12-17,Tiki Trading,available,1000,False,True,True
5982849,Sách Bí Ẩn Thế Giới Loài Vật: Bò Sát & Lưỡng Cư (Tái Bản 2018),48000,50000,4,5.0,11,137,,Nhà Xuất Bản Kim Đồng,Nhà Xuất Bản Kim Đồng,,Bìa mềm,44.0,2018-10-12,Tiki Trading,available,1000,False,True,True
3671663,Sách Bách Khoa Tri Thức Về Khám Phá Thế Giới Cho Trẻ Em - Cá Mập (Tái Bản 2018),38200,45000,15,5.0,4,40,Jonathan Sheikh Miller,Đinh Tị,,,Bìa mềm,64.0,2018-08-08,Nhà sách Fahasa,available,1000,True,True,True
470899,Sách Bé Học Lễ Giáo - Bubu Tập 24 - Bubu Giúp Mẹ (Tái Bản),12000,15000,20,4.8,23,2485,Nhiều tác giả,NXB Trẻ,NXB Trẻ,,Bìa mềm,16.0,2023-01-01,Tiki Trading,available,1000,False,True,True
278381193,Sách Kay’s Incredible Inventions - Những Phát Minh Để Đời,109250,115000,5,5.0,4,37,"Adam Kay, Henry Paker",Nhà Xuất Bản Kim Đồng,Nhà Xuất Bản Kim Đồng,,Bìa mềm,440.0,2025-07-24,Tiki Trading,available,1000,False,True,True
278241094,Sách Trò chơi dán hình IQ - EQ - CQ Sticker,26900,35000,23,0.0,0,0,Louis Ben,Việt Thư,Nhà Xuất Bản Phụ Nữ Việt Nam,,Bìa mềm,12.0,,Tiki Trading,available,1000,False,True,True
278158582,Sách 10 vạn câu hỏi vì sao dành cho thiếu nhi,23700,38000,38,0.0,0,6,Trịnh Diên Tuệ,Minh Long,Nhà Xuất Bản Phụ Nữ,,Bìa mềm,62.0,,Tiki Trading,available,1000,True,True,True
278138870,"Sách Wow, thì ra là thế!",38100,48000,21,0.0,0,4,Little Newton Science Education Company Ltd,Đinh Tị,Nhà Xuất Bản Hà Nội,,Bìa mềm,56.0,,Tiki Trading,available,1000,False,True,True
278138751,Sách trò chơi bóc dán - Cảm xúc Côn trùng - Sách bóc dán sticker cho bé,28950,36000,20,0.0,0,11,Little Rainbow,Megabook,Nhà Xuất Bản Thanh Niên,,Bìa mềm,24.0,,Tiki Trading,available,1000,False,True,True
278138340,1000 Câu Hỏi Rèn Luyện IQ - CQ (6 - 12 tuổi),54900,78000,30,0.0,0,908,Vương Văn,Nhà sách Minh Thắng,Nhà Xuất Bản Phụ Nữ Việt Nam,,Bìa mềm,80.0,,Tiki Trading,available,1000,False,True,True
278138274,Sách Bách Khoa Tri Thức Nhân Loại,151400,205000,26,5.0,2,11,Nhiều tác giả,Nhà sách Minh Thắng,Nhà Xuất Bản Phụ Nữ Việt Nam,,Bìa mềm,384.0,,Tiki Trading,available,1000,False,True,True
278093596,Sách Kỹ Năng Sống Đầu Đời Cho Bé,17800,25000,29,5.0,1,5,Thẩm Viên,Đinh Tị,Nhà Xuất Bản Thanh Niên,,Bìa mềm,24.0,,Tiki Trading,available,1000,True,True,True
277742607,Sách Bách Khoa Toàn Thư – Siêu Nhí Khám Phá Khoa Học Tương Lai,185400,299000,38,0.0,0,41,Robert Winston,1980 Books,Nhà Xuất Bản Dân Trí,,Bìa mềm,,,Tiki Trading,available,1000,False,True,True
277619589,Sách Britannica's Encyclopedia Infographica - Bách khoa thư bằng đồ họa,285600,369000,23,5.0,2,11,"Andrew Pettie, Conrad Quilty-Harper",Đinh Tị,Nhà Xuất Bản Hà Nội,,Bìa mềm,336.0,2025-01-04,Tiki Trading,available,1000,False,True,True
277588793,Montessori: Thế Giới Của Các Thành Tựu,74000,105000,30,0.0,0,3,Chiara Piroddi,Nhà xuất bản Phụ Nữ Việt Nam,Nhà Xuất Bản Phụ Nữ Việt Nam,,Bìa mềm,40.0,,Tiki Trading,available,1000,False,True,True
276482075,Sách Đánh giá kỷ nhân sinh: Tản mạn về thế giới (John Green),136000,185000,26,5.0,5,57,John Green,NXB Trẻ,NXB Trẻ,,Bìa mềm,416.0,2024-11-04,Tiki Trading,available,1000,False,True,True
275966176,Sách 100 Bí Ẩn Đáng Kinh Ngạc Về Những Điều Chưa Biết - 100 Things To Know About The Unknown,98300,119000,17,5.0,1,53,Nhiều tác giả,Đinh Tị,Nhà Xuất Bản Thanh Niên,,Bìa cứng,128.0,,Tiki Trading,available,1000,True,True,True
275815272,Sách Bách Khoa Thư Kỳ Thú Về Động Vật,276800,350000,21,5.0,3,29,"DK, Ben Hoare, Daniel Long, Angela Rizza, Daniela Terrazzini",Đinh Tị,Nhà Xuất Bản Hà Nội,,Bìa mềm,232.0,,Tiki Trading,available,1000,False,True,True
275243125,Sách 100 Kỹ Năng Sinh Tồn,70300,99000,29,4.8,458,2728,Clint Emerson,Đinh Tị,Nhà Xuất Bản Thanh Niên,,Bìa mềm,272.0,,Tiki Trading,available,1000,False,True,True
273899200,Sách 10 vạn câu hỏi vì sao - Trọn bộ 5 tập,208000,315000,34,4.7,1730,200,Đức Anh,Huy Hoàng Bookstore,Nhà Xuất Bản Dân Trí,,Bìa mềm,203.0,2018-10-24,Tiki Trading,available,1000,False,True,True
273467894,Combo 5 cuốn Sách Trò chơi Đồ hàng cho bé gái (Hơn 1000 Stickers),133000,175000,24,5.0,2,45,Little Rainbow,Megabook,Nhà Xuất Bản Thanh Niên,,Bìa mềm,40.0,2023-11-01,Tiki Trading,available,1000,False,True,True
272938260,Sách Amazing Transformations,28500,30000,5,5.0,1,1,"Quyên Gavoye, Nguyễn Thủy Tiên",NXB Kim Đồng,Nhà Xuất Bản Kim Đồng,,Bìa cứng,16.0,,Tiki Trading,available,1000,False,True,True
270662041,Sách Who? Chuyện Kể Về Danh Nhân Thế Giới: Steve Jobs,59000,60000,2,5.0,274,354,"Kim Wonsik, ChungBe Studios",Nhà Xuất Bản Kim Đồng,Nhà Xuất Bản Kim Đồng,,Bìa mềm,172.0,2023-06-12,Tiki Trading,available,1000,False,True,True
270113892,Sách Lược Sử Thế Giới Bằng Tranh,49000,50000,2,4.3,3,131,Li Zheng,NXB Kim Đồng,Nhà Xuất Bản Kim Đồng,,Bìa mềm,176.0,2023-08-07,Tiki Trading,available,1000,False,True,True
267179059,Sách Kì Quan Thế Giới,139000,145000,4,4.8,29,17,"Philippe Simon, Marie-Laure Bouet",Nhà Xuất Bản Kim Đồng,Nhà Xuất Bản Kim Đồng,,Bìa mềm,128.0,2019-04-01,Tiki Trading,available,1000,False,True,True
263697851,Sách Who? Chuyện Kể Về Danh Nhân Thế Giới: Jane Goodall,54000,55000,2,4.8,150,186,"ChungBe Studios,  Lee Sukja",Nhà Xuất Bản Kim Đồng,Nhà Xuất Bản Kim Đồng,,Bìa mềm,192.0,2019-03-01,Tiki Trading,available,1000,False,True,True
204874977,Sách Thế Nào Và Tại Sao - Thời Kì Đồ Đá Và Những Công Trình Hùng Vĩ,67600,95000,29,5.0,3,20,Andrea Schaller,Tân Việt,Nhà Xuất Bản Đại Học Sư Phạm,,Bìa cứng,48.0,2022-11-11,Tiki Trading,available,1000,False,True,True
191926658,Sách Trái cây đại chiến Zombie - Thế giới khủng long: Tập 10 - Vương quốc ngủ say,60000,89000,33,4.7,15,264,Tiếu Giang Nam,Huy Hoàng Bookstore,Nhà Xuất Bản Phụ Nữ Việt Nam,,Bìa mềm,176.0,2023-04-03,Tiki Trading,available,1000,False,True,True
191926650,Sách Trái cây đại chiến Zombie - Thế giới khủng long: Tập 11 - Thợ săn đáy biển,60000,89000,33,5.0,20,248,Tiếu Giang Nam,Huy Hoàng Bookstore,Nhà Xuất Bản Phụ Nữ Việt Nam,,Bìa mềm,176.0,2022-07-08,Tiki Trading,available,1000,False,True,True
170098840,Sách Rối Lượng Tử Cho Trẻ Em,28400,37000,23,5.0,3,63,Chris Ferrie,Nhà xuất bản Phụ Nữ,Nhà Xuất Bản Phụ Nữ Việt Nam,,Bìa mềm,28.0,2022-03-03,Tiki Trading,available,1000,False,True,True
157432536,Sách Cẩm Nang 150 Nút Dây Thông Dụng Nhất Thế Giới (Tái Bản),24000,33000,27,5.0,6,73,Trần Thời,NXB Trẻ,NXB Trẻ,,Bìa mềm,84.0,2022-01-01,Tiki Trading,available,1000,False,True,True
152464638,Sách 100 Bí Ẩn Đáng Kinh Ngạc Về Các Đại Dương - 100 Things To Know About The Oceans,93000,119000,22,5.0,14,264,Nhiều tác giả,Đinh Tị,Nhà Xuất Bản Thanh Niên,,Bìa cứng,236.0,2021-12-12,Tiki Trading,available,1000,False,True,True
137694341,Sách My First 1000 English Words - 1000 Từ Tiếng Anh Đầu Tiên Cho Bé (Bìa Cứng) (Tái Bản),83600,120000,30,5.0,64,456,Phan Minh Đạo,Nhà sách Minh Thắng,Nhà Xuất Bản Dân Trí,,Bìa cứng,72.0,2021-11-11,Tiki Trading,available,1000,False,True,True
103524396,Thế Giới 100 Năm (1920-2020),73000,108000,32,4.7,3,32,,VIETNAMBOOK,Nhà Xuất Bản Quân Đội Nhân Dân,,Bìa mềm,232.0,,VIETNAMBOOK,available,1000,True,True,True
87882578,Sách Tớ Tư Duy Như Một Nhà Khoa Học - Tất Tần Tật Về Thí Nghiệm Khoa Học,47500,79000,40,5.0,4,62,Tom Robinson,Alphabooks,Nhà Xuất Bản Dân Trí,,Bìa mềm,144.0,2021-04-15,Tiki Trading,available,1000,False,True,True
72668422,Sách 100 Bí Ẩn Đáng Kinh Ngạc Về Trái Đất - 100 Things To Know About Planet Earth,85000,100000,15,5.0,16,116,Nhiều tác giả,Đinh Tị,Nhà Xuất Bản Thanh Niên,,Bìa cứng,136.0,2020-12-01,Nhà sách Fahasa,available,1000,True,True,True
50277609,Sách Di Truyền Học: Minh Họa Sinh Động Bằng Tranh - Dẫn Nhập Ngắn Về Khoa Học,60000,79000,24,3.0,1,6,"Steve Jones, Borin Van Loon",Alphabooks,Nhà Xuất Bản Dân Trí,,Bìa mềm,180.0,2020-03-01,Alpha Books Official,available,1000,True,True,True
34554018,Sách Câu Chuyện Vật Lý,95000,125000,24,4.8,40,410,"Larry Gonick, Arthuffman",NXB Trẻ,NXB Trẻ,,Bìa mềm,214.0,2019-09-01,Tiki Trading,available,1000,False,True,True
19346651,Tủ Sách Tư Duy Toán Học HQ - Bé Làm Quen Phép Cộng Có Nhớ,42700,45000,5,5.0,5,21,Education Lab,VanLangBooks,,,Bìa mềm,56.0,2019-05-28,Nhà sách Fahasa,available,1000,True,True,True
10638288,Sách Horrible Science - Thế Giới Ô Nhiễm (Tái Bản),47500,50000,5,5.0,1,24,Nick Arnold,NXB Trẻ,,,Bìa mềm,140.0,2019-02-01,Nhà sách Fahasa,available,1000,True,True,True
10638280,Sách Bác Sĩ Tốt Nhất Là Chính Mình (Tập 1),34300,35000,2,4.8,13,181,Hồng Chiêu Quang,NXB Trẻ,,,Bìa mềm,108.0,2019-02-01,Nhà sách Fahasa,available,1000,True,True,True
2612567,Sách 10 Vạn Câu Hỏi Vì Sao - Khoa Học Quanh Ta 1 (Tái Bản ),52200,55000,5,5.0,14,127,Tôn Nguyên Vĩ,Đinh Tị,,,Bìa mềm,140.0,2018-06-06,Nhà sách Fahasa,available,1000,True,True,True
1337733,Sách 100 Bí Ẩn Đáng Kinh Ngạc Về Khoa Học (USBORNE - 100 Things To Know About Science),85000,100000,15,5.0,15,186,"Alex Frith, Minna Lacey, Jerome Martin, Jonathan Melmoth",Đinh Tị,,,Bìa mềm,128.0,2018-01-01,Nhà sách Fahasa,available,1000,True,True,True
1337731,Sách 100 Bí Ẩn Đáng Kinh Ngạc Về Vũ Trụ (USBORNE - 100 Things To Know About Space),85000,100000,15,5.0,12,91,"Alex Frith, Alice James, Jerome Martin, Federico Mariani, Shaw Nielsen",Đinh Tị,Nhà Xuất Bản Thế Giới,,Bìa mềm,128.0,2018-01-01,Nhà sách Fahasa,available,1000,True,True,True
279233263,Sách Hiểu Về Dinh Dưỡng,123200,155000,21,0.0,0,2,DK,Đinh Tị,Nhà Xuất Bản Tri Thức,,Bìa mềm,160.0,,Tiki Trading,available,1000,False,True,True
278698558,"Combo 3 Cuốn Pomath Toán Tư Duy Cho Trẻ Em 4 - 6 tuổi (Tập 4,5,6)",246510,297000,17,0.0,0,10,PGS.TS Chu Cẩm Thơ,MCBOOKS,Nhà Xuất Bản Đại Học Quốc Gia Hà Nội,,Bìa mềm,,,Tiki Trading,available,1000,False,True,True
278679862,Sách Lift-The-Flap - Lật Mở Khám Phá - Những Kiến Thức Đầu Đời,119400,168000,29,0.0,0,3,Campbell Books,Đinh Tị,Nhà Xuất Bản Thanh Niên,,Bìa cứng,,,Tiki Trading,available,1000,False,True,True
278241131,Sách Công Viên Khủng Long - Dán hình phát triển IQ - EQ - CQ,26800,39000,31,0.0,0,1,Louis Ben,Việt Thư,Nhà Xuất Bản Phụ Nữ Việt Nam,,Bìa mềm,20.0,,Tiki Trading,available,1000,False,True,True
278138561,Truyện Kể Bốn Mùa,28300,39000,27,0.0,0,5,"Marie Tibi, Fabien Öckto Lambert",Đinh Tị,Nhà Xuất Bản Thanh Niên,,Bìa mềm,36.0,,Tiki Trading,available,1000,False,True,True
278117095,Sách - Bách Khoa Toàn Thư Vui Nhộn - Học Lễ Nghĩa - Tiên Phong Books,198000,198000,0,5.0,2,23,,Công ty TNHH Tiên Phong Books,Nhà Xuất Bản Dân Trí,,Bìa mềm,,,Tiên Phong Books Store,available,1000,True,True,True
275946116,Sách 200 Bí Ẩn Thú Vị Về Vũ Trụ,138800,168000,17,5.0,1,12,"Alex Frith, Alice James, David J Plant",Đinh Tị,Nhà Xuất Bản Thanh Niên,,Bìa mềm,96.0,,Tiki Trading,available,1000,False,True,True
275815270,Sách Bách Khoa Thư Kỳ Thú Về Vũ Trụ,264700,350000,24,5.0,1,47,"DK, Ben Hoare, Daniel Long, Angela Rizza, Daniela Terrazzini",Đinh Tị,Nhà Xuất Bản Hà Nội,,Bìa mềm,232.0,,Tiki Trading,available,1000,False,True,True
275357006,Sách WOLFOO EQ - VÌ SAO TỚ NÊN TỰ GIÁC,33700,49000,31,5.0,1,20,1980Edu (Phương Thư),1980 Books,Nhà Xuất Bản Dân Trí,,Bìa mềm,100.0,2024-06-01,Tiki Trading,available,1000,False,True,True
274660748,Sách Phan Đình Giót,40000,50000,20,0.0,0,12,"Hiếu Minh, Lê Minh Hải",NXB Kim Đồng,Nhà Xuất Bản Kim Đồng,,Bìa mềm,32.0,2024-03-30,Tiki Trading,available,1000,False,True,True
274315607,Sách 500 câu hỏi Tại sao - Thế nào,39000,50000,22,4.3,3,32,"Sophie De Mullenheim, Amélie Falière",NXB Trẻ,NXB Trẻ,,Bìa mềm,52.0,2024-03-08,Tiki Trading,available,1000,False,True,True
273464131,Sách Kỹ Năng Quản Lý Cảm Xúc Dành Cho Bé Gái,27000,39000,31,5.0,3,55,"Lạc Phàm, Lưu Già Tịch",Đinh Tị,Nhà Xuất Bản Hà Nội,,Bìa mềm,32.0,2023-11-11,Tiki Trading,available,1000,False,True,True
273252587,Sách Những Sinh Vật Huyền Thoại,83000,90000,8,0.0,0,27,"Tiến sĩ Temisa Seraphini, Sophie Robin",Kim Đồng,Nhà Xuất Bản Kim Đồng,,Bìa mềm,60.0,2023-05-11,Tiki Trading,available,1000,False,True,True
273252576,Sách Bí Ẩn Thế Giới Loài Vật,47500,50000,5,5.0,1,29,"Phùng Duy Tùng, Thu Ngân",Kim Đồng,Nhà Xuất Bản Kim Đồng,,Bìa mềm,44.0,2023-06-11,Tiki Trading,available,1000,False,True,True
271005344,Sách chuyển động - First stories - Nàng Bạch Tuyết - Snow White,85100,119000,28,0.0,0,8,Dan Taylor,Đinh Tị,Nhà Xuất Bản Thanh Niên,,Bìa cứng,8.0,2023-08-08,Tiki Trading,available,1000,False,True,True
270660229,Sách Who? Chuyện Kể Về Danh Nhân Thế Giới: Walt Disney,54000,55000,2,5.0,259,195,"Lee Soojung, ChungBe Studios",Nhà Xuất Bản Kim Đồng,Nhà Xuất Bản Kim Đồng,,Bìa mềm,160.0,2023-09-14,Tiki Trading,available,1000,False,True,True
269951216,Sách Kể chuyện cuộc đời các thiên tài - Louis Pasteur - Thầy thuốc vĩ đại của nhân loại,28600,40000,29,5.0,7,92,Rasmus Hoài Nam,Tân Việt,Nhà Xuất Bản Thanh Niên,,Bìa mềm,102.0,2023-07-01,Tiki Trading,available,1000,False,True,True
263697837,Sách Who? Chuyện Kể Về Danh Nhân Thế Giới - Maria Montessori,58000,60000,3,5.0,158,147,"Oh Chunnyun, Lee Dongkyu",Nhà Xuất Bản Kim Đồng,Nhà Xuất Bản Kim Đồng,,Bìa mềm,176.0,2023-06-12,Tiki Trading,available,1000,False,True,True
207830892,"Combo 6 Cuốn (Phát Triển Trí Tuệ Cảm Xúc): Cảm Xúc Của Con Màu Gì? + Chúng Mình Tôn Trọng Cơ Thể Và Cảm Xúc Của Nhau + Con Được Là Chính Mình + Sự Tử Tế Đẹp Như Bông Hoa + Con Kiên Trì, Con Không Bỏ Cuộc + Gấu ơi, Con Lo Lắng Đến Chừng Nào",281050,365000,23,5.0,19,539,Jayneen Sanders,Nhã Nam,Nhà Xuất Bản Dân Trí,,Bìa mềm,240.0,2022-12-01,Tiki Trading,available,1000,False,True,True
203093937,Sách Tri Thức Trong Lòng Bàn Tay - Bách Khoa Thiếu Nhi Cơ Thể Con Người,78800,110000,28,5.0,17,131,Dorling Kindersley Limited,Nhà sách Minh Thắng,Nhà Xuất Bản Phụ Nữ Việt Nam,,Bìa cứng,160.0,2022-06-06,Tiki Trading,available,1000,False,True,True
162140209,Sách 100++ Kỹ Năng Tự Bảo Vệ Bản Thân Cho Trẻ - Ứng Phó Với Nguy Hiểm,75900,109000,30,5.0,5,77,Tiểu Mạch Đông Thái,Đinh Tị,Nhà Xuất Bản Hà Nội,,Bìa mềm,220.0,2022-01-01,Tiki Trading,available,1000,True,True,True
104732040,Science Challenges - Cuốn Sách Khổng Lồ Về Các Hoạt Động Khám Phá Khoa Học,106600,128000,17,4.5,4,69,Nhiều tác giả,Đinh Tị,Nhà Xuất Bản Thanh Niên,,Bìa mềm,128.0,2021-06-01,Tiki Trading,available,1000,False,True,True
88941710,Sách Rèn Luyện Kỹ Năng Sống Cho Trẻ - Em Học Quản Lý Tài Chính - Con Có Thể Quản Lý Tiền Bạc,33900,35000,3,5.0,3,18,"Lạc Phàm, Duy Trí",Nhà sách Minh Thắng,Nhà Xuất Bản Dân Trí,,Bìa mềm,32.0,2021-04-15,Nhà sách Fahasa,available,1000,True,True,True
87392049,Sách Côn Trùng Gớm Ghiếc (Tái Bản),52200,55000,5,0.0,0,2,Nick Arnold,NXB Trẻ,NXB Trẻ,,Bìa mềm,132.0,2021-03-01,Nhà sách Fahasa,available,1000,True,True,True
87118164,Sách Yêu Thương Và Bảo Vệ Hành Tinh Xanh - Xử Lý Rác Thải,15000,15000,0,5.0,2,30,Om Books,NXB Trẻ,NXB Trẻ,,Bìa mềm,16.0,2021-03-15,Nhà sách Fahasa,available,1000,True,True,True
85029043,Touch And Feel - Sách Sờ Chạm Khám Phá - Thế Giới Động Vật - Một Ngày Giữa Thiên Nhiên,135000,150000,10,5.0,2,16,Yến Nhi,Đinh Tị,Nhà Xuất Bản Hà Nội,,Bìa cứng,10.0,2021-04-01,Nhà sách Fahasa,available,1000,True,True,True
68585265,Sách Vòng Quanh Thế Giới: Trung Quốc (Tái Bản 2020),11000,12000,8,5.0,1,51,"Phan Cao Hoài Nam, Nguyễn Hào",NXB Kim Đồng,Nhà Xuất Bản Kim Đồng,,Bìa mềm,20.0,2020-09-15,Tiki Trading,available,1000,False,False,True
47469953,Sách Horrible Science - Hóa Học Một Vụ Nổ Ầm Vang (Tái Bản),46800,52000,10,5.0,4,40,Nick Arnold,NXB Trẻ,NXB Trẻ,,Bìa mềm,162.0,2020-01-02,Nhà sách Fahasa,available,1000,True,True,True
25733149,Sách Bách Khoa Tri Thức Về Khám Phá Thế Giới Cho Trẻ Em - Earth - Trái Đất,46700,55000,15,4.8,9,70,Penelope York,Đinh Tị,,,Bìa mềm,,2019-08-01,Nhà sách Fahasa,available,1000,True,True,True
25733147,Sách Bách Khoa Tri Thức Về Khám Phá Thế Giới Cho Trẻ Em - Volcano - Núi Lửa,52200,55000,5,5.0,16,107,Lisa Magloff,Đinh Tị,,,Bìa mềm,,2019-08-01,Nhà sách Fahasa,available,1000,True,True,True
21585241,Sách Bách Khoa Dạy Trẻ Học Sớm- Bé 1 Tuổi,78200,79000,1,0.0,0,6,Thượng Lệ Hồng,Tân Việt,Nhà Xuất Bản Mỹ Thuật,,Bìa mềm,100.0,2019-06-01,Minhhabooks,available,1000,True,True,True
19346649,Tủ Sách Tư Duy Toán Học HQ - Bé Tập Phép So Sánh,26600,28000,5,5.0,4,25,Education Lab,VanLangBooks,,,Bìa mềm,32.0,2019-05-28,Nhà sách Fahasa,available,1000,True,True,True
16603406,Bộ Sách Chân Dung Những Người Thay Đổi Thế Giới - Julius Caesar Là Ai (Tái Bản 2019),33200,49000,32,4.8,24,184,"Nico Medina, Tim Foley",Alphabooks,Nhà Xuất Bản Dân Trí,,Bìa mềm,111.0,2019-05-01,Tiki Trading,available,1000,False,True,True
15634588,Sách Who? Chuyện Kể Về Danh Nhân Thế Giới: Ludwig Van Beethoven (Tái Bản 2019),52800,55000,4,5.0,40,230,"ChungBe Studios, Park Yeonah",Nhà Xuất Bản Kim Đồng,,,Bìa mềm,160.0,2019-01-05,Nhà sách Fahasa,available,1000,True,True,True
14683301,Sách 420 Câu Đố Vui Thông Minh (Tái Bản),54600,78000,30,4.7,397,3755,Nguyễn Ngọc Ký,First News - Trí Việt,NXB Trẻ,,Bìa mềm,176.0,2019-04-01,Tiki Trading,available,1000,False,True,True
3601381,Sách Bách Khoa Tri Thức Về Khám Phá Thế Giới Cho Trẻ Em - Vũ Trụ (Bìa Mềm - Tái Bản 2018),42700,45000,5,5.0,7,70,"Ben Denne, Eileen O'Brien",Đinh Tị,Nhà Xuất Bản Thế Giới,,Bìa mềm,48.0,2018-08-02,Nhà sách Fahasa,available,1000,True,True,True
1337735,Sách 100 Bí Ẩn Đáng Kinh Ngạc Về Thức Ăn (USBORNE - 100 Things To Know About Food),85000,100000,15,4.8,11,94,Nhiều tác giả,Đinh Tị,Nhà Xuất Bản Thế Giới,,Bìa mềm,128.0,2018-01-01,Nhà sách Fahasa,available,1000,True,True,True
1215669,Sách Từ Những Hạt Mầm: Chuột Đồng Mê Lúa,12700,15000,15,5.0,7,965,"Nguyễn Trần Thiên Lộc, Khánh Nguyên",Nhà Xuất Bản Kim Đồng,Nhà Xuất Bản Kim Đồng,,Bìa mềm,24.0,2023-07-14,Tiki Trading,available,1000,False,True,True
542773,Sách Bé Học Lễ Giáo - Bubu Tập 6: Bubu Làm Họa Sĩ (Tái Bản),11000,15000,27,5.0,10,904,,NXB Trẻ,NXB Trẻ,,Bìa mềm,,2016-09-06,Tiki Trading,available,1000,False,False,True
480209,Sách Chất Độc Nhức Xương,39000,52000,25,4.6,18,856,Nick Arnold,NXB Trẻ,NXB Trẻ,,Bìa mềm,158.0,2015-12-30,Tiki Trading,available,1000,False,True,True
278850863,Rèn Luyện Khả Năng Tập Trung,58000,58000,0,0.0,0,0,Dolphin Media,Gieobooks,Nhà Xuất Bản Phụ Nữ Việt Nam,,Bìa mềm,47.0,2025-11-06,Tazano Official Store,available,1000,True,True,True
278491662,Bộ Sách Chân Dung - Những Người Làm Thay Đổi Thế Giới,39000,59000,34,4.8,42,500,"Ted Hammond, Patricia Brennan Demuth",Alphabooks,Nhà Xuất Bản Dân Trí,,Bìa mềm,108.0,,Tiki Trading,available,1000,False,True,True
278241611,Sách Nhật ký trưởng thành,54300,79000,31,0.0,0,0,Lan Phương,Việt Thư,Nhà Xuất Bản Văn Học,,Bìa mềm,96.0,,Tiki Trading,available,1000,False,True,True
278158590,Sách Bảng âm thanh,72000,95000,24,0.0,0,4,Tân Việt Books,Tân Việt,Tân Việt Books,,Bìa mềm,,,Tiki Trading,available,1000,False,True,True
278153735,Sách - Thời Thơ Ấu Của Các Thiên Tài - Tập 1 - Những Thiên Tài Từng Đội Sổ (Tái Bản 2025),57600,60000,4,0.0,0,1,Sin Ueng Seop,Nhà Xuất Bản Kim Đồng,Nhà Xuất Bản Kim Đồng,,Bìa mềm,,2023-12-21,Nhà sách Fahasa,available,1000,True,True,True
278138889,Sách Khoa Học Diệu Kì (10 cuốn),25000,35000,29,0.0,0,8,Alex Woolf,NXB Trẻ,NXB Trẻ,,Bìa mềm,32.0,,Tiki Trading,available,1000,False,True,True
278118434,Sách 10 Vạn Câu Hỏi Vì Sao - Siêu Nhí Hỏi Nhà Khoa Học Trả Lời (Bộ 6 quyển),43900,64000,31,5.0,4,26,Yosbook,Nhà sách Minh Thắng,Nhà Xuất Bản Văn Học,,Bìa mềm,96.0,2022-01-01,Tiki Trading,available,1000,False,True,True
278089751,Sách Thần Dược Của Kay - Một Lịch Sử Bổ Ích Khủng Khiếp Về Cơ Thể Người,105000,105000,0,0.0,0,0,"Adam Kay, Henry Paker",Nhà Xuất Bản Kim Đồng,Nhà Xuất Bản Kim Đồng,,Bìa mềm,416.0,,Bamboo Books,available,1000,True,True,True
278025896,Sách Một Ngày Của Người Nguyên Thủy,127000,169000,25,5.0,2,24,Duan Zhang Qu Yi Studio,Thái Hà,Nhà Xuất Bản Công Thương,,Bìa cứng,176.0,,Tiki Trading,available,1000,False,True,True
277379443,Sách Rèn trí thông minh,22000,30000,27,0.0,0,1,Catmint Books,NXB Trẻ,NXB Trẻ,,Bìa mềm,,2025-02-24,Tiki Trading,available,1000,False,True,True
275410095,Sách 10 Vạn Câu Hỏi Vì Sao,35000,50000,30,0.0,0,9,Nhiều tác giả,Tân Việt,Nhà Xuất Bản Mỹ Thuật,,Bìa mềm,48.0,2024-06-01,Tiki Trading,available,1000,False,True,True
275104697,Bộ sách Thắc mắc khoa học. STEM,22000,30000,27,0.0,0,59,"Anna Claybourne, Matt Lilly",NXB Trẻ,NXB Trẻ,,Bìa mềm,32.0,2024-06-04,Tiki Trading,available,1000,False,True,True
270837142,Cuốn Sách Đầu Tiên Của Bé  - Chuẩn bị tới trường  - Dành Cho Bé Từ 3-5 Tuổi,84900,119000,29,5.0,2,30,Jake McDonald,Tân Việt,Nhà Xuất Bản Mỹ Thuật,,Bìa mềm,10.0,2023-04-04,Tiki Trading,available,1000,False,True,True
269947124,Bóc Dán Thông Minh - Cầu Vồng (Dành Cho Trẻ Từ 3-8 Tuổi),45600,48000,5,0.0,0,1,Felicity Brooks,Đinh Tị,nxb thanh nien,,,,,Nhà sách Fahasa,available,1000,True,True,True
263697453,Sách Danh Nhân Thế Giới: Marie Curie,28500,30000,5,0.0,0,56,Neung In Publishing Company,NXB Kim Đồng,Nhà Xuất Bản Kim Đồng,,Bìa mềm,160.0,2022-01-01,Tiki Trading,available,1000,False,True,True
252035401,Sách Thực Hành Giáo Dục Nhân Cách,107900,139000,22,5.0,2,43,Heary BS,Quảng Văn,Nhà Xuất Bản Phụ Nữ Việt Nam,,Bìa mềm,221.0,2023-03-03,Tiki Trading,available,1000,False,True,True
219161868,Sách Tò Mò Học Tiếng Việt,78750,105000,25,4.6,5,48,"Diêu Lan Phương, Phan Thanh Thảo, Lê Thu Trang",NXB Phụ Nữ Việt Nam,Nhà Xuất Bản Phụ Nữ Việt Nam,,Bìa mềm,148.0,2023-01-01,Tiki Trading,available,1000,False,True,True
216001250,Sách Từ Điển Bằng Tranh - Bảng Chữ Cái Tiếng Việt (Bìa Cứng),78000,120000,35,5.0,7,63,Phan Minh Đạo,Nhà sách Minh Thắng,Nhà Xuất Bản Dân Trí,,Bìa cứng,32.0,2022-12-12,Tiki Trading,available,1000,False,True,True
201679843,Sách Những Trí Tuệ Vĩ Đại - Einstein thiên tài và thuyết tương đối,163200,229000,29,5.0,11,113,Walter Isaacson,Tân Việt,Nhà Xuất Bản Dân Trí,,Bìa cứng,163.0,2022-10-01,Tiki Trading,available,1000,False,True,True
197628292,500 Trò Chơi Rèn Luyện IQ (4-10 tuổi) - Khả Năng Sáng Tạo (Sách Bản Quyền),50900,75000,32,5.0,2,69,Vương Văn,Nhà sách Minh Thắng,Nhà Xuất Bản Phụ Nữ Việt Nam,,Bìa mềm,80.0,2022-06-06,Tiki Trading,available,1000,False,True,True
197606738,Quiz! Khoa học kì thú - Các nhà khoa học thiên tài,75000,75000,0,0.0,0,4,, NXB Kim Đồng,Nhà Xuất Bản Kim Đồng,,Bìa mềm,,,Bamboo Books,available,1000,True,True,True
196831937,Sách Bách Khoa Thư Lịch Sử - Từ Tiền Sử Đến Thời Đại (Bìa Cứng) - Tái Bản,187000,255000,27,5.0,11,58,Philip Steele,Nhà sách Minh Thắng,Nhà Xuất Bản Phụ Nữ Việt Nam,,Bìa cứng,384.0,2022-05-05,Tiki Trading,available,1000,False,True,True
173135243,Sách Vòng Đời (Life Cycles),269500,350000,23,4.7,56,567,Derek Harvey,Zenbooks,Nhà Xuất Bản Dân Trí,,Bìa cứng,143.0,2022-01-01,Tiki Trading,available,1000,False,True,True
152517442,Sách Lift-The-Flap-Lật Mở Khám Phá - First 100 Animals - 100 Từ Đầu Tiên Về Các Loài Động Vật,130000,168000,23,5.0,12,161,Linh Chi,Đinh Tị,Nhà Xuất Bản Thanh Niên,,Bìa cứng,14.0,2021-12-01,Tiki Trading,available,1000,False,True,True
152464634,Sách 90++ Trò Chơi Phát Triển Chỉ Số Iq Cho Bé - Các Siêu Anh Hùng,61500,88000,30,4.8,10,75,Nhiều tác giả,Đinh Tị,Nhà Xuất Bản Hà Nội,,Bìa mềm,104.0,2021-12-12,Tiki Trading,available,1000,True,True,True
109982970,Sách Thomas Edison - Thiên Tài Bắt Đầu Từ Tuổi Thơ,49500,75000,34,5.0,55,451,Rasmus Hoài Nam,Tân Việt,Nhà Xuất Bản Thanh Niên,,Bìa mềm,207.0,2021-07-15,Tiki Trading,available,1000,False,True,True
87118162,"Sách Yêu Thương Và Bảo Vệ Hành Tinh Xanh - Sự Ô Nhiễm Không Khí, Nước Và Tiếng Ồn",12000,15000,20,5.0,8,62,Om Books,NXB Trẻ,NXB Trẻ,,Bìa mềm,16.0,2021-03-15,Tiki Trading,available,1000,False,True,True
73437499,Sách Phương Tiện Di Chuyển. Tàu Thuyền,22700,23000,1,0.0,0,6,.,NXB Trẻ,NXB Trẻ,,Bìa mềm,16.0,2020-11-01,Nhà sách Fahasa,available,1000,True,True,True
60833238,Sách Khám Phá Quốc Kỳ Trên Thế Giới,161500,170000,5,5.0,24,127,"Emmanuelle Kecir-Lepetit, Claire Wortemann",NXB Kim Đồng,Nhà Xuất Bản Kim Đồng,,Bìa mềm,128.0,2020-08-01,Nhà sách Fahasa,available,1000,True,True,True
55881502,Sách Khám Phá Thế Giới Động Vật Kì Thú : Thế Giới Của Các Thiên Thần Dễ Thương,79800,110000,27,5.0,14,74,"Lưu Tiều Hàm, Trương Tùng",NXB Phụ Nữ Việt Nam,Nhà Xuất Bản Phụ Nữ,,Bìa mềm,122.0,2020-05-29,Tiki Trading,available,1000,False,True,True
46932182,Sách Science Encyclopedia - Bách Khoa Thư Về Khoa Học - Trái Đất Và Vũ Trụ,64600,68000,5,5.0,26,154,Nhiều tác giả,Đinh Tị,Nhà Xuất Bản Thanh Niên,,Bìa mềm,,2020-01-21,Nhà sách Fahasa,available,1000,True,True,True
37133044,Combo Sân Chơi Phát Triển Trí Tuệ (Bộ 6q): Chim Đa Đa - Tặng kèm poster An Toàn Cho Con Yêu (Quy Tắc An Toàn Cho Bé),180900,190500,5,5.0,6,78,.,NXB Phụ Nữ,Nhiều Nhà Xuất Bản,,Bìa mềm,,,Phương Đông Books,available,1000,True,True,True
25733153,Sách Bách Khoa Tri Thức Về Khám Phá Thế Giới Cho Trẻ Em - Reptiles - Bò Sát,52200,55000,5,4.6,11,106,Simon Holland,Đinh Tị,,,Bìa mềm,,2019-08-01,Nhà sách Fahasa,available,1000,True,True,True
16085863,Sách Who? Chuyện Kể Về Danh Nhân Thế Giới - Karl Marx (Tái Bản 2019),53900,55000,2,5.0,17,75,"ChungBe Studios, Lee Sukja",Nhà Xuất Bản Kim Đồng,,,Bìa mềm,168.0,2019-05-01,Nhà sách Fahasa,available,1000,True,True,True
11413613,Sách Mẹ Hỏi Bé Trả Lời 3-4 Tuổi (Tái Bản),27900,30000,7,5.0,25,257,"Yosbook, Xiao Li",Nhà Xuất Bản Kim Đồng,,,Bìa mềm,88.0,2019-03-01,Nhà sách Fahasa,available,1000,True,True,True
10271795,"Combo 3 Cuốn Pomath Toán Tư Duy Cho Trẻ Em 4 - 6 tuổi (Tập 1,2,3)",228640,297000,23,5.0,109,913,,TKBooks,Nhà Xuất Bản Đại Học Quốc Gia Hà Nội,,Bìa mềm,,2019-01-01,Tiki Trading,available,1000,False,True,True
887106,Sách Classroom Mathematics Class 3B - Học Kỳ 2,99000,110000,10,0.0,0,2,Abel Chong,Thái Hà,,,Bìa mềm,,2017-09-15,Nhà sách Fahasa,available,1000,True,True,True
596463,Sách Thế Giới Xe Công Trình - Xe Trộn Bê Tông Vất Vả,24700,26000,5,4.7,45,2381,.,Nhà Xuất Bản Kim Đồng,,,Bìa mềm,32.0,2017-03-01,Tiki Trading,available,1000,False,False,True
542759,Sách Bé Học Lễ Giáo - Bubu Tập 3: Bubu Nhận Lỗi (Tái Bản),12000,15000,20,4.7,6,1589,,NXB Trẻ,NXB Trẻ,,Bìa mềm,,2022-09-06,Tiki Trading,available,1000,False,False,True
511569,Sách Pinocchio Cậu Bé Người Gỗ,39900,56000,29,4.0,9,428,,Đinh Tị,,,Bìa mềm,235.0,2016-06-10,Tiki Trading,available,1000,False,True,True
279268781,Sách - Quiz! Khoa Học Kì Thú - Số Và Phép Tính,69700,75000,7,0.0,0,1,nhieu tac gia,Nhà Xuất Bản Kim Đồng,Nhà Xuất Bản Kim Đồng,,Bìa mềm,,2023-12-21,Nhà sách Fahasa,available,1000,True,True,True
279131606,Sách - Bộ Sách Bạn Có Thích (Bộ 5 Cuốn),166200,175000,5,0.0,0,1,nhieu tac gia,NXB Trẻ,NXB Trẻ,,Bìa mềm,,2023-12-21,Nhà sách Fahasa,available,1000,True,True,True
278712124,Sách - 101 Bí Ẩn Thú Vị Về Vũ Trụ,77900,95000,18,0.0,0,1,nhieu tac gia,Cty Văn Hóa Việt Thư,Nhiều Nhà Xuất Bản,,Bìa mềm,,2023-12-21,Nhà sách Fahasa,available,1000,True,True,True
278280352,Sách Picture Dictionary - Từ điển bằng hình,29000,36000,19,0.0,0,0,Đông A,Đông A,Nhà Xuất Bản Dân Trí,,Bìa mềm,12.0,,Tiki Trading,available,1000,False,True,True
278275374,Sách - Bộ sách Pomath – Toán tư duy cho trẻ em từ 4 - 6 tuổi,475200,594000,20,0.0,0,3,,	tkbooks,Nhà Xuất Bản Đại Học Quốc Gia Hà Nội,,Bìa mềm,,,Unibooks,available,1000,True,True,True
278159065,Sách Đồng dao cho bé,19200,25000,23,0.0,0,0,"Ánh Dương, Nguyễn Ngọc Thủy",Nhà xuất bản Phụ Nữ Việt Nam,Nhà Xuất Bản Phụ Nữ Việt Nam,,Bìa mềm,20.0,,Tiki Trading,available,1000,False,True,True
277513195,Khám phá thế giới khủng long - Những bí ẩn thời tiển sử,130000,130000,0,0.0,0,3,,CÔNG TY TNHH IN VÀ TM TUẤN VIỆT,Nhà Xuất Bản Đồng Nai,,,,,TUANVIET BOOKS Official Store,available,1000,True,True,True
277287679,Quiz! Khoa học kì thú: khoa học thể thao,75000,75000,0,0.0,0,3,,Nhà Xuất Bản Kim Đồng,Nhà Xuất Bản Kim Đồng,,,,,Bamboo Books,available,1000,True,True,True
277287645,Quiz! Khoa học kì thú: Những nghề kì lạ,75000,75000,0,0.0,0,2,,Nhà Xuất Bản Kim Đồng,Nhà Xuất Bản Kim Đồng,,,,,Bamboo Books,available,1000,True,True,True
275300196,Tủ Sách Tuổi Thần Tiên - Vua Ngan Xóm Hồ,47500,50000,5,0.0,0,8,"Lê Phương Liên, Lê Minh Hải",NXB Kim Đồng,Nhà Xuất Bản Kim Đồng,,Bìa mềm,32.0,2024-06-01,Tiki Trading,available,1000,False,True,True
274845340,Sách Sợ Gì Môn Lý,74500,99000,25,4.0,1,31,TOM WHIPPLE,Alphabooks,Nhà Xuất Bản Thế Giới,,Bìa mềm,208.0,2024-04-01,Tiki Trading,available,1000,False,True,True
274625622,Sách - Bé học toán (Hành trang cho bé tự tin vào lớp 1),65000,65000,0,0.0,0,6,nhieu tac gia,Việt Hà,Nhà Xuất Bản Hà Nội,,Bìa mềm,80.0,,NHÀ SÁCH ĐĂNG KHÔI,available,1000,True,True,True
274563938,Sách Thế Nào Và Tại Sao - Cơ Thể Người- Tuyệt Tác Của Tạo Hóa,66800,95000,30,0.0,0,15,Sabrina Rachle,Tân Việt,Nhà Xuất Bản Phụ Nữ,,Bìa cứng,48.0,2024-03-01,Tiki Trading,available,1000,False,True,True
273202460,Sách Gợi mở trí tưởng tượng,31000,35000,11,0.0,0,6,Fuu J,NXB Trẻ,NXB Trẻ,,Bìa mềm,32.0,2023-11-08,Tiki Trading,available,1000,False,True,True
271986245,Combo 10 Vạn Câu Hỏi Vạn Câu Hỏi Vì Sao - 7 Cuốn  - Vanlangbooks,312000,400000,22,0.0,0,4,,VanLangBooks,Nhà Xuất Bản Hồng Đức,,,,,Bảo Châu Books,available,1000,True,True,True
263514104,Bộ Sách Nevio – Chú Chuột Can Đảm,38000,59000,36,0.0,0,38,"Matthias von Bornstädt, Vera Schmidt",Thái Hà,Nhà Xuất Bản Lao Động,,Bìa mềm,32.0,2023-06-30,Tiki Trading,available,1000,False,True,True
262733296,Sách Bộ Trò Chơi Tư Duy Cho Trẻ: Giải Toán Siêu Vui,35000,49000,29,0.0,0,39,Buke - Buke,Alphabooks,Nhà Xuất Bản Dân Trí,,Bìa mềm,32.0,2023-05-01,Tiki Trading,available,1000,False,True,True
249023858,Tủ Sách Tư Duy Toán Học Hàn Quốc - Bé Làm Quen Phép Trừ Có Nhớ - Vanlangbooks,28700,35000,18,0.0,0,4,Văn Lang,VanLangBooks,Nhà Xuất Bản Hồng Đức,,Bìa mềm,40.0,2021-05-25,Văn Lang Official Store,available,1000,True,True,True
201390139,Sách 10 Vạn Câu Hỏi Vì Sao - Não Bộ - Vị Chỉ Huy Tài Ba,35400,45000,21,0.0,0,14,Trung tâm xuất bản biên tập 10 vạn câu hỏi vì sao,Linh Lan Books,Nhà Xuất Bản Lao Động,,Bìa mềm,72.0,2022-10-10,Tiki Trading,available,1000,False,True,True
185668579,Sách Bộ Hành Trang Cho Bé Vào Lớp 1 - Biên Soạn Theo Chương Trình Giáo Dục Mầm Non Mới - Dành Cho Bé Từ 03 - 06 Tuổi ( Bộ 8 Cuốn),63200,96000,34,5.0,1,9,Vân Hương,Tân Việt,Nhà Xuất Bản Mỹ Thuật,,Bìa mềm,32.0,2022-06-06,Tiki Trading,available,1000,False,True,True
170098861,Sách Mình Tìm Hiểu Về Chọn Lọc Tự Nhiên Nhé!,28400,37000,23,5.0,2,42,Chris Ferrie,Nhà xuất bản Phụ Nữ,Nhà Xuất Bản Phụ Nữ Việt Nam,,Bìa mềm,28.0,2022-03-03,Tiki Trading,available,1000,False,True,True
170098850,Sách Thuyết Tương Đối Tổng Quát Cho Trẻ Em,25000,37000,32,5.0,6,91,Chris Ferrie,Nhà xuất bản Phụ Nữ,Nhà Xuất Bản Phụ Nữ Việt Nam,,Bìa mềm,28.0,2022-03-03,Tiki Trading,available,1000,False,True,True
170098833,Sách Khoa Học Tên Lửa Cho Trẻ Em,25000,37000,32,4.3,7,97,Chris Ferrie,Nhà xuất bản Phụ Nữ,Nhà Xuất Bản Phụ Nữ Việt Nam,,Bìa mềm,28.0,2022-03-03,Tiki Trading,available,1000,False,True,True
145144963,Sách Bóc Dán Dành Cho Bé Gái - Những Nàng Công Chúa Xinh Xắn,42600,55000,23,5.0,15,139,.,Đinh Tị,Nhà Xuất Bản Hà Nội,,Bìa mềm,24.0,2021-12-01,Tiki Trading,available,1000,True,True,True
109982974,Sách Alfred Nobel Và Bản Di Chúc Bất Hủ,47600,65000,27,4.8,39,269,Rasmus Hoài Nam,Tân Việt,Nhà Xuất Bản Thanh Niên,,Bìa mềm,184.0,2021-07-15,Tiki Trading,available,1000,False,True,True
109982957,Combo 8 Cuốn Sách Kể Về Cuộc Đời Của Những Thiên Tài: Elbert Einstein + Thomas Edison + Andersen + Leonardo Da Vinci + Marie Curie + Lev Tolstoy + Isaac Newton + Alfred Nobel,425000,500000,15,5.0,7,27,Rasmus Hoài Nam,Tân Việt,Nhà Xuất Bản Thanh Niên,,Bìa mềm,,2021-07-15,Nhà sách Fahasa,available,1000,True,True,True
87118159,Sách Yêu Thương Và Bảo Vệ Hành Tinh Xanh - Sự Ấm Lên Toàn Cầu,12000,15000,20,5.0,5,86,Om Books,NXB Trẻ,NXB Trẻ,,Bìa mềm,16.0,2021-03-15,Tiki Trading,available,1000,False,True,True
76052024,Sách Horrible Science - Sinh Học Có Những Câu Chuyện Kỳ Diệu (Tái Bản),46800,52000,10,5.0,4,26,Phil Gates,NXB Trẻ,NXB Trẻ,,Bìa mềm,158.0,,Nhà sách Fahasa,available,1000,True,True,True
58751181,Sách Côn Trùng Ký - Tập 5 (Ấn Bản Đầy Đủ Nhất),103500,115000,10,5.0,1,12,Jean Henri Fabre,Huy Hoàng Bookstore,Nhà Xuất Bản Phụ Nữ Việt Nam,,Bìa mềm,320.0,2020-07-01,Nhà sách Fahasa,available,1000,True,True,True
57318149,Sách Vehicles - Các Loại Phương Tiện,52800,75000,30,5.0,9,73,Anne Passchier,Tân Việt,Nhà Xuất Bản Mỹ Thuật,,Bìa cứng,14.0,2020-06-01,Tiki Trading,available,1000,False,True,True
57040636,Sách Tam Tự Kinh Và Những Câu Chuyện Tham Khảo,55600,58000,4,5.0,7,26,Thạch Diên Bác,Pandabooks,Nhà Xuất Bản Hồng Đức,,Bìa mềm,192.0,,Nhà sách Fahasa,available,1000,True,True,True
31332919,Cơ Thể Của Tôi Hoạt Động Như Thế Nào - Tai,47000,70000,33,5.0,4,47,,Vinabook JSC,Nhà Xuất Bản Hồng Đức,,Bìa mềm,32.0,2019-08-29,VIETNAMBOOK,available,1000,True,True,True
30764827,Sách Những Bí Mật Con Muốn Biết (Dành Cho Trẻ Từ 7 - 9 Tuổi),41500,50000,17,5.0,1,9,"Jacqueline Kahn Nathan, Christiane Verdoux, Jean Cohen",First News - Trí Việt,,,Bìa mềm,44.0,2019-08-01,Nhà sách Fahasa,available,1000,True,True,True
29820832,Sách Những Người Bạn Tốt - Cá Con Thân Thiện,23800,28000,15,5.0,2,24,Barbara Bacchini,Tân Việt,,,Bìa mềm,12.0,2019-08-01,Nhà sách Fahasa,available,1000,True,True,True
19346657,Tủ Sách Tư Duy Toán Học HQ - Bé Làm Quen Phép Trừ Có Nhớ,30800,35000,12,5.0,3,23,Education Lab,VanLangBooks,,,Bìa mềm,40.0,2019-05-28,Nhà sách Fahasa,available,1000,True,True,True
15634594,Sách Who? Chuyện Kể Về Danh Nhân Thế Giới: Warren Buffett (Tái Bản 2019),54000,55000,2,5.0,206,2522,"ChungBe Studios, Park Yeonah",Nhà Xuất Bản Kim Đồng,Nhà Xuất Bản Kim Đồng,,Bìa mềm,160.0,2019-01-05,Tiki Trading,available,1000,False,True,True
13624139,Sách Gieo Mầm Tính Cách - Ước Mơ ( Tái Bản ),30400,32000,5,5.0,1,24,"Hạ Yên, Hoài Phương",NXB Trẻ,,,Bìa mềm,79.0,2019-04-01,Nhà sách Fahasa,available,1000,True,True,True
7125307,Sách 10 Vạn Câu Hỏi Vì Sao - Các Hiện Tượng Tự Nhiên Kỳ Thú (Tái Bản 2018),52200,55000,5,4.7,29,272,Tôn Nguyên Vĩ,Đinh Tị,,,Bìa mềm,80.0,2018-11-07,Nhà sách Fahasa,available,1000,True,True,True
6637457,Sách Mười Vạn Câu Hỏi Vì Sao - Bí Ẩn Bầu Trời Sao (Tái Bản),41400,45000,8,5.0,2,101,"Vân Phàm, Tôn Lộ",Nhà Xuất Bản Kim Đồng,Nhà Xuất Bản Kim Đồng,,Bìa mềm,130.0,2018-10-26,Tiki Trading,available,1000,False,True,True
470709,Sách Bách Khoa Toàn Thư Cho Bé 2 - 3 Tuổi (Trọn Bộ 8 Cuốn),56000,56000,0,5.0,2,31,.,Tân Việt,,,Bìa mềm,112.0,2016-01-25,Tazano Official Store,available,1000,True,False,True
278907251,Sách - Biết Để Làm Gì? - Khoa Học Để Làm Gì?,125500,135000,7,0.0,0,2,DK,Nhà Xuất Bản Kim Đồng,Nhà Xuất Bản Kim Đồng,,Bìa mềm,,2023-12-21,Nhà sách Fahasa,available,1000,True,True,True
278325825,Sách Càng Chơi Càng Thông Minh - Giúp Bé Rèn Luyện Tư Duy Qua 1600 Câu Đố,82000,85000,4,0.0,0,3,Nhiều tác giả,Nhà Xuất Bản Kim Đồng,Nhà Xuất Bản Kim Đồng,,Bìa mềm,156.0,2025-07-18,Tiki Trading,available,1000,False,True,True
278321548,Sách 100 Bí Mật Kinh Ngạc - 100 Bí Ẩn Đáng Kinh Ngạc Về Những Điều Chưa Biết,105600,119000,11,0.0,0,1,nhieu tac gia,Đinh Tị,Nhà Xuất Bản Thanh Niên,,Bìa cứng,128.0,,Play With Me,available,1000,True,True,True
278159669,Sách Từ Điển Tranh Về Các Con Vật/ Rau- Củ-Quả-Hoa,25000,40000,38,0.0,0,4,Minh Long,Minh Long,Nhà Xuất Bản Mỹ Thuật,,Bìa mềm,32.0,,Tiki Trading,available,1000,False,True,True
278159484,Sách Playtime in English. Level 4,41000,59000,31,0.0,0,30,Joshua Ryu,Tân Việt,Nhà Xuất Bản Mỹ Thuật,,Bìa mềm,30.0,,Tiki Trading,available,1000,False,True,True
278158943,Sách Chúc Ngủ Ngon Nông Trại - Tỏa Sáng Trong Đêm,66000,95000,31,0.0,0,4,Roger Priddy,Tân Việt,Nhà Xuất Bản Mỹ Thuật,,Bìa cứng,20.0,,Tiki Trading,available,1000,False,True,True
278158606,Sách Thơ về động vật,26500,40000,34,0.0,0,0,Nhiều tác giả,Tân Việt,Nhà Xuất Bản Mỹ Thuật,,Bìa cứng,11.0,,Tiki Trading,available,1000,False,True,True
278093603,Bộ Sách Phát Triển IQ - EQ Đầu Đời Cho Bé,21200,28000,24,0.0,0,7,Hứa Bình Bình,Đinh Tị,Nhà Xuất Bản Thanh Niên,,Bìa mềm,32.0,,Tiki Trading,available,1000,True,True,True
278043608,Sách - 10 Vạn Câu Hỏi Vì Sao - Nhiều Chủ Đề - Truyện Tranh Thiếu Nhi Cho Bé 5 - 15 Tuổi - Đinh Tị Books,50300,55000,9,0.0,0,3,,Đinh Tị,Nhà Xuất Bản Thanh Niên,,,,,Play With Me,available,1000,True,True,True
277981988,Sách Tranh Thỏ Peter (3 Cuốn),134000,150000,11,5.0,1,4,"Rachel Bright, Nicola Kinnear",Nhà Xuất Bản Kim Đồng,Nhà Xuất Bản Kim Đồng,,Bìa mềm,96.0,,Tiki Trading,available,1000,False,True,True
276963500,Quiz! Khoa Học Kì Thú - Toán Học Đố Mẹo,75000,75000,0,0.0,0,0,"Do, Ki-sung",Công ty TNHH Tazano,Nhà Xuất Bản Kim Đồng,,Bìa mềm,200.0,2025-01-09,Bamboo Books,available,1000,True,True,True
276833481,Sách cho bé - Phương Tiện Giao Thông - Tìm Kiếm Thông Minh Phát Triển Khả Năng Tập Trung - Dành cho trẻ từ 2-6 tuổi,38640,42000,8,0.0,0,4,Dolphin Media,Vizibook,Nhà Xuất Bản Phụ Nữ Việt Nam,,Bìa mềm,24.0,2022-01-01,Vizibook,available,1000,True,True,True
276750640,Cuốn sách khổng lồ về động vật hoang dã - Big book of wild animals - Đinh Tị Books,126000,168000,25,5.0,1,15,,Đinh Tị,Nhà Xuất Bản Thanh Niên,,,,,Tiki Trading,available,1000,True,True,True
275973612,Sách Thế giới động vật cùng gấu trúc- Sticker sáng tạo EQ,27000,32000,16,0.0,0,3,Đông A,Đông A,Nhà Xuất Bản Dân Trí,,Bìa mềm,3.0,,Tiki Trading,available,1000,False,True,True
274946273,Combo Sách Mua hay bán khéo - trò chơi bóc dán cho bé (5 cuốn),75850,100000,24,0.0,0,13,Little Rainbow,Megabook,Nhà Xuất Bản Thanh Niên,,Bìa mềm,,2024-04-04,Tiki Trading,available,1000,False,True,True
274660768,Sách Bế Văn Đàn,49000,50000,2,0.0,0,23,"Hoài Lộc, Lê Minh Hải",NXB Kim Đồng,Nhà Xuất Bản Kim Đồng,,Bìa mềm,32.0,2024-03-30,Tiki Trading,available,1000,False,True,True
272002787,Sách Who? Chuyện Kể Về Danh Nhân Thế Giới: Louis Pasteur,53000,55000,4,5.0,3,156,"Lee Heejung, Team-kids",NXB Kim Đồng,Nhà Xuất Bản Kim Đồng,,Bìa mềm,160.0,,Tiki Trading,available,1000,False,True,True
271446302,Phát Triển Rèn Luyện Tư Duy Não Bộ 2 - 4 tuổi (Khả Năng Quan Sát và Ghi Nhớ),66900,67600,1,0.0,0,1,Bông Hoa Đỏ Bangson,Công ty cổ phẩn Xuất bản và Giáo dục Vizi,Nhà Xuất Bản Phụ Nữ Việt Nam,,Bìa mềm,44.0,2022-07-11,Minhhabooks,available,1000,True,True,True
267260057,Sách Học Mà Chơi – Bài Tập Về Nhà Ư? Chuyện Nhỏ!,53400,79000,32,4.7,7,3,"Trevor Romain, Steve Mark",Alphabooks,Nhà Xuất Bản Lao Động - Xã Hội,,Bìa mềm,80.0,2023-01-01,Tiki Trading,available,1000,False,True,True
262646188,Sách Kể Chuyện Gương Hiếu Học (Tái Bản),37500,60000,38,5.0,1,18,"Phương Thúy, Hoàng Trang",Minh Long,Nhà Xuất Bản Văn Học,,Bìa mềm,200.0,2023-05-01,Tiki Trading,available,1000,True,True,True
209388183,Sách - Mười Vạn Câu Hỏi Vì Sao - Zhihu - ndbooks,55200,69000,20,5.0,3,16,,CÔNG TY TNHH THƯƠNG MẠI SÁCH NHÂN DÂN,Nhà Xuất Bản Thanh Niên,,Bìa mềm,,,SÁCH NHÂN DÂN - ndbooks,available,1000,True,True,True
204875010,Sách Thế Nào Và Tại Sao - Trái Đất Của Chúng Ta - Hành Tinh Xanh,62000,95000,35,4.8,4,34,Manfred Baur,Tân Việt,Nhà Xuất Bản Phụ Nữ,,Bìa cứng,48.0,2022-11-11,Tiki Trading,available,1000,False,True,True
195103358,Sách Những Danh Nhân Làm Thay Đổi Thế Giới - Galileo: Nhà Khoa Học Vĩ Đại,23700,25000,5,0.0,0,1,Hồ Viên Viên,Công Ty CP Sách Văn Chương,Nhà Xuất Bản Văn Học,,Bìa mềm,30.0,,Chính Thông,available,1000,True,True,True
179952629,"Sách Một Ngày Trong Đời Của Con Lười, Con Ngươi Và Con Người",148000,165000,10,5.0,5,56,"Mike Barfueld, Jess Bradley",NXB Kim Đồng,Nhà Xuất Bản Kim Đồng,,Bìa mềm,128.0,2022-05-16,Tiki Trading,available,1000,False,True,True
175149075,Sách Kể Chuyện Những Dòng Sông Việt Nam,82000,89000,8,5.0,3,46,"Mai Hương, Ngọc Tâm, Tấn Nguyễn",NXB Kim Đồng,Nhà Xuất Bản Kim Đồng,,Bìa mềm,156.0,2022-04-22,Tiki Trading,available,1000,False,True,True
146272105,First Sticker Book - Sách Dán Hình Đầu Đời Cho Bé - Sân Bay,67500,75000,10,5.0,1,9,Sam Smith,Đinh Tị,Nhà Xuất Bản Thanh Niên,,,,,Nhà sách Fahasa,available,1000,True,True,True
112329415,Sách Horrible Science - Vi Sinh Vật Vi Tính (Tái Bản),38000,55000,31,4.8,21,197,Nick Arnold,NXB Trẻ,NXB Trẻ,,Bìa mềm,144.0,2021-07-01,Tiki Trading,available,1000,False,True,True
110627536,"Sách Lift-The-Flap - Lật Mở Khám Phá-Bé Ngăn Nắp, Đi Ngủ Đúng Giờ",105100,126000,17,4.6,5,39,Katie Button,Đinh Tị,Nhà Xuất Bản Thanh Niên,,Bìa cứng,10.0,2021-07-15,Tiki Trading,available,1000,True,True,True
109661447,Phương Tiện Giao Thông - Tìm Kiếm Thông Minh Phát Triển Khả Năng Tập Trung - Dành Cho Trẻ Từ 2-6 Tuổi,42000,42000,0,0.0,0,9,,Công Ty Cổ Phần Văn Hóa Pingbooks,Nhà Xuất Bản Phụ Nữ Việt Nam,,Bìa mềm,24.0,,Minhhabooks,available,1000,True,True,True
73431572,Bộ Sách Vỡ Lòng Về Khoa Học - Điện Toán Lượng Tử Cho Trẻ Em ,28400,37000,23,5.0,13,131,Chris Ferrie,NXB Phụ Nữ Việt Nam,Nhà Xuất Bản Phụ Nữ Việt Nam,,Bìa mềm,28.0,2020-11-01,Tiki Trading,available,1000,False,True,True
68392376,Sách Ao Hồ Láo Nháo,52200,55000,5,5.0,2,12,Anita Ganeri,NXB Trẻ,NXB Trẻ,,Bìa mềm,130.0,2020-09-01,Nhà sách Fahasa,available,1000,True,True,True
67270966,Sách Những Cuộc Thám Hiểm Vĩ Đại,134800,145000,7,4.7,7,45,Nhiều tác giả,NXB Kim Đồng,Nhà Xuất Bản Kim Đồng,,Bìa cứng,124.0,,Nhà sách Fahasa,available,1000,True,True,True
58893737,Bộ Sách Thế Nào Và Tại Sao (bộ 16 cuốn),1520000,1520000,0,0.0,0,7,,Tân Việt,Nhà Xuất Bản Phụ Nữ Việt Nam,,Bìa cứng,,,NHBook,available,1000,True,True,True
56323316,SÁCH THIẾU NHI CHO TRẺ 6-7 TUỔI_Tư duy (6~7 tuổi),185000,185000,0,0.0,0,3,Gakken,Nhiều công ty phát hành,Nhà Xuất Bản Văn Hóa Văn Nghệ,,Bìa cứng,72.0,2020-03-04,TYMBooks,available,1000,True,True,True
49253290,Sách Khám Phá Đầu Tiên Của Tớ Về - Trường Học,55000,55000,0,0.0,0,3,Cécile Jugla,Đinh Tị,Nhà Xuất Bản Hà Nội,,Bìa mềm,,2020-02-02,Tiệm Sách Minh Vân,available,1000,True,True,True
20700682,Sách Từ Điển Hình Ảnh Cho Bé: Rau Củ (Tái Bản 2019),29700,30000,1,4.8,5,50,"Phạm Huy Thông, Lê Bích Thuỷ, Hiếu Minh, Việt Hải",Nhà Xuất Bản Kim Đồng,,,Bìa mềm,12.0,2019-06-01,Nhà sách Fahasa,available,1000,True,True,True
20475230,1000 Câu Đố Phát Triển Trí Tuệ - Thách Thức IQ (Tái Bản 2019),67200,70000,4,4.5,5,63,Xing Tao, NXB Kim Đồng,,,,,,Nhà sách Fahasa,available,1000,True,True,True
19346681,Tủ Sách Tư Duy Toán Học HQ - Tập Xem Đồng Hồ,26600,28000,5,5.0,1,30,Education Lab,VanLangBooks,,,Bìa mềm,32.0,2019-05-28,Nhà sách Fahasa,available,1000,True,True,True
16422604,Sách Kỹ Năng Sống Dành Cho Học Sinh - Biết Lựa Chọn (Tái Bản),52200,55000,5,0.0,0,2,Ngọc Linh,Đinh Tị,,,Bìa mềm,160.0,2019-05-01,Nhà sách Fahasa,available,1000,True,True,True
591233,Nelson Mandela Là Ai?,39000,39000,0,0.0,0,0,,Alphabooks,Nhà Xuất Bản Dân Trí,,,,,Nhà Sách Vĩnh Thụy,available,1000,True,True,True
278967013,Sách - 100 Bí Ẩn Đáng Kinh Ngạc Về Tiền - 100 Things To Know About Money - Bìa Cứng,101100,119000,15,0.0,0,6,nhieu tac gia,Đinh Tị,Nhà Xuất Bản Thế Giới,,Bìa mềm,,2023-12-21,Nhà sách Fahasa,available,1000,True,True,True
278830773,Sách - Quiz! Khoa Học Kì Thú - Khủng Long,75000,75000,0,0.0,0,0,nhieu tac gia,Nhà Xuất Bản Kim Đồng,Nhà Xuất Bản Kim Đồng,,Bìa mềm,,2023-12-21,Bamboo Books,available,1000,True,True,True
278679636,Sách Atlas Thế Giới Cho Trẻ Em: Tập Bản Đồ Từ Việt Nam Đến Khắp Các Châu Lục,74400,80000,7,5.0,1,7,"Nguyễn Văn Thảo, Nguyễn Thị Hồng Loan",Nhà Xuất Bản Kim Đồng,Nhà Xuất Bản Kim Đồng,,Bìa mềm,40.0,,Tiki Trading,available,1000,False,True,True
278280528,Sách Từ điển bằng hình cho bé,22200,28000,21,0.0,0,6,Nhiều tác giả,Đinh Tị,Nhà Xuất Bản Thanh Niên,,Bìa mềm,24.0,,Tiki Trading,available,1000,True,True,True
278241523,Sách Sticker - Thế giới động vật,25800,38000,32,5.0,4,9,Louis Ben,Việt Thư,Nhà Xuất Bản Phụ Nữ Việt Nam,,Bìa mềm,16.0,,Tiki Trading,available,1000,False,True,True
278159156,Sách Hành Trình Khám Phá,78000,120000,35,0.0,0,0,"Kate Barines, Steve Weston",Tân Việt,Nhà Xuất Bản Mỹ Thuật,,Bìa cứng,46.0,,Tiki Trading,available,1000,False,True,True
278138552,Sách Trò chơi thoát hiểm,39000,70000,44,0.0,0,21,Kingfisher,NXB Trẻ,NXB Trẻ,,Bìa mềm,64.0,,Tiki Trading,available,1000,False,True,True
278138319,Sách thời trang Công chúa - Sách bóc dán sticker cho bé gái,35950,48000,25,5.0,1,0,Little Rainbow,Megabook,Nhà Xuất Bản Thanh Niên,,Bìa mềm,24.0,,Tiki Trading,available,1000,False,True,True
278130272,Sách Lâu Đài Khoa Học Của Em,27000,30000,10,0.0,0,11,Tanya Kant,NXB Trẻ,NXB Trẻ,,Bìa mềm,32.0,,Tiki Trading,available,1000,False,True,True
278128759,Sách Những Câu Chuyện Phát Triển Chỉ Số IQ-EQ Cho Trẻ,51600,65000,21,0.0,0,5,Ngọc Khánh,Đinh Tị,Nhà Xuất Bản Thanh Niên,,Bìa mềm,136.0,,Tiki Trading,available,1000,False,True,True
278117650,Sách Mẹ Hỏi Bé Trả Lời 2-3 Tuổi (Tái Bản),28500,30000,5,4.6,165,2772,"Yosbook, Xiao Li",Nhà Xuất Bản Kim Đồng,Nhà Xuất Bản Kim Đồng,,Bìa mềm,88.0,2023-06-15,Tiki Trading,available,1000,False,True,True
277858916,Sách Amazing Animal Journeys - Những chuyến di cư và hành trình phi thường nhất!,193000,240000,20,0.0,0,13,,Đinh Tị,Nhà Xuất Bản Hà Nội,,,76.0,,Tiki Trading,available,1000,False,True,True
275547909,Sách Tài năng làm giàu thiên bẩm - Bob Proctor,66700,99000,33,5.0,3,42,Bob Proctor,Tân Việt,Nhà Xuất Bản Mỹ Thuật,,Bìa mềm,223.0,2024-07-01,Tiki Trading,available,1000,False,True,True
274845364,Sách Úm Ba La - Mở Ra Mô Hình Sáng Tạo,51600,79000,35,0.0,0,20,Mike Barfield,Alphabooks,Nhà Xuất Bản Dân Trí,,Bìa mềm,56.0,2024-04-08,Tiki Trading,available,1000,False,True,True
274186323,"Sách Từ điển bằng tranh - Đồ dùng gia Đình, Đồ dùng học tập",71300,115000,38,5.0,1,2,,Nhà sách Minh Thắng,Nhà Xuất Bản Mỹ Thuật,,,,,Tiki Trading,available,1000,False,True,True
270677763,Sách chuyển động - First stories - Công chúa tóc mây - Rapunzel,90800,119000,24,0.0,0,19,Miriam Bos,Đinh Tị,Nhà Xuất Bản Thanh Niên,,Bìa cứng,8.0,2023-07-01,Tiki Trading,available,1000,False,True,True
263679064,Sách cho bé - Vòng Đời Kỳ Diệu - Sách tranh - Lật mở cánh hoa - Khám phá thiên nhiên,62560,68000,8,0.0,0,7,,Vizibook,Nhà Xuất Bản Phụ Nữ Việt Nam,,Bìa mềm,20.0,2023-02-15,Vizibook,available,1000,True,True,True
262593134,Sách Who? Chuyện Kể Về Danh Nhân Thế Giới: Vincent Van Gogh,50600,55000,8,4.8,152,239,"ChungBe Studios, Oh Youngseok",Nhà Xuất Bản Kim Đồng,Nhà Xuất Bản Kim Đồng,,Bìa mềm,164.0,,Tiki Trading,available,1000,False,True,True
253656602,Sách Sinh tồn giữa thiên nhiên Cẩm nang toàn tập về dã ngoại,175560,228000,23,5.0,9,148,"Nicolas Clémendot, Émilie Cuissard",Nhã Nam,Nhà Xuất Bản Thế Giới,,Bìa mềm,275.0,2023-04-01,Tiki Trading,available,1000,False,True,True
249766494,365 truyện kể cho bé trước khi ngủ - Những câu chuyện phát triển trí thông minh IQ (2-12 tuổi),48100,65000,26,4.7,3,59,Hải Yến,Nhà sách Minh Thắng,Nhà Xuất Bản Phụ Nữ Việt Nam,,Bìa mềm,116.0,2023-01-01,Tiki Trading,available,1000,False,True,True
197964597,Sách 10 Vạn Câu Hỏi Vì Sao? - Bách Khoa Tri Thức Phổ Thông (Tranh màu - Bìa mềm) - Tái bản,126800,195000,35,4.7,3,10,Thanh Huệ,Nhà sách Minh Thắng,Nhà Xuất Bản Mỹ Thuật,,Bìa mềm,276.0,2022-07-07,Tiki Trading,available,1000,False,True,True
191926681,Sách Trái cây đại chiến Zombie - Thế giới khủng long: Tập 1: Chiến binh mạo hiểm,58000,89000,35,4.8,23,224,Tiếu Giang Nam,Huy Hoàng Bookstore,Nhà Xuất Bản Phụ Nữ Việt Nam,,Bìa mềm,176.0,2023-04-03,Tiki Trading,available,1000,False,True,True
189699852,"Trọn Bộ Từ Điển - Thư Viện Hình Ảnh Song Ngữ Đầu Tiên Của Bé ( Lẻ tự Chọn - Đa Dạng Chủ Đề) Côn Trùng Và bò sát, Hoa - Rau củ - Quả, Loài chim, Thế Giới Khủng Long , Phương Tiện Giao Thông, Thế Giới Động Vật, Chữ Cái Và Số Đếm,",60000,60000,0,5.0,1,43,Bảo Châu,Nhà sách Bảo Châu,Nhà Xuất Bản Phụ Nữ,,Bìa mềm,36.0,,Bảo Châu Books,available,1000,True,True,True
105085752,Sách AI - Trí Tuệ Nhân Tạo - 101 Điều Cần Biết Về Tương Lai,103000,112000,8,4.8,21,190,Lasse Rouhiainen,NXB Kim Đồng,Nhà Xuất Bản Kim Đồng,,Bìa mềm,308.0,2023-06-15,Tiki Trading,available,1000,False,True,True
76051991,Sách Horrible Geography - Đảo Hoang (Tái Bản),34000,45000,24,5.0,12,167,Anita Ganeri,NXB Trẻ,NXB Trẻ,,Bìa mềm,128.0,2020-03-23,Tiki Trading,available,1000,False,True,True
59010153,100 Kỹ Năng Sinh Tồn,79200,99000,20,4.8,185,1449,Clint Emerson,Đinh Tị,Nhà Xuất Bản Thanh Niên,,Bìa mềm,272.0,,Nhà sách Fahasa,available,1000,True,True,True
16999562,Sách Bác Hồ Kính Yêu (Tái Bản),72000,75000,4,4.7,19,294,.,Nhà Xuất Bản Kim Đồng,Nhà Xuất Bản Kim Đồng,,Bìa mềm,136.0,,Tiki Trading,available,1000,False,True,True
7125315,Sách 10 Vạn Câu Hỏi Vì Sao - Cuộc Sống Muôn Màu (Tái Bản 2018),46700,55000,15,5.0,18,159,Tôn Nguyên Vĩ,Đinh Tị,,,Bìa mềm,136.0,2018-11-07,Nhà sách Fahasa,available,1000,True,True,True
7125305,Sách 10 Vạn Câu Hỏi Vì Sao - Khám Phá Thế Giới Động Vật - Bay Trên Bầu Trời 1 (Tái Bản 2018),52200,55000,5,5.0,10,72,Tôn Nguyên Vĩ,Đinh Tị,,,Bìa mềm,80.0,2018-11-07,Nhà sách Fahasa,available,1000,True,True,True
7125303,Sách 10 Vạn Câu Hỏi Vì Sao - Khám Phá Thế Giới Động Vật - Bay Trên Bầu Trời 2 (Tái Bản 2018),52200,55000,5,5.0,14,88,Tôn Nguyên Vĩ,Đinh Tị,,,Bìa mềm,80.0,2018-11-07,Nhà sách Fahasa,available,1000,True,True,True
5982847,Sách Bí Ẩn Thế Giới Loài Vật: Côn Trùng (Tái Bản 2018),39000,50000,22,5.0,10,159,,Nhà Xuất Bản Kim Đồng,Nhà Xuất Bản Kim Đồng,,Bìa mềm,44.0,2018-10-12,Tiki Trading,available,1000,False,True,True
3671671,Sách Bách Khoa Tri Thức Về Khám Phá Thế Giới Cho Trẻ Em - Thiên Văn Học (Tái Bản 2018),35700,45000,21,4.8,364,2971,Rachel Firth,Đinh Tị,Nhà Xuất Bản Thế Giới,,Bìa mềm,48.0,2018-08-08,Tiki Trading,available,1000,False,True,True
3671669,Sách Bách Khoa Tri Thức Về Khám Phá Thế Giới Cho Trẻ Em - Cá Voi Và Cá Heo (Tái Bản 2018),42700,45000,5,5.0,4,29,Susanna Davidson,Đinh Tị,,,Bìa mềm,48.0,2018-08-08,Nhà sách Fahasa,available,1000,True,True,True
3288881,Sách Bách Khoa Tri Thức Về Khám Phá Thế Giới Cho Trẻ Em - Khủng Long (Tái Bản 2018),38200,45000,15,5.0,10,49,Rachel Firth,Đinh Tị,Nhà Xuất Bản Thế Giới,,Bìa mềm,68.0,,Nhà sách Fahasa,available,1000,True,True,True
2612575,Sách 10 Vạn Câu Hỏi Vì Sao - Khám Phá Thế Giới Thực Vật (Tái Bản 2018),52200,55000,5,4.8,13,105,Tôn Nguyên Vĩ,Đinh Tị,,,Bìa mềm,140.0,2018-06-06,Nhà sách Fahasa,available,1000,True,True,True
2047551,Combo 4 Cuốn 100 Bí Ẩn Đáng Kinh Ngạc (USBORNE),375700,395500,5,5.0,1,18,.,Đinh Tị,Nhà Xuất Bản Thanh Niên,,Bìa mềm,128.0,2018-04-27,Phương Đông Books,available,1000,True,True,True
1734343,Sách Câu Chuyện Môi Trường - Cartoon Guide,93000,128000,27,4.8,21,332,"Larry Gonick, Alice Outwater",NXB Trẻ,,,Bìa mềm,232.0,2018-03-01,Tiki Trading,available,1000,False,True,True
1337737,Sách 100 Bí Ẩn Đáng Kinh Ngạc Về Cơ Thể Người (USBORNE - 100 Things To Know About The Human Body),85000,100000,15,5.0,8,80,.,Đinh Tị,Nhà Xuất Bản Thế Giới,,Bìa mềm,128.0,2018-01-01,Nhà sách Fahasa,available,1000,True,True,True
542977,Sách Bé Học Lễ Giáo - Bubu Tập 33: Bubu Đi Ngủ (Tái Bản),13000,15000,13,4.6,8,1517,Tiểu Vi Thanh,NXB Trẻ,NXB Trẻ,,Bìa mềm,,,Tiki Trading,available,1000,False,True,True
542782,Sách Bé Học Lễ Giáo - Bubu Tập 9: Bubu Chơi Với Lửa (Tái Bản),11000,15000,27,5.0,3,1098,,NXB Trẻ,NXB Trẻ,,Bìa mềm,,,Tiki Trading,available,1000,False,True,True
278760606,Sách - 24 Giờ Dưới Đại Dương,98700,119000,17,0.0,0,4,nhieu tac gia,Đinh Tị,Nhà Xuất Bản Tri Thức,,Bìa mềm,,2023-12-21,Nhà sách Fahasa,available,1000,True,True,True
278128748,Sách Gieo mầm yêu thương,61000,78000,22,0.0,0,14,Nick Butterworth,Đinh Tị,Nhà Xuất Bản Hà Nội,,Bìa mềm,33.0,,Tiki Trading,available,1000,True,True,True
278115764,Sách - Bách Khoa Toàn Thư Vui Nhộn - Học Lễ Nghĩa - NXB Dân Trí,198000,198000,0,0.0,0,7,,Công ty TNHH Tiên Phong Books,Nhà Xuất Bản Dân Trí,,Bìa mềm,,,Tiên Phong Books Việt Nam,available,1000,True,True,True
278089760,Sách Những Khối Óc Sáng Chói Của Kay,39200,40000,2,5.0,4,35,"Adam Kay, Henry Paker",Nhà Xuất Bản Kim Đồng,Nhà Xuất Bản Kim Đồng,,Bìa mềm,104.0,,Tiki Trading,available,1000,False,True,True
277287643,Quiz! Khoa học kì thú: Khoa học điều tra,75000,75000,0,0.0,0,4,,Nhà Xuất Bản Kim Đồng,Nhà Xuất Bản Kim Đồng,,,,,Bamboo Books,available,1000,True,True,True
277281579,Sách Thân gửi sở thú - Tái Bản 2025,64800,90000,28,0.0,0,36,Rod Campbell,Nhã Nam,Nhà Xuất Bản Hội Nhà Văn,,Bìa mềm,16.0,2025-03-01,Tiki Trading,available,1000,False,True,True
275973598,Sách Bách khoa cho trẻ em - Bách khoa khoa học,133000,180000,26,5.0,1,35,DK,Đông A,Nhà Xuất Bản Dân Trí,,Bìa cứng,128.0,,Tiki Trading,available,1000,False,True,True
274969752,Sách Lịch Sử Thế Giới Qua 100 Hiện Vật,302900,389000,22,5.0,7,82,Neil Macgregor,Alphabooks,Nhà Xuất Bản Tri Thức,,Bìa mềm,720.0,2024-06-05,Tiki Trading,available,1000,False,True,True
262733303,Sách Bộ Trò Chơi Tư Duy Cho Trẻ: Tư Duy Logic,31400,49000,36,4.5,2,70,Buke - Buke,Alphabooks,Nhà Xuất Bản Dân Trí,,Bìa mềm,32.0,2023-05-01,Tiki Trading,available,1000,False,True,True
253471974,Sách 10 vạn câu hỏi vì sao (dành cho thiếu nhi) - bìa mềm,151500,205000,26,4.7,3,34,Yosbook,Nhà sách Minh Thắng,Nhà Xuất Bản Phụ Nữ Việt Nam,,Bìa mềm,280.0,2023-03-01,Tiki Trading,available,1000,False,True,True
248362137,"Sách Nhà khoa học nhí. Tìm hiểu địa chất - Đá, khoáng chất và mặt đất dưới chân ta",66000,90000,27,0.0,0,31,Meghan Vestal,NXB Trẻ,NXB Trẻ,,Bìa mềm,96.0,2023-03-23,Tiki Trading,available,1000,False,True,True
216113774,Sách THUYẾT MINH TRỰC QUAN NHẤT VỀ BẢNG TUẦN HOÀN CÁC NGUYÊN TỐ HÓA HỌC,499000,499000,0,0.0,0,0,Tom Jackson,Alphabooks,Nhà Xuất Bản Dân Trí,,Bìa cứng,208.0,2023-01-01,HỆ THỐNG NHÀ SÁCH ABC,available,1000,True,True,True
215983662,"Sách Triết Học Từ Cổ Chí Kim - Trường Phái, Triết Gia, Thuật Ngữ Cùng Những Minh Họa Sống Động (Tái Bản 2023)",115000,125000,8,5.0,1,60,"Masato Tanaka, Tetsuya Saito",NXB Kim Đồng,Nhà Xuất Bản Kim Đồng,,Bìa mềm,356.0,2023-01-01,Tiki Trading,available,1000,False,True,True
207033008,Sách Âm Thanh - Thế Giới Động Vật,306100,399000,23,5.0,4,59,"Minh Trang, Thu Nấm",Đinh Tị,Nhà Xuất Bản Thanh Niên,,Bìa cứng,20.0,2022-11-11,Tiki Trading,available,1000,False,True,True
204880971,Sách Từ điển bằng tranh - Thế giới động vật (Tái bản),88000,120000,27,0.0,0,62,Phan Minh Đạo,Nhà sách Minh Thắng,Nhà Xuất Bản Dân Trí,,Bìa cứng,28.0,2022-09-01,Tiki Trading,available,1000,False,True,True
201679181,"Sách Những Trí Tuệ Vĩ Đại - Tesla Nhà Phát Minh, Cha Đẻ Của Dòng Điện Xoay Chiều",167900,229000,27,4.8,26,274,Tiến Sĩ Richard Gunderman,Tân Việt,Nhà Xuất Bản Dân Trí,,Bìa cứng,155.0,2022-10-10,Tiki Trading,available,1000,False,True,True
201679171,"Sách Những Trí Tuệ Vĩ Đại - Marie Curie Nhà Nữ Khoa Học Tiên Phong, Người Đạt Giải Nobel,Người Khám Phá Ra Chất Phóng Xạ",142000,229000,38,4.8,5,63,Tiến Sĩ Richard Gunderman,Tân Việt,Nhà Xuất Bản Dân Trí,,Bìa cứng,151.0,2022-10-10,Tiki Trading,available,1000,False,True,True
198296805,Sách Cuộc Chiến Tuổi Dậy Thì,68200,89000,23,0.0,0,63,Nguyễn Thị Phương Hoa,NXB Phụ Nữ Việt Nam,Nhà Xuất Bản Phụ Nữ Việt Nam,,Bìa mềm,232.0,2022-09-09,Tiki Trading,available,1000,False,True,True
198128730,Danh nhân thế giới - Newton,30000,30000,0,5.0,1,9,, NXB Kim Đồng,Nhà Xuất Bản Kim Đồng,,Bìa mềm,,,Bamboo Books,available,1000,True,True,True
197606964,Quiz! Khoa học kì thú - Thế giới huyền bí,75000,75000,0,0.0,0,5,, NXB Kim Đồng,Nhà Xuất Bản Kim Đồng,,Bìa mềm,,,Bamboo Books,available,1000,True,True,True
191926693,Sách Trái cây đại chiến Zombie - Thế giới khủng long: Tập 9 - Trên đảo khủng long,60000,89000,33,5.0,27,266,Tiếu Giang Nam,Huy Hoàng Bookstore,Nhà Xuất Bản Phụ Nữ Việt Nam,,Bìa mềm,176.0,2023-03-04,Tiki Trading,available,1000,False,True,True
181998004,Tủ Sách Bách Khoa Tri Thức - Bách Khoa Tri Thức Cho Trẻ Em,229600,280000,18,5.0,1,27,Nhiều tác giả,Đinh Tị,Nhà Xuất Bản Thanh Niên,,,,,Nhà sách Fahasa,available,1000,True,True,True
157240663,Sách Mật Thư (Tái Bản),34000,45000,24,5.0,6,49,Trần Thời,NXB Trẻ,NXB Trẻ,,Bìa mềm,120.0,2022-01-01,Tiki Trading,available,1000,False,True,True
147988202,Combo 2 Cuốn Tớ Học Lập Trình: Tớ Học Lập Trình - Làm Quen Với Python + Tớ Học Lập Trình - Làm Quen Với Lập Trình Scratch,172800,240000,28,4.8,61,461,Nhiều tác giả,Nhã Nam,Nhà Xuất Bản Thế Giới,,Bìa mềm,96.0,2021-12-12,Tiki Trading,available,1000,False,True,True
129767987,Sách Những Câu Đố Toán Học Kiểu Nhật - Lập Luận,42500,59000,28,5.0,5,50,Nhiều tác giả,Đinh Tị,Nhà Xuất Bản Thanh Niên,,Bìa mềm,112.0,2021-10-01,Tiki Trading,available,1000,False,True,True
129767983,Sách Dán Hình Ô Tô Thú Vị- Những Tay Đua Cực Oách,34300,49000,30,5.0,3,43,Đổng Nhã,Đinh Tị,Nhà Xuất Bản Thanh Niên,,Bìa mềm,22.0,2021-10-01,Tiki Trading,available,1000,False,True,True
89204253,Sách 4000 Từ Vựng Và Mẫu Câu Tiếng Anh Thiết Yếu Cho Trẻ Em,200000,250000,20,5.0,28,221,Ban Biên tập MIS,Đinh Tị,Nhà Xuất Bản Hà Nội,,Bìa mềm,356.0,2021-04-01,Nhà sách Fahasa,available,1000,True,True,True
87882582,Sách Tớ Tư Duy Như Một Nhà Toán Học - Tất Tần Tật Trò Chơi Toán Học,55800,89000,37,5.0,8,74,"Meg Glenn, Sean Clemens",Alphabooks,Nhà Xuất Bản Dân Trí,,Bìa mềm,140.0,2024-04-22,Tiki Trading,available,1000,False,True,True
87857971,Sách Stem Quanh Em - Kỹ Thuật Siêu Đơn Giản,37800,59000,36,0.0,0,18,Jenny Jocoby,Alphabooks,Nhà Xuất Bản Dân Trí,,Bìa mềm,32.0,2021-04-01,Tiki Trading,available,1000,False,True,True
77665388,Bách Khoa Thư Trẻ Em - Cuốn Sách Lí Giải Vạn Vật,426300,490000,13,5.0,79,495,DK,Công Ty Cổ Phần Văn Hóa Đông A,Nhà Xuất Bản Dân Trí,,Bìa cứng,304.0,2021-02-01,Nhà sách Fahasa,available,1000,True,True,True
69177749,Sách Bóc Dán Thông Minh - Thủy Cung,45600,48000,5,5.0,5,26,Hannah Watson,Đinh Tị,Nhà Xuất Bản Thanh Niên,,Bìa mềm,24.0,2020-10-15,Nhà sách Fahasa,available,1000,True,True,True
67712912,Sách Phát Triển Trí Tuệ Cảm Xúc- Chúng Mình Tôn Trọng Cơ Thể Và Cảm Xúc Của Nhau,46500,50000,7,4.7,19,168,Jayneen Sanders,Nhã Nam,Nhà Xuất Bản Dân Trí,,Bìa mềm,40.0,2020-09-15,Nhà sách Fahasa,available,1000,True,True,True
48035331,Sách Câu Chuyện Di Truyền,103000,135000,24,4.7,51,302,"Larry Gonick, Mark Wheelis",NXB Trẻ,NXB Trẻ,,Bìa mềm,218.0,2020-01-02,Tiki Trading,available,1000,False,True,True
42334976,500 Bách Khoa Tri Thức - Cơ Thể Người,120000,179000,33,4.7,89,459,Pegasus,Vinabook JSC,,,Bìa cứng,192.0,2019-11-18,VIETNAMBOOK,available,1000,True,True,True
36470292,Sách Science Encyclopedia – Bách Khoa Thư Về Khoa Học,408000,480000,15,5.0,73,299,Nhiều tác giả,Đinh Tị,Nhà Xuất Bản Thanh Niên,,Bìa mềm,,2019-10-01,Nhà sách Fahasa,available,1000,True,True,True
21853795,Sách 100 Bí Ẩn Đáng Kinh Ngạc Về Lịch Sử - 100 Things To Know About History,90000,100000,10,5.0,18,114,.,Đinh Tị,,,Bìa mềm,128.0,2019-07-01,Nhà sách Fahasa,available,1000,True,True,True
6563565,10 vạn câu hỏi vì sao - trọn bộ 5 tập,271000,282350,4,4.6,126,1122,Đức Anh,Huy Hoàng Bookstore,Nhà Xuất Bản Dân Trí,,Bìa mềm,203.0,2018-10-24,AHABOOKS,available,1000,True,True,True
887096,Sách Classroom Mathematics Class 2B - Học Kỳ 2,139500,155000,10,0.0,0,10,Abel Chong,Thái Hà,,,Bìa mềm,,2017-09-01,Nhà sách Fahasa,available,1000,True,True,True
645254,Sách Cây Cối Diệu Kì - Học Vui Hiểu Rộng Biết Nhiều,33600,48000,30,4.7,11,167,Ruth Owen,First News - Trí Việt,Nhà Xuất Bản Tổng hợp TP.HCM,,Bìa mềm,32.0,2017-05-01,Tiki Trading,available,1000,False,False,True
542950,Sách Bé Học Lễ Giáo - Bubu Tập 28: Bubu Đi Sở Thú (Tái Bản),10000,15000,33,5.0,1,1166,Tiểu Vi Thanh,NXB Trẻ,NXB Trẻ,,Bìa mềm,16.0,2016-09-06,Tiki Trading,available,1000,False,True,True
278280338,Sách Gấu Con Thông Minh - Dành Cho Tuổi Mầm Non,15600,25000,38,0.0,0,5,"Lê Thu Ngọc, Lê Tuệ Minh",Minh Long,Nhà Xuất Bản Mỹ Thuật,,Bìa mềm,24.0,,Tiki Trading,available,1000,True,True,True
278242169,Sách 200 từ vựng mẹ cùng con học nói,62700,79000,21,0.0,0,9,"Pat-a-Cake, Tiago Americo",Đinh Tị,Nhà Xuất Bản Thanh Niên,,Bìa mềm,194.0,,Tiki Trading,available,1000,False,True,True
278159014,Sách Những Kì Quan Thời Tiết - Từ Điển Bỏ Túi Về Các Hiện Tượng Thiên Nhiên Kì Thú,97000,105000,8,0.0,0,8,Kentaro Araki,NXB Kim Đồng,Nhà Xuất Bản Kim Đồng,,Bìa mềm,176.0,,Tiki Trading,available,1000,False,True,True
278158415,Sách Dạy Trẻ Nói Lời Hay Ý Đẹp ( Sách Lẻ),18000,30000,40,0.0,0,0,"Trương Úy, Trịnh Vỹ",Minh Long,Nhà Xuất Bản Văn Học,,Bìa mềm,28.0,,Tiki Trading,available,1000,True,True,True
278158090,Sách Bách khoa động vật dành cho trẻ nhỏ,43700,70000,38,0.0,0,2,Đồng Chi Minh,Minh Long,Nhà Xuất Bản Phụ Nữ,,Bìa mềm,124.0,,Tiki Trading,available,1000,True,True,True
278138744,Sách Big Bang - Bách Khoa Và Khám Phá,65000,79000,18,0.0,0,1,Stephanie Stahl,Megabook,Nhà Xuất Bản Đại Học Quốc Gia Hà Nội,,Bìa mềm,132.0,,Tiki Trading,available,1000,False,True,True
278138430,Sách Theo Chân Người Tí Hon,109800,169000,35,0.0,0,3,"Tim Hutchinson, John Farndon",Thái Hà,Nhà Xuất Bản Lao Động,,Bìa mềm,80.0,,Tiki Trading,available,1000,False,True,True
277969747,Sách Sống Xanh - Tại Sao Chúng Ta Cần Sống Xanh - Hãy Xây Dựng Lối Sống Tích Cực,49200,70000,30,0.0,0,3,Joli Hannah,Tân Việt,Nhà Xuất Bản Văn Học,,Bìa mềm,43.0,,Tiki Trading,available,1000,False,True,True
276029317,Sách Song Ngữ - Children Who Loved Books – Những Đứa Trẻ Yêu Sách,29000,45000,36,0.0,0,20,Peter Carnavas,Nhà xuất bản Phụ Nữ Việt Nam,Nhà Xuất Bản Phụ Nữ Việt Nam,,Bìa mềm,32.0,,Tiki Trading,available,1000,False,True,True
275547925,Sách Bảng âm thanh chữ cái tiếng Việt,72000,95000,24,0.0,0,19,Tân Việt Books,Tân Việt,Tân Việt Books,,Bìa mềm,,2024-07-01,Tiki Trading,available,1000,False,True,True
252912200,Sách 10 Vạn Câu Hỏi Vì Sao? - Động Vật,40000,65000,38,5.0,1,19,Đức Anh,Huy Hoàng Bookstore,Nhà Xuất Bản Dân Trí,,Bìa mềm,192.0,2023-05-05,Tiki Trading,available,1000,False,True,True
252561539,Sách Kỹ năng sơ cứu dành cho học sinh,31700,39000,19,5.0,1,22,"Từ Tích Mạch, Trương Kính Kính",Đinh Tị,Nhà Xuất Bản Thanh Niên,,Bìa mềm,48.0,2023-01-01,Tiki Trading,available,1000,True,True,True
249778312,Sách Từ điển bằng tranh - Cờ các quốc gia trên thế giới (bìa cứng),79000,115000,31,5.0,2,43,Đức Thành,Nhà sách Minh Thắng,Nhà Xuất Bản Dân Trí,,Bìa cứng,28.0,2022-12-01,Tiki Trading,available,1000,False,True,True
204874996,Sách Đế Chế Atlantis Và Những Vương Quốc Biến Mất,165000,165000,0,0.0,0,1,Walter Isaacson,Tân Việt,Nhà Xuất Bản Dân Trí,,Bìa mềm,386.0,2022-11-11,Nhà sách NetaBooks,available,1000,True,True,True
196018822,Bộ Sách Chân Dung - Steve Jobs Là Ai (Tái bản),47000,59000,20,0.0,0,0,"Pam Pollack, Meg Belviso, John O'Brien",Alphabooks,Nhà Xuất Bản Dân Trí,,Bìa mềm,112.0,2022-08-08,Alpha Books Official,available,1000,True,True,True
193979584,Sách Bách khoa thư về phát triển kỹ năng - Tuổi dậy thì,193300,280000,31,5.0,15,254,DK,Đinh Tị,Nhà Xuất Bản Thanh Niên,,Bìa mềm,256.0,2022-08-01,Tiki Trading,available,1000,False,True,True
184080397,Sách Thế Nào Và Tại Sao - Vũ Trụ - Những Bí Ẩn Của Không Gian,66800,95000,30,4.8,4,37,Manfred Baur,Tân Việt,Nhà Xuất Bản Phụ Nữ,,Bìa cứng,48.0,2022-06-01,Tiki Trading,available,1000,False,True,True
165992291,Sách Người Ai Cập: Xác Ướp Cũng Phải Choáng Váng,36000,50000,28,5.0,7,63,Terry Deary,NXB Trẻ,NXB Trẻ,,Bìa mềm,130.0,2022-02-02,Tiki Trading,available,1000,False,True,True
155114517,Combo Kĩ Năng Xã Hội Cho Học Sinh Tiểu Học (6 Cuốn),490200,516000,5,5.0,9,95,Trung tâm Nghiên cứu Tâm lí Tiểu Hòa,NXB Kim Đồng,Nhà Xuất Bản Kim Đồng,,Bìa mềm,168.0,2021-12-01,Tiki Trading,available,1000,False,True,True
129767961,First Sticker Book - Sách Dán Hình Đầu Đời Cho Bé - Tàu Hỏa 75N,62700,75000,16,5.0,17,197,Sam Taplin,Đinh Tị,Nhà Xuất Bản Thanh Niên,,Bìa mềm,24.0,2021-10-01,Tiki Trading,available,1000,False,True,True
116835635,Sách Tớ Học Lập Trình - Làm Quen Với Python,103950,135000,23,5.0,159,1352,"Louie Stowell, Rosie Dickins",Nhã Nam,Nhà Xuất Bản Thế Giới,,Bìa mềm,96.0,2021-08-15,Tiki Trading,available,1000,False,True,True
109982972,Sách Marie Curie - Nhà Nữ Khoa Học Kiệt Xuất,52800,75000,30,4.8,51,305,Rasmus Hoài Nam,Tân Việt,Nhà Xuất Bản Thanh Niên,,Bìa mềm,213.0,2021-07-15,Tiki Trading,available,1000,False,True,True
87993372,Sách Stem Quanh Em - Toán Học Siêu Ứng Dụng,41300,59000,30,5.0,2,37,Jenny Jocoby,Alphabooks,Nhà Xuất Bản Dân Trí,,Bìa mềm,32.0,2021-04-15,Tiki Trading,available,1000,False,True,True
75954473,Sách Stem Quanh Em - Địa Chất Học Siêu Độc Đáo,50100,59000,15,0.0,0,2,"Jenny Jacoby, Vicky Barker",Alphabooks,Nhà Xuất Bản Dân Trí,,Bìa mềm,33.0,2021-01-01,Nhà sách Fahasa,available,1000,True,True,True
69701396,Quiz! Khoa Học Kì Thú: Vũ Trụ (Tái Bản 2020),68000,68000,0,0.0,0,7,Do Ki-sung,NXB Kim Đồng,Nhà Xuất Bản Kim Đồng,,Bìa mềm,200.0,2020-10-15,HaAnBooks,available,1000,True,True,True
67060012,Sách Phát Triển Trí Tuệ Cảm Xúc- Cảm Xúc Của Con Màu Gì?,35924,50000,28,5.0,248,2691,Jayneen Sanders,Nhã Nam,Nhà Xuất Bản Dân Trí,,Bìa mềm,40.0,2020-09-11,Tiki Trading,available,1000,False,True,True
58931411,Who? Chuyện Kể Về Danh Nhân Thế Giới: Louis Pasteur (Tái Bản 2020),52800,55000,4,4.8,65,588,"Lee Heejung, Team-kids",NXB Kim Đồng,Nhà Xuất Bản Kim Đồng,,Bìa mềm,160.0,,Nhà sách Fahasa,available,1000,True,True,True
58397029,Sách Kĩ Năng Vàng Cho Teen Thế Kỉ 21 - Bí Kíp Quản Lí Cảm Xúc,80750,85000,5,5.0,40,281,"Yang Li Rong, Sun De Ling, Dan Gao Jia Mian",NXB Kim Đồng,Nhà Xuất Bản Kim Đồng,,Bìa mềm,184.0,2020-07-01,Tiki Trading,available,1000,False,True,True
42755242,Bách Khoa Tri Thức - Khoa Học,47000,70000,33,4.6,12,107,,Công Ty Cổ Phần Tri thức Văn Hóa Sách Việt Nam,,,Bìa cứng,32.0,2019-11-18,VIETNAMBOOK,available,1000,True,True,True
21853808,"Sách 100 Bí Ẩn Đáng Kinh Ngạc Về Số, Máy Tính Và Mã Hóa - 100 Things To Know About Numbers, Computers & Coding",90000,100000,10,4.8,5,39,Nhiều tác giả,Đinh Tị,,,Bìa mềm,128.0,2019-07-01,Nhà sách Fahasa,available,1000,True,True,True
11810799,Combo 04 Cuốn Vì Sao Tớ Yêu Ông - Bà - Bố - Mẹ (Tái Bản 2019),108500,108500,0,5.0,54,499,Daniel Howarth,Nhà Xuất Bản Kim Đồng,Nhà Xuất Bản Kim Đồng,,Bìa mềm,128.0,2019-02-22,AHABOOKS,available,1000,True,True,True
11194584,Sách Bác Sĩ Ai Bô Lít (Tái Bản),28500,30000,5,5.0,17,113,Korney Chukovsky,Nhà Xuất Bản Kim Đồng,,,Bìa mềm,152.0,2019-02-01,Nhà sách Fahasa,available,1000,True,True,True
7125317,Sách 10 Vạn Câu Hỏi Vì Sao - Khám Phá Trái Đất (Tái Bản 2018),52200,55000,5,4.8,23,149,Tôn Nguyên Vĩ,Đinh Tị,,,Bìa mềm,136.0,2018-11-07,Nhà sách Fahasa,available,1000,True,True,True
5982843,Sách Bí Ẩn Thế Giới Loài Vật: Thú (Tái Bản 2018),47500,50000,5,5.0,10,135,,Nhà Xuất Bản Kim Đồng,Nhà Xuất Bản Kim Đồng,,Bìa mềm,44.0,2018-10-12,Tiki Trading,available,1000,False,True,True
3336489,Sách 300 Câu Hỏi Khoa Học Vui Đời Sống: Sao Cái Bóng Cứ Bám Theo Tớ?,31000,48000,35,5.0,12,196,Tin Man,Huy Hoàng Bookstore,Nhà Xuất Bản Phụ Nữ,,Bìa mềm,64.0,2019-09-10,Tiki Trading,available,1000,False,True,True
2612569,Sách 10 Vạn Câu Hỏi Vì Sao - Khám Phá Thế Giới Đại Dương 1 (Tái Bản),52200,55000,5,5.0,27,219,Tôn Nguyên Vĩ,Đinh Tị,,,Bìa mềm,140.0,2018-06-06,Nhà sách Fahasa,available,1000,True,True,True
542807,Sách Bé Học Lễ Giáo - Bubu Tập 17: Bubu Mừng Giáng Sinh (Tái Bản),13000,15000,13,5.0,2,784,,NXB Trẻ,NXB Trẻ,,Bìa mềm,,2022-09-06,Tiki Trading,available,1000,False,False,True
535660,Sách Trẻ Em Khéo Tay Gấp Hình (Tập 1) (Tái Bản),56600,59000,4,0.0,0,11,Kim Dân,VanLangBooks,Nhà Xuất Bản Mỹ Thuật,,Bìa mềm,,2016-08-10,Nhà sách Fahasa,available,1000,True,True,True
460510,Sách Vòng Quanh Thế Giới - Nhật Bản,11400,12000,5,4.8,27,445,Nhóm tác giả,Nhà Xuất Bản Kim Đồng,,,Bìa mềm,16.0,2015-11-23,Nhà sách Fahasa,available,1000,True,True,True
441241,Sách Vì Sao? Như Thế Nào? - Năng Lượng,99000,99000,0,0.0,0,2,Fleurus,Công Ty Cổ Phần Văn Hóa Đông A,Nhà Xuất Bản Dân Trí,,Bìa mềm,125.0,2015-07-07,Bamboo Books,available,1000,True,True,True
278786951,"Sách STEM Dành Cho Học Sinh - Phát Triển Tư Duy Logic, Khám Phá Khoa Học (Combo 4 Cuốn)",310060,392000,21,0.0,0,12,Nhiều tác giả,MCBOOKS,Nhà Xuất Bản Hồng Đức,,Bìa mềm,,,Tiki Trading,available,1000,False,True,True
278280186,Sách Giờ Học Tô Màu Của Bé (Siêu Vui Nhôn - Siêu Bổ Ích),14200,22000,35,0.0,0,2,Nhiều tác giả,Tân Việt,Nhà Xuất Bản Mỹ Thuật,,Bìa mềm,16.0,,Tiki Trading,available,1000,False,True,True
278275212,Bộ Sách Phiêu Lưu Cùng STEM,45000,65000,31,0.0,0,13,"Tom Jackson, Simon Basher",NXB Trẻ,NXB Trẻ,,Bìa mềm,,2025-07-17,Tiki Trading,available,1000,False,True,True
278159367,Sách Hỏi Nhỏ Biết To,25000,40000,38,0.0,0,0,Nhiều tác giả,Minh Long,Nhà Xuất Bản Mỹ Thuật,,Bìa mềm,72.0,,Tiki Trading,available,1000,True,True,True
278159103,Sách Phát Triển Trí Não Cho Trẻ Qua Tô - Dán Và Nối Hình,38700,55000,30,0.0,0,8,Boneui Lee,Tân Việt,Nhà Xuất Bản Mỹ Thuật,,Bìa mềm,12.0,,Tiki Trading,available,1000,False,True,True
278158973,Sách Những Bài Học Về Tiền Bạc Dành Cho Trẻ Em,15000,25000,40,0.0,0,0,Chơi mà học,Minh Long,Nhà Xuất Bản Thanh Niên,,Bìa mềm,32.0,,Tiki Trading,available,1000,True,True,True
278116565,Sách - Bách Khoa Toàn Thư Vui Nhộn - Học Cách Đối Mặt Với Thất Bại,198000,198000,0,0.0,0,2,,Công ty TNHH Tiên Phong Books,Nhà Xuất Bản Dân Trí,,Bìa mềm,,,Tiên Phong Books Store,available,1000,True,True,True
276948420,Bộ Sách - Phát Triển IQ Cho Bé,42750,45000,5,0.0,0,11,Nhiều tác giả,Nhà Xuất Bản Kim Đồng,Nhà Xuất Bản Kim Đồng,,Bìa mềm,32.0,2025-01-01,Tiki Trading,available,1000,False,True,True
276854206,500 Trò Chơi Rèn Luyện IQ (4-10 tuổi) - Khả Năng Tập Trung (Sách Bản Quyền),51500,75000,31,4.8,4,10,Vương Văn,Nhà sách Minh Thắng,Nhà Xuất Bản Phụ Nữ Việt Nam,,Bìa mềm,80.0,2022-06-06,Tiki Trading,available,1000,False,True,True
276375937,Sách Từ cô bé đến cô nàng - Tuổi dậy thì và những thay đổi diệu kỳ,54700,69000,21,0.0,0,6,Phương Phương,Đinh Tị,Nhà Xuất Bản Hà Nội,,,96.0,,Tiki Trading,available,1000,False,True,True
275611833,Sách Bách khoa toàn thư biểu tượng và hoa văn Mật Tạng,607150,690000,12,5.0,17,122,Robert Beer,Đông A,Nhà Xuất Bản Dân Trí,,Bìa cứng,512.0,2024-07-01,Tiki Trading,available,1000,False,True,True
275122140,Sách Atlas Kỳ Thú Về Động Vật,137500,180000,24,0.0,0,1,Nina Filipek,Tân Việt,Nhà Xuất Bản Mỹ Thuật,,Bìa cứng,72.0,2024-05-01,Tiki Trading,available,1000,False,True,True
274327405,Sách Hành Trình Khám Phá,22000,30000,27,0.0,0,15,Hà Triều,NXB Trẻ,NXB Trẻ,,Bìa mềm,32.0,2024-03-05,Tiki Trading,available,1000,False,True,True
270834634,"Sách Rèn Luyện Tư Duy, Nâng Cao IQ: Tìm Điểm Khác Nhau",42750,45000,5,4.0,1,24,Hồ Viện Viện,NXB Kim Đồng,Nhà Xuất Bản Kim Đồng,,Bìa mềm,32.0,2023-06-22,Tiki Trading,available,1000,False,True,True
252912210,Sách 10 Vạn Câu Hỏi Vì Sao? - Vũ Trụ,46000,65000,29,5.0,1,29,Đức Anh,Huy Hoàng Bookstore,Nhà Xuất Bản Dân Trí,,Bìa mềm,200.0,2023-05-05,Tiki Trading,available,1000,False,True,True
199706218,Sách Bé Làm Quen Với Tiếng Anh (208 Miếng Dán Hình Thông Minh - IQ-EQ-CQ),51900,68000,24,0.0,0,27,Phan Minh Đạo,Nhà sách Minh Thắng,Nhà Xuất Bản Dân Trí,,Bìa mềm,26.0,2022-07-01,Tiki Trading,available,1000,False,True,True
185668583,Sách Ehon Châu Âu - Mẹ Yêu Con,22300,35000,36,5.0,6,77,Stephanie Moss,Tân Việt,Nhà Xuất Bản Mỹ Thuật,,Bìa mềm,24.0,2022-06-06,Tiki Trading,available,1000,False,True,True
177060117,Combo 3 - 5 Tập: 10 Vạn Câu Hỏi Vì Sao - Động Vật - Thực Vật,187100,275000,32,0.0,0,15,Nhiều tác giả,Đinh Tị,Nhà Xuất Bản Thanh Niên,,Bìa mềm,700.0,2022-04-04,Tiki Trading,available,1000,True,True,True
170094970,Sách Bách Khoa Lịch Sử Thế Giới - Tái Bản,450000,550000,18,5.0,88,490,"Jane Bingham, Fiona Chandler, Sam Taplin",Công Ty Cổ Phần Văn Hóa Đông A,Nhà Xuất Bản Dân Trí,,Bìa cứng,416.0,2022-02-01,Tiki Trading,available,1000,False,True,True
168303300,Sách Khủng Long,344000,450000,24,5.0,7,51,DK,Công Ty Cổ Phần Văn Hóa Đông A,Nhà Xuất Bản Tổng hợp TP.HCM,,Bìa cứng,208.0,2022-03-01,Tiki Trading,available,1000,False,True,True
160081246,Sách Gi Gỉ Gì Gi Cái Gì Cũng Biết - Lớp 2,75366,109000,31,5.0,9,206,Mima Noyuri,Nhã Nam,Nhà Xuất Bản Thế Giới,,Bìa mềm,180.0,2022-01-01,Tiki Trading,available,1000,False,True,True
159035356,Combo Bộ 5 Cuốn: Bách Khoa Toàn Thư Cho Bé - Rau Củ,31900,40000,20,0.0,0,1,LC.Bảo Thư,VanLangBooks,Nhà Xuất Bản Hồng Đức,,Bìa mềm,80.0,2022-01-01,Văn Lang Official Store,available,1000,True,True,True
152517444,Sách Lift-The-Flap-Lật Mở Khám Phá - First 100 Words - 100 Từ Đầu Tiên Về Thế Giới Quanh Em,120200,168000,28,5.0,14,174,Linh Chi,Đinh Tị,Nhà Xuất Bản Thanh Niên,,Bìa cứng,14.0,2021-12-01,Tiki Trading,available,1000,False,True,True
145134927,Sách Âm Thanh - Âm Thanh Cuộc Sống Quanh Em,168000,219000,23,0.0,0,35,"Khánh Vân,  Moi moi",Đinh Tị,Nhà Xuất Bản Thanh Niên,,Bìa cứng,10.0,2021-12-12,Tiki Trading,available,1000,True,True,True
120509480,"Sách Hiểu Về Tài Chính, Vững Bước Tương Lai - Tiêu Dùng Thông Minh",24700,25000,1,5.0,1,12,Cecilia Minden,NXB Kim Đồng,Nhà Xuất Bản Kim Đồng,,Bìa mềm,32.0,2021-08-01,Nhà sách Fahasa,available,1000,True,True,True
114922538,Tủ Sách Giáo Dục Stem: Nhà Khoa Học Tập Sự,49500,69000,28,5.0,4,20,Catherine Ard,Alphabooks,Nhà Xuất Bản Dân Trí,,Bìa mềm,48.0,2021-07-01,Tiki Trading,available,1000,False,False,True
109982956,Sách Leonardo Da Vinci - Thiên Tài Toàn Năng,42200,60000,30,4.7,63,443,Rasmus Hoài Nam,Tân Việt,Nhà Xuất Bản Thanh Niên,,Bìa mềm,174.0,2021-07-15,Tiki Trading,available,1000,False,True,True
99863101,Combo 2 Cuốn Kiến Thức - Bách Khoa Cho Trẻ: Bách Khoa Tri Thức Về Khám Phá Thế Giới Cho Trẻ Em - Thiên Văn Học + 100 Bí Ẩn Đáng Kinh Ngạc Về Vũ Trụ  (Bộ Sách Thiếu Nhi Bán Chạy),139200,145000,4,5.0,17,195,,Đinh Tị,Nhà Xuất Bản Thế Giới,,Bìa mềm,,,AHABOOKS,available,1000,True,True,True
96491413,Sách Tiếng Anh Giao Tiếp Cho Trẻ Em- Daily Routines - Nếp Sinh Hoạt Hằng Ngày,62000,78000,21,5.0,13,89,MIS Editorial Team,Đinh Tị,Nhà Xuất Bản Thanh Niên,,Bìa mềm,96.0,2021-05-01,Tiki Trading,available,1000,False,True,True
75954479,Sách Stem Quanh Em - Vật Lý Siêu Hấp Dẫn,53100,59000,10,3.0,1,8,"Jenny Jacoby, Vicky Barker",Alphabooks,Nhà Xuất Bản Dân Trí,,Bìa mềm,33.0,2021-01-01,Nhà sách Fahasa,available,1000,True,True,True
75954471,Sách Stem Quanh Em - Hóa Học Siêu Kỳ Diệu,44000,59000,25,5.0,14,118,"Jenny Jacoby, Vicky Barker",Alphabooks,Nhà Xuất Bản Dân Trí,,Bìa mềm,33.0,2021-01-01,Tiki Trading,available,1000,False,True,True
75953568,Sách Stem Quanh Em - Khí Tượng Học Siêu Bất Ngờ,41500,59000,30,5.0,9,59,"Jenny Jacoby, Vicky Barker",Alphabooks,Nhà Xuất Bản Dân Trí,,Bìa mềm,33.0,2021-01-01,Tiki Trading,available,1000,False,True,True
75953563,Sách Stem Quanh Em - Sinh Học Siêu Kỳ Thú,53100,59000,10,3.0,1,5,"Jenny Jacoby, Vicky Barker",Alphabooks,Nhà Xuất Bản Dân Trí,,Bìa mềm,33.0,2021-01-01,Nhà sách Fahasa,available,1000,True,True,True
74823804,Sách Những Câu Chuyện Khoa Học Làm Thay Đổi Thế Giới,139500,150000,7,0.0,0,7,Kwon Gi Gyun,Pandabooks,Nhà Xuất Bản Thanh Niên,,Bìa mềm,232.0,2020-12-12,Nhà sách Fahasa,available,1000,True,True,True
67477615,"Sách Phát Triển Trí Tuệ Cảm Xúc- Con Kiên Trì, Con Không Bỏ Cuộc",46500,50000,7,5.0,8,68,Jayneen Sanders,Nhã Nam,Nhà Xuất Bản Dân Trí,,Bìa mềm,40.0,2020-09-01,Nhà sách Fahasa,available,1000,True,True,True
13624111,Sách Gieo Mầm Tính Cách - Công Bằng ( Tái Bản ),30400,32000,5,5.0,1,15,"Hạ Yên, Hoài Phương",NXB Trẻ,,,Bìa mềm,79.0,2019-04-01,Nhà sách Fahasa,available,1000,True,True,True
1644863,Sách Chuyện Kể Về Danh Nhân Thế Giới: Maria Montessori,58000,60000,3,3.0,5,477,"Lee Dongkyu, Oh Chunnyun",Nhà Xuất Bản Kim Đồng,Nhà Xuất Bản Kim Đồng,,Bìa mềm,176.0,2018-01-01,Tiki Trading,available,1000,False,False,True
1057438,Sách Stem – Toán Học Siêu Ứng Dụng,41300,59000,30,0.0,0,8,"Vicky Barker, Jenny Jacoby",Alphabooks,Nhà Xuất Bản Dân Trí,,Bìa mềm,32.0,2017-10-01,Alpha Books Official,available,1000,True,True,True
1020669,Sách Bách Khoa Khủng Long Toàn Tập,258000,350000,26,5.0,280,2080,Dougal Dixon,Công Ty Cổ Phần Văn Hóa Đông A,Nhà Xuất Bản Dân Trí,,Bìa mềm,256.0,2017-12-21,Tiki Trading,available,1000,False,True,True
562911,Sách Vòng Quanh Thế Giới - Pháp,11400,12000,5,4.8,23,524,Hoài Nam - Nguyễn Hào,Nhà Xuất Bản Kim Đồng,,,Bìa mềm,16.0,2016-12-06,Nhà sách Fahasa,available,1000,True,True,True
278907044,Sách - Quiz! Khoa Học Kì Thú - Tên Lửa-Vệ Tinh Nhân Tạo,69700,75000,7,0.0,0,3,nhieu tac gia,Nhà Xuất Bản Kim Đồng,Nhà Xuất Bản Kim Đồng,,Bìa mềm,,2023-12-21,Nhà sách Fahasa,available,1000,True,True,True
278830761,Sách - Quiz! Khoa Học Kì Thú - Vật Lí-Hóa Học,69700,75000,7,0.0,0,8,nhieu tac gia,Nhà Xuất Bản Kim Đồng,Nhà Xuất Bản Kim Đồng,,Bìa mềm,,2023-12-21,Nhà sách Fahasa,available,1000,True,True,True
278138281,Sách Khổng Lồ Mở Ra Thế Giới,79300,100000,21,0.0,0,6,"Marta Daeuble, Štěpánka Sekaninová",Đinh Tị,Nhà Xuất Bản Thanh Niên,,Bìa cứng,48.0,,Tiki Trading,available,1000,True,True,True
278128712,Sách Bồi Dưỡng Tính Cách Tự Tin Và Mạnh Mẽ Cho Trẻ,25400,32000,21,0.0,0,9,Sách thiếu nhi Tiểu Kỳ Lân,Đinh Tị,Nhà Xuất Bản Thanh Niên,,Bìa mềm,20.0,,Tiki Trading,available,1000,True,True,True
278119682,Sách Mẹ Hỏi Bé Trả Lời,27600,30000,8,4.8,149,2730,"Yosbook, Xiao Li",Nhà Xuất Bản Kim Đồng,Nhà Xuất Bản Kim Đồng,,Bìa mềm,88.0,2019-03-01,Tiki Trading,available,1000,False,True,True
277287579,Quiz! Khoa học kì thú: SOS Khoa học sinh tồn,75000,75000,0,0.0,0,3,,Nhà Xuất Bản Kim Đồng,Nhà Xuất Bản Kim Đồng,,,,,Bamboo Books,available,1000,True,True,True
275707208,Sách 85 Câu Đố Rèn Luyện Trí Não,48000,75000,36,5.0,1,15,"Gareth Moore, Helena M. Gellersen",Minh Long,Nhà Xuất Bản Thanh Niên,,Bìa mềm,208.0,,Tiki Trading,available,1000,True,True,True
275268392,Combo Sách trò chơi đóng vai Công chúa nhỏ Mika (6 Cuốn),150000,216000,31,0.0,0,4,Little Rainbow,Megabook,Nhà Xuất Bản Thanh Niên,,Bìa mềm,,2024-06-01,Tiki Trading,available,1000,False,True,True
275122159,Thư Viện Của Những Thần Tượng- Những Danh Nhân Nổi Tiếng Đã Đọc Cuốn Sách Nào Khi Họ Còn Trẻ,92000,135000,32,5.0,1,30,Lee Ha - Young,Tân Việt,Nhà Xuất Bản Văn Học,,Bìa mềm,307.0,2024-05-01,Tiki Trading,available,1000,False,True,True
270845353,First Sticker Book - Sách Dán Hình Đầu Đời Cho Bé - Sở Thú,67500,75000,10,0.0,0,6,Sam Taplin,Đinh Tị,nxb thanh nien,,,,,Nhà sách Fahasa,available,1000,True,True,True
263108549,Bộ 2 Cuốn Origami - Trò Chơi Gấp Giấy Dành Cho Trẻ Em - Tập 1&2 (Tái Bản 2023),128000,160000,20,3.9,7,84,Thiên Kim,VanLangBooks,,,,,,Văn Lang Official Store,available,1000,True,True,True
249766467,365 truyện kể cho bé trước khi ngủ - Những câu chuyện nuôi dưỡng cảm xúc EQ (2-12 tuổi),47400,70000,32,4.7,7,156,Hải Yến,Nhà sách Minh Thắng,Nhà Xuất Bản Phụ Nữ Việt Nam,,Bìa mềm,116.0,2023-01-01,Tiki Trading,available,1000,False,True,True
247289986,Sách Từ Điển Bằng Tranh - Cờ Các Quốc Gia Trên Thế Giới (Bìa Cứng),85200,115000,26,4.7,7,109,Đức Thành,Nhà sách Minh Thắng,Nhà Xuất Bản Dân Trí,,Bìa cứng,28.0,2022-12-12,Tiki Trading,available,1000,False,True,True
207830876,Combo Nhóc Nicolas (3 cuốn),316800,540000,41,5.0,2,48,Goscinny & Sempé,Nhã Nam,Nhà Xuất Bản Hội Nhà Văn,,Bìa mềm,1700.0,2022-12-01,Tiki Trading,available,1000,False,True,True
205694858,Tri Thức Trong Lòng Bàn Tay - Bách Khoa Thiếu Nhi Động Vật (Sách Bản Quyền),75600,110000,31,5.0,10,129,Dorling Kindersley Limited,Nhà sách Minh Thắng,Nhà Xuất Bản Phụ Nữ Việt Nam,,Bìa cứng,160.0,2022-06-06,Tiki Trading,available,1000,False,True,True
184790656,Sách Nhà Sinh Hóa Tương Lai: Enzymes - Trợ Thủ Đắc Lực Của Quá Trình Trao Đổi Chất,35900,55000,35,4.8,5,20,Cara Florance,Alphabooks,Nhà Xuất Bản Dân Trí,,Bìa mềm,32.0,2022-05-05,Tiki Trading,available,1000,False,True,True
173481755,Sách Học Và Thực Hành Stem Đơn Giản - Khoa Học - Kiến Thức Kèm Bài Tập Bổ Trợ!,46800,59000,21,5.0,3,29,Stephanie Clarkson,Đinh Tị,Nhà Xuất Bản Thanh Niên,,Bìa mềm,66.0,2022-04-04,Tiki Trading,available,1000,True,True,True
170095029,Sách Bách Khoa Cho Trẻ Em - Bách Khoa Công Nghệ - Tái Bản,136000,160000,15,5.0,5,96,DK,Công Ty Cổ Phần Văn Hóa Đông A,Nhà Xuất Bản Dân Trí,,Bìa cứng,128.0,2022-02-01,Tiki Trading,available,1000,False,True,True
167600192,Sách Human Body - Bách Khoa Toàn Thư Về Cơ Thể Chúng Ta (Bìa Cứng),222700,319000,30,5.0,5,98,Wonder House,1980 Books,Nhà Xuất Bản Dân Trí,,Bìa cứng,196.0,2022-03-01,Tiki Trading,available,1000,False,True,True
145144851,Combo 4 Quyển: Sách Bóc Dán Dành Cho Bé Gái,179000,220000,19,5.0,3,58,Nhiều tác giả,Đinh Tị,Nhà Xuất Bản Hà Nội,,Bìa mềm,96.0,2021-12-01,Tiki Trading,available,1000,True,True,True
145134949,Sách Âm Thanh - Âm Thanh Của Thiên Nhiên,175000,219000,20,5.0,1,34,"Khánh Vân,  Moi moi",Đinh Tị,Nhà Xuất Bản Thanh Niên,,Bìa cứng,10.0,2021-12-12,Tiki Trading,available,1000,False,True,True
134583804,Sách IQ Thiên Tài Phát Triển Tư Duy Não Bộ 2-3 Tuổi (Tái Bản),48500,69000,30,5.0,5,82,Thanh Anh,Nhà sách Minh Thắng,Nhà Xuất Bản Phụ Nữ Việt Nam,,Bìa mềm,80.0,2021-10-10,Tiki Trading,available,1000,False,True,True
109982976,Sách Lev Tolstoy - Nhà Văn Hiện Thực Thiên Tài,48600,70000,31,5.0,27,159,Rasmus Hoài Nam,Tân Việt,Nhà Xuất Bản Thanh Niên,,Bìa mềm,199.0,2021-07-15,Tiki Trading,available,1000,False,True,True
77151192,Sách Bộ Siêu Sao Toán Học (4 Cuốn),221000,260000,15,0.0,0,0,Anjana Chartterjee,Alphabooks,Nhà Xuất Bản Dân Trí,,Bìa mềm,32.0,2021-02-01,Nhà sách Fahasa,available,1000,True,True,True
76283136,Sách Khoa Học Vui Cho Học Sinh Tiểu Học - Sổ Tay Thí Nghiệm Siêu Đơn Giản - Tập 1,93100,98000,5,5.0,15,178,Nhiều tác giả,NXB Kim Đồng,Nhà Xuất Bản Kim Đồng,,Bìa mềm,140.0,2021-01-01,Tiki Trading,available,1000,False,True,True
67060008,"Sách Phát Triển Trí Tuệ Cảm Xúc - Gấu Ơi, Con Lo Lắng Đến Chừng Nào?",38500,63000,39,5.0,96,1100,Jayneen Sanders,Nhã Nam,Nhà Xuất Bản Dân Trí,,Bìa mềm,40.0,2020-09-11,Tiki Trading,available,1000,False,True,True
56814906,"Sách 80++ Hoạt Động Thử Tài IQ, Rèn Luyện Tư Duy",54700,69000,21,4.8,24,218,"John Bigwood, Joseph Wilkins",Đinh Tị,Nhà Xuất Bản Hà Nội,,Bìa mềm,96.0,2020-07-01,Tiki Trading,available,1000,True,True,True
32592999,Trọn bộ Thư viện hình ảnh đầu tiên cho bé ( Song Ngữ ) - Hộp 8 cuốn,232000,232000,0,5.0,43,214,Hải Minh,Nhà Sách Đại Mai,Tiki Tổng Hợp,,Bìa cứng,20.0,2019-09-26,trungthanh2018,available,1000,True,True,True
16044218,Sách Thế Giới Trong Tay Em - Bí Mật Về Các Loại Thức Ăn,48000,48000,0,0.0,0,0,"Felicity Brooks, Caroline Young",Đinh Tị,Nhà Xuất Bản Thanh Niên,,Bìa mềm,,2019-05-01,Bamboo Books,available,1000,True,True,True
13359635,Sách Những Chiếc Xe Hiệp Sĩ: Một Ngày Của Xe Cứu Hộ (Tái Bản 2019),17800,18000,1,5.0,21,162,"Mijika, Tianying",Nhà Xuất Bản Kim Đồng,,,Bìa mềm,24.0,1900-01-04,Nhà sách Fahasa,available,1000,True,True,True
1704261,Sách Hiểu Về Cảm Xúc Và Hành Vi Của Trẻ - Con Không Sợ Tí Nào! (Hiểu Và Giúp Trẻ Dũng Cảm),35400,59000,40,5.0,13,320,"Sue Graves, Desideria Guicciardini",Alphabooks,Nhà Xuất Bản Dân Trí,,Bìa mềm,32.0,2024-03-18,Tiki Trading,available,1000,False,True,True
980958,Sách Các Nền Văn Minh Thế Giới - Nhật Bản Cổ Đại,104400,120000,13,5.0,5,20,Fiona MacDonald,Công Ty Cổ Phần Văn Hóa Đông A,,,,64.0,2017-10-01,Nhà sách Fahasa,available,1000,True,True,True
897016,Combo Sân Chơi Trí Tuệ Của Chim Đa Đa (Bộ 6 Cuốn),175900,183250,4,4.8,68,765,Nhiều tác giả,NXB Phụ Nữ Việt Nam,Nhà Xuất Bản Phụ Nữ,,Bìa mềm,,2017-04-21,AHABOOKS,available,1000,True,True,True
887102,Sách Classroom Mathematics Class 3A - Học Kỳ 1,148500,165000,10,0.0,0,4,Abel Chong,Thái Hà,,,Bìa mềm,,2017-09-08,Nhà sách Fahasa,available,1000,True,True,True
887098,Sách Classroom Mathematics Workbook 2B - Học Kỳ 2,50400,56000,10,5.0,3,17,Abel Chong,Thái Hà,,,Bìa mềm,,2017-09-07,Nhà sách Fahasa,available,1000,True,True,True
887094,Sách Classroom Mathematics Workbook 2A - Học Kỳ 1,56700,63000,10,5.0,3,11,Abel Chong,Thái Hà,,,Bìa mềm,,2017-09-08,Nhà sách Fahasa,available,1000,True,True,True
572958,Sách Bé Tập Kể Chuyện - Chú Thỏ Tinh Khôn,14000,15000,7,4.6,5,518,.,NXB Trẻ,,,Bìa mềm,16.0,2016-12-30,Tiki Trading,available,1000,False,False,True
542573,Sách Thực Hành Biểu Diễn Organ Cho Thiếu Nhi – Tập 4,63900,68000,6,0.0,0,6,Ths. Cù Minh Nhật,Huy Hoàng Bookstore,,,Bìa mềm,103.0,2016-09-05,Nhà sách Fahasa,available,1000,True,True,True
487126,Sách Ai Cũng Được Vui - Bộ Kỹ Năng Cho Trẻ Từ 1- 6 Tuổi,24640,32000,23,4.7,3,207,Hồ Huy Sơn,First News - Trí Việt,,,Bìa mềm,24.0,2016-04-11,Tiki Trading,available,1000,False,True,True
418906,Sách Dán Hình Thiết Kế Thời Trang Công Chúa (Tập 1),51600,65000,21,5.0,42,515,,Đinh Tị,Nhà Xuất Bản Thời Đại,,Bìa mềm,,2014-06-06,Tiki Trading,available,1000,True,True,True
278632665,Sách Flash Card: Non Sông Một Dải,58600,79000,26,5.0,1,6,Einstein House,Einstein Books,Nhà Xuất Bản Công Thương,,Bìa mềm,,,Tiki Trading,available,1000,False,True,True
277998267,Sách Wolfoo Giỏi Toán Tư Duy,37000,59000,37,0.0,0,6,1980Edu (Vũ Loan),1980 Books,Nhà Xuất Bản Dân Trí,,Bìa mềm,,,Tiki Trading,available,1000,False,True,True
276834826,Sách cho bé - Combo 2 cuốn Chiến Thuật Cờ Vua Từ Con Số 0 - Tập 3 và Tập 4,80960,80960,0,0.0,0,1,Phùng Đức Tường,Công ty cổ phần Cờ vua Dương Sinh,Nhà Xuất Bản Thế Giới,,Bìa mềm,160.0,2023-12-01,Vizibook,available,1000,True,True,True
276605718,Sách Bách Khoa Tri Thức Đầu Tiên Cho Trẻ Em - Câu Hỏi Và Trả Lời (Bìa cứng),212100,275000,23,0.0,0,3,T.S Thanh Huệ (Biên soạn),Nhà sách Minh Thắng,Nhà Xuất Bản Mỹ Thuật,,Bìa cứng,642.0,,Tiki Trading,available,1000,False,True,True
275195094,Sách 100 Từ Vựng Tiếng Anh Theo Chủ Đề Cho Bé,62600,89000,30,5.0,3,17,Beatrice Tinarelli,Tân Việt,Nhà Xuất Bản Mỹ Thuật,,Bìa cứng,29.0,2024-06-01,Tiki Trading,available,1000,False,True,True
274629442,Sách Thiếu Nhi- Bộ 4 Quyển 30 Ngày Phát Triển Trí Tuệ Dành Cho Trẻ Từ 2 - 4 Tuổi Rèn Luyện Khả Năng Tư Duy Quan Sát,35000,35000,0,0.0,0,3,Thanh Hương,Việt Hà,Nhà Xuất Bản Hà Nội,,Bìa mềm,40.0,,NHÀ SÁCH ĐĂNG KHÔI,available,1000,True,True,True
274237861,Sách - Bách khoa thư về thế giới động vật - Bìa cứng (VT-MK),91200,96000,5,5.0,1,3,Đăng khôi,Công Ty TNHH Văn Hóa Việt Thư,Nhà Xuất Bản Phụ Nữ,,Bìa mềm,47.0,,Cá Chép Bookstore,available,1000,True,True,True
273350934,Gợi mở trí tưởng tượng: Hạt giống lạ của Mion - Một câu chuyện sâu sắc về sự đoàn kết,29750,35000,15,0.0,0,1,,NXB Trẻ,NXB Trẻ,,Bìa mềm,32.0,,Nhà Xuất Bản Trẻ,available,1000,True,True,True
270852071,Sách IQ Thiên Tài Phát Triển Tư Duy Não Bộ 6- 7 Tuổi,46700,74000,37,5.0,9,38,Thanh Anh,Nhà sách Minh Thắng,Nhà Xuất Bản Phụ Nữ Việt Nam,,Bìa mềm,80.0,2021-10-10,Tiki Trading,available,1000,False,True,True
263697798,Sách Siêu Nhí Khám Phá Toán Tư Duy (Dành Cho Bé Từ 3-4 Tuổi),48200,79000,39,5.0,2,46,1980Edu,1980 Books,Nhà Xuất Bản Dân Trí,,Bìa mềm,68.0,2023-04-04,Tiki Trading,available,1000,False,True,True
263697797,Sách Siêu Nhí Khám Phá Toán Tư Duy (Dành Cho Bé Từ 4-5 Tuổi),68000,99000,31,5.0,1,32,1980Edu,1980 Books,Nhà Xuất Bản Lao Động,,Bìa mềm,72.0,2023-04-04,Tiki Trading,available,1000,False,True,True
263514057,Cuốn Sổ Lớn Montessori Về Khám Phá Thế Giới (Bìa Mềm) - Tái Bản (Sách Bản Quyền),79900,118000,32,0.0,0,15,Larousse,Nhà sách Minh Thắng,Nhà Xuất Bản Phụ Nữ Việt Nam,,Bìa mềm,144.0,2023-04-01,Tiki Trading,available,1000,False,True,True
263103215,Mẹ Hỏi Bé Trả Lời: Hỏi Đáp Rèn Trí Thông Minh (4-5 Tuổi),33400,36000,7,0.0,0,12,Thanh Anh,Nhà Xuất Bản Kim Đồng,Nhà Xuất Bản Kim Đồng,,,,,Nhà sách Fahasa,available,1000,True,True,True
262591697,Sách Who? Chuyện Kể Về Danh Nhân Thế Giới: Martin Luther King,62000,65000,5,4.8,149,128,"ChungBe Studios, Hyungmo, Ahn",Nhà Xuất Bản Kim Đồng,Nhà Xuất Bản Kim Đồng,,Bìa mềm,192.0,2023-07-18,Tiki Trading,available,1000,False,True,True
221230157,Sách 10 vạn câu hỏi vì sao dành cho thiếu nhi - Sức khỏe và thói quen tốt,37500,60000,38,4.7,3,92,Trịnh Diên Tuệ,Minh Long,Nhà Xuất Bản Phụ Nữ,,Bìa mềm,128.0,2022-12-13,Tiki Trading,available,1000,True,True,True
219134823,Sách 100 bí ẩn đáng kinh ngạc về âm nhạc - 100 things to know about music,89800,119000,25,5.0,5,116,Nhiều tác giả,Đinh Tị,Nhà Xuất Bản Thanh Niên,,Bìa cứng,128.0,2023-01-01,Tiki Trading,available,1000,True,True,True
215417343,Sách: Combo 10 Vạn Câu Hỏi Vì Sao (Trọn Bộ 5 Cuốn),210000,300000,30,0.0,0,14,Trịnh Diên Tuệ,Minh Long,Nhà Xuất Bản Phụ Nữ Việt Nam,,Bìa mềm,640.0,2022-12-21,Minh Long Book,available,1000,True,False,True
205004676,Sách Tri thức trong lòng bàn tay - Bách khoa thiếu nhi Vũ trụ (bìa cứng) - tái bản,77300,110000,30,0.0,0,8,DK,Nhà sách Minh Thắng,Nhà Xuất Bản Phụ Nữ Việt Nam,,Bìa cứng,160.0,2022-09-01,Tiki Trading,available,1000,False,True,True
197605886,Quiz! Khoa học kì thú - Động vật,75000,75000,0,0.0,0,1,, NXB Kim Đồng,Nhà Xuất Bản Kim Đồng,,Bìa mềm,,,Bamboo Books,available,1000,True,True,True
190544262,"Hiểu Về Tài Chính, Vững Bước Tương Lai - Tiết Kiệm Cho Tương Lai",25000,25000,0,0.0,0,2,Cecilia Minden, NXB Kim Đồng,Nhà Xuất Bản Kim Đồng,,Bìa mềm,34.0,,Bamboo Books,available,1000,True,True,True
174896160,"Sách Sinh Vật Học Kỳ Thú - Những Cư Dân Tí Hon Của Rừng Việt Nam – Bướm, Chuồn Chuồn Và Những Người Bạn Khác",145000,145000,0,0.0,0,0,Ira Semenyuk,Nhã Nam,Nhà Xuất Bản Dân Trí,,Bìa mềm,122.0,2022-01-01,Bamboo Books,available,1000,True,True,True
120509497,"Sách Hiểu Về Tài Chính, Vững Bước Tương Lai - Đầu Tư Thông Minh",24500,25000,2,5.0,2,84,Katie Marsico,NXB Kim Đồng,Nhà Xuất Bản Kim Đồng,,Bìa mềm,32.0,2021-08-15,Tiki Trading,available,1000,False,True,True
112331975,Sách Quiz! Khoa Học Kì Thú: Khủng Hoảng Rác Thải,75000,75000,0,0.0,0,0,Shin Hye-young,NXB Kim Đồng,Nhà Xuất Bản Kim Đồng,,Bìa mềm,184.0,2021-07-15,Bamboo Books,available,1000,True,True,True
104732038,Sách Tớ Học Lập Trình - Làm Quen Với Lập Trình Scratch,73850,105000,30,5.0,87,757,Nhiều tác giả,Nhã Nam,Nhà Xuất Bản Thế Giới,,Bìa mềm,96.0,2021-06-01,Tiki Trading,available,1000,False,True,True
76542991,Sách Ý Tưởng Khoa Học - Trong 30 Giây,84100,99000,15,4.2,5,18,Mike Goldsmith,Alphabooks,Nhà Xuất Bản Dân Trí,,Bìa mềm,96.0,2021-01-01,Nhà sách Fahasa,available,1000,True,True,True
75947687,Động Vật Học Có Xương Sống,120000,120000,0,5.0,15,61,,Công Ty Cổ Phần Sách Đại Học - Dạy Nghề,Nhà Xuất Bản Giáo Dục Miền Nam,,Bìa mềm,320.0,,HaAnBooks,available,1000,True,True,True
69701404,Quiz! Khoa Học Kì Thú: Thế Giới Huyền Bí (Tái Bản 2020),68000,68000,0,0.0,0,6,An Guang-hyun,NXB Kim Đồng,Nhà Xuất Bản Kim Đồng,,Bìa mềm,196.0,2020-10-15,HaAnBooks,available,1000,True,True,True
56315581,Sách Thời Cá Voi Biết Đi,91100,98000,7,0.0,0,2,,Huy Hoàng Bookstore,Nhà Xuất Bản Đại Học Sư Phạm,,Bìa mềm,64.0,2020-06-01,Nhà sách Fahasa,available,1000,True,True,True
50421111,"Sách Bóc Dán Thông Minh - Luyện Tay Thật Khéo, Luyện Mắt Thật Tinh - Động Vật Mà Em Thích",26700,35000,24,4.7,10,76,.,Đinh Tị,Nhà Xuất Bản Hà Nội,,Bìa mềm,10.0,2020-01-03,Tiki Trading,available,1000,False,True,True
46930951,"Sách Science Encyclopedia - Bách Khoa Thư Về Khoa Học - Năng Lượng , Các Lực Và Chuyển Động",64600,68000,5,5.0,7,38,Nhiều tác giả,Đinh Tị,Nhà Xuất Bản Thanh Niên,,Bìa mềm,,2020-01-18,Nhà sách Fahasa,available,1000,True,True,True
29820818,Sách Những Người Bạn Tốt - Chú Cua Tài Giỏi,23800,28000,15,5.0,1,31,Barbara Bacchini,Tân Việt,,,Bìa mềm,12.0,2019-08-01,Nhà sách Fahasa,available,1000,True,True,True
21585245,Sách Bách Khoa Dạy Trẻ Học Sớm- Bé 2 Tuổi,70900,71700,1,5.0,1,9,Thượng Lệ Hồng,Tân Việt,Nhà Xuất Bản Mỹ Thuật,,Bìa mềm,100.0,2019-06-01,Minhhabooks,available,1000,True,True,True
16085854,Sách Who? Chuyện Kể Về Danh Nhân Thế Giới: Nelson Mandela (Tái Bản 2019),53900,55000,2,4.6,13,100,"Oh Youngseok, Studio Cheongbi",Nhà Xuất Bản Kim Đồng,,,Bìa mềm,160.0,2019-05-01,Nhà sách Fahasa,available,1000,True,True,True
13624127,Sách Gieo Mầm Tính Cách – Tự Tin ( Tái Bản ),30400,32000,5,5.0,5,95,"Hạ Yên, Hoài Phương",NXB Trẻ,,,Bìa mềm,79.0,2019-04-01,Nhà sách Fahasa,available,1000,True,True,True
13359665,Sách Những Chiếc Xe Hiệp Sĩ: Xe Chở Xăng Sợ Lửa (Tái Bản 2019),17800,18000,1,5.0,21,141,"Mijika, Tianying",Nhà Xuất Bản Kim Đồng,,,Bìa mềm,24.0,1900-01-04,Nhà sách Fahasa,available,1000,True,True,True
11413616,Mẹ Hỏi Bé Trả Lời 4-5 Tuổi (Tái Bản),28500,30000,5,4.7,31,383,"Yosbook, Xiao Li",Nhà Xuất Bản Kim Đồng,,,Bìa mềm,88.0,2019-03-01,Nhà sách Fahasa,available,1000,True,True,True
4056401,Sách Biết Tuốt Về Đo Lường,93000,99000,6,4.0,1,4,Heidi Fiedler,Thái Hà,,,Bìa mềm,64.0,2018-08-08,Nhà sách Fahasa,available,1000,True,True,True
616244,Sách Cẩm Nang An Toàn Cho Bé,95000,95000,0,0.0,0,1,ThS. Vũ Tuấn Anh,Nhã Nam,,,Bìa mềm,108.0,2017-04-01,Phương Đông Books,available,1000,True,True,True
571704,Sách Biển Đảo Quê Hương Em - Vòng Quanh Các Đảo Và Quần Đảo Ở Biển Đông (Tập 3),75000,86000,13,0.0,0,32,.,Phương Nam,,,,86.0,2017-01-13,Tiki Trading,available,1000,False,False,True
480214,Sách Sự Thật Kinh Hoàng Về Thời Gian,47000,65000,28,4.6,5,693,Nick Arnold,NXB Trẻ,NXB Trẻ,,Bìa mềm,154.0,2015-12-30,Tiki Trading,available,1000,False,True,True
278830829,Sách - Quiz! Khoa Học Kì Thú - Não Và Trí Tuệ Nhân Tạo,75000,75000,0,0.0,0,0,nhieu tac gia,Nhà Xuất Bản Kim Đồng,Nhà Xuất Bản Kim Đồng,,Bìa mềm,,2023-12-21,Bamboo Books,available,1000,True,True,True
278819430,Sách Cuốn Sách Tài Chính Đầu Đời 2,68400,95000,28,0.0,0,3,Walter Andal,Nhã Nam,Nhà Xuất Bản Thế Giới,,Bìa mềm,132.0,,Tiki Trading,available,1000,False,True,True
278483839,Sách Bách Khoa Tri Thức Bằng Hình Cho Trẻ Em,162700,210000,23,5.0,19,103,"Lý Tịnh, Quách Ngân Tinh",Nhà sách Minh Thắng,Nhà Xuất Bản Mỹ Thuật,,Bìa cứng,212.0,2020-03-02,Tiki Trading,available,1000,False,True,True
278138527,Sách Tiếng Anh cơ bản cho trẻ em - Các mẫu câu giao tiếp,31000,39000,21,0.0,0,4,MIS Editorial Team,Đinh Tị,Nhà Xuất Bản Thanh Niên,,Bìa mềm,38.0,,Tiki Trading,available,1000,True,True,True
278128768,Sách Tớ Đến Với Toán Học:,29000,49000,41,0.0,0,0,Rosie Neave,Alphabooks,Nhà Xuất Bản Dân Trí,,Bìa mềm,24.0,,Tiki Trading,available,1000,False,True,True
276854183,500 trò chơi rèn luyện IQ (4-10 tuổi) - Khả năng phân tích (sách bản quyền),50900,75000,32,5.0,2,59,Vương Văn,Nhà sách Minh Thắng,Nhà Xuất Bản Phụ Nữ Việt Nam,,Bìa mềm,80.0,2022-06-01,Tiki Trading,available,1000,False,True,True
275973596,Sách Nhà hàng của Capybara- Sticker sáng tạo CQ,25000,32000,22,5.0,1,8,Đông A,Đông A,Nhà Xuất Bản Dân Trí,,Bìa mềm,3.0,,Tiki Trading,available,1000,False,True,True
274327424,Sách Làm quen với xung quanh,19000,30000,37,0.0,0,9,"Đào Trung Uyên, Hiền Lâm",NXB Trẻ,NXB Trẻ,,Bìa mềm,24.0,2024-03-05,Tiki Trading,available,1000,False,True,True
273691879,"Combo 3 cuốn Bật mí bí mật (về động vật, về vũ trụ, về cơ thể người)",162001,225000,28,5.0,1,7,Nhiều tác giả,Nhã Nam,Nhà Xuất Bản Dân Trí,,Bìa mềm,64.0,2023-04-12,Tiki Trading,available,1000,False,True,True
273027777,Sách Khám Phá In Focus - Cuốn Sách Khổng Lồ (Dành cho bé từ 6 tuổi) - Đinh Tị Books,166400,236000,29,5.0,3,16,,Đinh Tị,nxb thanh nien,,Bìa cứng,62.0,,Mộc Nhiên Kids Store,available,1000,True,True,True
270850134,Combo: ( Trọn Bộ 2 Cuốn)  Bộ Sách Quốc Kì Các Nước Trên Thế Giới + Vũ Trụ : Sách Dán Hình Thông Minh Kèm Bản Đồ Thế Giới - Với Hơn 400 Lá Cờ Bóc Dán,130000,130000,0,0.0,0,0,Nhiều tác giả,Tân Việt,Nhà Xuất Bản Mỹ Thuật,,Bìa mềm,,2023-04-04,NHBook,available,1000,True,True,True
247661418,Sách Đời thường các nhân vật nổi tiếng trên thế giới,138000,180000,23,4.0,1,14,Lê Nguyễn,Nhà xuất bản Tổng hợp TP.HCM ,Nhà Xuất Bản Tổng hợp TP.HCM,,Bìa mềm,416.0,2022-01-01,Tiki Trading,available,1000,False,True,True
210277383,Sách Atlas các động vật nổi danh đã tuyệt chủng,138289,209000,34,4.7,13,92,Nhiều tác giả,Nhã Nam,Nhà Xuất Bản Thế Giới,,Bìa cứng,87.0,2022-12-01,Tiki Trading,available,1000,False,True,True
184790654,Sách Nhà Sinh Hóa Tương Lai: DNA - Người Đưa Tin Siêu Đẳng,40900,55000,26,4.7,3,19,Cara Florance,Alphabooks,Nhà Xuất Bản Dân Trí,,Bìa mềm,32.0,2022-05-05,Tiki Trading,available,1000,False,True,True
175149071,Sách Kể Chuyện Những Ngọn Núi Việt Nam,64000,65000,2,4.8,4,28,"Mai Hương, Ru-oi, Ngọc Tâm",NXB Kim Đồng,Nhà Xuất Bản Kim Đồng,,Bìa mềm,108.0,2022-04-22,Tiki Trading,available,1000,False,True,True
173420791,Sách Lift-The-Flap-Lật Mở Khám Phá - Food - Thức Ăn,130000,168000,23,4.5,2,39,"Linh Chi, Quỳnh Rùa",Đinh Tị,Nhà Xuất Bản Thanh Niên,,Bìa cứng,14.0,2022-02-01,Tiki Trading,available,1000,False,True,True
170098842,Sách Vật Lý Thống Kê Cho Trẻ Em,28100,37000,24,5.0,2,42,Chris Ferrie,Nhà xuất bản Phụ Nữ,Nhà Xuất Bản Phụ Nữ Việt Nam,,Bìa mềm,28.0,2022-03-03,Tiki Trading,available,1000,False,True,True
165996961,Sách Khoa Học Diệu Kì: Tòa Nhà - Câu Chuyện Chọc Trời Của Các Công Trình Kiến Trúc,29750,35000,15,0.0,0,4,Alex Woolf,NXB Trẻ,NXB Trẻ,,Bìa mềm,32.0,2022-02-01,Nhà Xuất Bản Trẻ,available,1000,True,True,True
153518799,Sách Bách Khoa Toàn Thư Cho Bé - Động Vật Hoang Dã,21100,30000,30,0.0,0,2,Phan Minh Đạo,Nhà sách Minh Thắng,Nhà Xuất Bản Dân Trí,,Bìa cứng,16.0,2021-12-12,Tiki Trading,available,1000,False,True,True
129766509,First Sticker Book - Sách Dán Hình Đầu Đời Cho Bé - Ô Tô,51100,75000,32,4.7,34,416,Simon Tudhope,Đinh Tị,Nhà Xuất Bản Thanh Niên,,Bìa mềm,24.0,2021-10-10,Tiki Trading,available,1000,True,True,True
87120332,Sách Yêu Thương Và Bảo Vệ Hành Tinh Xanh - Hệ Sinh Thái Mạng Lưới Của Sự Sống,12000,15000,20,5.0,5,84,Om Books,NXB Trẻ,NXB Trẻ,,Bìa mềm,16.0,2021-03-01,Tiki Trading,available,1000,False,True,True
87120315,Sách Yêu Thương Và Bảo Vệ Hành Tinh Xanh - Biến Đổi Khí Hậu,12000,15000,20,5.0,8,83,Om Books,NXB Trẻ,NXB Trẻ,,Bìa mềm,16.0,2021-03-01,Tiki Trading,available,1000,False,True,True
84932885,Sách Princess Sticker - Dán Hình Công Chúa - Công Chúa Ngọt Ngào,30500,45000,32,5.0,21,150,Dương Hợp Kỳ,Nhà sách Minh Thắng,Nhà Xuất Bản Dân Trí,,Bìa mềm,24.0,2021-03-01,Tiki Trading,available,1000,False,True,True
78904397,Sách thiếu nhi - Theo Dòng Thời Gian - Thời Tiền Sử (Bìa cứng),85600,108000,21,5.0,36,187,.,Đinh Tị,Nhà Xuất Bản Hà Nội,,Bìa cứng,40.0,,Tiki Trading,available,1000,False,True,True
78631908,Sách Bé Yêu Kỹ Thuật Kết Cấu Công Trình,29900,39000,23,0.0,0,8,Ruth Spiro,Quảng Văn,Nhà Xuất Bản Phụ Nữ Việt Nam,,Bìa mềm,44.0,2021-03-01,Tiki Trading,available,1000,False,True,True
78491218,Sách Nhẩm Nhanh Tính Giỏi: 100+ Thử Thách Để Trẻ Yêu Toán Hơn,63000,79000,20,5.0,3,13,Dr Gareth Moore,Alpha Books,Nhà Xuất Bản Dân Trí,,Bìa mềm,192.0,2021-02-25,Omega Plus Books,available,1000,True,True,True
73513623,Sách Phương Tiện Di Chuyển - Máy Bay,21000,23000,9,5.0,6,40,.,NXB Trẻ,NXB Trẻ,,Bìa mềm,16.0,2020-11-01,Tiki Trading,available,1000,False,True,True
55119957,Sách Bí Mật Của Thân Nhiệt - Sự Kỳ Diệu Của Cơ Thể (Tái Bản 2020),37800,49000,23,5.0,11,114,"Kawori Takata, Kei Nagashima",Thái Hà,Nhà Xuất Bản Lao Động,,Bìa mềm,33.0,2020-05-01,Tiki Trading,available,1000,False,True,True
31329544,Cơ Thể Của Tôi Hoạt Động Như Thế Nào - Mũi Và Lưỡi,47000,70000,33,5.0,5,47,,VIETNAMBOOK,Dreamland Publications,,Bìa mềm,32.0,2019-08-29,VIETNAMBOOK,available,1000,True,True,True
31325135,Cơ Thể Của Tôi Hoạt Động Như Thế Nào - Thận,47000,70000,33,4.8,13,76,,Vinabook JSC,Nhà Xuất Bản Hồng Đức,,Bìa mềm,32.0,2019-08-29,VIETNAMBOOK,available,1000,True,True,True
31323804,Cơ Thể Của Tôi Hoạt Động Như Thế Nào - Hệ Tiêu Hóa,47000,70000,33,4.8,10,103,,VIETNAMBOOK,Dreamland Publications,,Bìa mềm,32.0,2019-08-29,VIETNAMBOOK,available,1000,True,True,True
31323153,Cơ Thể Của Tôi Hoạt Động Như Thế Nào - Hệ Bạch Huyết,47000,70000,33,5.0,14,164,,Vinabook JSC,Nhà Xuất Bản Hồng Đức,,Bìa mềm,32.0,2019-08-29,VIETNAMBOOK,available,1000,True,True,True
20700686,Sách Từ Điển Hình Ảnh Cho Bé: Trái Cây (Tái Bản 2019),29700,30000,1,4.7,14,83,"Phạm Huy Thông, Lê Bích Thuỷ, Hiếu Minh, Việt Hải",Nhà Xuất Bản Kim Đồng,,,Bìa mềm,12.0,2019-06-01,Nhà sách Fahasa,available,1000,True,True,True
19346671,Tủ Sách Tư Duy Toán Học HQ - Luyện Tập Phép Tính Có Nhớ,34000,45000,24,5.0,7,92,Education Lab,VanLangBooks,,,Bìa mềm,56.0,2019-05-27,Tiki Trading,available,1000,True,True,True
19346661,Tủ Sách Tư Duy Toán Học HQ - Chinh Phục Toán Lớp 1 Tập 1,45700,52000,12,5.0,2,47,Education Lab,VanLangBooks,,,Bìa mềm,64.0,2019-05-27,Nhà sách Fahasa,available,1000,True,True,True
14524631,Sách Lời Bác Dạy Thanh Thiếu Nhi,52000,70000,26,4.8,16,128,Trần Văn Phương,NXB Trẻ,NXB Trẻ,,Bìa mềm,168.0,,Tiki Trading,available,1000,False,True,True
7125311,Sách 10 Vạn Câu Hỏi Vì Sao - Vật Lý Vui (Tái Bản 2018),52200,55000,5,5.0,15,129,Tôn Nguyên Vĩ,Đinh Tị,,,Bìa mềm,136.0,2018-11-07,Nhà sách Fahasa,available,1000,True,True,True
572969,Sách Bé Tập Kể Chuyện - Cây Táo Thần,11000,15000,27,4.6,8,432,Nhiều tác giả,NXB Trẻ,NXB Trẻ,,Bìa mềm,16.0,2017-01-01,Tiki Trading,available,1000,False,True,True
565645,Big Book Of Sea Creatures – Cuốn Sách Khổng Lồ Về Các Loài Động Vật Biển,162350,162350,0,5.0,24,105,Minna Lacey - Fabiano Fiorin,Đinh Tị,Nhà Xuất Bản Thanh Niên,,Bìa mềm,32.0,2016-12-19,Phương Đông Books,available,1000,True,True,True
418909,Sách Dán Hình Thiết Kế Thời Trang Công Chúa (Tập 4),49500,55000,10,5.0,10,50,Hách Ngôn Ngôn,Đinh Tị,,,Bìa mềm,,2014-06-06,Nhà sách Fahasa,available,1000,True,True,True
278320234,Sách Truyện Tranh Song Ngữ Việt Anh Cho Bé - Ăn Rau Vào Cho Khỏe Hơn Nào,14800,15000,1,0.0,0,1,"Sirilak Rattanasuwaj, Kannawan Pannawan",Đinh Tị,Nhà Xuất Bản Phụ Nữ Việt Nam,,Bìa mềm,16.0,,Play With Me,available,1000,True,True,True
277969732,Sách Những Cặp Bài Trùng Trong Thế Giới Động Vật – Mối Quan Hệ Cộng Sinh Thú Vị Trong Thế Giới Động Thực Vật,109700,175000,37,5.0,1,3,"Macken Murphy, Dragan Kordić",Tân Việt,Nhà Xuất Bản Văn Học,,Bìa mềm,127.0,,Tiki Trading,available,1000,False,True,True
277963704,Sách Cơ Thể Mình Là Của Mình,49679,69000,28,0.0,0,15,Nhiều tác giả,Nhã Nam,Nhà Xuất Bản Thế Giới,,Bìa mềm,48.0,2025-03-13,Tiki Trading,available,1000,False,True,True
277925846,Sách Guru Gâu Gâu – Đời Đẹp Tươi Như Đuôi Cún Vẫy,80900,109000,26,5.0,1,10,Emma Block,Thái Hà,Nhà Xuất Bản Công Thương,,,132.0,,Tiki Trading,available,1000,False,True,True
277382430,Bách Khoa Toàn Thư Cho Bé - Động Vật Nuôi (Bộ 5C) - Vanlangbooks,32800,40000,18,0.0,0,2,Seth Godin,Văn Lang,Nhà Xuất Bản Hồng Đức,,Bìa mềm,80.0,,Văn Lang Official Store,available,1000,True,True,True
275750003,"Sách - Bách khoa tri thức bản Song ngữ cho trẻ em, khám phá tri thức và học Tiếng Anh - Sách song ngữ thiếu nhi",47200,59000,20,0.0,0,29,nhieu tac gia,Công ty TNHH Sách Hà Giang ,NXB Dân Trí,,Bìa mềm,,2024-07-14,Sách Hà Giang,available,1000,True,True,True
275410073,Mèo Con Có Em Gái Nhỏ - Bộ Sách Bồi Dưỡng Nhân Cách Và Tâm Hồn Trẻ - Từ 0-3 Tuổi,19600,29000,32,0.0,0,3,Lê Hiền,Tân Việt,Nhà Xuất Bản Mỹ Thuật,,Bìa mềm,26.0,2024-06-01,Tiki Trading,available,1000,False,True,True
274602511,Sách Chuyện Lạ Loài Vật,25650,27000,5,0.0,0,1,"Nguyễn Như Mai, Nguyễn Hương Hạnh",NXB Kim Đồng,Nhà Xuất Bản Kim Đồng,,Bìa mềm,24.0,2024-03-29,Tiki Trading,available,1000,False,True,True
274032193,Những Sinh Vật Huyền Thoại: Thế Giới Bí Ẩn Của Kì Lân,90000,90000,0,0.0,0,2,"Tiến sĩ Temisa Seraphini, Sophie Robin",Kim Đồng,Nhà Xuất Bản Kim Đồng,,Bìa mềm,60.0,,Bamboo Books,available,1000,True,True,True
272886550,Sách Kiến thức hấp dẫn. Dịch bệnh mắc dịch (Horrible Science),70000,95000,26,5.0,1,47,"Nick Arnold, Tony De Saulles",NXB Trẻ,NXB Trẻ,,Bìa mềm,228.0,2023-10-19,Tiki Trading,available,1000,False,True,True
272358171,Gấu Bobbi Chơi Xếp Hình - Bìa Cứng,80000,80000,0,0.0,0,1,,Nhà Xuất Bản Kim Đồng,Nhà Xuất Bản Kim Đồng,,,,,Bamboo Books,available,1000,True,True,True
251281601,Quiz! Khoa học kì thú – Côn trùng,75000,75000,0,0.0,0,0,Nhiều tác giả,NXB Kim Đồng,Nhà Xuất Bản Kim Đồng,,Bìa mềm,200.0,,Bamboo Books,available,1000,True,True,True
215039891,"Tài Chính Trẻ Em - THÂN THIỆN VỚI TRẺ EM qua các ví dụ minh họa thực tế, giúp bạn dễ liên hệ và tìm hiểu các nhân vật nổi tiếng cũng như sự kiện tiêu biểu trong lịch sử tài chính",129000,129000,0,0.0,0,0,,Alphabooks,Nhà Xuất Bản Dân Trí,,,,,Nhà Sách Vĩnh Thụy,available,1000,True,True,True
191923787,Sách Bách Khoa Thư Kĩ Năng Sống - Dành Cho Bạn Trai: Những Thói Quen Tốt,75000,75000,0,0.0,0,0,Peng Fan,Nhà Xuất Bản Kim Đồng,Nhà Xuất Bản Kim Đồng,,Bìa mềm,176.0,2022-07-07,Bamboo Books,available,1000,True,True,True
191920156,Sách Những Nhân Vật Truyền Cảm Hứng - Malala Yousafzai,38500,55000,30,5.0,5,26,Vân Hương,Tân Việt,Nhà Xuất Bản Mỹ Thuật,,Bìa mềm,23.0,2022-04-01,Tiki Trading,available,1000,False,True,True
185668587,Sách Ehon Châu Âu - Chúc Gấu Con Ngủ Ngon,25600,35000,27,5.0,1,29,Stephanie Moss,Tân Việt,Nhà Xuất Bản Mỹ Thuật,,Bìa mềm,24.0,2022-06-06,Tiki Trading,available,1000,False,True,True
184790641,Sách Nhà Sinh Hóa Tương Lai: RNA - Những Siêu Anh Hùng Của Cơ Thể,35700,55000,35,4.8,5,19,Cara Florance,Alphabooks,Nhà Xuất Bản Dân Trí,,Bìa mềm,32.0,2022-05-05,Tiki Trading,available,1000,False,True,True
171585504,Sách Chiếu Bóng Thần Kỳ - Cây Khế,120900,139000,13,5.0,2,12,"Thuỳ Dương,  Quỳnh Hương",Đinh Tị,Nhà Xuất Bản Hà Nội,,,,,Nhà sách Fahasa,available,1000,True,True,True
171549998,Sách Never Get Bored - Tí Ta Tí Toáy Ngoài Trời,111600,155000,28,4.7,10,102,Nhiều tác giả,Nhã Nam,Nhà Xuất Bản Thế Giới,,Bìa cứng,128.0,2022-03-03,Tiki Trading,available,1000,False,True,True
145144815,Sách Bóc Dán Dành Cho Bé Gái - Những Sinh Vật Diệu Kỳ,42000,55000,24,5.0,10,166,Nhiều tác giả,Đinh Tị,Nhà Xuất Bản Hà Nội,,Bìa mềm,24.0,2021-12-01,Tiki Trading,available,1000,False,True,True
132366465,Sách Kĩ Năng Vàng Cho Học Sinh Trung Học: Học Cách Trưởng Thành,43700,46000,5,4.8,9,103,Liu Xuan,NXB Kim Đồng,Nhà Xuất Bản Kim Đồng,,Bìa mềm,124.0,2023-07-10,Tiki Trading,available,1000,False,True,True
120509493,"Sách Hiểu Về Tài Chính, Vững Bước Tương Lai - Tập Tành Kinh Doanh",24700,25000,1,5.0,2,17,Cecilia Minden,NXB Kim Đồng,Nhà Xuất Bản Kim Đồng,,Bìa mềm,32.0,2021-08-15,Nhà sách Fahasa,available,1000,True,True,True
120509483,"Hiểu Về Tài Chính, Vững Bước Tương Lai - Cân Đối Ngân Sách",24700,25000,1,5.0,4,14,Cecilia Minden,NXB Kim Đồng,Nhà Xuất Bản Kim Đồng,,Bìa mềm,32.0,2021-08-01,Nhà sách Fahasa,available,1000,True,True,True
120509478,"Sách Hiểu Về Tài Chính, Vững Bước Tương Lai - Học Cách Cho Đi",24700,25000,1,5.0,1,13,Cecilia Minden,NXB Kim Đồng,Nhà Xuất Bản Kim Đồng,,Bìa mềm,32.0,2021-08-01,Nhà sách Fahasa,available,1000,True,True,True
100113262,Sách Mathstart Trải Nghiệm Toán Học: Dậy Đi Thôi!,38000,59000,36,5.0,7,56,Stuart J.Murphy,Alphabooks,Nhà Xuất Bản Dân Trí,,Bìa mềm,36.0,2021-05-01,Tiki Trading,available,1000,False,True,True
96491402,Sách Tiếng Anh Giao Tiếp Cho Trẻ Em- Family’S Activities - Các Hoạt Động Trong Gia Đình,62000,85000,27,4.6,9,78,MIS Editorial Team,Đinh Tị,Nhà Xuất Bản Thanh Niên,,Bìa mềm,108.0,2021-05-01,Tiki Trading,available,1000,True,True,True
55358263,Sách Những Loài Bọ Phá Kỷ Lục - Bọ Tí Hon Ấn Tượng,29700,30000,1,5.0,1,7,Matt Turner,NXB Trẻ,NXB Trẻ,,Bìa mềm,32.0,,Nhà sách Fahasa,available,1000,True,True,True
42350735,500 Bách Khoa Tri Thức - Khủng Long,120000,179000,33,5.0,4,40,Pegasus,Vinabook JSC,,,Bìa cứng,192.0,2019-11-18,VIETNAMBOOK,available,1000,True,False,True
37873536,Sách Lift-The-Flap-Lật Mở Khám Phá - Dinosaurs - Thế Giới Khủng Long,151200,168000,10,4.6,5,21,"Linh Chi, Quỳnh Rùa",Đinh Tị,Nhà Xuất Bản Hà Nội,,Bìa mềm,,2019-10-01,Nhà sách Fahasa,available,1000,True,True,True
28196546,Sách Kỹ Năng Sống Dành Cho Học Sinh Tiểu Học - 50 Điều Cần Thiết Cho Học Sinh Tiểu Học ( Tập 1 )(Tái Bản),28100,29000,3,4.8,4,32,"Nguyễn Anh, Đậu Quyên",Đinh Tị,,,Bìa mềm,56.0,2019-01-08,Nhà sách Fahasa,available,1000,True,True,True
14325200,Sách Sông Băng Miền Bắc Cực - Vẻ Đẹp Kì Vĩ Của Tự Nhiên,38600,55000,30,5.0,7,67,.,Tân Việt,,,Bìa mềm,95.0,2019-04-19,Tiki Trading,available,1000,False,True,True
6580739,Tủ Sách Tri Thức Bách Khoa Bằng Hình - Thế Giới Động Vật (Tái Bản),261000,350000,25,0.0,0,6,Fleurus,Công Ty Cổ Phần Văn Hóa Đông A,,,Bìa mềm,320.0,2018-01-10,Tiki Trading,available,1000,False,True,True
6543927,Sách Luật Trí Não Dành Cho Trẻ,151000,189000,20,5.0,3,78,John Medina,Alphabooks,Nhà Xuất Bản Thế Giới,,Bìa mềm,480.0,2018-10-01,Alpha Books Official,available,1000,True,True,True
980960,Sách Các Nền Văn Minh Thế Giới - Trung Quốc Cổ Đại,114000,120000,5,4.5,2,18,Philip Steele,Công Ty Cổ Phần Văn Hóa Đông A,,,,64.0,2017-10-01,Nhà sách Fahasa,available,1000,True,True,True
887104,Sách Classroom Mathematics Workbook 3A - Học Kỳ 1,48700,56000,13,0.0,0,10,Abel Chong,Thái Hà,,,Bìa mềm,,2017-09-07,Nhà sách Fahasa,available,1000,True,True,True
603331,Sách Vietmath - Cùng Con Giỏi Tư Duy Toán Học Tập 4,27500,55000,50,5.0,2,15,Đỗ Thị Xuyến,TKBooks,Nhà Xuất Bản Hồng Đức,,Bìa mềm,96.0,2017-03-01,MCBooks,available,1000,True,False,True
497256,Sách Tập Tô - Tập Viết - Tập Đọc (Tập 2) (Dành Cho Bé 5 - 6 Tuổi),8000,8000,0,5.0,1,13,Minh Châu - Huy Thiện,SÁCH THIẾT BỊ GIÁO DỤC ĐỨC TRÍ,Nhà Xuất Bản Đại Học Quốc Gia TP.HCM,,Bìa mềm,23.0,2015-06-30,Nhà sách Fahasa,available,1000,True,True,True
487116,Sách Tránh Xa Người Lạ - Bộ Kỹ Năng Cho Trẻ Từ 1- 6 Tuổi,32000,32000,0,0.0,0,0,Hồ Huy Sơn,First News - Trí Việt,Nhà Xuất Bản Tổng hợp TP.HCM,,Bìa mềm,24.0,2016-04-11,Nhà Sách Vĩnh Thụy,available,1000,True,True,True
434865,Cuốn Sách Lớn Đầu Tiên Của Tớ - Vũ Trụ,150000,150000,0,0.0,0,1,Catherine D. Hughes,Nhà Xuất Bản Kim Đồng,Nhà Xuất Bản Kim Đồng,,Bìa cứng,127.0,2015-04-20,Bamboo Books,available,1000,True,True,True
348445,Sách Để Con Bạn Giỏi Như Einstein,71300,86000,17,0.0,0,7,.,First News - Trí Việt,,,Bìa mềm,352.0,2012-06-04,Nhà sách Fahasa,available,1000,True,True,True
279131503,Sách - Who? Chuyện Kể Về Danh Nhân Thế Giới - Charles Darwin (Tái Bản 2024),63700,65000,2,0.0,0,1,"ChungBe Studios,  Ahn,  Hyungmo",Nhà Xuất Bản Kim Đồng,Nhà Xuất Bản Kim Đồng,,Bìa mềm,,2023-12-21,Nhà sách Fahasa,available,1000,True,True,True
278603975,Combo Làm Việc Nhà Thật Vui (2 Cuốn),106400,112000,5,0.0,0,3,"Cơ quan Nghiên cứu Giáo dục Gia đình Nhật Bản, Ohashi Keiko",Nhà Xuất Bản Kim Đồng,Nhà Xuất Bản Kim Đồng,,Bìa mềm,40.0,,Tiki Trading,available,1000,False,True,True
278591852,Sách - Bí Ẩn Thế Giới Loài Vật - Chim (Tái Bản 2025),46500,50000,7,0.0,0,1,"Phùng Duy Tùng,  Thu Ngân",Nhà Xuất Bản Kim Đồng,Nhà Xuất Bản Kim Đồng,,Bìa mềm,,2023-12-21,Nhà sách Fahasa,available,1000,True,True,True
277925828,Sách Guru Meo Meo – Hôm Nay Tôi Muốn Làm Mèo,70900,109000,35,5.0,1,13,Jamie Shelman,Thái Hà,Nhà Xuất Bản Công Thương,,,132.0,,Tiki Trading,available,1000,False,True,True
274614102,Sách - Rèn Kĩ Năng Cộng Trừ Trong Phạm Vi 100,35000,35000,0,0.0,0,3,nhieu tac gia,Việt Hà,Nhà Xuất Bản Hà Nội,,Bìa mềm,56.0,,NHÀ SÁCH ĐĂNG KHÔI,available,1000,True,True,True
274564705,Sách Giáo Dục Và Khoa Học Mở,222300,289000,23,5.0,2,9,Nhiều tác giả,Quảng Văn,Nhà Xuất Bản Đại Học Quốc Gia Hà Nội,,Bìa mềm,248.0,2024-02-01,Tiki Trading,available,1000,False,True,True
273820905,Siêu Nhí Khám Phá Tiền Tệ (Get To Know Money),180000,250000,28,0.0,0,0,Kalpana Fitzpatrick,1980 Books,Nhà Xuất Bản Lao Động,,Bìa cứng,96.0,2024-01-03,1980 BOOKS HCM,available,1000,True,True,True
270789011,Sách Who? Chuyện Kể Về Danh Nhân Thế Giới: Winston Churchill,57000,60000,5,4.8,157,123,Kang Minhui,Nhà Xuất Bản Kim Đồng,Nhà Xuất Bản Kim Đồng,,Bìa mềm,164.0,,Tiki Trading,available,1000,False,True,True
270677754,Sách chuyển động - First stories - Cậu bé người gỗ - Pinocchio,84500,119000,29,3.0,1,10,Miriam Bos,Đinh Tị,Nhà Xuất Bản Thanh Niên,,Bìa cứng,8.0,2023-07-01,Tiki Trading,available,1000,True,True,True
216545368,Sách Thiếu Nhi – Bách Khoa Tri Thức Cho Trẻ Em – Đinh Tị,280000,280000,0,0.0,0,10,,Đinh Tị,Nhà Xuất Bản Thanh Niên,,Bìa mềm,224.0,,KN Toys Shop,available,1000,True,True,True
204875006,5 Phút Đọc Truyện Cùng Con Yêu - Cô Bé Quàng Khăn Đỏ Và Những Truyện Cổ Tích Kinh Điển Khác,56300,79000,29,5.0,1,10,"Amy Zhing, Stephanie Moss",Tân Việt,Nhà Xuất Bản Mỹ Thuật,,Bìa cứng,48.0,2022-11-11,Tiki Trading,available,1000,False,True,True
197964801,Sách 10 Vạn Câu Hỏi Vì Sao? - Bách Khoa Tri Thức Phổ Thông (Tranh màu - Bìa cứng) - Tái bản,148800,240000,38,5.0,1,15,Thanh Huệ,Nhà sách Minh Thắng,Nhà Xuất Bản Mỹ Thuật,,Bìa cứng,276.0,2022-07-01,Tiki Trading,available,1000,False,True,True
191920157,Sách Những Nhân Vật Truyền Cảm Hứng - Abraham Lincoln,38500,55000,30,5.0,2,36,Vân Hương,Tân Việt,Nhà Xuất Bản Mỹ Thuật,,Bìa mềm,23.0,2022-04-01,Tiki Trading,available,1000,False,True,True
188043878,Bộ sách  “STICKER THẦN KỲ PHÁT TRIỂN IQ -  EQ – CQ. Trọn bộ 6 cuốn. Dành cho trẻ từ 2-5 tuổi. Tặng tranh cát cho bé,255300,257900,1,0.0,0,2,,Công Ty Cổ Phần Văn Hóa Pingbooks,Nhà Xuất Bản Phụ Nữ Việt Nam,,,,,Minhhabooks,available,1000,True,True,True
181699605,Sách Lịch Sử Chế Tạo Xe Hơi,65000,65000,0,0.0,0,1,Nhiều tác giả,Nhã Nam,Nhà Xuất Bản Thế Giới,,Bìa mềm,200.0,2022-05-05,Nhà sách NetaBooks,available,1000,True,True,True
177736620,"Sách Tớ Là Jame, Đứa Trẻ Hiếu Động!",31400,49000,36,5.0,1,4,Thái Hà,Thái Hà,Nhà Xuất Bản Hà Nội,,Bìa mềm,36.0,2022-04-04,Tiki Trading,available,1000,False,True,True
138269681,Combo Trọn Bộ 5 Cuốn: Bách Khoa Toàn Thư Cho Bé - Trái Cây,31000,40000,23,0.0,0,12,LC.Bảo Thư,VanLangBooks,Nhà Xuất Bản Hồng Đức,,Bìa mềm,80.0,2021-11-01,Tiki Trading,available,1000,True,True,True
113528251,Sách - Who? Chuyện kể về danh nhân thế giới - Charles Darwin,65000,65000,0,0.0,0,24,"ChungBe Studios, Ahn Hyungmo",NXB Kim Đồng,Nhà Xuất Bản Kim Đồng,,Bìa mềm,196.0,,Bamboo Books,available,1000,True,True,True
88941679,Sách Rèn Luyện Kỹ Năng Sống Cho Trẻ - Em Học Quản Lý Tài Chính - Kế Hoạch Chi Tiêu Tránh,27100,35000,23,5.0,9,172,"Lạc Phàm, Duy Trí",Nhà sách Minh Thắng,Nhà Xuất Bản Dân Trí,,Bìa mềm,32.0,2021-04-15,Tiki Trading,available,1000,False,True,True
77281271,Sách Từ Điển Bằng Tranh - Chữ Cái Và Số Đếm,73000,88000,17,4.0,1,18,JP Moon,Công Ty TNHH Văn Hóa Việt Thư,Nhà Xuất Bản Phụ Nữ Việt Nam,,Bìa cứng,28.0,2021-02-01,Nhà sách Fahasa,available,1000,True,True,True
76283138,Sách Khoa Học Vui Cho Học Sinh Tiểu Học - Sổ Tay Thí Nghiệm Siêu Đơn Giản - Tập 2,93100,98000,5,5.0,2,41,.,NXB Kim Đồng,Nhà Xuất Bản Kim Đồng,,Bìa mềm,140.0,2021-01-01,Nhà sách Fahasa,available,1000,True,True,True
74225709,Sách Stem - Tớ Là Nhà Phát Minh Đại Tài,46700,55000,15,5.0,2,9,Anna Claybourne,Nhà sách Minh Thắng,Nhà Xuất Bản Phụ Nữ Việt Nam,,Bìa mềm,64.0,,Nhà sách Fahasa,available,1000,True,True,True
46849760,Sách Bách Khoa Tri Thức Về Khám Phá Thế Giới Cho Trẻ Em - Horses And Ponies - Loài Ngựa,52200,55000,5,0.0,0,3,Caroline Stamps,Đinh Tị,Nhà Xuất Bản Hà Nội,,Bìa mềm,,2020-04-01,Nhà sách Fahasa,available,1000,True,True,True
42177990,Sách Isadora Moon - Đi Cắm Trại,52200,55000,5,5.0,1,6,Harriet Muncaster,NXB Trẻ,,,Bìa mềm,118.0,2019-11-01,Nhà sách Fahasa,available,1000,True,True,True
42177984,Sách Isadora Moon - Đi Xem Ballet,41000,55000,25,5.0,6,67,Harriet Muncaster,NXB Trẻ,,,Bìa mềm,126.0,2019-11-01,Tiki Trading,available,1000,False,True,True
31340449,Cơ Thể Của Tôi Hoạt Động Như Thế Nào - Máu,47000,70000,33,4.7,12,106,,Vinabook JSC,Nhà Xuất Bản Hồng Đức,,Bìa mềm,32.0,2019-08-29,VIETNAMBOOK,available,1000,True,True,True
31263803,Cơ Thể Của Tôi Hoạt Động Như Thế Nào - Phát Triển,47000,70000,33,5.0,5,44,,Vinabook JSC,Nhà Xuất Bản Hồng Đức,,Bìa mềm,32.0,2019-08-29,VIETNAMBOOK,available,1000,True,True,True
31210870,Cơ Thể Của Tôi Hoạt Động Như Thế Nào - Ăn Uống Khoa Học,47000,70000,33,5.0,6,60,,VIETNAMBOOK,Dreamland Publications,,Bìa mềm,32.0,2019-08-29,VIETNAMBOOK,available,1000,True,True,True
24467226,Sách Chiếu Bóng - Cinema Book - Rạp Chiếu Phim Trong Sách - Thỏ Và Rùa,113400,126000,10,5.0,19,149,"Phùng Nga, Đậu Quyên",Đinh Tị,,,Bìa mềm,,2019-07-01,Nhà sách Fahasa,available,1000,True,True,True
19346669,Tủ Sách Tư Duy Toán Học HQ - Làm Quen Phần Bù Và Phép Tính Nhẩm,33200,35000,5,5.0,2,15,Education Lab,VanLangBooks,,,Bìa mềm,40.0,2019-05-27,Nhà sách Fahasa,available,1000,True,True,True
19346663,Tủ Sách Tư Duy Toán Học HQ - Dạy Con Thông Thạo Các Phép Tính,60800,64000,5,5.0,1,17,Education Lab,VanLangBooks,,,Bìa mềm,80.0,2019-05-27,Nhà sách Fahasa,available,1000,True,True,True
12386040,Sách 365 Sự Thật Bạn Cần Biết,250000,250000,0,0.0,0,0,Om Books,Minh Long,,,Bìa mềm,236.0,2019-03-01,Nhà Sách Vĩnh Thụy,available,1000,True,True,True
11194574,Sách Những Lời Yêu Thương Của Con Trẻ Dành Tặng Các Mẹ - Vì Sao Tớ Yêu Mẹ (Tái Bản),28500,30000,5,4.8,341,5993,Daniel Howarth,Nhà Xuất Bản Kim Đồng,Nhà Xuất Bản Kim Đồng,,Bìa mềm,32.0,2019-02-01,Tiki Trading,available,1000,False,True,True
2455629,Combo Trò Chơi Rèn Luyện IQ (Trọn Bộ 4 Cuốn),253000,275000,8,5.0,6,39,Quỳnh Anh,Nhà Sách Trí Đức,Nhà Xuất Bản Hồng Đức,,Bìa mềm,,2018-06-06,Bùi Thị Anh,available,1000,True,True,True
887108,Sách Classroom Mathematics Workbook 3B - Học Kỳ 2,45500,50000,9,0.0,0,6,Abel Chong,Thái Hà,,,Bìa mềm,,2017-09-15,Nhà sách Fahasa,available,1000,True,True,True
795502,Sách Thế Nào Và Tại Sao - Núi Lửa - Lửa Từ Lòng Đất,69700,85000,18,3.5,2,13,Manfred Baur,Tân Việt,,,Bìa mềm,48.0,2017-07-04,Nhà sách Fahasa,available,1000,True,True,True
542963,Sách Bé Học Lễ Giáo - Bubu Tập 31: Bubu Và Các Bạn (Tái Bản),13000,15000,13,5.0,1,909,Tiểu Vi Thanh,NXB Trẻ,NXB Trẻ,,Bìa mềm,,,Tiki Trading,available,1000,False,False,True
486658,Sách Bé Nấm Đi Siêu Thị - Bộ Kỹ Năng Cho Trẻ Từ 1 - 6 Tuổi,22400,32000,30,4.7,3,264,Hồ Huy Sơn,First News - Trí Việt,,,Bìa mềm,24.0,2016-04-08,Tiki Trading,available,1000,False,True,True
418842,Sách 10 Vạn Câu Hỏi Vì Sao - Khám Phá Thế Giới Vi Sinh Vật,55000,55000,0,0.0,0,1,Tôn Nguyên Vĩ,Đinh Tị,Nhà Xuất Bản Thời Đại,,Bìa mềm,135.0,2014-08-03,Happy Kids books,available,1000,True,True,True
417842,Sách Bé Vào Lớp 1 - Bé Học Ngôn Ngữ,19800,22000,10,0.0,0,6,.,Công Ty Cổ Phần Văn Hóa Đông A,Nhà Xuất Bản Dân Trí,,Bìa mềm,24.0,2012-11-21,Đông A Books Official,available,1000,True,True,True
279063282,Sách - Tuyển Tập Câu Hỏi Của Học Sinh Tiểu Học - Về Sự Vật Xung Quanh (Tái Bản 2025),64400,70000,8,0.0,0,2,Gakken,Nhà Xuất Bản Kim Đồng,Nhà Xuất Bản Kim Đồng,,Bìa mềm,,2023-12-21,Nhà sách Fahasa,available,1000,True,True,True
278830707,Sách - Quiz! Khoa Học Kì Thú - Bò Sát-Lưỡng Cư,75000,75000,0,0.0,0,0,nhieu tac gia,Nhà Xuất Bản Kim Đồng,Nhà Xuất Bản Kim Đồng,,Bìa mềm,,2023-12-21,Bamboo Books,available,1000,True,True,True
278712787,Sách - 101 Bí Ẩn Thú Vị Về Khoa Học Và Cơ Thể Người,78800,95000,17,0.0,0,1,nhieu tac gia,Cty Văn Hóa Việt Thư,Nhiều Nhà Xuất Bản,,Bìa mềm,,2023-12-21,Nhà sách Fahasa,available,1000,True,True,True
278159346,Sách Gấu Con Tinh Nghịch,40000,65000,38,0.0,0,5,Nam Mi- Young,Tân Việt,Nhà Xuất Bản Mỹ Thuật,,Bìa cứng,31.0,,Tiki Trading,available,1000,False,True,True
276813332,"Sách Kì Lân, Nàng Tiên Cá Và Những Điều Thú Vị Khác! Tặng hơn 50 Sticker!",34300,50000,31,1.0,1,2,,Tân Việt,Nhà Xuất Bản Mỹ Thuật,,Bìa mềm,48.0,2024-12-16,Tiki Trading,available,1000,False,True,True
276813303,Barbie Nghề Nghiệp Bé Chọn - 12 Nghề Nghiệp Để Bé Khám Phá - Sách Dán Hình Với hơn 170 Sticker !,48600,70000,31,0.0,0,3,Mattel,Tân Việt,Nhà Xuất Bản Mỹ Thuật,,Bìa mềm,32.0,2024-12-16,Tiki Trading,available,1000,False,True,True
275122155,Combo Truyện Kể Về Cuộc Đời Các Thiên Tài ( Bộ 10 Cuốn ),369700,555000,33,5.0,1,13,Rasmus Hoài Nam,Tân Việt,Nhà Xuất Bản Mỹ Thuật,,,,2024-05-01,Tiki Trading,available,1000,False,True,True
274716557,10 Vạn Câu Hỏi Vì Sao? – Vật Lý (Tái Bản) (HH),42300,45000,6,2.0,1,53,"Đức Anh (Sưu tầm, tuyển chọn)",Huy Hoàng Bookstore,Nhà Xuất Bản Dân Trí,,Bìa mềm,,2016-08-16,Văn Lang Official Store,available,1000,True,True,True
274563916,Sách Mẹ Bận Rộn Dạy Con Tự Lập - Theo Phương Pháp Shichida,94900,135000,30,0.0,0,10,Ko SHICHIDA,Tân Việt,Nhà Xuất Bản Dân Trí,,Bìa mềm,195.0,2024-03-01,Tiki Trading,available,1000,False,True,True
273553192,Sách Ngày Xửa Ngày Xưa - Ba Chú Lợn Con,57600,75000,23,5.0,2,13,Stefania Leonardi Harley,Tân Việt,Nhà Xuất Bản Mỹ Thuật,,Bìa cứng,24.0,2023-12-01,Tiki Trading,available,1000,False,True,True
272938250,"Cuốn Sách Nhỏ, Ý Tưởng Lớn",152000,160000,5,0.0,0,10,"Katie Rewse, Sarah Walden",NXB Kim Đồng,Nhà Xuất Bản Kim Đồng,,Bìa mềm,128.0,,Tiki Trading,available,1000,False,True,True
271700470,Bộ Lật Giở Song Ngữ (6 Cuốn),528000,528000,0,0.0,0,0,Yusuke Yonezu,Nhã Nam,Nhà Xuất Bản Thông Tấn,,Bìa cứng,,2023-09-06,NHBook,available,1000,True,True,True
271456423,Sách Flash card - Dạy Trẻ Về Thế Giới Xung Quanh (Tái bản ),240400,318000,24,0.0,0,11,Nguyễn Thị Thu Huế,Nhà sách Minh Thắng,Nhà Xuất Bản Mỹ Thuật,,Bìa cứng,120.0,2023-07-01,Tiki Trading,available,1000,False,True,True
270837064,Sách Thế Giới Sắc Màu - Phát Phát Triển Kĩ Năng Cho Bé : Chuyển Động Vui Vẻ,73900,105000,30,0.0,0,7,Natalie Marshall,Tân Việt,Nhà Xuất Bản Mỹ Thuật,,Bìa cứng,10.0,2023-04-04,Tiki Trading,available,1000,False,True,True
261989306,Sách Nhiệm vụ bảo vệ Đại dương,65700,88000,25,0.0,0,9,"Séverine de la Croix, Laurent Audouin",Nhà xuất bản Phụ Nữ Việt Nam,Nhà Xuất Bản Phụ Nữ Việt Nam,,Bìa mềm,64.0,2023-05-11,Tiki Trading,available,1000,False,True,True
247289984,Sách Từ Điển Bằng Tranh - Phương Tiện Giao Thông,79000,115000,31,5.0,2,45,Phan Minh Đạo,Nhà sách Minh Thắng,Nhà Xuất Bản Dân Trí,,Bìa cứng,28.0,2022-12-12,Tiki Trading,available,1000,False,True,True
221229949,Sách 100 Triết Gia Vĩ Đại Thay Đổi Thế Giới,151500,205000,26,5.0,8,67,Philip Stokes,Tân Việt,Nhà Xuất Bản Dân Trí,,Bìa cứng,307.0,2022-01-01,Tiki Trading,available,1000,False,True,True
217515574,Factfulness - Sự Thật Về Thế Giới: Mười Lý Do Khiến Ta Hiểu Sai Về Thế Giới - Và Vì Sao Thế Gian Này Tốt Hơn Ta Tưởng,160000,160000,0,4.3,3,22,,Thái Hà,NXB Trẻ,,Bìa mềm,454.0,2019-01-31,FishingBook,available,1000,True,True,True
212213141,Bách Khoa Thiếu Nhi - 365 Câu Chuyện Trí Tuệ - Hỏi Đáp Kiến Thức Thiên Nhiên Kỳ Diệu (Sách Bản Quyền) - Tái Bản,69900,98000,29,5.0,3,122,Yosbook,Nhà sách Minh Thắng,Nhà Xuất Bản Đại Học Quốc Gia Hà Nội,,Bìa mềm,228.0,2022-09-09,Tiki Trading,available,1000,False,True,True
196292019,Sách Ô cửa diệu kì - Màu sắc,25000,40000,38,0.0,0,2,Lam Sơn,Minh Long,Nhà Xuất Bản Mỹ Thuật,,Bìa mềm,24.0,,Tiki Trading,available,1000,True,True,True
192950209,Mê Cung Phát Triển Tư Duy 2 (Càng Chơi Càng Thông Minh),78200,86000,9,5.0,1,34,Philip Clarke,Công ty cổ phẩn Xuất bản và Giáo dục Vizi,Nhà Xuất Bản Phụ Nữ Việt Nam,,,,,Nhà sách Fahasa,available,1000,True,True,True
165996940,Sách Mủ Và Mày - Sự Thật Nhớp Nháp Về Máu,27000,35000,23,0.0,0,12,Ian Graham,NXB Trẻ,NXB Trẻ,,Bìa mềm,32.0,2022-02-01,Tiki Trading,available,1000,False,True,True
152046715,Sách Kĩ Năng Xã Hội Cho Học Sinh Tiểu Học - Tự Giác Và Tự Lập,84000,86000,2,5.0,10,201,Trung tâm Nghiên cứu Tâm lí Tiểu Hòa,NXB Kim Đồng,Nhà Xuất Bản Kim Đồng,,Bìa mềm,168.0,2021-12-12,Tiki Trading,available,1000,False,True,True
145144918,Sách Bóc Dán Dành Cho Bé Gái - Giáng Sinh Lung Linh,42600,55000,23,5.0,11,143,Nhiều tác giả,Đinh Tị,Nhà Xuất Bản Hà Nội,,Bìa mềm,24.0,2021-12-01,Tiki Trading,available,1000,False,True,True
145144836,Sách Bóc Dán Dành Cho Bé Gái - Những Nàng Tiên Chăm Chỉ,43700,55000,21,5.0,17,176,Nhiều tác giả,Đinh Tị,Nhà Xuất Bản Hà Nội,,Bìa mềm,24.0,2021-12-01,Tiki Trading,available,1000,False,True,True
120509495,"Sách Hiểu Về Tài Chính, Vững Bước Tương Lai - Hiểu Về Thuế",24700,25000,1,5.0,1,7,Linda Crotta Brennan,NXB Kim Đồng,Nhà Xuất Bản Kim Đồng,,Bìa mềm,32.0,2021-08-15,Nhà sách Fahasa,available,1000,True,True,True
109998359,Sách Học Toán Qua Trò Chơi Kiểu Nhật - Số Thứ Tự (Tái Bản),42600,55000,23,5.0,1,18,Shiomi Toshiyuki,Đinh Tị,Nhà Xuất Bản Thanh Niên,,Bìa mềm,80.0,2021-07-01,Tiki Trading,available,1000,False,True,True
105085536,Combo 8 Cuốn: Bộ Sách Phát Triển IQ - EQ Đầu Đời Cho Bé,160600,224000,28,5.0,17,66,.,Đinh Tị,Nhà Xuất Bản Thanh Niên,,Bìa mềm,,2021-06-01,Tiki Trading,available,1000,False,True,True
79409111,Sách Tri Thức Kinh Điển Bằng Tranh - Của Cải Của Các Dân Tộc,229000,229000,0,0.0,0,2,nhieu tac gia,Alpha Books,Nhà Xuất Bản Dân Trí,,Bìa cứng,160.0,2021-03-02,HỆ THỐNG NHÀ SÁCH ABC,available,1000,True,True,True
78631906,Sách Bé Yêu Năng Lượng Xanh,26000,39000,33,5.0,1,14,Ruth Spiro,Quảng Văn,Nhà Xuất Bản Phụ Nữ Việt Nam,,Bìa mềm,44.0,2021-03-01,Tiki Trading,available,1000,False,True,True
76051993,Sách Horrible Geography - Sông Ngòi Xông Xênh (Tái Bản),31000,37000,16,5.0,9,135,Anita Ganeri,NXB Trẻ,NXB Trẻ,,Bìa mềm,160.0,,Tiki Trading,available,1000,False,True,True
73438253,Sách Phương Tiện Di Chuyển. Xe Hơi,22700,23000,1,5.0,1,11,"Nathalie Bélineau, Alexis Nesme, Emilie Beaumont",NXB Trẻ,NXB Trẻ,,Bìa mềm,16.0,,Nhà sách Fahasa,available,1000,True,True,True
70847642,Sách Biệt Đội Stem. Nguyên Tử Diệu Kỳ & Mê Cung Vật Chất,70000,70000,0,0.0,0,0,Colin Stuart,NXB Trẻ,NXB Trẻ,,Bìa mềm,80.0,,HỆ THỐNG NHÀ SÁCH ABC,available,1000,True,True,True
29820849,Sách Những Người Bạn Tốt - Mèo Con Hào Hiệp,23800,28000,15,5.0,2,24,Barbara Bacchini,Tân Việt,,,Bìa mềm,12.0,2019-08-01,Nhà sách Fahasa,available,1000,True,True,True
16041347,Sách Thế Giới Trong Tay Em - Sự Sinh Trưởng Của Vạn Vật,45600,48000,5,4.8,6,23,"Felicity Brooks, Caroline Young",Đinh Tị,,,Bìa mềm,,2019-05-01,Nhà sách Fahasa,available,1000,True,True,True
11413619,Combo Mẹ Hỏi Bé Trả Lời (4 Cuốn),115200,120000,4,4.8,202,2377,"Yosbook, Xiao Li",Nhà Xuất Bản Kim Đồng,,,Bìa mềm,88.0,2019-03-01,Tiki Trading,available,1000,False,True,True
2363051,Sách Chuyển Động Ghép Hình - Slide And Play - Thế Giới Động Vật - Animals,93000,119000,22,5.0,1,6,Minh Quyên,Đinh Tị,Nhà Xuất Bản Thanh Niên,,Bìa mềm,,,Tiki Trading,available,1000,True,False,True
542928,Sách Bé Học Lễ Giáo - Bubu Tập 23: Bubu Học Đàn (Tái Bản),10000,15000,33,5.0,5,835,Tiểu Vi Thanh,NXB Trẻ,,,Bìa mềm,,2016-09-06,Tiki Trading,available,1000,False,True,True
439906,Sách Luyện Não Cho Trẻ,70900,78000,9,0.0,0,7,Tony Buzan - Jennifer Goddard,Nhân Trí Việt,,,Bìa mềm,35.0,2015-06-10,Nhà sách Fahasa,available,1000,True,True,True
375693,Sách Horrible Histories - Viking Hung Bạo (Tái Bản),37350,45000,17,0.0,0,1,Terry Deary,NXB Trẻ,NXB Trẻ,,Bìa mềm,129.0,2013-03-08,Nhà Xuất Bản Trẻ,available,1000,True,True,True
278457350,Sách - Bộ Sách Chân Dung - Những Người Thay Đổi Thế Giới - Cristiano Ronaldo Là Ai?,47200,59000,20,0.0,0,5,"James Buckley Jr.,  Gregory Copeland",Alpha Books,Nhiều Nhà Xuất Bản,,Bìa mềm,,2023-12-21,Nhà sách Fahasa,available,1000,True,True,True
278241124,Sách Cẩm Nang Giáo Dục Mầm Non Theo Cách Tiếp Cận,83700,109000,23,0.0,0,11,Nicky Holt,Quảng Văn,Nhà Xuất Bản Phụ Nữ Việt Nam,,Bìa mềm,184.0,,Tiki Trading,available,1000,False,True,True
278159397,Bộ sách Peppa Pig,35200,50000,30,0.0,0,0,,Tân Việt,Nhà Xuất Bản Mỹ Thuật,,Bìa mềm,48.0,,Tiki Trading,available,1000,False,True,True
278128796,Sách Wolfoo Hỏi Bé Trả Lời,41000,59000,31,0.0,0,6,1980Edu - Quỳnh Hương,1980 Books,Nhà Xuất Bản Dân Trí,,Bìa mềm,24.0,,Tiki Trading,available,1000,False,True,True
278117287,Sách - Khơi Dậy Khả Năng Lãnh Đạo Cho Trẻ - Phương Pháp Hướng Dẫn Trẻ Trở Nên Xuất Sắc Hơn - Tiên Phong Books,186000,186000,0,2.0,1,5,,Công ty TNHH Tiên Phong Books,Nhà Xuất Bản Dân Trí,,Bìa mềm,,,Tiên Phong Books Store,available,1000,True,True,True
278051559,"Sách Tương Tác, Chuyển Động - Bộ First Explorers Cho Bé 0 - 6 Tuổi",105600,119000,11,0.0,0,0,,Đinh Tị,Nhà Xuất Bản Thanh Niên,,Bìa cứng,,,Play With Me,available,1000,True,True,True
277808999,Sách Kể chuyện biển đảo. Một chuyến du hành ra Trường Sa và Nhà giàn DK1,62000,85000,27,0.0,0,4,Lê Văn Chương,NXB Trẻ,NXB Trẻ,,Bìa mềm,196.0,2025-04-30,Tiki Trading,available,1000,False,True,True
276834243,"Sách - Rèn Nền Nếp, Cùng Con Khôn Lớn - Chọn Lẻ 6 Tập - NXB Kim Đồng",50000,50000,0,0.0,0,11,, NXB Kim Đồng,Nhà Xuất Bản Kim Đồng,,,,,Bamboo Books,available,1000,True,True,True
274563934,Sách English Zoo - Ngày Tuyết Rơi - Snowy Day - Song Ngữ Anh -Việt,66800,95000,30,0.0,0,6,Kenvin Kang,Tân Việt,Nhà Xuất Bản Mỹ Thuật,,Bìa cứng,16.0,2024-03-01,Tiki Trading,available,1000,False,True,True
274320386,Sách Bóc Dán Nhanh Tay – Nhận Ngay Kiến Thức - Hello Kitty,40800,58000,30,0.0,0,0,Little Angel,Nhà sách Minh Thắng,Nhà Xuất Bản Phụ Nữ Việt Nam,,Bìa mềm,24.0,2024-01-01,Tiki Trading,available,1000,False,True,True
271087467,Sách 100++ ý tưởng sáng tạo vẽ tranh bằng vân tay - Động vật,112700,145000,22,0.0,0,3,Hà Giang,Đinh Tị,Nhà Xuất Bản Thanh Niên,,Bìa mềm,36.0,2023-07-27,Tiki Trading,available,1000,True,True,True
270129131,Marco Polo du hành về phương Đông - Bản Quyền,169000,169000,0,0.0,0,1,,Thái Hà Book,Nhà Xuất Bản Hà Nội,,,,,NHBook,available,1000,True,True,True
270052413,Quốc Kì Các Nước Trên Thế Giới,53300,65000,18,0.0,0,13,Christiane Gunzi,Tân Việt,nxb my thuat,,,,,Nhà sách Fahasa,available,1000,True,True,True
235728754,Sách Khám Phá Thế Giới - Lịch Sử Thế Giới Qua 25 Thành Phố,185000,185000,0,0.0,0,1,"Andrew Donkin, Tracey Turner, Libby VanderPloeg",NXB Kim Đồng,Nhà Xuất Bản Kim Đồng,,Bìa mềm,112.0,2023-02-01,Bamboo Books,available,1000,True,True,True
208122201,Combo Du Hành Vào Lịch Sử Thế Giới (20 Cuốn),873000,900000,3,5.0,3,41,"Yeounhee Lee, Gaae Jung",NXB Kim Đồng,Nhà Xuất Bản Kim Đồng,,Bìa mềm,720.0,2022-12-12,Tiki Trading,available,1000,False,True,True
207830861,Combo Chim cánh cụt Luy-xiêng (4 cuốn),178640,232000,23,5.0,1,42,Jean-Marc Mathis,Nhã Nam,Nhà Xuất Bản Hà Nội,,Bìa mềm,192.0,2022-12-01,Tiki Trading,available,1000,False,True,True
185851686,Sách Âm Thanh - Âm Thanh Của Các Loài Vật,190500,219000,13,0.0,0,5,Khánh Vân,Đinh Tị,Nhà Xuất Bản Thanh Niên,,,,,Nhà sách Fahasa,available,1000,True,True,True
184779701,Sách Bách Khoa Cho Trẻ Em – Cơ Thể Người,134000,180000,26,5.0,3,95,DK,Công Ty Cổ Phần Văn Hóa Đông A,Nhà Xuất Bản Dân Trí,,Bìa cứng,128.0,2022-06-01,Tiki Trading,available,1000,False,True,True
173481634,Sách Học Và Thực Hành Stem Đơn Giản - Toán Học - 60 Bài Thực Hành Bổ Ích,46800,59000,21,5.0,2,47,Anne Rooney,Đinh Tị,Nhà Xuất Bản Thanh Niên,,Bìa mềm,66.0,2022-04-04,Tiki Trading,available,1000,True,True,True
170345843,Combo Mẹ Hỏi Bé Trả Lời: Hỏi Đáp Rèn Trí Thông Minh (5 Cuốn) (Tái Bản 2022),152200,160250,5,4.0,1,5,Thanh Anh,NXB Kim Đồng,Nhà Xuất Bản Kim Đồng,,Bìa mềm,,2022-03-03,Phương Đông Books,available,1000,True,True,True
166653471,"Tủ sách tiềm thức cho bé 0-6 tuổi: Đồng dao - Thơ - Truyện - Câu đố cho bé tập nói, tập đọc (4 quyển) - NTbooks",168000,168000,0,5.0,3,34,,Nhà Xuất Bản Hà Nội,Nhà Xuất Bản Hà Nội,,Bìa mềm,168.0,,Happy Kids books,available,1000,True,True,True
159824200,Từ Điển Bằng Tranh - Cờ Các Nước Trên Thế Giới,105900,107000,1,5.0,3,28,,Minh Thắng,Nhà Xuất Bản Mỹ Thuật,,,,,Minhhabooks,available,1000,True,True,True
146272101,First Sticker Book - Sách Dán Hình Đầu Đời Cho Bé - Ô Tô,67500,75000,10,5.0,1,18,Simon Tudhope,Đinh Tị,Nhà Xuất Bản Thanh Niên,,,,,Nhà sách Fahasa,available,1000,True,True,True
121073412,Sách Bác Hồ Viết Tuyên Ngôn Độc Lập,38000,40000,5,5.0,1,14,Kiều Mai Sơn,NXB Kim Đồng,Nhà Xuất Bản Kim Đồng,,Bìa mềm,160.0,2021-08-01,Nhà sách Fahasa,available,1000,True,True,True
113583678,Combo Bộ 4 Cuốn - Dành cho Lứa Tuổi Từ (3 - 6 Tuổi) - Sách Ghép Hình Phát Triển IQ: Chuyện Kể Về Nông Trại + Khủng Long + Đại Dương + Rừng Xanh,261200,380000,31,5.0,2,25,Noopur Thakur,Tân Việt,Nhà Xuất Bản Mỹ Thuật,,Bìa cứng,11.0,2021-07-15,Tiki Trading,available,1000,False,True,True
110627911,Sách Bách Khoa Thư Về Nghề Nghiệp,199400,250000,20,5.0,28,241,DK,Đinh Tị,Nhà Xuất Bản Thanh Niên,,Bìa mềm,320.0,2021-07-15,Tiki Trading,available,1000,True,True,True
91343720,Sách Thăng Long Kinh Kì - Kẻ Chợ - Thời Lê Trịnh,55800,60000,7,4.0,2,12,"Nguyễn Quốc Tín, Nguyễn Huy Thắng",NXB Kim Đồng,Nhà Xuất Bản Kim Đồng,,Bìa mềm,200.0,2021-04-15,Nhà sách Fahasa,available,1000,True,True,True
88941698,"Sách Rèn Luyện Kỹ Năng Sống Cho Trẻ - Em Học Quản Lý Tài Chính - Mở Ra Đi, Ngân Hàng Thần Kỳ!",33900,35000,3,5.0,1,7,"Lạc Phàm, Duy Trí",Nhà sách Minh Thắng,Nhà Xuất Bản Dân Trí,,Bìa mềm,32.0,2021-04-15,Nhà sách Fahasa,available,1000,True,True,True
77230263,Combo 2 Cuốn: Bộ Lập Trình Viên Nhí,126400,158000,20,0.0,0,0,Josh Funk,Alphabooks,Nhà Xuất Bản Dân Trí,,Bìa mềm,44.0,2021-02-01,Nhà sách Fahasa,available,1000,True,True,True
67060014,Sách Phát Triển Trí Tuệ Cảm Xúc - Con Được Là Chính Mình!,46500,50000,7,4.8,13,85,Jayneen Sanders,Nhã Nam,Nhà Xuất Bản Dân Trí,,Bìa mềm,40.0,2020-09-11,Nhà sách Fahasa,available,1000,True,True,True
50277619,Sách Trí Tuệ Nhân Tạo: Minh Họa Sinh Động Bằng Tranh - Dẫn Nhập Ngắn Về Khoa Học,58000,79000,27,4.5,23,279,"Henry Brighton, Howard Selina",Alphabooks,Nhà Xuất Bản Dân Trí,,Bìa mềm,180.0,2020-03-01,Tiki Trading,available,1000,False,True,True
49320975,Combo Kĩ Năng Thích Nghi (8 Cuốn),140000,160000,13,4.5,9,89,"Mai Hương, Thanh Thủy",Nhà Xuất Bản Kim Đồng,Nhà Xuất Bản Kim Đồng,,Bìa mềm,,2020-02-02,Tiki Trading,available,1000,False,False,True
47295250,"Sách Bách khoa hình ảnh đầu tiên cho bé , song ngữ Anh - Việt , dành cho bé 0-6 tuổi( My First picture encyclopedia )bìa cứng",138000,138000,0,5.0,12,55,Mai Hương,Đại Mai Books,Nhà Xuất Bản Phụ Nữ,,Bìa cứng,46.0,2020-01-20,trungthanh2018,available,1000,True,True,True
36389359,Combo I Will Be Better - Những Câu Chuyện Truyền Cảm Hứng (3 Cuốn),158000,162000,2,4.8,365,1962,Yuman,Nhà Xuất Bản Kim Đồng,,,Bìa mềm,,2019-10-01,Tiki Trading,available,1000,False,True,True
31329286,Cơ Thể Của Tôi Hoạt Động Như Thế Nào - Răng,70000,70000,0,5.0,7,76,,Vinabook JSC,Nhà Xuất Bản Hồng Đức,,Bìa mềm,32.0,2019-08-29,VIETNAMBOOK,available,1000,True,True,True
16603412,Bộ Sách Chân Dung Những Người Thay Đổi Thế Giới - Dr. Seuss Là Ai (Tái Bản 2019),32400,49000,34,4.8,17,126,"Janet B. Pascal, Nancy Harrison",Alphabooks,Nhà Xuất Bản Dân Trí,,Bìa mềm,108.0,2019-05-01,Tiki Trading,available,1000,False,True,True
11413610,Mẹ Hỏi Bé Trả Lời 2-3 Tuổi (Tái Bản),28500,30000,5,4.5,19,252,"Yosbook, Xiao Li",Nhà Xuất Bản Kim Đồng,,,Bìa mềm,88.0,2019-03-01,Nhà sách Fahasa,available,1000,True,True,True
2783079,Sách Bách Khoa Toàn Thư Nhỏ (Bằng Tranh) - Thế Giới Côn Trùng,48000,48000,0,4.0,6,63,.,Liên Việt,Nhà Xuất Bản Phụ Nữ,,Bìa mềm,,,Liên Việt Official Store,available,1000,True,True,True
981930,Sách Bộ Từ Điển Bằng Hình: Loài Vật Quanh Em (Tái Bản),90000,90000,0,0.0,0,1,Tịnh Lâm,Nhà Xuất Bản Kim Đồng,Nhà Xuất Bản Kim Đồng,,Bìa mềm,30.0,2017-09-01,Bamboo Books,available,1000,True,True,True
397294,Bộ Sách Học Toán Thật Thích (Trọn Bộ 8 Cuốn) - Tái Bản 2018,352000,352000,0,0.0,0,2,.,Quảng Văn,Đang cập nhật,,Bìa mềm,,2014-05-20,Happy Kids books,available,1000,True,False,True
278495836,Sách Kỹ Năng Sống - 101 Câu Chuyện Học Sinh Cần Đọc Giúp Các Em,43600,55000,21,4.6,11,4,Ngọc Linh,Đinh Tị,Nhà Xuất Bản Thế Giới,,Bìa mềm,172.0,2016-03-10,Tiki Trading,available,1000,True,True,True
278445051,Combo Hệ Sinh Thái Trên Trái Đất (4 Cuốn),423000,440000,4,0.0,0,1,Ola Woldańska-Płocińska,Nhà Xuất Bản Kim Đồng,Nhà Xuất Bản Kim Đồng,,Bìa mềm,,2025-03-08,Tiki Trading,available,1000,False,True,True
278280332,Sách Động vật có tầm ảnh hưởng - Nguồn cảm hứng cho những công trình kiến trúc của loài người,134000,168000,20,0.0,0,0,"Yeji Yun, hristiane Dorion",Đinh Tị,Nhà Xuất Bản Hà Nội,,Bìa mềm,72.0,,Tiki Trading,available,1000,True,True,True
278128689,Sách 100++ ý tưởng sáng tạo vẽ tranh bằng vân tay,112300,145000,23,0.0,0,1,Woye,Đinh Tị,Nhà Xuất Bản Thanh Niên,,Bìa mềm,36.0,,Tiki Trading,available,1000,True,True,True
278068470,Sách 100 Bí Ẩn Đáng Kinh Ngạc - Nhiều Chủ Đề Tuổi 6+,89200,100000,11,0.0,0,0,,Đinh Tị,Nhà Xuất Bản Thế Giới,,Bìa mềm,128.0,,Play With Me,available,1000,True,True,True
277041691,Playtime In English Level 3: Tooth Fairy - Tiên Răng,59000,59000,0,0.0,0,2,,Gieobooks,Nhà Xuất Bản Mỹ Thuật,,Bìa cứng,30.0,2024-12-31,Tazano Official Store,available,1000,True,True,True
276831613,Mê Cung Phát Triển Tư Duy 1: Càng Chơi Càng Thông Minh,48000,48000,0,0.0,0,2,Kristeen Robson,Gieobooks,Nhà Xuất Bản Phụ Nữ Việt Nam,,Bìa mềm,31.0,,Tazano Official Store,available,1000,True,True,True
275410071,Khỉ Con Ggủ Một Mình - Bộ Sách Bồi Dưỡng Nhân Cách Và Tâm Hồn Trẻ - Từ 0-3 Tuổi,21600,29000,26,0.0,0,4,Lê Hiền,Tân Việt,Nhà Xuất Bản Mỹ Thuật,,Bìa mềm,26.0,2024-06-01,Tiki Trading,available,1000,False,True,True
274563908,Sách Tô Màu Công Chúa Xinh Đẹp,15000,25000,40,0.0,0,24,Trần Bồi Lương,Tân Việt,Nhà Xuất Bản Mỹ Thuật,,Bìa mềm,24.0,2024-03-01,Tiki Trading,available,1000,False,True,True
271518227,Truyện Kể Danh Nhân Truyền Cảm Hứng - Albert Einstein,122800,128000,4,0.0,0,0,Wil Mara,Đinh Tị,Nhà Xuất Bản Thanh Niên,,,,2023-08-08,TYMBooks,available,1000,True,True,True
262646200,101 Truyện Phá Án Kinh Điển (Tái bản),56200,90000,38,5.0,1,17,Vương Diễm Nga,Minh Long,Nhà Xuất Bản Văn Học,,Bìa mềm,208.0,2023-05-01,Tiki Trading,available,1000,True,True,True
251537166,Combo Big Bang - Bách Khoa Và Khám Phá - Kích Hoạt Sự Ham Hiểu Biết Của Trẻ (3 Cuốn),207000,257000,19,5.0,1,10,Nhiều tác giả,Megabook,Nhà Xuất Bản Đại Học Quốc Gia Hà Nội,,Bìa mềm,128.0,2023-04-04,Tiki Trading,available,1000,False,True,True
242091363,Combo 365 ngày siêu trí tuệ nhí - Phát triển tư duy logic IQ cho trẻ em (5 cuốn),137000,175000,22,4.8,12,164,Starkids,Megabook,Nhà Xuất Bản Thanh Niên,,Bìa mềm,32.0,2023-02-01,Tiki Trading,available,1000,False,True,True
242091344,Sách 365 ngày siêu trí tuệ nhí - Phát triển tư duy logic IQ cho trẻ em 1,28000,35000,20,5.0,1,20,Starkids,Megabook,Nhà Xuất Bản Thanh Niên,,Bìa mềm,32.0,2023-02-01,Tiki Trading,available,1000,False,True,True
207811636,Mê Cung Phát Triển Tư Duy - Khám Phá Thế Giới (2022),75600,86000,12,5.0,1,22,Sam Smith,Công ty cổ phẩn Xuất bản và Giáo dục Vizi,Nhà Xuất Bản Phụ Nữ Việt Nam,,,,,Nhà sách Fahasa,available,1000,True,True,True
204880955,1000 hình dán trang phục công chúa - Công chúa hoa lệ (Sách bản quyền) - Tái bản,54900,80000,31,5.0,3,39,Muyuwenhua,Nhà sách Minh Thắng,Nhà Xuất Bản Dân Trí,,Bìa mềm,30.0,2022-08-01,Tiki Trading,available,1000,False,True,True
203945377,Thông Minh - Tài Trí: Câu Đố Về Tư Duy Logic,52800,66000,20,0.0,0,2,Lê Hùng,Cty Văn Hóa Nhân Văn,,,,,,Nhà sách Fahasa,available,1000,True,True,True
196382814,5 Phút Đọc Truyện Cùng Con Yêu - Những Câu Chuyện Thú Vị Dành Cho Bé Trai- 7 Câu Chuyện Mộng Mơ Để Cùng Bé Sẻ Chia,51000,79000,35,4.5,2,29,Xanna Chown,Tân Việt,Nhà Xuất Bản Mỹ Thuật,,Bìa cứng,48.0,2022-09-01,Tiki Trading,available,1000,False,True,True
179141968,Câu Chuyện Vật Lý,103750,125000,17,0.0,0,1,"Larry Gonick,  Arthuffman",Nhà Xuất Bản Đại Học Quốc Gia Hà Nội,Nhà Xuất Bản Đại Học Quốc Gia Hà Nội,,Bìa mềm,214.0,,Nhà Xuất Bản Trẻ,available,1000,True,True,True
175964453,Bí Ẩn Mãi Mãi Là Bí Ẩn 01 (Tái Bản 2022),41500,50000,17,0.0,0,3,Nhiều tác giả,Nhà Xuất Bản Trẻ,NXB Trẻ,,Bìa mềm,158.0,2022-04-19,Nhà Xuất Bản Trẻ,available,1000,True,True,True
169490156,Sách Từ Điển Bằng Hình Cho Trẻ Mầm Non - Trốn Tìm Động Vật (Tái Bản),150000,150000,0,0.0,0,2,DK,Công Ty Cổ Phần Văn Hóa Đông A,Nhà Xuất Bản Dân Trí,,Bìa cứng,48.0,2022-03-01,Nhà Sách Vĩnh Thụy,available,1000,True,True,True
166413866,Sách tiếng Anh: Climate Crisis For Beginners,360450,405000,11,0.0,0,3,,Usborne Publishing Ltd,Usborne  Publishing Ltd.,,Bìa cứng,128.0,,Blue Horizon Books,available,1000,True,True,True
151458838,Bách Khoa Toàn Thư Cho Bé 2 - 3 Tuổi (Trọn Bộ 8 Cuốn) - Tái Bản 2021,56000,56000,0,5.0,1,11,,Tân Việt,Nhà Xuất Bản Mỹ Thuật,,Bìa mềm,,2021-12-14,Tazano Official Store,available,1000,True,True,True
145093424,Sách Bóc Dán Hình Thông Minh IQ - EQ - CQ - Sticker For Kids Cuốn 4 (2-8T),45800,60000,24,4.8,19,227,Phan Minh Đạo,Nhà sách Minh Thắng,Nhà Xuất Bản Dân Trí,,Bìa cứng,24.0,2021-12-11,Tiki Trading,available,1000,False,True,True
89179953,Cuốn Sách Bóc Dán Đầu Tiên Của Tớ - Động Vật,38600,48000,20,0.0,0,6,Imagine That,Đinh Tị,Nhà Xuất Bản Thanh Niên,,Bìa mềm,18.0,2021-04-15,Tiki Trading,available,1000,False,True,True
84932889,Sách Princess Sticker - Dán Hình Công Chúa - Công Chúa Quyến Rũ,40500,45000,10,0.0,0,12,Dương Hợp Kỳ,Nhà sách Minh Thắng,Nhà Xuất Bản Dân Trí,,Bìa mềm,24.0,2021-03-01,Nhà sách Fahasa,available,1000,True,True,True
78631838,Sách Bé Yêu Nhiệt Động Lực Học,29900,39000,23,0.0,0,13,Ruth Spiro,Quảng Văn,Nhà Xuất Bản Phụ Nữ Việt Nam,,Bìa mềm,44.0,2021-03-01,Tiki Trading,available,1000,False,True,True
72511282,Bộ Sách Tự Xóa Thông Minh - Bé Học Toán Mỗi Ngày (5 -7 tuổi) (Tặng Kèm Bút Xóa),82700,89000,7,4.5,31,207,Nhiều tác giả,Tân Việt,Nhà Xuất Bản Mỹ Thuật,,Bìa cứng,26.0,2020-11-15,Nhà sách Fahasa,available,1000,True,True,True
35862113,Big Picture Book Dinosaurs - Cuốn Sách Tranh Khổng Lồ Về Khủng Long,90000,90000,0,0.0,0,1,Nhiều tác giả,Đinh Tị,Nhà Xuất Bản Hà Nội,,Bìa mềm,,2019-10-01,Tiệm Sách Minh Vân,available,1000,True,True,True
30749827,Hiểu Về Khoa Học - Môi Trường,91000,135000,33,0.0,0,33,,Vinabook JSC,,,Bìa mềm,80.0,2019-08-29,VIETNAMBOOK,available,1000,True,True,True
29820816,Sách Những Người Bạn Tốt - Chú Cún Nhanh Nhẹn,19600,28000,30,3.5,2,30,Barbara Bacchini,Tân Việt,,,Bìa mềm,12.0,2019-08-01,Tiki Trading,available,1000,False,True,True
19346665,Tủ Sách Tư Duy Toán Học HQ - Chinh Phục Toán Lớp 1 Tập 2,50000,55000,9,5.0,6,53,Education Lab,Văn Lang,,,Bìa mềm,72.0,2019-05-27,Nhà sách Fahasa,available,1000,True,True,True
19346655,Tủ Sách Tư Duy Toán Học HQ - Dạy Con Tập Hợp Và Con Số,47300,52000,9,5.0,2,4,Education Lab,VanLangBooks,,,Bìa mềm,64.0,2019-05-27,Nhà sách Fahasa,available,1000,True,True,True
17614761,Sách Phương Pháp Tập Trung Một Giờ Học Có Hiệu Quả (Tái Bản),9600,12000,20,5.0,2,13,Hạnh Hương,Công ty TNHH TM & DV Văn Hóa Hương Trang,,,Bìa mềm,108.0,2019-05-01,Nhà sách Fahasa,available,1000,True,True,True
10920477,Combo Kích Thích Phát Triển Thị Giác Cho Bé ( 6 Cuốn ),165000,165000,0,5.0,3,22,21st Century,Nhà Xuất Bản Kim Đồng,Tiki Tổng Hợp,,Bìa mềm,,2019-02-25,trungthanh2018,available,1000,True,True,True
10738164,Sách Để Em Luôn Ngoan Ngoãn: Vì Sao Tớ Không Nên Chơi Ăn Gian? (Tái Bản 2019),18000,18000,0,4.5,8,74,"Nguyễn Kim Duẩn, Tuệ Linh",Nhà Xuất Bản Kim Đồng,,,Bìa mềm,24.0,2019-02-02,Nhà sách Fahasa,available,1000,True,True,True
686386,Sách Để Luôn Đạt Điểm 10 – Sự Sống Và Môi Trường,85000,85000,0,0.0,0,2,"Yoo Nam Young, Hwang Keun Ki",Alphabooks,Nhà Xuất Bản Dân Trí,,Bìa mềm,148.0,2017-06-12,HỆ THỐNG NHÀ SÁCH ABC,available,1000,True,False,True
657391,Sách Quốc Kỳ Và Quốc Gia - Bách Khoa Thư Larousse,175000,182350,4,4.6,14,234,,Nhã Nam,Nhiều Nhà Xuất Bản,,Bìa cứng,99.0,,AHABOOKS,available,1000,True,True,True
476636,Cùng Bố Mẹ Đọc Sách - Bé Nghĩ Lời Kết - Mèo Con Và Quyển Sách,17400,35000,50,5.0,1,113,Nhật Linh - Ngọc Phương,Tân Việt,,,Bìa mềm,63.0,2015-09-15,Tiki Trading,available,1000,False,False,True
339375,Sách Chỉ Số Cảm Xúc EQ - Phát Triển Chỉ Số Cảm Xúc - Miếng Dán Thần Kì - 2 Đến 3 Tuổi,50000,50000,0,0.0,0,1,,Công Ty Cổ Phần Văn Hóa Đông A,Nhà Xuất Bản Dân Trí,,Bìa mềm,,2011-01-01,Nhà Sách Vĩnh Thụy,available,1000,True,True,True
278128833,Sách Học Toán Montessori - Phát triển trí tuệ 4+,28000,39000,28,0.0,0,0,Starkids,Megabook,Nhà Xuất Bản Thanh Niên,,Bìa mềm,0.0,,Tiki Trading,available,1000,False,True,True
278128715,"Sách Bé Tư Duy, Bé Sáng Tạo",86400,109000,21,0.0,0,1,Catmint Books,Đinh Tị,Nhà Xuất Bản Thanh Niên,,Bìa mềm,96.0,,Tiki Trading,available,1000,True,True,True
275300047,Sách Nhạc Sĩ Văn Cao - Lá Phi Lao Gọi Mặt Trời,115000,125000,8,0.0,0,13,Tô Chiêm,NXB Kim Đồng,Nhà Xuất Bản Kim Đồng,,Bìa mềm,124.0,2024-06-01,Tiki Trading,available,1000,False,True,True
274031014,(COMBO) Ẩm thực năm châu xưa và nay & Phát minh năm châu xưa và nay,144000,150000,4,0.0,0,1,nhieu tac gia,Kim Đồng,Nhà Xuất Bản Kim Đồng,,Bìa mềm,164.0,,TYMBooks,available,1000,True,True,True
271312155,Sách âm thanh - Bé học nói,316100,399000,21,5.0,3,73,"Minh Trang, Thu Nấm",Đinh Tị,Nhà Xuất Bản Thanh Niên,,Bìa cứng,20.0,2023-08-08,Tiki Trading,available,1000,False,True,True
263697337,Tranh Truyện Lịch Sử Việt Nam: Lê Đại Hành,19200,20000,4,5.0,4,18,"Tạ Huy Long, An Cương",Nhà Xuất Bản Kim Đồng,Nhà Xuất Bản Kim Đồng,,Bìa mềm,32.0,2018-05-10,Tiki Trading,available,1000,False,True,True
252170192,Sách - Thư viện song ngữ đầu tiên (Bộ 06 cuốn),108000,108000,0,0.0,0,0,nhieu tac gia,Nhã Nam,Nhà Xuất Bản Hội Nhà Văn,,Bìa cứng,6.0,2021-12-13,HỆ THỐNG NHÀ SÁCH ABC,available,1000,True,True,True
247661420,Sách Nguyễn Hiến Lê - Cuộc đời và tác phẩm,122000,165000,26,0.0,0,12,Châu Hải Kỳ,Nhà xuất bản Tổng hợp TP.HCM ,Nhà Xuất Bản Tổng hợp TP.HCM,,Bìa mềm,360.0,2022-01-01,Tiki Trading,available,1000,False,True,True
235728745,Sách Khám Phá Thế Giới - Trang Phục Cổ Truyền Khắp Năm Châu,130000,130000,0,0.0,0,3,"Giovanna Alessio, Chaaya Prabhat",NXB Kim Đồng,Nhà Xuất Bản Kim Đồng,,Bìa mềm,80.0,2023-02-01,Bamboo Books,available,1000,True,True,True
225267741,Sách Vẽ Tất Tật Từ Những Hình Cơ Bản - Côn Trùng,29400,30000,2,5.0,1,14,Nguyễn Thu Huyền,NXB Kim Đồng,Nhà Xuất Bản Kim Đồng,,Bìa mềm,32.0,2023-01-01,Tiki Trading,available,1000,False,True,True
203865311,Sách Bách khoa thư Tiểu học Larousse - Khủng Long,100347,159000,37,5.0,2,51,Larousse,Nhã Nam,Nhà Xuất Bản Thế Giới,,Bìa mềm,92.0,2022-11-11,Tiki Trading,available,1000,False,True,True
177736601,"Sách Harry, Tớ Muốn Viết Được Tên Của Cậu!",36900,49000,25,0.0,0,2,Thái Hà,Thái Hà,Nhà Xuất Bản Hà Nội,,Bìa mềm,36.0,2022-04-04,Tiki Trading,available,1000,False,True,True
157240661,Sách 162 Trò Chơi Sinh Hoạt Tập Thể Trong Phòng Họp (Tái Bản),42000,50000,16,5.0,3,54,Huỳnh Toàn,NXB Trẻ,NXB Trẻ,,Bìa mềm,128.0,2022-01-01,Tiki Trading,available,1000,False,True,True
154986959,Sách What Why When How? - 10 Vạn Câu Hỏi Cho Siêu Nhí - When: Khi Nào?,78000,89000,12,5.0,1,25,Runkids,Megabook,Nhà Xuất Bản Thanh Niên,,Bìa mềm,96.0,2021-12-12,Tiki Trading,available,1000,False,True,True
152464650,Sách 90++ Trò Chơi Phát Triển Chỉ Số Iq Cho Bé - Các Loài Khủng Long,69300,88000,21,5.0,13,78,Nhiều tác giả,Đinh Tị,Nhà Xuất Bản Hà Nội,,Bìa mềm,104.0,2021-12-12,Tiki Trading,available,1000,True,True,True
146271684,First Sticker Book - Sách Dán Hình Đầu Đời Cho Bé - Tàu Hỏa,67500,75000,10,5.0,1,10,Sam Taplin,Đinh Tị,Nhà Xuất Bản Thanh Niên,,,,,Nhà sách Fahasa,available,1000,True,True,True
130743530,Sách Mẹ Hỏi Bé Trả Lời: Hỏi Đáp Rèn Trí Thông Minh (1-2 Tuổi)(Tái Bản 2021),35300,36000,2,0.0,0,1,Thanh Anh,NXB Kim Đồng,Nhà Xuất Bản Kim Đồng,,Bìa mềm,100.0,2021-10-01,Tiki Trading,available,1000,False,True,True
114922527,Tủ Sách Giáo Dục Stem: Bác Sĩ Tập Sự,69000,69000,0,0.0,0,0,Catherine Ard,Alphabooks,Nhà Xuất Bản Dân Trí,,Bìa mềm,48.0,2021-07-01,info book,available,1000,True,False,True
107970993,Sách Phát Triển EQ Cho Trẻ Mẫu Giáo - Đầy Ắp Lòng Tự Tin,18000,25000,28,4.8,12,143,Mẹ Chuột Túi,Nhã Nam,Nhà Xuất Bản Hà Nội,,Bìa mềm,28.0,2021-06-15,Tiki Trading,available,1000,False,True,True
89179949,Cuốn Sách Bóc Dán Đầu Tiên Của Tớ - Đại Dương,38400,48000,20,0.0,0,4,Imagine That,Đinh Tị,Nhà Xuất Bản Thanh Niên,,Bìa mềm,18.0,2021-04-15,Tiki Trading,available,1000,True,True,True
77111820,Sách Thế Nào Và Tại Sao - Rừng Mưa Nhiệt Đới,72200,85000,15,4.7,3,25,Alexandra Werdes,Tân Việt,Nhà Xuất Bản Đại Học Sư Phạm,,Bìa cứng,48.0,2020-12-12,Nhà sách Fahasa,available,1000,True,True,True
73437495,Sách Phương Tiện Di Chuyển. Mô-Tô,22700,23000,1,0.0,0,5,.,NXB Trẻ,NXB Trẻ,,Bìa mềm,16.0,2020-11-01,Nhà sách Fahasa,available,1000,True,True,True
32036957,Sách Dạy Con Làm Việc Nhà (Tái Bản),64400,92000,30,4.7,17,280,Tatsumi Nagisa,First News - Trí Việt,Nhà Xuất Bản Tổng hợp TP.HCM,,Bìa mềm,192.0,2019-09-01,Tiki Trading,available,1000,False,True,True
31326963,Cơ Thể Của Tôi Hoạt Động Như Thế Nào - Cơ,47000,70000,33,4.8,10,90,,Công Ty Cổ Phần Tri thức Văn Hóa Sách Việt Nam,Nhà Xuất Bản Hồng Đức,,Bìa mềm,32.0,2019-08-29,VIETNAMBOOK,available,1000,True,True,True
29820828,Sách Những Người Bạn Tốt - Chú Nhện Khéo Tay,23800,28000,15,0.0,0,4,Barbara Bacchini,Tân Việt,,,Bìa mềm,12.0,2019-08-01,Nhà sách Fahasa,available,1000,True,True,True
29820813,Sách Những Người Bạn Tốt - Thỏ Con Đáng Yêu,17100,28000,39,3.0,1,29,Barbara Bacchini,Tân Việt,,,Bìa mềm,12.0,2019-08-01,Tiki Trading,available,1000,False,True,True
28244912,Sách Kỹ Năng Sống Dành Cho Học Sinh Tiểu Học - 50 Điều Cần Thiết Cho Học Sinh Tiểu Học ( Tập 2 )(Tái Bản),28100,29000,3,5.0,5,31,"Nguyễn Anh, Đậu Quyên",Đinh Tị,,,Bìa mềm,56.0,2019-01-08,Nhà sách Fahasa,available,1000,True,True,True
25733167,Sách Bách Khoa Tri Thức Về Khám Phá Thế Giới Cho Trẻ Em - Stars And Planets - Các Ngôi Sao Và Các Hành Tinh,52200,55000,5,4.6,22,163,Simon Holland,Đinh Tị,,,Bìa mềm,,2019-08-01,Nhà sách Fahasa,available,1000,True,True,True
21146022,Sách Tinh Mắt Bắt Hình – Khủng Long,57000,60000,5,5.0,4,34,"Gareth Lucas, Ruth Russell",Công Ty Cổ Phần Văn Hóa Đông A,,,Bìa mềm,32.0,2019-06-01,Nhà sách Fahasa,available,1000,True,True,True
17459787,Combo cuốn sách lớn đầu tiên của tớ: Khủng long + Động vật + Chim- Combo sách là cuộc hành trình khám phá thế giới - Tặng kèm bookmark thiết kế AHA,402700,419500,4,5.0,7,21,.,Nhà Xuất Bản Kim Đồng,,,Bìa mềm,628.0,,AHABOOKS,available,1000,True,True,True
7378505,Bách Khoa Toàn Thư Cho Bé - Câu Truyện Tư Duy Phát Triển Trí Tuệ,49200,70000,30,4.8,5,214,"Trình Dục Hoa, Trương Dự",Nhà sách Minh Thắng,Nhà Xuất Bản Mỹ Thuật,,Bìa mềm,160.0,,Tiki Trading,available,1000,False,True,True
4690125,"Sách Triết Học Ơi, Mở Ra! – 1: Tôi Là Ai? Tôi Từ Đâu Tới? Tôi Biết Những Gì?",60600,89000,32,4.7,7,164,"Lâm Tĩnh, Vương Khải Toàn",Alphabooks,,,Bìa mềm,168.0,2018-09-18,Tiki Trading,available,1000,False,True,True
1057436,Sách Stem – Kỹ Thuật Siêu Đơn Giản,37800,59000,36,4.7,18,631,"Vicky Barker, Jenny Jacoby",Alphabooks,Nhà Xuất Bản Dân Trí,,Bìa mềm,32.0,,Tiki Trading,available,1000,False,True,True
686392,Sách Để Luôn Đạt Điểm 10 – Vô Vàn Vật Chất,85000,85000,0,0.0,0,1,"Yoo Nam Young, Shin Seung Hee",Alphabooks,Nhà Xuất Bản Dân Trí,,Bìa mềm,144.0,2017-06-12,Nhà Sách Vĩnh Thụy,available,1000,True,True,True
650566,Sách Lift-The-Flap - Lật Mở Khám Phá: First 100 Animals - 100 Từ Đầu Tiên Về Các Loài Động Vật,141350,141350,0,5.0,1,13,"Linh Chi, Quỳnh Rùa",Đinh Tị,,,Bìa cứng,,2017-05-23,Phương Đông Books,available,1000,True,True,True
540758,Sách Bé Học Lễ Giáo - Bubu Tập 58: Bubu Và Cái Gối Ghiền,13000,15000,13,4.5,2,602,Tú Quỳnh - Nhật Ly,NXB Trẻ,NXB Trẻ,,Bìa mềm,16.0,,Tiki Trading,available,1000,False,True,True
476624,Cùng Bố Mẹ Đọc Sách - Bé Nghĩ Lời Kết - Cảm Ơn Ai?,24600,35000,30,5.0,2,96,Nhật Linh - Ngọc Phương,Tân Việt,,,Bìa mềm,63.0,2015-09-15,Tiki Trading,available,1000,False,False,True
472441,Sách Phát Triển Chỉ Số Thông Minh IQ (2-3 Tuổi),50000,50000,0,0.0,0,1,,Công Ty Cổ Phần Văn Hóa Đông A,Nhà Xuất Bản Dân Trí,,Bìa mềm,20.0,2015-12-30,Nhà Sách Vĩnh Thụy,available,1000,True,True,True
434866,Cuốn Sách Lớn Đầu Tiên Của Tớ - Những Câu Hỏi Tại Sao,150000,150000,0,0.0,0,1,Catherine D. Hughes,Nhà Xuất Bản Kim Đồng,Nhà Xuất Bản Kim Đồng,,Bìa cứng,127.0,2015-04-20,Bamboo Books,available,1000,True,True,True
339377,Sách Chỉ Số Thông Minh IQ - Phát Triển Chỉ Số Thông Minh- Miếng Dán Thần Kì - 3 Đến 4 Tuổi,50000,50000,0,0.0,0,1,,Công Ty Cổ Phần Văn Hóa Đông A,Nhà Xuất Bản Dân Trí,,Bìa mềm,,2011-01-01,Nhà Sách Vĩnh Thụy,available,1000,True,True,True
279246080,"Sách - Sách STEM Hóa Học, Sinh Học, Toán Học,Vật Lý (Trọn Bộ)",85200,98000,13,0.0,0,0,nhieu tac gia,MCBOOKS,Nhà Xuất Bản Hồng Đức,,Bìa mềm,,2023-12-21,Nhà sách Fahasa,available,1000,True,True,True
279242854,Sách - Sách Tò Mò Muốn Biết... - Trong Bóng Đêm/Trong Tổ Kiến/Dưới Lòng Đất/ Trên Sa Mạc /...- Bìa Cứng,59400,66000,10,0.0,0,0,nhieu tac gia,Cty Mĩ Thuật & Truyền Thông (ADC),Nhà Xuất Bản Giáo Dục Việt Nam,,Bìa mềm,,2023-12-21,Nhà sách Fahasa,available,1000,True,True,True
279217767,Sách - Trái Cây Đại Chiến Zombie - Hỏi Đáp Khoa Học - Động Vật Lưỡng Cư,93100,98000,5,0.0,0,0,nhieu tac gia,Huy Hoàng Bookstore,Nhà Xuất Bản Phụ Nữ Việt Nam,,Bìa mềm,,2023-12-21,Nhà sách Fahasa,available,1000,True,True,True
278499772,Bộ Sách Chân Dung - Những Người Thay Đổi Thế Giới - Taylor Swift Là Ai? - Bản Quyền,58400,59000,1,0.0,0,1,Nhiều tác giả,Alphabooks,Nhà Xuất Bản Công Thương,,Bìa mềm,112.0,2025-08-14,Gooda Official,available,1000,True,True,True
278306906,"Combo Khám Phá Các Trào Lưu Nghệ Thuật- SKU: SP000232 Nhà sản xuất: Artbook - Bộ sách “Khám Phá Các Trào Lưu Nghệ Thuật""",250000,250000,0,0.0,0,1,Susie Brooks,Công ty TNHH Sách Á Châu,Nhà Xuất Bản Thế Giới,,Bìa mềm,52.0,2024-06-25,Artbook,available,1000,True,True,True
278280180,Sách Những Điều Chưa Biết Về…,39700,50000,21,0.0,0,0,Owen Davey,Đinh Tị,Nhà Xuất Bản Hà Nội,,Bìa mềm,36.0,,Tiki Trading,available,1000,True,True,True
278158596,Sách 101 Từ Đầu Tiên,37500,60000,38,0.0,0,9,Milo Kids,Minh Long,Nhà Xuất Bản Mỹ Thuật,,Bìa cứng,22.0,,Tiki Trading,available,1000,True,True,True
278093647,Sách Chuyện Cũ Hà Nội,81000,88000,8,0.0,0,5,Tô Hoài,NXB Kim Đồng,Nhà Xuất Bản Kim Đồng,,Bìa mềm,348.0,,Tiki Trading,available,1000,False,True,True
277969730,Sách Câu Chuyện Chị Em - Những Cặp Chị Em Phi Thường Trong Lịch Sử,128000,175000,27,0.0,0,2,"Olivia Meikle, Katie Nelson",Tân Việt,Nhà Xuất Bản Văn Học,,Bìa mềm,127.0,,Tiki Trading,available,1000,False,True,True
273674013,Sách Khò khò khò! Ai Ngáy To Thế Nhỉ?,31000,39000,21,5.0,1,6,"Michael Rosen, Jonathan Langley",Đinh Tị,Nhà Xuất Bản Văn Học,,Bìa mềm,32.0,2023-12-12,Tiki Trading,available,1000,False,True,True
273085469,Origami - Nghệ Thuật Xếp Giấy Nhật Bản (Tái Bản 2023),75600,85000,11,5.0,1,29,Nguyễn Bích Nhã,Cty Văn Hóa Văn Lang,Nhà Xuất Bản Đồng Nai,,,,,Nhà sách Fahasa,available,1000,True,True,True
270773646,Tự Truyện Một Con Heo (Văn học thiếu nhi) - Bản Quyền,120000,120000,0,0.0,0,0,,NXB Trẻ,NXB Trẻ,,,,,HỆ THỐNG NHÀ SÁCH ABC,available,1000,True,True,True
263697804,Sách Siêu Nhí Khám Phá Toán Tư Duy (Dành Cho Bé Từ 5-6 Tuổi),68900,99000,30,5.0,1,27,1980Edu,1980 Books,Nhà Xuất Bản Lao Động,,Bìa mềm,84.0,2023-04-04,Tiki Trading,available,1000,False,True,True
261944465,Big Bang - Bách Khoa Và Khám Phá - Thế Giới Khủng Long,79000,79000,0,0.0,0,1,Laura Baker,Megabook,Nhà Xuất Bản Đại Học Quốc Gia Hà Nội,,Bìa mềm,132.0,2023-05-25,Cá Chép Bookstore,available,1000,True,True,True
251281616,Quiz! Khoa học kì thú – Khám phá Trái Đất,75000,75000,0,0.0,0,7,Nhiều tác giả,NXB Kim Đồng,Nhà Xuất Bản Kim Đồng,,Bìa mềm,200.0,,Bamboo Books,available,1000,True,True,True
251281605,Quiz! Khoa học kì thú – Thời tiết - Môi trường,75000,75000,0,0.0,0,5,Nhiều tác giả,NXB Kim Đồng,Nhà Xuất Bản Kim Đồng,,Bìa mềm,200.0,,Bamboo Books,available,1000,True,True,True
249697050,"Sách Ancient Egypt ( Ai Cập cổ đại ) - Tổng Hợp Kiến Thức Bách Khoa Lịch Sử Về Nền Văn Minh Ai Cập - Á Châu Books, Bìa Cứng, In Màu",358020,459000,22,5.0,23,226,nhieu tac gia,Công ty cổ phần đầu tư và phát triển giáo dục quốc tế Á Châu,Nhà Xuất Bản Lao Động,,Bìa cứng,224.0,,Hiệu sách Gen books,available,1000,True,True,True
222479683,Sách Bách Khoa Tri Thức Dành Cho Trẻ Em - Các Sinh Vật Cực Độc Trên Trái Đất,103500,129000,20,5.0,2,31,"Ico Romero, Tània García",Đinh Tị,Nhà Xuất Bản Hà Nội,,Bìa cứng,40.0,2023-02-16,Tiki Trading,available,1000,True,True,True
210275012,Bách khoa tri thức cho trẻ em - Khám phá và Sáng tạo,405000,450000,10,5.0,2,46,Kingfisher,Công Ty Cổ Phần Văn Hóa Đông A,Nhà Xuất Bản Dân Trí,,Bìa cứng,320.0,,Đông A Books Official,available,1000,True,True,True
204880973,Sách Bách khoa toàn thư về các loại ô tô - 1000 miếng dán hình thông minh - Xe ô tô thông dụng,52800,75000,30,0.0,0,32,Phan Minh Đạo,Nhà sách Minh Thắng,Nhà Xuất Bản Dân Trí,,Bìa mềm,40.0,2022-08-01,Tiki Trading,available,1000,False,True,True
201088309,"Rèn Luyện Tư Duy, Nâng Cao IQ: Khám Phá Quy Luật",44100,45000,2,0.0,0,6,Hồ Viên Viên,Nhà Xuất Bản Kim Đồng,Nhà Xuất Bản Kim Đồng,,,,,Nhà sách Fahasa,available,1000,True,True,True
185668597,Sách Ehon Châu Âu - Hãy Ôm Con Nào!,26700,35000,24,5.0,2,52,Stephanie Moss,Tân Việt,Nhà Xuất Bản Mỹ Thuật,,Bìa mềm,24.0,2022-06-06,Tiki Trading,available,1000,False,True,True
145134958,Sách Âm Thanh - Âm Thanh Phố Phường,169500,219000,23,4.0,1,16,"Khánh Vân,  Moi moi",Đinh Tị,Nhà Xuất Bản Thanh Niên,,Bìa cứng,10.0,2021-12-12,Tiki Trading,available,1000,False,True,True
129766538,Sách Dán Hình Siêu Đáng Yêu - Các Loài Động Vật,41300,52000,21,5.0,2,36,Hemma,Đinh Tị,Nhà Xuất Bản Thanh Niên,,Bìa mềm,18.0,2021-10-10,Tiki Trading,available,1000,True,True,True
69107168,Sách Bóc Dán Thông Minh - Vườn Thú,48000,48000,0,0.0,0,0,Holly Bathie,Đinh Tị,Nhà Xuất Bản Thanh Niên,,Bìa mềm,24.0,,Bamboo Books,available,1000,True,True,True
55505773,Combo BÁCH KHOA TOÀN THƯ Cho Bé: Geography Encyclopedia - Bách Khoa Toàn Thư Về Địa Lý + Science Encyclopedia – Bách Khoa Thư Về Khoa Học / Kiến Thức Bách Khoa Bổ Ích,675500,675500,0,4.3,7,42,,Đinh Tị,Nhà Xuất Bản Thanh Niên,,Bìa cứng,,,Phương Đông Books,available,1000,True,True,True
47464759,Sách Để Em Luôn Ngoan Ngoãn: Vì Sao Tớ Không Nên Nói Dối?,22800,24000,5,4.5,10,72,"Trang Rose, Mai Ngô",Nhà Xuất Bản Kim Đồng,Nhà Xuất Bản Kim Đồng,,Bìa mềm,32.0,2020-02-01,Nhà sách Fahasa,available,1000,True,False,True
47464753,Sách Để Em Luôn Ngoan Ngoãn: Vì Sao Tớ Không Nên Bắt Nạt?,23700,24000,1,5.0,2,28,"Trang Rose, Mai Ngô",Nhà Xuất Bản Kim Đồng,Nhà Xuất Bản Kim Đồng,,Bìa mềm,32.0,2020-02-01,Nhà sách Fahasa,available,1000,True,True,True
34560829,Sách Bảo Mẫu Nhí Làm Bố Bất Ngờ,52200,55000,5,0.0,0,1,"Jean Reagan, Lee Wildish",Huy Hoàng Bookstore,,,Bìa mềm,32.0,2019-09-01,Nhà sách Fahasa,available,1000,True,True,True
31285323,Cơ Thể Của Tôi Hoạt Động Như Thế Nào - Hoóc Môn,47000,70000,33,5.0,6,65,,Vinabook JSC,Nhà Xuất Bản Hồng Đức,,Bìa mềm,32.0,2019-08-29,VIETNAMBOOK,available,1000,True,True,True
15634598,Sách Who? Chuyện Kể Về Danh Nhân Thế Giới: Coco Chanel (Tái Bản 2019),53900,55000,2,5.0,29,156,"ChungBe Studios, Park Yeonah",Nhà Xuất Bản Kim Đồng,,,Bìa mềm,160.0,2019-01-05,Nhà sách Fahasa,available,1000,True,True,True
12455141,Sách Bộ 10 Cuốn Giáo Dục Giới Tính (Tái Bản),610500,610500,0,5.0,5,73,.,Tân Việt,Nhà Xuất Bản Phụ Nữ,,Bìa cứng,320.0,2018-07-24,Phương Đông Books,available,1000,True,True,True
12230615,Sách 365 bí ẩn chưa được lí giải,220000,220000,0,0.0,0,2,,Minh Long,Nhà Xuất Bản Thanh Niên,,Bìa mềm,241.0,2019-03-19,trungthanh2018,available,1000,True,True,True
4533929,Sách Biết Tuốt Về Đồ Ăn: Khoai Tây,45000,45000,0,0.0,0,0,"Sandrine Dumas Roy, Nicolas Gouny",Nhã Nam,Nhà Xuất Bản Lao Động,,Bìa mềm,36.0,2018-09-13,info book,available,1000,True,True,True
889135,Sách Childrens Picture Dictionary - Từ Điển Tranh Dành Cho Trẻ Em,270000,270000,0,0.0,0,0,OM KIDZ,Minh Long,Nhà Xuất Bản Thế Giới,,Bìa mềm,256.0,2017-11-27,NewShop Official,available,1000,True,True,True
716137,Hello Kitty - Sách Tô Màu - Rèn Luyện Khả Năng Nhận Biết - Cuộc Sống Vui Vẻ Của Kitty,21100,30000,30,5.0,4,115,.,Tân Việt,,,Bìa mềm,40.0,2017-04-12,Tiki Trading,available,1000,False,False,True
573017,Sách Horrible Science - Điện Học Cuốn Hút Đến Tóe Lửa,45000,45000,0,0.0,0,6,Nick Arnold,NXB Trẻ,NXB Trẻ,,Bìa mềm,162.0,2014-12-20,HỆ THỐNG NHÀ SÁCH ABC,available,1000,True,True,True
560576,Sách Bách Khoa Động Vật Cho Trẻ Em,183000,199000,8,4.5,8,40,Kingfisher,Công Ty Cổ Phần Văn Hóa Đông A,,,Bìa cứng,154.0,2016-11-28,Nhà sách Fahasa,available,1000,True,True,True
542798,Sách Bé Học Lễ Giáo - Bubu Tập 15: Bubu Bị Bệnh (Tái Bản),11000,15000,27,5.0,7,1193,,NXB Trẻ,NXB Trẻ,,Bìa mềm,,2022-09-06,Tiki Trading,available,1000,False,True,True
477695,Sách Bách Khoa Dạy Trẻ Học Sớm - Bé 2 Tuổi,78200,79000,1,5.0,1,35,.,Tân Việt,Nhà Xuất Bản Mỹ Thuật,,Bìa mềm,100.0,2015-12-30,Minhhabooks,available,1000,True,True,True
279273992,"Sách - Quiz! Khoa Học Kì Thú - Mật Mã ""Hack"" Não",71200,75000,5,0.0,0,0,nhieu tac gia,Nhà Xuất Bản Kim Đồng,Nhà Xuất Bản Kim Đồng,,Bìa mềm,,2023-12-21,Nhà sách Fahasa,available,1000,True,True,True
278519203,Sách Bồi Dưỡng Kĩ Năng Tài Chính Cho Trẻ,105000,150000,30,0.0,0,7,Tào Quỳ,Minh Long,Nhà Xuất Bản Hồng Đức,,Bìa mềm,370.0,,Tiki Trading,available,1000,True,True,True
278159609,Sách Ô cửa diệu kì,25000,40000,38,0.0,0,4,Lam Sơn,Minh Long,Nhà Xuất Bản Mỹ Thuật,,Bìa mềm,24.0,,Tiki Trading,available,1000,True,True,True
278158542,Sách Những chuyển động nhỏ song ngữ Anh Việt kích thích giác quan,58000,95000,39,0.0,0,4,Nick Ackland,Tân Việt,Nhà Xuất Bản Mỹ Thuật,,Bìa cứng,10.0,,Tiki Trading,available,1000,False,True,True
278138524,Truyện dài kỳ về mèo,44000,50000,12,0.0,0,0,Lê Thư,NXB Trẻ,NXB Trẻ,,Bìa mềm,168.0,,Tiki Trading,available,1000,False,True,True
277966396,"Sách - Combo Tri Thức Trong Lòng Bàn Tay - Bách Khoa Thiếu Nhi (Trọn Bộ 9 Cuốn) - Lẻ, Tùy Chọn",100000,100000,0,0.0,0,0,,Nhà Sách Hồng Ân,Nhà Xuất Bản Phụ Nữ Việt Nam,,,,,Khanhlinhbook,available,1000,True,True,True
276797801,"Sách Muôn Miền Tết, Sách Tết Cho Bé Cùng Quà Tặng Đi Kèm, Sách Thiếu Nhi San Hô Books",150000,150000,0,0.0,0,1,,Công ty Cổ phần Sách và Truyền thông San Hô,Nhà Xuất Bản Thanh Niên,,Bìa mềm,,,San Ho Books,available,1000,True,True,True
275078196,Sách Wolfoo Khám Phá Toán Học Vui,50500,79000,36,0.0,0,7,1980Edu - Quỳnh Hương,1980 Books,Nhà Xuất Bản Dân Trí,,Bìa mềm,,2024-05-01,Tiki Trading,available,1000,False,True,True
274013552,Sách thiếu nhi - Bách khoa tri thức cho trẻ em (3 tuổi trở lên) - Usborne - Đinh Tị Books,264000,280000,6,0.0,0,6,,Đinh Tị,Nhà Xuất Bản Thanh Niên,,Bìa cứng,224.0,,Mộc Nhiên Kids Store,available,1000,True,True,True
273202486,Sách Thế giới giác quan kỳ thú,24850,30000,17,0.0,0,3,Hà Triều,NXB Trẻ,NXB Trẻ,,Bìa mềm,24.0,2023-11-08,Tiki Trading,available,1000,False,True,True
271798389,Sách Thí Nghiệm Khoa Học Vui,18000,32000,44,5.0,1,54,Anne O’Daly,Minh Long,Nhà Xuất Bản Phụ Nữ,,Bìa mềm,31.0,2023-09-09,Tiki Trading,available,1000,True,True,True
269017764,Tiếng Nhật Dành Cho Trẻ Em - Tập 1 (Tủ Sách Biết Nói) - Kèm File Âm Thanh,31500,45000,30,5.0,1,3,,Cty Văn Hóa Nhân Văn,oem,,,,,Nhân Văn,available,1000,True,True,True
263697389,Tranh Truyện Lịch Sử Việt Nam: Tô Hiến Thành,19200,20000,4,5.0,3,12,"Tạ Huy Long, Việt Quỳnh",Nhà Xuất Bản Kim Đồng,Nhà Xuất Bản Kim Đồng,,Bìa mềm,32.0,2018-05-10,Tiki Trading,available,1000,False,True,True
262085681,Combo Sách song ngữ Việt - Anh - Cùng Khám Phá cho bé - Bản Quyền,70000,70000,0,0.0,0,0,,Công ty Cổ Phần Văn Hóa và Giáo Dục Tân Việt,Nhà Xuất Bản Dân Trí,,,,,Gooda Official,available,1000,True,True,True
252573145,Sách Atlas thế giới,165000,199000,17,5.0,4,56,Tomáš Tůma,Đinh Tị,Nhà Xuất Bản Thanh Niên,,Bìa mềm,46.0,2023-01-01,Tiki Trading,available,1000,False,True,True
251281622,Quiz! Khoa học kì thú – Dậy thì - Giới tính,75000,75000,0,0.0,0,2,Nhiều tác giả,NXB Kim Đồng,Nhà Xuất Bản Kim Đồng,,Bìa mềm,200.0,,Bamboo Books,available,1000,True,True,True
251281611,Quiz! Khoa học kì thú – Vũ trụ,75000,75000,0,0.0,0,9,Nhiều tác giả,NXB Kim Đồng,Nhà Xuất Bản Kim Đồng,,Bìa mềm,200.0,,Bamboo Books,available,1000,True,True,True
249778308,Sách Từ điển bằng tranh - Phương tiện giao thông,79000,115000,31,0.0,0,14,Phan Minh Đạo,Nhà sách Minh Thắng,Nhà Xuất Bản Dân Trí,,Bìa cứng,28.0,2022-12-01,Tiki Trading,available,1000,False,True,True
247289989,Sách Từ Điển Bằng Tranh - Rau Củ Quả,89900,115000,22,5.0,1,41,Phan Minh Đạo,Nhà sách Minh Thắng,Nhà Xuất Bản Dân Trí,,Bìa cứng,28.0,2022-12-12,Tiki Trading,available,1000,False,True,True
196515373,Trái Cây Đại Chiến Zombie - Thế giới Khủng Long Tập 8 - Cứu Tinh Vượt Thời Gian,80100,89000,10,0.0,0,7,Tiếu Giang Nam,Huy Hoàng Bookstore,Nhà Xuất Bản Phụ Nữ Việt Nam,,Bìa mềm,176.0,2022-08-30,Văn Lang Official Store,available,1000,True,True,True
186598460,[BÁCH KHOA CHO TRẺ EM] – BÁCH KHOA VŨ TRỤ – MỞ MANG KIẾN THỨC KHƠI DẬY TIỀM NĂNG– tủ sách DK – Đông A – Bìa Cứng in màu toàn bộ,153400,161500,5,0.0,0,53,DK,Công Ty Cổ Phần Văn Hóa Đông A,Nhà Xuất Bản Dân Trí,,Bìa cứng,160.0,,Phương Đông Books,available,1000,True,True,True
184790645,Sách Nhà Sinh Hóa Tương Lai Vaccines - Những Cộng Sự Tài Ba Của Hệ Miễn Dịch,33400,55000,39,4.7,3,14,Cara Florance,Alphabooks,Nhà Xuất Bản Dân Trí,,Bìa mềm,32.0,2022-05-05,Tiki Trading,available,1000,False,True,True
179795401,Combo Danh Nhân Thế Giới (5Q - Sách Thiếu Nhi / Tự Truyện Các Vĩ Nhân Thiên Tài Thay Đổi Cuộc Sống ) + Tặng Poster An Toàn cho Con Yêu,142025,149500,5,5.0,1,12,,NXB Kim Đồng,Nhà Xuất Bản Kim Đồng,,Bìa mềm,,2021-09-18,Bảo Châu Books,available,1000,True,True,True
162025758,Lift-The-Flap-Lật Mở Khám Phá - First 100 Numbers - 100 Số Đếm Đầu Tiên,151200,168000,10,0.0,0,0,Linh Chi,Đinh Tị,Nhà Xuất Bản Thanh Niên,,,,,Nhà sách Fahasa,available,1000,True,True,True
138914011,Cuốn sách tranh đầu tiên về Quốc kỳ ( Kiến thức về thế giới vho trẻ/ Tặng kèm Bookmark Happy),95000,99000,4,5.0,8,68,,Quảng Văn,Nhà Xuất Bản Phụ Nữ Việt Nam,,,,,AHABOOKS,available,1000,True,True,True
113824599,Combo bộ sách học tiếng anh cho trẻ: 4000 Từ Vựng Và Mẫu Câu Tiếng Anh Thiết Yếu Cho Trẻ Em + Bóc Dán Thông Minh - Rừng Rậm,265500,265500,0,0.0,0,12,,Đinh Tị,Nhà Xuất Bản Hà Nội,,,,,AHABOOKS,available,1000,True,True,True
113253113,Khủng Long,315000,450000,30,4.8,5,25,DK,Đông A,NXB Dân Trí,,Bìa cứng,208.0,2021-07-13,Cá Chép Bookstore,available,1000,True,True,True
112331980,Sách Quiz! Khoa Học Kì Thú: Dậy Thì Giới Tính,68000,68000,0,5.0,1,3,Park Kyung-eun,NXB Kim Đồng,Nhà Xuất Bản Kim Đồng,,Bìa mềm,196.0,2021-07-15,Bamboo Books,available,1000,True,True,True
73531892,Sách STEM - Tớ Là Lập Trình Viên Tương Lai,46700,55000,15,5.0,3,8,Anna Claybourne,Nhà sách Minh Thắng,Nhà Xuất Bản Phụ Nữ Việt Nam,,Bìa mềm,64.0,2020-11-01,Nhà sách Fahasa,available,1000,True,True,True
57811714,Sách Từ Điển Bằng Hình Hoa - Quả - Rau Củ (Song Ngữ Anh - Việt),58000,58000,0,0.0,0,0,Phạm Hải,Công Ty TNHH Văn Hóa Việt Thư,Nhà Xuất Bản Phụ Nữ Việt Nam,,Bìa mềm,38.0,,Bảo Châu Books,available,1000,True,True,True
57483658,Sách Cuộc Sống Ở Nông Trại,16000,32000,50,4.6,5,22,AZ Books,Tân Việt,Nhà Xuất Bản Mỹ Thuật,,Bìa cứng,21.0,2020-06-01,Tiki Trading,available,1000,False,True,True
51598547,Sách Côn Trùng Ký – Tập 4 (Ấn Bản Đầy Đủ Nhất),103500,115000,10,0.0,0,11,Jean-Henri Fabre,Huy Hoàng Bookstore,Nhà Xuất Bản Phụ Nữ Việt Nam,,Bìa mềm,306.0,2020-03-28,Nhà sách Fahasa,available,1000,True,True,True
31343178,Cơ Thể Của Tôi Hoạt Động Như Thế Nào - Tim,47000,70000,33,5.0,9,100,,Vinabook JSC,Nhà Xuất Bản Hồng Đức,,Bìa mềm,32.0,2019-08-29,VIETNAMBOOK,available,1000,True,True,True
25494699,Sách 1000 Từ Tiếng Anh Đầu Tiên Cho Bé (Kèm DVD) - Tái Bản,104650,104650,0,5.0,11,100,Phan Minh Đạo,Nhà sách Minh Thắng,,,Bìa cứng,72.0,2019-08-01,AHABOOKS,available,1000,True,True,True
6471225,Sách Bách Khoa Tri Thức Cho Trẻ Em - Khám Phá Và Sáng Tạo (Đông A) (Tái Bản),405000,450000,10,4.7,69,451,,Công Ty Cổ Phần Văn Hóa Đông A,Nhà Xuất Bản Dân Trí,,Bìa cứng,320.0,,Cá Chép Bookstore,available,1000,True,True,True
1215675,Sách Từ Những Hạt Mầm: Gà Choai Trồng Bắp,13000,13000,0,5.0,6,68,"Nguyễn Trần Thiên Lộc, Tố Ny",Nhà Xuất Bản Kim Đồng,,,Bìa mềm,24.0,2017-01-01,Nhà sách Fahasa,available,1000,True,True,True
869075,Sách 100 Bí Ẩn Đáng Kinh Ngạc Về Thức Ăn,95500,95500,0,5.0,1,14,"Sam Baer, Rachel Firth, Rose Hall, Alice James, Jerome Martin",Đinh Tị,Nhà Xuất Bản Thanh Niên,,Bìa mềm,128.0,2017-11-24,Phương Đông Books,available,1000,True,True,True
596542,Sách Thế Giới Xe Công Trình - Xe Cẩu Tốt Bụng,24700,26000,5,4.8,50,2493,"Mijika , Liuzi",Nhà Xuất Bản Kim Đồng,Nhà Xuất Bản Kim Đồng,,Bìa mềm,32.0,2017-03-01,Tiki Trading,available,1000,False,False,True
542936,Sách Bé Học Lễ Giáo - Bubu Tập 26: Bubu Bị Cảm (Tái Bản),13000,15000,13,4.7,7,862,Tiểu Vi Thanh,NXB Trẻ,NXB Trẻ,,Bìa mềm,,2022-09-06,Tiki Trading,available,1000,False,True,True
506575,Sách Bé Học Tiếng Anh Bằng Hình: Động Vật Nuôi,4900,8000,39,5.0,4,36,Trần Ngọc Minh Khuê,Công Ty CP Văn Hóa Nhân Văn,oem,,Bìa mềm,6.0,2015-09-30,Nhân Văn,available,1000,True,True,True
279133110,Sách - 10 Vạn Câu Hỏi Vì Sao - Cùng Bé Khám Phá Kiến Thức Bách Khoa - Bí Mật Cơ Thể Người,70500,86000,18,0.0,0,1,Tuệ Minh,Cty Văn Hóa Việt Thư,Nhiều Nhà Xuất Bản,,Bìa mềm,,2023-12-21,Nhà sách Fahasa,available,1000,True,True,True
279076578,Bách khoa tri thức cho trẻ em - 10 vạn câu hỏi vì sao- ăn uống & sức khỏe - VT,73100,86000,15,0.0,0,1,nhieu tac gia,Cty Văn Hóa Việt Thư,Nhà Xuất Bản Phụ Nữ Việt Nam,,Bìa mềm,,,Minh Khang Books,available,1000,True,True,True
278441952,Jadoo Tập Tô - Tập Viết: Chữ Cái 1,42480,59000,28,0.0,0,0,1980 Edu,1980 Books,Nhà Xuất Bản Dân Trí,,Bìa mềm tay gấp,,,1980 BOOKS HCM,available,1000,True,True,True
278321607,Sách 100 Bí Mật Kinh Ngạc - 100 Bí Ẩn Đáng Kinh Ngạc Về Thể Thao,105600,119000,11,0.0,0,0,nhieu tac gia,Đinh Tị,Nhà Xuất Bản Lao Động,,Bìa cứng,128.0,,Play With Me,available,1000,True,True,True
278129087,Sách Để Lập Trình,53400,79000,32,0.0,0,0,Josh Funk,Alphabooks,Nhà Xuất Bản Dân Trí,,Bìa mềm,44.0,,Tiki Trading,available,1000,False,True,True
278117080,Sách - Bách Khoa Toàn Thư Vui Nhộn - Quản Lý Thời Gian,198000,198000,0,0.0,0,0,,Công ty TNHH Tiên Phong Books,Nhà Xuất Bản Dân Trí,,Bìa mềm,,,Tiên Phong Books Store,available,1000,True,True,True
276840846,Sách - Từng Bước Chinh Phục Thế Giới Cờ Vua - Tập 1 - Tổng quan và Bài tập thực hành - Tác giả Phùng Đức Tường,80960,88000,8,0.0,0,0,Phùng Đức Tường,Công ty cổ phần Cờ vua Dương Sinh,Nhà Xuất Bản Thế Giới,,Bìa mềm,180.0,2021-12-01,Vizibook,available,1000,True,True,True
276810833,Combo 2 sách dạy bảng chữ cái Tiếng Việt kèm 80 bài giảng trên App dành cho bé từ 4-6 tuổi mới nhất 2025,124500,249000,50,0.0,0,0,Phan Hồ Điệp,Công ty cổ phần phát triển công nghệ Pantado,NXB Dân Trí,,Bìa cứng,79.0,2024-12-01,Nhà Sách Siêu Nhí Pantado,available,1000,True,True,True
276375984,Sách 150++ Nghề Nghiệp Cho Tương Lai,78400,99000,21,0.0,0,5,"Pavla Hanackova, Hana Mokrošová, Helena Haraštová, Elena Pokaleva",Đinh Tị,Nhà Xuất Bản Hà Nội,,,64.0,,Tiki Trading,available,1000,True,True,True
275815260,"Sách Wow, thì ra là thế! - Kiến thức ít ai biết về động vật",37100,48000,23,0.0,0,12,Little Newton Science Education Company Ltd,Đinh Tị,Nhà Xuất Bản Hà Nội,,Bìa mềm,56.0,,Tiki Trading,available,1000,True,True,True
271137542,Sách - 10 Vạn Câu Hỏi Vì Sao: Ăn Uống Và Sức Khỏe (2 Tập),95120,116000,18,3.0,1,1,,Công Ty TNHH Văn Hóa Việt Thư,Nhà Xuất Bản Phụ Nữ,,,,,Minh Khang Books,available,1000,True,True,True
270768133,Kim Đồng - Astérix - Chuyến đi vòng quanh xứ Gaule của Astérix,60000,60000,0,0.0,0,1,,Nhà Xuất Bản Kim Đồng,Nhà Xuất Bản Kim Đồng,,,,,Bamboo Books,available,1000,True,True,True
270677119,Sách - 10 Vạn Câu Hỏi Vì Sao: Ăn Uống Và Sức Khỏe Tập 1,52200,58000,10,0.0,0,0,,Công Ty TNHH Văn Hóa Việt Thư,Nhà Xuất Bản Phụ Nữ,,,,,Minh Khang Books,available,1000,True,True,True
270475248, Combo 5 cuốn 10 Vạn câu Hỏi Vì Sao Tập 1,290000,290000,0,0.0,0,0,nhieu tac gia,Nhà Sách Hồng Ân,Nhà Xuất Bản Phụ Nữ,,Bìa mềm,46.0,2023-07-09,Bảo Châu Books,available,1000,True,True,True
263495049,Kho Tàng Câu Đố Dân Gian Bằng Tranh - Quê Hương Đất Nước,34000,68000,50,0.0,0,0,Thụ Nho,Nhã Nam,Nhà Xuất Bản Hội Nhà Văn,,Bìa mềm,83.0,2023-06-22,NHBook,available,1000,True,True,True
201679188,Sách Ngày Xửa Ngày Xưa - Cô Bé Lọ Lem,52800,75000,30,4.0,1,31,Nhiều tác giả,Tân Việt,Nhà Xuất Bản Mỹ Thuật,,Bìa cứng,24.0,2022-10-10,Tiki Trading,available,1000,False,True,True
201390135,Sách 10 Vạn Câu Hỏi Vì Sao - Khám Phá Bí Mật Cơ Thể Người,32200,45000,28,4.8,5,60,Trung tâm xuất bản biên tập 10 vạn câu hỏi vì sao,Linh Lan Books,Nhà Xuất Bản Lao Động,,Bìa mềm,72.0,2022-10-10,Tiki Trading,available,1000,False,True,True
196515540,Trái Cây Đại Chiến Zombie - Thế Giới Khủng Long Tập7 - Kỳ Binh Quyết Chiến,75650,89000,15,0.0,0,4,Tiếu Giang Nam,Huy Hoàng Bookstore,Nhà Xuất Bản Phụ Nữ Việt Nam,,Bìa mềm,176.0,2022-08-30,Văn Lang Official Store,available,1000,True,True,True
196021647,Quiz! Khoa Học Kì Thú - Dậy Thì Giới Tính,75000,75000,0,0.0,0,0,,Kim Đồng,oem,,Bìa mềm,,,Bamboo Books,available,1000,True,True,True
173945244,Bách khoa thư trẻ em - cuốn sách lý giải vạn vật _BOOKITY,490000,490000,0,0.0,0,0,,Công Ty Cổ Phần Văn Hóa Đông A,Nhà Xuất Bản Dân Trí,,Bìa cứng,304.0,,FishingBook,available,1000,True,True,True
164092297,Horrible Geography - Miền Cực Lạnh Cóng,35000,35000,0,0.0,0,2,,NXB Trẻ,NXB Trẻ,,,,,Bamboo Books,available,1000,True,True,True
120509476,"Sách Hiểu Về Tài Chính, Vững Bước Tương Lai - Hiểu Đúng Về Tín Dụng",24700,25000,1,5.0,2,15,Katie Marsico,NXB Kim Đồng,Nhà Xuất Bản Kim Đồng,,Bìa mềm,32.0,2021-08-01,Nhà sách Fahasa,available,1000,True,True,True
113527475,Sách - Who? Chuyện kể về danh nhân thế giới - ANH EM NHÀ WRIGHT,55000,55000,0,0.0,0,16,"Team-kids, Han Nana",NXB Kim Đồng,Nhà Xuất Bản Kim Đồng,,Bìa mềm,164.0,,HaAnBooks,available,1000,True,True,True
98381075,Sách Nối Hình Thông Minh - Học Số: A - Z,17600,25000,30,5.0,1,13,,Tân Việt,Nhà Xuất Bản Mỹ Thuật,,Bìa mềm,20.0,2021-05-01,Tiki Trading,available,1000,False,True,True
75991249,Hỏi Nhỏ Biết To - Vũ Trụ,36000,36000,0,0.0,0,0,Nhiều tác giả,Minh Long,Nhà Xuất Bản Mỹ Thuật,,,,,Tiệm Sách Minh Vân,available,1000,True,False,True
75954475,Sách Stem Quanh Em – Khoa Học Siêu Gần Gũi,37800,59000,36,4.7,3,47,"Sam Hutchinson, Vicky Barker",Alphabooks,Nhà Xuất Bản Dân Trí,,Bìa mềm,33.0,2021-01-01,Tiki Trading,available,1000,False,True,True
74371333,Sách Kiến Thức Về Khủng Long - Cổ Khủng Long Mamenchisaurus Dài Bao Nhiêu? Cơ Thể Khủng Long Chứa Đầy Bí Mật,40000,65000,38,5.0,4,13,Trương Ngọc Quang,Nhà sách Minh Thắng,Nhà Xuất Bản Phụ Nữ Việt Nam,,Bìa mềm,54.0,,Tiki Trading,available,1000,False,False,True
71196546,"Combo sách phát triển tư duy, giúp bé học hỏi: Cùng Bé Khám Phá 500 Điều Thú Vị Về Cơ Thể Con Người + Cùng Bé Khám Phá 500 Điều Thú Vị Về Động Vật (Sách Bản Quyền Micro Facts!) ",191500,191500,0,5.0,1,1,,Nhà Sách Minh Thắng,Nhà Xuất Bản Phụ Nữ Việt Nam,,,,,AHABOOKS,available,1000,True,True,True
51950256,Sách Thời Thơ Ấu Của Các Nhà Khoa Học Tài Danh – Chuyện Thật Chưa Kể,49000,50000,2,5.0,46,369,"David Stabler, Anoosha Syed",NXB Kim Đồng,Nhà Xuất Bản Kim Đồng,,Bìa mềm,212.0,2020-04-01,Tiki Trading,available,1000,False,True,True
42281261,500 Bách Khoa Tri Thức - Khoa Học,120000,179000,33,4.7,18,89,Pegasus,Vinabook JSC,,,Bìa cứng,192.0,2019-11-18,VIETNAMBOOK,available,1000,True,True,True
34560526,Sách Bảo Mẫu Nhí Nuôi Mẹ,52200,55000,5,5.0,1,0,"Jean Reagan, Lee Wildish",Huy Hoàng Bookstore,,,Bìa mềm,32.0,2019-09-01,Nhà sách Fahasa,available,1000,True,True,True
32737026,Sách Geography Encyclopedia - Bách Khoa Toàn Thư Về Địa Lý,250950,250950,0,5.0,28,108,.,Đinh Tị,Nhà Xuất Bản Thanh Niên,,Bìa mềm,,2019-09-01,Phương Đông Books,available,1000,True,True,True
31323490,Cơ Thể Của Tôi Hoạt Động Như Thế Nào - Hệ Hô Hấp,47000,70000,33,5.0,6,82,,Vinabook JSC,Nhà Xuất Bản Hồng Đức,,Bìa mềm,32.0,2019-08-29,VIETNAMBOOK,available,1000,True,True,True
5399871,Sách POMath - Toán Tư Duy Cho Trẻ Em 4-6 Tuổi (Tập 2),86100,99000,13,5.0,53,240,PGS.TS Chu Cẩm Thơ (Chủ biên),TKBooks,,,Bìa mềm,84.0,2018-09-01,Nhà sách Fahasa,available,1000,True,True,True
869079,Sách 100 Bí Ẩn Đáng Kinh Ngạc Về Cơ Thể Người,95000,100000,5,5.0,1,9,"Alex Frith, Minna Lacey, Jonathan Melmoth, Matthew Oldham",Đinh Tị,Nhà Xuất Bản Thanh Niên,,Bìa mềm,128.0,2017-11-24,Phương Đông Books,available,1000,True,True,True
506600,Sách Bé Học Tiếng Anh Bằng Hình: Thức Ăn,4900,8000,39,0.0,0,25,Trần Ngọc Minh Khuê,Công Ty CP Văn Hóa Nhân Văn,,,Bìa mềm,6.0,2015-09-30,Nhân Văn,available,1000,True,False,True
506581,Sách Bé Học Tiếng Anh Bằng Hình: Động Vật Hoang Dã,4900,8000,39,0.0,0,25,Trần Ngọc Minh Khuê,Công Ty CP Văn Hóa Nhân Văn,,,Bìa mềm,6.0,2015-09-30,Nhân Văn,available,1000,True,True,True
506572,Sách Bé Học Tiếng Anh Bằng Hình: Động Vật Biển,4900,8000,39,5.0,1,24,Trần Ngọc Minh Khuê,Công Ty CP Văn Hóa Nhân Văn,,,Bìa mềm,6.0,2015-09-30,Nhân Văn,available,1000,True,False,True
377346,Sách Bé Khám Phá Môi Trường Xung Quanh - Đồ Dùng Gia Đình,32000,32000,0,0.0,0,0,.,Minh Long,Nhà Xuất Bản Mỹ Thuật,,Bìa mềm,14.0,2013-07-19,Tiệm Sách Minh Vân,available,1000,True,True,True
374966,Sách Bé Khám Phá Môi Trường Xung Quanh - Rau Củ,32000,32000,0,0.0,0,0,.,Minh Long,Nhà Xuất Bản Mỹ Thuật,,Bìa mềm,14.0,2013-04-19,Tiệm Sách Minh Vân,available,1000,True,True,True
279269354,Sách - Hiểu Về Dinh Dưỡng,139500,155000,10,0.0,0,0,DK,Đinh Tị,Nhà Xuất Bản Tri Thức,,Bìa mềm,,2023-12-21,Nhà sách Fahasa,available,1000,True,True,True
279154274,"SÁCH: ATLAS Thiếu nhi, Song ngữ Việt-Anh. Bách khoa toàn thư cho trẻ em",52000,65000,20,0.0,0,0,nhieu tac gia,Công ty TNHH Sách Hà Giang ,nxb van hoc,,Bìa mềm,40.0,2026-02-02,Sách Hà Giang,available,1000,True,True,True
278775891,Sách - 24 Giờ Dưới Đại Dương,114000,119000,4,0.0,0,0,"Lan Cook, Laurent Kling",Đinh Tị,Nhà Xuất Bản Tri Thức,,Bìa mềm,64.0,,Nhân Văn,available,1000,True,True,True
278616366,Sách - Bách Khoa Thư Đầu Tiên Cho Bé - Với Vô Vàn Kiến Thức Thú Vị Giúp Thỏa Mãn Trí Tò Mò Của Bé,127500,150000,15,0.0,0,1,nhieu tac gia,Tân Việt,nxb my thuat,,Bìa mềm,,2023-12-21,Nhà sách Fahasa,available,1000,True,True,True
278280372,Sách Bách khoa tri thức về các kỳ quan trên thế giới,123900,160000,23,0.0,0,3,"Molly Oldfield, Federica Bordoni",Đinh Tị,Nhà Xuất Bản Hà Nội,,Bìa mềm,73.0,,Tiki Trading,available,1000,True,True,True
278159233,Sách Du Hành Vào Lịch Sử Thế Giới,36000,45000,20,0.0,0,0,"Yeounhee Lee, Gaae Jung",NXB Kim Đồng,Nhà Xuất Bản Kim Đồng,,Bìa mềm,36.0,,Tiki Trading,available,1000,False,True,True
278116057,Sách - Bách Khoa Toàn Thư Vui Nhộn - Tâm Lý Học Hành Vi Trẻ Em - NXB Dân Trí,198000,198000,0,5.0,1,4,,Công ty TNHH Tiên Phong Books,Nhà Xuất Bản Dân Trí,,Bìa mềm,,,Tiên Phong Books Việt Nam,available,1000,True,True,True
278068686,Sách 200 Từ Vựng Mẹ Cùng Con Học Nói Cho Bé 0 - 3 Tuổi,71000,79000,10,0.0,0,3,,Đinh Tị,Nhà Xuất Bản Thanh Niên,,Bìa mềm,194.0,,Play With Me,available,1000,True,True,True
277931191,Vòng Quanh Thế Giới - Combo 37 Tập,421800,444000,5,4.5,2,15,Nhóm tác giả,Nhà Xuất Bản Kim Đồng,Nhà Xuất Bản Kim Đồng,,Bìa mềm,592.0,2025-01-05,Tiki Trading,available,1000,False,True,True
276957676,Sách Lịch Sử Sinh Hoạt Của Loài Người,33250,35000,5,0.0,0,0,Nhiều tác giả,Nhà Xuất Bản Kim Đồng,Nhà Xuất Bản Kim Đồng,,Bìa mềm,,2025-01-01,Tiki Trading,available,1000,False,True,True
276840872,Sách - Từng Bước Chinh Phục Thế Giới Cờ Vua - Tập 2 - Tổng quan và Bài tập thực hành - Tác giả Phùng Đức Tường,80960,88000,8,0.0,0,1,Phùng Đức Tường,Công ty cổ phần Cờ vua Dương Sinh,Nhà Xuất Bản Thế Giới,,Bìa mềm,160.0,2021-12-01,Vizibook,available,1000,True,True,True
275188997,Sách Illustrated Classics - Những Câu Chuyện Hay Nhất Về Các Nàng Tiên Cá,134800,168000,20,0.0,0,12,Nhiều tác giả,Đinh Tị,Nhà Xuất Bản Văn Học,,Bìa mềm,144.0,2024-06-01,Tiki Trading,available,1000,False,True,True
270837134,Cuốn Sách Đầu Tiên Của Bé - ABC - Dành Cho Bé Từ 3-5 Tuổi,72600,119000,39,0.0,0,34,Jake McDonald,Tân Việt,Nhà Xuất Bản Mỹ Thuật,,Bìa mềm,10.0,2023-04-04,Tiki Trading,available,1000,False,True,True
270837094,"Sách Cùng Nhập Vai : Bữa Tiệc Của Công Chúa- Miếng Ghép Thông Minh, Trò Chơi Trí Tuệ",144300,210000,31,0.0,0,3,"Dan Green, Emma Surrey, Hemione Edwards",Tân Việt,Nhà Xuất Bản Mỹ Thuật,,Bìa cứng,10.0,2023-04-04,Tiki Trading,available,1000,False,True,True
263583245,Sách - Trọn Bộ 6 tập Trưởng Thành Cùng Vĩ Nhân 3 - Chủ Đề Nhà Khoa Học Và Danh Y,360000,360000,0,0.0,0,14,nhieu tac gia,CÔNG TY TNHH GIÁO DỤC GIÁC NGỘ,Nhà Xuất Bản Thông Tin Và Truyền Thông,,Bìa mềm,180.0,2023-01-01,Thiện Ngôn Book,available,1000,True,True,True
263392470,Sách Quiz! Khoa Học Kì Thú: Phát Minh Phát Kiến,74000,75000,1,5.0,57,218,Do Ki-sung,NXB Kim Đồng,Nhà Xuất Bản Kim Đồng,,Bìa mềm,196.0,2020-10-15,Tiki Trading,available,1000,False,True,True
263354910,Trái Cây Đại Chiến Zombie - Thế giới Khủng Long Tập 2 - Công Viên Khủng Long,75650,89000,15,0.0,0,5,Tiểu Giang Nam,Huy Hoàng Bookstore,Nhà Xuất Bản Phụ Nữ Việt Nam,,Bìa mềm,176.0,,Văn Lang Official Store,available,1000,True,True,True
262733299,Sách Bộ Trò Chơi Tư Duy Cho Trẻ: Giải Mã Mê Cung,36400,49000,26,5.0,1,69,Buke - Buke,Alphabooks,Nhà Xuất Bản Dân Trí,,Bìa mềm,32.0,2023-05-01,Tiki Trading,available,1000,False,True,True
255306252,Sách Chạm Tay Vào Khoa Học,41400,45000,8,4.0,1,46,Nhiều tác giả,NXB Kim Đồng,Nhà Xuất Bản Kim Đồng,,Bìa mềm,40.0,2023-05-07,Tiki Trading,available,1000,False,True,True
252857468,Lịch Sử Hội Sách Frankfurt,259000,259000,0,0.0,0,0,Deter Weidhaas,Alphabooks,Nhà Xuất Bản Thế Giới,,Bìa mềm,300.0,2023-04-04,Nhà Sách Vĩnh Thụy,available,1000,True,True,True
208118268,Mô Hình Động - Hệ Mặt Trời,101100,119000,15,0.0,0,1,Jean Claude,Tân Việt,nxb my thuat,,,,,Nhà sách Fahasa,available,1000,True,True,True
196018825,Sách Tri Thức Phổ Thông - Tam Giác Quỷ Bermuda Ở Đâu (Tái bản),65000,65000,0,0.0,0,0,"Megan Stine, Tim Foley",Alphabooks,Nhà Xuất Bản Dân Trí,,Bìa mềm,112.0,2022-08-08,Nhà Sách Vĩnh Thụy,available,1000,True,True,True
184779713,Sách Bách Khoa Cho Trẻ Em – Bách Khoa Tự Nhiên,180000,180000,0,0.0,0,0,DK,Công Ty Cổ Phần Văn Hóa Đông A,Nhà Xuất Bản Dân Trí,,Bìa cứng,128.0,2022-06-01,Nhà Sách Vĩnh Thụy,available,1000,True,True,True
177626326,Từ Điển - Thư Viện Hình Ảnh Song Ngữ Đầu tiên Của Bé - Thế Giới Động Vật,60000,60000,0,5.0,8,60,Bảo Châu,Nhà sách Bảo Châu,Nhà Xuất Bản Phụ Nữ,,Bìa mềm,36.0,,Bảo Châu Books,available,1000,True,True,True
91031932,Combo 6 Cuốn: Đối Lập Ngộ Nghĩnh,113200,113200,0,0.0,0,0,"Thu Ngân, Huyền Thu",NXB Kim Đồng,Nhà Xuất Bản Kim Đồng,,Bìa mềm,120.0,2021-04-01,Tiệm Sách Minh Vân,available,1000,True,True,True
90660821,Sách Bóc Dán Thông Minh Vừa Học Vừa Chơi 2-6 Tuổi - Khả Năng Quan Sát,34000,40000,15,5.0,2,19,Trần Hải Anh,Nhà sách Minh Thắng,Nhà Xuất Bản Dân Trí,,Bìa mềm,22.0,2021-03-01,Nhà sách Fahasa,available,1000,True,True,True
69107166,Sách Bóc Dán Thông Minh - Mùa Hè,48000,48000,0,0.0,0,0,Hannah Watts,Đinh Tị,Nhà Xuất Bản Thanh Niên,,Bìa mềm,24.0,,Bamboo Books,available,1000,True,True,True
69107158,Sách Bóc Dán Thông Minh - Nông Trại,38000,48000,21,5.0,27,174,Jessica Greenwell,Đinh Tị,Nhà Xuất Bản Thanh Niên,,Bìa mềm,24.0,,Tiki Trading,available,1000,True,True,True
46931534,"Sách Science Encyclopedia - Bách Khoa Thư Về Khoa Học - Ánh Sáng, Âm Thanh Và Điện",64600,68000,5,5.0,7,39,Nhiều tác giả,Đinh Tị,Nhà Xuất Bản Thanh Niên,,Bìa mềm,,2020-01-15,Nhà sách Fahasa,available,1000,True,True,True
36666103,Sách Thực Hành Kĩ Năng Sống Dành Cho Học Sinh Lớp 12,31600,32000,1,0.0,0,25,.,Công Ty Đầu tư & Phát Triển Giáo Dục Sài Gòn,,,Bìa mềm,88.0,2019-10-01,Nhà sách Fahasa,available,1000,True,True,True
33034995,Combo 4 Cuốn Sách Phát Triển Khả Năng Cho Bé (4 - 6 Tuổi): Sáng Tạo + Tư Duy + Ngôn Ngữ + Toán Học (Tặng Kèm Bookmark Happy Life),220000,220000,0,0.0,0,7,Tiểu Hồng Hoa, Phụ Nữ,Nhà Xuất Bản Phụ Nữ,,Bìa mềm,,,info book,available,1000,True,True,True
22492381,Sách Lật Mở Cùng Con - Con Từ Đâu Tới? (Giúp Trẻ Nhận Biết Quá Trình Hình Thành Và Ra Đời Của Một Em Bé),80100,89000,10,4.0,5,33,"Bảo Ngọc, Thu Nấm",Đinh Tị,,,Bìa mềm,24.0,2019-07-01,Nhà sách Fahasa,available,1000,True,True,True
7718727,Sách Quốc Kỳ Và Quốc Gia - Bách Khoa Thư Larousse (Tái Bản),148000,148000,0,4.0,1,3,Larousse,Nhã Nam,,,Bìa cứng,99.0,2018-01-11,Bamboo Books,available,1000,True,True,True
7125313,Sách 10 Vạn Câu Hỏi Vì Sao - Khoa Học Quanh Ta 2,52200,55000,5,4.8,12,150,Tôn Nguyên Vĩ,Đinh Tị,,,Bìa mềm,136.0,2018-11-07,Nhà sách Fahasa,available,1000,True,True,True
596501,Sách Thế Giới Xe Công Trình - Xe Ben Tài Giỏi,24700,26000,5,4.7,33,2722,"Liuzi, Mijica",Nhà Xuất Bản Kim Đồng,Nhà Xuất Bản Kim Đồng,,Bìa mềm,32.0,2017-03-01,Tiki Trading,available,1000,False,True,True
591202,Leonardo Da Vinci Là Ai?,47000,59000,20,0.0,0,2,Roberta Edwards - True Kelly,Alphabooks,Nhà Xuất Bản Dân Trí,,Bìa mềm,112.0,,Omega Plus Books,available,1000,True,True,True
506609,Sách Bé Học Tiếng Anh Bằng Hình: Các Loài Hoa,4900,8000,39,0.0,0,22,Trần Ngọc Minh Khuê,Công Ty CP Văn Hóa Nhân Văn,,,Bìa mềm,6.0,2015-09-30,Nhân Văn,available,1000,True,True,True
506580,Sách Bé Học Tiếng Anh Bằng Hình: Phương Tiện Giao Thông,4900,8000,39,0.0,0,25,Trần Ngọc Minh Khuê,Công Ty CP Văn Hóa Nhân Văn,,,Bìa mềm,6.0,2015-09-30,Nhân Văn,available,1000,True,True,True
423480,Sách Bách Khoa Tri Thức Bằng Hình (Tái Bản 2015),551000,599000,8,5.0,27,103,DK,Công Ty Cổ Phần Văn Hóa Đông A,,,Bìa cứng,800.0,2015-01-26,Nhà sách Fahasa,available,1000,True,True,True
417840,Sách Bé Vào Lớp 1 - Đề Ôn Tập Vào Lớp 1,21700,22000,1,5.0,1,12,.,Công Ty Cổ Phần Văn Hóa Đông A,,,Bìa mềm,24.0,2012-11-21,Nhà sách Fahasa,available,1000,True,True,True
279188059,Ẩm Thực Trung Quốc Qua Tranh - Những Công Thức Và Giai Thoại Đặc Sắc,152000,160000,5,0.0,0,0,"Margot Zhang, Zhao En Yang",Nhã Nam,Nhà Xuất Bản Phụ Nữ Việt Nam,,Bìa mềm,128.0,2026-02-26,Nhà sách NetaBooks,available,1000,True,True,True
278951685,"Sách cho bé - Tìm Kiếm Thông Minh - Phát Triển Khả Năng Tập Trung LOOK, FIND & STICKER - 4 chủ đề - Sách song ngữ - Dành cho trẻ 3-6 tuổi",51520,56000,8,0.0,0,0,Yoyo Books,Vizibook,Nhà Xuất Bản Phụ Nữ Việt Nam,,Bìa mềm,112.0,2025-10-24,Vizibook,available,1000,True,True,True
278473751,Sách Xuyên Thấu – Tủ Sách Tương Tác - Đinh Tị Books,99000,99000,0,0.0,0,0,nhieu tac gia,Đinh Tị,Nhà Xuất Bản Văn Học,,Bìa cứng,12.0,,KN Toys Shop,available,1000,True,True,True
278241343,"Sách Úm Ba La, Hóa Ra Thần Đồng",74200,100000,26,0.0,0,0,Liêm Đông Tinh,Linh Lan Books,Nhà Xuất Bản Lao Động,,Bìa mềm,160.0,,Tiki Trading,available,1000,False,True,True
277982525,Combo/Lẻ Sách Brain Games: Luyện Trí Nhớ + Thử Thách Logic + Mê Cung Nhanh Trí + Thể Dục Trí Não + Nhẩm Nhanh Tính Giỏi + Thử Thách Stem,63000,79000,20,0.0,0,0,,Alpha Books,Nhà Xuất Bản Dân Trí,,Bìa mềm,,,Alpha Books Official,available,1000,True,True,True
276375945,Sách 100++ Bí Ẩn Về Tự Nhiên - Những Động Vật Đáng Kinh Ngạc Vô Dụng Nhất,126300,155000,19,0.0,0,4,Philip Bunting,Đinh Tị,Nhà Xuất Bản Thanh Niên,,,80.0,,Tiki Trading,available,1000,True,True,True
275547937,Sách 12 nguyên tắc chủ chốt để thành công - Bob Proctor,66700,99000,33,5.0,2,26,Bob Proctor,Tân Việt,Nhà Xuất Bản Mỹ Thuật,,Bìa mềm,217.0,2024-07-01,Tiki Trading,available,1000,False,True,True
275462599,Sách Những Thói Quen Vàng - Không Phải Tại Con (Tái Bản),46600,69000,32,4.5,5,2,"Choi Hyung Mi, Kim Ji Hyun",Alphabooks,Nhà Xuất Bản Dân Trí,,Bìa mềm,76.0,2019-08-01,Tiki Trading,available,1000,False,True,True
274442096,Sách Khám Phá Trái Đất Và Vũ Trụ - Tái Bản,44000,58000,24,0.0,0,2,Thu Hằng,VanLangBooks,Nhà Xuất Bản Hồng Đức,,Bìa mềm,72.0,,Tiki Trading,available,1000,True,True,True
274428881,Sách - Bách Khoa Thư Cho Cả Nhà - Thế Giới Các Loài Hoa Bằng Tranh (Bìa cứng) - Nhã Nam Official,120000,120000,0,0.0,0,0,"Virginie Aladjidi , Emmanuelle Tchoukriel",Nhã Nam,Nhà Xuất Bản Dân Trí,,Bìa cứng,60.0,,Bảo Châu Books,available,1000,True,True,True
274192041,Sách Combo My First 100 Words - 100 Animals - Numbers - Shapes - Colors - Sách từ vựng đầu đời cho bé (3 cuốn) (MG),163000,163000,0,0.0,0,2,nhieu tac gia,Nhà Sách Hồng Ân,Nhà Xuất Bản Thanh Niên,,Bìa cứng,220.0,,MEGABOOK,available,1000,True,True,True
273421428,Lift - The - Flap - Lật Mở Khám Phá - First 100 Word - 100 Từ Đầu Tiên Về Thế Giới Quanh Em-Cuốn Sách Giúp Cải Thiện Tư Duy Cho Trẻ,151200,151200,0,0.0,0,0,"Linh Chi, Quỳnh Rùa",Đinh Tị,Nhà Xuất Bản Thanh Niên,,Bìa cứng,14.0,,AHABOOKS,available,1000,True,True,True
271987245,Combo W Series - 10 Cuốn - Vanlangbooks,1090200,1380000,21,0.0,0,0,,VanLangBooks,Nhà Xuất Bản Hồng Đức,,,,,Văn Lang Official Store,available,1000,True,True,True
269951218,Sách Số đếm và Màu sắc - Bé vui học tiếng anh cùng Sticker,37800,55000,31,5.0,2,9,"Hyeonju Park, Juhee Shin",Tân Việt,Nhà Xuất Bản Mỹ Thuật,,Bìa mềm,24.0,2023-07-01,Tiki Trading,available,1000,False,True,True
253656611,Sách Khăn gói lên sao Hỏa - Giới hạn nào cho con người trong hành trình khám phá không gian?,124530,189000,34,5.0,1,22,Mary Roach,Nhã Nam,Nhà Xuất Bản Thế Giới,,Bìa mềm,457.0,2023-04-01,Tiki Trading,available,1000,False,True,True
249277140,Bộ Sách Từ Vựng Đầu Đời Của Bé (6 Cuốn),93800,94800,1,0.0,0,0,nhieu tac gia,Tân Việt,Nhà Xuất Bản Mỹ Thuật,,Bìa mềm,16.0,2023-03-30,Minhhabooks,available,1000,True,True,True
248933427,Origami - Trò Chơi Gấp Giấy Dành Cho Trẻ Em Tập 2 (Tái Bản) - Vanlangbooks,80000,80000,0,5.0,1,19,Thiên Kim,Văn Lang,,,Bìa mềm,72.0,2023-03-27,Văn Lang Official Store,available,1000,True,True,True
230200918,Sách - Cờ vua -  Chơi Cờ Vua Cùng Bé,54000,54000,0,0.0,0,3,Lương Nhật Linh,Công ty cổ phẩn Xuất bản và Giáo dục Vizi,Nhà Xuất Bản Phụ Nữ,,Bìa mềm,208.0,2018-06-16,Minhhabooks,available,1000,True,True,True
217123583,Sách: 101 Từ Đầu Tiên: Thực Vật (Tái Bản),60000,60000,0,0.0,0,0,,Minh Long,Nhà Xuất Bản Phụ Nữ,,,,,Nhà Sách Vĩnh Thụy,available,1000,True,True,True
208188699,Sách Chuyển Động Thông Minh Đa Ngữ Việt - Anh - Pháp: Thức Ăn - Foods - Les Aliments,107100,119000,10,0.0,0,13,Nathalie Choux,Đinh Tị,nxb thanh nien,,,,,Nhà sách Fahasa,available,1000,True,True,True
205967019,Bách Khoa Thư Cho Cả Nhà - Thế Giới Kỳ Quan Bằng Tranh (Bìa Cứng),120000,120000,0,0.0,0,0,"Virginie Aladjidi , Emmanuelle Tchoukriel",Thái Hà Book,Nhà Xuất Bản Đại Học Quốc Gia Hà Nội,,Bìa cứng,60.0,2022-11-10,NHBook,available,1000,True,True,True
191490396,Sách Chiếu Bóng Thần Kỳ Có Màu – Đinh Tị (Nhiều chủ đề),139000,139000,0,5.0,9,54,"Thuỳ Dương,  Quỳnh Hương",Đinh Tị,Nhà Xuất Bản Hà Nội,,Bìa cứng,16.0,,KN Toys Shop,available,1000,True,True,True
182711558,"Trọn Bộ Sách Ghép Hình Phát Triển IQ (4 cuốn ): Chuyện Về Khủng Long+ Chuyện Dưới Đại Dương+ Chuyện Rừng Xanh +Chuyện Về Nông Trại Giúp Bé Yêu Phát TRiển, Sáng Tạo /Tặng Poster Ngộ Nghĩnh ",349500,349500,0,0.0,0,0,,Nhiều công ty phát hành,Nhiều Nhà Xuất Bản,,,,,AHABOOKS,available,1000,True,True,True
181210100,Combo - Hộp quà 1/6 trọn bộ 3 hộp,632500,632500,0,0.0,0,0,,Đinh Tị,Nhà Xuất Bản Thanh Niên,,,,,AHABOOKS,available,1000,True,True,True
177616782,Từ Điển -Thư Viện Hình Ảnh Song Ngữ Đầu tiên Của Bé Về Hoa - Rau củ -  Quả,60000,60000,0,5.0,8,62,Bảo Châu,Nhà sách Bảo Châu,Nhà Xuất Bản Phụ Nữ,,Bìa mềm,36.0,,Bảo Châu Books,available,1000,True,True,True
176909250,Sách Khoa Học Quanh Ta - Sự Sống Là Gì?,58000,60000,3,5.0,7,60,Paul Nurse,NXB Kim Đồng,Nhà Xuất Bản Kim Đồng,,Bìa mềm,172.0,2022-01-01,Tiki Trading,available,1000,False,True,True
173481621,Sách Học Và Thực Hành Stem Đơn Giản - Khoa Học - 60 Bài Thực Hành Bổ Ích,46800,59000,21,5.0,4,62,Anne Rooney,Đinh Tị,Nhà Xuất Bản Thanh Niên,,Bìa mềm,66.0,2022-04-04,Tiki Trading,available,1000,True,True,True
171876671,Sách 1000 Từ Tiếng Anh Đầu Tiên - My First 1000 Words - Tái Bản,113000,160000,29,4.3,3,28,Việt Phước,Công Ty Cổ Phần Văn Hóa Đông A,Nhà Xuất Bản Dân Trí,,Bìa cứng,56.0,2022-03-01,Tiki Trading,available,1000,False,True,True
165996939,Sách Khoa Học Diệu Kì: Đá Và Khoáng Vật - Sự Thật Cứng Ngắc Về Những Thứ Dưới Chân Ta,29750,35000,15,0.0,0,0,Alex Woolf,NXB Trẻ,NXB Trẻ,,Bìa mềm,32.0,2022-02-01,Nhà Xuất Bản Trẻ,available,1000,True,True,True
160849793,Sách - Những tù nhân của địa lí - Khám phá sự vận hành của thế giới qua những tấm bản đồ - Phiên bản minh họa màu dành cho độc giả trẻ,230000,230000,0,4.0,1,2,Tim Marshall,NXB Kim Đồng,Nhà Xuất Bản Kim Đồng,,Bìa cứng,72.0,,Nhà Sách Vĩnh Thụy,available,1000,True,False,True
141002537,Sách Recycle And Remake - Những Ý Tưởng Sáng Tạo Biến Cũ Thành Mới,95000,120000,21,5.0,1,15,DK,Đinh Tị,Nhà Xuất Bản Hà Nội,,Bìa cứng,56.0,2021-11-11,Tiki Trading,available,1000,True,True,True
127844374,Sách Steam English Chủ Đề Kỹ Thuật,69000,69000,0,0.0,0,0,Dr. Natoshia Anderson,1980 Books,Nhà Xuất Bản Dân Trí,,Bìa mềm,56.0,2021-10-01,Bamboo Books,available,1000,True,True,True
103475367,Sách Bách Khoa Cho Trẻ Em - Bách Khoa Địa Lý (Tái Bản 2020),160000,160000,0,0.0,0,1,DK,Đông A,NXB Dân Trí,,Bìa cứng,128.0,2021-05-14,Bamboo Books,available,1000,True,True,True
91561980,Sách - Baby'S First Picture Dictionary - Từ Điển Bằng Hình Đầu Tiên Của Bé - Đối lập - Oppotile - (Bìa Cứng),28000,28000,0,0.0,0,2,Song Nghi,Công Ty TNHH Văn Hóa Việt Thư,Nhà Xuất Bản Phụ Nữ Việt Nam,,Bìa cứng,16.0,,Bảo Châu Books,available,1000,True,True,True
90680798,Sách Bóc Dán Thông Minh Vừa Học Vừa Chơi 2-6 Tuổi - Khả Năng Sáng Tạo,27100,40000,32,4.7,21,163,Trần Hải Anh,Nhà sách Minh Thắng,Nhà Xuất Bản Dân Trí,,Bìa mềm,22.0,2021-03-01,Tiki Trading,available,1000,False,True,True
90680786,Sách Bóc Dán Thông Minh Vừa Học Vừa Chơi 2-6 Tuổi - Khả Năng Biểu Đạt,27100,40000,32,4.6,14,130,Trần Hải Anh,Nhà sách Minh Thắng,Nhà Xuất Bản Dân Trí,,Bìa mềm,22.0,2021-03-01,Tiki Trading,available,1000,False,True,True
76443016,Combo 4 Cuốn: Tìm Kiếm Thông Minh - Phát Triển Khả Năng Tập Trung,154560,168000,8,4.5,5,59,Dolphin Media,Vizibook,Nhà Xuất Bản Phụ Nữ Việt Nam,,Bìa mềm,96.0,2021-01-01,Vizibook,available,1000,True,True,True
75947334,Sách Các Kỹ Năng Sơ Cứu Cơ Bản - Va Đập Và Gãy Xương,20000,20000,0,5.0,1,5,Joanna Brundle,Đinh Tị,Nhà Xuất Bản Thanh Niên,,Bìa mềm,24.0,2021-01-12,Nhà sách Fahasa,available,1000,True,True,True
52852539,Bách khoa thư lịch sử (bìa mềm),163650,163650,0,4.5,2,16,,Nhà sách Minh Thắng,,,Bìa mềm,,2020-04-17,AHABOOKS,available,1000,True,True,True
279217753,Sách - Trái Cây Đại Chiến Zombie - Hỏi Đáp Khoa Học - Sinh Tồn Nơi Hoang Dã,93100,98000,5,0.0,0,0,nhieu tac gia,Huy Hoàng Bookstore,Nhà Xuất Bản Phụ Nữ Việt Nam,,Bìa mềm,,2023-12-21,Nhà sách Fahasa,available,1000,True,True,True
278949181,"Sách cho bé - Tìm Kiếm Thông Minh - Phát Triển Khả Năng Tập Trung LOOK, FIND & STICKER - Động vật hoang dã - Sách song ngữ - Dành cho trẻ 3-6 tuổi",51520,56000,8,0.0,0,0,Yoyo Books,Vizibook,Nhà Xuất Bản Phụ Nữ Việt Nam,,Bìa mềm,28.0,2025-10-24,Vizibook,available,1000,True,True,True
278635425,Sách - Wiki Wiki Tiền Tiểu Học - Đứa Trẻ Thiên Tài - Hiểu Về Cuộc Sống,96700,118000,18,0.0,0,0,nhieu tac gia,MCBOOKS,NXB Dân Trí,,Bìa mềm,,2023-12-21,Nhà sách Fahasa,available,1000,True,True,True
278498057,Bộ Sách Bạn Có Thích (Bộ 5 Cuốn) - Sách Thiếu Nhi - Nhiều Chủ Đề,35000,35000,0,0.0,0,0,Matt Robertson,NXB Trẻ,NXB Trẻ,,Bìa mềm,32.0,,Nhân Văn,available,1000,True,True,True
278241335,Sách Ghép Hình Phát Triển Trí Tuệ,72500,90000,19,0.0,0,1,Nguyễn Trí Dũng (Biên Tập),Pandabooks,Nhà Xuất Bản Phụ Nữ,,Bìa cứng,5.0,,Tiki Trading,available,1000,False,True,True
278158951,Sách Thẻ Học Thông Minh Cho Bé Vào Lớp 1: 26 Chữ Cái Tiếng Anh,17600,25000,30,0.0,0,0,Như Lê,Tân Việt,Nhà Xuất Bản Mỹ Thuật,,Bìa cứng,24.0,,Tiki Trading,available,1000,False,True,True
276248959,Sách Sticker - Car - Các hãng xe trên thế giới,39300,58000,32,0.0,0,2,Louis Ben,Việt Thư,Nhà Xuất Bản Phụ Nữ Việt Nam,,Bìa mềm,16.0,,Tiki Trading,available,1000,False,True,True
275951872,Sách - Đố Vui Trí Tuệ - ndbooks,48000,60000,20,0.0,0,0,,CÔNG TY TNHH THƯƠNG MẠI SÁCH NHÂN DÂN,Nhà Xuất Bản Thanh Niên,,Bìa cứng,,,SÁCH NHÂN DÂN - ndbooks,available,1000,True,True,True
273424412,Tủ Sách Bách Khoa Tri Thức - Bách Khoa Tri Thức Cho Trẻ Em-Cuốn Sách Bán Chạy Dành Cho Thiếu Nhi,272350,272350,0,0.0,0,0,nhieu tac gia,Đinh Tị,Nhà Xuất Bản Thanh Niên,,Bìa mềm,224.0,,AHABOOKS,available,1000,True,True,True
272478964,First Sticker Book - Sách dán hình đầu đời cho bé - Đại dương,75000,75000,0,0.0,0,0,,Đinh Tị,Nhà Xuất Bản Thanh Niên,,,,,AHABOOKS,available,1000,True,True,True
271626224,Sách Từ Điển Hình Ảnh Cho Bé: Số Đếm,28800,30000,4,4.6,34,14,"Phạm Huy Thông, Lê Bích Thuỷ, Hiếu Minh, Việt Hải",Nhà Xuất Bản Kim Đồng,Nhà Xuất Bản Kim Đồng,,Bìa mềm,12.0,2019-06-01,Tiki Trading,available,1000,False,True,True
270845351,First Sticker Book - Sách Dán Hình Đầu Đời Cho Bé - Đại Dương,67500,75000,10,0.0,0,5,Jessica Greenwell,Đinh Tị,nxb thanh nien,,,,,Nhà sách Fahasa,available,1000,True,True,True
253300441,Chuyện con chó tên là trung thành (TB 2021) - Bản Quyền,45000,45000,0,0.0,0,0,,Nhã Nam,Nhà Xuất Bản Hội Nhà Văn,,,,,HỆ THỐNG NHÀ SÁCH ABC,available,1000,True,True,True
253229577,Ehon kỹ năng sống - Đánh răng súc miệng -  Bản Quyền,59000,59000,0,0.0,0,0,,Nhã Nam,Nhà Xuất Bản Lao Động,,,,,HỆ THỐNG NHÀ SÁCH ABC,available,1000,True,True,True
225251223,Sách: 10 Vạn Câu Hỏi Vì Sao (Hộp T2) - Tái Bản,190000,190000,0,0.0,0,0,Trịnh Diên Tuệ,Minh Long,Nhà Xuất Bản Mỹ Thuật,,Bìa mềm,62.0,2016-07-08,Nhà Sách Vĩnh Thụy,available,1000,True,True,True
212476338,Siêu Nhí Hỏi Nhà Khoa Học Trả Lời - 100 Bí Ẩn Mọi Đứa Trẻ Đều Muốn Hỏi Một Nhà Khoa Học - Bản Quyền,250000,250000,0,0.0,0,0,,1980 Books,Nhà Xuất Bản Dân Trí,,,,,info book,available,1000,True,True,True
193568031,Sách: Bách Khoa Dạy Trẻ Học Sớm - Bé 3 Tuổi,78200,79000,1,0.0,0,0,,Công ty Cổ Phần Văn Hóa và Giáo Dục Tân Việt,Nhà Xuất Bản Dân Trí,,,,,Minhhabooks,available,1000,True,True,True
191926460,ComBo: Bộ Những Nhân Vật Truyền Cảm Hứng - Dành Cho Bé Từ 06 Tuổi - 12 Tuổi     ( Bộ 8 Cuốn),302400,440000,31,0.0,0,12,Vân Hương,Tân Việt,Nhà Xuất Bản Mỹ Thuật,,Bìa mềm,23.0,2022-04-01,Tiki Trading,available,1000,False,True,True
191923864,Combo Hành Trình Biến Đổi (8 Cuốn) (Tái Bản 2022),228000,240000,5,0.0,0,10,Nhiều tác giả,Nhà Xuất Bản Kim Đồng,Nhà Xuất Bản Kim Đồng,,Bìa mềm,,2022-07-07,Tiki Trading,available,1000,False,True,True
188409581,Combo sách Bổ Ích: Giáo Dục Giới Tính  Cô Bé Đá Bóng Và Cậu Bé Múa Ba Lê+Khác Biệt Giới Tính+Không Phải Lỗi Của Con+Mình Đã Lớn Rồi!_Tặng Poster Ngộ NGhĩnh ,251350,251350,0,0.0,0,10,,Nhiều công ty phát hành,Nhiều Nhà Xuất Bản,,,,,Phương Đông Books,available,1000,True,True,True
171550000,"Combo 2 Cuốn ""Never Get Bored - Tí Ta Tí Toáy""",311000,311000,0,0.0,0,0,Nhiều tác giả,Nhã Nam,Nhà Xuất Bản Thế Giới,,Bìa cứng,,2022-03-03,info book,available,1000,True,True,True
162514300,"Sách Lật Mở Khám Phá:  100 Số Đếm Đầu Tiên, Bảng Chữ Cái Tiếng Anh Cho Bé",147900,168000,12,5.0,1,7,"Linh Chi, Quỳnh Rùa",Đinh Tị,Nhà Xuất Bản Thanh Niên,,Bìa cứng,14.0,,Play With Me,available,1000,True,True,True
129766514,Sách Thư Viện Từ Vựng Đầu Đời Cho Bé - Phương Tiện Giao Thông - On The Go!,59000,59000,0,0.0,0,0,Sarah Carpenter,Đinh Tị,Nhà Xuất Bản Thanh Niên,,Bìa mềm,48.0,2021-10-10,Bamboo Books,available,1000,True,True,True
104739197,Sách Steam Tớ Là Nhà Kỹ Sư Chế Tạo,117600,169000,30,5.0,5,64,Christina Herkert Schul,1980 Books,Nhà Xuất Bản Lao Động,,Bìa mềm,180.0,2021-06-15,Tiki Trading,available,1000,False,True,True
84932887,Sách Princess Sticker - Dán Hình Công Chúa - Công Chúa Xinh Xắn,40500,45000,10,4.7,3,14,Dương Hợp Kỳ,Nhà sách Minh Thắng,Nhà Xuất Bản Dân Trí,,Bìa mềm,24.0,2021-03-01,Nhà sách Fahasa,available,1000,True,True,True
70847647,Sách Biệt Đội Stem. Thế Giới Thần Diệu Của Những Con Số Và Phép Toán,70000,70000,0,0.0,0,0,Colin Stuart,NXB Trẻ,NXB Trẻ,,Bìa mềm,80.0,,info book,available,1000,True,True,True
69624554,Sách Em Yêu Khoa Học - Cái Xô Không Đáy (Tái Bản 2020),19900,24000,17,0.0,0,0,Sanja Matijasevi,First News - Trí Việt,Nhà Xuất Bản Văn Hóa - Văn Nghệ TP.HCM,,Bìa mềm,24.0,2020-10-15,Nhà sách Fahasa,available,1000,True,True,True
57750516,Sách Cùng Bé Khám Phá 500 Điều Thú Vị Về Vũ Trụ,99350,99350,0,4.5,19,99,,Nhà sách Minh Thắng,Nhà Xuất Bản Phụ Nữ Việt Nam,,Bìa mềm,,,Phương Đông Books,available,1000,True,True,True
51232718,Cuốn sách mang đến kiến thức khái quát cho bé:  Combo 7 Quyển 10 Vạn Câu Hỏi Vì Sao,360500,360500,0,5.0,2,13,.,Đinh Tị,Nhà Xuất Bản Thanh Niên,,,,,AHABOOKS,available,1000,True,True,True
29820812,Sách Những Người Bạn Tốt - Gấu Trúc Thông Minh,23800,28000,15,5.0,2,15,Barbara Bacchini,Tân Việt,,,Bìa mềm,12.0,2019-08-01,Nhà sách Fahasa,available,1000,True,True,True
23436595,Khủng Long Nhỏ - Đừng Cắn Nhé,67600,69000,2,4.5,6,51,"Micheal Dahl,  Adam Record",NXB Hà Nội,,,,,,Nhà sách Fahasa,available,1000,True,True,True
10866299,Sách Gieo Mầm Tính Cách - Quan Tâm (Tái Bản),30400,32000,5,4.0,3,83,"Đỗ Xuân Việt, Hà Yên",NXB Trẻ,,,Bìa mềm,83.0,2019-02-01,Nhà sách Fahasa,available,1000,True,True,True
10737027,Combo 1000 Câu Đố Phát Triển Trí Tuệ (2 Cuốn),140000,140000,0,0.0,0,8,Xing Tao,Nhà Xuất Bản Kim Đồng,Nhà Xuất Bản Kim Đồng,,Bìa mềm,,2019-02-01,HaAnBooks,available,1000,True,True,True
5771463,Sách 15 Bí Kíp Giúp Tớ An Toàn - Cẩm Nang Phòng Tránh Tai Nạn Thương Tích (Dành Cho Trẻ Em),42750,45000,5,4.0,5,414,"Nguyễn Hương Linh, Dương Thùy Ly",Nhà Xuất Bản Kim Đồng,Nhà Xuất Bản Kim Đồng,,Bìa mềm,84.0,2018-10-08,Tiki Trading,available,1000,False,True,True
4704899,Sách Mười Vạn Câu Hỏi Vì Sao ?,85000,85000,0,0.0,0,0,Đức Thành,Nhà sách Minh Thắng,,,Bìa mềm,,2018-09-18,Phương Đông Books,available,1000,True,True,True
2634423,Combo 3 Quyển Chơi Cờ Vua Cùng Bé,200000,200000,0,5.0,1,14,Lương Nhật Linh,Công Ty Cổ Phần Văn Hóa Pingbooks,Nhà Xuất Bản Phụ Nữ,,Bìa mềm,208.0,2018-06-16,Nhà sách Nam Trung Yên,available,1000,True,True,True
985282,Combo Học Cho Ai? Học Để Làm Gì? ( Trọn Bộ 2 Cuốn ),70400,80000,12,4.2,10,81,Tiêu Vệ,Nhà Xuất Bản Kim Đồng,Nhà Xuất Bản Kim Đồng,,Bìa mềm,,2017-09-01,Nhà sách Fahasa,available,1000,True,True,True
790238,Sách Tuyển Tập Câu Hỏi Của Học Sinh Tiểu Học - Về Sinh Vật,57800,59000,2,0.0,0,16,Gakken,Nhà Xuất Bản Kim Đồng,,,Bìa mềm,192.0,2017-08-09,Nhà sách Fahasa,available,1000,True,True,True
434863,Cuốn Sách Lớn Đầu Tiên Của Tớ - Khủng Long,150000,150000,0,0.0,0,6,Catherine D. Hughes,Nhà Xuất Bản Kim Đồng,Nhà Xuất Bản Kim Đồng,,Bìa cứng,127.0,2015-04-20,Bamboo Books,available,1000,True,True,True
348156,101 Truyện Cổ Tích Chọn Lọc - Mẹ Kể Con Nghe,70000,70000,0,0.0,0,0,Hồng Quang - Tuệ Minh,Minh Long,Nhà Xuất Bản Hồng Bàng,,Bìa mềm,336.0,2013-05-29,Nhà Sách Vĩnh Thụy,available,1000,True,True,True
278231043,Sách Bách Khoa Toàn Thư Cho Bé,48734,48734,0,0.0,0,1,Nhiều tác giả,Tân Việt,Nhà Xuất Bản Mỹ Thuật,,Bìa mềm,60.0,,Tiki Trading,available,1000,False,True,True
278138768,Sách Tớ Đến Với Lập Trình,37200,55000,32,0.0,0,4,TS. Tracy Gardner,Alphabooks,Nhà Xuất Bản Dân Trí,,Bìa mềm,32.0,,Tiki Trading,available,1000,False,True,True
278138370,Sách Muốn Học Giỏi Lịch Sử Không? Tớ Cho Cậu Mượn Vở : Cổ Đại/ Trung Đại/ Hiện Đại,81200,125000,35,0.0,0,0,Ximena Vengoechea,Thái Hà,Nhà Xuất Bản Thế Giới,,Bìa mềm,160.0,,Tiki Trading,available,1000,False,True,True
278129011,Sách Giáo Sư Mèo Siêu Việt,101000,199000,49,0.0,0,0,Dominic Walliman,Alphabooks,Nhà Xuất Bản Dân Trí,,Bìa cứng,66.0,,Tiki Trading,available,1000,False,True,True
277818842,Sách Montessori – Giới Thiệu Từ vựng Và Số Đếm,108800,140000,22,0.0,0,3,Maja Pitamic,Nhà xuất bản Phụ Nữ Việt Nam,Nhà Xuất Bản Phụ Nữ Việt Nam,,Bìa mềm,174.0,,Tiki Trading,available,1000,False,True,True
277520150,Sách Chữ cái Tiếng Anh 1 - Thẻ Học Thông Minh Cho Bé Vào Lớp 1: 26 Chữ Cái,21100,30000,30,0.0,0,0,,Tân Việt,Nhà Xuất Bản Mỹ Thuật,,Bìa cứng,,,Tiki Trading,available,1000,False,True,True
277287681,Quiz - khoa học kì thú: khám phá não bộ,75000,75000,0,0.0,0,0,,Nhà Xuất Bản Kim Đồng,Nhà Xuất Bản Kim Đồng,,,,,Bamboo Books,available,1000,True,True,True
277287662,Quiz! Khoa học kì thú: Động thực vật độc và quý hiếm,75000,75000,0,0.0,0,0,,Nhà Xuất Bản Kim Đồng,Nhà Xuất Bản Kim Đồng,,,,,Bamboo Books,available,1000,True,True,True
276148695,10 vạn câu hỏi vì sao - Khám phá thế giới đại dương,55000,55000,0,0.0,0,0,,Đinh Tị,Nhà Xuất Bản Thanh Niên,,Bìa mềm,140.0,,ECOBOOK VN,available,1000,True,True,True
274858936,Sách - Các Hành Tinh (bìa cứng) - Thuyết minh trực quan nhất về Hệ Mặt trời,699000,699000,0,0.0,0,0,DK,Alpha Books,Nhà Xuất Bản Dân Trí,,Bìa cứng,,,Những Vì Sao Bookstore,available,1000,True,True,True
273122912,Sách Học Cho Ai? Học Để Làm Gì? Tập 1,38400,40000,4,5.0,4,32,Tiêu Vệ,Nhà Xuất Bản Kim Đồng,Nhà Xuất Bản Kim Đồng,,Bìa mềm,176.0,,Tiki Trading,available,1000,False,True,True
272392368,Theo chân người tí hon – Khám phá Trái đất,169000,169000,0,0.0,0,0,,Thái Hà,Nhà Xuất Bản Lao Động,,,,,Bamboo Books,available,1000,True,True,True
262733310,Sách Bộ Trò Chơi Tư Duy Cho Trẻ: Rèn Luyện Sự Tập Trung,36900,49000,25,5.0,1,60,Buke - Buke,Alphabooks,Nhà Xuất Bản Dân Trí,,Bìa mềm,32.0,2023-05-01,Tiki Trading,available,1000,False,True,True
261968990,Sách Chuyện Bí Ẩn Thường Ngày,86000,95000,9,0.0,0,31,Paul Jenning,NXB Kim Đồng,Nhà Xuất Bản Kim Đồng,,Bìa mềm,400.0,2023-05-01,Tiki Trading,available,1000,False,True,True
249019179,Combo (8 tập): Những kiến thức đầu đời cho bé,163700,200000,18,5.0,1,14,Lưu Kính Dư,Đinh Tị,Nhà Xuất Bản Hà Nội,,Bìa mềm,160.0,2023-01-01,Tiki Trading,available,1000,False,True,True
248931969,Origami - Trò Chơi Gấp Giấy Dành Cho Trẻ Em Tập 1 (Tái Bản) - Vanlangbooks,66400,80000,17,5.0,2,34,Thiên Kim,Văn Lang,Nhà Xuất Bản Mỹ Thuật,,Bìa mềm,72.0,2023-03-27,Văn Lang Official Store,available,1000,True,True,True
246168369,Sách Rilla dưới mái nhà Bên Ánh Lửa (Anne tóc đỏ - Tập 8) - Nhã Nam - BẢN QUYỀN,200000,200000,0,0.0,0,0,,Nhã Nam,Nhà Xuất Bản Hội Nhà Văn,,,,,Bamboo Books,available,1000,True,True,True
205554800,Atlas thế giới,160000,160000,0,4.0,1,10,"Valérie le Du, Laura Tavazzi",Công Ty Cổ Phần Văn Hóa Đông A,Nhà Xuất Bản Dân Trí,,Bìa cứng,48.0,2022-11-14,NHBook,available,1000,True,True,True
200725367,"Bách Khoa Thư Về Thế Giới Thực Vật - Cây, Lá, Hoa Và Hạt",289000,289000,0,0.0,0,4,,Đinh Tị,oem,,Bìa mềm,,,Bamboo Books,available,1000,True,False,True
199701022,Bộ Em muốn biết vì sao - Bộ mới (Lựa chọn theo chủ đề),45000,50000,10,5.0,4,43,nhieu tac gia,Công Ty Cổ Phần Văn Hóa Đông A,Nhà Xuất Bản Dân Trí,,Bìa mềm,32.0,,Đông A Books Official,available,1000,True,True,True
197629473,500 Trò Chơi Rèn Luyện IQ (4-10 tuổi) - Khả Năng Tư Duy (Sách Bản Quyền),52800,75000,30,5.0,4,107,Vương Văn,Nhà sách Minh Thắng,Nhà Xuất Bản Phụ Nữ Việt Nam,,Bìa mềm,80.0,2022-06-01,Tiki Trading,available,1000,False,True,True
181214991,Bách khoa tri thức cho trẻ em - Usborne,271500,271500,0,5.0,6,65,,Đinh Tị,Nhà Xuất Bản Thanh Niên,,Bìa mềm,,,AHABOOKS,available,1000,True,True,True
153518811,"Sách Bách Khoa Toàn Thư Cho Bé - Rau, Củ, Quả",20600,30000,31,0.0,0,2,Phan Minh Đạo,Nhà sách Minh Thắng,Nhà Xuất Bản Dân Trí,,Bìa cứng,16.0,2021-12-12,Tiki Trading,available,1000,False,True,True
152464646,Sách Những Quy Tắc Ứng Xử Dành Cho Học Sinh,54600,69000,21,0.0,0,8,Phòng biên tập Tân Nhã,Đinh Tị,Nhà Xuất Bản Hà Nội,,Bìa mềm,52.0,2021-12-12,Tiki Trading,available,1000,True,True,True
147751639,"Combo Danh Nhân Thiên Tài Thế Giới: Albert Einstein, Marie Curie, Leonardo DaVinci, Alfred Nobel, Andersen, Lev Tolstoy, Thomas Edison, Isaac Newton <Bộ sách về những bộ óc / nhà phát minh vĩ đại của nhân loại> + Tặng poster An Toàn Cho con Yêu",500000,500000,0,0.0,0,8,,Nhà sách Tân Việt,nxb thanh nien,,,,,NHBook,available,1000,True,True,True
106188426,Sách Bóc Dán Hình Thông Minh Phát Triển Khả Năng Tư Duy Toán Học IQ EQ CQ (4-5 Tuổi) - 188 Sticker (Quyển 1),29300,45000,35,4.8,20,144,Ưu Ưu Thử,Nhà sách Minh Thắng,Nhà Xuất Bản Dân Trí,,Bìa mềm,20.0,2021-06-01,Tiki Trading,available,1000,False,True,True
82410536,Sách Thiên Tài Toán Học (5 - 6 Tuổi) - Phép Cộng Trừ Từ 1- 10,75500,83000,9,0.0,0,22,Hà Thu Quang,VanLangBooks,Nhà Xuất Bản Hồng Đức,,Bìa mềm,72.0,2021-03-15,Nhà sách Fahasa,available,1000,True,True,True
79409221,Sách Tri Thức Kinh Điển Bằng Tranh - Nguồn Gốc Các Loài,215200,269000,20,4.7,3,14,Miao Desui,Alphabooks,Nhà Xuất Bản Dân Trí,,Bìa cứng,160.0,2021-03-02,Nhà sách Fahasa,available,1000,True,True,True
75313090,Combo Trọn Bộ 8 Cuốn: STEM,352700,371350,5,4.6,5,140,Anna Claybourne,Nhà sách Minh Thắng,Nhà Xuất Bản Phụ Nữ Việt Nam,,Bìa mềm,512.0,2020-12-12,Phương Đông Books,available,1000,True,True,True
62349862,Sách Những Vị Vua Trẻ Trong Sử Việt (Tái Bản 2020),64000,70000,9,5.0,11,89,"Nguyễn Như Mai, Nguyễn Quốc Tín, Nguyễn Huy Thắng",NXB Kim Đồng,Nhà Xuất Bản Kim Đồng,,Bìa mềm,388.0,2020-08-01,Tiki Trading,available,1000,False,True,True
54003813,Siêu Nhí Hỏi Nhà Khoa Học Trả Lời - 100 Bí Ẩn Mọi Đứa Trẻ Đều Muốn Hỏi Một Nhà Khoa Học,215280,299000,28,4.7,3,43,Robert Winston,1980 Books,Nhà Xuất Bản Dân Trí,,Bìa cứng,128.0,2020-04-01,1980 BOOKS HCM,available,1000,True,True,True
50421079,"Sách Bóc Dán Thông Minh - Luyện Tay Thật Khéo, Luyện Mắt Thật Tinh - Hôm Nay Mình Đi Đâu Nhỉ?",33200,35000,5,0.0,0,1,.,Đinh Tị,Nhà Xuất Bản Hà Nội,,Bìa mềm,10.0,2020-01-03,Nhà sách Fahasa,available,1000,True,True,True
48592472,Combo Truyện Tranh Song Ngữ Việt - Anh Cho Bé (12 Tập),183250,183250,0,4.8,11,155,"Sirilak Rattanasuwaj, Kannawan Pannawan",Đinh Tị,Nhà Xuất Bản Phụ Nữ,,Bìa mềm,,2020-02-02,Phương Đông Books,available,1000,True,True,True
36666109,Sách Thực Hành Kĩ Năng Sống Dành Cho Học Sinh Lớp 11,31600,32000,1,0.0,0,25,.,Công Ty Đầu tư & Phát Triển Giáo Dục Sài Gòn,,,Bìa mềm,88.0,2019-10-01,Nhà sách Fahasa,available,1000,True,True,True
22492387,"Sách Lật Mở Cùng Con - Bình Tĩnh Chuyện Giới Tính (Giúp Trẻ Biết Phân Biệt Giới Tính, Nhận Biết Cơ Thể Và Bảo Vệ Mình)",80100,89000,10,5.0,3,43,"Bảo Ngọc, Hoàng Đậu Xanh",Đinh Tị,,,Bìa mềm,28.0,2019-07-01,Nhà sách Fahasa,available,1000,True,True,True
20440478,Sách 300 Trò Chơi Phát Triển Trí Tuệ Cho Trẻ - 6 Tuổi (Tái Bản),46000,48000,4,4.7,15,215,Cung Huân,NXB Phụ Nữ,,,,,,Nhà sách Fahasa,available,1000,True,True,True
16111214,Sách Trọn bộ Danh Nhân Thế Giới (Tái bản 2019) + Tặng kèm postcard GreenLife,285000,300000,5,5.0,6,91,.,Nhà Xuất Bản Kim Đồng,Nhà Xuất Bản Kim Đồng,,Bìa mềm,800.0,,NHBook,available,1000,True,True,True
4310917,Sách Bách Khoa Lịch Sử Thế Giới,550000,550000,0,0.0,0,1,The Usborne,Công Ty Cổ Phần Văn Hóa Đông A,Nhà Xuất Bản Dân Trí,,Bìa cứng,416.0,2018-08-31,Nhà Sách Vĩnh Thụy,available,1000,True,True,True
540753,Sách Bé Học Lễ Giáo - Bubu Tập 30: Bubu Thích Giày Mới,13000,15000,13,4.8,6,698,Tú Quỳnh,NXB Trẻ,NXB Trẻ,,Bìa mềm,16.0,2022-08-30,Tiki Trading,available,1000,False,True,True
506273,Sách Vui Cùng Xếp Giấy Origami (Tập 8),11700,15000,22,4.6,12,120,,Công Ty CP Văn Hóa Nhân Văn,,,Bìa mềm,16.0,2014-08-30,Nhà sách Fahasa,available,1000,True,True,True
279057157,Sách Mê Cung Diệu Kì (Bìa cứng) - Tân Việt Books,83900,130000,35,0.0,0,4,Nhiều tác giả,Tân Việt,Nhà Xuất Bản Mỹ Thuật,,Bìa cứng,15.0,,Tiki Trading,available,1000,False,True,True
278904281,"AI Ơi, Mở Ra! - Tât Tần Tật Những Điều Học Sinh Muốn Biết Về Trí Tuệ Nhân Tạo",110100,159000,31,0.0,0,4,Đồ Tử Phái,Alpha Books,Nhà Xuất Bản Thế Giới,,Bìa mềm,196.0,2025-11-29,Tiki Trading,available,1000,False,True,True
278866074,Sách - Bộ Sách Thư Viện Hình Ảnh (Bộ 9 Cuốn),327600,360000,9,0.0,0,0,nhieu tac gia,SBOOKS,Nhiều Nhà Xuất Bản,,Bìa mềm,,2023-12-21,Nhà sách Fahasa,available,1000,True,True,True
278561457,Sách cho bé - Combo 6 cuốn Rèn Luyện Khả Năng Tập Trung - Sách tương tác - Dành cho trẻ 2-5 tuổi,313000,313000,0,0.0,0,0,Dolphin Media,Vizibook,Nhà Xuất Bản Phụ Nữ Việt Nam,,Bìa mềm,282.0,2025-07-01,Minhhabooks,available,1000,True,True,True
278159143,Sách Rèn Luyện Kỹ Năng Ngôn Ngữ Cho Trẻ - Ngôn Ngữ Thật Thú Vị,22000,35000,37,0.0,0,0,Lạc Phàm,Nhà sách Minh Thắng,Nhà Xuất Bản Phụ Nữ Việt Nam,,Bìa mềm,36.0,,Tiki Trading,available,1000,False,True,True
278138651,Sách Tăng cường não bộ để đạt IQ vượt trội - Những bài thực hành rèn luyện,43164,55000,22,0.0,0,0,Ban Biên tập MIS,Đinh Tị,Nhà Xuất Bản Thanh Niên,,Bìa mềm,46.0,,Tiki Trading,available,1000,True,True,True
276836769,Sách Em yêu khoa học - Bách khoa tri thức thiếu nhi (Hơn 1200 hình ảnh minh họa),161500,235000,31,0.0,0,1,Phạm Hồng,Nhà sách Minh Thắng,Nhà Xuất Bản Hà Nội,,Bìa cứng,676.0,2024-12-19,Tiki Trading,available,1000,False,True,True
276801866,Sách dạy 29 Chữ Cái  Tập 1 có App Bài Giảng cho bé sẵn sàng bước vào lớp 1,135000,165000,18,0.0,0,0,Phan Hồ Điệp,Công ty cổ phần phát triển công nghệ Pantado,NXB Dân Trí,,Bìa cứng,79.0,2024-12-01,Nhà Sách Siêu Nhí Pantado,available,1000,True,True,True
276464770,Combo 8 cuốn sticker trò chơi dán hình cho bé - tìm hiểu đầy đủ về các loại xe trên thế giới - sticker thế giới xe - Phát triển IQ - EQ - CQ,199600,280000,29,0.0,0,0,Louis Ben,Việt Thư,Nhà Xuất Bản Phụ Nữ Việt Nam,,Bìa mềm,,,Tiki Trading,available,1000,False,True,True
275410119,Sách Cùng Con Trưởng Thành - Qua Những Bộ Phim Thiếu Nhi Kinh Điển,105000,159000,34,0.0,0,14,Tào Bảo Ấn,Tân Việt,Nhà Xuất Bản Văn Học,,Bìa cứng,413.0,2024-06-01,Tiki Trading,available,1000,False,True,True
274638899,Sách - Toán Tư Duy Cho Trẻ Từ 3-4 Tuổi,75000,75000,0,4.0,1,13,Thanh Hương,Việt Hà,Nhà Xuất Bản Hà Nội,,,112.0,,NHÀ SÁCH ĐĂNG KHÔI,available,1000,True,True,True
272599094,Combo (6 Tập): Healthy eating - Ăn uống lành mạnh,134800,174000,23,0.0,0,3,Gemma McMullen,Đinh Tị,Nhà Xuất Bản Thanh Niên,,Bìa mềm,27.0,2023-01-01,Tiki Trading,available,1000,True,True,True
272565718,Sách Từ Điển STEAM Song Ngữ,44100,45000,2,0.0,0,4,Jon Richards,NXB Kim Đồng,Nhà Xuất Bản Kim Đồng,,Bìa mềm,48.0,2023-10-05,Tiki Trading,available,1000,False,True,True
253227936,Chú bé mang pyjama sọc - Bản Quyền,79000,79000,0,0.0,0,0,,Nhã Nam,Nhà Xuất Bản Hội Nhà Văn,,,,,info book,available,1000,True,True,True
253057018,Atlas động vật,171000,190000,10,0.0,0,2,,Công Ty Cổ Phần Văn Hóa Đông A,Nhà Xuất Bản Dân Trí,,,64.0,,Cá Chép Bookstore,available,1000,True,True,True
242091355,Sách 365 ngày siêu trí tuệ nhí - Phát triển tư duy logic IQ cho trẻ em 2,27000,35000,23,5.0,1,23,Starkids,Megabook,Nhà Xuất Bản Thanh Niên,,Bìa mềm,32.0,2023-02-01,Tiki Trading,available,1000,False,True,True
242091340,Sách 365 ngày siêu trí tuệ nhí - Phát triển tư duy logic IQ cho trẻ em 5,27000,35000,23,0.0,0,18,Starkids,Megabook,Nhà Xuất Bản Thanh Niên,,Bìa mềm,32.0,2023-02-01,Tiki Trading,available,1000,False,True,True
208122578,Combo Đố Em Phân Biệt! (10 Cuốn),179000,200000,11,5.0,1,24,"Lãnh Lâm Úy, Tôn Hi Ba",Kim Đồng,Nhà Xuất Bản Kim Đồng,,Bìa mềm,240.0,2022-11-25,Tiki Trading,available,1000,False,True,True
207754441,"Sách Khinh Khí Cầu - Mô Hình Động, Bé Ghép Mô Hình 3D",59400,119000,50,0.0,0,6,Annabel Stones,Tân Việt,Nhà Xuất Bản Mỹ Thuật,,Bìa cứng,10.0,2022-12-12,Tiki Trading,available,1000,False,True,True
207033427,Bộ Sách Viết Và Xóa - 150++ Hoạt Động Rèn Luyện Tư Duy - Mê Cung,31700,40000,21,0.0,0,3,"Elizabeth Golding, Maria Neradova",Đinh Tị,Nhà Xuất Bản Hà Nội,,Bìa mềm,18.0,2022-11-11,Tiki Trading,available,1000,True,True,True
191801175,Sách Nhịn Khô,100700,139000,28,4.8,35,543,Sergey Filonov,Thái Hà,Nhà Xuất Bản Thế Giới,,Bìa mềm,296.0,2022-07-07,Tiki Trading,available,1000,False,True,True
184080345,ComBo: Cuốn Sách Kể Về Cuộc Đời Của Những Thiên Tài: Elbert Einstein + Thomas Edison+ Andersen+ Leonardo Da Vinci+ Marie Curie + Lev Tolstoy+ Isaac Newton+ Alfred Nobe+ Beethoven+ Victor Hugo ( Bộ: 10 Cuốn),417600,600000,30,4.8,24,179,Rasmus Hoài Nam,Tân Việt,Nhà Xuất Bản Thanh Niên,,Bìa mềm,158.0,2022-05-05,Tiki Trading,available,1000,False,True,True
176443194,"Trọn Bộ 6 Cuốn 2000+ Stickers Bóc Dán Thông Minh (Dành Cho Trẻ Từ 2-6 Tuổi) - Giúp bé phát triển IQ, EQ, CQ",118000,178000,34,4.5,11,76,,Công ty CP in Thương Mại Nam Hải,Nhà Xuất Bản Hà Nội,,,,,Bùi Thị Anh,available,1000,True,True,True
175458321,Sách Lật Mở Tương Tác - SÁCH ÂM THANH: Âm Thanh Các Loài Vật Quanh Em + Poster An Toàn Cho Bé (Sách kích thích não bộ của trẻ),183800,191500,4,0.0,0,22,,Đinh Tị,Nhà Xuất Bản Hà Nội,,,,,AHABOOKS,available,1000,True,True,True
166033845,Sách Kỹ Năng Sống : Hiểu Về Sự Sống - Sự Sống Có Khi Nào Kết Thúc? Tập 2 - First News,80000,80000,0,0.0,0,0,,First News - Trí Việt,Nhiều Nhà Xuất Bản,,,,,Nhà Sách Vĩnh Thụy,available,1000,True,True,True
142791753,Sách Giá Trị Của Đạo Đức,116300,159000,27,5.0,2,31,Saron Kaye PHD,1980 Books,Nhà Xuất Bản Lao Động,,Bìa mềm,148.0,2021-11-01,Tiki Trading,available,1000,False,True,True
112442106,Sách Tớ Đến Với Khoa Học Máy Tính: Logic Và Dữ Liệu (Tái Bản),37400,49000,24,0.0,0,11,TS. Tracy Gardner,Alphabooks,Nhà Xuất Bản Dân Trí,,Bìa mềm,24.0,2021-07-15,Tiki Trading,available,1000,False,True,True
96369855,Sách Danh Nhân Thế Giới: Fabrê (Tái Bản 2021),30000,30000,0,0.0,0,4,Han Kiên,NXB Kim Đồng,Nhà Xuất Bản Kim Đồng,,Bìa mềm,160.0,2021-05-15,Bamboo Books,available,1000,True,True,True
79409375,Sách Tri Thức Kinh Điển Bằng Tranh - Lịch Sử Tự Nhiên,213100,319000,33,5.0,21,88,Miao Desui,Alpha Books,Nhà Xuất Bản Dân Trí,,Bìa cứng,160.0,2021-03-02,Tiki Trading,available,1000,False,True,True
74992387,Combo 12 Cuốn: Bộ Khám Phá Tự Nhiên Quanh Em,383000,540000,29,4.8,5,40,Nhiều tác giả,Alphabooks,Nhà Xuất Bản Dân Trí,,Bìa mềm,385.0,2021-11-01,Tiki Trading,available,1000,False,True,True
59203514,Sách Lược Sử Vạn Vật - Phiên bản dành cho nhà khoa học nhí,270500,350000,23,4.8,34,241,Bill Bryson,Alphabooks,Nhà Xuất Bản Dân Trí,,Bìa cứng,150.0,2020-08-07,Tiki Trading,available,1000,False,True,True
58397037,Sách Kĩ Năng Vàng Cho Teen Thế Kỉ 21 - Bí Kíp Quản Lí Thời Gian,68000,85000,20,4.8,37,283,"Xie Qi Jun, Yinyin",NXB Kim Đồng,Nhà Xuất Bản Kim Đồng,,Bìa mềm,192.0,2020-07-01,Tiki Trading,available,1000,False,True,True
54682254,Sách Lift-The-Flap - Lật Mở Khám Phá - The Environment - Môi Trường Của Chúng Ta,135500,135500,0,0.0,0,2,"Linh Chi, Quỳnh Rùa",Đinh Tị,Nhà Xuất Bản Hà Nội,,Bìa mềm,14.0,2020-05-01,Tiệm Sách Minh Vân,available,1000,True,True,True
49317832,Sách Phương Tiện Giao Thông: Lật - Mở - Ghép Hình - An Toàn Mọi Lúc Mọi Nơi Cùng Panda,90100,120000,25,0.0,0,23,"Gia Linh, Aki, Bảo Ngân",Pandabooks,Nhà Xuất Bản Thanh Niên,,Bìa cứng,12.0,2020-02-02,Tiki Trading,available,1000,False,True,True
49273687,Sách Kích Thích Thị Giác Black And White - Cho Trẻ Sơ Sinh,79120,86000,8,5.0,2,56,Pingbooks,Vizibook,Nhà Xuất Bản Phụ Nữ Việt Nam,,Bìa cứng,12.0,2022-02-01,Vizibook,available,1000,True,True,True
29820808,Sách Những Người Bạn Tốt - Chị Bướm Duyên Dáng,19600,28000,30,4.7,3,28,Barbara Bacchini,Tân Việt,,,Bìa mềm,12.0,2019-08-01,Tiki Trading,available,1000,False,False,True
20700690,Sách Từ Điển Hình Ảnh Cho Bé: Phương Tiện (Tái Bản 2019),29700,30000,1,5.0,4,49,"Phạm Huy Thông, Lê Bích Thuỷ, Hiếu Minh, Việt Hải",Nhà Xuất Bản Kim Đồng,,,Bìa mềm,12.0,2019-06-01,Nhà sách Fahasa,available,1000,True,True,True
5982845,Sách Bí Ẩn Thế Giới Loài Vật: Chim (Tái Bản 2018),40000,40000,0,0.0,0,2,,Nhà Xuất Bản Kim Đồng,Nhà Xuất Bản Kim Đồng,,Bìa mềm,44.0,2018-10-12,Bamboo Books,available,1000,True,True,True
981942,Combo Kích Thích Phát Triển Thị Giác Cho Bé ( Trọn Bộ 6 Cuốn ),184800,192500,4,4.8,44,382,21st Century,Nhà Xuất Bản Kim Đồng,Nhà Xuất Bản Kim Đồng,,Bìa mềm,,2017-09-01,AHABOOKS,available,1000,True,True,True
980924,Sách Thử Tài Tìm Kiếm – Biển Khơi,37050,45000,18,5.0,32,503,Kate Needham,Công Ty Cổ Phần Văn Hóa Đông A,Nhà Xuất Bản Dân Trí,,Bìa mềm,32.0,2017-10-01,Tiki Trading,available,1000,False,True,True
278679664,Combo Tớ Tự Tin (2 Cuốn),134000,150000,11,0.0,0,0,Shizi Culture,Nhà Xuất Bản Kim Đồng,Nhà Xuất Bản Kim Đồng,,Bìa mềm,,,Tiki Trading,available,1000,False,True,True
278241197,Sách Câu đố dân gian:,25400,33000,23,0.0,0,2,"Búp trên cành, Bích Ngọc",Nhà xuất bản Phụ Nữ Việt Nam,Nhà Xuất Bản Phụ Nữ Việt Nam,,Bìa mềm,36.0,,Tiki Trading,available,1000,False,True,True
277288865,Quiz - khoa học kì thú: thám hiểm cơ thể,75000,75000,0,0.0,0,2,,Nhà Xuất Bản Kim Đồng,Nhà Xuất Bản Kim Đồng,,,,,Bamboo Books,available,1000,True,True,True
275932254,Khám phá các trào lưu Nghệ thuật - Pop Art,95000,95000,0,0.0,0,9,,ARTBook,Nhà Xuất Bản Thế Giới,,,,,Artbook,available,1000,True,True,True
275281493,Sách Phát Triển Tư Duy: Lift-The-Flap - Lật Mở Khám Phá - Những Kiến Thức Đầu Đời - Cơ Thể Tuyệt Diệu,130200,168000,23,0.0,0,3,,Đinh Tị,Nhà Xuất Bản Thanh Niên,,,,,Tiki Trading,available,1000,True,True,True
271555340,Sách Âm Thanh - Âm Thanh Quanh Bé - Những Động Vật Đáng Yêu,195700,265000,26,0.0,0,0,Igloo Books,Công ty TNHH Tazano,NXB Dân Trí,,Bìa cứng,12.0,2023-09-01,Tiki Trading,available,1000,False,True,True
270823006,"30 Giây Khoa Học Dữ Liệu (50 nguyên tắc và sự đổi mới trong lĩnh vực thu thập dữ liệu, mỗi nguyên tắc được giải thích trong nửa phút)",155000,155000,0,0.0,0,2,,Nhà Xuất Bản Kim Đồng,Nhà Xuất Bản Kim Đồng,,Bìa gập,160.0,2023-07-31,Bamboo Books,available,1000,True,True,True
263100156,Kích Thích Thị Giác Black And White 1 (Dành Cho Trẻ 0-3 Tuổi),78200,86000,9,0.0,0,13,Hoàng Tú,Công ty cổ phẩn Xuất bản và Giáo dục Vizi,Nhà Xuất Bản Phụ Nữ Việt Nam,,,,,Nhà sách Fahasa,available,1000,True,True,True
262733302,Sách Bộ Trò Chơi Tư Duy Cho Trẻ: Trổ Tài Suy Luận,49000,49000,0,0.0,0,0,Buke - Buke,Alphabooks,Nhà Xuất Bản Dân Trí,,Bìa mềm,32.0,2023-05-01,info book,available,1000,True,True,True
253305147,Ông nội vượt ngục (David Walliams) (TB 2021) - Bản Quyền,128000,128000,0,0.0,0,2,,Nhã Nam ,Nhà Xuất Bản Hội Nhà Văn,,,,,HỆ THỐNG NHÀ SÁCH ABC,available,1000,True,True,True
251281607,Quiz! Khoa học kì thú – Các nhà khoa học thiên tài,75000,75000,0,0.0,0,1,Nhiều tác giả,NXB Kim Đồng,Nhà Xuất Bản Kim Đồng,,Bìa mềm,200.0,,Bamboo Books,available,1000,True,True,True
251281593,Quiz! Khoa học kì thú – Động vật,75000,75000,0,0.0,0,0,Nhiều tác giả,NXB Kim Đồng,Nhà Xuất Bản Kim Đồng,,Bìa mềm,200.0,,Bamboo Books,available,1000,True,True,True
247813637,Tớ Là Hươu Cao Cổ. Nhà Tớ Ở Châu Phi,65000,65000,0,0.0,0,0,,Sách điện tử Thái Hà,Nhà Xuất Bản Lao Động,,,,,Nhà Sách Vĩnh Thụy,available,1000,True,True,True
216001268,Trò Chơi Mê Cung - Thử Thách Tư Duy (Sách Bản Quyền) (2-8 Tuổi),23000,35000,34,5.0,6,106,Hồ Lô Xanh,Nhà sách Minh Thắng,Nhà Xuất Bản Dân Trí,,Bìa mềm,16.0,2022-12-12,Tiki Trading,available,1000,False,True,True
210277401,Sách Hỏi đáp cùng em! - Bóng đá,145796,229000,36,4.5,2,34,Valentin Verthé,Nhã Nam,Nhà Xuất Bản Thế Giới,,Bìa cứng,112.0,2022-12-01,Tiki Trading,available,1000,False,True,True
198128615,Danh nhân thế giới - Helen,30000,30000,0,0.0,0,6,, NXB Kim Đồng,Nhà Xuất Bản Kim Đồng,,Bìa mềm,,,Bamboo Books,available,1000,True,True,True
191920173,ComBo: Bộ Sách Giáo Dục Giới Tính Hàn Quốc:  Luôn Cảnh Giác Với Người Lạ+ Phép Lịch Sự Khi Đi Vệ Sinh+ Những Trò Đùa Ác Ý+ Con Được Sinh Ra Như Thế Nào ?,178700,260000,31,0.0,0,27,SEO Bo- Hyun,Tân Việt,Nhiều Nhà Xuất Bản,,Bìa cứng,33.0,2022-04-01,Tiki Trading,available,1000,False,True,True
189933554,"Bộ sách bóc dán phát triển trí tuệ cảm xúc CQ, IQ, EQ 299+ Stickers",29000,35000,17,5.0,4,25,,Công ty CP in Thương Mại Nam Hải,Nhà Xuất Bản Hà Nội,,,,,Bùi Thị Anh,available,1000,True,True,True
179954054,Sách Bách Khoa Khủng Long Toàn Tập,350000,350000,0,0.0,0,0,Dougal Dixon,Nhà Xuất Bản Đại Học Quốc Gia Hà Nội,Nhà Xuất Bản Đại Học Quốc Gia Hà Nội,,Bìa mềm,256.0,,HỆ THỐNG NHÀ SÁCH ABC,available,1000,True,True,True
177736611,Sách Tớ Là Một Kẻ Mộng Mơ!,31850,49000,35,0.0,0,3,Thái Hà,Thái Hà,Nhà Xuất Bản Hà Nội,,Bìa mềm,36.0,2022-04-04,Tiki Trading,available,1000,False,True,True
172946871,Combo 4Q: Phát Triển Trí Tuệ Cảm Xúc (Sách Kỹ Năng Sống Làm Chủ Cảm Xúc (EQ) / Kỹ Năng Giao Tiếp và Kỹ Năng Tư Duy Xúc Cảm cho bé) + Poster An Toàn Cho Con Yêu,200000,200000,0,5.0,3,21,,Nhã Nam,Nhà Xuất Bản Dân Trí,,Bìa mềm,,2021-06-18,NHBook,available,1000,True,True,True
170095148,Sách Bách Khoa Đầu Tiên,131000,180000,27,5.0,7,53,Nhiều tác giả,Công Ty Cổ Phần Văn Hóa Đông A,Nhà Xuất Bản Dân Trí,,Bìa cứng,160.0,2021-01-01,Tiki Trading,available,1000,False,True,True
159824706,Sách- Combo Từ điển bằng tranh Thế giới động vật + Rau củ quả + Phương tiện giao thông + Bảng chữ cái tiếng Việt (Tặng truyện tranh cho bé),401500,405600,1,0.0,0,2,,Minh Thắng,Nhà Xuất Bản Mỹ Thuật,,,,,Minhhabooks,available,1000,True,True,True
159050451,Sách Time Capsule - Nhật Ký Siêu Nhí Nhố,51600,85000,39,5.0,1,32,Katie Clemons,Alphabooks,Nhà Xuất Bản Thế Giới,,Bìa mềm,148.0,2022-01-01,Tiki Trading,available,1000,False,True,True
153518819,Sách Bách Khoa Toàn Thư Cho Bé - Bảng Chữ Cái Tiếng Anh,20600,30000,31,0.0,0,0,Phan Minh Đạo,Nhà sách Minh Thắng,Nhà Xuất Bản Dân Trí,,Bìa cứng,16.0,2021-12-12,Tiki Trading,available,1000,False,True,True
112442080,Sách Tớ Đến Với Khoa Học Máy Tính: Thuật Toán Và Lập Trình (Tái Bản),36400,49000,26,5.0,1,23,TS. Tracy Gardner,Alphabooks,Nhà Xuất Bản Dân Trí,,Bìa mềm,24.0,2021-07-15,Tiki Trading,available,1000,False,True,True
100113252,Sách Mathstart Trải Nghiệm Toán Học: Thang Máy Phép Thuật,41300,59000,30,4.3,6,59,Stuart J.Murphy,Alphabooks,Nhà Xuất Bản Dân Trí,,Bìa mềm,36.0,2021-05-01,Tiki Trading,available,1000,False,True,True
99462315,Sách Khoa Học Khắp Quanh Ta - Hiểu Hết Về Lực,48300,52000,7,5.0,2,6,Rob Colson,Nhã Nam,Nhà Xuất Bản Hà Nội,,Bìa mềm,32.0,2021-05-01,Nhà sách Fahasa,available,1000,True,True,True
97217878,Sách Mathstart Trải Nghiệm Toán Học: Một Ngày Bất Ngờ Của Jack,47000,59000,20,0.0,0,0,Stuart J. Murphy,Alphabooks,Nhà Xuất Bản Dân Trí,,Bìa mềm,36.0,2021-05-01,Alpha Books Official,available,1000,True,True,True
89204256,Sách Hello English! - Xin Chào Tiếng Anh!- Từ Điển Tiếng Anh Bằng Hình,52200,55000,5,5.0,1,1,"Sam Hutchinson, Emilie Martin",Đinh Tị,Nhà Xuất Bản Thanh Niên,,Bìa mềm,48.0,2021-04-01,Nhà sách Fahasa,available,1000,True,True,True
69107164,Sách Bóc Dán Thông Minh - Rừng Rậm,48000,48000,0,0.0,0,0,Kirsteen Robson,Đinh Tị,Nhà Xuất Bản Thanh Niên,,Bìa mềm,24.0,,Bamboo Books,available,1000,True,True,True
59010143,Sách Books For Curious Young Minds - Những Thứ Phức Tạp Và To Lớn Được Tạo Ra Như Thế Nào?,179100,199000,10,0.0,0,4,Oldřich Růžička,Đinh Tị,Nhà Xuất Bản Thanh Niên,,Bìa cứng,36.0,,Nhà sách Fahasa,available,1000,True,True,True
50421087,"Sách Bóc Dán Thông Minh - Luyện Tay Thật Khéo, Luyện Mắt Thật Tinh - Mái Ấm Thân Yêu",33200,35000,5,5.0,2,16,"Evgeniya Popova, Margarita Kukhtina",Đinh Tị,Nhà Xuất Bản Hà Nội,,Bìa mềm,10.0,2020-01-03,Nhà sách Fahasa,available,1000,True,True,True
36984387,Combo Bộ Sách Giáo Dục Giới Tính Dành Cho Trẻ 3 Tuổi (10 Cuốn),523800,529100,1,4.6,30,156,SEO Bo-Hyun,Tân Việt,Nhà Xuất Bản Phụ Nữ,,Bìa cứng,,2019-10-01,Minhhabooks,available,1000,True,True,True
32593153,"Sách Bộ 8 quyển My First picture Encyclopedia, Thư viện hình ảnh đầu tiên cho bé ( Song ngữ ) cho bé từ 0-6 tuổi",232000,232000,0,5.0,98,492,Hải Minh,Đại Mai Books,Nhà Xuất Bản Phụ Nữ,,Bìa cứng,20.0,2019-09-26,trungthanh2018,available,1000,True,True,True
11728310,Sách Những Kỹ Năng Sống Dành Cho Học Sinh Tiểu Học (2 Màu),66900,72000,7,4.8,5,31,Quang Lân,CÔNG TY CỔ PHẦN SÁCH TRÍ THỨC VIỆT,,,Bìa mềm,207.0,2019-03-01,Nhà sách Fahasa,available,1000,True,True,True
1036538,Cuốn Sách Lớn Đầu Tiên Của Tớ: Chim,147500,147500,0,0.0,0,3,Catherine D. Hughes,Nhà Xuất Bản Kim Đồng,,,Bìa mềm,128.0,2017-10-18,Phương Đông Books,available,1000,True,True,True
575956,Bộ Sách Chân Dung Những Người Thay Đổi Thế Giới - Charles Darwin Là Ai?,49000,49000,0,0.0,0,0,Deborah Hopkinson,Alphabooks,Nhà Xuất Bản Dân Trí,,Bìa mềm,105.0,2017-02-21,HỆ THỐNG NHÀ SÁCH ABC,available,1000,True,True,True
475771,Sách Chúng Mình Đi Đâu Thế - Khám Phá Trung Quốc,48000,50000,4,0.0,0,5,Dang Zhexi Office,Huy Hoàng Bookstore,,,Bìa mềm,48.0,2015-12-02,Nhà sách Fahasa,available,1000,True,True,True
365991,Bộ Sách Phát Triển Trí Tuệ Trẻ Em (10 Cuốn) (Tái Bản),49500,90000,45,5.0,1,4,.,Công Ty Cổ Phần Văn Hóa Đông A,Nhà Xuất Bản Mỹ Thuật,,Bìa mềm,160.0,2011-03-15,Đông A Books Official,available,1000,True,True,True
279183753,Combo 6 Cuốn Jadoo Rèn Kỹ Năng Sống,298080,414000,28,0.0,0,0,1980 Edu,1980 Books,Nhà Xuất Bản Dân Trí,,Bìa mềm tay gấp,,,1980Books Official,available,1000,True,True,True
278713255,Sách - Bách Khoa Khủng Long Toàn Tập - Bìa Cứng,322000,350000,8,0.0,0,0,Dougal Dixon,dong a,NXB Dân Trí,,Bìa mềm,,2023-12-21,Nhà sách Fahasa,available,1000,True,True,True
278712142,Sách - Khoa Học Khám Phá - Feynman Chuyện Thật Như Đùa (Tái Bản 2024),193600,220000,12,0.0,0,3,Richard P Feynman,NXB Trẻ,NXB Trẻ,,Bìa mềm,,2023-12-21,Nhà sách Fahasa,available,1000,True,True,True
278321264,Danh Tác Trong Nhà Trường - Côn Trùng Ký  Tái Bản 2024 (HH),91800,108000,15,0.0,0,1,Jean Henri Fabre,Huy Hoàng Bookstore,Nhà Xuất Bản Văn Học,,Bìa mềm,144.0,,Văn Lang Official Store,available,1000,True,True,True
278229980,Sách Sinh Vật Học Kỳ Thú - Những Cư Dân Tí Hon Của Rừng Việt Nam,118800,165000,28,0.0,0,2,Ira Semenyuk,Nhã Nam,Nhà Xuất Bản Dân Trí,,Bìa mềm,144.0,,Tiki Trading,available,1000,False,True,True
276976056,Sách Tương Tác Xoay Xoay Xoay – Đi Tìm (0 - 6 Tuổi) – Đinh Tị,145000,145000,0,0.0,0,15,"Sylvie Baussier, France Cottin",Đinh Tị,Nhà Xuất Bản Hà Nội,,Bìa cứng,12.0,,KN Toys Shop,available,1000,True,True,True
276662774,Lật Mở Từ Vựng Tiếng Anh Đầu Tiên Cho Bé - Cuốn 2,62000,62000,0,0.0,0,1,Starkids,Gieobooks,Nhà Xuất Bản Thanh Niên,,Bìa mềm,12.0,2024-11-28,Tazano Official Store,available,1000,True,True,True
276597177,Quiz! Khoa Học Kì Thú - Khoa Học Thể Thao,75000,75000,0,0.0,0,1,"Son, Jong-geun",Nhà Xuất Bản Kim Đồng,Nhà Xuất Bản Kim Đồng,,,180.0,,Bamboo Books,available,1000,True,True,True
275429498,Combo Ngữ pháp tiếng Anh nâng cao lớp 8 (Global) (2 Tập),101000,150000,33,5.0,1,6,Thùy Dương,Megabook,Nhà Xuất Bản Đại Học Quốc Gia Hà Nội,,Bìa mềm,,2024-06-01,Tiki Trading,available,1000,False,True,True
275034119,Combo 4 Cuốn Dành Cho Thiếu Nhi:  WOLFOO Khám Phá Toán Học Vui ( Sách Rèn Luyện Tư Duy Phát Triển Trí Tuệ ),316000,316000,0,0.0,0,0,,1980 Books,Nhiều Nhà Xuất Bản,,,,,info book,available,1000,True,True,True
274901168,556 Câu Đố Rèn Trí Thông Minh (Tái Bản 2024),24600,28000,12,0.0,0,0,Gia Mạnh,Nhà sách Minh Thắng,NXB Dân Trí,,,,,Nhà sách Fahasa,available,1000,True,True,True
274845337,Sách Ngại Gì Môn Hóa,80800,109000,26,4.8,5,43,TOM WHIPPLE,Alphabooks,Nhà Xuất Bản Thế Giới,,Bìa mềm,240.0,2024-04-01,Tiki Trading,available,1000,False,True,True
274536003,Sách - Khám Phá Những Bí Ẩn Khoa Học Cùng GORO 2 - “Goro và chuyến phiêu lưu đến vương quốc điện”,49680,69000,28,0.0,0,0,,1980 Books,Nhà Xuất Bản Dân Trí,,,,,1980 BOOKS HCM,available,1000,True,True,True
274376248,Peak - Giải Mã Bí Ẩn Của Những Thiên Tài,151000,189000,20,5.0,1,20,"Anders Ericsson, Robert Pool",Alphabooks,Nhà Xuất Bản Lao Động Xã Hội,,Bìa mềm,372.0,2019-05-01,Alpha Books Official,available,1000,True,True,True
274320373,Sách STICKER FASHION - Dán Hình Thời Trang,31700,45000,30,0.0,0,1,Phan Minh Đạo,Nhà sách Minh Thắng,Nhà Xuất Bản Dân Trí,,Bìa mềm,20.0,2024-01-01,Tiki Trading,available,1000,False,True,True
274024428,Sách Chơi Chữ,71250,75000,5,0.0,0,12,Nguyễn Như Mai,Kim Đồng,Nhà Xuất Bản Kim Đồng,,Bìa mềm,148.0,2024-01-22,Tiki Trading,available,1000,False,True,True
273645249,Lăng Mộ Taj Mahal Ở Đâu? (Tái Bản 2023),58500,65000,10,0.0,0,1,Dorothy,Alpha Books,NXB Dân Trí,,,,,Nhà sách Fahasa,available,1000,True,True,True
273553232,Sách Nàng Bạch Tuyết Và Bảy Chú Lùn - Ngày Xửa Ngày Xưa,51500,75000,31,5.0,1,13,Phương Nhung,Tân Việt,Nhà Xuất Bản Mỹ Thuật,,Bìa cứng,24.0,2023-12-01,Tiki Trading,available,1000,False,True,True
272830233,IQ Thiên Tài Phát Triển Tư Duy Não Bộ 1 - 2 Tuổi (Tái Bản 2023),62900,74000,15,0.0,0,1,Thanh Anh,Nhà sách Minh Thắng,Nhà Xuất Bản Phụ Nữ Việt Nam,,,,,Nhà sách Fahasa,available,1000,True,True,True
263278421,Combo Phát Triển Trí Tuệ Cảm Xúc (Bộ 6 cuốn),300000,300000,0,0.0,0,2,Jayneen Sanders,Nhã Nam,Nhà Xuất Bản Dân Trí,,Bìa mềm,40.0,2023-06-17,HỆ THỐNG NHÀ SÁCH ABC,available,1000,True,True,True
259590080,Chị và em bé Ehon dành cho trẻ từ 36 tuổi. - Bản Quyền,39000,39000,0,0.0,0,2,,Cty TNHH Sách WABOOKS,Nhà Xuất Bản Lao Động Xã Hội,,,,,Gooda Official,available,1000,True,True,True
253058452,Sách Lift the flap - Lật mở khám phá - Chúng tôi là những siêu nhân cứu hộ! - We are rescue heroes!,123300,148000,17,5.0,1,11,"Alice Bartosinski, Stephen Barker",Đinh Tị,Nhà Xuất Bản Hà Nội,,Bìa cứng,10.0,2023-04-04,Tiki Trading,available,1000,False,True,True
215152336,Sách Chuyện Cũ Hà Nội – Phần 1 (Tái Bản 2022),82000,88000,7,0.0,0,4,Tô Hoài,NXB Kim Đồng,Nhà Xuất Bản Kim Đồng,,Bìa mềm,364.0,2023-01-01,Tiki Trading,available,1000,False,True,True
212484343,Sách Âm Thanh - Thế Giới Động Vật,359100,399000,10,5.0,1,5,"Minh Trang,  Thu Nấm",Đinh Tị,nxb thanh nien,,,,,Nhà sách Fahasa,available,1000,True,True,True
204875000,Sách Thành Phố Điện - Giải Mã Lịch Sử Về Thành Phố Không Tưởng Của Ford và Edison,82400,165000,50,5.0,2,23,Thomas Hager,Tân Việt,Nhà Xuất Bản Dân Trí,,Bìa mềm,347.0,2022-11-11,Tiki Trading,available,1000,False,True,True
186600070,[BÁCH KHOA CHO TRẺ EM] – BÁCH KHOA TỰ NHIÊN – MỞ MANG KIẾN THỨC KHƠI DẬY TIỀM NĂNG– tủ sách DK – Đông A – Bìa Cứng in màu toàn bộ,180000,180000,0,5.0,1,1,DK,Đông A,NXB Dân Trí,,Bìa cứng,160.0,,Bamboo Books,available,1000,True,True,True
182983715,Sách Bé Thông Minh First 100 Words - 100 Từ Vựng Đầu Tiên (Tặng Sticker),23700,35000,32,5.0,1,3,Phan Minh Đạo,Nhà sách Minh Thắng,Nhà Xuất Bản Dân Trí,,Bìa mềm,18.0,2022-04-04,Tiki Trading,available,1000,False,True,True
173477518,Sách Từ Điển Bằng Hình Cho Bé - Các Loài Động Vật - Animals,22200,28000,21,0.0,0,1,Nhiều tác giả,Đinh Tị,Nhà Xuất Bản Thanh Niên,,Bìa mềm,24.0,2022-02-01,Tiki Trading,available,1000,True,True,True
172175787,10 Vạn Câu Hỏi Vì Sao - Siêu Nhí Hỏi Nhà Khoa Học Trả Lời (Quyển 3) - Tái Bản,63200,63900,1,0.0,0,2,Yosbook,Nhà sách Minh Thắng,Nhà Xuất Bản Văn Học,,Bìa mềm,96.0,2022-01-01,Minhhabooks,available,1000,True,True,True
130790393,10 vạn câu hỏi vì sao - Khám phá thế giới thực vật (Tái bản),50300,55000,9,0.0,0,0,Tôn Nguyên Vĩ,Đinh Tị,nxb thanh nien,,,140.0,,Play With Me,available,1000,True,True,True
96112539,Ehon - Cuốn Sách Tranh Đầu Tiên Về Vũ Trụ,74200,99000,25,5.0,42,312,Nhiều tác giả,Quảng Văn,Nhà Xuất Bản Phụ Nữ,,Bìa mềm,52.0,2021-05-07,Tiki Trading,available,1000,False,True,True
90660814,Sách Bóc Dán Thông Minh Vừa Học Vừa Chơi 2-6 Tuổi - Khả Năng Tư Duy,27100,40000,32,4.8,36,302,Trần Hải Anh,Nhà sách Minh Thắng,Nhà Xuất Bản Dân Trí,,Bìa mềm,22.0,2021-03-01,Tiki Trading,available,1000,False,True,True
77225340,Sách Vui Học Cùng Curo Biết Tuốt- Bí Mật Của Chú Rô Bốt Curo Kỳ Lạ,81800,88000,7,0.0,0,11,Innha Cho,Nhã Nam,Nhà Xuất Bản Thế Giới,,Bìa mềm,92.0,2021-02-01,Nhà sách Fahasa,available,1000,True,True,True
63448524,Sách Suy Đến Nơi Nghĩ Đến Chốn 2,138000,138000,0,0.0,0,3,Anne Sophie Chilaro,Nhã Nam,Nhà Xuất Bản Thế Giới,,Bìa mềm,138.0,,HaAnBooks,available,1000,True,True,True
52798456,Chuẩn Bị Cho Bé Vào Lớp 1: Tập Tô Chữ (Quyển 1),9600,12000,20,5.0,3,23,"Trần Ngọc Bảo Hân,  Tiểu Giàu",Cty Văn Hóa Nhân Văn,Nhà Xuất Bản Hồng Đức,,,,,Nhà sách Fahasa,available,1000,True,True,True
16422488,Sách 168 Câu Chuyện Kỹ Năng Sống Cho Học Sinh - Giúp Hình Thành Nhân Cách - Cậu Bé Và Cỏ Tâm An,34300,50000,31,4.8,13,103,.,Đinh Tị,Nhà Xuất Bản Thế Giới,,Bìa mềm,208.0,2019-05-01,Tiki Trading,available,1000,True,True,True
11713388,Who? Chuyện Kể Về Danh Nhân Thế Giới - J. K. Rowling (Tái Bản 2019),53900,55000,2,5.0,16,113,"ChungBe Studios, Kim Seungryeol",Nhà Xuất Bản Kim Đồng,,,Bìa mềm,176.0,2019-03-15,Nhà sách Fahasa,available,1000,True,True,True
572471,Sách Khám Phá Rừng Già - Động Vật Hoang Dã,89600,128000,30,4.6,10,159,Steve Parker,First News - Trí Việt,,,,128.0,2017-01-17,Tiki Trading,available,1000,False,True,True
503708,Sách 200 Câu Hỏi Và Lời Giải Đáp - Nghệ Thuật Và Văn Hóa,24700,26000,5,0.0,0,1,Rahul Singhal - XACT Team,Nhà sách Văn Chương,Nhà Xuất Bản Văn Học,,Bìa mềm,32.0,2016-05-20,Chính Thông,available,1000,True,True,True
398846,Sách Kỹ Năng Mềm - Mẹ Không Phải Người Giúp Việc,84000,84000,0,0.0,0,0,.,Alphabooks,Nhà Xuất Bản Dân Trí,,Bìa mềm,137.0,2014-05-20,info book,available,1000,True,True,True
279057095,Sách Khổng Lồ Về Tết - Em Đi Chợ Tết (VớI Rất NhiềU Miếng Bóc Dán Sử Dụng Nhiều Lần),81900,108000,24,0.0,0,2,Lời: Thành Đạt; Minh họa: Tuyết Hoàng,Đinh Tị,Nhà Xuất Bản Hà Nội,,Bìa mềm,20.0,2025-01-01,Tiki Trading,available,1000,False,True,True
279001390,"Jadoo Luyện Viết Chữ, Nhớ Từ Vựng Tiếng Anh 3",56880,79000,28,0.0,0,0,1980 Edu,1980 Books,Nhà Xuất Bản Dân Trí,,Bìa mềm tay gấp,,,1980Books Official,available,1000,True,True,True
278138800,Tiếng Anh Cho Bé,123000,150000,18,0.0,0,1,Picthall - Gunzi,Đông A,Nhà Xuất Bản Dân Trí,,Bìa cứng,32.0,,Tiki Trading,available,1000,False,True,True
278128793,Sách 25++ Hoạt Động Rèn Luyện Trí Sáng Tạo Và Tư Duy Cho Trẻ,35700,45000,21,0.0,0,0,Nhiều tác giả,Đinh Tị,Nhà Xuất Bản Thanh Niên,,Bìa mềm,32.0,,Tiki Trading,available,1000,True,True,True
278120888,"(Bộ 10 Cuốn) Sách RIO Book KIDS - Bố Mẹ Ơi, Dạy Con Dùng Tiền",635250,825000,23,0.0,0,0,"Đinh Thị Thanh Vân, Đinh Phương Thảo, Đỗ Trường Sơn",CÔNG TY CỔ PHẦN RIO BOOK VIỆT NAM,Nhà Xuất Bản Dân Trí,,Bìa mềm,880.0,,Tiki Trading,available,1000,False,True,True
278021129,10 Vạn Câu Hỏi Vì Sao? Du Hành Vào Thế Giới Động Vật - Vanlangbooks,48380,59000,18,0.0,0,2,Trần Duy Thành,VanLangBooks,Nhà Xuất Bản Hồng Đức,,Bìa mềm,72.0,2020-05-01,Văn Lang Official Store,available,1000,True,True,True
276963322,Quiz! Khoa Học Kì Thú - Khám Phá Não Bộ,75000,75000,0,0.0,0,0,,Công ty TNHH Tazano,Nhà Xuất Bản Kim Đồng,,Bìa mềm,200.0,2025-01-09,Bamboo Books,available,1000,True,True,True
276813296,Phương Tiện Đi Chuyển - Cuốn Sách Lớn Đầu Tiên Của Tớ Về Vehicles - Song Ngữ Anh-Việt,70600,99000,29,0.0,0,1,Roger Priddy,Tân Việt,Nhà Xuất Bản Văn Học,,Bìa cứng,15.0,2024-12-16,Tiki Trading,available,1000,False,True,True
276648691,Bách Khoa Cho Trẻ Em: Bách Khoa Tự Nhiên,180000,180000,0,0.0,0,0,DK,Gieobooks,NXB Dân Trí,,Bìa cứng,128.0,,Tazano Official Store,available,1000,True,True,True
276507842,Quiz! Khoa Học Kì Thú - Động Thực Vật Độc Và Quý Hiếm,75000,75000,0,0.0,0,0,"Shin, Hye-young",Công ty TNHH Tazano,Nhà Xuất Bản Kim Đồng,,Bìa mềm,200.0,2024-11-04,Bamboo Books,available,1000,True,True,True
275357023,Sách WOLFOO EQ - VÌ SAO TỚ NÊN HÒA ĐỒNG,34500,49000,30,0.0,0,9,1980Edu (Phương Thư),1980 Books,Nhà Xuất Bản Dân Trí,,Bìa mềm,100.0,2024-06-01,Tiki Trading,available,1000,False,True,True
275056994,Sách - 5 phút tư duy logic (Tập 1 - Nhập môn) - Nhã Nam Official,118000,118000,0,0.0,0,1,Sony Global Education,Nhã Nam,Nhà Xuất Bản Thế Giới,,Bìa mềm,150.0,,Bảo Châu Books,available,1000,True,True,True
274535997,Sách - Khám Phá Những Bí Ẩn Khoa Học Cùng GORO 4 - “Goro và cuộc chiến với chúa tể Magnit”,69000,69000,0,0.0,0,0,,1980 Books,Nhà Xuất Bản Dân Trí,,,,,Nhà Sách Vĩnh Thụy,available,1000,True,True,True
274070387,World of Science – Làm bạn với khoa học - Set 1 (Lựa chọn theo chủ đề),58900,62000,5,0.0,0,0,Karen Kwek,Zenbooks,Nhà Xuất Bản Dân Trí,,Bìa mềm,80.0,,Cá Chép Bookstore,available,1000,True,True,True
273691892,Sách Pixi thông thái - Vi vu trong vũ trụ,16940,22000,23,0.0,0,8,"Monika Wittmann, Jochen Windecker",Nhã Nam,Nhà Xuất Bản Thông Tấn,,Bìa mềm,32.0,2023-04-12,Tiki Trading,available,1000,False,True,True
272032584,Sách: Bách Khoa Động Vật Dành Cho Trẻ Nhỏ - Côn Trùng,70000,70000,0,0.0,0,0,Nhiều,Minh Long,Nhà Xuất Bản Phụ Nữ Việt Nam,,Bìa mềm,124.0,2023-05-01,Nhà Sách Vĩnh Thụy,available,1000,True,True,True
263063891,Lift-The-Flap - Cảm Xúc Này Là Gì Nhỉ? - Bìa Cứng,128700,148000,13,0.0,0,12,Louise Forshaw,Đinh Tị,Nhà Xuất Bản Hà Nội,,,,,Nhà sách Fahasa,available,1000,True,True,True
253271647,Cậu bé mặc váy (David Walliams) -  Bản Quyền,98000,98000,0,0.0,0,1,,Nhã Nam,Nhà Xuất Bản Hội Nhà Văn,,,,,HỆ THỐNG NHÀ SÁCH ABC,available,1000,True,True,True
252035389,Sách Một Sai Lầm Siêu Dính,83600,109000,23,0.0,0,0,"Alison Donald, Rea Zhai",Quảng Văn,Nhà Xuất Bản Phụ Nữ Việt Nam,,Bìa mềm,72.0,2023-04-04,Tiki Trading,available,1000,False,True,True
246160694,Wabi Sabi - Thương Những Điều Không Hoàn Hảo,109000,109000,0,0.0,0,0,,Thái Hà,Nhà Xuất Bản Công Thương,,,,,Nhà Sách Vĩnh Thụy,available,1000,True,True,True
243006525,Sách 101 Câu Hỏi Gợi Ý Giúp Con Viết Ra Suy Nghĩ Của Mình,77000,110000,30,5.0,3,70,"Mẹ Của Pôn và Oliu, Biên Thùy",NXB Trẻ,NXB Trẻ,,Bìa mềm,100.0,2023-03-03,Tiki Trading,available,1000,False,True,True
227368858,Sách - Từ điển bằng tranh Rau Củ Quả(135)- ndbooks,101250,135000,25,0.0,0,0,,CÔNG TY TNHH THƯƠNG MẠI SÁCH NHÂN DÂN,Nhà Xuất Bản Thanh Niên,,Bìa cứng,,,SÁCH NHÂN DÂN - ndbooks,available,1000,True,True,True
221230158,Sách 10 vạn câu hỏi vì sao dành cho thiếu nhi - Con người và công nghệ,37500,60000,38,5.0,1,55,Trịnh Diên Tuệ,Minh Long,Nhà Xuất Bản Phụ Nữ,,Bìa mềm,128.0,2022-12-13,Tiki Trading,available,1000,False,True,True
197606689,Quiz! Khoa học kì thú - Núi lửa động đất,75000,75000,0,0.0,0,0,, NXB Kim Đồng,Nhà Xuất Bản Kim Đồng,,Bìa mềm,,,Bamboo Books,available,1000,True,True,True
196932337,Sách 5 phút tư duy logic - Tập 2 (Cơ bản),112000,118000,5,0.0,0,0,Sony Global Education,Nhã Nam,Nhà Xuất Bản Thế Giới,,Bìa mềm,48.0,2022-09-01,Sống Official,available,1000,True,True,True
192804929,Combo 3 cuốn Tung Cánh Trong Không Trung,210000,210000,0,0.0,0,0,, NXB Kim Đồng,Nhà Xuất Bản Kim Đồng,,Bìa mềm,,,Nhà Sách Vĩnh Thụy,available,1000,True,True,True
176831132,Combo Vui Học Sơ Đồ Tư Duy: Sách Bóc Dán (6 Cuốn),306000,348000,12,5.0,11,92,"Lạc Tư Tư, Tự Tại Đồng Thư",NXB Kim Đồng,Nhà Xuất Bản Kim Đồng,,Bìa mềm,28.0,2023-06-25,Tiki Trading,available,1000,False,True,True
165996957,"Sách Thảm Họa Tự Nhiên - Sự Thật Hoang Tàn Về Núi Lửa, Động Đất Và Sóng Thần",26000,35000,26,5.0,1,11,Alex Woolf,NXB Trẻ,NXB Trẻ,,Bìa mềm,32.0,2022-02-01,Tiki Trading,available,1000,False,True,True
155550590,Cuốn Sách Tranh Về Bầu Trời Sao,74200,99000,25,5.0,4,46,"Murata Hiroko, Tezuka Akemi",Quảng Văn,Nhà Xuất Bản Phụ Nữ Việt Nam,,Bìa mềm,52.0,2022-01-01,Tiki Trading,available,1000,False,True,True
147920907,Combo Bộ 6 Cuốn: Thư Viện Song Ngữ Đầu Tiên Cho Bé (0-3 Tuổi),101640,132000,23,5.0,44,691,Nhiều tác giả,Nhã Nam,Nhà Xuất Bản Hội Nhà Văn,,Bìa cứng,6.0,2021-12-01,Tiki Trading,available,1000,False,True,True
113528736,Sách - Who? Chuyện kể về danh nhân thế giới - Walt Disney,54500,54500,0,0.0,0,0,"Lee Soojung, ChungBe Studios",NXB Kim Đồng,Nhà Xuất Bản Kim Đồng,,Bìa mềm,160.0,,Tiệm Sách Minh Vân,available,1000,True,True,True
14524144,Sách Sự Tiến Hóa - Sự Trỗi Dậy Của Loài Có Vú,23200,25000,7,5.0,2,9,Matthew Rake,NXB Trẻ,,,Bìa mềm,32.0,2019-04-01,Nhà sách Fahasa,available,1000,True,True,True
8293541,Sách Tam Giác Quỷ Bermuda Ở Đâu?,52000,65000,20,0.0,0,1,"Megan Stine, Tim Foley",Alphabooks,Nhà Xuất Bản Dân Trí,,Bìa mềm,112.0,2018-12-18,Alpha Books Official,available,1000,True,True,True
2633649,Sách Dạy Trẻ Không Ngang Ngược 2 - Ba Chú Dê Con (Tái Bản 2018),33200,35000,5,3.7,3,14,,Đinh Tị,,,Bìa mềm,48.0,,Nhà sách Fahasa,available,1000,True,True,True
980964,Sách Các Nền Văn Minh Thế Giới - Hy Lạp Cổ Đại,114000,120000,5,5.0,3,9,Richard Tames,Công Ty Cổ Phần Văn Hóa Đông A,,,,64.0,2017-10-01,Nhà sách Fahasa,available,1000,True,True,True
962806,Sách Vì Sao? - Hỏi Đáp Cùng Em!,199000,199000,0,0.0,0,0,Isabelle Fougère,Nhã Nam,Nhà Xuất Bản Thế Giới,,Bìa cứng,110.0,2017-09-22,info book,available,1000,True,True,True
480258,Sách Bé Tập Kể Chuyện - Ai Đáng Khen Nhiều Hơn,12750,15000,15,0.0,0,0,Đức Lâm,NXB Trẻ,NXB Trẻ,,Bìa mềm,16.0,2016-03-18,Nhà Xuất Bản Trẻ,available,1000,True,True,True
470903,Sách Bé Học Lễ Giáo - Bubu Tập 19: Bubu Đi Chơi (Tái Bản),12000,15000,20,4.7,7,1466,Tiểu Vi Thanh,NXB Trẻ,NXB Trẻ,,Bìa mềm,16.0,2016-01-26,Tiki Trading,available,1000,False,True,True
381348,Sách Happy Reader - Lý Trí Và Tình Cảm - Tái Bản (Kèm 1 CD),50000,50000,0,0.0,0,1,First News,First News - Trí Việt,Nhà Xuất Bản Tổng Hợp,,Bìa mềm,120.0,2013-05-30,Nhà Sách Vĩnh Thụy,available,1000,True,True,True
316183,Sách KTHD - Bờ Biển Bụi Bờ,35000,35000,0,0.0,0,0,Anita Ganeri,NXB Trẻ,NXB Trẻ,,Bìa mềm,126.0,2009-10-23,Bamboo Books,available,1000,True,True,True
279238005,Sách 100 Bí Ẩn Đáng Kinh Ngạc (Trọn bộ),85000,100000,15,0.0,0,0,nhieu tac gia,Đinh Tị,nxb thanh nien,,Bìa mềm,,2023-12-21,Nhà sách Fahasa,available,1000,True,True,True
279022818,Sách - Bách Khoa Tri Thức Cho Trẻ Em - 10 Vạn Câu Hỏi Vì Sao - Ăn Uống Và Sức Khỏe,71300,86000,17,0.0,0,0,nhieu tac gia,Fahasa,Nhà Xuất Bản Phụ Nữ Việt Nam,,Bìa mềm,,2023-12-21,Nhà sách Fahasa,available,1000,True,True,True
278138403,Sách Tổng tập văn học dân gian Nam Bộ - Vè Nam Bộ,151000,199000,24,0.0,0,2,"Huỳnh Ngọc Trảng, Phạm Thiếu Hương",NXB Tổng hợp TP.HCM,Nhà Xuất Bản Tổng hợp TP.HCM,,Bìa mềm,476.0,,Tiki Trading,available,1000,False,True,True
276833609,Sách cho bé - Toán Tiền Tiểu Học - Cộng Trừ Trong Phạm Vi 20 - Dành cho trẻ từ 4 tuổi,71760,78000,8,0.0,0,3,,Vizibook,Nhà Xuất Bản Phụ Nữ Việt Nam,,Bìa mềm,55.0,2021-09-01,Vizibook,available,1000,True,True,True
275195100,Sách Bách Khoa Toàn Thư Cho Bé - Song Ngữ Anh Việt,61800,89000,31,0.0,0,10,Beatrice Tinarelli,Tân Việt,Nhà Xuất Bản Mỹ Thuật,,Bìa cứng,29.0,2024-06-01,Tiki Trading,available,1000,False,True,True
274558243,Horrible Science: Âm Thanh Kinh Hồn - Bản Quyền,70000,70000,0,0.0,0,0,,NXB Trẻ,NXB Trẻ,,,,,Bamboo Books,available,1000,True,True,True
273951048,Sách Biệt Đội Toán Học Nấp Ở Đâu? – Ứng Dụng Toán Học Giữa Đời Thường,49900,66000,24,0.0,0,7,Kim Hankinson,NXB Phụ Nữ Việt Nam,Nhà Xuất Bản Phụ Nữ Việt Nam,,Bìa mềm,32.0,2024-01-01,Tiki Trading,available,1000,False,True,True
270665112,Sách 30 Giây Khoa Học,148000,155000,5,5.0,1,39,,Kim Đồng,Nhà Xuất Bản Kim Đồng,,Bìa mềm,160.0,2023-07-24,Tiki Trading,available,1000,False,True,True
263392375,Sách Mẹ Hỏi Bé Trả Lời: Hỏi Đáp Rèn Trí Thông Minh_ 4-5 Tuổi,35300,36000,2,4.6,24,28,Thanh Anh,NXB Kim Đồng,Nhà Xuất Bản Hà Nội,,Bìa mềm,100.0,,Tiki Trading,available,1000,False,True,True
263207925,Câu Đố Tuổi Thơ,24600,28000,12,0.0,0,0,Gia Mạnh,Nhà sách Minh Thắng,nxb my thuat,,,,,Nhà sách Fahasa,available,1000,True,True,True
263079733,"Nhà khoa học nhí. Tìm hiểu địa chất - Đá, khoáng chất và mặt đất dưới chân ta",90000,90000,0,0.0,0,0,,Bloomsbury Childrens - NXB Trẻ,NXB Trẻ,,,,,Bamboo Books,available,1000,True,True,True
263063893,Lift-The-Flap - Bé Học Cách Yêu Thương - Bìa Cứng,133200,148000,10,0.0,0,4,Louise Forshaw,Đinh Tị,Nhà Xuất Bản Hà Nội,,,,,Nhà sách Fahasa,available,1000,True,True,True
253249113,Sách - Quiz! Khoa học kì thú: Thám hiểm hang động,75000,75000,0,0.0,0,0,Park Kyung-eun, NXB Kim Đồng,Nhà Xuất Bản Kim Đồng,,Bìa mềm,196.0,2023-03-01,Bamboo Books,available,1000,True,True,True
206308042,Sách Câu chuyện pháp luật và hình phạt theo dòng thời gian,66960,108000,38,5.0,23,269,"Jiří Linhart, Marcel Králik",Nhã Nam,Nhà Xuất Bản Thế Giới,,Bìa mềm,58.0,2022-12-01,Tiki Trading,available,1000,False,True,True
199709466,Bộ Em muốn biết vì sao - Bộ mới 2022 (Lựa chọn theo chủ đề),45000,50000,10,5.0,7,37,nhieu tac gia,Công Ty Cổ Phần Văn Hóa Đông A,Nhà Xuất Bản Dân Trí,,Bìa mềm,32.0,,Cá Chép Bookstore,available,1000,True,True,True
199706234,Sách Cùng Bé Khám Phá Thế Giới (208 Miếng Dán Hình Thông Minh - IQ-EQ-CQ),46700,68000,31,5.0,2,25,Phan Minh Đạo,Nhà sách Minh Thắng,Nhà Xuất Bản Dân Trí,,Bìa mềm,26.0,2022-07-01,Tiki Trading,available,1000,False,True,True
186600205,[BÁCH KHOA CHO TRẺ EM] – BÁCH KHOA CƠ THỂ NGƯỜI – MỞ MANG KIẾN THỨC KHƠI DẬY TIỀM NĂNG– tủ sách DK – Đông A – Bìa Cứng in màu toàn bộ,180000,180000,0,0.0,0,0,DK,Đông A,NXB Dân Trí,,Bìa cứng,160.0,,Nhà Sách Vĩnh Thụy,available,1000,True,True,True
171793844,Phát triển trí tuệ - Mẹ hỏi bé trả lời - 145 câu đố - Bộ sách rèn luyện trí thông minh (2-4 tuổi),46152,46152,0,4.8,44,603,,CÔNG TY TNHH IN VÀ TM TUẤN VIỆT,Nhà Xuất Bản Hà Nội,,Bìa mềm,,,TUANVIET BOOKS Official Store,available,1000,True,True,True
169490148,Sách Từ Điển Bằng Hình Cho Trẻ Mầm Non - Trốn Tìm Những Từ Đầu Tiên (Tái Bản),129000,150000,14,5.0,2,23,DK,Công Ty Cổ Phần Văn Hóa Đông A,Nhà Xuất Bản Dân Trí,,Bìa cứng,48.0,2022-03-01,Tiki Trading,available,1000,False,True,True
159824546,Sách - Combo từ điển bằng tranh Thế giới động vật+ Rau củ quả+Phương tiện giao thông + Tặng truyện tranh cho bé,301100,304200,1,0.0,0,0,,Minh Thắng,Nhà Xuất Bản Mỹ Thuật,,,,,Minhhabooks,available,1000,True,True,True
100105824,Sách Mathstart Trải Nghiệm Toán Học: Chiếc Bánh Việt Quất Và Gấu Mẹ Công Bằng,38400,59000,35,4.8,6,38,Stuart J.Murphy,Alphabooks,Nhà Xuất Bản Dân Trí,,Bìa mềm,36.0,2021-05-01,Tiki Trading,available,1000,False,True,True
61892338,Combo 3 cuốn Khoa học chẳng khó: Những ngôi sao kỳ vĩ (Tái bản) + 10 vạn câu hỏi vì sao  - Hóa học vui + 10 vạn câu hỏi vì sao - Khám phá thế giới vi sinh vật,143500,143500,0,5.0,1,1,,Nhã Nam,Nhà Xuất Bản Hội Nhà Văn,,,,,AHABOOKS,available,1000,True,True,True
59010155,Sách Books For Curious Young Minds - Những Thứ Giản Đơn Và Nhỏ Bé Được Tạo Ra Như Thế Nào?,140400,199000,29,4.8,15,84,Oldřich Růžička,Đinh Tị,Nhà Xuất Bản Thanh Niên,,Bìa cứng,40.0,2023-05-04,Tiki Trading,available,1000,False,True,True
36666107,Sách Thực Hành Kĩ Năng Sống Dành Cho Học Sinh Lớp 10,31600,32000,1,4.0,1,26,.,Công Ty Đầu tư & Phát Triển Giáo Dục Sài Gòn,,,Bìa mềm,88.0,2019-10-01,Nhà sách Fahasa,available,1000,True,True,True
32352559,Sách Thám Hiểm Amazon - Thế Giới Động Vật,38000,40000,5,0.0,0,1,Tịnh Lâm,Công Ty CP Sách Văn Chương,Nhà Xuất Bản Văn Học,,Bìa mềm,36.0,2019-09-01,Chính Thông,available,1000,True,True,True
25733161,Sách Bách Khoa Tri Thức Về Khám Phá Thế Giới Cho Trẻ Em - Rocks And Minerals - Đá Và Khoáng Chất,52200,55000,5,4.7,6,63,Caroline Bingham,Đinh Tị,,,Bìa mềm,,2019-08-01,Nhà sách Fahasa,available,1000,True,True,True
2633643,Sách Dạy Trẻ Không Ngang Ngược 1 - Nhường Đường (Tái Bản 2018),33200,35000,5,3.7,3,13,,Đinh Tị,,,Bìa mềm,48.0,,Nhà sách Fahasa,available,1000,True,True,True
980966,Sách Các Nền Văn Minh Thế Giới - La Mã Cổ Đại,114000,120000,5,4.7,3,19,Philip Steele,Công Ty Cổ Phần Văn Hóa Đông A,,,,64.0,2017-10-01,Nhà sách Fahasa,available,1000,True,True,True
695272,Combo Lift-The-Flap - Lật Mở Khám Phá - First 100 Words + First 100 Animals + First 100 Numbers ,451600,470500,4,5.0,3,24,"Linh Chi, Quỳnh Rùa",Đinh Tị,Nhà Xuất Bản Thanh Niên,,Bìa cứng,,,AHABOOKS,available,1000,True,True,True
596567,Sách Thế Giới Xe Công Trình - Xe Xúc Siêu Phàm,24700,26000,5,4.8,43,2805,.,Nhà Xuất Bản Kim Đồng,,,Bìa mềm,32.0,2017-03-01,Tiki Trading,available,1000,False,False,True
594538,Bộ Sách Chân Dung Những Người Thay Đổi Thế Giới - Anne Frank Là Ai?,40800,59000,31,5.0,1,173,Ann Abramson,Alphabooks,Nhà Xuất Bản Dân Trí,,Bìa mềm,104.0,2017-02-01,Tiki Trading,available,1000,False,True,True
575970,Bộ Sách Chân Dung Những Người Thay Đổi Thế Giới - Marie Curie Là Ai?,49000,49000,0,0.0,0,0,Megan Stine - Ted Hammond,Alphabooks,Nhà Xuất Bản Dân Trí,,Bìa mềm,109.0,2017-02-21,info book,available,1000,True,True,True
562999,Sách My First Questions & Answers - Dogs,24000,24000,0,0.0,0,15,XAGT Books,Công Ty CP Văn Hóa Nhân Văn,,,Bìa mềm,23.0,2016-12-06,Nhân Văn,available,1000,True,True,True
562910,Sách Vòng Quanh Thế Giới - Thái Lan,11400,12000,5,4.8,24,274,Hoài Nam - Nguyễn Hào,Nhà Xuất Bản Kim Đồng,,,Bìa mềm,16.0,2016-12-06,Nhà sách Fahasa,available,1000,True,True,True
505253,Sách Bé Tô Màu Babies Tập 3,7690,12000,36,0.0,0,15,Trần Ngọc Bảo Hân,Công Ty CP Văn Hóa Nhân Văn,,,Bìa mềm,,2015-06-30,Nhân Văn,available,1000,True,True,True
500769,Sách Chỉ Số Sáng Tạo CQ - Phát Triển Chỉ Số Sáng Tạo CQ (4 - 5 Tuổi),50000,50000,0,0.0,0,0,,Công Ty Cổ Phần Văn Hóa Đông A,Nhà Xuất Bản Dân Trí,,Bìa mềm,20.0,2015-05-16,AHABOOKS,available,1000,True,True,True
472226,Sách Cắt Và Dán Hình 3D - Bé Khéo Tay - Thế Giới Sáng Tạo,29400,30000,2,5.0,1,12,,Pandabooks,,,Bìa mềm,,2013-12-12,Nhà sách Fahasa,available,1000,True,True,True
427723,Sách Bách Khoa Toàn Thư Cho Bé - Rèn Luyện Kỹ Năng,70000,70000,0,5.0,1,11,.,Tân Việt,,,Bìa mềm,,2014-10-17,Tazano Official Store,available,1000,True,True,True
427712,Sách Bách Khoa Toàn Thư Cho Bé - Rèn Luyện Tính Cách,75000,75000,0,4.8,4,133,.,Tân Việt,Nhà Xuất Bản Phụ Nữ,,Bìa mềm,,2014-10-17,AHABOOKS,available,1000,True,True,True
377702,Sách Kỹ Năng Sống Dành Cho Học Sinh - Học Cách Cho Và Nhận,50500,50500,0,0.0,0,0,Ngọc Linh,Đinh Tị,Nhà Xuất Bản Văn Học,,Bìa mềm,160.0,2013-10-01,Tiệm Sách Minh Vân,available,1000,True,True,True
279183749,Jadoo Kỹ Năng Sống: Cuốn Vở Bài Tập Bị Bỏ Quên,49680,69000,28,0.0,0,0,1980 Edu,1980 Books,Nhà Xuất Bản Dân Trí,,Bìa mềm tay gấp,,,1980Books Official,available,1000,True,True,True
279132085,Sách - Danh Nhân Khoa Học Việt Nam - Nguyễn Văn Huyên - Cây Đại Thụ Về Văn Hóa Việt,28500,30000,5,0.0,0,0,nhieu tac gia,Nhà Xuất Bản Kim Đồng,Nhà Xuất Bản Kim Đồng,,Bìa mềm,,2023-12-21,Nhà sách Fahasa,available,1000,True,True,True
278906890,Sách - Biết Để Làm Gì? - Triết Học Để Làm Gì?,125500,135000,7,0.0,0,2,DK,Nhà Xuất Bản Kim Đồng,Nhà Xuất Bản Kim Đồng,,Bìa mềm,,2023-12-21,Nhà sách Fahasa,available,1000,True,True,True
278159466,Sách Những Câu Chuyện Về Phẩm Chất (Câu Chuyện Nhỏ Bài Học Lớn),20400,29000,30,0.0,0,0,Nhiều tác giả,Tân Việt,Nhà Xuất Bản Mỹ Thuật,,Bìa mềm,71.0,,Tiki Trading,available,1000,False,True,True
278138699,Sách Từ Điển Bằng Hình Cho Trẻ Mầm Non,35700,45000,21,0.0,0,0,"Ngọc Linh, Minh Trang",Đinh Tị,Nhà Xuất Bản Hà Nội,,Bìa mềm,14.0,,Tiki Trading,available,1000,True,True,True
277381300,Sách Bách Khoa Toàn Thư Cho Bé - Động Vật Nuôi (Bộ 5C) - Tái Bản,43000,50000,14,0.0,0,2,Bảo Thư,VanLangBooks,Nhà Xuất Bản Hồng Đức,,Bìa mềm,80.0,2025-02-24,Tiki Trading,available,1000,True,True,True
275262913,Sách - First Sticker Book - Sách dán hình đầu đời cho bé (Nhiều chủ đề) - Đinh Tị Books,72000,75000,4,5.0,1,15,,Đinh Tị,Nhà Xuất Bản Thanh Niên,,Bìa mềm,16.0,,Mộc Nhiên Kids Store,available,1000,True,True,True
275179394,Thiên Nhiên- Những Bí Mật Còn Ẩn Giấu - Động Vật Quý Hiếm (Tái Bản 2019)- 2HBooks,78000,78000,0,5.0,1,3,Trác Việt,Công Ty Cổ Phần Văn Hóa Huy Hoàng,Nhà Xuất Bản Phụ Nữ,,Bìa mềm,128.0,2019-06-01,2HBooks,available,1000,True,True,True
274536004,Sách - Combo 5 Cuốn Khám Phá Những Bí Ẩn Khoa Học Cùng GORO,248400,345000,28,0.0,0,0,,1980 Books,Nhà Xuất Bản Dân Trí,,,,,1980 BOOKS HCM,available,1000,True,True,True
270992924,"(Bìa cứng, in màu toàn bộ) Bộ 3 cuốn Sáng Tác: SÁNG TÁC VÀ THIẾT KẾ TẠP CHÍ CỦA BẠN, SÁNG TÁC KỊCH BẢN CỦA BẠN, SÁNG TÁC TRUYỆN CỦA BẠN - Đông A ",220000,220000,0,0.0,0,0,,Đông A,NXB Dân Trí,,Bìa cứng,,,Nhà Sách Vĩnh Thụy,available,1000,True,True,True
263103188,Mẹ Hỏi Bé Trả Lời: Hỏi Đáp Rèn Trí Thông Minh (5-6 Tuổi),33400,36000,7,0.0,0,29,Thanh Anh,Nhà Xuất Bản Kim Đồng,Nhà Xuất Bản Kim Đồng,,,,,Nhà sách Fahasa,available,1000,True,True,True
252035385,Sách Quý Ông Truyền Hình,76000,109000,30,0.0,0,0,"Julie Fulton, Patrick Corrigan",Quảng Văn,Nhà Xuất Bản Phụ Nữ Việt Nam,,Bìa mềm,64.0,2023-04-04,Tiki Trading,available,1000,False,True,True
204874994,5 Phút Đọc Truyện Cùng Con Yêu - Câu Chuyện Về Những Chú Ngựa,55600,79000,30,0.0,0,15,"Lucy Barnard, Cherie Zamazing",Tân Việt,Nhà Xuất Bản Mỹ Thuật,,Bìa cứng,48.0,2022-11-11,Tiki Trading,available,1000,False,True,True
199039050,"Sách Bộ Sưu Tập 200 Sticker - Số Đếm, Hình Dạng, Màu Sắc",46700,68000,31,5.0,3,39,Phan Minh Đạo,Nhà sách Minh Thắng,Nhà Xuất Bản Dân Trí,,Bìa mềm,32.0,2022-07-07,Tiki Trading,available,1000,False,True,True
198495046,Bộ Sách Kể Chuyện Cuộc Đời Các Thiên Tài (Bộ 10 Cuốn),510000,600000,15,0.0,0,13,Rasmus Hoài Nam,Tân Việt,nxb thanh nien,,,,,Nhà sách Fahasa,available,1000,True,True,True
196932296,Sách Lịch sử bóng đá bằng tranh - Ngôi đền huyền thoại,318000,318000,0,0.0,0,0,David Squires,Nhã Nam,Nhà Xuất Bản Dân Trí,,Bìa mềm,236.0,2022-09-01,Bamboo Books,available,1000,True,True,True
196292148,Sách 365 Phát Hiện và Phát Minh ấn tượng trong lịch sử nhân loại,137500,220000,38,5.0,1,19,Om Books,Minh Long,Nhà Xuất Bản Thế Giới,,Bìa cứng,236.0,2022-01-01,Tiki Trading,available,1000,True,True,True
190843251,Sách - Câu Chuyện Khoa Học (Bộ 4 quyển),173900,175700,1,0.0,0,0,nhieu tac gia,Cty CP VH Pingbooks,Nhà Xuất Bản Phụ Nữ Việt Nam,,Bìa mềm,32.0,2020-05-14,Minhhabooks,available,1000,True,True,True
189076778,Combo 10 Vạn câu hỏi vì sao (9Q) : Quiz! Khoa học kỳ thú (Kỹ Năng Sống/Kiến thức Bách Khoa / Thám hiểm Tự nhiên / trái đất + Tặng kèm poster An toàn cho con yêu),630500,630500,0,0.0,0,0,,Kim Đồng,Nhà Xuất Bản Kim Đồng,,,,,AHABOOKS,available,1000,True,True,True
159824391,Từ Điển Bằng Tranh- Cờ Các Quốc Gia Trên Thế Giới,94600,95600,1,0.0,0,0,,Minh Thắng,Nhà Xuất Bản Mỹ Thuật,,,,,Minhhabooks,available,1000,True,True,True
130743630,Sách Mẹ Hỏi Bé Trả Lời: Hỏi Đáp Rèn Trí Thông Minh (5-6 Tuổi) (Tái Bản 2021),35300,36000,2,0.0,0,29,Thanh Anh,NXB Kim Đồng,Nhà Xuất Bản Kim Đồng,,Bìa mềm,100.0,2021-10-15,Tiki Trading,available,1000,False,True,True
110628099,"Sách Lift-The-Flap - Lật Mở Khám Phá- Bé Giỏi Giang, Vệ Sinh Đúng Cách",104000,126000,17,5.0,1,11,Amber Lily,Đinh Tị,Nhà Xuất Bản Thanh Niên,,Bìa cứng,10.0,2021-07-15,Tiki Trading,available,1000,True,True,True
106188428,Sách Bóc Dán Hình Thông Minh Phát Triển Khả Năng Tư Duy Toán Học IQ EQ CQ (4-5 Tuổi) - 188 Sticker (Quyển 6),30900,45000,31,4.6,11,85,Ưu Ưu Thử,Nhà sách Minh Thắng,Nhà Xuất Bản Dân Trí,,Bìa mềm,20.0,2021-06-01,Tiki Trading,available,1000,False,True,True
104049769,Combo Bộ 4 Cuốn: Tớ Đến Với Khoa Học Máy Tính,150000,196000,23,0.0,0,10,TS. Tracy Gardner,Alphabooks,Nhà Xuất Bản Dân Trí,,Bìa mềm,,2021-06-15,Alpha Books Official,available,1000,True,True,True
87118123,Sách Yêu Thương Và Bảo Vệ Hành Tinh Xanh - Trái Đất - Ngôi Nhà Lớn Của Chúng Ta,13000,15000,13,4.0,4,82,Om Books,NXB Trẻ,NXB Trẻ,,Bìa mềm,16.0,2021-03-15,Tiki Trading,available,1000,False,True,True
77281265,Bộ Sách Baby'S First Picture Dictionary - Từ Điển Bằng Hình Đầu Tiên Của Bé (Gồm 9 Cuốn),209100,252000,17,4.6,16,80,Song Nghi,Công Ty TNHH Văn Hóa Việt Thư,Nhà Xuất Bản Phụ Nữ Việt Nam,,Bìa cứng,144.0,2021-02-01,Nhà sách Fahasa,available,1000,True,True,True
75356193,Sách - Hỏi Nhỏ Biết To – Trọn bộ 8 cuốn,211600,213800,1,4.8,6,36,.,Minh Long,Nhà Xuất Bản Mỹ Thuật,,Bìa mềm,,,Minhhabooks,available,1000,True,True,True
53728796,Cuốn Sách Lớn Đầu Tiên Của Tớ: Những Câu Hỏi Thế Nào (Tái Bản 2020),150000,150000,0,0.0,0,2,Jill Esbaum,NXB Kim Đồng,Nhà Xuất Bản Kim Đồng,,Bìa mềm,128.0,,Bamboo Books,available,1000,True,True,True
43700182,500 Bách Khoa Tri Thức - Thế Giới Đại Dương,120000,179000,33,4.8,25,129,Pegasus,Vinabook JSC,,,Bìa cứng,192.0,2019-11-18,VIETNAMBOOK,available,1000,True,True,True
36996321,Combo Không Sao Đâu Con ( 5 Cuốn ),161000,165000,2,4.8,266,2418,"Shen Nuan, Yang Shou Ning",Nhà Xuất Bản Kim Đồng,,,Bìa mềm,,2019-10-01,Tiki Trading,available,1000,False,True,True
34559829,Sách Bảo Mẫu Nhí Trông Ông,52200,55000,5,0.0,0,2,"Jean Reagan, Lee Wildish",Huy Hoàng Bookstore,,,Bìa mềm,32.0,2019-09-01,Nhà sách Fahasa,available,1000,True,True,True
11713382,Học Cho Ai? Học Để Làm Gì? Tập 2 (Tái Bản 2019),39200,40000,2,5.0,8,35,Tiêu Vệ,Nhà Xuất Bản Kim Đồng,,,Bìa mềm,176.0,2019-03-15,Nhà sách Fahasa,available,1000,True,True,True
829924,Sách Giáo Dục Giới Tính - Cô Bé Đá Bóng Và Cậu Bé Múa Ba Lê,49100,49600,1,0.0,0,1,Yoon Yeo - Reum,Tân Việt,Nhà Xuất Bản Phụ Nữ,,Bìa cứng,33.0,2017-06-15,Minhhabooks,available,1000,True,True,True
716142,Hello Kitty - Sách Tô Màu - Rèn Luyện Khả Năng Tập Trung - Gia Đình Hạnh Phúc Của Kitty,21100,30000,30,0.0,0,23,.,Tân Việt,,,Bìa mềm,40.0,2017-04-12,Tiki Trading,available,1000,False,False,True
685500,Sách Mỗi Em Bé Là Một Thiên Tài (Tập 9),8000,8000,0,0.0,0,3,.,Pandabooks,Nhà Xuất Bản Văn Hoá Thông Tin,,Bìa mềm,16.0,2013-01-01,Pandabooks Hiệu Sách,available,1000,True,True,True
576000,Bộ Sách Chân Dung Những Người Thay Đổi Thế Giới - Galileo Là Ai?,47000,59000,20,0.0,0,0,Patricia Brennan Demuth - John O'Brien,Alphabooks,Nhà Xuất Bản Dân Trí,,Bìa mềm,107.0,2017-02-21,Omega Plus Books,available,1000,True,True,True
565113,Sách 101 First Words - Alphabet (101 Từ Đầu Tiên - Bảng Chữ Cái),60000,60000,0,0.0,0,0,MiloKids (Biên soạn),Minh Long,Nhà Xuất Bản Mỹ Thuật,,,,2016-12-15,Nhà Sách Vĩnh Thụy,available,1000,True,True,True
472234,Sách Cắt Và Dán Hình 3D - Bé Khéo Tay - Giải Trí Phát Triển Trí Tuệ,27900,30000,7,0.0,0,2,,Pandabooks,,,Bìa mềm,,2013-12-12,Nhà sách Fahasa,available,1000,True,True,True
472230,Sách Cắt Và Dán Hình 3D - Bé Khéo Tay - Đại Bản Doanh Vui Vẻ,29400,30000,2,5.0,1,3,Pandabooks,Pandabooks,,,Bìa mềm,,2013-12-12,Nhà sách Fahasa,available,1000,True,True,True
472224,Sách Cắt Và Dán Hình 3D - Bé Khéo Tay - Hoạt Hình Hấp Dẫn,29400,30000,2,0.0,0,9,,Pandabooks,,,Bìa mềm,,2010-12-12,Nhà sách Fahasa,available,1000,True,True,True
279269812,Sách - Quiz! Khoa Học Kì Thú - Thí Nghiệm-Quan Sát,71200,75000,5,0.0,0,0,nhieu tac gia,Nhà Xuất Bản Kim Đồng,Nhà Xuất Bản Kim Đồng,,Bìa mềm,,2023-12-21,Nhà sách Fahasa,available,1000,True,True,True
278878669,Sách - Dán Hình Đầu Đời Cho Bé - ndbooks,72000,90000,20,0.0,0,0,nhieu tac gia,CÔNG TY TNHH THƯƠNG MẠI SÁCH NHÂN DÂN,Nhà Xuất Bản Mỹ Thuật,,Bìa mềm,,,SÁCH NHÂN DÂN - ndbooks,available,1000,True,True,True
278794718,Sách - Bách Khoa Thần Thánh Việt Nam - Quyển 1,207900,239000,13,0.0,0,8,nhieu tac gia,Công Ty TNHH Tủ Sách của Cáo,hong duc,,Bìa mềm,,2023-12-21,Nhà sách Fahasa,available,1000,True,True,True
278321587,Sách 100 Bí Mật Kinh Ngạc - 100 Bí Ẩn Kinh Ngạc Về Thức Ăn,89200,100000,11,0.0,0,0,"Sam Baer, Rachel Firth, Rose Hall, Alice James, Jerome Martin",Đinh Tị,Nhà Xuất Bản Thế Giới,,Bìa mềm,128.0,,Play With Me,available,1000,True,True,True
278231183,Sách Thiên Tài Toán Học ( 3 - 6 Tuổi),30000,40000,25,0.0,0,0,Hà Thu Quang,VanLangBooks,Nhà Xuất Bản Hồng Đức,,Bìa mềm,52.0,,Tiki Trading,available,1000,True,True,True
278138609,Sách Vòng tay yêu thương,112300,145000,23,0.0,0,0,"Nicola Edwards, Natalie Marshall",Đinh Tị,Nhà Xuất Bản Hà Nội,,Bìa mềm,18.0,,Tiki Trading,available,1000,True,True,True
275300075,Bộ Sách Nhà Chinh Phục Tí Hon,67000,70000,4,0.0,0,0,"Fatti Burke, Laura Baker",NXB Kim Đồng,Nhà Xuất Bản Kim Đồng,,Bìa mềm,52.0,2024-06-01,Tiki Trading,available,1000,False,True,True
275122143,Combo Bộ Truyện Tranh Giáo Dục Nhân Cách Cho Trẻ ( Bộ 10 Cuốn) - Tặng Sticker,240600,350000,31,5.0,1,2,Nam Mi- Young,Tân Việt,Nhà Xuất Bản Mỹ Thuật,,,,2024-05-01,Tiki Trading,available,1000,False,True,True
274733198,THẾ GIỚI KỲ BÍ - CHUYỆN CHƯA KỂ - CDTeam - MoonBooks - Nhà xuất bản Dân Trí.,54500,109000,50,0.0,0,3,,AZ Việt Nam,Nhà Xuất Bản Dân Trí,,Bìa mềm,240.0,,NHBook,available,1000,True,True,True
274563923,Sách Tư Duy Triệu Phú - Napoleon Hill,58600,85000,31,0.0,0,4,"Don Green, Quỹ Napoleon Hill",Tân Việt,Nhà Xuất Bản Dân Trí,,Bìa mềm,182.0,2024-03-01,Tiki Trading,available,1000,False,True,True
274053086,Sách Học yêu bản thân - Tôn trọng khác biệt,29000,35000,17,0.0,0,21,Jon Burgerman,NXB Trẻ,NXB Trẻ,,Bìa mềm,32.0,2024-01-25,Tiki Trading,available,1000,False,True,True
273443374,Sách - Quiz! Khoa học kì thú - Dậy thì Giới tính,75000,75000,0,0.0,0,0,Park Kyung-eun,NXB Kim Đồng,Nhà Xuất Bản Kim Đồng,,Bìa mềm,196.0,,Bamboo Books,available,1000,True,True,True
273397164,Sách Wolfoo English - Học Nhanh Từ Vựng Tiếng Anh Theo Chủ Đề Cùng Bé,39200,59000,34,0.0,0,5,1980Edu - Quỳnh Hương,1980 Books,Nhà Xuất Bản Dân Trí,,Bìa mềm,,2023-11-11,Tiki Trading,available,1000,False,True,True
270734509,Sách - 30 Giây Tôn Giáo,155000,155000,0,0.0,0,3,Russell Re Manning,NXB Kim Đồng,Nhà Xuất Bản Kim Đồng,,Bìa mềm,160.0,,Bamboo Books,available,1000,True,True,True
221230177,Sách 10 vạn câu hỏi vì sao dành cho thiếu nhi - Vũ trụ và trái đất,37500,60000,38,5.0,1,37,Trịnh Diên Tuệ,Minh Long,Nhà Xuất Bản Phụ Nữ,,Bìa mềm,128.0,2022-12-13,Tiki Trading,available,1000,True,True,True
217826384,Combo Kể Chuyện Cuộc Đời Các Thiên Tài. Trọn Bộ 12 cuốn,364500,729000,50,0.0,0,0,,Công ty Cổ Phần Văn Hóa và Giáo Dục Tân Việt,Nhiều Nhà Xuất Bản,,,,,NHBook,available,1000,True,True,True
214992557,"Rèn kĩ năng tính nhanh, tính nhẩm 1 ( bí quyết học giỏi Toán cho bé 5-7 tuổi )",38000,38000,0,5.0,1,10,Thanh Hương,Việt Hà,Nhà Xuất Bản Hà Nội,,Bìa mềm,51.0,,VĂN PHÒNG PHẨM ĐỒ CHƠI VŨ DUYÊN,available,1000,True,True,True
203927233,"(Bìa cứng, in màu toàn bộ) ATLAS THẾ GIỚI - Valérie Le Du - Laura Tavazzi minh hoạ - Mai Liên dịch - Đông A",160000,160000,0,0.0,0,1,,Đông A - Dân Trí,Dan Tri Publishing,,Tùy chọn phiên bản bìa cứng hoặc bìa mềm,48.0,,NHBook,available,1000,True,True,True
190582587,BỘ SÁCH THÔNG MINH DÀNH CHO BÉ 3 -6 TUỔI - COMBO TẬP 1+2+3+4,97000,194000,50,4.0,7,81,Việt An,Công ty TNHH Truyền Thông Việt An,Nhà Xuất Bản Phụ Nữ Việt Nam,,Bìa cứng,220.0,2022-07-11,Việt An books,available,1000,True,True,True
185668550,Sách Thế nào và tại sao - Hành Tinh Và Thám Hiểm Vũ Trụ,65300,95000,31,0.0,0,20,Manfred Baur,Tân Việt,Nhà Xuất Bản Phụ Nữ,,Bìa cứng,48.0,2022-06-06,Tiki Trading,available,1000,False,True,True
185027497,"Sách Hack Não, Rèn Tư Duy - Toán Học Không Khó",65000,68000,4,0.0,0,43,Nhiều tác giả,NXB Kim Đồng,Nhà Xuất Bản Kim Đồng,,Bìa mềm,64.0,2022-06-06,Tiki Trading,available,1000,False,True,True
169490165,Tiếng Anh Cho Bé  Gái- Cuốn Sách Màu Hồng (Tái Bản),122900,150000,18,4.7,3,13,Picthall - Gunzi,Công Ty Cổ Phần Văn Hóa Đông A,Nhà Xuất Bản Dân Trí,,Bìa cứng,32.0,2022-03-01,Tiki Trading,available,1000,False,True,True
165996951,"Sách Khoa Học Diệu Kì: Tàu Vũ Trụ - Sự Thật Bao La Về Tên Lửa, Vệ Tinh Và Tàu Thăm Dò",29750,35000,15,0.0,0,0,Alex Woolf,NXB Trẻ,NXB Trẻ,,Bìa mềm,32.0,2022-02-01,Nhà Xuất Bản Trẻ,available,1000,True,True,True
161711980,"Combo Danh Nhân Thiên Tài Thế Giới: Albert Einstein, Marie Curie, Leonardo DaVinci, Alfred Nobel, Andersen, Lev Tolstoy, Thomas Edison, Isaac Newton, Victo Hugo, Beethoven <Bộ sách về những bộ óc / nhà phát minh vĩ đại của nhân loại>. Trọn bộ 10c",507400,512600,1,5.0,2,12,,Tân Việt,Nhà Xuất Bản Thanh Niên,,,,,Minhhabooks,available,1000,True,True,True
152046709,Sách Kĩ Năng Xã Hội Cho Học Sinh Tiểu Học - Tư Duy Tích Cực,81700,86000,5,5.0,8,179,Trung tâm Nghiên cứu Tâm lí Tiểu Hòa,NXB Kim Đồng,Nhà Xuất Bản Kim Đồng,,Bìa mềm,168.0,2021-12-12,Tiki Trading,available,1000,False,True,True
136952324,Bách Khoa Động Vật,316000,316000,0,0.0,0,0,"Karen McGhee,George McKay",Đông A,Nhà Xuất Bản Dân Trí,,Bìa cứng,256.0,,Nhà Sách Vĩnh Thụy,available,1000,True,True,True
56509083,Sách Quiz! Khoa Học Kì Thú: Những Cái Nhất Và Đầu Tiên Trên Thế Giới (Tái Bản 2020),128200,135000,5,0.0,0,9,Cha Hyun Jin,NXB Kim Đồng,Nhà Xuất Bản Kim Đồng,,Bìa mềm,196.0,2020-06-01,Nhà sách Fahasa,available,1000,True,True,True
29820843,Sách Những Người Bạn Tốt - Ếch Xanh Hay Hát,23800,28000,15,5.0,1,12,Barbara Bacchini,Tân Việt,,,Bìa mềm,12.0,2019-08-01,Nhà sách Fahasa,available,1000,True,True,True
14761763,Sách Những Kiến Thức Khoa Học Dễ Hiểu Sai - Khám Phá Cơ Thể Người,52200,58000,10,5.0,1,11,Băng Hà,Đinh Tị,,,Bìa mềm,,2019-04-01,Nhà sách Fahasa,available,1000,True,True,True
11081041,Combo Sân Chơi Chim Đa Đa - (Bản Đặc Biệt - Bộ kèm túi 6 cuốn),174000,181350,4,5.0,19,376,Hải Minh,NXB Phụ Nữ,Nhà Xuất Bản Phụ Nữ,,Bìa mềm,120.0,2019-01-25,AHABOOKS,available,1000,True,True,True
4221971,Sách Bách Khoa Tri Thức Cho Trẻ Em - Câu Hỏi Và Trả Lời (Tái Bản),284700,335000,15,4.8,22,109,Kingfisher,Công Ty Cổ Phần Văn Hóa Đông A,,,Bìa cứng,,2018-08-01,Nhà sách Fahasa,available,1000,True,True,True
913900,Sách Thẻ Flashcard Theo Phương Pháp Glenn Doman - Thế Giới Quanh Em: Gia Đình - Bản Thân,35750,65000,45,0.0,0,11,MiloKids (Biên soạn),Minh Long,Nhà Xuất Bản Mỹ Thuật,,,,2017-09-15,Minh Long Book,available,1000,True,True,True
449782,Sách Những Bộ Óc Vĩ Đại - Leonardo da Vinci,55000,55000,0,0.0,0,0,Lee Sang Kyo - Lee Young Hoon,Alphabooks,Nhà Xuất Bản Dân Trí,,Bìa mềm,54.0,2015-09-23,Nhà Sách Vĩnh Thụy,available,1000,True,True,True
431391,Sách Trò Chơi Rèn Luyện Tư Duy (Tập 3),35231,45000,22,4.8,5,92,XingTao,Nhà Xuất Bản Kim Đồng,Nhà Xuất Bản Kim Đồng,,Bìa mềm,44.0,2015-03-18,Tiki Trading,available,1000,False,True,True
419751,Sách Cẩm Nang Sinh Hoạt Bằng Tranh Cho Bé (Tập 3) - Kĩ Năng Đi Ra Ngoài,36000,36000,0,0.0,0,3,.,Nhà Xuất Bản Kim Đồng,Nhà Xuất Bản Kim Đồng,,Bìa mềm,46.0,2014-10-25,Bamboo Books,available,1000,True,True,True
406383,Sách 10 Vạn Câu Hỏi Vì Sao,211000,213200,1,4.0,3,13,,Nhà sách Minh Thắng,Nhà Xuất Bản Mỹ Thuật,,Bìa cứng,275.0,2013-10-01,Minhhabooks,available,1000,True,True,True
406357,Sách 10 Vạn Câu Hỏi Vì Sao,173200,175000,1,0.0,0,4,,Nhà sách Minh Thắng,Nhà Xuất Bản Mỹ Thuật,,Bìa mềm,275.0,2013-10-01,Minhhabooks,available,1000,True,True,True
397003,Sách Trẻ Rèn Kỹ Năng Sống: Khi Áo Bị Bung Nút,9350,11000,15,0.0,0,4,Nhóm tác giả,NXB Trẻ,NXB Trẻ,,Bìa mềm,16.0,2014-05-20,Nhà Xuất Bản Trẻ,available,1000,True,True,True
366183,Sách Bách Khoa Động Vật Cho Trẻ Em,199000,199000,0,0.0,0,0,Kingfisher,Công Ty Cổ Phần Văn Hóa Đông A,Nhà Xuất Bản Dân Trí,,Bìa cứng,154.0,2013-04-10,Nhà Sách Vĩnh Thụy,available,1000,True,True,True
340139,Sách Horrible Geography - Những Nhà Thám Hiểm Hăm Hở,60000,60000,0,0.0,0,1,Anita Ganeri,NXB Trẻ,NXB Trẻ,,Bìa mềm,206.0,2011-07-08,Bamboo Books,available,1000,True,True,True
278561566,Sách cho bé - Rèn Luyện Khả Năng Tập Trung - 6 chủ đề - Lẻ tự chọn - Sách tương tác - Dành cho trẻ từ 2-5 tuổi,53360,58000,8,0.0,0,0,Dolphin Media,Vizibook,Nhà Xuất Bản Phụ Nữ Việt Nam,,Bìa mềm,47.0,2025-07-01,Vizibook,available,1000,True,True,True
278241424,Sách Song ngữ đầu tiên của bé _Thế giới bằng tranh,47600,62000,23,0.0,0,0,Hải Phạm,Việt Thư,Nhà Xuất Bản Văn Học,,Bìa mềm,36.0,,Tiki Trading,available,1000,False,True,True
278158376,Sách 100 câu hỏi phát triển trí tuệ cho trẻ,31200,50000,38,5.0,1,0,Hồ Lô Đệ Đệ,Minh Long,Nhà Xuất Bản Mỹ Thuật,,Bìa mềm,72.0,,Tiki Trading,available,1000,True,True,True
277288836,Quiz - khoa học kì thú: năng lượng,75000,75000,0,0.0,0,4,,Nhà Xuất Bản Kim Đồng,Nhà Xuất Bản Kim Đồng,,,,,Bamboo Books,available,1000,True,True,True
276813297,Sách Vòng Quanh Thế Giới - Mê Cung Điệu Kì,95000,130000,27,0.0,0,7,,Tân Việt,Nhà Xuất Bản Mỹ Thuật,,Bìa cứng,122.0,2024-12-16,Tiki Trading,available,1000,False,True,True
276611124,Bách Khoa Tri Thức Cho Trẻ Em: Câu Hỏi Và Trả Lời (Tái Bản),335000,335000,0,0.0,0,0,,Gieobooks,NXB Dân Trí,,Bìa cứng,398.0,,Tazano Official Store,available,1000,True,True,True
276375946,Sách Những Kiến Thức Khoa Học Thiết Yếu Dành Cho Học Sinh Tiểu Học,70700,88000,20,0.0,0,7,"Alice James, Stefano Tognetti",Đinh Tị,Nhà Xuất Bản Thanh Niên,,,80.0,,Tiki Trading,available,1000,False,True,True
275356968,Bảng Âm Thanh Vui Nhộn - Nhiều Chủ Đề (TV),95000,95000,0,0.0,0,0,Tân Việt,Nhà sách Tân Việt,Nhà Xuất Bản Mỹ Thuật,,Bìa mềm,,,NewShop Official,available,1000,True,True,True
274024422,Sách Ẩm Thực Năm Châu Xưa Và Nay,71250,75000,5,5.0,1,9,"Joshua Lurie, Laura Foy",Kim Đồng,Nhà Xuất Bản Kim Đồng,,Bìa mềm,84.0,2024-01-22,Tiki Trading,available,1000,False,True,True
273438864,Sách - Combo Hộp Những điều trẻ em thích khám phá nhất - 10 vạn câu hỏi vì sao ? trọn bộ 4 cuốn - MT,206200,300000,31,0.0,0,1,,Nhà Sách Hồng Ân,Nhà Xuất Bản Đại Học Quốc Gia Hà Nội,,Bìa mềm,544.0,,Tiki Trading,available,1000,False,True,True
273179730,Sách 365 Hoạt Động Toán Học Thú Vị Rèn Luyện IQ,139000,169000,18,0.0,0,13,Wonder House Books,Đinh Tị,Nhà Xuất Bản Hà Nội,,Bìa cứng,144.0,2023-10-10,Tiki Trading,available,1000,True,True,True
272404519,10 VẠN CÂU HỎI VÌ SAO? - THỰC VẬT,55000,55000,0,0.0,0,0,,Huy Hoàng Bookstore,Nhà Xuất Bản Dân Trí,,,,,AHABOOKS,available,1000,True,True,True
270771602,Vừa Nhắm Mắt Vừa Mở Cửa Sổ (Tái Bản 2022),75000,75000,0,0.0,0,1,,NXB Trẻ,NXB Trẻ,,,,,info book,available,1000,True,True,True
261989311,Sách Làng ồn ào vui ơi là vui,53000,79000,33,5.0,9,173,Astrid Lindgren,Nhà xuất bản Phụ Nữ Việt Nam,Nhà Xuất Bản Phụ Nữ Việt Nam,,Bìa mềm,180.0,2023-05-16,Tiki Trading,available,1000,False,True,True
253047938,Atlas động vật,171000,190000,10,0.0,0,1,,Công Ty Cổ Phần Văn Hóa Đông A,Nhà Xuất Bản Dân Trí,,Bìa cứng,64.0,,Đông A Books Official,available,1000,True,True,True
252846039,Tri Thức Bách Khoa Cho Trẻ Em,350000,350000,0,0.0,0,0,Nhiều dịch giả,Công ty TNHH TM & DV Văn Hóa Hương Trang,Nhà Xuất Bản Lao Động,,Bìa cứng,488.0,2019-04-01,Bamboo Books,available,1000,True,True,True
249486597,Sách - Combo Khám phá thế giới thực vật và chinh phục văn miêu tả cây cối - Tập 1 + Tập 2,320000,320000,0,0.0,0,21,nhieu tac gia,Nhà Sách Hồng Ân,Nhà Xuất Bản Đại Học Quốc Gia Hà Nội,,Bìa mềm,120.0,,Khanhlinhbook,available,1000,True,True,True
217510923,Sách: Basic Words –Things That Go,120000,120000,0,0.0,0,0,MiloKids,Minh Long,Nhà Xuất Bản Mỹ Thuật,,Bìa cứng,14.0,2023-02-09,Nhà Sách Vĩnh Thụy,available,1000,True,True,True
204880991,Sách Lũ Trẻ Đường Tàu - Tác Phẩm Thiếu Nhi Kinh Điển,81900,129000,37,5.0,3,59,Edith Nesbit,Tân Việt,Nhà Xuất Bản Dân Trí,,Bìa mềm,295.0,2022-11-01,Tiki Trading,available,1000,False,True,True
192297071,Sách Âm Thanh Đinh Tị - Dành Cho Trẻ Từ 0 - 6 Tuổi (Nhiều Chủ Đề),229000,229000,0,4.7,13,102,"Khánh Vân, Quỳnh Rùa",Đinh Tị,Nhà Xuất Bản Hà Nội,,Bìa cứng,10.0,,KN Toys Shop,available,1000,True,True,True
184495899,Bách khoa cho trẻ em – Bách khoa cơ thể người,180000,180000,0,0.0,0,0,DK,Đông A,Nhà Xuất Bản Dân Trí,,Bìa cứng,128.0,,Nhà Sách Vĩnh Thụy,available,1000,True,True,True
184468911,Combo 6 quyển Vui Học Sơ Đồ Tư Duy: Sách Bóc Dán,348000,348000,0,0.0,0,1,,Kim Đồng,Nhà Xuất Bản Kim Đồng,,Bìa mềm,,,NHBook,available,1000,True,True,True
184419741,Sách Nhà Sinh Hóa Tương Lai: Bacteria & Antibiotics - Vi Khuẩn & Kháng Sinh,55000,55000,0,0.0,0,0,"Cara Florance, Jon Florance",Alphabooks,Nhà Xuất Bản Dân Trí,,Bìa mềm,32.0,2022-06-01,HỆ THỐNG NHÀ SÁCH ABC,available,1000,True,True,True
179913825,Bách Khoa Động Vật,316000,316000,0,0.0,0,0,,Nhà Xuất Bản Đại Học Quốc Gia Hà Nội,Nhà Xuất Bản Đại Học Quốc Gia Hà Nội,,Bìa cứng,256.0,,HỆ THỐNG NHÀ SÁCH ABC,available,1000,True,True,True
129766527,First Sticker Book - Sách Dán Hình Đầu Đời Cho Bé - Khủng Long,59400,75000,21,5.0,25,329,Hannah Watson,Đinh Tị,Nhà Xuất Bản Thanh Niên,,Bìa mềm,24.0,2021-10-10,Tiki Trading,available,1000,True,True,True
113063337,Combo Bộ 10 Cuốn: Tớ Đến Với Toán Học,490000,490000,0,0.0,0,0,Rosie Neave,Alphabooks,Nhà Xuất Bản Dân Trí,,Bìa mềm,24.0,2021-07-15,info book,available,1000,True,True,True
90660808,Sách Bóc Dán Thông Minh Vừa Học Vừa Chơi 2-6 Tuổi - Khả Năng Phán Đoán,28100,40000,30,4.8,22,197,Trần Hải Anh,Nhà sách Minh Thắng,Nhà Xuất Bản Dân Trí,,Bìa mềm,22.0,2021-03-01,Tiki Trading,available,1000,False,True,True
73511877,Bộ Sách Tiếng Anh Đầu Tiên Của Bé - 5 Phút Mỗi Ngày (Bộ 8 Cuốn),200000,200000,0,0.0,0,1,,Minh Long,Nhà Xuất Bản Mỹ Thuật,,,,,NHBook,available,1000,True,True,True
73165401,Combo sách: Tớ Học Lập Trình - Làm Quen Với Lập Trình + Tớ Học Lập Trình - Làm Quen Với PYTHON,229350,229350,0,4.8,40,184,,Nhã Nam,Nhà Xuất Bản Thế Giới,,,,,AHABOOKS,available,1000,True,True,True
55510374,Combo Bách Khoa Thư Về Thiên Nhiên: Khám Phá Rừng + Khám Phá Biển / Tất Tần Tật Kiến Thức Bách Khoa Bổ Ích Cho Bé,290000,290000,0,0.0,0,0,,NXB Kim Đồng,Nhà Xuất Bản Kim Đồng,,,,,Bamboo Books,available,1000,True,True,True
53390527,Sách Bách Khoa Thiếu Nhi - Ai Cập Cổ Đại (Bìa Cứng),87100,88000,1,5.0,3,9,,Nhà sách Minh Thắng,Nhà Xuất Bản Phụ Nữ Việt Nam,,Bìa cứng,160.0,2020-01-01,Minhhabooks,available,1000,True,True,True
44976202,Sách Điên Toàn Tập,132000,139000,5,0.0,0,2,"Josep Palau, Rosa M. Curto",Nhã Nam,Nhà Xuất Bản Hà Nội,,Bìa mềm,468.0,2019-12-01,Nhà sách Fahasa,available,1000,True,True,True
41485258,365 Phát Hiện Và Phát Minh Ấn Tượng Trong Lịch Sử Nhân Loại Tặng Ngẫu Nhiên 1 cuốn 365 Ngày Phát Triển Trí Tuệ,220000,220000,0,0.0,0,0,Om Books,Minh Long,,,Bìa cứng,235.0,2019-06-01,NHBook,available,1000,True,True,True
31326664,Cơ Thể Của Tôi Hoạt Động Như Thế Nào - Da,47000,70000,33,4.7,7,58,,Vinabook JSC,Nhà Xuất Bản Hồng Đức,,Bìa mềm,32.0,2019-08-29,VIETNAMBOOK,available,1000,True,True,True
10271797,"Combo 3 Cuốn Pomath Toán Tư Duy Cho Trẻ Em 4 - 6 tuổi (Tập 4,5,6)",243540,297000,18,5.0,8,51,PGS.TS Chu Cẩm Thơ,TKBooks,ĐHQG Hà Nội,,Bìa mềm,,2019-01-01,MCBooks,available,1000,True,True,True
5743641,Sách Bách Khoa Thư Larousse: Không Gian,148000,148000,0,0.0,0,1,,Nhã Nam,Nhà Xuất Bản Thế Giới,,Bìa mềm,98.0,2018-10-05,info book,available,1000,True,True,True
1817627,Đừng Mở Cuốn Sách Này Ra,58200,62000,6,5.0,1,19,Heath McKenzie,Huy Hoàng Bookstore,,,Bìa mềm,32.0,2018-04-09,Nhà sách Fahasa,available,1000,True,True,True
799059,Sách Bách Khoa Thư Thế Hệ Mới,279000,349000,20,0.0,0,3,.,Alphabooks,Nhà Xuất Bản Dân Trí,,Bìa cứng,182.0,2017-11-01,Alpha Books Official,available,1000,True,True,True
396937,Sách Pippi tất dài ( Tái Bản),125000,125000,0,0.0,0,2,Astrid Lindgren,Nhã Nam,Nhà Xuất Bản Văn Học,,Bìa mềm,,2014-08-01,Nhà Sách Vĩnh Thụy,available,1000,True,True,True
371166,Tủ Sách Tri Thức Bách Khoa Bằng Hình - Thế Giới Động Vật,350000,350000,0,0.0,0,0,Fleurus,Công Ty Cổ Phần Văn Hóa Đông A,Nhà Xuất Bản Dân Trí,,Bìa cứng,320.0,2013-07-31,Nhà Sách Vĩnh Thụy,available,1000,True,True,True
279269336,Sách - Hiểu Về Trí Tuệ Nhân Tạo AI,139500,155000,10,0.0,0,0,DK,Đinh Tị,Nhà Xuất Bản Tri Thức,,Bìa mềm,,2023-12-21,Nhà sách Fahasa,available,1000,True,True,True
278945404,Atlas vũ trụ (Khám phá vũ trụ bao la qua những trang gấp khổng lồ),183100,228000,20,0.0,0,1,Jan Píšala,Đinh Tị,Nhà Xuất Bản Thế Giới,,Bìa mềm,36.0,,Tiki Trading,available,1000,False,True,True
278712116,Sách - Bộ Sách 100 Từ Đầu Tiên Cho Bé (Bộ 4 Cuốn),106200,128000,17,0.0,0,3,nhieu tac gia,Cty Văn Hóa Việt Thư,Nhiều Nhà Xuất Bản,,Bìa mềm,,2023-12-21,Nhà sách Fahasa,available,1000,True,True,True
278292704,Sách To Ôm Sách Nhỏ,85300,120000,29,0.0,0,3,Annette Rusling,Đinh Tị,Nhà Xuất Bản Thanh Niên,,Bìa cứng,10.0,,Tiki Trading,available,1000,True,True,True
278007225,Sách - 100 Bí Ẩn Đáng Kinh Ngạc Về Khoa Học,100000,100000,0,0.0,0,0,,Nhà Sách Hồng Ân,Nhà Xuất Bản Thế Giới,,,,,Khanhlinhbook,available,1000,True,True,True
277591307,Bộ Sách - Vòng Quanh Thế Giới,11800,12000,2,0.0,0,91,Nhiều tác giả,Nhà Xuất Bản Kim Đồng,Nhà Xuất Bản Kim Đồng,,Bìa mềm,16.0,2025-01-01,Tiki Trading,available,1000,False,True,True
275155627,Sách Wolfoo IQ Rèn Luyện Khả Năng Sáng Tạo Cùng Bé,18500,29000,36,5.0,7,29,1980Edu - Quỳnh Hương,1980 Books,Nhà Xuất Bản Dân Trí,,Bìa mềm,,2024-06-01,Tiki Trading,available,1000,False,True,True
273456578,Bộ Lại Chuyện xóm gà (Trọn bộ 08 cuốn)  - Bản Quyền,400000,400000,0,0.0,0,0,,Nhã Nam,Nhà Xuất Bản Hà Nội,,,,,NHBook,available,1000,True,True,True
272533020,Sách - Harry Potter : Kỳ Thư Phù Thủy ( Bách Khoa Toàn Thư Bằng Tranh Màu ) - Tặng Kèm Sổ Xương Rồng,555000,555000,0,5.0,1,15,"J.K. Rowling,  J.K. Rowling,  J.K. Rowling",NXB Trẻ,NXB Trẻ,,Bìa cứng,208.0,2023-10-10,NHBook,available,1000,True,True,True
272452599,Thử tài tìm kiếm - Động vật (Tái bản 2023),61200,68000,10,0.0,0,8,Usbone,Công Ty Cổ Phần Văn Hóa Đông A,Nhà Xuất Bản Dân Trí,,Bìa mềm,48.0,,Đông A Books Official,available,1000,True,True,True
272201340,Quái vật băng (David Walliams)- Bản Quyền,180000,180000,0,0.0,0,0,,Nhã Nam,Nhà Xuất Bản Hội Nhà Văn,,,,,Bamboo Books,available,1000,True,True,True
271414871,Sách - Hỏi đáp thông minh rèn luyện não trái não phải - Vizibook,62560,68000,8,0.0,0,8,,Vizibook,Nhà Xuất Bản Phụ Nữ Việt Nam,,Bìa mềm,97.0,2023-06-21,Vizibook,available,1000,True,True,True
271044744,Sách Thiếu Nhi - Bóng Tối Bao La - Chris Hadfield - San Hô Books,135000,150000,10,0.0,0,54,Chris Hadfield,Công ty Cổ phần Sách và Truyền thông San Hô,nxb thanh nien,,Bìa cứng,52.0,,San Ho Books,available,1000,True,True,True
270735663,Sách - 30 Giây Điện Ảnh,155000,155000,0,0.0,0,0,Pamela Hutchinson,NXB Kim Đồng,Nhà Xuất Bản Kim Đồng,,Bìa mềm,160.0,,Bamboo Books,available,1000,True,True,True
253057245,Atlas các loài chim,171000,190000,10,0.0,0,1,,Công Ty Cổ Phần Văn Hóa Đông A,Nhà Xuất Bản Dân Trí,,,64.0,,Cá Chép Bookstore,available,1000,True,True,True
252858870,Sách Bệnh Viện Tinh Gọn,424100,499000,15,4.0,2,35,Mark Graban,Alphabooks,Nhà Xuất Bản Dân Trí,,Bìa mềm,568.0,2023-03-01,Tiki Trading,available,1000,False,True,True
251537168,Sách Big Bang - Bách Khoa Và Khám Phá Bên Trong Cơ Thể Người,73000,89000,18,0.0,0,20,Stephanie Stahl,Megabook,Nhà Xuất Bản Đại Học Quốc Gia Hà Nội,,Bìa mềm,128.0,2023-04-04,Tiki Trading,available,1000,False,True,True
249778313,Tủ sách rèn luyện kỹ năng cho trẻ trước tuổi đến trường (2-6 tuổi) Bóc dán hình thông minh IQ-EQ-CQ 150 miếng dán hình thông minh - Cờ các quốc gia trên thế giới (tái bản),34300,50000,31,4.5,2,28,Phan Minh Đạo,Nhà sách Minh Thắng,Nhà Xuất Bản Dân Trí,,Bìa mềm,21.0,2022-12-01,Tiki Trading,available,1000,False,True,True
247930806,500 Trò Chơi Rèn Luyện IQ (4-10 Tuổi) - Khả Năng Tư Duy,63700,75000,15,0.0,0,4,Vương Văn,Nhà sách Minh Thắng,Nhà Xuất Bản Phụ Nữ Việt Nam,,,,,Nhà sách Fahasa,available,1000,True,True,True
212568922,Tài Chính Trẻ Em,103000,129000,20,0.0,0,0,,Alphabooks,Nhà Xuất Bản Dân Trí,,Bìa mềm,132.0,2022-12-15,Alpha Books Official,available,1000,True,True,True
203422865,Sách - 10 vạn câu hỏi vì sao cho bé ( Lẻ Nhiều chủ đề),55000,55000,0,0.0,0,32,Tôn Nguyên Vĩ,Đinh Tị,nxb thanh nien,,Bìa mềm,136.0,2018-10-24,Happy Kids books,available,1000,True,True,True
201679861,"Sách Những Trí Tuệ Vĩ Đại - Hawking: Người đàn ông phi thường, một thiên tài vĩ đạivà cha đẻ của thuyết vạn vật",157400,229000,31,4.6,9,67,Joel Levy,Tân Việt,Nhà Xuất Bản Dân Trí,,Bìa cứng,159.0,2022-10-01,Tiki Trading,available,1000,False,True,True
196515319,Trái Cây Đại Chiến Zombie - Thế Giới Khủng Long Tập 9 - Trên Đảo Khủng Long,80100,89000,10,0.0,0,3,Tiếu Giang Nam,Huy Hoàng Bookstore,Nhà Xuất Bản Phụ Nữ Việt Nam,,Bìa mềm,176.0,2022-08-30,Văn Lang Official Store,available,1000,True,True,True
185668559,Sách Ehon Châu Âu - Chỉ Cậu Và Tớ,21400,35000,39,4.7,3,21,Stephanie Moss,Tân Việt,Nhà Xuất Bản Mỹ Thuật,,Bìa mềm,24.0,2022-06-06,Tiki Trading,available,1000,False,True,True
176831150,Vui Học Sơ Đồ Tư Duy: Sách Bóc Dán - Tăng Cường Khả Năng Quan Sát,55100,58000,5,5.0,1,48,"Lạc Tư Tư, Tự Tại Đồng Thư",NXB Kim Đồng,Nhà Xuất Bản Kim Đồng,,Bìa mềm,28.0,2023-06-25,Tiki Trading,available,1000,False,True,True
175567334,Sách-Combo 2c Từ điển bằng tranh - Phương tiện giao thông &amp; Từ điển bằng tranh - Thế giới động vật,195300,197300,1,0.0,0,0,,Minh Thắng,Nhà Xuất Bản Mỹ Thuật,,,,,Minhhabooks,available,1000,True,True,True
173481878,Sách Học Và Thực Hành Stem Đơn Giản - Công Nghệ - 60 Bài Thực Hành Bổ Ích,43500,59000,26,5.0,4,49,Nancy Dickmann,Đinh Tị,Nhà Xuất Bản Thanh Niên,,Bìa mềm,66.0,2022-04-04,Tiki Trading,available,1000,True,True,True
164092192,Horrible Geography - Miền Cực Lạnh Cóng,35000,35000,0,0.0,0,2,,NXB Trẻ,NXB Trẻ,,,,,Bamboo Books,available,1000,True,True,True
145134924,Combo 6 Quyển: Truyện Kể Bốn Mùa,191000,234000,18,4.8,10,85,"Marie Tibi, Fabien Öckto Lambert",Đinh Tị,Nhà Xuất Bản Thanh Niên,,Bìa mềm,36.0,2021-12-12,Tiki Trading,available,1000,True,True,True
77230248,Sách Vui Học Cùng Curo Biết Tuốt - Tổ Chức Ngầm Bí Mật Và Hành Tinh Vàng,81800,88000,7,0.0,0,4,"Moonsook Hwang, Yunjung Kim",Nhã Nam,Nhà Xuất Bản Thế Giới,,Bìa mềm,96.0,2021-02-12,Nhà sách Fahasa,available,1000,True,True,True
51659625,Combo 2 cuốn sách chọn lọc dành cho trẻ từ 0-6 tuổi: Sách âm thanh - Âm thanh của thiên nhiên + Sách âm thanh - Âm thanh cuộc sống quanh em,409500,409500,0,5.0,2,18,,Đinh Tị,Nhà Xuất Bản Thanh Niên,,,,,Phương Đông Books,available,1000,True,True,True
42177988,Sách Isadora Moon - Tổ Chức Sinh Nhật,41000,55000,25,5.0,4,56,Harriet Muncaster,NXB Trẻ,,,Bìa mềm,128.0,2019-11-01,Tiki Trading,available,1000,False,True,True
21853765,Sách Chuyển Động - Hộp sách 2 - First Stories (4 Cuốn),476000,476000,0,5.0,3,11,.,Đinh Tị,Nhà Xuất Bản Thanh Niên,,Bìa mềm,,2019-07-01,Play With Me,available,1000,True,True,True
13359637,Sách Những Chiếc Xe Hiệp Sĩ: Xe Cứu Hỏa Vất Vả (Tái Bản 2019),17800,18000,1,5.0,15,168,"Mijika, Tianying",Nhà Xuất Bản Kim Đồng,,,Bìa mềm,24.0,1900-01-04,Nhà sách Fahasa,available,1000,True,True,True
10805983,Sách Nói Sao Cho Con Hiểu - Vì Sao Phải Uống Sữa,15000,20000,25,5.0,3,90,Nguyễn Thụy Anh,NXB Trẻ,,,Bìa mềm,44.0,2019-02-01,Tiki Trading,available,1000,False,True,True
1734441,Sách Từ Điển Khoa Học Của Bé - Bé Tập Khám Phá,81000,125000,35,5.0,4,109,David Chauvel,NXB Trẻ,NXB Trẻ,,Bìa mềm,158.0,2018-01-01,Tiki Trading,available,1000,False,True,True
691621,Sách Học Chữ Cái Tiếng Việt Bằng Hình - Quyển 1,8000,10000,20,5.0,1,17,Trần Ngọc Bảo Hân,Công Ty CP Văn Hóa Nhân Văn,Nhà Xuất Bản Đồng Nai,,Bìa mềm,,2017-06-01,Nhà sách Fahasa,available,1000,True,True,True
472337,Sách Bách Khoa Tri Thức Phổ Thông - 10 Vạn Câu Hỏi Vì Sao? (Bìa Cứng),216000,216000,0,4.5,6,42,Thanh Huệ,Nhà sách Minh Thắng,,,Bìa cứng,275.0,2016-02-05,Phương Đông Books,available,1000,True,True,True
472228,Sách Cắt Và Dán Hình 3D - Bé Khéo Tay - Vườn Mơ Ước,29400,30000,2,5.0,1,7,,Pandabooks,,,Bìa mềm,,2013-12-12,Nhà sách Fahasa,available,1000,True,True,True
460509,Sách Vòng Quanh Thế Giới - Ý,11400,12000,5,4.7,22,431,Nhóm tác giả,Nhà Xuất Bản Kim Đồng,,,Bìa mềm,16.0,2015-11-23,Nhà sách Fahasa,available,1000,True,True,True
279112526,Sách - Tri Thức Trong Lòng Bàn Tay - Bách Khoa Thiếu Nhi - Phát Minh Của Nhân Loại - Bìa Cứng (Tái Bàn 2025),96800,110000,12,0.0,0,1,nhieu tac gia,Nhà sách Minh Thắng,Nhà Xuất Bản Phụ Nữ Việt Nam,,Bìa mềm,,2023-12-21,Nhà sách Fahasa,available,1000,True,True,True
278569947,Sách Thơ Cho Bé Tập Nói - Bộ 3 Cuốn Con Yêu Nhà Mình - Nuôi Dưỡng Tâm Hồn Trẻ,30000,30000,0,0.0,0,0,Nhiều tác giả,Phúc Minh Books,Nhà Xuất Bản Văn Học,,Bìa mềm,,,Phúc Minh Books,available,1000,True,True,True
278128824,Sách Tớ Đến Với Khoa Học:,27911,49000,43,0.0,0,0,Emma Ranade,Alphabooks,Nhà Xuất Bản Dân Trí,,Bìa mềm,24.0,,Tiki Trading,available,1000,False,True,True
276648686,Bách Khoa Cho Trẻ Em: Bách Khoa Vũ Trụ,180000,180000,0,0.0,0,0,DK,Gieobooks,NXB Dân Trí,,Bìa cứng,128.0,2024-11-26,Tazano Official Store,available,1000,True,True,True
274469551,Cuốn Sách Khám Phá Kiến thức Khoa Học: Những Hành Tinh Của Robin,161150,161150,0,0.0,0,0,,Bách Việt,Nhà Xuất Bản Văn Học,,,,,AHABOOKS,available,1000,True,True,True
273714533,"Dolto - Khi Chúng Mình Là Con Nuôi ""Tình Yêu Của Bố Mẹ Nuôi Đã Sinh Ra Chúng Mình Một Lần- Bản Quyền",45000,45000,0,0.0,0,0,,Alpha Books,Nhà Xuất Bản Dân Trí,,,,,Gooda Official,available,1000,True,True,True
273613235,Sách Siêu Khủng Long – Những Bí Mật Bật Ngửa Trong Thế Giới Khủng Long,95900,125000,23,0.0,0,2,Halfbob,Nhà xuất bản Phụ Nữ Việt Nam,Nhà Xuất Bản Phụ Nữ Việt Nam,,Bìa cứng,116.0,,Tiki Trading,available,1000,False,True,True
273550471,Sách - Cuốn sách tranh đầu tiên về Những điều kỳ lạ - Dành cho bé từ 4 tuổi trở lên - Ehomebooks,109100,119000,8,0.0,0,12,,Quảng Văn,Nhà Xuất Bản Phụ Nữ Việt Nam,,Bìa mềm,100.0,,Mộc Nhiên Kids Store,available,1000,True,True,True
273122988,Sách Học Cho Ai? Học Để Làm Gì? Tập 2,36800,40000,8,5.0,2,59,Tiêu Vệ,Nhà Xuất Bản Kim Đồng,Nhà Xuất Bản Kim Đồng,,Bìa mềm,176.0,2019-03-15,Tiki Trading,available,1000,False,True,True
270771421,Kim Đồng - Việt Nam sử lược - Bản đặc biệt,250000,250000,0,0.0,0,0,,Nhà Xuất Bản Kim Đồng,Nhà Xuất Bản Kim Đồng,,,,,Nhà Sách Vĩnh Thụy,available,1000,True,True,True
267260067,Sách Học Mà Chơi – Sắp Xếp Mọi Thứ Ư? Chuyện Nhỏ!,50600,79000,36,4.6,11,4,"Janet S. Fox , Steve Mark",Alphabooks,Nhà Xuất Bản Lao Động,,Bìa mềm,112.0,2023-01-01,Tiki Trading,available,1000,False,True,True
263697509,Sách Từ Điển Hình Ảnh Cho Bé: Đồ Dùng,29400,30000,2,5.0,12,5,"Phạm Huy Thông, Lê Bích Thuỷ, Hiếu Minh, Việt Hải",Nhà Xuất Bản Kim Đồng,Nhà Xuất Bản Kim Đồng,,Bìa mềm,12.0,2019-06-01,Tiki Trading,available,1000,False,True,True
253642322,Em muốn biết vì sao Khủng long tuyệt chủng và những câu hỏi khác về khủng long,50000,50000,0,0.0,0,0,Rod Theodorou,Công Ty Cổ Phần Văn Hóa Đông A,Nhà Xuất Bản Dân Trí,,Bìa mềm,32.0,,Nhà Sách Vĩnh Thụy,available,1000,True,True,True
249778335,Trò chơi mê cung - Thử tài quan sát (sách bản quyền) (2-8 tuổi),24700,35000,29,5.0,1,29,Hồ Lô Xanh,Nhà sách Minh Thắng,Nhà Xuất Bản Dân Trí,,Bìa mềm,16.0,2022-12-01,Tiki Trading,available,1000,False,True,True
247813632,Tớ Là Hươu Cao Cổ. Nhà Tớ Ở Châu Phi,65000,65000,0,0.0,0,0,,Sách điện tử Thái Hà,Nhà Xuất Bản Lao Động,,,,,Nhà Sách Vĩnh Thụy,available,1000,True,True,True
235728516,Sách Sapa Mù Sương,20000,25000,20,0.0,0,15,Nhiều tác giả,NXB Trẻ,NXB Trẻ,,Bìa mềm,24.0,2023-02-02,Tiki Trading,available,1000,False,True,True
213701649,"Tìm Hiểu Về Khủng Long (Sách Kiến Thức Bách Khoa Học Mà Chơi, Chơi Mà Học Cho Mọi Lứa Tuổi) ",79500,79500,0,0.0,0,0,,Tân Việt,Nhà Xuất Bản Phụ Nữ,,,,,AHABOOKS,available,1000,True,True,True
208122580,Combo Học Toán Cùng Jenny - Sách Dành Cho Học Sinh Chuẩn Bị Vào Lớp 1 (8 Cuốn),217000,240000,10,5.0,2,69,"Lê Anh Vinh, Vũ Văn Luân, Hoàng Quế Hường",Kim Đồng,Nhà Xuất Bản Kim Đồng,,Bìa mềm,256.0,2023-03-30,Tiki Trading,available,1000,False,True,True
207754425,Combo: Mô Hình Động- Bé Ghép Mô Hình 3D: Dưới Đáy Biển + Những Chú Kỳ Lân Nhiệm Màu + Khinh Khí Cầu + Hệ Mặt Trời (Bộ 4 Cuốn),327200,476000,31,0.0,0,0,Annabel Stones,Tân Việt,Nhà Xuất Bản Mỹ Thuật,,Bìa cứng,8.0,2022-12-12,Tiki Trading,available,1000,False,True,True
204880969,Những Điều Trẻ Em Thích Khám Phá Nhất - 10 Vạn Câu Hỏi Vì Sao ? - Thường Thức Cuộc Sống (Sách bản quyền) - Tái bản,50900,75000,32,4.8,5,46,Yosbook,Nhà sách Minh Thắng,Nhà Xuất Bản Phụ Nữ Việt Nam,,Bìa mềm,136.0,2022-08-01,Tiki Trading,available,1000,False,True,True
203945317,Thông Minh - Tài Trí: Câu Đố Tìm Điểm Bất Hợp Lý,38400,48000,20,0.0,0,1,Lê Hùng,Cty Văn Hóa Nhân Văn,,,,,,Nhà sách Fahasa,available,1000,True,True,True
201308271,Sách - Who? Chuyện kể về danh nhân thế giới - Anh em nhà Wright,55000,55000,0,0.0,0,2,,Nhà Xuất Bản Kim Đồng,Nhà Xuất Bản Kim Đồng,,,,,HỆ THỐNG NHÀ SÁCH ABC,available,1000,True,True,True
173479572,Sách Bách Khoa Tri Thức Dành Cho Trẻ Em,261500,330000,21,5.0,3,68,Nhiều tác giả,Đinh Tị,Nhà Xuất Bản Thế Giới,,Bìa cứng,320.0,2022-02-01,Tiki Trading,available,1000,False,True,True
173090922,Phát triển trí tuệ (145 câu đố) - Bộ sách Rèn luyện trí thông minh - Dành cho trẻ 4-5 tuổi ,46152,46152,0,4.6,20,256,,CÔNG TY TNHH IN VÀ TM TUẤN VIỆT,Nhà Xuất Bản Hà Nội,,Bìa mềm,,,TUANVIET BOOKS Official Store,available,1000,True,True,True
162140224,Sách 100++ Kỹ Năng Tự Bảo Vệ Bản Thân Cho Trẻ - Ứng Phó Với Thiên Tai,62700,79000,21,5.0,1,28,Tiểu Mạch Đông Thái,Đinh Tị,Nhà Xuất Bản Hà Nội,,Bìa mềm,132.0,2022-01-01,Tiki Trading,available,1000,True,True,True
136812790,Sách - Khám Phá Động Vật 5 Châu - Châu Á,65000,65000,0,0.0,0,0,,Cty Văn Hóa Việt Thư,Nhà Xuất Bản Phụ Nữ Việt Nam,,Bìa mềm,36.0,,HỆ THỐNG NHÀ SÁCH ABC,available,1000,True,True,True
129766524,Sách EQ-IQ Giúp Trẻ Làm Chủ Cảm Xúc - Nghịch Ngợm,32000,32000,0,0.0,0,0,Audrey Bouquet,Đinh Tị,Nhà Xuất Bản Thanh Niên,,Bìa mềm,28.0,2021-10-10,Bamboo Books,available,1000,True,True,True
118887256,Bách Khoa Cho Trẻ Em - Bách Khoa Động Vật (Tái Bản 2021),180000,180000,0,0.0,0,4,DK,Đông A,NXB Dân Trí,,,,,Bamboo Books,available,1000,True,True,True
91560927,Sách - Cùng Bé Khám Phá Thế Giới Xung Quanh - Hoa - Sách Song Ngữ (Bìa cứng),28000,28000,0,0.0,0,0,Hải Phạm,Công Ty TNHH Văn Hóa Việt Thư,Không có,,Bìa cứng,16.0,,Bảo Châu Books,available,1000,True,False,True
85923526,Sách Steam Tớ Là Nhà Chế Tạo Robot,114600,126000,9,0.0,0,2,Bob Katovich,1980 Books,Nhà Xuất Bản Lao Động,,Bìa mềm,140.0,2021-03-01,Nhà sách Fahasa,available,1000,True,True,True
58397039,Sách Kĩ Năng Vàng Cho Teen Thế Kỉ 21 - Bí Kíp Ghi Chép Hiệu Quả,74000,85000,13,5.0,32,229,"You Jia Hui, Zi Hun",NXB Kim Đồng,Nhà Xuất Bản Kim Đồng,,Bìa mềm,216.0,2020-07-01,Tiki Trading,available,1000,False,True,True
34565938,Khoa Học Tiền Tiểu Học Song Ngữ - Sách Luyện Tập 3,18480,24000,23,4.5,6,124,Sasbadi,Nhã Nam,Nhà Xuất Bản Hà Nội,,Bìa mềm,30.0,2019-09-01,Tiki Trading,available,1000,False,True,True
20889679,Combo 6 cuốn 10 Vạn Câu Hỏi Vì Sao,307700,310900,1,1.0,1,3,.,Nhà sách Minh Thắng,Nhà Xuất Bản Văn Học,,Bìa mềm,100.0,2019-06-25,Minhhabooks,available,1000,True,True,True
11127644,Combo Ước Mơ Của Bé 6+ (3 Cuốn),132000,147000,10,0.0,0,8,Andrea Beaty,Thái Hà,Nhà Xuất Bản Văn Học,,Bìa mềm,,2019-02-01,THAIHABOOKS,available,1000,True,True,True
7775738,Combo 8 Quyển Những Chiếc Xe Hiệp Sĩ,126700,144000,12,5.0,1,27,"Tianying, Mijika",Nhà Xuất Bản Kim Đồng,Nhà Xuất Bản Kim Đồng,,Bìa mềm,192.0,2018-01-01,Nhà sách Fahasa,available,1000,True,True,True
2891849,Sách 365 Trò Chơi Khoa Học Khó Mà Dễ Dễ Mà Khó (Tái Bản 2018),151200,168000,10,5.0,7,48,Nhiều tác giả,Đinh Tị,,,Bìa cứng,128.0,,Nhà sách Fahasa,available,1000,True,True,True
2684447,Sách 200 Câu Hỏi & Lời Giải Đáp - Những Nền Văn Minh Cổ Đại (Tái Bản),26600,28000,5,0.0,0,1,Rahul Singhal - Xact Team,Công Ty CP Sách Văn Chương,Nhà Xuất Bản Văn Học,,Bìa mềm,200.0,,Chính Thông,available,1000,True,True,True
1057432,Sách Stem – Công Nghệ Siêu Thông Minh,53100,59000,10,5.0,1,15,"Catherine Bruzzone, Vicky Barker",Alphabooks,,,Bìa mềm,32.0,2017-10-01,Nhà sách Fahasa,available,1000,True,True,True
709361,Sách Atlas Thế Giới Khủng Long,135000,150000,10,0.0,0,2,.,Đinh Tị,,,Bìa mềm,144.0,2017-07-06,Nhà sách Fahasa,available,1000,True,True,True
472336,Sách Bách Khoa Tri Thức Phổ Thông - 10 Vạn Câu Hỏi Vì Sao? (Bìa Mềm),181500,181500,0,4.3,6,183,Thanh Huệ,Nhà sách Minh Thắng,,,Bìa mềm,275.0,2016-02-05,Phương Đông Books,available,1000,True,True,True
277969614,Sách Thế Giới Bí Ẩn Thời Tiền Sử - Những Cuộc Phiêu Lưu Trên Vùng Đất Của Khủng Long,128500,205000,37,0.0,0,3,"Kllie Moore, Becky Thorns",Tân Việt,Nhà Xuất Bản Văn Học,,Bìa mềm,157.0,,Tiki Trading,available,1000,False,True,True
277287727,Quiz - khoa học kì thú:  khoa học lạ đời,75000,75000,0,0.0,0,1,,Nhà Xuất Bản Kim Đồng,Nhà Xuất Bản Kim Đồng,,,,,Bamboo Books,available,1000,True,True,True
275769358,Sách - Bách khoa thư kỳ thú về vũ trụ ,350000,350000,0,0.0,0,0,nhieu tac gia,Đinh Tị,Nhà Xuất Bản Hà Nội,,Bìa cứng,224.0,2024-07-14,Bamboo Books,available,1000,True,True,True
275429501,Sách Ngữ Pháp Tiếng Anh Nâng Cao Lớp 8 Tập 2 (Global),58250,75000,22,0.0,0,2,Thùy Dương,Megabook,Nhà Xuất Bản Đại Học Quốc Gia Hà Nội,,Bìa mềm,,2024-06-01,Tiki Trading,available,1000,False,True,True
274761961,Combo sách Bách Khoa Toàn Thư Cho Bé | Sanhobooks.,259000,259000,0,0.0,0,0,nhieu tac gia,Công ty Cổ phần Sách và Truyền thông San Hô,Nhà Xuất Bản Thanh Niên,,Bìa cứng,,,San Ho Books,available,1000,True,True,True
274302544,Mình Cùng Vui Chơi Nhé! - Vo Ve Vo Ve! Màu Vàng,158100,170000,7,0.0,0,1,,CÔNG TY TNHH EDUCATION SOLUTIONS VIỆT NAM,Nhà Xuất Bản Phụ Nữ Việt Nam,,,,,Nhà sách Fahasa,available,1000,True,True,True
273734056,Sách Get To Know Money - Siêu Nhí Khám Phá Về Tiền,250000,250000,0,0.0,0,0,Kalpana Fitzpatrick,1980 Books,Nhà Xuất Bản Lao Động,,Bìa cứng,96.0,2024-01-01,info book,available,1000,True,True,True
270478958,365 Phát Hiện Và Phát Minh Ấn Tượng Trong Lịch Sử Nhân Loại - Bản Quyền,220000,220000,0,0.0,0,0,,minhlongbook,Nhà Xuất Bản Mỹ Thuật,,,,,Nhà Sách Vĩnh Thụy,available,1000,True,True,True
270253513,Phát Triển Trí Não Cho Trẻ Qua Tô-Dán Và Nối Hình - Trang Phục,46700,55000,15,0.0,0,1,,Tân Việt,nxb my thuat,,,,,Nhà sách Fahasa,available,1000,True,True,True
268454779,"Combo bộ sách DÁN HÌNH THÔNG MINH ""Vũ trụ"" và ""Quốc kỳ các nước trên thế giới",130000,130000,0,0.0,0,0,,Nhà sách Tân Việt,Nhà Xuất Bản Mỹ Thuật,,,,,NHBook,available,1000,True,True,True
262870657,IQ Montessori Toán Học,71280,99000,28,0.0,0,0,,1980 Books,Nhà Xuất Bản Dân Trí,,,,,TTR Next Generation,available,1000,True,True,True
262037885,Nhà Thông Thái Lớp 5 (10-11 Tuổi) (Tái Bản 2023),110200,116000,5,0.0,0,1,Play Bac,Cty Văn Hóa Giáo Dục Long Minh,NXB Dân Trí,,,,,Nhà sách Fahasa,available,1000,True,True,True
201308417,Sách - Chinh phục Everest,136000,136000,0,0.0,0,0,,Nhà Xuất Bản Kim Đồng,Nhà Xuất Bản Kim Đồng,,,,,Bamboo Books,available,1000,True,True,True
198516137,Combo Bách Khoa Cho Trẻ Em (Tái bản) - Theo Chủ Đề,612000,720000,15,0.0,0,0,Dorling Kindersley,Công Ty Cổ Phần Văn Hóa Đông A,Nhà Xuất Bản Dân Trí,,Bìa cứng,128.0,,Cá Chép Bookstore,available,1000,True,True,True
190553868,BỘ SÁCH THÔNG MINH GIÚP HỌC VÀ LÀM QUEN VỚI CHỮ VÀ HÌNH KHỐI CƠ BẢN TRỞ BÊN VUI NHỘN (TẬP 4),27000,54000,50,0.0,0,0,Việt An,Công ty TNHH Truyền Thông Việt An,Nhà Xuất Bản Phụ Nữ Việt Nam,,Bìa cứng,68.0,2022-07-10,Việt An books,available,1000,True,True,True
186884040,[Tủ sách Lyceum] TRẺ EM HỌC NHƯ THẾ NÀO? - John Holt - NXB Phụ Nữ (sách mới 2022),233200,243000,4,5.0,6,62,,NXB Phụ Nữ,Nhà Xuất Bản Phụ Nữ,,Bìa mềm,436.0,,BÌNH BÁN BOOK,available,1000,True,True,True
177633729,Từ Điển -Thư Viện Hình Ảnh Song Ngữ Đầu Tiên Của Bé - Động Vật Dưới Nước,60000,60000,0,5.0,5,66,Bảo Châu,Nhà sách Bảo Châu,Nhà Xuất Bản Phụ Nữ,,Bìa mềm,36.0,,Bảo Châu Books,available,1000,True,True,True
176451785,Sách Khám Phá Khoa Học - Thân Thiện Môi Trường - Rác Thải Ở Trong Thùng Sẽ Đi Đâu?,42000,42000,0,0.0,0,0,"Anne-Sophie Baumann, Patrick Morize",Đinh Tị,Nhà Xuất Bản Thanh Niên,,Bìa mềm,28.0,2022-05-01,Bamboo Books,available,1000,True,True,True
173420795,Combo 1- 4 Tập: Sticker Dolly Dressing - Dán Hình Sáng Tạo Trang Phục Búp Bê,176600,220000,20,5.0,2,9,Nhiều tác giả,Đinh Tị,Nhà Xuất Bản Thanh Niên,,Bìa mềm,24.0,2022-02-01,Tiki Trading,available,1000,True,True,True
167969483,Pomath Toán tư duy cho trẻ em 10 - 11 tuổi,119000,238000,50,5.0,1,4,PGS TS Chu Cẩm Thơ,TKBooks,Nhà Xuất Bản Đại Học Quốc Gia Hà Nội,,,,,MCBooks,available,1000,True,True,True
162140244,Sách Âm Thanh - Bé Ngoan Học Thói Quen Tốt,229000,229000,0,0.0,0,0,"Khánh Vân, Quỳnh Rùa",Đinh Tị,Nhà Xuất Bản Thanh Niên,,Bìa mềm,10.0,2022-01-01,Bamboo Books,available,1000,True,True,True
146271688,First Sticker Book - Sách Dán Hình Đầu Đời Cho Bé - Vũ Trụ,67500,75000,10,0.0,0,16,Sam Smith,Đinh Tị,Nhà Xuất Bản Thanh Niên,,,,,Nhà sách Fahasa,available,1000,True,True,True
110091961,Sách: Sân Chơi Trí Tuệ - 5 Phút Rèn Luyện Trí Não Tập 2 - Cho Trẻ 2-6 Tuổi,48000,48000,0,0.0,0,3,Aide Shaoer,Công Ty Cổ Phần Văn Hóa Pingbooks,Nhà Xuất Bản Phụ Nữ Việt Nam,,Bìa mềm,40.0,2021-07-03,Happy Kids books,available,1000,True,True,True
109661787,Sách - Khoẻ hơn 10 tuổi nhờ uống nước đúng cách tặng bookmark vadata,189000,189000,0,0.0,0,0,,Thái Hà Book,Nhà Xuất Bản Công Thương,,,264.0,,HỆ THỐNG NHÀ SÁCH ABC,available,1000,True,True,True
87547354,Sách The Dad Lab – Phòng Thí Nghiệm Của Bố,160600,189000,15,5.0,1,7,Sarah Cooper,NXB Phụ Nữ Việt Nam,Nhà Xuất Bản Phụ Nữ Việt Nam,,Bìa mềm,192.0,2021-04-01,Nhà sách Fahasa,available,1000,True,True,True
73601561,Sách Song Ngữ Anh - Việt CBKPTGXQ - Hoa,23200,28000,17,0.0,0,0,Hải Phạm,Công Ty TNHH Văn Hóa Việt Thư,Nhà Xuất Bản Phụ Nữ Việt Nam,,Bìa cứng,16.0,2020-12-01,Nhà sách Fahasa,available,1000,True,True,True
73598279,Combo Sách Chân Dung Những Người Thay Đổi Thế Giới,660000,826000,20,0.0,0,0,nhieu tac gia,Alpha Books,Nhà Xuất Bản Dân Trí,,Bìa mềm,1526.0,2017-02-02,Alpha Books Official,available,1000,True,True,True
55908767,Sách Trò Chơi Giải Mã Mê Cung - Lịch Sử Thế Giới,66000,89000,26,5.0,3,32,Phái Đường,VanLangBooks,Nhà Xuất Bản Phụ Nữ Việt Nam,,Bìa mềm,56.0,2020-05-05,Tiki Trading,available,1000,False,True,True
44822676,500 Bách Khoa Tri Thức - Lịch Sử,120000,179000,33,4.8,17,95,Pegasus,Công Ty Cổ Phần Tri thức Văn Hóa Sách Việt Nam,,,Bìa cứng,192.0,2019-12-12,VIETNAMBOOK,available,1000,True,True,True
41615148,Sách Lựa Chọn Cho Tương Lai JOB? - Chuyên Gia Trí Tuệ Nhân Tạo,68000,68000,0,5.0,3,21,.,Nhà Xuất Bản Kim Đồng,,,Bìa mềm,164.0,2019-11-01,Nhà sách Fahasa,available,1000,True,False,True
36984374,"Sách Thế Nào Và Tại Sao - Ô tô - Mã Lực , Động Cơ Hỗn Hợp Và Những Siêu Sao Tốc Độ",81700,82600,1,0.0,0,6,.,Tân Việt,Nhà Xuất Bản Mỹ Thuật,,Bìa cứng,48.0,2019-10-01,Minhhabooks,available,1000,True,True,True
25775302,Những Thói Quen Vàng - Không Phải Tại Con (Tái Bản 2019),55000,69000,20,0.0,0,0,"Choi Hyung Mi, Kim Ji Hyun",Alphabooks,Nhà Xuất Bản Dân Trí,,Bìa mềm,76.0,2019-08-01,Alpha Books Official,available,1000,True,True,True
21674440,Combo 10 Vạn Câu Hỏi Vì Sao Và 366 Câu Hỏi Khám Phá Thế Giới (02 Cuốn),324000,360000,10,4.0,1,5,.,Tân Việt,Nhà Xuất Bản Mỹ Thuật,,Bìa cứng,376.0,2019-06-01,Nhà sách Fahasa,available,1000,True,True,True
16400588,Sách STEM - Học Viện Kĩ Sư,90000,90000,0,0.0,0,0,Steve Martin,Nhà Xuất Bản Kim Đồng,Nhà Xuất Bản Kim Đồng,,Bìa mềm,74.0,2019-01-05,Nhà Sách Vĩnh Thụy,available,1000,True,True,True
10738174,Combo Để Em Luôn Ngoan Ngoãn (10 cuốn) - Tái Bản 2019,180000,240000,25,4.7,23,596,.,Nhà Xuất Bản Kim Đồng,Nhà Xuất Bản Kim Đồng,,Bìa mềm,,2019-02-02,Tiki Trading,available,1000,False,False,True
7378489,Sách Hành Trình Vào Tâm Trái Đất,81200,82100,1,4.3,3,23,Jules Verne,Nhà sách Minh Thắng,,,Bìa mềm,384.0,,Minhhabooks,available,1000,True,True,True
1661203,Sách Toán Học Cho Trẻ Mẫu Giáo: Lớp Lá 1,48000,50000,4,5.0,2,25,"Kiến Bằng, Pillow Studio",Huy Hoàng Bookstore,Nhà Xuất Bản Phụ Nữ,,Bìa mềm,82.0,2018-03-09,Nhà sách Fahasa,available,1000,True,True,True
685450,Sách Thám Hiểm Rừng Xanh,28000,28000,0,0.0,0,2,.,Pandabooks,Nhà Xuất Bản Hồng Đức,,Bìa mềm,32.0,2013-01-01,Pandabooks Hiệu Sách,available,1000,True,True,True
506617,Sách Bé Học Tiếng Anh Bằng Hình: Đồ Dùng Trong Nhà,4900,8000,39,0.0,0,24,Trần Ngọc Minh Khuê,Công Ty CP Văn Hóa Nhân Văn,,,Bìa mềm,6.0,2015-09-30,Nhân Văn,available,1000,True,False,True
505335,Sách Copy Colour Tập 4,8960,15000,40,0.0,0,1,Trần Ngọc Minh Khuê,Công Ty CP Văn Hóa Nhân Văn,,,Bìa mềm,,2015-12-30,Nhân Văn,available,1000,True,True,True
279132493,Sách - Hành Trình Khám Phá - Không Khí,28500,30000,5,0.0,0,0,nhieu tac gia,NXB Trẻ,NXB Trẻ,,Bìa mềm,,2023-12-21,Nhà sách Fahasa,available,1000,True,True,True
278712985,Sách - Sổ Tay Kiến Thức Bằng Tranh - Sự Sống Trên Trái Đất,155100,165000,6,0.0,0,0,nhieu tac gia,Nhã Nam,Nhà Xuất Bản Thế Giới,,Bìa mềm,,2023-12-21,Nhà sách Fahasa,available,1000,True,True,True
278677290,Bách Khoa Động Vật Dành Cho Trẻ Nhỏ (Tái bản 2025 - ML),80000,80000,0,0.0,0,0,Đồng Chi Minh,Gieobooks,Nhà Xuất Bản Phụ Nữ Việt Nam,,Bìa mềm,124.0,2025-09-21,Tazano Official Store,available,1000,True,True,True
278619869,Combo 2 cuốn: Atlas động vật + Atlas các loài chim,323000,380000,15,0.0,0,1,nhieu tac gia,Công Ty Cổ Phần Văn Hóa Đông A,NXB Dân Trí,,Bìa cứng,64.0,,Đông A Books Official,available,1000,True,True,True
278105432,Sách 10' Cùng Con Mỗi Ngày,26000,30000,13,5.0,7,110,Trương Thị Xuân Huệ - Trần Thị Thanh Huyền,NXB Trẻ,NXB Trẻ,,Bìa mềm,36.0,2016-08-29,Tiki Trading,available,1000,False,True,True
278007245,Sách - Bộ 5 cuốn sách 10 Vạn Câu Hỏi Vì Sao?,55000,55000,0,0.0,0,0,,Nhà Sách Hồng Ân,Nhà Xuất Bản Thế Giới,,,,,Khanhlinhbook,available,1000,True,True,True
278007237,Sách - Bách Khoa Tri Thức Về Khám Phá Thế Giới Cho Trẻ Em - Thiên Văn Học,45000,45000,0,0.0,0,0,,Nhà Sách Hồng Ân,Nhà Xuất Bản Thế Giới,,,,,Khanhlinhbook,available,1000,True,True,True
276273757,Tớ Muốn Biết Tuốt - Khám Phá Thực Phẩm,122550,129000,5,0.0,0,0,nhieu tac gia,Nhà xuất bản Phụ Nữ Việt Nam,Nhà Xuất Bản Phụ Nữ Việt Nam,,Bìa mềm,100.0,,Cá Chép Bookstore,available,1000,True,True,True
276024477,365 Ngày Khủng Long,205000,205000,0,0.0,0,0,Miranda Smith,NXB Trẻ,NXB Trẻ,,,,,Bamboo Books,available,1000,True,True,True
275878753,"Sách Thế Giới Lớn Trong Bàn Tay Nhỏ - Mẹ Ơi, Sáng Nay Mình Ăn Gì?",97000,105000,8,5.0,2,8,Thủy Nguyên,NXB Kim Đồng,Nhà Xuất Bản Kim Đồng,,Bìa mềm,76.0,,Tiki Trading,available,1000,False,True,True
275822282,Sách Lịch Sử Việt Nam Bằng Tranh - Tập 42 : Phân Tranh Nam-Bắc Triều Và Đoạn Kết Nhà Mạc Ở Cao Bằng,23000,35000,34,4.7,9,4,Trần Bạch Đằng,NXB Trẻ,NXB Trẻ,,Bìa mềm,,2018-09-24,Tiki Trading,available,1000,False,True,True
274497094,Chạy Nhảy Và Vui Đùa - Em Muốn Làm Vịt Con,32500,35000,7,0.0,0,0,Pintachan,NXB Trẻ,NXB Trẻ,,,,,Nhà sách Fahasa,available,1000,True,True,True
274046416,Khoa Học Khám Phá - Những cuộc phiêu lưu của Mr.Tomkins,83000,100000,17,0.0,0,2,George Gamow,NXB Trẻ,Nhà Xuất Bản Tổng Hợp,,Bìa mềm,272.0,,Nhà Xuất Bản Trẻ,available,1000,True,True,True
272615685,  MÈO CON ĐẾM TUỔI,55000,55000,0,0.0,0,0,,NXB Trẻ,NXB Trẻ,,,,,AHABOOKS,available,1000,True,True,True
272425522,NHỮNG GAM MÀU RỰC RỠ CỦA THIÊN NHIÊN,135000,135000,0,0.0,0,0,,Huy Hoàng Bookstore,Nhà Xuất Bản Bách Khoa Hà Nội,,,,,AHABOOKS,available,1000,True,True,True
270837100,Cuốn Sách Đầu Tiên Của Bé - Chiếc đồng hồ - Dành Cho Bé Từ 3-5 Tuổi,83700,119000,30,5.0,3,20,Jake McDonald,Tân Việt,Nhà Xuất Bản Mỹ Thuật,,Bìa mềm,10.0,2023-04-04,Tiki Trading,available,1000,False,True,True
253274545,Bộ sách về chim cánh cụt Luy-xiêng (04 cuốn) -  Bản Quyền,58000,58000,0,0.0,0,0,,Nhã Nam ,Nhà Xuất Bản Hà Nội,,,,,SÁCH ĐẠI NAM,available,1000,True,True,True
251281609,Quiz! Khoa học kì thú – Sơ cấp cứu,75000,75000,0,0.0,0,0,Nhiều tác giả,NXB Kim Đồng,Nhà Xuất Bản Kim Đồng,,Bìa mềm,200.0,,Bamboo Books,available,1000,True,True,True
221016457,Sách Chuyển Động Thông Minh Đa Ngữ Việt - Anh - Pháp (0 - 6 Tuổi) – Đinh Tị,119000,119000,0,0.0,0,9,Nathalie Choux,Đinh Tị,Nhà Xuất Bản Thanh Niên,,Bìa cứng,12.0,,KN Toys Shop,available,1000,True,True,True
215621195,[Bìa cứng minh họa in màu] HỎI ĐÁP CÙNG EM! - LÀM THẾ NÀO ĐỂ BẢO VỆ THIÊN NHIÊN? - Sophie De Mullenheim - Nguyễn Thị Tươi dịch – Nhã Nam,229000,229000,0,0.0,0,0,,Nhã Nam,Nhà Xuất Bản Thế Giới,,,,,Nhà Sách Vĩnh Thụy,available,1000,True,True,True
206189683,Thư Viện Tri Thức Dành Cho Học Sinh - Những Câu Chuyện Thiên Văn Thú Vị,90000,90000,0,0.0,0,0,Lam Lâm,Minh Long,Nhà Xuất Bản Hồng Đức,,Bìa mềm,208.0,2022-11-19,Nhà Sách Vĩnh Thụy,available,1000,True,True,True
201643583,"Sổ Tay Bác Sĩ Nhí – Hiểu Đúng Bệnh, Chữa Nhẹ Tênh | San Hô Books",144000,180000,20,5.0,1,4,,Công ty Cổ phần Sách và Truyền thông San Hô,nxb thanh nien,,Bìa cứng,80.0,2022-10-18,San Ho Books,available,1000,True,True,True
196049671,Combo 2 Cuốn Phát Triển Trí Tuệ Cảm Xúc: Cảm Xúc Của Con Màu Gì + Chúng Mình Tôn Trọng Cơ Thể Và Cảm Xúc Của Nhau,100000,100000,0,0.0,0,0,Jayneen Sanders,Nhã Nam,Nhà Xuất Bản Dân Trí,,,80.0,,Nhà Sách Vĩnh Thụy,available,1000,True,True,True
193770746,Sách - Quiz! Khoa học kì thú: Sơ cấp cứu,75000,75000,0,0.0,0,2,Shin Hye-young, NXB Kim Đồng,Nhà Xuất Bản Kim Đồng,,Bìa mềm,200.0,2021-03-22,Bamboo Books,available,1000,True,True,True
191808354,Khủng Hoảng Về Khủng Long,129000,129000,0,0.0,0,0,,Thái Hà,oem,,Bìa mềm,,,Bamboo Books,available,1000,True,False,True
171549996,Sách Never Get Bored - Tí Ta Tí Toáy,111600,155000,28,5.0,9,134,Nhiều tác giả,Nhã Nam,Nhà Xuất Bản Thế Giới,,Bìa cứng,128.0,2022-03-03,Tiki Trading,available,1000,False,True,True
92939160,NDB - Câu đố dành cho bé ,44000,55000,20,0.0,0,14,,CÔNG TY TNHH THƯƠNG MẠI SÁCH NHÂN DÂN,nxb thanh nien,,Bìa mềm,,,SÁCH NHÂN DÂN - ndbooks,available,1000,True,True,True
77230253,Sách Vui Học Cùng Curo Biết Tuốt - Ký Ức Của Curo,81800,88000,7,5.0,1,10,"Moonsook Hwang, Yunjung Kim",Nhã Nam,Nhà Xuất Bản Thế Giới,,Bìa mềm,104.0,2021-02-12,Nhà sách Fahasa,available,1000,True,True,True
75991340,Hỏi Nhỏ Biết To - Cơ Thể Người,36000,36000,0,0.0,0,0,Nhiều tác giả,Minh Long,Nhà Xuất Bản Mỹ Thuật,,,,,Tiệm Sách Minh Vân,available,1000,True,False,True
58272295,Bách Khoa Toàn Thư - Tìm Hiểu Về Trái Đất - Thế Giới Động Vật (Sách Bản Quyền),125000,125000,0,0.0,0,0,Lý Kế Dũng,Nhà sách Minh Thắng,Nhà Xuất Bản Mỹ Thuật,,Bìa mềm,112.0,2020-06-01,AHABOOKS,available,1000,True,True,True
50047681,Combo 8 cuốn truyện tranh được yêu thích:  Bạn thân của tớ là... Bố,120500,120500,0,0.0,0,2,"Tạ Như, Nghiêm Sảng",Đinh Tị,Nhà Xuất Bản Hà Nội,,,,,AHABOOKS,available,1000,True,True,True
49716268,Bách Khoa Tri Thức Bằng Hình Cho Trẻ Em (Bìa Cứng)(Tái Bản),166402,166402,0,0.0,0,0,"Lý Tịnh, Quách Ngân Tinh",Nhà sách Minh Thắng,Nhà Xuất Bản Mỹ Thuật,,Bìa cứng,212.0,2020-03-02,AHABOOKS,available,1000,True,True,True
48210080,Sách Giúp Bé Phát Triển Tiềm Năng Toán Học 6 Tuổi,37300,45000,17,5.0,17,121,MiloKids,Minh Long,Nhà Xuất Bản Đại Học Sư Phạm,,Bìa mềm,68.0,2020-02-02,Nhà sách Fahasa,available,1000,True,True,True
47242745,Sách Hỏi Đáp Cùng Em - Vì Sao (Tái Bản 2020),199000,199000,0,0.0,0,0,Isabelle Fougère,Nhã Nam,Nhà Xuất Bản Thế Giới,,Bìa mềm,110.0,2020-02-01,Nhà Sách Vĩnh Thụy,available,1000,True,True,True
46755079,Sách Vòng Quanh Thế Giới - Đan Mạch,11400,12000,5,4.8,21,288,"Nguyễn Hào, Minh Tuấn",Nhà Xuất Bản Kim Đồng,Nhà Xuất Bản Kim Đồng,,Bìa mềm,16.0,2020-01-02,Nhà sách Fahasa,available,1000,True,True,True
7125321,Sách 10 Vạn Câu Hỏi Vì Sao - Khám Phá Thế Giới Đại Dương 2 (Tái Bản 2018),52200,55000,5,4.8,15,156,Tôn Nguyên Vĩ,Đinh Tị,,,Bìa mềm,136.0,2018-11-07,Nhà sách Fahasa,available,1000,True,True,True
505339,Sách Copy Colour Tập 5,8960,15000,40,0.0,0,1,Trần Ngọc Minh Khuê,Công Ty CP Văn Hóa Nhân Văn,,,Bìa mềm,,2015-12-30,Nhân Văn,available,1000,True,True,True
417839,Sách Bé Vào Lớp 1 - Đề Thi Thử Vào Lớp 1,21700,22000,1,5.0,1,17,.,Công Ty Cổ Phần Văn Hóa Đông A,,,Bìa mềm,24.0,2012-11-21,Nhà sách Fahasa,available,1000,True,True,True
375223,Sách Bé Học Tiếng Anh Qua Hình Ảnh - Trái Cây,15000,15000,0,0.0,0,0,First News,First News - Trí Việt,NXB Trẻ,,Bìa mềm,,2011-04-15,info book,available,1000,True,False,True
316202,Sách Horrible Geography - Hoang Mạc Hoang Sơ,55000,55000,0,0.0,0,1,Anita Ganeri,NXB Trẻ,NXB Trẻ,,Bìa mềm,160.0,2012-11-29,Bamboo Books,available,1000,True,True,True
277858915,Sách Amazing Earth - Những kỳ quan phi thường nhất thế giới,199800,240000,17,0.0,0,12,,Đinh Tị,Nhà Xuất Bản Hà Nội,,,76.0,,Tiki Trading,available,1000,True,True,True
276801774,Sách luyện Từ Vựng có App Bài Giảng cho bé sẵn sàng bước vào lớp 1,135000,165000,18,0.0,0,1,Phan Hồ Điệp,Công ty cổ phần phát triển công nghệ Pantado,NXB Dân Trí,,Bìa cứng,72.0,2024-12-01,Nhà Sách Siêu Nhí Pantado,available,1000,True,True,True
274192370,Combo Tiểu Học Vui: Tự Tin Lớp 1 + Vững Vàng Lớp 2 + Bứt Phá Lớp 3 + Tăng Tốc Lớp 4 + Vững Bước Lớp 5,316000,395000,20,0.0,0,2,,Alpha Books,Nhà Xuất Bản Dân Trí,,Bìa mềm,,,Alpha Books Official,available,1000,True,True,True
273579834,Gián - Những Sinh Vật Í Ẹ (Khoa Học Hài Hước Dành Cho Trẻ 5-9 Tuổi) (Tái Bản 2023),40100,41000,2,0.0,0,2,Elise Gravel,Crabit Kidbooks,Nhà Xuất Bản Hà Nội,,,,,Nhà sách Fahasa,available,1000,True,True,True
273192575,Sách 50 Phương Tiện Giao Thông Làm Thay Đổi Thế Giới,136000,150000,9,4.0,1,16,Matt Ralphs,Kim Đồng,Nhà Xuất Bản Kim Đồng,,Bìa mềm,112.0,2023-10-26,Tiki Trading,available,1000,False,True,True
263304017,Ghép Hình Khủng Long 2 (Tái Bản 2023),23500,24000,2,0.0,0,0,Minh Khôi,Cty Văn Hóa & Truyền Thông Trí Việt.,NXB Dân Trí,,,,,Nhà sách Fahasa,available,1000,True,True,True
255631364,Bộ 365 Thí Nghiệm Ký Nghiệm Kỳ Thú (5 Tập) - Bản Quyền,190000,190000,0,0.0,0,0,,First News - Trí Việt,Nhà Xuất Bản Giáo Dục Việt Nam,,,,,FishingBook,available,1000,True,True,True
251929897,[THIÊN NHIÊN DIỆU KỲ] - Dòng Sông - Hành Trình Vĩ Đại Về Biển Cả - Sách Song Ngữ,169000,169000,0,0.0,0,0,,Quang Van Books,Nhà Xuất Bản Phụ Nữ Việt Nam,,,,,Casa Sunshine,available,1000,True,True,True
251274653,Origami Trò Chơi Gấp Giấy Dành Cho Trẻ Em - Tập 1,80000,80000,0,0.0,0,1,,Cty Văn Hóa Văn Lang,,,Bìa gập,72.0,2023-04-10,Bamboo Books,available,1000,True,True,True
203200779,Học Thế Nào Bây Giờ? - Vận Dụng 8 Loại Hình Thông Minh Để Giúp Trẻ Học Tập Tốt Hơn,95000,95000,0,0.0,0,0,Bruno Hourst,NXB Phụ Nữ,Nhà Xuất Bản Hồng Đức,,Bìa mềm,284.0,,info book,available,1000,True,True,True
197745057,[Tủ sách Lyceum] (Combo 2 cuốn) TRẺ EM KHÓ HỌC THẾ NÀO - TRẺ EM HỌC NHƯ THẾ NÀO? - Sách kinh điển về sự phát triển ở trẻ em - John Holt - Lyceum - NXB Đà Nẵng (sách mới 2022) (Bìa mềm),485000,485000,0,0.0,0,0,,Công ty TNHH Truyền Thông và Giáo Dục Lyceum,Nhà Xuất Bản Đà Nẵng,,Bìa mềm,864.0,,SÁCH ĐẠI NAM,available,1000,True,True,True
196382824,5 Phút Đọc Truyện Cùng Con Yêu - Câu Chuyện Về Những Chú Khủng Long - Những Câu Chuyện Đầy Lí Thú Cùng Các Bài Học Quý Giá,56300,79000,29,5.0,3,21,"Melanle Joyce, Galloway",Tân Việt,Nhà Xuất Bản Mỹ Thuật,,Bìa cứng,48.0,2022-09-01,Tiki Trading,available,1000,False,True,True
196382818,5 Phút Đọc Truyện Cùng Con Yêu - Câu Chuyện Về Những Nàng Công Chúa - Những Câu Chuyện Đầy Mê Hoạc Cùng Các Bài Học Quý Giá,54300,79000,31,3.0,1,12,Jenny Woods,Tân Việt,Nhà Xuất Bản Mỹ Thuật,,Bìa cứng,48.0,2022-09-01,Tiki Trading,available,1000,False,True,True
196180820,500 Trò Chơi Rèn Luyện IQ (4-10 Tuổi) - Khả Năng Sáng Tạo,63700,75000,15,0.0,0,2,,Nhà sách Minh Thắng,Nhà Xuất Bản Phụ Nữ Việt Nam,,,,,Nhà sách Fahasa,available,1000,True,True,True
191923880,"Sách Hiểu Về Hóa Học, Đạt Điểm 10 Không Khó! (Tập 1)",75000,75000,0,0.0,0,0,Nhiều tác giả,Nhà Xuất Bản Kim Đồng,Nhà Xuất Bản Kim Đồng,,Bìa mềm,148.0,2022-07-07,Nhà Sách Vĩnh Thụy,available,1000,True,True,True
191923792,Sách Hành Trình Biến Đổi: Cá Cơm Không Nhỏ Bé (Tái Bản 2022),30000,30000,0,0.0,0,0,Nguyễn Thị Kim Hòa,Nhà Xuất Bản Kim Đồng,Nhà Xuất Bản Kim Đồng,,Bìa mềm,24.0,2022-07-07,Bamboo Books,available,1000,True,True,True
185668577,Sách Ehon Châu Âu - Hãy Hôn Con Nào!,36000,36400,1,0.0,0,0,Stephanie Moss,Tân Việt,Nhà Xuất Bản Mỹ Thuật,,Bìa mềm,24.0,2022-06-06,Minhhabooks,available,1000,True,True,True
185668546,Sách Ehon Châu Âu - Hãy Làm Con Cười!,27600,35000,21,5.0,5,47,Stephanie Moss,Tân Việt,Nhà Xuất Bản Mỹ Thuật,,Bìa mềm,24.0,2022-06-06,Tiki Trading,available,1000,False,True,True
146272081,First Sticker Book - Sách Dán Hình Đầu Đời Cho Bé - Khủng Long,67500,75000,10,5.0,1,10,"Hannah Watson,  Jordan Wray",Đinh Tị,Nhà Xuất Bản Thanh Niên,,,,,Nhà sách Fahasa,available,1000,True,True,True
144317680,Combo Các Nhà Khoa Học Nổi Tiếng (Bộ 5 cuốn),221000,221000,0,0.0,0,0,Phạm Đình Thực,Nhà Sách Hồng Ân,Nhà Xuất Bản Đại Học Quốc Gia Hà Nội,,,,,Bảo Châu Books,available,1000,True,True,True
115794830,Combo 2 trong 4 cuốn Tứ đại danh tác bằng hình,969000,1140000,15,5.0,1,9,.,Công Ty Cổ Phần Văn Hóa Đông A,Nhà Xuất Bản Dân Trí,,,,,Cá Chép Bookstore,available,1000,True,True,True
112442076,Sách Tớ Đến Với Khoa Học Máy Tính: Sử Dụng Máy Tính An Toàn (Tái Bản),31900,49000,35,0.0,0,10,TS. Tracy Gardner,Alphabooks,Nhà Xuất Bản Dân Trí,,Bìa mềm,24.0,2021-07-15,Tiki Trading,available,1000,False,True,True
77281267,Sách Từ Điển Bằng Tranh - Thế Giới Động Vật,73000,88000,17,5.0,5,28,JP Moon,Công Ty TNHH Văn Hóa Việt Thư,Nhà Xuất Bản Phụ Nữ Việt Nam,,Bìa cứng,28.0,2021-02-01,Nhà sách Fahasa,available,1000,True,True,True
55881494,Sách Khám Phá Thế Giới Động Vật Kì Thú : Thế Giới Của Các Loài Đã Tuyệt Chủng,110000,110000,0,0.0,0,1,"Lưu Tiều Hàm, Trương Tùng",NXB Phụ Nữ Việt Nam,Nhà Xuất Bản Phụ Nữ,,Bìa mềm,122.0,,Nhà Sách Vĩnh Thụy,available,1000,True,True,True
53395806,Sách Bách Khoa Tri Thức Đầu Tiên Cho Bé (Rau-Củ-Quả-Hoa) (Xâu 10 Cuốn-Tái Bản 2020),59500,70000,15,0.0,0,0,Minh Đạo,Nhà sách Minh Thắng,Nhà Xuất Bản Dân Trí,,Bìa mềm,140.0,2020-01-01,Nhà sách Fahasa,available,1000,True,True,True
41233838,"Sách Kĩ Năng Phòng Tránh Tai Nạn Thương Tích Và Phòng Cháy, Chữa Cháy, Thoát Hiểm, Thoát Nạn (Dành Cho Học Sinh Tiểu Học)",34300,35000,2,0.0,0,10,.,Công Ty Đầu tư & Phát Triển Giáo Dục Sài Gòn,,,Bìa mềm,52.0,2019-11-01,Nhà sách Fahasa,available,1000,True,True,True
32217139,Phát Triển Khả Năng Tư Duy (Tái Bản 2018),55000,55000,0,0.0,0,0,Tiểu Hồng Hoa,NXB Phụ Nữ,,,,,,HỆ THỐNG NHÀ SÁCH ABC,available,1000,True,True,True
30037029,Sách Thỏ Bunny Tai Ngắn: Bài Kiểm Tra Điểm Kém,34200,36000,5,0.0,0,2,"Julia Liu, Leo Tang",Nhà Xuất Bản Kim Đồng,,,Bìa mềm,32.0,2019-01-08,Nhà sách Fahasa,available,1000,True,True,True
26113372,Sách Khám Phá Thế Giới Động Vật 10+,55000,85000,35,3.5,2,18,Hong Ye Ji,Thái Hà,,,Bìa mềm,119.0,2019-01-08,Tiki Trading,available,1000,False,True,True
23436635,Khủng Long Nhỏ - Đừng Đẩy Nhé,67600,69000,2,4.5,5,75,"Micheal Dahl,  Adam Record",Crabitkidbooks,,,,,,Nhà sách Fahasa,available,1000,True,True,True
20700694,Sách Từ Điển Hình Ảnh Cho Bé: Đồ Chơi (Tái Bản 2019),29700,30000,1,4.5,2,8,"Phạm Huy Thông, Lê Bích Thuỷ, Hiếu Minh, Việt Hải",Nhà Xuất Bản Kim Đồng,,,Bìa mềm,12.0,2019-06-01,Nhà sách Fahasa,available,1000,True,True,True
19346679,Tủ Sách Tư Duy Toán Học HQ - Nhận Biết Số Đếm,33200,35000,5,5.0,2,4,Education Lab,VanLangBooks,,,Bìa mềm,40.0,2019-05-28,Nhà sách Fahasa,available,1000,True,True,True
13780966,Kì Quan Thế Giới (Tái Bản 2019),145000,145000,0,0.0,0,0,"Philippe Simon, Marie-Laure Bouet",Nhà Xuất Bản Kim Đồng,Nhà Xuất Bản Kim Đồng,,Bìa mềm,128.0,2019-04-01,Bamboo Books,available,1000,True,True,True
872786,Sách Thời Thơ Ấu Của Các Thiên Tài - Tập 5: Những Thiên Tài Thông Minh Từ Nhỏ (Tái Bản 2017),60000,60000,0,0.0,0,0,Sin Ueng Seop,Nhà Xuất Bản Kim Đồng,Nhà Xuất Bản Kim Đồng,,Bìa mềm,164.0,2017-08-16,Bamboo Books,available,1000,True,True,True
645257,Sách Sinh Vật Trú Ẩn Và Săn Mồi - Học Vui Hiểu Rộng Biết Nhiều,33600,48000,30,4.1,8,117,Ruth Owen,First News - Trí Việt,,,Bìa mềm,32.0,2017-05-01,Tiki Trading,available,1000,False,True,True
548065,Sách Phát Triển Toàn Diện Giác Quan - Toán Học Vui,14100,17000,17,0.0,0,0,Milan Bataveljic,First News - Trí Việt,Nhà Xuất Bản Tổng hợp TP.HCM,,Bìa mềm,24.0,2016-09-27,Nhà sách Fahasa,available,1000,True,True,True
434867,Cuốn Sách Lớn Đầu Tiên Của Tớ - Động Vật,150000,150000,0,0.0,0,1,Catherine D. Hughes,Nhà Xuất Bản Kim Đồng,Nhà Xuất Bản Kim Đồng,,Bìa cứng,127.0,2015-04-20,Bamboo Books,available,1000,True,True,True
418882,Tủ Sách Thế Giới Động Vật - Giác Quan Và Giao Tiếp (Hình Minh Họa 3D),101200,110000,8,5.0,2,12,,Huy Hoàng Bookstore,,,Bìa cứng,,2014-10-01,Nhà sách Fahasa,available,1000,True,True,True
384431,Sách Bé Thần Đồng - Tập Viết 02,15000,15000,0,5.0,1,3,,Phan Thị,Nhà Xuất Bản Đại Học Sư Phạm,,,,2013-05-01,Nhà sách Fahasa,available,1000,True,True,True
348215,Sách Từ Điển Tranh Về Rau - Củ - Quả - Hoa,46700,55000,15,0.0,0,6,.,Minh Long,Nhà Xuất Bản Dân Trí,,Bìa cứng,34.0,2012-05-31,Nhà sách Fahasa,available,1000,True,True,True
279243853,"Sách - Sách Tri Thức Trong Lòng Bàn Tay - Bách Khoa Thiếu Nhi: Vũ Trụ, Cơ Thể Người, La Mã Cổ Đại, Động Vật, Trái Đất",93500,110000,15,0.0,0,0,nhieu tac gia,Nhà sách Minh Thắng,Nhà Xuất Bản Phụ Nữ,,Bìa mềm,,2023-12-21,Nhà sách Fahasa,available,1000,True,True,True
278949463,"Sách cho bé - Tìm Kiếm Thông Minh - Phát Triển Khả Năng Tập Trung LOOK, FIND & STICKER - Vòng quanh thế giới - Sách song ngữ - Dành cho trẻ 3-6 tuổi",51520,56000,8,0.0,0,0,Yoyo Books,Vizibook,Nhà Xuất Bản Phụ Nữ Việt Nam,,Bìa mềm,28.0,2025-10-24,Vizibook,available,1000,True,True,True
278880311,Combo 5 cuốn Hào khí Đông A (Bản tiếng Việt),118750,125000,5,0.0,0,0,nhieu tac gia,Công Ty Cổ Phần Văn Hóa Đông A,Nhà Xuất Bản Dân Trí,,Bìa mềm,16.0,,Đông A Books Official,available,1000,True,True,True
278159174,Sách Nào Mình Cùng Vẽ,36800,40000,8,0.0,0,0,Nguyễn Thu Huyền,NXB Kim Đồng,Nhà Xuất Bản Kim Đồng,,Bìa mềm,40.0,,Tiki Trading,available,1000,False,True,True
278158585,"Sách Khủng Long Nhỏ - Dạy trẻ kĩ năng, thói quen",33300,49000,32,0.0,0,3,"Huỳnh Long, Bích Ngọc",Nhà xuất bản Phụ Nữ Việt Nam,Nhà Xuất Bản Phụ Nữ Việt Nam,,Bìa mềm,28.0,,Tiki Trading,available,1000,False,True,True
278158519,Sách Quả Trứng Đáng Yêu Của Bé,17600,25000,30,0.0,0,0,Nhiều tác giả,Tân Việt,Nhà Xuất Bản Mỹ Thuật,,Bìa cứng,12.0,,Tiki Trading,available,1000,False,True,True
274842796,Sách - Combo 10 Cuốn Đến Thăm Thành Phố Của Em ( Tặng Kèm Sổ Tay Xương Rồng ),250000,250000,0,0.0,0,10,Võ Mai Chi,NXB Trẻ,NXB Trẻ,,Bìa mềm,240.0,,NHBook,available,1000,True,True,True
274053082,"Sách Tăng vốn từ, thêm kiến thức: 50 từ về các loài",27000,35000,23,0.0,0,11,"Lily Holland, Debbi Powell",NXB Trẻ,NXB Trẻ,,Bìa mềm,32.0,2024-01-25,Tiki Trading,available,1000,False,True,True
273634655,Sách - Tiếng Anh giao tiếp cho trẻ em - Đinh Tị Books,74900,78000,4,5.0,1,10,,Đinh Tị,Nhà Xuất Bản Hà Nội,,Bìa mềm,96.0,,Mộc Nhiên Kids Store,available,1000,True,True,True
273171047,Sách Song ngữ: Tình bạn diệu kỳ - Phát triển EQ (Chick & Fox) : Yêu thương như một món quà,36000,48000,25,0.0,0,0,,Công ty TNHH Sách Hà Giang ,nxb van hoc,,Bìa mềm,47.0,,Sách Hà Giang,available,1000,True,True,True
272360278,Sách Bách Khoa Tri Thức - 10 Vạn Câu Hỏi Vì Sao - Vũ Trụ - Trái Đất - Đinh Tị Books,53500,55000,3,5.0,2,9,,Đinh Tị,nxb thanh nien,,Bìa mềm,140.0,,Mộc Nhiên Kids Store,available,1000,True,True,True
272227240,Sách Cùng Khám Phá - Khám Phá Biển Sâu,53400,70000,24,0.0,0,4,Rebecca Weerasekera,Tân Việt,Nhà Xuất Bản Mỹ Thuật,,Bìa cứng,24.0,2023-09-01,Tiki Trading,available,1000,False,True,True
271535522,"Sách Tớ Rất Tự Lập: Tớ Tự Dọn Đồ_Dạy Bé Gọn Gàng, Ngăn Nắp",62000,65000,5,5.0,7,1,Argo 9 Studio,NXB Kim Đồng,Nhà Xuất Bản Kim Đồng,,Bìa mềm,24.0,,Tiki Trading,available,1000,False,True,True
270833207,Sách Vui Khỏe Mỗi Ngày,29400,32000,8,0.0,0,1,Phương Trinh,NXB Kim Đồng,Nhà Xuất Bản Kim Đồng,,Bìa mềm,40.0,2023-08-04,Tiki Trading,available,1000,False,True,True
270766694,Câu Đố Dân Gian - Đồ Vật Và Phương Tiện Giao Thông (Dành Cho Bé Từ 3-6 Tuổi),26400,33000,20,0.0,0,0,"Búp trên cành,  Bích Ngọc",Phụ Nữ,Nhà Xuất Bản Phụ Nữ Việt Nam,,,,,Nhà sách Fahasa,available,1000,True,True,True
270747792,Truyện Kể Và Kiến Thức Dành Cho Lứa Tuổi Nhi Đồng,64000,70000,9,0.0,0,4,Nhiều tác giả,NXB Kim Đồng,Nhà Xuất Bản Kim Đồng,,Bìa mềm,132.0,2023-07-30,Tiki Trading,available,1000,False,True,True
262875336,Sách Bé học - bé chơi - Rèn trí thông minh và khéo tay,17000,20000,15,0.0,0,15,Award,NXB Trẻ,NXB Trẻ,,Bìa mềm,16.0,2023-06-15,Tiki Trading,available,1000,False,True,True
262388602,Bách Khoa Tri Thức Về Khám Phá Thế Giới Cho Trẻ Em - Earth - Trái Đất,55000,55000,0,0.0,0,0,,Công ty cổ phần Đầu tư và Phát triển Giáo dục Hà Nội,Nhà Xuất Bản Hà Nội,,Bìa mềm,56.0,,Bamboo Books,available,1000,True,True,True
260435023,Who? Chuyện Kể Về Danh Nhân Thế Giới - Mahatma Gandhi (Tái Bản 2023),58800,60000,2,0.0,0,12,Oh Youngseok,Nhà Xuất Bản Kim Đồng,Nhà Xuất Bản Kim Đồng,,,,,Nhà sách Fahasa,available,1000,True,True,True
253264660,Bà bác khủng khiếp (David Walliams) -  Bản Quyền,150000,150000,0,0.0,0,0,,Nhã Nam ,Nhà Xuất Bản Hội Nhà Văn,,,,,FishingBook,available,1000,True,True,True
252399203,Sách - Hỏi đáp cùng em - Thật vậy sao?,219000,219000,0,0.0,0,0,Valentin Verthé,Nhã Nam,Nhà Xuất Bản Thế Giới,,Bìa cứng,112.0,2020-06-01,FishingBook,available,1000,True,True,True
242437670,"(Tranh minh hoạ) TRIẾT HỌC TỰ CỔ CHÍ KIM – Phùng Xuân Trà, Nguyễn Quốc Vương dịch - Nxb Kim Đồng",98000,98000,0,0.0,0,0,, NXB Kim Đồng,Nhà Xuất Bản Kim Đồng,,,,,SÁCH ĐẠI NAM,available,1000,True,True,True
215136559,Hỏi Đáp Cùng Em! - Bóng Đá,212900,229000,7,0.0,0,1,Valentin Verthé,Nhã Nam,Nhà Xuất Bản Thế Giới,,,,,Nhà sách Fahasa,available,1000,True,True,True
203953357,(Tủ sách Cánh cửa mở rộng) THẦN THOẠI SISYPHUS - Albert Camus - Trương Thị Hoàng Yến và Phong Sa dịch - NXB Trẻ – Bìa mềm ,95000,95000,0,0.0,0,4,,NXB Trẻ,NXB Trẻ,,,,,BÌNH BÁN BOOK,available,1000,True,True,True
199027898,Sách Bách Khoa Tri Thức Dành Cho Trẻ Em - 4 -15 Tuổi- Đinh Tị,330000,330000,0,0.0,0,13,nhieu tac gia,Đinh Tị,Nhà Xuất Bản Thế Giới,,Bìa cứng,,2022-06-06,NHBook,available,1000,True,True,True
190087754,Sách: Lịch Sử Chế Tạo Xe Hơi,65000,65000,0,0.0,0,0,,Nhã Nam,Nhà Xuất Bản Thế Giới,,,,,info book,available,1000,True,True,True
165996949,Sách Khoa Học Diệu Kì - Nước Mũi Và Đờm Dãi - Sự Thật Nhầy Nhụa Về Việc Hít Thở,29750,35000,15,0.0,0,0,Fiona MacDonald,NXB Trẻ,NXB Trẻ,,Bìa mềm,32.0,2022-02-01,Nhà Xuất Bản Trẻ,available,1000,True,True,True
88941692,Sách Rèn Luyện Kỹ Năng Sống Cho Trẻ - Em Học Quản Lý Tài Chính - Tiền Từ Đẩu Từ Đâu?,33900,35000,3,5.0,3,28,"Lạc Phàm, Duy Trí",Nhà sách Minh Thắng,Nhà Xuất Bản Dân Trí,,Bìa mềm,32.0,2021-04-15,Nhà sách Fahasa,available,1000,True,True,True
76542987,Sách Vũ Trụ - Trong 30 Giây,84100,99000,15,4.5,4,15,Clive Gifford,Alphabooks,Nhà Xuất Bản Dân Trí,,Bìa mềm,96.0,2021-01-01,Nhà sách Fahasa,available,1000,True,True,True
73438249,Sách Phương Tiện Di Chuyển. Xe Nông Nghiệp,17000,23000,26,5.0,4,21,"Nathalie Bélineau, Alexis Nesme, Emilie Beaumont",NXB Trẻ,NXB Trẻ,,Bìa mềm,16.0,,Tiki Trading,available,1000,False,True,True
71948011,"Sách Hải Ly ""Giải Quyết Nỗi Buồn"" Ở Đâu",117400,135000,13,5.0,1,2,"Markéta Nováková, Hedviga Gutierrez",Huy Hoàng Bookstore,Nhà Xuất Bản Bách Khoa Hà Nội,,Bìa cứng,35.0,2020-11-01,Nhà sách Fahasa,available,1000,True,True,True
69107156,Sách Bóc Dán Thông Minh - Máy Kéo Và Xe Tải,45600,48000,5,5.0,2,18,Hannah Watson,Đinh Tị,Nhà Xuất Bản Thanh Niên,,Bìa mềm,24.0,,Nhà sách Fahasa,available,1000,True,True,True
55119963,Sách Momo Đi Đâu Vội Thế (Tái Bản 2020),32300,49000,34,4.8,12,111,Toyota Kazuhiko,Thái Hà,Nhà Xuất Bản Văn Học,,Bìa mềm,26.0,2020-05-01,Tiki Trading,available,1000,False,False,True
53293051,Sách Em Làm Việc Nhà - Ehon Kỹ Năng Sống (Tái Bản 2020),92000,99000,7,4.8,8,45,"Tatsumi Nagisa , Sumimoto Nanami",Nhiều công ty phát hành,Nhà Xuất Bản Thế Giới,,Bìa mềm,51.0,2020-04-01,Nhà sách Fahasa,available,1000,True,True,True
7986376,Sách Anh Em Nhà Wright Là Ai?,38700,59000,34,4.8,17,162,"James Buckley Jr, Tim Foley",Alphabooks,Nhà Xuất Bản Dân Trí,,Bìa mềm,108.0,2018-12-05,Tiki Trading,available,1000,False,True,True
5399883,Sách POMath - Toán Tư Duy Cho Trẻ Em 4-6 Tuổi (Tập 5),86100,99000,13,5.0,20,105,PGS.TS Chu Cẩm Thơ (Chủ biên),TKBooks,,,Bìa mềm,82.0,2018-09-01,Nhà sách Fahasa,available,1000,True,True,True
2633655,Sách Dạy Trẻ Không Cáu Giận 2 - Bóng Bay Gấu (Tái Bản 2018),33200,35000,5,4.0,2,21,,Đinh Tị,,,Bìa mềm,48.0,,Nhà sách Fahasa,available,1000,True,True,True
1069544,Sách Những Tuyệt Phẩm Dành Cho Thiếu Nhi - Leonardo Da Vinci,200000,200000,0,0.0,0,0,Leonardo da Vinci,Nhà Xuất Bản Kim Đồng,Nhà Xuất Bản Kim Đồng,,Bìa cứng,,2017-10-30,Bamboo Books,available,1000,True,True,True
580070,"Sách KTHD - Hoá Học, Một Vụ Nổ Ầm Vang - Tái Bản 2011",52000,52000,0,0.0,0,0,Nick Arnold,NXB Trẻ,NXB Trẻ,,Bìa mềm,164.0,2008-01-23,HỆ THỐNG NHÀ SÁCH ABC,available,1000,True,True,True
565126,Sách 101 First Words: Numbers - Shapes - Colours (101 Từ Đầu Tiên: Chữ Số - Hình Dạng - Màu Sắc),47000,47000,0,5.0,3,13,MiloKids (Biên soạn),Minh Long,Nhà Xuất Bản Mỹ Thuật,,,,2016-12-15,HaAnBooks,available,1000,True,True,True
278451333,Bách Khoa Thư Thế Hệ Mới - Bìa Cứng - Bản Quyền,349000,349000,0,0.0,0,0,Nhiều tác giả,Alphabooks,NXB Dân Trí,,Bìa cứng,184.0,2025-08-01,Gooda Official,available,1000,True,True,True
278280476,Sách Playtime in English. Level 3,41500,59000,30,0.0,0,0,"Eun Jeong Kim, Zoller",Tân Việt,Nhà Xuất Bản Mỹ Thuật,,Bìa mềm,30.0,,Tiki Trading,available,1000,False,True,True
278013681,Sách - Quiz! Khoa Học Kì Thú - Khoa Học Điều Tra,75000,75000,0,0.0,0,0,,Nhà Sách Hồng Ân,Nhà Xuất Bản Kim Đồng,,,,,Khanhlinhbook,available,1000,True,True,True
277389837,Sách 100++ câu hỏi Phải làm sao - Đinh Tị Books,44100,45000,2,0.0,0,0,,Đinh Tị,Nhà Xuất Bản Hà Nội,,Bìa cứng,32.0,,Mộc Nhiên Kids Store,available,1000,True,True,True
277130768,Sách- Siêu Nhí Biết Tuốt (101 những bí ẩn kích thích tò mò của các bạn nhỏ),125000,250000,50,0.0,0,0,,CÔNG TY TNHH IN VÀ TM TUẤN VIỆT,Nhà Xuất Bản Hà Nội,,Bìa cứng,128.0,,Xưởng in sách mầm non,available,1000,True,True,True
276831745,Kích Thích Thị Giác Black And White Cho Trẻ Sơ Sinh,86000,86000,0,0.0,0,1,Hoàng Tú,Gieobooks,Nhà Xuất Bản Phụ Nữ Việt Nam,,Bìa mềm,12.0,,Tazano Official Store,available,1000,True,True,True
275746510,Sách - 10 Vạn Câu Hỏi Vì Sao - Những điều bí ẩn trẻ em thích khám phá nhất - Phiên bản mới 5.0,45000,45000,0,0.0,0,1,,Việt Hà,Nhà Xuất Bản Hà Nội,,Bìa mềm,80.0,,NHÀ SÁCH ĐĂNG KHÔI,available,1000,True,True,True
274969950,Combo Giáo Dục Giao Tiếp Và Ứng Xử Cho Học Sinh (2 Quyển): Kỹ Năng Cơ Bản + Kỹ Năng Giao Tiếp Qua Các Phương Tiện Công Nghệ,104000,144000,28,0.0,0,0,Dreamland,VIETNAMBOOK,Nhà Xuất Bản Hà Nội,,Bìa mềm,96.0,2024-05-09,VIETNAMBOOK,available,1000,True,True,True
274872459,Sách - Phấp Phới Cờ Bay (Bách Khoa Thư Về Quốc Kỳ Các Nước Trên Thế Giới) - Bìa Cứng,160000,160000,0,5.0,1,1,,Công ty Cổ phần Sách và Truyền thông San Hô,Nhà Xuất Bản Phụ Nữ,,,,,Những Vì Sao Bookstore,available,1000,True,True,True
273949504,Sách - 10 vạn câu hỏi vì sao Động Vật (BT),65000,65000,0,0.0,0,0,,Nhà Sách Hồng Ân,NXB Dân Trí,,Bìa mềm,120.0,,Nhà sách Khánh Linh 2,available,1000,True,True,True
273905916,Kể Chuyện Hoàng Sa,70000,70000,0,0.0,0,0,Lê Văn Chương,NXB Trẻ,NXB Trẻ,,Bìa mềm,160.0,,HỆ THỐNG NHÀ SÁCH ABC,available,1000,True,True,True
273851491,Sách - Bóc dán hình Động vật đáng yêu - Animal Stickers Tập 3 (VT) mk,42750,45000,5,0.0,0,2,,Công Ty TNHH Văn Hóa Việt Thư,Nhà Xuất Bản Phụ Nữ,,,,,Minh Khang Books,available,1000,True,True,True
272452441,Thử tài tìm kiếm - Biển khơi (Tái bản 2023),61200,68000,10,0.0,0,0,Usbone,Công Ty Cổ Phần Văn Hóa Đông A,Nhà Xuất Bản Dân Trí,,Bìa mềm,32.0,,Cá Chép Bookstore,available,1000,True,True,True
272443610,THÁM HIỂM LÒNG ĐẤT CÙNG NÀNG BẠCH TUYẾT,135000,135000,0,0.0,0,0,,Huy Hoàng Bookstore,Nhà Xuất Bản Phụ Nữ,,,,,AHABOOKS,available,1000,True,True,True
271516184,Sách 12 Lí Do Vì Sao,46000,50000,8,5.0,3,12,"Noh Eun Joo, Kim Mi Hee",Kim Đồng,Nhà Xuất Bản Kim Đồng,,Bìa mềm,44.0,2023-08-24,Tiki Trading,available,1000,False,True,True
259590100,Trường mẫu giáo của tớ Ehon dành cho trẻ từ 36 tuổi - Bản Quyền,39000,39000,0,0.0,0,1,,Cty TNHH Sách WABOOKS,Nhà Xuất Bản Lao Động Xã Hội,,,,,Gooda Official,available,1000,True,True,True
246160702,Khủng Hoảng Rô Bốt,129000,129000,0,0.0,0,0,,Thái Hà,Nhà Xuất Bản Hà Nội,,,,,Bamboo Books,available,1000,True,True,True
214617642,Sách Atlas Vạn Vật - Atlas Of Everything,132050,190000,31,5.0,3,52,"Jon Richards, Ed Simkins",Nhã Nam,Nhà Xuất Bản Thế Giới,,Bìa cứng,112.0,2023-01-01,Tiki Trading,available,1000,False,True,True
208603803,Sách Tủ sách giáo dục Stem: Bác sĩ tập sự - Alphabooks - BẢN QUYỀN,69000,69000,0,0.0,0,0,,Alphabooks,NXB Dân Trí,,,,,HỆ THỐNG NHÀ SÁCH ABC,available,1000,True,True,True
208065110,Sách Xưởng nghệ thuật - của danh họa Leonardo Da Vinci - Alphabooks - BẢN QUYỀN,149000,149000,0,0.0,0,0,,Alpha Books,Nhà Xuất Bản Dân Trí,,,,,HỆ THỐNG NHÀ SÁCH ABC,available,1000,True,True,True
204610076,Sách - Trọn Bộ Combo Từ Điển Bằng Hình (Bộ 8 Cuốn) - Tái Bản,480000,480000,0,0.0,0,6,Bảo Châu,Nhà sách Bảo Châu,Nhà Xuất Bản Phụ Nữ,,Bìa mềm,36.0,,Bảo Châu Books,available,1000,True,True,True
197653924,Bách khoa thư về phát triển kỹ năng - Khoa học máy tính,280000,280000,0,0.0,0,1,DK,Đinh Tị,Nhà Xuất Bản Thanh Niên,,Bìa mềm,256.0,,Bamboo Books,available,1000,True,True,True
174259488,Combo 2 Cuốn sách: Kì Quan Thế Giới (Tái Bản 2019) + Kì Quan Thiên Nhiên,290000,290000,0,0.0,0,2,,Nhà Xuất Bản Kim Đồng,Nhà Xuất Bản Kim Đồng,,,,,Bamboo Books,available,1000,True,True,True
147272294,Chuyến xe khoa học kỳ thú: Chuyến phiêu lưu vào mắt bão,55000,55000,0,0.0,0,0,,Alphabooks,Nhà Xuất Bản Dân Trí,,,,,info book,available,1000,True,True,True
114922544,Tủ Sách Giáo Dục Stem: Kỹ Sư Tập Sự,41000,69000,41,5.0,2,15,Catherine Ard,Alphabooks,Nhà Xuất Bản Dân Trí,,Bìa mềm,48.0,2021-07-01,Tiki Trading,available,1000,False,False,True
100105816,Sách Mathstart Trải Nghiệm Toán Học: Cuộc Chiến Đồ Ăn,45000,59000,24,0.0,0,2,Stuart J.Murphy,Alphabooks,Nhà Xuất Bản Dân Trí,,Bìa mềm,36.0,2021-05-01,Alpha Books Official,available,1000,True,True,True
97561434,Sách Mathstart Trải Nghiệm Toán Học: Cuộc Thi Trên Bờ Biển,38500,59000,35,5.0,8,53,Stuart J. Murphy,Alphabooks,Nhà Xuất Bản Dân Trí,,Bìa mềm,36.0,,Tiki Trading,available,1000,False,True,True
74225715,Sách Stem - Tớ Là Nhà Khoa Học Pháp Y,46700,55000,15,4.7,3,7,Claudia Martin,Nhà sách Minh Thắng,Nhà Xuất Bản Phụ Nữ Việt Nam,,Bìa mềm,64.0,,Nhà sách Fahasa,available,1000,True,True,True
73531894,Sách STEM - Tớ Là Ảo Thuật Gia Toán Học,46700,55000,15,4.5,2,10,Anna Claybourne,Nhà sách Minh Thắng,Nhà Xuất Bản Phụ Nữ Việt Nam,,Bìa mềm,64.0,2020-11-01,Nhà sách Fahasa,available,1000,True,True,True
72598792,Sách Combo: 10 vạn câu hỏi vì sao (Bộ 4 Cuốn),261350,261350,0,0.0,0,7,,Nhà sách Minh Thắng,Nhà Xuất Bản Phụ Nữ Việt Nam,,,,2020-11-07,Phương Đông Books,available,1000,True,True,True
68549957,Combo Best Selling: Bộ Lịch Sử Nhân Loại: Thế Giới Cho Đến Ngày Hôm Qua + Trật Tự Thế Giới (,435000,544000,20,0.0,0,0,,Alpha Books,Nhà Xuất Bản Dân Trí,,,,,Alpha Books Official,available,1000,True,False,True
68338174,Trọn Bộ 6 Cuốn Sách Malcolm Gladwell: Những Kẻ Xuất Chúng + Điểm Bùng Phát + Trong Chớp Mắt  + Chú Chó Nhìn Thấy Gì  + David Và Goliath  + Đọc Vị Người Lạ,914000,914000,0,0.0,0,1,,Alpha Books,Nhà Xuất Bản Thế Giới,,,,,HỆ THỐNG NHÀ SÁCH ABC,available,1000,True,True,True
53469400,Sách Combo Từ Điển Bằng Tranh Thế Giới Động Vật /Từ Điển Bằng Tranh Rau củ quả (Tái bản),185650,185650,0,5.0,1,7,`,Nhà sách Minh Thắng,Nhà Xuất Bản Mỹ Thuật,,Bìa cứng,,2019-11-14,AHABOOKS,available,1000,True,True,True
31327136,Cơ Thể Của Tôi Hoạt Động Như Thế Nào - Xương,70000,70000,0,5.0,7,121,,Vinabook JSC,Nhà Xuất Bản Hồng Đức,,Bìa mềm,32.0,2019-08-29,VIETNAMBOOK,available,1000,True,True,True
16401197,Sách STEM - Học Viện Lập Trình Viên,90000,90000,0,0.0,0,0,Steve Martin,Nhà Xuất Bản Kim Đồng,Nhà Xuất Bản Kim Đồng,,Bìa mềm,74.0,2019-01-05,HỆ THỐNG NHÀ SÁCH ABC,available,1000,True,True,True
11650520,Lift-The-Flap - Lật Mở Khám Phá - First 100 Animals + First 100 Plants,258999,258999,0,5.0,1,15,"Linh Chi, Quỳnh Rùa",Đinh Tị,,,Bìa cứng,,2019-02-25,AHABOOKS,available,1000,True,True,True
441737,Sách Từ Điển Tranh Cho Trẻ Em,32500,65000,50,5.0,1,14,Ngọc Ánh (biên soạn),Minh Long,Nhà Xuất Bản Mỹ Thuật,,Bìa mềm,72.0,2015-06-15,Minh Long Book,available,1000,True,True,True
411357,Sách Từ Điển Anh - Việt Bằng Hình,75000,75000,0,0.0,0,0,Lê Thu Ngọc,Minh Long,Nhà Xuất Bản Mỹ Thuật,,Bìa cứng,47.0,2014-09-26,Nhà Sách Vĩnh Thụy,available,1000,True,True,True
377715,Sách Kỹ Năng Sống Dành Cho Học Sinh - Sự Kiên Cường,55000,55000,0,0.0,0,0,Ngọc Linh,Đinh Tị,Nhà Xuất Bản Văn Học,,Bìa mềm,152.0,2013-10-01,Bamboo Books,available,1000,True,True,True
373460,Sách Bách Khoa Tri Thức Đầu Tiên (Tái Bản 2013),250000,250000,0,0.0,0,0,Kingfisher,Công Ty Cổ Phần Văn Hóa Đông A,Nhà Xuất Bản Dân Trí,,Bìa cứng,160.0,2013-08-15,Nhà Sách Vĩnh Thụy,available,1000,True,True,True
278240966,Sách Nhiệm Vụ Khoa Học Kỳ Bí,90300,129000,30,0.0,0,7,Mikuni Shin,Quảng Văn,Nhà Xuất Bản Phụ Nữ Việt Nam,,Bìa mềm,172.0,,Tiki Trading,available,1000,False,True,True
278138817,Truyện Kể Danh Nhân Truyền Cảm Hứng,99200,128000,23,0.0,0,5,Wil Mara,Đinh Tị,Nhà Xuất Bản Thanh Niên,,Bìa mềm,136.0,,Tiki Trading,available,1000,True,True,True
276833504,Sách cho bé - Thế Giới Khủng Long - Tìm Kiếm Thông Minh Phát Triển Khả Năng Tập Trung - Dành cho trẻ từ 2-6 tuổi,38640,42000,8,0.0,0,2,Dolphin Media,Vizibook,Nhà Xuất Bản Phụ Nữ Việt Nam,,Bìa mềm,24.0,2022-01-01,Vizibook,available,1000,True,True,True
276243286,Sách cho bé - Toán Tiền Tiểu Học - Vui Học Toán - Combo 3 cuốn - Dành cho trẻ từ 4 tuổi,62560,68000,8,0.0,0,1,,Vizibook,Nhà Xuất Bản Phụ Nữ Việt Nam,,"Bìa mềm, không tay gấp",84.0,2024-08-14,Vizibook,available,1000,True,True,True
276047401,365 Ngày Khủng Long,205000,205000,0,0.0,0,0,Miranda Smith,NXB Trẻ,NXB Trẻ,,Bìa mềm,216.0,2024-08-26,Nhà sách NetaBooks,available,1000,True,True,True
275475919,Bảng Âm Thanh Về Số Đếm,95000,95000,0,0.0,0,0,,Công ty TNHH Thương mại và Dịch vụ Văn hóa Hà Nội,Nhà Xuất Bản Mỹ Thuật,,,,2024-06-29,Tazano Official Store,available,1000,True,True,True
274558861,Khoa Học Khám Phá - Feynman Chuyện Thật Như Đùa - Bản Quyền,220000,220000,0,0.0,0,1,Richard Feynman,NXB Trẻ,NXB Trẻ,,Bìa mềm,442.0,,Bảo Châu Books,available,1000,True,True,True
273386600,Bộ Giáo dục giới tính mẫu giáo tiểu học (04 cuốn lẻ)  - Bản Quyền,61700,65000,5,0.0,0,0,,Nhã Nam,Nhiều Nhà Xuất Bản,,,,,Sống Official,available,1000,True,True,True
272359740,Sách Bách Khoa Tri Thức - 10 Vạn Câu Hỏi Vì Sao - Khoa học Con Người - Đinh Tị Books,53500,55000,3,5.0,1,28,,Đinh Tị,nxb thanh nien,,Bìa mềm,140.0,,Mộc Nhiên Kids Store,available,1000,True,True,True
270799281,Sách Giáo Dục Giới Tính Và Nhân Cách Dành Cho Bé Trai - Mọi Điều Bé Trai Cần Phải Biết - Đinh Tị Books,35000,35000,0,5.0,1,37,Hemma,Đinh Tị,Nhà Xuất Bản Hà Nội,,Bìa mềm,36.0,,Mộc Nhiên Kids Store,available,1000,True,True,True
269011871,Tiếng Hoa Dành Cho Trẻ Em - Tập 1 (Tủ Sách Biết Nói) - Tái Bản,43400,62000,30,5.0,3,22,,Cty Văn Hóa Nhân Văn,oem,,,,,Nhân Văn,available,1000,True,True,True
253629665,Bộ Ươm mầm giỏi toán từ mẫu giáo (06 cuốn) - Bản Quyền,108000,108000,0,0.0,0,0,,Nhã Nam ,Nhà Xuất Bản Thế Giới,,,,,SÁCH ĐẠI NAM,available,1000,True,True,True
225267736,Sách Vẽ Tất Tật Từ Những Hình Cơ Bản - Con Người,29400,30000,2,5.0,1,9,Nguyễn Thu Huyền,NXB Kim Đồng,Nhà Xuất Bản Kim Đồng,,Bìa mềm,32.0,2023-01-01,Tiki Trading,available,1000,False,True,True
217511546,Bộ 6 cuốn: Phát triển trí tuệ cảm xúc ( Sách Phát Triển Kĩ Năng Cho Trẻ ),346750,365000,5,0.0,0,3,,Nhã Nam,Nhà Xuất Bản Dân Trí,,,,,SÁCH ĐẠI NAM,available,1000,True,True,True
207032978,Sách Từ Điển Bằng Hình Cho Trẻ Mầm Non - Rau Củ Quả,45000,45000,0,0.0,0,0,"Minh Trang, Thảo Linh",Đinh Tị,Nhà Xuất Bản Hà Nội,,Bìa mềm,14.0,2022-11-11,Bamboo Books,available,1000,True,True,True
204874976,5 Phút Đọc Truyện Cùng Con Yêu - Cô Bé Lọ Lem Và Những Truyện Cổ Tích Kinh Điển Khác,54300,79000,31,0.0,0,6,"Stephanie Moss, Daniela Dogliani",Tân Việt,Nhà Xuất Bản Mỹ Thuật,,Bìa cứng,48.0,2022-11-11,Tiki Trading,available,1000,False,True,True
200010629,Bộ Sách Học Từ Vựng Qua Bài Hát (Bộ 5 Cuốn),467500,550000,15,5.0,1,1,Phạm Ngọc Tuấn,Tân Việt,nxb my thuat,,,,,Nhà sách Fahasa,available,1000,True,True,True
196788496,Sách Thiếu Nhi – Bách Khoa Tri Thức Dành Cho Trẻ Em – Đinh Tị,330000,330000,0,5.0,3,43,,Đinh Tị,Nhà Xuất Bản Thế Giới,,Bìa cứng,320.0,,KN Toys Shop,available,1000,True,True,True
196021479,Lược Sử Trái Đất Bằng Hình - Từ Cát Bụi Đến Đô Thị Hiện Đại,155000,155000,0,0.0,0,2,,Kim Đồng,oem,,Bìa mềm,,,Bamboo Books,available,1000,True,False,True
188492942,Combo Lớp Khoa Học Vỡ Lòng ( 5 Cuốn),114000,125000,9,0.0,0,5,"Feng Wei, Yang Li Peng, Wu Hui",Kim Đồng,Nhà Xuất Bản Kim Đồng,,Bìa mềm,100.0,2022-07-07,Tiki Trading,available,1000,False,True,True
174528827,Combo 5 Cuốn Mẹ Hỏi Bé Trả Lời: Hỏi Đáp Rèn Trí Thông Minh (Tái Bản 2021),170350,170350,0,0.0,0,2,,NXB Kim Đồng,Nhà Xuất Bản Kim Đồng,,,,,AHABOOKS,available,1000,True,True,True
95070421,Sách Bóc Dán Hình Thông Minh Phát Triển Khả Năng Tư Duy Toán Học - 168 Sticker (Quyển 5),37800,42000,10,0.0,0,6,Ưu Ưu Thử,Nhà sách Minh Thắng,Nhà Xuất Bản Dân Trí,,Bìa mềm,20.0,2021-05-01,Nhà sách Fahasa,available,1000,True,True,True
53253346,Sách Những Câu Chuyện Bồi Dưỡng Chỉ Số Năng Lực Vượt Khó AQ,62500,68000,8,4.0,1,26,Thu Hương,Liên Việt,Nhà Xuất Bản Văn Học,,Bìa mềm,156.0,2020-04-05,Nhà sách Fahasa,available,1000,True,True,True
49186315,Kiến Thức Bách Khoa Thiết Yếu Dành Cho Con: Sách Âm Thanh - Âm Thanh Cuộc Sống Quanh Em,209500,209500,0,5.0,5,23,.,Đinh Tị,Nhà Xuất Bản Thanh Niên,,,,,Phương Đông Books,available,1000,True,True,True
29820822,Sách Những Người Bạn Tốt - Rùa Con Tinh Nghịch,23800,28000,15,3.7,3,22,Barbara Bacchini,Tân Việt,,,Bìa mềm,12.0,2019-08-01,Nhà sách Fahasa,available,1000,True,True,True
11015813,Sách Gieo Mầm Tính Cách - Yêu Thương (Tái Bản),30400,32000,5,4.8,6,43,"Hà Yên, Hoài Phương",NXB Trẻ,,,Bìa mềm,82.0,2019-02-01,Nhà sách Fahasa,available,1000,True,True,True
9859090,Sách Đừng Kén Chọn Đồ Ăn Nhé: Họ Nhà Súp Lơ,34200,36000,5,4.7,6,32,"BaoYu, HeheMama, Lu Jia",Nhà Xuất Bản Kim Đồng,,,Bìa mềm,48.0,2019-01-01,Nhà sách Fahasa,available,1000,True,True,True
5399867,Sách POMath - Toán Tư Duy Cho Trẻ Em 4-6 Tuổi (Tập 1),86100,99000,13,5.0,67,415,PGS.TS Chu Cẩm Thơ (Chủ biên),TKBooks,,,Bìa mềm,91.0,2018-09-01,Nhà sách Fahasa,available,1000,True,True,True
3638041,Sách Winnie Nóng Quá Hóa Cáu,33188,48000,31,4.8,6,293,"Korky Paul, Laura Owen",Nhã Nam,Nhà Xuất Bản Hội Nhà Văn,,Bìa mềm,96.0,2018-08-10,Tiki Trading,available,1000,False,True,True
1669913,Sách Vui Khỏe Mỗi Ngày - Cuộc Phiêu Lưu Trong Tủ Lạnh,34300,35000,2,0.0,0,0,"Phương Trinh, Gia Hội",NXB Trẻ,NXB Trẻ,,Bìa mềm,60.0,2018-01-01,Nhà sách Fahasa,available,1000,True,True,True
916904,Bộ Sách Giáo Khoa Toán Singapore - More Than A Text Book - Classroom Mathematics Lớp 3 (Trọn Bộ 4 Cuốn),385000,385000,0,0.0,0,18,Abel Chong,Thái Hà,Nhà Xuất Bản Thế Giới,,Bìa mềm,,2017-09-18,info book,available,1000,True,True,True
576409,Sách Nói Sao Cho Con Hiểu: Bé Sẽ Làm Gì Nếu Bị Lạc,23700,24000,1,0.0,0,5,TS Nguyễn Thụy Anh,NXB Trẻ,NXB Trẻ,,Bìa mềm,44.0,2017-02-23,Nhà sách Fahasa,available,1000,True,True,True
575962,Bộ Sách Chân Dung Những Người Thay Đổi Thế Giới - Thomas Alva Edison Là Ai?,44400,59000,25,5.0,1,154,O' Brien,Alphabooks,Nhà Xuất Bản Dân Trí,,Bìa mềm,109.0,,Tiki Trading,available,1000,False,True,True
572948,Sách Bé Tập Kể Chuyện - Củ Cải Trắng,11000,15000,27,5.0,3,1038,.,NXB Trẻ,NXB Trẻ,,Bìa mềm,16.0,,Tiki Trading,available,1000,False,True,True
572946,Sách Bé Tập Kể Chuyện - Bác Gấu Đen Và Hai Chú Thỏ,12350,15000,18,5.0,4,622,.,NXB Trẻ,NXB Trẻ,,Bìa mềm,16.0,2016-12-30,Tiki Trading,available,1000,False,False,True
434868,Cuốn Sách Lớn Đầu Tiên Của Tớ - Đại Dương,150000,150000,0,0.0,0,3,Catherine D. Hughes,Nhà Xuất Bản Kim Đồng,Nhà Xuất Bản Kim Đồng,,Bìa cứng,127.0,2015-04-20,Bamboo Books,available,1000,True,True,True
357400,Sách KTHD - Miền Cực Lạnh Cóng,35000,35000,0,0.0,0,1,Anita Ganeri,NXB Trẻ,NXB Trẻ,,Bìa mềm,128.0,2008-01-23,Bamboo Books,available,1000,True,True,True
345887,Sách Những Bài Văn Đoạt Giải Của Học Sinh Tiểu Học Trung Quốc,119000,128000,7,5.0,3,13,Quý Tiểu Binh (Chủ Biên),Nhân Trí Việt,,,Bìa mềm,277.0,2011-03-28,Nhà sách Fahasa,available,1000,True,True,True
339991,Sách Bé Yêu Đi Mẫu Giáo - Thế Giới Động Vật,52200,55000,5,0.0,0,1,Nhiều tác giả,Công Ty Cổ Phần Văn Hóa Đông A,,,,60.0,2011-04-18,Nhà sách Fahasa,available,1000,True,True,True
316188,Sách Horrible Science - Hệ Tiêu Hoá,60000,60000,0,0.0,0,1,Nick Arnold,NXB Trẻ,NXB Trẻ,,Bìa mềm,160.0,2008-01-23,HỆ THỐNG NHÀ SÁCH ABC,available,1000,True,True,True
279043451,Sách Thiếu Nhi - Quà tặng bé thơ,60000,60000,0,0.0,0,0,nhieu tac gia,NXB Kim Đồng,Nhà Xuất Bản Kim Đồng,,Bìa mềm,80.0,,Nhân Văn,available,1000,True,True,True
278713972,Sách - Thần Dược Của Kay - Một Lịch Sử Bổ Ích Khủng Khiếp Về Cơ Thể Người,99700,105000,5,0.0,0,1,nhieu tac gia,Nhà Xuất Bản Kim Đồng,Nhà Xuất Bản Kim Đồng,,Bìa mềm,,2023-12-21,Nhà sách Fahasa,available,1000,True,True,True
278484679,Sách JADOO IQ - Học Mà Chơi,41200,59000,30,0.0,0,0,1980Edu (Quỳnh Hương),1980 Books,Nhà Xuất Bản Dân Trí,,Bìa mềm,28.0,,Tiki Trading,available,1000,False,True,True
278316129,Bộ 4 Bảng Cửu Chương Cho Bé - ndbooks,28000,40000,30,0.0,0,1,,CÔNG TY TNHH THƯƠNG MẠI SÁCH NHÂN DÂN,nxb thanh nien,,Bìa mềm,,,SÁCH NHÂN DÂN - ndbooks,available,1000,True,True,True
278245682,Những Cuộc Thám Hiểm Vĩ Đại Qua Truyện Tranh,118058,169000,30,0.0,0,18,Shophie Crépon Béatrice Veillon,Nhã Nam,Nhà Xuất Bản Thế Giới,,Bìa cứng,94.0,,Tiki Trading,available,1000,False,True,True
278138335,Sách Tớ yêu khoa học - The adventure of water,189800,245000,23,0.0,0,0,"Dan Green, Sean Sims",Đinh Tị,Nhà Xuất Bản Hà Nội,,Bìa cứng,14.0,,Tiki Trading,available,1000,True,True,True
277135129,Sách- Toán Tư Duy 104 trang giúp phát triển Tư Duy môn Toán dành cho bé 4-6 tuổi (Song ngữ Việt Anh),110000,110000,0,0.0,0,1,Phạm Thị Thanh,CÔNG TY TNHH IN VÀ TM TUẤN VIỆT,Nhà Xuất Bản Hà Nội,,Bìa mềm,104.0,,Xưởng in sách mầm non,available,1000,True,True,True
276627841,Bách Khoa Cho Trẻ Em - Bách Khoa Khoa Học,180000,180000,0,0.0,0,0,DK,Đông A,NXB Dân Trí,,Bìa cứng,128.0,,Nhà Sách Vĩnh Thụy,available,1000,True,True,True
274991128,Sách Tớ Tư Duy Như Một Nhà Giải Phẫu Học - Tất Tần Tật Về Cơ Thể Người,67700,89000,24,5.0,7,16,Sheri Amsel,Alphabooks,Nhà Xuất Bản Dân Trí,,Bìa mềm,160.0,2024-01-29,Tiki Trading,available,1000,False,True,True
274959749,Sách - Sổ tay kiến thức bằng tranh - Sự sống trên Trái Đất (Nhã Nam Official),165000,165000,0,0.0,0,0,Stéphanie Ledu,Nhã Nam,Nhà Xuất Bản Thế Giới,,Bìa mềm,127.0,,Nhà Sách Vĩnh Thụy,available,1000,True,True,True
274858836,Sách - Ocean - Thuyết Minh Trực Quan Nhất Về đại Dương - Bìa cứng,999000,999000,0,0.0,0,0,DK,Alpha Books,Nhà Xuất Bản Dân Trí,,Bìa cứng,,,Những Vì Sao Bookstore,available,1000,True,True,True
274611765,Sách - Toán Tư Duy Cho Trẻ Từ 5-7 Tuổi,80000,80000,0,4.0,1,11,Thanh Hương,Việt Hà,Nhà Xuất Bản Hà Nội,,Bìa mềm,128.0,,NHÀ SÁCH ĐĂNG KHÔI,available,1000,True,True,True
272888018,Sách Siêu Nhí Khám Phá Đại Dương,168200,250000,33,5.0,1,13,Lindsey Leigh,1980 Books,Nhà Xuất Bản Dân Trí,,Bìa cứng,96.0,2023-10-01,Tiki Trading,available,1000,False,True,True
249019187,Combo 2 (6 tập): Từ điển bằng tranh dành cho trẻ em,106100,150000,29,0.0,0,7,Minh Trang,Đinh Tị,Nhà Xuất Bản Hà Nội,,Bìa mềm,14.0,2023-01-01,Tiki Trading,available,1000,True,True,True
214836973,Sách Toán tư duy dành cho trẻ em 4-6 tuổi phiên bản mới 124 trang,58800,58800,0,4.7,3,25,,Việt Hà,Nhà Xuất Bản Hà Nội,,,,,VĂN PHÒNG PHẨM ĐỒ CHƠI VŨ DUYÊN,available,1000,True,True,True
195885674,Đất Nước Gấm Hoa - Atlas Việt Nam,350000,350000,0,0.0,0,5,"Võ Thị Mai Chi, Hồ Quốc Cường",NXB Kim Đồng,Nhà Xuất Bản Kim Đồng,,Bìa mềm,172.0,2022-08-08,Nhà Sách Vĩnh Thụy,available,1000,True,True,True
193770285,Sách - Quiz! Khoa học kì thú: Cơ thể con người,75000,75000,0,0.0,0,1,Do Ki-sung, NXB Kim Đồng,Nhà Xuất Bản Kim Đồng,,Bìa mềm,200.0,2021-03-22,Bamboo Books,available,1000,True,True,True
189170993,Set (6 cuốn) Hỏi - Đáp,120000,120000,0,0.0,0,6,,Đinh Tị,Nhà Xuất Bản Thanh Niên,,,,,AHABOOKS,available,1000,True,True,True
188320496,Combo 6 Tập - Từ Điển Bằng Hình Cho Bé,130200,168000,23,5.0,2,4,,Đinh Tị,Nhà Xuất Bản Thanh Niên,,,,,Tiki Trading,available,1000,True,True,True
185863042,Sách Cùng Vui Với Origami - Nghệ Thuật Xếp Giấy Nhật Bản,85000,85000,0,0.0,0,26,Nguyễn Bích Nhã,VanLangBooks,,,Bìa mềm,160.0,2022-06-06,Nhà sách NetaBooks,available,1000,True,True,True
181699624,Sách Lịch Sử Chế Tạo Máy Bay,65000,65000,0,0.0,0,1,Nhiều tác giả,Nhã Nam,Nhà Xuất Bản Thế Giới,,Bìa mềm,200.0,2022-05-05,Nhà sách NetaBooks,available,1000,True,True,True
179949778,Bách Khoa Cho Trẻ Em - Bách Khoa Khoa Học,180000,180000,0,0.0,0,0,Nhóm tác giả,Nhà Xuất Bản Đại Học Quốc Gia Hà Nội,Nhà Xuất Bản Đại Học Quốc Gia Hà Nội,,Bìa cứng,125.0,,Nhà Sách Vĩnh Thụy,available,1000,True,True,True
179944548,Sách Bách Khoa Cho Trẻ Em - Bách Khoa Địa Lí,160000,160000,0,0.0,0,1,nhieu tac gia,Nhà Xuất Bản Đại Học Quốc Gia Hà Nội,Nhà Xuất Bản Đại Học Quốc Gia Hà Nội,,Bìa cứng,128.0,,Bamboo Books,available,1000,True,True,True
115794782,Combo 2 Cuốn 300 Câu Đố và 300 Trò Chơi Tư Duy Của Sinh Viên Trường Đại Học Harvard,340000,400000,15,5.0,11,70,.,Công Ty Cổ Phần Văn Hóa Đông A,Nhà Xuất Bản Dân Trí,,Bìa mềm,,,Đông A Books Official,available,1000,True,True,True
109982979,Sách Isaac Newton - Nhà Khoa Học Vĩ Đại,29600,40000,26,4.8,59,449,Rasmus Hoài Nam,Tân Việt,Nhà Xuất Bản Thanh Niên,,Bìa mềm,98.0,2021-07-15,Tiki Trading,available,1000,False,True,True
89204255,Sách Hello English! - Xin Chào Tiếng Anh! - Tô Màu Cùng Tiếng Anh,37000,39000,5,5.0,1,1,"Sam Hutchinson, Emilie Martin",Đinh Tị,Nhà Xuất Bản Thanh Niên,,Bìa mềm,32.0,2021-04-01,Nhà sách Fahasa,available,1000,True,True,True
82410169,Sách Thiên Tài Toán Học (5-6 Tuổi) - Phát Triển Tư Duy Hình Học,59100,65000,9,5.0,2,17,Hà Thu Quang,VanLangBooks,Nhà Xuất Bản Hồng Đức,,Bìa mềm,60.0,2021-03-15,Nhà sách Fahasa,available,1000,True,True,True
71948017,Sách Những Gam Màu Rực Rỡ Của Thiên Nhiên,124200,135000,8,4.8,4,17,.,Huy Hoàng Bookstore,Nhà Xuất Bản Bách Khoa Hà Nội,,Bìa cứng,31.0,2020-11-01,Nhà sách Fahasa,available,1000,True,True,True
57750310,Cùng Bé Khám Phá 500 Điều Thú Vị Về Khoa Học,96500,96500,0,5.0,1,11,,Nhà sách Minh Thắng,Nhà Xuất Bản Phụ Nữ Việt Nam,,Bìa mềm,,,Phương Đông Books,available,1000,True,True,True
53830461,Combo Trọn Bộ Sách PoMath - Toán Tư Duy Cho Trẻ Em 4-6 Tuổi (6 cuốn),445500,594000,25,5.0,1,4,,MCBOOKS,Nhà Xuất Bản Đại Học Quốc Gia Hà Nội,,Bìa mềm,,,NVP,available,1000,True,False,True
48150214,Cuốn Sách Kiến Thức - Bách Khoa Cực Hay Cho Bé: Hỏi Đáp Cùng Em - Vì Sao (Tái Bản 2020),199000,199000,0,0.0,0,0,Isabelle Fougère,Nhã Nam,Nhà Xuất Bản Thế Giới,,Bìa mềm,,,SÁCH ĐẠI NAM,available,1000,True,True,True
17533163,Sách Bách Khoa Tri Thức Cho Trẻ Em - Khoa Học Kỹ Thuật,93500,93500,0,0.0,0,3,"Lưu Kim Song, Lý Văn Hân",Nhà sách Minh Thắng,,,Bìa cứng,84.0,2019-05-01,Phương Đông Books,available,1000,True,True,True
17448068,Combo Thư Viện Song Ngữ Đầu Tiên (Cho Bé Từ 0-3 Tuổi) + Thân Gửi Sở Thú - Tặng Bookmark Thiết Kế,187000,187000,0,0.0,0,0,.,Nhã Nam,Nhà Xuất Bản Hội Nhà Văn,,Bìa mềm,,,info book,available,1000,True,True,True
649932,Sách Thế Giới Động Vật Kì Thú - Động Vật Thời Cổ Đại,45600,48000,5,5.0,1,13,Ấu Tử Văn Hóa,Trí Việt,,,Bìa mềm,48.0,2017-05-04,Nhà sách Fahasa,available,1000,True,True,True
565643,Big Book Of Big Animals – Cuốn Sách Khổng Lồ Về Các Loài Động Vật Khổng Lồ,150000,150000,0,5.0,4,34,Hazel Maskell - Fabiano Fiorin,Đinh Tị,,,Bìa mềm,32.0,2016-12-19,Phương Đông Books,available,1000,True,True,True
562909,Sách Vòng Quanh Thế Giới - Hàn Quốc,11400,12000,5,5.0,22,303,Hoài Nam - Nguyễn Hào,Nhà Xuất Bản Kim Đồng,,,Bìa mềm,16.0,2016-12-06,Nhà sách Fahasa,available,1000,True,True,True
535859,Sách Thần Thoại Ai Cập,198000,198000,0,0.0,0,8,,Nhà Xuất Bản Kim Đồng,Nhà Xuất Bản Kim Đồng,,Bìa cứng,196.0,2015-08-11,Bamboo Books,available,1000,True,True,True
506732,Sách Bé Tập Làm Quen Toán Học (Dành Cho Trẻ Từ 4 - 5 Tuổi),9600,12000,20,5.0,3,29,Trần Ngọc Bảo Hân,Công Ty CP Văn Hóa Nhân Văn,Nhà Xuất Bản Hồng Đức,,Bìa mềm,23.0,2014-06-30,Nhà sách Fahasa,available,1000,True,True,True
480253,Sách Bé Tập Kể Chuyện - Cô Bé Quàng Khăn Đỏ,13000,15000,13,4.8,8,851,Đức Lâm,NXB Trẻ,NXB Trẻ,,Bìa mềm,16.0,2016-03-18,Tiki Trading,available,1000,False,True,True
367348,Sách Tại Sao Các Quốc Gia Thất Bại,310000,310000,0,0.0,0,7,"James A. Robinson, Daron Acemoglu",NXB Trẻ,NXB Trẻ,,Bìa mềm,616.0,2013-05-30,Hiệu Sách Tự Do,available,1000,True,True,True
278966720,"Sách - AI Ơi, Mở Ra! - Tât Tần Tật Những Điều Học Sinh Muốn Biết Về Trí Tuệ Nhân Tạo",143100,159000,10,0.0,0,0,nhieu tac gia,Alpha Books,Nhà Xuất Bản Thế Giới,,Bìa mềm,,2023-12-21,Nhà sách Fahasa,available,1000,True,True,True
278532272,"Sách - STEM Dành Cho Học Sinh - Phát Triển Tư Duy Logic, Khám Phá Khoa Học",392000,392000,0,0.0,0,1,nhieu tac gia,MCBOOKS,Nhà Xuất Bản Hồng Đức,,Bìa mềm,,,MCBooks Sài Gòn,available,1000,True,True,True
278321593,Sách 100 Bí Mật Kinh Ngạc - 100 Bí Ẩn Đáng Kinh Ngạc Về Trái Đất,89200,100000,11,0.0,0,1,nhieu tac gia,Đinh Tị,Nhà Xuất Bản Thanh Niên,,Bìa mềm,128.0,,Play With Me,available,1000,True,True,True
278101299,Sách Nhật Kí Đi Học Của Mike,26400,45000,41,0.0,0,7,Chân Quả Quả,Minh Long,Nhà Xuất Bản Phụ Nữ Việt Nam,,Bìa mềm,120.0,,Tiki Trading,available,1000,True,True,True
276813295,Từ Vựng - Cuốn Sách Lớn Đầu Tiên Của Tớ Về Words - Song Ngữ Anh-Việt,68000,99000,31,0.0,0,0,Roger Priddy,Tân Việt,Nhà Xuất Bản Văn Học,,Bìa cứng,15.0,2024-12-16,Tiki Trading,available,1000,False,True,True
275188999,Illustrated Classics - Truyện Kể Về Những Cô Gái Thông Minh Và Gan Dạ Trong Thần Thoại Hy Lạp,130200,168000,23,0.0,0,9,Nhiều tác giả,Đinh Tị,Nhà Xuất Bản Thanh Niên,,Bìa mềm,188.0,2024-06-01,Tiki Trading,available,1000,True,True,True
271121816,Sách - Sách âm thanh - Bé học nói Phiên bản đặc biệt với 30 nút bấm cho bé 0 - 6 tuổi - Đinh Tị Books,399000,399000,0,0.0,0,0,,Đinh Tị,Nhà Xuất Bản Thanh Niên,,Bìa cứng,20.0,,Bamboo Books,available,1000,True,True,True
270992782,"(Bìa cứng, in màu toàn bộ) SÁNG TÁC VÀ THIẾT KẾ TẠP CHÍ CỦA BẠN - Sarah Hull – Trần Hoàng Chi - Đông A ",220000,220000,0,0.0,0,0,,Đông A,NXB Dân Trí,,Bìa cứng,,,Bamboo Books,available,1000,True,True,True
270845355,First Sticker Book - Sách Dán Hình Đầu Đời Cho Bé - Trái Cây Và Rau Củ,67500,75000,10,5.0,1,6,Hannah Watson,Đinh Tị,nxb thanh nien,,,,,Nhà sách Fahasa,available,1000,True,True,True
269957399,Sách 39 Đoản Thiền Để Thấy (Phiên Bản Bìa Cứng),127880,139000,8,5.0,5,75,Phan Đăng,Kim Đồng,Nhà Xuất Bản Kim Đồng,,Bìa cứng,148.0,2023-06-07,Tiki Trading,available,1000,False,True,True
260807189,Sách - Combo 5 tờ Tranh Bảng Chữ Cái Và Số (có nẹp) - ndbooks,67500,75000,10,0.0,0,0,,CÔNG TY TNHH THƯƠNG MẠI SÁCH NHÂN DÂN,Nhà Xuất Bản Phụ Nữ,,Bìa mềm,,,SÁCH NHÂN DÂN - ndbooks,available,1000,True,True,True
242091343,Sách 365 ngày siêu trí tuệ nhí - Phát triển tư duy logic IQ cho trẻ em 3,27000,35000,23,4.5,2,25,Starkids,Megabook,Nhà Xuất Bản Thanh Niên,,Bìa mềm,32.0,2023-02-01,Tiki Trading,available,1000,False,True,True
214591166,Sách: 10 Vạn Câu Hỏi Vì Sao - Động Vật Trên Cạn Và Dưới Nước,60000,60000,0,0.0,0,0,Trịnh Diên Tuệ,Minh Long,Nhà Xuất Bản Phụ Nữ Việt Nam,,Bìa mềm,128.0,2023-01-01,Nhà Sách Vĩnh Thụy,available,1000,True,True,True
213953051,HỘP YÊU THƯƠNG 3 - 6 TUỔI (SET 5),99500,199000,50,0.0,0,3,Việt An,Công ty TNHH Truyền Thông Việt An,Nhà Xuất Bản Phụ Nữ Việt Nam,,Bìa cứng,,2021-10-06,Việt An books,available,1000,True,True,True
208780699,Sách Bộ Thí nghiệm stem siêu sáng tạo (Combo 4 cuốn),276000,276000,0,0.0,0,0,,Alphabooks,NXB Dân Trí,,,,,HỆ THỐNG NHÀ SÁCH ABC,available,1000,True,False,True
199039039,Sách Bộ Sưu Tập 200 Sticker - Bảng Chữ Cái Tiếng Việt,48500,68000,29,5.0,4,50,Phan Minh Đạo,Nhà sách Minh Thắng,Nhà Xuất Bản Dân Trí,,Bìa mềm,32.0,2022-07-07,Tiki Trading,available,1000,False,True,True
182300447,Sách- Bách khoa tri thức về khám phá thế giới cho trẻ em - Earth - Trái Đất,55000,55000,0,0.0,0,1,,Đinh Tị,Nhà Xuất Bản Hà Nội,,,,,Bamboo Books,available,1000,True,True,True
173481380,Sách Bách Khoa Thư Về Phát Triển Kỹ Năng - Tiếng Anh,217000,280000,23,5.0,5,66,DK,Đinh Tị,Nhà Xuất Bản Thanh Niên,,Bìa mềm,256.0,2022-04-04,Tiki Trading,available,1000,False,True,True
171821041,Sách Lược Sử Toán Học - Từ Ý Tưởng Đến Thực Hành,128000,128000,0,0.0,0,1,Nhiều tác giả,NXB Kim Đồng,Nhà Xuất Bản Kim Đồng,,Bìa mềm,168.0,2022-04-01,Bamboo Books,available,1000,True,True,True
106188430,Sách Bóc Dán Hình Thông Minh Phát Triển Khả Năng Tư Duy Toán Học IQ EQ CQ (4-5 Tuổi) - 188 Sticker (Quyển 5),30900,45000,31,5.0,9,110,Ưu Ưu Thử,Nhà sách Minh Thắng,Nhà Xuất Bản Dân Trí,,Bìa mềm,20.0,2021-06-01,Tiki Trading,available,1000,False,True,True
98678595,Sách Bộ Tớ Đến Với Khoa Học,139100,196000,29,5.0,1,8,Emma Ranade,Alpha Books,NXB Dân Trí,,Bìa mềm,96.0,2021-01-01,Tiki Trading,available,1000,False,True,True
82495106,Sách Ong Vàng Học Toán Dành Cho Trẻ 4-6 Tuổi - Tập 4,77400,89000,13,0.0,0,5,Nguyễn Văn Phước,TKBooks,Nhà Xuất Bản Hồng Đức,,Bìa mềm,88.0,2021-02-01,Nhà sách Fahasa,available,1000,True,True,True
82076913,Combo 10 Cuốn: Tuyển Tập Barbie Thủ Công Dựng Hình Thời Trang (Tặng Kèm Miếng Bóc Dán),280600,380000,26,5.0,9,36,The Five Mile Press,Tân Việt,Nhà Xuất Bản Mỹ Thuật,,Bìa mềm,1600.0,2021-03-15,Tiki Trading,available,1000,False,True,True
71948013,Sách Bách Khoa Toàn Thư Về Những Điều Bình Dị,145600,160000,9,4.0,1,15,"Štěpánka Sekaninová, Eva Chupíková",Huy Hoàng Bookstore,Nhà Xuất Bản Bách Khoa Hà Nội,,Bìa cứng,88.0,2020-11-01,Nhà sách Fahasa,available,1000,True,True,True
52726663,Sách Kiến Thức Về Khủng Long - Tại Sao Khủng Long Plateosaurus Lại Ăn Đá ? Đặc Tính Ăn Uống Và Tiêu Hóa Của Khủng Long,55200,65000,15,4.5,2,5,,Nhà sách Minh Thắng,Nhà Xuất Bản Phụ Nữ Việt Nam,,Bìa mềm,54.0,2020-03-01,Nhà sách Fahasa,available,1000,True,True,True
42762122,Bách Khoa Tri Thức - Hóa Học,47000,70000,33,4.5,12,129,,Công Ty Cổ Phần Tri thức Văn Hóa Sách Việt Nam,,,Bìa cứng,32.0,2019-11-18,VIETNAMBOOK,available,1000,True,True,True
35191888,Sách I Will Be Better - Những Câu Chuyện Truyền Cảm Hứng: Mẹ Không Phải Người Giúp Việc,51300,54000,5,5.0,16,92,Yuman,Nhà Xuất Bản Kim Đồng,,,Bìa mềm,192.0,2019-09-01,Nhà sách Fahasa,available,1000,True,True,True
30793810,Sách Vật Lý Lý Thú,89000,89000,0,0.0,0,0,Sarah Hutton,Nhã Nam,Nhà Xuất Bản Thế Giới,,Bìa mềm,114.0,2019-01-08,info book,available,1000,True,True,True
30677720,Hiểu Về Khoa Học - Thời Tiết,73000,108000,32,5.0,3,29,,Vinabook JSC,,,Bìa mềm,64.0,2019-08-29,VIETNAMBOOK,available,1000,True,True,True
28057007,Sách Kỹ Năng Sống Dành Cho Học Sinh - Học Cách Sống (Tái Bản),52200,55000,5,3.0,1,22,Ngọc Linh,Đinh Tị,,,Bìa mềm,,2019-01-08,Nhà sách Fahasa,available,1000,True,True,True
20700678,Từ Điển Hình Ảnh Cho Bé: Động Vật (Tái Bản 2019),29700,30000,1,5.0,15,106,"Phạm Huy Thông, Lê Bích Thuỷ, Hiếu Minh, Việt Hải",Nhà Xuất Bản Kim Đồng,,,Bìa mềm,12.0,2019-06-01,Nhà sách Fahasa,available,1000,True,True,True
20596434,Combo Truyện Thiếu Nhi Gia Đình Yêu Thương: Nhà Mình Thích Ở Bên Nhau + Vì Con Yêu Mẹ + Con Yêu Bố Chừng Nào (Tái Bản) - Tặng kèm bookmark HappyLife,172350,172350,0,4.7,14,223,.,Nhã Nam,Nhiều Nhà Xuất Bản,,Bìa mềm,,,Phương Đông Books,available,1000,True,True,True
17045192,Sách Những Ảo Tưởng Về Thiên Tài,159000,159000,0,0.0,0,6,"Anders Ericsson, Robert Pool",Alphabooks,Nhà Xuất Bản Lao Động Xã Hội,,Bìa mềm,372.0,2019-05-01,HỆ THỐNG NHÀ SÁCH ABC,available,1000,True,False,True
14645355,Sách How Things Work - Cách Mọi Vật Vận Hành,255000,255000,0,0.0,0,0,T.J.Resler,Nhã Nam,Nhà Xuất Bản Thế Giới,,Bìa mềm,207.0,2019-04-01,Bamboo Books,available,1000,True,True,True
11493909,Câu lạc Bộ Khoa Học Edison - Vũ Trụ,86000,120000,28,5.0,1,15,,Vinabook JSC,,,Bìa mềm,120.0,2019-03-11,VIETNAMBOOK,available,1000,True,True,True
8155350,Sách Ferdinand Magellan Là Ai?,38500,59000,35,4.8,16,135,"Sydelle Kramer, Elizabeth Wolf",Alphabooks,Nhà Xuất Bản Dân Trí,,Bìa mềm,108.0,2018-12-01,Tiki Trading,available,1000,False,True,True
4439915,Sách Con Yêu Nhà Mình Vì Nhà Mình Tuyệt Vời Nhất (Tái Bản),24000,24000,0,5.0,20,250,Yên Bình - Điển Dũng,Phúc Minh,Nhà Xuất Bản Văn Học,,Bìa mềm,24.0,2018-09-09,Phúc Minh Books,available,1000,True,True,True
535780,Sách Các Nền Văn Minh Cổ Đại,145000,145000,0,0.0,0,1,.,Nhà Xuất Bản Kim Đồng,Nhà Xuất Bản Kim Đồng,,Bìa cứng,124.0,2015-07-11,Bamboo Books,available,1000,True,True,True
487131,Sách Bộ Kỹ Năng Cho Trẻ Từ 1- 6 Tuổi (Trọn Bộ 6 Quyển),154000,154000,0,0.0,0,0,Hồ Huy Sơn,First News - Trí Việt,Nhà Xuất Bản Tổng hợp TP.HCM,,Bìa mềm,144.0,2016-04-11,info book,available,1000,True,False,True
344548,Sách Từ Điển Bằng Hình Cho Trẻ Mầm Non - Những Từ Đầu Tiên,150000,150000,0,0.0,0,0,.,Công Ty Cổ Phần Văn Hóa Đông A,Nhà Xuất Bản Dân Trí,,Bìa mềm,48.0,2012-03-01,Nhà Sách Vĩnh Thụy,available,1000,True,False,True
278768745,Sách - Who? Chuyện Kể Về Danh Nhân Thế Giới - Che Guevara (Tái Bản 2025),58800,60000,2,0.0,0,1,ChungBe Studios,Nhà Xuất Bản Kim Đồng,Nhà Xuất Bản Kim Đồng,,Bìa mềm,,2023-12-21,Nhà sách Fahasa,available,1000,True,True,True
278713790,Sách - Cẩm Nang Về Phép Thuật - Bìa Cứng,171000,180000,5,0.0,0,0,nhieu tac gia,Nhà Xuất Bản Kim Đồng,Nhà Xuất Bản Kim Đồng,,Bìa mềm,,2023-12-21,Nhà sách Fahasa,available,1000,True,True,True
278441949,Combo 6 cuốn: Jadoo Tập Tô - Tập Viết,254880,354000,28,0.0,0,0,1980 Edu,1980 Books,Nhà Xuất Bản Dân Trí,,Bìa mềm tay gấp,,,1980 BOOKS HCM,available,1000,True,True,True
278230926,Sách Playtime in English. Level 1,41500,59000,30,0.0,0,0,"Butter English, Sujin Cha",Tân Việt,Nhà Xuất Bản Mỹ Thuật,,Bìa mềm,30.0,,Tiki Trading,available,1000,False,True,True
278117291,Sách - Mẹ Ơi Đừng Lo Sơ Cứu Cho Trẻ Em - Nhà Xuất Bản Dân Trí - Tiên Phong Books,186000,186000,0,0.0,0,3,,Công ty TNHH Tiên Phong Books,Nhà Xuất Bản Dân Trí,,Bìa mềm,,,Tiên Phong Books Store,available,1000,True,True,True
277388248,Sách - Tủ Sách Giáo Dục Sớm Cho Bé 0-6 Tuổi: Đồng Dao - Câu Đố - Truyện Cổ Tích - Ngụ Ngôn - SBOOKS,114000,116000,2,0.0,0,3,,SBOOKS,Nhà Xuất Bản Văn Học,,Bìa mềm,130.0,2025-02-22,SBOOKS OFFICIAL,available,1000,True,True,True
276259948,"Sách Bóc Dán Thông Minh - Công viên khủng long Jura/Giao thông sôi động /Động vật đáng yêu/Rau, củ, quả YUMMY !",32900,48000,31,0.0,0,12,Dư Phi Ngư,Nhà sách Minh Thắng,Nhà Xuất Bản Phụ Nữ Việt Nam,,,24.0,,Tiki Trading,available,1000,False,True,True
275815259,"Sách Wow, thì ra là thế! - Thám hiểm vũ trụ",37100,48000,23,0.0,0,12,Little Newton Science Education Company Ltd,Đinh Tị,Nhà Xuất Bản Hà Nội,,Bìa mềm,56.0,,Tiki Trading,available,1000,False,True,True
275357186,Sách WOLFOO EQ - VÌ SAO TỚ NÊN TRUNG THỰC,32600,49000,33,0.0,0,10,1980Edu (Phương Thư),1980 Books,Nhà Xuất Bản Dân Trí,,Bìa mềm,100.0,2024-06-01,Tiki Trading,available,1000,False,True,True
273419046,Sách Tích Cực - Biện Pháp Luôn Nhiều Hơn Khó Khăn - Nhật Kí Trưởng Thành Cho Học Sinh Tiểu Học,32000,50000,36,5.0,1,10,Vương Ngọc Yến,Tân Việt,Nhà Xuất Bản Mỹ Thuật,,Bìa mềm,92.0,2023-11-01,Tiki Trading,available,1000,False,True,True
271964759,Origami - Nghệ Thuật Xếp Giấy Nhật Bản - Vanlangbooks -Tái Bản 2023,69700,85000,18,4.8,5,58,Nguyễn Bích Nhã,VanLangBooks,,,Bìa mềm,160.0,,Văn Lang Official Store,available,1000,True,True,True
271063319,Bộ Gấu Koda - Cái mũi đen (Lee Rury & Emanuele Bertossi) - Bản Quyền,65000,65000,0,0.0,0,0,,Nhã Nam,Nhà Xuất Bản Hội Nhà Văn,,,,,info book,available,1000,True,True,True
263396067,Sách Trái cây đại chiến Zombie -Thế giới Robot Tập 6 - Thám Hiểm Đảo Thần Bếp,83600,95000,12,5.0,1,7,Tiểu Giang Nam,Huy Hoàng Bookstore,Nhà Xuất Bản Phụ Nữ Việt Nam,,Bìa mềm,160.0,,Văn Lang Official Store,available,1000,True,True,True
253273920,Công chúa nhỏ - Bản Quyền,92000,92000,0,0.0,0,0,,Nhã Nam ,Nhà Xuất Bản Hội Nhà Văn,,,,,FishingBook,available,1000,True,True,True
221230162,Sách 10 vạn câu hỏi vì sao dành cho thiếu nhi - Động vật trên cạn và động vật dưới nước,33600,60000,44,4.0,1,35,Trịnh Diên Tuệ,Minh Long,Nhà Xuất Bản Phụ Nữ,,Bìa mềm,128.0,2022-12-13,Tiki Trading,available,1000,True,True,True
217441484,Sách - Cẩm Nang Sinh Hoạt Bằng Tranh Cho Bé - Các Kĩ Năng Cơ Bản (Tái Bản 2020),99000,99000,0,0.0,0,0,,Không có,Không có,,,,,Bamboo Books,available,1000,True,False,True
215705453,"(Tranh minh hoạ) TRIẾT HỌC TỰ CỔ CHÍ KIM – Phùng Xuân Trà, Nguyễn Quốc Vương dịch - Nxb Kim Đồng ",125000,125000,0,0.0,0,1,, NXB Kim Đồng,Nhà Xuất Bản Kim Đồng,,Bìa mềm,,,Bamboo Books,available,1000,True,True,True
214989440,Sách rèn luyện trí thông minh - Trò chơi mê cung và tìm kiếm (4 quyển),150000,150000,0,5.0,3,6,,Việt Hà,Nhà Xuất Bản Hà Nội,,,,,VĂN PHÒNG PHẨM ĐỒ CHƠI VŨ DUYÊN,available,1000,True,True,True
191576134,Combo Kể Chuyện Cuộc Đời Các Thiên Tài. Trọn Bộ 12 cuốn. Tặng bút/ sổ tay,725000,725000,0,0.0,0,0,,Công ty Cổ Phần Văn Hóa và Giáo Dục Tân Việt,Nhiều Nhà Xuất Bản,,,,,SÁCH ĐẠI NAM,available,1000,True,True,True
189462693,Combo 2 cuốn Sách âm thanh: Những Loài Vật Quanh Em + Âm Thanh Của Các Loài Vật,401500,401500,0,0.0,0,1,,Đinh Tị,Nhà Xuất Bản Hà Nội,,,,,AHABOOKS,available,1000,True,True,True
169761494,Lật mở cùng con: Con từ đâu tới?,89000,89000,0,0.0,0,0,,Đinh Tị,Nhà Xuất Bản Thanh Niên,,Bìa cứng,,,Bamboo Books,available,1000,True,True,True
160922186,COMBO 3 CUỐN SIÊU NHÍ KHÁM PHÁ TOÁN TƯ DUY,213000,213000,0,0.0,0,0,,1980 Books,Nhiều Nhà Xuất Bản,,,,,HỆ THỐNG NHÀ SÁCH ABC,available,1000,True,True,True
153387372,Mỗi Tuổi Mỗi Tài - 12 Con Giáp,77000,77000,0,0.0,0,0,,NXB Kim Đồng,Nhà Xuất Bản Kim Đồng,,Bìa mềm,,2021-12-24,Bamboo Books,available,1000,True,True,True
146585867, Bộ cuốn sách tranh khoa học đầu tiên của bé 9 cuốn,744200,751800,1,0.0,0,3,"Tezuka Akem, Murata Hiroko",Quảng Văn,Nhà Xuất Bản Phụ Nữ Việt Nam,,Bìa mềm,,,Minhhabooks,available,1000,True,True,True
114922528,Tủ Sách Giáo Dục Stem: Ngôi Sao Thể Thao Tập Sự,41400,69000,40,5.0,1,21,Catherine Ard,Alphabooks,Nhà Xuất Bản Dân Trí,,Bìa mềm,48.0,,Tiki Trading,available,1000,False,False,True
98733259,Sách Những Tù Nhân Của Địa Lí - Khám Phá Sự Vận Hành Của Thế Giới Qua Những Tấm Bản Đồ - Phiên Bản Minh Hoạ Màu Dành Cho Độc Giả Trẻ,230000,230000,0,5.0,1,3,"Tim Marshall, Grace Easton, Jessica Smith",NXB Kim Đồng,Nhà Xuất Bản Kim Đồng,,Bìa cứng,72.0,2021-05-01,Nhà Sách Vĩnh Thụy,available,1000,True,True,True
96112729,Ehon - Cuốn Sách Tranh Đầu Tiên Về Con Số,75900,99000,23,4.7,9,61,Nhiều tác giả,Quảng Văn,Nhà Xuất Bản Phụ Nữ,,Bìa mềm,52.0,2021-05-07,Tiki Trading,available,1000,False,True,True
94700760,"Combo 4 Cuốn ""Bạn Thân Mến"": Tớ Là Cá Voi +Tớ Là Hải Cẩu Lông Mao + Tớ Là Hươu Cao Cổ +  Tớ Là Rái Cá",260000,260000,0,0.0,0,1,"Megumi Iwasa, Jun Takabatake",Thái Hà,Nhà Xuất Bản Lao Động,,Bìa mềm,416.0,2021-05-01,Nhà Sách Vĩnh Thụy,available,1000,True,True,True
76542989,Sách Cơ Thể Người - Trong 30 Giây,89100,99000,10,4.7,3,21,Anne Claybourne,Alphabooks,Nhà Xuất Bản Dân Trí,,Bìa mềm,96.0,2021-01-01,Nhà sách Fahasa,available,1000,True,True,True
74217673,"Sách Gi Gỉ Gì Gi, Cái Gì Cũng Biết - Dành Cho Lớp 3",110600,119000,7,5.0,7,48,Mima Noyuri,Nhã Nam,Nhà Xuất Bản Thế Giới,,Bìa mềm,180.0,2020-12-12,Nhà sách Fahasa,available,1000,True,True,True
57521320,Combo  300 Miếng Bóc Dán Thông Minh (6 Cuốn),148500,180000,18,4.7,176,966,Ưu Ưu Thứ,Đinh Tị,Nhà Xuất Bản Thanh Niên,,Bìa cứng,132.0,2020-07-01,Tiki Trading,available,1000,True,True,True
51990401,Combo 101 First Words (Bộ 6 Cuốn),306000,360000,15,4.7,14,103,MiloKids,Minh Long,Nhà Xuất Bản Mỹ Thuật,,Bìa cứng,,,Minh Long Book,available,1000,True,True,True
20700692,Combo Từ Điển Hình Ảnh Cho Bé ( 10 Cuốn) (Tái Bản),293650,293650,0,0.0,0,1,"Phạm Huy Thông, Lê Bích Thuỷ, Hiếu Minh, Việt Hải",Nhà Xuất Bản Kim Đồng,Nhà Xuất Bản Kim Đồng,,Bìa mềm,,2019-06-01,AHABOOKS,available,1000,True,True,True
8090973,Sách Wolfgang Amadeus Mozart Là Ai?,39900,59000,32,4.8,21,228,"Yona Zeldis McDonough, Carries Robbins",Alphabooks,Nhà Xuất Bản Dân Trí,,Bìa mềm,100.0,,Tiki Trading,available,1000,False,True,True
5982857,Sách Khởi Đầu Học Viết: Tập Tô Số (Tái Bản 2018),20900,22000,5,0.0,0,91,"Hiếu Minh, Vũ Thị Thùy",Nhà Xuất Bản Kim Đồng,Nhà Xuất Bản Kim Đồng,,Bìa mềm,24.0,2018-10-01,Tiki Trading,available,1000,False,True,True
3935883,Sách 10 Vạn Câu Hỏi Vì Sao (Tập 1),46750,55000,15,0.0,0,20,,Minh Long,Nhà Xuất Bản Thanh Niên,,Bìa mềm,208.0,2018-08-08,Minh Long Book,available,1000,True,True,True
735264,Sách Walt Disney Là Ai?,35400,59000,40,4.0,1,203,"Whitney Stewart, Nancy Harrison",Alphabooks,Nhà Xuất Bản Dân Trí,,Bìa mềm,108.0,,Tiki Trading,available,1000,False,False,True
577049,Sách Atlas Cho Trẻ Em - Atlas Tự Nhiên (Tái Bản),110000,110000,0,0.0,0,2,.,Công Ty Cổ Phần Văn Hóa Đông A,Nhà Xuất Bản Dân Trí,,Bìa cứng,,2015-02-27,Bamboo Books,available,1000,True,True,True
431570,Sách Nghề Nghiệp Em Yêu - Người Đưa Thư: Postman - Màu Ngẫu Nhiên,45000,45000,0,0.0,0,5,,Minh Long,,,,,2015-03-20,Foreignbooks,available,1000,True,False,True
431388,Sách Trò Chơi Rèn Luyện Tư Duy (Tập 4),43700,46000,5,4.6,8,82,XingTao,Nhà Xuất Bản Kim Đồng,Nhà Xuất Bản Kim Đồng,,Bìa mềm,44.0,2015-03-18,Tiki Trading,available,1000,False,True,True
278714382,Sách - Bách Khoa Tri Thức - Khám Phá Đại Dương - Explore The Ocean (Song Ngữ),51900,59000,12,0.0,0,0,nhieu tac gia,Công ty TNHH Sách Hà Giang ,NXB Dân Trí,,Bìa mềm,,2023-12-21,Nhà sách Fahasa,available,1000,True,True,True
278158707,Sách Thế Giới Tương Lai,68800,86000,20,0.0,0,0,"Yohan Colombié-Vivès, Julie Lardon",Nhà Xuất Bản Kim Đồng,Nhà Xuất Bản Kim Đồng,,Bìa mềm,84.0,,Tiki Trading,available,1000,False,True,True
278116011,Sách - Mẹ Ơi Đừng Lo Sơ Cứu Cho Trẻ Em - Nhà Xuất Bản Dân Trí,186000,186000,0,0.0,0,4,,Công ty TNHH Tiên Phong Books,Nhà Xuất Bản Dân Trí,,Bìa mềm,,,Tiên Phong Books Việt Nam,available,1000,True,True,True
278115829,Sách - Combo Mẹ Ơi Đừng Lo Sơ Cứu Cho Trẻ Em + Mẹ Ơi Đừng Lo Sơ Cứu Trong Gia Đình - NXB Dân Trí,372000,372000,0,0.0,0,0,,Công ty TNHH Tiên Phong Books,Nhà Xuất Bản Dân Trí,,Bìa mềm,,,Tiên Phong Books Việt Nam,available,1000,True,True,True
276464807,Combo 2 cuốn bé tìm hiểu các loại xe thể thao - sách sticker thế giới xe - Phát triển IQ - EQ - CQ,48100,70000,31,5.0,1,2,Louis Ben,Việt Thư,Nhà Xuất Bản Phụ Nữ Việt Nam,,Bìa mềm,,,Tiki Trading,available,1000,False,True,True
275876128,Combo Quiz! Khoa học kì thú 10 cuốn (chọn ngẫu nhiên),750000,750000,0,0.0,0,2,Kim Hyun Min,Nhà Xuất Bản Kim Đồng,Nhà Xuất Bản Kim Đồng,,Bìa mềm,3920.0,,Tottochanbooks,available,1000,True,True,True
275547943,Sách Ngọc sáng nhờ rèn giũa - Michele Borba,94000,140000,33,0.0,0,28,Michele Borba,Tân Việt,Nhà Xuất Bản Mỹ Thuật,,Bìa mềm,334.0,2024-07-01,Tiki Trading,available,1000,False,True,True
275281510,Sách Giúp Phát Triển Tư Duy Cho Trẻ: Lift-The-Flap - Lật Mở Khám Phá - Những Kiến Thức Đầu Đời - Những Loài Vật Đáng Kinh Ngạc,151250,151250,0,0.0,0,0,,Đinh Tị,Nhà Xuất Bản Thanh Niên,,,,,AHABOOKS,available,1000,True,True,True
273047577,Combo 21 cuốn Em muốn biết vì sao (Bộ mới),892500,1050000,15,0.0,0,3,nhieu tac gia,Công Ty Cổ Phần Văn Hóa Đông A,Nhà Xuất Bản Dân Trí,,Bìa mềm,,,Cá Chép Bookstore,available,1000,True,True,True
271817210,Kích Thích Thị Giác Black And White Cho Trẻ Sơ Sinh,78200,86000,9,5.0,1,14,Hoàng Tú,Công ty cổ phẩn Xuất bản và Giáo dục Vizi,Nhà Xuất Bản Phụ Nữ Việt Nam,,,,,Nhà sách Fahasa,available,1000,True,True,True
270837085,Sách Những Nhà Thám Hiểm Nhỏ - Phát Triển Kĩ Năng Cho Bé : Chuyển Động Vui Vẻ,73900,105000,30,0.0,0,4,Natalie Marshall,Tân Việt,Nhà Xuất Bản Mỹ Thuật,,Bìa cứng,10.0,2023-04-04,Tiki Trading,available,1000,False,True,True
270771207,Kim Đồng - Khám phá quốc kì trên thế giới,170000,170000,0,0.0,0,1,,Nhà Xuất Bản Kim Đồng,Nhà Xuất Bản Kim Đồng,,,,,Bamboo Books,available,1000,True,True,True
270470165,Boxset Lược Sử Thế Giới Bằng Tranh (Bộ 17 Cuốn),1000000,1000000,0,5.0,1,7,Li Zheng,Nhà Xuất Bản Kim Đồng,Nhà Xuất Bản Kim Đồng,,Bìa mềm,2652.0,,Bamboo Books,available,1000,True,True,True
270297666,"Giáo Dục Giới Tính - Nói ""Không"" (Bìa Cứng)",65000,65000,0,0.0,0,0,,Công ty TNHH Thương mại và Dịch vụ Văn hóa Hà Nội,Nhà Xuất Bản Phụ Nữ Việt Nam,,Bìa cứng,33.0,2023-07-16,Tazano Official Store,available,1000,True,True,True
263594029,"Sách thiếu nhi lật mở Đinh Tị - cảm xúc, yêu thương và thế giới động vật (3 quyển)",140500,148000,5,5.0,2,29,Pat-a-Cake,Đinh Tị,Nhà Xuất Bản Hà Nội,,Bìa cứng,17.0,2023-01-31,Mộc Nhiên Kids Store,available,1000,True,True,True
247979660,Sách - Cái Tết của mèo con,45000,45000,0,0.0,0,1,,Không có,Không có,,,,,FishingBook,available,1000,True,True,True
201679191,Combo Sách 5 Phút Đọc Truyện Cùng Con Yêu: Những Câu Chuyện Thú Vị Dành Cho Bé Gái+ Những Câu Chuyện Thú Vị Dành Cho Bé Trai+ Những Câu Chuyện Đẹp+ Câu Chuyện Về Những Nhà Thám Hiểm+ Câu Chuyện Về Những Chú Khủng Long+ Câu Chuyện Về Những Nàng Công Chúa,325800,474000,31,5.0,1,7,Luoisa May Alcott,Tân Việt,Nhà Xuất Bản Mỹ Thuật,,Bìa mềm,48.0,2022-10-10,Tiki Trading,available,1000,False,True,True
201308002,Sách - Quiz! Khoa học kì thú - Các nhà khoa học thiên tài,75000,75000,0,0.0,0,0,,Nhà Xuất Bản Kim Đồng,Nhà Xuất Bản Kim Đồng,,,,,Bamboo Books,available,1000,True,True,True
196932342,Sách Các nhân vật nổi tiếng trong lịch sử qua truyện tranh,237349,379000,37,5.0,16,177,"Sophie Crépon, Pascale Bouchié, Béatrice Veillon",Nhã Nam,Nhà Xuất Bản Thế Giới,,Bìa mềm,334.0,2022-09-01,Tiki Trading,available,1000,False,True,True
168650335,Tiếng Hoa Dành Cho Trẻ Em - Tập 3,13600,24000,43,5.0,1,39,,Cty Văn Hóa Nhân Văn,Nhà Xuất Bản Tổng hợp TP.HCM,,,,,Nhân Văn,available,1000,True,True,True
148008781,"Combo 4 Cuốn ""Hỏi Đáp Cùng Em"": “Hỏi Đáp Cùng Em - Khủng Long” + “Hỏi Đáp Cùng Em - Thế Giới Động Vật” + “Hỏi Đáp Cùng Em - Lại Là Các Câu Hỏi Vì Sao” + “Hỏi Đáp Cùng Em - Thật Vậy Sao?”",820000,820000,0,0.0,0,0,"Sabine Jourdain, Sophie De Mullenheim, Isabelle Fougère, Valentin Verthé",Nhã Nam,Nhà Xuất Bản Thế Giới,,Bìa cứng,,2021-12-01,SÁCH ĐẠI NAM,available,1000,True,True,True
112350160,Sách Bóc Dán Hình Thông Minh Phát Triển Khả Năng Tư Duy Toán Học IQ EQ CQ (5-6 Tuổi) - 198 Sticker (Quyển 2),41400,46000,10,0.0,0,11,Ưu Ưu Thử,Nhà sách Minh Thắng,Nhà Xuất Bản Dân Trí,,Bìa mềm,20.0,2021-07-15,Nhà sách Fahasa,available,1000,True,True,True
112329421,Sách Horrible Science - Thú Dữ (Tái Bản),34000,45000,24,5.0,11,83,Nick Arnold,NXB Trẻ,NXB Trẻ,,Bìa mềm,128.0,2021-07-01,Tiki Trading,available,1000,False,True,True
110593637,Sách Chiến Binh Cổ Đại,115000,115000,0,0.0,0,0,Iris Volant,NXB Kim Đồng,Nhà Xuất Bản Kim Đồng,,Bìa mềm,60.0,2021-07-01,Nhà Sách Vĩnh Thụy,available,1000,True,True,True
106188453,Sách Bóc Dán Hình Thông Minh Phát Triển Khả Năng Tư Duy Toán Học IQ EQ CQ (3-4 Tuổi) - 178 Sticker (Quyển 4),31800,45000,29,5.0,11,127,Ưu Ưu Thử,Nhà sách Minh Thắng,Nhà Xuất Bản Dân Trí,,Bìa mềm,20.0,2021-06-15,Tiki Trading,available,1000,False,True,True
91343725,Sách Thăng Long Kinh Kì - Kẻ Chợ - Tây Sơn Và Nhà Nguyễn,57000,60000,5,5.0,1,15,"Nguyễn Quốc Tín, Nguyễn Huy Thắng",NXB Kim Đồng,Nhà Xuất Bản Kim Đồng,,Bìa mềm,200.0,2021-04-15,Nhà sách Fahasa,available,1000,True,True,True
67889302,Sách 10 Vạn Câu Hỏi Vì Sao? (Tái Bản 2020),128600,129900,1,0.0,0,1,Phạm Hồng,Nhà sách Minh Thắng,Nhà Xuất Bản Mỹ Thuật,,Bìa mềm,696.0,,Minhhabooks,available,1000,True,True,True
50421102,"Sách Bóc Dán Thông Minh - Luyện Tay Thật Khéo, Luyện Mắt Thật Tinh - Thế Giới Quanh Em",33200,35000,5,4.8,5,20,.,Đinh Tị,Nhà Xuất Bản Hà Nội,,Bìa mềm,10.0,2020-01-03,Nhà sách Fahasa,available,1000,True,True,True
31347346,Cơ Thể Của Tôi Hoạt Động Như Thế Nào - Bộ Não,47000,70000,33,5.0,14,144,,VIETNAMBOOK,Nhà Xuất Bản Hồng Đức,,Bìa mềm,32.0,2019-08-29,VIETNAMBOOK,available,1000,True,True,True
31326302,Cơ Thể Của Tôi Hoạt Động Như Thế Nào - Gan,47000,70000,33,5.0,9,94,,Vinabook JSC,Nhà Xuất Bản Hồng Đức,,Bìa mềm,32.0,2019-08-29,VIETNAMBOOK,available,1000,True,True,True
16043106,Sách Thế Giới Trong Tay Em - Thiên Nhiên Diệu Kỳ,45600,48000,5,4.7,3,50,"Felicity Brooks, Caroline Young",Đinh Tị,,,Bìa mềm,,2019-05-01,Nhà sách Fahasa,available,1000,True,True,True
10920471,Sách Kích Thích Phát Triển Thị Giác Cho Bé - 5 Tháng Tuổi (Tái Bản 2019),28500,30000,5,5.0,10,137,21st Century,Nhà Xuất Bản Kim Đồng,,,Bìa mềm,8.0,2019-02-25,Nhà sách Fahasa,available,1000,True,True,True
10920469,Sách Kích Thích Phát Triển Thị Giác Cho Bé - 4 Tháng Tuổi (Tái Bản 2019),29700,30000,1,5.0,14,102,21st Century,Nhà Xuất Bản Kim Đồng,,,Bìa mềm,8.0,2019-02-25,Nhà sách Fahasa,available,1000,True,True,True
2697019,Sách 500 Câu Chuyện Đạo Đức - Tình Mẫu Tử,29000,40000,28,0.0,0,2,,NXB Trẻ,,,Bìa mềm,100.0,2018-06-21,Tiki Trading,available,1000,False,False,True
1817633,Sách Trái Cây Đại Chiến Zombie - Tập 2: Công Viên Khủng Long,75200,76000,1,0.0,0,0,Tiểu Giang Nam,Huy Hoàng Bookstore,Nhà Xuất Bản Phụ Nữ,,Bìa mềm,174.0,2018-04-09,Minhhabooks,available,1000,True,True,True
1590649,Sách Atlas Động Vật - Vương Quốc Động Vật,91600,92600,1,0.0,0,2,Phan Minh Đạo,Nhà sách Minh Thắng,,,Bìa cứng,44.0,2018-03-03,Minhhabooks,available,1000,True,True,True
913914,Sách Thẻ Flashcard Theo Phương Pháp Glenn Doman - Thế Giới Quanh Em: Côn Trùng - Bò Sát - Lưỡng Cư,35750,65000,45,0.0,0,13,MiloKids (Biên soạn),Minh Long,Nhà Xuất Bản Mỹ Thuật,,,,2017-09-15,Minh Long Book,available,1000,True,True,True
637740,Sách Vì Sao? Như Thế Nào? - Thời Trung Cổ,84100,99000,15,5.0,1,1,Fleurus,Công Ty Cổ Phần Văn Hóa Đông A,Nhà Xuất Bản Dân Trí,,Bìa mềm,125.0,2017-04-01,Nhà sách Fahasa,available,1000,True,True,True
455577,Sách Từ Điển Bằng Hình Của Tôi: Em Thích Miêu Tả (Dành Cho Trẻ Từ 4 - 6 Tuổi),64600,76000,15,5.0,1,4,Xact Group,Minh Long,,,Bìa cứng,56.0,2015-10-29,Nhà sách Fahasa,available,1000,True,True,True
432081,Có Một Con Mọt Sách,58000,58000,0,0.0,0,1,BS Đỗ Hồng Ngọc,First News - Trí Việt,Nhà Xuất Bản Tổng hợp TP.HCM,,Bìa mềm,59.0,2015-04-23,Nhà Sách Vĩnh Thụy,available,1000,True,True,True
279076617,"Sách - Atlas Động Vật (sách tranh màu, bìa cứng)",355400,359000,1,0.0,0,0,Phan Minh Đạo,Nhà sách Minh Thắng,Nhà Xuất Bản Mỹ Thuật,,Bìa cứng,,,Minhhabooks,available,1000,True,True,True
278521557,Sách Trái Đất Trong Mắt Khủng Long – Cuộc Sống Trước Khi Loài Người Xuất Hiện,68200,89000,23,0.0,0,1,Fatti Burke,Nhà xuất bản Phụ Nữ Việt Nam,Nhà Xuất Bản Phụ Nữ Việt Nam,,Bìa mềm,62.0,,Tiki Trading,available,1000,False,True,True
276823840,Sách Hành trình khám phá - Vương quốc động vật,31000,38000,18,0.0,0,0,Thanh Hà,NXB Trẻ,NXB Trẻ,,Bìa mềm,36.0,2024-11-25,Tiki Trading,available,1000,False,True,True
275499311,"Sách - Kỹ Năng Quản Lý Tài Chính Đầu Đời Cho Trẻ - Kiếm Tiền Thông Minh, Tiêu Tiền Đúng Cách - Combo 6 Cuốn - Đinh Tị Books",270000,270000,0,0.0,0,3,,Đinh Tị,Nhà Xuất Bản Thanh Niên,,,,,Bamboo Books,available,1000,True,True,True
275231139,Sách Bách khoa tri thức - 24 giờ - Truyện tranh khám phá cuộc sống cho trẻ từ 6 - 15 tuổi - Đinh Tị Books,113300,119000,5,0.0,0,1,,Đinh Tị,Nhà Xuất Bản Thanh Niên,,Bìa cứng,64.0,,Mộc Nhiên Kids Store,available,1000,True,True,True
274591571,Hoa Vừa Đi Vừa Nở (Thơ Hay Viết Cho Thiếu Nhi) - Bản Quyền,55000,55000,0,0.0,0,0,, NXB Kim Đồng,Nhà Xuất Bản Kim Đồng,,,,,Bamboo Books,available,1000,True,True,True
274587045,Combo 10 Cuốn 10 Vạn Câu Hỏi Vì Sao - Tái Bản - Vanlangbooks,738400,923000,20,0.0,0,0,,VanLangBooks,Nhà Xuất Bản Hồng Đức,,Bìa mềm,,,Văn Lang Official Store,available,1000,True,True,True
274559695,Cái Đuôi Dài (The Long Tail) - Bản Quyền,172000,172000,0,0.0,0,0,Nhiều tác giả,NXB Trẻ,NXB Trẻ,,Bìa mềm,438.0,,info book,available,1000,True,True,True
274558853,Đỉnh Cao Đình Đám - Horrible Geography - Bản Quyền,60000,60000,0,0.0,0,0,Nhiều tác giả,NXB Trẻ,NXB Trẻ,,Bìa mềm,128.0,,Bamboo Books,available,1000,True,True,True
274076610,Bộ sách giúp trẻ khám phá thế giới tự nhiên:  ( 12 cuốn ) Khám Phá Tự Nhiên Quanh Em,540000,540000,0,0.0,0,0,,Alphabooks,NXB Dân Trí,,Bìa mềm,,,Thang Long Book,available,1000,True,True,True
273553194,Sách Alice Lạc Vào Xứ Sở Thần Tiên - Ngày Xửa Ngày Xưa,48500,75000,35,0.0,0,11,Phương Nhung,Tân Việt,Nhà Xuất Bản Mỹ Thuật,,Bìa cứng,24.0,2023-12-01,Tiki Trading,available,1000,False,True,True
269951241,Sách Bảng chữ cái - Bé vui học tiếng anh cùng Sticker,38600,55000,30,5.0,2,11,"Hyeonju Park, Juhee Shin",Tân Việt,Nhà Xuất Bản Mỹ Thuật,,Bìa mềm,24.0,2023-07-01,Tiki Trading,available,1000,False,True,True
262464177,Bách khoa thư Larousse - Quốc kỳ và quốc gia (TB 2020),148000,148000,0,0.0,0,0,,Nhã Nam,Nhà Xuất Bản Thế Giới,,,,,HỆ THỐNG NHÀ SÁCH ABC,available,1000,True,True,True
259542555,Ehon Nhật Bản - Để chúng mình giúp bạn nhé - Dành cho trẻ từ 2 tuổi. - Bản Quyền,39000,39000,0,0.0,0,0,,Wabooks,Nhà Xuất Bản Lao Động - Xã Hội,,,,,Gooda Official,available,1000,True,False,True
254260756,Stem - Học viện bác sĩ thú y,90000,90000,0,0.0,0,0,Steve Martin,NXB Kim Đồng,Nhà Xuất Bản Kim Đồng,,Bìa mềm,74.0,,Nhà Sách Vĩnh Thụy,available,1000,True,True,True
253040772,Sân Chơi Trí Tuệ Của Chim Đa Đa - Trò Chơi Rèn Luyện Khả Năng Ghi Nhớ (Tái Bản 2022),24000,30000,20,0.0,0,1,Thời đại truyền kỳ,Phụ Nữ,Nhà Xuất Bản Phụ Nữ Việt Nam,,,,,Nhà sách Fahasa,available,1000,True,True,True
242091360,Sách 365 ngày siêu trí tuệ nhí - Phát triển tư duy logic IQ cho trẻ em 4,28000,35000,20,0.0,0,17,Starkids,Megabook,Nhà Xuất Bản Thanh Niên,,Bìa mềm,32.0,2023-02-01,Tiki Trading,available,1000,False,True,True
209900542,Debate Pro Junior: Nhà tranh biện thông minh book 2 - Bản Quyền,149000,149000,0,0.0,0,5,,Alphabooks,Nhà Xuất Bản Thế Giới,,,,,Gooda Official,available,1000,True,True,True
209876058,Sách - 1000 Phát Minh Và Khám Phá Vĩ Đại,434130,499000,13,4.6,20,199,Roger Bridgman,Zenbooks,NXB Dân Trí,,Bìa cứng,256.0,,Zenbooks Official ,available,1000,True,True,True
208104138,Thám hiểm Amazon,136000,136000,0,0.0,0,0,Sangma Francis, NXB Kim Đồng,Nhà Xuất Bản Kim Đồng,,Bìa mềm,76.0,2022-10-03,Nhà Sách Vĩnh Thụy,available,1000,True,True,True
207754437,"Sách Hệ Mặt Trời - Mô Hình Động, Bé Ghép Mô Hình 3D",87200,119000,27,5.0,1,27,Annabel Stones,Tân Việt,Nhà Xuất Bản Mỹ Thuật,,Bìa cứng,10.0,2022-12-12,Tiki Trading,available,1000,False,True,True
198363015,Combo - Thư viện từ vựng đầu đời cho bé 4T,189300,236000,20,0.0,0,2,Amy Johnson,Đinh Tị,Nhà Xuất Bản Thanh Niên,,Bìa mềm,,,Tiki Trading,available,1000,True,True,True
191909058,Big Book Of Stars And Planets - Cuốn Sách Khổng Lồ Về Các Ngôi Sao Và Các Hành Tinh,168000,168000,0,5.0,1,11,,Đinh Tị,Nhà Xuất Bản Hà Nội,,,32.0,,Casa Sunshine,available,1000,True,True,True
188321042,Bộ 7 Cuốn Sách Những Bài Học Đầu Tiên Của Bé ,154000,160500,4,0.0,0,4,,Đinh Tị,Nhà Xuất Bản Thanh Niên,,,,,AHABOOKS,available,1000,True,True,True
162140226,Sách Graphic Classics - The Wind In The Willows - Gió Qua Rặng Liễu,63700,79000,19,3.7,3,80,"Russell Punter, Xavier Bonet",Đinh Tị,Nhà Xuất Bản Hà Nội,,Bìa mềm,108.0,2022-01-01,Tiki Trading,available,1000,False,True,True
154986966,Combo What Why When How? 10 Vạn Câu Hỏi Cho Siêu Nhí,285000,356000,20,4.8,12,78,Runkids,Megabook,Nhà Xuất Bản Thanh Niên,,Bìa mềm,384.0,2021-12-12,Tiki Trading,available,1000,False,True,True
130743627,Combo 5 Cuốn Mẹ Hỏi Bé Trả Lời: Hỏi Đáp Rèn Trí Thông Minh (Tái Bản 2021),162000,180000,10,4.8,20,140,Thanh Anh,NXB Kim Đồng,Nhà Xuất Bản Kim Đồng,,Bìa mềm,500.0,2021-10-15,Tiki Trading,available,1000,False,True,True
112329423,Sách Tương Lai Bố Tướng (Tái Bản),48000,55000,13,5.0,3,66,Dr Mike Goldsmith,NXB Trẻ,NXB Trẻ,,Bìa mềm,142.0,2021-07-01,Tiki Trading,available,1000,False,True,True
55358273,Sách Những Loài Bọ Phá Kỷ Lục - Côn Trùng Có Cánh,29700,30000,1,0.0,0,7,Matt Turner,NXB Trẻ,NXB Trẻ,,Bìa mềm,32.0,,Nhà sách Fahasa,available,1000,True,True,True
52726661,Sách Bách Khoa Thiếu Nhi - Trái Đất (Bìa Cứng),86100,87000,1,5.0,2,9,,Nhà sách Minh Thắng,Nhà Xuất Bản Phụ Nữ Việt Nam,,Bìa cứng,160.0,2020-04-01,Minhhabooks,available,1000,True,True,True
34565940,Khoa Học Tiền Tiểu Học Song Ngữ - Sách Luyện Tập 5,22800,24000,5,0.0,0,4,Sasbadi,Nhã Nam,,,Bìa mềm,30.0,2019-09-01,Nhà sách Fahasa,available,1000,True,True,True
29820820,Sách Những Người Bạn Tốt - Con Ong Chu Đáo,19600,28000,30,5.0,2,26,Barbara Bacchini,Tân Việt,,,Bìa mềm,12.0,2019-08-01,Tiki Trading,available,1000,False,False,True
28724508,"Combo Gieo Mầm Tính Cách: Chia Sẻ, Lễ Phép, Không Ganh Tị, Tiết Kiệm, Nhường Nhịn, Ngoan Ngoãn, Sạch Sẽ, Khiêm Tốn, và Chăm Chỉ( tặng Kèm Sổ Tay Xương Rồng)",265000,265000,0,4.8,47,429,`,NXB Trẻ,,,Bìa mềm,346.0,2019-08-01,NHBook,available,1000,True,True,True
14524633,Sách Quái Thư,131100,138000,5,0.0,0,13,Julie Winterbottom,NXB Trẻ,,,Bìa mềm,216.0,2019-04-01,Nhà sách Fahasa,available,1000,True,False,True
2684443,Sách 200 Câu Hỏi & Lời Giải Đáp - Giải Phẫu Học (Tái Bản),26600,28000,5,5.0,1,2,Rahul Singhal - Xact Team,Công Ty CP Sách Văn Chương,Nhà Xuất Bản Văn Học,,Bìa mềm,200.0,,Chính Thông,available,1000,True,True,True
704611,Sách Bé Yêu Khám Phá - To và Nhỏ,17600,23000,23,4.5,2,51,"Lê Thanh Nga, Vũ Xuân Hoàn",NXB Phụ Nữ Việt Nam,,,Bìa mềm,16.0,2017-06-29,Tiki Trading,available,1000,False,True,True
496604,"Sách Tập Vẽ, Tập Viết, Tập Tô - Động Vật Dưới Nước",8000,8000,0,0.0,0,24,Minh Châu - Thiện Lộc,SÁCH THIẾT BỊ GIÁO DỤC ĐỨC TRÍ,Nhà Xuất Bản Đại Học Quốc Gia TP.HCM,,Bìa mềm,23.0,2014-06-17,Nhà sách Fahasa,available,1000,True,True,True
454279,Sách Bách Khoa Dạy Trẻ Học Sớm - Bé 3 Tuổi,78200,79000,1,5.0,2,5,Thượng Lệ Hồng,Tân Việt,Nhà Xuất Bản Mỹ Thuật,,Bìa mềm,100.0,2015-10-23,Minhhabooks,available,1000,True,True,True
403553,Sách 10 Vạn Câu Hỏi Vì Sao,125700,127000,1,3.0,2,67,.,Nhà sách Minh Thắng,,,Bìa mềm,699.0,2013-12-16,Minhhabooks,available,1000,True,True,True
316191,"Sách KTHD - Hoá Học, Một Vụ Nổ Ầm Vang - Tái Bản 2011",52000,52000,0,0.0,0,0,Nick Arnold,NXB Trẻ,NXB Trẻ,,Bìa mềm,164.0,2008-01-23,HỆ THỐNG NHÀ SÁCH ABC,available,1000,True,True,True
279024538,Sách - My Doctor's Visit - Bé Đi Gặp Bác Sĩ - 36 Sticker có thể tái sử dụng - ndbooks,88000,110000,20,0.0,0,0,nhieu tac gia,CÔNG TY TNHH THƯƠNG MẠI SÁCH NHÂN DÂN,Nhà Xuất Bản Mỹ Thuật,,Bìa cứng,,,SÁCH NHÂN DÂN - ndbooks,available,1000,True,True,True
278320230,Sách Truyện Tranh Song Ngữ Việt Anh Cho Bé - Hãy Đi Ngủ Sớm,14800,15000,1,0.0,0,0,"Sirilak Rattanasuwaj, Kannawan Pannawan",Đinh Tị,Nhà Xuất Bản Phụ Nữ Việt Nam,,Bìa mềm,16.0,,Play With Me,available,1000,True,True,True
278117304,Sách - Combo 4 Cuốn Bách Khoa Toàn Thư Về Giáo Dục Sớm - Dành Cho Bé 0-3 Tuổi,280000,280000,0,0.0,0,0,,Công ty TNHH Tiên Phong Books,Nhà Xuất Bản Hà Nội,,Bìa mềm,,,Tiên Phong Books Store,available,1000,True,True,True
278115787,Sách - Bách Khoa Toàn Thư Vui Nhộn - Học Cách Đối Mặt Với Thất Bại - NXB Dân Trí,198000,198000,0,0.0,0,1,,Công ty TNHH Tiên Phong Books,Nhà Xuất Bản Dân Trí,,Bìa mềm,,,Tiên Phong Books Việt Nam,available,1000,True,True,True
278076172,Sách - Giàu Hay Nghèo Không Bằng Có Học Thức - Chấp Nhận Sự Không Hoàn Hảo Của Con Trẻ,198000,198000,0,0.0,0,0,,Công ty TNHH Tiên Phong Books,Nhà Xuất Bản Dân Trí,,Bìa mềm,,,Tiên Phong Books Store,available,1000,True,True,True
277370120,"Combo Sách ""Who Is - Là Ai"" - Mang Các Con Khám Phá Bảo Tàng - Chân Dung Những Vĩ Nhân Đã Làm Thay Đổi Thế Giới: Anne Frank + Bill Gates + Claude Monet + Neil Armstrong + Steve Jobs + Walt Disney + Albert Einstein",896000,1121000,20,0.0,0,0,,Alpha Books,Nhiều Nhà Xuất Bản,,,,,Alpha Books Official,available,1000,True,True,True
276831776,Kích Thích Thị Giác Black And White 2 (Dành Cho Trẻ 0-3 Tuổi),86000,86000,0,0.0,0,0,Hoàng Tú,Gieobooks,Nhà Xuất Bản Phụ Nữ Việt Nam,,Bìa mềm,12.0,,Tazano Official Store,available,1000,True,True,True
275186973,Sách Khám Phá Khoa Học Dành Cho Thiếu Nhi: Combo Nhật Kí Đi Học Của Mike (Trọn Bộ 4 Tập): Bị Cho Thôi Học+ Bất Ngờ Sau Giờ Học+Cô Giáo Đặc Biệt+Người Bạn Mới,162500,162500,0,0.0,0,0,,Minh Long,Nhà Xuất Bản Phụ Nữ,,,,,AHABOOKS,available,1000,True,True,True
275113453,100 Từ Vựng Tiếng Anh Theo Chủ Đề Cho Bé,89000,89000,0,0.0,0,0,,Công ty TNHH Thương mại và Dịch vụ Văn hóa Hà Nội,Nhà Xuất Bản Mỹ Thuật,,Bìa cứng,30.0,2024-05-25,Tazano Official Store,available,1000,True,True,True
273880512,15 Bí Kíp Giúp Tớ An Toàn: Cẩm Nang Phòng Tránh Xâm Hại Trẻ Em (Tái Bản 2023),50000,50000,0,0.0,0,0,Nguyễn Hương Linh,Công ty TNHH Tazano,Nhà Xuất Bản Kim Đồng,,Bìa mềm,64.0,2024-01-07,Tazano Official Store,available,1000,True,True,True
273713387,Bộ Cơ Thể Người Vui Nhộn: Trái Tim Tươi Vui Và Hệ Tuần Hoàn  - Bản Quyền,65000,65000,0,0.0,0,0,,Alphabooks,NXB Dân Trí,,,,,Gooda Official,available,1000,True,True,True
273680274,Đại dương - Thuyết minh trực quan nhất về đại dương,999000,999000,0,0.0,0,0,nhieu tac gia,Alpha Books,Nhà Xuất Bản Dân Trí,,Bìa cứng,582.0,2019-12-17,HỆ THỐNG NHÀ SÁCH ABC,available,1000,True,True,True
273254486,10 Vạn Câu Hỏi Vì Sao - Trọn bộ 5 tập (Phiên bản Mới nhất),320000,320000,0,5.0,3,34,,CÔNG TY TNHH IN VÀ TM TUẤN VIỆT,Nhà Xuất Bản Hà Nội,,Bìa mềm,120.0,2023-11-06,TUANVIET BOOKS Official Store,available,1000,True,True,True
272478341,Sách chuyển động - First stories - Công chúa tóc mây - Rapunzel,119000,119000,0,0.0,0,0,,Đinh Tị,Nhà Xuất Bản Thanh Niên,,,,,AHABOOKS,available,1000,True,True,True
272307259,"Vừa mềm, vừa dẻo – Bé ơi, đừng ăn nhiều bột mì!",59000,59000,0,0.0,0,0,,Thái Hà,Nhà Xuất Bản Công Thương,,,,,info book,available,1000,True,True,True
270787463,Kim Đồng - Những cánh chim hoang dã - 45 loài chim đẹp Việt Nam,105000,105000,0,0.0,0,0,,Nhà Xuất Bản Kim Đồng,Nhà Xuất Bản Kim Đồng,,,,,Nhà Sách Vĩnh Thụy,available,1000,True,True,True
270470927,Combo 5 Cuốn Rèn Luyện Kỹ Năng Sống Cho Học Sinh (Tái Bản) - Bản Quyền,506000,506000,0,0.0,0,0,,minhlongbook,Nhà Xuất Bản Đại Học Quốc Gia Hà Nội,,,,,Nhà Sách Vĩnh Thụy,available,1000,True,True,True
263972722,Theo Chân Người Tí Hon - Khám Phá Trái Đất,169000,169000,0,0.0,0,0,nhieu tac gia,Thái Hà,Nhà Xuất Bản Lao Động,,Bìa mềm,80.0,2023-06-30,Bamboo Books,available,1000,True,True,True
262061130,Lược Sử Vạn Vật (Phiên Bản Dành Cho Nhà Khoa Học Nhí) - Bản Quyền,350000,350000,0,0.0,0,0,,Alphabooks,Nhà Xuất Bản Dân Trí,,,,,HỆ THỐNG NHÀ SÁCH ABC,available,1000,True,True,True
260924934,Tri Thức Kinh Điển Bằng Tranh - Nguồn Gốc Các Loài,269000,269000,0,0.0,0,0,,Alphabooks,Nhà Xuất Bản Dân Trí,,,,,HỆ THỐNG NHÀ SÁCH ABC,available,1000,True,True,True
259542760,Thức dậy nào! Thức dậy nào! - Ehon Nhật Bản dành cho trẻ từ 2 tuổi. - Bản Quyền,39000,39000,0,0.0,0,0,,Wabooks,Nhà Xuất Bản Lao Động - Xã Hội,,,,,Gooda Official,available,1000,True,True,True
252635444,Combo  Sách Thiếu Nhi ( Bộ 7 cuốn) Vì sao? Như Thế nào :Khoa học+ Năng lượng+ Sinh Thái+ Không gian+ Thời trung cố+ Động vật Và Biển( Tặng kèm sổ tay xương rồng ),693000,693000,0,0.0,0,2,,Công Ty Cổ Phần Văn Hóa Đông A,Nhà Xuất Bản Dân Trí,,Bìa mềm,,,NHBook,available,1000,True,True,True
247705866,TỪ PHẪN NỘ TỚI CAN ĐẢM - Anne Firth Murray,259000,259000,0,0.0,0,0,,Công ty TNHH Truyền Thông và Giáo Dục Lyceum,Nhà Xuất Bản Phụ Nữ Việt Nam,,Bìa mềm,385.0,2023-03-15,SÁCH ĐẠI NAM,available,1000,True,True,True
213465498,"Sách Những Bộ Óc Vĩ Đại - Bác Học ""Hấp Dẫn"" Newton (Tái bản năm 2021)",65000,65000,0,0.0,0,0,Jun Minhee,Phương Nam Book,Nhà Xuất Bản Dân Trí,,Bìa mềm,49.0,,info book,available,1000,True,True,True
209280380,Sách Chân Dung Những Người Làm Thay Đổi Thế Giới-Albert Einstein là ai? - Alphabooks - BẢN QUYỀN,59000,59000,0,0.0,0,0,,Alphabooks,NXB Dân Trí,,,,,Nhà Sách Vĩnh Thụy,available,1000,True,True,True
208406336,Sách Hiểu Về Cảm Xúc Và Hành Vi Của Trẻ - Con Chẳng Vui Tí Nào! - Alphabooks - BẢN QUYỀN,49000,49000,0,0.0,0,0,,Alphabooks,NXB Dân Trí,,,,,Nhà Sách Vĩnh Thụy,available,1000,True,True,True
192303652,Sách Atlas Động Vật – Khám Phá Thế Giới Động Vật (6 tuổi trở lên) – Đinh Tị,199000,199000,0,4.8,8,36,Tomáš Tůma,Đinh Tị,Nhà Xuất Bản Thanh Niên,,Bìa cứng,42.0,,KN Toys Shop,available,1000,True,True,True
179913003,Sách Bách Khoa Tri Thức Cho Trẻ Em - Khám Phá Và Sáng Tạo,450000,450000,0,0.0,0,0,Kingfisher,Nhà Xuất Bản Đại Học Quốc Gia Hà Nội,Nhà Xuất Bản Đại Học Quốc Gia Hà Nội,,Bìa cứng,320.0,,FishingBook,available,1000,True,True,True
136590598,BỘ SÁCH STEAM ENGLISH,414000,414000,0,0.0,0,0,,1980 Books,Nhiều Nhà Xuất Bản,,,,,Nhà Sách Vĩnh Thụy,available,1000,True,True,True
103369173,Những Tù Nhân Của Địa Lí - Khám Phá Sự Vận Hành Của Thế Giới Qua Những Tấm Bản Đồ - Phiên Bản Minh Hoạ Màu Dành Cho Độc Giả Trẻ,230000,230000,0,0.0,0,0,Nguyễn Xuân Hồng,Kim Đồng,Nhà Xuất Bản Kim Đồng,,Bìa cứng,77.0,2021-04-27,Nhà Sách Vĩnh Thụy,available,1000,True,True,True
101650365,Combo Bộ Sách Chân Dung Những Người Thay Đổi Thế Giới,686000,686000,0,5.0,1,4,nhieu tac gia,Alphabooks,NXB Dân Trí,,Bìa mềm,,,info book,available,1000,True,True,True
71072207,Combo Trọn Bộ 4 Quyển: Bách Khoa Toàn Thư Về Các Loại Ô Tô - 1000 Miếng Dán Hình Thông Minh,258250,258250,0,0.0,0,2,Phan Minh Đạo,Nhà sách Minh Thắng,Nhà Xuất Bản Mỹ Thuật,,Bìa mềm,192.0,2020-09-01,Phương Đông Books,available,1000,True,True,True
56215730,Combo Sách Dành Cho Trẻ Tìm Hiểu Về Thế Giới: Quyển Sách Khổng Lồ Về Khoa Học Thường Thức + Quyển Sách Khổng Lồ Về Các Thành Phố + Poster An Toàn Cho Con Yêu (Sách Thiếu Nhi Khám Phá Thế Giới Xung Quanh),424500,424500,0,0.0,0,2,"Eiichiro Oda, Nhiều người",Đinh Tị,Nhà Xuất Bản Thanh Niên,,Bìa mềm,,,AHABOOKS,available,1000,True,False,True
55119737,Sách - Câu đố Việt Nam - Hà Vượng (B89) - ndbooks,66750,89000,25,0.0,0,9,,CÔNG TY TNHH THƯƠNG MẠI SÁCH NHÂN DÂN,Nhà Xuất Bản Mỹ Thuật,,Bìa mềm,200.0,,SÁCH NHÂN DÂN - ndbooks,available,1000,True,True,True
20673379,Combo Bé Ngoan Rèn Thói Quen Tốt: Học Cách Tập Trung + Học Cách Kiên Trì + Học Cách Nhẫn Nại (Tặng kèm bookmark Happy Life) ,114000,114000,0,0.0,0,10,Eric Liao,Kim Đồng,Nhà Xuất Bản Kim Đồng,,Bìa mềm,,,NHBook,available,1000,True,True,True
17028689,Combo Bách Khoa Zhishang Mofang Để Có Một Cơ Thể Khỏe Mạnh: Rèn Luyện Sức Khỏe + Phòng Ngừa Dịch Bệnh + Diệt Trừ Sâu Răng + Học Cách Ăn Uống + Tăng Cường Khả Năng Miễn Dịch + Bảo Vệ Đôi Mắt (Tặng kèm bookmark Phương Đông Books),290250,290250,0,5.0,1,4,Zhishang Mofang,Nhà Xuất Bản Kim Đồng,,,Bìa mềm,,,Phương Đông Books,available,1000,True,True,True
16463347,Combo 100 Bí Ẩn Đáng Kinh Ngạc Về: Khoa Học + Vũ Trụ (Tặng Bookmark Thiết Kế),191350,191350,0,4.7,18,103,.,Đinh Tị,Nhiều Nhà Xuất Bản,,,128.0,,AHABOOKS,available,1000,True,True,True
1011395,Combo Phát Triển Khả Năng ( Trọn Bộ 4 Tập ),220000,220000,0,5.0,1,3,Tiểu Hồng Hoa,Phụ Nữ,Nhà Xuất Bản Phụ Nữ,,Bìa mềm,96.0,2017-12-19,Nhà Sách Vĩnh Thụy,available,1000,True,True,True
709350,Combo Lift-The-Flap - Lật Mở Khám Phá - First 100 Animals Và First 100 Numbers,250500,250500,0,0.0,0,15,"Linh Chi, Quỳnh Rùa",Đinh Tị,,,Bìa cứng,,2017-07-06,Phương Đông Books,available,1000,True,True,True
562603,Cuốn Sách Pháp Thuật - 30 Thí Nghiệm Để Trở Thành Nhà Bác Học Vô Song (Tái Bản 2017),150000,150000,0,0.0,0,0,Stephane Hurtrez,Nhà Xuất Bản Kim Đồng,Nhà Xuất Bản Kim Đồng,,Bìa mềm,156.0,2016-12-05,Nhà Sách Vĩnh Thụy,available,1000,True,True,True
278602038,Sách Làm Việc Nhà Thật Vui,53200,56000,5,0.0,0,0,"Cơ quan Nghiên cứu Giáo dục Gia đình Nhật Bản, Ohashi Keiko",Nhà Xuất Bản Kim Đồng,Nhà Xuất Bản Kim Đồng,,Bìa mềm,40.0,,Tiki Trading,available,1000,False,True,True
278138453,Sách Trẻ “Biết Tuốt” Vững Tin Vào Lớp 1,54700,69000,21,0.0,0,0,Nhiều tác giả,Đinh Tị,Nhà Xuất Bản Hà Nội,,Bìa mềm,60.0,,Tiki Trading,available,1000,True,True,True
277923621,Truyện Tranh Đọc Bằng Hình Ảnh - Những Câu Chuyên Ngụ Ngôn Aesop Đặc Sắc - Tập 1 (VT),75440,92000,18,0.0,0,0,,Cty Văn Hóa Việt Thư,Nhà Xuất Bản Phụ Nữ Việt Nam,,,,,Minh Khang Books,available,1000,True,True,True
277043571,Sách- Những bí ẩn về Vật Lý trong bộ 10 Vạn Câu Hỏi Vì Sao - Tủ sách Em yêu Khoa học (Phiên bản mới nhất),46400,58000,20,0.0,0,0,Trần Văn Hải,CÔNG TY TNHH IN VÀ TM TUẤN VIỆT,Nhà Xuất Bản Hà Nội,,Bìa mềm,120.0,,Xưởng in sách mầm non,available,1000,True,True,True
276798996,"Sách cho bé - Vòng Đời Kỳ Diệu - Sâu Nhỏ Hoá Bướm - Sách tranh, lật mở bông hoa - Khám phá tự nhiên",62560,68000,8,0.0,0,0,,Vizibook,Nhà Xuất Bản Phụ Nữ Việt Nam,,Bìa mềm,20.0,2023-06-01,Vizibook,available,1000,True,True,True
276744405,Ghép Hình Sáng Tạo: Thiên Nhiên (Giúp Bé Phát Triển Trí Thông Minh Và Tư Duy Sáng Tạo),115000,115000,0,0.0,0,0,,Gieobooks,Nhà Xuất Bản Mỹ Thuật,,Bìa cứng,8.0,2024-12-07,Tazano Official Store,available,1000,True,True,True
275215418,Sách - Luyện kỹ năng dùng kéo thuần thục và an toàn - Cho trẻ từ 3 - 6 tuổi - Đinh Tị Books,46900,58000,19,0.0,0,0,,Đinh Tị,Nhà Xuất Bản Hà Nội,,Bìa mềm,32.0,,Mộc Nhiên Kids Store,available,1000,True,True,True
274360488,Trồng một nụ cười : Cùng trẻ thực hành chánh niệm,199000,199000,0,0.0,0,0,,Thái Hà,Nhà Xuất Bản Hà Nội,,,,,Casa Sunshine,available,1000,True,True,True
274032086,Những Sinh Vật Huyền Thoại: Thế Giới Bí Ẩn Của Loài Rồng,90000,90000,0,0.0,0,1,"Giáo sư Zoya Agnis, Alexander Utkin",Kim Đồng,Nhà Xuất Bản Kim Đồng,,Bìa mềm,60.0,,Bamboo Books,available,1000,True,True,True
273046149,Sách - Thế Giới Trong Tay Em - Sự Sinh Trưởng Của Vạn Vật,48000,48000,0,0.0,0,0,,Đinh Tị,Nhà Xuất Bản Thanh Niên,,,,,Bamboo Books,available,1000,True,True,True
272991333,Sách Thiếu Nhi Khám Phá và Thực Hành STEAM Qua Tác Phẩm Kinh Điển - Đinh Tị Books,128000,128000,0,0.0,0,1,,Đinh Tị,Nhà Xuất Bản Thanh Niên,,Bìa mềm,144.0,,KN Toys Shop,available,1000,True,True,True
272443401,TẤT TẦN TẬT VỀ TRỨNG,145000,145000,0,0.0,0,0,,Huy Hoàng Bookstore,Nhà Xuất Bản Bách Khoa Hà Nội,,,,,Bamboo Books,available,1000,True,True,True
272307355,AI 2041 - 10 viễn cảnh cho tương lai - Bản Quyền,298000,298000,0,0.0,0,0,,Sách điện tử Saigon Books,Nhà Xuất Bản Thế Giới,,,,,info book,available,1000,True,True,True
271365369,"(Bìa Cứng) Sáng Tác Kịch Bản Của Bạn - Andy Prentice, Matthew Oldham - Vi Hạ dịch - (bìa mềm)",220000,220000,0,0.0,0,0,"Matthew Oldham, Andy Prentice",Đông A,Nhà Xuất Bản Tổng hợp TP.HCM,,Bìa mềm,96.0,2023-08-01,Bamboo Books,available,1000,True,True,True
270794211,Sách - 4000 từ vựng và mẫu câu tiếng Anh thiết yếu cho trẻ em - Song ngữ Việt Anh cho trẻ từ 4 tuổi - Đinh Tị Books,250000,250000,0,0.0,0,1,nhieu tac gia,Đinh Tị,nxb thanh nien,,Bìa mềm,356.0,,Bamboo Books,available,1000,True,True,True
270470162,Lược Sử Thế Giới Bằng Tranh - Tập 2 - Hy Lạp và La Mã cổ đại,60000,60000,0,0.0,0,5,Li Zheng,Nhà Xuất Bản Kim Đồng,Nhà Xuất Bản Kim Đồng,,Bìa mềm,156.0,,Bamboo Books,available,1000,True,True,True
252311553,Classroom Mathematics Workbook 3B - Học Kỳ 2,50000,50000,0,0.0,0,0,,Sách điện tử Thái Hà,Nhiều Nhà Xuất Bản,,,,,Bamboo Books,available,1000,True,True,True
249660405,Classroom Mathematics Workbook 3B - Học Kỳ 2,50000,50000,0,0.0,0,0,,Sách điện tử Thái Hà,Nhiều Nhà Xuất Bản,,,,,Bamboo Books,available,1000,True,True,True
249347909,Classroom Mathematics Workbook 2A - Học Kỳ 1,63000,63000,0,0.0,0,0,,Sách điện tử Thái Hà,Nhiều Nhà Xuất Bản,,,,,Bamboo Books,available,1000,True,True,True
207360812,Bộ 4 Cuốn Tăng Cường Não Bộ Để Đạt IQ Vượt Trội,220000,220000,0,0.0,0,0,Ban Biên tập MIS,Đinh Tị,Nhà Xuất Bản Thanh Niên,,,,,Bamboo Books,available,1000,True,True,True
204414535,Sách - combo 9 Quyển Từ Điển Bằng Hình Đầu Tiên Của Bé Từ 0-6 tuổi - Song Ngữ Anh- Việt (Các trang đều là Bìa Cứng - màu vàng ),252000,252000,0,5.0,1,9,Song Nghi,Công Ty TNHH Văn Hóa Việt Thư,Nhà Xuất Bản Phụ Nữ,,,16.0,,Bảo Châu Books,available,1000,True,True,True
199972958,Sách - Chữa Lành Bằng Âm Thanh - What is Sound Healing? (VL),85000,85000,0,0.0,0,0,,Cty Văn Hóa Văn Lang,Nhà Xuất Bản Đại Học Quốc Gia Hà Nội,,Bìa cứng,247.0,2022-10-05,Bamboo Books,available,1000,True,True,True
197655395,Combo Nghệ Thuật Dành Cho Thiếu Nhi : Bách Khoa Thư Về Nghệ Thuật +Tớ Cũng Là Danh Họa + Một Ngày Kỳ Lạ Ở Phòng Tranh,757000,757000,0,0.0,0,0,,Alphabooks,NXB Dân Trí,,,,,HỆ THỐNG NHÀ SÁCH ABC,available,1000,True,True,True
191808476,Khủng Hoảng Vũ Trụ,129000,129000,0,0.0,0,0,,Thái Hà,oem,,Bìa mềm,,,Bamboo Books,available,1000,True,False,True
189558604,Truyện Tranh Tri Thức Khoa Học - Khủng hoảng về điện,129000,129000,0,0.0,0,0,"Yasunari ESHI, Noriaki NAGAI",Thái Hà,Nhà Xuất Bản Hà Nội,,Bìa mềm,,,info book,available,1000,True,True,True
186599551,[BÁCH KHOA CHO TRẺ EM] – BÁCH KHOA ĐẦU TIÊN – MỞ MANG KIẾN THỨC KHƠI DẬY TIỀM NĂNG– tủ sách DK – Đông A – Bìa Cứng in màu toàn bộ,180000,180000,0,0.0,0,0,DK,Đông A,Nhà Xuất Bản Dân Trí,,Bìa cứng,160.0,,Nhà Sách Vĩnh Thụy,available,1000,True,True,True
177886499,Sử Ký Giáo Khoa Thư (Lớp Sơ Đẳng),58000,58000,0,0.0,0,1,"Nguyễn Văn Ngọc, Trần Trọng Kim, Đặng Đình Phúc, Đỗ Thận",Công ty cổ phần Đầu tư và Phát triển Giáo dục Hà Nội,Nhà Xuất Bản Kim Đồng,,Bìa mềm,105.0,2021-07-20,Bamboo Books,available,1000,True,True,True
177280233,National Geographic Kids - Điều Gì Sẽ Xảy Ra?,219000,219000,0,0.0,0,0,,Nhà Xuất Bản Đại Học Quốc Gia Hà Nội,Nhà Xuất Bản Đại Học Quốc Gia Hà Nội,,,,,Bamboo Books,available,1000,True,True,True
169818712,Tìm Kiếm Thông Minh - Phát Triển Khả Năng Tập Trung - Thế Giới Động Vật,42000,42000,0,0.0,0,1,,Công Ty Cổ Phần Văn Hóa Pingbooks,oem,,,,,Happy Kids books,available,1000,True,False,True
115754241,Combo 5 cuốn Các Nền Văn Minh Thế Giới,600000,600000,0,0.0,0,0,.,Công Ty Cổ Phần Văn Hóa Đông A,Nhà Xuất Bản Dân Trí,,,,,Bamboo Books,available,1000,True,True,True
71072213,Bộ Sách Tự Xóa Thông Minh - Bé Tập Tô Nét (3-5 Tuổi)-Tặng Kèm Bút,44500,89000,50,0.0,0,2,.,Tân Việt,Nhà Xuất Bản Thông Tấn,,Bìa cứng,26.0,2020-10-01,NHBook,available,1000,True,True,True
31207240,Bách Khoa Thư Thế Hệ Mới (Quà Tặng TickBook Sinh Động),299000,299000,0,0.0,0,0,,Alphabooks,,,Bìa mềm,182.0,,HỆ THỐNG NHÀ SÁCH ABC,available,1000,True,False,True
11255075,Who? Chuyện Kể Về Danh Nhân Thế Giới: Martin Luther King (Tái Bản 2019),55000,55000,0,0.0,0,2,"ChungBe Studios, Hyungmo, Ahn",Nhà Xuất Bản Kim Đồng,Nhà Xuất Bản Kim Đồng,,Bìa mềm,192.0,2019-03-01,HaAnBooks,available,1000,True,True,True
1535019,Sách Chỉ Số Thông Minh IQ - Phát Triển Chỉ Số Thông Minh - Miếng Dán Thần Kì - Từ 4 Đến 5 Tuổi (Tái Bản),50000,50000,0,0.0,0,0,,Công Ty Cổ Phần Văn Hóa Đông A,Nhà Xuất Bản Dân Trí,,Bìa mềm,,2018-01-01,AHABOOKS,available,1000,True,True,True
1229195,Combo Phát Triển Khả Năng Trí Tuệ Của Trẻ Qua Trò Chơi Dán Hình (Dành Cho Trẻ 4-6 Tuổi) - Trọn Bộ 4 Cuốn,220000,220000,0,5.0,1,18,Tiểu Hồng Hoa,Phụ Nữ,Nhà Xuất Bản Phụ Nữ,,Bìa mềm,,2017-01-01,Nhà Sách Vĩnh Thụy,available,1000,True,True,True
474165,Sách Chỉ Số Cảm Xúc EQ - Phát Triển Chỉ Số Cảm Xúc- Miếng Dán Thần Kì - 4 Đến 5 Tuổi (Tái Bản),50000,50000,0,0.0,0,1,,Công Ty Cổ Phần Văn Hóa Đông A,Nhà Xuất Bản Dân Trí,,Bìa mềm,25.0,2016-02-23,AHABOOKS,available,1000,True,True,True
470818,"Sách Từ Điển Bằng Hình: Hoa, Quả, Rau Củ (Tái Bản)",90000,90000,0,0.0,0,0,Tịnh Lâm,Nhà Xuất Bản Kim Đồng,Nhà Xuất Bản Kim Đồng,,Bìa mềm,32.0,2016-01-25,Bamboo Books,available,1000,True,True,True
440743,Sách Vì Sao? Như Thế Nào? - Sinh Thái,99000,99000,0,0.0,0,0,Fleurus,Công Ty Cổ Phần Văn Hóa Đông A,Nhà Xuất Bản Dân Trí,,Bìa mềm,121.0,2015-07-07,Bamboo Books,available,1000,True,True,True
414698,Sách Cẩm Nang Sinh Hoạt Bằng Tranh Cho Bé (Trọn Bộ 4 Cuốn),144000,144000,0,0.0,0,2,.,Nhà Xuất Bản Kim Đồng,Nhà Xuất Bản Kim Đồng,,Bìa mềm,50.0,2014-10-25,Nhà Sách Vĩnh Thụy,available,1000,True,True,True
355096,Sách Vì Sao? Như Thế Nào? Thế Giới Tự Nhiên,99000,99000,0,0.0,0,0,,Công Ty Cổ Phần Văn Hóa Đông A,Nhà Xuất Bản Dân Trí,,Bìa mềm,128.0,2012-01-01,Bamboo Books,available,1000,True,True,True
