id,name,price,list_price,discount_rate,rating_average,review_count,all_time_quantity_sold,authors,publisher_vn,manufacturer,isbn13,book_cover,number_of_page,publication_date,current_seller_name,inventory_status,stock,has_freeship,is_authentic,has_return_policy
210277880,Sách Con người và Biểu tượng - Man and his symbols,346500,450000,23,4.8,229,2686,Carl Gustav Jung,Nhã Nam,Nhà Xuất Bản Thế Giới,,Bìa cứng,522,2022-12-01,Tiki Trading,available,1000,False,True,True
279189418,Sách Cảo thơm. Đại Nam kỳ nhân liệt truyện (bìa cứng),159000,205000,22,5.0,5,33,"Lê Quý Đôn, Vũ Nguyên Hanh",NXB Trẻ,NXB Trẻ,,Bìa cứng,180,2026-02-10,Tiki Trading,available,1000,False,True,True
276107155,Sách Lịch sử Việt Nam bằng hình - Gần 2000 minh họa tranh ảnh và bản đồ,752000,900000,16,4.8,50,411,Đông A,Đông A,Nhà Xuất Bản Đại Học Sư Phạm,,Bìa cứng,660,,Tiki Trading,available,1000,False,True,True
277923330,Sách Các triều đại Việt Nam,97000,138000,30,4.8,5,89,"Quỳnh Cư, Đỗ Đức Hùng",Huy Hoàng Bookstore,Nhà Xuất Bản Phụ Nữ,,Bìa mềm,420,2025-05-05,Tiki Trading,available,1000,False,True,True
276931151,Sách Lịch Sử Cơ Độc Giáo,195600,268000,27,3.5,2,53,Trịnh Vĩnh Thường,Alphabooks,Nhà Xuất Bản Hồng Đức,,Bìa mềm tay gấp,468,,Tiki Trading,available,1000,False,True,True
275015938,Bộ Sách Chuyện Hay Sử Việt,54100,60000,10,5.0,1,23,"Nguyễn Như Mai, Nguyễn Quốc Tín, Nguyễn Huy Thắng",NXB Kim Đồng,Nhà Xuất Bản Kim Đồng,,Bìa mềm,116,2024-05-05,Tiki Trading,available,1000,False,True,True
279259031,"Sách Hiệp Định Paris - Thắng Lợi Của Ý Chí Độc Lập, Tự Chủ Và Chính Nghĩa Việt Nam - Nguyễn Thị Bình",147900,199000,26,0.0,0,6,Nguyễn Thị Bình,Omega Plus,Nhà Xuất Bản Chính Trị Quốc Gia Sự Thật,,Bìa mềm tay gấp,239,2026-03-22,Tiki Trading,available,1000,False,True,True
279189416,Sách Cảo thơm. Đại Việt thông sử (Bìa cứng),332000,430000,23,4.3,6,52,Lê Quý Đôn,NXB Trẻ,NXB Trẻ,,Bìa cứng,744,2026-02-10,Tiki Trading,available,1000,False,True,True
253366281,Sách Người Việt Gọi Tôi Là Cha Đắc Lộ - Hành Trình Sáng Tạo Chữ Quốc Ngữ,83000,105000,21,5.0,11,248,"Tạ Huy Long, Phạm Thị Kiều Ly",Kim Đồng,Nhà Xuất Bản Kim Đồng,,Bìa mềm,128,2023-04-30,Tiki Trading,available,1000,False,True,True
278809645,Rồng đen voi đỏ,125000,160000,22,5.0,1,9,Võ Phúc Toàn,Nhà xuất bản Tổng hợp TP.HCM ,Nhà Xuất Bản Tổng hợp TP.HCM,,Bìa mềm,280,2025-10-26,Tiki Trading,available,1000,False,True,True
279257712,[Tủ sách Thanh Niên] DẤU CHÂN NGƯỜI LÍNH – Nguyễn Minh Châu – NXB Kim Đồng,165000,165000,0,0.0,0,1,Nguyễn Minh Châu,Kim Đồng,Nhà Xuất Bản Kim Đồng,,Bìa mềm,380,,BÌNH BÁN BOOK,available,1000,True,True,True
275611539,Sách Những mảnh ký ức 1979-1989 - Chuyện kể từ biên giới phía Bắc,251000,335000,25,5.0,7,135,"Hà Hương, Đào Thanh Huyền, Phạm Hoài Thanh",NXB Trẻ,NXB Trẻ,,Bìa mềm,290,2024-07-16,Tiki Trading,available,1000,False,True,True
274728364,Sách Đại Việt Sử Ký Toàn Thư,176000,275000,36,4.8,118,626,"Đào Duy Anh, Cao Huy Giu",Nhà sách Minh Thắng,Nhà Xuất Bản Hồng Đức,,Bìa cứng,1284,2022-03-03,Tiki Trading,available,1000,False,True,True
272353239,Sách Tang lễ của người An Nam – Nghiên cứu dân tộc học về tín ngưỡng cổ truyền,273350,355000,23,5.0,18,235,Gustave Dumoutier,Nhã Nam,Nhà Xuất Bản Thế Giới,,Bìa cứng,412,,Tiki Trading,available,1000,False,True,True
279093674,Sách HỌ VÀ TÊN (Một lịch sử nhìn từ danh tính người Việt),263200,329000,20,5.0,3,47,Trần Quang Đức,Nhã Nam,Nhà Xuất Bản Thế Giới,,Bìa mềm,,,Tiki Trading,available,1000,False,True,True
278474664,Sách Hồ Chí Minh - Tiểu Sử Bằng Hình (Gần 700 Tranh Ảnh Và Bản Đồ),567000,680000,17,5.0,3,92,Đông A Biên Soạn,Đông A,Nhà Xuất Bản Đại Học Sư Phạm,,Bìa cứng,324,,Tiki Trading,available,1000,False,True,True
253396846,Sách Di sản Hồ Chí Minh. Bác Hồ với việc đọc và tự học,59000,80000,26,5.0,9,133,Vũ Dương Thúy Ngà,NXB Trẻ,NXB Trẻ,,Bìa mềm,176,2023-04-18,Tiki Trading,available,1000,False,True,True
278637446,Sách Vương Hồng Sển - Tả Quân Lê Và Tuồng San Hậu - Di Cảo (Bìa Cứng),138000,190000,27,4.8,5,71,Vương Hồng Sển,NXB Trẻ,NXB Trẻ,,Bìa cứng,180,2025-09-26,Tiki Trading,available,1000,False,True,True
277348449,MƯA ĐỎ - Chu Lai - Vietnambook,153750,205000,25,0.0,0,7,Chu Lai,VIETNAMBOOK,Nhà Xuất Bản Quân Đội Nhân Dân,,Bìa mềm,,,Tiki Trading,available,1000,False,True,True
278749486,Sách Ngàn Năm Áo Mũ - Ấn Bản Đặc Biệt 20 Năm Thành Lập Nhã Nam - Bìa Cứng,495200,619000,20,5.0,1,31,Trần Quang Đức,Nhã Nam,Nhà Xuất Bản Thế Giới,,Bìa cứng,400,,Tiki Trading,available,1000,False,True,True
276074174,Bộ sách Hỏi đáp lịch sử Việt Nam (Từ khởi thủy đến nay) Combo 10 cuốn và lẻ,99000,130000,24,5.0,7,80,Nhóm Nhân Văn Trẻ,NXB Trẻ,NXB Trẻ,,Bìa mềm,288,2024-08-29,Tiki Trading,available,1000,False,True,True
278990546,Hoành Sơn Một Dải,157000,180000,13,5.0,1,22,Tô Như,Tao Đàn,Nhà Xuất Bản Hội Nhà Văn,,Bìa mềm tay gấp,284,2025-12-19,Tiki Trading,available,1000,False,True,True
277808996,Sách Toán học - Khái lược những tư tưởng lớn,369000,450000,18,5.0,4,75,DK,Công Ty Cổ Phần Văn Hóa Đông A,Nhà Xuất Bản Dân Trí,,Bìa cứng,352,2025-04-25,Tiki Trading,available,1000,False,True,True
102440084,Sách Lịch Sử Nước Ta (Bài Diễn Ca Lịch Sử Nước Ta Bằng Thể Thơ Lục Bác).DSHCM,58000,80000,28,4.8,17,167,Hồ Chí Minh,NXB Trẻ,NXB Trẻ,,Bìa mềm,112,2021-06-01,Tiki Trading,available,1000,False,True,True
275101645,"Sách Di sản Hồ Chí Minh. Bác Hồ với thiếu niên, nhi đồng",42000,50000,16,5.0,1,39,Nhiều tác giả,NXB Trẻ,NXB Trẻ,,Bìa mềm,128,2024-05-24,Tiki Trading,available,1000,False,True,True
263389178,Sách Di sản Hồ Chí Minh. Nguyễn Ái Quốc và vụ án Hồng Kông năm 1931,59000,70000,16,5.0,4,36,Nguyễn Văn Khoan,NXB Trẻ,NXB Trẻ,,Bìa mềm,160,2023-06-26,Tiki Trading,available,1000,False,True,True
275332762,Sách Lịch Sử Chữ Quốc Ngữ,182300,268000,32,5.0,42,417,Phạm Thị Kiều Ly,Alphabooks,Nhà Xuất Bản Văn Học,,Bìa mềm tay gấp,432,2024-06-08,Tiki Trading,available,1000,False,True,True
278904275,Việt Nam - Những Tiếng Vọng Từ Quá Khứ,116500,155000,25,5.0,3,49,nhieu tac gia,Omega Plus,Nhà Xuất Bản Thế Giới,,Bìa mềm,268,2025-11-29,Tiki Trading,available,1000,False,True,True
274160592,Sách Di sản Hồ Chí Minh: Học Bác lòng ta trong sáng hơn,79000,95000,17,5.0,1,22,Nguyễn Minh Hải,NXB Trẻ,NXB Trẻ,,Bìa mềm,248,2024-02-13,Tiki Trading,available,1000,False,True,True
277397097,Sách Chuyên đề Hiểu Việt Nam số 2,180000,250000,28,5.0,7,77,Nhiều tác giả,Tao Đàn,Nhà Xuất Bản Hội Nhà Văn,,Bìa mềm,336,2025-02-25,Tiki Trading,available,1000,False,True,True
279131031, Sách : 5 ĐƯỜNG MÒN HỒ CHÍ MINH – ĐẶNG PHONG,229000,229000,0,0.0,0,4,Đặng Phong,Công ty Cổ phần phân phối và phát hành sách miền Trung,Nhà Xuất Bản Tri Thức,,Bìa mềm,,,Sách Miền Trung,available,1000,True,True,True
274353338,Sách BIẾM HỌA TRÊN BÁO CHÍ SÀI GÒN TRƯỚC 1975,334000,449000,26,5.0,1,7,Phạm Công Luận,Công ty TNHH Bán Lẻ Phương Nam,Nhà Xuất Bản Thế Giới,,Bìa mềm,216,2024-02-01,Tiki Trading,available,1000,False,True,True
19588948,Sách Tâm Lý Dân Tộc An Nam,98100,109000,10,4.8,29,228,Paul Giran,Omega Plus,,,Bìa mềm,200,2019-06-01,Nhà sách Fahasa,available,1000,True,True,True
581983,Sách Việt Nam Sử Lược (Bản Đặc Biệt - Ấn Bản Kỉ Niệm 60 Năm NXB Kim Đồng),243000,250000,3,4.8,569,4731,Trần Trọng Kim,NXB Kim Đồng,Nhà Xuất Bản Kim Đồng,,Bìa cứng,620,2017-01-01,Tiki Trading,available,1000,False,True,True
270684087,Sách Di sản Hồ Chí Minh. Việt Nam đẹp nhất có tên Bác Hồ,196000,280000,30,5.0,2,34,Nhiều tác giả,NXB Trẻ,NXB Trẻ,,Bìa mềm,196,2023-07-25,Tiki Trading,available,1000,False,True,True
277379415,"Sách Di sản Hồ Chí Minh. Vì độc lập tự do, vì chủ nghĩa xã hội",100000,145000,31,5.0,3,18,Hồ Chí Minh,NXB Trẻ,NXB Trẻ,,Bìa mềm,440,2025-02-25,Tiki Trading,available,1000,False,True,True
14453314,Sách Lược Sử Nước Việt Bằng Tranh: Viet Nam – A Brief History In Pictures (Tái Bản 2019),184200,196000,6,5.0,88,496,"Tạ Huy Long, Dương Trung Quốc, Hiếu Minh, Huyền Trang",Nhà Xuất Bản Kim Đồng,,,Bìa mềm,100,2019-04-01,Nhà sách Fahasa,available,1000,True,True,True
255480969,Sách Đốc-tờ Năm - Câu chuyện diệu kỳ về người chống lại bệnh dịch hạch,76000,105000,28,5.0,1,39,Élisabeth du Closel,NXB Trẻ,NXB Trẻ,,Bìa mềm,278,2023-05-12,Tiki Trading,available,1000,False,True,True
276546967,Sách Đi ngang Hà Nội,120000,120000,0,0.0,0,0,Nguyễn Ngọc Tiến,NXB Trẻ,NXB Trẻ,,Bìa mềm,356,2024-11-13,Bamboo Books,available,1000,True,True,True
279066321,HỌ VÀ TÊN – Một Lịch Sử Nhìn Từ Danh Tính Người Việt – Trần Quang Đức – Nhã Nam,312000,329000,5,0.0,0,0,Trần Quang Đức,Nhã Nam,Nhà Xuất Bản Thế Giới,,Bìa mềm,373,,Alpha Books Official,available,1000,True,True,True
192333880,Sách Vua Thành Thái (Tiểu Thuyết Lịch Sử),103000,142000,27,4.6,7,56,Nguyễn Hữu Nam,BESTBOOKS,Nhà Xuất Bản Văn Học,,Bìa mềm,220,2022-07-07,Tiki Trading,available,1000,False,True,True
263763517,Sách Lịch Sử Việt Nam Bằng Tranh - Quang Trung Xây Dựng Đất Nước (Bản Màu),48000,65000,26,0.0,0,29,"Tô Hoài Đạt, Lê Văn Năm, Nguyễn Thùy Linh, Trần Bạch Đằng",NXB Trẻ,NXB Trẻ,,Bìa mềm,84,2023-07-05,Tiki Trading,available,1000,False,True,True
278324684,Sách Nguồn Gốc Dân Tộc Việt Nam,61600,80000,23,5.0,4,79,Đào Duy Anh,Nhã Nam,Nhà Xuất Bản Hồng Đức,,Bìa mềm,120,,Tiki Trading,available,1000,False,True,True
277281904,Sách Lịch sử Việt Nam qua chính sử Trung Hoa (Tái bản có bổ sung 2025),199950,250000,20,5.0,11,96,Cao Tự Thanh,Nhà xuất bản Tổng hợp TP.HCM ,Nhà Xuất Bản Tổng hợp TP.HCM,,,454,,Tiki Trading,available,1000,False,True,True
273727516,Sách Chìm Nổi Ở Sài Gòn,187700,259000,28,4.8,8,82,Haydon Cherry,Alphabooks,Nhà Xuất Bản Tổng hợp TP.HCM,,Bìa mềm tay gấp,428,2023-12-15,Tiki Trading,available,1000,False,True,True
278819420,Sách Hà Nội 1987,277200,360000,23,5.0,2,28,Jean-Charles Sarrazin,Nhã Nam,Nhà Xuất Bản Thông Tấn,,Bìa cứng,250,,Tiki Trading,available,1000,False,True,True
279180590,Thế Tổ Cao Hoàng Đế Long Hưng Sự Tích,85500,90000,5,0.0,0,7,Trần Văn Tuân,Nhà xuất bản Tổng hợp TP.HCM ,Nhà Xuất Bản Tổng hợp TP.HCM,,Bìa mềm,136,2026-02-13,Nhà sách NetaBooks,available,1000,True,True,True
6907027,Sách Logic Học – Dẫn Luận Ngắn,53000,65000,18,4.6,23,356,Graham Priest,NXB Tổng Hợp,Nhà Xuất Bản Tổng hợp TP.HCM,,Bìa mềm,204,2018-10-01,Tiki Trading,available,1000,False,True,True
35740871,Sách Lịch Sử Của Trà,93000,135000,31,4.8,548,4378,Laura C. Martin,Huy Hoàng Bookstore,Nhà Xuất Bản Dân Trí,,Bìa mềm,316,2019-10-01,Tiki Trading,available,1000,False,True,True
273476671,Sách Hội hè lễ tết của người Việt,129360,168000,23,5.0,5,95,Nguyễn Văn Huyên,Nhã Nam,Nhà Xuất Bản Thế Giới,,Bìa mềm,424,2023-11-15,Tiki Trading,available,1000,False,True,True
277621864,Sách Lược sử nước,173000,210000,18,4.8,4,31,Giulio Boccaletti,NXB Trẻ,NXB Trẻ,,Bìa mềm,560,2025-04-14,Tiki Trading,available,1000,False,True,True
48579422,Combo Di Sản Hồ Chí Minh - Tác Phẩm Kỷ Niệm 90 Năm Ngày Thành Lập Đảng Cộng Sản Việt Nam 3/2/1930 - 3/2/2020 (5 Cuốn),131000,165000,21,5.0,25,153,Nhiều tác giả,NXB Trẻ,NXB Trẻ,,Bìa mềm,,2020-02-02,Tiki Trading,available,1000,False,True,True
68774264,Sách Nam Phương - Hoàng Hậu Cuối Cùng (Tái Bản 2020),91000,100000,9,4.5,9,45,Lý Nhân Phan Thứ Lang,Saigon Books,Nhà Xuất Bản Thế Giới,,Bìa mềm,200,2020-09-01,Nhà sách Fahasa,available,1000,True,True,True
278110076,Sách Di Sản Hồ Chí Minh - Bác Hồ Với Việc Bồi Dưỡng Thế Hệ Cách Mạng Cho Đời Sau,62000,75000,17,0.0,0,8,"Hà Minh Hồng, Nguyễn Thanh Tuyền, Ngô Thị Thu Hoài",NXB Trẻ,NXB Trẻ,,Bìa mềm,160,2025-06-25,Tiki Trading,available,1000,False,True,True
277420876,Sách Vương Hồng Sển - Hơn nửa đời hư,397000,550000,28,4.7,3,39,Vương Hồng Sển,NXB Trẻ,NXB Trẻ,,Bìa cứng,948,2025-03-03,Tiki Trading,available,1000,False,True,True
276068093,Sách - Hoàng Lê Nhất Thống Chí (Ngô Gia Văn Thái) - SBOOKS,138000,138000,0,0.0,0,25,Ngô Tất Tố,SBOOKS,Nhà Xuất Bản Văn Học,,Bìa mềm,412,2024-09-03,SBOOKS OFFICIAL,available,1000,True,True,True
278952057,"Hùng Tượng, Lương Mã: Những câu chuyện về kỵ binh, tượng binh trong lịch sử Việt Nam",255400,399000,36,0.0,0,10,Đông Nguyễn,Thái Hà,Nhà Xuất Bản Thế Giới,,,268,2025-01-11,Tiki Trading,available,1000,False,True,True
277283919,"Sách Kiến trúc Pháp - Đông Dương: Dấu tích ""Sài Gòn - Hòn ngọc Viễn Đông""",286000,350000,18,5.0,3,33,,Nhà xuất bản Tổng hợp TP.HCM ,Nhà Xuất Bản Tổng hợp TP.HCM,,,232,,Tiki Trading,available,1000,False,True,True
205749384,Sách Gia Định Là Nhớ - Sài Gòn Là Thương,118000,118000,0,0.0,0,1,Cù Mai Công,First News - Trí Việt,Nhà Xuất Bản Tổng hợp TP.HCM,,Bìa mềm,224,,Bamboo Books,available,1000,True,True,True
197652296,Sách Ký Ức Lịch Sử Về Sài Gòn Và Các Vùng Phụ Cận,45600,55000,17,4.5,4,43,Trương Vĩnh Ký,NXB Trẻ,NXB Trẻ,,,,,Tiki Trading,available,1000,False,True,True
277923282,Sách Di sản Hồ Chí Minh. Bác Hồ với Chính phủ Việt Nam,51000,65000,22,5.0,1,6,Hà Minh Hồng,NXB Trẻ,NXB Trẻ,,Bìa mềm,84,2025-05-05,Tiki Trading,available,1000,False,True,True
277621904,Sách Di sản Hồ Chí Minh. Bác Hồ với Công an nhân dân Việt Nam,43000,55000,22,0.0,0,9,"Hà Minh Hồng, Nguyễn Thanh Tuyền, Ngô Thị Thu Hoài",NXB Trẻ,NXB Trẻ,,Bìa mềm,116,2025-04-14,Tiki Trading,available,1000,False,True,True
276525620,Sách Nguyên tắc lập quốc - Những tư tưởng căn bản của các nhà lập quốc Hoa Kỳ,175560,228000,23,5.0,7,89,Thomas E. Ricks,Nhã Nam,Nhà Xuất Bản Thế Giới,,Bìa mềm,412,,Tiki Trading,available,1000,False,True,True
253396848,Sách Di sản Hồ Chí Minh. Nhật ký hành trình của Hồ Chủ tịch ─ Bốn tháng sang Pháp,75000,90000,17,0.0,0,17,Đ.H.,NXB Trẻ,NXB Trẻ,,Bìa mềm,200,2023-04-27,Tiki Trading,available,1000,False,True,True
278110627,Sách Di Sản Hồ Chí Minh - Bác Hồ Với Báo Chí Cách Mạng Việt Nam,79000,105000,25,0.0,0,6,Đoàn Yên Kiều,NXB Trẻ,NXB Trẻ,,Bìa mềm,232,2025-06-19,Tiki Trading,available,1000,False,True,True
279259042,"Sách Các Cuộc Thương Lượng Giữa Lê Đức Thọ & Kissinger Tại Paris - Lưu Văn Lợi, Nguyễn Anh Vũ - Omega Plus",162000,218000,26,0.0,0,4,"Lưu Văn Lợi, Nguyễn Anh Vũ",Omega Plus,Nhà Xuất Bản Chính Trị Quốc Gia Sự Thật,,Bìa mềm tay gấp,412,2026-03-22,Tiki Trading,available,1000,False,True,True
408749,Sách Lịch Sử Việt Nam Từ Nguồn Gốc Đến Giữa Thế Kỉ XX,191200,239000,20,4.7,117,5658,Lê Thành Khôi,Nhã Nam,Nhà Xuất Bản Thế Giới,,Bìa mềm,642,2014-09-03,Tiki Trading,available,1000,False,True,True
279097468,"Quá Trình Xác Lập Và Thực Thi Chu Quyen Của Việt Nam Tại Hoàng Sa, Trường Sa Thời Thuộc Pháp",157500,175000,10,0.0,0,4,GS.TS. Hồ Sĩ Quý,Nhà Xuất Bản Khoa Học Xã Hội,Nhà Xuất Bản Khoa Học Xã Hội,,Bìa mềm,344,2025-12-26,VIETNAMBOOK,available,1000,True,True,True
275237439,Chính sách của các vương triều Việt Nam đối với người Hoa (Tái bản có bổ sung 2024),108000,135000,20,0.0,0,22,Huỳnh Ngọc Đáng,NXB Tổng hợp TP.HCM,Nhà Xuất Bản Tổng hợp TP.HCM,,Bìa mềm,420,2024-06-01,Tiki Trading,available,1000,False,True,True
279231974,"Sách Lịch Sử - Việt Sử Kiêu Hùng (Quyển 1) GNHBooks, Tìm về cội nguồn dân tộc, Bìa Cứng",295000,319000,8,0.0,0,6,Thành Châu - Vũ Quang,Công ty Cổ phần Tư vấn Giáo dục Bách Khoa,Nhà Xuất Bản Hội Nhà Văn,,Bìa cứng,240,2024-06-24,GNHBooks Sách Tinh Hoa,available,1000,True,True,True
249252192,Chuyên đề Hiểu Việt Nam số 1,197000,197000,0,0.0,0,0,nhieu tac gia,Tao Đàn,Nhà Xuất Bản Hội Nhà Văn,,Bìa mềm,230,2023-03-30,SÁCH ĐẠI NAM,available,1000,True,True,True
278837079,KINH TẾ THỜI NGUYÊN THỦY Ở VIỆT NAM – Đặng Phong – Sách Miền Trung – NXB Tri Thức,350000,350000,0,5.0,1,9,Đăng Phong,Công ty Cổ phần phân phối và phát hành sách miền Trung,Nhà Xuất Bản Tri Thức,,Bìa mềm,532,,Sách Miền Trung,available,1000,True,True,True
273916387,Lịch Sử Florence - Tham Vọng Và Quyền Lực Kiến Tạo Thời Kỳ Phục Hưng,427500,570000,25,4.8,5,23,,Công ty TNHH Truyền Thông và Giáo Dục Lyceum,Nhà Xuất Bản Hà Nội,,,,,Nhà sách Fahasa,available,1000,True,True,True
278432113,Sách - Việt Nam Một Góc Nhìn Từ Nhật Bản - SBOOKS,188000,188000,0,0.0,0,6,,SBOOKS,Nhà Xuất Bản Chính Trị Quốc Gia Sự Thật,,,,,SBOOKS OFFICIAL,available,1000,True,True,True
275305966,Cuộc Chiến Xứ Gallia - Nghệ Thuật Chiến Tranh Và Ngoại Giao Của Julius Ceasar,172800,240000,28,5.0,2,19,,Công ty TNHH Truyền Thông và Giáo Dục Lyceum,Nhà Xuất Bản Hà Nội,,,,,Nhà sách Fahasa,available,1000,True,True,True
29175039,Sách Hồ Chí Minh Sự Hình Thành Một Nhân Cách Lớn,75000,100000,25,5.0,3,23,Trần Thái Bình,NXB Trẻ,NXB Trẻ,,Bìa mềm,258,2024-06-25,Tiki Trading,available,1000,False,True,True
245787185,Sách Lịch sử Việt Nam bằng tranh - Hai Bà Trưng (bản màu),61000,70000,13,5.0,4,57,Nhiều tác giả,NXB Trẻ,NXB Trẻ,,Bìa mềm,92,2023-03-09,Tiki Trading,available,1000,False,True,True
277381977,Sách Việt Nam Sử Luận - Góc Nhìn Đa Chiều,167000,210000,20,5.0,2,37,Trịnh Vĩnh Thường,Nhà xuất bản Tổng hợp TP.HCM ,Nhà Xuất Bản Tổng hợp TP.HCM,,Bìa mềm tay gấp,384,2025-02-05,Tiki Trading,available,1000,False,True,True
279149734,LÀNG NGHỀ TRUYỀN THỐNG – Dưới Góc Nhìn Của Người Nước Ngoài – Hồng Nhung dịch  – Sách Miền Trung,284000,284000,0,0.0,0,3,nhieu tac gia,Công ty TNHH Quốc Tế Mai Hà,Nhà Xuất Bản Tri Thức,,Bìa mềm,496,,BÌNH BÁN BOOK,available,1000,True,True,True
165774042,Nguyễn Ái Quốc - Hồ Chí Minh: Hành trình cứu nước (4 ngôn ngữ: Tiếng Việt - Anh - Nga - Trung),284000,355000,20,5.0,1,15,,NXB Thông Tin & Truyền Thông,Nhà Xuất Bản Thông Tin Và Truyền Thông,,,,,nxbkhoahoccongnghetruyenthong,available,1000,True,True,True
278323466,Sách Việt Nam Sử Lược (Bìa Cứng) - Tái Bản,140300,190000,26,5.0,3,27,Trần Trọng Kim,Nhà sách Minh Thắng,Nhà Xuất Bản Văn Học,,Bìa cứng,700,2022-03-03,Tiki Trading,available,1000,False,True,True
279131027,Sách : BINH THƯ YẾU LƯỢC Phụ: HỔ TRƯỚNG KHU CƠ,385000,385000,0,0.0,0,2,Trần Hưng Đạo,Công ty Cổ phần phân phối và phát hành sách miền Trung,Nhà Xuất Bản Thuận Hóa,,Bìa mềm,568,,Sách Miền Trung,available,1000,True,True,True
1667493,Sách Lương Ngọc Quyến Và Cuộc Khởi Nghĩa Thái Nguyên 1917,38000,38000,0,4.3,3,248,"Đào Trinh Nhất, Nguyễn Q. Thắng",Công Ty TNHH Thư Lâm,Nhà Xuất Bản Tổng hợp TP.HCM,,Bìa mềm,141,2018-01-01,Chính Thông,available,1000,True,True,True
991000,Sách Địa Chí Hành Chính Các Tỉnh Nam Kỳ Thời Pháp Thuộc (1859 - 1954),167400,180000,7,5.0,3,9,Nguyễn Đình Tư,NXB Tổng Hợp,,,Bìa mềm,682,2017-09-01,Nhà sách Fahasa,available,1000,True,True,True
22548764,Sách Sài Gòn - Chợ Lớn Đời Sống Xã Hội Và Chính Trị Qua Tư Liệu Báo Chí (1925 - 1945),158400,180000,12,5.0,3,17,Nguyễn Đức Hiệp,NXB Tổng Hợp,,,Bìa mềm,536,2019-07-01,Nhà sách Fahasa,available,1000,True,True,True
275878746,Sách Hưng Đạo Vương (Ngàn Năm Sử Việt – Nhà Trần),48000,60000,20,5.0,2,29,"Phan Kế Bính, Lê Văn Phúc",NXB Kim Đồng,Nhà Xuất Bản Kim Đồng,,Bìa mềm,228,,Tiki Trading,available,1000,False,True,True
277977166,Sách - Lịch Sử Tư Tưởng Tôn Giáo Trung Quốc - Từ Cổ Đại Đến Đầu Thế Kỷ XX,180000,250000,28,5.0,1,14,,Công ty TNHH Truyền Thông và Giáo Dục Lyceum,Nhà Xuất Bản Văn Học,,Bìa mềm,,2023-12-21,Nhà sách Fahasa,available,1000,True,True,True
3957061,Sách Thông Reo Ngàn Hống: Tiểu Thuyết Lịch Sử,104000,140000,26,5.0,89,571,Nguyễn Thế Quang,NXB Trẻ,NXB Trẻ,,Bìa mềm,614,2018-08-01,Tiki Trading,available,1000,False,True,True
277535997,117 Vị Sứ Thần Việt Nam,124000,176000,30,5.0,1,5,Đặng Việt Thủy,VIETNAMBOOK,Nhà Xuất Bản Hồng Đức,,Bìa mềm tay gấp,252,2025-03-20,VIETNAMBOOK,available,1000,True,True,True
276546968,Sách Đi dọc Hà Nội,89000,120000,26,5.0,3,19,Nguyễn Ngọc Tiến,NXB Trẻ,NXB Trẻ,,Bìa mềm,363,2024-11-13,Tiki Trading,available,1000,False,True,True
48035309,Sách Lời Non Nước,59000,70000,16,4.8,8,43,Đào Thản,NXB Trẻ,NXB Trẻ,,Bìa mềm,154,2020-01-02,Tiki Trading,available,1000,False,True,True
193212459,"Sách Đường 20 Quyết Thắng - Lịch Sử, Địa Danh, Sự Tích Và Tri Ân",79000,95000,17,5.0,1,6,Nhiều tác giả,Phương Nam Book,Nhà Xuất Bản Thế Giới,,Bìa mềm,155,2022-07-07,Tiki Trading,available,1000,False,True,True
75951339,Đại Cương Lịch Sử Việt Nam tập I,130000,130000,0,5.0,5,13,,Công Ty Cổ Phần Sách Đại Học - Dạy Nghề,Nhà Xuất Bản Giáo Dục Việt Nam,,Bìa mềm,488,,HaAnBooks,available,1000,True,True,True
177746990,Sách Lịch Sử Việt Nam Từ Nguồn Gốc Đến Thế Kỷ Xix (Bìa Mềm),114200,150000,24,5.0,9,121,Đào Duy Anh,Nhà sách Minh Thắng,Nhà Xuất Bản Dân Trí,,Bìa mềm,584,2022-04-01,Tiki Trading,available,1000,False,True,True
277315845,(Boxset Trọn Bộ 2 Tập) Sách TÂY SƠN THỰC LỤC - Trần Hoàng Vũ Tập biên - NXB Lao Động,1194000,1299000,8,4.7,7,68,Trần Hoàng Vũ,Tri Thức Trẻ,Nhà Xuất Bản Lao Động,,,1440,,Tiki Trading,available,1000,False,True,True
105794407,Phủ Biên Tạp Lục,290000,290000,0,0.0,0,2,Lê Quý Đôn,Công ty TNHH Quốc Tế Mai Hà,Nhà Xuất Bản Khoa Học Xã Hội,,Bìa mềm,600,2021-06-05,Nhà sách NetaBooks,available,1000,True,True,True
278491443,Sách Sự Thật Về Nạn Đói Năm 1945,354600,380000,7,5.0,2,45,Nguyễn Quang Ân,Omega Plus,Nhà Xuất Bản Chính Trị Quốc Gia Sự Thật,,Bìa mềm tay gấp,630,,Tiki Trading,available,1000,False,True,True
208097075,"Súng, Vi Trùng Và Thép (Tái Bản)",261000,339000,23,5.0,1,19,Jared Diamond,Alpha Books,Nhà Xuất Bản Thế Giới,,,,,Nhà sách Fahasa,available,1000,True,True,True
278723591,Sách Continental Saigon – Từ Hào Quang Đế Quốc Đến Giấc Mộng Đông Dương Tan Vỡ,277000,339000,18,5.0,2,45,Philippe Franchini,Phương Nam Book,Nhà Xuất Bản Thế Giới,,Bìa mềm,361,,Tiki Trading,available,1000,False,True,True
278749480,Sách Văn Minh Việt Nam - Ấn Bản Đặc Biệt 20 Năm Thành Lập Nhã Nam - Bìa Cứng,258480,359000,28,5.0,1,13,Nguyễn Văn Huyên,Nhã Nam,Nhà Xuất Bản Hội Nhà Văn,,Bìa cứng,324,,Tiki Trading,available,1000,False,True,True
279076378,"(Postcard chân dung Quang Trung, in màu toàn bộ) BÃO TÁP TÂY SƠN – Trần Hoàng Vũ – Vietales",255000,255000,0,4.0,1,14,Trần Hoàng Vũ,NXB Tổng hợp TP.HCM,Nhà Xuất Bản Tổng hợp TP.HCM,,Bìa cứng,200,2026-01-15,BÌNH BÁN BOOK,available,1000,True,True,True
277283920,Sách Cao vọng của bọn thanh niên An Nam,67950,85000,20,0.0,0,17,,Nhà xuất bản Tổng hợp TP.HCM ,Nhà Xuất Bản Tổng hợp TP.HCM,,,132,,Tiki Trading,available,1000,False,True,True
56365400,Sách Đại Việt Sử Ký Toàn Thư Trọn Bộ (Tái Bản 2020),230350,230350,0,4.7,190,885,,Nhà sách Minh Thắng,Nhà Xuất Bản Hồng Đức,,Bìa cứng,1284,2020-01-01,AHABOOKS,available,1000,True,True,True
275420989,"Xứ An Nam (5/7/1885 - 4/4/1886) - Léon Prudhomme, Huỳnh Phương Bá dịch, Lưu Anh Rô & Võ Hà chú giải và hiệu đính",108000,144000,25,4.0,1,19,,VIETNAMBOOK,Nhà Xuất Bản Hà Nội,,Bìa mềm tay gấp,340,2024-06-26,VIETNAMBOOK,available,1000,True,True,True
279236715,Sách Hồ sơ một thế hệ,139000,170000,18,5.0,1,4,Nhiều tác giả,NXB Trẻ,NXB Trẻ,,Bìa mềm,392,2026-03-09,Tiki Trading,available,1000,False,True,True
278481644,"Combo 2 Cuốn Sách -  Gia Đình, Bạn Bè và Đất Nước + Tấm Lòng Với Đất Nước (Madam Bình) - SBOOKS",201600,224000,10,5.0,4,34,nhieu tac gia,SBOOKS,Nhà Xuất Bản Chính Trị Quốc Gia Sự Thật,,,,2025-08-10,SBOOKS OFFICIAL,available,1000,True,True,True
271414256,BẢN TRIỀU BẠN NGHỊCH LIỆT TRUYỆN,118000,118000,0,0.0,0,0,Kiều Oánh Mậu,Nhã Nam,Nhà Xuất Bản Hồng Đức,,Bìa mềm,254,2023-08-24,TYMBooks,available,1000,True,True,True
278034192,Sách - Việt Nam Sử Lược,213400,388000,45,5.0,1,19,,Khang Việt Book,Nhà Xuất Bản Văn Học,,Bìa cứng,,,khangvietbook,available,1000,True,True,True
277730878,Sách Hồi ức tổng hành dinh trong mùa xuân toàn thắng,122000,122000,0,5.0,2,15,"Đại Tướng Võ Nguyên Giáp, Võ Nguyên Giáp",Nhà Xuất Bản Chính Trị Quốc Gia Sự Thật,Nhà Xuất Bản Chính Trị Quốc Gia Sự Thật,,Bìa mềm,368,,Hiệu Sách Tự Do,available,1000,True,True,True
274858453,ĐẠI NAM NHẤT THỐNG CHÍ (Trọn bộ) - Quốc Sử Quán Triều Nguyễn,588000,875000,33,4.8,8,49,Quốc sử quán triều Nguyễn,VIETNAMBOOK,Nhà Xuất Bản Thuận Hóa,,Bìa mềm tay gấp,1458,2024-04-23,VIETNAMBOOK,available,1000,True,True,True
277591275,Sách Ngàn Năm Sử Việt – Thời Bắc Thuộc – Vua Đen,77000,80000,4,0.0,0,14,Hoàng Công Khanh,Nhà Xuất Bản Kim Đồng,Nhà Xuất Bản Kim Đồng,,Bìa mềm,320,2025-01-01,Tiki Trading,available,1000,False,True,True
274704962,"Công Tác Binh Vận Của Đảng Trong Kháng Chiến Chống Mỹ, Cứu Nước (Kỷ niệm 50 năm ngày giải phóng miền Nam thống nhất đất nước 1975 - 2025)",88500,118000,25,0.0,0,9,,VIETNAMBOOK,Nhà Xuất Bản Quân Đội Nhân Dân,,Bìa mềm tay gấp,236,2024-04-06,VIETNAMBOOK,available,1000,True,True,True
278806334,Sách Yersin - Khúc Hát Cá Ông,245000,245000,0,0.0,0,0,Tạ Huy Long,Nhà Xuất Bản Kim Đồng,Nhà Xuất Bản Kim Đồng,,Bìa mềm,200,,Bamboo Books,available,1000,True,True,True
277552631,Từ Sông Bến Hải Đến Dinh Độc Lập - Hồi Ức Chiến Trường Của Thiếu Tướng Hoàng Đan - Alpha Books ,219000,219000,0,0.0,0,0,,Alpha Books,Nhà Xuất Bản Thông Tấn,,Bìa mềm,400,,HỆ THỐNG NHÀ SÁCH ABC,available,1000,True,True,True
276527049,"Lịch sử Quân sự Việt Nam, tập 8 - Hoạt động quân sự từ năm 1802 đến năm 1896 - bản in 2024",148000,148000,0,0.0,0,4,Viện Lịch Sử Quân Sự Việt Nam,Nhà Xuất Bản Chính Trị Quốc Gia Sự Thật,Nhà Xuất Bản Chính Trị Quốc Gia Sự Thật,,,,,ST Book,available,1000,True,True,True
277370034,Combo Những biểu tượng đặc trưng trong văn hóa truyền thống Việt Nam,120000,120000,0,5.0,2,2,Đinh Hồng Hải,Đông Tây,Nhà Xuất Bản Văn Học,,Bìa mềm,1200,2025-02-19,Đông Tây,available,1000,True,True,True
278500589,Sách Dấu Chân Những Người Yêu Nước,69000,85000,19,0.0,0,5,Tiến sĩ Nguyễn Văn Khoan,NXB Trẻ,NXB Trẻ,,Bìa mềm,176,2025-08-26,Tiki Trading,available,1000,False,True,True
43362813,Sách Việt Nam Văn Học Sử Yếu (Bìa Mềm),220000,250000,12,5.0,7,38,Dương Quảng Hàm,Nhà sách Minh Thắng,,,Bìa mềm,624,2019-11-01,Nhà sách Fahasa,available,1000,True,True,True
275053725,Lịch sử Việt Nam phổ thông. Tập 4: Từ năm 1593 đến năm 1858,114000,114000,0,0.0,0,3,,Nhà Xuất Bản Chính Trị Quốc Gia Sự Thật,Nhà Xuất Bản Chính Trị Quốc Gia Sự Thật,,,,,ST Book,available,1000,True,True,True
277967268,Combo Bông Sen Vàng - Thời Niên Thiếu Của Chủ Tịch Hồ Chí Minh Dưới Ngòi Bút Nhà Văn Sơn Tùng (Omega Plus) + Hành Trình Theo Chân Bác (NXB Trẻ),275000,284000,3,0.0,0,1,,Omega Plus,Nhiều Nhà Xuất Bản,,Bìa mềm,,,Sống Official,available,1000,True,True,True
1582119,Việt Nam Phong Sử,43000,43000,0,5.0,2,6,,Công ty Cổ phần Sách Việt Nam,Nhà Xuất Bản Văn Hoá Thông Tin,,Bìa mềm,211,2018-01-01,TYMBooks,available,1000,True,True,True
278836827,21 NĂM VIỆN TRỢ MỸ Ở VIỆT NAM – Sách Miền Trung,150000,150000,0,3.7,3,7,Đặng Phong,Công ty Cổ phần phân phối và phát hành sách miền Trung,Nhà Xuất Bản Tri Thức,,Bìa mềm,228,,Sách Miền Trung,available,1000,True,True,True
275615396,Ngàn Năm Sử Việt - Nhà Trần - Hưng Đạo Vương,57000,60000,5,0.0,0,20,Phan Kế Bính,Nhà Xuất Bản Kim Đồng,Nhà Xuất Bản Kim Đồng,,,,,Nhà sách Fahasa,available,1000,True,True,True
260435025,Julius Caesar - Nhà Độc Tài Huyền Thoại Của La Mã - Bìa Cứng,178400,215000,17,4.7,3,11,Philip Freeman,Bách Việt,NXB Dân Trí,,,,,Nhà sách Fahasa,available,1000,True,True,True
278500638,Sách Hồ Chí Minh - Hành Trình 79 Mùa Xuân,165000,225000,27,5.0,3,49,Đỗ Hoàng Linh,Huy Hoàng Bookstore,Nhà Xuất Bản Văn Học,,Bìa mềm,412,,Tiki Trading,available,1000,False,True,True
275855170,Lịch sử Sài Gòn thuở ban đầu,355000,355000,0,0.0,0,1,,Công ty cổ phần đầu tư phát triển Trường Phương,Nhà Xuất Bản Tri Thức,,,608,,Sách Miền Trung,available,1000,True,True,True
446067,Sách Góc Nhìn Sử Việt - Vua Bà Triệu Ẩu,107200,159000,33,3.0,1,141,Nhi Chờ,Omega Plus,Nhà Xuất Bản Thông Tấn,,Bìa mềm,371,2015-08-26,Tiki Trading,available,1000,False,False,True
274629382,Sách Chân dung anh hùng Lý Tự Trọng - Qua những tư liệu lịch sử,50000,79000,37,0.0,0,3,Dương Trọng Phúc,NXB Tổng Hợp TP. HCM,Nhà Xuất Bản Tổng hợp TP.HCM,,Bìa cứng,144,2024-03-01,Tiki Trading,available,1000,False,True,True
274170459,Huế - Triều Nguyễn - Một Cái Nhìn,315400,380000,17,0.0,0,2,Trần Đức Anh Sơn,Fahasa,Nhà Xuất Bản Thế Giới,,,,,Nhà sách Fahasa,available,1000,True,True,True
278497530,Combo 2 Cuốn Sách: Búp Sen Xanh + Bông Sen Vàng - SBOOKS,143100,159000,10,0.0,0,2,Sơn Tùng,SBOOKS,Nhà Xuất Bản Kim Đồng,,Bìa mềm,,2025-08-14,SBOOKS OFFICIAL,available,1000,True,True,True
245787201,Sách Lịch sử Việt Nam bằng tranh - Họ Trịnh khởi nghiệp (bản màu),47000,65000,28,5.0,2,26,Nhiều tác giả,NXB Trẻ,NXB Trẻ,,Bìa mềm,80,2023-03-09,Tiki Trading,available,1000,False,True,True
257769856,Sách Hồi ức Sài Gòn thời chiến tranh,91000,110000,17,4.8,5,81,Triệu Quốc Mạnh,NXB Trẻ,NXB Trẻ,,Bìa mềm,200,2023-05-08,Tiki Trading,available,1000,False,True,True
279260027,"(COMBO 2 CUỐN) NGUỒN GỐC DÂN TỘC VIỆT NAM, VĂN HOÁ LÀ GÌ? – Đào Duy Anh – NXB Thế Giới – Omega Plus",158000,158000,0,0.0,0,1,Đào Duy Anh,Omega Plus,The Gioi Publisher,,Bìa mềm,184,,BÌNH BÁN BOOK,available,1000,True,True,True
274193446,Thằng Gù Nhà Thờ Đức Bà - Tập 1 (HA),81250,125000,35,0.0,0,1,Victor Hugo,Nhà Sách Hồng Ân,Nhà Xuất Bản Dân Trí,,Bìa mềm,,,Bảo Châu Books,available,1000,True,True,True
277571886,Tìm Hiểu Nông Cụ Cổ Truyền Việt Nam (Bản in 2025),133500,178000,25,0.0,0,3,GS.TS. Ngô Đức Thịnh,VIETNAMBOOK,Nhà Xuất Bản Tri Thức,,Bìa mềm tay gấp,356,2025-03-28,VIETNAMBOOK,available,1000,True,True,True
272318382,An Nam Thời Xưa,150000,150000,0,0.0,0,1,nhieu tac gia,Nhã Nam,Nhà Xuất Bản Thế Giới,,Bìa mềm,394,2023-09-27,Bamboo Books,available,1000,True,True,True
277726191,Từ Kinh Thành Vijaya Đến Kinh Đô Vương Triều Tây Sơn,245000,245000,0,5.0,1,6,Lê Đình Phụng,Công ty cổ phần đầu tư phát triển Trường Phương,Nhà Xuất Bản Thuận Hóa,,Bìa mềm,327,,Sách Miền Trung,available,1000,True,True,True
271168978,KỂ CHUYỆN CỤM TÌNH BÁO H.63 ANH HÙNG - Nguyễn Quang Chánh – Nxb Tổng hợp Tp Hồ Chí Minh (Bìa mềm),266000,280000,5,0.0,0,2,Nguyễn Quang Chánh,Nhà xuất bản Tổng hợp TP.HCM ,Nhà Xuất Bản Tổng hợp TP.HCM,,,,,Alpha Books Official,available,1000,True,True,True
279178568,VIỆT NAM PHONG TỤC - Phan Kế Bính – Kim Đồng,135000,135000,0,0.0,0,1,Phan Kế Bính,Kim Đồng,Nhà Xuất Bản Kim Đồng,,Bìa mềm,384,,BÌNH BÁN BOOK,available,1000,True,True,True
276640911,Chuyện Vua Quang Trung,92000,92000,0,0.0,0,1,Phan Trần Chúc,Nhà Xuất Bản Chính Trị Quốc Gia Sự Thật,Nhà Xuất Bản Chính Trị Quốc Gia Sự Thật,,Bìa mềm tay gấp,260,,Nhà sách Sự thật tại Huế,available,1000,True,True,True
273509134,Văn Minh Việt Nam (Tái Bản 2023),128300,138000,7,5.0,1,17,Nguyễn Văn Huyên,Nhã Nam,Nhà Xuất Bản Hội Nhà Văn,,,,,Nhà sách Fahasa,available,1000,True,True,True
274388809,TIỂU LUẬN VỀ NGHỆ THUẬT AN NAM - Louis Bezacier - Vũ Mai dịch – Nhã Nam – NXB Thế Giới,120000,120000,0,0.0,0,0,Louis Bezacier,Nhã Nam,Nhà Xuất Bản Thế Giới,,Bìa mềm,240,,Bamboo Books,available,1000,True,True,True
276949813,Những Đặc Trưng Cơ Bản Của Bộ Máy Quản Lý Đất Nước Và Hệ Thống Chính Trị Nước Ta Trước Thời Kỳ Đổi Mới ,99000,132000,25,5.0,1,5,Vũ Minh Giang,VIETNAMBOOK,Nhà Xuất Bản Tri Thức,,Bìa mềm tay gấp,240,2025-01-06,VIETNAMBOOK,available,1000,True,True,True
277374234,Các Giá Trị Văn Hóa Việt Nam Chuyển Từ Truyền Thống Đến Hiện Đại,186000,248000,25,0.0,0,2,Đỗ Huy,VIETNAMBOOK,Nhà Xuất Bản Tri Thức,,Bìa mềm,412,2025-02-18,VIETNAMBOOK,available,1000,True,True,True
274999646,ĐIỆN BIÊN PHỦ - NHỮNG KHOẢNH KHẮC TỪ LỊCH SỬ - Nhiều tác giả – NXB Chính trị quốc gia,399000,399000,0,0.0,0,0,nhieu tac gia,Nhà Xuất Bản Chính Trị Quốc Gia Sự Thật,Nhà Xuất Bản Chính Trị Quốc Gia,,Bìa mềm,266,,Bamboo Books,available,1000,True,True,True
270691884,(Bìa cứng – in màu) QUÂN ĐỘI TÂY SƠN: LỊCH SỬ BẰNG HÌNH ẢNH – Đào Nguyên Khánh - Nhà xuất bản Trẻ,330000,330000,0,0.0,0,1,,NXB Trẻ,NXB Trẻ,,Bìa cứng,,,Bamboo Books,available,1000,True,True,True
275279424,Nguyễn An Ninh - Không ăn mày tự do (bản in 2024),190000,190000,0,0.0,0,9,,Nhà Xuất Bản Chính Trị Quốc Gia Sự Thật,Nhà Xuất Bản Chính Trị Quốc Gia Sự Thật,,Bìa mềm,,,ST Book,available,1000,True,True,True
215405098,Lính chiến (Nhật ký chiến trường),199000,199000,0,5.0,2,6,,CÔNG TY TNHH SÁCH & TRUYỀN THÔNG VIỆT NAM,Nhà Xuất Bản Phụ Nữ Việt Nam,,Bìa mềm,284,,Bảo Châu Books,available,1000,True,True,True
277543723,LÊN ĐỒNG - HÀNH TRÌNH CỦA THẦN LINH VÀ THÂN PHẬN – GS.TS. Ngô Đức Thịnh – Vietnambook – NXB Tri Thức,129750,173000,25,0.0,0,9,GS TS Ngô Đức Thịnh,VIETNAMBOOK,Nhà Xuất Bản Tri Thức,,Bìa mềm,288,,VIETNAMBOOK,available,1000,True,True,True
277591303,Sách Bùi Viện Một Tấm Lòng (Ngàn Năm Sử Việt – Nhà Nguyễn),29400,30000,2,0.0,0,12,Phan Trần Chúc,Nhà Xuất Bản Kim Đồng,Nhà Xuất Bản Kim Đồng,,Bìa mềm,96,2025-01-01,Tiki Trading,available,1000,False,True,True
25768121,Sách Lịch Sử Việt Nam Bằng Tranh Tập 11: Ngô Quyền Đại Phá Quân Nam Hán (Tái Bản 2018),26000,35000,26,4.8,23,162,"Trần Bạch Đằng, Trần Bạch Đằng",NXB Trẻ,NXB Trẻ,,Bìa mềm,100,,Tiki Trading,available,1000,False,False,True
278373361,Sách Phan Yên Thành - Binh Biến Ký,183950,230000,20,0.0,0,23,Trần Hoàng Vũ,Nhà xuất bản Tổng hợp TP.HCM ,Nhà Xuất Bản Tổng hợp TP.HCM,,Bìa mềm,416,,Tiki Trading,available,1000,False,True,True
278035740,Sách Trùng Hưng thuở ấy - Tao Đàn,133000,180000,26,5.0,10,89,Tô Như,Tao Đàn,Nhà Xuất Bản Hội Nhà Văn,,Bìa mềm,310,2025-05-27,Tiki Trading,available,1000,False,True,True
276302713,Sách Việt Nam Lịch Sử Không Biên Giới,211300,325000,35,5.0,8,76,"Trần Tuyết Nhung, Anthony Reid",Alphabooks,Nhà Xuất Bản Khoa Học Xã Hội,,Bìa mềm tay gấp,488,,Tiki Trading,available,1000,False,True,True
277316251,Sách  Combo 2 Cuốn : Hoàng Lê Nhất Thống Chí + Hiền Tài Thay Đổi Quốc Gia - SBOOKS,276000,276000,0,5.0,9,114,"Ngô Tất Tố,  Tuệ Minh",SBOOKS,Nhà Xuất Bản Văn Học,,Bìa mềm,835,2025-02-11,SBOOKS OFFICIAL,available,1000,True,True,True
50277621,Vua Gia Long (Sách Tham Khảo),122900,159000,23,4.7,243,1803,Marcel Gaultier,Omega Plus,Nhà Xuất Bản Thế Giới,,Bìa mềm,332,2020-03-01,Tiki Trading,available,1000,False,False,True
279102179,5 ĐƯỜNG MÒN HỒ CHÍ MINH - Đặng Phong - Sách Miền Trung,229000,229000,0,4.0,2,7,Đặng Phong,Công ty Cổ phần phân phối và phát hành sách miền Trung,Nhà Xuất Bản Tri Thức,,Bìa cứng,384,,BÌNH BÁN BOOK,available,1000,True,True,True
279019563,Sách - Họ và tên: Một lịch sử nhìn từ danh tính người Việt (Trần Quang Đức) (Nhã Nam Official),312000,329000,5,0.0,0,0,Trần Quang Đức,Nhã Nam,Nhà Xuất Bản Thế Giới,,Bìa mềm,376,,Alpha Books Official,available,1000,True,True,True
277008636,Sách An Nam chí lược,223000,285000,22,5.0,11,87,Humphrey Cobb,Tao Đàn,Nhà Xuất Bản Hội Nhà Văn,,Bìa mềm,412,2025-01-15,Tiki Trading,available,1000,False,True,True
277420883,Sách Xuân Thu Sử,257000,380000,32,5.0,13,113,Đồng Thư Nghiệp,Tao Đàn,Nhà Xuất Bản Hội Nhà Văn,,Bìa mềm,490,2025-03-03,Tiki Trading,available,1000,False,True,True
279280226,VÙNG ĐẤT VÀ CON NGƯỜI XỨ VIỄN ĐÔNG - Pierre Gourou - Mai Yên Thi dịch – Mai Hà Books,215000,215000,0,5.0,1,4,Pierre Gourou,Công ty TNHH Quốc Tế Mai Hà,Nhà Xuất Bản Tri Thức,,Bìa mềm tay gấp,284,,BÌNH BÁN BOOK,available,1000,True,True,True
2906043,Sách Sử Ta - Chuyện Xưa Kể Lại Tập 1 (Tái Bản 2018),47500,50000,5,5.0,8,52,Nguyễn Huy Thắng – Nguyễn Như Mai – Nguyễn Quốc Tín,Nhà Xuất Bản Kim Đồng,,,Bìa mềm,216,,Nhà sách Fahasa,available,1000,True,True,True
278320474,Sách - Chúa Nguyễn Và Các Giai Thoại Mở Đất Phương Nam - SBOOKS,78400,98000,20,5.0,2,16,Nguyễn Hữu Hiếu,SBOOKS,Nhà Xuất Bản Chính Trị Quốc Gia Sự Thật,,Bìa mềm,180,2025-07-16,SBOOKS OFFICIAL,available,1000,True,True,True
214495555,An Nam Truyện - Ghi Chép Về Việt Nam Trong Chính Sử Trung Quốc Xưa (Tái Bản 2022),150000,200000,25,4.7,31,316,Châu Hải Đường,Tao Đàn,Nhà Xuất Bản Hội Nhà Văn,,Bìa mềm,332,2023-01-01,Tiki Trading,available,1000,False,True,True
694504,Sách Lịch Sử Việt Nam Bằng Tranh (Tập 14): Thăng Long Buổi Đầu (Tái Bản 2017),26000,35000,26,5.0,18,354,Trần Bạch Đằng,NXB Trẻ,NXB Trẻ,,Bìa mềm,112,2017-04-10,Tiki Trading,available,1000,False,False,True
51252264,Sách Thái Ấp - Điền Trang Thời Trần (Thế kỷ XIII - XIV),104000,139000,25,5.0,20,126,,Công Ty Cổ Phần Tri thức Văn Hóa Sách Việt Nam,Nhà Xuất Bản Khoa Học Xã Hội,,Bìa mềm,368,2020-03-23,MaiHaBooks,available,1000,True,True,True
84589926,Xã hội Việt Nam thời Lê-Nguyễn,143200,143200,0,4.8,6,73,Lê Nguyễn,Dtbooks,nxb hong duc,,Bìa mềm,348,2021-01-01,DTBOOKS,available,1000,True,True,True
278839996,(SÁCH IN MÀU) KINH TẾ MIỀN NAM VIỆT NAM THỜI KỲ 1956 - 1975 - Đặng Phong - Sách miền Trung,375000,375000,0,5.0,2,5,Đặng Phong,Công ty Cổ phần phân phối và phát hành sách miền Trung,Nhà Xuất Bản Tri Thức,,Bìa mềm,692,,BÌNH BÁN BOOK,available,1000,True,True,True
1028653,Sách Đất Nước Việt Nam Qua Các Đời,157300,225000,30,4.6,17,740,Đào Duy Anh,Omega Plus,Nhà Xuất Bản Khoa Học Xã Hội,,Bìa cứng,486,2017-01-01,Tiki Trading,available,1000,False,False,True
277685200,Sách Lệ Chi Viên (Tiểu thuyết lịch sử),116000,159000,27,3.7,3,33,Lương Hạnh,BESTBOOKS,Nhà Xuất Bản Phụ Nữ,,Bìa mềm,296,2025-01-04,Tiki Trading,available,1000,False,True,True
275089663,Sách Theo Dấu Hoàng Hậu Nam Phương Và Vua Bảo Đại,147900,185000,20,5.0,16,170,"Vĩnh Đào, Nguyễn Thị Thanh Thúy",NXB Phụ Nữ Việt Nam,Nhà Xuất Bản Phụ Nữ Việt Nam,,Bìa mềm,464,,Tiki Trading,available,1000,False,True,True
278636759,Sách Cuộc Phân Tranh,179000,250000,28,5.0,1,37,Thiên Sơn,Tao Đàn,Nhà Xuất Bản Văn Học,,Bìa mềm,440,,Tiki Trading,available,1000,False,True,True
278873390,GỐC TÍCH NHÀ TÂY SƠN - TS. Nguyễn Duy Chính - NXB Đại học Sư phạm,220000,220000,0,0.0,0,1,Nguyễn Duy Chính,NXB Đại Học Sư Phạm,Nhà Xuất Bản Đại Học Sư Phạm,,Bìa mềm,364,,Sách Thành Vinh,available,1000,True,True,True
13967736,"Sách Sơn Nam - Phong Trào Duy Tân Ở Bắc, Trung, Nam - Miền Nam Đầu Thế Kỷ XX - Thiên Địa Hội Và Cuộc Minh Tân",99700,105000,5,5.0,4,44,Sơn Nam,NXB Trẻ,,,Bìa mềm,380,2019-04-01,Nhà sách Fahasa,available,1000,True,True,True
276423988,Lần theo dấu chữ - Thời kỳ đầu in ấn sách báo chữ Latinh ở Việt Nam (1862-1920),177100,230000,23,5.0,1,29,Trịnh Hùng Cường,Nhã Nam,Nhà Xuất Bản Thông Tấn,,Bìa mềm,440,,Tiki Trading,available,1000,False,True,True
49922640,Sách Tạp Ghi Việt Sử Địa (Tập 3),94500,105000,10,5.0,5,65,Nguyễn Đình Đầu,NXB Trẻ,NXB Trẻ,,Bìa mềm,232,2020-03-02,Nhà sách Fahasa,available,1000,True,True,True
186877006,Sách Kho báu Kinh thành Huế sau ngày thất thủ Kinh đô,215700,279000,23,5.0,32,224,Francois Thierry,Thái Hà,Nhà Xuất Bản Hà Nội,,Bìa mềm,476,2022-06-01,Tiki Trading,available,1000,False,True,True
276280424,Sách Hà Nội thời cận đại từ nhượng địa đến thành phố (1873-1945),192500,250000,23,5.0,2,25,Đào Thị Diến,Nhã Nam,Nhà Xuất Bản Hà Nội,,Bìa mềm,528,,Tiki Trading,available,1000,False,True,True
273202450,Sách Di sản Hồ Chí Minh. 52 câu chuyện dưới cờ về Chủ tịch Hồ Chí Minh,61000,75000,19,5.0,1,21,Trần Văn Phương,NXB Trẻ,NXB Trẻ,,Bìa mềm,216,2023-11-06,Tiki Trading,available,1000,False,True,True
274364974,Sách Ả Đào,224200,299000,25,5.0,3,47,Bùi Trọng Hiền,Alphabooks,Nhà Xuất Bản Văn Học,,Bìa mềm,600,2024-08-03,Tiki Trading,available,1000,False,True,True
279121162,TRIỀU NGUYỄN VÀ LỊCH SỬ CỦA CHÚNG TA (tập hợp bài viết trên tạp chí Xưa và Nay)  - Omega Plus,245000,289000,15,0.0,0,0,nhieu tac gia,Omega Plus,Nhà Xuất Bản Hội Nhà Văn,,Bìa mềm tay gấp,516,,Omega Plus Books,available,1000,True,True,True
248650685,Sách Di Sản Hồ Chí Minh. Khắc Sâu Lời Bác,50000,60000,17,5.0,1,36,TS. Nguyễn Văn Khoan,NXB Trẻ,NXB Trẻ,,Bìa mềm,120,2023-04-05,Tiki Trading,available,1000,False,True,True
272305767,Những Trận Đánh Nổi Tiếng Của Dân Tộc Việt Nam Từ Khi Có Đảng Lãnh Đạo (Tái Bản 2023),66800,76000,12,5.0,1,17,,CÔNG TY CỔ PHẦN SÁCH TRÍ THỨC VIỆT,hong duc,,,,,Nhà sách Fahasa,available,1000,True,True,True
182541454,Sách Học Sinh Kể Chuyện Bác Hồ,52000,75000,31,5.0,1,42,Thy Ngọc,NXB Trẻ,NXB Trẻ,,Bìa mềm,156,2022-05-31,Tiki Trading,available,1000,False,True,True
262837513,Sách Việt Nam văn hoá sử cương (Bìa cứng),299000,390000,23,4.8,18,185,Đào Duy Anh,Đông A,Nhà Xuất Bản Văn Học,,Bìa cứng,368,2023-06-01,Tiki Trading,available,1000,False,True,True
273952377,Sách Nước Nam Một Thuở,198300,248000,20,0.0,0,14,,OMEGA PLUS+,Nhà Xuất Bản Mỹ Thuật,,Bìa cứng,216,2024-01-16,Tiki Trading,available,1000,False,True,True
111290696,Việt Nam Sử Lược (Ấn Bản Kỉ Niệm 100 Năm Xuất Bản Lần Đầu) (Tái Bản),594000,660000,10,5.0,27,81,Trần Trọng Kim,Đông A,Nhà Xuất Bản Văn Học,,Bìa cứng,656,,Cá Chép Bookstore,available,1000,True,True,True
177999529,Combo ĐẠI NAM THỰC LỤC - 10 TẬP (Gồm 3 Boxes Bìa Cứng),3900000,6000000,35,5.0,11,41,,VIETNAMBOOK,Nhà Xuất Bản Hà Nội,,Bìa cứng,9276,2022-05-03,VIETNAMBOOK,available,1000,True,True,True
274999005,Đại Nam Nhất Thống Chí (Bộ 5 Tập),612500,875000,30,5.0,1,11,Quốc sử quán triều Nguyễn,VIETNAMBOOK,Nhà Xuất Bản Thuận Hóa,,Bìa mềm,,2024-05-10,VIETNAMBOOK,available,1000,True,True,True
273384847,Sách Báo quân giải phóng Miền Nam Việt Nam,153000,200000,24,5.0,1,15,Hồ Sơn Đài,NXB Tổng Hợp TP. HCM,Nhà Xuất Bản Tổng hợp TP.HCM,,Bìa mềm,408,2023-11-01,Tiki Trading,available,1000,False,True,True
199177637,Sách Trò Chơi Của Trẻ Em Ở Bắc Kỳ,154000,200000,23,4.7,13,181,Ngô Quý Sơn,Nhã Nam,Nhà Xuất Bản Thế Giới,,Bìa mềm,230,2022-10-10,Tiki Trading,available,1000,False,True,True
275961332,Sách Di sản Hồ Chí Minh. Sức mạnh tư duy Hồ Chí Minh,72000,90000,20,5.0,1,29,Hồ Bá Thâm,NXB Trẻ,NXB Trẻ,,Bìa mềm,224,2024-08-26,Tiki Trading,available,1000,False,True,True
217696341,Sách Di Sản Hồ Chí Minh. Hồ Chí Minh Bàn Về Quân Sự,87000,105000,17,5.0,5,57,Hồ Chí Minh,NXB Trẻ,NXB Trẻ,,Bìa mềm,236,2023-02-02,Tiki Trading,available,1000,False,True,True
278916830,Sách Nam Phương -  Hoàng hậu cuối cùng của Việt Nam (TH250),212000,212000,0,0.0,0,6,Francois Joyaux,Nhà xuất bản Tổng hợp TP.HCM ,Nhà Xuất Bản Tổng hợp TP.HCM,,Bìa mềm tay gấp,424,2025-12-02,LITTLE BOOKS,available,1000,True,True,True
276256745,Lịch Sử Việt Nam Bằng Hình - Bìa Cứng,810000,900000,10,5.0,14,113,Đông A,dong a,Nhà Xuất Bản Đại Học Sư Phạm,,Bìa cứng,,2024-01-01,Nhà sách Fahasa,available,1000,True,True,True
275853532,Sách 100 Câu Hỏi Về Lịch Sử Chữ Quốc Ngữ,105000,135000,22,4.5,8,114,Phạm Thị Kiều Ly,Alphabooks,Nhà Xuất Bản Khoa Học Xã Hội,,Bìa mềm,256,2024-01-08,Tiki Trading,available,1000,False,True,True
34745639,Lĩnh Nam Chích Quái (Tái Bản 2019),332500,350000,5,4.8,22,188,"Tạ Huy Long, Tạ Huy Long ,  Trần Thế Pháp,  Kiều Phú,  Đinh Gia Khánh,  Nguyễn Ngọc San,  Vũ Quỳnh",NXB Kim Đồng,,,,,,Nhà sách Fahasa,available,1000,True,True,True
277228157,Sách Nguyễn Văn Hầu - Những tác phẩm khảo cứu (Trọn bộ 6 cuốn),363000,520000,30,4.7,7,52,Nguyễn Văn Hầu,NXB Trẻ,NXB Trẻ,,Bìa mềm,,2025-02-05,Tiki Trading,available,1000,False,True,True
278901766,Sách Xứ Đàng Trong - Lịch Sử Kinh Tế Xã Hội Việt Nam Thế Kỷ 17 - 18,112000,150000,25,4.0,1,12,Li Tana,NXB Trẻ,NXB Trẻ,,Bìa mềm,284,,Tiki Trading,available,1000,False,True,True
276851864,Tranh Lịch Sử 4.000 Năm Việt Nam - THBooks (Khổ 60x80cm),45700,45700,0,4.8,4,57,,THBooks,Nhà Xuất Bản Hà Nội,,Bìa mềm,1,2024-12-28,THBooks,available,1000,True,True,True
278937441,Sách Lịch sử Việt Nam bằng tranh - Tây Sơn khởi nghiệp (Bản màu),53900,65000,17,4.5,2,7,Trần Bạch Đằng,NXB Trẻ,NXB Trẻ,,Bìa mềm,88,2025-12-11,Tiki Trading,available,1000,False,True,True
278725899,Hậu Khoa Cử - Nam Tính Và Thẩm Mỹ Hiện Đại Ở Việt Nam Thời Thuộc Địa,140700,199000,29,0.0,0,27,nhieu tac gia,Alpha Books,Nhà Xuất Bản Thế Giới,,,,,Tiki Trading,available,1000,False,True,True
278802826,Sách : Hồi ký của Decoux ở Đông Dương trong những năm 1940 - 1945,385000,385000,0,5.0,1,9,,Công ty Cổ phần phân phối và phát hành sách miền Trung,Nhà Xuất Bản Thuận Hóa,,Bìa mềm,,,Sách Miền Trung,available,1000,True,True,True
249876845,Sách Di sản Hồ Chí Minh - Đặc sắc văn hóa Hồ Chí Minh,96000,115000,17,5.0,1,17,Nguyễn Gia Nùng,NXB Trẻ,NXB Trẻ,,Bìa mềm,284,2023-04-06,Tiki Trading,available,1000,False,True,True
279181443,Đại Nam Thực Lục Việt Trung Quan Hệ Vựng Biên,118750,125000,5,5.0,1,3,Nguyễn Phúc An,Nhà xuất bản Tổng hợp TP.HCM ,Nhà Xuất Bản Tổng hợp TP.HCM,,Bìa mềm,216,2026-02-13,Nhà sách NetaBooks,available,1000,True,True,True
24390487,Sách Mỹ Sơn Vùng Đất Thiêng Vương Quốc Cổ Champa,101400,169000,40,4.7,19,151,Lê Đình Phụng,Khang Việt Book,Nhà Xuất Bản Khoa Học Xã Hội,,Bìa mềm,352,2019-07-01,khangvietbook,available,1000,True,True,True
76227495,Sách Người Việt Với Biển,254000,339000,25,5.0,9,32,Nguyễn Văn Kim,Công ty TNHH Quốc Tế Mai Hà,Nhà Xuất Bản Thế Giới,,Bìa mềm,660,2020-12-01,MaiHaBooks,available,1000,True,True,True
272123979,Sách An Nam Thời Xưa,150000,150000,0,0.0,0,0,Pierre Pasquier,Nhã Nam,Nhà Xuất Bản Thế Giới,,Bìa mềm,394,,FishingBook,available,1000,True,True,True
278967597,Sách - Lược Sử Về Tình Bạn - Khám phá bản năng gắn kết của loài người - Lydia Denworth - Bách Việt,132000,182000,27,4.5,2,11,nhieu tac gia,Bách Việt,Nhà Xuất Bản Lao Động,,Bìa mềm,384,2025-12-16,Tiki Trading,available,1000,False,True,True
272003018,Sách Sử Ta - Chuyện Xưa Kể Lại Tập 3,69000,70000,1,4.5,10,16,Nguyễn Huy Thắng – Nguyễn Như Mai – Nguyễn Quốc Tín,NXB Kim Đồng,Nhà Xuất Bản Kim Đồng,,Bìa mềm,300,,Tiki Trading,available,1000,False,True,True
216090625,Sách Việt sử tiêu án (Từ hồng bàng đến ngoại thuộc nhà Minh),112200,150000,25,5.0,18,108,Ngô Gia Văn Phái,Nhà sách Minh Thắng,Nhà Xuất Bản Hồng Đức,,Bìa mềm,464,2022-12-01,Tiki Trading,available,1000,False,True,True
272003064,Sách Sử Ta - Chuyện Xưa Kể Lại Tập 4,86000,90000,4,5.0,17,18,Nguyễn Huy Thắng – Nguyễn Như Mai – Nguyễn Quốc Tín,NXB Kim Đồng,Nhà Xuất Bản Kim Đồng,,Bìa mềm,384,,Tiki Trading,available,1000,False,True,True
1647133,Sách Thiệu Bảo Bình Nguyên 03: Sơn Hà Rực Lửa,69000,93000,26,5.0,10,259,Hồng Thái,NXB Trẻ,,,Bìa mềm,206,2018-01-03,Tiki Trading,available,1000,False,True,True
183539215,Sách Trần Triều Nhàn Thoại,95000,119000,20,5.0,75,519,Đồng Lạc,Tri Thức Trẻ Books,Nhà Xuất Bản Hội Nhà Văn,,Bìa mềm,268,2022-06-06,Tiki Trading,available,1000,True,True,True
278872168,Sách Kiến Tạo Thành Phố Hồ Chí Minh Thành Siêu Đô Thị,234000,300000,22,5.0,3,4,TS. Nguyễn Thành Phong,Nhà xuất bản Tổng hợp TP.HCM ,Nhà Xuất Bản Tổng hợp TP.HCM,,Bìa cứng,492,,Tiki Trading,available,1000,False,True,True
504727,Sách Tạp Ghi Việt Sử Địa,152000,180000,16,5.0,1,101,Nguyễn Đình Đầu,NXB Trẻ,NXB Trẻ,,Bìa mềm,350,2024-12-06,Tiki Trading,available,1000,False,False,True
278381188,Sách Lịch Sử Việt Nam Bằng Tranh: Thành Lập Nhà Trần (Bản Màu),48000,65000,26,0.0,0,12,"Trần Bạch Đằng, Tôn Nữ Quỳnh Trân, Nguyễn Đức Hòa",NXB Trẻ,NXB Trẻ,,,80,2025-08-01,Tiki Trading,available,1000,False,True,True
278500642,Sách Vang Vọng Hào Khí Tháng Tám - Mùa Thu Độc Lập,165000,225000,27,5.0,1,14,Đỗ Hoàng Linh,Huy Hoàng Bookstore,Nhà Xuất Bản Văn Học,,Bìa mềm,328,,Tiki Trading,available,1000,False,True,True
277397100,Sách Những Đỉnh Núi Du Ca - TB2025,172000,235000,27,5.0,2,27,Nguyễn Mạnh Tiến,Tao Đàn,Nhà Xuất Bản Hội Nhà Văn,,Bìa mềm,410,2025-02-25,Tiki Trading,available,1000,False,True,True
274843775,"Sách Di sản Hồ Chí Minh. Hồ Chí Minh với ý chí tự lực, tự cường và khát vọng phát triển đất nước phồn vinh, hạnh phúc",58000,80000,28,0.0,0,9,Vũ Trung Kiên,NXB Trẻ,NXB Trẻ,,Bìa mềm,184,2024-04-26,Tiki Trading,available,1000,False,True,True
278744248,Biển Đông Trong Quan Hệ Quốc Tế Hiện Nay Và Đối Sách Của Việt Nam (Sách Chuyên Khảo),130000,130000,0,0.0,0,8,PGS.TS. Trần Thị Lan Hương (Chủ biên),Nhà Xuất Bản Khoa Học Xã Hội,Nhà Xuất Bản Khoa Học Xã Hội,,Bìa mềm tay gấp,320,2025-10-11,VIETNAMBOOK,available,1000,True,True,True
274563064,Đại Việt Sử Ký Toàn Thư - Trọn Bộ - Bìa Cứng (Tái Bản 2024 ),228200,275000,17,5.0,1,26,Cao Huy Giu,Nhà sách Minh Thắng,hong duc,,,,,Nhà sách Fahasa,available,1000,True,True,True
556801,Sách Xã Hội Việt Nam Từ Thế Kỷ XVII (Tái Bản),43500,60000,28,5.0,23,372,Nguyễn Trọng Phấn,NXB Tổng Hợp,Nhà Xuất Bản Tổng hợp TP.HCM,,Bìa mềm,188,2016-11-04,Tiki Trading,available,1000,False,True,True
136067556,Sách: QUỐC TRIỀU CHÁNH BIÊN ( Top sách văn học hay về câu chuyện lịch sử/ Tặng kèm Bookmark),229500,229500,0,5.0,1,6,,Nhã Nam,Nhà Xuất Bản Thế Giới,,,,,AHABOOKS,available,1000,True,True,True
1007131,Sách Tạp Ghi Việt Sử Địa (Tập 2),135000,150000,10,5.0,4,11,Nguyễn Đình Đầu,NXB Trẻ,,,Bìa mềm,352,,Nhà sách Fahasa,available,1000,True,True,True
275402815,Sách Di sản Hồ Chí Minh. Bác Hồ thời niên thiếu ở Huế,34000,40000,15,5.0,1,20,Nguyễn Đắc Xuân,NXB Trẻ,NXB Trẻ,,Bìa mềm,82,2020-07-01,Tiki Trading,available,1000,False,True,True
277232139,Kết Thức Cuộc Chiến 30 Năm - Thượng tướng Trần Văn Trà,253000,253000,0,4.2,5,42,,VIETNAMBOOK,Nhà Xuất Bản Quân Đội Nhân Dân,,Bìa mềm tay gấp,460,2025-02-03,VIETNAMBOOK,available,1000,True,True,True
279106139,"[Bộ Cảo Thơm, bìa cứng] VIỆT ĐIỆN U LINH TẬP – Lý Tế Xuyên – Đào Phương Chi dịch – NXB Trẻ",257300,310000,17,0.0,0,3,Lý Tế Xuyên,NXB Trẻ,NXB Trẻ,,Bìa cứng,452,,Nhà Xuất Bản Trẻ,available,1000,True,True,True
185654007,Lịch Sử Việt Nam Từ Nguồn Gốc Đến Thế Kỷ XIX (Bìa Mềm),127500,150000,15,5.0,2,9,Đào Duy Anh,Nhà sách Minh Thắng,Nhà Xuất Bản Dân Trí,,,,,Nhà sách Fahasa,available,1000,True,True,True
276059424,Cuộc Đời Tướng Tình Báo Sáu Trí - Nguyễn Văn Khiêm,206000,206000,0,1.0,1,11,,Nhà xuất bản Tổng hợp TP.HCM ,Nhà Xuất Bản Tổng hợp TP.HCM,,,,,LITTLE BOOKS,available,1000,True,True,True
279159348,Sách - Muôn hạng dân Bắc Kỳ: Types Tonkinois (bìa cứng) (Nhã Nam HCM),108240,123000,12,0.0,0,2,Louis Bonnafont,Nhã Nam,Nhà Xuất Bản Thế Giới,,Bìa cứng,164,2026-02-02,Nhã Nam HCM,available,1000,True,True,True
217696337,"Sách Hồ Chí Minh Với Ý Chí Tự Lực, Tự Cường Và Khát Vọng Phát Triển Đất Nước Phồn Vinh, Hạnh Phúc",60000,80000,25,5.0,1,22,Vũ Trung Kiên,NXB Trẻ,NXB Trẻ,,Bìa mềm,184,2023-02-02,Tiki Trading,available,1000,False,True,True
277591289,Sách Quân Sư Đào Duy Từ (Ngàn Năm Sử Việt – Nhà Lê Trung Hưng),64000,70000,9,0.0,0,14,Vũ Ngọc Tiến,Nhà Xuất Bản Kim Đồng,Nhà Xuất Bản Kim Đồng,,Bìa mềm,272,2025-01-01,Tiki Trading,available,1000,False,True,True
207852930,Sách LỊCH SỬ VIỆT NAM BẰNG TRANH - BOXSET,1684000,1960000,14,5.0,29,353,Trần Bạch Đằng,NXB Trẻ,NXB Trẻ,,Bìa mềm,,2022-11-01,Tiki Trading,available,1000,False,True,True
279196810,Làng nghề truyền thống dưới góc nhìn của người nước ngoài,269100,299000,10,0.0,0,0,nhieu tac gia,Công ty TNHH Quốc Tế Mai Hà,Nhà Xuất Bản Tri Thức,,Bìa mềm tay gấp,492,,VIETNAMBOOK,available,1000,True,True,True
270677448,Sách Quân đội Tây Sơn: Lịch sử bằng hình ảnh,245000,330000,26,4.5,4,60,Đào Nguyên Khánh,NXB Trẻ,NXB Trẻ,,Bìa cứng,188,2023-07-27,Tiki Trading,available,1000,False,True,True
277582342,(Combo 2 cuốn) TRONG CƠN GIÓ LỐC - TRƯỚC NGƯỠNG CỬA BÌNH MINH – Khuất Quang Thuỵ - Vietnambook – NXB Quân Đội Nhân Dân,333750,445000,25,5.0,1,14,,VIETNAMBOOK,Nhà Xuất Bản Quân Đội Nhân Dân,,Bìa mềm,808,,VIETNAMBOOK,available,1000,True,True,True
1667501,Sách Kinh Tế Và Xã Hội Việt Nam Dưới Các Vua Triều Nguyễn,60000,60000,0,4.3,7,53,Nguyễn Thế Anh,Công Ty TNHH Thư Lâm,Nhà Xuất Bản Tổng hợp TP.HCM,,Bìa mềm,301,2018-01-01,Chính Thông,available,1000,True,True,True
278668614,Sách Một Thời Hoa Lửa - Câu Chuyện Về Một Thế Hệ Đã Làm Nên Huyền Thoại,113000,150000,25,5.0,1,11,Nhiều tác giả,NXB Trẻ,NXB Trẻ,,Bìa mềm,360,2025-09-22,Tiki Trading,available,1000,False,True,True
277742023,Kho tàng truyện cổ tích Việt Nam  (Bộ 2 quyển),897000,1200000,25,5.0,13,97,Nguyễn Đổng Chi,Công Ty Cổ Phần Văn Hóa Đông A,Nhà Xuất Bản Hội Nhà Văn,,Bìa cứng,1096,2025-04-25,Tiki Trading,available,1000,False,True,True
80417215,Sách Việt Nam Sử Lược (Bìa Mềm) (Tái Bản),106000,160000,34,5.0,35,149,Trần Trọng Kim,Nhà sách Minh Thắng,Nhà Xuất Bản Văn Học,,Bìa mềm,700,2020-12-15,Tiki Trading,available,1000,False,True,True
194103345,Sách Đại Việt sử ký toàn thư (Boxset 2 Quyển),1963000,2500000,21,4.6,31,178,Nhiều tác giả,Công Ty Cổ Phần Văn Hóa Đông A,Nhà Xuất Bản Văn Học,,Bìa cứng,1768,2022-08-01,Tiki Trading,available,1000,False,True,True
278055563,Sách Sông Đà: Lịch Sử Một Vùng Biên Cảnh Việt Nam,291200,399000,27,5.0,13,129,Philippe Le Failler,Omega Plus,Nhà Xuất Bản Hồng Đức,,Bìa mềm,660,2025-06-10,Tiki Trading,available,1000,False,True,True
278892843,Nam Phương - Hoàng hậu cuối cùng của Việt Nam,212500,250000,15,5.0,1,6,nhieu tac gia,Nhà xuất bản Tổng hợp TP.HCM ,Nhà Xuất Bản Tổng hợp TP.HCM,,,424,,NXB TỔNG HỢP,available,1000,True,True,True
249392700,Sách Chuyên Đề Hiểu Việt Nam Số 1,195000,250000,22,4.5,8,73,Nhiều tác giả,Tao Đàn,Nhà Xuất Bản Hội Nhà Văn,,Bìa mềm,230,2023-04-04,Tiki Trading,available,1000,False,True,True
189642776,Sách LỰC LƯỢNG MÃNH HỔ - Cuộc điều tra không khoan nhượng về tội ác chiến tranh năm 1967 ở miền Trung Việt Nam,286000,286000,0,5.0,5,22,"Michael Sallah, Mitch Weiss",Phương Nam Book,Nhà Xuất Bản Thế Giới,,Bìa mềm,472,2022-01-01,Nhà sách NetaBooks,available,1000,True,True,True
274454423,Đại Tướng Lê Trọng Tấn Với Chiến Dịch Điện Biên Phủ (Hồi Ký),122000,122000,0,5.0,1,3,,VIETNAMBOOK,Nhà Xuất Bản Quân Đội Nhân Dân,,Bìa mềm tay gấp,240,2024-03-12,NHÀ SÁCH HÀ THÀNH,available,1000,True,True,True
276928647,Phật Giáo - Trần Trọng Kim,93500,110000,15,0.0,0,6,Trần Trọng Kim,Nhà xuất bản Tổng hợp TP.HCM ,Nhà Xuất Bản Tổng hợp TP.HCM,,,,,NXB TỔNG HỢP,available,1000,True,True,True
1647129,Sách Thiệu Bảo Bình Nguyên 01: Điệp Vụ Thám Báo,76000,80000,5,5.0,3,14,Hồng Thái,NXB Trẻ,,,Bìa mềm,206,2018-01-03,Nhà sách Fahasa,available,1000,True,True,True
278916853,Sách Tả quân Lê Văn Duyệt với vùng đất Nam Bộ - TH170,144000,144000,0,0.0,0,4,nhieu tac gia,Nhà xuất bản Tổng hợp TP.HCM ,Nhà Xuất Bản Tổng hợp TP.HCM,,,280,2025-11-01,LITTLE BOOKS,available,1000,True,True,True
1647135,Sách Thiệu Bảo Bình Nguyên 04: Khúc Tráng Ca Mùa Hạ,92100,97000,5,5.0,2,7,Hồng Thái,NXB Trẻ,,,Bìa mềm,206,2018-01-03,Nhà sách Fahasa,available,1000,True,True,True
109470045,Lê Mạt Sự Ký: Sự Suy Tàn Của Triều Lê Cuối Thế Kỷ XVIII (Bìa Cứng) - Tái Bản 2020,328500,328500,0,5.0,7,27,Nguyễn Duy Chính,Dtbooks,nxb khoa hoc xa hoi,,Bìa cứng,423,2021-06-30,DTBOOKS,available,1000,True,True,True
279085677,VÕ VĂN KIỆT - TRÍ TUỆ VÀ SÁNG TẠO - Hoàng Lại Giang - Omega Plus,343000,382000,10,0.0,0,0,Hoàng Lại Giang,Omega Plus,Nhà Xuất Bản Chính Trị Quốc Gia Sự Thật,,Bìa mềm,644,,Alpha Books Official,available,1000,True,True,True
279188145,"(Tặng kèm Bookmark) CM-12 PHÍA SAU KẾ HOẠCH PHẢN GIÁN - Thiếu tướng Nguyễn Khắc Đức - Nguyên Cục trưởng Cục Kỹ thuật nghiệp vụ I, Tổng cục An ninh, Bộ Công an – WAKA – NXB Công An Nhân Dân",209000,209000,0,5.0,1,11,Nguyễn Khắc Đức,Công ty Cổ phần Sách điện tử Waka,Nhà Xuất Bản Công An Nhân Dân,,Bìa mềm tay gấp,508,,BÌNH BÁN BOOK,available,1000,True,True,True
248789298,Việt Nam Sử Lược - Bản Đặc Biệt (Tái Bản),237500,250000,5,5.0,1,4,Trần Trọng Kim,Nhà Xuất Bản Kim Đồng,Nhà Xuất Bản Kim Đồng,,,,,Nhà sách Fahasa,available,1000,True,True,True
276525607,Sách Nước Đại Nam đối diện với Pháp và Trung Hoa 1847 - 1885,123200,160000,23,5.0,7,62,Yoshiharu Tsuboi,Nhã Nam,Nhà Xuất Bản Tri Thức,,Bìa mềm,424,,Tiki Trading,available,1000,False,True,True
168962625,Sách Nam Kỳ Và Cư Dân Các Tỉnh Miền Đông,209300,299000,30,5.0,29,155,J.C.Baurac,OMEGA PLUS+,Nhà Xuất Bản Tổng hợp TP.HCM,,Bìa cứng,516,2022-03-03,Tiki Trading,available,1000,False,True,True
279064931,Gốc Tích Nhà Tây Sơn (Bìa mềm),220000,220000,0,0.0,0,2,Nguyễn Duy Chính,Cty Cửu Đức,Nhà Xuất Bản Đại Học Sư Phạm,,Bìa mềm,271,,BOOKCITY.VN,available,1000,True,True,True
279097463,Lịch Sử Quan Hệ Hai Bên Biên Giới Trên Đất Liền Việt Nam - Trung Quốc Từ Năm 1945 Đến Năm 1979 (Sách chuyên khảo),158400,176000,10,0.0,0,2,PGS. TS. Đinh Quang Hải,Nhà Xuất Bản Khoa Học Xã Hội,Nhà Xuất Bản Khoa Học Xã Hội,,Bìa mềm,488,2025-12-25,VIETNAMBOOK,available,1000,True,True,True
279066628,Sách - Họ và tên - Một lịch sử nhìn từ danh tính người Việt (Bìa mềm) (Trần Quang Đức) (Nhã Nam HCM),289520,329000,12,0.0,0,26,Trần Quang Đức,Nhã Nam,Nhà Xuất Bản Thế Giới,,Bìa mềm,373,2026-01-08,Nhã Nam HCM,available,1000,True,True,True
8287412,[Combo] Chính Sách Giáo Dục Nam Kỳ Cuối Thế Kỷ 19 & Giáo Dục Mới Tại Việt Nam Thập Niên 1940,135000,208000,35,4.6,8,82,"Etienne Francois Aymonier, Emile Roucoules",PHANBOOK,Nhà Xuất Bản Thế Giới,,,,,PHAN LỆ & FRIENDS,available,1000,True,True,True
276949767,Lược Sử Vùng Đất Nam Bộ Việt Nam (Tái bản 2025),43500,58000,25,5.0,2,27,Vũ Minh Giang,VIETNAMBOOK,Nhà Xuất Bản Tri Thức,,Bìa mềm tay gấp,104,2025-01-06,VIETNAMBOOK,available,1000,True,True,True
51285052,Sách Ngoại Giao Giữa Việt Nam Và Các Nước Phương Tây Dưới Triều Nguyễn (1802 - 1858),89000,99000,10,5.0,14,97,Trần Nam Tiến,Công Ty Cổ Phần Tri thức Văn Hóa Sách Việt Nam,Nhà Xuất Bản Khoa Học Xã Hội,,Bìa mềm,260,2020-03-24,MaiHaBooks,available,1000,True,True,True
275874243,Bộ sách Góc Nhìn Sử Việt: Cao Bá Quát/Việt Hoa Bang Giao Sử/Bánh Xe Khứ Quốc/Giọt Máu Sau Cùng/Lương Ngọc Quyến/Nguyễn Tri Phương...,51600,69000,25,5.0,1,29,Nhiều tác giả,Alphabooks,Nhà Xuất Bản Hồng Đức,,Bìa mềm,,2024-05-15,Tiki Trading,available,1000,False,True,True
4484169,Sách Một Chuyến Du Hành Đến Xứ Nam Hà (1792-1793),89100,99000,10,5.0,2,19,John Barrow,Omega Plus,,,Bìa mềm,184,2018-09-12,Nhà sách Fahasa,available,1000,True,True,True
273476667,Sách Văn minh Việt Nam,106260,138000,23,5.0,5,107,Nguyễn Văn Huyên,Nhã Nam,Nhà Xuất Bản Hội Nhà Văn,,Bìa mềm,324,2023-11-15,Tiki Trading,available,1000,False,True,True
159597208,Lê Quý Dật Sử,179000,239000,25,5.0,9,49,Viện Sử học,Công ty TNHH Quốc Tế Mai Hà,Nhà Xuất Bản Khoa Học Xã Hội,,Bìa cứng,220,2022-01-17,MaiHaBooks,available,1000,True,True,True
214598586,Sách Mậu Thân 1968 - Một Thiên Hùng Ca,184000,240000,23,5.0,9,74,Câu lạc bộ truyền thống Thành Đoàn,NXB Trẻ,NXB Trẻ,,Bìa mềm,444,2023-01-01,Tiki Trading,available,1000,False,True,True
279113662,Nhà Nước Và Quyền Lực Chính Trị Ở Việt Nam Đầu Thế Kỷ XIX,230000,230000,0,0.0,0,4,Vũ Đức Liêm,NXB Đại Học Sư Phạm,Nhà Xuất Bản Đại Học Sư Phạm,,Bìa mềm,340,2025-12-25,VIETNAMBOOK,available,1000,True,True,True
278700366,Tấm lòng với đất nước (Xuất bản lần thứ hai),292000,292000,0,0.0,0,3,Nguyễn Thị Bình,Nhà Xuất Bản Chính Trị Quốc Gia Sự Thật,Nhà Xuất Bản Chính Trị Quốc Gia Sự Thật,,Bìa mềm,624,2025-07-08,Tiệm sách Đồng Muối,available,1000,True,True,True
278743271,Quan hệ Việt Nam - Trung Hoa dưới triều Thanh (Bìa cứng),660000,660000,0,0.0,0,5,Lại Tông Thành,Cty Cửu Đức,Nhà Xuất Bản Thông Tin Và Truyền Thông,,Bìa cứng,824,,BOOKCITY.VN,available,1000,True,True,True
275158826,Sách Tam quốc lầy lội diễn nghĩa tập 1,145530,189000,23,4.8,8,131,Trần Lỗi,Nhã Nam,Nhà Xuất Bản Hội Nhà Văn,,Bìa mềm,360,2024-05-31,Tiki Trading,available,1000,False,True,True
177818265,Việt nam thế kỷ X - những mảnh vỡ lịch sử ,198000,198000,0,4.8,4,36,, NXB Đại Học Sư Phạm,Nhà Xuất Bản Đại Học Sư Phạm,,,,,NXB Đại học Sư phạm,available,1000,True,True,True
274541019,Khâm Định Việt Sử Thông Giám Cương Mục (Trọn bộ 7 tập) (Tái bản 2024) - Quốc Sử Quán Triều Nguyễn,802900,1147000,30,5.0,5,55,Quốc sử quán triều Nguyễn,VIETNAMBOOK,Nhà Xuất Bản Hà Nội,,Bìa mềm tay gấp,1910,2024-03-19,VIETNAMBOOK,available,1000,True,True,True
277043038,Truyện sử Trần,94350,118000,20,4.8,5,55,Trần Thanh Cảnh,Công Ty TNHH Sách Và Truyền Thông Việt Nam,Nhà Xuất Bản Hội Nhà Văn,,Bìa mềm,228,2025-01-15,Tiki Trading,available,1000,True,True,True
48025785,Sách Lịch Sử Vương Quốc Đàng Ngoài (Bìa Mềm)(Tái Bản 2020),150400,169000,11,4.8,5,32,Alexandre de Rhodes,DT Books,Nhà Xuất Bản Khoa Học Xã Hội,,Bìa mềm,345,2020-01-02,Nhà sách Fahasa,available,1000,True,True,True
276526914,"Lịch sử Quân sự Việt Nam, tập 4 - Hoạt động quân sự thời Trần (1226 - 1400) bản in 2024",177000,177000,0,5.0,1,3,Viện Lịch Sử Quân Sự Việt Nam,Nhà Xuất Bản Chính Trị Quốc Gia Sự Thật,Nhà Xuất Bản Chính Trị Quốc Gia Sự Thật,,,,,ST Book,available,1000,True,True,True
92564135,Sách Hoàng Việt Hình Luật,118700,125000,5,0.0,0,5,Nhiều tác giả,Nhã Nam,Nhà Xuất Bản Hồng Đức,,Bìa cứng,388,2021-04-01,Nhà sách Fahasa,available,1000,True,True,True
279085441,"ĐƠN VỊ HÀNH CHÍNH VIỆT NAM SAU SẮP XẾP VÀ VẬN HÀNH CHÍNH QUYỀN ĐỊA PHƯƠNG HAI CẤP – Nguyễn Thái Bình, Trương Hải Long – NXB CTQG Sự thật",161000,161000,0,0.0,0,3,nhieu tac gia,Nhà Xuất Bản Chính Trị Quốc Gia Sự Thật,Nhà Xuất Bản Chính Trị Quốc Gia Sự Thật,,Bìa mềm,334,,BÌNH BÁN BOOK,available,1000,True,True,True
278115896,Sách - Binh Thư Yếu Lược - Hưng Đạo Vương,150000,150000,0,0.0,0,6,,Công ty TNHH Tiên Phong Books,Nhà Xuất Bản Đồng Nai,,Bìa mềm,,,Tiên Phong Books Việt Nam,available,1000,True,True,True
278190630,Sách - Nước Anh Qua Các Thời Đại - Từ Cuộc Chiến Chống Julius Caesar Tới Đế Chế Toàn Cầu - Bìa Cứng (Tái Bản 2025),427500,570000,25,5.0,2,8,,Công ty TNHH Truyền Thông và Giáo Dục Lyceum,Nhà Xuất Bản Đồng Nai,,Bìa mềm,,2023-12-21,Nhà sách Fahasa,available,1000,True,True,True
279237394,"Sách Lịch Sử - Việt Sử Kiêu Hùng Quyển 3, GNHBooks – Vua Quang Trung Sấm Động Lam Sơn, Tây Sơn Thần Tốc, Bìa Cứng",295000,359000,18,0.0,0,1,Thành Châu - Vũ Quang,Công ty Cổ phần Tư vấn Giáo dục Bách Khoa,Nhà xuất bản Khoa học - Công nghệ - Truyền thông,,Bìa cứng,240,2025-10-21,GNHBooks Sách Tinh Hoa,available,1000,True,True,True
278945005,(Combo 2 cuốn) ĐẠI NAM THỰC LỤC TIỀN BIÊN; ĐẠI NAM LIỆT TRUYỆN TIỀN BIÊN  - Quốc sử quán triều Nguyễn – NXB ĐHSP ,740000,740000,0,0.0,0,5,Quốc sử quán triều Nguyễn,NXB Đại Học Sư Phạm,Nhà Xuất Bản Đại Học Sư Phạm,,Bìa mềm,988,,BÌNH BÁN BOOK,available,1000,True,True,True
261985965,Sách Nhìn lại xứ Gia Định và cuộc nội chiến Tây Sơn - Nguyễn Ánh (1777 – 1789) (TB2023),93000,125000,26,5.0,6,58,Nguyễn Hữu Hiếu,NXB Tổng hợp TP.HCM,Nhà Xuất Bản Tổng hợp TP.HCM,,Bìa mềm,320,2023-01-01,Tiki Trading,available,1000,False,True,True
278883070, HÀNH TRÌNH CỦA TRẦN ĐỨC THẢO - Hiện tượng học và chuyển giao văn hóa  - JOCELYN BENOIST và MICHEL ESPAGNE Chủ biên – NXB ĐHSP,295000,295000,0,5.0,1,8,Nhiều dịch giả,NXB Đại Học Sư Phạm,Nhà Xuất Bản Đại Học Sư Phạm,,Bìa cứng,888,,BÌNH BÁN BOOK,available,1000,True,True,True
276383748,Sách Lịch sử văn hóa biển Việt Nam,350000,468000,25,4.5,2,16,Nguyễn Chí Bền,Công Ty TNHH Sách Và Truyền Thông Việt Nam,Nhà Xuất Bản Khoa Học Xã Hội,,Bìa mềm,452,2024-10-15,Tiki Trading,available,1000,True,True,True
166453283,Nguyễn Trường Tộ - Con người và Di thảo,171000,285000,40,5.0,3,35,, NXB Hồng Đức,Nhà Xuất Bản Hồng Đức,,Bìa cứng,610,2022-01-31,SÁCH ĐẠI NAM,available,1000,True,True,True
277181317,"BỘ 4 CUỐN NHỮNG BIỂU TƯỢNG ĐẶC TRƯNG TRONG VĂN HÓA TRUYỀN THỐNG VIỆT NAM: Các Bộ Biểu Tượng, Các Vị Thần, Các Linh Vật, Các Vị Tổ - Đinh Hồng Hải - Lyceum",105000,105000,0,0.0,0,7,Đinh Hồng Hải,Công ty TNHH Truyền Thông và Giáo Dục Lyceum,Nhà Xuất Bản Văn Học,,Bìa mềm,989,,SÁCH ĐẠI NAM,available,1000,True,True,True
812793,Sách Bộ Tám Triều Vua Lý (4 Tập),626100,785001,20,4.5,79,684,Hoàng Quốc Hải,NXB Phụ Nữ Việt Nam,Nhà Xuất Bản Phụ Nữ,,Bìa mềm,3110,2017-11-24,Tiki Trading,available,1000,False,True,True
276949748,Vùng Đất Nam Bộ Từ Cội Nguồn Đến Thế Kỷ VII ,121500,162000,25,5.0,1,10,Vũ Minh Giang,VIETNAMBOOK,Nhà Xuất Bản Tri Thức,,Bìa mềm tay gấp,292,2025-01-06,VIETNAMBOOK,available,1000,True,True,True
16309369,Sách Việt Nam Sử Lược (Bìa Mềm),132350,132350,0,5.0,1,49,Trần Trọng Kim,Nhà sách Minh Thắng,Nhiều Nhà Xuất Bản,,Bìa mềm,700,2018-01-01,Phương Đông Books,available,1000,True,True,True
16309049,Sách Việt Nam Sử Lược (Bìa Cứng),170500,170500,0,5.0,4,21,Trần Trọng Kim,Nhà sách Minh Thắng,Nhà Xuất Bản Văn Học,,Bìa cứng,700,2018-01-01,AHABOOKS,available,1000,True,True,True
276256755,Nexus - Lược Sử Của Những Mạng Lưới Thông Tin Từ Thời Đại Đồ Đá Đến Trí Tuệ Nhân Tạo,260000,325000,20,5.0,52,641,Yuval Noah Harari,Alpha Books,Nhà Xuất Bản Thế Giới,,Bìa mềm,,2023-12-21,Nhà sách Fahasa,available,1000,True,True,True
263648724,Combo 3 cuốn Đại Cương Lịch Sử Việt Nam Tập 1 + Tập 2 + Tập 3,365000,365000,0,0.0,0,4,,Công Ty Cổ Phần Sách Đại Học - Dạy Nghề,Nhà Xuất Bản Giáo Dục Việt Nam,,,,,Cửa hàng Sách HEVOBOOKS,available,1000,True,True,True
279067162,"(Bìa cứng, Chữ ký tác giả, In giới hạn 500c) HỌ VÀ TÊN – Một Lịch Sử Nhìn Từ Danh Tính Người Việt – Trần Quang Đức – Nhã Nam",436000,436000,0,0.0,0,9,Trần Quang Đức,Nhã Nam,Nhà Xuất Bản Thế Giới,,Bìa cứng,373,,BÌNH BÁN BOOK,available,1000,True,True,True
278500639,Chủ Tịch Hồ Chí Minh - Hành Trình Đến Thắng Lợi (Sách Ảnh),167000,225000,26,5.0,1,11,Đỗ Hoàng Linh,Huy Hoàng Bookstore,Nhà Xuất Bản Văn Học,,Bìa cứng,192,,Tiki Trading,available,1000,False,True,True
1731773,Sách Tiếng Việt Lịch Sử Trước Thế Kỷ XX - Những Vấn Đề Quan Yếu,224000,320000,30,5.0,9,145,Đinh Văn Đức,VIETNAMBOOK,Nhà Xuất Bản Đại Học Quốc Gia Hà Nội,,Bìa cứng,580,2018-01-01,VIETNAMBOOK,available,1000,True,True,True
569808,Sách Chế Độ Thực Dân Pháp Trên Đất Nam Kỳ (1859-1954) (Tập 1) (Tái Bản),129000,160000,19,4.8,50,569,TG Nguyễn Đình Tư,NXB Tổng Hợp,Nhà Xuất Bản Tổng hợp TP.HCM,,Bìa mềm,562,2017-01-05,Tiki Trading,available,1000,False,True,True
44806225,Cơ cấu Kinh Tế Xã Hội Việt Nam Thời Thuộc Địa (1858-1945),115500,165000,30,5.0,16,144,GS.TS.Nguyễn Văn Khánh,Công Ty Cổ Phần Tri thức Văn Hóa Sách Việt Nam,,,Bìa mềm,320,2019-12-12,VIETNAMBOOK,available,1000,True,True,True
10678492,Việt sử lược,125000,125000,0,4.6,18,196,Trần Quốc Vượng,Nhà Sách 30 Hàn Thuyên,,,Bìa mềm,264,2019-01-26,Nhà sách 30 Hàn Thuyên,available,1000,True,True,True
277927274,Sách Kể Chuyện Điện Biên Phủ (Minh Họa Màu),54100,60000,10,5.0,1,12,"Hữu Mai, Nguyễn Thế Phương",Nhà Xuất Bản Kim Đồng,Nhà Xuất Bản Kim Đồng,,Bìa mềm,52,2025-01-05,Tiki Trading,available,1000,False,True,True
277214208,Sách - Kỹ Thuật Làm Bánh Ngọt - Ngẫu Hứng Cùng Cake - NXB Phụ Nữ,80000,80000,0,0.0,0,1,,Nhà xuất bản Phụ Nữ Việt Nam,Nhà Xuất Bản Phụ Nữ Việt Nam,,,,,Bamboo Books,available,1000,True,True,True
271626064,Sách Lịch Sử Chữ Quốc Ngữ,115500,150000,23,4.6,12,118,L.m. Đỗ Quang Chính,Thái Hà,Nhà Xuất Bản Thế Giới,,Bìa mềm,228,2023-08-01,Tiki Trading,available,1000,False,True,True
274998987,Đại Nam Liệt Truyện (Bộ 7 Tập),941000,941000,0,0.0,0,2,Quốc sử quán triều Nguyễn,VIETNAMBOOK,Nhà Xuất Bản Thuận Hóa,,Bìa mềm,,2024-05-10,Nhà sách NetaBooks,available,1000,True,True,True
277920193,Sách Theo Bước Thời Gian - Các Công Trình Tiêu Biểu Của Sài Gòn - Thành Phố Hồ Chí Minh,180000,180000,0,0.0,0,0,Nhiều tác giả,Nhà Xuất Bản Kim Đồng,Nhà Xuất Bản Kim Đồng,,Bìa mềm,84,2025-01-05,Bamboo Books,available,1000,True,True,True
268504630,Sách Cây cao su ở Việt Nam dưới góc nhìn lịch sử - Sinh thái (1897-1975),239000,285000,16,5.0,1,49,Michitake Aso,Nhà xuất bản Tổng hợp TP.HCM ,Nhà Xuất Bản Tổng hợp TP.HCM,,Bìa mềm,594,2023-01-01,Tiki Trading,available,1000,False,True,True
275268602,Thủy Hải Chiến Việt Nam Trong Lịch Sử - PGS.TS. Cao Văn Liên,90750,121000,25,0.0,0,10,Cao Văn Liên,VIETNAMBOOK,Nhà Xuất Bản Hà Nội,,Bìa mềm tay gấp,220,2024-06-13,VIETNAMBOOK,available,1000,True,True,True
182548588,Sách Lịch Sử Việt Nam Bằng Tranh - Chúa Tiên Nguyễn Hoàng,110000,140000,21,5.0,3,57,Nhiều tác giả,NXB Trẻ,NXB Trẻ,,Bìa mềm,80,2022-05-27,Tiki Trading,available,1000,False,True,True
206052062,Sách Thị Lộ Chính Danh | Võ Khắc Nghiêm | San Hô Books,188800,236000,20,4.8,8,62,Võ Khắc Nghiêm,Công ty Cổ phần Sách và Truyền thông San Hô,Nhà Xuất Bản Thanh Niên,,Bìa mềm tay gấp,460,,San Ho Books,available,1000,True,True,True
185584238,An Tĩnh Xưa,175000,219000,20,0.0,0,6,,Alphabooks,Nhà Xuất Bản Dân Trí,,Bìa mềm,372,2022-06-08,Alpha Books Official,available,1000,True,True,True
278834372,PHAN THANH GIẢN – TRĂM NĂM NHÌN LẠI – Nhiều tác giả – Tạp chí Xưa và Nay – NXB Thế Giới,195000,195000,0,0.0,0,4,nhieu tac gia,Ban Đại Diện Tạp Chí Xưa Và Nay,Nhà Xuất Bản Thế Giới,,Bìa mềm,646,,BÌNH BÁN BOOK,available,1000,True,True,True
13383458,Sách Cuộc Phiêu Lưu Của Marie Đệ Nhất - Quốc Vương Xứ Sedang,81600,85000,4,0.0,0,5,Lê Nguyễn,NXB Tổng Hợp,,,Bìa mềm,248,1900-01-01,Nhà sách Fahasa,available,1000,True,True,True
276949592,Đại Việt Sử Ký Tục Biên (1676 - 1789) (Tái bản 2025),234000,312000,25,5.0,1,20,,VIETNAMBOOK,Nhà Xuất Bản Hà Nội,,Bìa mềm tay gấp,520,2025-01-06,VIETNAMBOOK,available,1000,True,True,True
278739508,Thuỷ Nông Việt Nam Từ Năm 1858 Đến Năm 1945 (Sách Chuyên Khảo) ,175500,195000,10,0.0,0,4,TS. Bùi Thị Hà (Chủ biên),Nhà Xuất Bản Khoa Học Xã Hội,Nhà Xuất Bản Khoa Học Xã Hội,,Bìa mềm tay gấp,488,2025-10-10,VIETNAMBOOK,available,1000,True,True,True
277607420,"Sách Mưa Đỏ - Chu Lai - Kỷ niệm 50 năm ngày giải phóng miền Nam, thống nhất đất nước 1975 - 2025",205000,205000,0,5.0,1,43,Chu Lai,First News - Trí Việt,Nhà Xuất Bản Quân Đội Nhân Dân,,,,,Hiệu Sách Tự Do,available,1000,True,True,True
278843875,Combo 3 cuốn Đặng Phong: KINH TẾ VIỆT NAM THỜI NGUYÊN THỦY + 21 NĂM VIỆN TRỢ MỸ Ở VIỆT NAM + KINH TẾ MIỀN NAM VIỆT NAM THỜI KỲ 1956 – 1975 – Sách Miền Trung – NXB Tri Thức,760000,760000,0,3.0,1,5,Đăng Phong,Công ty Cổ phần phân phối và phát hành sách miền Trung,Nhà Xuất Bản Tri Thức,,Bìa mềm,1452,,BÌNH BÁN BOOK,available,1000,True,True,True
2906049,Sử Ta - Chuyện Xưa Kể Lại Tập 4 (Tái Bản 2018),85500,90000,5,4.7,7,45,Nguyễn Huy Thắng – Nguyễn Như Mai – Nguyễn Quốc Tín,NXB Kim Đồng,,,Bìa mềm,384,,Nhà sách Fahasa,available,1000,True,True,True
276280434,Sách Làng làng phố phố Hà Nội,138600,180000,23,5.0,3,55,Nguyễn Ngọc Tiến,Nhã Nam,Nhà Xuất Bản Hội Nhà Văn,,Bìa mềm,436,,Tiki Trading,available,1000,False,True,True
277621808,Sách The Legacy of Hồ Chí Minh. Uncle Hồ: The Name that Illuminates Việt Nam's Beauty,262000,350000,25,5.0,1,9,Hồ Chí Minh Museum,NXB Trẻ,NXB Trẻ,,Bìa mềm,176,2025-04-08,Tiki Trading,available,1000,False,True,True
248885149,Bách khoa thư làng Việt cổ truyền,1000000,1000000,0,0.0,0,0,Bùi Xuân Đính,Nhà Xuất Bản Chính Trị Quốc Gia Sự Thật,Nhà Xuất Bản Chính Trị Quốc Gia Sự Thật,,Bìa mềm,952,,Bamboo Books,available,1000,True,True,True
216137744,DIỄN THUYẾT VIỆT NAM NỬA ĐẦU THẾ KỶ XX - Nguyễn Văn Học - Tri Thức Trẻ Books – bìa mềm,318000,318000,0,5.0,1,6,,Tri Thức Trẻ Books,Nhà Xuất Bản Khoa Học Xã Hội,,Bìa mềm,,,BÌNH BÁN BOOK,available,1000,True,True,True
276275686,(Bìa cứng) ĐƯỜNG MÒN HỒ CHÍ MINH - Sherry Buchanan - Quế Chi dịch - Sách Nhân Dân,249000,249000,0,5.0,3,27,Sherry Buchanan,Công ty Cổ phần sách Nhân dân,Nhà Xuất Bản Phụ Nữ,,Bìa cứng,244,,BÌNH BÁN BOOK,available,1000,True,True,True
208118184,Những Trận Chiến Thay Đổi Lịch Sử,475000,500000,5,0.0,0,5,DK,dong a,NXB Dân Trí,,,,,Nhà sách Fahasa,available,1000,True,True,True
278644003,Mưa Đỏ + Những Bức Di Thư Thành Cổ,335000,335000,0,0.0,0,3,nhieu tac gia,Văn Lang,NXB Trẻ,,Bìa mềm,490,,BOOKCITY.VN,available,1000,True,True,True
277609798,Sách Lính Trận - Kỷ Niệm 50 Năm Ngày Giải Phóng Miền Nam Thống Nhất Đất Nước 1975-2025,156000,156000,0,4.5,2,2,Trung Trung Đỉnh,VIETNAMBOOK,Nhà Xuất Bản Quân Đội Nhân Dân,,Bìa mềm,280,,Hiệu Sách Tự Do,available,1000,True,True,True
273967661,Phạm Xuân Ẩn: Tên Người Như Cuộc Đời,81600,96000,15,5.0,1,51,Nguyễn Thị Ngọc Hải,Nhà xuất bản Tổng hợp TP.HCM ,Nhà Xuất Bản Tổng hợp TP.HCM,,,,,NXB TỔNG HỢP,available,1000,True,True,True
75540619,Đại Cương Lịch Sử Việt Nam - Tập II,118000,118000,0,5.0,22,93,,Công Ty Cổ Phần Sách Đại Học - Dạy Nghề,Nhà Xuất Bản Giáo Dục Việt Nam,,Bìa mềm,384,2025-08-29,VIETNAMBOOK,available,1000,True,True,True
263068388,Sách Trường dạy nghề ở Việt Nam thời Pháp thuộc (1898-1945),154000,200000,23,5.0,7,60,Trần Thị Phương Hoa,Nhã Nam,Nhà Xuất Bản Thế Giới,,Bìa mềm,324,,Tiki Trading,available,1000,False,True,True
278528800,"Sách NHỮNG CÂU CHUYỆN VỀ ĐẠI TƯỚNG NGUYỄN CHÍ THANH – Thượng Tướng, GS, TS Nguyễn Chí Vịnh – Omega Plus",175200,219000,20,4.0,1,11,Nguyễn Chí Vịnh,Omega Plus,Nhà Xuất Bản Quân Đội Nhân Dân,,Bìa mềm,312,,Tiki Trading,available,1000,False,True,True
54671967,Học Giả Đào Duy Anh,101500,145000,30,4.8,5,48,Kiều Mai Sơn,Công Ty Cổ Phần Tri thức Văn Hóa Sách Việt Nam,Nhà Xuất Bản Tri Thức,,Bìa mềm,344,2020-02-10,VIETNAMBOOK,available,1000,True,True,True
278939625,KHMER ĐỎ TẤN CÔNG TÀU MAYAGUEZ - Roy Rowan – Phạm Bích Lệ dịch – Sách Miền Trung,157000,157000,0,0.0,0,3,nhieu tac gia,Công ty Cổ phần phân phối và phát hành sách miền Trung,Nhà Xuất Bản Thuận Hóa,,Bìa mềm,236,,BÌNH BÁN BOOK,available,1000,True,True,True
248362130,Sách Di sản Hồ Chí Minh. Bác Hồ với Quân đội nhân dân Việt Nam,42000,50000,16,5.0,3,35,Nhiều tác giả,NXB Trẻ,NXB Trẻ,,Bìa mềm,80,2023-03-27,Tiki Trading,available,1000,False,True,True
273393779,Gia Định Sài Gòn Thành phố Hồ Chí Minh - Dặm dài lịch sử (1968-2020) - Tập 1 (1968-1945),480000,480000,0,0.0,0,1,Nguyễn Đình Tư,Nhà xuất bản Tổng hợp TP.HCM ,Nhà Xuất Bản Tổng hợp TP.HCM,,,,,Nhà Sách Vĩnh Thụy,available,1000,True,True,True
274364248,Sách Mạc thị gia phả,167000,229000,27,5.0,3,22,"Trần Hoàng Vũ, Hà Tấn Tài",Nhà xuất bản Tổng hợp TP.HCM ,Nhà Xuất Bản Tổng hợp TP.HCM,,Bìa mềm,536,2024-01-01,Tiki Trading,available,1000,False,True,True
269992028,Sách Huế đẹp như tranh - Hué pittoresque,199000,199000,0,0.0,0,0,Nhiều tác giả,Nhã Nam,Nhà Xuất Bản Thế Giới,,Bìa mềm,220,,Bamboo Books,available,1000,True,True,True
278629501,Sách - Hải ngoại kỷ sự,176330,229000,23,5.0,1,8,Thích Đại Sán,Thái Hà,Nhà Xuất Bản Thế Giới,,Bìa mềm,464,2025-09-11,THAIHABOOKS,available,1000,True,True,True
245787160,Sách Lịch sử Việt Nam bằng tranh - Nguyễn Trãi (bản màu),48000,65000,26,5.0,1,51,Nhiều tác giả,NXB Trẻ,NXB Trẻ,,Bìa mềm,80,2023-03-09,Tiki Trading,available,1000,False,True,True
269947109,Sự Trỗi Dậy Và Suy Tàn Của Đế Chế Thứ 3 - Lịch Sử Đức Quốc Xã - Bìa Cứng,333700,445000,25,0.0,0,4,William Lawrence Shirer,Bách Việt,Nhà Xuất Bản Thông Tin Và Truyền Thông,,,,,Nhà sách Fahasa,available,1000,True,True,True
1647131,Sách Thiệu Bảo Bình Nguyên 02: Trước Cơn Dông Tố,76000,80000,5,5.0,2,9,Hồng Thái,NXB Trẻ,,,Bìa mềm,206,2018-01-03,Nhà sách Fahasa,available,1000,True,True,True
274473764,Điện Biên Phủ - Đỉnh Cao Nghệ Thuật Chiến Dịch Việt Nam,48750,65000,25,5.0,1,16,,VIETNAMBOOK,Nhà Xuất Bản Quân Đội Nhân Dân,,Bìa mềm tay gấp,116,2024-03-14,VIETNAMBOOK,available,1000,True,True,True
273304984,Thăng Trầm Tô Đông Pha (Hoàng Lại Giang),51100,70000,27,5.0,1,12,Hoàng Lại Giang,Nhà Sách Hồng Ân,Nhà Xuất Bản Hồng Đức,,Bìa mềm,143,2023-11-24,Bảo Châu Books,available,1000,True,True,True
275878786,Sách Hoàng Đế Anh Minh (Ngàn Năm Sử Việt - Nhà Hậu Lê - Lê Sơ),58000,60000,3,0.0,0,10,Ngô Văn Phú,NXB Kim Đồng,Nhà Xuất Bản Kim Đồng,,Bìa mềm,240,,Tiki Trading,available,1000,False,True,True
245787199,Sách Lịch sử Việt Nam bằng tranh - Lam Sơn dấy nghĩa (bản màu),47000,65000,28,5.0,3,43,Nhiều tác giả,NXB Trẻ,NXB Trẻ,,Bìa mềm,84,2023-03-09,Tiki Trading,available,1000,False,True,True
277487910,Sách CỐ CẢ LÉOPOLD CADIÈRE - TỪ VIỆT NAM HỌC ĐẾN VIỆT NAM HÓA – Nguyễn Đình Đầu – NXB Trẻ,61000,75000,19,5.0,1,22,Nguyễn Đình Đầu,NXB Trẻ,NXB Trẻ,,Bìa mềm,168,,Tiki Trading,available,1000,False,True,True
251928260,Sách Ông Tướng Tình Báo Bí Ẩn Và Những Điệp Vụ Siêu Hạng,90860,118000,23,5.0,47,456,"Hoàng Hải Vân, Tấn Tú",First News - Trí Việt,Nhà Xuất Bản Tổng hợp TP.HCM,,Bìa mềm,232,2023-03-03,Tiki Trading,available,1000,False,True,True
270841826,GIA ĐỊNH PHONG CẢNH VỊNH - Trương Vĩnh Ký - (bìa mềm),45650,55000,17,0.0,0,12,Trương Vĩnh Ký,NXB Trẻ,Nhà Xuất Bản Tổng hợp TP.HCM,,Bìa mềm,72,2023-08-01,Nhà Xuất Bản Trẻ,available,1000,True,True,True
277764284,Sách Chiến Tướng Tôn Thất Thuyết (Ngàn Năm Sử Việt - Nhà Nguyễn),59000,60000,2,0.0,0,4,Lê Minh Quốc,Nhà Xuất Bản Kim Đồng,Nhà Xuất Bản Kim Đồng,,Bìa mềm,228,2025-01-04,Tiki Trading,available,1000,False,True,True
2906045,Sách Sử Ta - Chuyện Xưa Kể Lại Tập 2 (Tái Bản 2018),76000,80000,5,4.8,11,58,Nguyễn Huy Thắng – Nguyễn Như Mai – Nguyễn Quốc Tín,NXB Kim Đồng,,,Bìa mềm,356,,Nhà sách Fahasa,available,1000,True,True,True
271973964,Hoàng Hậu Nam Phương - Qua một số tư liệu chưa công bố,150000,150000,0,5.0,3,10,Phạm Hy Tùng,Nhà xuất bản Tổng hợp TP.HCM ,Nhà Xuất Bản Tổng hợp TP.HCM,,Bìa mềm,,2022-09-30,LITTLE BOOKS,available,1000,True,True,True
276074158,"Sách Lịch sử Việt Nam bằng tranh: Nguyên phi Ỷ Lan (Bảnmàu, bìa cứng)",111000,158000,30,0.0,0,8,"Nguyễn Huy Khôi, Tôn Nữ Quỳnh Trân, Nguyễn Thùy Linh, Trần Bạch Đằng",NXB Trẻ,NXB Trẻ,,Bìa cứng,92,2024-09-05,Tiki Trading,available,1000,False,True,True
277214998,Sách - Sài Gòn Và Nam Kỳ Trong Thời Kỳ Canh Tân 1875 - 1925 - Huỳnh Ngọc Trảng - NXB Tổng Hợp,175000,175000,0,0.0,0,1,,Nhà xuất bản Tổng hợp TP.HCM ,Nhà Xuất Bản Tổng hợp TP.HCM,,,,,Bamboo Books,available,1000,True,True,True
278103401,(Tái bản 2025) HỒ CHÍ MINH THƯ GỬI NƯỚC MỸ – NXB Hội Nhà Văn,245000,245000,0,0.0,0,1,,Nhà Xuất Bản Hội Nhà Văn,Nhà Xuất Bản Hội Nhà Văn,,Bìa mềm,,,BÌNH BÁN BOOK,available,1000,True,True,True
214090515,"(Combo trọn bộ 2 tập) [Bìa cứng] GIA ĐỊNH – SÀI GÒN – THÀNH PHỐ HỒ CHÍ MINH: Dặm dài lịch sử (1698-2020) - Tập 1: (1698-1945), Tập 2 (1945-2020) - Nguyễn Đình Tư - NXB Tổng Hợp TPHCM",1030000,1030000,0,0.0,0,4,,Nhà xuất bản Tổng hợp TP.HCM ,Nhà Xuất Bản Tổng hợp TP.HCM,,,,,Bamboo Books,available,1000,True,True,True
273868459,Tinh Thần Nhập Thế Của Phật Giáo Việt Nam (1945-1975) (Tái Bản 2019),89250,105000,15,0.0,0,2,PGS. TS. Lê Cung,Nhà xuất bản Tổng hợp TP.HCM ,Nhà Xuất Bản Tổng hợp TP.HCM,,,,,NXB TỔNG HỢP,available,1000,True,True,True
275878802,Sách Ỷ Lan Phu Nhân (Ngàn Năm Sử Việt - Nhà Lý),53000,55000,4,0.0,0,9,Hoài Anh,NXB Kim Đồng,Nhà Xuất Bản Kim Đồng,,Bìa mềm,208,,Tiki Trading,available,1000,False,True,True
32989537,Việt Nam Quốc Dân Đảng Trong Lịch Sử Cách Mạng Việt Nam (1927 - 1954),112000,160000,30,4.8,24,198,GS.TS.Nguyễn Văn Khánh,Vinabook JSC,,,Bìa mềm,312,2019-09-19,VIETNAMBOOK,available,1000,True,True,True
274694553,Từ Điển Tác Giả Và Tác Phẩm Văn Học Quốc Ngữ Nam Bộ (Từ Cuối Thế Kỷ XIX Đến Đầu Thế Kỷ XX) - Viện Từ Điển Học Và Bách Khoa Thư Việt Nam - Trần Văn Trọng (Chủ biên),270000,270000,0,5.0,2,6,,Nhà Xuất Bản Khoa Học Xã Hội,Nhà Xuất Bản Khoa Học Xã Hội,,Bìa mềm tay gấp,664,2024-04-05,VIETNAMBOOK,available,1000,True,True,True
278809815,Lịch sử Việt Nam thời khúc đầu thế kỷ X,204000,240000,15,0.0,0,2,Trần Thuận,Nhà xuất bản Tổng hợp TP.HCM ,Nhà Xuất Bản Tổng hợp TP.HCM,,Bìa mềm,414,2025-10-27,NXB TỔNG HỢP,available,1000,True,True,True
245787169,Sách Lịch sử Việt Nam bằng tranh - Chiến thắng quân Nguyên Mông lần 2 (bản màu),57000,70000,19,5.0,3,48,Nhiều tác giả,NXB Trẻ,NXB Trẻ,,Bìa mềm,92,2023-03-09,Tiki Trading,available,1000,False,True,True
279149594,Sách - Tìm Hiểu Kiến Thức Lịch Sử Việt Nam Qua Các Thời Kì - HA,58800,98000,40,0.0,0,1,Nguyễn Anh Hoàng,Nhà Sách Hồng Ân,Nhà Xuất Bản Đại Học Quốc Gia Hà Nội,,,,,Bảo Châu Books,available,1000,True,True,True
275074145,"Giương cao ngọn cờ đại đoàn kết dân tộc, phát huy truyền thống yêu nước, vai trò nòng cốt chính trị của mặt trân tổ quốc Việt  Nam, quyết tâm xây dựng đất nước ta ngày giàu mạnh, phồn vinh, văn minh hạnh phúc",25000,25000,0,5.0,1,2,GS.TS. Nguyễn Phú Trọng,Nhà Xuất Bản Chính Trị Quốc Gia Sự Thật,Nhà Xuất Bản Chính Trị Quốc Gia Sự Thật,,Bìa mềm,,,ST Book,available,1000,True,True,True
278453960,Quá trình phát triển và sụp đổ của chế độ Ngô Đình Diệm ngập giữa vũng lầy - bản in 2025,286000,318000,10,5.0,1,4,David Hallberg,Nhà Xuất Bản Chính Trị Quốc Gia Sự Thật,Nhà Xuất Bản Chính Trị Quốc Gia Sự Thật,,Bìa mềm tay gấp,,2025-07-30,Alpha Books Official,available,1000,True,True,True
2636021,Sách 100 Năm Phi Trường Tân Sơn Nhất,101000,125000,19,5.0,7,163,Nguyễn Quốc Việt,Phương Nam Book,,,Bìa mềm,280,2018-06-06,Tiki Trading,available,1000,False,False,True
277815085,Sách Vua chúa Việt Nam và những điều chưa biết,108950,140000,22,0.0,0,9,Lê Tiên Long,NXB Tổng Hợp TP. HCM,Nhà Xuất Bản Tổng hợp TP.HCM,,Bìa mềm,240,2025-04-01,Tiki Trading,available,1000,False,True,True
275467183,Hồi Ký Đặng Văn Việt - Hùm Xám Đường Số 4 -HNB,180000,180000,0,4.8,9,44,,HaNoi Books,Nhà Xuất Bản Phụ Nữ Việt Nam,,Bìa mềm,280,,NewShop Official,available,1000,True,True,True
531649,Sách Chế Độ Thực Dân Pháp Trên Đất Nam Kỳ (1859-1954) (Tập 2),165000,165000,0,0.0,0,2,Tác giả Nguyễn Đình Tư,NXB Tổng Hợp,Nhà Xuất Bản Tổng hợp TP.HCM,,Bìa mềm,583,2016-07-29,Bamboo Books,available,1000,True,True,True
435477,Sách Lịch Sử Sài Gòn Chợ Lớn Gia Định Kháng Chiến,190000,190000,0,0.0,0,16,.,NXB Chính Trị Quốc Gia,Nhà Xuất Bản Chính Trị Quốc Gia,,Bìa cứng,776,2015-04-27,Nhà Sách Lao Động,available,1000,True,True,True
275878771,Sách Ông Trạng Thả Diều (Ngàn Năm Sử Việt – Nhà Trần),27600,30000,8,0.0,0,12,Hà Ân,NXB Kim Đồng,Nhà Xuất Bản Kim Đồng,,Bìa mềm,104,,Tiki Trading,available,1000,False,True,True
96009633,Sách - Lược Sử Kinh Tế Học,135000,135000,0,0.0,0,1,,Nhã Nam,Nhà Xuất Bản Thế Giới,,,,,info book,available,1000,True,True,True
245787176,Sách Lịch sử Việt Nam bằng tranh - Chúa Tiên Nguyễn Hoàng (bản màu),54000,65000,17,5.0,2,40,Nhiều tác giả,NXB Trẻ,NXB Trẻ,,Bìa mềm,80,2023-03-09,Tiki Trading,available,1000,False,True,True
192948682,Đời Muối: Lịch Sử Thế Giới,211500,235000,10,0.0,0,3,Mark Kurlansky,Huy Hoàng Bookstore,Nhà Xuất Bản Dân Trí,,,,,Nhà sách Fahasa,available,1000,True,True,True
277582256,TRƯỚC NGƯỠNG CỬA BÌNH MINH – Khuất Quang Thuỵ - Vietnambook – NXB Quân Đội Nhân Dân,104250,139000,25,5.0,1,10,Khuất Quang Thụy,VIETNAMBOOK,Nhà Xuất Bản Quân Đội Nhân Dân,,Bìa mềm,252,,VIETNAMBOOK,available,1000,True,True,True
276847819,Sách - Những Mẩu Chuyện Thú Vị Trong Lịch Sử Việt Nam + Thế Giới - Combo 2 Cuốn - Hồng Ân,100800,160000,37,0.0,0,1,,Nhà Sách Hồng Ân,Nhà Xuất Bản Đại Học Quốc Gia Hà Nội,,,,,Bảo Châu Books,available,1000,True,True,True
271135855,Gia Định Phong Cảnh Vịnh,52200,55000,5,0.0,0,1,Trương Vĩnh Ký,NXB Trẻ,NXB Trẻ,,,,,Nhà sách Fahasa,available,1000,True,True,True
277591295,Sách Người Đào Kênh Vĩnh Tế (Ngàn Năm Sử Việt – Nhà Nguyễn),38800,40000,3,0.0,0,6,Phan Khánh,Nhà Xuất Bản Kim Đồng,Nhà Xuất Bản Kim Đồng,,Bìa mềm,144,2025-01-01,Tiki Trading,available,1000,False,True,True
2906047,Sử Ta - Chuyện Xưa Kể Lại Tập 3 (Tái Bản 2018),66500,70000,5,5.0,7,36,Nguyễn Huy Thắng – Nguyễn Như Mai – Nguyễn Quốc Tín,NXB Kim Đồng,,,Bìa mềm,300,,Nhà sách Fahasa,available,1000,True,True,True
270766760,"Các Thành Tố Gia Đình - Giới Tính, Chính Quyền Và Xã Hội Ở Việt Nam Thời Kỳ Cận Đại 1463-1778",206100,229000,10,0.0,0,1,Trần Tuyết Nhung,Alpha Books,Nhà Xuất Bản Phụ Nữ Việt Nam,,,,,Nhà sách Fahasa,available,1000,True,True,True
403896,Sách Đại Việt Sử Ký Toàn Thư,225000,225000,0,0.0,0,58,.,Nhà sách Minh Thắng,Nhà Xuất Bản Thời Đại,,Bìa cứng,1059,2013-07-18,Chính Thông,available,1000,True,True,True
270766670,Cây Cao Su Ở Việt Nam Dưới Góc Nhìn Lịch Sử - Sinh Thái (1897-1975),267900,285000,6,0.0,0,1,Michitake Aso,NXB Tổng Hợp TPHCM,Nhà Xuất Bản Tổng hợp TP.HCM,,,,,Nhà sách Fahasa,available,1000,True,True,True
271719688,Hành Trình Sáng Tạo Chữ Quốc Ngữ (Tái Bản 2023),99700,105000,5,0.0,0,23,Tạ Huy Long,Nhà Xuất Bản Kim Đồng,Nhà Xuất Bản Kim Đồng,,,,,Nhà sách Fahasa,available,1000,True,True,True
271319410,Sách Cuộc vận động của phật giáo Việt Nam năm 1963,145000,145000,0,0.0,0,0,"PGS. TS. Lê Cung, PGS.TS. Lê Thành Nam",NXB Tổng hợp TP.HCM,Nhà Xuất Bản Tổng hợp TP.HCM,,Bìa mềm,320,2023-08-01,Bamboo Books,available,1000,True,True,True
277348529,"Sách Di sản Hồ Chí Minh. Bác Hồ với các ngày lễ, kỷ niệm lớn trong năm",65000,95000,32,5.0,1,3,Hà Minh Hồng,NXB Trẻ,NXB Trẻ,,Bìa mềm,216,2025-02-19,Tiki Trading,available,1000,False,True,True
879694,Sách Chế Độ Thực Dân Pháp Trên Đất Nam Kỳ - Tập 1 (1859-1954),148800,160000,7,5.0,6,33,Nguyễn Đình Tư,Văn Lang,,,Bìa mềm,560,2017-07-01,Nhà sách Fahasa,available,1000,True,True,True
273127909,"THƯƠNG NHÂN VIỆT NAM XƯA - VẤN ĐỀ, NHÂN VẬT VÀ GIAI THOẠI",92000,92000,0,0.0,0,2,Nguyễn Thanh Tuyền,Nhà xuất bản Tổng hợp TP.HCM ,Nhà Xuất Bản Tổng hợp TP.HCM,,,,,LITTLE BOOKS,available,1000,True,True,True
249153695,Sách - Khởi nghĩa Vua Duy Tân qua hồ sơ lưu trữ (bìa cứng),312120,312120,0,5.0,2,2,Lưu Anh Rô,DT Books,Nhà Xuất Bản Đà Nẵng,,Bìa cứng,427,2023-03-02,DTBOOKS,available,1000,True,True,True
275585036,"Các hiệp ước, hiệp định lịch sử giữa Việt Nam với Pháp và Mỹ (1787 - 1973)",261000,349000,25,5.0,6,32,GS.TS.Nguyễn Văn Khánh,Công ty TNHH Quốc Tế Mai Hà,Nhà Xuất Bản Khoa Học Xã Hội,,Bìa mềm tay gấp,408,2024-06-07,MaiHaBooks,available,1000,True,True,True
277920255,Sách Đội Việt Nam Tuyên Truyền Giải Phóng Quân,64000,65000,2,0.0,0,5,Nguyễn Mạnh Hà,Nhà Xuất Bản Kim Đồng,Nhà Xuất Bản Kim Đồng,,Bìa mềm,252,2025-01-05,Tiki Trading,available,1000,False,True,True
278723616,Sách Bạt Mạng - Henry Kissinger Và Ván Cờ Sai Lầm Trong Cuộc Chiến Việt Nam,236000,289000,18,0.0,0,10,Robert K. Brigham,Phương Nam Book,Nhà Xuất Bản Thế Giới,,Bìa mềm,313,,Tiki Trading,available,1000,False,True,True
275878766,Sách Ngựa Ông Đã Về (Ngàn Năm Sử Việt - Nhà Hậu Lê - Lê Sơ),49000,50000,2,0.0,0,10,Hoài Anh,NXB Kim Đồng,Nhà Xuất Bản Kim Đồng,,Bìa mềm,188,,Tiki Trading,available,1000,False,True,True
273200134,Sách Nước mắt ẩn phu - Đỗ Lệnh Thiện và Kim Mã ẩn phu cảm tình lệ tập,222000,256000,13,5.0,1,16,Phạm Văn Ánh,Công Ty TNHH Sách Và Truyền Thông Việt Nam,Nhà Xuất Bản Khoa Học Xã Hội,,Bìa mềm,364,2023-10-01,Tiki Trading,available,1000,True,True,True
2407109,"Sách Phan Văn Khải – Nhà Lãnh Đạo Kỹ Trị, Đổi Mới Và Nhân Hậu (Những Hồi Ức Đặc Biệt)",118000,148000,20,3.0,2,14,Nhiều tác giả,Alphabooks,Nhà Xuất Bản Thế Giới,,Bìa mềm,266,,Alpha Books Official,available,1000,True,True,True
276032061,Sách Nguyễn Trường Tộ,59290,77000,23,4.6,5,42,Nguyễn Lân,Nhã Nam,Nhà Xuất Bản Thông Tấn,,Bìa mềm,160,,Tiki Trading,available,1000,False,True,True
277837469,(Bìa cứng) TẦM NHÌN TỪ LỊCH SỬ – Nguyễn Văn Hưởng – TV Nguyễn Văn Hưởng – NXB Hội Nhà Văn,300000,300000,0,5.0,1,29,Nguyễn Văn Hưởng,Thư viện Nguyễn Văn Hưởng,Nhà Xuất Bản Hội Nhà Văn,,Bìa cứng áo ôm,164,,BÌNH BÁN BOOK,available,1000,True,True,True
278790472,Nghệ Thuật Chiến Tranh Nhân Dân Việt Nam ,88000,88000,0,0.0,0,6,Ánh Dương,Nhà xuất bản Văn Học,Nhà Xuất Bản Văn Học,,Bìa mềm,204,2024-10-25,VIETNAMBOOK,available,1000,True,True,True
273670858,Lịch Sử Việt Nam Từ Nguồn Gốc Đến Thế Kỷ XIX,219800,239000,8,0.0,0,3,Đào Duy Anh,Cty Văn Hóa Minh Lâm,hong duc,,,,,Nhà sách Fahasa,available,1000,True,True,True
278058585,Tư tưởng ngoại giao bảo vệ Tổ quốc trong lịch sử dân tộc Việt Nam (từ thuở lập nước đến năm 1930) (Sách chuyên khảo),88000,88000,0,0.0,0,2,,Nhà Xuất Bản Chính Trị Quốc Gia Sự Thật,Nhà Xuất Bản Chính Trị Quốc Gia Sự Thật,,Bìa mềm,215,,Nhà sách Sự thật tại Huế,available,1000,True,True,True
277374154,Lịch Sử Việt Nam - Truyền Thống Và Hiện Đại,277500,370000,25,5.0,1,2,Vũ Minh Giang,VIETNAMBOOK,Nhà Xuất Bản Tri Thức,,Bìa mềm,616,2025-02-18,VIETNAMBOOK,available,1000,True,True,True
274646578,"Nhà Lê Sơ (1428 - 1527) Với Công Cuộc Chống Nạn ""Sâu Dân, Mọt Nước""",68000,80000,15,0.0,0,4,Trần Đình Ba,Nhà xuất bản Tổng hợp TP.HCM ,Nhà Xuất Bản Tổng hợp TP.HCM,,Bìa mềm,260,,NXB TỔNG HỢP,available,1000,True,True,True
273596543,Sách Danh nhân Việt Nam,47740,62000,23,4.0,2,34,Doãn Kế Thiện,Nhã Nam,Nhà Xuất Bản Hồng Đức,,Bìa mềm,144,2023-11-27,Tiki Trading,available,1000,False,True,True
149779881,Pre-Order - Sự Tiến Hóa Của Tiền Tệ,122300,139000,12,0.0,0,3,Nik Bhatia,1980 Books,Nhà Xuất Bản Công Thương,,,,,Nhà sách Fahasa,available,1000,True,True,True
276493081,Sách Hý kịch Việt Nam - Ngàn năm đồng vọng,123950,155000,20,5.0,2,13,Bùi Quang Thắng,NXB Tổng Hợp TP. HCM,Nhà Xuất Bản Tổng hợp TP.HCM,,Bìa mềm,304,,Tiki Trading,available,1000,False,True,True
263702978,Việt Nam Đất Nước-Con Người - Những Bậc Tôn Sư Nổi Tiếng Trong Lịch Sử Việt Nam,74600,82000,9,0.0,0,5,Dương Phong,CÔNG TY CỔ PHẦN SÁCH TRÍ THỨC VIỆT,NXB Dân Trí,,,,,Nhà sách Fahasa,available,1000,True,True,True
279254454,"(Bìa mềm) CÁC CUỘC THƯƠNG LƯỢNG GIỮA LÊ ĐỨC THỌ & KISSINGER TẠI PARIS – Lưu Văn Lợi, Nguyễn Anh Vũ – NXB CTQGST – Omega",218000,218000,0,0.0,0,1,"Lưu Văn Lợi, Nguyễn Anh Vũ",Omega Plus,Nhà Xuất Bản Chính Trị Quốc Gia Sự Thật,,Bìa mềm,,,BÌNH BÁN BOOK,available,1000,True,True,True
96176094,Ở Bắc Kỳ 1883 - 1885,269000,359000,25,4.7,19,96,,Công ty TNHH Quốc Tế Mai Hà,Nhà Xuất Bản Thế Giới,,Bìa mềm,574,2021-04-06,MaiHaBooks,available,1000,True,True,True
273868435,Đường Về Thăng Long,170000,200000,15,4.0,1,8,Nguyễn Thế Quang,Nhà xuất bản Tổng hợp TP.HCM ,Nhà Xuất Bản Tổng hợp TP.HCM,,,,,NXB TỔNG HỢP,available,1000,True,True,True
253043616,Sài Gòn Chợ Lớn Qua Những Tư Liệu Quý Trước 1945,119000,140000,15,4.0,1,18,Nguyễn Đức Hiệp,Nhà xuất bản Tổng hợp TP.HCM ,Nhà Xuất Bản Tổng hợp TP.HCM,,,,,NXB TỔNG HỢP,available,1000,True,True,True
16562146,Sách Đại Tướng Võ Nguyên Giáp Thời Trẻ,47500,50000,5,5.0,9,75,Trung Tướng Phạm Hồng Cư,Nhà Xuất Bản Kim Đồng,Nhà Xuất Bản Kim Đồng,,Bìa mềm,160,2019-05-01,Tiki Trading,available,1000,False,True,True
278435480,CON NGƯỜI VÀ NGHỆ THUẬT CHĂM – Jeanne Leuba – Trường Phương Books - NXB Thuận Hóa,247500,275000,10,5.0,1,2,nhieu tac gia,Công ty cổ phần đầu tư phát triển Trường Phương,Nhà Xuất Bản Thuận Hóa,,Bìa mềm,224,,VIETNAMBOOK,available,1000,True,True,True
149394711,SÁCH QUAN CHẾ (Tái bản theo bản in năm 1888),169000,169000,0,0.0,0,1,Huình Tịnh Paulus Của,Công ty TNHH Quốc Tế Mai Hà,Nhà Xuất Bản Thế Giới,,Bìa mềm,192,2021-12-14,Nhà sách NetaBooks,available,1000,True,True,True
263103217,Combo Chế Độ Thực Dân Pháp Trên Đất Nam Kỳ 1859-1954: Tập 1 + 2 (Bộ 2 Tập),325000,325000,0,0.0,0,5,Nguyễn Đình Tư,NXB Tổng Hợp TPHCM,Nhà Xuất Bản Tổng hợp TP.HCM,,,,,Bamboo Books,available,1000,True,True,True
351815,Sách Dấu Ấn Việt Nam Trên Biển Đông,180000,225000,20,0.0,0,8,,Thông tin và Truyền thông,Nhà Xuất Bản Thông Tin Và Truyền Thông,,Bìa cứng,400,2012-08-07,nxbkhoahoccongnghetruyenthong,available,1000,True,True,True
272358139,Sài Gòn Đẹp Xưa,143500,156000,8,5.0,2,18,Phạm Công Luận,PHANBOOK,Nhà Xuất Bản Lao Động,,,,,Nhà sách Fahasa,available,1000,True,True,True
277608776,Thời đại Hùng Vương (Lịch sử - Kinh tế - Chính trị - Văn hóa - Xã hội),142200,142200,0,0.0,0,4,,Nhà Xuất Bản Chính Trị Quốc Gia Sự Thật,Nhà Xuất Bản Chính Trị Quốc Gia Sự Thật,,Bìa mềm tay gấp,283,,Nhà sách Sự thật tại Huế,available,1000,True,True,True
277977310,Sách - Góp Nhặt Tìm Hiểu Lịch Sử Việt,206800,220000,6,0.0,0,4,,NXB Tổng Hợp TPHCM,Nhà Xuất Bản Tổng hợp TP.HCM,,Bìa mềm,,2023-12-21,Nhà sách Fahasa,available,1000,True,True,True
277184353,Sách - Đông Dương - Cuộc Chiến Tiền Tệ 1946-1954,139000,158000,12,0.0,0,2,,Fahasa,Nhà Xuất Bản Thông Tin Và Truyền Thông,,Bìa mềm,,2023-12-21,Nhà sách Fahasa,available,1000,True,True,True
277771365,Thư ký Bác Hồ kể chuyện - bản in 2025,142000,142000,0,0.0,0,0,,Nhà Xuất Bản Chính Trị Quốc Gia Sự Thật,Nhà Xuất Bản Chính Trị Quốc Gia Sự Thật,,Bìa mềm,,,Hiệu sách Khai Trí,available,1000,True,True,True
173864194,Sách Trăng Nước Chương Dương (Tái Bản 2022),185000,185000,0,0.0,0,6,Hà Ân,NXB Kim Đồng,Nhà Xuất Bản Kim Đồng,,Bìa cứng,280,2022-04-08,Bamboo Books,available,1000,True,True,True
1938917,Sách Một Thức Nhận Về Văn Hóa Việt Nam,195000,195000,0,0.0,0,3,Phan Ngọc,Omega Plus,Nhà Xuất Bản Thế Giới,,Bìa mềm,542,2018-01-01,HỆ THỐNG NHÀ SÁCH ABC,available,1000,True,True,True
277348590,Sách - Nam Bộ Dưới Thời Chúa Nguyễn - Thế Kỷ XVII – XVIII - DTBooks,168000,168000,0,0.0,0,2,,Dtbooks,Nhà Xuất Bản Dân Trí,,,,,Bamboo Books,available,1000,True,True,True
339812,Sách Giáo Sư Trần Văn Giàu - Nghe Thầy Kể Chuyện,28500,30000,5,5.0,2,9,Nguyễn Phan Quang,NXB Tổng Hợp,,,Bìa mềm,88,2011-04-04,Nhà sách Fahasa,available,1000,True,True,True
278609994,bìa cứng - Võ Nguyên giáp - Vị tướng của nhân dân,245000,245000,0,0.0,0,1,"Võ Nguyên Giáp, Đại Tướng Võ Nguyên Giáp",An Nam Books,Nhà Xuất Bản Chính Trị Quốc Gia Sự Thật,,Bìa cứng,235,2025-09-03,SÁCH ĐẠI NAM,available,1000,True,True,True
263649063,Đại cương lịch sử Việt Nam - tập 3,110000,110000,0,0.0,0,5,,Công Ty Cổ Phần Sách Đại Học - Dạy Nghề,Nhà Xuất Bản Giáo Dục Việt Nam,,,,,Cửa hàng Sách HEVOBOOKS,available,1000,True,True,True
273287459,Nam Kỳ Ngao Du,150000,150000,0,5.0,1,2,Léon Werth,Nhà xuất bản Phụ Nữ,Nhà Xuất Bản Phụ Nữ,,Bìa mềm,296,2023-11-09,Bamboo Books,available,1000,True,True,True
274863611,Sách - Hồi ức Điện Biên Phủ - Những nhân chứng lên tiếng,250000,250000,0,4.0,3,25,nhieu tac gia,Nhà Sách Hồng Ân,Nhà Xuất Bản Đại Học Sư Phạm,,Bìa mềm,436,,Khanhlinhbook,available,1000,True,True,True
42873174,Việt Nam 1919-1930 Thời Kỳ Tìm Tòi Và Định Hướng,80500,115000,30,4.8,22,167,GS.TS.Nguyễn Văn Khánh,Công Ty Cổ Phần Tri thức Văn Hóa Sách Việt Nam,,,Bìa mềm,232,2019-11-22,VIETNAMBOOK,available,1000,True,True,True
251393373,Di Sản Hồ Chí Minh - Đặc Sắc Văn Hóa Hồ Chí Minh,109200,115000,5,5.0,1,3,Nguyễn Gia Nùng,NXB Trẻ,NXB Trẻ,,,,,Nhà sách Fahasa,available,1000,True,True,True
279000912,"(Bìa mềm) HỒ CHÍ MINH - TỪ NHÀ CÁCH MẠNG ĐẾN BIỂU TƯỢNG - Pierre Brocheux - Phạm Ngọc Hiệp, Trần Văn Kiên, Ninh Xuân Thao dịch - NXB Đại học Sư phạm",228000,240000,5,0.0,0,1,Pierre Brocheux,NXB Đại Học Sư Phạm,Nhà Xuất Bản Đại Học Sư Phạm,,Bìa mềm,380,,VIETNAMBOOK,available,1000,True,True,True
33733891,Sách Cuộc Kháng Chiến Chống Xâm Lược Nguyên Mông,150400,169000,11,4.8,36,258,"Hà Văn Tấn, Phạm Thị Tâm",DT Books,,,Bìa mềm,316,2019-09-01,Nhà sách Fahasa,available,1000,True,True,True
72459680,Sách Chuyện Những Người An Nam Ở Paris Hay Sự Thật Về Đông Dương,100000,125000,20,3.0,1,8,Phan Văn Trường,Omega Plus,Nhà Xuất Bản Đà Nẵng,,Bìa mềm,260,2020-11-01,Alpha Books Official,available,1000,True,True,True
275678890,Ngàn Năm Sử Việt: Nhà Lý - Sừng Rượu Thề,75000,75000,0,0.0,0,1,Nghiêm Đa Văn,Công ty TNHH Tazano,Nhà Xuất Bản Kim Đồng,,Bìa mềm,292,2024-07-19,Bamboo Books,available,1000,True,True,True
249575106,Sách - Hạ Tầng Đô Thị Sài Gòn Buổi Đầu - Trần Hữu Quang - NXB Tổng Hợp,99000,99000,0,0.0,0,7,,NXB Tổng Hợp,Nhà Xuất Bản Tổng Hợp,,Bìa mềm,252,,Bamboo Books,available,1000,True,True,True
278470535,Chính sách tôn giáo thời Tự Đức (1848 - 1883),165000,165000,0,0.0,0,1,nhieu tac gia,Đông Tây,Nhà Xuất Bản Khoa Học Xã Hội,,Bìa mềm tay gấp,254,2021-08-01,Đông Tây,available,1000,True,True,True
163034289,Lược Khảo Nguồn Gốc Địa Danh Nam Bộ,45000,45000,0,5.0,3,5,,NXB Tổng hợp Thành Phố Hồ Chí Minh,Nhà Xuất Bản Tổng hợp TP.HCM,,Bìa mềm,120,2022-02-18,TYMBooks,available,1000,True,True,True
140834194,Hương Ước Làng Công Giáo Vùng Đồng Bằng Sông Hồng - Lịch Sử Và Hiện Tại ,259000,259000,0,0.0,0,0,Nguyễn Thị Quế Hương,Công ty cổ phần đầu tư phát triển Trường Phương,Nhà Xuất Bản Khoa Học Xã Hội,,Bìa mềm,415,2021-05-26,Nhà sách NetaBooks,available,1000,True,True,True
276289483,Sách Lịch sử Việt Nam bằng tranh: Nguyên phi Ỷ Lan (Bản màu),57000,70000,19,0.0,0,9,"Nguyễn Huy Khôi, Tôn Nữ Quỳnh Trân, Nguyễn Thùy Linh, Trần Bạch Đằng",NXB Trẻ,NXB Trẻ,,Bìa mềm,92,2024-09-20,Tiki Trading,available,1000,False,True,True
273868387,Chính Phủ Cách Mạng Lâm Thời Cộng Hòa Miền Nam Việt Nam (1969 - 1976),110500,130000,15,0.0,0,5,Nguyễn Đình Thống,Nhà xuất bản Tổng hợp TP.HCM ,Nhà Xuất Bản Tổng hợp TP.HCM,,,,,NXB TỔNG HỢP,available,1000,True,True,True
273868411,Xứ Ủy Nam Bộ Và Trung Ương Cục Miền Nam (1945 - 1954),72250,85000,15,5.0,1,3,Đoàn Thị Hương,Nhà xuất bản Tổng hợp TP.HCM ,Nhà Xuất Bản Tổng hợp TP.HCM,,,,,NXB TỔNG HỢP,available,1000,True,True,True
278115891,Sách - Tôi Và Địa Đàn - Sử Thiết Sinh - NXB Văn Học,148000,148000,0,5.0,1,2,,Công ty TNHH Tiên Phong Books,Nhà Xuất Bản Văn Học,,Bìa mềm,,,Tiên Phong Books Việt Nam,available,1000,True,True,True
276551444,Combo Sàn Gòn Một Thuở - Dân Ông Tạ Đó! Tập 1 + Tập 2 + Tập 3 - First News,351900,414000,15,0.0,0,2,Cù Mai Công,First News - Trí Việt,NXB Tổng Hợp Thành Phố Hồ Chí Minh,,Bìa mềm,,2024-11-08,First News,available,1000,True,True,True
277927273,Sách Phía Núi Bên Kia,64000,65000,2,0.0,0,6,Xuân Sách,Nhà Xuất Bản Kim Đồng,Nhà Xuất Bản Kim Đồng,,Bìa mềm,264,2025-01-05,Tiki Trading,available,1000,False,True,True
16085836,"Sách Điện Biên Chiến Thắng, Điện Biên Thơ",94176,120000,22,0.0,0,12,.,Nhà Xuất Bản Kim Đồng,Nhà Xuất Bản Kim Đồng,,Bìa mềm,100,2019-05-01,Tiki Trading,available,1000,False,False,True
277353692,Sách - Chư Tử Tinh Tuyển - Tuân Tử + Trang Tử + Hàn Phi Tử + Khang Việt Book,504000,504000,0,0.0,0,1,,Khang Việt Book,Nhà Xuất Bản Đại Học Quốc Gia Hà Nội,,,,,Bamboo Books,available,1000,True,True,True
278531004,Bộ Sách Gia Đình Tướng Thanh – Tướng Vịnh: Hành Trình Vì Hòa Bình + Những Câu Chuyện Về Đại Tướng Nguyễn Chí Thanh + Những Cánh Thư Ra Bắc Vào Nam + Nguyễn Chí Thanh – Những Góc Nhìn Từ Hậu Thế,615000,769000,20,0.0,0,0,Nhiều,Omega Plus,Nhiều Nhà Xuất Bản,,Bìa mềm,,,Alpha Books Official,available,1000,True,True,True
7164879,Sách Lịch Sử Và Văn Hóa Việt Nam Từ Góc Nhìn Đổi Mới,179100,199000,10,0.0,0,12,PGS.TS. Nguyễn Thừa Hỷ,NXB Thông tin Truyền thông,Nhà Xuất Bản Thông Tin Và Truyền Thông,,Bìa mềm,,2018-11-01,Bảo Châu Books,available,1000,True,True,True
277591305,Sách Ngàn Năm Sử Việt – Thời Bắc Thuộc – Giao Châu Tụ Nghĩa,49000,50000,2,0.0,0,9,Vũ Ngọc Tiến,Nhà Xuất Bản Kim Đồng,Nhà Xuất Bản Kim Đồng,,Bìa mềm,192,2025-01-01,Tiki Trading,available,1000,False,True,True
275089309,Sách HUỲNH THỊ BẢO HÒA: Vấn Đề Phụ Nữ Ở Nước Ta,119900,150000,20,5.0,2,14,"Huỳnh Thị Bảo Hòa, Đoàn Ánh Dương",NXB Phụ Nữ Việt Nam,Nhà Xuất Bản Phụ Nữ Việt Nam,,Bìa mềm,400,,Tiki Trading,available,1000,False,True,True
278139568,Sài Gòn Xuân Mậu Thân 1968  (Tái bản lần 7) - Nguyễn Văn Tàu,200000,200000,0,0.0,0,1,Nguyễn Văn Tàu,Nhà xuất bản Tổng hợp TP.HCM ,Nhà Xuất Bản Tổng hợp TP.HCM,,Bìa mềm tay gấp,288,2025-06-20,Taurus 1987 Books,available,1000,True,True,True
277998175,Sách Sống đời ngân vang - Việc quan trọng nhất vẫn luôn ở phía trước,114000,155000,26,4.8,4,33,"Stephen R. Covey, Cynthia Covey Haller",NXB Trẻ,NXB Trẻ,,Bìa mềm,352,2025-02-06,Tiki Trading,available,1000,False,True,True
198455188,VIỆT - NHẬT THÔNG THƯ (Các Bức Quốc Thư Bang Giao Giữa Chính Quyền Đàng Trong Với Nhật Bản Thế Kỷ XVI-XVII),65800,94000,30,5.0,2,63,,VIETNAMBOOK,Nhà Xuất Bản Hà Nội,,Bìa mềm,192,2022-09-23,VIETNAMBOOK,available,1000,True,True,True
276930775,Franz Kafka - Người tẩy não nhân loại (TB2024) - TH140,119000,119000,0,0.0,0,1,Lê Huy Bắc,Nhà xuất bản Tổng hợp TP.HCM ,Nhà Xuất Bản Tổng hợp TP.HCM,,Bìa mềm,320,,LITTLE BOOKS,available,1000,True,True,True
271518321,Phái Đoàn Đại Việt Và Lễ Bát Tuần Khánh Thọ Của Thanh Cao Tông,127500,150000,15,4.0,4,15,Nguyễn Duy Chính,Nhà xuất bản Tổng hợp TP.HCM ,Nhà Xuất Bản Tổng hợp TP.HCM,,,,,NXB TỔNG HỢP,available,1000,True,True,True
276735844,PHAN YÊN THÀNH BINH BIẾN KÝ - Toàn Cảnh Cuộc Nổi Dậy Của Lê Văn Khôi - Trần Hoàng Vũ - Nhà xuất bản Tổng hợp TPHCM,230000,230000,0,0.0,0,1,Trần Hoàng Vũ,Nhà xuất bản Tổng hợp TP.HCM ,Nhà Xuất Bản Tổng hợp TP.HCM,,Bìa mềm,320,,Bamboo Books,available,1000,True,True,True
197464863,Thâm Cung Bí Sử Triều Hậu Lê,69100,76000,9,5.0,2,13,Lê Thái Dũng,CÔNG TY CỔ PHẦN SÁCH TRÍ THỨC VIỆT,hong duc,,,,,Nhà sách Fahasa,available,1000,True,True,True
191268733,Giáo Dục Pháp - Việt Ở Bắc Kỳ (1884 - 1945),169000,169000,0,0.0,0,0,,Công ty TNHH Quốc Tế Mai Hà,Nhà Xuất Bản Khoa Học Xã Hội,,Bìa mềm,288,2022-07-14,Nhà sách NetaBooks,available,1000,True,True,True
271585783,Sách Con Đường Thủy Vào Trung Hoa - Chuyến Đi Tìm Thượng Nguồn Sông Mekong 1866-1873,179100,199000,10,0.0,0,5,Milton Osborne,Phương Nam Book,Nhà Xuất Bản Thế Giới,,Bìa mềm,320,,PHƯƠNG NAM BOOK,available,1000,True,True,True
279256885,"Các Cuộc Thương Lượng Giữa Lê Đức Thọ & Kissinger Tại Paris (BÌA MỀM) - Lưu Văn Lợi, Nguyễn Anh Vũ - Omega Plus",196000,218000,10,0.0,0,1,"Lưu Văn Lợi, Nguyễn Anh Vũ",Omega Plus,Nhà Xuất Bản Chính Trị Quốc Gia Sự Thật,,Bìa mềm tay gấp,412,2026-03-22,Alpha Books Official,available,1000,True,True,True
278749475,Sách Lịch Sử Việt Nam Từ Nguồn Gốc Đến Giữa Thế Kỷ XX - Ấn Bản Đặc Biệt 20 Năm Thành Lập Nhã Nam - Bìa Cứng,359100,399000,10,0.0,0,31,Lê Thành Khôi,Nhã Nam,Nhà Xuất Bản Thế Giới,,Bìa cứng,640,,Tiki Trading,available,1000,False,True,True
274884298,ĐẠI NAM LIỆT TRUYỆN (Trọn bộ) - Quốc Sử Quán Triều Nguyễn,705750,941000,25,4.3,3,39,Quốc sử quán triều Nguyễn,VIETNAMBOOK,Nhà Xuất Bản Thuận Hóa,,Bìa mềm tay gấp,1568,2024-04-26,VIETNAMBOOK,available,1000,True,True,True
249694168,"Sách Anh hùng lĩnh nam - Động đình hồ hùng chiến T1,T2",298100,432000,31,4.5,4,19,Yên Tử Cư Sĩ Trần Đại Sỹ,NXB Phụ Nữ Việt Nam,Nhà Xuất Bản Phụ Nữ Việt Nam,,Bìa mềm,968,2023-03-01,Tiki Trading,available,1000,False,True,True
278227238,Sách Hồi ức Quảng Trị,94500,104000,9,5.0,1,24,Nguyễn Thụy Kha,Nhà Xuất Bản Chính Trị Quốc Gia Sự Thật,Nhà Xuất Bản Chính Trị Quốc Gia Sự Thật,,Bìa mềm tay gấp,,,Tiki Trading,available,1000,False,True,True
215137158,Bộ 3 quyển sử - Việt Nam Sử Lược + Việt Nam Phong Tục + Cổ Học Tinh Hoa,347200,347200,0,0.0,0,1,,Nhà sách Minh Thắng,Nhà Xuất Bản Văn Học,,,,,Minhhabooks,available,1000,True,True,True
278491440,Sách Quá Trình Phát Triển Và Sụp Đổ Của Chế Độ Ngô Đình Diệm - Ngập Giữa Vũng Lầy,275800,318000,13,4.0,3,28,David Halberstam,Omega Plus,Nhà Xuất Bản Chính Trị Quốc Gia Sự Thật,,Bìa mềm,480,,Tiki Trading,available,1000,False,True,True
168962621,Sách Nam Kỳ Và Cư Dân Các Tỉnh Miền Tây,209300,299000,30,4.8,35,207,J.C.Baurac,OMEGA PLUS+,Nhà Xuất Bản Tổng hợp TP.HCM,,Bìa cứng,576,2022-03-03,Tiki Trading,available,1000,False,True,True
550991,Sách Bác Hồ Với Phụ Nữ Việt Nam,220000,220000,0,0.0,0,4,Quý Lâm,Nhà sách Lao Động,hong duc,,Bìa mềm,400,2016-10-10,Nhà Sách Lao Động,available,1000,True,False,True
276423548,BÌA CỨNG - NHỮNG BÀI HỌC TỪ LỊCH SỬ - VIỆN NHÂN HỌC VĂN HÓA (PHÙNG VĂN KHAI - HOÀNG LIÊN SƠN),340000,340000,0,0.0,0,0,Phùng Văn Khai,An Nam Books,Nhà Xuất Bản Văn Học,,Bìa cứng,300,2024-10-09,SÁCH ĐẠI NAM,available,1000,True,True,True
279100196,(Trọn bộ 2 tập) CHỦ TỊCH HỒ CHÍ MINH NGÀY NÀY NĂM XƯA – Dương Trung Quốc  – NXB Chính trị Quốc gia Sự thật,454000,454000,0,0.0,0,0,Dương Trung Quốc,Nhà Xuất Bản Chính Trị Quốc Gia Sự Thật,Nhà Xuất Bản Chính Trị Quốc Gia Sự Thật,,Bìa mềm,870,,BÌNH BÁN BOOK,available,1000,True,True,True
275587177,Điện Biên Phủ Nhiệm Vụ Bất Khả Thi - Trần Viết Nghĩa,197000,197000,0,0.0,0,1,,Nhà Xuất Bản Chính Trị Quốc Gia Sự Thật,Nhà Xuất Bản Tổng hợp TP.HCM,,Bìa mềm,568,2024-07-01,Bảo Châu Books,available,1000,True,True,True
278073997,Sách Cảo Thơm - Nam Ông Mộng Lục (Bìa Cứng),237500,250000,5,0.0,0,1,Hồ Nguyên Trừng,NXB Trẻ,NXB Trẻ,,Bìa cứng,320,,Cá Chép Bookstore,available,1000,True,True,True
214192867,An Nam Truyện – Ghi chép về Việt Nam trong chính sử Trung Quốc xưa - TB 2022,160000,200000,20,5.0,14,124,Châu Hải Đường,Tao Đàn,Nhà Xuất Bản Hội Nhà Văn,,,332,2023-01-04,sách tao đàn,available,1000,True,True,True
279250380,NON SÔNG MỘT DẢI - DÁNG VIỆT NGÀN NĂM – Nhiều tác giả - WAKA,399000,399000,0,0.0,0,0,nhieu tac gia,Đông A,Nhà Xuất Bản Thuận Hóa,,Bìa mềm,324,,BÌNH BÁN BOOK,available,1000,True,True,True
275053396,Trọn bộ Lịch sử Việt Nam phổ thông (9 tập),1250000,1250000,0,0.0,0,0,,Nhà Xuất Bản Chính Trị Quốc Gia Sự Thật,Nhà Xuất Bản Chính Trị Quốc Gia Sự Thật,,,,,Nhà Sách Lao Động,available,1000,True,True,True
276755245,Sách Thế chiến II - Khái lược những tư tưởng lớn,374000,450000,17,5.0,2,54,DK,Đông A,NXB Dân Trí,,Bìa cứng,336,2024-12-10,Tiki Trading,available,1000,False,True,True
276302717,Sách Lao Động Di Cư Trong Lịch Sử Việt Nam Thời Pháp Thuộc,190500,268000,29,5.0,7,80,"Eric Guerassimoff, Andrew Hardy",Alphabooks,Nhà Xuất Bản Hồng Đức,,Bìa mềm tay gấp,400,,Tiki Trading,available,1000,False,True,True
179573069,"ĐẠI NAM THỰC LỤC (Bìa cứng) - Quốc Sử Quán Triều Nguyễn (Trọn bộ 10 tập, gồm 03 Boxes)",3900000,6000000,35,5.0,10,61,Quốc sử quán triều Nguyễn,VIETNAMBOOK,Nhà Xuất Bản Hà Nội,,Bìa cứng,9276,2022-05-10,VIETNAMBOOK,available,1000,True,True,True
277941217,Sách Sử ta so với sử Tàu,51000,51000,0,0.0,0,0,"Ứng Hòe, Nguyễn Văn Tố",Nhà Xuất Bản Chính Trị Quốc Gia Sự Thật,Nhà Xuất Bản Chính Trị Quốc Gia Sự Thật,,Bìa mềm,123,,Hiệu Sách Tự Do,available,1000,True,True,True
278877957,21 Năm Viện Trợ Mỹ Ở Việt Nam ,150000,150000,0,0.0,0,1,Đặng Phong,Công ty Cổ phần phân phối và phát hành sách miền Trung,Nhà Xuất Bản Tri Thức,,Bìa mềm,228,2025-11-19,VIETNAMBOOK,available,1000,True,True,True
205802126,Đế Chế Atlantis Và Những Vương Quốc Biến Mất,146800,165000,11,5.0,5,26,,Tân Việt,NXB Dân Trí,,,,,Nhà sách Fahasa,available,1000,True,True,True
275239098,"ĐẠI TƯỚNG NGUYỄN CHÍ THANH - Nhà lãnh đạo xuất sắc của Đảng, vị tướng tài ba của quân đội nhân dân Việt Nam - Nguyễn Chí Vịnh - NXB Chính trị quốc gia sự thật",323000,323000,0,0.0,0,0,,NXB Chính Trị Quốc Gia Sự Thật,Nhà Xuất Bản Chính Trị Quốc Gia Sự Thật,,Bìa mềm,800,2024-06-28,VIETNAMBOOK,available,1000,True,True,True
275045328,Sách - Cuộc Đời Tướng Tình Báo Sáu Trí - Nguyễn Văn Khiêm ( bìa mềm) VL,196000,245000,20,5.0,10,40,,Cty Văn Hóa Văn Lang,Nhà Xuất Bản Hồng Đức,,Bìa mềm,173,2024-05-17,Bảo Châu Books,available,1000,True,True,True
144637603,Ở Đông Dương (En Indochine),399000,399000,0,4.8,32,185,,Công ty TNHH Quốc Tế Mai Hà,Nhà Xuất Bản Thế Giới,,Bìa cứng,320,2021-11-29,MaiHaBooks,available,1000,True,True,True
273511761,ĐÔ THỊ SÀI GÒN CHỢ LỚN TRƯỚC NĂM 1945 QUA TÀI LIỆU LƯU TRỮ -  Trung Tâm Lưu Trữ Quốc Gia II - (bìa mềm),220000,220000,0,0.0,0,0,,Nhà xuất bản Tổng hợp TP.HCM ,Nhà Xuất Bản Tổng hợp TP.HCM,,Bìa mềm,552,2023-11-30,Bamboo Books,available,1000,True,True,True
278489418,Sách Thoát khỏi địa ngục Khmer Đỏ,70700,83000,15,5.0,2,18,Denise Affonço,Omega Plus,Nhà Xuất Bản Chính Trị Quốc Gia Sự Thật,,Bìa mềm tay gấp,248,,Tiki Trading,available,1000,False,True,True
276110951,Từ Cách Mạng Tháng Tám Đến Chiến Dịch Hồ Chí Minh 1975 - Kỷ Niệm 50 Năm Ngày Giải Phóng Miền Nam Thống Nhất Đất Nước,64400,92000,30,5.0,3,9,Vũ Kim Yến,VIETNAMBOOK,Nhà Xuất Bản Hà Nội,,Bìa mềm tay gấp,184,2024-09-10,VIETNAMBOOK,available,1000,True,True,True
277545266,NHÂN CHỨNG VÀ LỊCH SỬ - Cuốn Sách Này Là Một Hành Trình Khám Phá Lịch Sử Qua Lời Kể Của Những Nhân Chứng - Hồ Sơn Đài - Vietnambook,147000,196000,25,5.0,2,16,Hồ Sơn Đài,VIETNAMBOOK,Nhà Xuất Bản Quân Đội Nhân Dân,,Bìa mềm,356,,VIETNAMBOOK,available,1000,True,True,True
271319412,Sách Nam Phương hoàng hậu - Vị quốc mẫu tân thời qua tư liệu báo chí (1934 - 1945),67950,85000,20,4.8,4,26,"Tử Yếng Lương, Hoài Trọng Tính",NXB Tổng hợp TP.HCM,Nhà Xuất Bản Tổng hợp TP.HCM,,Bìa mềm,192,2023-08-01,Tiki Trading,available,1000,False,True,True
277609601,Sách Mưa Đỏ  - Chu Lai,205000,205000,0,0.0,0,3,Chu Lai,VIETNAMBOOK,Nhà Xuất Bản Quân Đội Nhân Dân,,Bìa mềm,372,,Alpha Books Official,available,1000,True,True,True
277253288,Kiến trúc Pháp - Đông Dương - Dấu Tích Sài Gòn - Hòn ngọc Viễn Đông,350000,350000,0,0.0,0,0,,Nhà xuất bản Tổng hợp TP.HCM ,Nhà Xuất Bản Tổng hợp TP.HCM,,Bìa mềm,232,2025-02-03,Nhà sách NetaBooks,available,1000,True,True,True
145279368,Trường Sa 1988 - Hồ sơ một sự kiện lịch sử,220000,315000,30,4.5,12,62,,PHANBOOK,Nhà Xuất Bản Đà Nẵng,,Bìa mềm,496,2021-11-26,PHAN LỆ & FRIENDS,available,1000,True,True,True
277353550,Sách - Tây Du Ký - Trọn Bộ 4 Tập - Khang Việt Book,524000,524000,0,0.0,0,0,,Khang Việt Book,Nhà Xuất Bản Hà Nội,,,,,Bamboo Books,available,1000,True,True,True
73778048,Combo Đại Việt Sử Ký Toàn Thư+Việt Nam Sử Lược (Bìa Cứng),371500,371500,0,5.0,31,103,,Nhà sách Minh Thắng,Nhà Xuất Bản Hồng Đức,,,,,Phương Đông Books,available,1000,True,True,True
71510927,Một Chiến Dịch Ở Bắc Kỳ - Bìa Cứng (Ấn Bản Cao Cấp),528000,600000,12,4.8,6,16,Charles Édouard Hocquard,Đông A,Nhà Xuất Bản Văn Học,,,,,Nhà sách Fahasa,available,1000,True,True,True
32219581,Giáo Dục Phổ Thông Miền Nam 1954-1975,115000,115000,0,0.0,0,4,Ngô Minh Oanh chủ biên,NXB Tổng Hợp TPHCM,,,,,,Bamboo Books,available,1000,True,True,True
182459674,Sách: Lê Triều Chiếu Lệnh Thiện Chính,299000,399000,25,5.0,14,63,,Công ty TNHH Quốc Tế Mai Hà,Nhà Xuất Bản Khoa Học Xã Hội,,Bìa cứng,508,2022-05-01,MaiHaBooks,available,1000,True,True,True
202604402,Sách- Nỗi Buồn Chiến Tranh- Bảo Ninh- NXB Trẻ,130000,130000,0,0.0,0,4,,NXB Trẻ,NXB Trẻ,,,,,info book,available,1000,True,True,True
270141420,Ứng Vận Thần Vũ - Lê Đại Hành Hoàng Đế Phá Tống (Bộ 2 Tập) - Vũ Ngọc Đĩnh - Vanlangbooks,85200,142000,40,5.0,5,74,Vũ Ngọc Đĩnh,VanLangBooks,Nhà Xuất Bản Văn Hoá Thông Tin,,,,,Văn Lang Official Store,available,1000,True,True,True
276685351,Đất Sài Gòn Và Sinh Hoạt Của Người Sài Gòn Xưa,177300,197000,10,0.0,0,10,Lê Nguyễn,Dtbooks,Nhà Xuất Bản Hồng Đức,,Bìa mềm,316,2024-12-04,Bảo Châu Books,available,1000,True,True,True
276527084,"Lịch sử Quân sự Việt Nam, tập 11 - Cuộc kháng chiến chống Mỹ, cứu nước (1954 - 1975) bản in 2024",198000,198000,0,5.0,1,19,Viện Lịch Sử Quân Sự Việt Nam,Nhà Xuất Bản Chính Trị Quốc Gia Sự Thật,Nhà Xuất Bản Chính Trị Quốc Gia Sự Thật,,Bìa mềm,,,ST Book,available,1000,True,True,True
279131002,Sách :  HỒNG ĐỨC BẢN ĐỒ,205000,205000,0,0.0,0,0,Nhiều người,Công ty Cổ phần phân phối và phát hành sách miền Trung,Nhà Xuất Bản Thuận Hóa,,Bìa mềm,320,,Sách Miền Trung,available,1000,True,True,True
278443861,Sách Lịch Sử Việt Nam Bằng Tranh: Chiến Thắng Quân Mông Lần 1 (Bản Màu),48000,65000,26,5.0,1,11,"Trần Bạch Đằng, Nguyễn Thùy Linh, Tôn Nữ Quỳnh Trân, Nguyễn Huy Khôi",NXB Trẻ,NXB Trẻ,,Bìa cứng,88,2025-08-01,Tiki Trading,available,1000,False,True,True
78970025,Đại Cương Lịch Sử Việt Nam Toàn Tập,460000,460000,0,4.8,4,28,nhieu tac gia,Công Ty Cổ Phần Sách Đại Học - Dạy Nghề,Nhà Xuất Bản Giáo Dục Việt Nam,,Bìa cứng,1195,2020-11-24,HaAnBooks,available,1000,True,True,True
278518457,Cách mạng Tháng Tám - Một trang sử oanh liệt của cách mạng Việt Nam,56000,56000,0,0.0,0,4,Trương Chinh,Nhà Xuất Bản Chính Trị Quốc Gia Sự Thật,Nhà Xuất Bản Chính Trị Quốc Gia Sự Thật,,Bìa mềm,156,,ST Book,available,1000,True,True,True
275746424, (Bộ 4 tập) TAM THẾ TRANH HÙNG - Phương Bảo Song Tuyền – Mochi Books ,992000,992000,0,5.0,1,3,,Công Ty TNHH Xuất bản và Giáo dục Mochibooks,Nhà Xuất Bản Hội Nhà Văn,,Bìa mềm,,,BÌNH BÁN BOOK,available,1000,True,True,True
278474450,Sự Thật Về Nạn Đói Năm 1945 (Qua Tư Liệu & Ký Ức Lịch Sử) - Nguyễn Quang Ân ,342000,380000,10,0.0,0,2,Nguyễn Quang Ân,Omega Plus,Nhà Xuất Bản Chính Trị Quốc Gia Sự Thật,,,630,,Alpha Books Official,available,1000,True,True,True
278631748,Sách Lược Khảo Về Khoa Cử Việt Nam - Từ Khởi Thủy Đến Khoa Mậu Ngọ 1918,75000,95000,21,0.0,0,15,Trần Văn Giáp,Nhà xuất bản Tổng hợp TP.HCM ,Nhà Xuất Bản Tổng hợp TP.HCM,,Bìa mềm,124,,Tiki Trading,available,1000,False,True,True
279203556,"ĐẠI CHIẾN LƯỢC VIỆT NAM TẦM NHÌN 2030 - Những Vấn Đề Lý Luận, Thực Tiễn Và Thích Ứng Chính Sách - PGS.TSKH. Trần Khánh – NXB CTQG Sự thật",193000,193000,0,0.0,0,0,nhieu tac gia,Nhà Xuất Bản Chính Trị Quốc Gia Sự Thật,Nhà Xuất Bản Chính Trị Quốc Gia Sự Thật,,Bìa mềm,516,,BÌNH BÁN BOOK,available,1000,True,True,True
188161109,"Đại Nam Thực Lục (Bộ 10 tập, bìa cứng)",6000000,6000000,0,0.0,0,1,nhieu tac gia,Đông Tây,Nhà Xuất Bản Hà Nội,,Bìa cứng,9276,2022-06-24,SÁCH ĐẠI NAM,available,1000,True,True,True
279257817,[Tủ sách Thanh Niên] THÉP ĐÃ TÔI THẾ ĐẤY - Nikolai A. Ostrovsky - KIM ĐỒNG ,150000,150000,0,0.0,0,0,Nikolai A. Ostrovsky,Nhà Xuất Bản Kim Đồng,Nhà Xuất Bản Kim Đồng,,,472,,BÌNH BÁN BOOK,available,1000,True,True,True
193932343,"Đại Việt sử ký toàn thư (trọn bộ 2 quyển, có hộp)",2125000,2500000,15,5.0,5,11,nhieu tac gia,Công Ty Cổ Phần Văn Hóa Đông A,Nhà Xuất Bản Văn Học,,Bìa cứng,1768,2022-08-09,Đông A Books Official,available,1000,True,True,True
49960438,"Sách Súng, Vi Trùng Và Thép (Tái Bản 2020)",270000,270000,0,4.8,10,23,"Jared Diamond, Jared Diamond",Omega Plus,Nhà Xuất Bản Thế Giới,,,,,HaAnBooks,available,1000,True,True,True
271518957,Sách Đề Thám - Thời Kỳ Huy Hoàng (Qua Báo Chí Và Hồ Sơ Mật Thám Pháp Ở Đông Dương Năm 1909),168630,219000,23,5.0,5,56,E.Maliverney,Nhã Nam,Nhà Xuất Bản Tổng hợp TP.HCM,,Bìa mềm,479,2023-08-24,Tiki Trading,available,1000,False,True,True
277859870,"(Bìa mềm, Tặng kèm Bookmark, Postcard) CÁNH CHIM BẤT TỬ - Câu chuyện về người phi công huyền thoại Nguyễn Văn Bảy - Waka",133000,133000,0,4.5,2,34,,Công Ty Cổ Phần Waka,Nhà Xuất Bản Thế Giới,,Bìa mềm,,,BÌNH BÁN BOOK,available,1000,True,True,True
278093027,"Combo/Lẻ: Hồi Ký Nguyễn Thị Bình- Gia Đình, Bạn Bè Và Đất Nước +Người Thầy + Hành Trình Vì Hòa Bình- Nguyễn Chí Vịnh + Những Câu Chuyện Về Đại Tướng Nguyễn Chí Thanh + Nguyễn Chí Thanh- Những Góc Nhìn Từ Hậu Thế",151000,159000,5,0.0,0,0,nhieu tac gia,OMEGA PLUS+,Nhà Xuất Bản Quân Đội Nhân Dân,,,1400,2024-07-02,Sống Official,available,1000,True,True,True
279000906,"(Bìa Cứng) HỒ CHÍ MINH - TỪ NHÀ CÁCH MẠNG ĐẾN BIỂU TƯỢNG - Pierre Brocheux - Phạm Ngọc Hiệp, Trần Văn Kiên, Ninh Xuân Thao dịch - NXB Đại học Sư phạm",280000,280000,0,0.0,0,5,Pierre Brocheux,NXB Đại Học Sư Phạm,Nhà Xuất Bản Đại Học Sư Phạm,,Bìa cứng,380,,BÌNH BÁN BOOK,available,1000,True,True,True
263764768,Sách Lịch sử Việt Nam bằng tranh 55: Quang Trung đại phá quân Thanh,25000,35000,29,5.0,2,21,"Tô Hoài Đạt, Lê Văn Năm, Trần Bạch Đằng",NXB Trẻ,NXB Trẻ,,Bìa mềm,88,2023-07-10,Tiki Trading,available,1000,False,True,True
276948640,[Sách] An Nam Chí Lược - Lê Trắc - Sách Tao Đàn,228000,285000,20,5.0,1,14,,Tao Đàn,Nhà Xuất Bản Hội Nhà Văn,,Bìa mềm tay gấp,412,2025-01-06,sách tao đàn,available,1000,True,True,True
279248132,Nguồn Gốc Dân Tộc Việt Nam - Đào Duy Anh - Omega Plus,67000,79000,15,0.0,0,0,Đào Duy Anh,Omega Plus,Nhà Xuất Bản Thế Giới,,Bìa mềm tay gấp,92,2026-03-20,Omega Plus Books,available,1000,True,True,True
277023939,Sách - Ngàn Năm Sử Việt - Nhà Mạc - Trạng Trình Nguyễn Bỉnh Khiêm,57000,60000,5,0.0,0,12,,Nhà Xuất Bản Kim Đồng,Nhà Xuất Bản Kim Đồng,,Bìa mềm,,2023-12-21,Nhà sách Fahasa,available,1000,True,True,True
146270682,Hốt Tất Liệt Đại Đế (Tái Bản),165750,195000,15,4.8,5,22,Tô Văn Thánh,VanLangBooks,Nhà Xuất Bản Hồng Đức,,Bìa cứng,720,,Văn Lang Official Store,available,1000,True,True,True
278115895,Sách - Tư Mã Binh Pháp - Tề Tư Mã - Diễn Nhương Tư - Tiên Phong Dịch,150000,150000,0,0.0,0,0,,Công ty TNHH Tiên Phong Books,Nhà Xuất Bản Đồng Nai,,Bìa mềm,,,Tiên Phong Books Việt Nam,available,1000,True,True,True
278530982,Hành Trình Vì Hoà Bình - Nguyễn Chí Vịnh - Omega Plus,192000,240000,20,0.0,0,0,Nguyễn Chí Vịnh,Omega Plus,Nhiều Nhà Xuất Bản,,Bìa mềm,308,,Alpha Books Official,available,1000,True,True,True
10619461,Đồ thờ trong di tích của người Việt (Bìa mềm),120000,120000,0,5.0,7,212,Trần Lâm Biền,Nhà Sách 30 Hàn Thuyên,,,Bìa mềm,184,2019-01-26,Nhà sách 30 Hàn Thuyên,available,1000,True,True,True
275279882,Sách Lịch sử Việt Nam bằng tranh: Họ Khúc dựng nền tự chủ (Bản màu),53000,65000,18,0.0,0,16,"Nguyễn Trung Tín, Nguyễn Khắc Thuần, Nguyễn Thùy Linh, Trần Bạch Đằng",NXB Trẻ,NXB Trẻ,,,88,2024-06-25,Tiki Trading,available,1000,False,True,True
278728989,Lịch Sử Việt Nam (Từ Nguồn Gốc Đến Thế Kỷ XIX),114750,135000,15,0.0,0,3,Đào Duy Anh,Cty Văn Hóa Văn Lang,Nhà Xuất Bản Khoa Học Xã Hội,,Bìa mềm,576,2016-10-08,Bảo Châu Books,available,1000,True,True,True
276117156,Đại tướng Nguyễn Chí Thanh nhà lãnh đạo xuất sắc của Đảng vị tướng tài ba của quân đội nhân dân Việt Nam ( bản in 2024),323000,323000,0,0.0,0,2,,Nhà Xuất Bản Chính Trị Quốc Gia Sự Thật,Nhà Xuất Bản Chính Trị Quốc Gia Sự Thật,,Bìa mềm,800,,Bảo Châu Books,available,1000,True,True,True
276639697,Chuyện Vua Hàm Nghi,83700,90000,7,5.0,1,5,Phan Trần Chúc,NXB Chính Trị Quốc Gia,Nhà Xuất Bản Chính Trị Quốc Gia Sự Thật,,Bìa mềm,,2023-12-21,Nhà sách Fahasa,available,1000,True,True,True
272306879,Khắc Họa Bức Tranh Lịch Sử Nam Kỳ,119400,199000,40,0.0,0,2,,Công ty Cổ phần Sách Omega Việt Nam,Nhà Xuất Bản Tổng hợp TP.HCM,,,,,Bamboo Books,available,1000,True,True,True
26424770,Sách Lịch Sử Hội Truyền Bá Quốc Ngữ (1938 - 1945),58000,58000,0,0.0,0,0,,NXB Chính Trị Quốc Gia Sự Thật,Nhà Xuất Bản Chính Trị Quốc Gia,,Bìa mềm,226,2018-12-01,Bamboo Books,available,1000,True,True,True
564643,Truyện Ngắn Đặc Sắc Việt Nam Về Lịch Sử Từ Năm 1986 Đến Nay,97000,97000,0,0.0,0,0,.,NXB Phụ Nữ Việt Nam,Nhà Xuất Bản Phụ Nữ,,Bìa mềm,364,2016-12-01,SÁCH ĐẠI NAM,available,1000,True,True,True
275855738,Khâm Định Việt Sử Thông Cương Giám Mục (Bộ 7 Tập),802900,1147000,30,0.0,0,2,Viện Sử học,Đông Tây,Nhà Xuất Bản Hà Nội,,Bìa mềm,305,2024-08-06,VIETNAMBOOK,available,1000,True,True,True
208648753,Một Thức Nhận Về Văn Hóa Việt Nam - Phan Ngọc - Bản Quyền,195000,195000,0,0.0,0,0,,Alphabooks,Nhà Xuất Bản Thế Giới,,,,,HỆ THỐNG NHÀ SÁCH ABC,available,1000,True,True,True
278382696,Sách Việt Nam - Sách Vietnamese Folk Paintings - Sách ảnh - ISBN: 9786326041385,500000,500000,0,0.0,0,2,Artbook,Công ty TNHH Sách Á Châu,The Gioi Publisher,,Bìa mềm,204,2025-03-28,Artbook,available,1000,True,True,True
278491342,Sách Sài Gòn - Paris Viễn Đông,118000,140000,16,5.0,1,27,Nhiều tác giả,NXB Trẻ,NXB Trẻ,,Bìa mềm,340,2025-08-20,Tiki Trading,available,1000,False,True,True
182548590,Sách Lịch Sử Việt Nam Bằng Tranh - Họ Trịnh Khởi Nghiệp (bản màu),99000,140000,29,5.0,3,56,Nhiều tác giả,NXB Trẻ,NXB Trẻ,,Bìa cứng,80,2022-05-27,Tiki Trading,available,1000,False,True,True
198857519,(Combo trọn bộ 4 cuốn) CÁC VƯƠNG TRIỀU TRÊN ĐẤT THĂNG LONG - ẤN BẢN BÌA CỨNG – Nhiều tác giả – NXB Hà Nội ,1899000,1899000,0,0.0,0,3,nhieu tac gia,Nhà Xuất Bản Hà Nội,Nhà Xuất Bản Hà Nội,,Bìa cứng,,,BÌNH BÁN BOOK,available,1000,True,True,True
276905433,Sách - Tạp Ghi Việt Sử Địa - Tập 1,172800,180000,4,0.0,0,2,Nguyễn Đình Đầu,NXB Trẻ,NXB Trẻ,,Bìa mềm,,2023-12-21,Nhà sách Fahasa,available,1000,True,True,True
276394631,Võ Nguyên Giáp - Danh tướng thời đại Hồ Chí Minh,395000,395000,0,0.0,0,0,Trần Trọng Trung,Nhà Xuất Bản Chính Trị Quốc Gia Sự Thật,Nhà Xuất Bản Chính Trị Quốc Gia Sự Thật,,Bìa mềm,910,,Bamboo Books,available,1000,True,True,True
279228990,"TÌNH BÁO, GIÁN ĐIỆP - NHỮNG ĐIỆP VIÊN LỪNG DANH- Lê Văn Thành- VietNamBook",102000,102000,0,0.0,0,0,Lê Văn Thành,VIETNAMBOOK,Nhà Xuất Bản Quân Đội Nhân Dân,,Bìa mềm,204,,BÌNH BÁN BOOK,available,1000,True,True,True
275517751,Sách - Tục Ngữ - Ca Dao - Dân Ca Việt Nam - Tập 1 - Vũ Ngọc Phan - NXB Kim Đồng,95000,95000,0,0.0,0,2,Vũ Ngọc Phan,NXB Kim Đồng,Nhà Xuất Bản Kim Đồng,,Bìa mềm,,,Bamboo Books,available,1000,True,True,True
173631008,"HỆ THỐNG CƠ QUAN GIÁM SÁT TRIỀU NGUYỄN (1802 – 1885) TỪ THIẾT CHẾ, ĐỊNH CHẾ ĐẾN THỰC TIẾN",107000,165000,35,5.0,2,32,,Công ty cổ phần đầu tư phát triển Trường Phương,Nhà Xuất Bản Khoa Học Xã Hội,,Tùy chọn phiên bản bìa cứng hoặc bìa mềm,256,2022-04-02,MaiHaBooks,available,1000,True,True,True
67271227,Sách Ý Thức Về Chủ Quyền Và Lợi Ích Quốc Gia Của Một Số Nhà Cải Cách Ở Khu Vực Đông Á Nửa Cuối Thế Kỷ XIX - Đầu Thế Kỷ XX,164000,219000,25,5.0,4,33,Nguyễn Tiến Dũng,Công ty TNHH Quốc Tế Mai Hà,Nhà Xuất Bản Khoa Học Xã Hội,,Bìa mềm,384,2020-08-15,MaiHaBooks,available,1000,True,True,True
276841242,Sách - Thằng Gù Nhà Thờ Đức Bà - Tập 2 - Hồng Ân,87750,135000,35,0.0,0,0,,Nhà Sách Hồng Ân,Nhà Xuất Bản Đại Học Quốc Gia Hà Nội,,,,,Bảo Châu Books,available,1000,True,True,True
177253124,Đỉnh Cao Đế Quốc,389000,389000,0,5.0,1,8,Eric T. Jennings,PHANBOOK,Nhà Xuất Bản Đà Nẵng,,Bìa mềm,588,2022-04-26,Nhà sách NetaBooks,available,1000,True,True,True
276639635,Bộ Sách Lịch Sử Quân Sự Việt Nam (Bộ 14 Tập),2125000,2500000,15,5.0,1,4,Viện Lịch Sử Quân Sự Việt Nam,NXB Chính Trị Quốc Gia,Nhà Xuất Bản Chính Trị Quốc Gia Sự Thật,,Bìa mềm,,2023-12-21,Nhà sách Fahasa,available,1000,True,True,True
199969455,Sử Ký: Bản Kỷ - Biểu,359100,399000,10,4.5,2,4,Tư Mã Thiên,Đinh Tị,Nhà Xuất Bản Văn Học,,,,,Nhà sách Fahasa,available,1000,True,True,True
277526034,Sách Lịch Sử Việt Nam Bằng Tranh Màu - Đại Việt Dưới Thời Lý Nhân Tông Bìa mềm,46000,65000,29,0.0,0,7,Trần Bạch Đằng,NXB Trẻ,NXB Trẻ,,Bìa mềm,80,2024-03-25,Tiki Trading,available,1000,False,True,True
278109066,"Sách - Việt Nam văn hóa sử cương (in theo bản 1938 ,Quan Hải Tùng Thư) Bìa mềm",135000,135000,0,0.0,0,0,,Nhà Sách Hồng Ân,Nhà Xuất Bản Văn Học,,,,,Minhhabooks,available,1000,True,True,True
273328852,Sách Lịch sử Việt Nam bằng tranh: Nước Âu Lạc (Bản màu),51000,70000,27,4.7,3,48,Nhiều tác giả,NXB Trẻ,NXB Trẻ,,Tùy chọn phiên bản bìa cứng hoặc bìa mềm,100,2023-10-31,Tiki Trading,available,1000,False,True,True
272425571,Văn Học Cổ Việt Nam Và Trung Hoa - Những Hướng Tiếp Cận,99000,99000,0,0.0,0,7,Nguyễn Kim Châu,Nhà xuất bản Tổng hợp TP.HCM ,Nhà Xuất Bản Tổng hợp TP.HCM,,,,,NXB TỔNG HỢP,available,1000,True,True,True
277815080,Sách Thương học phương châm,50000,69000,28,0.0,0,11,Ôn Như Lương Văn Can,NXB Tổng Hợp TP. HCM,Nhà Xuất Bản Tổng hợp TP.HCM,,Bìa mềm,76,2025-04-01,Tiki Trading,available,1000,False,True,True
274193584,Combo Thằng Gù Nhà Thờ Đức Bà - Tập 1 + 2 (HA) (Bộ 2 Cuốn) ,169000,260000,35,0.0,0,4,Victor Hugo,Nhà Sách Hồng Ân,Nhà Xuất Bản Dân Trí,,Bìa mềm,,,Bảo Châu Books,available,1000,True,True,True
248905888,Từ Điển Chức Quan Việt Nam - Đỗ Văn Ninh,204000,204000,0,5.0,2,4,Đỗ Văn Ninh, NXB Hồng Đức,Nhà Xuất Bản Hồng Đức,,Bìa cứng,840,,SÁCH ĐẠI NAM,available,1000,True,True,True
277227946,LỊCH SỬ KHAI KHẨN CAO NGUYÊN AN KHÊ 1864-1888 – Andrew Hardy – Vũ Ngọc Quyên dịch - Omega Plus – NXB Hà Nội   ,99000,99000,0,0.0,0,0,Andrew Hardy,OMEGA PLUS+,Nhà Xuất Bản Hà Nội,,Bìa mềm,132,,BÌNH BÁN BOOK,available,1000,True,True,True
96289995,Sách Sapiens - Lược Sử Loài Người Bằng Tranh - Tập 1: Khởi Đầu Của Loài Người,303600,345000,12,4.7,19,100,Yuval Noah Harari,Alpha Books,Nhà Xuất Bản Dân Trí,,,,,Nhà sách Fahasa,available,1000,True,True,True
279236013,"Sách Lịch Sử - Việt Sử Kiêu Hùng Quyển 2, GNHBooks – Triều Đại Nhà Trần, Trần Hưng Đạo, Bìa Cứng",295000,359000,18,0.0,0,1,Thành Châu - Vũ Quang,Công ty Cổ phần Tư vấn Giáo dục Bách Khoa,Nhà Xuất Bản Thông Tin Và Truyền Thông,,Bìa cứng,250,2025-08-18,GNHBooks Sách Tinh Hoa,available,1000,True,True,True
277023981,Sách - Ngàn Năm Sử Việt - Nhà Hậu Lê - Lê Sơ - Sao Khuê Lấp Lánh,52200,55000,5,0.0,0,5,Nguyễn Đức Hiền,Nhà Xuất Bản Kim Đồng,Nhà Xuất Bản Kim Đồng,,Bìa mềm,,2023-12-21,Nhà sách Fahasa,available,1000,True,True,True
67041231,Sách Tìm Hiểu Giai Cấp Tư Sản Việt Nam Thời Pháp Thuộc,122300,139000,12,5.0,9,29,Nguyễn Công Bình,Công ty TNHH Quốc Tế Mai Hà,Nhà Xuất Bản Khoa Học Xã Hội,,,,,Nhà sách Fahasa,available,1000,True,True,True
275567566,Đồng Chí Nguyễn Chí Thanh với cách mạng Thừa Thiên Huế (1937 - 1949) bản in 2024,171810,171810,0,0.0,0,0,Hội Khoa Học Lịch Sử Thừa Thiên Huế,Nhà Xuất Bản Chính Trị Quốc Gia Sự Thật,Nhà Xuất Bản Chính Trị Quốc Gia Sự Thật,,,,2024-07-01,Hiệu sách Khai Trí,available,1000,True,True,True
278481611,[Kỷ niệm 80 năm CMT8 và 2-9] CHẶT XIỀNG – Nhiều tác giả – NXB Chính trị Quốc gia Sự thật,67000,67000,0,0.0,0,0,nhieu tac gia,Nhà Xuất Bản Chính Trị Quốc Gia Sự Thật,Nhà Xuất Bản Chính Trị Quốc Gia Sự Thật,,,,,BÌNH BÁN BOOK,available,1000,True,True,True
194960718,Sách Lịch Sử Việt Nam Bằng Tranh - Lê Sơ Sụp Đổ,121000,140000,14,5.0,3,43,Nhiều tác giả,NXB Trẻ,NXB Trẻ,,Bìa mềm,80,2022-08-22,Tiki Trading,available,1000,False,True,True
252681154,"(Bìa Cứng) Văn Hóa Vật Chất Và Văn Hóa Xã Hội Thời Kì Đại Việt - Nguyễn Duy Hinh, Trần Bình, Vũ Hoàng Hiếu",343000,490000,30,0.0,0,0,PGS.TS. Nguyễn Duy Hinh,Nhà xuất bản Tổng hợp TP.HCM ,Nhà Xuất Bản Tổng hợp TP.HCM,,Bìa cứng,756,2023-04-01,VIETNAMBOOK,available,1000,True,True,True
4088447,"Nam kỳ - Phong tục, Nhơn vật, Diễn ca",340000,340000,0,0.0,0,2,Nguyễn Liên Phong,Công Ty TNHH Thư Lâm,Nhà Xuất Bản Văn Học,,Bìa mềm,388,2012-03-27,Bamboo Books,available,1000,True,True,True
277514239,"Lịch Sử Việt Nam Qua Chính Sử Trung Hoa: Tống Sử, Nguyên Sử, Tân Nguyên Sử, Minh Sử, Thanh Sử Cảo",237500,250000,5,0.0,0,0,Cao Tự Thanh,NXB Tổng Hợp Hồ Chí Minh,Nhà Xuất Bản Tổng hợp TP.HCM,,Bìa cứng,450,2025-03-17,Cá Chép Bookstore,available,1000,True,True,True
278470671,Hoạt động chế tạo và quản lý sử dụng vũ khí dưới triều Nguyễn giai đoạn 1802 - 1883,155000,155000,0,0.0,0,0,nhieu tac gia,Đông Tây,Nhà Xuất Bản Khoa Học Xã Hội,,Bìa mềm tay gấp,212,2025-08-07,Đông Tây,available,1000,True,True,True
278804286,"Combo Duy Tân Thập Kiệt - Mười Nhân Vật Kiệt Xuất Của Minh Trị Duy Tân + Nhật Bản Và Việt Nam Là ""Đồng Minh Tự Nhiên""",254000,318000,20,0.0,0,0,nhieu tac gia,OMEGA PLUS+,Nhiều Nhà Xuất Bản,,,,,Alpha Books Official,available,1000,True,True,True
278829982,Sách -  Thần Long Kích Thủy - Lịch Sử Thuyền Chiến Việt Nam,235000,235000,0,0.0,0,0,"Đông Nguyễn, Kaovjets Ngujens",Nhà Xuất Bản Kim Đồng,Nhà Xuất Bản Kim Đồng,,Bìa mềm,212,,Bamboo Books,available,1000,True,True,True
277536433,18 Công Chúa Việt Nam,48750,65000,25,0.0,0,3,Đặng Việt Thủy - Đặng Thành Trung,VIETNAMBOOK,Nhà Xuất Bản Hồng Đức,,Bìa mềm tay gấp,124,2025-03-20,VIETNAMBOOK,available,1000,True,True,True
277196759,Huế và Triều Nguyễn theo dấu thời gian - NXB,139000,139000,0,0.0,0,1,,Nhà xuất bản Tổng hợp TP.HCM ,Nhà Xuất Bản Tổng hợp TP.HCM,,Bìa mềm tay gấp,296,2024-12-31,LITTLE BOOKS,available,1000,True,True,True
279282952,"Lược Sử Khoa Học Và Kỹ Thuật Việt Nam Tiền Hiện Đại - Trần Trọng Dương, Phạm Vũ Lộc,  Nguyễn Ngọc Phương Đông - Omega Plus",297000,350000,15,0.0,0,0,"Trần Trọng Dương, Phạm Vũ Lộc,  Nguyễn Ngọc Phương Đông",Omega Plus,Nhà Xuất Bản Đại Học Sư Phạm,,Bìa mềm tay gấp,432,2026-04-02,Omega Plus Books,available,1000,True,True,True
277184397,"Sách - Bàn Về Người Hùng, Tín Ngưỡng Người Hùng Và Tinh Thần Anh Hùng",217500,290000,25,5.0,1,6,,Công ty TNHH Truyền Thông và Giáo Dục Lyceum,Nhà Xuất Bản Đà Nẵng,,Bìa mềm,,2023-12-21,Nhà sách Fahasa,available,1000,True,True,True
277214048,Sách - Kỹ Thuật Làm Bánh Ngọt - Cuốn Sách Cho Người Bắt Đầu Học Làm Bánh - NXB Phụ Nữ,78000,78000,0,0.0,0,1,,Nhà xuất bản Phụ Nữ Việt Nam,Nhà Xuất Bản Phụ Nữ Việt Nam,,,,,Bamboo Books,available,1000,True,True,True
271967016,Nghìn Năm Bia Miệng - Tập 1,115000,115000,0,0.0,0,4,Huỳnh Ngọc Trảng - Trương Ngọc Tường,Nhà xuất bản Tổng hợp TP.HCM ,Nhà Xuất Bản Tổng hợp TP.HCM,,,,,NXB TỔNG HỢP,available,1000,True,True,True
276058808,Kể Chuyện Cụm Tình Báo H.63 Anh Hùng - Nguyễn Quang Chánh,249000,249000,0,5.0,1,18,Nguyễn Quang Chánh,Nhà xuất bản Tổng hợp TP.HCM ,Nhà Xuất Bản Tổng hợp TP.HCM,,Bìa mềm tay gấp,,2024-08-30,LITTLE BOOKS,available,1000,True,True,True
242406050,bìa cứng - VƯƠNG TRIỀU TRẦN 1226 - 1400  [BỘ SÁCH CÁC VƯƠNG TRIỀU TRÊN ĐẤT THĂNG LONG],456000,456000,0,0.0,0,0,,Công ty TNHH Truyền Thông và Giáo Dục Lyceum,Nhà Xuất Bản Hà Nội,,Bìa cứng,500,,Sách Thành Vinh,available,1000,True,True,True
168277495,Hồ Chí Minh Cơ Hội Cuối Cùng (Bìa mềm),220000,220000,0,4.0,2,27,, NXB Đại Học Sư Phạm,Nhà Xuất Bản Đại Học Sư Phạm,,Bìa mềm,368,,NXB Đại học Sư phạm,available,1000,True,True,True
277545549,"(Bộ 2 tập) THÀNH LẬP VÀ THAY ĐỔI ĐỊA DANH, ĐỊA GIỚI ĐƠN VỊ HÀNH CHÍNH TRONG LỊCH SỬ VIỆT NAM – Nguyễn Quang Ân - NXB Chính trị quốc gia sự thật",1750000,1750000,0,0.0,0,0,,Nhà Xuất Bản Chính Trị Quốc Gia Sự Thật,Nhà Xuất Bản Chính Trị Quốc Gia Sự Thật,,Bìa cứng,,,Bảo Châu Books,available,1000,True,True,True
276603512,Chuyện Vua Quang Trung - bản in 2024,102000,102000,0,0.0,0,1,Phan Trần Chúc,Nhà Xuất Bản Chính Trị Quốc Gia Sự Thật,Nhà Xuất Bản Chính Trị Quốc Gia Sự Thật,,,,,ST Book,available,1000,True,True,True
467578,Sách Việt Nam Sử Lược,380000,380000,0,0.0,0,0,Trần Trọng Kim,Nhã Nam,Nhà Xuất Bản Văn Học,,Bìa mềm,490,2015-12-31,Nhà Sách Vĩnh Thụy,available,1000,True,True,True
278448233,QUÁ TRÌNH PHÁT TRIỂN VÀ SỤP ĐỔ CỦA CHẾ ĐỘ NGÔ ĐÌNH DIỆM - NGẬP GIỮA VŨNG LẦY (Sách tham khảo) - David Halberstam - Mai Thị Yên Thi dịch - Omega Plus - NXB Chính trị Quốc gia Sự thật,286000,318000,10,0.0,0,0,nhieu tac gia,Omega Plus,Nhà Xuất Bản Chính Trị Quốc Gia Sự Thật,,Bìa mềm,480,,Alpha Books Official,available,1000,True,True,True
173137622,Sách Hán Việt Thành Ngữ Cố Sự,188000,225000,16,5.0,22,170,Hoàng Xuân Chỉnh,NXB Tổng Hợp TP. HCM,Nhà Xuất Bản Tổng hợp TP.HCM,,Bìa mềm,562,2021-01-01,Tiki Trading,available,1000,False,True,True
275137714,Di Sản Hồ Chí Minh - Bác Hồ Với Thiếu Niên Nhi Đồng,47500,50000,5,0.0,0,4,"Hà Minh Hồng,  Trần Thuận,  Lưu Văn Quyết",NXB Trẻ,NXB Trẻ,,,,,Nhà sách Fahasa,available,1000,True,True,True
275691201,"Ngàn năm văn hiến q.uốc gia Việt Nam (Xuất bản lần thứ hai, có bổ sung) - (bản in 2024)",845000,845000,0,0.0,0,0,,Nhà Xuất Bản Chính Trị Quốc Gia Sự Thật,Nhà Xuất Bản Chính Trị Quốc Gia Sự Thật,,,,,Bảo Châu Books,available,1000,True,True,True
130643300,Việt Nam Sử Lược,380000,380000,0,0.0,0,0,Trần Trọng Kim,Nhã Nam,Nhà Xuất Bản Văn Học,,,,,Nhà Sách Vĩnh Thụy,available,1000,True,True,True
278381421,Sách Lịch Sử Việt Nam Bằng Tranh: Nhà Lý Suy Vong (Bản Màu),52000,70000,26,5.0,1,6,"Trần Bạch Đằng, Nguyễn Quang Vinh, Nguyễn Thùy Linh, Lê Văn Năm",NXB Trẻ,NXB Trẻ,,Bìa mềm,96,2025-07-15,Tiki Trading,available,1000,False,True,True
278021245,[Sách] Trùng Hưng Thuở Ấy - Tô Như - Sách Tao Đàn,144000,180000,20,5.0,1,24,,Tao Đàn,Nhà Xuất Bản Hội Nhà Văn,,Bìa mềm tay gấp,310,2025-05-24,sách tao đàn,available,1000,True,True,True
278229730,Việt Nam Sử Lược - Quyển 1 ,170000,170000,0,0.0,0,5,Trần Trọng Kim,Nhà Xuất Bản Thanh Niên,Nhà Xuất Bản Thanh Niên,,Bìa mềm,244,2024-07-25,VIETNAMBOOK,available,1000,True,True,True
259389000,Nhìn lại xứ Gia Định và cuộc nội chiến Tây Sơn - Nguyễn Ánh (1777 – 1789),106250,125000,15,5.0,2,20,Nguyễn Hữu Hiếu,Nhà xuất bản Tổng hợp TP.HCM ,Nhà Xuất Bản Tổng hợp TP.HCM,,,,,NXB TỔNG HỢP,available,1000,True,True,True
277316232,Sách - Hiền Tài Thay Đổi Quốc Gia - SBOOKS,99000,138000,28,0.0,0,9,Tuệ Minh,SBOOKS,Nhà Xuất Bản Văn Học,,Bìa mềm,236,2025-02-11,SBOOKS OFFICIAL,available,1000,True,True,True
276527159,"Lịch sử Quân sự Việt Nam, tập 14 - Tổng luận - bản in 2024",161000,161000,0,0.0,0,1,Viện Lịch Sử Quân Sự Việt Nam,Nhà Xuất Bản Chính Trị Quốc Gia Sự Thật,Nhà Xuất Bản Chính Trị Quốc Gia Sự Thật,,,,,ST Book,available,1000,True,True,True
278108882,(Bìa cứng) NAM ÔNG MỘNG LỤC – Hồ Nguyên Trừng – NXB Trẻ,250000,250000,0,0.0,0,0,Hồ Nguyên Trừng,NXB Trẻ,NXB Trẻ,,Bìa cứng,320,,NHBook,available,1000,True,True,True
225920234,Tủ Sách Kể Chuyện Lịch Sử Trung Quốc : Kể Chuyện Tùy Đường,113400,180000,37,4.5,2,15,nhieu tac gia,Nhà Sách Hồng Ân,NXB Dân Trí,,Bìa mềm,568,,Bảo Châu Books,available,1000,True,True,True
278114772,Sách Lược Sử Nước Việt Bằng Tranh (Song Ngữ Việt – Nhật),196000,196000,0,0.0,0,0,"Hiếu Minh, Huyền Trang, Tạ Huy Long",Nhà Xuất Bản Kim Đồng,Nhà Xuất Bản Kim Đồng,,Bìa cứng,96,,Bamboo Books,available,1000,True,True,True
275719203,XỨ AN NAM (5/7/1885 - 4/4/1886) - Léon Prudhomme - Huỳnh Phương Bá dịch - Vietnambook,108000,144000,25,0.0,0,0,nhieu tac gia,VIETNAMBOOK,Nhà Xuất Bản Hà Nội,,Bìa mềm,240,,VIETNAMBOOK,available,1000,True,True,True
277740165,Biên Bản Chiến Tranh 1-2-3-4.75 ( Xuất bản lần thứ sáu ),205000,205000,0,5.0,2,9,Trần Mai Hạnh,Nhà Xuất Bản Chính Trị Quốc Gia Sự Thật,Nhà Xuất Bản Chính Trị Quốc Gia Sự Thật,,Bìa gập,611,2025-03-31,Luatvietbook,available,1000,True,True,True
278979105,Sách - Tang lễ của người An Nam (Nhã Nam HCM),312400,355000,12,0.0,0,3,Gustave Dumoutier,Nhã Nam,Nhà Xuất Bản Thế Giới,,Bìa cứng,412,2023-10-06,Nhã Nam HCM,available,1000,True,True,True
279282963,Nhà Nước Và Quyền Lực Chính Trị  Ở Việt Nam Đầu Thế Kỉ XIX - Vũ Đức Liêm - Omega Plus,195000,230000,15,0.0,0,0,Vũ Đức Liêm,Omega Plus,Nhà Xuất Bản Đại Học Sư Phạm,,Bìa mềm tay gấp,340,2026-04-02,Omega Plus Books,available,1000,True,True,True
277815088,Sách Thể chế công ở Việt Nam Thế kỷ XVIII (Bìa cứng),204000,259000,21,5.0,1,7,Đặng Phương Nghi,NXB Tổng Hợp TP. HCM,Nhà Xuất Bản Tổng hợp TP.HCM,,Bìa cứng,226,2025-04-01,Tiki Trading,available,1000,False,True,True
249609187,Tủ Sách Kể Chuyện Lịch Sử Trung Quốc ( bộ 4 cuốn ),403200,640000,37,0.0,0,0,nhieu tac gia,Nhà Sách Hồng Ân,Nhà Xuất Bản Đại Học Quốc Gia Hà Nội,,,567,,Bảo Châu Books,available,1000,True,True,True
278739757,Quan Hệ Việt Nam - Trung Hoa Dưới Triều Thanh (Bìa Cứng),660000,660000,0,0.0,0,8,nhieu tac gia,Tao Đàn Thư Quán,Nhà Xuất Bản Thông Tin Truyển Thông,,Bìa cứng,836,2025-10-10,Nhà sách NetaBooks,available,1000,True,True,True
125740065,VIỆT-NAM SỬ-LƯỢC - BÌA CỨNG (TẶNG KÈM POST CARD + BẢN ĐỒ + BOOKMARK),586000,586000,0,5.0,11,47,Trần Trọng Kim,Đông A,Nhà Xuất Bản Văn Học,,,656,2020-12-15,BÌNH BÁN BOOK,available,1000,True,True,True
274031478,Sách Tri Tân nhân vật chí tạp chú - Quyển 1: Từ thời Bắc thuộc đến nhà Trần,145000,180000,19,0.0,0,16,Nguyễn Phúc An,Nhà xuất bản Tổng hợp TP.HCM ,Nhà Xuất Bản Tổng hợp TP.HCM,,Bìa mềm,392,2023-01-01,Tiki Trading,available,1000,False,True,True
279124223,Đơn vị hành chính Việt Nam sau sắp xếp và vận hành chính quyền địa phương hai cấp,169000,169000,0,0.0,0,0,Nguyễn Thái Bình - Trương Hải Long,Nhà Xuất Bản Chính Trị Quốc Gia Sự Thật,Nhà Xuất Bản Chính Trị Quốc Gia Sự Thật,,Bìa mềm,344,,Bảo Châu Books,available,1000,True,True,True
245782725,Sách Lịch sử Việt Nam bằng tranh - bản màu (Hộp 16 cuốn),857000,1050000,18,5.0,22,174,Trần Bạch Đằng,NXB Trẻ,NXB Trẻ,,Bìa mềm,,2023-03-09,Tiki Trading,available,1000,False,True,True
74284506,Combo Đại việt sử ký toàn thư và Việt Nam Văn Học sử yếu (bìa mềm),401500,401500,0,4.8,4,17,,Nhà sách Minh Thắng,Nhà Xuất Bản Hồng Đức,,,,,Phương Đông Books,available,1000,True,True,True
279169606,Chiến thắng Điện Biên Phủ - Sự kiện - Hỏi và đáp,86000,86000,0,0.0,0,3,NXB Chính Trị Quốc Gia Sự Thật,Nhà Xuất Bản Chính Trị Quốc Gia Sự Thật,Nhà Xuất Bản Chính Trị Quốc Gia Sự Thật,,Bìa mềm,,,Lê Tường Phát hành sách Huế,available,1000,True,True,True
275822575,Sách - Bộ Tam thế tranh hùng - Tiểu thuyết dã sử khắc họa sự tranh giành quyền lực giữa Lê (Trịnh) – Tây Sơn – Nguyễn,992000,992000,0,4.5,2,10,,Công Ty TNHH Xuất bản và Giáo dục Mochibooks,Nhà Xuất Bản Hội Nhà Văn,,Bìa mềm,532,2024-08-02,Nhà sách Mochibooks,available,1000,True,True,True
197897190,Lê Quý Dật Sử,212700,239000,11,0.0,0,3,,Công ty TNHH Quốc Tế Mai Hà,nxb khoa hoc xa hoi,,,,,Nhà sách Fahasa,available,1000,True,True,True
275135645,NGÀN NĂM VĂN HIẾN QUỐC GIA VIỆT NAM – Nxb Chính trị Quốc gia Sự thật,760500,845000,10,0.0,0,0,,Nhà Xuất Bản Chính Trị Quốc Gia Sự Thật,Nhà Xuất Bản Chính Trị Quốc Gia Sự Thật,,Bìa mềm,,,Bảo Châu Books,available,1000,True,True,True
211951578,Sách Con Người Và Biểu Tượng - Man And His Symbols,396000,450000,12,0.0,0,1,Carl Gustav Jung,Nhã Nam,Nhà Xuất Bản Thế Giới,,Bìa cứng,522,2022-12-12,Alpha Books Official,available,1000,True,True,True
190703220,An Nam Truyện – Ghi chép về Việt Nam trong chính sử Trung Quốc xưa,198000,198000,0,0.0,0,0,Châu Hải Đường,Tao Đàn,Nhà Xuất Bản Hội Nhà Văn,,Bìa mềm,332,2018-03-01,SÁCH ĐẠI NAM,available,1000,True,True,True
55580981,Sách Nhà Nước Thế Tục,273800,308000,11,4.0,4,24,GS. TS. Đỗ Quang Hưng,Nhà Xuất Bản Chính Trị Quốc Gia Sự Thật,Nhà Xuất Bản Chính Trị Quốc Gia Sự Thật,,Bìa mềm,648,2019-12-31,Tiki Trading,available,1000,False,True,True
276031283,Bộ Sách Sử Ký Tư Mã Thiên (Bộ 3 Tập),428400,504000,15,0.0,0,0,Tư Mã Thiên,CÔNG TY TNHH PHÁT HÀNH S BOOKS,Nhà Xuất Bản Văn Học,,Bìa mềm,,2023-12-21,Nhà sách Fahasa,available,1000,True,True,True
279167407,Sách - Gốc Tích Nhà Tây Sơn,230000,230000,0,0.0,0,0,Nguyễn Duy Chính,Nhà Sách Hồng Ân,Nhà Xuất Bản Đại Học Sư Phạm,,,,,Nhà sách Khánh Linh 2,available,1000,True,True,True
275543116,Ngàn Năm Sử Việt - Nhà Lý - Sừng Rượu Thề,71200,75000,5,0.0,0,9,Nghiêm Đa Văn,Nhà Xuất Bản Kim Đồng,Nhà Xuất Bản Kim Đồng,,,,,Nhà sách Fahasa,available,1000,True,True,True
252041187,Văn Hóa Vật Chất Và Văn Hóa Xã Hội Thời Kì Đại Việt - Bìa Cứng,343000,490000,30,0.0,0,1,,Cty Tri Thức Văn Hóa Sách VN,Nhà Xuất Bản Văn Hóa Văn Nghệ,,,,,VIETNAMBOOK,available,1000,True,True,True
270975642,Nguyễn Thị Tây Sơn Ký,68000,80000,15,0.0,0,11,Nguyễn Duy Chính,Nhà xuất bản Tổng hợp TP.HCM ,Nhà Xuất Bản Tổng hợp TP.HCM,,,,,NXB TỔNG HỢP,available,1000,True,True,True
192020317,KHÔNG PHẢI HUYỀN THOẠI – Tiểu thuyết lịch sử đầu tiên về đại tướng Võ Nguyên Giáp trong chiến dịch Điện Biên Phủ – Hữu Mai - NXB Trẻ - Bìa mềm – In lần thứ 11,255000,255000,0,0.0,0,2,Hữu Mai,NXB Trẻ,NXB Trẻ,,Bìa mềm,585,,Bamboo Books,available,1000,True,True,True
192333863,Sách Gió đầu mùa & Hà Nội băm sáu phố phường,160000,160000,0,0.0,0,1,Thạch Lam,Công Ty Cổ Phần Văn Hóa Đông A,Nhà Xuất Bản Văn Học,,Bìa mềm,252,2022-07-01,Bamboo Books,available,1000,True,True,True
86819249,Combo 2 cuốn : Việt Nam Sử Lược - Lịch Sử Việt Nam từ nguồn gốc đến thế kỷ XIX ,254000,254000,0,5.0,1,4,"Trần Trọng Kim, Đào Duy Anh",Nhà sách Minh Thắng,Nhà Xuất Bản Văn Học,,Bìa mềm,1500,,Minhhabooks,available,1000,True,True,True
277196761,Việt Nam sử luận góc nhìn đa chiều - NXB,178000,178000,0,0.0,0,2,Trịnh Vĩnh Thường,Nhà xuất bản Tổng hợp TP.HCM ,Nhà Xuất Bản Tổng hợp TP.HCM,,Bìa mềm tay gấp,386,2025-01-29,LITTLE BOOKS,available,1000,True,True,True
107211604,Hồ Chí Minh Toàn Tập ( 15 Tập),6151000,6151000,0,0.0,0,0,,Nhà Xuất Bản Chính Trị Quốc Gia Sự Thật,Nhà Xuất Bản Chính Trị Quốc Gia Sự Thật,,Bìa cứng,,,Bảo Châu Books,available,1000,True,True,True
276081560,Lịch sử Việt Nam bằng hình - Gần 2000 minh họa tranh ảnh và bản đồ,855000,900000,5,5.0,3,30,Đông A Biên Soạn,Công Ty Cổ Phần Văn Hóa Đông A,Nhà Xuất Bản Đại Học Sư Phạm,,Bìa cứng,660,,Đông A Books Official,available,1000,True,True,True
278110968,"THUẾ THÂN Ở VIỆT NAM THỜI PHÁP THUỘC: Công Cụ Tài Chính, Điều Tiết Nhân Lực Và Quản Lí Xã Hội - Trần Xuân Trí - NXB Đại học Sư phạm",290000,290000,0,0.0,0,0,,NXB Đại Học Sư Phạm,Nhà Xuất Bản Đại Học Sư Phạm,,Bìa mềm,396,,VIETNAMBOOK,available,1000,True,True,True
277588924,Thời đại Hùng Vương (Lịch sử - Kinh tế - Chính trị - Văn hóa - Xã hội) bản in 2025,158000,158000,0,0.0,0,0,,Nhà Xuất Bản Chính Trị Quốc Gia Sự Thật,Nhà Xuất Bản Chính Trị Quốc Gia Sự Thật,,Bìa mềm,,,Bảo Châu Books,available,1000,True,True,True
278451121,Bộ Đại Việt Sử Ký Tiền Biên - Tục Biên (2 cuốn bìa mềm),777000,777000,0,0.0,0,0,nhieu tac gia,Đông Tây,Nhà Xuất Bản Hà Nội,,Bìa mềm tay gấp,1295,2025-08-01,Đông Tây,available,1000,True,True,True
275053522,"Lịch sử Việt Nam phổ thông, Tập 1: Từ tiền sử đến khởi nghĩa Hai Bà Trưng",127000,127000,0,0.0,0,1,,Nhà Xuất Bản Chính Trị Quốc Gia Sự Thật,Nhà Xuất Bản Chính Trị Quốc Gia Sự Thật,,,,,ST Book,available,1000,True,True,True
275975633,Kể Chuyện Cụm Tình Báo H.63 Anh Hùng - Những Câu Chuyện Tình Báo Thót Tim Không Phải Ai Cũng Biết (Bản in màu),266000,280000,5,0.0,0,3,Nguyễn Quang Chánh,NXB Tổng hợp Thành Phố Hồ Chí Minh,NXB Tổng Hợp Thành Phố Hồ Chí Minh,,Bìa mềm tay gấp,260,2024-08-22,Alpha Books Official,available,1000,True,True,True
275889995,Lược Sử Hoa Kỳ,223200,240000,7,5.0,1,11,JAMES WEST DAVIDSON,Nhã Nam,Nhà Xuất Bản Thế Giới,,Bìa mềm,,2023-12-21,Nhà sách Fahasa,available,1000,True,True,True
279096589,Hồ Chí Minh vĩ đại một con người,119000,119000,0,0.0,0,0,GS.Trần Văn Giàu,Nhà Xuất Bản Chính Trị Quốc Gia Sự Thật,Nhà Xuất Bản Chính Trị Quốc Gia Sự Thật,,Bìa mềm,,,ST Book,available,1000,True,True,True
161454962,Tập San Đại Học Sư Phạm: Văn - Sử - Triết luận cảo 1955-1956 ,190000,190000,0,5.0,1,8,,NXB Đại Học Sư Phạm,Nhà Xuất Bản Đại Học Sư Phạm,,,,,NXB Đại học Sư phạm,available,1000,True,True,True
270099524,"Các Thành Tố Gia Đình - Giới Tính, Chính Quyền Và Xã Hội Ở Việt Nam Thời Kỳ Cận Đại, 1463-1778",183000,229000,20,5.0,1,4,Trần Tuyết Nhung,Alpha Books,Nhà Xuất Bản Phụ Nữ,,Bìa mềm,,2023-07-10,Alpha Books Official,available,1000,True,True,True
275882890,SỰ PHỤC HƯNG CỦA NƯỚC ĐẠI VIỆT THẾ KỈ X - XIV - Aleksey Borizovich Polyakov (bìa mềm),179000,179000,0,0.0,0,0,,Công ty CP Xuất bản Khoa học và Giáo dục Thời Đại (TIMES BOOKS),Nhà Xuất Bản Tổng hợp TP.HCM,,Bìa mềm,231,2024-08-01,Minhhabooks,available,1000,True,True,True
404649,Sách Các Triều Đại Việt Nam,131000,131000,0,4.7,3,70,.,Nhà sách Minh Thắng,,,Bìa mềm,379,2009-07-20,Minhhabooks,available,1000,True,True,True
275645167,100 Câu Hỏi Về Lịch Sử Chữ Quốc Ngữ - Phạm Thị Kiều Ly,135000,135000,0,0.0,0,0,Phạm Thị Kiều Ly,Omega Plus,Nhà Xuất Bản Khoa Học Xã Hội,,Bìa mềm,169,2024-07-20,Nhà Sách Vĩnh Thụy,available,1000,True,True,True
205807472,Các Triều Đại Việt Nam (Tái bản năm 2022),120000,120000,0,0.0,0,1,Đỗ Đức Hùng,Nhà Xuất Bản Thanh Niên,Nhà Xuất Bản Thanh Niên,,Bìa mềm,417,,Nhà Sách Phương Nam,available,1000,True,True,True
273868381,Hoàng Triều Sử Ký,95000,95000,0,4.7,3,5,,Nhà xuất bản Tổng hợp TP.HCM ,Nhà Xuất Bản Tổng hợp TP.HCM,,,,,NXB TỔNG HỢP,available,1000,True,True,True
129019773,Sách - Thăng Long Kinh Kì - Kẻ chợ: Thời Lê-Trịnh,60000,60000,0,0.0,0,0,"Nguyễn Quốc Tín,  Nguyễn Huy Thắng",NXB Kim Đồng,Nhà Xuất Bản Kim Đồng,,Bìa mềm,156,,Bamboo Books,available,1000,True,True,True
262036443,"12.2.1968 - Ký Ức Kinh Hoàng Về Cuộc Thảm Sát Phong Nhất, Phong Nhị - Koh Kyoung Tae - Nguyễn Ngọc Tuyền dịch - (bìa mềm)",256000,256000,0,0.0,0,0,Koh Kyoung Tae,Nhà xuất bản Tổng hợp TP.HCM ,Nhà Xuất Bản Tổng hợp TP.HCM,,Bìa mềm,423,2020-06-01,Bamboo Books,available,1000,True,True,True
261823868,Bộ sách Vùng Đất Nam Bộ (10 tập),2000000,2000000,0,0.0,0,0,nhieu tac gia,Nhà Xuất Bản Chính Trị Quốc Gia Sự Thật,Nhà Xuất Bản Chính Trị Quốc Gia Sự Thật,,Bìa cứng,,,Bảo Châu Books,available,1000,True,True,True
275237458,Đại tướng Nguyễn Chí Thanh nhà lãnh đạo xuất sắc của Đảng vị tướng tài ba của quân đội nhân dân Việt Nam ( bản in 2024),323000,323000,0,0.0,0,1,,Nhà Xuất Bản Chính Trị Quốc Gia Sự Thật,Nhà Xuất Bản Chính Trị Quốc Gia Sự Thật,,,,2024-06-10,Bảo Châu Books,available,1000,True,True,True
6568537,Sách Sài Gòn - Chợ Lớn: Ký Ức Đô Thị Và Con Người (Tái Bản Có Chỉnh Sửa Và Bổ Sung),197000,197000,0,0.0,0,0,Nguyễn Đức Hiệp,NXB Văn Hóa - Văn Nghệ,Nhà Xuất Bản Văn Hóa - Văn Nghệ TP.HCM,,Bìa mềm,472,2018-10-01,Bamboo Books,available,1000,True,True,True
275137679,Bộ Sách Lịch Sử Văn Minh Thế Giới - Phần V - Thời Kỳ Phục Hưng (Bộ 3 Cuốn),717200,815000,12,0.0,0,1,Will Durant,Viện Quản lý PACE,Nhà Xuất Bản Khoa Học Xã Hội,,,,,Nhà sách Fahasa,available,1000,True,True,True
56359917,Combo Sách : Một Chiến Dịch Ở Bắc Kỳ + Tiểu Luận Về Dân Bắc Kỳ,623000,779000,20,0.0,0,0,`,Alphabooks,Nhà Xuất Bản Hà Nội,,Bìa cứng,,,Omega Plus Books,available,1000,True,True,True
277608832,TUYỂN TẬP KHẢO CỨU VỀ VĂN HÓA VIỆT NAM (Qua Tạp chí Dân Việt Nam) - Viện Viễn Đông Bác Cổ - Trường Phương Books,257000,257000,0,0.0,0,3,Viện Viễn Đông Bác cổ Pháp,Công ty cổ phần đầu tư phát triển Trường Phương,Nhà Xuất Bản Thuận Hóa,,Bìa mềm,470,,BÌNH BÁN BOOK,available,1000,True,True,True
276495690,Lược Sử Nước Việt Bằng Tranh - KĐ,140000,140000,0,4.0,1,5,"Dương Trung Quốc,  Hiếu Minh,  Tạ Huy Long,  Huyền Trang",Kim Đồng,Nhà Xuất Bản Kim Đồng,,Bìa mềm,96,,NewShop Official,available,1000,True,True,True
274921922,Sách Đại Tướng Võ Nguyên Giáp - Danh Tướng Thời Đại Hồ Chí Minh ( CT),395000,395000,0,5.0,2,6,Trần Trọng Trung,Nhà Xuất Bản Chính Trị Quốc Gia Sự Thật,Nhà Xuất Bản Chính Trị Quốc Gia Sự Thật,,Bìa mềm,910,2024-05-02,Bảo Châu Books,available,1000,True,True,True
279104259,(Bìa cứng in màu) VIỆT NAM 40 NĂM ĐỔI MỚI (1986-2026) – NXB Thông Tấn,520000,520000,0,0.0,0,2,nhieu tac gia,NXB Thông Tấn,Nhà Xuất Bản Thông Tấn,,Bìa cứng,340,,BÌNH BÁN BOOK,available,1000,True,True,True
140843383,Hoàng Việt Luật Lệ Toát Yếu Diễn Ca ,122000,189000,35,5.0,1,15,,Công ty cổ phần đầu tư phát triển Trường Phương,Nhà Xuất Bản Khoa Học Xã Hội,,Bìa mềm,318,2021-05-17,MaiHaBooks,available,1000,True,True,True
279186216,QUA ĐÊM Ở NHÀ CÁC VUA NGUYỄN – Nguyễn Ngọc Tiến – Nhã Nam - NXB Hội Nhà Văn,120000,120000,0,0.0,0,0,Nguyễn Ngọc Tiến,Nhã Nam -  Hội Nhà Văn,Nhà Xuất Bản Hội Nhà Văn,,,320,,BÌNH BÁN BOOK,available,1000,True,True,True
277413353,(Combo 2 cuốn) CHUYÊN ĐỀ HIỂU VIỆT NAM SỐ 1 - CHUYÊN ĐỀ HIỂU VIỆT NAM SỐ 2 – Nhiều tác giả – Tao Đàn ,402000,402000,0,0.0,0,0,,Tao Đàn,Nhà Xuất Bản Hội Nhà Văn,,Bìa mềm,439,2025-04-30,SÁCH ĐẠI NAM,available,1000,True,True,True
279070088,Sách - Hồ Chí Minh: Từ Nhà Cách Mạng Đến Biểu Tượng (Bìa Cứng + Bìa Mềm),250000,250000,0,0.0,0,0,Pierre Brocheux,Nhà Sách Hồng Ân,Nhà Xuất Bản Đại Học Sư Phạm,,,,,Khanhlinhbook,available,1000,True,True,True
178240542,Sách Quán Thánh,280150,360000,22,0.0,0,15,Nguyễn Đức Dũng,Tri Thức Trẻ Books,Nhà Xuất Bản Thế Giới,,Bìa mềm,220,2022-01-01,Tiki Trading,available,1000,True,True,True
262462003,"Các Thành Tố Gia Đình: Giới Tính, Chính Quyền Và Xã Hội Ở Việt Nam Thời Kỳ Cận Đại 1643-1778 (Trần Tuyết Nhung) ",183000,229000,20,0.0,0,0,,OMEGA PLUS+,Nhà Xuất Bản Phụ Nữ,,Bìa mềm,356,2023-05-31,Alpha Books Official,available,1000,True,True,True
274462518,Điện Biên Phủ Không Thể Nào Quên,64500,86000,25,5.0,3,17,Hoàng Hải,VIETNAMBOOK,Nhà Xuất Bản Quân Đội Nhân Dân,,Bìa mềm tay gấp,156,2024-03-13,VIETNAMBOOK,available,1000,True,True,True
10039608,Sách Nam Kỳ Viễn Chinh Ký 1861,150400,169000,11,5.0,8,54,Léopold Pallu,DT Books,,,Bìa mềm,306,2019-01-01,Nhà sách Fahasa,available,1000,True,True,True
274770489,[Kỷ niệm 70 năm chiến thắng Điện Biên Phủ] ĐIỆN BIÊN PHỦ - LỊCH SỬ VÀ KÝ ỨC - Tỉnh ủy Điện Biên - Hội Khoa Học Lịch Sử Việt Nam - NXB Chính Trị Quốc Gia Sự Thật.,193000,193000,0,0.0,0,0,,Nhà Xuất Bản Chính Trị Quốc Gia Sự Thật,Nhà Xuất Bản Chính Trị Quốc Gia Sự Thật,,Bìa mềm,,,Bamboo Books,available,1000,True,True,True
207852951,Sách ĐINH BỘ LĨNH DẸP LOẠN 12 SỨ QUÂN,24000,30000,20,5.0,1,7,Đỗ Biên Thùy,NXB Trẻ,NXB Trẻ,,Bìa mềm,24,2022-11-01,Tiki Trading,available,1000,False,True,True
272396602,Đề Thám - Thời Kỳ Huy Hoàng,219000,219000,0,0.0,0,0,E.Maliverney,Nhã Nam,Nhà Xuất Bản Tổng hợp TP.HCM,,Bìa mềm,479,2023-09-30,Nhà sách NetaBooks,available,1000,True,True,True
273870857,Bài Giảng Lịch Sử An Nam,178600,190000,6,0.0,0,2,Trương Vĩnh Ký,Nhã Nam,Nhà Xuất Bản Thế Giới,,,,,Nhà sách Fahasa,available,1000,True,True,True
196488087,Nước Nga Hồi Sinh: Sức Mạnh Và Mục Đích Trong Một Trật Tự Toàn Cầu Mới (Xuất Bản Lần Thứ Hai),263000,263000,0,0.0,0,2,,NXB Chính Trị Quốc Gia,Nhà Xuất Bản Chính Trị Quốc Gia Sự Thật,,,,,Nhà Sách Lao Động,available,1000,True,True,True
248341953,GIÁO TRÌNH LỊCH SỬ ĐẢNG CỘNG SẢN VIỆT NAM (DÀNH CHO BẬC ĐẠI HỌC HỆ KHÔNG CHUYÊN LÝ LUẬN CHÍNH TRỊ),90000,90000,0,0.0,0,0,Bộ Giáo Dục,Văn Lang,Nhà Xuất Bản Chính Trị Quốc Gia Sự Thật,,Bìa mềm,,,Bảo Châu Books,available,1000,True,True,True
212463697,Đông Dương Một Nền Thuộc Địa Nhập Nhằng (Giai Đoạn 1858-1954)_AL,439000,439000,0,0.0,0,0,,Alpha Books,Nhà Xuất Bản Thế Giới,,Bìa mềm,,,Nhà Sách Vĩnh Thụy,available,1000,True,True,True
272830053,Người Mỹ Da Đen Trong Bản Đồ Văn Học Mỹ,135000,135000,0,0.0,0,0,Nguyễn Thị Tuyết,NXB Tổng Hợp TPHCM,Nhà Xuất Bản Tổng hợp TP.HCM,,,,,Bamboo Books,available,1000,True,True,True
274384021,Cuốn Sách Văn Học Về Lịch Sử Hay: Thép Đã Tôi Thế Đấy! ,151250,151250,0,0.0,0,1,,Huy Hoàng Bookstore,Nhà Xuất Bản Văn Học,,,,,Phương Đông Books,available,1000,True,True,True
277617620,Đại thắng mùa xuân năm 1975. Bản hùng ca chiến thắng thời đại Hồ Chí Minh - bản in 2025,231000,231000,0,0.0,0,0,,Nhà Xuất Bản Chính Trị Quốc Gia Sự Thật,Nhà Xuất Bản Chính Trị Quốc Gia Sự Thật,,,,,Bảo Châu Books,available,1000,True,True,True
35735029,Combo Từ Điển Chức Quan Việt Nam + Xứ Đông Dương (Tái Bản Bổ Sung),545000,545000,0,0.0,0,0,,Nhiều công ty phát hành,,,Bìa mềm,,,SÁCH ĐẠI NAM,available,1000,True,True,True
263955811,"Các Thành Tố Gia Đình - Giới Tính, Chính Quyền Và Xã Hội Ở Việt Nam Thời Kỳ Cận Đại, 1463-1778",183000,229000,20,0.0,0,1,Trần Tuyết Nhung,Omega Plus,Nhà Xuất Bản Phụ Nữ Việt Nam,,Bìa mềm,356,2023-06-28,Alpha Books Official,available,1000,True,True,True
10124670,"Tống Duy Tân - Cuộc Đời, Sự Nghiệp Và Những Trang Viết Về Sỹ Phu Yêu Nước",42000,60000,30,5.0,2,58,Hoàng Huyênh,Công Ty Cổ Phần Tri thức Văn Hóa Sách Việt Nam,,,Bìa mềm,192,2018-01-01,VIETNAMBOOK,available,1000,True,True,True
276061200,Hỏi Đáp Lịch Sử Việt Nam - Tập 1 - Từ Khởi Thủy Đến Thế Kỷ X,104500,110000,5,0.0,0,0,Nhóm Nhân Văn Trẻ,NXB Trẻ,NXB Trẻ,,Bìa mềm,,2023-12-21,Nhà sách Fahasa,available,1000,True,True,True
165992276,Sách Vương Hồng Sển - Tạp Bút Năm Nhâm Thân 1992,182000,250000,27,5.0,4,62,Vương Hồng Sển,NXB Trẻ,NXB Trẻ,,Bìa mềm,408,2022-02-02,Tiki Trading,available,1000,False,True,True
188575628,Hội Kín Xứ An Nam (Bìa Cứng),234000,234000,0,0.0,0,0,Georges Coulet,OMEGA  book,Nhà Xuất Bản Đại Học Quốc Gia Hà Nội,,Bìa cứng,478,2019-06-12,HỆ THỐNG NHÀ SÁCH ABC,available,1000,True,False,True
277349472,Sách - Thực Đơn Ăn Chay Giúp Giảm Béo + 52 Thực Đơn Nấu Ăn Chay - Việt Thư,116000,116000,0,0.0,0,0,,Công Ty TNHH Văn Hóa Việt Thư,Nhà Xuất Bản Phụ Nữ Việt Nam,,,,,Bamboo Books,available,1000,True,True,True
188575734,Tiến Trình Lịch Sử Đảng Cộng Sản Việt Nam 1930 - 2021- ( VN),211200,240000,12,5.0,2,7,PGS. TS Ngô Đăng Tri,NXB Thông Tin Và truyền Thông,Nhà Xuất Bản Thông Tin Và Truyền Thông,,Bìa mềm,507,,Bảo Châu Books,available,1000,True,True,True
278122154,(Bìa vải – in màu) CHÙA THẦY - DI TÍCH QUỐC GIA ĐẶC BIỆT – Nhiều tác giả - Nxb Dân Trí ,880000,880000,0,0.0,0,0,,Nhà Xuất Bản Dân Trí,Nhà Xuất Bản Dân Trí,,Bìa vải,528,,BÌNH BÁN BOOK,available,1000,True,True,True
278195110,"(Phụ nữ tùng thư, Tủ sách Giới và Phát triển) PHỤ NỮ BÀN VỀ VẤN ĐỀ PHỤ NỮ TRÊN PHỤ NỮ TÂN VĂN - Đoàn Ánh Dương biên soạn - NXB Phụ Nữ Việt Nam",251000,251000,0,0.0,0,0,,Nhà xuất bản Phụ Nữ Việt Nam,Nhà Xuất Bản Phụ Nữ Việt Nam,,Bìa mềm,600,,BÌNH BÁN BOOK,available,1000,True,True,True
276859414,Sách - Lịch Sử Cơ Đốc Giáo Việt Nam Thế Kỷ 16-19,241200,268000,10,0.0,0,4,Trịnh Vĩnh Thường,Alpha Books,hong duc,,Bìa mềm,,2023-12-21,Nhà sách Fahasa,available,1000,True,True,True
273707420,TRI TÂN NHÂN VẬT CHÍ TẬP CHÚ - QUYỂN 1: TỪ THỜI BẮC THUỘC ĐẾN NHÀ TRẦN,153000,153000,0,0.0,0,1,Nguyễn Phúc An,Nhà xuất bản Tổng hợp TP.HCM ,Nhà Xuất Bản Tổng hợp TP.HCM,,,392,2023-12-25,LITTLE BOOKS,available,1000,True,True,True
23436172,Việt Nam Phong Tục,97000,97000,0,0.0,0,8,Phan Kế Bính,NXB Văn Học,,,,,,Minhhabooks,available,1000,True,True,True
207852949,Sách THÁNH GIÓNG NGỰA SẮT TUNG HOÀNH,22000,30000,27,0.0,0,1,Đỗ Biên Thùy,NXB Trẻ,NXB Trẻ,,Bìa mềm,24,2022-11-01,Tiki Trading,available,1000,False,True,True
277271808,"Sách - Hành Lang Hẹp - Nhà Nước, Xã Hội Và Vận Mệnh Của Tự Do - NXB Trẻ",397000,397000,0,0.0,0,0,,Alphabooks,Nhà Xuất Bản Công Thương,,,,,Bamboo Books,available,1000,True,True,True
279212019,Đại Việt Thông Sử (Bìa Cứng),408500,430000,5,0.0,0,0,Lê Quý Đôn,NXB Trẻ,Nhà xuất bản Kinh tế tài chính,,Bìa cứng,744,2026-03-09,Nhà sách NetaBooks,available,1000,True,True,True
274537996,Sách Trống Đồng,163400,235000,30,4.8,6,38,Phong Nguyen,Alphabooks,Nhà Xuất Bản Hội Nhà Văn,,Bìa mềm tay gấp,336,2024-07-03,Tiki Trading,available,1000,False,True,True
278491447,"Sách Nội Các Trần Trọng Kim - Bản chất, vai trò và vị trí lịch sử",176000,186000,5,0.0,0,1,Phạm Hồng Tung,Omega Plus,Nhà Xuất Bản Chính Trị Quốc Gia Sự Thật,,Bìa mềm tay gấp,269,,Alpha Books Official,available,1000,True,True,True
274364984,Sách Ba Đồn Mạn Thuật,434900,545000,20,5.0,3,33,Nguyễn Quang Lập,Alphabooks,Nhà Xuất Bản Hội Nhà Văn,,Bìa mềm,644,2024-04-13,Tiki Trading,available,1000,False,True,True
276350700,Nước Pháp Qua Các Thời Đại,412500,550000,25,5.0,3,20,Henrietta Elizabeth Marshall,Công ty TNHH Truyền Thông và Giáo Dục Lyceum,Nhà Xuất Bản Văn Học,,Bìa mềm,,2023-12-21,Nhà sách Fahasa,available,1000,True,True,True
887773,Theo Dòng Lịch Sử,115000,115000,0,5.0,9,125,Nguyễn Thế Anh,Công Ty TNHH Thư Lâm,Nhà Xuất Bản Tổng Hợp,,Bìa mềm,367,2017-11-27,Chính Thông,available,1000,True,True,True
277729190,Việt Sử -Xứ Đàng Trong (1558-1777),299000,299000,0,5.0,1,14,Phan Khoang,Công ty Cổ phần Xuất bản Khai Tâm,Nhà Xuất Bản Đà Nẵng,,Bìa mềm,540,2025-04-01,Nhà sách NetaBooks,available,1000,True,True,True
276949623,Đại Việt Sử Ký Tiền Biên (Tái bản 2025),348750,465000,25,0.0,0,14,,VIETNAMBOOK,Nhà Xuất Bản Hà Nội,,Bìa mềm tay gấp,776,2025-01-06,VIETNAMBOOK,available,1000,True,True,True
20750209,Sách Từ Điển Chức Quan Việt Nam,192500,250000,23,4.8,57,503,Đỗ Văn Ninh,Nhã Nam,Nhà Xuất Bản Thông Tấn,,Bìa mềm,678,2019-06-01,Tiki Trading,available,1000,False,True,True
278819497,Vua Tây Chúa Nguyễn (Bìa mềm),49900,70000,29,0.0,0,9,Ngô Tất Tố,Nhà sách Minh Thắng,Nhà Xuất Bản Văn Học,,Bìa mềm,204,,Tiki Trading,available,1000,False,True,True
39243839,Combo Những Biên Bản Cuối Cùng Tại Nhà Trắng: Phút Sụp Đổ Của Việt Nam Cộng Hòa +  Hồ Sơ Mật Lầu 5 Góc Và Hồi Ức Về Chiến Tranh Việt Nam (2 Cuốn),403800,420000,4,5.0,57,319,Daniel Ellsberg,Nhà sách Lao Động,Nhà Xuất Bản Chính Trị Quốc Gia Sự Thật,,Bìa mềm,687,2019-10-01,Tiki Trading,available,1000,False,True,True
276392466,Sách - Văn hóa tính dục ở Việt Nam - Từ thế kỷ X đến đầu thế kỷ XX (Phạm Văn Hưng) (Nhã Nam Official),269000,269000,0,0.0,0,2,Phạm Văn Hưng,Nhã Nam,Nhà Xuất Bản Thế Giới,,Bìa mềm,531,,NHBook,available,1000,True,True,True
196054990,"Đông Dương: Một Nền Thuộc Địa Nhập Nhằng, Giai Đoạn 1858 - 1954",351000,439000,20,5.0,10,69,nhieu tac gia,Alpha Books,Nhà Xuất Bản Thế Giới,,Bìa mềm,688,2022-08-25,Omega Plus Books,available,1000,True,True,True
88941674,Sách Hoàng Lê Nhất Thống Chí (Bìa Cứng),126350,126350,0,5.0,1,7,Ngô Gia Văn Phái,Nhà sách Minh Thắng,Nhà Xuất Bản Dân Trí,,Bìa cứng,504,2021-04-15,AHABOOKS,available,1000,True,True,True
263357467,Bộ 2 tập sách Gia Định - Sài Gòn - Thành Phố Hồ Chí Minh Dặm Dài Lịch Sử (1698 - 2020),875500,1030000,15,4.5,2,33,Nguyễn Đình Tư,Nhà xuất bản Tổng hợp TP.HCM ,Nhà Xuất Bản Tổng hợp TP.HCM,,,,,NXB TỔNG HỢP,available,1000,True,True,True
278877966,Kinh Tế Việt Nam Thời Nguyên Thủy,315000,350000,10,0.0,0,0,Đặng Phong,Công ty Cổ phần phân phối và phát hành sách miền Trung,Nhà Xuất Bản Tri Thức,,Bìa mềm,532,2025-11-19,VIETNAMBOOK,available,1000,True,True,True
253150605,Hồi Ức Sài Gòn Thời Chiến Tranh,91300,110000,17,5.0,3,19,Triệu Quốc Mạnh,Nhà Xuất Bản Trẻ,NXB Trẻ,,Bìa mềm,200,2023-05-08,Nhà Xuất Bản Trẻ,available,1000,True,True,True
277356562,Sách Trăm Năm Một Bước Hải Hà - Nhóm tác giả Truyện Nhà Ong,130380,159000,18,5.0,1,6,,Công Ty Cổ Phần Time Books,Nhà Xuất Bản Phụ Nữ Việt Nam,,Bìa mềm,288,,Tiệm Sách Thật,available,1000,True,True,True
279260863,"Combo 4 Cuốn: Tấm Lòng Với Đất Nước (Bìa Cứng) + Hồi Ký Nguyễn Thị Bình - Gia Đình, Bạn Bè Và Đất Nước + Hiệp Định Paris - Thắng Lợi Của Ý Chí Độc Lập, Tự Chủ Và Chính Nghĩa Việt Nam + Các Cuộc Thương Lượng Giữa Lê Đức Thọ & Kissinger Tại Paris",860000,925000,7,0.0,0,0,"Nguyễn Thị Bình, Lưu Văn Lợi, Nguyễn Anh Vũ",Alpha Books,Nhà Xuất Bản Chính Trị Quốc Gia Sự Thật,,,,2026-03-25,Alpha Books Official,available,1000,True,True,True
273328801,Sách A History Of Vietnam In Pictures. The Beginning Of The Trịnh (In Colour),49000,75000,35,5.0,1,4,"Trần Bạch Đằng, Nguyễn Thùy Linh, Tôn Nữ Quỳnh Trân, Nguyễn Huy Khôi, Hồ Hữu Nhơn",NXB Trẻ,NXB Trẻ,,Tùy chọn phiên bản bìa cứng hoặc bìa mềm,80,2023-05-09,Tiki Trading,available,1000,False,True,True
278521658,Những lá thư thời chiến Việt Nam (Tuyển tập) - Đặng Vương Hưng,128000,135000,5,5.0,1,2,Nhiều,Alpha Books,Nhiều Nhà Xuất Bản,,,,,Sống Official,available,1000,True,True,True
114567263,Cách Mạng Ruộng Đất Ở Việt Nam ,199000,199000,0,5.0,45,262,"Trần Phương, Viện Kinh tế Việt Nam, Viện Hàn Lâm Khoa Học Xã Hội Việt Nam",Công ty TNHH Quốc Tế Mai Hà,Nhà Xuất Bản Khoa Học Xã Hội,,Bìa mềm,440,2021-05-27,MaiHaBooks,available,1000,True,True,True
277522273,"Sự tạo thành bản sắc dân tộc. Châu Âu, thế kỉ XVIII - XX (Bìa mềm)",250000,250000,0,0.0,0,5,,NXB Đại Học Sư Phạm,Nhà Xuất Bản Đại Học Sư Phạm,,Bìa mềm,328,,NXB Đại học Sư phạm,available,1000,True,True,True
276363733, Sách Nhà Văn Việt Nam Trong Nhà Tù Quân Xâm Lược ,280000,350000,20,5.0,2,4,Lê Văn Ba,Cty Sách Hương Giang,Nhà Xuất Bản Hội Nhà Văn,,Bìa cứng áo ôm,1350,2024-10-11,Nhà sách Hương Giang,available,1000,True,True,True
275878742,Sách Thập Đạo Tướng Quân Lê Hoàn (Ngàn Năm Sử Việt - Nhà Tiền Lê),50600,55000,8,0.0,0,9,Nguyễn Anh,NXB Kim Đồng,Nhà Xuất Bản Kim Đồng,,Bìa mềm,200,,Tiki Trading,available,1000,False,True,True
276120809,Lịch Sử Các Nước Ven Địa Trung Hải - Bìa Cứng,347600,395000,12,0.0,0,0,,Công ty TNHH Quốc Tế Mai Hà,nxb my thuat,,Bìa mềm,,2023-12-21,Nhà sách Fahasa,available,1000,True,True,True
278573500,Sách Lịch Sử Việt Nam Bằng Tranh - Chiến Thắng Quân Nguyên Mông Lần 3 (Bản Màu),49000,65000,25,0.0,0,7,"Trần Bạch Đằng, Tôn Nữ Quỳnh Trân, Nguyễn Huy Khôi, Nguyễn Thùy Linh",NXB Trẻ,NXB Trẻ,,Bìa mềm,80,2025-09-03,Tiki Trading,available,1000,False,True,True
278895285,Việt Nam - Một lịch sử chuyển giao văn hoá (Le Vietnam. Une histoire de transferts culturels),220000,220000,0,0.0,0,0,Hoai Huong Aubert-Nguyen và Michel Espagne,NXB Đại Học Sư Phạm,Nhà Xuất Bản Đại Học Sư Phạm,,,407,,NXB Đại học Sư phạm,available,1000,True,True,True
193935701,"Đại Việt sử ký toàn thư (trọn bộ 2 quyển, có hộp)",2500000,2500000,0,0.0,0,0,nhieu tac gia,Công Ty Cổ Phần Văn Hóa Đông A,Nhà Xuất Bản Văn Học,,Bìa cứng,,2022-08-09,FishingBook,available,1000,True,True,True
273929889,Ấn Độ với Đông Nam Á trong bối cảnh quốc tế mới,69000,69000,0,0.0,0,1,,Nhà xuất bản Tổng hợp TP.HCM ,Nhà Xuất Bản Tổng hợp TP.HCM,,,,,LITTLE BOOKS,available,1000,True,True,True
50214915,Combo Lược Khảo Văn Học (Bộ 3 Tập),236500,285000,17,5.0,2,10,Nguyễn Văn Trung,NXB Tổng Hợp TPHCM,Nhà Xuất Bản Tổng hợp TP.HCM,,,,,Nhà sách Fahasa,available,1000,True,False,True
205148086,Sách Lịch Sử Việt Nam Bằng Tranh- Lý Thánh Tông Và Nước Đại Việt (Bản Màu),110000,140000,21,5.0,5,38,Nhiều tác giả,NXB Trẻ,NXB Trẻ,,Bìa mềm,80,2022-11-11,Tiki Trading,available,1000,False,True,True
278496370,Tấm lòng với Đất nước (xuất bản lần thứ hai) ,262800,292000,10,0.0,0,7,Nguyễn Thị Bình,Nhà Xuất Bản Chính Trị Quốc Gia Sự Thật,Nhà Xuất Bản Chính Trị Quốc Gia Sự Thật,,Bìa mềm,,,VIETNAMBOOK,available,1000,True,True,True
277770508,Sách Thành phố Hồ Chí Minh - Giờ khắc số 0 - Những phóng sự về kết thúc cuộc chiến tranh 30 năm,115000,115000,0,0.0,0,0,Borries Gallasch,Alpha Books,Nhà Xuất Bản Chính Trị Quốc Gia Sự Thật,,,203,,HỆ THỐNG NHÀ SÁCH ABC,available,1000,True,True,True
22535398,Sách Vũ Man Tạp Lục Thư,128000,199000,36,4.6,17,315,.,Omega Plus,,,Bìa mềm,528,2019-07-01,Tiki Trading,available,1000,False,True,True
105791596,Lê Quý Kỷ Sự,149000,199000,25,5.0,12,82,Nguyên Thu,Công ty TNHH Quốc Tế Mai Hà,Nhà Xuất Bản Khoa Học Xã Hội,,Bìa cứng,190,2021-06-04,MaiHaBooks,available,1000,True,True,True
272134535,Khắc Họa Bức Tranh Lịch Sử Nam Kỳ (Nguyễn Quang Diệu),159000,199000,20,5.0,3,49,,Alpha Books,Nhà Xuất Bản Tổng hợp TP.HCM,,Bìa mềm,360,2023-09-19,Alpha Books Official,available,1000,True,True,True
277352539,(Bộ 2 cuốn – Tái bản 2025) ĐẠI VIỆT SỬ KÝ TIỀN BIÊN - ĐẠI VIỆT SỬ KÝ TỤC BIÊN (1676 - 1789) - Vietnambook,582750,777000,25,5.0,1,10,,VIETNAMBOOK,Nhà Xuất Bản Hà Nội,,Bìa mềm,,2025-06-05,VIETNAMBOOK,available,1000,True,True,True
263654595,Đại cương Lịch sử Việt Nam (toàn tập) - Phiên bản năm 2025,460000,460000,0,5.0,2,11,,Công Ty Cổ Phần Sách Đại Học - Dạy Nghề,Nhà Xuất Bản Giáo Dục Việt Nam,,,,,Cửa hàng Sách HEVOBOOKS,available,1000,True,True,True
279074127,(Tái bản 2026) CHUYỆN TRÀ - LỊCH SỬ MỘT THỨC UỐNG LÂU ĐỜI CỦA NGƯỜI VIỆT – Trần Quang Đức – Nhã Nam,369000,369000,0,0.0,0,0,Trần Quang Đức,Nhã Nam,Nhà Xuất Bản Thế Giới,,Bìa mềm,352,,BÌNH BÁN BOOK,available,1000,True,True,True
273868444,Lịch Sử Nhà Tù Côn Đảo 1862-1975 (Tái Bản 2023),102000,120000,15,5.0,1,3,"Nguyễn Đình Thống, Nguyễn Linh,  Hồ Sĩ Hành",Nhà xuất bản Tổng hợp TP.HCM ,Nhà Xuất Bản Tổng hợp TP.HCM,,,,,NXB TỔNG HỢP,available,1000,True,True,True
277591297,Sách Nữ Tướng Thời Trưng Vương (Ngàn Năm Sử Việt - Thời Bắc Thuộc),72000,75000,4,5.0,1,9,Nguyễn Khắc Xương,Nhà Xuất Bản Kim Đồng,Nhà Xuất Bản Kim Đồng,,Bìa mềm,304,2025-01-01,Tiki Trading,available,1000,False,True,True
276500750,Hồ Sơ Mật Lầu Năm Góc Và Hồi Ức Về Chiến Tranh Việt Nam - ST,250800,285000,12,5.0,1,19,Daniel Ellsberg,Nhà Xuất Bản Chính Trị Quốc Gia Sự Thật,Nhà Xuất Bản Chính Trị Quốc Gia Sự Thật,,Bìa mềm,687,,Bảo Châu Books,available,1000,True,True,True
276975246,Sách Xe Tăng Trong Chiến Tranh Ở Việt Nam - TRẺ,155000,155000,0,0.0,0,0,Nguyễn Khắc Nguyệt,NXB Trẻ,NXB Trẻ,,Bìa mềm,324,,Nhà Sách Vĩnh Thụy,available,1000,True,True,True
278852873,Lịch Sử Văn Học Việt Nam Thời Kì 1945-1985 ,151200,168000,10,0.0,0,4,Trịnh Bá Dĩnh chủ biên,Nhà Xuất Bản Khoa Học Xã Hội,Nhà Xuất Bản Khoa Học Xã Hội,,Bìa mềm,258,2025-11-07,VIETNAMBOOK,available,1000,True,True,True
184651502,ĐẠI NAM THỰC LỤC - Bộ chính sử quy mô và giá trị nhất của nhà Nguyễn,5990000,5990000,0,0.0,0,0,,Nhà Xuất Bản Hà Nội,ha noi,,,,,SÁCH ĐẠI NAM,available,1000,True,True,True
279197391,"[CẢO THƠM, BÌA CỨNG] ĐẠI VIỆT THÔNG SỬ – Lê Quý Đôn – NXB Trẻ",430000,430000,0,0.0,0,0,Lê Quý Đôn,NXB Trẻ,NXB Trẻ,,Bìa cứng,744,,BÌNH BÁN BOOK,available,1000,True,True,True
277425559,Kháng Chiến Chống Mỹ  - Bản Anh Hùng Ca Kỳ Diệu Của Cách Mạng Việt Nam,93000,93000,0,0.0,0,24,TS. Vũ Kim Yến,VIETNAMBOOK,Nhà Xuất Bản Tri Thức,,Bìa mềm tay gấp,168,2025-02-28,VIETNAMBOOK,available,1000,True,True,True
276926053,"Bộ Lịch sử quân sự Việt Nam - Phiên bản giới hạn: bìa cứng, đóng hộp (14 tập)",3200000,3200000,0,5.0,2,5,Viện Lịch Sử Quân Sự Việt Nam,Nhà Xuất Bản Chính Trị Quốc Gia Sự Thật,Nhà Xuất Bản Chính Trị Quốc Gia Sự Thật,,,,,ST Book,available,1000,True,True,True
126594007,Lịch Sử Giao Thông Vận Tải Việt Nam Từ Năm 1945 Đến Năm 1975 (Sách chuyên khảo),175000,175000,0,5.0,1,11,,Nhà Xuất Bản Khoa Học Xã Hội,Nhà Xuất Bản Khoa Học Xã Hội,,Bìa mềm,668,2021-09-29,VIETNAMBOOK,available,1000,True,True,True
279204040,NHỮNG NAM TÍNH – Raewyn Connell - Nguyễn Thị Minh dịch – NXB Phụ Nữ,259000,259000,0,0.0,0,0,Raewyn Connell,NXB Phụ Nữ,Nhà Xuất Bản Phụ Nữ,,,,,BÌNH BÁN BOOK,available,1000,True,True,True
146271604,Ở Bắc Kỳ 1883 - 1885,315900,359000,12,0.0,0,1,Dick de Lonlay,Công ty TNHH Quốc Tế Mai Hà,Nhà Xuất Bản Thế Giới,,,,,Nhà sách Fahasa,available,1000,True,True,True
53791346,Sách Một Chiến Dịch Ở Bắc Kỳ,399000,499000,20,0.0,0,8,Charles-Édouard Hocquard,Omega Plus,Nhà Xuất Bản Đà Nẵng,,Bìa cứng,700,2020-05-11,Alpha Books Official,available,1000,True,True,True
277345796,Bộ sách Những biểu tượng đặc trưng trong văn hóa truyền thống Việt Nam (4 tập) – Đinh Hồng Hải: Các Bộ Biểu Tượng + Các Vị Thần + Các Linh Vật + Các Vị Tổ,646000,646000,0,4.5,2,10,Đinh Hồng Hải,An Nam Books,Nhà Xuất Bản Văn Học,,Bìa mềm,11290,2025-02-11,SÁCH ĐẠI NAM,available,1000,True,True,True
279121692,"(Bìa Mềm, In Màu) LƯỢC SỬ KHOA HỌC VÀ KĨ THUẬT VIỆT NAM TIỀN HIỆN ĐẠI – Trần Trọng Dương, Phạm Vũ Lộc, Nguyễn Ngọc Phương Đông – NXB Đại Học Sư Phạm",333000,333000,0,5.0,1,3,nhieu tac gia,NXB Đại Học Sư Phạm,Nhà Xuất Bản Đại Học Sư Phạm,,Bìa mềm,432,,BÌNH BÁN BOOK,available,1000,True,True,True
279121614,(Bìa cứng) MUÔN HẠNG DÂN BẮC KỲ  – Louis Bonnafont  - Thanh Thư dịch - Nhã Nam,117000,117000,0,0.0,0,1,Louis Bonnafont,Nhã Nam,Nhà Xuất Bản Thế Giới,,Bìa cứng,164,,BÌNH BÁN BOOK,available,1000,True,True,True
278448176,Lịch sử Việt Nam – Truyền thống và hiện đại,370000,370000,0,0.0,0,0,nhieu tac gia,Đông Tây,Nhà Xuất Bản Tri Thức,,Bìa mềm,614,2025-07-31,Đông Tây,available,1000,True,True,True
271907596,Sách Hoàng Lê Nhất Thống Chí,127000,140000,9,5.0,7,53,Ngô Gia Văn Phái,NXB Kim Đồng,Nhà Xuất Bản Kim Đồng,,Bìa mềm,384,2023-09-08,Tiki Trading,available,1000,False,True,True
277558284,"Chiêu Thánh, Chiêu Thánh - Tiểu Thuyết Lấy Cảm Hứng Lịch Sử Hấp Dẫn – Tác Giả Inako",141120,168000,16,0.0,0,0,Inako,Tri Thức Trẻ Books,Nhà Xuất Bản Phụ Nữ,,,,,Bảo Châu Books,available,1000,True,True,True
74179512,Combo Sách : Nghi Thức Tang Lễ Của Người An Nam + Chuyện Những Người An Nam Ở Paris Hay Sự Thật Về Đông Dương + Đế Quốc An Nam Và Người Dân An Nam,497500,497500,0,0.0,0,0,nhieu tac gia,Alphabooks,Nhà Xuất Bản Hà Nội,,Bìa mềm,,,AHABOOKS,available,1000,True,True,True
277438721,Sử ta so với sử Tàu,49000,49000,0,0.0,0,1,"Ứng Hòe, Nguyễn Văn Tố",Nhà Xuất Bản Chính Trị Quốc Gia Sự Thật,Nhà Xuất Bản Chính Trị Quốc Gia Sự Thật,,Bìa mềm,123,,Nhà sách Sự thật tại Huế,available,1000,True,True,True
279167242,"(Bìa cứng bọc vải, in màu) THE ILLUSTRATED HISTORY OF VIETNAM  (Lịch sử Việt Nam bằng hình – phiên bản tiếng Anh) - Đông A ",1600000,1600000,0,0.0,0,1,Đông A,Đông A,Nhà Xuất Bản Đại Học Sư Phạm,,Bìa cứng,456,,BÌNH BÁN BOOK,available,1000,True,True,True
279145462,Bác Hồ - Những câu chuyện và bài học (Xuất bản lần thứ năm),47000,47000,0,0.0,0,0,Chu Đức Tính,Nhà Xuất Bản Chính Trị Quốc Gia Sự Thật,Nhà Xuất Bản Chính Trị Quốc Gia Sự Thật,,,160,2026-01-01,ST Book,available,1000,True,True,True
192333855,Sách Việt Nam văn hoá sử cương,390000,390000,0,5.0,3,14,Đào Duy Anh,Công Ty Cổ Phần Văn Hóa Đông A,Nhà Xuất Bản Đại Học Sư Phạm,,Bìa mềm,368,2022-07-01,Bamboo Books,available,1000,True,True,True
278945124,(Combo 2 cuốn) (Bìa cứng) ĐẠI NAM THỰC LỤC TIỀN BIÊN; ĐẠI NAM LIỆT TRUYỆN TIỀN BIÊN  - Quốc sử quán triều Nguyễn – NXB ĐHSP ,840000,840000,0,0.0,0,2,Quốc sử quán triều Nguyễn,NXB Đại Học Sư Phạm,Nhà Xuất Bản Đại Học Sư Phạm,,Bìa cứng,988,,BÌNH BÁN BOOK,available,1000,True,True,True
181973677,Tổng Đốc Lê Hoan (1856-1915),160000,160000,0,0.0,0,5,,Nhà xuất bản Tổng hợp TP.HCM ,Nhà Xuất Bản Tổng hợp TP.HCM,,Bìa mềm,,2022-05-20,TYMBooks,available,1000,True,True,True
94718080,Ô Châu Cận Lục,209000,209000,0,0.0,0,5,,Công ty TNHH Quốc Tế Mai Hà,Nhà Xuất Bản Khoa Học Xã Hội,,Bìa mềm,400,2021-04-13,Nhà sách NetaBooks,available,1000,True,True,True
277398123,Võ Văn Kiệt - Người Thắp Lửa (Tái bản 2025),250000,250000,0,0.0,0,0,nhieu tac gia,NXB Trẻ,NXB Trẻ,,Bìa mềm tay gấp,548,2025-02-24,VIETNAMBOOK,available,1000,True,True,True
215139653,Bộ 4 Quyển Sử - Việt Nam sử lược + Đại Việt sử ký toàn thư + Việt Nam phong tục + Cổ học tinh hoa,526900,526900,0,0.0,0,5,,Nhà sách Minh Thắng,Nhiều Nhà Xuất Bản,,,2820,,Minhhabooks,available,1000,True,True,True
279165120,Sách - Lược Sử Khoa Học Và Kĩ Thuật Việt Nam Tiền Hiện Đại,360000,360000,0,0.0,0,0,nhieu tac gia,Nhà Sách Hồng Ân,Nhà Xuất Bản Đại Học Sư Phạm,,,,,Nhà sách Khánh Linh 2,available,1000,True,True,True
278765411,Lịch Sử Giao Thông Vận Tải Việt Nam Từ Năm 1884 Đến Năm 1945 (Sách Chuyên Khảo),270000,300000,10,0.0,0,1,Nguyễn Lan Dung (Chủ biên),Nhà Xuất Bản Khoa Học Xã Hội,Nhà Xuất Bản Khoa Học Xã Hội,,Bìa mềm tay gấp,692,2025-10-16,VIETNAMBOOK,available,1000,True,True,True
276957864,"Bộ Lịch sử quân sự Việt Nam - Phiên bản giới hạn: bìa cứng, đóng hộp (14 tập)",3200000,3200000,0,0.0,0,1,Viện Lịch Sử Quân Sự Việt Nam,Nhà Xuất Bản Chính Trị Quốc Gia Sự Thật,Nhà Xuất Bản Chính Trị Quốc Gia Sự Thật,,Bìa cứng,,,Nhà sách Sự thật tại Huế,available,1000,True,True,True
52199569,Sách Ngoại Giao Của Chính Quyền Sài Gòn 1955-1963,154980,154980,0,4.8,12,61,Trần Nam Tiến,DT Books,Nhà Xuất Bản Tổng hợp TP.HCM,,Bìa mềm,316,2020-04-01,DTBOOKS,available,1000,True,True,True
278173140,Đại tướng Võ Nguyên Giáp - Điện Biên Phủ mốc vàng lịch sử,129000,129000,0,0.0,0,10,,Vinabook JSC,Nhà Xuất Bản Quân Đội Nhân Dân,,,,,NHÀ SÁCH HÀ THÀNH,available,1000,True,True,True
277600851,THỜI ĐẠI HÙNG VƯƠNG (Lịch Sử - Kinh Tế - Chính Trị - Xã Hội) – Nhiều tác giả – NXB Chính trị Quốc gia,142000,142000,0,0.0,0,3,nhieu tac gia,Nhà Xuất Bản Chính Trị Quốc Gia Sự Thật,Nhà Xuất Bản Chính Trị Quốc Gia,,Bìa mềm,282,,BÌNH BÁN BOOK,available,1000,True,True,True
278852909,Lịch Sử Và Đặc Điểm Của Một Số Tôn Giáo Ở Nam Bộ (Tịnh Độ Cư Sỹ Phật Hội Việt Nam; Minh Lý Đạo - Tam Tông Miếu; Giáo Hội Phật Đường Nam Tông Minh Sư Đạo) ,145000,145000,0,0.0,0,2,Nguyễn Thị Quế Hương,Nhà Xuất Bản Khoa Học Xã Hội,Nhà Xuất Bản Khoa Học Xã Hội,,Bìa mềm,308,2025-11-07,VIETNAMBOOK,available,1000,True,True,True
272564069,Lịch Sử Việt Nam Từ Nguồn Gốc Đến Thế Kỷ XIX,239000,239000,0,0.0,0,3,Đào Duy Anh,Công ty TNHH Thương mại và Dịch vụ Văn hóa Hà Nội,Nhà Xuất Bản Văn Học,,Bìa mềm,516,2023-10-09,Tazano Official Store,available,1000,True,True,True
32995343,Quốc Sử Di Biên,149250,199000,25,5.0,18,161,,Vinabook JSC,,,Bìa mềm,400,2019-09-19,VIETNAMBOOK,available,1000,True,True,True
275055785,Lịch sử Việt Nam phổ thông. Tập 8: Từ năm 1954 đến năm 1975,158000,158000,0,0.0,0,2,,Nhà Xuất Bản Chính Trị Quốc Gia Sự Thật,Nhà Xuất Bản Chính Trị Quốc Gia Sự Thật,,,,,ST Book,available,1000,True,True,True
278844481,ĐIỆN BIÊN PHỦ TRÊN KHÔNG -  Bản anh hùng ca dưới trời rực lửa – Đinh Thế Văn - WAKA,178000,178000,0,0.0,0,0,nhieu tac gia,Công Ty Cổ Phần Waka,Nhà Xuất Bản Thế Giới,,Bìa mềm,224,,BÌNH BÁN BOOK,available,1000,True,True,True
277316360,Sách Trăm Năm Một Bước Hải Hà - Nhóm tác giả Truyện Nhà Ong,159000,159000,0,0.0,0,3,,Công Ty Cổ Phần Time Books,Nhà Xuất Bản Phụ Nữ Việt Nam,,Bìa mềm,288,,NHBook,available,1000,True,True,True
278530840,Những Câu Chuyện Về Đại Tướng Nguyễn Chí Thanh (Thượng Tướng Nguyễn Chí Vịnh),175000,219000,20,0.0,0,0,Nguyễn Chí Vịnh,Omega Plus,Nhiều Nhà Xuất Bản,,Bìa mềm,312,,Alpha Books Official,available,1000,True,True,True
278788916,GIA TỘC HUYỆN SĨ – DẤU ẤN CÒN GHI – NXB Phụ Nữ Việt Nam,119000,119000,0,0.0,0,0,Nguyễn Thị Thanh Thúy,Nhà xuất bản Phụ Nữ Việt Nam,Nhà Xuất Bản Phụ Nữ Việt Nam,,Bìa mềm,176,,BÌNH BÁN BOOK,available,1000,True,True,True
277184349,Sách - Các Văn Kiện Giữa Chính Phủ Pháp Và Chính Quyển Bảo Đại,145200,165000,12,0.0,0,1,,Fahasa,Nhà Xuất Bản Thông Tin Và Truyền Thông,,Bìa mềm,,2023-12-21,Nhà sách Fahasa,available,1000,True,True,True
47438241,Sách Hoàng Thị Thế - Con Gái Đề Thám Và Quân Bài Chính Trị Của Thực Dân Pháp,71000,89000,20,0.0,0,8,Claude Gendre,Omega Plus,Nhà Xuất Bản Hà Nội,,Bìa mềm,172,2020-01-02,Omega Plus Books,available,1000,True,True,True
787651,Sách Tỉnh Bến Tre Trong Lịch Sử Việt Nam Từ Năm 1757 Đến 1945,114000,120000,5,0.0,0,6,Nguyễn Duy Oanh,NXB Tổng Hợp,,,Bìa mềm,410,2017-10-11,Nhà sách Fahasa,available,1000,True,True,True
13780744,Sách Lược Khảo Văn Học III – Nghiên Cứu Và Phê Bình Văn Học,91200,95000,4,5.0,2,10,Nguyễn Văn Trung,NXB Tổng Hợp,,,Bìa mềm,252,2019-04-01,Nhà sách Fahasa,available,1000,True,True,True
276527110,"Lịch sử Quân sự Việt Nam, tập 13 Thời kỳ xây dựng bảo vệ Tổ quốc (1975 - 2000) bản in 2024",225000,225000,0,0.0,0,2,Viện Lịch Sử Quân Sự Việt Nam,Nhà Xuất Bản Chính Trị Quốc Gia Sự Thật,Nhà Xuất Bản Chính Trị Quốc Gia Sự Thật,,,,,ST Book,available,1000,True,True,True
270453657,Lược Sử Thế Giới Trên Lưng Cừu,115300,139000,17,0.0,0,0,Sally Coulthard,Bách Việt,NXB Dân Trí,,,,,Nhà sách Fahasa,available,1000,True,True,True
276326184,Việt Nam - lịch sử không biên giới ,260000,325000,20,0.0,0,7,,Công ty Cổ phần Sách Omega Việt Nam,Nhà Xuất Bản Khoa Học Xã Hội,,Bìa mềm tay gấp,488,2024-09-18,Alpha Books Official,available,1000,True,True,True
175976625,Lịch sử Việt Nam từ nguồn gốc đến thế kỷ XIX  bìa cứng. Tặng sổ tay,132000,132000,0,0.0,0,1,,Nhà sách Minh Thắng,NXB Dân Trí,,,,,Minhhabooks,available,1000,True,True,True
270677468,"Sách Lịch sử Việt Nam bằng tranh: Bánh chưng bánh giầy (Bản màu, bìa mềm)",45000,65000,31,5.0,1,16,"Nguyễn Trung Tín, Đinh Văn Liên, Nguyễn Thùy Linh, Trần Bạch Đằng, Bùi Chí Hoàng",NXB Trẻ,NXB Trẻ,,Bìa mềm,96,2023-07-30,Tiki Trading,available,1000,False,True,True
277564353,"Thành Lập Và Thay Đổi Địa Danh, Địa Giới Đơn Vị Hành Chính Trong Lịch Sử Việt Nam (Bộ 2 Tập) – NXB Chính Trị",1750000,1750000,0,0.0,0,1,,Alpha Books,Nhà Xuất Bản Chính Trị Quốc Gia Sự Thật,,,1928,,Bảo Châu Books,available,1000,True,True,True
278861514,Giải Mã Điện Biên Phủ (Bìa mềm),270000,270000,0,0.0,0,1,"Nguyễn Mạnh Hà, Vũ Thị Hồng Dung",NXB Đại Học Sư Phạm,Nhà Xuất Bản Đại Học Sư Phạm,,Bìa mềm,336,2025-11-11,VIETNAMBOOK,available,1000,True,True,True
277348503,"Sách Lịch sử Việt Nam bằng tranh: Đại Việt dưới thời Lý Nhân Tông (Bản màu, bìa cứng)",107000,155000,31,5.0,1,11,Trần Bạch Đằng,NXB Trẻ,NXB Trẻ,,Bìa mềm,88,2025-02-07,Tiki Trading,available,1000,False,True,True
276408209,Hành Chánh Của Triều Đại Gia Long (1802 - 1819) - Trần Thanh Niên,280000,280000,0,0.0,0,1,,Cty Cửu Đức,Nhà Xuất Bản Đại Học Sư Phạm,,Bìa mềm,366,,BOOKCITY.VN,available,1000,True,True,True
279076192,Sách - Chuyện trà: Lịch sử một thức uống lâu đời của người Việt (Nhã Nam HCM),324720,369000,12,0.0,0,0,Trần Quang Đức,Nhã Nam,Nhà Xuất Bản Thế Giới,,Bìa mềm,352,2026-01-10,Nhã Nam HCM,available,1000,True,True,True
279124742,Triều Nguyễn Và Lịch Sử Của Chúng Ta - Công Trình Chỉnh Lý Học Thuật Toàn Diện Về Vương Triều Cuối Cùng Của Việt Nam - Alpha Books,221000,289000,24,5.0,3,10,nhieu tac gia,Alpha Books,Nhà Xuất Bản Hội Nhà Văn,,Bìa mềm tay gấp,516,2026-01-24,Tiki Trading,available,1000,False,True,True
277227346,Sách - Con Đường Chính Là Đích Đến - Chogyam Trungpa - VanLangBooks,40000,40000,0,0.0,0,0,,Văn Lang,Nhà Xuất Bản Hồng Đức,,,,,Bamboo Books,available,1000,True,True,True
276603948,Chuyện Triều Tây Sơn - bản in 2024,65000,65000,0,0.0,0,2,Phan Trần Chúc,Nhà Xuất Bản Chính Trị Quốc Gia Sự Thật,Nhà Xuất Bản Chính Trị Quốc Gia Sự Thật,,,,,ST Book,available,1000,True,True,True
272477460, Sử ký - Thư,180000,180000,0,0.0,0,0,,Đinh Tị,Nhà Xuất Bản Văn Học,,,,,AHABOOKS,available,1000,True,True,True
276393123,"Người xưa giữ nước (Kể chuyện bảo vệ biên cương, biển đảo) - bản in 2024",72000,72000,0,0.0,0,0,,Nhà Xuất Bản Chính Trị Quốc Gia Sự Thật,Nhà Xuất Bản Chính Trị Quốc Gia Sự Thật,,Bìa mềm tay gấp,,2024-09-30,Bamboo Books,available,1000,True,True,True
216204613,Sách Diễn Thuyết Việt Nam Nửa Đầu Thế Kỷ XX,344000,399000,14,5.0,3,46,Nguyễn Văn Học,Tri Thức Trẻ Books,Nhà Xuất Bản Khoa Học Xã Hội,,Bìa mềm,668,2023-01-01,Tiki Trading,available,1000,True,True,True
279260414,"Hiệp Định Paris - Thắng Lợi Của Ý Chí Độc Lập, Tự Chủ Và Chính Nghĩa Việt Nam - Nguyễn Thị Bình - Omega Plus",143000,159000,10,0.0,0,0,Nguyễn Thị Bình,Omega Plus,Nhà Xuất Bản Chính Trị Quốc Gia Sự Thật,,,,2026-03-25,Sống Official,available,1000,True,True,True
100352524,Combo 2 tập: Nông Thôn Việt Nam Trong Lịch Sử,336000,448000,25,5.0,7,93,"Viện Sử học, Viện Hàn Lâm Khoa Học Xã Hội Việt Nam",Công ty TNHH Quốc Tế Mai Hà,Nhà Xuất Bản Khoa Học Xã Hội,,Bìa mềm,,2021-05-13,MaiHaBooks,available,1000,True,True,True
275422514,"Bộ Sách Lịch Sử Nhân Loại: Biến Động + Sụp Đổ + Súng, Vi Trùng Và Thép + Thế Giới Cho Đến Ngày Hôm Qua (Jared Diamond) ",1148000,1436000,20,5.0,7,20,"Jared Diamond, Jared Diamond , jared diamond, jared diamond",Alpha Books,Nhà Xuất Bản Thế Giới,,,,,Sống Official,available,1000,True,True,True
598696,Sách Lịch Sử Việt Nam Bằng Tranh 16: Nước Đại Việt (Tái Bản),27000,35000,23,5.0,24,317,Trần Bạch Đằng (chủ biên),NXB Trẻ,NXB Trẻ,,Bìa mềm,100,,Tiki Trading,available,1000,False,True,True
72751113,Sách Chủ Nghĩa Thực Dân Pháp Ở Việt Nam - Thực Chất Và Huyền Thoại - Văn Hóa Và Chính Trị,150000,150000,0,5.0,1,4,Nguyễn Văn Trung,Nhà xuất bản Tổng hợp TP.HCM ,Nhà Xuất Bản Tổng hợp TP.HCM,,Bìa mềm,364,2020-11-01,Bamboo Books,available,1000,True,True,True
278819823,TẢ QUÂN LÊ VĂN DUYỆT VỚI VÙNG ĐẤT NAM BỘ - Nhiều tác giả - Tạp chí Xưa và Nay - NXB Tổng Hợp TPHCM,169000,169000,0,0.0,0,0,nhieu tac gia,Ban Đại Diện Tạp Chí Xưa Và Nay,NXB Tổng Hợp Thành Phố Hồ Chí Minh,,Bìa mềm tay gấp,318,,Bamboo Books,available,1000,True,True,True
275439563,Dấu Chân Chiến Tranh,209500,279000,25,5.0,1,11,David Biggs,PHANBOOK,Nhà Xuất Bản Đà Nẵng,,Bìa mềm tay gấp,364,,PHAN LỆ & FRIENDS,available,1000,True,True,True
278740122,Công Giáo Việt Nam Giai Đoạn 1954-1975 (Sách Chuyên Khảo) ,148500,165000,10,0.0,0,2,TS. Ngô Quốc Đông (Chủ biên),Nhà Xuất Bản Khoa Học Xã Hội,Nhà Xuất Bản Khoa Học Xã Hội,,Bìa mềm tay gấp,424,2025-10-10,VIETNAMBOOK,available,1000,True,True,True
278806527,Sách Thần Long Kích Thủy – Lịch Sử Thuyền Chiến Việt Nam,228000,235000,3,5.0,1,10,Nhiều tác giả,Nhà Xuất Bản Kim Đồng,Nhà Xuất Bản Kim Đồng,,Bìa mềm,212,,Tiki Trading,available,1000,False,True,True
187183513,Những biên bản cuối cùng tại Nhà Trắng: PHÚT SỤP ĐỔ CỦA VIỆT NAM CỘNG HÒA - Viện Nghiên cứu phát triển Phương Đông - NXB Chính trị Quốc gia Sự thật,122000,122000,0,4.8,6,48,,Nhà Xuất Bản Chính Trị Quốc Gia Sự Thật,Nhà Xuất Bản Chính Trị Quốc Gia Sự Thật,,Bìa mềm,312,,BÌNH BÁN BOOK,available,1000,True,True,True
276738780,Sách - Xứ An Nam (5/7/1885 - 4/4/1886) - Léon Prudhomme - VIETNAMBOOK,144000,144000,0,5.0,1,2,,Vinabook JSC,Nhà Xuất Bản Hồng Đức,,,,,Bamboo Books,available,1000,True,True,True
277281901,Sách Đưa vào triết học,95000,119000,20,4.0,1,11,Nguyễn Văn Trung,Nhà xuất bản Tổng hợp TP.HCM ,Nhà Xuất Bản Tổng hợp TP.HCM,,,226,,Tiki Trading,available,1000,False,True,True
131496985,Combo Đàng Trong Sơ Khởi: Ô Châu Cận Lục + Phủ Biên Tạp Lục,373000,498000,25,5.0,17,69,"Lê Quý Đôn, Dương Văn An",Công ty TNHH Quốc Tế Mai Hà,Nhà Xuất Bản Khoa Học Xã Hội,,Bìa mềm,,2021-04-13,MaiHaBooks,available,1000,True,True,True
278940758,Xứ Đàng Trong - Lịch Sử Kinh Tế - Xã Hội Việt Nam Thế Kỷ 17 Và 18,138000,150000,8,0.0,0,3,Li Tana,NXB Trẻ,NXB Trẻ,,Bìa mềm,284,2025-12-06,Nhà sách NetaBooks,available,1000,True,True,True
278117143,Sách - Tôi Và Địa Đàn - Sử Thiết Sinh - NXB Văn Học - Tiên Phong Books,148000,148000,0,0.0,0,1,,Công ty TNHH Tiên Phong Books,Nhà Xuất Bản Văn Học,,Bìa mềm,,,Tiên Phong Books Store,available,1000,True,True,True
278447776,[Bìa cứng] TƯ TRỊ THÔNG GIÁM – TẬP 11– Tư Mã Quang – Phạm Thành Long dịch – Tri Thức Trẻ Books – Nhà xuất bản Văn Học.,370000,370000,0,0.0,0,0,Tư Mã Quang,Tri Thức Trẻ Books,Nhà Xuất Bản Văn Học,,Bìa cứng,672,,BÌNH BÁN BOOK,available,1000,True,True,True
278857142,Sách - Chế độ ruộng đất ở Việt Nam thế kỷ XI - XVIII,300000,300000,0,0.0,0,4,GS.TS.NGND. Trương Hữu Quýnh,Công Ty Cổ Phần Sách Đại Học - Dạy Nghề,Nhà Xuất Bản Giáo Dục Việt Nam,,Bìa cứng,480,2025-10-22,Cửa hàng Sách HEVOBOOKS,available,1000,True,True,True
249161175,Lịch sử Việt Nam bằng tranh - Ngô Quyền đại phá quân Nam Hán (bản màu),32500,65000,50,0.0,0,0,,Bloomsbury Childrens - NXB Trẻ,NXB Trẻ,,,,,NHBook,available,1000,True,True,True
272463394,Binh Thư Yếu Lược (Tái bản 2023),208000,208000,0,0.0,0,12,Trần Hưng Đạo,Công ty TNHH Thương mại và Dịch vụ Văn hóa Hà Nội,Nhà Xuất Bản Hồng Đức,,Bìa mềm,,2023-10-06,Tazano Official Store,available,1000,True,True,True
277231269,Lịch Sử Các Đội Quân Tiền Thân Quân Đội Nhân Dân Việt Nam,166500,222000,25,0.0,0,8,,VIETNAMBOOK,Nhà Xuất Bản Quân Đội Nhân Dân,,Bìa mềm tay gấp,,2025-02-03,VIETNAMBOOK,available,1000,True,True,True
277496990,Từ Phong Trào Đồng Khởi Đến Đại Thắng Mùa Xuân 1975,78000,104000,25,0.0,0,20,nhieu tac gia,VIETNAMBOOK,Nhà Xuất Bản Quân Đội Nhân Dân,,Bìa mềm tay gấp,228,2025-03-13,VIETNAMBOOK,available,1000,True,True,True
274761885,Sách Lịch sử Việt Nam bằng tranh - Mai đế - Phùng vương (Bản màu),47000,65000,28,0.0,0,27,Nhiều tác giả,NXB Trẻ,NXB Trẻ,,Bìa mềm,80,2024-04-15,Tiki Trading,available,1000,False,True,True
279159354,Sách - Văn khấn cổ truyền Việt Nam (Trung Chính Quách Trọng Trà) (Nhã Nam HCM),149600,170000,12,0.0,0,1,Trung Chính Quách Trọng Trà,Nhã Nam,Nhà Xuất Bản Thế Giới,,Bìa mềm,300,2026-02-02,Nhã Nam HCM,available,1000,True,True,True
279179126,(BẢN ĐẶC BIỆT ) VIỆT NAM SỬ LƯỢC - Trần Trọng Kim – Kim Đồng,250000,250000,0,0.0,0,0,Trần Trọng Kim,Kim Đồng,Nhà Xuất Bản Kim Đồng,,Bìa cứng,620,,BÌNH BÁN BOOK,available,1000,True,True,True
10404145,Sách Địa Chí Văn Hóa Thành Phố Hồ Chí Minh Tập 4 - Tư Tưởng Và Tín Ngưỡng,291000,395000,26,5.0,2,47,Hội Đồng Khoa Học Xã Hội TPHCM,NXB Tổng Hợp,Nhà Xuất Bản Tổng hợp TP.HCM,,Bìa mềm,610,2019-01-01,Tiki Trading,available,1000,False,True,True
249693700,Lịch Sử Việt Nam Bằng Tranh - Bản Màu - Hộp 16 Cuốn,1050000,1050000,0,0.0,0,0,,NXB Trẻ,NXB Trẻ,,,,,HỆ THỐNG NHÀ SÁCH ABC,available,1000,True,True,True
209298522,Machiavelli (Bìa Cứng) - Bản Quyền,249000,249000,0,0.0,0,0,,Alphabooks,Nhà Xuất Bản Thế Giới,,,,,Nhà Sách Vĩnh Thụy,available,1000,True,True,True
277271740,Sách - Việt Sử Tân Ước Toàn Biên - Hoàng Đạo Thành - Alphabooks,257600,258000,0,0.0,0,2,,Alphabooks,Nhà Xuất Bản Công Thương,,,,,Tiki Trading,available,1000,False,True,True
279071827,Quá trình phát triển và sụp đổ của chế độ Ngô Đình Diệm - Ngập giữa vũng lầy,318000,318000,0,0.0,0,0,David Halberstam,Nhà Xuất Bản Chính Trị Quốc Gia Sự Thật,Nhà Xuất Bản Chính Trị Quốc Gia Sự Thật,,Bìa mềm tay gấp,480,2025-06-04,Tiệm sách Đồng Muối,available,1000,True,True,True
195190262,(Bìa cứng - In màu - Phiên bản 2022) NGỰ PHÊ TRÊN CHÂU BẢN TRIỀU NGUYỄN (1802 – 1945) – Trung tâm Lưu trữ quốc gia I biên soạn - NXB ĐH Sư phạm ,650000,650000,0,0.0,0,13,,NXB ĐH Sư Phạm,Nhà Xuất Bản Đại Học Sư Phạm,,Bìa cứng,486,2022-09-19,VIETNAMBOOK,available,1000,True,True,True
279131004,Sách:  HÀNH TRÌNH CỦA ĐÔ LA – NGUYỄN TRẦN THIẾT,185000,185000,0,5.0,1,3,Nguyễn Trần Thiết,Công ty Cổ phần phân phối và phát hành sách miền Trung,Nhà Xuất Bản Tri Thức,,Bìa mềm,312,,Sách Miền Trung,available,1000,True,True,True
446332,Sách Đại Nam Thực Lục Chính Biên Đệ Lục Kỷ Phụ Biên,400000,400000,0,4.0,1,5,Cao Tự Thanh,NXB Văn Hóa - Văn Nghệ,Nhà Xuất Bản Văn Hóa - Văn Nghệ,,Bìa cứng,830,2012-09-15,TYMBooks,available,1000,True,True,True
278507736,[Ấn bản kỷ niệm 80 năm Cách mạng tháng Tám và Quốc khánh 2/9] MƯA ĐỎ – Chu Lai – Vietnambook,205000,205000,0,4.8,6,77,Chu Lai,VIETNAMBOOK,Nhà Xuất Bản Quân Đội Nhân Dân,,Bìa mềm,372,,BÌNH BÁN BOOK,available,1000,True,True,True
252040720,Việt Sử Thông Giám Cương Mục Khảo Lược,75000,75000,0,0.0,0,1,,Cty Tri Thức Văn Hóa Sách VN,Nhà Xuất Bản Văn Hóa Văn Nghệ,,,,,Bamboo Books,available,1000,True,True,True
254132237,Nước Mỹ Chuyện Chưa Kể - Bìa Cứng,588000,588000,0,0.0,0,0,,Fahasa,Nhà Xuất Bản Đà Nẵng,,,,,SÁCH ĐẠI NAM,available,1000,True,True,True
277428195,Sử Ta so với Sử Tàu - bản in 2025,49000,49000,0,0.0,0,1,,Nhà Xuất Bản Chính Trị Quốc Gia Sự Thật,Nhà Xuất Bản Chính Trị Quốc Gia Sự Thật,,,,,ST Book,available,1000,True,True,True
276565485,"(Bìa cứng, có chữ ký tác giả) HÀM NGHI – Hoàng đế lưu vong, nghệ sĩ ở Alger - Amandine Dabat – Nxb KHXH",1160000,1160000,0,0.0,0,7,,Nhà Xuất Bản Khoa Học Xã Hội,Nhà Xuất Bản Khoa Học Xã Hội,,Bìa cứng,,,BÌNH BÁN BOOK,available,1000,True,True,True
169375446,Chinh Chiến Và Từ Bỏ - Nghiên Cứu Quan Hệ Việt Nam - Trung Quốc Đời Minh,165000,165000,0,0.0,0,1,,NXB Tổng Hợp TPHCM,Nhà Xuất Bản Tổng hợp TP.HCM,,,,,Bamboo Books,available,1000,True,True,True
171584520,Văn Hóa Trung Hoa: Lịch Sử Và Hiện Tại,178000,178000,0,4.0,1,6,,NXB Chính Trị Quốc Gia,Nhà Xuất Bản Chính Trị Quốc Gia Sự Thật,,,,,Bamboo Books,available,1000,True,True,True
260110480,Ngành Đóng Thuyền Và Tàu Thuyền Ở Việt Nam Thời Nguyễn,89000,89000,0,0.0,0,0,,Omega Plus,Nhà Xuất Bản Dân Trí,,,,,HỆ THỐNG NHÀ SÁCH ABC,available,1000,True,True,True
272425530,Những Mảnh Sử Rời (Tái Bản 2019),102000,120000,15,0.0,0,4,Phạm Hoàng Quân,Nhà xuất bản Tổng hợp TP.HCM ,Nhà Xuất Bản Tổng hợp TP.HCM,,,,,NXB TỔNG HỢP,available,1000,True,True,True
278733144,Nhà Tây Sơn,133000,133000,0,0.0,0,1,"Quách Tấn, Quách Giao",Nhà Xuất Bản Chính Trị Quốc Gia Sự Thật,Nhà Xuất Bản Chính Trị Quốc Gia Sự Thật,,Bìa mềm,364,2024-06-05,Tiệm sách Đồng Muối,available,1000,True,True,True
278041604,Lịch sử khoa học chính trị: Hành trình trở thành một khoa học về quyền lực hay khám phá đời sống chính trị (Sách chuyên khảo) ,246000,246000,0,0.0,0,0,,Nhà Xuất Bản Chính Trị Quốc Gia Sự Thật,Nhà Xuất Bản Chính Trị Quốc Gia Sự Thật,,,,,Bảo Châu Books,available,1000,True,True,True
277184389,Sách - Lịch Sử Sách Dạy Nấu Ăn - 7 Thế Kỷ Định Hình Các Khuôn Mẫu Ẩm Thực Phương Tây,262500,350000,25,0.0,0,3,,Công ty TNHH Truyền Thông và Giáo Dục Lyceum,Nhà Xuất Bản Văn Học,,Bìa mềm,,2023-12-21,Nhà sách Fahasa,available,1000,True,True,True
276566255,Lịch Sử Vợ,212500,250000,15,0.0,0,4,Marilyn Yalom,Phụ Nữ,Nhà Xuất Bản Phụ Nữ Việt Nam,,Bìa mềm,,2023-12-21,Nhà sách Fahasa,available,1000,True,True,True
246072845,Tranh Truyện Lịch Sử Việt Nam: Quang Trung (Tái Bản),19000,20000,5,0.0,0,22,"Lê Phương Liên, Lê Minh Hải",NXB Kim Đồng,Nhà Xuất Bản Kim Đồng,,Bìa mềm,32,2023-03-01,Tiki Trading,available,1000,False,True,True
275889985,Lịch Sử Việt Nam Bằng Tranh - Lý Thái Tông Xây Đắp Nhà Lý (Bản Màu),63000,70000,10,0.0,0,0,"Nguyễn Huy Khôi,  Tôn Nữ Quỳnh Trân,  Trần Bạch Đằng",NXB Trẻ,NXB Trẻ,,Bìa mềm,,2023-12-21,Nhà sách Fahasa,available,1000,True,True,True
275131277,"LÀNG NGHỀ, PHỐ NGHỀ THĂNG LONG - HÀ NỘI - Trần Quốc Vượng và Đỗ Thị Hảo - NXB Chính trị quốc gia sự thật",128000,128000,0,0.0,0,10,Trần Quốc Vượng,NXB Chính Trị Quốc Gia Sự Thật,Nhà Xuất Bản Chính Trị Quốc Gia Sự Thật,,Bìa mềm,384,,BÌNH BÁN BOOK,available,1000,True,True,True
277775126,Di sản Sài Gòn Thành Phố Hồ Chí Minh - Tái bản 2025,314500,370000,15,4.0,1,6,,Nhà xuất bản Tổng hợp TP.HCM ,Nhà Xuất Bản Tổng hợp TP.HCM,,Bìa cứng áo ôm,168,2025-04-17,NXB TỔNG HỢP,available,1000,True,True,True
249876388,Tập 2 - Gia Định - Sài Gòn - Thành Phố Hồ Chí Minh: Dặm Dài Lịch Sử (1698 - 2020),467500,550000,15,5.0,1,14,Nguyễn Đình Tư,Nhà xuất bản Tổng hợp TP.HCM ,Nhà Xuất Bản Tổng hợp TP.HCM,,Bìa cứng,894,2022-12-01,NXB TỔNG HỢP,available,1000,True,True,True
274040852,Phật Viện Đông Dương,127500,150000,15,0.0,0,2,PGS.TS. Ngô Văn Doanh,Nhà xuất bản Tổng hợp TP.HCM ,Nhà Xuất Bản Tổng hợp TP.HCM,,,,,NXB TỔNG HỢP,available,1000,True,True,True
277253329,Lịch Sử Việt Nam Qua Chính Sử Trung Hoa (Bìa Cứng),250000,250000,0,0.0,0,4,Cao Tự Thanh,Nhà xuất bản Tổng hợp TP.HCM ,Nhà Xuất Bản Tổng hợp TP.HCM,,Bìa cứng,454,2025-02-03,Nhà sách NetaBooks,available,1000,True,True,True
278442631,Sự Thật Về Nạn Đói Năm 1945 (Qua Tư Liệu & Ký Ức Lịch Sử) - Nguyễn Quang Ân,342000,380000,10,0.0,0,11,Chính Trị Quốc Gia Sự Thật,Omega Plus,Nhà Xuất Bản Chính Trị Quốc Gia Sự Thật,,,630,,Sống Official,available,1000,True,True,True
277353516,Sách - Thanh Cung 13 Triều - Trọn Bộ 3 Tập - Khang Việt Book,549000,549000,0,0.0,0,0,,Khang Việt Book,Nhà Xuất Bản Hà Nội,,,,,Bamboo Books,available,1000,True,True,True
146271908,Kiến Trúc Champa Trong Lịch Sử,289000,289000,0,0.0,0,1,Lê Đình Phụng,Công ty TNHH Quốc Tế Mai Hà,Nhà Xuất Bản Khoa Học Xã Hội,,,,,Sách Thành Vinh,available,1000,True,True,True
278098089,Sách - Lịch Sử Phật Giáo Việt Nam Bộ 3 Tập - Bìa Cứng ( Lê Mạnh Thát ),1500000,1500000,0,5.0,1,5,Lê Mạnh Thát,Công ty TNHH TM & DV Văn Hóa Hương Trang,Nhà Xuất Bản Tổng Hợp Đồng Nai,,Bìa cứng,2500,,Sách Hay Cho Bạn,available,1000,True,True,True
276501959,Bộ Lịch sử Quân sự Việt Nam (gồm 14 tập) (bản in 2024),2500000,2500000,0,0.0,0,0,,Nhà Xuất Bản Chính Trị Quốc Gia Sự Thật,Nhà Xuất Bản Chính Trị Quốc Gia Sự Thật,,,,,Bảo Châu Books,available,1000,True,True,True
217384417,Tám Triều Vua Lý - Hoàng Quốc Hải,785000,785000,0,5.0,2,11,Hoàng Quốc Hải,Nhà xuất bản Phụ Nữ,Nhà Xuất Bản Phụ Nữ,,Bìa mềm,,,Bảo Châu Books,available,1000,True,True,True
192470408,Sách Ký Ức Đông Dương: Việt Nam - Campuchia - Lào (Việt - Pháp - Anh) (VHVN),457000,550000,17,5.0,4,34,"Olivier Tessier, Zac Herman",NXB Tổng Hợp TP. HCM,Nhà Xuất Bản Văn Hóa Văn Nghệ,,Bìa cứng,297,2022-01-01,Tiki Trading,available,1000,False,True,True
278069017,Sách - Ngàn Năm Sử Việt - Thời Bắc Thuộc - Nữ Tướng Thời Trưng Vương,71200,75000,5,0.0,0,1,Nguyễn Khắc Xương,Nhà Xuất Bản Kim Đồng,Nhà Xuất Bản Kim Đồng,,Bìa mềm,,2023-12-21,Nhà sách Fahasa,available,1000,True,True,True
263063936,Thiên Chúa Giáo Và Khoa Học Kĩ Thuật Phương Tây Trong Xã Hội Việt Nam - Trung Quốc Thế Kỉ XVI-XVIII (Sách Chuyên Khảo),245500,279000,12,5.0,1,2,,Công ty TNHH Quốc Tế Mai Hà,nxb khoa hoc xa hoi,,,,,Nhà sách Fahasa,available,1000,True,True,True
263295697,Combo LÀNG XÃ CỦA NGƯỜI AN NAM Ở BẮC KỲ + HOÀNG VIỆT HÌNH LUẬT,195000,195000,0,0.0,0,0,Paul Ory,Nhã Nam,Nhà Xuất Bản Hội Nhà Văn,,,690,2023-06-01,SÁCH ĐẠI NAM,available,1000,True,True,True
1374357,Hậu Trần Dật Sử,40600,58000,30,4.7,6,195,Phan Bội Châu,Công Ty Cổ Phần Tri thức Văn Hóa Sách Việt Nam,,,Bìa mềm,200,2017-01-01,VIETNAMBOOK,available,1000,True,True,True
279254390,"(Bìa cứng) HIỆP ĐỊNH PARIS: Thắng Lợi Của Ý Chí Độc Lập, Tự Chủ Và Chính Nghĩa Việt Nam – Nguyễn Thị Bình – NXB Chính trị Quốc gia Sự thật",229000,229000,0,0.0,0,1,Nguyễn Thị Bình,Nhà Xuất Bản Chính Trị Quốc Gia Sự Thật,Nhà Xuất Bản Chính Trị Quốc Gia Sự Thật,,Bìa cứng,,,BÌNH BÁN BOOK,available,1000,True,True,True
163739594,Đại Việt Sử Ký Toàn Thư (Tái Bản 2022),205000,205000,0,4.8,4,31,Đào Duy Anh,Nhà sách Minh Thắng,Nhà Xuất Bản Hồng Đức,,,,,Minhhabooks,available,1000,True,True,True
11654447,Thiên Hạ,80500,115000,30,5.0,1,35,Phạm Minh Thảo,Vinabook JSC,,,Bìa mềm,336,2019-03-13,VIETNAMBOOK,available,1000,True,True,True
263389193,"Sách Lịch sử Việt Nam bằng tranh: Quang Trung xây dựng đất nước (Bản màu, bìa cứng)",133000,150000,11,5.0,2,17,"Tô Hoài Đạt, Lê Văn Năm, Nguyễn Thùy Linh, Trần Bạch Đằng",NXB Trẻ,NXB Trẻ,,Bìa mềm,84,2023-06-26,Tiki Trading,available,1000,False,True,True
278740161,Làng Xã Việt Nam Trong Sự Nghiệp Bảo Vệ Đất Nước Từ Thế Kỷ X Đến Thế Kỷ XV (Sách Chuyên Khảo),166500,185000,10,0.0,0,4,"PGS.TS. Nguyễn Đức Nhuệ, TS. Lê Thùy Linh (Đồng chủ biên)",Nhà Xuất Bản Khoa Học Xã Hội,Nhà Xuất Bản Khoa Học Xã Hội,,Bìa mềm tay gấp,750,2025-10-10,VIETNAMBOOK,available,1000,True,True,True
272554892,Việt Án Lần Theo Trang Sử Cũ (Tái Bản 2019),131750,155000,15,5.0,1,10,Trần Đình Ba,Nhà xuất bản Tổng hợp TP.HCM ,Nhà Xuất Bản Tổng hợp TP.HCM,,,,,NXB TỔNG HỢP,available,1000,True,True,True
278585020,Lịch Sử Nước Ta - Hồ Chí Minh,89000,89000,0,0.0,0,0,Hồ Chí Minh,Gieobooks,Nhà Xuất Bản Kim Đồng,,Bìa mềm,76,2025-08-28,Tazano Official Store,available,1000,True,True,True
279008487,bìa cứng - Tiếng Việt Lịch Sử - Một Tham Chiếu Hồi Quan - TRUNG TÂM NGHIÊN CỨU QUỐC HỌC (Đinh Văn Đức),262000,262000,0,0.0,0,0,Trung Tâm Nghiên Cứu Quốc Học,An Nam Books,Nhà Xuất Bản Văn Học,,Bìa cứng,820,2023-12-16,SÁCH ĐẠI NAM,available,1000,True,True,True
252040964,Kể Chuyện Trường Kỳ Về Lịch Sử Việt Nam,200000,200000,0,0.0,0,0,,Cty Tri Thức Văn Hóa Sách VN,Nhà Xuất Bản Hồng Đức,,,,,Bamboo Books,available,1000,True,True,True
274843353,Lược sử nước Việt bằng tranh (Viet Nam - A Brief history in pictures) - Song ngữ Việt Anh,196000,196000,0,0.0,0,0,,Nhà Xuất Bản Kim Đồng,Nhà Xuất Bản Kim Đồng,,,,,Bảo Châu Books,available,1000,True,True,True
162977574,Chinh Chiến Và Từ Bỏ: Nghiên Cứu Quan Hệ Việt Nam - Trung Quốc Đời Minh,165000,165000,0,0.0,0,0,,NXB Tổng Hợp TP. HCM,Nhà Xuất Bản Tổng hợp TP.HCM,,Bìa mềm,387,,Bamboo Books,available,1000,True,True,True
655008,Sách Ngôn Ngữ Văn Hóa Thăng Long - Hà Nội 1000 Năm,68000,85000,20,4.5,2,4,Hội Ngôn Ngữ Học Hà Nội,NXB Thông tin Truyền thông,Nhà Xuất Bản Thông Tin Và Truyền Thông,,Bìa mềm,315,2010-08-01,nxbkhoahoccongnghetruyenthong,available,1000,True,True,True
276527090,"Lịch sử Quân sự Việt Nam, tập 12 - Những nhân tố hợp thành sức mạnh Việt Nam thắng Mỹ - bản in 2024",164000,164000,0,5.0,1,8,Viện Lịch Sử Quân Sự Việt Nam,Nhà Xuất Bản Chính Trị Quốc Gia Sự Thật,Nhà Xuất Bản Chính Trị Quốc Gia Sự Thật,,Bìa mềm,,,ST Book,available,1000,True,True,True
176550198,Nam Hải Dị Nhân Liệt Truyện,500000,500000,0,0.0,0,4,Phan Kế Bính,NXB Kim Đồng,Nhà Xuất Bản Kim Đồng,,Bìa cứng,288,2022-04-22,Nhà sách NetaBooks,available,1000,True,True,True
273458694,Phụ Nữ Việt Nam - Những Khoảnh Khắc - Vietnamese Women - Extraordinary Moments In History-Cuốn Sách Mang Đậm Văn Hóa Người Việt Nam,224200,299000,25,0.0,0,0,Hội Liên Hiệp Phụ Nữ Việt Nam,Nhà xuất bản Phụ Nữ Việt Nam,Nhà Xuất Bản Phụ Nữ Việt Nam,,Bìa cứng,148,,Tiki Trading,available,1000,False,True,True
275615382,Ngàn Năm Sử Việt - Nhà Hậu Lê - Lê Sơ - Hoàng Đế Anh Minh,57000,60000,5,0.0,0,1,Ngô Văn Phú,Nhà Xuất Bản Kim Đồng,Nhà Xuất Bản Kim Đồng,,,,,Nhà sách Fahasa,available,1000,True,True,True
277739907,Cộng Đồng 54 Dân Tộc Việt Nam,250000,395000,37,5.0,2,5,Tăng Bình,Công Ty TNHH Sách Luật Việt Nam,Nhà Xuất Bản Hồng Đức,,Bìa mềm,406,,Nhà Sách Pháp Luật,available,1000,True,True,True
273930021,HUẾ - TRIỀU NGUYỄN: MỘT CÁI NHÌN – Trần Đức Anh Sơn – Trường Phương Books - NXB Thế Giới,360000,360000,0,0.0,0,9,Trần Đức Anh Sơn,Công ty cổ phần đầu tư phát triển Trường Phương,NXB Thế giới,,Bìa mềm,656,,BÌNH BÁN BOOK,available,1000,True,True,True
273534839,Sách - Địa lý hành chính và tập quán của người Việt cùng 2 di cảo chưa từng công bố (Nguyễn Văn Huyên) - Nhã Nam Official,160000,160000,0,0.0,0,0,Nguyễn Văn Huyên,Nhã Nam,Nhà Xuất Bản Hội Nhà Văn,,Bìa mềm,304,2023-12-05,TYMBooks,available,1000,True,True,True
277750390,"Sách - Hồi Ký Nguyễn Thị Bình - Gia Đình, Bạn Bè, Đất Nước",151000,159000,5,5.0,19,187,Nguyễn Thị Bình,Alpha Books,Nhà Xuất Bản Chính Trị Quốc Gia Sự Thật,,Bìa mềm,,2023-12-21,Nhà sách Fahasa,available,1000,True,True,True
276237803,Theo dòng triều Nguyễn (Tái Bản 2020),80750,95000,15,5.0,1,8,Tôn Thất Thọ,Nhà xuất bản Tổng hợp TP.HCM ,Nhà Xuất Bản Tổng hợp TP.HCM,,,,,NXB TỔNG HỢP,available,1000,True,True,True
273697139,"BÀI GIẢNG LỊCH SỬ AN NAM - Trương Vĩnh Ký - Nguyễn Thị Tươi, Trần Trung Quân dịch - (bìa mềm)",190000,190000,0,0.0,0,0,Trương Vĩnh Ký,Nhã Nam,Nhà Xuất Bản Tổng hợp TP.HCM,,Bìa mềm,424,2023-12-30,FishingBook,available,1000,True,True,True
193736758,Việt Nam Văn Hoá Sử Cương,390000,390000,0,0.0,0,1,Đào Duy Anh,dong a,Nhà Xuất Bản Đại Học Sư Phạm,,,,,Bamboo Books,available,1000,True,True,True
278518429,Lược khảo về khoa cử Việt Nam - Từ khởi thủy đến khoa Mậu Ngọ 1918,80750,95000,15,5.0,2,6,Nhiều tác giả,Nhà xuất bản Tổng hợp TP.HCM ,Nhà Xuất Bản Tổng hợp TP.HCM,,,124,,NXB TỔNG HỢP,available,1000,True,True,True
261986172,Việt Nam Sử Lược (Ấn Bản Kỉ Niệm 100 Năm Xuất Bản Lần Đầu) (Tái Bản),660000,660000,0,0.0,0,0,Trần Trọng Kim,Đông A,Nhà Xuất Bản Văn Học,,Bìa cứng,656,,FishingBook,available,1000,True,True,True
273888265,Lược khảo nguồn gốc địa danh Nam Bộ,45000,45000,0,0.0,0,0,,Nhà xuất bản Tổng hợp TP.HCM ,Nhà Xuất Bản Tổng hợp TP.HCM,,,,,Nhà Sách Vĩnh Thụy,available,1000,True,True,True
278718585,Bản án chế độ thực dân Pháp (Xuất bản lần thứ tám),60000,60000,0,0.0,0,0,Nguyễn Ái Quốc,Nhà Xuất Bản Chính Trị Quốc Gia Sự Thật,Nhà Xuất Bản Chính Trị Quốc Gia Sự Thật,,Bìa mềm,192,,Tiệm sách Đồng Muối,available,1000,True,True,True
278794476,Continental Saigon - Từ Hào Quang Đế Quốc Đến Giấc Mộng Đông Dương Tan Vỡ,322050,339000,5,0.0,0,21,Philippe Franchini,Phương Nam Book,Nhà Xuất Bản Thế Giới,,Bìa mềm,364,2025-10-22,Nhà sách NetaBooks,available,1000,True,True,True
276802077,Các Văn Kiện Giữa Chính Phủ Pháp Và Chính Quyền Bảo Đại,165000,165000,0,0.0,0,4,,Công ty cổ phần đầu tư phát triển Trường Phương,Nhà Xuất Bản Thông Tin Và Truyền Thông,,Bìa mềm,234,2024-12-14,Nhà sách NetaBooks,available,1000,True,True,True
433817,Sách Sài Gòn Đất Và Người,165000,165000,0,0.0,0,0,Nguyễn Thanh Lợi,NXB Tổng Hợp,Nhà Xuất Bản Tổng hợp TP.HCM,,Bìa mềm,240,2015-05-11,Bamboo Books,available,1000,True,True,True
279134685,Nam Bộ là thành đồng của Tổ quốc,58000,58000,0,0.0,0,0,Hồ Chí Minh,Nhà Xuất Bản Chính Trị Quốc Gia Sự Thật,Nhà Xuất Bản Chính Trị Quốc Gia Sự Thật,,Bìa mềm,216,,Lê Tường Phát hành sách Huế,available,1000,True,True,True
276809079,Sách - Đất Sài Gòn Và Sinh Hoạt Của Người Sài Gòn Xưa (Tái Bản 2024),175300,197000,11,5.0,2,8,Lê Nguyễn,Cty Sách Dân Trí,hong duc,,Bìa mềm,,2023-12-21,Nhà sách Fahasa,available,1000,True,True,True
276078739,Bộ Sách Lịch Sử Văn Minh Thế Giới - Phần III - Caesar Và Christ (Bộ 3 Cuốn) (Tái Bản 2024),660000,750000,12,0.0,0,0,Will Durant,Viện Quản lý PACE,Nhà Xuất Bản Khoa Học Xã Hội,,Bìa mềm,,2023-12-21,Nhà sách Fahasa,available,1000,True,True,True
273729060,Văn Minh Trung Hoa,455400,506000,10,0.0,0,2,Lưu Đồng,NXB Chính Trị Quốc Gia,Nhà Xuất Bản Chính Trị Quốc Gia Sự Thật,,,,,Nhà sách Fahasa,available,1000,True,True,True
274758938,Đông Dương Một Nền Thuộc Địa Nhập Nhằng - Giai Đoạn 1858-1954,395100,439000,10,0.0,0,0,...,Đang cập nhật,Đang cập nhật,,Bìa mềm,,2023-12-21,Nhà sách Fahasa,available,1000,True,True,True
273698460,Bài Giảng Lịch Sử An Nam,190000,190000,0,0.0,0,0,Trương Vĩnh Ký,Nhã Nam,Nhà Xuất Bản Thế Giới,,Bìa mềm,424,2023-12-22,HỆ THỐNG NHÀ SÁCH ABC,available,1000,True,True,True
259310970,Di Sản Hồ Chí Minh - Bác Hồ Với Văn Hóa Phương Đông,57000,60000,5,0.0,0,6,,NXB Trẻ,NXB Trẻ,,,,,Nhà sách Fahasa,available,1000,True,True,True
276061131,Nhà Tây Sơn,122300,133000,8,4.8,6,21,Quách Tấn,NXB Chính Trị Quốc Gia,Nhà Xuất Bản Chính Trị Quốc Gia Sự Thật,,Bìa mềm,,2023-12-21,Nhà sách Fahasa,available,1000,True,True,True
278997722,sách: Thuốc bao đường: Nước nổi rồi chìm; Triều hạ rồi lên,230000,230000,0,0.0,0,0,Minh Minh,HaNoi Books,Nhà Xuất Bản Văn Học,,,,,Minhhabooks,available,1000,True,True,True
277566308,TRONG CƠN GIÓ LỐC - Khuất Quang Thụy - Vietnambook – NXB Quân Đội Nhân Dân,229500,306000,25,0.0,0,8,Khuất Quang Thụy,VIETNAMBOOK,Nhà Xuất Bản Quân Đội Nhân Dân,,Bìa mềm,556,,VIETNAMBOOK,available,1000,True,True,True
275852372,Chủ Tịch Hồ Chí Minh Với Cuộc Hành Trình Của Thời Đại - Tìm Đường Đi Cho Dân Tộc Đi Theo,75750,101000,25,0.0,0,4,Vũ Kim Yến,VIETNAMBOOK,Nhà Xuất Bản Hà Nội,,Bìa mềm tay gấp,200,2024-08-06,VIETNAMBOOK,available,1000,True,True,True
47438207,Sách Đề Thám (1846-1913) – Một Nghĩa Sĩ Việt Nam Chống Lại Chế Độ Thuộc Địa Pháp,159000,159000,0,0.0,0,0,Claude Gendre,Omega Plus,Nhà Xuất Bản Hà Nội,,Bìa mềm,372,2020-01-02,info book,available,1000,True,True,True
277384775,[Sách] Chuyên đề Hiểu Việt Nam số 2 - nhiều tác giả - Sách Tao Đàn,200000,250000,20,5.0,3,15,nhieu tac gia,Tao Đàn,Nhà Xuất Bản Hội Nhà Văn,,Bìa mềm,304,2025-02-21,sách tao đàn,available,1000,True,True,True
277944546,NẾP CŨ - Xã Hội Việt Nam - Lá Rụng Về Cội - Toan Ánh – Nxb Trẻ,290000,290000,0,0.0,0,0,,NXB Trẻ,NXB Trẻ,,Bìa mềm,,,FishingBook,available,1000,True,True,True
277281753,"Sách - Biểu tượng, phù hiệu và đồ thờ của người An Nam (Nhã Nam HCM)",118800,135000,12,0.0,0,4,Gustave Dumoutier,Nhã Nam,Nhà Xuất Bản Thế Giới,,Bìa mềm,212,2025-02-01,Nhã Nam HCM,available,1000,True,True,True
274761881,Sách Bốn năm sau và những trang viết về Điện Biên,136900,165000,17,0.0,0,19,Nguyễn Huy Tưởng,NXB Trẻ,NXB Trẻ,,Bìa mềm,408,2024-04-17,Tiki Trading,available,1000,False,True,True
277224950,Sách - Tây Sơn Thực Lục - Trần Hoàng Vũ (tập biên),1169100,1299000,10,0.0,0,2,Trần Hoàng Vũ,Tri Thức Trẻ Books,Nhà Xuất Bản Lao Động,,Bìa mềm tay gấp,1444,2025-02-01,Tri Thức Trẻ Books,available,1000,True,True,True
258820718,Mùa nắng phai,420000,420000,0,0.0,0,0,Nguyễn Quốc Dũng,Saigon Books,Nhà Xuất Bản Lao Động,,Bìa mềm,139,,Nhà Sách Vĩnh Thụy,available,1000,True,True,True
279096544,"Chủ tịch Hồ Chí Minh ngày này năm xưa tập 1 (Xuất bản lần thứ ba, có sửa chữa bổ sung)",231000,231000,0,0.0,0,0,Dương Trung Quốc,Nhà Xuất Bản Chính Trị Quốc Gia Sự Thật,Nhà Xuất Bản Chính Trị Quốc Gia Sự Thật,,Bìa mềm,,2026-01-01,Bảo Châu Books,available,1000,True,True,True
158774708,LÊ QUÝ DẬT SỬ - MAIHABOOKS -,239000,239000,0,0.0,0,3,,Công ty TNHH Quốc Tế Mai Hà,Nhà Xuất Bản Khoa Học Xã Hội,,,,,BÌNH BÁN BOOK,available,1000,True,True,True
350874,Sách 100 Câu Hỏi Về Gia Định Sài Gòn - Báo Chí Ở Thành Phố Hồ Chí Minh,93000,93000,0,0.0,0,1,Trần Thanh Giao,Đang cập nhật,Nhà Xuất Bản Văn Hoá Sài Gòn,,Bìa mềm,372,2007-07-20,Bamboo Books,available,1000,True,True,True
278360689,25 Tướng Lĩnh Việt Nam,150000,150000,0,0.0,0,0,Nguyễn Ngọc Phúc,NXB Hồng Đức,Nhà Xuất Bản Hồng Đức,,Bìa mềm,544,,Nhà Sách Phương Nam,available,1000,True,True,True
277778292,Những lá thư thời chiến Việt Nam (Tuyển tập) (Xuất bản lần thứ hai),121500,121500,0,0.0,0,1,,Nhà Xuất Bản Chính Trị Quốc Gia Sự Thật,Nhà Xuất Bản Chính Trị Quốc Gia Sự Thật,,Bìa mềm tay gấp,400,,Nhà sách Sự thật tại Huế,available,1000,True,True,True
703293,Sách Lịch Sử Các Chế Độ Báo Chí Ở Việt Nam - Tập 1: Trước Cách Mạng Tháng Tám 1945 (1858 - 1945),125000,125000,0,0.0,0,0,"Phan Đăng Thanh, Trương Thị Hòa",NXB Tổng Hợp,Nhà Xuất Bản Tổng Hợp,,Bìa mềm,448,2017-06-28,Bamboo Books,available,1000,True,True,True
277927275,Sách Mùa Ban Thay Áo,27600,30000,8,0.0,0,1,Phan Đức Lộc,Nhà Xuất Bản Kim Đồng,Nhà Xuất Bản Kim Đồng,,Bìa mềm,112,2025-01-05,Tiki Trading,available,1000,False,True,True
274420739,[Thăng Long Books] Ả Đào - Một Khảo Cứu Về Lịch Sử Và Hệ Âm Luật,239000,299000,20,0.0,0,0,,Công ty Cổ phần Sách Omega Việt Nam,Nhà Xuất Bản Hội Nhà Văn,,Bìa mềm,,,Alpha Books Official,available,1000,True,True,True
278069053,Sách - Ngàn Năm Sử Việt - Thời Bắc Thuộc - Tiếng Trống Mê Linh,38000,40000,5,0.0,0,2,An Cương,Nhà Xuất Bản Kim Đồng,Nhà Xuất Bản Kim Đồng,,Bìa mềm,,2023-12-21,Nhà sách Fahasa,available,1000,True,True,True
970550,Sách Nam Kỳ Địa Hạt Tổng Thôn Danh Hiệu Mục Lục - San Định Năm Nhâm Thìn 1892,62300,67000,7,4.8,6,18,"Nguyễn Đình Tư, Trần Văn Chánh",NXB Tổng Hợp,,,Bìa mềm,242,2017-09-26,Nhà sách Fahasa,available,1000,True,True,True
273533378,Sách - Nghệ Thuật Việt Nam-Cuốn Sách Lịch Sử Văn Hóa,180000,180000,0,0.0,0,8,nhieu tac gia,Nhà Xuất Bản Kim Đồng,Nhà Xuất Bản Kim Đồng,,Bìa mềm,184,,Phương Đông Books,available,1000,True,True,True
275603496,NHỮNG MẢNH KÝ ỨC 1979-1989 - Chuyện Kể Từ Biên Giới Phía Bắc - Nhiều tác giả (bìa mềm),335000,335000,0,0.0,0,1,"Hà Hương, Đào Thanh Huyền, Phạm Hoài Thanh",NXB Trẻ,Nhà Xuất Bản Tổng hợp TP.HCM,,Bìa mềm,288,2024-07-01,Bamboo Books,available,1000,True,True,True
263085340,Mậu Thân 1968 - Một Thiên Hùng Ca,230400,240000,4,0.0,0,0,Câu lạc bộ truyền thống Thành Đoàn,NXB Trẻ,NXB Trẻ,,,,,Nhà sách Fahasa,available,1000,True,True,True
277029279,Sách - Lịch Sử Việt Nam Từ Nguồn Gốc Đến Giữa Thế Kỉ XX (Nhã Nam HCM),210320,239000,12,0.0,0,9,Lê Thành Khôi,Nhã Nam,Nhà Xuất Bản Thế Giới,,Bìa mềm,642,2018-08-01,Nhã Nam HCM,available,1000,True,True,True
278432215,Sách - Thành phố Hồ Chí Minh – Giờ Khắc Số 0 – Những phóng sự về kết thúc cuộc chiến tranh 30 năm - SBOOKS,114000,114000,0,0.0,0,0,,SBOOKS,Nhà Xuất Bản Chính Trị Quốc Gia Sự Thật,,,,,SBOOKS OFFICIAL,available,1000,True,True,True
277515697,Từ Sông Bến Hải Đến Dinh Độc Lập,153000,219000,30,5.0,4,24,Hoàng Đan,Alpha Books,Nhà Xuất Bản Thông Tấn,,Bìa mềm tay gấp,400,,Alpha Books Official,available,1000,True,True,True
41265462,Sách Xứ Ủy Nam Bộ Và Trung Ương Cục Miền Nam (1945 – 1954),85000,85000,0,0.0,0,2,Đoàn Thị Hương,NXB Tổng Hợp Hồ Chí Minh,Nhà Xuất Bản Tổng Hợp,,Bìa mềm,254,2019-11-01,TYMBooks,available,1000,True,True,True
555357,Sách Bão Táp Triều Trần,750000,750000,0,5.0,4,22,Hoàng Quốc Hải,NXB Phụ Nữ Việt Nam,Nhà Xuất Bản Phụ Nữ,,Bìa mềm,,2016-10-26,Bảo Châu Books,available,1000,True,True,True
278443790,HAPPY VILLAGE- CỘI NGUỒN AN LẠC: LỐI ĐẾN NHỮNG NGÔI LÀNG HẠNH PHÚC – TS. Hà Vĩnh Thọ – Thái Hà Books,151000,151000,0,0.0,0,5,"Tiến sĩ Hà Vĩnh Thọ, TS Hà Vĩnh Thọ, Hà Vĩnh Thọ",Thái Hà,Nhà Xuất Bản Công Thương,,Bìa mềm,308,,BÌNH BÁN BOOK,available,1000,True,True,True
279231523,HỒ SƠ MỘT THẾ HỆ- Nhiều tác giả-  Báo Tuổi Trẻ- NXB Trẻ ,170000,170000,0,0.0,0,0,nhieu tac gia,NXB Trẻ,NXB Trẻ,,Bìa mềm,392,,FishingBook,available,1000,True,True,True
197971206,Sách - Thư Ngỏ gởi bạn trẻ Việt Nam - Muốn tìm hiểu về nguồn gốc của mình,472000,472000,0,0.0,0,2,,NXB Tổng Hợp Đà Nẵng,Nhà Xuất Bản Tổng hợp Đà Nẵng,,Bìa cứng,152,,SÁCH ĐẠI NAM,available,1000,True,True,True
274942551,Bốn Năm Sau Và Những Trang Viết Về Điện Biên - TRE,165000,165000,0,0.0,0,0,Nguyễn Huy Tưởng,NXB Trẻ,NXB Trẻ,,Bìa mềm,408,,HỆ THỐNG NHÀ SÁCH ABC,available,1000,True,True,True
276922391,Nguyễn Văn Linh - Hành Trình Cùng Lịch Sử,199500,210000,5,0.0,0,0,Nhiều,NXB Trẻ,NXB Trẻ,,Bìa mềm,408,2024-12-31,Cá Chép Bookstore,available,1000,True,True,True
191808133,Tạp Bút Năm Ất Hợi 1995,220000,220000,0,0.0,0,0,,NXB Trẻ,oem,,Bìa mềm,,,Bamboo Books,available,1000,True,False,True
143970397,Sách - Sử Ta - Chuyện Xưa Kể Lại - Tập 1 - Nxb Kim Đồng - Tái Bản 2020,50000,50000,0,0.0,0,0,,NXB Kim Đồng,Nhà Xuất Bản Kim Đồng,,,,,Nhà Sách Vĩnh Thụy,available,1000,True,True,True
278739485,Bối Cảnh Mới Trên Biển Đông Đến Năm 2030 Và Hàm Ý Cho Việt Nam (Sách Chuyên Khảo) ,117000,130000,10,0.0,0,6,Nguyễn Thị Hải Yến,Nhà Xuất Bản Khoa Học Xã Hội,Nhà Xuất Bản Khoa Học Xã Hội,,Bìa mềm,288,2025-10-10,VIETNAMBOOK,available,1000,True,True,True
275466328,Điện Biên Phủ,360000,360000,0,0.0,0,2,Đại Tướng Võ Nguyên Giáp,NXB Chính Trị Quốc Gia,Nhà Xuất Bản Chính Trị Quốc Gia Sự Thật,,,,,Bảo Châu Books,available,1000,True,True,True
276734404,Phan Yên Thành - Binh biến ký,195500,230000,15,5.0,1,15,,Nhà xuất bản Tổng hợp TP.HCM ,Nhà Xuất Bản Tổng hợp TP.HCM,,,,,NXB TỔNG HỢP,available,1000,True,True,True
212935250,Lịch sử Sài Gòn Chợ Lớn Gia Định kháng chiến (1945 – 1975),174000,174000,0,0.0,0,0,,Nhà Xuất Bản Chính Trị Quốc Gia Sự Thật,Nhà Xuất Bản Chính Trị Quốc Gia Sự Thật,,,,,Bảo Châu Books,available,1000,True,True,True
213936179,Hương Ước Làng Công Giáo Vùng Đồng Bằng Sông Hồng - Lịch Sử Và Hiện Tại,259000,259000,0,0.0,0,0,,Công ty cổ phần đầu tư phát triển Trường Phương,oem,,Bìa mềm,,,NHÀ SÁCH AN THƯ,available,1000,True,False,True
277907597,Tổng Hành Dinh Trong Mùa Xuân Toàn Thắng (Hồi Ức),112000,118000,5,0.0,0,9,,Alpha Books,Nhiều Nhà Xuất Bản,,,,,Sống Official,available,1000,True,True,True
10317627,Lịch sử doanh nghiệp và công nghiệp ở Sài Gòn và Nam kỳ,120250,120250,0,5.0,3,48,Nguyễn Đức Hiệp,Dtbooks,Nhà Xuất Bản Tổng hợp TP.HCM,,Bìa mềm,335,2019-01-24,DTBOOKS,available,1000,True,True,True
278599584,Những Cánh Thư Ra Bắc Vào Nam - Chuyện Về Những Bức Thư Của Gia Đình Đại Tướng Nguyễn Chí Thanh ,116000,145000,20,0.0,0,0,Nhiều,Omega Plus,Nhiều Nhà Xuất Bản,,Bìa mềm,240,,Alpha Books Official,available,1000,True,True,True
276529421,Bộ Lịch sử Quân sự Việt Nam (gồm 14 tập) (bản in 2024),2500000,2500000,0,0.0,0,0,,Nhà Xuất Bản Chính Trị Quốc Gia Sự Thật,Nhà Xuất Bản Chính Trị Quốc Gia Sự Thật,,Bìa mềm tay gấp,,,Bảo Châu Books,available,1000,True,True,True
206359795,Chuyện Những Người An Nam Ở Paris Hay Sự Thật Về Đông Dương,125000,125000,0,0.0,0,0,Phan Văn Trường,Nhà Xuất Bản Đà Nẵng,Nhà Xuất Bản Đà Nẵng,,Bìa mềm,253,,info book,available,1000,True,True,True
271433512,Vương Quốc An Nam Và Dân An Nam - Ký Sự Du Hành Của J. L. Dutreuil De Rhins,142500,190000,25,5.0,1,25,,Fahasa,Nhà Xuất Bản Đà Nẵng,,,,,Nhà sách Fahasa,available,1000,True,True,True
277515238,TỪ SÔNG BẾN HẢI ĐẾN DINH ĐỘC LẬP - Thiếu tướng Hoàng Đan - Alpha Books,153000,219000,30,0.0,0,6,nhieu tac gia,Alpha Books,Nhà Xuất Bản Thông Tấn,,Bìa mềm tay gấp,400,,Alpha Books Official,available,1000,True,True,True
249694174,"Sách Anh hùng lĩnh nam - Cẩm khê di hận T1,T2",388600,500000,22,4.5,4,20,Yên Tử Cư Sĩ Trần Đại Sỹ,NXB Phụ Nữ Việt Nam,Nhà Xuất Bản Phụ Nữ Việt Nam,,Bìa mềm,1120,2023-03-01,Tiki Trading,available,1000,False,True,True
71957061,Sách Phố Phường Hà Nội Xưa,55000,55000,0,0.0,0,0,Hoàng Đạo Thúy,NXB Kim Đồng,Nhà Xuất Bản Kim Đồng,,Bìa mềm,176,2020-10-15,Nhà Sách Vĩnh Thụy,available,1000,True,True,True
275922937,Góc Nhìn Sử Việt - Bánh Xe Khứ Quốc,84100,99000,15,0.0,0,0,Phan Trần Chúc,Alpha Books,hong duc,,Bìa mềm,,2023-12-21,Nhà sách Fahasa,available,1000,True,True,True
277043043,Sách Người đứng đầu Thăng Long - Hà Nội trong lịch sử,325000,386000,16,4.5,2,13,Bùi Xuân Đính,Công Ty TNHH Sách Và Truyền Thông Việt Nam,Nhà Xuất Bản Khoa Học Xã Hội,,Bìa mềm,636,2025-01-15,Tiki Trading,available,1000,True,True,True
626270,Sách Thuở Bình Minh Tân Nhạc,92400,132000,30,4.5,2,46,Nguyễn Thụy Kha,Công Ty Cổ Phần Tri thức Văn Hóa Sách Việt Nam,,,Bìa mềm,370,2017-04-01,VIETNAMBOOK,available,1000,True,True,True
273901075,"Khảo cổ học Đồng bằng sông Mê Kông, Tập III: Văn hóa Phù Nam (Bao gồm 1 cuốn phụ bản 120 trang)",990000,990000,0,0.0,0,1,Olivier Tessier,Nhà xuất bản Tổng hợp TP.HCM ,Nhà Xuất Bản Tổng hợp TP.HCM,,Bìa cứng áo ôm,688,2024-01-10,LITTLE BOOKS,available,1000,True,True,True
278745779,VIỆT NAM NHỮNG VẤN ĐỀ VĂN HÓA VÀ CHÍNH TRỊ – Phạm Quỳnh - Đông Tây - NXB Hà Nội,108000,135000,20,0.0,0,2,Phạm Quỳnh,Công Ty TNHH Văn Hóa Đông Tây,Nhà Xuất Bản Hà Nội,,Bìa mềm,254,,VIETNAMBOOK,available,1000,True,True,True
277741910,"(Bìa cứng, tái bản 2025) HỒI KÝ GIA ĐÌNH – BẠN BÈ – ĐẤT NƯỚC – Nguyễn Thị Bình – NXB CTQGST",224000,224000,0,5.0,2,25,,Nhà Xuất Bản Chính Trị Quốc Gia Sự Thật,Nhà Xuất Bản Chính Trị Quốc Gia Sự Thật,,Bìa cứng,268,,BÌNH BÁN BOOK,available,1000,True,True,True
207852941,Sách QUANG TRUNG ĐẠI PHÁ QUÂN THANH,23000,30000,23,0.0,0,3,Đỗ Biên Thùy,NXB Trẻ,NXB Trẻ,,Bìa mềm,24,2022-11-01,Tiki Trading,available,1000,False,True,True
203202274,TIẾNG VỌNG ĐÈO KHAU CHỈA – Cuộc chiến bảo vệ biên cương phía bắc của Tổ quốc – Nguyễn Thái Long – Nhã Nam – NXB Phụ Nữ (Bìa mềm),179000,179000,0,0.0,0,0,Nguyễn Thái Long,Nhã Nam,Nhà Xuất Bản Phụ Nữ,,Bìa mềm,370,,HỆ THỐNG NHÀ SÁCH ABC,available,1000,True,True,True
278385284,"Sách - Vương Hồng Sển - Tiếng Nói Nam Kỳ Cũ - Địa Danh, Nhơn Danh, Thổ Ngữ (Bìa Cứng) - NXB Trẻ",280000,280000,0,0.0,0,2,Vương Hồng Sển,NXB Trẻ,NXB Trẻ,,Bìa cứng,,,NHBook,available,1000,True,True,True
277976926,Sách - Những Nẻo Đường Ẩm Thực - Ăn Uống Qua Lăng Kính Lịch Sử Và Văn Hóa,142500,190000,25,5.0,2,13,,Công ty TNHH Truyền Thông và Giáo Dục Lyceum,Nhà Xuất Bản Văn Học,,Bìa mềm,,2023-12-21,Nhà sách Fahasa,available,1000,True,True,True
270808306,"Lịch sử kháng chiến chống Mỹ, cứu nước năm 1954 - 1975 Tập VIII - Toàn Thắng",182000,182000,0,5.0,2,14,Bộ Quốc Phòng - Viện Khoa Học Xã Hội Nhân Văn Quân Sự,Nhà Xuất Bản Chính Trị Quốc Gia Sự Thật,Nhà Xuất Bản Chính Trị Quốc Gia Sự Thật,,Bìa cứng,,,ST Book,available,1000,True,True,True
214598375,Sách Hà Nội Nhiều Mây Có Lúc Có Mưa Ngâu,110000,110000,0,0.0,0,5,Hồ Anh Thái,NXB Trẻ,NXB Trẻ,,Bìa mềm,216,2023-01-01,Nhà sách NetaBooks,available,1000,True,True,True
271967090,Nghìn Năm Bia Miệng - Tập 2,101150,119000,15,0.0,0,2,Huỳnh Ngọc Trảng - Trương Ngọc Tường,Nhà xuất bản Tổng hợp TP.HCM ,Nhà Xuất Bản Tổng hợp TP.HCM,,,,,NXB TỔNG HỢP,available,1000,True,True,True
274953156,"bìa cứng - Xã, phường, thị trấn Hà Nội - Tủ sách 1000 năm Thăng Long - Hà Nội",370000,370000,0,0.0,0,0,,An Nam Books,Nhà Xuất Bản Hà Nội,,Bìa cứng,985,2020-05-15,SÁCH ĐẠI NAM,available,1000,True,True,True
275053707,Lịch sử Việt Nam phổ thông. Tập 3: Từ thế kỷ X đến năm 1593,182000,182000,0,5.0,1,2,,Nhà Xuất Bản Chính Trị Quốc Gia Sự Thật,Nhà Xuất Bản Chính Trị Quốc Gia Sự Thật,,,,,ST Book,available,1000,True,True,True
275571709,Combo/Lẻ Góc Nhìn Sử Việt: Cao Bá Quát + Việt Hoa Bang Giao Sử + Bánh Xe Khứ Quốc + Giọt Máu Sau Cùng + Lương Ngọc Quyến + Nguyễn Tri Phương,55000,69000,20,0.0,0,3,nhieu tac gia,Alpha Books,Nhà Xuất Bản Hồng Đức,,Bìa mềm,,,Sống Official,available,1000,True,True,True
277764280,Sách Cùng Việt Nam,188000,210000,10,0.0,0,2,Nhiều tác giả,Nhà Xuất Bản Kim Đồng,Nhà Xuất Bản Kim Đồng,,Bìa cứng,200,2025-01-04,Tiki Trading,available,1000,False,True,True
277436481,"Sách - Hàm Nghi - Hoàng Đế Lưu Vong, Nghệ Sĩ Ở Alger - Bìa Cứng",986000,1160000,15,0.0,0,0,,CÔNG TY TNHH SÁCH & TRUYỀN THÔNG VIỆT NAM,Nhà Xuất Bản Khoa Học Xã Hội,,Bìa mềm,,2023-12-21,Nhà sách Fahasa,available,1000,True,True,True
245787197,Sách Lịch sử Việt Nam bằng tranh - Trần Hưng Đạo (bản màu),47000,65000,28,5.0,2,59,Nhiều tác giả,NXB Trẻ,NXB Trẻ,,Bìa mềm,80,2023-03-09,Tiki Trading,available,1000,False,True,True
270228395,Con người và Biểu tượng - Man and his symbols,450000,450000,0,0.0,0,4,,Nhã Nam,Nhà Xuất Bản Thế Giới,,,,,NHBook,available,1000,True,True,True
74283364,Combo Đại việt sử ký toàn thư và Cổ học tinh hoa (bìa cứng),307500,307500,0,0.0,0,3,,Nhà sách Minh Thắng,Nhà Xuất Bản Hồng Đức,,,,,Minhhabooks,available,1000,True,True,True
272247065,Lịch Sử Thế Giới Theo Dòng Sự Kiện - Từ Thời Đồ Đá Tới Thời Hiện Đại - Bìa Cứng,175700,189000,7,0.0,0,2,Jane Chisholm,Nhã Nam,Nhà Xuất Bản Hội Nhà Văn,,,,,Nhà sách Fahasa,available,1000,True,True,True
171580938,Lịch Sử Việt Nam Bằng Tranh: Trần Hưng Đạo (Bản Màu),126000,140000,10,5.0,1,8,"Tôn Nữ Quỳnh Trân,  Trần Bạch Đằng",NXB Trẻ,NXB Trẻ,,,,,Nhà sách Fahasa,available,1000,True,True,True
262053157,Đàng Trong - Lịch Sử Và Văn Hóa,165000,165000,0,0.0,0,0,Trần Thuận,Nhà xuất bản Tổng hợp TP.HCM ,Nhà Xuất Bản Tổng hợp TP.HCM,,,,,info book,available,1000,True,True,True
278882954,"ĐẠI NAM LIỆT TRUYỆN TIỀN BIÊN (Phụ: Ngoại phiên thông thư - An Nam quốc thư, Cổ đại Nam Nhật giao thông khảo)  - Quốc sử quán triều Nguyễn – NXB ĐHSP ",350000,350000,0,0.0,0,0,Cao Tự Thanh,NXB Đại Học Sư Phạm,Nhà Xuất Bản Đại Học Sư Phạm,,,460,,BÌNH BÁN BOOK,available,1000,True,True,True
33787532,Sách Tâm Lý Dân Tộc An Nam (Bìa Cứng),109000,109000,0,0.0,0,0,Paul Giran,Omega Plus,Nhà Xuất Bản Hội Nhà Văn,,Bìa cứng,200,2019-09-01,Nhà Sách Vĩnh Thụy,available,1000,True,True,True
1656011,Sách  Những Mảnh Sử Rời,120000,120000,0,0.0,0,1,Phạm Hoàng Quân,NXB Tổng Hợp,Nhà Xuất Bản Tổng Hợp,,Bìa mềm,233,2018-01-01,Nhà sách NetaBooks,available,1000,True,True,True
7278079,Sách Đại Tướng Mai Chí Thọ,95000,99000,4,5.0,8,30,Nguyễn Thị Ngọc Hải,NXB Tổng Hợp,,,Bìa mềm,320,2018-11-01,Nhà sách Fahasa,available,1000,True,True,True
277809174,"Sách Bác Hồ với công tác văn phòng, văn thư và lưu trữ",140000,140000,0,0.0,0,0,Nghiêm Kỳ Hồng,NXB Tổng Hợp TP. HCM,Nhà Xuất Bản Tổng hợp TP.HCM,,Bìa mềm,280,2025-04-21,Bamboo Books,available,1000,True,True,True
277271800,Sách - Sài Gòn - Đi Qua Ký Ức - Lê Văn Nghĩa - NXB Trẻ,95000,95000,0,0.0,0,0,,Alphabooks,Nhà Xuất Bản Công Thương,,,,,Bamboo Books,available,1000,True,True,True
270118629,Con Người Và Biểu Tượng - Man And His Symbols,396000,450000,12,0.0,0,0,,Nhã Nam,Nhà Xuất Bản Thế Giới,,,,,Alpha Books Official,available,1000,True,True,True
213936523,Truyện Tranh Danh Nhân Lịch Sử Việt Nam - Trần Hưng Đạo Đại Chiến Bạch Đằng,25500,30000,15,0.0,0,0,,NXB Trẻ,oem,,Bìa mềm,,,Nhà Xuất Bản Trẻ,available,1000,True,True,True
277609157,KHAI TRÍ TIẾN ĐỨC – Bulletin De L’a. F. I. M. A - Trường Phương Books ,495000,495000,0,0.0,0,1,,Công ty cổ phần đầu tư phát triển Trường Phương,Nhà Xuất Bản Thuận Hóa,,Bìa mềm,,,VIETNAMBOOK,available,1000,True,True,True
273503085,Trạm Đọc | Khắc Họa Bức Tranh Lịch Sử Nam Kỳ,199000,199000,0,0.0,0,0,Nguyễn Quang Diệu,Alpha Books,Nhà Xuất Bản Tổng hợp TP.HCM,,Bìa mềm,,2023-12-01,info book,available,1000,True,True,True
137482249,Sách Thoái Thực Ký Văn,345000,345000,0,0.0,0,1,Trương Quốc Dụng,Nhà Xuất Bản Hội Nhà Văn,Nhà Xuất Bản Hội Nhà Văn,,Bìa cứng,584,,FishingBook,available,1000,True,True,True
263207603,Xã Hội Việt Nam Thời Lê - Nguyễn,159300,179000,11,0.0,0,2,Lê Nguyễn,Cty Sách Dân Trí,Nhà Xuất Bản Hồng Đức,,,,,Nhà sách Fahasa,available,1000,True,True,True
270766720,Tuyển Tập Tranh Ảnh Lịch Sử Đông Dương Thuộc Pháp,562300,639000,12,0.0,0,2,,Công ty TNHH Quốc Tế Mai Hà,Nhà Xuất Bản Thế Giới,,,,,Nhà sách Fahasa,available,1000,True,True,True
194451804,Những Bức Di Thư Thành Cổ,123500,130000,5,5.0,3,28,Lê Bá Dương,NXB Trẻ,NXB Trẻ,,,,,Nhà sách Fahasa,available,1000,True,True,True
274886192,"Combo Lịch sử Việt Nam bằng tranh (bản màu, bìa cứng) - Hộp 8 cuốn",1066000,1235000,14,5.0,1,11,Trần Bạch Đằng,NXB Trẻ,NXB Trẻ,,Bìa cứng,,2024-04-23,Tiki Trading,available,1000,False,True,True
20286470,Việt Sử Thông Giám Cương Mục Khảo Lược,75000,75000,0,0.0,0,0,,Vinabook JSC,Nhà Xuất Bản Khoa Học Xã Hội,,Bìa mềm,208,2019-06-15,Bamboo Books,available,1000,True,True,True
179371995,Việt Nam Sử Lược (Ấn Bản Kỉ Niệm 100 Năm Xuất Bản Lần Đầu),660000,660000,0,0.0,0,1,Trần Trọng Kim,Nhà Xuất Bản Đại Học Quốc Gia Hà Nội,Nhà Xuất Bản Đại Học Quốc Gia Hà Nội,,Bìa cứng,656,,FishingBook,available,1000,True,False,True
271291261,Sử Ký - Thư,162000,180000,10,4.0,1,11,Tư Mã Thiên,Đinh Tị,Nhà Xuất Bản Văn Học,,,,,Nhà sách Fahasa,available,1000,True,True,True
6320055,Sách Việt Nam Sử Lược (Tái Bản 2018),380000,380000,0,0.0,0,0,Trần Trọng Kim,Nhã Nam,,,,490,2018-10-10,Nhà Sách Vĩnh Thụy,available,1000,True,True,True
279134702,(Bìa cứng) ĐẢNG CỘNG SẢN VIỆT NAM  - Hành trình lịch sử và khát vọng tương lai – PGS.TS Nguyễn Thị Thu Thủy – Nhân Dân Books,255000,255000,0,0.0,0,0,Nguyễn Thị Thu Thủy,CÔNG TY TNHH THƯƠNG MẠI SÁCH NHÂN DÂN,nxb van hoc,,Bìa cứng,84,,BÌNH BÁN BOOK,available,1000,True,True,True
277603487,Tổng hành dinh trong mùa xuân toàn thắng - Hồi ức (bản in 2025),118000,118000,0,0.0,0,5,,Nhà Xuất Bản Chính Trị Quốc Gia Sự Thật,Nhà Xuất Bản Chính Trị Quốc Gia Sự Thật,,Bìa mềm,,,Bảo Châu Books,available,1000,True,True,True
106996287,Sách Sapiens: Lược Sử Loài Người (Tái Bản 2021),239000,299000,20,0.0,0,7,Yuval Noah Harari,Alpha Books,Nhà Xuất Bản Thế Giới,,,,,Omega Plus Books,available,1000,True,True,True
276235825,Tranh dân gian Nam Bộ,130000,130000,0,5.0,1,5,,Nhà xuất bản Tổng hợp TP.HCM ,Nhà Xuất Bản Tổng hợp TP.HCM,,,,2024-09-19,NXB TỔNG HỢP,available,1000,True,True,True
213936309,Học Thuật Binh Pháp,79000,79000,0,0.0,0,1,,Công ty TNHH Quốc Tế Mai Hà,oem,,Bìa mềm,,,NHÀ SÁCH AN THƯ,available,1000,True,False,True
273096159,"(Ấn bản 2023, bìa cứng, có áo quà tặng kèm gồm bản đồ, bookmark và bộ postcard 8 tấm) VIỆT NAM SỬ LƯỢC (ẤN BẢN KỈ NIỆM 100 NĂM XUẤT BẢN LẦN ĐẦU)– Trần Trọng Kim_ Đông A - NXB Văn Học",594000,594000,0,0.0,0,2,,Công Ty Cổ Phần Văn Hóa Đông A,Nhà Xuất Bản Văn Học,,,,,BÌNH BÁN BOOK,available,1000,True,True,True
432669,Sách Biên Niên Sự Kiện Lịch Sử Nam Bộ Kháng Chiến (1945 - 1975),290000,290000,0,5.0,2,15,.,NXB Chính Trị Quốc Gia,Nhà Xuất Bản Chính Trị Quốc Gia,,Bìa cứng,1042,2012-09-01,Nhà Sách Lao Động,available,1000,True,True,True
50215214,Combo Sử Ta - Chuyện Xưa Kể Lại (Tái Bản 2019) (Bộ 3 Tập),190000,200000,5,5.0,1,7,"Nguyễn Như Mai,  Nguyễn Quốc Tín,  Nguyễn Huy Thắng",Nhà Xuất Bản Kim Đồng,Nhà Xuất Bản Kim Đồng,,,,,Nhà sách Fahasa,available,1000,True,True,True
275985254,Đại Việt Sử Ký Toàn Thư (Box Set),2205200,2506000,12,0.0,0,0,nhieu tac gia,dong a,Nhà Xuất Bản Văn Học,,Bìa mềm,,2023-12-21,Nhà sách Fahasa,available,1000,True,True,True
162124430,VƯƠNG TRIỀU LÝ (1009-1226) – ẤN BẢN BÌA CỨNG - NHÀ XUẤT BẢN HÀ NỘI -,439000,439000,0,0.0,0,1,,NXB Hà Nội,Nhà Xuất Bản Hà Nội,,,,,Sách Thành Vinh,available,1000,True,True,True
278768336,Combo 2 cuốn: Lịch sử Việt Nam bằng hình + Hồ Chí Minh - Tiểu sử bằng hình,1422000,1580000,10,0.0,0,1,Đông A Biên Soạn,Công Ty Cổ Phần Văn Hóa Đông A,Nhà Xuất Bản Đại Học Sư Phạm,,Bìa cứng,984,,Đông A Books Official,available,1000,True,True,True
278676125,Combo Những Bức Di Thư Thành Cổ + Những Cánh Thư Ra Bắc Vào Nam ,239000,275000,13,0.0,0,0,Nhiều,Alpha Books,Nhiều Nhà Xuất Bản,,,,,Alpha Books Official,available,1000,True,True,True
275055806,Lịch sử Việt Nam phổ thông. Tập 9: Từ năm 1975 đến năm 2000,127000,127000,0,0.0,0,2,,Nhà Xuất Bản Chính Trị Quốc Gia Sự Thật,Nhà Xuất Bản Chính Trị Quốc Gia Sự Thật,,,,,ST Book,available,1000,True,True,True
275591068,Vua Gia Long,127200,159000,20,0.0,0,7,Marcel Gaultier,Alpha Books,Nhà Xuất Bản Thế Giới,,,,,Nhà sách Fahasa,available,1000,True,True,True
278117056,Sách - Binh Thư Yếu Lược - Hưng Đạo Vương - Nhà xuất bản Đồng Nai,150000,150000,0,0.0,0,3,,Công ty TNHH Tiên Phong Books,Nhà Xuất Bản Đồng Nai,,Bìa mềm,,,Tiên Phong Books Store,available,1000,True,True,True
175550318,CON ĐƯỜNG THIÊN LÝ – Hành trình kỳ lạ của các sứ bộ Anh Quốc tới Việt Nam thế kỷ 17 – 19 – Bìa cứng – Alastair Lamb – Thư viện Nguyễn Văn Hưởng,459000,459000,0,5.0,3,24,,Liên kết với tác giả,Nhà Xuất Bản Hội Nhà Văn,,,,,BÌNH BÁN BOOK,available,1000,True,True,True
1079180,Sách Những Đỉnh Núi Du Ca,230000,230000,0,0.0,0,2,Nguyễn Mạnh Tiến,Tao Đàn,Nhà Xuất Bản Tri Thức,,Bìa mềm,456,2017-11-06,SÁCH ĐẠI NAM,available,1000,True,True,True
275792456,Sách  Combo 2 Cuốn : Hoàng Lê Nhất Thống Chí + Tiêu Sơn Tráng Sĩ - SBOOKS,276000,276000,0,5.0,8,41,"Ngô Tất Tố, Khải Hưng",SBOOKS,Nhà Xuất Bản Văn Học,,Bìa mềm,835,2024-07-30,SBOOKS OFFICIAL,available,1000,True,True,True
273183273,Ký Hoạ Về Đông Dương Nam Kỳ (Tái Bản 2019) (600),509000,509000,0,0.0,0,4,,Nhà xuất bản Tổng hợp TP.HCM ,Nhà Xuất Bản Tổng hợp TP.HCM,,Bìa cứng,,,LITTLE BOOKS,available,1000,True,True,True
279059365,Sách - Nghìn xưa văn hiến,198000,198000,0,0.0,0,0,nhieu tac gia,NXB Kim Đồng,Nhà Xuất Bản Kim Đồng,,Bìa mềm,552,,Bamboo Books,available,1000,True,True,True
276924191,AN NAM CHÍ LƯỢC – Lê Trắc – Mặc Sinh Lê Huy Hoàng dịch – Tao Đàn – NXB Hội nhà văn,257000,257000,0,5.0,1,12,,Tao Đàn,Nhà Xuất Bản Hội Nhà Văn,,Bìa mềm,412,,BÌNH BÁN BOOK,available,1000,True,True,True
263389192,"Sách Lịch sử Việt Nam bằng tranh: Quang Trung đại phá quân Thanh (Bản màu, bìa cứng)",137000,155000,12,5.0,4,29,"Tô Hoài Đạt, Lê Văn Năm, Nguyễn Thùy Linh, Trần Bạch Đằng",NXB Trẻ,NXB Trẻ,,Bìa mềm,88,2023-06-26,Tiki Trading,available,1000,False,True,True
273328340,Quốc Sử Quán Triều Nguyễn - Đại Nam Thực Lục (Trọn Bộ 10 Tập),6000000,6000000,0,0.0,0,0,Viện Sử học,Công ty TNHH Thương mại và Dịch vụ Văn hóa Hà Nội,Nhà Xuất Bản Hà Nội,,Boxset,9276,2022-11-16,SÁCH ĐẠI NAM,available,1000,True,True,True
278611120,Mưa Đỏ - Nhà Văn Chu Lai (Kỷ niệm 80 năm Cách Mạng Tháng Tám và Quốc Khánh 2/9: Tri Ân Những Anh Hùng Quyết Tử Cho Tổ Quốc Quyết Sinh),178000,205000,13,0.0,0,0,Chu Lai,Alpha Books,Nhà Xuất Bản Quân Đội Nhân Dân,,Bìa mềm,,,Sống Official,available,1000,True,True,True
278995335,Tri Thức Văn Hóa Cổ Truyền Việt Nam,299000,299000,0,0.0,0,0,"Pierre Huard, Maurice Durand",Nhà xuất bản Tổng hợp TP.HCM ,Nhà Xuất Bản Tổng hợp TP.HCM,,Bìa mềm,475,2025-12-22,Nhà sách NetaBooks,available,1000,True,True,True
278882457,ĐẠI NAM THỰC LỤC TIỀN BIÊN - Quốc sử quán triều Nguyễn – NXB ĐHSP,390000,390000,0,0.0,0,0,Cao Tự Thanh,NXB Đại Học Sư Phạm,Nhà Xuất Bản Đại Học Sư Phạm,,Bìa mềm,528,,BÌNH BÁN BOOK,available,1000,True,True,True
278853062,Giao Thương Thời Tiền Sơ Sử Ở Miền Trung Việt Nam (Sách Chuyên Khảo) ,112500,125000,10,0.0,0,4,nhieu tac gia,Nhà Xuất Bản Khoa Học Xã Hội,Nhà Xuất Bản Khoa Học Xã Hội,,Bìa mềm,288,2025-11-07,VIETNAMBOOK,available,1000,True,True,True
278644462,Hồ Sơ Về Lục Châu Học - Nguyễn Văn Trung (Trung Tâm Nghiên Cứu Quốc Học),188000,188000,0,0.0,0,1,"Nguyễn Văn Trung, Trung Tâm Nghiên Cứu Quốc Học",An Nam Books,Nhà Xuất Bản Văn Hóa - Văn Nghệ,,Bìa mềm,559,2020-09-18,SÁCH ĐẠI NAM,available,1000,True,True,True
278481629,[Kỷ niệm 80 năm CMT8 và 2-9] CÁCH MẠNG THÁNG TÁM – MỘT TRANG SỬ OANH LIỆT CỦA CÁCH MẠNG VIỆT NAM – Trường Chinh – NXB CTQGST,58000,58000,0,0.0,0,4,Trương Chinh,Nhà Xuất Bản Chính Trị Quốc Gia Sự Thật,Nhà Xuất Bản Chính Trị Quốc Gia Sự Thật,,Bìa mềm,200,,BÌNH BÁN BOOK,available,1000,True,True,True
278399510,Trần Đức Anh Sơn - Huế - Triều Nguyễn một cái nhìn,380000,380000,0,0.0,0,0,Trần Đức Anh Sơn,Đông Tây,Nhà Xuất Bản Thế Giới,,Bìa mềm tay gấp,654,2023-07-01,Đông Tây,available,1000,True,True,True
278382520,Lê Đình Phụng - Từ kinh thành Vijaya đến kinh đô vương triều Tây Sơn,245000,245000,0,0.0,0,2,Lê Đình Phụng,Đông Tây,Nhà Xuất Bản Thuận Hóa,,Bìa mềm tay gấp,327,2025-07-23,Đông Tây,available,1000,True,True,True
277976718,Sách - Ngàn Năm Sử Việt - Nhà Trần - Lá Cờ Thêu Sáu Chữ Vàng,38000,40000,5,0.0,0,5,Nguyễn Huy Tưởng,Nhà Xuất Bản Kim Đồng,Nhà Xuất Bản Kim Đồng,,Bìa mềm,,2023-12-21,Nhà sách Fahasa,available,1000,True,True,True
277764283,Sách Quận He Khởi Nghĩa (Ngàn Năm Sử Việt - Nhà Lê Trung Hưng),78000,80000,3,0.0,0,12,Hà Ân,Nhà Xuất Bản Kim Đồng,Nhà Xuất Bản Kim Đồng,,Bìa mềm,340,2025-01-04,Tiki Trading,available,1000,False,True,True
277583059,(Bìa Cứng) ĐẠO MẪU VIỆT NAM - GS. TS. Ngô Đức Thịnh - Vietnambook – NXB Tri Thức,448000,560000,20,0.0,0,2,GS TS Ngô Đức Thịnh,VIETNAMBOOK,Nhà Xuất Bản Tri Thức,,Bìa cứng,895,,VIETNAMBOOK,available,1000,True,True,True
277311554,"(Boxset 6 Cuốn)  NHỮNG TÁC PHẨM KHẢO CỨU NGUYỄN VĂN HẦU: Lễ Thành Hầu Nguyễn Hữu Cảnh, Bản ngã người Việt, Việt Nam tam giáo sử đại cương, Việt sử kinh nghiệm, Thoại Ngọc Hầu và những cuộc khai phá miền Hậu Giang, Nửa tháng trong miền Thất Sơn - NXB Trẻ",469000,469000,0,0.0,0,1,Nguyễn Văn Hầu,NXB Trẻ,NXB Trẻ,,Bìa mềm,1072,,BÌNH BÁN BOOK,available,1000,True,True,True
277281903,Sách Hội An lang thang phố nhớ,300000,300000,0,0.0,0,0,Tam Thái,Nhà xuất bản Tổng hợp TP.HCM ,Nhà Xuất Bản Tổng hợp TP.HCM,,,248,,Cá Chép Bookstore,available,1000,True,True,True
277214476,(Boxset Trọn Bộ 2 Tập) TÂY SƠN THỰC LỤC - Trần Hoàng Vũ Tập biên - Tri Thức Trẻ Books,1234000,1234000,0,0.0,0,0,Trần Hoàng Vũ,Tri Thức Trẻ,Nhà Xuất Bản Lao Động,,Bìa mềm,1444,,BÌNH BÁN BOOK,available,1000,True,True,True
276923106,Sách - Những Điệp Viên May Mắn,99700,105000,5,5.0,1,5,Nguyễn Văn Tàu,NXB Trẻ,NXB Trẻ,,Bìa mềm,,2023-12-21,Nhà sách Fahasa,available,1000,True,True,True
276502289,100 Kỷ Vật Tội Ác - Dòng Lịch Sử Chấn Động Về Những Kẻ Sát Nhân Có Thật,126600,149000,15,5.0,3,6,Harold Schechter,AZ Việt Nam,Nhà Xuất Bản Thế Giới,,Bìa mềm,,2023-12-21,Nhà sách Fahasa,available,1000,True,True,True
276400821,Sapiens - A Graphic History - Lược Sử Loài Người Bằng Tranh - Tập 3 - Những Chủ Nhân Của Lịch Sử - Bìa Cứng,359100,399000,10,0.0,0,2,Yuval Noah Harari,Alpha Books,Nhà Xuất Bản Dân Trí,,Bìa mềm,,2023-12-21,Nhà sách Fahasa,available,1000,True,True,True
276120883,Boxset Hỏi Đáp Lịch Sử Việt Nam (Hộp 10 Cuốn),1330000,1400000,5,0.0,0,1,Nhóm Nhân Văn Trẻ,NXB Trẻ,NXB Trẻ,,Bìa mềm,3904,2023-12-21,Cá Chép Bookstore,available,1000,True,True,True
275882097,Sách - Lĩnh Nam chích quái (Khảo luận - Dịch chú – Nguyên bản chữ Hán),789000,789000,0,0.0,0,0,Nguyễn Thị Oanh,Công Ty TNHH Sách Và Truyền Thông Việt Nam,Nhà Xuất Bản Khoa Học Xã Hội,,Bìa cứng áo ôm,720,2024-08-09,Đông Tây,available,1000,True,True,True
275187814,Sách - Lịch Sử Chữ Quốc Ngữ ( 1615 -1919 ) - Phạm Thị Kiều Ly,213500,268000,20,5.0,6,54,Phạm Thị Kiều Ly,SÁCH KHAI MINH,Nhà Xuất Bản Văn Học,,Bìa mềm,488,2024-06-01,Alpha Books Official,available,1000,True,True,True
274596448,THƯ CHO EM - Chuyện tình tướng Hoàng Đan và vợ qua lời kể con trai - Hoàng Nam Tiến – Nhã Nam - Nxb Hội Nhà Văn ,126000,126000,0,0.0,0,1,,Nhã Nam,Nhà Xuất Bản Hội Nhà Văn,,Bìa mềm,,,HỆ THỐNG NHÀ SÁCH ABC,available,1000,True,True,True
274579138,Lịch Sử Việt Nam Từ Nguồn Gốc Đến Giữa Thế Kỷ XX (Tái Bản 2024),224600,239000,6,0.0,0,27,Lê Thành Khôi,Nhã Nam,Nhà Xuất Bản Thế Giới,,,,,Nhà sách Fahasa,available,1000,True,True,True
273583083,Sách Lịch Sử Văn Hóa Hay Nhất-Các Triều Đại Việt Nam,108000,108000,0,0.0,0,2,,Huy Hoàng Bookstore,Nhà Xuất Bản Thanh Niên,,,,,Phương Đông Books,available,1000,True,True,True
273504403,Xã hội Đông Nam Bộ từ khởi thủy đến đầu thế kỷ XXI,129000,129000,0,5.0,2,2,Huỳnh Ngọc Đáng,Nhà xuất bản Tổng hợp TP.HCM ,Nhà Xuất Bản Tổng hợp TP.HCM,,Bìa mềm,384,,LITTLE BOOKS,available,1000,True,True,True
273391740,Combo trọn bộ 2 tập: Gia Định - Sài Gòn - Thành phố Hồ Chí Minh: Dặm dài lịch sử (1698-2020),871000,871000,0,5.0,1,5,Nguyễn Đình Tư,Nhà xuất bản Tổng hợp TP.HCM ,Nhà Xuất Bản Tổng hợp TP.HCM,,Bìa cứng,,,LITTLE BOOKS,available,1000,True,True,True
273328340,Quốc Sử Quán Triều Nguyễn - Đại Nam Thực Lục (Trọn Bộ 10 Tập),6000000,6000000,0,0.0,0,0,Viện Sử học,Công ty TNHH Thương mại và Dịch vụ Văn hóa Hà Nội,Nhà Xuất Bản Hà Nội,,Boxset,9276,2022-11-16,SÁCH ĐẠI NAM,available,1000,True,True,True
270991583,LỊCH SỬ KHẨN HOANG MIỀN NAM,115000,115000,0,0.0,0,2,Sơn Nam,NXB Trẻ,NXB Trẻ,,Bìa mềm,,2017-08-01,NHBook,available,1000,True,True,True
262048959,(Bìa Cứng) Lăng Gia Long - Léopold Cadière - Nhiều dịch giả,219000,219000,0,0.0,0,1,Leopold Cadiere,Công ty TNHH Quốc Tế Mai Hà,Nhà Xuất Bản Khoa Học Xã Hội,,Bìa cứng,176,2023-01-01,Sách Thành Vinh,available,1000,True,True,True
245787171,Sách Lịch sử Việt Nam bằng tranh - Lý Thường Kiệt (bản màu),51750,70000,26,5.0,3,44,Nhiều tác giả,NXB Trẻ,NXB Trẻ,,Bìa mềm,92,2023-03-09,Tiki Trading,available,1000,False,True,True
229791753,Văn Hóa Vật Chất Và Văn Hóa Xã Hội Thời Kì Đại Việt (Bìa Cứng),490000,490000,0,0.0,0,2,"Nguyễn Duy Hinh, nhieu tac gia",Vinabook JSC,Nhà Xuất Bản Hồng Đức,,Bìa cứng,756,2023-02-22,Nhà sách NetaBooks,available,1000,True,True,True
205973482,Lịch Sử Việt Nam Bằng Tranh 01: Người Cổ Việt Nam (Tái Bản 2022),34300,35000,2,0.0,0,13,Trần Bạch Đằng,NXB Trẻ,NXB Trẻ,,,,,Nhà sách Fahasa,available,1000,True,True,True
198537793,Bộ Hộp Bão Táp Triều Trần (Bộ 6 Tập)_PNU,750000,750000,0,0.0,0,0,, Phụ Nữ,Nhà Xuất Bản Phụ Nữ Việt Nam,,Bìa mềm,,,SÁCH ĐẠI NAM,available,1000,True,True,True
173126401,Lê Triều Chiếu Lệnh Thiện Chính ,399000,399000,0,0.0,0,1,,Công ty TNHH Quốc Tế Mai Hà,Nhà Xuất Bản Khoa Học Xã Hội,,Bìa cứng,508,2022-03-30,Nhà sách NetaBooks,available,1000,True,True,True
140722133,Trương Hán Siêu - Danh Sĩ Thời Trần - Người Con Đất Cố Đô Hoa Lư Lịch Sử,454000,699000,35,5.0,8,18,,Công ty cổ phần đầu tư phát triển Trường Phương,Nhà Xuất Bản Khoa Học Xã Hội,,Bìa cứng,895,2021-06-15,MaiHaBooks,available,1000,True,True,True
139969586,Súng. Vi Trùng Và Thép,299000,299000,0,0.0,0,0,Jared Diamond,Alpha Books,Nhà Xuất Bản Thế Giới,,,676,,Nhà Sách Vĩnh Thụy,available,1000,True,True,True
85399732,Sách Hoàng Triều Sử Ký,91200,95000,4,4.8,4,12,Dương Lâm,NXB Tổng Hợp TP. HCM,Nhà Xuất Bản Tổng hợp TP.HCM,,Bìa mềm,248,2021-03-01,Nhà sách Fahasa,available,1000,True,True,True
80417220,Sách Việt Nam Sử Lược (Bìa Cứng) (Tái Bản),172500,172500,0,5.0,6,39,Trần Trọng Kim,Nhà sách Minh Thắng,Nhà Xuất Bản Văn Học,,Bìa mềm,700,2020-12-15,AHABOOKS,available,1000,True,True,True
80358390,"Combo Đại Việt Sử Ký Toàn Thư Trọn Bộ (Tái Bản 2020)+Việt Nam Văn Hóa Sử Cương (In Theo Bản 1938 , Xuất Bản Bốn Phương)",351350,351350,0,4.7,3,12,,Nhà sách Minh Thắng,Nhiều Nhà Xuất Bản,,,,,AHABOOKS,available,1000,True,True,True
45123843,Sách Minh Thực Lục ( Trọn Bộ 3 Tập ),1650000,1650000,0,0.0,0,0,.,Omega Plus,Nhà Xuất Bản Hà Nội,,Bìa cứng,,2019-12-01,Nhà sách NetaBooks,available,1000,True,True,True
23593376,Đại Việt Sử Ký Toàn Thư (Tặng Kèm Postcard Green Life)﻿,211350,211350,0,4.5,62,453,.,Nhà sách Minh Thắng,,,Bìa cứng,1059,,AHABOOKS,available,1000,True,True,True
10124692,Lịch Sử Báo Chí Việt Nam 1865 - 1945,126000,180000,30,4.7,14,143,GS.TS.Đỗ Quang Hưng,Công Ty Cổ Phần Tri thức Văn Hóa Sách Việt Nam,Nhà Xuất Bản Khoa Học Xã Hội,,Bìa mềm,360,2018-01-01,VIETNAMBOOK,available,1000,True,True,True
279145613,Sơ thảo Lịch sử văn học Việt Nam (Bộ 5 tập),747000,747000,0,0.0,0,0,"Văn Tân, Nguyễn Hồng Phong, Nguyễn Đổng Chi, Vũ Ngọc Phan",Nhà Xuất Bản Chính Trị Quốc Gia Sự Thật,Nhà Xuất Bản Chính Trị Quốc Gia Sự Thật,,,,,Nhà sách Sự thật tại Huế,available,1000,True,True,True
279071501,QUY HOẠCH CỬA KHẨU KHU TỰ TRỊ DÂN TỘC CHOANG QUẢNG TÂY (TRUNG QUỐC) VÀ HÀM Ý ĐỐI VỚI VIỆT NAM - TS. Trần Thị Thuỷ - NXB KHXH,131000,131000,0,0.0,0,0,nhieu tac gia,Nhà Xuất Bản Khoa Học Xã Hội,Nhà Xuất Bản Khoa Học Xã Hội,,Bìa mềm,258,,BÌNH BÁN BOOK,available,1000,True,True,True
279066368, (Bìa cứng) VIỆT NAM THẾ KỈ X – Những mảnh vỡ lịch sử  - Trần Trọng Dương  – NXB ĐHSP ,240000,240000,0,0.0,0,0,Trần Trọng Dương,NXB Đại Học Sư Phạm,Nhà Xuất Bản Đại Học Sư Phạm,,Bìa cứng,481,,BÌNH BÁN BOOK,available,1000,True,True,True
278905662,ĐIỆN BIÊN PHỦ - Đại Tướng Võ Nguyên Giáp – Lightbooks – NXB CTQG Sự Thật,285000,285000,0,0.0,0,0,Đại Tướng Võ Nguyên Giáp,CÔNG TY CỔ PHẦN SÁCH LIGHTBOOKS,Nhà Xuất Bản Chính Trị Quốc Gia Sự Thật,,Bìa mềm,472,,BÌNH BÁN BOOK,available,1000,True,True,True
278869608,Nam Hải Dị Nhân Liệt Truyện,500000,500000,0,0.0,0,2,"Phan Kế Bính, Lê Văn Phúc,  Tạ Huy Long",Gieobooks,Nhà Xuất Bản Kim Đồng,,Bìa cứng,288,,Tazano Official Store,available,1000,True,True,True
278863114,Quá Trình Phát Triển Và Sụp Đổ Của Chế Độ Ngô Đình Diệm - Ngập Giữa Vũng Lầy (Sách Tham Khảo) ,286200,318000,10,0.0,0,0,David Halberstam,Nhà Xuất Bản Chính Trị Quốc Gia Sự Thật,Nhà Xuất Bản Chính Trị Quốc Gia Sự Thật,,Bìa mềm,480,2025-11-12,VIETNAMBOOK,available,1000,True,True,True
278863106,Khám Phá Văn Hoá Việt Nam - Từ Tiếp Cận Lịch Sử Đến Tầm Nhìn Thời Đại ,203400,226000,10,0.0,0,0,Phạm Hồng Tung,Nhà Xuất Bản Chính Trị Quốc Gia Sự Thật,Nhà Xuất Bản Chính Trị Quốc Gia Sự Thật,,Bìa mềm,416,2025-11-12,VIETNAMBOOK,available,1000,True,True,True
278815312,(Combo 2 cuốn)TỔNG TẬP VĂN HỌC DÂN GIAN NAM BỘ - TUỒNG TÍCH SÂN KHẤU VÀ DIỄN XƯỚNG DÂN GIAN NAM BỘ - TẬP 4 - NXB Tổng hợp TPHCM,475000,475000,0,0.0,0,0,nhieu tac gia,NXB Tổng Hợp TP. HCM,Nhà Xuất Bản Tổng hợp TP.HCM,,Bìa mềm,958,,BÌNH BÁN BOOK,available,1000,True,True,True
278809551,RỒNG ĐEN VOI ĐỎ – Võ Phúc Toàn – NXB Tổng hợp HCM,152000,152000,0,0.0,0,0,Võ Phúc Toàn,NXB Tổng Hợp Hồ Chí Minh,Nhà Xuất Bản Tổng hợp TP.HCM,,Bìa mềm,280,,BÌNH BÁN BOOK,available,1000,True,True,True
278611163,Bộ sách Quảng Trị 81 Ngày Đêm – Bản Hùng Ca Bất Tử: Mưa Đỏ - Chu Lai (Vinabook) + Hồi Ức Quảng Trị - Nguyễn Thuỵ Kha (Omega+) ,98500,104000,5,0.0,0,0,Nhiều,Omega Plus,Nhiều Nhà Xuất Bản,,,,,Sống Official,available,1000,True,True,True
278477363,Dấu ấn cách mạng tháng tám 1945 - bản in 2025,135000,135000,0,0.0,0,3,Chính Trị Quốc Gia Sự Thật,Nhà Xuất Bản Chính Trị Quốc Gia Sự Thật,Nhà Xuất Bản Chính Trị Quốc Gia Sự Thật,,,,,ST Book,available,1000,True,True,True
278092633,Sách - Giải Phóng,177400,195000,9,5.0,1,4,Tiziano Terzani,NXB Chính Trị Quốc Gia,Nhà Xuất Bản Chính Trị Quốc Gia Sự Thật,,Bìa mềm,,2023-12-21,Nhà sách Fahasa,available,1000,True,True,True
277750481,Về Đại Thắng Mùa Xuân Năm 1975 Qua Tài Liệu Của Chính Quyền Sài Gòn,101000,101000,0,0.0,0,2,,Nhà Xuất Bản Chính Trị Quốc Gia Sự Thật,Nhà Xuất Bản Chính Trị Quốc Gia Sự Thật,,Bìa mềm,355,2025-03-31,Luatvietbook,available,1000,True,True,True
277603477,Bản án chế độ thực dân Pháp,60000,60000,0,0.0,0,0,Nguyễn Ái Quốc,Nhà Xuất Bản Chính Trị Quốc Gia Sự Thật,Nhà Xuất Bản Chính Trị Quốc Gia Sự Thật,,,,,Bảo Châu Books,available,1000,True,True,True
277218056,Sách - Trần triều nhàn thoại,65000,65000,0,0.0,0,0,,Tri Thức Trẻ,Nhà Xuất Bản Hội Nhà Văn,,,,,SÁCH ĐẠI NAM,available,1000,True,True,True
277212424,Sách - Phụ Nữ Tùng Thư - Giới Và Phát Triển Nguyễn Văn Vĩnh - Vấn Đề Phụ Nữ Ở Nước Ta - NXB Phụ Nữ,165000,165000,0,0.0,0,0,,Nhà xuất bản Phụ Nữ Việt Nam,Nhà Xuất Bản Phụ Nữ Việt Nam,,,,,Bamboo Books,available,1000,True,True,True
276527082,"Lịch sử Quân sự Việt Nam, tập 9 -Hoạt động quân sự từ năm 1897 đến cách mạng tháng 8 năm 1945 - bản in 2024",201000,201000,0,0.0,0,4,Viện Lịch Sử Quân Sự Việt Nam,Nhà Xuất Bản Chính Trị Quốc Gia Sự Thật,Nhà Xuất Bản Chính Trị Quốc Gia Sự Thật,,Bìa mềm,,,ST Book,available,1000,True,True,True
276527039,"Lịch sử Quân sự Việt Nam, tập 7: Hoạt động quân sự thời Tây Sơn (1771 - 1802) bản in 2024",148000,148000,0,0.0,0,0,Viện Lịch Sử Quân Sự Việt Nam,Nhà Xuất Bản Chính Trị Quốc Gia Sự Thật,Nhà Xuất Bản Chính Trị Quốc Gia Sự Thật,,Bìa mềm,,,ST Book,available,1000,True,True,True
276273509,Chiến Tranh Hoa Hồng - Sự Sụp Đổ Của Nhà Plantagenet Và Sự Trỗi Dậy Của Nhà Tudor,205800,248000,17,0.0,0,3,Dan Jones,Bách Việt,NXB Dân Trí,,Bìa mềm,,2023-12-21,Nhà sách Fahasa,available,1000,True,True,True
275874852,(Bìa cứng) LĨNH NAM CHÍCH QUÁI - Nguyễn Thị Oanh - Tri Thức Trẻ Books,789000,789000,0,0.0,0,0,,Tri Thức Trẻ Books,Nhà Xuất Bản Khoa Học Xã Hội,,Bìa mềm,,,BÌNH BÁN BOOK,available,1000,True,True,True
275630655,Sách Lịch Sử Việt Nam Bằng Tranh Tập 23 - Chiến Thắng Giặc Nguyên Mông Lần Thứ Hai,30000,35000,14,5.0,18,4,"Trần Bạch Đằng, Trần Bạch Đằng,  Tôn Nữ Quỳnh Trân,  Nguyễn Huy Khôi",NXB Trẻ,NXB Trẻ,,Bìa mềm,112,,Tiki Trading,available,1000,False,True,True
275453955,"DÒNG CHẢY CHỮ QUỐC NGỮ TRONG VĂN HOÁ VIỆT - Nguyễn Thanh Quang, Linh mục Gioan Võ Đình Đệ – Thái Hà – NXB Thế giới",149000,149000,0,0.0,0,0,,Thái Hà,Nhà Xuất Bản Thế Giới,,Bìa mềm,332,,info book,available,1000,True,True,True
275064006,Sách - Phạm Văn Kiêm và trăm năm hầu bóng - nhạc - văn,799000,799000,0,0.0,0,2,,CÔNG TY TNHH SÁCH & TRUYỀN THÔNG VIỆT NAM,Nhà Xuất Bản Hội Nhà Văn,,Bìa mềm,844,,Bảo Châu Books,available,1000,True,True,True
274871638,Võ Nguyên Giáp - Vị Tướng của nhân dân (xuất bản lần thứ 2 có chỉnh sửa),457000,457000,0,0.0,0,0,PGS TS Vũ Trọng Lâm,Nhà Xuất Bản Chính Trị Quốc Gia Sự Thật,Nhà Xuất Bản Chính Trị Quốc Gia Sự Thật,,Bìa cứng,,2024-04-04,Bamboo Books,available,1000,True,True,True
274193542,Thằng Gù Nhà Thờ Đức Bà - Tập 2 (HA),87750,135000,35,0.0,0,0,Victor Hugo,Nhà Sách Hồng Ân,Nhà Xuất Bản Dân Trí,,Bìa mềm,,,Bảo Châu Books,available,1000,True,True,True
274184047,"HOAN CHÂU KÝ - Thiên Nam Liệt Truyện - Nguyễn Cảnh thị - (Ấn bản kỷ niệm Thập Niên Sự Lệ 2024 Di Sản Văn Hóa Phi Vật Thể Quốc Gia, bìa mềm)",159000,159000,0,0.0,0,0,Nguyễn Cảnh Thị,Omega Plus,Nhà Xuất Bản Thế Giới,,Bìa mềm,220,2024-02-01,TYMBooks,available,1000,True,True,True
274056528,Tháp Cổ Chăm Pa,129000,129000,0,4.0,1,4,PGS.TS. Ngô Văn Doanh,Nhà xuất bản Tổng hợp TP.HCM ,Nhà Xuất Bản Tổng hợp TP.HCM,,,,,NXB TỔNG HỢP,available,1000,True,True,True
273953633,HOẠT ĐỘNG CUNG TIẾN VÀ LỆ BẦU HẬU - NGUYỄN VĂN NGUYÊN,255000,255000,0,0.0,0,2,,Nhà xuất bản Tổng hợp TP.HCM ,Nhà Xuất Bản Tổng hợp TP.HCM,,Bìa mềm tay gấp,384,2024-01-16,LITTLE BOOKS,available,1000,True,True,True
273868407,Họ Đã Làm Nên Thế Kỷ,102000,120000,15,0.0,0,0,Trần Thái Bình,Nhà xuất bản Tổng hợp TP.HCM ,Nhà Xuất Bản Tổng hợp TP.HCM,,,,,NXB TỔNG HỢP,available,1000,True,True,True
273183264,Ký Ức Đông Dương: Việt Nam - Campuchia - Lào (Việt - Pháp - Anh) (550),550000,550000,0,0.0,0,0,,Nhà xuất bản Tổng hợp TP.HCM ,Nhà Xuất Bản Tổng hợp TP.HCM,,Bìa cứng,,,info book,available,1000,True,True,True
272425545,Lịch Sử Các Chế Độ Báo Chí Ở Việt Nam - Tập 1: Trước Cách mạng Tháng Tám 1945 (1858-1945),125000,125000,0,5.0,1,5,Phan Đăng Thanh - Trương Thị Hòa,Nhà xuất bản Tổng hợp TP.HCM ,Nhà Xuất Bản Tổng hợp TP.HCM,,,,,NXB TỔNG HỢP,available,1000,True,True,True
263080704,Di sản Hồ Chí Minh. Đặc sắc văn hóa Hồ Chí Minh,115000,115000,0,0.0,0,0,,Bloomsbury Childrens - NXB Trẻ,NXB Trẻ,,,,,HỆ THỐNG NHÀ SÁCH ABC,available,1000,True,True,True
252024894,Sách Hào Kiệt Đất Phương Nam,26900,28000,4,0.0,0,21,"Hoài Anh, Nguyễn Đông Hải",NXB Kim Đồng,Nhà Xuất Bản Kim Đồng,,Bìa mềm,32,2023-04-20,Tiki Trading,available,1000,False,True,True
235728507,Sách Thư Riêng Của Bác Hồ,72000,100000,28,5.0,1,28,Trần Quân Ngọc,NXB Trẻ,NXB Trẻ,,Bìa mềm,232,2023-03-03,Tiki Trading,available,1000,False,True,True
207852939,Sách TRẦN QUỐC TOẢN TUỔI TRẺ ANH HÙNG,24850,30000,17,5.0,1,5,Đỗ Biên Thùy,NXB Trẻ,NXB Trẻ,,Bìa mềm,24,2022-11-01,Tiki Trading,available,1000,False,True,True
169818374,Mahabharata Bằng Hình - Thiên Sử Thi Vĩ Đại Nhất Của Ấn Độ,720000,720000,0,0.0,0,0,,Đông A,oem,,,,,Bamboo Books,available,1000,True,False,True
48949445,Lịch Sử Quân Sự Việt Nam (Trọn Bộ 14 Tập),2500000,2500000,0,5.0,1,1,Bộ quốc phòng - Viện Lịch sử quân sự Việt Nam,Nhà Xuất Bản Chính Trị Quốc Gia Sự Thật,Nhà Xuất Bản Chính Trị Quốc Gia Sự Thật,,Bìa cứng,,2019-12-27,Bảo Châu Books,available,1000,True,True,True
36678165,Combo Đội gạo lên chùa + Hồ Quý Ly (tác giả Nguyễn Xuân Khánh),580000,580000,0,5.0,1,3,Nguyễn Xuân Khánh,-,,,Bìa cứng,,,Bamboo Books,available,1000,True,True,True
10371037,Lịch Sử Khai Phá Vùng Đất Nam Bộ,90000,90000,0,5.0,1,4,"Lê Văn Năm , Huỳnh Lứa, Lê Quang Minh, Đỗ Hữu Nghiêm",Nhà Xuất Bản Tổng Hợp TPHCM,Nhà Xuất Bản Tổng hợp TP.HCM,,Bìa mềm,362,2017-12-21,Bamboo Books,available,1000,True,True,True
2601231,Sách Sài Côn Cố Sự,60000,120000,50,4.8,64,501,Bằng Giang,DT Books,Nhà Xuất Bản Tổng hợp TP.HCM,,Bìa mềm,295,2018-08-15,PACE Books,available,1000,True,True,True
279180594,Diễn Ngôn Nhân Sĩ Đầu Thế Kỷ XX - Tiếng Gọi Đàn,103550,109000,5,0.0,0,0,Dương Bá Trạc,Nhà xuất bản Tổng hợp TP.HCM ,Nhà Xuất Bản Tổng hợp TP.HCM,,Bìa mềm,170,2026-02-13,Nhà sách NetaBooks,available,1000,True,True,True
278933509,HOÀNH SƠN MỘT DẢI – Tô Như – Tao Đàn ,177000,177000,0,0.0,0,0,Tô Như,Tao Đàn,Nhà Xuất Bản Hội Nhà Văn,,Bìa mềm,284,,SÁCH ĐẠI NAM,available,1000,True,True,True
278870837,(Bìa Mềm In Màu) 60 BÍ QUYẾT VẼ SƠN DẦU - Nguyễn Đình Đăng – Đông A – NXB Dân Trí,320000,320000,0,0.0,0,4,Nguyễn Đình Đăng,Đông A,Nhà Xuất Bản Dân Trí,,Bìa mềm,312,,BÌNH BÁN BOOK,available,1000,True,True,True
278742775,(Bìa cứng) TẤM LÒNG VỚI ĐẤT NƯỚC - Nguyễn Thị Bình - Omega Plus,369000,389000,5,0.0,0,1,Nguyễn Thị Bình,OMEGA PLUS+,Nhà Xuất Bản Chính Trị Quốc Gia Sự Thật,,Bìa cứng,624,,Alpha Books Official,available,1000,True,True,True
278642286,(Combo 2 cuốn Phạm Khắc Hòe) TỪ TRIỀU ĐÌNH HUẾ ĐẾN CHIẾN KHU VIỆT BẮC; KỂ CHUYỆN VUA QUAN NHÀ NGUYỄN – Phạm Khắc Hòe – NXB Hội Nhà Văn,455000,455000,0,0.0,0,1,Phạm Khắc Hòe,Hội Nhà Văn,Nhà Xuất Bản Hội Nhà Văn,,Bìa mềm,436,,BÌNH BÁN BOOK,available,1000,True,True,True
278638444,SÀI GÒN KINH ĐÔ SÔNG NƯỚC – Trần Hữu Phúc Tiến - NXB Trẻ,275000,275000,0,0.0,0,0,Trần Hữu Phúc Tiến,NXB Trẻ,NXB Trẻ,,Bìa mềm,344,,FishingBook,available,1000,True,True,True
278432175,"Sách - Biên Bản Chiến Tranh 1-2-3-4, 1975 - SBOOKS",184500,205000,10,0.0,0,1,,SBOOKS,Nhà Xuất Bản Chính Trị Quốc Gia Sự Thật,,,,,SBOOKS OFFICIAL,available,1000,True,True,True
278095562,(Bìa cứng) PETER ĐẠI ĐẾ - SỰ TRỖI DẬY CỦA ĐẾ QUỐC NGA - Robert K. Massie - Tôn Quang Toàn dịch - Bách Việt – NXB Dân Trí,360000,360000,0,0.0,0,3,Robert K. Massie,Bách Việt,Nhà Xuất Bản Dân Trí,,Bìa cứng áo ôm,812,,BÌNH BÁN BOOK,available,1000,True,True,True
278053489,"(Bìa cứng) ĂN CƠM MỚI, NÓI CHUYỆN CŨ - SÀI GÒN DƯỚI MẮT TÔI - KỂ TIẾP NHỮNG CÂU CHUYỆN VỀ SÀI GÒN – Vương Hồng Sển – NXB Trẻ",215000,215000,0,0.0,0,0,Vương Hồng Sển,NXB Trẻ,NXB Trẻ,,Bìa cứng,208,,NHBook,available,1000,True,True,True
278018088,Sách - Chư Phiên Chí,225400,245000,8,0.0,0,13,,PHANBOOK,Nhà Xuất Bản Đà Nẵng,,Bìa mềm,,2023-12-21,Nhà sách Fahasa,available,1000,True,True,True
277496959,Nhân Chứng Và Lịch Sử,147000,196000,25,5.0,1,15,Hồ Sơn Đài,VIETNAMBOOK,Nhà Xuất Bản Quân Đội Nhân Dân,,Bìa mềm tay gấp,356,2025-03-13,VIETNAMBOOK,available,1000,True,True,True
277374084,Các Giá Trị Truyền Thống Và Con Người Việt Nam Hiện Nay,252000,336000,25,0.0,0,5,"Phan Huy Lê,  Vũ Minh Giang",VIETNAMBOOK,Nhà Xuất Bản Tri Thức,,Bìa mềm,560,2025-02-18,VIETNAMBOOK,available,1000,True,True,True
277252334,Cao Vọng Của Bọn Thanh Niên An Nam -  Nguyễn An Ninh,85000,85000,0,0.0,0,1,,NXB Tổng Hợp TP. HCM,Nhà Xuất Bản Tổng hợp TP.HCM,,Bìa mềm,132,2025-02-03,Nhà sách NetaBooks,available,1000,True,True,True
277184357,Sách - Việt Nam Hồi Ức Từ Chiến Trường 1946-1954,177700,202000,12,0.0,0,0,,Fahasa,Nhà Xuất Bản Thông Tin Và Truyền Thông,,Bìa mềm,,2023-12-21,Nhà sách Fahasa,available,1000,True,True,True
276933977,Sách - Thờ cúng cổ truyền Việt Nam: Nghi lễ và thực hành nghi lễ (Nhã Nam HCM),132000,150000,12,0.0,0,1,Quách Trọng Trà,Nhã Nam,Nhà Xuất Bản Thế Giới,,Bìa mềm,288,2025-01-03,Nhã Nam HCM,available,1000,True,True,True
276911033,Sách - A Little History Of Music - Lược Sử Âm Nhạc,194300,209000,7,0.0,0,7,Robert Philip,Nhã Nam,Nhà Xuất Bản Thế Giới,,Bìa mềm,,2023-12-21,Nhà sách Fahasa,available,1000,True,True,True
276840549,Sách Bầu Trời - Trường Đại Học Của Tôi - TRE,127000,160000,21,5.0,4,38,Nguyễn Đức Soát,NXB Trẻ,NXB Trẻ,,Bìa mềm,326,,Tiki Trading,available,1000,False,True,True
276486781,Boxset Đất Việt Trời Nam Liệt Truyện (Hộp 3 Cuốn),370000,370000,0,0.0,0,0,,NXB Tổng Hợp,Nhà Xuất Bản Tổng hợp TP.HCM,,,,,Nhân Văn,available,1000,True,True,True
276139402,Sách - Làng làng phố phố Hà Nội (Nguyễn Ngọc Tiến) (Nhã Nam Official),180000,180000,0,0.0,0,0,Nguyễn Ngọc Tiến,Nhã Nam,Nhà Xuất Bản Hội Nhà Văn,,Bìa mềm,434,,Nhà Sách Vĩnh Thụy,available,1000,True,True,True
276034326,Sách - Búp Sen Xanh _ Kim Đồng,72000,72000,0,0.0,0,3,Sơn Tùng,Nhà Xuất Bản Kim Đồng,Nhà Xuất Bản Kim Đồng,,Bìa mềm,364,2020-08-12,VADATA BOOKS,available,1000,True,True,True
275705730,Trạng Nguyên Việt Nam,81200,116000,30,0.0,0,8,,VIETNAMBOOK,Nhà Xuất Bản Hà Nội,,Bìa mềm tay gấp,232,2024-07-22,VIETNAMBOOK,available,1000,True,True,True
275659365,Combo Lịch Sử Chữ Quốc Ngữ ( 1615 -1919 ) + 100 Câu Hỏi Về Lịch Sử Chữ Quốc Ngữ - Phạm Thị Kiều Ly,322000,403000,20,5.0,1,9,Phạm Thị Kiều Ly,Omega Plus,Nhà Xuất Bản Thế Giới,,Bìa mềm tay gấp,,,Alpha Books Official,available,1000,True,True,True
275015924,Sách Kí Hoạ Trong Chiến Hào - Nhật Kí Chiến Tranh Của Một Người Lính Trẻ Trong Chiến Dịch Điện Biên Phủ,158000,165000,4,0.0,0,37,"Phạm Thanh Tâm, Jessica Harrison-Hall, Sherry Buchanan",NXB Kim Đồng,Nhà Xuất Bản Kim Đồng,,Bìa mềm,216,2024-04-22,Tiki Trading,available,1000,False,True,True
274997592,Sách Hay Về Lịch Sử Việt Nam: Danh Nhân Quân Sự Việt Nam,112500,112500,0,0.0,0,1,,NXB Trẻ,NXB Trẻ,,,,,Phương Đông Books,available,1000,True,True,True
274810476,￼Sách - (Combo 3 tập) Lãng Du Trong Văn Hoá Việt Nam,351000,351000,0,0.0,0,1,Hữu Ngọc,Nhà sách Minh Thắng,Nhà Xuất Bản Kim Đồng,,Bìa mềm,1280,2019-03-11,HỆ THỐNG NHÀ SÁCH ABC,available,1000,True,True,True
274571568,Sapiens - Lược Sử Loài Người - Ấn Bản Bỏ Túi,127200,159000,20,0.0,0,8,Yuval Noah Harari,Alpha Books,Nhà Xuất Bản Tri Thức,,Bìa mềm,,2023-12-21,Nhà sách Fahasa,available,1000,True,True,True
272526414,(Bìa cứng – Tranh minh hoạ) TANG LỄ CỦA NGƯỜI AN NAM – Nghiên cứu dân tộc học về tín ngưỡng cổ truyền -  Gustave Dumoutier - Nhã Nam ,355000,355000,0,0.0,0,1,,Nhã Nam,Nhà Xuất Bản Thế Giới,,Bìa mềm,,,NHBook,available,1000,True,True,True
242101901,Sách - Lịch Sử Việt Nam Từ Nguồn Gốc Đến Giữa Thế Kỉ XX - Nhã nam,239000,239000,0,0.0,0,0,Lê Thành Khôi,Không có,Nhà Xuất Bản Thế Giới,,Bìa mềm,,,HỆ THỐNG NHÀ SÁCH ABC,available,1000,True,False,True
210137548,Sách Nhật ký phi công tiêm kích,133000,185000,28,5.0,9,68,Nguyễn Đức Soát,NXB Trẻ,NXB Trẻ,,Bìa mềm,440,2022-12-01,Tiki Trading,available,1000,False,True,True
208739253,Tủ Sách Đời Người: Gia Lễ Chỉ Nam - Bản Quyền,79000,99000,20,0.0,0,0,,Alphabooks,Nhà Xuất Bản Dân Trí,,,,,Alpha Books Official,available,1000,True,True,True
197687440,Tư Trị Thông Giám - Tập 1 (Tái Bản 2022),201700,269000,25,0.0,0,1,Tư Mã Quang,CÔNG TY TNHH SÁCH & TRUYỀN THÔNG VIỆT NAM,Nhà Xuất Bản Văn Học,,,,,Nhà sách Fahasa,available,1000,True,True,True
194134598,(Được dịch theo bản Nội các quan bản năm Chính Hòa thứ 18 năm 1697) [Trọn bộ 2 tập trong boxset] ĐẠI VIỆT SỬ KÝ TOÀN THƯ – Đông A,2499000,2499000,0,0.0,0,0,,Công Ty Cổ Phần Văn Hóa Đông A,Nhà Xuất Bản Văn Học,,Bìa cứng,1768,,SÁCH ĐẠI NAM,available,1000,True,True,True
188057291,Sách Sử Ta - Chuyện Xưa Kể Lại – 3 (Tái Bản 2022),69000,70000,1,0.0,0,3,Nhiều tác giả,NXB Kim Đồng,Nhà Xuất Bản Kim Đồng,,Bìa mềm,300,2022-06-06,Tiki Trading,available,1000,False,True,True
180609861,Đỉnh Cao Đế Quốc - Đà Lạt Và Sự Hưng Vong Của Đông Dương Thuộc,353900,389000,9,5.0,2,15,,PHANBOOK,Nhà Xuất Bản Đà Nẵng,,,,,Nhà sách Fahasa,available,1000,True,True,True
169127442,Boxset Nam Kỳ Và Cư Dân ,569000,569000,0,0.0,0,0,J.C.Baurac,Alphabooks,Nhà Xuất Bản Tổng hợp TP.HCM,,Bìa cứng,1092,2022-03-11,Sách Thành Vinh,available,1000,True,True,True
93924830,Mật Bổn - Những Bí Ẩn Lịch Sử Việt Nam Cổ Trung Đại,185000,185000,0,5.0,2,6,Trần Hoàng Vũ,NXB Tổng hợp TP.HCM,Nhà Xuất Bản Tổng hợp TP.HCM,,Bìa mềm,462,2021-03-31,Nhà Sách Vĩnh Thụy,available,1000,True,True,True
72331746,Combo lịch sử Việt Nam: VIỆT NAM THỜI DỰNG NƯỚC + MỘT CHIẾN DỊCH Ở BẮC KỲ,611000,611000,0,0.0,0,0,,Nhã Nam,Nhà Xuất Bản Hà Nội,,,,,AHABOOKS,available,1000,True,True,True
67271223,Chính Sách Ngụ Binh Ư Nông Các Thời Lý-Trần-Lê Sơ (Thế Kỷ XI - Thế Kỷ XV),89000,119000,25,4.7,10,41,Nguyễn Anh Dũng,Công ty TNHH Quốc Tế Mai Hà,Nhà Xuất Bản Khoa Học Xã Hội,,Bìa mềm,210,2020-07-15,MaiHaBooks,available,1000,True,True,True
58497927,Sách Việt Nam Sử Lược (Bìa Cứng) - Tái bản 2020,380000,380000,0,0.0,0,6,Trần Trọng Kim,Nhã Nam,Nhà Xuất Bản Hội Nhà Văn,,Bìa cứng,534,2020-07-01,HaAnBooks,available,1000,True,True,True
20013862,Sách Lịch Sử Các Chế Độ Báo Chí Ở Việt Nam (Tập 2),183300,195000,6,4.7,7,11,"Phan Đăng Thanh, Trương Thị Hòa",NXB Tổng Hợp,,,Bìa mềm,556,2019-06-01,Nhà sách Fahasa,available,1000,True,True,True
279073186,Vua Tây Chúa Nguyễn (Tiểu thuyết lịch sử),67450,71000,5,0.0,0,2,Ngô Tất Tố,THBooks,Nhà Xuất Bản Văn Học,,Bìa mềm,239,2026-01-01,THBooks,available,1000,True,True,True
278863268,Tấm Lòng Với Đất Nước (Bìa Cứng),389000,389000,0,0.0,0,0,Nguyễn Thị Bình,Omega Plus,Nhà Xuất Bản Chính Trị Quốc Gia Sự Thật,,Bìa cứng,624,2025-11-12,Nhà sách NetaBooks,available,1000,True,True,True
278676838,Nội các Trần Trọng Kim,186000,186000,0,0.0,0,0,Phạm Hồng Tung,Omega Plus,Nhà Xuất Bản Chính Trị Quốc Gia Sự Thật,,Bìa mềm,269,2025-09-21,Nhà sách NetaBooks,available,1000,True,True,True
278530651,Bộ Sách Gia Đình Tướng Thanh – Tướng Vịnh: Hành Trình Vì Hòa Bình + Những Câu Chuyện Về Đại Tướng Nguyễn Chí Thanh + Những Cánh Thư Ra Bắc Vào Nam + Nguyễn Chí Thanh – Những Góc Nhìn Từ Hậu Thế - Alpha Books,116000,145000,20,0.0,0,0,Nhiều,Omega Plus,Nhiều Nhà Xuất Bản,,,,,Alpha Books Official,available,1000,True,True,True
278360788,Lược Sử Nước Việt Bằng Tranh (Song ngữ Việt-Nhật),156800,196000,20,0.0,0,0,Hiếu Minh,NXB Kim Đồng,Nhà Xuất Bản Kim Đồng,,Bìa cứng,96,,Nhà Sách Phương Nam,available,1000,True,True,True
278229732,Việt Nam Sử Lược - Quyển 2,190000,190000,0,0.0,0,4,Trần Trọng Kim,Nhà Xuất Bản Thanh Niên,Nhà Xuất Bản Thanh Niên,,Bìa mềm,296,2024-07-25,VIETNAMBOOK,available,1000,True,True,True
278074608,Sách Lịch Sử Việt Nam Bằng Tranh Tập 28: Hồ Quý Ly Vị Vua Nhiều Cải Cách,23000,30000,23,5.0,12,326,Trần Bạch Đằng,NXB Trẻ,NXB Trẻ,,Bìa mềm,76,2010-06-26,Tiki Trading,available,1000,False,True,True
277978028,Sách - Thể Chế Công Ở Việt Nam Thế Kỷ XVIII - Bìa Cứng,243400,259000,6,0.0,0,1,Đặng Phương Nghi,NXB Tổng Hợp TPHCM,Nhà Xuất Bản Tổng hợp TP.HCM,,Bìa mềm,,2023-12-21,Nhà sách Fahasa,available,1000,True,True,True
277975890,MỘT THÁNG Ở NAM KỲ - Phạm Quỳnh - Omega,79000,99000,20,0.0,0,1,,Công ty Cổ phần Sách Omega Việt Nam,Nhà Xuất Bản Thế Giới,,Bìa mềm,,,Alpha Books Official,available,1000,True,True,True
277915366,(Combo 2 tập) ĐẤT NƯỚC NGÀN NĂM – Nhiều tác giả – NXB Kim Đồng,144000,144000,0,0.0,0,0,nhieu tac gia,Nhà Xuất Bản Kim Đồng,Nhà Xuất Bản Kim Đồng,,Bìa mềm,250,,BÌNH BÁN BOOK,available,1000,True,True,True
277866660,Sách - Giáo Trình Lịch Sử Kiến Trúc Thế Giới (Tập 1),167000,167000,0,0.0,0,1,,NHÀ XUẤT BẢN XÂY DỰNG,Nhà Xuất Bản Xây Dựng,,,,,Bảo Châu Books,available,1000,True,True,True
277613417,"Sách -  Cuộc Đời, Sự Nghiệp Của Tổng Đốc Hoàng Diệu Và Công Cuộc Giữ Thành Hà Nội - STT",350000,350000,0,5.0,1,4,,Công Ty TNHH Sách Và Truyền Thông Việt Nam,Nhà Xuất Bản Đại Học Quốc Gia Hà Nội,,Bìa cứng,375,,Bảo Châu Books,available,1000,True,True,True
277215029,Sách - Phật Giáo - Trần Trọng Kim - NXB Tổng Hợp,110000,110000,0,0.0,0,1,,Nhà xuất bản Tổng hợp TP.HCM ,Nhà Xuất Bản Tổng hợp TP.HCM,,,,,Bamboo Books,available,1000,True,True,True
277173766,Du Khảo - Rực Rỡ Sắc Màu Trang Phục Phụ Nữ Các Dân Tộc Việt Nam (Nguyễn Bông Mai) - Omega Plus,352000,392000,10,0.0,0,2,,Omega Plus,Nhà Xuất Bản Chính Trị Quốc Gia Sự Thật,,Bìa mềm,352,2025-01-23,Alpha Books Official,available,1000,True,True,True
277034133,Góp Nhặt Tìm Hiểu Lịch Sử Việt,220000,220000,0,0.0,0,2,,Nhà xuất bản Tổng hợp TP.HCM ,Nhà Xuất Bản Tổng hợp TP.HCM,,Bìa mềm,398,2025-01-17,Nhà sách NetaBooks,available,1000,True,True,True
277017457,Đường về Phương Nam - Nghiên cứu mới về đờn ca tài tử và cải lương (NXB),85000,85000,0,0.0,0,0,,Nhà xuất bản Tổng hợp TP.HCM ,Nhà Xuất Bản Tổng hợp TP.HCM,,Bìa mềm tay gấp,,2025-01-14,Nhà Sách Vĩnh Thụy,available,1000,True,True,True
276414715,Đời Sợi - Dệt Hình Hài Thế Giới,191100,210000,9,0.0,0,1,Kassia St Clair,Huy Hoàng Bookstore,nxb thanh nien,,Bìa mềm,,2023-12-21,Nhà sách Fahasa,available,1000,True,True,True
276395285,Hội Nghị Genève Về Đông Dương Năm 1954 - Góc Nhìn Của Người Trong Cuộc ,75000,75000,0,0.0,0,0,Nguyễn Minh Tiến,Nhà Xuất Bản Chính Trị Quốc Gia Sự Thật,Nhà Xuất Bản Chính Trị Quốc Gia Sự Thật,,Bìa mềm,156,2024-10-17,Bamboo Books,available,1000,True,True,True
276248015,Chuyện Trịnh Sâm Và Thời Lê Mạt,54100,57000,5,5.0,1,4,Phan Trần Chúc,NXB Chính Trị Quốc Gia,Nhà Xuất Bản Chính Trị Quốc Gia Sự Thật,,Bìa mềm,,2023-12-21,Nhà sách Fahasa,available,1000,True,True,True
275878764,Sách Cờ Lau Dựng Nước (Ngàn Năm Sử Việt - Nhà Đinh),38800,40000,3,0.0,0,10,Ngô Văn Phú,NXB Kim Đồng,Nhà Xuất Bản Kim Đồng,,Bìa mềm,140,,Tiki Trading,available,1000,False,True,True
275705746,Cuộc Đối Đầu Lịch Sử Trong Ba Cuộc Kháng Chiến Giữ Nước Của Dân Tộc Việt Nam,93000,93000,0,0.0,0,0,Trần Ngọc Bình,VIETNAMBOOK,Nhà Xuất Bản Hà Nội,,Bìa mềm tay gấp,168,2024-07-22,Bamboo Books,available,1000,True,True,True
274759336,Điện Biên P.hủ - Lịch sử và ký ức (bản in 2024),193000,193000,0,0.0,0,0,,Nhà Xuất Bản Chính Trị Quốc Gia Sự Thật,Nhà Xuất Bản Chính Trị Quốc Gia Sự Thật,,,,,Nhà Sách Lao Động,available,1000,True,True,True
274069587,HOẠT ĐỘNG CUNG TIẾN VÀ LỆ BẦU HẬU - Nguyễn Văn Nguyên,255000,255000,0,0.0,0,0,,Nhà xuất bản Tổng hợp TP.HCM ,Nhà Xuất Bản Tổng hợp TP.HCM,,Bìa mềm tay gấp,384,,LITTLE BOOKS,available,1000,True,True,True
271408188,Văn kiện Trung ương Cục miền Nam giai đoạn 1946 - 1975 tập 8 (1961-1962),207000,207000,0,0.0,0,1,,Nhà Xuất Bản Chính Trị Quốc Gia Sự Thật,Nhà Xuất Bản Chính Trị Quốc Gia Sự Thật,,,,,SÁCH ĐẠI NAM,available,1000,True,True,True
271221558,Điếu Cổ Hạ Kim Thi Tập,150000,150000,0,0.0,0,0,Nguyễn Liên Phong,Công ty TNHH TM & DV Văn Hóa Hương Trang,Nhà Xuất Bản Văn Hóa - Văn Nghệ,,Bìa cứng,,2017-08-01,Bamboo Books,available,1000,True,True,True
270956904,Kim Đồng - Lý Tự Trọng,50000,50000,0,0.0,0,0,,Nhà Xuất Bản Kim Đồng,Nhà Xuất Bản Kim Đồng,,,,,Bamboo Books,available,1000,True,True,True
263795295,Biên niên sự kiện Lịch sử Nam bộ kháng chiến,290000,290000,0,0.0,0,2,,Nhà Xuất Bản Chính Trị Quốc Gia Sự Thật,Nhà Xuất Bản Chính Trị Quốc Gia Sự Thật,,,,,ST Book,available,1000,True,True,True
263078922,Lịch sử Việt Nam bằng tranh - bản màu (Hộp 16 cuốn),1050000,1050000,0,0.0,0,0,,Bloomsbury Childrens - NXB Trẻ,NXB Trẻ,,,,,HỆ THỐNG NHÀ SÁCH ABC,available,1000,True,True,True
251262853,(Tranh minh hoạ) VƯƠNG QUỐC AN NAM VÀ DÂN AN NAM – Ký sự du hành của J. L. Dutreuil de Rhins – Tác giả J. L. Dutreuil de Rhins – Phan Tín Dụng dịch - Lyceum – Nxb Đà Nẵng ,171000,171000,0,0.0,0,2,,Công ty TNHH Truyền Thông và Giáo Dục Lyceum,Nhà Xuất Bản Đà Nẵng,,Bìa mềm,,,BÌNH BÁN BOOK,available,1000,True,True,True
250251154,Giáo Dục Phổ Thông Miền Nam (1954 - 1975) - Ngô Minh Oanh (Chủ biên) - (bìa mềm),115000,115000,0,0.0,0,0,PGS.TS Ngô Minh Oanh,Nhà xuất bản Tổng hợp TP.HCM ,Nhà Xuất Bản Tổng hợp TP.HCM,,Bìa mềm,379,2018-01-01,Bamboo Books,available,1000,True,True,True
225267141,Tủ Sách Kể Chuyện Lịch Sử Trung Quốc: Kể Chuyện Lưỡng Tấn Nam Bắc Triều _HA,113400,180000,37,0.0,0,0,,Nhà Sách Hồng Ân,Nhà Xuất Bản Dân Trí,,Bìa mềm,568,,Bảo Châu Books,available,1000,True,True,True
196488130,Cách Chúng Tôi Làm: Chương Trình Bí Mật Xâm Nhập Miền Bắc Việt Nam 1961 - 1964,66000,66000,0,0.0,0,0,JR,NXB Chính Trị Quốc Gia,Nhà Xuất Bản Chính Trị Quốc Gia Sự Thật,,,,,Bamboo Books,available,1000,True,True,True
185005773,Lịch Sử Israel - Câu Chuyện Về Sự Hồi Sinh Của Một Dân Tộc,330600,389000,15,0.0,0,6,Daniel Gordis,Nhà Xuất Bản Thế Giới,Nhà Xuất Bản Thế Giới,,,,,Nhà sách Fahasa,available,1000,True,True,True
177286617,Làng Xứ Quảng,90000,90000,0,0.0,0,1,,Nhà Xuất Bản Đại Học Quốc Gia Hà Nội,Nhà Xuất Bản Đại Học Quốc Gia Hà Nội,,,,,Bamboo Books,available,1000,True,True,True
176573768,ĐỈNH CAO ĐẾ QUỐC – Đà Lạt và sự Hưng vong của Đông Dương thuộc Pháp – Eric T. Jennings – Phanbook,389000,389000,0,0.0,0,0,,CÔNG TY TNHH PHAN LỆ & FRIENDS,Nhà Xuất Bản Đà Nẵng,,,,,Bamboo Books,available,1000,True,True,True
173481990,"LÊ TRIỀU CHIẾU LỆNH THIỆN CHÍNH - BÌA CỨNG - ẤN PHẨM THUỘC BỘ SÁCH ""THƯ TỊCH CỔ THỜI LÊ TRUNG HƯNG"" -",335000,335000,0,5.0,1,2,,Công ty TNHH Quốc Tế Mai Hà,Nhà Xuất Bản Khoa Học Xã Hội,,,,,BÌNH BÁN BOOK,available,1000,True,True,True
147564633,Quân Dân Nam Kỳ Kháng Pháp Trên Mặt Trận Quân Sự Và Văn Chương (1859-1885) - Tái Bản,90000,99000,9,5.0,1,9,Nguyễn Duy Oanh,NXB Tổng Hợp TPHCM,Nhà Xuất Bản Tổng hợp TP.HCM,,,,,Nhà sách Fahasa,available,1000,True,True,True
127033005,Sách-Lịch Sử Nước Ta,80000,80000,0,4.0,1,3,,NXB Trẻ,NXB Trẻ,,,,,HỆ THỐNG NHÀ SÁCH ABC,available,1000,True,True,True
113528322,Sách - Việt Nam Sử Lược (bản đặc biệt),250000,250000,0,0.0,0,0,Trần Trọng Kim,NXB Kim Đồng,Nhà Xuất Bản Kim Đồng,,Bìa cứng,620,,Bamboo Books,available,1000,True,True,True
852932,Sách Hồ Dương II,181000,213000,15,4.7,3,15,Trường An,NXB Phụ Nữ Việt Nam,,,Bìa mềm,176,2017-08-02,Nhà sách Fahasa,available,1000,True,True,True
279185806,Sách - Cố hương muôn nghìn cảnh cũ đồ xưa – Nguyễn Quốc Vương,250000,250000,0,0.0,0,0,Nguyễn Quốc Vương,Công ty TNHH Truyền Thông và Giáo Dục Lyceum,Nhà Xuất Bản Đồng Nai,,,,,Book Hunter,available,1000,True,True,True
279122076,(Bìa cứng) VIỆT NAM – Nhìn Từ Biển (Viet Nam As Viewed From the Sea) - Nguyễn Thái Bình – NXB CTQG Sự Thật,456000,456000,0,0.0,0,1,nhieu tac gia,Nhà Xuất Bản Chính Trị Quốc Gia Sự Thật,Nhà Xuất Bản Chính Trị Quốc Gia Sự Thật,,Bìa cứng,412,,BÌNH BÁN BOOK,available,1000,True,True,True
278785572,Gia Tộc Huyện Sĩ - Dấu Ấn Còn Ghi,125000,125000,0,0.0,0,20,Nguyễn Thị Thanh Thủy,NXB Phụ Nữ Việt Nam,Nhà Xuất Bản Phụ Nữ Việt Nam,,Bìa mềm,180,2025-10-20,Nhà sách NetaBooks,available,1000,True,True,True
278505392,"COMBO 3 CUỐN HỒ CHÍ MINH: Hành Trình Đến Thắng Lợi, Hành Trình 79 Mùa Xuân, Vang Vọng Hào Khí Tháng Tám - Mùa Thu Độc Lập - Đỗ Hoàng Linh – Huy Hoàng Bookstore",640000,640000,0,0.0,0,0,Đỗ Hoàng Linh,Huy Hoàng Bookstore,Nhà Xuất Bản Văn Học,,Bìa mềm,932,,Minhhabooks,available,1000,True,True,True
278478360,Lịch Sử Việt Nam Bằng Tranh Màu - Chiến Thắng Quân Mông Lần 1,65000,65000,0,0.0,0,0,nhieu tac gia,NXB Trẻ,NXB Trẻ,,Bìa mềm,88,2025-08-09,Nhà sách NetaBooks,available,1000,True,True,True
278424924,Lược Khảo Về Khoa Cử Việt Nam,95000,95000,0,0.0,0,1,,NXB Tổng Hợp Hồ Chí Minh,Nhà Xuất Bản Tổng hợp TP.HCM,,Bìa mềm,124,2025-07-25,Nhà sách NetaBooks,available,1000,True,True,True
278379203,Tuyển tập khảo cứu về văn hóa Việt Nam (Qua tạp chí Dân Việt Nam) ,285000,285000,0,0.0,0,1,Viện Viễn Đông Bác Cổ Pháp (EFEO),Đông Tây,Nhà Xuất Bản Thuận Hóa,,Bìa mềm,470,2024-07-31,Đông Tây,available,1000,True,True,True
278055109,Combo/Lẻ Bông Sen Vàng - Thời Niên Thiếu Của Chủ Tịch Hồ Chí Minh Dưới Ngòi Bút Nhà Văn Sơn Tùng + Hồ Chí Minh - Những Tác Phẩm Chính Luận Tiêu Biểu +  Hồ Chí Minh Qua Hồi Ức Của Những Cựu Tù Chính Trị Côn Đảo,112000,118000,5,0.0,0,0,,Omega Plus,Nhà Xuất Bản Chính Trị Quốc Gia Sự Thật,,Bìa mềm,,,Sống Official,available,1000,True,True,True
277873272,"(In màu) 108 PHI CÔNG CHIẾN ĐẤU VIỆT NAM - Từ Phương Thảo, Ngô Nhật Hoàng - NXB Thế Giới",1080000,1080000,0,5.0,1,9,,Nhà Xuất Bản Thế Giới,Nhà Xuất Bản Thế Giới,,Bìa mềm,286,,BÌNH BÁN BOOK,available,1000,True,True,True
277815092,Sách Thể chế công ở Việt Nam Thế kỷ XVIII (Bìa mềm),161000,199000,19,5.0,1,36,Đặng Phương Nghi,NXB Tổng Hợp TP. HCM,Nhà Xuất Bản Tổng hợp TP.HCM,,Bìa mềm,226,2025-04-01,Tiki Trading,available,1000,False,True,True
277378921,BỘ 2 TẬP VIỆT NAM PHONG TỤC TOÀN BIÊN - Vũ Ngọc Khánh - Vietnambook,273750,365000,25,0.0,0,3,,VIETNAMBOOK,Nhà Xuất Bản Tri Thức,,Bìa mềm,,,VIETNAMBOOK,available,1000,True,True,True
277353338,Sách - Truyện Kiều - Khang Việt Book,30000,30000,0,0.0,0,0,,Khang Việt Book,Nhà Xuất Bản Đại Học Quốc Gia Hà Nội,,,,,Bamboo Books,available,1000,True,True,True
277029377,Sách - Việt Nam văn hóa sử cương (Nhã Nam HCM),139040,158000,12,0.0,0,7,nhieu tac gia,Nhã Nam,Nhà Xuất Bản Thế Giới,,Bìa mềm,312,2023-01-01,Nhã Nam HCM,available,1000,True,True,True
276862601,"Hàm Nghi - Hoàng Đế Lưu Vong, Nghệ Sĩ Ở Alger (Bìa Cứng)",1160000,1160000,0,0.0,0,5,nhieu tac gia,Cty Cửu Đức,Nhà Xuất Bản Khoa Học Xã Hội,,Bìa cứng,576,,BOOKCITY.VN,available,1000,True,True,True
276841220,Sách - Tam Quốc Diễn Nghĩa - Quyển 3 - Hồng Ân,110250,175000,37,0.0,0,0,,Nhà Sách Hồng Ân,Nhà Xuất Bản Đại Học Quốc Gia Hà Nội,,,,,Bảo Châu Books,available,1000,True,True,True
276838356,"Sách – Phật Giáo Với Dân Tộc – Thượng toạ, TS. Thích Đức Thiện, Th.S Nguyễn Thái Bình – NXB CTQG",168000,168000,0,0.0,0,0,nhieu tac gia,NXB Chính Trị Quốc Gia Sự Thật,Nhà Xuất Bản Chính Trị Quốc Gia Sự Thật,,Bìa mềm,480,,Bảo Châu Books,available,1000,True,True,True
276834666,Sách - A History of Vietnam in Pictures - The Collapse Of Lê Sơ - Bìa Cứng - NXB Trẻ,185000,185000,0,0.0,0,0,,NXB Trẻ,NXB Trẻ,,,,,Bamboo Books,available,1000,True,True,True
276688155,Đất Sài Gòn Và Sinh Hoạt Của Người Sài Gòn Xưa (bìa cứng tái bản 2024 có bổ sung),314100,314100,0,0.0,0,3,Lê Nguyễn,DT Books,Nhà Xuất Bản Hồng Đức - Hội Luật Gia Việt Nam,,Bìa cứng,315,2024-12-04,DTBOOKS,available,1000,True,True,True
275974254,"Chủ Tịch Hồ Chí Minh Với Cuộc Hành Trình Của Thời Đại - Bác Hồ, Một Cuộc Đời Vì Nhân Dân",109500,146000,25,0.0,0,4,Vũ Kim Yến,VIETNAMBOOK,Nhà Xuất Bản Hà Nội,,Bìa mềm tay gấp,292,2024-08-22,VIETNAMBOOK,available,1000,True,True,True
275377027,"Lịch sử Việt Nam bằng tranh: Mai đế - Phùng vương (Bản màu, bìa cứng)",140000,140000,0,0.0,0,0,,NXB Trẻ,NXB Trẻ,,,,,info book,available,1000,True,True,True
274843725,Sách Điện Biên Phủ - Thời gian và không gian,70000,70000,0,0.0,0,0,Hữu Mai,NXB Trẻ,NXB Trẻ,,Bìa mềm,156,2024-04-23,FishingBook,available,1000,True,True,True
274709263,Sách - Phác qua tình hình ruộng đất và đời sống nông dân trước cách mạng tháng 8 (bìa mềm),130000,130000,0,0.0,0,0,,Nhà Sách Hồng Ân,Nhà Xuất Bản Đại Học Sư Phạm,,Bìa mềm,150,,Khanhlinhbook,available,1000,True,True,True
274372025,Từ Beirut Đến Jerusalem - Bìa Cứng (Tái Bản 2024),340200,378000,10,0.0,0,0,Thomas Friedman,Alpha Books,Nhà Xuất Bản Thế Giới,,,,,Nhà sách Fahasa,available,1000,True,True,True
273868413,Chủ Nghĩa Thực Dân Pháp ở Việt Nam Thực Chất Và Huyền Thoại,127500,150000,15,5.0,1,4,Nguyễn Văn Trung,Nhà xuất bản Tổng hợp TP.HCM ,Nhà Xuất Bản Tổng hợp TP.HCM,,,,,NXB TỔNG HỢP,available,1000,True,True,True
273451580,Combo Sự Phát Triển Của Tư Tưởng Ở Việt Nam Từ Thế Kỷ XIX Đến Cách Mạng Tháng Tám: Tập 1 + 2 + 3 (Bộ 3 Tập),499000,499000,0,0.0,0,3,,Nhà xuất bản Tổng hợp TP.HCM ,Nhà Xuất Bản Tổng hợp TP.HCM,,,,,LITTLE BOOKS,available,1000,True,True,True
272554871,Ký Hiệu Và Liên Ký Hiệu,110500,130000,15,5.0,1,4,Lê Huy Bắc,Nhà xuất bản Tổng hợp TP.HCM ,Nhà Xuất Bản Tổng hợp TP.HCM,,,,,NXB TỔNG HỢP,available,1000,True,True,True
253313366,Ứng Vận Thần Vũ - Lê Đại Hành Hoàng Đế Phá Tống (Bộ 2 Tập),142000,142000,0,5.0,1,6,Vũ Ngọc Đĩnh,Văn Lang,Nhà Xuất Bản Văn Hoá Thông Tin,,Bìa cứng,746,,BOOKCITY.VN,available,1000,True,True,True
215641241,VĂN MINH VẬT CHẤT CỦA NGƯỜI VIỆT - Phan Cẩm Thượng – Zenbooks - Nxb Thế giới,313000,330000,5,0.0,0,0,,Zenbooks,Nhà Xuất Bản Thế Giới,,,,,Sống Official,available,1000,True,True,True
207852937,Sách LÝ THƯỜNG KIỆT - BÃO TÁP TRÊN CHIẾN LŨY,21000,30000,30,0.0,0,1,Đỗ Biên Thùy,NXB Trẻ,NXB Trẻ,,Bìa mềm,24,2022-11-01,Tiki Trading,available,1000,False,True,True
205295028,CHẤT NGỌC VÕ VĂN KIÊT - Nguyễn Chiến Thắng – Nxb Trẻ - bìa mềm,165000,165000,0,0.0,0,0,,NXB Trẻ,NXB Trẻ,,,,,FishingBook,available,1000,True,True,True
203000865,Sách Lịch Sử Việt Nam: Tiếng Vọng Đèo Khau Chỉa,179000,179000,0,0.0,0,0,,Nhã Nam ,Nhà Xuất Bản Phụ Nữ,,,,,info book,available,1000,True,True,True
199031976,VIỆT NAM VÀ HÌNH MẪU TRUNG HOA - Nghiên cứu so sánh về chính quyền dân sự nhà Nguyên và nhà Thanh nửa đầu thế kỷ XIX – Alexander Barton Woodside – Nhã Nam – NXB Thế Giới (Bìa mềm) ,269000,269000,0,0.0,0,0,Alexander Barton Woodside,Nhã Nam,Nhà Xuất Bản Thế Giới,,Bìa mềm,482,,Nhà Sách Vĩnh Thụy,available,1000,True,True,True
198825152,THĂNG LONG - KẺ CHỢ THỜI MẠC - LÊ TRUNG HƯNG – ẤN BẢN BÌA CỨNG – Nguyễn Thừa Hỷ – NXB Hà Nội ,490000,490000,0,5.0,2,8,Nguyễn Thừa Hỷ,NXB Hà Nội,Nhà Xuất Bản Hà Nội,,Bìa cứng,488,,BÌNH BÁN BOOK,available,1000,True,True,True
178000366,"Hệ Thống Cơ Quan Giám S Triều Nguyễn (1802-1885) Từ Thiết Chế, Định Chế Đến Thực Tiễn",165000,165000,0,0.0,0,3,,Nhà Xuất Bản Khoa Học Xã Hội,Nhà Xuất Bản Khoa Học Xã Hội,,Bìa mềm,256,,VIETNAMBOOK,available,1000,True,True,True
154700146,Lịch Sử Việt Nam Bằng Tranh: Nguyễn Trãi (Bản Màu),140000,140000,0,0.0,0,0,nhieu tac gia,NXB Trẻ,NXB Trẻ,,Bìa mềm,80,,Bamboo Books,available,1000,True,True,True
73980290,Nam Phương - Hoàng Hậu Cuối Cùng (Tái Bản Lần 3),100000,100000,0,0.0,0,0,Lý Nhân Phan Thứ Lang,Saigon Books,Nhà Xuất Bản Thế Giới,,Bìa mềm,200,2020-12-10,HỆ THỐNG NHÀ SÁCH ABC,available,1000,True,True,True
49377362,Việt Nam Sử Lược (Tái Bản),140500,140500,0,4.3,4,9,Trần Trọng Kim,Nhà sách Minh Thắng,Nhà Xuất Bản Văn Học,,,,,AHABOOKS,available,1000,True,True,True
11659936,Hồ Dương (Trọn Bộ 2 Tập),420000,420000,0,5.0,1,7,Trường An,NXB Phụ Nữ,Nhà Xuất Bản Phụ Nữ,,Bìa mềm,,2019-02-25,SÁCH ĐẠI NAM,available,1000,True,True,True
8149202,Thánh Chân Công Chúa Lê Chân,54600,78000,30,4.5,4,70,"Giang Hà Vị, Vi Linh",Công Ty Cổ Phần Tri thức Văn Hóa Sách Việt Nam,,,Bìa mềm,223,1900-01-13,VIETNAMBOOK,available,1000,True,True,True
1816783,"Sách Chuyên Khảo Về Tỉnh Cần Thơ - Địa Lý Học: Tự Nhiên, Kinh Tế Và Lịch Sử Nam Kỳ (Tập X - 1904)",24500,25000,2,5.0,4,29,Hội Nghiên cứu Đông Dương,NXB Trẻ,,,Bìa mềm,56,2018-01-01,Nhà sách Fahasa,available,1000,True,True,True
279287578,VIỆT SỬ KHẢO LƯỢC - Tôn Thất Dương Kỵ - NXB Trẻ ,78850,95000,17,0.0,0,0,Tôn Thất Dương Kỵ,NXB Trẻ,NXB Trẻ,,Bìa mềm,224,,Nhà Xuất Bản Trẻ,available,1000,True,True,True
279258667,Sách Chiêu Thánh Chiêu Thánh - Inako - Bản thường,165000,165000,0,0.0,0,0,Inako,HaNoi Books,Nhà Xuất Bản Phụ Nữ Việt Nam,,,,,Minhhabooks,available,1000,True,True,True
278796538,Thần Long Thủy Kích - Lịch Sử Thuyền Chiến Việt Nam,235000,235000,0,0.0,0,1,"Đông Nguyên, Kaovjets Ngujens",Gieobooks,Nhà Xuất Bản Kim Đồng,,Bìa mềm,212,2025-10-23,Tazano Official Store,available,1000,True,True,True
278531035,Sách - Viết Tiếp Câu Chuyện Hòa Bình - Nguyễn Văn Chung,220000,250000,12,0.0,0,0,Nguyễn Văn Chung,NXB Đại Học Sư Phạm,Nhà Xuất Bản Đại Học Sư Phạm,,Bìa mềm,152,2025-08-21,Đảo Sách Store,available,1000,True,True,True
278519058,(Bìa cứng) TẤM LÒNG VỚI ĐẤT NƯỚC - Nguyễn Thị Bình – NXB CTQGST,396000,396000,0,5.0,1,7,Nguyễn Thị Bình,Nhà Xuất Bản Chính Trị Quốc Gia Sự Thật,Nhà Xuất Bản Chính Trị Quốc Gia Sự Thật,,Bìa cứng,624,,BÌNH BÁN BOOK,available,1000,True,True,True
278275157,Lịch Sử Việt Nam Bằng Tranh: Nhà Lý Suy Vong (Bản Màu),66500,70000,5,0.0,0,0,"Trần Bạch Đằng, Lê Văn Năm, Nguyễn Quang Vinh, Nguyễn Thùy Linh",NXB Trẻ,NXB Trẻ,,Bìa mềm,96,2025-07-15,Cá Chép Bookstore,available,1000,True,True,True
277977362,Sách - Thể Chế Công Ở Việt Nam Thế Kỷ XVIII,187000,199000,6,0.0,0,0,Đặng Phương Nghi,NXB Tổng Hợp TPHCM,Nhà Xuất Bản Tổng hợp TP.HCM,,Bìa mềm,,2023-12-21,Nhà sách Fahasa,available,1000,True,True,True
277351209,Bộ sách Những biểu tượng đặc trưng trong văn hóa truyền thống Việt Nam (4 tập) – Đinh Hồng Hải,648000,648000,0,0.0,0,3,Đinh Hồng Hải,Công ty TNHH Truyền Thông và Giáo Dục Lyceum,Nhà Xuất Bản Văn Học,,,,,SÁCH ĐẠI NAM,available,1000,True,True,True
277269613,TRUYỀN THỐNG VIỆT NAM QUA THỬ THÁCH 1920 – 1945 - David G. Marr – Thiếu Khanh dịch -  Nhã Nam ,469000,469000,0,0.0,0,0,,Nhã Nam,Nhà Xuất Bản Thế Giới,,Bìa mềm,,,Bảo Châu Books,available,1000,True,True,True
276798113,LẦN THEO DẤU CHỮ - Thời Kỳ Đầu In Ấn Sách Báo Chữ Latinh Ở Việt Nam (1862-1920) – Trịnh Hùng Cường – Nhã Nam – NXB Thông Tấn,207000,207000,0,0.0,0,0,Trịnh Hùng Cường,Nhã Nam,Nhà Xuất Bản Thông Tấn,,Bìa mềm,440,,BÌNH BÁN BOOK,available,1000,True,True,True
276641004,Chuyện Triều Tây Sơn - bản in 2024,60000,60000,0,0.0,0,0,Phan Trần Chúc,Nhà Xuất Bản Chính Trị Quốc Gia Sự Thật,Nhà Xuất Bản Chính Trị Quốc Gia Sự Thật,,Bìa mềm tay gấp,140,,Nhà sách Sự thật tại Huế,available,1000,True,True,True
276526870,"Lịch sử Quân sự Việt Nam, tập 2 - Đấu tranh dành độc lập, tự chủ (từ năm 179 trước Công nguyên đến năm 938) - bản in 2024",174000,174000,0,0.0,0,1,Viện Lịch Sử Quân Sự Việt Nam,Nhà Xuất Bản Chính Trị Quốc Gia Sự Thật,Nhà Xuất Bản Chính Trị Quốc Gia Sự Thật,,Bìa mềm tay gấp,,2024-11-05,ST Book,available,1000,True,True,True
276036671,Lịch Sử Việt Nam Bằng Tranh - Nguyên Phi Ỷ Lan (Bìa Cứng),150100,158000,5,0.0,0,0,nhieu tac gia,NXB Trẻ,NXB Trẻ,,Bìa cứng,92,,Cá Chép Bookstore,available,1000,True,True,True
275854384,"Chủ Tịch Hồ Chí Minh Với Cuộc Hành Trình Của Thời Đại - Dĩ Bất Biến, Ứng Vạn Biến ",90300,129000,30,0.0,0,5,Vũ Kim Yến,VIETNAMBOOK,Nhà Xuất Bản Hà Nội,,Bìa mềm tay gấp,260,2024-08-06,VIETNAMBOOK,available,1000,True,True,True
275432534,Thoát khỏi địa ngục KHMER Đỏ (xuất bản lần thứ ba) bản in 2024,73000,73000,0,0.0,0,6,,Nhà Xuất Bản Chính Trị Quốc Gia Sự Thật,Nhà Xuất Bản Chính Trị Quốc Gia Sự Thật,,,,2024-06-01,ST Book,available,1000,True,True,True
275376794,Lịch Sử Sách,539100,599000,10,5.0,1,2,James Raven,Thái Hà,Nhà Xuất Bản Thế Giới,,,,,Nhà sách Fahasa,available,1000,True,True,True
274947922,(Kỷ niệm 70 năm chiến thắng Điện Biên Phủ) ĐIỆN BIÊN PHỦ - Đại tướng Võ Nguyên Giáp - NXB Chính trị quốc gia sự thật,360000,360000,0,0.0,0,1,Đại Tướng Võ Nguyên Giáp,Nhà Xuất Bản Chính Trị Quốc Gia Sự Thật,Nhà Xuất Bản Chính Trị Quốc Gia Sự Thật,,Bìa mềm,580,,Bảo Châu Books,available,1000,True,True,True
274387673,Tiểu Luận Về Nghệ Thuật An Nam,120000,120000,0,0.0,0,0,Louis Bezacier,Nhã Nam,Nhà Xuất Bản Thế Giới,,Bìa mềm,240,2024-03-05,Nhà sách NetaBooks,available,1000,True,True,True
274150314,Việt Nam Sử Lược (Bìa Cứng) - Trần Trọng Kim,175000,175000,0,0.0,0,2,"Trần Trọng Kim, Trần Trọng Kim",An Nam Books,Nhà Xuất Bản Văn Học,,Bìa cứng,470,,SÁCH ĐẠI NAM,available,1000,True,True,True
274056515,Khảo Cổ Học Đồng Bằng Sông Mê Kông - Tập III Văn Hóa Phù Nam,935000,1100000,15,0.0,0,0,Louis Malleret,Nhà xuất bản Tổng hợp TP.HCM ,Nhà Xuất Bản Tổng hợp TP.HCM,,,,,NXB TỔNG HỢP,available,1000,True,True,True
273535968,Hồi Ức Phú Nhuận (Bìa Mềm) (PN),332220,339000,2,0.0,0,6,Phạm Công Luận,Phương Nam Book,Nhà Xuất Bản Thế Giới,,Bìa mềm,320,,Văn Lang Official Store,available,1000,True,True,True
273127806,Sài Gòn - Chợ Lớn Ký Ức Đô Thị Và Con Người (Tái Bản 2018),197000,197000,0,0.0,0,1,,Nhà xuất bản Tổng hợp TP.HCM ,Nhà Xuất Bản Tổng hợp TP.HCM,,,,,Bamboo Books,available,1000,True,True,True
272558730,Tư Trị Thông Giám - Tập 3 - Tác Giả Tư Mã Quang (TTT),236720,269000,12,0.0,0,0,Tư Mã Quang,Tri Thức Trẻ,Nhà Xuất Bản Văn Học,,Bìa cứng,,,Văn Lang Official Store,available,1000,True,True,True
271162872,Sách Gia Định phong cảnh vịnh,46000,55000,16,5.0,2,40,"Trương Vĩnh Ký, , Nguyễn Đình Đầu",NXB Trẻ,NXB Trẻ,,Bìa mềm,72,2023-08-14,Tiki Trading,available,1000,False,True,True
263103896,Combo Sự Phát Triển Của Tư Tưởng Ở Việt Nam Từ Thế Kỷ XIX Đến Cách Mạng Tháng Tám: Tập 1 + 2 + 3 (Bộ 3 Tập),590000,590000,0,0.0,0,2,Trần Văn Giàu,NXB Tổng Hợp TPHCM,Nhà Xuất Bản Tổng hợp TP.HCM,,,,,Bamboo Books,available,1000,True,True,True
263082128,Lược Sử Sài Gòn Từ Thế Kỷ XVII Đến Khi Pháp Xâm Chiếm (1859),90000,90000,0,0.0,0,0,,Bloomsbury Childrens - NXB Trẻ,NXB Trẻ,,,,,info book,available,1000,True,True,True
257857035,Mỹ Lai Việt Nam 1968 – Nhìn lại cuộc thảm sát,374000,374000,0,0.0,0,0,,Nhà Xuất Bản Chính Trị Quốc Gia Sự Thật,Nhà Xuất Bản Chính Trị Quốc Gia Sự Thật,,,,,Bamboo Books,available,1000,True,True,True
254132146,Alexander Đại Đế - Huyển Thoại Xứ Macedonia - Bìa Cứng,180000,225000,20,5.0,1,5,,Bách Việt,NXB Dân Trí,,,,,Nhà sách Fahasa,available,1000,True,True,True
253555905,Luận Về Các Phái Của Người Trung Hoa Và Đàng Ngoài,169000,169000,0,0.0,0,0,,Omega Plus,Nhiều Nhà Xuất Bản,,,,,HỆ THỐNG NHÀ SÁCH ABC,available,1000,True,True,True
249959134,Độc Quyền Rượu Và Chế Độ Thuộc Địa Pháp ở Đông Dương,148750,175000,15,0.0,0,0,Gerard Sasges,Nhà xuất bản Tổng hợp TP.HCM ,Nhà Xuất Bản Tổng hợp TP.HCM,,Bìa mềm,416,2022-05-01,NXB TỔNG HỢP,available,1000,True,True,True
242076192,Lịch Sử Việt Nam Bằng Tranh 16: Nước Đại Việt (Tái Bản),32500,35000,7,0.0,0,1,"Trần Bạch Đằng,  Tôn Nữ Quỳnh Trân",NXB Trẻ,NXB Trẻ,,,,,Nhà sách Fahasa,available,1000,True,True,True
241265953,Tủ Sách Đời Người - Cổ Học Tinh Hoa,151000,189000,20,0.0,0,0,Ôn Như Nguyễn Văn Ngọc - Từ An Trần Lê Nhân,Omega Plus,Nhà Xuất Bản Văn Học,,Bìa mềm,,2023-02-28,Alpha Books Official,available,1000,True,True,True
208808758,Vua Duy Tân Trong Tôi ( Tiểu Thuyết Lịch Sử),119000,119000,0,0.0,0,5,Nguyễn Hữu Nam,BESTBOOKS,Nhà Xuất Bản Đà Nẵng,,Bìa mềm,200,2022-12-14,BestBooks Store,available,1000,True,True,True
208648689,Potao – Một Lý Thuyết Về Quyền Lực Ở Người Jorai Đông Dương - Bản Quyền,268000,268000,0,0.0,0,0,,Alphabooks,Nhà Xuất Bản Tri Thức,,,,,Nhà Sách Vĩnh Thụy,available,1000,True,True,True
199889561,Việt Nam và hình mẫu Trung Hoa - Nghiên cứu so sánh về chính quyền dân sự nhà Thanh và nhà Nguyễn nửa đầu thế kỷ XIX,269000,269000,0,0.0,0,0,Alexander Barton Woodside,Nhã Nam,Nhà Xuất Bản Thế Giới,,Bìa mềm,484,2022-09-30,info book,available,1000,True,True,True
116931622,An nam chí lược - Lê Tắc,285000,285000,0,0.0,0,0,Lê Tắc,Cty Sách Tao Đàn,Nhà Xuất Bản Hội Nhà Văn,,Bìa mềm,535,2025-01-09,SÁCH ĐẠI NAM,available,1000,True,True,True
61774264,Cuộc Kháng Chiến Chống Quân Tống Xâm Lược - Kèm File Âm Thanh,10000,10000,0,0.0,0,3,.,Công Ty CP Văn Hóa Nhân Văn,Nhà Xuất Bản Đồng Nai,,Bìa mềm,12,,Nhân Văn,available,1000,True,True,True
41165170,Combo Đại Nam Dật Sử Và Sử Ta So Với Sử Tàu + Võ Cử Và Người Đỗ Võ Khoa Ở Nước Ta (Tặng Kèm Bookmark Độc Đáo),278000,278000,0,0.0,0,8,`,Công Ty TNHH Sách Và Truyền Thông Việt Nam,Nhà Xuất Bản Khoa Học Xã Hội,,,,,Tri Thức Trẻ Books,available,1000,True,True,True
847682,Sách Thiên Hạ Chi Vương,48000,48000,0,0.0,0,2,Trường An,NXB Phụ Nữ Việt Nam,Nhà Xuất Bản Phụ Nữ,,Bìa mềm,160,2017-08-01,info book,available,1000,True,True,True
531645,Sách Chế Độ Thực Dân Pháp Trên Đất Nam Kỳ (1859-1954) (Tập 1),160000,160000,0,0.0,0,1,TG Nguyễn Đình Tư,NXB Tổng Hợp,Nhà Xuất Bản Tổng hợp TP.HCM,,Bìa mềm,555,2016-07-29,Bamboo Books,available,1000,True,True,True
279183810,"( Tái bản 2026 ) CHINH CHIẾN VÀ TỪ BỎ: NGHIÊN CỨU QUAN HỆ VIỆT NAM - TRUNG QUỐC ĐỜI MINH -  Trịnh Vĩnh Tường, Nguyễn Phúc An (Dịch và khảo chú) - NXB Tổng Hợp HCM",190000,190000,0,0.0,0,0,nhieu tac gia,Nhà xuất bản Tổng hợp TP.HCM ,Nhà Xuất Bản Tổng hợp TP.HCM,,Bìa mềm,387,,BÌNH BÁN BOOK,available,1000,True,True,True
279155865,VIỆT NAM NĂM ĐẦU TIÊN SAU CÁCH MẠNG THÁNG TÁM – Nguyễn Kiến Giang – NXB Đại học Sư phạm,115000,115000,0,0.0,0,0,nhieu tac gia,NXB Đại Học Sư Phạm,Nhà Xuất Bản Đại Học Sư Phạm,,,,,BÌNH BÁN BOOK,available,1000,True,True,True
279076566,"HỒNG ĐỨC BẢN ĐỒ - Bửu Cầm, Đỗ Văn Anh, Phạm Huy Thúy, Tạ Quang Phát, Trương Bửu Lâm – Sách Miền Trung",195000,195000,0,0.0,0,10,nhieu tac gia,Công ty Cổ phần phân phối và phát hành sách miền Trung,Nhà Xuất Bản Thuận Hóa,,Bìa mềm,320,,BÌNH BÁN BOOK,available,1000,True,True,True
279066373, VIỆT NAM THẾ KỈ X – Những mảnh vỡ lịch sử  - Trần Trọng Dương  – NXB ĐHSP ,220000,220000,0,0.0,0,0,Trần Trọng Dương,NXB Đại Học Sư Phạm,Nhà Xuất Bản Đại Học Sư Phạm,,Bìa mềm,481,,BÌNH BÁN BOOK,available,1000,True,True,True
278892964,Loan - Từ cuộc đời của một con chim phượng hoàng (TB2025),144500,170000,15,0.0,0,1,Isabelle Müller,Nhà xuất bản Tổng hợp TP.HCM ,Nhà Xuất Bản Tổng hợp TP.HCM,,,448,2025-11-26,NXB TỔNG HỢP,available,1000,True,True,True
278731943,Việt Nam những vấn đề văn hóa và chính trị - Tiểu luận viết bằng tiếng Pháp những năm 1922 - 1932,135000,135000,0,0.0,0,3,Phạm Quỳnh,Đông Tây,Nhà Xuất Bản Hà Nội,,Bìa mềm tay gấp,245,2025-10-09,Đông Tây,available,1000,True,True,True
278694532,Tả Quân Lê Và Tuồng San Hậu (Bìa Cứng),190000,190000,0,0.0,0,4,Vương Hồng Sển,NXB Trẻ,NXB Trẻ,,Bìa cứng,180,2025-09-26,Nhà sách NetaBooks,available,1000,True,True,True
278478252,Lịch Sử Việt Nam Bằng Tranh Màu - Thành Lập Nhà Trần,65000,65000,0,0.0,0,0,nhieu tac gia,NXB Trẻ,NXB Trẻ,,Bìa mềm,80,2025-08-09,Nhà sách NetaBooks,available,1000,True,True,True
278108918,Sách - Tủ Sách Nhân Vật Lịch Sử - Sứ Thần Việt Nam,41300,44000,6,5.0,1,1,Phạm Tuấn,Cty Văn Hóa & Truyền Thông Trí Việt.,Nhà Xuất Bản Văn Học,,Bìa mềm,,2023-12-21,Nhà sách Fahasa,available,1000,True,True,True
278038739,Sách - Hồn thiêng sông núi (Tái bản),235000,235000,0,5.0,1,20,,Công Ty TNHH Xuất bản và Giáo dục Mochibooks,Nhà Xuất Bản Thế Giới,,,,2025-05-28,Nhà sách Mochibooks,available,1000,True,True,True
277696645,Combo Sách 30/4 - bản in 2025,445000,445000,0,0.0,0,0,,Nhà Xuất Bản Chính Trị Quốc Gia Sự Thật,Nhà Xuất Bản Chính Trị Quốc Gia Sự Thật,,Bìa mềm,,,ST Book,available,1000,True,True,True
277591313,Sách Nguyễn Trường Tộ - Nhà Tư Tưởng Cách Tân (Ngàn Năm Sử Việt – Nhà Nguyễn),72000,75000,4,0.0,0,5,Hoàng Thanh Đạm,Nhà Xuất Bản Kim Đồng,Nhà Xuất Bản Kim Đồng,,Bìa mềm,308,2025-01-01,Tiki Trading,available,1000,False,True,True
277354747,"Sách - Chư Tử Tinh Tuyển - Lão Tử, Tôn Tử, Mạnh Tử, Khổng Tử, Mặc Tử, Hàn Phi Tử, Tuân Tử, Trang Tử, Liệt Tử, Quản Tử - Combo 10 Cuốn - Khang Việt Book",2000000,2000000,0,0.0,0,0,,Khang Việt Book,Nhà Xuất Bản Đại Học Quốc Gia Hà Nội,,,,,Bamboo Books,available,1000,True,True,True
277312258,"Dạ thưa, xứ Huế bây chừ - bản in 2025",158100,158100,0,0.0,0,0,,Nhà Xuất Bản Chính Trị Quốc Gia Sự Thật,Nhà Xuất Bản Chính Trị Quốc Gia Sự Thật,,Bìa gập,304,,Nhà sách Sự thật tại Huế,available,1000,True,True,True
277258899,Sách - Karma - Luật Nhân Quả - Liz Tran - 1980 Books,185000,185000,0,0.0,0,0,,1980 Books,Nhà Xuất Bản Công Thương,,,,,Bamboo Books,available,1000,True,True,True
277213806,Sách - Suối Nguồn Tươi Trẻ - Tập 2,118000,118000,0,0.0,0,0,,First News - Trí Việt,Nhà Xuất Bản Tổng hợp TP.HCM,,,,,Bamboo Books,available,1000,True,True,True
276923157,Sách - Từ Buôn Ma Thuột Đến Sài Gòn,93100,98000,5,5.0,1,1,Huỳnh Nghĩ,NXB Trẻ,NXB Trẻ,,Bìa mềm,,2023-12-21,Nhà sách Fahasa,available,1000,True,True,True
276910528,Sách - Ác Quỷ Giữa Thành Phố Trắng - AZ Việt Nam,209000,209000,0,0.0,0,0,,AZ Việt Nam,Nhà Xuất Bản Thế Giới,,,,,Bamboo Books,available,1000,True,True,True
276848914,Sách - Đội Việt Nam Tuyên Truyền Giải Phóng Quân,63700,65000,2,0.0,0,2,Nguyễn Mạnh Hà,Nhà Xuất Bản Kim Đồng,Nhà Xuất Bản Kim Đồng,,Bìa mềm,,2023-12-21,Nhà sách Fahasa,available,1000,True,True,True
276635046,Tạp Ghi Việt Sử Địa - Tập 1,171000,180000,5,0.0,0,0,Nguyễn Đình Đầu,NXB Trẻ,NXB Trẻ,,Bìa mềm,352,2024-11-23,Cá Chép Bookstore,available,1000,True,True,True
275615386,Ngàn Năm Sử Việt - Nhà Trần - Ông Trạng Thả Diều,28500,30000,5,0.0,0,5,Hà Ân,Nhà Xuất Bản Kim Đồng,Nhà Xuất Bản Kim Đồng,,,,,Nhà sách Fahasa,available,1000,True,True,True
275276100,ĐIỆN BIÊN PHỦ: NHIỆM VỤ BẤT KHẢ THI - Trần Viết Nghĩa - NXB Chính trị quốc gia sự thật,197000,197000,0,0.0,0,1,,NXB Chính Trị Quốc Gia Sự Thật,Nhà Xuất Bản Chính Trị Quốc Gia Sự Thật,,Bìa mềm,567,,Bảo Châu Books,available,1000,True,True,True
274558765,Bánh Chưng Bánh Giầy - Lịch Sử Việt Nam Bằng Tranh - Bản Màu - Bản Quyền,65000,65000,0,0.0,0,0,Nhiều tác giả,NXB Trẻ,NXB Trẻ,,Bìa mềm,80,,Nhà Sách Vĩnh Thụy,available,1000,True,True,True
274458936,Sách Lịch sử Việt Nam bằng tranh - Bà Triệu (Bản màu),47000,65000,28,0.0,0,14,"Nguyễn Huy Khôi, Đinh Văn Liên, Nguyễn Thùy Linh, Trần Bạch Đằng",NXB Trẻ,NXB Trẻ,,Bìa mềm,88,2024-03-13,Tiki Trading,available,1000,False,True,True
273538135,ĐỊA LÝ HÀNH CHÍNH VÀ TẬP QUÁN CỦA NGƯỜI VIỆT – Nguyễn Văn Huyên - Nhã Nam – NXB Hội Nhà Văn,160000,160000,0,0.0,0,0,Nguyễn Văn Huyên,Nhã Nam,Nhà Xuất Bản Hội Nhà Văn,,Bìa mềm,308,,Bamboo Books,available,1000,True,True,True
272222931,Qua Đêm Ở Nhà Các Vua Nguyễn,120000,120000,0,0.0,0,0,Nguyễn Ngọc Tiến,Nhã Nam,Nhà Xuất Bản Hội Nhà Văn,,Bìa mềm,318,2023-09-21,TYMBooks,available,1000,True,True,True
271975805,Luật Và Xã Hội Việt Nam Thế Kỷ XVII - XVIII,169000,169000,0,5.0,2,19,,Công ty CP Xuất bản Khoa học và Giáo dục Thời Đại (TIMES BOOKS),Nhà Xuất Bản Dân Trí,,Bìa mềm,272,2023-09-12,Nhà sách NetaBooks,available,1000,True,True,True
263987993,Khoái Khẩu Và Khát Vọng,153000,180000,15,4.5,2,18,Erica J.Peters,Nhà xuất bản Tổng hợp TP.HCM ,Nhà Xuất Bản Tổng hợp TP.HCM,,,,,NXB TỔNG HỢP,available,1000,True,True,True
263980933,Công Chúa Đồng Xuân  - Quyển Hạ  (Tác Giả Trần Thùy Mai),145200,165000,12,0.0,0,0,Trần Thùy Mai,NXB Phụ Nữ,Nhà Xuất Bản Phụ Nữ Việt Nam,,Bìa mềm,364,,Văn Lang Official Store,available,1000,True,True,True
262651235,"(Bìa cứng, tranh minh họa, ấn bản 2023) VIỆT NAM VĂN HOÁ SỬ CƯƠNG - Đào Duy Anh – Đông A -NXB Đại học Sư phạm",350000,350000,0,0.0,0,0,,Công Ty Cổ Phần Văn Hóa Đông A,Nhà Xuất Bản Đại Học Sư Phạm,,,,,BÌNH BÁN BOOK,available,1000,True,True,True
252092980,COMBO 4 QUYỂN NẾP CŨ - TOAN ÁNH,1070000,1070000,0,0.0,0,0,Toan Ánh,NXB Trẻ,NXB Trẻ,,Bìa mềm,,2023-04-15,HỆ THỐNG NHÀ SÁCH ABC,available,1000,True,True,True
209901275,Anh em nhà Himmler - Bản Quyền,139000,139000,0,0.0,0,0,,Alphabooks,Nhà Xuất Bản Thế Giới,,,,,Nhà Sách Vĩnh Thụy,available,1000,True,True,True
189589404,"BIÊN BẢN CHIẾN TRANH 1-2-3-4.75 (tái bản lần thứ năm, có bổ sung) – Trần Mai Hạnh – Giải thưởng Hội nhà văn Việt Nam 2014 - NXB CTQG Sự Thật",229000,229000,0,0.0,0,0,Trần Mai Hạnh,Nhà Xuất Bản Chính Trị Quốc Gia Sự Thật,Nhà Xuất Bản Chính Trị Quốc Gia Sự Thật,,Bìa mềm,620,,Bamboo Books,available,1000,True,True,True
178957815,SÁCH: HOẠT ĐỘNG CHẾ TẠO VÀ QUẢN LÝ SỬ DỤNG VŨ KHÍ DƯỚI TRIỀU NGUYỄN GIAI ĐOẠN 1802-1883,100000,155000,35,5.0,3,24,,Công ty cổ phần đầu tư phát triển Trường Phương,Nhà Xuất Bản Khoa Học Xã Hội,,Bìa mềm,212,,MaiHaBooks,available,1000,True,True,True
146271895,Sapiens - Lược Sử Loài Người Bằng Tranh - Tập 2: Những Trụ Cột Của Nền Văn Minh,310500,345000,10,5.0,3,9,Yuval Noah Harari,Alpha Books,Nhà Xuất Bản Dân Trí,,,,,Nhà sách Fahasa,available,1000,True,True,True
92763879,Sách Mật Bổn - Những Bí Ẩn Lịch Sử Việt Nam Cổ Trung Đại,185000,185000,0,3.0,2,29,Trần Hoàng Vũ,Nhà xuất bản Tổng hợp TP.HCM ,Nhà Xuất Bản Tổng hợp TP.HCM,,Bìa mềm,460,2021-04-15,Nhà sách NetaBooks,available,1000,True,True,True
34750529,Tìm Hiểu Nông Cụ Cổ Truyền Việt Nam,178000,178000,0,0.0,0,0,GS TS Ngô Đức Thịnh,NXB Đại Học Quốc Gia TP.HCM,,,,,,Bamboo Books,available,1000,True,True,True
29175018,Sách Bác Hồ - Cây Đại Thọ,52000,70000,26,0.0,0,14,Đoàn Minh Tuấn,NXB Trẻ,NXB Trẻ,,Bìa mềm,164,2019-08-01,Tiki Trading,available,1000,False,True,True
1615869,Sách Theo Dòng Triều Nguyễn,95000,95000,0,0.0,0,2,Tôn Thất Thọ,NXB Tổng Hợp,Nhà Xuất Bản Tổng Hợp,,Bìa mềm,240,2018-01-01,Bamboo Books,available,1000,True,True,True
386429,Sách Lịch Sử Nhà Tù Côn Đảo,114000,120000,5,4.0,5,30,Nguyễn Đình Thống,NXB Tổng Hợp,,,Bìa mềm,694,2013-03-13,Nhà sách Fahasa,available,1000,True,True,True
279120591,1000 Năm Thăng Long Hà Nội - Nguyễn Vinh Phúc - Lịch sử/Văn hóa,268000,268000,0,0.0,0,0,"Nguyễn Vinh Phúc , Nguyễn Vinh Phúc",An Nam Books,Nhà Xuất Bản Hội Nhà Văn,,Bìa cứng áo ôm,860,2026-01-07,SÁCH ĐẠI NAM,available,1000,True,True,True
279016562,Sách - Hoành Sơn một dải,177000,177000,0,0.0,0,1,nhieu tac gia,Tao Đàn,Nhà Xuất Bản Hội Nhà Văn,,Bìa mềm,284,2025-12-01,SÁCH ĐẠI NAM,available,1000,True,True,True
278790540,Hồng Đức Thịnh Thế ,72000,80000,10,0.0,0,3,"Phương Linh sưu tầm, tuyển chọn",Nhà Xuất Bản Thanh Niên,Nhà Xuất Bản Thanh Niên,,Bìa mềm,204,2024-10-31,VIETNAMBOOK,available,1000,True,True,True
278757483,TRƯỞNG TỘC – Phạm Quang Long – NXB Phụ nữ Việt Nam,198000,198000,0,0.0,0,2,Phạm Quang Long,NXB Phụ Nữ Việt Nam,Nhà Xuất Bản Phụ Nữ Việt Nam,,Bìa mềm,452,,BÌNH BÁN BOOK,available,1000,True,True,True
278478250,Lịch Sử Việt Nam Bằng Tranh Màu - Thành Lập Nhà Trần (Bìa Cứng),140000,140000,0,0.0,0,0,nhieu tac gia,NXB Trẻ,NXB Trẻ,,Bìa cứng,80,2025-08-09,Nhà sách NetaBooks,available,1000,True,True,True
278226142,Chúa Nguyễn và các giai thoại mở đất phương Nam (bản in 2025),98000,98000,0,0.0,0,10,,Nhà Xuất Bản Chính Trị Quốc Gia Sự Thật,Nhà Xuất Bản Chính Trị Quốc Gia Sự Thật,,Bìa mềm,,2025-05-18,ST Book,available,1000,True,True,True
278092833,Sách - Về Các Tổng Thống Mỹ Trong Cuộc Chiến Tranh Xâm Lược Việt Nam,256600,282000,9,0.0,0,0,Nguyễn Phương Nam,NXB Chính Trị Quốc Gia,Nhà Xuất Bản Chính Trị Quốc Gia Sự Thật,,Bìa mềm,,2023-12-21,Nhà sách Fahasa,available,1000,True,True,True
278055935,Sách - Các triều đại Việt Nam,138000,138000,0,0.0,0,3,"Quỳnh Cư, Đỗ Đức Hùng",Liên Việt,Nhà Xuất Bản Thanh Niên,,Bìa mềm tay gấp,417,2021-06-30,Liên Việt Official Store,available,1000,True,True,True
277915532,Di Sản Hồ Chí Minh - Hành Trình Theo Chân Bác ,119250,119250,0,0.0,0,1,,Alpha Books,NXB Trẻ,,,,,Phương Đông Books,available,1000,True,True,True
277809627,Sách Tập truyện ngắn các sự kiện và nhân vật trong chiến tranh,140000,140000,0,0.0,0,0,Hoài Hương,VIETNAMBOOK,Nhà Xuất Bản Quân Đội Nhân Dân,,Bìa mềm,280,,Hiệu Sách Tự Do,available,1000,True,True,True
277566506,"TỨ BẤT TỬ - BỐN VỊ THÁNH BẤT TỬ CỦA VIỆT NAM – GS. TS. Ngô Đức Thịnh, PGS. Vũ Ngọc Khánh – Vietnambook – NXB Tri Thức",102000,136000,25,0.0,0,2,,VIETNAMBOOK,Nhà Xuất Bản Tri Thức,,Bìa mềm,272,,VIETNAMBOOK,available,1000,True,True,True
277522192,"SỰ TẠO THÀNH BẢN SẮC DÂN TỘC - Châu Âu Thế Kỉ XVIII - XX - Anne-Marie Thiesse - Nguyễn Thị Hạnh, Nguyễn Hoàng Như Thanh dịch - NXB Đại học Sư phạm",250000,250000,0,0.0,0,3,nhieu tac gia,NXB Đại Học Sư Phạm,Nhà Xuất Bản Đại Học Sư Phạm,,Bìa mềm tay gấp,328,2025-04-11,VIETNAMBOOK,available,1000,True,True,True
277489848,Ngoại Giao Hồ Chí Minh Trong Kháng Chiến Chống Mỹ,102750,137000,25,4.0,1,18,Vũ Kim Yến,VIETNAMBOOK,Nhà Xuất Bản Tri Thức,,Bìa mềm tay gấp,248,2025-03-12,VIETNAMBOOK,available,1000,True,True,True
277425573,Đại Thắng Mùa Xuân 1975 Qua Góc Nhìn Của Người Nước Ngoài - Kỷ Niệm 50 Năm Ngày Giải Phóng Miền Nam Thống Nhất Đất Nước 1975-2025,78000,104000,25,4.5,2,20,Vũ Kim Yến,VIETNAMBOOK,Nhà Xuất Bản Tri Thức,,Bìa mềm tay gấp,188,2025-02-28,VIETNAMBOOK,available,1000,True,True,True
277353695,Sách - Tây Du Ký - Truyện Tranh - Trọn Bộ 21 Quyển - Khang Việt Book,968000,968000,0,0.0,0,0,,Khang Việt Book,Nhà Xuất Bản Đại Học Quốc Gia Hà Nội,,,,,Bamboo Books,available,1000,True,True,True
277348608,Sách - Hàng Tỷ Doanh Nhân - Một Phân Tích So Sách Kinh Tế Trung Quốc Và Ấn Độ - DTBooks,255000,255000,0,0.0,0,0,,Dtbooks,Nhà Xuất Bản Dân Trí,,,,,Bamboo Books,available,1000,True,True,True
277271802,Sách - Sài Gòn Năm Xưa - Vương Hồng Sển - NXB Trẻ,250000,250000,0,0.0,0,0,,Alphabooks,Nhà Xuất Bản Công Thương,,,,,Bamboo Books,available,1000,True,True,True
277212494,Sách - Món Ăn Việt Nam - Vietnamese Cuisine - Song Ngữ Việt - Anh - NXB Phụ Nữ,50000,50000,0,5.0,1,2,,Nhà xuất bản Phụ Nữ Việt Nam,Nhà Xuất Bản Phụ Nữ Việt Nam,,,,,Bamboo Books,available,1000,True,True,True
277212059,Sách - Bão Táp Triều Trần - NXB Phụ Nữ,750000,750000,0,0.0,0,0,,Nhà xuất bản Phụ Nữ,Nhà Xuất Bản Phụ Nữ Việt Nam,,,,,Bamboo Books,available,1000,True,True,True
276952088,Võ Cử Và Người Đỗ Võ Khoa Ở Nước Ta ,146250,195000,25,0.0,0,2,TS Nguyễn Thúy Nga,VIETNAMBOOK,Nhà Xuất Bản Tri Thức,,Bìa mềm tay gấp,324,2025-01-07,VIETNAMBOOK,available,1000,True,True,True
276949642,Lịch Sử Việt Nam Truyền Thống Và Hiện Đại,266000,370000,28,0.0,0,3,Vũ Minh Giang,VIETNAMBOOK,Nhà Xuất Bản Tri Thức,,Bìa mềm tay gấp,618,2025-01-06,VIETNAMBOOK,available,1000,True,True,True
276115088,Thủ tướng Phan Văn Khải và những quyết sách chiến lược (Tuyển chọn tài liệu lưu trữ) xuất bản lần thứ hai - bản in 2024,358000,358000,0,0.0,0,0,,Nhà Xuất Bản Chính Trị Quốc Gia Sự Thật,Nhà Xuất Bản Chính Trị Quốc Gia Sự Thật,,Bìa mềm,896,,Bamboo Books,available,1000,True,True,True
275055772,Lịch sử Việt Nam phổ thông. Tập 7: Từ năm 1945 đến năm 1954,168000,168000,0,0.0,0,0,,Nhà Xuất Bản Chính Trị Quốc Gia Sự Thật,Nhà Xuất Bản Chính Trị Quốc Gia Sự Thật,,,,,ST Book,available,1000,True,True,True
275055741,Lịch sử Việt Nam phổ thông. Tập 6: Từ nằm 1930 đến năm 1945,141000,141000,0,0.0,0,1,,Nhà Xuất Bản Chính Trị Quốc Gia Sự Thật,Nhà Xuất Bản Chính Trị Quốc Gia Sự Thật,,,,,ST Book,available,1000,True,True,True
274963427,Tư Trị Thông Giám - Tập 10 - Bìa Cứng,269200,359000,25,5.0,4,23,Tư Mã Quang,CÔNG TY TNHH SÁCH & TRUYỀN THÔNG VIỆT NAM,Nhà Xuất Bản Văn Học,,,,,Nhà sách Fahasa,available,1000,True,True,True
274674247,"NHÀ TÂY SƠN - Quách Tấn, Quách Dao - NXB Chính Trị Quốc Gia Sự Thật.",120000,120000,0,5.0,1,12,Quách Tấn,Nhà Xuất Bản Chính Trị Quốc Gia Sự Thật,Nhà Xuất Bản Chính Trị Quốc Gia Sự Thật,,Bìa mềm,363,,BÌNH BÁN BOOK,available,1000,True,True,True
274453569,Võ Đại Tướng Với Điện Biên Phủ,152000,152000,0,0.0,0,1,Nguyễn Bắc Sơn,VIETNAMBOOK,Nhà Xuất Bản Quân Đội Nhân Dân,,Bìa mềm tay gấp,276,2024-03-12,NHÀ SÁCH HÀ THÀNH,available,1000,True,True,True
274031483,Sách Văn học Sài Gòn 1954-1975: Những chuyện bên lề (Tái bản 2023),190000,190000,0,0.0,0,0,Lê Văn Nghĩa,Nhà xuất bản Tổng hợp TP.HCM ,Nhà Xuất Bản Tổng hợp TP.HCM,,Bìa mềm,480,2023-01-01,Nhà Sách Vĩnh Thụy,available,1000,True,True,True
262605388,Việt Nam Văn Học Sử Yếu,134100,149000,10,5.0,1,9,Dương Quảng Hàm,Cty Văn Hóa & Truyền Thông Trí Việt.,Nhà Xuất Bản Văn Học,,,,,Nhà sách Fahasa,available,1000,True,True,True
257787030,"NGHỆ THUẬT AN NAM - Louis Benzacier  – Trang Thanh Hiền, Mai Yến Thi dịch -  Trường Phương - NXB Mỹ Thuật",259000,259000,0,0.0,0,1,,Công ty cổ phần đầu tư phát triển Trường Phương,Nhà Xuất Bản Mỹ Thuật,,,,,BÌNH BÁN BOOK,available,1000,True,True,True
253271427,HỒ CHÍ MINH – CON NGƯỜI CỦA LỊCH SỬ VÀ LÀM NÊN LỊCH SỬ - Đỗ Hoàng Linh - Nxb Chính trị Quốc gia sự thật – bìa mềm,119000,119000,0,0.0,0,5,,Nhà Xuất Bản Chính Trị Quốc Gia Sự Thật,Nhà Xuất Bản Chính Trị Quốc Gia Sự Thật,,,,,BÌNH BÁN BOOK,available,1000,True,True,True
245787175,Sách Lịch sử Việt Nam bằng tranh - Lê Quý Đôn (bản màu),48000,65000,26,5.0,3,51,Nhiều tác giả,NXB Trẻ,NXB Trẻ,,Bìa mềm,80,2023-03-09,Tiki Trading,available,1000,False,True,True
225914030,Tủ Sách Kể Chuyện Lịch Sử Trung Quốc : Kể Chuyện Tam Quốc,93800,140000,33,5.0,1,13,,Nhà Sách Hồng Ân,Nhà Xuất Bản Dân Trí,,Bìa mềm,440,,Bảo Châu Books,available,1000,True,True,True
225212289,Các Triều Đại Việt Nam,131000,131000,0,0.0,0,1,,Huy Hoàng Bookstore,Nhà Xuất Bản Thanh Niên,,,,,Minhhabooks,available,1000,True,True,True
174558131,Lịch Sử Tiền Tệ - The History Of Money,250200,272000,8,5.0,1,16,Jack Weatherford,PHANBOOK,Nhà Xuất Bản Lao Động,,,,,Nhà sách Fahasa,available,1000,True,True,True
174182718,The Usborne: Bách Khoa Lịch Sử Thế Giới - Encyclopedia Of World History,478500,550000,13,5.0,1,9,"Jane Bingham,  Sam Taplin",dong a,Nhà Xuất Bản Dân Trí,,,,,Nhà sách Fahasa,available,1000,True,True,True
164084723,Lý Phật Tử Định Quốc - Phùng Văn Khai (Sách bìa cứng - Tác giả ký tặng),210000,210000,0,5.0,1,5,Phùng Văn Khai,NXB Hội Nhà Văn,Nhà Xuất Bản Hội Nhà Văn,,Bìa cứng,580,2022-02-01,SÁCH ĐẠI NAM,available,1000,True,True,True
88941689,Sách Hoàng Lê Nhất Thống Chí (Bìa Mềm),103350,103350,0,4.5,2,18,Ngô Gia Văn Phái,Nhà sách Minh Thắng,Nhà Xuất Bản Dân Trí,,Bìa mềm,504,2021-04-15,AHABOOKS,available,1000,True,True,True
576971,Sách Đường Thi Quốc Âm Cổ Bản (Tái Bản),170000,170000,0,0.0,0,6,Nguyễn Xuân Diện - Trần Ngọc Đông,NXB Tổng Hợp,Nhà Xuất Bản Tổng hợp TP.HCM,,Bìa mềm,536,2017-02-27,Bamboo Books,available,1000,True,True,True
572546,Sách Đường Thi Quốc Âm Cổ Bản,164000,164000,0,0.0,0,1,Nguyễn Xuân Diện - Trần Ngọc Đông,NXB Tổng Hợp,Nhà Xuất Bản Tổng hợp TP.HCM,,Bìa mềm,536,2017-01-01,Nhà Sách Vĩnh Thụy,available,1000,True,True,True
279258931,BOXSET “TÂY SƠN THỰC LỤC”  (Trọn bộ 2 tập)  TÂY SƠN THỰC LỤC  HÀNH TRÌNH LẤP ĐẦY MỘT KHOẢNG TRỐNG LỊCH SỬ,1234000,1234000,0,0.0,0,0,Trần Hoàng Vũ,HaNoi Books,Nhà Xuất Bản Lao Động,,,,,Minhhabooks,available,1000,True,True,True
279154815,Sách - Muôn hạng dân Bắc Kỳ (Louis Bonnafont) (Nhã Nam Official),108240,123000,12,0.0,0,0,Louis Bonnafont,Nhã Nam,Nhà Xuất Bản Thế Giới,,Bìa cứng áo ôm,164,,Nhã Nam Official,available,1000,True,True,True
279058027,"Hồ Chí Minh toàn tập (xuất bản lần thứ ba, có sửa chữa) (từ tập 1 đến tập 15)",6189000,6189000,0,0.0,0,0,NXB Chính Trị Quốc Gia Sự Thật,Nhà Xuất Bản Chính Trị Quốc Gia Sự Thật,Nhà Xuất Bản Chính Trị Quốc Gia Sự Thật,,Bìa cứng,,,ST Book,available,1000,True,True,True
278962260,GỐC TÍCH NHÀ TÂY SƠN - TS. Nguyễn Duy Chính - NXB Đại học Sư phạm,220000,220000,0,0.0,0,1,Nguyễn Duy Chính,Cty Cửu Đức,Nhà Xuất Bản Đại Học Sư Phạm,,Bìa mềm tay gấp,364,2025-11-01,Sách Huế THT,available,1000,True,True,True
278882729,Sổ Tay Cá Chép - The Planner 2026: Thread Your Story,152000,170000,11,0.0,0,8,Cá Chép,Cá Chép,Không có,,Bìa cứng,216,,Tiki Trading,available,1000,False,True,True
278867914,LỊCH TRIỀU HIẾN CHƯƠNG LOẠI CHÍ - KHOA MỤC CHÍ – Phan Huy Chú – Nguyễn Phúc An dịch – NXB Tổng hợp HCM,149000,149000,0,0.0,0,0,Phan Huy Chú,Nhà xuất bản Tổng hợp TP.HCM ,NXB Tổng Hợp Thành Phố Hồ Chí Minh,,Bìa mềm,244,,Bamboo Books,available,1000,True,True,True
278575699,"(Tặng bộ trò chơi thẻ bài Sử Tếu)  SỬ TẾU - Lê Minh, Hồ Đức – Vietales",139000,139000,0,0.0,0,2,nhieu tac gia,Waka,Nhà Xuất Bản Tri Thức,,Bìa mềm,132,,BÌNH BÁN BOOK,available,1000,True,True,True
278518459,Cách mạng tháng Tám 1945 -  Thắng lợi vĩ đại đầu tiên của dân tộc Việt Nam trong thế kỷ XX (TB2025),220000,220000,0,0.0,0,1,nhieu tac gia,Nhà xuất bản Tổng hợp TP.HCM ,Nhà Xuất Bản Tổng hợp TP.HCM,,Bìa mềm,448,2025-08-18,NXB TỔNG HỢP,available,1000,True,True,True
278378310,Keith Weller Taylor - Việt Nam thời dựng nước,495000,495000,0,0.0,0,0,Keith Weller Taylor,Đông Tây,Nhà Xuất Bản Thuận Hóa,,Bìa mềm,597,2025-07-22,Đông Tây,available,1000,True,True,True
278161040,Tình Báo Kể Chuyện,150000,150000,0,0.0,0,4,Nguyễn Văn Tàu,Nhà xuất bản Tổng hợp TP.HCM ,Nhà Xuất Bản Tổng hợp TP.HCM,,Bìa mềm,224,2025-06-24,Nhà sách NetaBooks,available,1000,True,True,True
278117117,Sách - Tư Mã Binh Pháp - Tề Tư Mã - Diễn Nhương Tư - Nhà Xuất Bản Đồng Nai,150000,150000,0,0.0,0,2,,Công ty TNHH Tiên Phong Books,Nhà Xuất Bản Đồng Nai,,Bìa mềm,,,Tiên Phong Books Store,available,1000,True,True,True
277977284,Sách - Những Biên Bản Cuối Cùng Tại Nhà Trắng - Phút Sụp Đổ Của Việt Nam Cộng Hòa,124200,135000,8,5.0,1,8,,NXB Chính Trị Quốc Gia,Nhà Xuất Bản Chính Trị Quốc Gia Sự Thật,,Bìa mềm,,2023-12-21,Nhà sách Fahasa,available,1000,True,True,True
277589321,Đọc Một Hơi – Lịch sử Sài Gòn - Thành phố Hồ Chí Minh,295000,295000,0,0.0,0,7,Huỳnh Bá Lộc,Công ty TNHH Tằm Books,Nhà Xuất Bản Tổng hợp TP.HCM,,Bìa cứng,84,2025-04-12,Tằm Books Store,available,1000,True,True,True
277348951,Sách - Hòn Tuyết Lăn - Những Triết Lý Sống Và Đầu Tư Vượt Thời Gian Của Warren Buffett - DTBooks,685000,685000,0,0.0,0,1,,Dtbooks,Nhà Xuất Bản Dân Trí,,,,,Bamboo Books,available,1000,True,True,True
277348604,Sách - Xã Hội Việt Nam Thời Lê Nguyễn - DTBooks,179000,179000,0,0.0,0,0,,Dtbooks,Nhà Xuất Bản Dân Trí,,,,,Bamboo Books,available,1000,True,True,True
277227222,Sách - Huế Và Triều Nguyễn Theo Dấu Thời Gian - NXB Tổng Hợp,165000,165000,0,0.0,0,0,,Nhà xuất bản Tổng hợp TP.HCM ,Nhà Xuất Bản Tổng hợp TP.HCM,,,,,Bamboo Books,available,1000,True,True,True
276528033,Chuyện Vua Hàm Nghi - bản in 2024,90000,90000,0,0.0,0,0,Phan Trần Chúc,Nhà Xuất Bản Chính Trị Quốc Gia Sự Thật,Nhà Xuất Bản Chính Trị Quốc Gia Sự Thật,,Bìa mềm,,,ST Book,available,1000,True,True,True
276094712,LỊCH SỬ VIỆT NAM BẰNG HÌNH (Gần 2000 minh họa tranh ảnh và bản đồ) – Đông A,900000,900000,0,0.0,0,1,,Công Ty Cổ Phần Văn Hóa Đông A,Nhà Xuất Bản Đại Học Sư Phạm,,Bìa cứng,,,Nhà Sách Vĩnh Thụy,available,1000,True,True,True
276043190,"Hỏi Đáp Lịch Sử Việt Nam, Tập 7: Cuộc Kháng Chiến Chống Pháp Lần Thứ Hai (1945 - 1954)",120350,145000,17,0.0,0,4,Nhóm Nhân Văn Trẻ,NXB Trẻ,NXB Trẻ,,Bìa mềm tay gấp,408,2024-08-29,Nhà Xuất Bản Trẻ,available,1000,True,True,True
275583583,COMBO 4C NGUYỄN VĂN HUYÊN: NGHIÊN CỨU VĂN HÓA VIỆT NAM: VĂN MINH VIỆT NAM + HỘI HÈ LỄ TẾT CỦA NGƯỜI VIỆT + SINH HOẠT CỦA NGƯỜI VIỆT + ĐỊA LÝ HÀNH CHÍNH VÀ TẬP QUÁN CỦA NGƯỜI VIỆT,668000,668000,0,0.0,0,0,GS.TS. Nguyễn Văn Huyên,Nhã Nam -  Hội Nhà Văn,Nhà Xuất Bản Hội Nhà Văn,,Bìa mềm tay gấp,1886,2023-07-10,Sách Thành Vinh,available,1000,True,True,True
274535701,Trái Đất Chuyển Mình - Một Lịch Sử Chưa Kể Về Nhân Loại - Bản Đặc Biệt - Bìa Vải,1000000,1000000,0,5.0,1,3,Peter Frankopan,Alpha Books,Nhà Xuất Bản Tri Thức,,,,,Nhà sách Fahasa,available,1000,True,True,True
274454297,Đại Tướng Hoàng Văn Thái Với Chiến Dịch Điện Biên Phủ (Hồi Ký),175000,175000,0,0.0,0,2,,VIETNAMBOOK,Nhà Xuất Bản Quân Đội Nhân Dân,,Bìa mềm tay gấp,336,2024-03-12,NHÀ SÁCH HÀ THÀNH,available,1000,True,True,True
272161562,Hội hè miên man (Ernest Hemingway),115000,115000,0,0.0,0,0,Ernest Hemingway,Nhã Nam,Nhà Xuất Bản Hội Nhà Văn,,Bìa mềm,310,2023-09-20,FishingBook,available,1000,True,True,True
270975646,Sự Phát Triển Của Tư Tưởng ở Việt Nam Từ Thế Kỷ XIX Đến Cách Mạng Tháng Tám - Tập 2,161500,190000,15,0.0,0,2,Trần Văn Giàu,Nhà xuất bản Tổng hợp TP.HCM ,Nhà Xuất Bản Tổng hợp TP.HCM,,,,,NXB TỔNG HỢP,available,1000,True,True,True
263763497,Sách Lịch Sử Việt Nam Bằng Tranh - Quang Trung Đại Phá Quân Thanh (Bản Màu),47000,65000,28,0.0,0,37,"Tô Hoài Đạt, Lê Văn Năm, Nguyễn Thùy Linh, Trần Bạch Đằng",NXB Trẻ,NXB Trẻ,,Bìa mềm,88,2023-07-05,Tiki Trading,available,1000,False,True,True
263103733,Lá Cờ Thêu Sáu Chữ Vàng (Tái Bản 2021),57000,60000,5,5.0,3,40,"Nguyễn Huy Tưởng,  Văn Minh",Nhà Xuất Bản Kim Đồng,Nhà Xuất Bản Kim Đồng,,,,,Nhà sách Fahasa,available,1000,True,True,True
262512109,Những Thiếu Nhi Bên Bác Ngày Ấy,25700,26000,1,0.0,0,4,Kiều Mai Sơn,Nhà Xuất Bản Kim Đồng,Nhà Xuất Bản Kim Đồng,,,,,Nhà sách Fahasa,available,1000,True,True,True
252913740,(Bìa cứng) XUÂN THU SỬ THI BẮC KỲ - Pierre Foulon - Phan Tín Dụng dịch – Maihabooks,459000,459000,0,0.0,0,0,,Công ty TNHH Quốc Tế Mai Hà,Nhà Xuất Bản Văn Học,,,,,Bamboo Books,available,1000,True,True,True
248619543,Lược Sử Nước Việt Bằng Tranh - Viet Nam - A Brief History In Pictures (Ấn Phẩm Kỉ Niệm 60 Năm Thành Lập NXB Kim Đồng),196000,196000,0,0.0,0,0,"Tạ Huy Long, Dương Trung Quốc, Hiếu Minh, Huyền Trang", NXB Kim Đồng,Nhà Xuất Bản Kim Đồng,,Bìa cứng,96,,Bamboo Books,available,1000,True,True,True
217826176,Văn Hóa Vật Chất Và Văn Hóa Xã Hội Thời Kì ĐẠI VIỆT (Bìa cứng),329000,490000,33,5.0,2,30,,VIETNAMBOOK,Nhà Xuất Bản Hồng Đức,,Bìa cứng,756,2023-02-11,VIETNAMBOOK,available,1000,True,True,True
168771906,Đại Cương Lịch Sử Việt Nam Tập 2,118000,118000,0,5.0,1,5,,Công ty Cổ Phần Sách Đại Học Dạy Nghề,Nhà Xuất Bản Giáo Dục Việt Nam,,,,,Cửa hàng Sách HEVOBOOKS,available,1000,True,True,True
162100202,Sách Đại Việt Sử Ký Toàn Thư Trọn Bộ (Tái Bản),205000,205000,0,4.6,8,42,"Cao Huy Giu, Đào Duy Anh",Nhà sách Minh Thắng,Nhà Xuất Bản Hồng Đức,,Bìa cứng,1284,2022-02-02,Minhhabooks,available,1000,True,True,True
160784312,Nam Kỳ và Cư Dân: Các Tỉnh Miền Tây,299000,299000,0,0.0,0,0,nhieu tac gia,Omega Plus,Nhà Xuất Bản Tổng hợp TP.HCM,,Bìa cứng,576,2022-01-27,info book,available,1000,True,True,True
49477654,Sài Gòn - Chợ Lớn qua những tư liệu quý trước 1945 (TB lần 1),140000,140000,0,0.0,0,4,,Nhà Xuất Bản Văn Hóa - Văn Nghệ,Nhà Xuất Bản Văn Hóa - Văn Nghệ TP.HCM,,Bìa mềm,324,2018-12-13,Nhà Sách Vĩnh Thụy,available,1000,True,True,True
25423466,Sách Văn Minh Đại Việt (Bìa Cứng),291350,291350,0,4.7,3,15,PGS.TS. Nguyễn Duy Hinh,Nhà sách Minh Thắng,Nhà Xuất Bản Hồng Đức,,Bìa cứng,860,2019-08-01,Phương Đông Books,available,1000,True,True,True
20647237,Sách Cuộc Nổi Dậy Của Nhà Tây Sơn,174200,198000,12,5.0,28,246,George Dutton,DT Books,,,Bìa mềm,454,2019-05-01,Nhà sách Fahasa,available,1000,True,True,True
3802149,Anh Hùng Hào Kiệt Việt Nam,280000,400000,30,4.2,9,101,Vũ Thanh Sơn,VIETNAMBOOK,Nhà Xuất Bản Công An Nhân Dân,,Bìa cứng,728,,VIETNAMBOOK,available,1000,True,True,True
3793707,Sách Lược Sử Nước Việt Bằng Tranh (Tái Bản 2018),131650,131650,0,5.0,1,8,"Hiếu Minh, Huyền Trang, Tạ Huy Long",Nhà Xuất Bản Kim Đồng,Nhà Xuất Bản Kim Đồng,,Bìa mềm,75,2018-08-16,Phương Đông Books,available,1000,True,True,True
2907163,Sách Lịch Sử Việt Nam Bằng Tranh Tập 47: Họ Trịnh Trên Đường Suy Vong (Tái Bản),26000,35000,26,4.8,10,150,Trần Bạch Đằng,NXB Trẻ,NXB Trẻ,,Bìa mềm,100,,Tiki Trading,available,1000,False,True,True
540417,Sách Hành Trình Theo Chân Bác,125000,125000,0,0.0,0,1,Trần Đức Tuấn,NXB Trẻ,NXB Trẻ,,Bìa mềm,340,2016-06-01,Bamboo Books,available,1000,True,True,True
279175482,TÔN GIÁO HỌC VÀ KHẢO CỔ HỌC TÔN GIÁO Ở VIỆT NAM - Nguyễn Quốc Tuấn - Nhà xuất bản Đại học Sư phạm,220000,220000,0,0.0,0,1,Nguyễn Quốc Tuấn,NXB Đại Học Sư Phạm,Nhà Xuất Bản Đại Học Sư Phạm,,,392,,BÌNH BÁN BOOK,available,1000,True,True,True
279097475,(Tái bản 2026) 5 TÁC PHẨM BẢO VẬT QUỐC GIA – Hồ Chí Minh – NXB Chính trị Quốc gia Sự thật,90000,90000,0,0.0,0,0,Hồ Chí Minh,Nhà Xuất Bản Chính Trị Quốc Gia Sự Thật,Nhà Xuất Bản Chính Trị Quốc Gia Sự Thật,,Bìa mềm,284,,BÌNH BÁN BOOK,available,1000,True,True,True
279070365,Họ Và Tên - Một Lịch Sử Nhìn Từ Danh Tính Người Việt,302680,329000,8,0.0,0,4,Trần Quang Đức,Nhã Nam,Nhà Xuất Bản Thế Giới,,Bìa mềm,373,2026-01-09,Nhà sách NetaBooks,available,1000,True,True,True
278530998,Những Cánh Thư Ra Bắc Vào Nam - Chuyện Về Những Bức Thư Của Gia Đình Đại Tướng Nguyễn Chí Thanh ,116000,145000,20,0.0,0,0,nhieu tac gia,Omega Plus,Nhiều Nhà Xuất Bản,,Bìa mềm,240,,Alpha Books Official,available,1000,True,True,True
278295502,Cao Đẳng Quốc Dân - Phan Bội Châu,71250,75000,5,0.0,0,0,Phan Bội Châu,Nhà xuất bản Tổng hợp TP.HCM ,Nhà Xuất Bản Tổng hợp TP.HCM,,Bìa mềm tay gấp,104,2025-07-11,Cá Chép Bookstore,available,1000,True,True,True
278117609,"(Bìa cứng, in màu) ĐẠI TƯỚNG VÕ NGUYÊN GIÁP – Thông tấn xã Việt Nam – NXB Thông Tấn",399000,399000,0,0.0,0,0,,NXB Thông Tấn,Nhà Xuất Bản Thông Tấn,,,,,BÌNH BÁN BOOK,available,1000,True,True,True
278003566,Các Triều Đại Việt Nam (Tái Bản 2025),138000,138000,0,0.0,0,0,"Quỳnh Cư, Đỗ Đức Hùng",Huy Hoàng Bookstore,Nhà Xuất Bản Dân Trí,,Bìa mềm,420,,An Lạc,available,1000,True,True,True
277866662,Sách - Giáo Trình Lịch Sử Kiến Trúc Thế Giới (Tập 2),167000,167000,0,0.0,0,0,,NHÀ XUẤT BẢN XÂY DỰNG,Nhà Xuất Bản Xây Dựng,,,,,Bảo Châu Books,available,1000,True,True,True
277515695,Từ Sông Bến Hải Đến Dinh Độc Lập,153000,219000,30,0.0,0,1,Hoàng Đan,Alpha Books,Nhà Xuất Bản Thông Tấn,,Bìa mềm tay gấp,400,,Omega Plus Books,available,1000,True,True,True
277031559,Góp nhặt - Tìm hiểu lịch sử Việt,209000,220000,5,0.0,0,0,,Nhà xuất bản Tổng hợp TP.HCM ,Nhà Xuất Bản Tổng hợp TP.HCM,,Bìa mềm tay gấp,398,2025-01-16,Cá Chép Bookstore,available,1000,True,True,True
276751222,Đông Dương Cuộc Chiến Tiền Tệ 1946-1954 - Le Trafic De Piastres - Jacques Despuech; Mai Yến Thi dịch ,158000,158000,0,0.0,0,0,,Công ty cổ phần đầu tư phát triển Trường Phương,Nhà Xuất Bản Thông Tin Và Truyền Thông,,Bìa mềm tay gấp,204,2024-12-09,VIETNAMBOOK,available,1000,True,True,True
276671446,Việt Sử Tân Ước Toàn Biên (Hoàng Đạo Thành) - Omega Plus ,258000,258000,0,5.0,1,2,,Omega Plus,Nhà Xuất Bản Văn Học,,Bìa mềm,312,2024-11-30,Sống Official,available,1000,True,True,True
276500236,"Bộ sách LỊCH SỬ QUÂN SỰ VIỆT NAM (14 tập) – Viện Lịch sử Quân sự Việt Nam, Bộ Quốc phòng - NXB CTQGST",2500000,2500000,0,0.0,0,0,,NXB Chính Trị Quốc Gia Sự Thật,Nhà Xuất Bản Chính Trị Quốc Gia Sự Thật,,Bìa mềm,,,Bảo Châu Books,available,1000,True,True,True
276116390,Hỏi Đáp Lịch Sử Việt Nam (Bộ Hộp 10 Cuốn),1400000,1400000,0,0.0,0,5,Nhóm Nhân Văn Trẻ,NXB Trẻ,NXB Trẻ,,Bìa mềm,3904,2024-09-10,Nhà sách NetaBooks,available,1000,True,True,True
275863696,Chủ Tịch Hồ Chí Minh Với Cuộc Hành Trình Của Thời Đại - Tư Tưởng Hồ Chí Minh Về Phát Triển Bền Vững Và Sự Vận Dụng Ở Việt Nam Hiện Nay - TS. Phạm Công Thưởng,76000,76000,0,0.0,0,7,,VIETNAMBOOK,Nhà Xuất Bản Quân Đội Nhân Dân,,Bìa mềm tay gấp,152,2024-08-07,VIETNAMBOOK,available,1000,True,True,True
275484594,"Địa Danh Và Chủ Quyên Lãnh Thổ Việt Nam - Kim Quang Minh, Trịnh Anh Cơ",75750,101000,25,0.0,0,7,"Kim Quang Minh, Trịnh Anh Cơ",VIETNAMBOOK,Nhà Xuất Bản Hà Nội,,Bìa mềm tay gấp,184,2024-07-01,VIETNAMBOOK,available,1000,True,True,True
275157489,Sách - Từ Bến Nghé Tới Sài Gòn - Trần Nhật Vy - NXB Tổng Hợp,85000,85000,0,0.0,0,0,Trần Nhật Vy,NXB Tổng Hợp Hồ Chí Minh,Nhà Xuất Bản Văn Hóa - Văn Nghệ,,Bìa mềm,,,Bamboo Books,available,1000,True,True,True
274847951,Sách Lịch Sử- Địa Lý: Tủ Sách Biển Đảo Việt Nam - Trường Sa - Nơi Ta Đến - Here Were Come,185000,185000,0,0.0,0,0,,Kim Đồng,Nhà Xuất Bản Kim Đồng,,,,,Nhà Sách Vĩnh Thụy,available,1000,True,True,True
274573552,Nội Các Chính Quyền Sài Gòn Những Ngày Cuối Tháng 4 - 1975 (Kỷ niệm 50 năm ngày giải phóng miền Nam thống nhất đất nước 1975 - 2025),90000,120000,25,5.0,7,44,nhieu tac gia,VIETNAMBOOK,Nhà Xuất Bản Quân Đội Nhân Dân,,Bìa mềm tay gấp,240,2024-03-23,VIETNAMBOOK,available,1000,True,True,True
274384078,Sách Hay Về Lịch Sử Văn Hóa: Đời Giấy - Lật Từng Trang Thế Giới,220500,220500,0,0.0,0,1,,Huy Hoàng Bookstore,Nhà Xuất Bản Thanh Niên,,,,,Phương Đông Books,available,1000,True,True,True
273728956,"Cuba-Việt Nam - Hai Dân Tộc, Một Lịch Sử",297000,297000,0,0.0,0,0,,NXB Chính Trị Quốc Gia,Nhà Xuất Bản Chính Trị Quốc Gia Sự Thật,,,,,Bamboo Books,available,1000,True,True,True
272529422,"Cuba - Việt Nam: Hai dân tộc, một lịch sử (bản in 2023)",297000,297000,0,0.0,0,0,,Nhà Xuất Bản Chính Trị Quốc Gia Sự Thật,Nhà Xuất Bản Chính Trị Quốc Gia Sự Thật,,,,,Bamboo Books,available,1000,True,True,True
272406281,CÁC TRIỀU ĐẠI VIỆT NAM,120000,120000,0,0.0,0,0,,Huy Hoàng Bookstore,Nhà Xuất Bản Thanh Niên,,,,,AHABOOKS,available,1000,True,True,True
271846052,Trần Khát Chân,96800,149000,35,0.0,0,5,Lương Hạnh,Công Ty TNHH Xuất Bản Và Truyền Thông BestBooks Việt Nam,Nhà Xuất Bản Phụ Nữ Việt Nam,,,,,Nhà sách Fahasa,available,1000,True,True,True
271314652,Trí Thức Việt Nam Với Phong Trào Giải Phóng Dân Tộc Từ Đầu Thế Kỷ XX Đến 1945,93500,110000,15,0.0,0,3,Nguyễn Đình Thống,Nhà xuất bản Tổng hợp TP.HCM ,Nhà Xuất Bản Tổng hợp TP.HCM,,,,,NXB TỔNG HỢP,available,1000,True,True,True
263696240,Cuộc Vây,120000,120000,0,0.0,0,0,Duy Lê,Phương Nam Book,Nhà Xuất Bản Đà Nẵng,,Bìa mềm,252,,Nhà Sách Phương Nam,available,1000,True,True,True
250228963,Combo Sách Những Cuốn Sách Thay Đổi Lịch Sử + Những Trận Chiến Thay Đổi Lịch Sử (Bộ 2 Cuốn),801000,890000,10,0.0,0,0,Nhiều tác giả,dong a,NXB Dân Trí,,,,,Nhà sách Fahasa,available,1000,True,False,True
214731924,Boxset Đại Việt Sử Ký Toàn Thư (Bộ 2 cuốn),2500000,2500000,0,0.0,0,0,nhieu tac gia,NXB Văn Học,Nhà Xuất Bản Văn Học,,,1768,,FishingBook,available,1000,True,False,True
209387711,Sách Vua Duy Tân trong tôi,82900,119000,30,5.0,4,48,Nguyễn Hữu Nam,BESTBOOKS,Nhà Xuất Bản Đà Nẵng,,Bìa mềm,200,2022-12-01,Tiki Trading,available,1000,False,True,True
194198632,Các Triều Đại Việt Nam,131000,131000,0,0.0,0,0,"Quỳnh Cư, Đỗ Đức Hùng",Huy Hoàng Bookstore,Nhà Xuất Bản Đại Học Quốc Gia Hà Nội,,Bìa mềm,417,,Minhhabooks,available,1000,True,True,True
173211589,LỊCH TRIỀU TẠP KỶ (tập 1) – HOA BẰNG dịch – in bản Hán văn -,299000,299000,0,0.0,0,1,,Công ty TNHH Quốc Tế Mai Hà,Nhà Xuất Bản Khoa Học Xã Hội,,,,,BÌNH BÁN BOOK,available,1000,True,True,True
128626318,Chuyện 1968,120000,120000,0,3.0,2,16,Trầm Hương,Nhà Xuất Bản Văn Hóa - Văn Nghệ,Nhà Xuất Bản Văn Hóa - Văn Nghệ TP.HCM,,Bìa mềm,429,2018-01-31,TYMBooks,available,1000,True,True,True
55445290,Combo Sách : Bước Mở Đầu Của Sự Thiết Lập Hệ Thống Thuộc Địa Pháp Ở Việt Nam (1858 - 1897) + Tiểu Luận Về Dân Bắc Kỳ,489000,489000,0,0.0,0,0,.,Alphabooks,Nhà Xuất Bản Hồng Đức,,Bìa mềm,,,FishingBook,available,1000,True,True,True
23046239,Biển Việt Nam và các mối giao thương biển,180000,180000,0,4.8,5,19,Nguyễn Văn Kim,NXB ĐH Quốc gia Hà Nội ,Nhà Xuất Bản Đại Học Quốc Gia Hà Nội,,Bìa mềm,533,2019-06-06,HaAnBooks,available,1000,True,True,True
17592089,Sách Đô Thị Sài Gòn Thành Phố Hồ Chí Minh Khảo Cổ Học Và Bảo Tồn Di Sản,81600,85000,4,4.3,3,42,Nguyễn Thị Hậu,NXB Tổng Hợp,,,Bìa mềm,264,2019-05-01,Nhà sách Fahasa,available,1000,True,True,True
7070113,Sách Lịch Sử Doang Nghiệp Và Công Nghiệp Ở Sài Gòn Và Nam Kỳ Từ Giữa Thế Kỷ Xix Đến Năm 1945,164600,185000,11,4.8,4,15,,Dtbooks,,,Bìa mềm,335,2018-11-06,Nhà sách Fahasa,available,1000,True,True,True
3955775,Sách Gốm,94500,105000,10,4.5,2,9,Nguyễn Hữu Nam,DT Books,,,Bìa mềm,194,2018-08-01,Nhà sách Fahasa,available,1000,True,True,True
1374359,Sách Hải Ngoại Huyết Thư,37800,54000,30,5.0,8,170,Phan Bội Châu,Công Ty Cổ Phần Tri thức Văn Hóa Sách Việt Nam,,,Bìa mềm,184,2017-01-01,VIETNAMBOOK,available,1000,True,True,True
652293,Sách Tổ Chức Phòng Thủ Và Hoạt Động Bảo Vệ Vùng Biển Miền Trung Dưới Triều Nguyễn Giai Đoạn 1802 - 1885,97500,97500,0,0.0,0,13,Lê Tiến Công,DT Books,,,Bìa mềm,320,2017-05-24,DTBOOKS,available,1000,True,True,True
548773,Combo Bão Táp Triều Trần (Trọn Bộ 06 Cuốn),750000,750000,0,0.0,0,0,Hoàng Quốc Hải,Phụ Nữ,Nhà Xuất Bản Phụ Nữ,,Bìa mềm,,2016-09-29,Bamboo Books,available,1000,True,True,True
278911369,(Sách thuộc 50 tác phẩm VHNT tiêu biểu nhà nước) NỖI BUỒN CHIẾN TRANH – Bảo Ninh – NXB Trẻ,117000,117000,0,0.0,0,5,nhieu tac gia,NXB Trẻ,NXB Trẻ,,Bìa mềm,348,,BÌNH BÁN BOOK,available,1000,True,True,True
278859969,Sách - Hà Nội 1987 (Sách ảnh - bìa cứng) (Nhã Nam HCM),316800,360000,12,0.0,0,1,Jean-Charles Sarrazin,Nhã Nam,Nhà Xuất Bản Thông Tấn,,Bìa cứng,250,2025-11-10,Nhã Nam HCM,available,1000,True,True,True
278382683,Lịch sử đạo Thiên Chúa ở Việt Nam thế kỷ XVI - XVII,115000,115000,0,0.0,0,3,Hồng Lam,Đông Tây,Nhà Xuất Bản Thuận Hóa,,Bìa mềm,127,2024-07-31,Đông Tây,available,1000,True,True,True
278305872,Nghìn Xưa Văn Hiến,198000,198000,0,0.0,0,1,nhieu tac gia,Nhà Xuất Bản Kim Đồng,Nhà Xuất Bản Kim Đồng,,Bìa mềm,552,2025-07-12,Nhà sách NetaBooks,available,1000,True,True,True
277920195,Sách Những Kí Ức Điện Biên,39200,40000,2,0.0,0,1,Nhiều tác giả,Nhà Xuất Bản Kim Đồng,Nhà Xuất Bản Kim Đồng,,Bìa mềm,132,2025-01-05,Tiki Trading,available,1000,False,True,True
277779720,Việt Sử: Xứ Đàng Trong 1558 - 1777- Cuộc Nam tiến của dân tộc Việt Nam,299000,299000,0,0.0,0,16,,Cty Văn Hóa Văn Lang,Nhà Xuất Bản Tổng hợp Đà Nẵng,,Bìa mềm,544,,Sách Hay Cho Bạn,available,1000,True,True,True
277769396,"Sách - Hồi Ký Nguyễn Thị Bình - Gia Đình, Bạn Bè Và Đất Nước - Bìa Cứng",212800,224000,5,5.0,11,80,Nguyễn Thị Bình,NXB Chính Trị Quốc Gia,Nhà Xuất Bản Chính Trị Quốc Gia Sự Thật,,Bìa cứng,,2023-12-21,Nhà sách Fahasa,available,1000,True,True,True
277545156,"THÀNH LẬP VÀ THAY ĐỔI ĐỊA DANH, ĐỊA GIỚI ĐƠN VỊ HÀNH CHÍNH TRONG LỊCH SỬ VIỆT NAM (bộ 2 tập) - bản in 2025",1750000,1750000,0,0.0,0,0,,Nhà Xuất Bản Chính Trị Quốc Gia Sự Thật,Nhà Xuất Bản Chính Trị Quốc Gia Sự Thật,,,,,Bảo Châu Books,available,1000,True,True,True
277436511,Sách - Huế Và Triều Nguyễn Theo Dấu Thời Gian,155100,165000,6,5.0,1,7,,NXB Tổng Hợp TPHCM,Nhà Xuất Bản Tổng hợp TP.HCM,,Bìa mềm,,2023-12-21,Nhà sách Fahasa,available,1000,True,True,True
277029269,Sách - Việt Nam phong tục (Nhã Nam HCM),95920,109000,12,0.0,0,1,Phan Kế Bính,Nhã Nam,Nhà Xuất Bản Hội Nhà Văn,,Bìa mềm,304,2020-09-01,Nhã Nam HCM,available,1000,True,True,True
276974552,Đại Nam dật sự - bản in 2025,188000,188000,0,0.0,0,0,,Nhà Xuất Bản Chính Trị Quốc Gia Sự Thật,Nhà Xuất Bản Chính Trị Quốc Gia Sự Thật,,,,,Bảo Châu Books,available,1000,True,True,True
276914818,Khái Lược Lịch Sử Tư Tưởng Triết Học Việt Nam (Tái bản lần thứ hai có chỉnh lý) - Nguyễn Tài Đông (Chủ biên),155000,155000,0,0.0,0,3,nhieu tac gia,NXB Đại Học Sư Phạm,Nhà Xuất Bản Đại Học Sư Phạm,,Bìa mềm,392,2024-12-30,VIETNAMBOOK,available,1000,True,True,True
276493084,Sách Phong vị Nam Hà,93000,130000,28,0.0,0,5,Vĩnh Thông,NXB Tổng Hợp TP. HCM,Nhà Xuất Bản Tổng hợp TP.HCM,,Bìa mềm,276,,Tiki Trading,available,1000,False,True,True
276025181,Việt Nam: Lịch Sử Không Biên Giới - Cuốn Sách Mở Ra Tri Thức Mới Mẻ Về Lịch Sử Nước Nhà - Omega Plus,260000,325000,20,5.0,1,19,Trần Tuyết Nhung,Omega Plus,Nhà Xuất Bản Khoa Học Xã Hội,,Bìa mềm,488,2024-08-27,Alpha Books Official,available,1000,True,True,True
274911828,Điện Biên Phủ (bản in 2024),360000,360000,0,0.0,0,6,,Nhà Xuất Bản Chính Trị Quốc Gia Sự Thật,Nhà Xuất Bản Chính Trị Quốc Gia Sự Thật,,,,,Nhà Sách Lao Động,available,1000,True,True,True
274629387,Sách Y tế phương tây ở Bắc Kỳ (1873 - 1945),160000,160000,0,0.0,0,0,Bùi Thị Hà,NXB Tổng Hợp TP. HCM,Nhà Xuất Bản Tổng hợp TP.HCM,,Bìa mềm,376,2024-03-01,Nhà Sách Vĩnh Thụy,available,1000,True,True,True
274371462,"[In hai màu, bổ sung các bài viết mới] BA ĐỒN MẠN THUẬT - Nguyễn Quang Lập - Omega Plus - NXB Hội Nhà Văn.",490000,545000,10,0.0,0,3,Nguyễn Quang Lập,Omega Plus,Nhà Xuất Bản Hội Nhà Văn,,Bìa mềm,644,,Alpha Books Official,available,1000,True,True,True
273535865,Hoàng Lê Nhất Thống Chí,140000,140000,0,0.0,0,0,Ngô Gia Văn Phái,Kim Đồng,Nhà Xuất Bản Kim Đồng,,Bìa mềm,384,,Nhà Sách Vĩnh Thụy,available,1000,True,True,True
273380824,Văn Hóa Vật Chất Và Văn Hóa Xã Hội Thời Kì ĐẠI VIỆT (Bìa cứng),490000,490000,0,0.0,0,0,nhieu tac gia,Đông Tây,Nhà Xuất Bản Hồng Đức,,Bìa mềm,754,2023-09-15,Bamboo Books,available,1000,True,True,True
272048029,Xã Hội Việt Nam Thời Lê-Nguyễn,275000,275000,0,0.0,0,0,Lê Nguyễn,NXB Hồng Đức,Nhà Xuất Bản Hồng Đức,,Bìa mềm,348,,SÁCH ĐẠI NAM,available,1000,True,True,True
271781635,"Chuyện Nghề Báo, Nhà Báo Sài Gòn Thuở Ban Đầu",46750,55000,15,0.0,0,3,Trần Nhật Vy,Nhà xuất bản Tổng hợp TP.HCM ,Nhà Xuất Bản Tổng hợp TP.HCM,,,,,NXB TỔNG HỢP,available,1000,True,True,True
253614101,(Bìa Cứng) Việt Nam Thời Dựng Nước - Keith Weller Taylor - Thiếu Khanh dịch,299000,299000,0,0.0,0,0,Keith Weller Taylor,Nhà xuất bản Tổng hợp TP.HCM ,Nhà Xuất Bản Tổng hợp TP.HCM,,Bìa mềm,572,2020-10-01,HỆ THỐNG NHÀ SÁCH ABC,available,1000,True,True,True
249646830,Sách - Từ điển văn hoá cổ truyền Việt Nam,245000,245000,0,0.0,0,3,Hữu Ngọc, NXB Kim Đồng,Nhà Xuất Bản Kim Đồng,,Bìa mềm,840,,Bảo Châu Books,available,1000,True,True,True
248672250,Lực Lượng Mãnh Hổ  - Mitch Weiss,286000,286000,0,0.0,0,0,Mitch Weiss,Cty Bán Lẻ Phương Nam,Nhà Xuất Bản Thế Giới,,Bìa mềm,472,2023-03-05,SÁCH ĐẠI NAM,available,1000,True,True,True
248638380,"(Boxset 8 phần tiếp theo, bìa cứng) LỊCH SỬ VIỆT NAM BẰNG TRANH – Trần Bạch Đằng - Nxb Trẻ",1007000,1007000,0,0.0,0,0,,NXB Trẻ,NXB Trẻ,,,,,BÌNH BÁN BOOK,available,1000,True,True,True
247199800,Trọ Bộ Đại Việt Sử Ký Toàn Thư (Tái Bản),220000,220000,0,0.0,0,0,,Nhà sách Minh Thắng,Nhà Xuất Bản Hồng Đức,,Bìa cứng,1284,,Minhhabooks,available,1000,True,True,True
215786445,Sapiens Lược Sử Loài Người,299000,299000,0,0.0,0,0,,Alpha Books,Nhà Xuất Bản Tri Thức,,,,,FishingBook,available,1000,True,True,True
214731872,Việt Nam Sử Lược (Ấn Bản Kỷ Niệm 100 Năm Xuất Bản Lần Đầu),660000,660000,0,0.0,0,0,Trần Trọng Kim,NXB Văn Học,Nhà Xuất Bản Văn Học,,Bìa mềm,656,,FishingBook,available,1000,True,True,True
201717853,Việt Nam Sử Lược - Trần Trọng Kim,660000,660000,0,0.0,0,1,Trần Trọng Kim,Công Ty Cổ Phần Văn Hóa Đông A,Nhà Xuất Bản Văn Học,,Bìa cứng,656,2021-07-15,Bamboo Books,available,1000,True,True,True
200795302,Sách Trần Triều Nhàn Thoại,75000,75000,0,0.0,0,0,Đồng Lạc,Tri Thức Trẻ Books,Nhà Xuất Bản Hội Nhà Văn,,Bìa mềm,268,2022-06-06,SÁCH ĐẠI NAM,available,1000,True,True,True
160814504,Đàng Trong Lịch Sử Và Văn Hóa,165000,165000,0,0.0,0,4,Trần Thuận,NXB Tổng Hợp TPHCM,Nhà Xuất Bản Tổng hợp TP.HCM,,,,,TYMBooks,available,1000,True,True,True
137429486,Sách Việt Nam Sử Lược (Ấn bản kỉ niệm 100 năm xuất bản lần đầu - 1920-2020),660000,660000,0,0.0,0,0,Trần Trọng Kim,Nhà xuất bản Văn Học,Nhà Xuất Bản Văn Học,,Bìa cứng,656,,FishingBook,available,1000,True,False,True
73437399,Sách Các Vị Nữ Danh Nhân Việt Nam,88000,120000,27,5.0,6,41,Lê Minh Quốc,NXB Trẻ,NXB Trẻ,,Bìa mềm,280,2020-11-15,Tiki Trading,available,1000,False,True,True
68377425,Lịch Sử Tư Tưởng Việt Nam - Tập 1,160000,160000,0,5.0,7,22,, NXB Đại Học Sư Phạm,Nhà Xuất Bản Đại Học Sư Phạm,,Bìa mềm,430,,NXB Đại học Sư phạm,available,1000,True,True,True
56903409,"Sách 12.2.1968 - Ký ức kinh hoàng về cuộc thảm sát Phong Nhất, Phong Nhị",235500,256000,8,5.0,2,19,,PHANBOOK,Nhà Xuất Bản Đà Nẵng,,Bìa mềm,423,,Nhà sách Fahasa,available,1000,True,True,True
55422211,Lịch Sử Và Học Thuyết Của Voltaire,75000,75000,0,0.0,0,1,Nam Phong Tùng Thư,NXB Văn hóa Văn nghệ TP.HCM,Nhà Xuất Bản Văn Hóa Văn Nghệ,,,,,TYMBooks,available,1000,True,True,True
36332859,Combo Tâm Lý Người An Nam + Hội Kín Xứ An Nam + Tâm Lý Dân Tộc An Nam,388000,388000,0,0.0,0,2,,Nhiều công ty phát hành,,,Bìa mềm,,,SÁCH ĐẠI NAM,available,1000,True,True,True
879672,Sách Kỳ Ảo Đất Phương Nam,140000,140000,0,5.0,1,7,Bs. Kỳ Hương,Phương Nam,Nhà Xuất Bản Tổng hợp TP.HCM,,Bìa mềm,527,2017-07-01,Bamboo Books,available,1000,True,True,True
491760,Truyện Đọc Lịch Sử Việt Nam (Tập 5),24000,30000,20,5.0,1,3,Nhóm tác giả,NXB Thông tin Truyền thông,Nhà Xuất Bản Thông Tin Và Truyền Thông,,Bìa mềm,117,2015-12-22,nxbkhoahoccongnghetruyenthong,available,1000,True,True,True
429877,Sách Lịch Sử Việt Nam Bằng Tranh (Tập 4) - Thời Nhà Lý,84000,125000,33,5.0,33,584,Trần Bạch Đằng (chủ biên),NXB Trẻ,NXB Trẻ,,Bìa mềm,316,2015-03-06,Tiki Trading,available,1000,False,True,True
279189430,Sách Trui rèn trong lửa đỏ - Ký sự truyền thống Thành Đoàn ...,70000,90000,22,5.0,1,1,Câu lạc bộ truyền thống Thành Đoàn,NXB Trẻ,NXB Trẻ,,Bìa mềm,496,2026-02-10,Tiki Trading,available,1000,False,True,True
279128306,"(Trọn bộ 5 tập, tái bản 2026) SƠ THẢO LỊCH SỬ VĂN HỌC VIỆT NAM – Văn Tân, Hoài Thanh, Nguyễn Đổng Chi, Nguyễn Hồng Phong, Vũ Ngọc Phan  -  NXB CTQG Sự Thật",710000,710000,0,5.0,2,3,nhieu tac gia,Nhà Xuất Bản Chính Trị Quốc Gia Sự Thật,Nhà Xuất Bản Chính Trị Quốc Gia Sự Thật,,Bìa mềm,1545,,BÌNH BÁN BOOK,available,1000,True,True,True
279127094,Chuyện Trà - Lịch Sử Một Thức Uống Lâu Đời Của Người Việt,350550,369000,5,0.0,0,0,Trần Quang Đức,Nhã Nam,Nhà Xuất Bản Thế Giới,,Bìa mềm,352,2026-01-24,Nhà sách NetaBooks,available,1000,True,True,True
279096571,"Chủ tịch Hồ Chí Minh ngày này năm xưa tập 2 (Xuất bản lần thứ ba, có sửa chữa bổ sung)",251000,251000,0,0.0,0,0,Chính Trị Quốc Gia Sự Thật,Nhà Xuất Bản Chính Trị Quốc Gia Sự Thật,Nhà Xuất Bản Chính Trị Quốc Gia Sự Thật,,Bìa mềm,,2026-01-01,Bảo Châu Books,available,1000,True,True,True
278896189,Lịch Triều Hiến Chương Loại Chí - Khoa Mục Chí,149000,149000,0,0.0,0,0,Phan Huy Chú,Nhà xuất bản Tổng hợp TP.HCM ,Nhà Xuất Bản Tổng hợp TP.HCM,,Bìa mềm,244,2025-11-26,Nhà sách NetaBooks,available,1000,True,True,True
278746296,Quang Trung - Anh hùng dân tộc (1788-1792),142000,142000,0,0.0,0,0,Hoa Bằng,Nhà Xuất Bản Chính Trị Quốc Gia Sự Thật,Nhà Xuất Bản Chính Trị Quốc Gia Sự Thật,,Bìa mềm,402,2024-08-13,Tiệm sách Đồng Muối,available,1000,True,True,True
278641821,KỂ CHUYỆN VUA QUAN NHÀ NGUYỄN – Phạm Khắc Hòe – NXB Hội Nhà Văn,180000,180000,0,0.0,0,2,Phạm Khắc Hòe,NXB Hội Nhà Văn,Nhà Xuất Bản Hội Nhà Văn,,Bìa mềm,118,,BÌNH BÁN BOOK,available,1000,True,True,True
278599616,Combo 3 cuốn Kỷ niệm 80 năm CMT8 và Quốc Khánh 2/9: MƯA ĐỎ; HỒI ỨC QUẢNG TRỊ; NHỮNG BỨC DI THƯ THÀNH CỔ ,420000,420000,0,0.0,0,4,nhieu tac gia,Omega Plus,Nhà Xuất Bản Chính Trị Quốc Gia Sự Thật,,Bìa mềm,720,,BÌNH BÁN BOOK,available,1000,True,True,True
278451610,Nguồn Gốc Dân Tộc Việt Nam,80000,80000,0,0.0,0,0,Đào Duy Anh,Nhã Nam,Nhà Xuất Bản Hồng Đức,,Bìa mềm,120,2025-08-01,Nhà sách NetaBooks,available,1000,True,True,True
278449022,Chiến thắng Vàm Nao -Cổ Hũ (1834) - 190 năm nhìn lại ,325000,325000,0,0.0,0,0,Hội khoa học lịch sử Việt Nam,Nhà Xuất Bản Chính Trị Quốc Gia Sự Thật,Nhà Xuất Bản Chính Trị Quốc Gia Sự Thật,,Bìa mềm,,,Bảo Châu Books,available,1000,True,True,True
277864849,"Hồi Ký Nguyễn Thị Bình - Gia Đình, Bạn Bè Và Đất Nước - Bìa Cứng",224000,224000,0,5.0,1,10,,Cty Văn Hóa Văn Lang,Nhà Xuất Bản Chính Trị Quốc Gia Sự Thật,,Bìa cứng,268,,VIETNAMBOOK,available,1000,True,True,True
277497004,Năm Đời Tổng Thống Mỹ Trong Chiến Tranh Xâm Lược Việt Nam,83200,104000,20,5.0,1,14,Bùi Hạnh Cẩn,VIETNAMBOOK,Nhà Xuất Bản Quân Đội Nhân Dân,,Bìa mềm tay gấp,212,2025-03-13,VIETNAMBOOK,available,1000,True,True,True
277353146,Trăm Năm Một Bước Hải Hà - TIMEBOOKS - NHBook,159000,159000,0,0.0,0,0,,Công Ty Cổ Phần Time Books,Nhà Xuất Bản Phụ Nữ Việt Nam,,Bìa mềm,288,2025-02-15,NHBook,available,1000,True,True,True
277214151,Sách - Ngọt Thơm Hương Vị Trái Cây - Tự Làm Mứt Kẹo - NXB Phụ Nữ,72000,72000,0,0.0,0,0,,Nhà xuất bản Phụ Nữ Việt Nam,Nhà Xuất Bản Phụ Nữ Việt Nam,,,,,Bamboo Books,available,1000,True,True,True
276923153,Sách - Nguyễn Văn Linh - Hành Trình Cùng Lịch Sử,201600,210000,4,5.0,1,1,nhieu tac gia,NXB Trẻ,NXB Trẻ,,Bìa mềm,,2023-12-21,Nhà sách Fahasa,available,1000,True,True,True
276919177,"Sách - Đà Lạt, Thành Phố Trong Album - NXB Trẻ",190000,190000,0,0.0,0,2,,NXB Trẻ,NXB Trẻ,,,,,Bamboo Books,available,1000,True,True,True
276323610,"Combo 4c tg Huỳnh Thanh Bình: Quy pháp đồ tượng- Hundu và Phật giáo Ấn Độ, Tranh tường Khmer Nam Bộ, Biểu tượng thần thoại về Chư thiên & linh vật Phật Giáo và Tranh dân gian Nam Bộ (có ký tặng của tác giả)",829000,829000,0,0.0,0,0,Huỳnh Thanh Bình,Nhà xuất bản Tổng hợp TP.HCM ,Nhà Xuất Bản Tổng hợp TP.HCM,,Bìa mềm tay gấp,1248,2024-09-26,Sách Thành Vinh,available,1000,True,True,True
275882414,Sài Gòn Đẹp Xưa (PB),145080,156000,7,5.0,1,2,Phạm Công Luận,CÔNG TY TNHH PHAN LỆ & FRIENDS,Nhà Xuất Bản Lao Động,,Bìa mềm,204,,Văn Lang Official Store,available,1000,True,True,True
274833370,Viết về Điện Biên Phủ,65000,65000,0,0.0,0,0,Thép Mới,Nhà Xuất Bản Chính Trị Quốc Gia Sự Thật,Nhà Xuất Bản Chính Trị Quốc Gia Sự Thật,,Bìa mềm,151,2024-04-04,Bamboo Books,available,1000,True,True,True
274832158,Tín ngưỡng thờ cúng Hùng Vương ở Việt Nam (bản in 2024),128000,128000,0,0.0,0,0,,Nhà Xuất Bản Chính Trị Quốc Gia Sự Thật,Nhà Xuất Bản Chính Trị Quốc Gia Sự Thật,,,,,Bamboo Books,available,1000,True,True,True
274713696,Miền Bắc - Một Thời Chiến Tranh Một Thời Hòa Bình,285000,285000,0,0.0,0,0,,NXB Mỹ Thuật,Nhà Xuất Bản Mỹ Thuật,,Bìa mềm,152,,Nhà Sách Phương Nam,available,1000,True,True,True
274463189,Sách - Thư cho em - Chuyện tình tướng Hoàng Đan và vợ qua lời kể con trai - Nhã Nam Official,140000,140000,0,0.0,0,0,,Nhã Nam,Nhà Xuất Bản Hội Nhà Văn,,Bìa mềm,310,,info book,available,1000,True,True,True
274458931,Sách Lịch sử Việt Nam bằng tranh - Lý Nam đế và nước Vạn Xuân (Bản màu),47000,65000,28,5.0,1,30,"Nguyễn Đức Hòa, Tôn Nữ Quỳnh Trân, Nguyễn Thùy Linh, Trần Bạch Đằng",NXB Trẻ,NXB Trẻ,,Bìa mềm,84,2024-03-13,Tiki Trading,available,1000,False,True,True
273669208,Trạm Đọc Official | Khắc Họa Bức Tranh Lịch Sử Nam Kỳ,159000,199000,20,0.0,0,0,,Công ty Cổ phần Sách Omega Việt Nam,Nhà Xuất Bản Tổng hợp TP.HCM,,,,,Alpha Books Official,available,1000,True,True,True
273643974,(tái bản lần thứ 9) CƠ SỞ VĂN HÓA VIỆT NAM – GS.TSKH. Trần Ngọc Thêm ,125000,125000,0,0.0,0,23,Trần Ngọc Thêm,NXB Đại Học Quốc Gia TP.HCM,Nhà Xuất Bản Đại Học Quốc Gia TP.HCM,,Bìa mềm,360,,BÌNH BÁN BOOK,available,1000,True,True,True
273546902,Đô thị Sài Gòn Chợ Lớn trước năm 1945 qua tài liệu lưu trữ,220000,220000,0,0.0,0,0,nhieu tac gia,NXB Tổng hợp Thành Phố Hồ Chí Minh,NXB Tổng Hợp Thành Phố Hồ Chí Minh,,Bìa mềm,551,2023-11-22,Nhà sách NetaBooks,available,1000,True,True,True
272225792,Đàng Trong Lịch Sử Và Văn Hóa,165000,165000,0,0.0,0,0,Trần Thuận,Nhà xuất bản Tổng hợp TP.HCM ,Nhà Xuất Bản Tổng hợp TP.HCM,,,,,info book,available,1000,True,True,True
272058837,Tống Thái Tổ -Triệu Khuông Dẫn - Vanlangbooks,85500,95000,10,0.0,0,0,,VanLangBooks,Nhà Xuất Bản Văn Học,,Bìa mềm,550,2007-09-01,Bảo Châu Books,available,1000,True,True,True
269955111,Cây Cao Su Ở Việt Nam - Dưới Góc Nhìn Lịch Sử - Sinh Thái (1897 - 1975),285000,285000,0,0.0,0,0,Michitake Aso,Nhà xuất bản Tổng hợp TP.HCM ,Nhà Xuất Bản Tổng hợp TP.HCM,,Bìa mềm,594,2023-07-05,Nhà sách NetaBooks,available,1000,True,True,True
261967269,Quốc Sử Di Biên,199000,199000,0,0.0,0,0,,Cty Tri Thức Văn Hóa Sách VN,NXB Trẻ,,,,,Bamboo Books,available,1000,True,True,True
251395898,Đại Nam Thực Lục  - Chính Biên Đệ Thất Kỷ,340000,400000,15,5.0,1,16,Cao Tự Thanh,Nhà xuất bản Tổng hợp TP.HCM ,Nhà Xuất Bản Tổng hợp TP.HCM,,Bìa cứng,638,,NXB TỔNG HỢP,available,1000,True,True,True
225267232,Tủ Sách Kể Chuyện Lịch Sử Trung Quốc: Kể Chuyện Tần Hán _HA,93800,140000,33,0.0,0,0,,Nhà Sách Hồng Ân,Nhà Xuất Bản Dân Trí,,Bìa mềm,440,,Bảo Châu Books,available,1000,True,True,True
208068816,Thăng Long Kinh Kì - Kẻ Chợ - Hà Nội thời cận đại,72000,72000,0,0.0,0,0,"Nguyễn Quốc Tín,  Nguyễn Huy Thắng", NXB Kim Đồng,Nhà Xuất Bản Kim Đồng,,Bìa mềm,232,2022-10-03,Bamboo Books,available,1000,True,True,True
205518710,[Combo 16 tập] LỊCH SỬ VIỆT NAM BẰNG TRANH – NXB Trẻ,1050000,1050000,0,0.0,0,0,,NXB Trẻ,NXB Trẻ,,,,,HỆ THỐNG NHÀ SÁCH ABC,available,1000,True,True,True
172024648,A History Of Vn In Pictures - Nguyễn Trãi,177600,185000,4,0.0,0,0,"Trần Bạch Đằng,  Nguyễn Huy Khôi",NXB Trẻ,NXB Trẻ,,,,,Nhà sách Fahasa,available,1000,True,True,True
110996581,Hải Ngoại Kỷ Sự,166000,166000,0,5.0,4,17,Thích Đại Sán,NXB Đại Học Sư Phạm,Nhà Xuất Bản Đại Học Sư Phạm,,Bìa mềm,495,2016-04-12,NXB Đại học Sư phạm,available,1000,True,True,True
58708704,Sách Hệ Thống Phòng Thủ Miền Trung Dưới Triều Nguyễn,74000,99000,25,5.0,4,48,Đỗ Bang,Công ty TNHH Quốc Tế Mai Hà,Nhà Xuất Bản Khoa Học Xã Hội,,,,,MaiHaBooks,available,1000,True,True,True
46247010,Mấy Vấn Đề Văn Học Sử Việt Nam,99000,99000,0,0.0,0,3,,Công ty Cổ phần sách và Công nghệ giáo dục Việt Nam - Eduking,Nhà Xuất Bản Thế Giới,,Bìa mềm,,,HaAnBooks,available,1000,True,True,True
25188529,Núi Xanh Nay Vẫn Đó,220000,220000,0,0.0,0,0,Nguyễn Duy Chính,NXB Văn Hoá Văn Nghệ,,,,,,Bamboo Books,available,1000,True,True,True
1667495,Sách Phan Đình Phùng - Một Vị Anh Hùng Có Quan Hệ Đến Lịch Sử Hiện Thời,45000,45000,0,5.0,4,31,"Đào Trinh Nhất, Nguyễn Q. Thắng",Công Ty TNHH Thư Lâm,Nhà Xuất Bản Văn Hóa - Văn Nghệ,,Bìa mềm,263,2018-01-01,Chính Thông,available,1000,True,True,True
279183837,"( Tái bản 2026 ) CHINH CHIẾN VÀ TỪ BỎ: NGHIÊN CỨU QUAN HỆ VIỆT NAM - TRUNG QUỐC ĐỜI MINH -  Trịnh Vĩnh Tường, Nguyễn Phúc An (Dịch và khảo chú) - NXB Tổng Hợp HCM",199000,199000,0,0.0,0,0,nhieu tac gia,Nhà xuất bản Tổng hợp TP.HCM ,Nhà Xuất Bản Tổng hợp TP.HCM,,Bìa mềm,387,,BÌNH BÁN BOOK,available,1000,True,True,True
279160876,(Bìa cứng) PHÁC QUA TÌNH HÌNH RUỘNG ĐẤT VÀ ĐỜI SỐNG NÔNG DÂN TRƯỚC CÁCH MẠNG THÁNG TÁM - Nguyễn Kiến Giang – NXB Đại học Sư phạm,160000,160000,0,0.0,0,0,Nguyễn Kiến Giang,NXB Đại Học Sư Phạm,Nhà Xuất Bản Đại Học Sư Phạm,,Bìa cứng,223,,BÌNH BÁN BOOK,available,1000,True,True,True
278904115,"(Bìa cứng, in màu) HÙNG TƯỢNG, LƯƠNG MÃ: NHỮNG CÂU CHUYỆN VỀ KỴ BINH, TƯỢNG BINH TRONG LỊCH SỬ VIỆT NAM –  Đông Nguyễn, Kaovjets Ngụjens – Thái Hà - NXB Thế Giới",379000,379000,0,0.0,0,2,"Đông Nguyễn, Kaovjets Ngujens",Thái Hà,The Gioi Publisher,,Bìa mềm,,,BÌNH BÁN BOOK,available,1000,True,True,True
278875182,"HÙNG KHÍ ĐÔNG A – S800 – Bản Kỷ Niệm 800 năm Triều Trần (12/12 Ất Dậu, 1225 – 12/12 Ất Tỵ, 2025) - Trần Thanh Cảnh – Tri Thức Trẻ",880000,880000,0,0.0,0,0,Trần Thanh Cảnh,Tri Thức Trẻ Books,Nhà Xuất Bản Hội Nhà Văn,,Bìa cứng,800,,BÌNH BÁN BOOK,available,1000,True,True,True
278817800,LỊCH SỬ VÀ ĐẶC ĐIỂM CỦA MỘT SỐ TÔN GIÁO NAM BỘ – NXB KHXH,138000,138000,0,5.0,1,1,Nguyễn Thị Quế Hương,NXB Khoa Học Xã Hội,Nhà Xuất Bản Khoa Học Xã Hội,,Bìa mềm,230,,BÌNH BÁN BOOK,available,1000,True,True,True
278806331,Boxset Việt Nam Tiểu Học Tùng Thư (4 Cuốn) [Tái Bản 2025],352000,400000,12,5.0,1,5,Nhiều tác giả,Nhà Xuất Bản Kim Đồng,Nhà Xuất Bản Kim Đồng,,Bìa mềm,,,Tiki Trading,available,1000,False,True,True
278446685,NGUỒN GỐC DÂN TỘC VIỆT NAM – Đào Duy Anh – Nhã Nam,80000,80000,0,0.0,0,0,Đào Duy Anh,Nhã Nam,Nhà Xuất Bản Hồng Đức,,Bìa mềm,107,,BÌNH BÁN BOOK,available,1000,True,True,True
278108910,Sách - Tủ Sách Nhân Vật Lịch Sử - Anh Hùng Hào Kiệt Việt Nam,41300,44000,6,0.0,0,0,,Cty Văn Hóa & Truyền Thông Trí Việt.,hong duc,,Bìa mềm,,2023-12-21,Nhà sách Fahasa,available,1000,True,True,True
277941817,Các Triều Đại Việt Nam,131100,138000,5,0.0,0,0,"Quỳnh Cư, Đỗ Đức Hùng",Huy Hoàng Bookstore,Nhà Xuất Bản Dân Trí,,Bìa mềm,420,2025-05-07,Nhà sách NetaBooks,available,1000,True,True,True
277610462,TỪ KINH THÀNH VIJAYA ĐẾN KINH ĐÔ VƯƠNG TRIỀU TÂY SƠN – Lê Đình Phụng – Trường Phương Books - NXB Thuận Hóa,245000,245000,0,0.0,0,1,Lê Đình Phụng,Công ty cổ phần đầu tư phát triển Trường Phương,Nhà Xuất Bản Thuận Hóa,,Bìa mềm,328,,VIETNAMBOOK,available,1000,True,True,True
277591301,Sách Đất Mặn Đất Ngọt (Ngàn Năm Sử Việt – Nhà Nguyễn),46000,50000,8,0.0,0,10,Nghiêm Đa Văn,Nhà Xuất Bản Kim Đồng,Nhà Xuất Bản Kim Đồng,,Bìa mềm,180,2025-01-01,Tiki Trading,available,1000,False,True,True
277591254,Sách Ngàn Năm Sử Việt – Thời Bắc Thuộc – Tiếng Trống Mê Linh,38800,40000,3,5.0,1,12,An Cương,Nhà Xuất Bản Kim Đồng,Nhà Xuất Bản Kim Đồng,,Bìa mềm,124,2025-01-01,Tiki Trading,available,1000,False,True,True
277425587,"Hoàng Sa, Trường Sa Chu Quyền Của Việt Nam - Tư Liệu Và Sự Thật Lịch Sử (Tái bản 2025)",161000,161000,0,0.0,0,8,Nguyễn Quang Ngọc,VIETNAMBOOK,Nhà Xuất Bản Tri Thức,,Bìa mềm tay gấp,268,2025-02-28,VIETNAMBOOK,available,1000,True,True,True
277348331,(Bộ 2 cuốn) BỘ SÁCH KỶ NIỆM 410 NĂM NGÀY RA ĐỜI CHỮ QUỐC NGỮ - VIETNAMBOOK,448500,598000,25,5.0,2,3,,VIETNAMBOOK,Nhà Xuất Bản Tri Thức,,Bìa mềm,,,VIETNAMBOOK,available,1000,True,True,True
277313144,Cuộc đấu trí ở tầm cao của trí tuệ Việt Nam,132000,132000,0,0.0,0,3,Giáo Sư Trần Nhâm,Nhà Xuất Bản Chính Trị Quốc Gia Sự Thật,Nhà Xuất Bản Chính Trị Quốc Gia Sự Thật,,Bìa mềm,339,,Bảo Châu Books,available,1000,True,True,True
277174968,Sách - Biểu Tượng Phù Hiệu Và Đồ Thờ Của Người An Nam (Gustave Dumoutier),135000,135000,0,0.0,0,1,Gustave Dumoutier,Nhã Nam,Nhà Xuất Bản Thế Giới,,,208,,HỆ THỐNG NHÀ SÁCH ABC,available,1000,True,True,True
276922496,Xe Tăng Trong Chiến Tranh Ở Việt Nam,147250,155000,5,0.0,0,1,Nguyễn Khắc Nguyệt,NXB Trẻ,NXB Trẻ,,Bìa mềm,324,2024-12-31,Cá Chép Bookstore,available,1000,True,True,True
275854402,Chủ Tịch Hồ Chí Minh Với Cuộc Hành Trình Của Thời Đại - Tư Tưởng Hồ Chí Minh Về Đạo Đức Cách Mạng,114750,153000,25,0.0,0,2,Vũ Kim Yến,VIETNAMBOOK,Nhà Xuất Bản Hà Nội,,Bìa mềm tay gấp,292,2024-08-06,VIETNAMBOOK,available,1000,True,True,True
275478566,Cơ cấu hành chính và tổ chức quản lý địa phương thời Lý - Trần (Thế kỷ XI - XIV),200000,200000,0,0.0,0,0,,Nhà Xuất Bản Chính Trị Quốc Gia Sự Thật,Nhà Xuất Bản Chính Trị Quốc Gia Sự Thật,,Bìa mềm tay gấp,344,2023-07-07,Bảo Châu Books,available,1000,True,True,True
275111231,Lịch Sử Triết Học Phương Tây - History Of Western Philosophy,558800,635000,12,0.0,0,2,Bertrand Russell,Viện Quản lý PACE,Nhà Xuất Bản Tri Thức,,,,,Nhà sách Fahasa,available,1000,True,True,True
274453994,Chiến Dịch Điện Biên Phủ - Thắng Lợi Của Bản Lĩnh Và Trí Tuệ Việt Nam,81000,108000,25,0.0,0,21,"Nguyễn Văn Hữu, PGS TS Vũ Như Khôi",VIETNAMBOOK,Nhà Xuất Bản Quân Đội Nhân Dân,,Bìa mềm tay gấp,196,2024-03-12,VIETNAMBOOK,available,1000,True,True,True
274070441,Huế Triều Nguyễn Một Cái Nhìn,380000,380000,0,0.0,0,1,,Công ty cổ phần đầu tư phát triển Trường Phương,Nhà Xuất Bản Thế Giới,,Bìa mềm tay gấp,656,2023-12-15,Sách Thành Vinh,available,1000,True,True,True
273397879,Hồ Chí Minh: Đổi mới - Hội nhập - Phát triển,153000,153000,0,0.0,0,1,,Nhà xuất bản Tổng hợp TP.HCM ,Nhà Xuất Bản Tổng hợp TP.HCM,,,,,LITTLE BOOKS,available,1000,True,True,True
270244757,Combo 2 cuốn Việt Nam cổ,321000,428000,25,0.0,0,6,"Viện Sử học, Đỗ Văn Ninh",Công ty TNHH Quốc Tế Mai Hà,Nhà Xuất Bản Khoa Học Xã Hội,,Bìa mềm,,2020-03-20,MaiHaBooks,available,1000,True,True,True
252398298,Luật Xưa Án Cũ,315400,332000,5,0.0,0,0,Bùi Xuân Đính,Nhà Xuất Bản Chính Trị Quốc Gia Sự Thật,Nhà Xuất Bản Chính Trị Quốc Gia Sự Thật,,,648,2023-03-01,Sách Luật VN,available,1000,True,True,True
252050924,Sách - Vương Quốc An Nam và Dân An Nam - Ký sự du hành của J. L. Dutreuil de Rhins,178000,178000,0,0.0,0,0,,Công ty TNHH Truyền Thông và Giáo Dục Lyceum,Nhà Xuất Bản Đà Nẵng,,,,,SÁCH ĐẠI NAM,available,1000,True,True,True
213936337,Lịch Sử Việt Nam Bằng Tranh Trọn Bộ (Bộ Hộp 53 Cuốn),1855000,1855000,0,0.0,0,0,,NXB Trẻ,oem,,Bìa mềm,,,Nhà Sách Vĩnh Thụy,available,1000,True,True,True
209298742,Tiểu Luận Về Dân Bắc Kỳ - Bản Quyền,209000,209000,0,0.0,0,0,,Alphabooks,Nhà Xuất Bản Hà Nội,,,,,FishingBook,available,1000,True,True,True
181358597,"Đại Nam Thực Lục (Trọn bộ 10 tập) - Bìa cứng, đóng hộp",6000000,6000000,0,0.0,0,0,Viện Sử học,Đông Tây,Nhà Xuất Bản Hà Nội,,Bìa cứng,10760,2022-05-18,SÁCH ĐẠI NAM,available,1000,True,True,True
169545752,Tìm Hiểu Xã Hội Việt Nam Thời Lý - Trần,279000,279000,0,0.0,0,1,"Viện Sử học,  Viện Hàn Lâm Khoa Học Xã Hội Việt Nam",Công ty TNHH Quốc Tế Mai Hà,Nhà Xuất Bản Khoa Học Xã Hội,,Bìa mềm,536,2022-03-14,Nhà sách NetaBooks,available,1000,True,True,True
129009838,Sách - Lược sử nước Việt bằng tranh Việt Nam - A Brief history in pictures,186200,196000,5,4.0,1,5,"Hiếu Minh, Huyền Trang, Tạ Huy Long, Dương Trung Quốc",NXB Kim Đồng,Nhà Xuất Bản Kim Đồng,,Bìa mềm,100,,SÁCH NHÂN DÂN - ndbooks,available,1000,True,False,True
125346375,LƯỢC SỬ NƯỚC VIỆT BẰNG TRANH VIET NAM - A BRIEF HISTORY IN PICTURES (Song ngữ),196000,196000,0,5.0,2,9,"Huyền Trang, Tạ Huy Long, Dương Trung Quốc, Hiếu Minh",Kim Đồng,Nhà Xuất Bản Kim Đồng,,Bìa cứng,100,2021-05-17,Bamboo Books,available,1000,True,True,True
59072137,Combo Lịch Sử Việt Nam (Bộ 4 Cuốn) ,480250,565000,15,5.0,1,2,`,Nhà Sách Hồng Ân,Nhà Xuất Bản Đại Học Quốc Gia Hà Nội,,,,,Bảo Châu Books,available,1000,True,True,True
51597366,Sách Lê Mạt Sự Ký: Sự Suy Tàn Của Triều Lê Cuối Thế Kỷ XVIII (Bìa Mềm) - Tái Bản 2020,188000,188000,0,5.0,6,30,Nguyễn Duy Chính,DT Books,Nhà Xuất Bản Khoa Học Xã Hội,,Bìa mềm,423,2020-03-28,DTBOOKS,available,1000,True,True,True
48896250,Sách Rút Quân - Nhìn Lại Những Năm Cuối Cùng Của Mỹ Tại Việt Nam,240000,240000,0,5.0,1,0,Gregory A. Daddis,Nhà Xuất Bản Chính Trị Quốc Gia Sự Thật,Nhà Xuất Bản Chính Trị Quốc Gia Sự Thật,,Bìa mềm,532,2019-12-25,Nhà Sách Lao Động,available,1000,True,True,True
8817357,Xiêm La Quốc - Lộ Trình Tập Lục ( Giao Thông Thủy Bộ Việt - Xiêm Năm 1810 ),110000,110000,0,0.0,0,2,Phạm Hoàng Quân,NXB Văn Hóa - Văn Nghệ,Nhà Xuất Bản Văn Hóa - Văn Nghệ,,Bìa mềm,256,,TYMBooks,available,1000,True,True,True
3017921,Sách Lịch Sử Việt Nam Từ Nguồn Gốc Đến Thế Kỷ XIX (Bìa Mềm),132200,132200,0,5.0,4,15,Đào Duy Anh,Nhà sách Minh Thắng,,,Bìa mềm,584,,Minhhabooks,available,1000,True,True,True
609135,Sách Lược Sử Nước Việt Bằng Tranh (Ấn Bản Kỉ Niệm 60 Năm NXB Kim Đồng),196000,196000,0,5.0,1,12,.,Nhà Xuất Bản Kim Đồng,Nhà Xuất Bản Kim Đồng,,Bìa mềm,75,2017-04-14,Bamboo Books,available,1000,True,True,True
491759,Truyện Đọc Lịch Sử Việt Nam (Tập 6),24000,30000,20,5.0,2,6,Nhóm tác giả,NXB Thông tin Truyền thông,Nhà Xuất Bản Thông Tin Và Truyền Thông,,Bìa mềm,118,2015-12-22,nxbkhoahoccongnghetruyenthong,available,1000,True,True,True
350885,Sách 100 Câu Hỏi Về Gia Định Sài Gòn - Mỹ Thuật Ở Sài Gòn Thành Phố Hồ Chí Minh,114000,114000,0,0.0,0,1,"Uyên Huy, Trương Phi Đức, Lê Bá Thanh",NXB Văn Hóa - Văn Nghệ,Nhà Xuất Bản Văn Nghệ TP.HCM,,Bìa mềm,359,2011-07-20,Bamboo Books,available,1000,True,True,True
278737955,Những yêu sách đối kháng của Việt Nam và Trung Quốc ở khu vực bãi ngầm Tư Chính và Thanh Long trong biển Đông,40000,40000,0,0.0,0,0,Brice M.Claget,Nhà Xuất Bản Chính Trị Quốc Gia Sự Thật,Nhà Xuất Bản Chính Trị Quốc Gia Sự Thật,,Bìa mềm,156,2014-05-15,Tiệm sách Đồng Muối,available,1000,True,True,True
278731988,Đất Nước Việt Nam Qua Các Đời - Nghiên Cứu Địa Lý Học Lịch Sử Việt Nam,207000,225000,8,0.0,0,0,Đào Duy Anh,Omega Plus,Nhà Xuất Bản Thế Giới,,Bìa mềm,456,2025-10-09,Nhà sách NetaBooks,available,1000,True,True,True
278718631,Việt Nam - Một góc nhìn từ Nhật Bản (Sách tham khảo),188000,188000,0,0.0,0,0,GS. TS. Furuta Motoo,SBOOKS,Nhà Xuất Bản Chính Trị Quốc Gia Sự Thật,,Bìa mềm,412,2025-07-16,Tiệm sách Đồng Muối,available,1000,True,True,True
278626354,Bộ sách Quảng Trị 81 Ngày Đêm – Bản Hùng Ca Bất Tử: Mưa Đỏ - Nhà Văn Chu Lai (Vinabook) + Những Bức Di Thư Thành Cổ (NXB Trẻ) ,130000,130000,0,0.0,0,0,Nhiều,Alpha Books,Nhiều Nhà Xuất Bản,,,,,Alpha Books Official,available,1000,True,True,True
278535933,Sách - Đại Tướng Võ Nguyên Giáp - Từ Thầy Giáo Đến Vị Tướng Huyền Thoại,98000,98000,0,0.0,0,0,nhieu tac gia,Nhà Sách Hồng Ân,Nhà Xuất Bản Thế Giới,,,,,Khanhlinhbook,available,1000,True,True,True
278171018,Lược Sử Nước Việt Bằng Tranh (Song Ngữ Việt - Nhật),196000,196000,0,0.0,0,0,"Tạ Huy Long,  Dương Trung Quốc,  Hiếu Minh,  Huyền Trang",Gieobooks,Nhà Xuất Bản Kim Đồng,,Bìa cứng,96,2025-06-25,Tazano Official Store,available,1000,True,True,True
278161056,Sách Nguyễn Văn Tàu - Sài Gòn Xuân Mậu Thân 1968 - TH200,169000,169000,0,5.0,1,4,Nguyễn Văn Tàu,Nhà xuất bản Tổng hợp TP.HCM ,Nhà Xuất Bản Tổng hợp TP.HCM,,Bìa mềm,,2025-06-24,LITTLE BOOKS,available,1000,True,True,True
278064173,Combo Một Tháng Ở Nam Kỳ - Chuyến Du Ký Về Những Địa Danh Nổi Tiếng Ở Nam Kỳ Hơn 100 Năm Trước Của Phạm Quỳnh + Khắc Họa Bức Tranh Lịch Sử Nam Kỳ ,238000,298000,20,0.0,0,1,,Omega Plus,Nhiều Nhà Xuất Bản,,Bìa mềm,,,Alpha Books Official,available,1000,True,True,True
278062092,Một Tháng Ở Nam Kỳ - Chuyến Du Ký Về Những Địa Danh Nổi Tiếng Ở Nam Kỳ Hơn 100 Năm Trước Của Phạm Quỳnh - Omega Plus ,79000,99000,20,0.0,0,2,,Omega Plus,Nhà Xuất Bản Thế Giới,,,,,Alpha Books Official,available,1000,True,True,True
277873837,Hành Trình Sáng Tạo Chữ Quốc Ngữ (Tặng Kèm Bookmark CÚ MÈO + SỔ TAY XƯƠNG RỒNG),105000,105000,0,0.0,0,0,,Nhà Xuất Bản Kim Đồng,Nhà Xuất Bản Kim Đồng,,,,,Nhà Sách Vĩnh Thụy,available,1000,True,True,True
277730872,"Sách Chủ Tịch Hồ Chí Minh Và Khát Vọng Giải Phóng Miền Nam, Thống Nhất Tổ Quốc - Kỷ Niệm 50 Năm Ngày Giải Phóng Miền Nam Thống Nhất Đất Nước 1975-2025",91000,91000,0,0.0,0,0,"Vũ Kim Yến, TS. Vũ Kim Yến",VIETNAMBOOK,Nhà Xuất Bản Hà Nội,,Bìa mềm,176,,Hiệu Sách Tự Do,available,1000,True,True,True
277567275,Thể chế công ở Việt Nam Thế kỷ XVIII (Bìa cứng),220150,259000,15,0.0,0,2,,Nhà xuất bản Tổng hợp TP.HCM ,Nhà Xuất Bản Tổng hợp TP.HCM,,Bìa cứng,226,2025-03-26,NXB TỔNG HỢP,available,1000,True,True,True
277540152,Từ Kinh Thành Vijaya Đến Kinh Đô Vương Triều Tây Sơn,245000,245000,0,0.0,0,2,Lê Đình Phụng,Công ty cổ phần đầu tư phát triển Trường Phương,Nhà Xuất Bản Thuận Hóa,,Bìa mềm,328,2025-03-20,Nhà sách NetaBooks,available,1000,True,True,True
277364492,"Lịch Sử Khai Khẩn Cao Nguyên An Khê, 1864-1888",84000,99000,15,0.0,0,0,Andrew Hardy,Omega Plus,Nhà Xuất Bản Hà Nội,,Bìa mềm,132,2025-02-17,Omega Plus Books,available,1000,True,True,True
277252347,Huế Và Triều Nguyễn Theo Dấu Thời Gian - Đỗ Minh Điền,165000,165000,0,0.0,0,1,,Nhà xuất bản Tổng hợp TP.HCM ,Nhà Xuất Bản Tổng hợp TP.HCM,,Bìa mềm,296,2025-02-03,Nhà sách NetaBooks,available,1000,True,True,True
276930768,Phật Giáo - Trần Trọng Kim - TH110,93000,93000,0,0.0,0,1,Trần Trọng Kim,Nhà xuất bản Tổng hợp TP.HCM ,Nhà Xuất Bản Tổng hợp TP.HCM,,Bìa mềm,172,,LITTLE BOOKS,available,1000,True,True,True
276928762,Tôn Giáo - Nguyễn Anh Ninh,63750,75000,15,0.0,0,0,,Nhà xuất bản Tổng hợp TP.HCM ,Nhà Xuất Bản Tổng hợp TP.HCM,,Bìa mềm,,2025-01-02,NXB TỔNG HỢP,available,1000,True,True,True
276598426,Nước Đại Nam Đối Diện Với Pháp Và Trung Hoa 1847-1885,150400,160000,6,0.0,0,1,Yoshiharu Tsuboi,Nhã Nam,Nhà Xuất Bản Tri Thức,,Bìa mềm,,2023-12-21,Nhà sách Fahasa,available,1000,True,True,True
276232755,Du Ký Việt Nam Trên Nam Phong Tạp Chí (Bộ 2 Cuốn),890000,890000,0,0.0,0,0,PGS.TS. Nguyễn Hữu Sơn,Văn Lang,NXB Trẻ,,Bìa cứng,1780,,BOOKCITY.VN,available,1000,True,True,True
275882990,Sự Phục Hưng Của Nước Đại Việt Thế Kỷ X-XIV,189000,189000,0,5.0,1,4,,Công ty CP Xuất bản Khoa học và Giáo dục Thời Đại (TIMES BOOKS),Nhà Xuất Bản Khoa Học Xã Hội,,Bìa mềm,231,2024-08-09,Nhà sách NetaBooks,available,1000,True,True,True
275807719,100 Câu Hỏi Về Lịch Sử Chữ Quốc Ngữ,135000,135000,0,0.0,0,0,Phạm Thị Kiều Ly,Omega Plus,Nhà Xuất Bản Khoa Học Xã Hội,,Bìa mềm,168,2024-07-29,Nhà Sách Vĩnh Thụy,available,1000,True,True,True
275062111,Y Tế Phương Tây ở Bắc Kỳ (1873 - 1945),136000,160000,15,0.0,0,2,Bùi Thị Hà,Nhà xuất bản Tổng hợp TP.HCM ,Nhà Xuất Bản Tổng hợp TP.HCM,,Bìa mềm,388,,NXB TỔNG HỢP,available,1000,True,True,True
274364894,"Cuốn Sách Về Lịch Sử, Địa Lý Hay: Xoay Chuyển Tình Hình Biển Đông",168000,168000,0,0.0,0,0,,First News - Trí Việt,Nhà Xuất Bản Tổng hợp TP.HCM,,,,,Nhà Sách Vĩnh Thụy,available,1000,True,True,True
273688844,Trạm Đọc Official | Một Chiến Dịch Ở Bắc Kỳ,499000,499000,0,0.0,0,1,Charles-Édouard Hocquard,Omega Plus,Nhà Xuất Bản Đà Nẵng,,Bìa cứng,700,2020-05-11,Nhà Sách Vĩnh Thụy,available,1000,True,True,True
273325300,(Bìa Cứng) Nam Kỳ Và Cư Dân Các Tỉnh Miền Tây - J.C.Baurac - Huỳnh Ngọc Linh dịch,299000,299000,0,0.0,0,0,J.C.Baurac,Omega Plus,Nhà Xuất Bản Tổng hợp TP.HCM,,Bìa cứng,576,2022-03-01,HỆ THỐNG NHÀ SÁCH ABC,available,1000,True,True,True
272984493,sách - Nam Kỳ Ngao Du (PN),150000,150000,0,0.0,0,0,nhieu tac gia,Nhà xuất bản Phụ Nữ,Nhà Xuất Bản Phụ Nữ Việt Nam,,Bìa mềm,,,Bamboo Books,available,1000,True,True,True
263207898,Giáo Dục Việt Nam Dưới Thời Thuộc Địa,125100,139000,10,0.0,0,5,Nguyễn Thụy Phương,Alpha Books,Nhà Xuất Bản Hà Nội,,,,,Nhà sách Fahasa,available,1000,True,True,True
263078920,Lịch sử Việt Nam bằng tranh - bản màu (Hộp 16 cuốn),1050000,1050000,0,0.0,0,0,,Bloomsbury Childrens - NXB Trẻ,NXB Trẻ,,,,,HỆ THỐNG NHÀ SÁCH ABC,available,1000,True,True,True
253565612,Sự Tiếp Xúc Của Văn Hóa Việt Nam Với Pháp,109000,109000,0,0.0,0,0,,Omega Plus,Nhà Xuất Bản Thế Giới,,,,,HỆ THỐNG NHÀ SÁCH ABC,available,1000,True,True,True
250068965,Lược Khảo Nguồn Gốc Địa Danh Nam Bộ,45000,45000,0,0.0,0,4,Bùi Đức Tịnh,Nhà xuất bản Tổng hợp TP.HCM ,Nhà Xuất Bản Tổng hợp TP.HCM,,Bìa mềm,118,2022-01-01,NXB TỔNG HỢP,available,1000,True,True,True
249161240,Lịch sử Việt Nam bằng tranh - Nguyễn Trãi (bản màu),65000,65000,0,0.0,0,0,,Bloomsbury Childrens - NXB Trẻ,NXB Trẻ,,,,,FishingBook,available,1000,True,True,True
208633228,  NỖI BUỒN CHIẾN TRANH - Bảo Ninh,130000,130000,0,0.0,0,4,,,,,,,,info book,available,1000,True,True,True
202222613,Lịch Triều Tạp Kỷ - Tập 2 (Bìa Cứng),409000,409000,0,0.0,0,1,,Công ty TNHH Quốc Tế Mai Hà,Nhà Xuất Bản Khoa Học Xã Hội,,Bìa cứng,,2022-08-01,Nhà sách NetaBooks,available,1000,True,True,True
188768201,Lãnh Thổ Việt Nam - Lịch Sử & Pháp Lý,198000,198000,0,0.0,0,5,TS. Trần Công Trục,NXB Thông Tin Và truyền Thông,Nhà Xuất Bản Thông Tin Và Truyền Thông,,Bìa mềm,346,,Bảo Châu Books,available,1000,True,True,True
163167096,Lược Khảo Nguồn Gốc Địa Danh Nam Bộ,45000,45000,0,0.0,0,4,Bùi Đức Tịnh,NXB Tổng hợp TP.HCM,Nhà Xuất Bản Tổng hợp TP.HCM,,Bìa mềm,118,2021-12-31,Nhà sách NetaBooks,available,1000,True,True,True
159060579,[Bộ LỊCH SỬ VIỆT NAM BẰNG TRANH] - BÌA CỨNG - IM MÀU TOÀN BỘ - NXB TRẺ - [Trần Hưng Đạo] -,140000,140000,0,0.0,0,0,,NXB Trẻ,NXB Trẻ,,,,,Bamboo Books,available,1000,True,True,True
104763063,Minh Trị Duy Tân 150 Năm Nhìn Lại,199000,199000,0,5.0,1,17,,Trung Tâm Kinh Doanh Xuất Bản Và Phát Hành Sách,Nhà Xuất Bản Đại Học Quốc Gia Hà Nội,,Bìa mềm,286,,HaAnBooks,available,1000,True,True,True
66640896,Điện Biên Phủ,360000,360000,0,0.0,0,9,Đại Tướng Võ Nguyên Giáp,Nhà Xuất Bản Chính Trị Quốc Gia Sự Thật,Nhà Xuất Bản Chính Trị Quốc Gia Sự Thật,,Bìa mềm,552,2024-07-30,Nhà Sách Lao Động,available,1000,True,True,True
61924094,Hai Bà Trưng Khởi Nghĩa - Kèm File Âm Thanh,10000,10000,0,0.0,0,4,.,Công Ty CP Văn Hóa Nhân Văn,Nhà Xuất Bản Đồng Nai,,Bìa mềm,12,,Nhân Văn,available,1000,True,True,True
626286,Sách Thế Kỷ Âm Nhạc Việt Nam – Một Thời Hòa Bình,173000,258000,33,4.8,4,64,.,Công Ty Cổ Phần Tri thức Văn Hóa Sách Việt Nam,,,Bìa mềm,626,2017-04-01,VIETNAMBOOK,available,1000,True,True,True
279148468,Tìm Hiểu Kiến Thức Lịch Sử Việt Nam Qua Các Thời Kì - HA,83300,98000,15,0.0,0,0,Trương Ngọc Thơi,Nhà Sách Hồng Ân,Nhà Xuất Bản Đại Học Quốc Gia Hà Nội,,,,,Minh Khang Books,available,1000,True,True,True
279116280,(Bìa cứng) LƯỢC SỬ NHÂN HỌC (Brève histoire de l'anthropologie) - Florence Weber  - Phạm Anh Tuấn dịch  – NXB ĐHSP ,320000,320000,0,0.0,0,0,nhieu tac gia,NXB Đại Học Sư Phạm,Nhà Xuất Bản Đại Học Sư Phạm,,Bìa cứng,364,,BÌNH BÁN BOOK,available,1000,True,True,True
278967969,NAM GIỚI VÀ NAM TÍNH  TRONG MỘT VIỆT NAM ĐANG HỘI NHẬP,300000,300000,0,0.0,0,1,Khuất Thu Hồng - Nguyễn Hương Ngọc Quỳnh - Nguyễn Thị Vân Anh - Trần Hoàng Mi - Nguyễn Thị Phương Thảo - Trần Kiều Như - Nguyễn Thành Trung - Trần Kiên - Hoàng Hải Vương,Nhà xuất bản Phụ Nữ Việt Nam,Nhà Xuất Bản Phụ Nữ Việt Nam,,,556,2025-12-16,Bảo Châu Books,available,1000,True,True,True
278901876,Thời Niên Thiếu Của Danh Nhân Nước Việt - THỜI NIÊN THIẾU CỦA LÊ QUÝ ĐÔN - Vũ Thị Thanh - NXB Trẻ,55000,55000,0,0.0,0,0,Vũ Thị Thanh,NXB Trẻ,NXB Trẻ,,Bìa mềm,120,,BÌNH BÁN BOOK,available,1000,True,True,True
278892962,Lịch triều hiến chương loại chí - Khoa mục chí,126650,149000,15,0.0,0,0,Nguyễn Phúc An,Nhà xuất bản Tổng hợp TP.HCM ,Nhà Xuất Bản Tổng hợp TP.HCM,,,243,,NXB TỔNG HỢP,available,1000,True,True,True
278526809,Cách Mạng Tháng Tám 1945 - Thắng lợi vĩ đại đầu tiên của dân tộc Việt Nam trong thế kỷ 20 (Trịnh Nhu - Trần Trọng Thơ),245000,245000,0,0.0,0,0,Viện Lịch Sử Quân Sự Việt Nam,An Nam Books,Nhà Xuất Bản Quân Đội Nhân Dân,,Bìa mềm,480,2023-08-25,SÁCH ĐẠI NAM,available,1000,True,True,True
278296351,NGHÌN XƯA VĂN HIẾN – Nhiều tác giả – NXB Kim Đồng,198000,198000,0,0.0,0,0,,NXB Kim Đồng,Nhà Xuất Bản Kim Đồng,,Bìa mềm,552,,Bamboo Books,available,1000,True,True,True
278226467,Quán đạo giáo với một số vấn đề lịch sử và tôn giáo ở Việt Nam (bản in 2025),146700,163000,10,0.0,0,1,,Nhà Xuất Bản Chính Trị Quốc Gia Sự Thật,Nhà Xuất Bản Chính Trị Quốc Gia Sự Thật,,,267,2025-06-01,VIETNAMBOOK,available,1000,True,True,True
277969852,Miền Nam trong trái tim Hồ Chí Minh - bản in 2025,215000,215000,0,0.0,0,0,GS. Trần Văn Giàu,Nhà Xuất Bản Chính Trị Quốc Gia Sự Thật,Nhà Xuất Bản Chính Trị Quốc Gia Sự Thật,,,,,Bảo Châu Books,available,1000,True,True,True
277387982,"Chiến thắng Điện Biên Phủ và các chiến trường phối hợp Đông Nam Bộ, cực Nam Trung Bộ",187000,187000,0,0.0,0,2,,Nhà Xuất Bản Chính Trị Quốc Gia Sự Thật,Nhà Xuất Bản Chính Trị Quốc Gia Sự Thật,,Bìa mềm,800,,Bảo Châu Books,available,1000,True,True,True
277349467,Sách - 52 Thực Đơn Nấu Ăn Chay Trong Gia Đình - Việt Thư,58000,58000,0,0.0,0,0,,Công Ty TNHH Văn Hóa Việt Thư,Nhà Xuất Bản Phụ Nữ Việt Nam,,,,,Bamboo Books,available,1000,True,True,True
277227230,Sách - Cao Vọng Của Bọn Thanh Niên An Nam - NXB Tổng Hợp,85000,85000,0,0.0,0,0,,Nhà xuất bản Tổng hợp TP.HCM ,Nhà Xuất Bản Tổng hợp TP.HCM,,,,,Bamboo Books,available,1000,True,True,True
277227228,Sách - Đưa Vào Triết Học - NXB Tổng Hợp,119000,119000,0,0.0,0,0,,Nhà xuất bản Tổng hợp TP.HCM ,Nhà Xuất Bản Tổng hợp TP.HCM,,,,,Bamboo Books,available,1000,True,True,True
277213769,Sách - Truyền Thuyết Về Bồ Tát Quan Thế Âm - Chính Thông Book,135000,135000,0,0.0,0,0,,Công Ty TNHH TM - DV Chính Thông,Nhà Xuất Bản Tôn Giáo,,,,,Bamboo Books,available,1000,True,True,True
277212458,Sách - Ứng Dụng Kinh Dịch Trong Cuộc Sống - Tập 2 - Phương Pháp Đoán Quẻ - NXB Phụ Nữ,198000,198000,0,0.0,0,1,,Nhà xuất bản Phụ Nữ Việt Nam,Nhà Xuất Bản Phụ Nữ Việt Nam,,,,,Bamboo Books,available,1000,True,True,True
276528930,CHUYỆN VUA HÀM NGHI – Phan Trần Chúc – NXB Chính trị quốc gia sự thật,90000,90000,0,0.0,0,4,,Nhà Xuất Bản Chính Trị Quốc Gia Sự Thật,Nhà Xuất Bản Chính Trị Quốc Gia Sự Thật,,Bìa mềm,220,,BÌNH BÁN BOOK,available,1000,True,True,True
276526933,"Lịch sử Quân sự Việt Nam, tập 5: Hoạt động quân sự thời Hồ - Lê Sơ (thế kỷ XV) - bản in 2024",182000,182000,0,0.0,0,1,Viện Lịch Sử Quân Sự Việt Nam,Nhà Xuất Bản Chính Trị Quốc Gia Sự Thật,Nhà Xuất Bản Chính Trị Quốc Gia Sự Thật,,,,,ST Book,available,1000,True,True,True
275552580,GNSV: NGUYỄN TRI PHƯƠNG - Vị Nguyên Soái Tài Trí Nước Nam – Phan Trần Chúc – Alpha books – NXB Thông tấn,99000,99000,0,0.0,0,0,Phan Trần Chúc,Alpha Books,Nhà Xuất Bản Thông Tấn,,Bìa mềm,172,,info book,available,1000,True,True,True
275133834,Truyện kể đền đô,72000,72000,0,0.0,0,1,,NXB Chính Trị Quốc Gia Sự Thật,Nhà Xuất Bản Chính Trị Quốc Gia Sự Thật,,,222,,Bamboo Books,available,1000,True,True,True
275000936,Ngàn năm văn hiến q.uốc gia Việt Nam (bản in 2024),845000,845000,0,0.0,0,0,,Nhà Xuất Bản Chính Trị Quốc Gia Sự Thật,Nhà Xuất Bản Chính Trị Quốc Gia Sự Thật,,,,,Bảo Châu Books,available,1000,True,True,True
274922624,Sách - Sài Gòn - Ralph Pezzullo - Đinh Trọng Minh dịch - Nhà xuất bản Chính Trị Quốc Gia Sự Thật.,188000,188000,0,0.0,0,0,,Nhà Xuất Bản Chính Trị Quốc Gia Sự Thật,Nhà Xuất Bản Chính Trị Quốc Gia Sự Thật,,Bìa mềm,336,2024-05-03,Bảo Châu Books,available,1000,True,True,True
274656065,"[Có chữ ký tác giả] [Tái bản có bổ sung năm 2024] LIÊN MINH SAI LẦM: NGÔ ĐÌNH DIỆM, MỸ VÀ SỐ PHẬN NAM VIỆT NAM - Edward Miller - NXB Chính Trị Quốc Gia Sự Thật.",285000,285000,0,0.0,0,3,Edward Miller,Nhà Xuất Bản Chính Trị Quốc Gia Sự Thật,Nhà Xuất Bản Chính Trị Quốc Gia Sự Thật,,Bìa mềm,555,,Bảo Châu Books,available,1000,True,True,True
273826328,Đô Thị Sài Gòn Chợ Lớn Trước Năm 1945 - Qua Tài Liệu Lưu Trữ,220000,220000,0,0.0,0,0,Nhiều,Nhà xuất bản Tổng hợp TP.HCM ,Nhà Xuất Bản Tổng hợp TP.HCM,,Bìa mềm,552,2023-12-31,Nhà sách NetaBooks,available,1000,True,True,True
273359035,Đô Thị Sài Gòn Chợ Lớn Trước Năm 1945,220000,220000,0,5.0,2,9,,Nhà xuất bản Tổng hợp TP.HCM ,Nhà Xuất Bản Tổng hợp TP.HCM,,,,,NXB TỔNG HỢP,available,1000,True,True,True
273212254,KINH THÀNH HUẾ TRONG THI HỌA HOÀNG ĐẾ THIỆU TRỊ VÀ NGỰ ĐỀ ĐỒ HỘI THI TẬP - Nguyễn Văn Phương - Tri Thức Trẻ Books - NXB Khoa Học Xã Hội.,268000,268000,0,0.0,0,0,Nguyễn Văn Phương,Tri Thức Trẻ Books,Nhà Xuất Bản Khoa Học Xã Hội,,Bìa mềm,456,,BÌNH BÁN BOOK,available,1000,True,True,True
272425557,Sài Gòn - Gia Định: Ký Ức Lịch Sử Văn Hóa (Tái Bản 2019),140000,140000,0,5.0,1,7,Huỳnh Ngọc Trảng,Nhà xuất bản Tổng hợp TP.HCM ,Nhà Xuất Bản Tổng hợp TP.HCM,,,,,NXB TỔNG HỢP,available,1000,True,True,True
270921828,Khảo Cổ Học Đồng Bằng Sông Mê Kông: Tập 2 - Văn Minh Vật Chất Óc Eo (Kèm Theo Cuốn Phụ Bản 120 Trang),850000,1000000,15,0.0,0,4,Louis Malleret,Nhà xuất bản Tổng hợp TP.HCM ,Nhà Xuất Bản Tổng hợp TP.HCM,,,,,NXB TỔNG HỢP,available,1000,True,True,True
269902363,Cây Cao Su Ở Việt Nam Dưới Góc Nhìn Lịch Sử - Sinh Thái (1897 - 1975) - Michitake Aso - Nhiều dịch giả - (bìa mềm),285000,285000,0,0.0,0,0,Michitake Aso,Nhà xuất bản Tổng hợp TP.HCM ,Nhà Xuất Bản Tổng hợp TP.HCM,,Bìa mềm,594,2023-07-01,Bamboo Books,available,1000,True,True,True
262807107,VIỆT NAM VĂN HOÁ SỬ CƯƠNG - Đào Duy Anh - (Ấn Phẩm Bìa Cứng),390000,390000,0,0.0,0,0,Đào Duy Anh,Nhà xuất bản Tổng hợp TP.HCM ,Nhà Xuất Bản Tổng hợp TP.HCM,,Bìa cứng,368,2023-06-01,Bamboo Books,available,1000,True,True,True
253228360,Người Việt Gọi Tôi Là Cha Đắc Lộ - Hành Trình Sáng Tạo Chữ Quốc Ngữ,105000,105000,0,0.0,0,0,,Nhà Xuất Bản Kim Đồng,Nhà Xuất Bản Kim Đồng,,,,,Bamboo Books,available,1000,True,True,True
247454783,"An Quận Công VŨ KHÂM LÂN - Cuộc Đời, Sự Nghiệp Và Di Văn (Bìa cứng)",390000,390000,0,0.0,0,0,, NXB Đại Học Sư Phạm,Nhà Xuất Bản Đại Học Sư Phạm,,Bìa cứng,588,2023-03-14,VIETNAMBOOK,available,1000,True,True,True
213936395,"Hệ Thống Cơ Quan Giám Sát Triều Nguyễn (1802-1885) - Từ Thiết Chế, Định Chế Đến Thực Tiễn",165000,165000,0,0.0,0,0,,Công ty cổ phần đầu tư phát triển Trường Phương,oem,,Bìa mềm,,,NHÀ SÁCH AN THƯ,available,1000,True,False,True
210138252,Xã Hội Đông Nam Bộ Từ Khởi Thuỷ Đến Đầu Thế Kỷ XXI,160000,160000,0,0.0,0,0,Huỳnh Ngọc Đáng,Nhà xuất bản Tổng hợp TP.HCM ,Nhà Xuất Bản Tổng hợp TP.HCM,,Bìa mềm,384,2022-12-15,Nhà sách NetaBooks,available,1000,True,True,True
207281377,Những Cánh Chim Hoang Dã - 45 Loài Chim Đẹp Việt Nam,105000,105000,0,0.0,0,0,,Kim Đồng,oem,,Bìa mềm,,,Bamboo Books,available,1000,True,True,True
207281134,Sài Gòn Gia Định - Ký Ức Lịch Sử - Văn Hoá,140000,140000,0,5.0,1,2,,NXB Tổng Hợp,oem,,Bìa mềm,,,Bamboo Books,available,1000,True,True,True
205831688,Sách - Sử ta chuyện xưa kể lại (Bộ 4 quyển),290000,290000,0,0.0,0,0,, NXB Kim Đồng,Nhà Xuất Bản Kim Đồng,,Bìa mềm,384,,Nhà Sách Vĩnh Thụy,available,1000,True,True,True
205617760,Sài Gòn Chợ Lớn đời sống xã hội và chính trị qua tư liệu báo chí (1925-1945),180000,180000,0,0.0,0,0,Nguyễn Đức Hiệp,NXB Tổng Hợp TP. HCM,NXB Tổng Hợp Thành Phố Hồ Chí Minh,,Bìa mềm,538,2019-07-01,Nhà sách NetaBooks,available,1000,True,True,True
199581936,Công cuộc mở đất Tây Nam Bộ thời chúa Nguyễn,243000,243000,0,0.0,0,0,,Nhà Xuất Bản Chính Trị Quốc Gia Sự Thật,Nhà Xuất Bản Chính Trị Quốc Gia Sự Thật,,,,,Bamboo Books,available,1000,True,True,True
139294676,Sài Gòn Và Nam Kỳ Trong Thời Kỳ Canh Tân 1875 - 1925,175000,175000,0,0.0,0,0,,Nhà Xuất Bản Văn hóa Văn nghệ,Nhà Xuất Bản Văn Hóa Văn Nghệ,,Bìa mềm,492,,Nhà sách NetaBooks,available,1000,True,True,True
134349210,Việt Nam - Bi Thảm Đông Dương,95000,95000,0,0.0,0,4,,Nhà xuất bản Tổng hợp TP.HCM ,Nhà Xuất Bản Tổng hợp TP.HCM,,Bìa mềm,220,2021-10-25,Nhà sách NetaBooks,available,1000,True,True,True
278739499,Các Trào Lưu Tư Tưởng Trong Thế Giới Hiện Nay Và Tầm Nhìn Đến Giữa Thế Kỷ 21 ,139500,155000,10,0.0,0,0,PGS.TS. Nguyễn Chiến Thắng (Chủ biên),Nhà Xuất Bản Khoa Học Xã Hội,Nhà Xuất Bản Khoa Học Xã Hội,,Bìa mềm tay gấp,408,2025-10-10,VIETNAMBOOK,available,1000,True,True,True
278610472,Nguồn Gốc Dân Tộc Việt Nam (NN),80000,80000,0,0.0,0,0,Đào Duy Anh,Gieobooks,Nhà Xuất Bản Hồng Đức,,Bìa mềm,120,2025-09-08,Tazano Official Store,available,1000,True,True,True
278524600,"(Combo 2 cuốn, bìa cứng) TẤM LÒNG VỚI ĐẤT NƯỚC & HỒI KÝ GIA ĐÌNH – BẠN BÈ – ĐẤT NƯỚC – Nguyễn Thị Bình - NXB CTQGST",598000,598000,0,0.0,0,6,Nguyễn Thị Bình,NXB Chính Trị Quốc Gia Sự Thật,Nhà Xuất Bản Chính Trị Quốc Gia Sự Thật,,Bìa cứng,892,,BÌNH BÁN BOOK,available,1000,True,True,True
278371368,Từ Musée Khai - Dinh đến bảo tàng cổ vật cung đình Huế (From Musée Khai - Dinh to Hue Royal Antiquities Museum),1500000,1500000,0,0.0,0,0,nhieu tac gia,Đông Tây,Nhà Xuất Bản Thế Giới,,Bìa cứng,267,2023-07-01,Đông Tây,available,1000,True,True,True
278069137,Sách - Ngàn Năm Sử Việt - Nhà Lê Trung Hưng - Quận He Khởi Nghĩa,76000,80000,5,0.0,0,0,Hà Ân,Nhà Xuất Bản Kim Đồng,Nhà Xuất Bản Kim Đồng,,Bìa mềm,,2023-12-21,Nhà sách Fahasa,available,1000,True,True,True
277764293,Sách Thư Tết Của Bác Hồ,39200,40000,2,0.0,0,8,Nhiều tác giả,Nhà Xuất Bản Kim Đồng,Nhà Xuất Bản Kim Đồng,,Bìa mềm,92,2025-01-04,Tiki Trading,available,1000,False,True,True
277463103,Sách - Đại Nam Dật Sự,171000,188000,9,5.0,1,3,,NXB Chính Trị Quốc Gia,Nhà Xuất Bản Chính Trị Quốc Gia Sự Thật,,Bìa mềm,,2023-12-21,Nhà sách Fahasa,available,1000,True,True,True
277436663,Sách - Boxset Tây Sơn Thực Lục (Hộp 2 Tập),1104100,1299000,15,0.0,0,1,Trần Hoàng Vũ,CÔNG TY TNHH SÁCH & TRUYỀN THÔNG VIỆT NAM,Nhà Xuất Bản Lao Động,,Bìa mềm,,2023-12-21,Nhà sách Fahasa,available,1000,True,True,True
277392902,Truyền Thống Việt Nam Qua Thử Thách 1920-1945,469000,469000,0,0.0,0,0,David G. Marr,NXB Thế Giới,Nhà Xuất Bản Thế Giới,,Bìa mềm,643,,Nhà Sách Vĩnh Thụy,available,1000,True,True,True
277348614,Sách - Lê Mạt Sự Ký - Sự Suy Tàn Của Triều Lê Cuối Thế Kỷ XVIII - Nguyễn Duy Chính - DTBooks,235000,235000,0,0.0,0,1,,Dtbooks,Nhà Xuất Bản Dân Trí,,,,,Bamboo Books,available,1000,True,True,True
277212073,Sách - Bánh Mì Cô Đơn - NXB Phụ Nữ,129000,129000,0,0.0,0,0,,Nhà xuất bản Phụ Nữ,Nhà Xuất Bản Phụ Nữ Việt Nam,,,,,Bamboo Books,available,1000,True,True,True
276601693,Chuyện nhân vật lịch sử thời Lê Mạt,67000,67000,0,0.0,0,0,Phan Trần Chúc,Nhà Xuất Bản Chính Trị Quốc Gia Sự Thật,Nhà Xuất Bản Chính Trị Quốc Gia Sự Thật,,Bìa mềm tay gấp,146,,Bamboo Books,available,1000,True,True,True
276527773,Lịch Sử Văn Hóa Biển Việt Nam,374400,468000,20,0.0,0,2,Nguyễn Chí Bền,CÔNG TY TNHH SÁCH & TRUYỀN THÔNG VIỆT NAM,Nhà Xuất Bản Khoa Học Xã Hội,,Bìa mềm,,2023-12-21,Nhà sách Fahasa,available,1000,True,True,True
276273928,Lịch Sử Tên Đường Phố Sài Gòn,315000,315000,0,0.0,0,0,,NXB Tri Thức,Nhà Xuất Bản Tri Thức,,Bìa mềm,412,,Nhà Sách Phương Nam,available,1000,True,True,True
276173115,Tín ngưỡng thờ cúng Hùng Vương ở Việt Nam (bản in 2024),108800,108800,0,0.0,0,0,,Nhà Xuất Bản Chính Trị Quốc Gia Sự Thật,Nhà Xuất Bản Chính Trị Quốc Gia Sự Thật,,Bìa mềm,348,,Nhà sách Sự thật tại Huế,available,1000,True,True,True
275925518,Kể Chuyện Cụm Tình Báo H.63 Anh Hùng - Những câu chuyện tình báo thót tim không phải ai cũng biết,266000,280000,5,5.0,1,10,Nguyễn Quang Chánh,CÔNG TY TNHH TMDV & TRUYỀN THÔNG TYM,Nhà Xuất Bản Tổng hợp TP.HCM,,Bìa mềm,260,2024-07-30,Alpha Books Official,available,1000,True,True,True
275822416,Góc Nhìn Sử Việt - Lương Ngọc Quyến Và Cuộc Khởi Nghĩa Thái Nguyên 1917,67100,79000,15,0.0,0,1,Đào Trinh Nhất,Alpha Books,Nhà Xuất Bản Thông Tấn,,,,,Nhà sách Fahasa,available,1000,True,True,True
275615144,Vị Thánh Tăng Cận Đại - Minh Đức Triều Tâm Ảnh,140000,140000,0,0.0,0,1,Minh Đức Triều Tâm Ảnh,Thư Quán Hương Tích,Nhà Xuất Bản Hội Nhà Văn,,Bìa cứng,335,,Thư quán Hương Tích,available,1000,True,True,True
275478560,"NHÀ TÂY SƠN - Quách Tấn, Quách Dao - NXB Chính Trị Quốc Gia Sự Thật.",133000,133000,0,0.0,0,0,Quách Tấn,Nhà Xuất Bản Chính Trị Quốc Gia Sự Thật,Nhà Xuất Bản Chính Trị Quốc Gia Sự Thật,,Bìa mềm,364,2024-03-27,Bamboo Books,available,1000,True,True,True
275148241,The Silk Roads - Những Con Đường Tơ Lụa Và Những Trang Sử Phi Thường Tạo Nên Thế Giới,260100,289000,10,0.0,0,8,Peter Frankopan,Alpha Books,Nhà Xuất Bản Thế Giới,,,,,Nhà sách Fahasa,available,1000,True,True,True
274145030,Sách : Kiểu Huế,750000,750000,0,0.0,0,0,Trần Đức Anh Sơn,Công ty cổ phần đầu tư phát triển Trường Phương,Nhà Xuất Bản Thế Giới,,Bìa cứng áo ôm,540,,Bamboo Books,available,1000,True,True,True
274058109,Hoạt Động Cung Tiến Và Lệ Bầu Hậu,279000,279000,0,0.0,0,1,,Nhà xuất bản Tổng hợp TP.HCM ,Nhà Xuất Bản Tổng hợp TP.HCM,,,,,Sách Thành Vinh,available,1000,True,True,True
270770774,Vương Quốc An Nam và dân An Nam – Ký sự du hành của J. L. Dutreuil de Rhins,190000,190000,0,0.0,0,1,nhieu tac gia,Đông Tây,Nhà Xuất Bản Đà Nẵng,,Bìa mềm,280,2023-06-28,Đông Tây,available,1000,True,True,True
270766750,Hoàng Lê Nhất Thống Chí,106200,118000,10,5.0,1,9,Ngô Gia Văn Phái,Cty Văn Hóa & Truyền Thông Trí Việt.,Nhà Xuất Bản Văn Học,,,,,Nhà sách Fahasa,available,1000,True,True,True
263084686,30 Năm Chiến Tranh Cách Mạng Việt Nam (1945-1975),140000,140000,0,0.0,0,2,Nguyễn Huy Toàn,NXB Tổng Hợp TPHCM,Nhà Xuất Bản Tổng hợp TP.HCM,,,,,Bamboo Books,available,1000,True,True,True
262799309,"Các Thành Tố Gia Đình - Giới tính, Chính quyền và Xã hội ở Việt Nam thời kỳ cận đại, 1963-1778",183000,229000,20,0.0,0,0,,Công ty Cổ phần Sách Omega Việt Nam,Nhà Xuất Bản Phụ Nữ,,,,,Alpha Books Official,available,1000,True,True,True
253136307,Người Việt Gọi Tôi Là Cha Đắc Lộ - Hành Trình Sáng Tạo Chữ Quốc Ngữ,99700,105000,5,5.0,1,10,Tạ Huy Long,Nhà Xuất Bản Kim Đồng,Nhà Xuất Bản Kim Đồng,,,,,Nhà sách Fahasa,available,1000,True,True,True
246070171,Tranh Truyện Lịch Sử Việt Nam: Mai Thúc Loan (Tái Bản),19600,20000,2,0.0,0,8,"Lê Minh Hải, Anh Chi",NXB Kim Đồng,Nhà Xuất Bản Kim Đồng,,Bìa mềm,32,2023-03-01,Tiki Trading,available,1000,False,True,True
213860880,Sách Xã hội Đông Nam Bộ từ khởi thủy đến đầu thế kỷ XXI,160000,160000,0,0.0,0,0,Huỳnh Ngọc Đáng,NXB Tổng hợp TP.HCM,Nhà Xuất Bản Tổng hợp TP.HCM,,Bìa mềm,384,2022-12-01,Bamboo Books,available,1000,True,True,True
182851141,"Hệ Thống Cơ Quan Giám Sát Triều Nguyễn (1802-1885): Từ Thiết Chế, Định Chế Đến Thực Tiễn",146800,165000,11,0.0,0,1,,Công ty TNHH Quốc Tế Mai Hà,Nhà Xuất Bản Khoa Học Xã Hội,,,,,Nhà sách Fahasa,available,1000,True,True,True
171586333,Nguyễn Thị Định - Vị Nữ Tướng Đầu Tiên Của Thời Đại Hồ Chí Minh,210000,210000,0,0.0,0,0,Nguyễn Thị Thanh Thủy,Phụ Nữ,Nhà Xuất Bản Phụ Nữ Việt Nam,,,,,SÁCH ĐẠI NAM,available,1000,True,True,True
48541479,Sách Sự Phát Triển Của Tư Tưởng Ở Việt Nam Từ Thế Kỷ XIX Đến Cách Mạng Tháng Tám - Tập 1,178600,190000,6,5.0,3,21,Trần Văn Giàu,NXB Tổng Hợp,Nhà Xuất Bản Tổng Hợp,,Bìa mềm,560,2020-02-02,Nhà sách Fahasa,available,1000,True,True,True
34746480,Nhân Học Văn Hóa Việt Nam,108000,108000,0,0.0,0,0,GS TS Hoàng Nam,NXB Văn Hoá Dân Tộc,,,,,,Bamboo Books,available,1000,True,True,True
20486478,Chiến Thắng Biểu Tượng Của Văn Hóa Quân Sự Việt Nam,99000,99000,0,0.0,0,0,Dương Xuân Đống,NXB Chính Trị Quốc Gia Sự Thật,,,,,,Bamboo Books,available,1000,True,True,True
13780740,Sách Lược Khảo Văn Học I – Những Vấn Đề Tổng Quát,86400,90000,4,5.0,4,16,Nguyễn Văn Trung,NXB Tổng Hợp,,,Bìa mềm,244,2019-04-01,Nhà sách Fahasa,available,1000,True,True,True
6544491,Sách Hồ Quý Ly,280000,280000,0,0.0,0,0,Nguyễn Xuân Khánh,NXB Phụ Nữ Việt Nam,Nhà Xuất Bản Phụ Nữ,,Bìa mềm,684,2018-01-10,info book,available,1000,True,True,True
4200703,"Theo dòng lịch sử những vùng đất, thần và tâm thức người việt",190000,190000,0,4.0,9,171,Trần Quốc Vượng,Nhà Sách 30 Hàn Thuyên,,,Bìa mềm,472,,Nhà sách 30 Hàn Thuyên,available,1000,True,True,True
540280,Sách Cẩm Nang Lễ Hội Truyền Thống Việt Nam,255000,255000,0,0.0,0,9,Phạm Trình - Trần Minh,TT Giới Thiệu Sách TP. HCM,Nhà Xuất Bản Hồng Đức,,Bìa mềm,407,2023-08-30,Nhà Sách Lao Động,available,1000,True,True,True
491775,"Sách Cách Mạng Tháng Tám Năm 1945 (Sự Kiện, Hình Ảnh Và Ký Ức)",152000,190000,20,5.0,1,11,Nhóm tác giả,NXB Thông tin Truyền thông,Nhà Xuất Bản Thông Tin Và Truyền Thông,,Bìa cứng,178,2015-12-22,nxbkhoahoccongnghetruyenthong,available,1000,True,True,True
468931,Sách Sài Gòn Chợ Lớn Qua Những Tư Liệu Quý Trước 1945,140000,140000,0,0.0,0,3,Nguyễn Đức Hiệp,NXB Văn Hóa - Văn Nghệ,Nhà Xuất Bản Văn Hóa - Văn Nghệ,,Bìa mềm,312,2016-01-14,Nhà sách NetaBooks,available,1000,True,True,True
279145226,Sách - Phép thờ cúng của người An Nam (Les Cultes Annamites) (bìa cứng) (Nhã Nam HCM),149600,170000,12,0.0,0,3,Gustave Dumoutier,Nhã Nam,Nhà Xuất Bản Thế Giới,,Bìa cứng,286,2026-01-28,Nhã Nam HCM,available,1000,True,True,True
279057054,"HOÀNG SA, TRƯỜNG SA THỜI THUỘC PHÁP – GS.TS Hồ Sĩ Quý – NXB Khoa học xã hội",175000,175000,0,0.0,0,1,nhieu tac gia,Nhà Xuất Bản Khoa Học Xã Hội,Nhà Xuất Bản Khoa Học Xã Hội,,Bìa mềm,329,,BÌNH BÁN BOOK,available,1000,True,True,True
278772313,"THẦN LONG KÍCH THỦY - Lịch Sử Thuyền Chiến Việt Nam - Đông Nguyễn, Kaovjets Ngujens - NXB Kim Đồng",223000,223000,0,0.0,0,4,"Đông Nguyễn, Kaovjets Ngujens",Nhà Xuất Bản Kim Đồng,Nhà Xuất Bản Kim Đồng,,Bìa mềm,212,,BÌNH BÁN BOOK,available,1000,True,True,True
278573978,Sách - Chung Một Ngôi Nhà - At.la.s 54 Dân Tộc Việt Nam,300000,300000,0,0.0,0,0,nhieu tac gia,NXB Kim Đồng,Nhà Xuất Bản Kim Đồng,,,156,,Nhân Văn,available,1000,True,True,True
278566816,Khởi nghĩa Duy Tân Thái Phiên - Trần Cao Vân qua các tài liệu mới (Nguyễn Trương Đàn),185000,185000,0,0.0,0,5,Thái Phiên,An Nam Books,Nhà Xuất Bản Thanh Niên,,Bìa mềm,575,2023-08-17,SÁCH ĐẠI NAM,available,1000,True,True,True
278432205,Sách - Trần Văn Ơn (Những Anh Hùng Trẻ Tuổi) - SBOOKS,45000,50000,10,0.0,0,0,,SBOOKS,Nhà Xuất Bản Chính Trị Quốc Gia Sự Thật,,,,,SBOOKS OFFICIAL,available,1000,True,True,True
278377630,Philippe Héduy - Lịch sử chinh phục Đông Dương 1624 - 1885,275000,275000,0,0.0,0,2,,Đông Tây,Nhà Xuất Bản Thuận Hóa,,Bìa mềm,254,2025-07-22,Đông Tây,available,1000,True,True,True
278228760,CHÚA NGUYỄN VÀ CÁC GIAI THOẠI MỞ ĐẤT PHƯƠNG NAM - Nguyễn Hữu Hiếu -  NXB Chính trị Quốc gia Sự Thật,98000,98000,0,0.0,0,11,Nguyễn Hữu Hiếu,Nhà Xuất Bản Chính Trị Quốc Gia Sự Thật,Nhà Xuất Bản Chính Trị Quốc Gia Sự Thật,,Bìa mềm,180,,BÌNH BÁN BOOK,available,1000,True,True,True
278161109,Combo sách Nguyễn Văn Tàu: Sài Gòn xuân Mậu thân 1968 + Tình báo kể chuyện - TH350,295000,295000,0,5.0,2,11,Nguyễn Văn Tàu,Nhà xuất bản Tổng hợp TP.HCM ,Nhà Xuất Bản Tổng hợp TP.HCM,,Bìa mềm,,2025-06-23,LITTLE BOOKS,available,1000,True,True,True
278041232,NHÌN LẠI QUÁ KHỨ - Tấn thảm kịch và những bài học về Việt Nam - Hồi Ký Robert S.McNamara (Tái bản 2025) – Omega – Nxb CTQGST,284000,299000,5,0.0,0,0,,Công ty Cổ phần Sách Omega Việt Nam,Nhà Xuất Bản Chính Trị Quốc Gia Sự Thật,,Bìa mềm,,,Alpha Books Official,available,1000,True,True,True
277582867,"NGHÌN NĂM GỐM CỔ CHĂM PA - Lâm Thị Mỹ Dung, Nguyễn Anh Thư - Vietnambook",129000,172000,25,0.0,0,2,,VIETNAMBOOK,Nhà Xuất Bản Tổng hợp TP.HCM,,Bìa mềm,,,VIETNAMBOOK,available,1000,True,True,True
277527595,Combo Sách Văn Minh Vật Chất Của Người Việt (Bìa Mềm) + Thờ cúng cổ truyền Việt Nam (Nghi Lễ và Thực Hành Nghi Lễ),432000,480000,10,0.0,0,0,"Phan Cẩm Thượng, Trung Chính Quách Trọng Trà",Zenbooks,Nhà Xuất Bản Thế Giới,,Bìa mềm,655,2022-10-01,Zenbooks Official ,available,1000,True,True,True
277228194,"(Tái bản 2025) LỊCH SỬ VIỆT NAM QUA CHÍNH SỬ TRUNG HOA (Tống Sử, Nguyên Sử, Tân Nguyên Sử, Minh Sử, Thanh Sử Cảo) - Cao Tự Thanh – NXB Tổng hợp TP.HCM",250000,250000,0,0.0,0,0,Cao Tự Thanh,NXB Tổng hợp Thành Phố Hồ Chí Minh,Nhà Xuất Bản Tổng hợp TP.HCM,,Bìa cứng,454,2025-01-22,TYMBooks,available,1000,True,True,True
276951978,Kỷ Niệm 80 Năm Quốc Khánh Nước Cộng Hòa Xã Hội Chủ Nghĩa Việt Nam - Đường Về Tổ Quốc ,87750,117000,25,0.0,0,3,Đỗ Hoàng Linh,VIETNAMBOOK,Nhà Xuất Bản Tri Thức,,Bìa mềm tay gấp,212,2025-01-07,VIETNAMBOOK,available,1000,True,True,True
276778489,Sách - Quá Trình Khai Phá Và Xác Lập C.h.ủ Quyền Của Việt Nam Trên Vùng Đất Nam Bộ (Thế Kỳ XVII - XIX) - NXB CTQGST ,238000,238000,0,0.0,0,1,Nguyễn Quang Ngọc,Nhà Xuất Bản Chính Trị Quốc Gia Sự Thật,Nhà Xuất Bản Chính Trị Quốc Gia Sự Thật,,,,,Bamboo Books,available,1000,True,True,True
276156022,Chủ Tịch Hồ Chí Minh Với Cách Mạng Tháng Tám Và Chiến Dịch Điện Biên Phủ - Đỗ Hoàng Linh,75600,108000,30,0.0,0,1,Đỗ Hoàng Linh,VIETNAMBOOK,Nhà Xuất Bản Hà Nội,,Bìa mềm tay gấp,232,2024-09-17,VIETNAMBOOK,available,1000,True,True,True
276061117,Hỏi Đáp Lịch Sử Việt Nam - Tập 3 - Từ Khởi Nghĩa Lam Sơn Đến Nửa Đầu Thế Kỷ XIX,128200,135000,5,0.0,0,1,Nhóm Nhân Văn Trẻ,NXB Trẻ,NXB Trẻ,,Bìa mềm,,2023-12-21,Nhà sách Fahasa,available,1000,True,True,True
275974055,Chủ Tịch Hồ Chí Minh Với Cuộc Hành Trình Của Thời Đại - Hành Trình Đổi Mới Và Sáng Tạo ,72100,103000,30,0.0,0,2,Vũ Kim Yến,VIETNAMBOOK,Nhà Xuất Bản Hà Nội,,Bìa mềm tay gấp,208,2024-08-22,VIETNAMBOOK,available,1000,True,True,True
275832329,Góc Nhìn Sử Việt - Nguyễn Tri Phương - Vị Nguyên Soái Tài Trí Nước Nam,84100,99000,15,0.0,0,2,Phan Trần Chúc,Alpha Books,Nhà Xuất Bản Thông Tấn,,,,,Nhà sách Fahasa,available,1000,True,True,True
275323166,Sách - Lịch sử sách (Bản thường) - Thái Hà Books,461230,599000,23,0.0,0,2,,Thái Hà,Nhà Xuất Bản Thế Giới,,,,,THAIHABOOKS,available,1000,True,True,True
275268640,Hải Đoàn Cảm Tử Huyền Thoại - PGS.TS. Cao Văn Liên,69750,93000,25,5.0,1,7,Cao Văn Liên,VIETNAMBOOK,Nhà Xuất Bản Hà Nội,,Bìa mềm tay gấp,168,2024-06-13,VIETNAMBOOK,available,1000,True,True,True
275187843,Sách - 100 Câu Hỏi Về Lịch Sử Chữ Quốc Ngữ - Phạm Thị Kiều Ly,108000,135000,20,0.0,0,1,Phạm Thị Kiều Ly,SÁCH KHAI MINH,Nhà Xuất Bản Khoa học và Kỹ thuật,,,168,,Alpha Books Official,available,1000,True,True,True
274548155,Ả Đào - Một Khảo Cứu Về Lịch Sử Và Hệ Âm Luật,299000,299000,0,5.0,1,2,Bùi Trọng Hiền,Omega Plus,Nhà Xuất Bản Hội Văn Học,,Bìa mềm,600,2024-03-19,Nhà sách NetaBooks,available,1000,True,True,True
274454055,Chiến Thắng Điện Biên Phủ Năm 1954 Dưới Góc Nhìn Của Người Nước Ngoài,74250,99000,25,0.0,0,17,nhieu tac gia,VIETNAMBOOK,Nhà Xuất Bản Quân Đội Nhân Dân,,Bìa mềm tay gấp,180,2024-03-12,VIETNAMBOOK,available,1000,True,True,True
272984628,sách - Nam Kỳ Ngao Du (PN),150000,150000,0,0.0,0,0,nhieu tac gia,Nhà xuất bản Phụ Nữ Việt Nam,Nhà Xuất Bản Phụ Nữ Việt Nam,,Bìa mềm,293,,TYMBooks,available,1000,True,True,True
270882923,Luật và xã hội Việt Nam thế kỷ XVII-XVIII,169000,169000,0,0.0,0,3,,Công ty CP Xuất bản Khoa học và Giáo dục Thời Đại (TIMES BOOKS),Nhà Xuất Bản Dân Trí,,Bìa mềm,260,2023-08-31,Taurus 1987 Books,available,1000,True,True,True
212484607,Việt Sử Tiêu Án (Từ Hồng Bàng Đến Ngoại Thuộc Nhà Minh),132000,150000,12,5.0,2,10,Ngô Gia Văn Phái,Nhà sách Minh Thắng,hong duc,,,,,Nhà sách Fahasa,available,1000,True,True,True
198192458,25 Nhân Vật Lịch Sử Nhật Bản,48000,60000,20,5.0,1,5,Nguyễn Quốc Vương,Phụ Nữ,Nhà Xuất Bản Phụ Nữ Việt Nam,,,,,Nhà sách Fahasa,available,1000,True,True,True
192452445,Sách Kính Chào Thế Hệ Thứ 4 (Khổ Nhỏ),40000,55000,27,5.0,7,39,Võ Văn Kiệt,NXB Tổng Hợp TP. HCM,Nhà Xuất Bản Tổng hợp TP.HCM,,Bìa mềm,272,2022-01-01,Tiki Trading,available,1000,False,True,True
189940162,Kho báu Kinh thành Huế sau ngày Thất thủ Kinh đô,181350,279000,35,5.0,3,23,Francois Thierry,Thái Hà,Nhà Xuất Bản Hà Nội,,Bìa mềm,476,2022-07-06,THAIHABOOKS,available,1000,True,True,True
58708807,Loạn 12 Sứ Quân (Trọn Bộ 3 Cuốn - 6 Tập),405000,405000,0,0.0,0,0,"Nguyễn Đình Tư, Nguyễn Đình Tú, Nguyễn Đình Tú",NXB Văn hóa Văn nghệ TP.HCM,Nhà Xuất Bản Văn Hóa Văn Nghệ,,,,,TYMBooks,available,1000,True,True,True
36703670,Nghệ thuật và nghệ nhân vùng Kinh Thành Huế – LadiPage,194350,299000,35,0.0,0,7,"Léopold Michel Cadière, Edmond Gras",Thái Hà,,,Bìa mềm,466,,THAIHABOOKS,available,1000,True,True,True
36013784,Sách Đại Việt Sử Ký Toàn Thư Tặng Kèm Postcard Và Sổ Tay Bìa Da,197300,197300,0,4.6,60,209,,Nhà sách Minh Thắng,,,Bìa cứng,1059,,Minhhabooks,available,1000,True,True,True
35364280,Sách Chính Phủ Cách Mạng Lâm Thời Cộng Hòa Miền Nam Việt Nam,130000,130000,0,0.0,0,0,Nguyễn Đình Thống,NXB Tổng Hợp,Nhà Xuất Bản Tổng Hợp,,Bìa mềm,364,2019-10-01,TYMBooks,available,1000,True,True,True
22173213,Combo  Việt Nam Sử Lược (Bìa Mềm) + Lịch Sử Việt Nam Từ Nguồn Gốc Đến Thế Kỷ XIX (Bìa Mềm),265500,295000,10,0.0,0,0,.,Nhiều công ty phát hành,,,,,,Bùi Thị Anh,available,1000,True,True,True
8149168,"Các Vị Trạng Nguyên, Bảng Nhãn, Thám Hoa Qua Các Triều Đại Phong Kiến Việt Nam",154000,220000,30,4.3,12,173,Trần Hồng Đức,VIETNAMBOOK,Nhà Xuất Bản Hồng Đức,,Bìa mềm tay gấp,440,1900-01-13,VIETNAMBOOK,available,1000,True,True,True
7965690,Đại Việt Quốc Thư,140000,140000,0,0.0,0,2,Nguyễn Duy Chính,Phương Nam,Nhà Xuất Bản Văn Hóa - Văn Nghệ,,Bìa mềm,405,,TYMBooks,available,1000,True,True,True
626307,Sách Thế Kỷ Âm Nhạc Việt Nam – Một Thời Đạn Bom,205100,293000,30,4.6,5,57,Nguyễn Thụy Kha,Công Ty Cổ Phần Tri thức Văn Hóa Sách Việt Nam,,,Bìa mềm,710,2017-04-01,VIETNAMBOOK,available,1000,True,True,True
556221,Sách Công Lý & Hòa Bình Trên Biển Đông,102000,170000,40,0.0,0,3,,NXB Hội Nhà Văn,Nhà Xuất Bản Hội Nhà Văn,,Bìa cứng,359,2014-09-01,SÁCH ĐẠI NAM,available,1000,True,True,True
493073,"Sách Nhà Lê Sơ (1428 - 1527) Với Công Cuộc Chống Nạn ""Sâu Dân, Mọt Nước""",76800,80000,4,5.0,3,18,Trần Đình Ba,NXB Tổng Hợp,,,Bìa mềm,260,2016-03-26,Nhà sách Fahasa,available,1000,True,True,True
279104213,THUYỀN BUỒM ĐÔNG DƯƠNG – J.B. Piétri – Đỗ Thái Bình dịch - NXB Trẻ,150000,150000,0,0.0,0,1,J.B. Piétri,NXB Trẻ,NXB Trẻ,,Bìa mềm,212,,BÌNH BÁN BOOK,available,1000,True,True,True
278610352,Sách - Sài Gòn - Paris Viễn Đông,140000,140000,0,0.0,0,0,nhieu tac gia,NXB Trẻ,NXB Trẻ,,Bìa mềm,340,,FishingBook,available,1000,True,True,True
278432124,Sách - Những Biên Bản Cuối Cùng Tại Nhà Trắng - SBOOKS,121500,135000,10,0.0,0,0,,SBOOKS,Nhà Xuất Bản Chính Trị Quốc Gia Sự Thật,,,,,SBOOKS OFFICIAL,available,1000,True,True,True
278381182,"Lịch Sử Việt Nam Bằng Tranh: Chiến Thắng Quân Mông Lần 1 (Bản Màu, Bìa Cứng)",147250,155000,5,0.0,0,0,"Trần Bạch Đằng, Tôn Nữ Quỳnh Trân, Nguyễn Huy Khôi, Nguyễn Thùy Linh",NXB Trẻ,NXB Trẻ,,Bìa cứng,88,2025-08-01,Cá Chép Bookstore,available,1000,True,True,True
277565614,Sách Bìa mềm - Sách Thể chế công ở Việt Nam Thế kỷ XVIII - NXB199,169000,169000,0,0.0,0,1,,Nhà xuất bản Tổng hợp TP.HCM ,Nhà Xuất Bản Tổng hợp TP.HCM,,Bìa mềm,226,2025-03-26,LITTLE BOOKS,available,1000,True,True,True
277268939,(Tập 2) DỌC ĐƯỜNG – Nguyên Ngọc – Nhã Nam ,208000,208000,0,0.0,0,0,,Nhã Nam,Nhà Xuất Bản Hội Nhà Văn,,Bìa mềm,,,Nhà Sách Vĩnh Thụy,available,1000,True,True,True
276672398,Lược Sử Tôn Giáo,138500,149000,7,5.0,1,2,Richard Holloway,Nhã Nam,Nhà Xuất Bản Thế Giới,,Bìa mềm,,2023-12-21,Nhà sách Fahasa,available,1000,True,True,True
276333945,Hà Nội Thời Cận Đại - Từ Nhượng Địa Đến Thành Phố (1837-1945),250000,250000,0,0.0,0,0,Đào Thị Diến,Nhã Nam,Nhà Xuất Bản Hà Nội,,Bìa mềm,528,2024-10-05,Nhà sách NetaBooks,available,1000,True,True,True
274161801,TIỂU LUẬN VỀ NGHỆ THUẬT AN NAM - Louis Bezacier - Vũ Mai dịch - (bìa mềm),120000,120000,0,0.0,0,0,,Nhã Nam,Nhà Xuất Bản Tổng hợp TP.HCM,,Bìa mềm,240,2024-02-01,Bamboo Books,available,1000,True,True,True
273691003,Sách - Bài giảng lịch sử An Nam (Trương Vĩnh Ký) - Nhã Nam Official,190000,190000,0,0.0,0,0,Trương Vĩnh Ký,Nhã Nam,Nhà Xuất Bản Thế Giới,,Bìa mềm,424,2023-12-22,FishingBook,available,1000,True,True,True
273537606,DANH NHÂN VIỆT NAM – Doãn Kế Thiện - Nhã Nam – NXB Hồng Đức,62000,62000,0,0.0,0,0,Doãn Kế Thiện,Nhã Nam,nxb hong duc,,Bìa mềm,144,,info book,available,1000,True,True,True
272251302,Sách - Bản triều bạn nghịch liệt truyện (Kiều Oánh Mậu) - Nhã Nam Official,118000,118000,0,0.0,0,0,Kiều Oánh Mậu,Nhã Nam,Nhà Xuất Bản Hồng Đức,,Bìa mềm,254,,NHBook,available,1000,True,True,True
272198227,Sách - Huế đẹp như tranh (Hué Pittoresque) (Bìa cứng) - Nhã Nam Official,199000,199000,0,0.0,0,0,nhieu tac gia,Nhã Nam,Nhà Xuất Bản Thế Giới,,Bìa cứng,220,,Nhà Sách Vĩnh Thụy,available,1000,True,True,True
271541982,Bản Triều Bạn Nghịch Liệt Truyện,112100,118000,5,0.0,0,7,Kiều Oánh Mậu,Nhã Nam,hong duc,,,,,Nhà sách Fahasa,available,1000,True,True,True
271419883,Bản Triều Bạn Nghịch Liệt Truyện - Kiều Oánh Mậu - Trần Khải Văn dịch - (bìa mềm),118000,118000,0,0.0,0,0,Kiều Oánh Mậu,Nhã Nam,Nhà Xuất Bản Tổng hợp TP.HCM,,Bìa mềm,254,2023-08-01,Bamboo Books,available,1000,True,True,True
270107292,Trường Dạy Nghề Ở Việt Nam Thời Pháp Thuộc (1898-1945),188000,200000,6,0.0,0,0,Trần Thị Phương Hoa,Nhã Nam,Nhà Xuất Bản Thế Giới,,,,,Nhà sách Fahasa,available,1000,True,True,True
263949756,Lịch Sử Việt Nam Bằng Tranh - Thời Khởi Thủy (Bìa Cứng),165000,165000,0,0.0,0,1,Nhiều,NXB Trẻ,NXB Trẻ,,Bìa cứng,96,2023-06-25,Nhà sách NetaBooks,available,1000,True,True,True
263584140,Minh Thực Lục tập 3,650000,650000,0,0.0,0,0,Phạm Hoàng Quân,Alphabooks,Nhà Xuất Bản Hà Nội,,Bìa cứng,700,,Nhà Sách Vĩnh Thụy,available,1000,True,True,True
253396853,Sách Lược sử Sài Gòn từ thế kỷ XVII đến khi Pháp xâm chiếm (1859),90000,90000,0,0.0,0,3,Nguyễn Đình Đầu,NXB Trẻ,NXB Trẻ,,Bìa mềm,172,2023-05-03,FishingBook,available,1000,True,True,True
251085782,VƯƠNG QUỐC AN NAM VÀ DÂN AN NAM - DUTREUIL DE RHINS,179000,179000,0,5.0,1,5,,Công ty TNHH Truyền Thông và Giáo Dục Lyceum,Nhà Xuất Bản Đà Nẵng,,Bìa mềm,280,,SÁCH ĐẠI NAM,available,1000,True,True,True
245787179,Sách Lịch sử Việt Nam bằng tranh - Vua Lê Đại Hành (bản màu),42000,60000,30,5.0,1,36,Nhiều tác giả,NXB Trẻ,NXB Trẻ,,Bìa mềm,74,2023-03-09,Tiki Trading,available,1000,False,True,True
225267000,Tủ Sách Kể Chuyện Lịch Sử Trung Quốc: Kể Chuyện Tam Quốc _HA,93800,140000,33,0.0,0,0,,Nhà Sách Hồng Ân,Nhà Xuất Bản Dân Trí,,Bìa mềm,440,,Bảo Châu Books,available,1000,True,True,True
209906002,Thế Chiến Thứ Hai - Antony Beevor - Bản Quyền,699000,699000,0,0.0,0,0,,Alphabooks,Nhà Xuất Bản Hà Nội,,,,,HỆ THỐNG NHÀ SÁCH ABC,available,1000,True,True,True
209900544,Súng Vi Trùng Và Thép - Covid Edition (Bản đặc biệt) - Bản Quyền,777000,777000,0,0.0,0,0,,Alphabooks,Nhà Xuất Bản Thế Giới,,,,,Nhà Sách Vĩnh Thụy,available,1000,True,True,True
208917721,Cội Nguồn - Bản Quyền,219000,219000,0,0.0,0,1,,Alphabooks,Nhà Xuất Bản Dân Trí,,,,,Nhà Sách Vĩnh Thụy,available,1000,True,True,True
208907057,"Súng, Vi Trùng Và Thép (TB) - Bản Quyền",339000,339000,0,0.0,0,0,Jared Diamond,Alphabooks,Nhà Xuất Bản Thế Giới,,Bìa mềm,676,2022-12-16,Nhà Sách Vĩnh Thụy,available,1000,True,True,True
208560322,"Sách Lịch Sử Việt Nam Bằng Tranh 03: Huyền Sử Đời Hùng Bánh Chưng Bánh Giầy, Trầu Cau, Quả Dưa Đỏ",26000,35000,26,5.0,1,25,Nhiều tác giả,NXB Trẻ,NXB Trẻ,,Bìa mềm,80,2022-12-12,Tiki Trading,available,1000,False,True,True
207852929,Sách TRẦN HƯNG ĐẠO ĐẠI CHIẾN BẠCH ĐẰNG,27000,30000,10,0.0,0,6,Đỗ Biên Thùy,NXB Trẻ,NXB Trẻ,,Bìa mềm,24,2022-11-01,Tiki Trading,available,1000,False,True,True
205539966,[Bộ LỊCH SỬ VIỆT NAM BẰNG TRANH] – NXB TRẺ – [Lê Quý Đôn],1050000,1050000,0,0.0,0,0,,NXB Trẻ,NXB Trẻ,,,,,HỆ THỐNG NHÀ SÁCH ABC,available,1000,True,True,True
195103535,"CHÚNG TA ĐÒI HÒA BÌNH - Huỳnh Tấn Mẫm và phong trào yêu nước, tranh đấu của thanh niên, sinh viên, học sinh Sài Gòn, 1969-1975 – Ban liên lạc Phong trào Thanh niên Sinh viên Học sinh Sài Gòn - Gia Định trước năm 1975 - NXB Trẻ (bìa mềm)",240000,240000,0,0.0,0,0,,NXB Trẻ,NXB Trẻ,,Bìa mềm,480,,info book,available,1000,True,True,True
171580966,Lịch Sử Việt Nam Bằng Tranh: Nguyễn Trãi (Bản Màu),140000,140000,0,0.0,0,3,"Nguyễn Huy Khôi,  Trần Bạch Đằng",NXB Trẻ,NXB Trẻ,,,,,Bamboo Books,available,1000,True,True,True
137243569,Sách Tổng Thống Nga Medvedev - Những Điều Chưa Biết,60000,60000,0,1.0,2,4,Dương Minh Hào,Nhà Xuất Bản Thanh Niên,Nhà Xuất Bản Thanh Niên,,Bìa mềm,410,2009-01-01,Nhà Sách Phương Nam,available,1000,True,True,True
91641072,Các Thương Cảng Ven Biển Bắc Trung Bộ Thế kỷ X - XIX,210000,210000,0,0.0,0,2,,Công ty TNHH Quốc Tế Mai Hà,Nhà Xuất Bản Thế Giới,,Bìa mềm,304,2021-04-14,Nhà sách NetaBooks,available,1000,True,True,True
76552826,Theo Dòng Lịch Sử - Những Tìm Tòi Và Suy Ngẫm,190000,190000,0,5.0,3,12,,NXB Thông Tin Và truyền Thông,Nhà Xuất Bản Thông Tin Và Truyền Thông,,Bìa mềm,382,,VIETNAMBOOK,available,1000,True,True,True
74571426,Sách Các Ty Độc Quyền Thuốc Phiện Và Muối Ở Đông Dương,194000,259000,25,5.0,13,84,Jacques Dumarest,Công ty TNHH Quốc Tế Mai Hà,Nhà Xuất Bản Khoa Học Xã Hội,,Bìa mềm,238,2020-10-01,MaiHaBooks,available,1000,True,True,True
68585022,Combo Sách Của Phan Ngọc : Một Thức Nhận Về Văn Hóa Việt Nam + Sự Tiếp Xúc Của Văn Hóa Việt Nam Với Pháp,335000,335000,0,0.0,0,2,Phan Ngọc,Alphabooks,Nhà Xuất Bản Thế Giới,,Bìa mềm,,,HỆ THỐNG NHÀ SÁCH ABC,available,1000,True,True,True
48980474,Sách Ngày Xưa Có Một Con Bò (Tái Bản 2019),66500,70000,5,5.0,93,868,Camilo Cruz,NXB Trẻ,NXB Trẻ,,,,,Nhà sách Fahasa,available,1000,True,True,True
31516156,Sách Lịch Sử Việt Nam Bằng Tranh 10 - Họ Khúc Dựng Nền Tự Chủ (Tái Bản),26000,35000,26,5.0,16,121,Nhiều tác giả,NXB Trẻ,NXB Trẻ,,Bìa mềm,94,,Tiki Trading,available,1000,False,True,True
31516081,Sách Lịch Sử Việt Nam Bằng Tranh 13 - Vua Lê Đại Hành (Tái Bản 2019),26000,35000,26,5.0,23,137,"Lê Văn Năm, Trần Bạch Đằng, Trần Bạch Đằng",NXB Trẻ,NXB Trẻ,,Bìa mềm,103,,Tiki Trading,available,1000,False,True,True
682008,Sách Lịch Sử Việt Nam Bằng Tranh: Đại Việt Dưới Thời Lý Nhân Tông - Tập 19 (Tái bản 2017),26000,35000,26,4.8,13,265,"Trần Bạch Đằng, Nguyễn Quang Vinh, Trần Văn Nam",NXB Trẻ,NXB Trẻ,,Bìa mềm,96,2017-05-01,Tiki Trading,available,1000,False,True,True
279165288,"Hai Bộ Chính Sử Về Đàng Trong - Đại Nam Liệt Truyện Tiền Biên - Phụ: Ngoại Phiên Thông Thư - An Nam Quốc Thư, Cổ Đại Nam Nhật Giao Thông Khảo",332500,350000,5,0.0,0,0,Quốc sử quán triều Nguyễn; Cao Tự Thanh dịch và giới thiệu,NXB Đại Học Sư Phạm,Nhà Xuất Bản Đại Học Sư Phạm,,Bìa mềm,460,2025-12-26,VIETNAMBOOK,available,1000,True,True,True
278851995,Tả Quân Lê Văn Duyệt Với Vùng Đất Nam Bộ,170000,170000,0,0.0,0,5,nhieu tac gia,NXB Tổng Hợp Hồ Chí Minh,Nhà Xuất Bản Tổng hợp TP.HCM,,Bìa mềm,280,2025-11-07,Nhà sách NetaBooks,available,1000,True,True,True
277987863,Sách 79 câu chuyện của Bác Hồ từ Phủ Chủ Tịch - bản in 2025,134000,134000,0,0.0,0,0,TS Nguyễn Anh Minh,Nhà Xuất Bản Chính Trị Quốc Gia Sự Thật,Nhà Xuất Bản Chính Trị Quốc Gia Sự Thật,,Bìa mềm,300,,Hiệu Sách Tự Do,available,1000,True,True,True
277908109,Bông Sen Vàng - Nhà Văn Sơn Tùng,151000,159000,5,0.0,0,0,,Omega Plus,Nhà Xuất Bản Chính Trị Quốc Gia Sự Thật,,,,,Sống Official,available,1000,True,True,True
277745182,Những Biên Bản Cuối Cùng Tại Nhà Trắng:  Phút Sụp Đổ Của Việt Nam Cộng Hoà ( Xuất bản lần thứ ba ),135000,135000,0,0.0,0,3,,Nhà Xuất Bản Chính Trị Quốc Gia Sự Thật,Nhà Xuất Bản Chính Trị Quốc Gia Sự Thật,,Bìa gập,310,2025-03-31,Luatvietbook,available,1000,True,True,True
277387980,"Chiến thắng Điện Biên Phủ và các chiến trường phối hợp Đông Nam Bộ, cực Nam Trung Bộ",187000,187000,0,0.0,0,1,Đảng Ủy - Bộ Tư Lệnh Quân Khu 7,Nhà Xuất Bản Chính Trị Quốc Gia Sự Thật,Nhà Xuất Bản Chính Trị Quốc Gia Sự Thật,,Bìa mềm,,2024-12-31,Bảo Châu Books,available,1000,True,True,True
277349400,Sách - Những Thiếu Nữ Nhà March - Louisa May Alcott - Việt Thư,118000,118000,0,0.0,0,0,,Công Ty TNHH Văn Hóa Việt Thư,Nhà Xuất Bản Phụ Nữ Việt Nam,,,,,Bamboo Books,available,1000,True,True,True
277348956,Sách - Đạo Của Warren Buffett - DTBooks,97000,97000,0,0.0,0,0,,Dtbooks,Nhà Xuất Bản Dân Trí,,,,,Bamboo Books,available,1000,True,True,True
277348650,Sách - Nam Kỳ Viễn Chinh Ký 1861 - DTBooks,169000,169000,0,0.0,0,0,,Dtbooks,Nhà Xuất Bản Dân Trí,,,,,Bamboo Books,available,1000,True,True,True
277348622,Sách - Ngoại Giao Của Chính Quyền Sài Gòn 1955-1963 - DTBooks,189000,189000,0,0.0,0,0,,Dtbooks,Nhà Xuất Bản Dân Trí,,,,,Bamboo Books,available,1000,True,True,True
277326917,Hồi ức Điện Biên Phủ những nhân chứng lên tiếng (Bìa cứng),300000,300000,0,0.0,0,0,,NXB Đại Học Sư Phạm,Nhà Xuất Bản Đại Học Sư Phạm,,,436,,NXB Đại học Sư phạm,available,1000,True,True,True
277227215,Sách - Góp Nhặt - Tìm Hiểu Lịch Sử Việt - NXB Tổng Hợp,220000,220000,0,0.0,0,0,,Nhà xuất bản Tổng hợp TP.HCM ,Nhà Xuất Bản Tổng hợp TP.HCM,,,,,Bamboo Books,available,1000,True,True,True
276802138,Người Việt Nam Với Đạo Giáo,250000,250000,0,0.0,0,9,Nguyễn Duy Hinh,Công ty cổ phần đầu tư phát triển Trường Phương,Nhà Xuất Bản Thuận Hóa,,Bìa mềm,487,2024-12-14,Nhà sách NetaBooks,available,1000,True,True,True
276802068,Đông Dương Cuộc Chiến Tiền Tệ 1946-1954,158000,158000,0,0.0,0,2,,Công ty cổ phần đầu tư phát triển Trường Phương,Nhà Xuất Bản Thông Tin Và Truyền Thông,,Bìa mềm,160,2024-12-14,Nhà sách NetaBooks,available,1000,True,True,True
276739513,Sách - Kỹ Thuật Bảo Dưỡng Và Sửa Chữa Ô Tô Hiện Đại - Kỹ Năng Cơ Bản Sửa Chữa Ô Tô - VIETNAMBOOK,199000,199000,0,0.0,0,1,,Vinabook JSC,Nhà Xuất Bản Hồng Đức,,,,,Bamboo Books,available,1000,True,True,True
276589847,Ngàn Năm Sử Việt - Nhà Lê: Sao Khuê Lấp Lánh (Dành Cho Lứa Tuổi 13+) ,55000,55000,0,0.0,0,0,,Nhà Xuất Bản Kim Đồng,Nhà Xuất Bản Kim Đồng,,Bìa mềm tay gấp,224,2024-11-15,Nhà Sách Vĩnh Thụy,available,1000,True,True,True
276493451,Hệ Giá Trị Việt Nam - Từ Truyền Thống Đến Hiện Đại (Tái bản 2024) - Trần Ngọc Thêm (NXB),238000,238000,0,0.0,0,8,Trần Ngọc Thêm,Nhà xuất bản Tổng hợp TP.HCM ,Nhà Xuất Bản Tổng hợp TP.HCM,,Bìa mềm,600,2024-11-01,LITTLE BOOKS,available,1000,True,True,True
276407277,Sách Tại sao là Hồ Chí Minh - Song Phil - Kyung,103000,103000,0,0.0,0,2,nhieu tac gia,Nhà Xuất Bản Chính Trị Quốc Gia Sự Thật,Nhà Xuất Bản Chính Trị Quốc Gia Sự Thật,,,,,Hiệu Sách Tự Do,available,1000,True,True,True
276271061,Nếp Cũ - Con Người Việt Nam,210000,210000,0,0.0,0,0,Toan Ánh,Văn Lang,NXB Trẻ,,Bìa mềm,416,,Nhà Sách Vĩnh Thụy,available,1000,True,True,True
276039317,Lược Sử Nước Việt Bằng Tranh (Bìa mềm - Bản Tiếng Việt),140000,140000,0,0.0,0,5,,NXB Kim Đồng,Nhà Xuất Bản Kim Đồng,,Bìa mềm,100,2023-08-01,Taurus 1987 Books,available,1000,True,True,True
275678925,Ngàn Năm Sử Việt: Nhà Trần - Hưng Đạo Vương,60000,60000,0,0.0,0,0,"Phan Kế Bính, Lê Văn Phúc",Công ty TNHH Tazano,Nhà Xuất Bản Kim Đồng,,Bìa mềm,228,2024-07-19,Bamboo Books,available,1000,True,True,True
274396001,LỄ THÀNH HẦU NGUYỄN HỮU CẢNH (1650-1700) - VỚI CÔNG CUỘC KHAI SÁNG MIỀN NAM NƯỚC VIỆT CUỐI THẾ KỶ XVII,99000,99000,0,5.0,1,2,Như Hiên Nguyễn Ngọc Hiền,Nhà xuất bản Tổng hợp TP.HCM ,Nhà Xuất Bản Tổng hợp TP.HCM,,Bìa mềm,392,2024-03-01,Bamboo Books,available,1000,True,True,True
274086740,Y TẾ PHƯƠNG TÂY Ở BẮC KỲ (1873-1945) - Bùi Thị Hà,136000,136000,0,0.0,0,1,,Nhà xuất bản Tổng hợp TP.HCM ,Nhà Xuất Bản Tổng hợp TP.HCM,,Bìa mềm tay gấp,376,2024-01-31,LITTLE BOOKS,available,1000,True,True,True
274040836,Lịch Sử Khai Phá Vùng Đất Nam Bộ (Tái Bản 2018),90000,90000,0,5.0,1,6,"PGS Huỳnh Lứa , Quang Minh , Lê Văn Năm , Đỗ Hữu Nghiêm",Nhà xuất bản Tổng hợp TP.HCM ,Nhà Xuất Bản Tổng hợp TP.HCM,,,,,NXB TỔNG HỢP,available,1000,True,True,True
274036024,Sách Văn bản và hệ sinh thái văn bản: Việt điện u linh tập từ chức năng đến nghệ thuật ( TTVN),265000,265000,0,0.0,0,0,,CÔNG TY TNHH SÁCH & TRUYỀN THÔNG VIỆT NAM,Nhà Xuất Bản Khoa Học Xã Hội,,Bìa mềm,416,2024-01-23,Bảo Châu Books,available,1000,True,True,True
273888515,Lính Chiến - Trung Tướng - Anh Hùng Lực Lượng Vũ Trang Triệu Xuân Hòa,123000,123000,0,5.0,1,5,Hồ Sơn Đài,Nhà xuất bản Tổng hợp TP.HCM ,Nhà Xuất Bản Tổng hợp TP.HCM,,,,,LITTLE BOOKS,available,1000,True,True,True
273879889,TRI TÂN NHÂN VẬT CHÍ - TẬP CHÚ - Quyển 1 Từ thời Bắc thuộc đến nhà Trần – Nguyễn Phúc An – NXB Tổng hợp TPHCM,180000,180000,0,0.0,0,0,,NXB Tổng hợp Thành Phố Hồ Chí Minh,Nhà Xuất Bản Tổng hợp TP.HCM,,Bìa mềm,,,Bamboo Books,available,1000,True,True,True
273667832,Chân Trần Chí Thép,142800,168000,15,0.0,0,3,James G. Zumwalt,Nhà xuất bản Tổng hợp TP.HCM ,Nhà Xuất Bản Tổng hợp TP.HCM,,,,,NXB TỔNG HỢP,available,1000,True,True,True
273644794,Sách Kỷ Niệm Các ngày Lễ Lớn Và Sự Kiện Lịch Sử Quan Trọng Trong Năm - V2296T,259000,259000,0,0.0,0,1,Tăng Bình,Công Ty TNHH Sách Luật Việt Nam,Nhà Xuất Bản Hồng Đức,,Bìa mềm,464,2023-06-30,Nhà sách Nam Việt,available,1000,True,True,True
273393991,Gia Định Sài Gòn Thành phố Hồ Chí Minh - Dặm dài lịch sử (1968-2020) - Tập 2 (1945-2020),440000,440000,0,0.0,0,1,Nguyễn Đình Tư,Nhà xuất bản Tổng hợp TP.HCM ,Nhà Xuất Bản Tổng hợp TP.HCM,,Bìa cứng,,,LITTLE BOOKS,available,1000,True,True,True
273379873,ĐÔ THỊ SÀI GÒN CHỢ LỚN TRƯỚC NĂM 1945 (Qua tài liệu lưu trữ) - Trung tâm Lưu trữ Quốc gia II – Nxb Tổng hợp Tp Hồ Chí Minh ,220000,220000,0,0.0,0,1,Trung tâm Lưu trữ quốc gia IV,NXB Tổng hợp Thành Phố Hồ Chí Minh,NXB Tổng Hợp Thành Phố Hồ Chí Minh,,Bìa mềm,552,,Bamboo Books,available,1000,True,True,True
272968013,Mật Bổn - Những Bí Ẩn Lịch Sử Việt Nam Thời Cổ Trung Đại,185000,185000,0,0.0,0,0,Trần Hoàng Vũ,Nhà xuất bản Tổng hợp TP.HCM ,Nhà Xuất Bản Tổng hợp TP.HCM,,,,,Nhà sách NetaBooks,available,1000,True,True,True
271479301,Sài Gòn Chợ Lớn Thể Thao Và Báo Chí Trước 1945,106250,125000,15,4.5,2,10,Nguyễn Đức Hiệp,Nhà xuất bản Tổng hợp TP.HCM ,Nhà Xuất Bản Tổng hợp TP.HCM,,,,,NXB TỔNG HỢP,available,1000,True,True,True
270465339,Khoa Cử Việt Nam - Cử Nhân Triều Nguyễn,390000,390000,0,0.0,0,0,nhieu tac gia,Đông Tây,dai hoc quoc gia ha noi,,Bìa mềm,754,2019-07-01,Bamboo Books,available,1000,True,True,True
230200932,NGHỆ THUẬT MINH HỌA ÁO MŨ THỜI NGUYỄN ĐẦU THẾ KỶ XX,435000,435000,0,0.0,0,1,Trần Minh Nhựt,Alpha Books,Nhà Xuất Bản Dân Trí,,Bìa mềm,264,2023-02-25,info book,available,1000,True,True,True
198515543,Công cuộc mở đất Tây Nam Bộ thời chúa Nguyễn,243000,243000,0,0.0,0,0,,Nhà Xuất Bản Chính Trị Quốc Gia Sự Thật,Nhà Xuất Bản Chính Trị Quốc Gia Sự Thật,,,,,Bamboo Books,available,1000,True,True,True
176778460,Lịch Sử Việt Nam Bằng Tranh - Nguyễn Trãi (Bản Màu),140000,140000,0,0.0,0,0,,Nhà Xuất Bản Đại Học Quốc Gia Hà Nội,Nhà Xuất Bản Đại Học Quốc Gia Hà Nội,,,,,FishingBook,available,1000,True,True,True
172079238,Lược Sử Nước Việt Bằng Tranh,140000,140000,0,0.0,0,1,,Kim Đồng,Nhà Xuất Bản Kim Đồng,,Bìa mềm,,,nha sach nguyet linh,available,1000,True,True,True
159010358,CHINH CHIẾN VÀ TỪ BỎ - NGHIÊN CỨU QUAN HỆ VIỆT NAM – TRUNG QUỐC ĐỜI MINH – NGUYỄN PHÚC AN dịch –,165000,165000,0,0.0,0,0,,NXB Tổng Hợp TPHCM,Nhà Xuất Bản Tổng hợp TP.HCM,,,,,Bamboo Books,available,1000,True,True,True
77914132,Lịch Sử Tư Tưởng Việt Nam Tập I (Bìa Cứng),200000,200000,0,5.0,1,2,,NXB Đại Học Sư Phạm,Nhà Xuất Bản Đại Học Sư Phạm,,Bìa cứng,430,,VIETNAMBOOK,available,1000,True,True,True
279149719,(Bìa cứng) DẤU ẤN VIỆT NAM TRÊN BẢN ĐỒ DI SẢN THẾ GIỚI – PGS.TS Vũ Trọng Lâm  -  NXB CTQG Sự Thật,474000,474000,0,0.0,0,0,PGS TS Vũ Trọng Lâm,Nhà Xuất Bản Chính Trị Quốc Gia Sự Thật,Nhà Xuất Bản Chính Trị Quốc Gia Sự Thật,,Bìa cứng,331,,BÌNH BÁN BOOK,available,1000,True,True,True
279062493,VUA TÂY CHÚA NGUYỄN – Ngô Tất Tố – NXB Chính Trị QG Sự Thật – THBooks,87000,87000,0,0.0,0,0,Ngô Tất Tố,THBooks,Nhà Xuất Bản Chính Trị Quốc Gia Sự Thật,,Bìa mềm,239,,BÌNH BÁN BOOK,available,1000,True,True,True
278978479,"NGHỆ THUẬT AN NAM – Louis Bezacier – Trang Thanh Hiền, Mai Yên Thi dịch – Sách Miền Trung",274000,274000,0,0.0,0,0,Louis Bezacier,Công ty Cổ phần phân phối và phát hành sách miền Trung,Nhà Xuất Bản Mỹ Thuật,,Bìa mềm,218,,BÌNH BÁN BOOK,available,1000,True,True,True
278806515,Sách Việt Nam Tiểu Học Tùng Thư [Tái Bản 2025],58000,60000,3,0.0,0,4,Nhiều tác giả,Nhà Xuất Bản Kim Đồng,Nhà Xuất Bản Kim Đồng,,Bìa mềm,328,,Tiki Trading,available,1000,False,True,True
278716949,Đảng và Dân trong thời kỳ mới - bản in 2025,370000,370000,0,0.0,0,0,Nguyễn Thế Trung,Nhà Xuất Bản Chính Trị Quốc Gia Sự Thật,Nhà Xuất Bản Chính Trị Quốc Gia Sự Thật,,Bìa mềm,412,2025-09-01,ST Book,available,1000,True,True,True
278596477,Đất Nước Việt Nam Qua Các Đời - Nghiên Cứu Địa Lý Học Lịch Sử Việt Nam - Omega Plus,180000,225000,20,0.0,0,3,Đào Duy Anh,Omega Plus,Nhà Xuất Bản Thế Giới,,Bìa mềm,456,,Alpha Books Official,available,1000,True,True,True
278517422,Nghiên Cứu Văn Bản Hương Ước Choson Thế Kỷ XVII - XVIII Và So Sánh Với Hương Ước Việt Nam Cùng Thời Kỳ (bìa cứng) - Đỗ Thị Hà Thơ (Trung tâm Nghiên cứu Quốc Học),280000,280000,0,0.0,0,0,Trung Tâm Nghiên Cứu Quốc Học,An Nam Books,Nhà Xuất Bản Văn Học,,Bìa cứng,750,2025-08-05,SÁCH ĐẠI NAM,available,1000,True,True,True
278316900,Việt Nam một góc nhìn từ Nhật Bản - bản in 2025,188000,188000,0,5.0,1,11,GS. TS. Furuta Motoo,Nhà Xuất Bản Chính Trị Quốc Gia Sự Thật,Nhà Xuất Bản Chính Trị Quốc Gia Sự Thật,,,412,2025-06-30,ST Book,available,1000,True,True,True
277573852,Những biên bản cuối cùng tại nhà trắng: Phút sụp đổ của Việt Nam Cộng Hòa (xuất bản lần thứ ba) - bản in 2025,135000,135000,0,0.0,0,6,,Nhà Xuất Bản Chính Trị Quốc Gia Sự Thật,Nhà Xuất Bản Chính Trị Quốc Gia Sự Thật,,Bìa mềm,,,Bảo Châu Books,available,1000,True,True,True
277451919,SỬ TA SO VỚI SỬ TÀU – Ứng Hoè Nguyễn Văn Tố – NXB Chính trị quốc gia sự thật,49000,49000,0,0.0,0,2,,NXB Chính Trị Quốc Gia Sự Thật,Nhà Xuất Bản Chính Trị Quốc Gia Sự Thật,,Bìa mềm,124,,BÌNH BÁN BOOK,available,1000,True,True,True
277390254,CHUYÊN ĐỀ HIỂU VIỆT NAM SỐ 2 - Nhiều tác giả - Tao Đàn,225000,225000,0,5.0,1,2,nhieu tac gia,Tao Đàn,Nhà Xuất Bản Hội Nhà Văn,,Bìa mềm,336,,BÌNH BÁN BOOK,available,1000,True,True,True
277354774,Sách - Mưu Lược Trung Hoa - Phần 1 - Mưu Lược Quỷ Cốc Tử - Bìa Cứng - Khang Việt Book,168000,168000,0,0.0,0,0,,Khang Việt Book,Nhà Xuất Bản Đại Học Quốc Gia Hà Nội,,,,,Bamboo Books,available,1000,True,True,True
277327095,(Bộ tiểu thuyết Nước Non Vạn Dặm) – TẬP 4: ĐƯỜNG LÊN ĐIỆN BIÊN – Nguyễn Thế Kỷ – Liên Việt – NXB Văn học,198000,198000,0,0.0,0,0,Nguyễn Thế Kỷ,Liên Việt,Nhà Xuất Bản Văn Học,,Bìa mềm tay gấp,208,2025-02-19,VIETNAMBOOK,available,1000,True,True,True
277312260,Sách - Thằng huyện con hầu -  Vân Võ -  Nxb Hội Nhà Văn,68000,68000,0,0.0,0,0,,Tri Thức Trẻ,Nhà Xuất Bản Hội Nhà Văn,,,,,SÁCH ĐẠI NAM,available,1000,True,True,True
277213793,Sách - Tuyển Tập Văn Học Cổ Điển Hàn Quốc - Lim Hyung Taek - NXB Tổng Hợp,129000,129000,0,0.0,0,0,,Nhà xuất bản Tổng hợp TP.HCM ,Nhà Xuất Bản Tổng hợp TP.HCM,,,,,Bamboo Books,available,1000,True,True,True
277212079,Sách - Cẩm Nang Quản Trị Điều Hành - Quản Trị Tích Hợp - NXB Phụ Nữ,105000,105000,0,0.0,0,0,,Nhà xuất bản Phụ Nữ,Nhà Xuất Bản Phụ Nữ Việt Nam,,,,,Bamboo Books,available,1000,True,True,True
276031585,(Tái bản 2026)HỘI NGHỊ GENÈVE VỀ ĐÔNG DƯƠNG 1954 – Hoàng Nguyên - NXB CTQG Sự Thật,91000,91000,0,0.0,0,0,,Nhà Xuất Bản Chính Trị Quốc Gia Sự Thật,Nhà Xuất Bản Chính Trị Quốc Gia Sự Thật,,Bìa mềm,196,,BÌNH BÁN BOOK,available,1000,True,True,True
275925759,Tam Thiên Tự,100000,100000,0,0.0,0,3,Đoàn Trung Còn,Công ty TNHH TM & DV Văn Hóa Hương Trang,Nhà Xuất Bản Hồng Đức,,Bìa mềm,272,2023-08-15,Sách Hay Tinh Tuyển,available,1000,True,True,True
275351532,SaPa giữa trời mây trắng (bản in 2024),94000,94000,0,0.0,0,0,,Nhà Xuất Bản Chính Trị Quốc Gia Sự Thật,Nhà Xuất Bản Chính Trị Quốc Gia Sự Thật,,Bìa mềm tay gấp,,2024-06-06,Bamboo Books,available,1000,True,True,True
275127052,Làng nghề phố nghề Thăng Long Hà Nội ( bản in 2024),142000,142000,0,0.0,0,4,,Nhà Xuất Bản Chính Trị Quốc Gia Sự Thật,Nhà Xuất Bản Chính Trị Quốc Gia Sự Thật,,Bìa mềm tay gấp,,2024-05-01,ST Book,available,1000,True,True,True
274872147,Sông núi Điện Biên (bản in 2024),174000,174000,0,0.0,0,0,,Nhà Xuất Bản Chính Trị Quốc Gia Sự Thật,Nhà Xuất Bản Chính Trị Quốc Gia Sự Thật,,Bìa mềm,,2024-04-04,Bamboo Books,available,1000,True,True,True
274192887,MẠC THỊ GIA PHẢ - HỌ MẠC VỚI VÙNG ĐẤT HÀ TIÊN - Trần Hoàng Vũ - Hà Tấn Tài - NXB Tổng hợp TP.Hồ Chí Minh,229000,229000,0,0.0,0,1,,Nhà xuất bản Tổng hợp TP.HCM ,Nhà Xuất Bản Tổng hợp TP.HCM,,Bìa mềm,,,Bamboo Books,available,1000,True,True,True
274179437,Lịch sử Đà Nẵng (1306 - 1975),155000,155000,0,4.7,3,18,Võ Văn Dật,NXB Tổng hợp Thành Phố Hồ Chí Minh,Nhà Xuất Bản Hồng Đức,,,,2019-09-19,NHƯ BOOKS,available,1000,True,True,True
274112833,CHUYẾN THĂM HÀ NỘI - Susan Sontag - Phan Xích Linh dịch - Thư viện Nguyễn Văn Hưởng - Nxb Chính trị Quốc gia Sự Thật,135000,135000,0,0.0,0,3,,Thư viện Nguyễn Văn Hưởng,Nhà Xuất Bản Chính Trị Quốc Gia Sự Thật,,Bìa mềm,,,BÌNH BÁN BOOK,available,1000,True,True,True
272321338,Địa Chí Hành Chính Các Tỉnh Nam Kỳ Thời Pháp Thuộc (1859-1954),153000,180000,15,0.0,0,3,Nguyễn Đình Tư,Nhà xuất bản Tổng hợp TP.HCM ,Nhà Xuất Bản Tổng hợp TP.HCM,,,,,NXB TỔNG HỢP,available,1000,True,True,True
271435220,TRẦN KHÁT CHÂN (Tiểu thuyết lịch sử) - Lương Hạnh – BestBooks,89000,89000,0,0.0,0,3,,Công Ty TNHH Xuất Bản Và Truyền Thông BestBooks Việt Nam,Nhà Xuất Bản Phụ Nữ Việt Nam,,Bìa mềm,,,BÌNH BÁN BOOK,available,1000,True,True,True
270715202,Cố Vấn Vĩnh Thụy (1945-1947): Qua Hồi Ức Và Tư Liệu Từ Nhiều Phía,60000,60000,0,5.0,1,2,Nguyễn Đắc Xuân,NXB Thuận Hóa,Nhà Xuất Bản Thuận Hóa,,Bìa mềm,133,,Nhà Sách Phương Nam,available,1000,True,True,True
262461935,"Các Thành Tố Gia Đình: Giới Tính, Chính Quyền Và Xã Hội Ở Việt Nam Thời Kỳ Cận Đại 1643-1778 (Trần Tuyết Nhung)",183000,229000,20,5.0,1,5,,OMEGA PLUS+,Nhà Xuất Bản Phụ Nữ,,Bìa mềm,356,2023-05-31,Alpha Books Official,available,1000,True,True,True
261809562,Đàng Trong - Lịch Sử Và Văn Hóa - Trần Thuận - (bìa mềm),165000,165000,0,0.0,0,1,Trần Thuận,Nhà xuất bản Tổng hợp TP.HCM ,Nhà Xuất Bản Tổng hợp TP.HCM,,Bìa mềm,375,2021-11-01,Bamboo Books,available,1000,True,True,True
249488221,(Trọn Bộ 3 Phần - 6 Quyển) ANH HÙNG LĨNH NAM – Yên Tử Cư Sĩ Trần Đại Sỹ - NXB Phụ Nữ Việt Nam (bìa mềm),1300000,1300000,0,0.0,0,1,,Nhà xuất bản Phụ Nữ Việt Nam,Nhà Xuất Bản Phụ Nữ Việt Nam,,Bìa mềm,,,SÁCH ĐẠI NAM,available,1000,True,True,True
249168154,Lịch sử Việt Nam bằng tranh - Trần Hưng Đạo (bản màu),185000,185000,0,0.0,0,1,,Bloomsbury Childrens - NXB Trẻ,NXB Trẻ,,,,,HỆ THỐNG NHÀ SÁCH ABC,available,1000,True,True,True
230323821,Lịch Sử Châu Âu,318400,398000,20,0.0,0,0,Norman Davies,Cty Văn Hóa Văn Lang,hong duc,,,,,Bảo Châu Books,available,1000,True,True,True
213936325,Trần Văn Ơn,50000,50000,0,0.0,0,0,,Kim Đồng,oem,,Bìa mềm,,,Bamboo Books,available,1000,True,False,True
212438231,TÙ BINH BẤT ĐỒNG CHÍNH KIẾN – Từ Nhà tù Hỏa Lò đến nước Mỹ hôm nay – Tom Wilber & Jerry Lembcke - Lyceum – Nxb Đà Nẵng ,125000,125000,0,0.0,0,1,,Công ty TNHH Truyền Thông và Giáo Dục Lyceum,Nhà Xuất Bản Đà Nẵng,,Bìa mềm,,,SÁCH ĐẠI NAM,available,1000,True,True,True
204069453,Kẹo Kéo Chuông Và Lúa,150000,150000,0,5.0,1,1,,Văn Lang,Nhà Xuất Bản Hồng Đức,,Bìa mềm,328,2022-11-03,Bamboo Books,available,1000,True,True,True
193895483,Mỹ Lai Việt Nam 1968,219000,219000,0,0.0,0,4,,Nhà Xuất Bản Chính Trị Quốc Gia Sự Thật,Nhà Xuất Bản Chính Trị Quốc Gia Sự Thật,,,695,,Hiệu sách Khai Trí,available,1000,True,True,True
192712892,TRƯỜNG PHÁP Ở VIỆT NAM 1945 -1975,249000,249000,0,0.0,0,0,Nguyễn Thụy Phương,Alpha Books,Nhà Xuất Bản Hà Nội,,Bìa mềm,,,Nhà Sách Vĩnh Thụy,available,1000,True,True,True
188050458,(Tái bản 2025) GIẢI PHÓNG - Tiziano Terzani - NXB Chính trị Quốc gia Sự thật,175000,175000,0,5.0,14,60,Tiziano Terzani,Nhà Xuất Bản Chính Trị Quốc Gia Sự Thật,Nhà Xuất Bản Chính Trị Quốc Gia Sự Thật,,Bìa mềm,448,,BÌNH BÁN BOOK,available,1000,True,True,True
167019693,Ký Ức Đông Dương: Việt Nam - Campuchia - Lào (Việt - Pháp - Anh),550000,550000,0,0.0,0,0,,NXB Tổng Hợp TPHCM,Nhà Xuất Bản Văn Hóa Văn Nghệ,,,,,Nhà Sách Vĩnh Thụy,available,1000,True,True,True
655113,Sách Hội Phù Đổng - Một Trận Đánh Thần Kỳ Trong Truyền Thuyết Việt Nam,32000,40000,20,0.0,0,8,Nguyễn Văn Huyên,NXB Thông tin Truyền thông,Nhà Xuất Bản Thông Tin Và Truyền Thông,,Bìa mềm,221,2011-05-01,nxbkhoahoccongnghetruyenthong,available,1000,True,True,True
279134691,Đồng Chí Nguyễn Chí Thanh Với Cách Mạng Thừa Thiên Huế (1937 - 1949),207000,207000,0,0.0,0,0,"Hội Khoa Học Lịch Sử Tỉnh Thừa Thiên Huế, Bảo tàng Đại tướng Nguyễn Chí Thanh",Nhà Xuất Bản Chính Trị Quốc Gia Sự Thật,Nhà Xuất Bản Chính Trị Quốc Gia Sự Thật,,Bìa mềm,352,,Lê Tường Phát hành sách Huế,available,1000,True,True,True
279076442,Tiếng vọng từ rừng Khộp,125000,125000,0,0.0,0,0,Nguyễn Vũ Điền,Nhà Xuất Bản Chính Trị Quốc Gia Sự Thật,Nhà Xuất Bản Chính Trị Quốc Gia Sự Thật,,Bìa mềm,283,,Nhà sách Sự thật tại Huế,available,1000,True,True,True
278147676,Sách - Lịch Sử Thế Giới Qua 12 Tấm Bản Đồ - A History Of The World In 12 Maps New York Times Bestseller,225000,250000,10,0.0,0,1,Jerry Brotton,Huy Hoàng Bookstore,nxb thanh nien,,Bìa mềm,,2023-12-21,Nhà sách Fahasa,available,1000,True,True,True
278092691,Sách - Kì Công Diệu Nghệ - Một Số Kĩ Thuật Và Công Nghệ Trên Dải Đất Hình Chữ S Trước Thế Kỉ XX,123500,130000,5,0.0,0,3,Đông Nguyên,Nhà Xuất Bản Kim Đồng,Nhà Xuất Bản Kim Đồng,,Bìa mềm,,2023-12-21,Nhà sách Fahasa,available,1000,True,True,True
278069021,Sách - Ngàn Năm Sử Việt - Nhà Nguyễn - Chiến Tướng Tôn Thất Thuyết,57000,60000,5,0.0,0,2,Lê Minh Quốc,Nhà Xuất Bản Kim Đồng,Nhà Xuất Bản Kim Đồng,,Bìa mềm,,2023-12-21,Nhà sách Fahasa,available,1000,True,True,True
277741908,"(Bìa mềm, tái bản 2025) HỒI KÝ GIA ĐÌNH – BẠN BÈ – ĐẤT NƯỚC – Nguyễn Thị Bình – NXB CTQGST",159000,159000,0,5.0,3,16,,NXB Chính Trị Quốc Gia Sự Thật,Nhà Xuất Bản Chính Trị Quốc Gia Sự Thật,,Bìa mềm,268,,BÌNH BÁN BOOK,available,1000,True,True,True
277740191,(Tái bản 2025) HỒI KÝ GIA ĐÌNH - BẠN BÈ - ĐẤT NƯỚC - Nguyễn Thị Bình - NXB CTQGST,159000,159000,0,5.0,7,115,Nguyễn Thị Bình,NXB Chính Trị Quốc Gia Sự Thật,Nhà Xuất Bản Chính Trị Quốc Gia Sự Thật,,,268,,BÌNH BÁN BOOK,available,1000,True,True,True
277348950,Sách - Nền Kinh Tế Tăng Trưởng Và Sụp Đổ Như Thế Nào - DTBooks,179000,179000,0,5.0,1,2,,Dtbooks,Nhà Xuất Bản Dân Trí,,,,,Bamboo Books,available,1000,True,True,True
276856317,Tôn Giáo - Nguyễn An Ninh,75000,75000,0,5.0,2,7,,NXB Tổng hợp Thành Phố Hồ Chí Minh,Nhà Xuất Bản Tổng hợp TP.HCM,,Bìa mềm,108,2024-12-23,Nhà sách NetaBooks,available,1000,True,True,True
276687863,Đất Sài Gòn Và Sinh Hoạt Của Người Sài Gòn Xưa (tái bản 2024 có bổ sung),177300,177300,0,5.0,1,4,Lê Nguyễn,DT Books,Nhà Xuất Bản Hồng Đức - Hội Luật Gia Việt Nam,,Bìa mềm tay gấp,315,2024-12-04,DTBOOKS,available,1000,True,True,True
276625107,Ngàn Năm Sử Việt - Nhà Tây Sơn - Đô Đốc Bùi Thị Xuân,66500,70000,5,5.0,1,7,Quỳnh Cư,Nhà Xuất Bản Kim Đồng,Nhà Xuất Bản Kim Đồng,,Bìa mềm,,2023-12-21,Nhà sách Fahasa,available,1000,True,True,True
276252454,Góc Nhìn Sử Việt: Vua Bà Triệu Ẩu - Tiểu Thuyết Lịch Sử Về Bà Triệu Thị Trinh Đánh Giặc Ngô ,127000,159000,20,0.0,0,0,,Alpha Books,Nhà Xuất Bản Thông Tấn,,Bìa mềm,372,2024-09-26,Omega Plus Books,available,1000,True,True,True
276224059,Việt Nam Văn Hóa Sử Cương,158000,158000,0,0.0,0,0,Đào Duy Anh,NXB Thế Giới,Nhà Xuất Bản Thế Giới,,Bìa mềm,312,,HỆ THỐNG NHÀ SÁCH ABC,available,1000,True,True,True
276028028,Ngoại giao của chính quyền Sài Gòn (1955 - 1963) - bìa cứng,213750,213750,0,0.0,0,1,Trần Nam Tiến,DT Books,Nhà Xuất Bản Tổng hợp TP.HCM,,Bìa cứng,313,2020-04-30,DTBOOKS,available,1000,True,True,True
274948242,Lịch Sử Văn Minh Thế Giới - Phần X - Rousseau Và Cách Mạng - Bìa Cứng,1126400,1280000,12,0.0,0,0,"Will Durant,  Ariel Durant",Viện Quản lý PACE,Nhà Xuất Bản Khoa Học Xã Hội,,,,,Nhà sách Fahasa,available,1000,True,True,True
273832107,Tào Tháo - “Chí Ít Là Một Anh Hùng” - Bìa Cứng,435200,468000,7,0.0,0,1,Nguyễn Thị Nga,Cty Văn Hóa Khang Việt,Nhà Xuất Bản Văn Học,,,,,Nhà sách Fahasa,available,1000,True,True,True
273129270,Vương Quốc Ryukyu Trong Hệ Thống Thương Mại Đông Á Thế Kỷ XV-XIX,186000,209000,11,0.0,0,1,,Công ty TNHH Quốc Tế Mai Hà,Nhà Xuất Bản Khoa Học Xã Hội,,,,,Nhà sách Fahasa,available,1000,True,True,True
271946479,Lịch Sử Chữ Quốc Ngữ 1620-1659,139500,150000,7,0.0,0,1,,Thái Hà,Nhà Xuất Bản Thế Giới,,,,,Nhà sách Fahasa,available,1000,True,True,True
263413058,Nhìn Lại Xứ Gia Định Và Cuộc Nội Chiến Tây Sơn-Nguyễn Ánh 1777-1989 (Tái Bản 2023),118700,125000,5,0.0,0,6,Nguyễn Hữu Hiếu,NXB Tổng Hợp TPHCM,Nhà Xuất Bản Tổng hợp TP.HCM,,,,,Nhà sách Fahasa,available,1000,True,True,True
263303915,Lịch Sử Hội Sách Frankfurt,233100,259000,10,0.0,0,3,Deter Weidhaas,Alpha Books,Nhà Xuất Bản Thế Giới,,,,,Nhà sách Fahasa,available,1000,True,True,True
252909147,Sài Gòn Và Nam Kỳ Trong Thời Kỳ Canh Tân 1875-1925,175000,175000,0,5.0,1,12,Nguyễn Đức Hiệp,Nhà xuất bản Tổng hợp TP.HCM ,Nhà Xuất Bản Tổng hợp TP.HCM,,,,,NXB TỔNG HỢP,available,1000,True,True,True
250739471,Đệ Nhất Thế Chiến (Tái Bản 2023),128300,138000,7,0.0,0,4,Robert Leckie,Cty Văn Hóa Văn Lang,hong duc,,,,,Nhà sách Fahasa,available,1000,True,True,True
241667727,Đệ Nhị Thế Chiến - World War II - 1939.1945,220800,240000,8,0.0,0,1,Abraham Rothberg,Cty Văn Hóa Văn Lang,hong duc,,,,,Nhà sách Fahasa,available,1000,True,True,True
180749870,Dấu Thời Gian - Khát Vọng Của Người Xưa,123500,130000,5,0.0,0,1,Trần Bảo Định,NXB Tổng Hợp TPHCM,Nhà Xuất Bản Tổng hợp TP.HCM,,,,,Nhà sách Fahasa,available,1000,True,True,True
149781026,Bộ Sách Lịch Sử Châu Phi (Bộ 2 Cuốn),888000,888000,0,0.0,0,0,Martin Meredith,Alpha Books,Nhà Xuất Bản Thế Giới,,,,,HỆ THỐNG NHÀ SÁCH ABC,available,1000,True,True,True
136596676,Sách Ký Họa Về Đông Dương Nam Kỳ (Tái bản năm 2020),600000,600000,0,0.0,0,0,.,Phương Nam Book,Nhà Xuất Bản Văn Hóa - Văn Nghệ,,Bìa mềm,96,,Nhà Sách Vĩnh Thụy,available,1000,True,True,True
135552451,Sách Các Triều Đại Việt Nam,131100,138000,5,0.0,0,0,"Quỳnh Cư, Đỗ Đức Hùng",Huy Hoàng Bookstore,Nhà Xuất Bản Dân Trí,,Bìa mềm,420,,Cá Chép Bookstore,available,1000,True,True,True
106362218,Sách - Tâm lý dân tộc An Nam,109000,109000,0,0.0,0,0,Paul Giran,Omega Plus,Nhà Xuất Bản Hội Nhà Văn,,,,,HỆ THỐNG NHÀ SÁCH ABC,available,1000,True,True,True
97707991,Sách Nước Vẫn Chảy Dưới Chân Cầu Mụ Kề,174200,205000,15,0.0,0,9,Hoàng Hữu Phê,NXB Phụ Nữ Việt Nam,Nhà Xuất Bản Phụ Nữ Việt Nam,,Bìa mềm,564,2021-05-01,Nhà sách Fahasa,available,1000,True,True,True
48541484,Sách Tiểu Sử Và Hành Trạng Các Nhà Khoa Học Bảng Hán Học Nam Bộ,235000,235000,0,0.0,0,0,Nguyễn Đình Tư,NXB Tổng Hợp,Nhà Xuất Bản Tổng Hợp,,Bìa mềm,624,2020-02-02,Nhà Sách Vĩnh Thụy,available,1000,True,True,True
20054806,"Sài Gòn một thuở chưa xa Tập 3 - Thầy ơi, thương lấy dân nghèo!",62000,62000,0,0.0,0,0,Bùi Nguyễn Trường Kiên,NXB Tổng Hợp,Nhà Xuất Bản Tổng Hợp,,Bìa mềm,176,2019-06-12,Nhà Sách Vĩnh Thụy,available,1000,True,True,True
11287489,Đời Sống Xã Hội Việt Nam Đương Đại (Tập 3): Người Trẻ Trong Xã Hội Hiện Đại,125000,125000,0,4.5,2,31,"., PGS. TS. Nguyễn Đức Lộc (Chủ biên)",Viện Social Life,,,Bìa mềm,389,2018-04-24,SocialLife,available,1000,True,True,True
6216049,Thoại Ngọc Hầu - Qua Những Tài Liệu Mới (Tái Bản 2018),155000,155000,0,0.0,0,2,Trần Hoàng Vũ,Nhà Xuất Bản Tổng Hợp TPHCM,,,,490,2018-10-10,Bamboo Books,available,1000,True,True,True
6067585,"Combo sách Muốn Học Giỏi Lịch Sử Không? Tớ Cho Cậu Mượn Vở ( Cổ Đại, Trung Đại, Cận Hiện Đại)",395000,395000,0,5.0,1,6,Ximena Vengoechea,Thái Hà,Nhà Xuất Bản Thế Giới,,Bìa mềm,199,2018-10-01,Nhà Sách Vĩnh Thụy,available,1000,True,True,True
985509,Sách Đất Sài Gòn Và Sinh Hoạt Của Người Sài Gòn Xưa,177300,197000,10,0.0,0,0,Lê Nguyễn,DT Books,Nhà Xuất Bản Hội Nhà Văn,,Bìa mềm,,2017-12-15,Bảo Châu Books,available,1000,True,True,True
879656,Sách Chế Độ Thực Dân Pháp Trên Đất Nam Kỳ - Tập 2 (1859 - 1954),155100,165000,6,5.0,3,22,Nguyễn Đình Tư,Văn Lang,,,Bìa mềm,584,2017-07-01,Nhà sách Fahasa,available,1000,True,True,True
493036,Sách Sài Gòn Đất Lành Chim Đậu,85000,85000,0,0.0,0,0,Phan Hoàng,Nhà xuất bản Tổng hợp TP.HCM ,Nhà Xuất Bản Tổng hợp TP.HCM,,Bìa mềm,325,2016-03-26,Bamboo Books,available,1000,True,True,True
491685,Sách Lịch Sử Vương Quốc Đàng Ngoài (Bìa Cứng),204000,204000,0,5.0,5,31,Alexandre de Rhodes,DT Books,Nhà Xuất Bản Khoa Học Xã Hội,,Bìa cứng,346,2016-04-22,DTBOOKS,available,1000,True,True,True
441232,Sách Đồng Chí Đỗ Mười - Dấu Ấn Qua Những Chặng Đường Lịch Sử,180000,180000,0,0.0,0,8,,NXB Chính Trị Quốc Gia,Nhà Xuất Bản Chính Trị Quốc Gia,,Bìa mềm,532,2012-01-18,Nhà Sách Lao Động,available,1000,True,True,True
392452,Sách Kỷ Yếu Hoàng Sa (Tái Bản),144000,180000,20,0.0,0,1,,NXB Thông tin Truyền thông,Nhà Xuất Bản Thông Tin Và Truyền Thông,,Bìa cứng,218,2014-01-20,nxbkhoahoccongnghetruyenthong,available,1000,True,True,True
279181594,Hoàng Hậu Nam Phương Qua Một Số Tư Liệu Chưa Công Bố - Phạm Hy Tùng - NXB Tổng Hợp TPHCM ,200000,200000,0,0.0,0,1,Phạm Hy Tùng,Nhà xuất bản Tổng hợp TP.HCM ,Nhà Xuất Bản Tổng hợp TP.HCM,,Bìa mềm,320,,BÌNH BÁN BOOK,available,1000,True,True,True
278873271,VIỆT NAM – MỘT LỊCH SỬ CHUYỂN GIAO VĂN HÓA (LE VIETNAM. UNE HISTOIRE DE TRANFERTS CULTURELS) - Nhiều tác giả  – NXB Đại Học Sư Phạm	,209000,209000,0,0.0,0,1,nhieu tac gia,NXB Đại Học Sư Phạm,Nhà Xuất Bản Đại Học Sư Phạm,,Bìa mềm,408,,BÌNH BÁN BOOK,available,1000,True,True,True
278872859,(Bìa cứng) VIỆT NAM – MỘT LỊCH SỬ CHUYỂN GIAO VĂN HÓA (LE VIETNAM. UNE HISTOIRE DE TRANFERTS CULTURELS) - Nhiều tác giả  – NXB Đại Học Sư Phạm	,266000,266000,0,0.0,0,2,nhieu tac gia,NXB Đại Học Sư Phạm,Nhà Xuất Bản Đại Học Sư Phạm,,Bìa cứng,408,,BÌNH BÁN BOOK,available,1000,True,True,True
278851586,ĐIỆP VIÊN NHẢY DÙ THÀNH GIÁM ĐỐC CÔNG AN TRUNG BỘ - Tự Truyện Của Người Tù Cộng Sản Được Quân Anh Huấn Luyện Tình Báo – Nguyễn Văn Ngọc – NXB CAND,147000,147000,0,0.0,0,1,Nguyễn Văn Ngọc,Công An Nhân Dân,Nhà Xuất Bản Công An Nhân Dân,,Bìa mềm,312,,BÌNH BÁN BOOK,available,1000,True,True,True
278832549,BOXSET VIỆT NAM TIỂU HỌC TÙNG THƯ: QUỐC VĂN GIÁO KHOA THƯ - SỬ KÝ GIÁO KHOA THƯ - LUÂN LÝ GIÁO KHOA THƯ - LUÂN LÝ GIÁO KHOA THƯ - NXB KIM ĐỒNG,380000,380000,0,0.0,0,1,nhieu tac gia,NXB Kim Đồng,Nhà Xuất Bản Kim Đồng,,,,,BÌNH BÁN BOOK,available,1000,True,True,True
278749636,KẾT THÚC MỘT CUỘC CHIẾN Ở ĐÔNG DƯƠNG NĂM 1954 - Jean Lacouture – Philippe Devillers - Phạm Bích Lệ dịch - Sách Miền Trung - NXB Thuận Hóa,195000,195000,0,5.0,1,8,Philippe Devillers,Công ty Cổ phần phân phối và phát hành sách miền Trung,Nhà Xuất Bản Thuận Hóa,,Bìa mềm,342,,BÌNH BÁN BOOK,available,1000,True,True,True
278671276,MỘT THỜI HOA LỬA: CÂU CHUYỆN VỀ MỘT THẾ HỆ ĐÃ LÀM NÊN HUYỀN THOẠI – Nhiều tác giả – NXB Trẻ,150000,150000,0,0.0,0,0,nhieu tac gia,NXB Trẻ,NXB Trẻ,,Bìa mềm,360,,FishingBook,available,1000,True,True,True
277597641,"Chữ Nôm, Nguồn Gốc, Cấu Tạo, Diễn Biến",90000,120000,25,0.0,0,1,Đào Duy Anh,VIETNAMBOOK,Nhà Xuất Bản Hà Nội,,Bìa mềm,240,2025-03-31,VIETNAMBOOK,available,1000,True,True,True
277581259,(Bộ 2 tập) XUÂN GIẢI PHÓNG - Thiếu tướng Phan Hàm - Vietnambook,249750,333000,25,0.0,0,2,,VIETNAMBOOK,Nhà Xuất Bản Quân Đội Nhân Dân,,Bìa mềm,,,VIETNAMBOOK,available,1000,True,True,True
277489760,"Chữ Nôm - Nguồn Gốc, Cấu Tạo, Diễn Biến (Tái bản 2025)",90000,120000,25,0.0,0,13,Đào Duy Anh,VIETNAMBOOK,Nhà Xuất Bản Tri Thức,,Bìa mềm tay gấp,240,2025-03-12,VIETNAMBOOK,available,1000,True,True,True
277374169,Những Đặc Trưng Cơ Bản Của Bộ Máy Quản Lý Đất Nước Và Hệ Thống Chính Trị Nước Ta Trước Thời Kỳ Đổi Mới,105600,132000,20,0.0,0,7,Vũ Minh Giang,VIETNAMBOOK,Nhà Xuất Bản Tri Thức,,Bìa mềm,240,2025-02-17,VIETNAMBOOK,available,1000,True,True,True
277327537,Sách - Triệu dấu chân qua những cửa ô (Nhã Nam HCM),140800,160000,12,0.0,0,0,Nguyễn Trương Quý,Nhã Nam,Nhà Xuất Bản Phụ Nữ Việt Nam,,Bìa mềm,391,2020-10-07,Nhã Nam HCM,available,1000,True,True,True
277271782,Sách - Lịch Sử Khai Khẩn Cao Nguyên An Khê (1864-1888) - Andrew Hardy - Alphabooks,84000,99000,15,0.0,0,0,,Alphabooks,Nhà Xuất Bản Công Thương,,,,,ETS Books,available,1000,True,True,True
277174113,Sách - Biểu tượng phù hiệu và đồ thờ của người An Nam (Gustave Dumoutier) (Nhã Nam Official),135000,135000,0,0.0,0,0,Gustave Dumoutier,Nhã Nam,Nhà Xuất Bản Thế Giới,,Bìa cứng,208,,HỆ THỐNG NHÀ SÁCH ABC,available,1000,True,True,True
276922398,Thượng Kinh Ký Sự - Lê Hữu Trác,295000,295000,0,0.0,0,0,Lê Hữu Trác,NXB Trẻ,NXB Trẻ,,Bìa mềm,524,2024-12-31,Nhà sách NetaBooks,available,1000,True,True,True
276834658,Sách - A History Of Vietnam In Pictures - Trần Hưng Đạo - Bìa Mềm - NXB Trẻ,75000,75000,0,0.0,0,0,,NXB Trẻ,NXB Trẻ,,,,,Bamboo Books,available,1000,True,True,True
276834656,Sách - A History Of Vietnam In Pictures - Nguyễn Trãi - Bìa Cứng - NXB Trẻ,185000,185000,0,0.0,0,0,,NXB Trẻ,NXB Trẻ,,,,,Bamboo Books,available,1000,True,True,True
276061135,"Hỏi Đáp Lịch Sử Việt Nam - Tập 2 - Nước Việt Nam Dưới Đời Ngô, Đinh, Tiền Lê, Lý, Trần, Hồ",118700,125000,5,0.0,0,0,Nhóm Nhân Văn Trẻ,NXB Trẻ,NXB Trẻ,,Bìa mềm,,2023-12-21,Nhà sách Fahasa,available,1000,True,True,True
275852429,Chủ Tịch Hồ Chí Minh Với Cuộc Hành Trình Của Thời Đại - Trên Những Chặng Đường Kháng Chiến,81750,109000,25,0.0,0,5,Vũ Kim Yến,VIETNAMBOOK,Nhà Xuất Bản Hà Nội,,Bìa mềm tay gấp,216,2024-08-06,VIETNAMBOOK,available,1000,True,True,True
274179984,Ả Đào - Một Khảo Cứu Về Lịch Sử Và Hệ Âm Luật,239000,299000,20,0.0,0,1,,Omega Plus,Nhà Xuất Bản Văn Học,,Bìa mềm,600,2024-02-22,Alpha Books Official,available,1000,True,True,True
272558756,Tư Trị Thông Giám - Tập 7 - Tác Giả Tư Mã Quang (TTT),254320,289000,12,0.0,0,1,Tư Mã Quang,Tri Thức Trẻ,Nhà Xuất Bản Văn Học,,Bìa cứng,,,Văn Lang Official Store,available,1000,True,True,True
272425579,Giáo Dục Phổ Thông Miền Nam (1954-1975) (Tái Bản 2019),115000,115000,0,0.0,0,8,"Ngô Minh Oanh,  Hồ Sỹ Anh,  Nguyễn Ngọc Tài,  Nguyễn Thị Phú",Nhà xuất bản Tổng hợp TP.HCM ,Nhà Xuất Bản Tổng hợp TP.HCM,,,,,NXB TỔNG HỢP,available,1000,True,True,True
263584517,Minh Thực Lục tập 1,500000,500000,0,0.0,0,0,Phạm Hoàng Quân,Alphabooks,Nhà Xuất Bản Hà Nội,,Bìa mềm,700,,Nhà Sách Vĩnh Thụy,available,1000,True,True,True
263101532,Cuộc Duy Tân Minh Trị (1858 - 1881) - Một Cuộc Cách Mạng Hiếm Thấy Trong Lịch Sử,120000,120000,0,0.0,0,0,"Banno Junji,  Ohno Kenichi",NXB Tổng Hợp TPHCM,Nhà Xuất Bản Tổng hợp TP.HCM,,,,,TYMBooks,available,1000,True,True,True
261970749,Boxset Lịch sử Việt Nam bằng tranh - bản màu ( Hộp 16 cuốn),1050000,1050000,0,0.0,0,0,Trần Bạch Đằng,NXB Trẻ,NXB Trẻ,,,,,HỆ THỐNG NHÀ SÁCH ABC,available,1000,True,True,True
243807898,"Metropolis - Lịch Sử Phát Triển Đô Thị, Phát Minh Lớn Nhất Của Loài Người",372000,400000,7,0.0,0,0,Ben Wilson,Nhã Nam,Nhà Xuất Bản Thế Giới,,,,,Nhà sách Fahasa,available,1000,True,True,True
235365493,Tủ Sách Kể Chuyện Lịch Sử Trung Quốc: Kể Chuyện Tùy Đường (HA),113400,180000,37,0.0,0,0,,Nhà Sách Hồng Ân,Nhà Xuất Bản Dân Trí,,,,,Bảo Châu Books,available,1000,True,True,True
221230934,30 Năm Chiến Tranh Cách Mạng Việt Nam (1954-1975),140000,140000,0,5.0,1,5,Nguyễn Huy Toàn,Nhà Xuất Bản Tổng Hợp TPHCM,Nhà Xuất Bản Tổng hợp TP.HCM,,Bìa mềm,388,2022-12-30,TYMBooks,available,1000,True,True,True
213860007,Hoạt Động Của Bộ Công Dưới Đời Vua Tự Đức Qua Các Châu Bản Nhà Nguyễn - Tặng kèm Sổ tay,169000,169000,0,0.0,0,0,Hà Mai Phương,Nhã Nam,Nhà Xuất Bản Hồng Đức,,Bìa mềm,387,2022-12-28,info book,available,1000,True,True,True
199036872,VIỆT NAM VÀ HÌNH MẪU TRUNG HOA - Nghiên Cứu So Sánh Về Chính Quyền Dân Sự Nhà Nguyễn Và Nhà Thanh Nửa Đầu Thế kỷ XIX,269000,269000,0,0.0,0,0,,Nhã Nam,Nhà Xuất Bản Thế Giới,,Bìa mềm,484,2022-09-30,Nhà Sách Vĩnh Thụy,available,1000,True,True,True
183223201,Tạp Ghi Việt Sử Địa (Tập 2),150000,150000,0,0.0,0,0,,NXB Trẻ,Nhà Xuất Bản Đại Học Quốc Gia Hà Nội,,,,,HỆ THỐNG NHÀ SÁCH ABC,available,1000,True,True,True
178096046,NGHỆ THUẬT TRANG TRÍ Ở BẮC KỲ – Marcel Bernanose – bao gồm 64 hình khắc,235000,235000,0,5.0,2,21,,Công ty cổ phần đầu tư phát triển Trường Phương,Nhà Xuất Bản Khoa Học Xã Hội,,Bìa gập,240,2023-04-13,VIETNAMBOOK,available,1000,True,True,True
149778506,Sự Trỗi Dậy Và Suy Tàn Của Đế Chế Thứ Ba - Lịch Sử Đức Quốc Xã (Tái Bản),445000,445000,0,5.0,1,5,William L Shirer,Bách Việt,Nhà Xuất Bản Thông Tin Và Truyền Thông,,Bìa cứng,1504,2023-06-09,Nhà sách NetaBooks,available,1000,True,True,True
74426137,Sách Việt Nam Vận Hội,231500,249000,7,5.0,4,27,Nguyễn Thế Anh,Nhã Nam,Nhà Xuất Bản Hội Nhà Văn,,Bìa cứng,382,,Nhà sách Fahasa,available,1000,True,True,True
73438255,Sách Nhật Ký Phi Công Tiêm Kích,185000,185000,0,5.0,4,18,Nguyễn Đức Soát,NXB Trẻ,NXB Trẻ,,Bìa mềm,440,,info book,available,1000,True,True,True
46772871,Cuốn sách là tập 1 của bộ sách về Quan hệ Trung Quốc – Việt Nam thế kỷ XIV-XVII: Minh Thực Lục Tập 1,400000,500000,20,0.0,0,1,.,Alphabooks,Nhà Xuất Bản Hà Nội,,,,,Alpha Books Official,available,1000,True,True,True
979122,Sách Nam Phương - Hoàng Hậu Cuối Cùng,100000,100000,0,0.0,0,0,Reni Eddo-Lodge,Saigon Books,Nhà Xuất Bản Thế Giới,,Bìa mềm,176,2017-09-01,Nhà Sách Vĩnh Thụy,available,1000,True,True,True
915316,Sách Văn Hóa Nước Và Hàng Hải Thời Cổ Của Việt Nam,175000,175000,0,0.0,0,2,Vũ Hữu San,NXB Phụ Nữ Việt Nam,Nhà Xuất Bản Phụ Nữ,,Bìa mềm,626,2017-09-16,Bảo Châu Books,available,1000,True,True,True
852930,Sách Hồ Dương I,217000,217000,0,5.0,1,6,Trường An,NXB Phụ Nữ Việt Nam,Nhà Xuất Bản Phụ Nữ,,Bìa mềm,728,2017-08-01,Bảo Châu Books,available,1000,True,True,True
401997,Sách Nước Đại Nam Đối Diện Với Pháp Và Trung Hoa (1847 - 1885) - Tái Bản 2014,160000,160000,0,0.0,0,0,Yoshiharu Tsuboi,Nhã Nam,Đang cập nhật,,Bìa mềm,424,2014-07-02,Bamboo Books,available,1000,True,True,True
278852879,"Quan Hệ Dân Tộc Với Phát Triển Kinh Tế - Xã Hội, Đảm Bảo An Ninh, Chính Trị Ở Vùng Biên Giới Việt Nam - Trung Quốc Hiện Nay Và Định Hướng Đến Năm 2030 (Sách Chuyên Khảo) ",270000,270000,0,0.0,0,1,Nguyễn Văn Minh,Nhà Xuất Bản Khoa Học Xã Hội,Nhà Xuất Bản Khoa Học Xã Hội,,Bìa mềm,760,2025-11-07,VIETNAMBOOK,available,1000,True,True,True
278807811,Sách - Vùng Da Báo - (Hà Đình Cẩn),126000,126000,0,0.0,0,1,Ha Dinh Can,Nhà Xuất Bản Chính Trị Quốc Gia Sự Thật,Nhà Xuất Bản Chính Trị Quốc Gia,,Bìa cứng,,,Hiệu Sách Tự Do,available,1000,True,True,True
278765464,Thủy Lợi Miền Bắc Việt Nam (1954-1975) (Sách Chuyên Khảo),247500,275000,10,0.0,0,2,Phạm Thị Hồng Hà (Chủ biên),Nhà Xuất Bản Khoa Học Xã Hội,Nhà Xuất Bản Khoa Học Xã Hội,,Bìa mềm tay gấp,628,2025-10-16,VIETNAMBOOK,available,1000,True,True,True
278730325,[Sách] Quán Đạo Giáo với một số vấn đề lịch sử và tôn giáo ở Việt Nam,163000,163000,0,0.0,0,0,Nguyễn Thế Hùng,Nhà Xuất Bản Chính Trị Quốc Gia Sự Thật,Nhà Xuất Bản Chính Trị Quốc Gia Sự Thật,,Bìa mềm,268,2025-02-10,Tiệm sách Đồng Muối,available,1000,True,True,True
278724055,BẠT MẠNG (Reckless) - Robert K. Brigham – Phương Nam Books,275000,275000,0,0.0,0,2,nhieu tac gia,Phương Nam Book,Nhà Xuất Bản Thế Giới,,Bìa mềm,316,,BÌNH BÁN BOOK,available,1000,True,True,True
278533414,Sài Gòn - Paris Viễn Đông,140000,140000,0,0.0,0,0,nhieu tac gia,NXB Trẻ,NXB Trẻ,,Bìa mềm,340,2025-08-21,Nhà sách NetaBooks,available,1000,True,True,True
277929752,Sách - Vua Tây Chúa Nguyễn (Ngô Tất Tố) - SBOOKS,138000,138000,0,4.7,3,17,Ngô Tất Tố,SBOOKS,Nhà Xuất Bản Văn Học,,Bìa mềm,272,2025-05-08,SBOOKS OFFICIAL,available,1000,True,True,True
277874474,Sử ta - Chuyện xưa kể lại (Tặng Kèm Bookmark CÚ MÈO + SỔ TAY XƯƠNG RỒNG),90000,90000,0,0.0,0,0,,Nhà Xuất Bản Kim Đồng,Nhà Xuất Bản Kim Đồng,,,,,Nhà Sách Vĩnh Thụy,available,1000,True,True,True
277869009,Đất Nước Ngàn Năm - Tập 1 (Tặng Kèm Bookmark CÚ MÈO + SỔ TAY XƯƠNG RỒNG),80000,80000,0,0.0,0,0,,Nhà Xuất Bản Kim Đồng,Nhà Xuất Bản Kim Đồng,,,,,Nhà Sách Vĩnh Thụy,available,1000,True,True,True
277745018,Lược Sử Nước Việt Bằng Tranh (Tái bản năm 2022),112000,140000,20,0.0,0,3,nhieu tac gia,NXB Kim Đồng,Nhà Xuất Bản Kim Đồng,,Bìa mềm,96,2022-04-15,Nhà Sách Phương Nam,available,1000,True,True,True
277043575,Hồ Chí Minh Gương Sáng Cho Muôn Đời: Tư Tưởng Hồ Chí Minh Về Công Tác Cán Bộ ,86250,115000,25,0.0,0,1,Đỗ Hoàng Linh (biên soạn),VIETNAMBOOK,Nhà Xuất Bản Tri Thức,,Bìa mềm tay gấp,208,2025-01-20,VIETNAMBOOK,available,1000,True,True,True
276486424,Hý Kịch Việt Nam - Ngàn Năm Đồng Vọng,155000,155000,0,0.0,0,1,,NXB Tổng Hợp,Nhà Xuất Bản Tổng hợp TP.HCM,,,,,Nhân Văn,available,1000,True,True,True
276326972,Hà Nội Thời Cận Đại - Từ Nhượng Địa Đến Thành Phố (1873-1945),232500,250000,7,5.0,1,9,Đào Thị Diến,Nhã Nam,Nhà Xuất Bản Hà Nội,,Bìa mềm,,2023-12-21,Nhà sách Fahasa,available,1000,True,True,True
276074950,"Hỏi Đáp Lịch Sử Việt Nam - Tập 2 - Nước Việt Nam Dưới Đời Ngô, Đinh, Tiền Lê, Lý, Trần, Hồ",125000,125000,0,0.0,0,0,Nhóm Nhân Văn Trẻ,NXB Trẻ,NXB Trẻ,,,,,FishingBook,available,1000,True,True,True
275974161,Chủ Tịch Hồ Chí Minh Với Cuộc Hành Trình Của Thời Đại - Đi Theo Con Đường Của Bác Học Tập Và Phấn Đấu Suốt Đời ,79100,113000,30,5.0,1,9,Vũ Kim Yến,VIETNAMBOOK,Nhà Xuất Bản Hà Nội,,Bìa mềm tay gấp,224,2024-08-22,VIETNAMBOOK,available,1000,True,True,True
275939987,GÓC NHÌN SỬ VIỆT - VUA BÀ TRIỆU ẨU - Nguyễn Tử Siêu (bìa mềm),159000,159000,0,0.0,0,0,Nguyễn Tử Siêu,Alpha Books,Nhà Xuất Bản Tổng hợp TP.HCM,,Bìa mềm,372,2024-08-01,Nhà Sách Vĩnh Thụy,available,1000,True,True,True
275792301,Sách - Tiêu Sơn Tráng Sĩ (Khải Hưng) - SBOOKS,138000,138000,0,0.0,0,0,,SBOOKS,Nhà Xuất Bản Văn Học,,Bìa mềm,,2024-07-30,SBOOKS OFFICIAL,available,1000,True,True,True
275256712,Sách - Di sản Hồ Chí Minh. Bác Hồ với việc đọc và tự học -NXB Trẻ,80000,80000,0,0.0,0,0,,NXB Trẻ,NXB Trẻ,,,,,HỆ THỐNG NHÀ SÁCH ABC,available,1000,True,True,True
274826211,Sách Khám Phá Lịch Sử- Văn Hóa: Ký Ức Đường Trường Sơn,80000,80000,0,0.0,0,0,,NXB Trẻ,NXB Trẻ,,,,,AHABOOKS,available,1000,True,True,True
273454774,Sách Quân đội Tây Sơn: Lịch sử bằng hình ảnh (Bìa cứng),330000,330000,0,0.0,0,0,Đào Nguyên Khánh,NXB Trẻ,NXB Trẻ,,Bìa mềm,188,2023-11-01,info book,available,1000,True,True,True
273418400,Sách Ngự tiền - Quan án: Đại án Quảng Nam,118000,150000,21,4.8,4,40,Tử Yếng Lương Hoài Trọng Tính,Công Ty TNHH Sách Và Truyền Thông Việt Nam,Nhà Xuất Bản Văn Học,,Bìa mềm,236,2023-11-11,Tiki Trading,available,1000,True,True,True
273354897,Sách Lịch Sử Hay Nhất-An Nam Thời Xưa,135000,135000,0,0.0,0,1,,Nhã Nam,Nhà Xuất Bản Thế Giới,,,,,Phương Đông Books,available,1000,True,True,True
272402331,Qua Đêm Ở Nhà Các Vua Nguyễn,120000,120000,0,0.0,0,0,,Nhã Nam,Nhà Xuất Bản Hội Nhà Văn,,,,,NHBook,available,1000,True,True,True
271510091,Biệt Động Sài Gòn - Chợ Lớn - Gia Định (Song Ngữ),127500,150000,15,0.0,0,0,Nguyễn Đức Hùng,Nhà xuất bản Tổng hợp TP.HCM ,Nhà Xuất Bản Tổng hợp TP.HCM,,,,,NXB TỔNG HỢP,available,1000,True,False,True
263973453,TRƯỜNG DẠY NGHỀ Ở VIỆT NAM THỜI PHÁP THUỘC (1898-1945) - Trần Thị Phương Hoa – Nhã Nam - NXB Thế Giới (bìa mềm),200000,200000,0,0.0,0,0,Trần Thị Phương Hoa,Nhã Nam,Nhà Xuất Bản Thế Giới,,Bìa mềm,324,,Nhà Sách Vĩnh Thụy,available,1000,True,True,True
263703191,Nơi Rìa Thế Giới - Một Lịch Sử Về Vùng BIển Bắc,299000,299000,0,0.0,0,0,Michael Pye,Alpha Books,Nhà Xuất Bản Hà Nội,,,,,HỆ THỐNG NHÀ SÁCH ABC,available,1000,True,True,True
263080700,Di sản Hồ Chí Minh. Đặc sắc văn hóa Hồ Chí Minh,115000,115000,0,0.0,0,0,,Bloomsbury Childrens - NXB Trẻ,NXB Trẻ,,,,,HỆ THỐNG NHÀ SÁCH ABC,available,1000,True,True,True
263079218,Di sản Hồ Chí Minh. Bác Hồ với Quân đội nhân dân Việt Nam,50000,50000,0,0.0,0,0,,Bloomsbury Childrens - NXB Trẻ,NXB Trẻ,,,,,Nhà Sách Vĩnh Thụy,available,1000,True,True,True
262061004,Lịch Sử Israel - Câu Chuyện Về Sự Hồi Sinh Của Một Dân Tộc - Bản Quyền,389000,389000,0,0.0,0,1,,Alphabooks,Nhà Xuất Bản Thế Giới,,,,,HỆ THỐNG NHÀ SÁCH ABC,available,1000,True,True,True
249875992,Tập 1 - Gia Định - Sài Gòn - Thành Phố Hồ Chí Minh: Dặm Dài Lịch Sử (1698 - 2020),408000,480000,15,0.0,0,12,,Nhà xuất bản Tổng hợp TP.HCM ,Nhà Xuất Bản Tổng hợp TP.HCM,,Bìa cứng,792,2023-02-01,NXB TỔNG HỢP,available,1000,True,True,True
249161092,Lịch sử Việt Nam bằng tranh - Lý Thường Kiệt (bản màu),158000,158000,0,0.0,0,0,,Bloomsbury Childrens - NXB Trẻ,NXB Trẻ,,,,,HỆ THỐNG NHÀ SÁCH ABC,available,1000,True,True,True
248498416,"Đông Dương: Một Nền Thuộc Địa Nhập Nhằng, Giai Đoạn 1858 - 1954 (*** Sách Bản Quyền ***)",439000,439000,0,0.0,0,0,,Alpha Books,Nhà Xuất Bản Thế Giới,,,,,info book,available,1000,True,True,True
247541120,"Sách [bìa cứng] - Chữ, Văn Quốc Ngữ - Thời Kỳ Đầu Pháp Thuộc - Nguyễn Văn Trung",148750,148750,0,0.0,0,2,,Công ty cổ phần đầu tư phát triển Trường Phương,Nhà Xuất Bản Khoa Học Xã Hội,,,,,Sách Khai Tâm,available,1000,True,True,True
245787195,Sách Lịch sử Việt Nam bằng tranh - Thăng Long buổi đầu (bản màu),55250,65000,15,0.0,0,0,Nhiều tác giả,NXB Trẻ,NXB Trẻ,,Bìa mềm,80,2023-03-09,Nhà Xuất Bản Trẻ,available,1000,True,True,True
217125819,Sách Nỗi Buồn Chiến Tranh,130000,130000,0,0.0,0,1,,FIRST NEWS,NXB Trẻ,,,,,info book,available,1000,True,True,True
208560323,Sách Lịch Sử Việt Nam Bằng Tranh 15: Xây Đắp Nhà Lý,27000,35000,23,5.0,2,10,Nhiều tác giả,NXB Trẻ,NXB Trẻ,,Bìa mềm,112,2022-12-12,Tiki Trading,available,1000,False,True,True
92010082,Sách - Vua Gia Long (sách lịch sử),159000,159000,0,0.0,0,0,,Alphabooks,Nhà Xuất Bản Thế Giới,,,,,HỆ THỐNG NHÀ SÁCH ABC,available,1000,True,True,True
41374870,"Thương Nhân Việt Nam Xưa - Vấn Đề, Nhân Vật Và Giai Thoại",110000,110000,0,0.0,0,0,Nguyễn Thanh Tuyền,NXB Văn Hoá Văn Nghệ,,,,,,TYMBooks,available,1000,True,True,True
598718,Sách Lịch Sử Việt Nam Bằng Tranh 49: Chúa Tiên Nguyễn Hoàng (Tái Bản),29000,35000,17,5.0,12,213,Trần Bạch Đằng (chủ biên),NXB Trẻ,NXB Trẻ,,Bìa mềm,100,,Tiki Trading,available,1000,False,True,True
541288,Sách Một Thời Hoa Lửa - Một Thế Hệ Làm Nên Huyền Thoại,150000,150000,0,0.0,0,0,.,NXB Trẻ,NXB Trẻ,,Bìa mềm,358,2012-07-30,VIETNAMBOOK,available,1000,True,True,True
279081643,Ngàn Năm Văn Hiến Quốc Gia Việt Nam - Thousand Years Of Viet Nam National Civilization (BÌA CỨNG - IN MÀU),710000,710000,0,0.0,0,0,Bộ Văn Hoá Thể Thao và Du Lịch Tổng Cục Thể Dục Thể Thao,An Nam Books,Nhà Xuất Bản Chính Trị Quốc Gia Sự Thật,,Bìa cứng,500,2025-12-31,SÁCH ĐẠI NAM,available,1000,True,True,True
277610096,Sách Nội Các Chính Quyền Sài Gòn Những Ngày Cuối Tháng 4 - 1975 (Kỷ niệm 50 năm ngày giải phóng miền Nam thống nhất đất nước 1975 - 2025),122000,122000,0,0.0,0,2,nhieu tac gia,VIETNAMBOOK,Nhà Xuất Bản Quân Đội Nhân Dân,,Bìa mềm,240,,Hiệu Sách Tự Do,available,1000,True,True,True
277354479,Sách - Vừa Lười Vừa Bận Vẫn Giỏi Tiếng Anh - Khang Việt Book,168000,168000,0,0.0,0,0,,Khang Việt Book,Nhà Xuất Bản Đại Học Quốc Gia Hà Nội,,,,,Bamboo Books,available,1000,True,True,True
277349508,Sách - Boxset Cùng Bé Khám Phá Thế Giới Xung Quanh - Song Ngữ Anh Việt - Việt Thư,280000,280000,0,0.0,0,0,,Công Ty TNHH Văn Hóa Việt Thư,Nhà Xuất Bản Phụ Nữ Việt Nam,,,,,Bamboo Books,available,1000,True,True,True
277348646,Sách - Làm Việc Như Đức Phật - DTBooks,139000,139000,0,0.0,0,0,,Dtbooks,Nhà Xuất Bản Dân Trí,,,,,Bamboo Books,available,1000,True,True,True
277348637,Sách - Cuộc Kháng Chiến Chống Xâm Lược Nguyên Mông - DTBooks,169000,169000,0,0.0,0,0,,Dtbooks,Nhà Xuất Bản Dân Trí,,,,,Bamboo Books,available,1000,True,True,True
277316338,Ngẫm lại chiến tranh trong thế kỷ XXI ảnh hưởng và tác động của sự tổng hòa yếu tố chính trị thông tin và truyền thông - bản in 2025,289000,289000,0,0.0,0,0,,Nhà Xuất Bản Chính Trị Quốc Gia Sự Thật,Nhà Xuất Bản Chính Trị Quốc Gia Sự Thật,,Bìa mềm,,,Bảo Châu Books,available,1000,True,True,True
277227226,Sách - Kiến Trúc Pháp - Đông Dương Dấu Tích Sài Gòn - Hòn Ngọc Viễn Đông - NXB Tổng Hợp,350000,350000,0,0.0,0,0,,Nhà xuất bản Tổng hợp TP.HCM ,Nhà Xuất Bản Tổng hợp TP.HCM,,,,,Bamboo Books,available,1000,True,True,True
277215026,Sách - Sức Sống Của Không Gian Văn Hóa Hồ Chí Minh - NXB Tổng Hợp,115000,115000,0,0.0,0,0,,Nhà xuất bản Tổng hợp TP.HCM ,Nhà Xuất Bản Tổng hợp TP.HCM,,,,,Bamboo Books,available,1000,True,True,True
277215002,Sách - Lịch Sử Hàn Quốc Trên Bàn Ăn - Youngha Joo - NXB Tổng Hợp TP.HCM,225000,225000,0,0.0,0,0,,Nhà xuất bản Tổng hợp TP.HCM ,Nhà Xuất Bản Tổng hợp TP.HCM,,,,,Bamboo Books,available,1000,True,True,True
277214996,Sách - Mùa Nước Nổi Trong Đời Sống Văn Hóa Đồng Bằng Sông Cửu Long - Nguyễn Hữu Hiếu - NXB Tổng Hợp,80000,80000,0,0.0,0,0,,Nhà xuất bản Tổng hợp TP.HCM ,Nhà Xuất Bản Tổng hợp TP.HCM,,,,,Bamboo Books,available,1000,True,True,True
277214058,Sách - Classic Wooden Fishing Boats Of The Vietnamese Coast - Thuyền Cá Việt Nam - NXB Phụ Nữ,500000,500000,0,0.0,0,0,,Nhà xuất bản Phụ Nữ Việt Nam,Nhà Xuất Bản Phụ Nữ Việt Nam,,,,,Bamboo Books,available,1000,True,True,True
277214036,Sách - Hoài Niệm Mứt Tết - NXB Phụ Nữ,165000,165000,0,0.0,0,0,,Nhà xuất bản Phụ Nữ Việt Nam,Nhà Xuất Bản Phụ Nữ Việt Nam,,,,,Bamboo Books,available,1000,True,True,True
277212624,Sách - Ngon Chảy Nước Miếng - Snack Recipes - NXB Phụ Nữ,89000,89000,0,0.0,0,0,,Nhà xuất bản Phụ Nữ Việt Nam,Nhà Xuất Bản Phụ Nữ Việt Nam,,,,,Bamboo Books,available,1000,True,True,True
276959527,Du khảo - Rực rỡ sắc màu trang phục phụ nữ các dân tộc Việt Nam. A Brilliant Visual Journal Vietnam women's ethnic costumes,352000,392000,10,0.0,0,0,,Nhà Xuất Bản Chính Trị Quốc Gia Sự Thật,Nhà Xuất Bản Chính Trị Quốc Gia,,Bìa mềm,,,Omega Plus Books,available,1000,True,True,True
276847764,Sách - 11 Nhà Địa Lí Và Thám Hiểm Nổi Tiếng - Hồng Ân,35000,35000,0,0.0,0,0,,Nhà Sách Hồng Ân,Nhà Xuất Bản Đại Học Quốc Gia Hà Nội,,,,,Bamboo Books,available,1000,True,True,True
276738783,Sách - Điện Biên Phủ - Đỉnh Cao Nghệ Thuật Chiến Dịch Việt Nam - VIETNAMBOOK,65000,65000,0,0.0,0,0,,Vinabook JSC,Nhà Xuất Bản Hồng Đức,,,,,Bamboo Books,available,1000,True,True,True
275992993,Sách - Môn Sử Không Chán Như Em Tưởng (PN),79000,79000,0,0.0,0,0,Nguyễn Quốc Vương,Công Ty TNHH Văn Hóa Việt Thư,Nhà Xuất Bản Phụ Nữ Việt Nam,,,,,Bảo Châu Books,available,1000,True,True,True
275728660,Ngàn Năm Sử Việt - Nhà Hậu Lê - Lê Sơ - Hoàng Đế Anh Minh,60000,60000,0,0.0,0,0,Ngô Văn Phú,Kim Đồng,Nhà Xuất Bản Kim Đồng,,Bìa mềm,240,,Bamboo Books,available,1000,True,True,True
275466306,"Anh Hùng, Chiến Sĩ Điện Biên Phủ",320000,320000,0,0.0,0,0,,NXB Chính Trị Quốc Gia,Nhà Xuất Bản Chính Trị Quốc Gia Sự Thật,,,,,Bảo Châu Books,available,1000,True,True,True
275055720,Lịch sử Việt Nam phổ thông. Tập 5: Từ năm 1858 đến năm 1930,178000,178000,0,0.0,0,1,,Nhà Xuất Bản Chính Trị Quốc Gia Sự Thật,Nhà Xuất Bản Chính Trị Quốc Gia Sự Thật,,,,,ST Book,available,1000,True,True,True
274734792,CHÍNH SÁCH CỦA CÁC VƯƠNG TRIỀU VIỆT NAM ĐỐI VỚI NGƯỜI HOA - Huỳnh Ngọc Đáng - Nhà xuất bản Tổng Hợp Thành Phố Hồ Chí Minh.,135000,135000,0,0.0,0,3,,Nhà xuất bản Tổng hợp TP.HCM ,Nhà Xuất Bản Tổng hợp TP.HCM,,Bìa mềm,271,,Bamboo Books,available,1000,True,True,True
274646543,Đại Việt Quốc Thư,119000,140000,15,5.0,1,16,Nguyễn Duy Chính,Nhà xuất bản Tổng hợp TP.HCM ,Nhà Xuất Bản Tổng hợp TP.HCM,,Bìa mềm,408,,NXB TỔNG HỢP,available,1000,True,True,True
274175074,Y Tế Phương Tây Ở Bắc Kỳ (1873-1945),160000,160000,0,0.0,0,0,,NXB Tổng hợp Thành Phố Hồ Chí Minh,NXB Tổng Hợp Thành Phố Hồ Chí Minh,,Bìa mềm,376,2024-01-19,Bamboo Books,available,1000,True,True,True
273868471,Đánh Thức Giao Thừa,84150,99000,15,0.0,0,2,Mã Thiện Đồng,Nhà xuất bản Tổng hợp TP.HCM ,Nhà Xuất Bản Tổng hợp TP.HCM,,,,,NXB TỔNG HỢP,available,1000,True,True,True
273379677,Lịch Sử Việt Nam Một Góc Nhìn,249000,249000,0,0.0,0,0,Đỗ Bang,Đông Tây,Nhà Xuất Bản Tri Thức,,Bìa mềm,414,2023-09-13,Bamboo Books,available,1000,True,True,True
273262807,Tiểu Sử Và Hành Trạng Các Nhà Khoa Bảng Hán Học Nam Bộ ,235000,235000,0,0.0,0,0,Nguyễn Đình Tư,Nhà xuất bản Tổng hợp TP.HCM ,NXB Tổng Hợp Thành Phố Hồ Chí Minh,,Bìa mềm,624,2020-11-19,Bamboo Books,available,1000,True,True,True
273218693,Cận Đại Việt Sử Diễn Ca - Quyển Nhứt,220000,220000,0,0.0,0,0,Huỳnh Thiên Kim Bội,Nhà xuất bản Tổng hợp TP.HCM ,Nhà Xuất Bản Tổng hợp TP.HCM,,,,,Bamboo Books,available,1000,True,True,True
270956900,Kim Đồng - Trần Văn Ơn,50000,50000,0,0.0,0,0,,Nhà Xuất Bản Kim Đồng,Nhà Xuất Bản Kim Đồng,,,,,Bamboo Books,available,1000,True,True,True
262846118,"(Bìa Cứng) Nam Việt Thần Kỳ Hội Lục - PGS.TS. Trần Trọng Dương, ThS. Dương Văn Hoàn",320000,320000,0,0.0,0,3,Trần Trọng Dương,Nhà xuất bản Tổng hợp TP.HCM ,Nhà Xuất Bản Tổng hợp TP.HCM,,Bìa mềm,532,2022-06-01,SÁCH ĐẠI NAM,available,1000,True,True,True
262053169,Việt Nam Bi Thảm Đông Dương,80750,95000,15,0.0,0,0,Louis Roubaud,Nhà xuất bản Tổng hợp TP.HCM ,Nhà Xuất Bản Tổng hợp TP.HCM,,,,,NXB TỔNG HỢP,available,1000,True,True,True
257859361,Văn Minh Vật Chất Của Người Việt,330000,330000,0,0.0,0,1,,Zenbooks,Nhà Xuất Bản Thế Giới,,Bìa mềm,655,2022-05-01,Taurus 1987 Books,available,1000,True,True,True
251536018,Việt Nam Sử Lược - Bản Đặc Biệt (Tái Bản),237500,250000,5,0.0,0,1,Trần Trọng Kim,Kim Đồng,Nhà Xuất Bản Kim Đồng,,Bìa cứng,620,,Bảo Châu Books,available,1000,True,True,True
249576336,Sách - Tiểu Sử Và Hành Trạng Các Nhà Khoa Học Bảng Hán Học Nam Bộ - Nguyễn Đình Tư - NXB Tổng Hợp,235000,235000,0,0.0,0,1,Nguyễn Đình Tư,NXB Tổng Hợp,Nhà Xuất Bản Tổng Hợp,,Bìa mềm,624,,Bamboo Books,available,1000,True,True,True
247887689,Những Vị Vua Trẻ Trong Sử Việt,70000,70000,0,0.0,0,0,"Nguyễn Như Mai, Nguyễn Quốc Tín, Nguyễn Huy Thắng",NXB Kim Đồng,Nhà Xuất Bản Kim Đồng,,Bìa mềm,388,,Bamboo Books,available,1000,True,True,True
247790444,Nam Phong Tạp Chí - Vấn Đề Phụ Nữ Ở Nước Ta,181000,181000,0,0.0,0,1,Đoàn Ánh Dương,NXB Phụ Nữ,Nhà Xuất Bản Phụ Nữ,,Bìa mềm,448,2023-03-16,Nhà sách NetaBooks,available,1000,True,True,True
242076090,Gia Định - Sài Gòn - Thành Phố Hồ Chí Minh: Dặm Dài Lịch Sử (1698 - 2020) - Tập 1 (1698 - 1945),480000,480000,0,0.0,0,0,Nguyễn Đình Tư,NXB Tổng Hợp TPHCM,Nhà Xuất Bản Tổng hợp TP.HCM,,,,,Bamboo Books,available,1000,True,True,True
213936251,Hoàng Việt Luật Lệ Toát Yếu Diễn Ca,189000,189000,0,0.0,0,0,,Công ty cổ phần đầu tư phát triển Trường Phương,oem,,Bìa mềm,,,NHÀ SÁCH AN THƯ,available,1000,True,False,True
136014222,Việt Sử - Duyên Phận Giữa Đời Thường,57750,77000,25,5.0,2,9,,VIETNAMBOOK,Nhà Xuất Bản Hà Nội,,Bìa mềm,192,,VIETNAMBOOK,available,1000,True,True,True
111107348,Nam Hán Sơn Thành,89000,89000,0,0.0,0,0,Kim Hoon,Thái Hà,Nhà Xuất Bản Hà Nội,,,,,HỆ THỐNG NHÀ SÁCH ABC,available,1000,True,True,True
279097391,VƯƠNG QUỐC AN NAM VÀ DÂN AN NAM – Ký sự du hành của J. L. Dutreuil de Rhins - J. L. Dutreuil de Rhins - Phan Tín Dụng dịch – Book Hunter,181000,181000,0,0.0,0,0,Phan Tín Dụng,Công ty TNHH Truyền Thông và Giáo Dục Lyceum,Nhà Xuất Bản Đà Nẵng,,Bìa mềm,256,,BÌNH BÁN BOOK,available,1000,True,True,True
278794472,Bạt Mạng - Reckless,289000,289000,0,0.0,0,2,Robert K. Brigham,Phương Nam Book,Nhà Xuất Bản Thế Giới,,Bìa mềm,316,2025-10-22,Nhà sách NetaBooks,available,1000,True,True,True
278686263,Những Bức Di Thư Thành Cổ - Lê Bá Dương ,119000,130000,8,0.0,0,0,Lê Bá Dương,Alpha Books,Nhiều Nhà Xuất Bản,,,,,Sống Official,available,1000,True,True,True
278520094,(Ruy băng kỷ niệm) COMBO SÁCH KỶ NIỆM 80 NĂM CÁCH MẠNG THÁNG TÁM VÀ QUỐC KHÁNH 2/9 – Đàm Thị Loan – Trường Chinh -  NXB CTQGST,146000,146000,0,0.0,0,0,nhieu tac gia,Nhà Xuất Bản Chính Trị Quốc Gia Sự Thật,Nhà Xuất Bản Chính Trị Quốc Gia Sự Thật,,Bìa mềm,152,,BÌNH BÁN BOOK,available,1000,True,True,True
278004978,Lịch Sử Việt Nam Bằng Tranh (Boxset 53 Tập) - NXB Trẻ,1855000,1855000,0,0.0,0,0,,Alpha Books,NXB Trẻ,,,,,Sống Official,available,1000,True,True,True
277907589,Bản án chế độ thực dân Pháp (Xuất bản lần thứ tám) - Nguyễn Ái Quốc - NXB Chính Trị Quốc Gia Sự Thật ,57000,60000,5,0.0,0,0,,Alpha Books,Nhiều Nhà Xuất Bản,,,,,Sống Official,available,1000,True,True,True
277884304,Sách - Bông sen trắng giữa lòng Hà Nội,61700,65000,5,0.0,0,0,Chu Đức Tính,Nhà Sách Hồng Ân,Nhà Xuất Bản Đại Học Quốc Gia Hà Nội,,,271,,Alpha Books Official,available,1000,True,True,True
277716005,ĐẠI THẮNG MÙA XUÂN 1975 - Bản Hùng Ca Chiến Thắng Thời Đại Hồ Chí Minh - NXB Chính Trị Quốc Gia Sự Thật,209000,209000,0,5.0,1,4,,Nhà Xuất Bản Chính Trị Quốc Gia Sự Thật,Nhà Xuất Bản Chính Trị Quốc Gia Sự Thật,,Bìa mềm,544,,BÌNH BÁN BOOK,available,1000,True,True,True
277685935,Sài Gòn Thành Phố Hồ Chí Minh Thành Phố Của Tôi,170000,170000,0,0.0,0,0,Nhiều,NXB Tổng hợp TP.HCM,NXB Tổng Hợp Thành Phố Hồ Chí Minh,,Bìa cứng,228,2025-04-08,Nhà sách NetaBooks,available,1000,True,True,True
277554724,Thể Chế Công Ở Việt Nam - Thế Kỷ XVIII,199000,199000,0,0.0,0,0,,Nhà xuất bản Tổng hợp TP.HCM ,Nhà Xuất Bản Tổng hợp TP.HCM,,Bìa mềm,226,2025-03-24,Nhà sách NetaBooks,available,1000,True,True,True
277354815,Sách - Sherlock Holmes Bản Dịch Đầy Đủ 4 Tiểu Thuyết Và 56 Truyện Ngắn - Trọn Bộ 3 Tập - Bìa Cứng Ép Kim Mỹ Thuật - Khang Việt Book,438000,438000,0,0.0,0,0,,Khang Việt Book,Nhà Xuất Bản Đại Học Quốc Gia Hà Nội,,,,,Bamboo Books,available,1000,True,True,True
277353697,Sách - Chư Tử Tinh Tuyển - Hàn Phi Tử - Khang Việt Book,168000,168000,0,0.0,0,0,,Khang Việt Book,Nhà Xuất Bản Đại Học Quốc Gia Hà Nội,,,,,Bamboo Books,available,1000,True,True,True
277214140,Sách - Bí Ẩn Nữ Tính - NXB Phụ Nữ,199000,199000,0,0.0,0,1,,Nhà xuất bản Phụ Nữ Việt Nam,Nhà Xuất Bản Phụ Nữ Việt Nam,,,,,Bamboo Books,available,1000,True,True,True
276529750,Lược Sử Nước Việt Bằng Tranh - Viet Nam - A Brief History In Pictures - KĐ,196000,196000,0,0.0,0,1,"Tạ Huy Long, Dương Trung Quốc, Hiếu Minh, Huyền Trang,  Dương Trung Quốc",Kim Đồng,Nhà Xuất Bản Kim Đồng,,Bìa cứng,100,,NewShop Official,available,1000,True,True,True
276502386,Lịch Sử Sài Gòn Thuở Ban Đầu,355000,355000,0,0.0,0,0,,NXB Tri Thức,Nhà Xuất Bản Tri Thức,,Bìa mềm,608,,Nhà Sách Phương Nam,available,1000,True,True,True
276058373,Vua chúa Việt và những điều chưa biết - Lê Tiên Long - NXB,119000,119000,0,5.0,2,33,,Nhà xuất bản Tổng hợp TP.HCM ,Nhà Xuất Bản Tổng hợp TP.HCM,,Bìa mềm tay gấp,240,2024-08-30,LITTLE BOOKS,available,1000,True,True,True
275850630,KÝ ỨC ĐÔNG DƯƠNG - Tô Hoài - NXB Kim Đồng,60000,60000,0,0.0,0,0,Tô Hoài,Nhà Xuất Bản Kim Đồng,Nhà Xuất Bản Kim Đồng,,Bìa mềm,192,,Bamboo Books,available,1000,True,True,True
275615131,Con Trai Đức Phật - Minh Đức Triều Tâm Ảnh (Bộ 2 cuốn),360000,360000,0,0.0,0,3,Minh Đức Triều Tâm Ảnh,Thư Quán Hương Tích,Nhà Xuất Bản Hội Nhà Văn,,,1470,,Thư quán Hương Tích,available,1000,True,True,True
275552419,GNSV: GIỌT MÁU SAU CÙNG - Câu Chuyện Về Vị Chúa Cuối Cùng Của Họ Trịnh – Phan Trần Chúc – Alpha books – NXB Hồng Đức,69000,69000,0,0.0,0,0,Phan Trần Chúc,Alpha Books,Nhà Xuất Bản Hồng Đức,,Bìa mềm,132,,info book,available,1000,True,True,True
275516827,TRỞ VỀ TRONG GIẤC MƠ - Trần Minh Tiến - NXB Chính trị quốc gia sự thật,124000,124000,0,0.0,0,0,Trần Minh Tiến,NXB Chính Trị Quốc Gia Sự Thật,Nhà Xuất Bản Chính Trị Quốc Gia Sự Thật,,Bìa mềm,243,,BÌNH BÁN BOOK,available,1000,True,True,True
275062115,Người Xưa Cảnh Tỉnh (Tái Bản 2024),94050,99000,5,0.0,0,0,"Vương Trí Nhàn, Trần Văn Chánh",Nhà xuất bản Tổng hợp TP.HCM ,Nhà Xuất Bản Tổng hợp TP.HCM,,Bìa mềm,296,,Cá Chép Bookstore,available,1000,True,True,True
273356211,Nam Phương - Hoàng hậu cuối cùng,100000,100000,0,0.0,0,0,Lý Nhân Phan Thứ Lang,FIRST NEWS,Nhà Xuất Bản Thế Giới,,,,,HỆ THỐNG NHÀ SÁCH ABC,available,1000,True,True,True
273317009,QUANG TRUNG - ANH HÙNG DÂN TỘC (1788-1792) - Hoa Bằng (Hoàng Thúc Trâm) - NXB Chính Trị Quốc Gia Sự Thật.,128000,128000,0,0.0,0,12,Hoa Bằng,NXB Chính Trị Quốc Gia Sự Thật,Nhà Xuất Bản Chính Trị Quốc Gia Sự Thật,,Bìa mềm,400,,BÌNH BÁN BOOK,available,1000,True,True,True
270256855, Sử Ta - Chuyện Xưa Kể Lại - Tập 2 ( 2023 ),80000,80000,0,0.0,0,0,,Nhà Xuất Bản Kim Đồng,Nhà Xuất Bản Kim Đồng,,,,,AHABOOKS,available,1000,True,True,True
255299077,Lịch Sử Văn Minh Thế Giới - Phần II - Đời sống Hy Lạp (Bộ 3 tập),565000,565000,0,0.0,0,0,Will Durant,Văn Lang,Nhà Xuất Bản Khoa Học Xã Hội,,Bìa cứng,1168,,NHBook,available,1000,True,True,True
203846204,Sách - Từ điển chức quan Việt Nam,250000,250000,0,0.0,0,0,,Không có,Không có,,,,,FishingBook,available,1000,True,True,True
203845911,Sách - Sát thát & ông cha ta đánh giặc thế nào,75000,75000,0,0.0,0,0,,Không có,Không có,,,,,HỆ THỐNG NHÀ SÁCH ABC,available,1000,True,True,True
197377326,Những Người Bạn Cố Đô Huế (Trọn bộ 31 tập),6950000,6950000,0,0.0,0,0,B. A. V. H,Công Ty Sách Thời Đại,Nhà Xuất Bản Thuận Hóa,,Bìa cứng,,2020-08-01,Nhà sách NetaBooks,available,1000,True,True,True
163132317,Chinh Chiến Và Từ Bỏ - Nghiên Cứu Quan Hệ Việt Nam - Trung Quốc Đời Minh,165000,165000,0,0.0,0,1,,NXB Tổng hợp Thành Phố Hồ Chí Minh,Nhà Xuất Bản Tổng hợp TP.HCM,,Bìa mềm,388,2022-02-18,Bamboo Books,available,1000,True,True,True
160814620,Văn Hóa Việt Nhìn Từ Tiếng Việt - Dích Dắc Dặt Dìu Dư Dí Dỏm,115000,115000,0,0.0,0,0,Lê Minh Quốc,NXB Tổng Hợp TPHCM,Nhà Xuất Bản Tổng hợp TP.HCM,,,,,Bamboo Books,available,1000,True,True,True
146286590,Đàng Trong - Lịch Sử Và Văn Hóa,165000,165000,0,4.7,3,9,Trần Thuận,NXB Tổng hợp TP.HCM,Nhà Xuất Bản Tổng hợp TP.HCM,,Bìa mềm,375,2021-11-01,Nhà sách NetaBooks,available,1000,True,True,True
13334252,Sách Cận Đại Việt Sử Diễn Ca – Quyển Nhứt,220000,220000,0,0.0,0,0,Huỳnh Thiên Kim,NXB Tổng Hợp,Nhà Xuất Bản Tổng hợp TP.HCM,,Bìa mềm,472,2019-04-02,Bamboo Books,available,1000,True,True,True
8093144,Sách 50 Năm Cuộc Tổng Tiến Công Nổi Dậy Mậu Thân (1968 - 2018) - Tầm Vóc Và Giá Trị Lịch Sử,246000,246000,0,5.0,1,1,.,NXB Chính Trị Quốc Gia Sự Thật,,,Bìa mềm,623,2018-12-01,Bamboo Books,available,1000,True,True,True
3047999,Tết Việt Nam qua tranh dân gian,43000,43000,0,3.6,9,263,Nguyễn Kim Thản,Nhà Sách 30 Hàn Thuyên,,,Bìa mềm,96,2017-11-18,Nhà sách 30 Hàn Thuyên,available,1000,True,True,True
1066188,Sách 50 Năm Cuộc Tổng Tiến Công Và Nổi Dậy Xuân Mậu Thân 1968 - Những Giá Trị Lịch Sử,246000,246000,0,5.0,1,2,TS. Lê Trung Kiên,NXB Chính Trị Quốc Gia,Nhà Xuất Bản Chính Trị Quốc Gia Sự Thật,,Bìa mềm,368,2018-10-01,Nhà Sách Lao Động,available,1000,True,True,True
654980,Sách Những Dấu Ấn Lịch Sử Về Hồ Chí Minh Và Đảng Do Người Sáng Lập,79200,99000,20,0.0,0,0,PGS.TS. Đàm Đức Vượng,NXB Thông tin Truyền thông,Nhà Xuất Bản Thông Tin Và Truyền Thông,,Bìa mềm,340,2016-05-01,nxbkhoahoccongnghetruyenthong,available,1000,True,True,True
607670,Sách Hỏi - Đáp Về Dân Tộc Học Và Một Số Vấn Đề Về Dân Tộc Học Ở Việt Nam Hiện Nay,41000,41000,0,0.0,0,1,Bộ Quốc Phòng - Viện Khoa Học Xã Hội Nhân Văn Quân Sự,NXB Chính Trị Quốc Gia,Nhà Xuất Bản Chính Trị Quốc Gia,,Bìa mềm,171,2017-03-01,Bamboo Books,available,1000,True,True,True
558381,Sách Dấu Chân Phía Trước Tiếp Bước Hành Trình Của Hồ Chí Minh,250000,250000,0,0.0,0,3,Trần Văn Công (sưu tầm và biên soạn),TT Giới Thiệu Sách TP. HCM,hong duc,,Bìa cứng,400,2016-11-15,Nhà Sách Lao Động,available,1000,True,True,True
350869,Sách 100 Câu Hỏi Về Gia Định Sài Gòn - Văn Học Thời Kỳ 1945 - 1975 Ở Thành Phố Hồ Chí Minh,99000,99000,0,0.0,0,0,"Vũ Hạnh, Nguyễn Ngọc Phan",Đang cập nhật,Nhà Xuất Bản Văn Hoá Sài Gòn,,Bìa mềm,400,2007-07-20,Bamboo Books,available,1000,True,True,True
350866,Sách 100 Câu Hỏi Về Gia Định Sài Gòn - Lịch Sử Thời Kỳ 1862 - 1945,78000,78000,0,0.0,0,1,Nguyễn Nghị,Đang cập nhật,Nhà Xuất Bản Văn Hoá Sài Gòn,,Bìa mềm,288,2007-07-20,Bamboo Books,available,1000,True,True,True
