id,name,price,list_price,discount_rate,rating_average,review_count,all_time_quantity_sold,authors,publisher_vn,manufacturer,isbn13,book_cover,number_of_page,publication_date,current_seller_name,inventory_status,stock,has_freeship,is_authentic,has_return_policy
279237463,Sách - Sách Lớp Học Mật Ngữ - Phiên Bản Mới - Tập 1-9 (Tái Bản 2025) - Tặng Kèm Quà Tặng Ngẫu Nhiên,28500,30000,5,0.0,0,14,B R O group,BÁO TIỀN PHONG,Báo Sinh Viên VN - Hoa Học Trò,,Bìa mềm,,2023-12-21,Nhà sách Fahasa,available,1000,True,True,True
279188085,Truyện Tranh - Cuốn Từ Điển Kì Bí,25000,25000,0,0.0,0,9,Fujiko F Fujio,NXB Kim Đồng,Nhà xuất bản Kinh tế tài chính,,Bìa mềm,188.0,2026-02-27,Nhân Văn,available,1000,True,True,True
279105454,Sách Hạt Mầm Nhân Cách - Nuôi Dưỡng Lòng Trung Thực,15000,16000,6,0.0,0,0,"Thanh Tâm, Oldcat Studio",Nhà Xuất Bản Kim Đồng,Nhà Xuất Bản Kim Đồng,,Bìa mềm,20.0,,Tiki Trading,available,1000,False,True,True
278957406,Sách Doraemon: Bông Hoa Âm Nhạc,38000,40000,5,0.0,0,0,"Fujiko F Fujio, Minako Kawanabe, Yumi Tsuboi",Nhà Xuất Bản Kim Đồng,Nhà Xuất Bản Kim Đồng,,Bìa mềm,36.0,,Tiki Trading,available,1000,False,True,True
278894201,Combo 8 Cuốn Truyện Tranh Lớp Học Xả Stress,360000,464000,22,0.0,0,10,Xiao Pin,Megabook,Nhà Xuất Bản Thế Giới,,Bìa mềm,,,Tiki Trading,available,1000,False,True,True
278637749,Sách Sức Mạnh Của Những Người Bạn Trái Cây,43600,55000,21,0.0,0,4,Megumi Sato,Đinh Tị,Nhà Xuất Bản Thanh Niên,,Bìa mềm,32.0,2023-07-13,Tiki Trading,available,1000,True,True,True
278444844,Bộ Sách Bạn Có Thích,25000,35000,29,0.0,0,19,Matt Robertson,NXB Trẻ,NXB Trẻ,,Bìa mềm,32.0,2025-08-08,Tiki Trading,available,1000,False,True,True
278403903,Sách 15 Hạt Đậu Của Tottochan,53531,75000,29,5.0,1,28,"Kashiwwaba Sachiko, Matsumoto Haruno",Nhã Nam,Nhà Xuất Bản Hội Nhà Văn,,Bìa mềm,36.0,,Tiki Trading,available,1000,False,True,True
278241298,Sách Bộ Song Ngữ 5 Cuốn Ứ Ừ Con Ghét (Việt-Anh),38200,51000,25,0.0,0,0,"Ngọc Nguyễn, Alex Nguyễn",NXB Phụ Nữ Việt Nam,Nhà Xuất Bản Phụ Nữ Việt Nam,,Bìa mềm,36.0,,Tiki Trading,available,1000,False,True,True
278229577,Bộ Sách Rèn Trí Thông Minh,21000,30000,30,0.0,0,0,"Catmint Books, Sheth Publishing House",NXB Trẻ,NXB Trẻ,,Bìa mềm,32.0,2025-07-07,Tiki Trading,available,1000,False,True,True
278169850,Sách Chuyện Kỳ Diệu Từ Cửa Hàng Thú Nhồi Bông (Gối Kể Chuyện – Tặng Bé Sticker Nè!),68200,89000,23,0.0,0,1,Hồng Đào,Nhà xuất bản Phụ Nữ Việt Nam,Nhà Xuất Bản Phụ Nữ Việt Nam,,Bìa mềm,64.0,,Tiki Trading,available,1000,False,True,True
278159678,Truyện tranh tâm lý học đường (Sách bản quyền),36000,58000,38,0.0,0,22,Lưu Hạc,Nhà sách Minh Thắng,Nhà Xuất Bản Phụ Nữ Việt Nam,,Bìa mềm,58.0,,Tiki Trading,available,1000,False,True,True
278158480,Sách Hello Kitty ( cho bé từ 3 tuổi-8 tuổi),26800,38000,29,5.0,3,1,Hoàng Quỳnh,Nhà sách Minh Thắng,Nhà Xuất Bản Phụ Nữ Việt Nam,,Bìa mềm,12.0,,Tiki Trading,available,1000,False,True,True
278093094,Truyện Tranh Song Ngữ Việt Anh Cho Bé 3 - 8 Tuổi - Bộ Và Lẻ Cuốn ,14800,15000,1,0.0,0,11,,Đinh Tị,Nhà Xuất Bản Phụ Nữ,,Bìa mềm,16.0,,Play With Me,available,1000,True,True,True
278070702,Sách Anh Em Bình Thường,45800,75000,39,0.0,0,36,Hải Yến,Tân Việt,Nhà Xuất Bản Mỹ Thuật,,Bìa mềm,191.0,,Tiki Trading,available,1000,False,True,True
277923352,Sách Hỏi đáp nhanh trí,50000,78000,36,0.0,0,2,Thùy Dương,Huy Hoàng Bookstore,Nhà Xuất Bản Phụ Nữ,,Bìa mềm,128.0,2025-05-05,Tiki Trading,available,1000,False,True,True
277809348,Sách Góc sân và khoảng trời- Khi mẹ vắng nhà,58000,82000,29,0.0,0,20,Trần Đăng Khoa,Huy Hoàng Bookstore,Nhà Xuất Bản Mỹ Thuật,,Bìa mềm,44.0,2025-04-21,Tiki Trading,available,1000,False,True,True
277622005,Sách Boxset Cá Voi Đêm Bão Và Những Câu Chuyện Khác (5 Cuốn),259000,260000,0,5.0,9,93,Toto,Nhà Xuất Bản Kim Đồng,Nhà Xuất Bản Kim Đồng,,Bìa mềm,160.0,2025-01-01,Tiki Trading,available,1000,False,True,True
277591321,Sách Câu Chuyện Âm Nhạc - Lịch Sử Âm Nhạc Dành Cho Trẻ Em,185000,185000,0,0.0,0,0,Nhiều tác giả,Nhà Xuất Bản Kim Đồng,Nhà Xuất Bản Kim Đồng,,Bìa cứng,88.0,2025-01-01,Bamboo Books,available,1000,True,True,True
277483566,Sách Ai Mạnh Hơn? - Trăn Vs. Cá Sấu: Trận Chiến Nuốt Chửng,67000,70000,4,5.0,1,9,Nhiều tác giả,Nhà Xuất Bản Kim Đồng,Nhà Xuất Bản Kim Đồng,,Bìa mềm,160.0,2025-01-01,Tiki Trading,available,1000,False,True,True
276376944,Bộ sách Khơi gợi trí tưởng tượng và sáng tạo,23000,32000,28,0.0,0,16,Adisan Books,NXB Trẻ,NXB Trẻ,,Bìa mềm,40.0,2024-10-15,Tiki Trading,available,1000,False,True,True
276123459,Combo Vun Đắp Tâm Hồn - Rồng Nhỏ Và Phù Thủy (3 Cuốn),190000,195000,3,0.0,0,10,"Tiên Vũ, Thị Hoa",NXB Kim Đồng,Nhà Xuất Bản Kim Đồng,,Bìa mềm,108.0,,Tiki Trading,available,1000,False,True,True
275853564,Bộ sách Khỉ Zozo,46600,69000,32,0.0,0,30,Hans Augusto Rey,Alphabooks,Nhà Xuất Bản Dân Trí,,Bìa mềm,48.0,2024-10-07,Tiki Trading,available,1000,False,True,True
275300077,Bộ Sách Danh Tác Muôn Thuở,47500,50000,5,0.0,0,26,"Jules Verne, Antonis Papatheodoulou, Iris Samartzi",NXB Kim Đồng,Nhà Xuất Bản Kim Đồng,,Bìa mềm,28.0,2024-06-01,Tiki Trading,available,1000,False,True,True
275279908,Bộ sách Những người bạn Đồ dùng học tập,17000,25000,32,0.0,0,20,Nhiều tác giả,NXB Trẻ,NXB Trẻ,,Bìa mềm,24.0,2024-06-21,Tiki Trading,available,1000,False,True,True
274458348,Bộ sách Em yêu Biển đảo-Biên cương,24000,30000,20,4.8,4,86,Nhiều tác giả,NXB Trẻ,NXB Trẻ,,Bìa mềm,32.0,2024-03-18,Tiki Trading,available,1000,False,True,True
274423669,Lớp Học Mật Ngữ - Tuyển Tập Đặc Biệt Vol. 5 (Tái bản năm 2024),90000,90000,0,5.0,4,59,,Hoa Học Trò,Hoa Học Trò,,Bìa mềm,300.0,,Nhà Sách Phương Nam,available,1000,True,True,True
273486371,Sách Bí Mật Của Rừng,31500,45000,30,4.8,16,373,"Luc Foccroulle, Annick Masson",First News - Trí Việt,Nhà Xuất Bản Dân Trí,,Bìa mềm,28.0,2023-11-11,Tiki Trading,available,1000,False,True,True
270688156,Sách Bạn Cá Sấu Thân Thiện,67000,70000,4,0.0,0,48,Chow Hon Lam,Kim Đồng,Nhà Xuất Bản Kim Đồng,,Bìa mềm,140.0,2023-07-23,Tiki Trading,available,1000,False,True,True
270677472,Sách Ấm áp tình bạn Ngỗng phiêu lưu ký,24000,35000,31,5.0,4,58,Laura Wall,NXB Trẻ,NXB Trẻ,,Bìa mềm,48.0,2023-07-25,Tiki Trading,available,1000,False,True,True
262654797,Sách Khác Biệt Thật Là Tuyệt,31500,45000,30,0.0,0,35,Kat Merewether,First News - Trí Việt,Nhà Xuất Bản Dân Trí,,Bìa mềm,28.0,2023-05-01,Tiki Trading,available,1000,False,True,True
217519801,Sách - Chuột Típ (bộ 17 cuốn) - Cuốn lẻ tự chọn,23500,23500,0,0.0,0,16,,Không có,Không có,,,,,Tiệm Sách Minh Vân,available,1000,True,False,True
195662920,"Sách Về Nhà Thôi, Hải Li!",74100,78000,5,5.0,12,227,Magnus Weightman,NXB Kim Đồng,Nhà Xuất Bản Kim Đồng,,Bìa mềm,36.0,2022-08-01,Tiki Trading,available,1000,False,True,True
195623935,Truyện tranh tuổi thần tiên - Đàn ngỗng trời,9300,15000,38,5.0,2,66,Minh Long,Minh Long,Nhà Xuất Bản Mỹ Thuật,,Bìa mềm,16.0,2022-07-19,Tiki Trading,available,1000,False,True,True
195623862,Truyện tranh tuổi thần tiên - Món quà của cô giáo,9300,15000,38,4.5,4,75,Minh Long,Minh Long,Nhà Xuất Bản Mỹ Thuật,,Bìa mềm,16.0,2022-07-19,Tiki Trading,available,1000,False,True,True
135754577,Sách Những Câu Chuyện Truyền Cảm Hứng - I Will Be Better: Con Cảm Ơn Mẹ,55100,58000,5,5.0,48,451,Yunan,NXB Kim Đồng,Nhà Xuất Bản Kim Đồng,,Bìa mềm,220.0,2021-10-01,Tiki Trading,available,1000,False,True,True
127654483,Sách Trái Cây Đại Chiến Zombie-Thế Giới Khủng Long - Tập 12: Quả Khủng Long Thần Kỳ (Tái Bản),58000,89000,35,5.0,39,407,Tiểu Giang Nam,Huy Hoàng Bookstore,Nhà Xuất Bản Phụ Nữ Việt Nam,,Bìa mềm,174.0,2021-10-15,Tiki Trading,available,1000,False,True,True
89691021,Sách Thế Giới Xe Cộ: Xe Tải_Truck,24200,25000,3,5.0,2,22,"Lee Yanan, Bookworm Culture",NXB Kim Đồng,Nhà Xuất Bản Kim Đồng,,Bìa mềm,24.0,2021-04-15,Nhà sách Fahasa,available,1000,True,True,True
74269727,Sách Gấu Mèo Chester Và Quả Sồi Đong Đầy Kỉ Niệm (Tái Bản),53000,69000,23,5.0,2,22,"Audrey Penn, Barbara L. Gibson",Quảng Văn,Nhà Xuất Bản Phụ Nữ Việt Nam,,Bìa mềm,64.0,,Tiki Trading,available,1000,False,True,True
409917,Sách Thần Đồng Đất Việt 170 - Đoạn Đê Bầm Giập,9800,10000,2,4.8,14,357,,Phan Thị,,,,112.0,2014-04-12,Nhà sách Fahasa,available,1000,True,True,True
279105441,Sách Những Chuyện Quỷ Quái Vùng Kinki,109000,110000,1,5.0,1,9,Sesuji,Nhà Xuất Bản Kim Đồng,Nhà Xuất Bản Kim Đồng,,Bìa mềm,361.0,,Tiki Trading,available,1000,False,True,True
278970880,Sách Kho Tàng Của Bố - Loving Eyes,64000,80000,20,0.0,0,7,Phương Vũ,Nhà Xuất Bản Kim Đồng,Nhà Xuất Bản Kim Đồng,,Bìa mềm,44.0,,Tiki Trading,available,1000,False,True,True
278894171,Sách Truyện Tranh Lớp Học Xả Stress,42000,58000,28,0.0,0,12,Xiao Pin,Megabook,Nhà Xuất Bản Thế Giới,,Bìa mềm,,,Tiki Trading,available,1000,False,True,True
278715693,Sách - Truyện Tranh Khoa Học Về Các Loài Côn Trùng - Anh Chàng Kiên Định - Bướm Đêm Chim Công Khổng Lồ,53900,58000,7,0.0,0,2,nhieu tac gia,Đinh Tị,nxb thanh nien,,Bìa mềm,,2023-12-21,Nhà sách Fahasa,available,1000,True,True,True
278713635,Sách - Boxset Cá Voi Đêm Bão Và Những Câu Chuyện Khác (Bộ 5 Cuốn) (Tái Bản 2025),239200,260000,8,0.0,0,16,nhieu tac gia,Nhà Xuất Bản Kim Đồng,Nhà Xuất Bản Kim Đồng,,Bìa mềm,,2023-12-21,Nhà sách Fahasa,available,1000,True,True,True
278703788,Sách Boxset Thế Giới Của Thỏ Peter (23 Cuốn),1056000,1200000,12,5.0,3,42,Beatrix Potter,Nhà Xuất Bản Kim Đồng,Nhà Xuất Bản Kim Đồng,,Bìa cứng,,,Tiki Trading,available,1000,False,True,True
278679660,Sách Những Câu Chuyện Lấp Lánh,47500,50000,5,0.0,0,9,"Julia Donaldson, Rebecca Cobb",Nhà Xuất Bản Kim Đồng,Nhà Xuất Bản Kim Đồng,,Bìa mềm,32.0,,Tiki Trading,available,1000,False,True,True
278074002,Bố Ơi! - Cuốn Sách Nhỏ Dành Cho Các Bố (Và Tất Cả Những Ai Yêu Bố),60000,65000,8,0.0,0,14,Liz Climo,Nhà Xuất Bản Kim Đồng,Nhà Xuất Bản Kim Đồng,,Bìa mềm,124.0,,Tiki Trading,available,1000,False,True,True
278037241,Sách Con Cá Sấu Khổng Lồ (Tái Bản 2025),38800,40000,3,0.0,0,14,"Roald Dahl, Quentin Blake",Nhà Xuất Bản Kim Đồng,Nhà Xuất Bản Kim Đồng,,Bìa mềm,32.0,2025-05-30,Tiki Trading,available,1000,False,True,True
277809377,Sách Góc sân và khoảng trời- Trăng sáng sân nhà em,58000,82000,29,5.0,2,30,Trần Đăng Khoa,Huy Hoàng Bookstore,Nhà Xuất Bản Mỹ Thuật,,Bìa mềm,44.0,2025-04-21,Tiki Trading,available,1000,False,True,True
277809172,Sách Góc sân và khoảng trời- Hạt gạo làng ta,54000,82000,34,0.0,0,23,Trần Đăng Khoa,Huy Hoàng Bookstore,Nhà Xuất Bản Mỹ Thuật,,Bìa mềm,44.0,2025-04-21,Tiki Trading,available,1000,False,True,True
277622003,Sách Đại Gia Đình Cá Voi Đêm Bão,51000,52000,2,0.0,0,21,Benji Davies,Nhà Xuất Bản Kim Đồng,Nhà Xuất Bản Kim Đồng,,Bìa mềm,32.0,2025-01-01,Tiki Trading,available,1000,False,True,True
277591261,Sách Xám Ngố Đi Thành Phố,115000,128000,10,0.0,0,6,Bùi Tiểu Quyên,Nhà Xuất Bản Kim Đồng,Nhà Xuất Bản Kim Đồng,,Bìa mềm,224.0,2025-01-01,Tiki Trading,available,1000,False,True,True
276076023,Bộ sách thiếu nhi Những bài học nhỏ,25000,35000,29,4.5,2,9,Nguyễn Tấn Thanh Trúc,NXB Trẻ,NXB Trẻ,,Bìa mềm,32.0,2024-09-06,Tiki Trading,available,1000,False,True,True
275429521,Truyện tranh lớp học xả stress - Khi mẹ tớ là đặc vụ ngầm,46000,58000,21,5.0,2,80,Xiao Pin,Megabook,Nhà Xuất Bản Thế Giới,,Bìa mềm,,2024-06-01,Tiki Trading,available,1000,False,True,True
275429511,Truyện tranh lớp học xả stress - Cánh cổng xuyên không gian,44000,58000,24,5.0,3,75,Xiao Pin,Megabook,Nhà Xuất Bản Thế Giới,,Bìa mềm,,2024-06-01,Tiki Trading,available,1000,False,True,True
274458940,Bộ sách Thiên nhiên kỳ thú,14000,18000,22,0.0,0,128,"Hồ Huy Sơn, Trần Khắc Khoan",NXB Trẻ,NXB Trẻ,,Bìa mềm,16.0,2024-03-13,Tiki Trading,available,1000,False,True,True
273745122,Sách Những Cuộc Phiêu Lưu Kì Thú,38400,40000,4,5.0,4,27,Astrid Sheckels,Kim Đồng,Nhà Xuất Bản Kim Đồng,,Bìa mềm,32.0,2023-12-29,Tiki Trading,available,1000,False,True,True
271379456,Sách Wolfoo Học Kỹ Năng Sống,37800,59000,36,5.0,2,33,1980Edu - Quỳnh Hương,1980 Books,Nhà Xuất Bản Dân Trí,,Bìa mềm,28.0,2023-07-07,Tiki Trading,available,1000,False,True,True
271162838,Sách Em rèn thói quen tốt,22000,30000,27,0.0,0,7,"Nguyễn Thắm, Chí Lập",NXB Trẻ,NXB Trẻ,,Bìa mềm,32.0,2023-08-21,Tiki Trading,available,1000,False,True,True
263392793,Sách Những Anh Hùng Trẻ Tuổi: Chuyện Kể Về Mười Cô Gái Ngã Ba Đồng Lộc,46500,50000,7,5.0,10,53,Hoài Lộc,NXB Kim Đồng,Nhà Xuất Bản Kim Đồng,,Bìa mềm,48.0,2021-03-01,Tiki Trading,available,1000,False,True,True
262704543,"(Combo 4 cuốn - Minh hoạ màu) Bộ sách TÁC GIẢ KINH ĐIỂN NHẬT BẢN - TRUYỆN HAY CHO TUỔI HỌC ĐƯỜNG: Mèo rừng và hạt dẻ, Cây nến đỏ và nàng tiên cá, Chén uống trà của lãnh chúa, Quán ăn thích mè nheo – Nhiều tác giả - Nguyễn Nam Trân dịch - Nxb Kim Đồng ",210000,210000,0,0.0,0,8,, NXB Kim Đồng,Nhà Xuất Bản Kim Đồng,,Bìa mềm,,,Bamboo Books,available,1000,True,True,True
247763822,Sách WHO? Chuyện Kể Về Danh Nhân Thế Giới: Pele (Tái Bản 2023),59000,60000,2,5.0,9,287,"Park Sanguk, Cho Myeongwon",NXB Kim Đồng,Nhà Xuất Bản Kim Đồng,,Bìa mềm,184.0,2023-01-01,Tiki Trading,available,1000,False,True,True
199614166,Sách Trái Cây Đại Chiến Zombie - Thế Giới Khủng Long: Tập 3: Trận Chiến Xuyên Thời Gian,60000,89000,33,4.8,24,277,Tiếu Giang Nam,Huy Hoàng Bookstore,Nhà Xuất Bản Phụ Nữ Việt Nam,,Bìa mềm,174.0,2022-10-10,Tiki Trading,available,1000,False,True,True
195662912,Sách Lênh Đênh Theo Dòng Xanh,72000,78000,8,5.0,15,251,Magnus Weightman,NXB Kim Đồng,Nhà Xuất Bản Kim Đồng,,Bìa mềm,36.0,2022-08-01,Tiki Trading,available,1000,False,True,True
195623866,Truyện tranh tuổi thần tiên - Quả bầu tiên,9300,15000,38,5.0,1,74,Minh Long,Minh Long,Nhà Xuất Bản Mỹ Thuật,,Bìa mềm,16.0,2022-10-18,Tiki Trading,available,1000,False,True,True
195623864,Truyện tranh tuổi thần tiên - Chú thỏ tinh khôn,9300,15000,38,5.0,2,116,Minh Long,Minh Long,Nhà Xuất Bản Mỹ Thuật,,Bìa mềm,16.0,2022-07-19,Tiki Trading,available,1000,False,True,True
137134252,Sách Trần Hưng Đạo,106000,140000,24,5.0,14,112,Trần Bạch Đằng,NXB Trẻ,NXB Trẻ,,Bìa mềm,78.0,2021-11-11,Tiki Trading,available,1000,False,True,True
127654475,Sách Trái Cây Đại Chiến Zombie-Thế Giới Khủng Long - Tập 7: Kỳ Binh Quyết Chiến (Tái Bản),60000,89000,33,5.0,34,379,Tiểu Giang Nam,Huy Hoàng Bookstore,Nhà Xuất Bản Phụ Nữ Việt Nam,,Bìa mềm,174.0,2021-10-15,Tiki Trading,available,1000,False,True,True
105933090,Sách Chester Dũng Cảm (Tái Bản),53600,69000,22,5.0,7,125,Audrey Penn,Quảng Văn,Nhà Xuất Bản Phụ Nữ Việt Nam,,Bìa mềm,64.0,2021-06-01,Tiki Trading,available,1000,False,True,True
101721569,Bộ truyện tranh Cổ Oai ơi! Tập 7-8-9,140000,140000,0,5.0,82,465,BS. Trần Thị Huyên Thảo,Công ty TNHH Phòng khám Happy Baby,Nhà Xuất Bản Tổng hợp TP.HCM,,Bìa mềm,24.0,2021-04-12,HAPPY BABY BOOKS,available,1000,True,True,True
74943734,Sách Dog Man 1 - Anh Hùng Lộ Diện (Bìa Mềm),76500,90000,15,5.0,2,17,Dav Pilkey,Nhà sách Minh Thắng,Nhà Xuất Bản Phụ Nữ Việt Nam,,Bìa mềm,240.0,,Nhà sách Fahasa,available,1000,True,True,True
68330624,Sách Dế Mèn Phiêu Lưu Ký – Đậu Đũa Minh Họa - Ấn Bản Kỉ Niệm 100 Năm Tô Hoài,213700,225000,5,5.0,82,255,Tô Hoài,NXB Kim Đồng,Nhà Xuất Bản Kim Đồng,,Bìa cứng,176.0,2020-09-01,Nhà sách Fahasa,available,1000,True,True,True
57300939,Sách Trái Cây Đại Chiến Zombie - Câu Đố Bí Ẩn Về Động Thực Vật,88300,95000,7,5.0,6,26,Tiểu Giang Nam,Huy Hoàng Bookstore,Nhà Xuất Bản Phụ Nữ Việt Nam,,Bìa mềm,168.0,,Nhà sách Fahasa,available,1000,True,True,True
52423050,Sách Trái Cây Đại Chiến Zombie - Thế Giới Robot - Tập 5: Giấc Mơ Ngôi Sao,88300,95000,7,5.0,6,58,Tiểu Giang Nam,Huy Hoàng Bookstore,Nhà Xuất Bản Phụ Nữ Việt Nam,,Bìa mềm,160.0,2020-04-01,Nhà sách Fahasa,available,1000,True,True,True
17937821,Sách Tý Quậy - Tập 4 (Tái Bản 2019),39200,40000,2,5.0,4,59,Đào Hải,Nhà Xuất Bản Kim Đồng,,,Bìa mềm,172.0,2019-05-01,Nhà sách Fahasa,available,1000,True,True,True
16683193,Combo: Bộ Truyện Song Ngữ Anh - Việt: Ngày Xửa Ngày Xưa( 05 Cuốn),129200,175000,26,4.7,44,348,.,Tân Việt,Nhà Xuất Bản Mỹ Thuật,,Bìa mềm,160.0,2019-05-01,Tiki Trading,available,1000,False,False,True
1028600,Combo Chuột Típ (Trọn Bộ 17 Cuốn),414300,431650,4,4.8,70,695,Marco Campanella,Nhà Xuất Bản Kim Đồng,Nhà Xuất Bản Kim Đồng,,Bìa mềm,,2017-10-18,AHABOOKS,available,1000,True,True,True
626832,Tranh Truyện Lịch Sử Việt Nam - Đinh Bộ Lĩnh,20000,20000,0,0.0,0,0,Tạ Huy Long,Nhà Xuất Bản Kim Đồng,Nhà Xuất Bản Kim Đồng,,Bìa mềm,32.0,2017-05-01,Bamboo Books,available,1000,True,True,True
546306,Sách Học Sinh Chân Kinh - Tập 21: Trung Đội Bê Ta,34300,35000,2,4.8,31,137,B.R.O,Phan Thị,Nhà Xuất Bản Đại Học Sư Phạm TPHCM,,Bìa mềm,,2016-09-21,Nhà sách Fahasa,available,1000,True,True,True
279225714,Sách - Sách Cửa Tiệm Trong Mơ - Nơi Trú Ẩn Bình Yên - Tiệm Postcard Trong Khu Rừng Nhỏ,58600,69000,15,0.0,0,0,nhieu tac gia,Đinh Tị,Nhà Xuất Bản Hồng Đức,,Bìa mềm,,2023-12-21,Nhà sách Fahasa,available,1000,True,True,True
279022910,Sách - Kho Tàng Của Bố - Loving Eyes,72800,80000,9,0.0,0,7,nhieu tac gia,Nhà Xuất Bản Kim Đồng,Nhà Xuất Bản Kim Đồng,,Bìa mềm,,2023-12-21,Nhà sách Fahasa,available,1000,True,True,True
278966622,Sách - Lớp Học Mật Ngữ - Phiên Bản Mới - Tập 2 (Tái Bản 2025) - Tặng Kèm Quà Tặng Ngẫu Nhiên,28500,30000,5,0.0,0,3,B R O group,BÁO TIỀN PHONG,Báo Sinh Viên VN - Hoa Học Trò,,Bìa mềm,,2023-12-21,Nhà sách Fahasa,available,1000,True,True,True
278966600,Sách - Lớp Học Mật Ngữ - Phiên Bản Mới - Tập 3 (Tái Bản 2025) - Tặng Kèm Quà Tặng Ngẫu Nhiên,28500,30000,5,0.0,0,4,B R O group,BÁO TIỀN PHONG,Báo Sinh Viên VN - Hoa Học Trò,,Bìa mềm,,2023-12-21,Nhà sách Fahasa,available,1000,True,True,True
278715745,Sách - Truyện Tranh Cổ Tích Việt Nam - Chú Cuội,20200,26000,22,0.0,0,4,nhieu tac gia,Phụ Nữ,Nhà Xuất Bản Phụ Nữ Việt Nam,,Bìa mềm,,2023-12-21,Nhà sách Fahasa,available,1000,True,True,True
278633870,Sách Chuyện Xóm Gà - Lễ Hội Khùng Điên,65000,65000,0,0.0,0,0,"Christian Jolibois, Christian Heinrich",Nhã Nam,Nhà Xuất Bản Hà Nội,,Bìa mềm,48.0,,FishingBook,available,1000,True,True,True
277483605,Sách Ai Mạnh Hơn? - Sư Tử VS. Hổ: Trận Chiến Của Chúa Sơn Lâm,66500,70000,5,0.0,0,10,Nhiều tác giả,Nhà Xuất Bản Kim Đồng,Nhà Xuất Bản Kim Đồng,,Bìa mềm,160.0,2025-01-01,Tiki Trading,available,1000,False,True,True
276834109,"Sách cho bé - Cẩn Thận, Bé Con! - Sách tranh - Dành cho trẻ 2-6 tuổi",33120,36000,8,0.0,0,1,Jane Riordan,Vizibook,Nhà Xuất Bản Phụ Nữ Việt Nam,,Bìa mềm,30.0,2022-06-01,Vizibook,available,1000,True,True,True
276376220,Sách - Bộ Chuyện xóm gà (10 cuốn lẻ) - Nhã Nam Official,51040,58000,12,0.0,0,2,"Christian Heinrich, Christian Jolibois",Nhã Nam,Nhà Xuất Bản Hà Nội,,Bìa mềm,48.0,,Nhã Nam Official,available,1000,True,True,True
276088557,Sách tranh song ngữ - Dù sao đi nữa mẹ vẫn yêu con - Dành cho bé từ 3-6 tuổi - Ehomebooks Quảng Văn,75100,79000,5,0.0,0,3,,Quảng Văn,Nhà Xuất Bản Phụ Nữ,,Bìa mềm,64.0,,Mộc Nhiên Kids Store,available,1000,True,True,True
275899500,Miền Xanh Thẳm (Tủ Sách Vàng - Tác Phẩm Chọn Lọc Dành Cho Thiếu Nhi) [Tái Bản 2024],80000,80000,0,0.0,0,0,Trần Hoài Dương,NXB Kim Đồng,Nhà Xuất Bản Kim Đồng,,Bìa mềm,280.0,,Bamboo Books,available,1000,True,True,True
275898999,Bộ Sách Tác Phẩm Kinh Điển Của Quentin Blake,41400,45000,8,0.0,0,20,"Jonh Yeoman, Quentin Blake",NXB Kim Đồng,Nhà Xuất Bản Kim Đồng,,Bìa mềm,28.0,,Tiki Trading,available,1000,False,True,True
275878778,Sách Chú Cá Kể Chuyện,55000,55000,0,0.0,0,2,"Julia Donaldson, Axel Scheffler",NXB Kim Đồng,Nhà Xuất Bản Kim Đồng,,Bìa mềm,32.0,,Bamboo Books,available,1000,True,True,True
275878741,Sách Khỉ Con Tìm Mẹ,50000,50000,0,0.0,0,0,"Julia Donaldson, Axel Scheffler",NXB Kim Đồng,Nhà Xuất Bản Kim Đồng,,Bìa mềm,32.0,,Bamboo Books,available,1000,True,True,True
275279887,Bộ sách Chuyện ở Rừng Hạnh Phúc,20000,25000,20,0.0,0,40,"Uyên Đào, Chí Lập",NXB Trẻ,NXB Trẻ,,Bìa mềm,24.0,2024-06-21,Tiki Trading,available,1000,False,True,True
274670442,Những Câu Chuyện Tuyệt Diệu - Cuộc Phiêu Lưu Của Cậu Bé Rừng Xanh,43000,60000,28,0.0,0,2,,VIETNAMBOOK,Nhà Xuất Bản Hà Nội,,Bìa cứng,10.0,2024-04-03,VIETNAMBOOK,available,1000,True,True,True
273328509,Sách A History Of Vn In Pictures: The Second Victory Against The Mongols (In Colour),65000,85000,24,3.9,8,4,Trần Bạch Đằng,NXB Trẻ,NXB Trẻ,,Tùy chọn phiên bản bìa cứng hoặc bìa mềm,94.0,2021-03-15,Tiki Trading,available,1000,False,True,True
271541966,Bộ Sách Truyện Tranh Song Ngữ Việt-Anh Cho Bé (Bộ 10 Cuốn),118500,150000,21,4.0,1,59,Khánh Vân,Đinh Tị,Nhà Xuất Bản Hà Nội,,,,,Nhà sách Fahasa,available,1000,True,True,True
271103821,Truyện tranh - Combo 2 cuốn Conan Hoạt Hình Màu: Mê cung trong thành phố cổ,132000,132000,0,0.0,0,1,,CÔNG TY TNHH THƯƠNG MẠI SÁCH NHÂN DÂN,Nhà Xuất Bản Kim Đồng,,Bìa mềm,,,Bamboo Books,available,1000,True,True,True
270708741,Lớp Học Mật Ngữ - Phiên Bản Mới - Tập 1,25000,25000,0,5.0,8,137,B.R.O,Hoa Học Trò,Hoa Học Trò,,Bìa mềm,,,Nhà Sách Phương Nam,available,1000,True,True,True
270491908,(Phần 2) BOXSET 4 TẬP MIỀN DÂU DẠI – Chuyện phiêu lưu - Jill Barklem – Lam dịch – Crabit Kidbooks,362800,378000,4,5.0,3,31,,Crabitkidbooks,Nhà Xuất Bản Hà Nội,,Bìa cứng,,,BÌNH BÁN BOOK,available,1000,True,True,True
263698285,Tranh Truyện Lịch Sử Việt Nam - Hai Bà Trưng,19200,20000,4,4.8,5,58,.,Nhà Xuất Bản Kim Đồng,Nhà Xuất Bản Kim Đồng,,Bìa mềm,36.0,2016-09-30,Tiki Trading,available,1000,False,True,True
263697333,Tranh Truyện Lịch Sử Việt Nam - Ngô Quyền,19200,20000,4,4.7,6,51,.,Nhà Xuất Bản Kim Đồng,Nhà Xuất Bản Kim Đồng,,Bìa mềm,36.0,2016-09-30,Tiki Trading,available,1000,False,True,True
262792283,Tranh Truyện Lịch Sử Việt Nam: Quang Trung (Tái Bản 2023),18400,20000,8,0.0,0,23,"Lê Phương Liên,  Lê Minh Hải",Nhà Xuất Bản Kim Đồng,Nhà Xuất Bản Kim Đồng,,,,,Nhà sách Fahasa,available,1000,True,True,True
247763823,Sách WHO? Chuyện Kể Về Danh Nhân Thế Giới: Michael Jackson [Tái Bản 2023],58000,60000,3,5.0,4,167,"Han Nana, Toonjaengi",Kim Đồng,Nhà Xuất Bản Kim Đồng,,Bìa mềm,184.0,2023-01-01,Tiki Trading,available,1000,False,True,True
207563797,100 Gianni Rodari - Bầu Trời Là Của Mọi Người,40000,40000,0,0.0,0,6,,NXB Kim Đồng,Nhà Xuất Bản Kim Đồng,,Bìa mềm,28.0,,Bamboo Books,available,1000,True,True,True
192774787,Thần Đồng Đất Việt 157 - Oan Gia Ngõ Hẹp,9800,10000,2,0.0,0,33,Phan Thị,Cty Phan Thị,Nhà Xuất Bản Đại Học Sư Phạm,,,,,Nhà sách Fahasa,available,1000,True,True,True
192474346,Sách kỹ năng song ngữ - Kiềm chế cơn tức giận,60000,60000,0,0.0,0,0,Jennifer Moore - Mallinos & Gustavo Mazali,Nhã Nam,Nhà Xuất Bản Thế Giới,,Bìa mềm,32.0,2022-07-01,info book,available,1000,True,True,True
164713883,BỘ TRUYỆN CÔ BÉ HOA HƯỚNG DƯƠNG,120000,120000,0,5.0,9,74,BS. Trần Thị Huyên Thảo,Công ty TNHH Phòng khám Happy Baby,Nhà Xuất Bản Tổng hợp TP.HCM,,Bìa mềm,24.0,2022-01-10,HAPPY BABY BOOKS,available,1000,True,True,True
109765131,Thần Đồng Đất Việt 154 - Lá Bùa Hiểm Độc,9800,10000,2,0.0,0,45,Phan Thị,Cty Phan Thị,Nhà Xuất Bản Đại Học Sư Phạm,,,,,Nhà sách Fahasa,available,1000,True,True,True
107804390,Sách Jean Say Ngủ Và Jean Chăm Đọc (Tái Bản),53900,58000,7,4.8,4,16,"Christian Jolibois, Christian Heinrich",Nhã Nam,Nhà Xuất Bản Hà Nội,,Bìa mềm,48.0,2021-06-15,Nhà sách Fahasa,available,1000,True,True,True
107804384,Sách Cô Gà Mái Muốn Ngắm Biển (Tái Bản),53900,58000,7,5.0,4,24,"Christian Jolibois, Christian Heinrich",Nhã Nam,Nhà Xuất Bản Hà Nội,,Bìa mềm,48.0,2021-06-15,Nhà sách Fahasa,available,1000,True,True,True
57318077,Sách Trái Cây Đại Chiến Zombie - Câu Đố Bí Ẩn Về Các Nền Văn Minh Cổ,88300,95000,7,4.5,10,40,Tiểu Giang Nam,Huy Hoàng Bookstore,Nhà Xuất Bản Phụ Nữ Việt Nam,,Bìa mềm,164.0,2020-06-01,Nhà sách Fahasa,available,1000,True,True,True
55514210,Học Tiếng Anh Cùng Truyện Ngụ Ngôn Aesop - Cậu Bé Chăn Cừu Và Con Sói - The Shepherd Boy And The Wolf,38000,40000,5,5.0,2,32,"Megan Sussman, Yukang Kim",Đinh Tị,Nhà Xuất Bản Thanh Niên,,Bìa mềm,42.0,2020-07-01,Nhà sách Fahasa,available,1000,True,True,True
52423040,Sách Trái Cây Đại Chiến Zombie - Thế Giới Robot - Tập 1: Truyền Thuyết Anh Hùng,88300,95000,7,4.8,6,49,Tiểu Giang Nam,Huy Hoàng Bookstore,Nhà Xuất Bản Phụ Nữ Việt Nam,,Bìa mềm,160.0,2020-04-01,Nhà sách Fahasa,available,1000,True,True,True
1985899,Sách Mèo Max Và Chim,80900,88000,8,5.0,1,14,Ed Vere,Crabit Kidbooks,,,Bìa cứng,32.0,2018-01-01,Nhà sách Fahasa,available,1000,True,True,True
991489,Sách Trên Sa Mạc Và Trong Rừng Thẳm,93100,98000,5,4.8,32,578,Henryk Sienkiewicz,Nhà Xuất Bản Kim Đồng,Nhà Xuất Bản Kim Đồng,,Bìa mềm,552.0,,Tiki Trading,available,1000,False,True,True
543034,Sách Bé Tập Kể Chuyện - Sự Tích Bánh Chưng Bánh Giầy,13000,15000,13,4.7,7,521,,NXB Trẻ,NXB Trẻ,,Bìa mềm,16.0,,Tiki Trading,available,1000,False,False,True
476226,Tranh Truyện Dân Gian Việt Nam - Sinh Con Rồi Mới Sinh Cha (2016),19200,20000,4,0.0,0,125,Nhóm tác giả,Nhà Xuất Bản Kim Đồng,Nhà Xuất Bản Kim Đồng,,Bìa mềm,32.0,2016-03-04,Tiki Trading,available,1000,False,False,True
454068,Sách Chuột Típ Biếng Ăn,24500,25000,2,5.0,7,1639,.,Nhà Xuất Bản Kim Đồng,Nhà Xuất Bản Kim Đồng,,Bìa mềm,27.0,2015-03-22,Tiki Trading,available,1000,False,False,True
278957433,Combo Sách Aya Ở Phố Yop (7 Cuốn),703000,740000,5,0.0,0,0,"Marguerite Abouet, Clément Oubrerie",Nhà Xuất Bản Kim Đồng,Nhà Xuất Bản Kim Đồng,,Bìa mềm,840.0,,Tiki Trading,available,1000,False,True,True
278957416,Sách Doraemon: Tàu Điện Ngầm Tặng Bố,38000,40000,5,0.0,0,0,"Fujiko F Fujio, Minako Kawanabe, Yumi Tsuboi",Nhà Xuất Bản Kim Đồng,Nhà Xuất Bản Kim Đồng,,Bìa mềm,36.0,,Tiki Trading,available,1000,False,True,True
278714902,Sách - Chú Mèo Hát Rong,48000,50000,4,0.0,0,1,"Julia Donaldson,  Axel Scheffler",Nhà Xuất Bản Kim Đồng,Nhà Xuất Bản Kim Đồng,,Bìa mềm,,2023-12-21,Nhà sách Fahasa,available,1000,True,True,True
278231055,Sách Pitikok - Lại chuyện xóm gà ( 8 quyển),33500,50000,33,1.0,1,14,"Christian Jolibois, Christian Heinrich",Nhã Nam,Nhà Xuất Bản Hà Nội,,Bìa mềm,28.0,,Tiki Trading,available,1000,False,True,True
278194304,Sách Zookiz Và Trường Khoa Học Bí Ẩn - Tập 6: Giác Quan Phá Án,60000,65000,8,0.0,0,11,"Jae Hoon Choi, Zookiz, Nautilus Inc",Nhà Xuất Bản Kim Đồng,Nhà Xuất Bản Kim Đồng,,Bìa mềm,144.0,,Tiki Trading,available,1000,False,True,True
278159538,Sách Khu Rừng Cảm Xúc,32200,35000,8,0.0,0,0,"Giulia Pesavento, Susy Zanella",NXB Kim Đồng,Nhà Xuất Bản Kim Đồng,,Bìa mềm,32.0,,Tiki Trading,available,1000,False,True,True
278125052,Sách Bước Ra Thế Giới Rực Rỡ,41400,45000,8,0.0,0,1,"Jane Yolen, Kathryn Brown",Nhà Xuất Bản Kim Đồng,Nhà Xuất Bản Kim Đồng,,Bìa mềm,32.0,,Tiki Trading,available,1000,False,True,True
278028507,Combo. Em làm chủ cảm xúc (8 cuốn),136000,176000,23,0.0,0,8,Jolly Kids,NXB Trẻ,NXB Trẻ,,Bìa mềm,16.0,2025-04-14,Tiki Trading,available,1000,False,True,True
276929023,Bộ Sách Ai Mạnh Hơn,66500,70000,5,0.0,0,18,Nhiều tác giả,Nhà Xuất Bản Kim Đồng,Nhà Xuất Bản Kim Đồng,,Bìa mềm,160.0,2025-01-01,Tiki Trading,available,1000,False,True,True
276059459,Những Ô Cửa Gió Lộng,99000,99000,0,0.0,0,0,,NXB Kim Đồng,Nhà Xuất Bản Kim Đồng,,Bìa mềm,,,FishingBook,available,1000,True,True,True
275836583,Sách - Thư viện từ vựng đầu đời cho bé - Song ngữ Việt - Anh cho trẻ 3 - 9 tuổi - Đinh Tị Books,57200,59000,3,0.0,0,4,,Đinh Tị,Nhà Xuất Bản Hà Nội,,Bìa mềm,48.0,,Mộc Nhiên Kids Store,available,1000,True,True,True
274423657,Lớp Học Mật Ngữ - Tuyển Tập Đặc Biệt Vol. 4 (Tái bản năm 2024),90000,90000,0,5.0,3,69,,Hoa Học Trò,Hoa Học Trò,,Bìa mềm,300.0,,Nhà Sách Phương Nam,available,1000,True,True,True
274423655,Lớp Học Mật Ngữ - Tuyển Tập Đặc Biệt Vol. 3 (Tái bản năm 2024),90000,90000,0,3.7,3,65,,Hoa Học Trò,Hoa Học Trò,,Bìa mềm,300.0,,Nhà Sách Phương Nam,available,1000,True,True,True
272047697,Tranh Truyện Lịch Sử Việt Nam - Phạm Ngũ Lão (Tái Bản 2023),18400,20000,8,0.0,0,3,"Lê Minh Hải,  Anh Chi",Nhà Xuất Bản Kim Đồng,Nhà Xuất Bản Kim Đồng,,,,,Nhà sách Fahasa,available,1000,True,True,True
271518927,Sách Bộ 3 cuốn Lật giở song ngữ - 2,194400,270000,28,0.0,0,23,Yusuke Yonezu,Nhã Nam,Nhà Xuất Bản Thông Tấn,,Bìa cứng,66.0,2023-08-24,Tiki Trading,available,1000,False,True,True
271162847,Sách Những câu chuyện tình bạn,18000,25000,28,5.0,2,13,"Award Publications Ltd, Angela Hewitt",NXB Trẻ,NXB Trẻ,,Bìa mềm,24.0,2023-08-17,Tiki Trading,available,1000,False,True,True
270688159,Sách Cô Cừu Brenda,38000,40000,5,0.0,0,7,Morag Hood,Kim Đồng,Nhà Xuất Bản Kim Đồng,,Bìa mềm,32.0,2023-07-23,Tiki Trading,available,1000,False,True,True
262302139,Tranh Truyện Lịch Sử Việt Nam,16625,17500,5,5.0,3,55,,Kim Đồng,Nhà Xuất Bản Kim Đồng,,Bìa mềm,32.0,2023-05-15,Tiki Trading,available,1000,False,True,True
251546522,Thời Thơ Ấu Của Các Thiên Tài – trọn bộ 5 cuốn,300000,300000,0,0.0,0,3,, NXB Kim Đồng,Nhà Xuất Bản Kim Đồng,,Bìa mềm,168.0,,Bamboo Books,available,1000,True,True,True
214617644,Sách Siêu Thỏ - Có Một Em Bé Trong Bụng Mẹ,38225,55000,31,5.0,3,37,Stephanie Blake,Nhã Nam,Nhà Xuất Bản Hội Nhà Văn,,Bìa mềm,32.0,2023-01-01,Tiki Trading,available,1000,False,True,True
213705453,Truyện tranh - Truyện Cổ Tích Kinh Điển - ndbooks,44000,55000,20,3.0,1,41,,CÔNG TY TNHH THƯƠNG MẠI SÁCH NHÂN DÂN,Nhà Xuất Bản Phụ Nữ Việt Nam,,Bìa mềm,,,SÁCH NHÂN DÂN - ndbooks,available,1000,True,True,True
208271120,Bé Học Lễ Giáo - Bubu 38: Tha Thứ (Tái Bản 2022),15000,15000,0,0.0,0,2,Nhiều tác giả,NXB Trẻ,NXB Trẻ,,,,,Nhà sách Fahasa,available,1000,True,True,True
195623885,Truyện tranh tuổi thần tiên - Nhổ củ cải,9300,15000,38,5.0,1,79,Minh Long,Minh Long,Nhà Xuất Bản Mỹ Thuật,,Bìa mềm,16.0,2022-07-19,Tiki Trading,available,1000,False,True,True
193584099,Sách Cha Và Con (Tái Bản 2022),100000,100000,0,0.0,0,0,Hồ Phương,NXB Kim Đồng,Nhà Xuất Bản Kim Đồng,,,376.0,2022-08-03,Bamboo Books,available,1000,True,True,True
192125804,Sách Phát minh quái quỷ - Horrible Historie,50000,60000,17,5.0,5,60,Nick Arnold,NXB Trẻ,NXB Trẻ,,Bìa mềm,142.0,2022-08-01,Tiki Trading,available,1000,False,True,True
188473494,Cổ Tích Việt Nam Cho Bé - Sự Tích Hồ Gươm (Tái Bản 2022),19400,20000,3,4.5,2,22,"Ngọc Linh,  Vườn illustration",Nhà Xuất Bản Kim Đồng,Nhà Xuất Bản Kim Đồng,,,,,Nhà sách Fahasa,available,1000,True,True,True
171825192,"Sách Chuột Típ - Bỉm Ơi, Tạm Biệt (Tái Bản 2022)",23750,25000,5,5.0,2,18,"Marco Campanella, Anna Casalis",NXB Kim Đồng,Nhà Xuất Bản Kim Đồng,,Bìa mềm,28.0,2022-03-31,Tiki Trading,available,1000,False,True,True
168293381,Sách Oliver Twist (Tái Bản),101000,150000,33,5.0,10,80,Harriet Beecher Stowe,Công Ty Cổ Phần Văn Hóa Đông A,Nhà Xuất Bản Văn Học,,Bìa mềm,652.0,2022-03-03,Tiki Trading,available,1000,False,True,True
166525101,Sách Chú Gấu Bắc Cực,118300,169000,30,5.0,1,47,Hans de Beer,Quảng Văn,Nhà Xuất Bản Phụ Nữ Việt Nam,,Bìa mềm,185.0,2022-02-01,Tiki Trading,available,1000,False,True,True
160409981,Chú Khủng Long Tham Ăn: Giải Cứu Bố - Bài Học Về Số Đếm (Song Ngữ),23700,29000,18,4.0,1,3,,Công ty TNHH Sách Hà Giang ,Nhà Xuất Bản Văn Học,,,,,Nhà sách Fahasa,available,1000,True,True,True
155567461,Combo Bé Hỏi Mẹ (6 Cuốn),102000,108000,6,5.0,7,120,"Phạm Thanh Vân, Quyên Thái",NXB Kim Đồng,Nhà Xuất Bản Kim Đồng,,Bìa mềm,15.0,2021-12-12,Tiki Trading,available,1000,False,True,True
116396529,Sách Who? Chuyện Kể Về Danh Nhân Thế Giới: Usain Bolt,60000,60000,0,0.0,0,16,"Oh Gisu, Kim Gwangil",NXB Kim Đồng,Nhà Xuất Bản Kim Đồng,,Bìa mềm,180.0,2021-08-15,HaAnBooks,available,1000,True,True,True
85375472,Combo 8 Cuốn: Bộ Sách A History Of Vietnam In Pictures (In Colour) (Tiếng Anh),1042000,1460000,29,5.0,16,68,.,NXB Trẻ,NXB Trẻ,,Bìa cứng,,2021-03-15,Tiki Trading,available,1000,False,True,True
81576271,Từ Điển Hình Ảnh Cho Bé - Côn Trùng,28800,30000,4,5.0,4,11,Chính Bình,Cty TNHH TM&DV VH GD Phía Nam,,,,,,Nhà sách Fahasa,available,1000,True,True,True
76127848,Sách Trái Cây Đại Chiến Zombie - Plants Với Zombies - Tập 11: Trợ Thủ Đắc Lực (Tái Bản),23000,32000,28,5.0,2,15,"Kim Ba, Tâm Truyền Kỳ",Huy Hoàng Bookstore,Nhà Xuất Bản Phụ Nữ Việt Nam,,Bìa mềm,36.0,2021-01-12,Tiki Trading,available,1000,False,True,True
72152617,Sách Bé Tập Kể Chuyện - Nhạc Sĩ Dế Mèn,12400,15000,17,4.8,22,135,"Thanh Tâm, Thanh Tâm",NXB Trẻ,NXB Trẻ,,Bìa mềm,16.0,2023-06-12,Tiki Trading,available,1000,False,True,True
41145992,Những Cuộc Phiêu Lưu Của Billy & Penny ( Truyện Tranh Màu - Bìa Cứng dành cho trẻ từ 3 đến 7 tuổi),69000,75000,8,4.8,37,588,Suze Orman,Công ty TNHH Rbooks,Nhà Xuất Bản Lao Động,,Bìa cứng,47.0,,RBooks Shop,available,1000,True,True,True
16683175,Ba Chú Lợn Con - Truyện Song Ngữ Anh - Việt,29700,35000,15,5.0,5,42,"Stefania Leonardi Hartley, Maria R Gentili",Tân Việt,,,Bìa mềm,24.0,2019-05-01,Nhà sách Fahasa,available,1000,True,True,True
475374,Sách Bé Tập Kể Chuyện - Gấu Con Bị Đau Răng,11000,15000,27,4.8,9,1512,.,NXB Trẻ,NXB Trẻ,,Bìa mềm,14.0,,Tiki Trading,available,1000,False,False,True
415645,Sách Nhật Ký Chú Bé Nhút Nhát (Trọn Bộ 7 Tập),359500,382500,6,4.6,26,187,Jeff Kinney,Hà Giang,Nhiều Nhà Xuất Bản,,Bìa mềm,,2013-09-01,AHABOOKS,available,1000,True,True,True
279191173,"(Trọn bộ 3 tập, tặng sticker) CUỐN TỪ ĐIỂN KÌ BÍ - Fujiko F Fujio – NXB Kim Đồng",95000,99000,4,0.0,0,2,Fujiko F Fujio,Nhà Xuất Bản Kim Đồng,Nhà Xuất Bản Kim Đồng,,Bìa mềm,188.0,,BÌNH BÁN BOOK,available,1000,True,True,True
279166486,Sách - Lớp Học Mật Ngữ - Tuyển Tập Đặc Biệt Kỷ Niệm 10 Năm THE BEST - Tuyển Tập Sư Tử Nam - Tặng Kèm Túi Đựng Dụng Cụ Học Tập Lớp Học Mật Ngữ,85500,90000,5,0.0,0,4,B R O group,BÁO TIỀN PHONG,Báo Sinh Viên VN - Hoa Học Trò,,Bìa mềm,,2023-12-21,Nhà sách Fahasa,available,1000,True,True,True
279105442,Sách Bày Mứt Tết Nào!,74000,75000,1,0.0,0,3,"Quỳnh Hương (Hũ), Ruốc Đặng",Nhà Xuất Bản Kim Đồng,Nhà Xuất Bản Kim Đồng,,Bìa mềm,16.0,,Tiki Trading,available,1000,False,True,True
278817510,Sách - Lớp Học Mật Ngữ - Phiên Bản Mới - Tập 15 - Tặng Kèm Túi Bí Mật Móc Khóa Cung Hoàng Đạo Kiwi Kiwi,28500,30000,5,0.0,0,13,B R O group,BÁO TIỀN PHONG,Báo Sinh Viên VN - Hoa Học Trò,,Bìa mềm,,2023-12-21,Nhà sách Fahasa,available,1000,True,True,True
278791330,Sách 10 Câu Chuyện Ma Hay Nhất Mọi Thời Đại,67000,95000,29,0.0,0,8,Michael Cox,NXB Trẻ,NXB Trẻ,,Bìa mềm,244.0,2025-10-22,Tiki Trading,available,1000,False,True,True
278692573,Sách - Lớp Học Mật Ngữ - Phiên Bản Mới - Tập 14 - Tặng Kèm Túi Bí Mật Móc Khóa Cung Hoàng Đạo Kiwi Kiwi,28500,30000,5,0.0,0,14,B R O group,BÁO TIỀN PHONG,Báo Sinh Viên VN - Hoa Học Trò,,Bìa mềm,,2023-12-21,Nhà sách Fahasa,available,1000,True,True,True
278617732,Truyện Tranh tiếng Anh - Adventures Of Crickid - Tập 1 Và Tập 2,120000,120000,0,0.0,0,3,Linh Rab,Nhà Xuất Bản Kim Đồng,Nhà Xuất Bản Kim Đồng,,Bìa mềm,328.0,,Nhân Văn,available,1000,True,True,True
278158768,Sách Mèo Mog Mập,41400,45000,8,0.0,0,0,Judith Kerr,NXB Kim Đồng,Nhà Xuất Bản Kim Đồng,,Bìa mềm,32.0,,Tiki Trading,available,1000,False,True,True
278129101,Sách Gieo Mầm Yêu Thương,61900,78000,21,5.0,1,11,,Đinh Tị,Nhà Xuất Bản Hà Nội,,Bìa mềm,32.0,,Tiki Trading,available,1000,False,True,True
278128886,Sách Hilda và…,65000,80000,19,0.0,0,8,Luke Pearson,Đông A,Nhà Xuất Bản Dân Trí,,Bìa mềm,48.0,,Tiki Trading,available,1000,False,True,True
277809169,Sách Góc sân và khoảng trời- Mang biển về quê,50900,82000,38,0.0,0,11,Trần Đăng Khoa,Huy Hoàng Bookstore,Nhà Xuất Bản Mỹ Thuật,,Bìa mềm,44.0,2025-04-21,Tiki Trading,available,1000,False,True,True
276501728,Who? Chuyện Kể Về Danh Nhân Thế Giới - KĐ,55000,55000,0,0.0,0,19,"Oh Youngseok, nhieu tac gia, Park Sanguk, Cho Myeongwon",Nhà Xuất Bản Kim Đồng,Nhà Xuất Bản Kim Đồng,,Bìa mềm,180.0,,NewShop Official,available,1000,True,True,True
276346688,"Nhật Ký Chú Bé Nhút Nhát tập 19 song ngữ & tiếng Việt - Diary of a Wimpy Kid: Hot mess, tặng file nghe & note từ vựng",44000,55000,20,5.0,3,42,,Công ty TNHH Sách Hà Giang ,Nhà Xuất Bản Văn Học,,,,,Sách Hà Giang,available,1000,True,True,True
275878745,Từ Cuốn Sách Mở Ra,48000,50000,4,0.0,0,16,"Julia Donaldson, Axel Scheffler",NXB Kim Đồng,Nhà Xuất Bản Kim Đồng,,Bìa mềm,32.0,,Tiki Trading,available,1000,False,True,True
274882993,Bộ sách - Asterix (cả bộ 11 cuốn) - Nxb kim đồng - Bìa mềm,780000,780000,0,5.0,1,7,,Nhà Xuất Bản Kim Đồng,Nhà Xuất Bản Kim Đồng,,,,,Những Vì Sao Bookstore,available,1000,True,True,True
274806386,"Sách - Combo 4 Cuốn Thơ, Truyện, Đồng Dao, Câu Đố, Tập Nói Tập Đọc Cho Bé 0-6 Tuổi",156000,156000,0,0.0,0,10,nhieu tac gia,Công ty TNHH Tiên Phong Books,Nhà Xuất Bản Tri Thức,,Bìa mềm,36.0,,Tiên Phong Books Việt Nam,available,1000,True,True,True
274730593,Truyện hay cho bé 0-6 tuổi - Tập 1,83000,118000,30,0.0,0,45,Hà Nhi,Công Ty Cổ Phần Văn Hóa Huy Hoàng,Nhà Xuất Bản Phụ Nữ Việt Nam,,Bìa mềm,140.0,2024-04-01,Tiki Trading,available,1000,False,True,True
274121431,Sách - Combo 5 quyển World of Science (Set 2),54560,62000,12,0.0,0,0,Karen Kwek,Zenbooks,NXB Dân Trí,,Bìa mềm,80.0,,Đảo Sách Store,available,1000,True,True,True
274028491,Lớp Học Mật Ngữ - Trổ Tài Họa Sĩ - Vol. 2,40000,40000,0,0.0,0,39,B.R.O,Hoa Học Trò,Hoa Học Trò,,Bìa mềm,,,Nhà Sách Phương Nam,available,1000,True,True,True
272047730,Tranh Truyện Lịch Sử Việt Nam - Đinh Bộ Lĩnh (Tái Bản 2023),18400,20000,8,0.0,0,10,"Tạ Huy Long,  Nam Việt",Nhà Xuất Bản Kim Đồng,Nhà Xuất Bản Kim Đồng,,,,,Nhà sách Fahasa,available,1000,True,True,True
271075593,Sách Cùng Phiêu Lưu,52250,55000,5,5.0,4,70,Nadine Brun-Cosme Anna Aparicio Català,Kim Đồng,Nhà Xuất Bản Kim Đồng,,Bìa mềm,46.0,2023-08-07,Tiki Trading,available,1000,False,True,True
214732004,Chú Thuật Hồi Chiến - Tập 9 (Bản thường),30000,30000,0,0.0,0,8,Gege Akutami,NXB Kim Đồng,Nhà Xuất Bản Kim Đồng,,Bìa mềm,192.0,,Nhà Sách Phương Nam,available,1000,True,True,True
207317552,Gấu Anh - Gấu Em - Tập 2: Ngủ Một Mình,27900,30000,7,0.0,0,10,Trần Huy,Nhà Xuất Bản Kim Đồng,Nhà Xuất Bản Kim Đồng,,,,,Nhà sách Fahasa,available,1000,True,True,True
198643631,Sách Vườn cổ tích - 10 tập,52000,80000,35,4.5,2,44,Hemma,Công Ty Cổ Phần Văn Hóa Đông A,Nhà Xuất Bản Dân Trí,,Bìa mềm,16.0,2022-09-01,Tiki Trading,available,1000,False,True,True
195444056,Combo 6 cuốn Truyện chữ to cho bé : Tập đánh vần tập đọc,109000,109000,0,5.0,4,64,,Nhà Sách Đại Mai,Nhà Xuất Bản Phụ Nữ Việt Nam,,,,,trungthanh2018,available,1000,True,True,True
192774789,Thần Đồng Đất Việt 84 - Kim Cương Vô Dụng,9900,10000,1,0.0,0,35,Nhiều tác giả,Cty Phan Thị,Nhà Xuất Bản Đại Học Sư Phạm,,,,,Nhà sách Fahasa,available,1000,True,True,True
167034119,Sách Những Câu Chuyện Về Loài Mèo - Những Câu Chuyện Có Thật Về Các Chú Mèo Phi Thường,52700,99000,47,5.0,5,56,"Penelope Rich, Isabel Muñoz",Tân Việt,Nhà Xuất Bản Mỹ Thuật,,Bìa mềm,96.0,2022-03-01,Tiki Trading,available,1000,False,True,True
127654501,Sách Trái Cây Đại Chiến Zombie-Thế Giới Khủng Long - Tập 8: Cứu Tinh Vượt Thời Gian (Tái Bản),68000,89000,24,5.0,37,346,Tiểu Giang Nam,Huy Hoàng Bookstore,Nhà Xuất Bản Phụ Nữ Việt Nam,,Bìa mềm,174.0,2021-10-15,Tiki Trading,available,1000,False,True,True
116396531,Sách Who? Chuyện Kể Về Danh Nhân Thế Giới: Michael Jordan,55200,60000,8,5.0,43,633,"Kim Gwangil, Kim Seungmin",NXB Kim Đồng,Nhà Xuất Bản Kim Đồng,,Bìa mềm,184.0,2021-08-15,Tiki Trading,available,1000,False,True,True
107804383,Sách Chuyện Lộn Xộn Ở Chuồng Gà (Tái Bản),52200,58000,10,0.0,0,13,"Christian Jolibois, Christian Heinrich",Nhã Nam,Nhà Xuất Bản Hà Nội,,Bìa mềm,48.0,2021-06-15,Nhà sách Fahasa,available,1000,True,True,True
107804381,"Sách Gà Con Bé Bỏng, Quái Thú Và Chàng Hiệp Sĩ (Tái Bản)",53900,58000,7,0.0,0,5,"Christian Jolibois, Christian Heinrich",Nhã Nam,Nhà Xuất Bản Hà Nội,,Bìa mềm,48.0,2021-06-15,Nhà sách Fahasa,available,1000,True,True,True
107804379,"Sách Một Gà Vì Mọi Gà, Mọi Gà Vì Một Gà (Tái Bản)",53300,58000,8,5.0,1,8,"Christian Jolibois, Christian Heinrich",Nhã Nam,Nhà Xuất Bản Hà Nội,,Bìa mềm,48.0,2021-06-15,Nhà sách Fahasa,available,1000,True,True,True
107485631,Nhật Ký Chú Bé Nhút Nhát - Tập 7: Kỳ Đà Cản Mũi - phiên bản Tiếng Việt,41250,55000,25,4.8,6,66,Jeff Kinney,Công ty TNHH Sách Hà Giang ,Nhà Xuất Bản Văn Học,,Bìa mềm,224.0,,Sách Hà Giang,available,1000,True,True,True
105933087,Sách Nụ Hôn Trên Bàn Tay (Tái Bản),53000,69000,23,5.0,18,253,Audrey Penn,Quảng Văn,Nhà Xuất Bản Phụ Nữ Việt Nam,,Bìa mềm,64.0,2021-06-01,Tiki Trading,available,1000,False,True,True
105933085,Sách Chiếc Túi Đầy Ắp Những Nụ Hôn (Tái Bản),55000,69000,20,4.8,5,81,Audrey Penn,Quảng Văn,Nhà Xuất Bản Phụ Nữ Việt Nam,,Bìa mềm,64.0,2021-06-01,Tiki Trading,available,1000,False,True,True
70847900,Sách Bé Tập Kể Chuyện - Họa Sĩ Ốc Sên,12000,15000,20,5.0,22,121,Thanh Tâm,NXB Trẻ,NXB Trẻ,,Bìa mềm,16.0,2020-10-15,Tiki Trading,available,1000,False,True,True
57300937,Sách Trái Cây Đại Chiến Zombie - Câu Đố Bí Ẩn Về Vũ Trụ,88300,95000,7,5.0,5,23,Tiểu Giang Nam,Huy Hoàng Bookstore,Nhà Xuất Bản Phụ Nữ Việt Nam,,Bìa mềm,172.0,,Nhà sách Fahasa,available,1000,True,True,True
52423042,Sách Trái Cây Đại Chiến Zombie - Thế Giới Robot - Tập 2: Mê Cung Robot,88300,95000,7,5.0,8,57,Tiểu Giang Nam,Huy Hoàng Bookstore,Nhà Xuất Bản Phụ Nữ Việt Nam,,Bìa mềm,160.0,2020-04-01,Nhà sách Fahasa,available,1000,True,True,True
543027,Sách Bé Học Lễ Giáo - Bubu Tập 55: Bubu Làm Thám Tử,11000,15000,27,4.5,2,634,Văn Nghĩa,NXB Trẻ,NXB Trẻ,,Bìa mềm,16.0,2016-09-01,Tiki Trading,available,1000,False,True,True
480059,Sách Lược Sử Nước Việt Bằng Tranh,125000,140000,11,4.6,13,1102,.,Nhà Xuất Bản Kim Đồng,Nhà Xuất Bản Kim Đồng,,Bìa mềm,68.0,2016-03-06,Tiki Trading,available,1000,False,True,True
279105487,Sách Những Bông Hoa Không Chết,74000,75000,1,0.0,0,4,"Xuân Quỳnh, Lưu Quang Vũ, Lưu Khánh Thơ biên soạn",Nhà Xuất Bản Kim Đồng,Nhà Xuất Bản Kim Đồng,,Bìa mềm,240.0,,Tiki Trading,available,1000,False,True,True
279047515,Sách - Lớp Học Mật Ngữ - Phiên Bản Mới - Tập 16 - Tặng Kèm Túi Bí Mật Móc Khóa Cung Hoàng Đạo Kiwi Kiwi,27000,30000,10,0.0,0,11,B R O group,BÁO TIỀN PHONG,Báo Sinh Viên VN - Hoa Học Trò,,Bìa mềm,,2023-12-21,Nhà sách Fahasa,available,1000,True,True,True
278943213,(In màu toàn bộ) CHÚ LÍNH THIẾC DŨNG CẢM –  Andersen – TIMES - NXB Văn học,226500,236000,4,0.0,0,2,Hans Christian Andersen,Công ty CP Xuất bản Khoa học và Giáo dục Thời Đại (TIMES BOOKS),Nhà Xuất Bản Văn Học,,Bìa mềm tay gấp,300.0,,BÌNH BÁN BOOK,available,1000,True,True,True
278586018,Sách - Thế Giới Ô Tô - Xe Cứu Hoả Thiện Nghệ (Tái Bản 2025),38400,40000,4,0.0,0,3,nhieu tac gia,Nhà Xuất Bản Kim Đồng,Nhà Xuất Bản Kim Đồng,,Bìa mềm,,2023-12-21,Nhà sách Fahasa,available,1000,True,True,True
278170276,Truyện tranh - Trọn bộ 14 tập: Tý quậy,537900,560350,4,0.0,0,2,, NXB Kim Đồng,Nhà Xuất Bản Kim Đồng,,Bìa mềm,,,AHABOOKS,available,1000,True,True,True
278159558,Sách Tập Tục Quê Em:,24000,30000,20,0.0,0,2,Lý Minh Phúc - Quốc Kha,NXB Kim Đồng,Nhà Xuất Bản Kim Đồng,,Bìa mềm,20.0,,Tiki Trading,available,1000,False,True,True
278159242,Truyện tranh học viện phép thuật - (Rèn luyện AQ cho trẻ),24700,35000,29,0.0,0,0,Nhã Hy,Nhà sách Minh Thắng,Nhà Xuất Bản Phụ Nữ Việt Nam,,Bìa mềm,24.0,,Tiki Trading,available,1000,False,True,True
277019440,Trong Rừng Dẻ Gai (Tủ Sách Vàng - Tác Phẩm Chọn Lọc Dành Cho Thiếu Nhi),40000,40000,0,0.0,0,0,Nguyễn Thị Ngọc Tú,Nhà Xuất Bản Kim Đồng,Nhà Xuất Bản Kim Đồng,,Bìa mềm,,2024-03-12,FishingBook,available,1000,True,True,True
275898065,Bộ Sách Astérix,76800,80000,4,5.0,1,49,"René Goscinny,  Albert Uderzo",NXB Kim Đồng,Nhà Xuất Bản Kim Đồng,,Bìa mềm,,,Tiki Trading,available,1000,False,True,True
274064665,Salt Friend - Tập 1,159000,159000,0,5.0,1,2,Kinh Kiến,NXB Dân Trí,Nhà Xuất Bản Dân Trí,,Bìa mềm,248.0,,Nhà Sách Phương Nam,available,1000,True,True,True
273328693,Sách A History Of VN In Pictures. Trần Hưng Đạo,61000,75000,19,4.8,6,9,Nhiều tác giả,NXB Trẻ,NXB Trẻ,,Tùy chọn phiên bản bìa cứng hoặc bìa mềm,80.0,2022-03-18,Tiki Trading,available,1000,False,True,True
272497482,Bẩm Thầy Tường Có Thầy Vũ Đến Tìm - Tập 3,115000,115000,0,0.0,0,5,Vuy,NXB Dân Trí,Nhà Xuất Bản Dân Trí,,Bìa mềm,100.0,,Nhà Sách Phương Nam,available,1000,True,True,True
271041117,Bạn Cá Sấu Thân Thiện - Tập 2: Những Mẩu Truyện Nho Nhỏ,68600,70000,2,5.0,1,4,Chow Hon Lam,Nhà Xuất Bản Kim Đồng,Nhà Xuất Bản Kim Đồng,,,,,Nhà sách Fahasa,available,1000,True,True,True
270744256,Lớp Học Mật Ngữ - Phiên Bản Mới - Tập 3,25000,25000,0,5.0,6,128,B.R.O,Hoa Học Trò,Hoa Học Trò,,Bìa mềm,,,Nhà Sách Phương Nam,available,1000,True,True,True
252869361,Sách Asterix,78000,80000,3,5.0,23,209,"Albert Uderzo, René Gossiny",NXB Kim Đồng,Nhà Xuất Bản Kim Đồng,,Bìa mềm,52.0,2023-04-23,Tiki Trading,available,1000,False,True,True
252537630,Tranh Truyện Dân Gian Việt Nam: Cây Khế (Tái Bản 2023),19600,20000,2,0.0,0,4,"Nguyễn Bích,  Hồng Hà",Nhà Xuất Bản Kim Đồng,Nhà Xuất Bản Kim Đồng,,,,,Nhà sách Fahasa,available,1000,True,True,True
219133969,Combo Khu Rừng Cảm Xúc (5 Cuốn),154000,175000,12,5.0,3,33,Nhiều tác giả,NXB Kim Đồng,Nhà Xuất Bản Kim Đồng,,Bìa mềm,160.0,2023-01-01,Tiki Trading,available,1000,False,True,True
212326270,One-Punch Man - Tập 2,25000,25000,0,5.0,1,4,Yusuke Murata,NXB Kim Đồng,Nhà Xuất Bản Kim Đồng,,Bìa mềm,200.0,,Nhà Sách Phương Nam,available,1000,True,True,True
207755516,Sách Miền Hoang Dã - Bước Chân Hoang Dã,39700,55000,28,5.0,1,52,Nicholas Oldland,Thái Hà,Nhà Xuất Bản Công Thương,,Bìa mềm,32.0,2022-11-11,Tiki Trading,available,1000,False,True,True
207755506,Sách Miền Hoang Dã - Chú Hải Ly Bận Rộn,39700,55000,28,5.0,1,63,Nicholas Oldland,Thái Hà,Nhà Xuất Bản Công Thương,,Bìa mềm,32.0,2022-11-11,Tiki Trading,available,1000,False,True,True
207755212,Sách Miền hoang dã - Bộ ba vượt suối,35750,55000,35,5.0,1,53,Nicholas Oldland,Thái Hà,Nhà Xuất Bản Công Thương,,Bìa mềm,32.0,2022-11-01,Tiki Trading,available,1000,False,True,True
207646672,One-Punch Man - Tập 16,25000,25000,0,5.0,1,7,Yusuke Murata,NXB Kim Đồng,Nhà Xuất Bản Kim Đồng,,Bìa mềm,208.0,,Nhà Sách Phương Nam,available,1000,True,True,True
207642895,Cái Tết Của Mèo Con (Truyện tranh),60000,60000,0,0.0,0,3,Ngô Mạnh Lân,NXB Kim Đồng,Nhà Xuất Bản Kim Đồng,,Bìa mềm,64.0,,Nhà Sách Phương Nam,available,1000,True,False,True
207597256,Cherry Magic! - Tập 2,109000,109000,0,5.0,1,3,Yuu Toyota,NXB Hà Nội,Nhà Xuất Bản Hà Nội,,Bìa mềm,130.0,,Nhà Sách Phương Nam,available,1000,True,True,True
198996065,Kính Vạn Hoa - Tập 4: Cô Giáo Trinh - Theo Dấu Chim Ưng - Tiền Chuộc (Tái Bản 2022),78200,86000,9,4.7,3,31,Nguyễn Nhật Ánh,Nhà Xuất Bản Kim Đồng,Nhà Xuất Bản Kim Đồng,,,,,Nhà sách Fahasa,available,1000,True,True,True
195623886,"Truyện tranh tuổi thần tiên - Cáo, thỏ và gà trống",9300,15000,38,4.5,2,150,Minh Long,Minh Long,Nhà Xuất Bản Mỹ Thuật,,Bìa mềm,16.0,2022-07-19,Tiki Trading,available,1000,False,True,True
192949035,Lược Sử Nước Việt Bằng Tranh (Tái Bản 2022),128800,140000,8,4.7,15,206,"Tạ Huy Long,  Dương Trung Quốc,  Hiếu Minh,  Huyền Trang",Nhà Xuất Bản Kim Đồng,Nhà Xuất Bản Kim Đồng,,,,,Nhà sách Fahasa,available,1000,True,True,True
192125800,Sách Thời Trung Cổ - Horrible Historie,42000,50000,16,5.0,5,61,Nick Arnold,NXB Trẻ,NXB Trẻ,,Bìa mềm,142.0,2022-08-01,Tiki Trading,available,1000,False,True,True
135552453,Tranh Truyện Lịch Sử Việt Nam: Lê Chân,19200,20000,4,0.0,0,25,"Vương Trọng, Oopsy",NXB Kim Đồng,Nhà Xuất Bản Kim Đồng,,Bìa mềm,32.0,2023-06-25,Tiki Trading,available,1000,False,True,True
127654497,Sách Trái Cây Đại Chiến Zombie-Thế Giới Khủng Long - Tập 5: Khủng Long Và Tòa Thành Vàng (Tái Bản),60000,89000,33,5.0,36,406,Tiểu Giang Nam,Huy Hoàng Bookstore,Nhà Xuất Bản Phụ Nữ Việt Nam,,Bìa mềm,174.0,2021-10-15,Tiki Trading,available,1000,False,True,True
107804392,Sách Ngày Em Trai Tớ Chào Đời (Tái Bản),55100,58000,5,4.7,3,19,"Christian Jolibois, Christian Heinrich",Nhã Nam,Nhà Xuất Bản Hà Nội,,Bìa mềm,48.0,2021-06-15,Nhà sách Fahasa,available,1000,True,True,True
107484418,Nhật Ký Chú Bé Nhút Nhát - Tập 13: Đại Chiến Trên Tuyết,41250,55000,25,5.0,39,210,Jeff Kinney,Công ty TNHH Sách Hà Giang ,Nhà Xuất Bản Giáo Dục,,Bìa mềm,225.0,,Sách Hà Giang,available,1000,True,True,True
89691015,Sách Thế Giới Xe Cộ: Xe Chở Rác_Sanitation Truck,24700,25000,1,5.0,1,39,"Lee Yanan, Bookworm Culture",NXB Kim Đồng,Nhà Xuất Bản Kim Đồng,,Bìa mềm,24.0,2021-04-15,Nhà sách Fahasa,available,1000,True,True,True
72688720,Sách Năm Phút Nữa Thôi,59000,59000,0,5.0,1,15,Marta Altés,Quảng Văn,Nhà Xuất Bản Phụ Nữ Việt Nam,,Bìa mềm,64.0,2020-11-01,Casa Sunshine,available,1000,True,True,True
70847904,Sách BTKC - Chiếc Đũa Thần,11000,15000,27,5.0,22,126,Thanh Tâm,NXB Trẻ,NXB Trẻ,,Bìa mềm,16.0,2020-10-15,Tiki Trading,available,1000,False,False,True
68341626,Sách Dế Mèn Phiêu Lưu Ký – Ngô Xuân Khôi Minh Họa - Ấn Bản Kỉ Niệm 100 Năm Tô Hoài,48000,50000,4,5.0,12,38,Tô Hoài,NXB Kim Đồng,Nhà Xuất Bản Kim Đồng,,Bìa mềm,168.0,,Nhà sách Fahasa,available,1000,True,True,True
54018431,Tây Du Hí 5 – Ngôi Làng Nơi Thần Tiên Trở Thành Yêu Quái (Truyện Tranh),94050,99000,5,5.0,162,1027,Mèo Mốc,SkyComics,Nhà Xuất Bản Dân Trí,,Bìa mềm,112.0,2020-05-01,Tiki Trading,available,1000,False,True,True
45370384,Sách Thẻ Thông Hành Của Santa,52800,55000,4,0.0,0,9,Nobumi,Thái Hà,Nhà Xuất Bản Lao Động,,Bìa mềm,34.0,2019-12-01,Nhà sách Fahasa,available,1000,True,True,True
16683163,Peter Pan - Truyện Song Ngữ Anh - Việt,29700,35000,15,5.0,6,41,Stefania Leonardi Hartley,Tân Việt,,,Bìa mềm,24.0,2019-05-01,Nhà sách Fahasa,available,1000,True,True,True
543026,Sách Bé Học Lễ Giáo - Bubu Tập 01: Bubu Trung Thực,11000,15000,27,4.8,9,1370,Văn Nghĩa,NXB Trẻ,NXB Trẻ,,Bìa mềm,16.0,2022-05-01,Tiki Trading,available,1000,False,False,True
279105462,Sách Vun Đắp Tâm Hồn - Cô Bé Đội Đám Mây,69000,70000,1,0.0,0,1,"May viết, Hân Phạm",Nhà Xuất Bản Kim Đồng,Nhà Xuất Bản Kim Đồng,,Bìa mềm,44.0,,Tiki Trading,available,1000,False,True,True
279098025,Nguyễn Nhật Ánh Và Kính Vạn Hoa - Chuyện Từ A Đến Z,79000,80000,1,0.0,0,2,Nhiều tác giả,Nhà Xuất Bản Kim Đồng,Nhà Xuất Bản Kim Đồng,,Bìa mềm,216.0,,Tiki Trading,available,1000,False,True,True
279098017,Cici - Cô Mèo Làm Mũ Diệu Kì,49000,50000,2,5.0,1,1,Kim Song Yi,Nhà Xuất Bản Kim Đồng,Nhà Xuất Bản Kim Đồng,,Bìa mềm,36.0,,Tiki Trading,available,1000,False,True,True
279097927,"Sách Tủ Sách Tuổi Thần Tiên - Cô Chuột Nhỏ Ở ""Só"" Hoa Muồng Vàng",28800,36000,20,0.0,0,2,Đoàn Lữ Thụy Phương,Nhà Xuất Bản Kim Đồng,Nhà Xuất Bản Kim Đồng,,Bìa mềm,124.0,,Tiki Trading,available,1000,False,True,True
278966744,Sách - Lớp Học Mật Ngữ - Phiên Bản Mới - Tập 6 (Tái Bản 2025) - Tặng Kèm Quà Tặng Ngẫu Nhiên,28500,30000,5,0.0,0,5,B R O group,BÁO TIỀN PHONG,Báo Sinh Viên VN - Hoa Học Trò,,Bìa mềm,,2023-12-21,Nhà sách Fahasa,available,1000,True,True,True
278966479,Sách - Lớp Học Mật Ngữ - Phiên Bản Mới - Tập 4 (Tái Bản 2025) - Tặng Kèm Quà Tặng Ngẫu Nhiên,28500,30000,5,0.0,0,4,B R O group,BÁO TIỀN PHONG,Báo Sinh Viên VN - Hoa Học Trò,,Bìa mềm,,2023-12-21,Nhà sách Fahasa,available,1000,True,True,True
278957140,Sách - Lớp Học Mật Ngữ - Phiên Bản Mới - Tập 1 (Tái Bản 2025) - Tặng Kèm Quà Tặng Ngẫu Nhiên,28500,30000,5,0.0,0,3,B R O group,BÁO TIỀN PHONG,Báo Sinh Viên VN - Hoa Học Trò,,Bìa mềm,,2023-12-21,Nhà sách Fahasa,available,1000,True,True,True
278903285,"Sách - Lớp Học Mật Ngữ - Tuyển Tập Đặc Biệt Kỷ Niệm 10 Năm THE BEST - Tuyển Tập Bạch Dương Nam - ""Mình Thứ Hai, Không Ai Chủ Nhật"" - Tặng Kèm Túi Đựng Bút Nhân Vật Lớp Học Mật Ngữ",82800,90000,8,0.0,0,4,B R O group,BÁO TIỀN PHONG,Báo Sinh Viên VN - Hoa Học Trò,,Bìa mềm,,2023-12-21,Nhà sách Fahasa,available,1000,True,True,True
278791332,Sách 10 Câu Chuyện Kinh Dị Hay Nhất Mọi Thời Đại,72000,95000,24,0.0,0,6,Michael Cox,NXB Trẻ,NXB Trẻ,,Bìa mềm,232.0,2025-10-22,Tiki Trading,available,1000,False,True,True
278714457,Sách - Truyện Tranh Lớp Học Xả Stress - Con Gái Không Dễ Bắt Nạt Đâu,53900,58000,7,0.0,0,1,nhieu tac gia,Megabook,Nhà Xuất Bản Thế Giới,,Bìa mềm,,2023-12-21,Nhà sách Fahasa,available,1000,True,True,True
278159343,Sách Xôn Xao Đầu Đời,57000,60000,5,0.0,0,0,Pauline Oud,NXB Kim Đồng,Nhà Xuất Bản Kim Đồng,,Bìa mềm,36.0,,Tiki Trading,available,1000,False,True,True
277809164,Sách Góc sân và khoảng trời- Con bướm vàng,58000,82000,29,5.0,1,15,Trần Đăng Khoa,Huy Hoàng Bookstore,Nhà Xuất Bản Mỹ Thuật,,Bìa mềm,51.0,2025-04-21,Tiki Trading,available,1000,False,True,True
276928989,"Sách I’d Know You Anywhere, Mom",46000,50000,8,0.0,0,1,Tịnh Tâm,Nhà Xuất Bản Kim Đồng,Nhà Xuất Bản Kim Đồng,,Bìa mềm,44.0,2025-01-01,Tiki Trading,available,1000,False,True,True
276302844,Sách Kỹ Năng Toàn Diện - Ở Trường/ Ngoài Đường/ Trong Nhà/ Sức Khỏe,53400,79000,32,0.0,0,0,Einstein books,Alphabooks,Nhà Xuất Bản Dân Trí,,Bìa mềm,124.0,,Tiki Trading,available,1000,False,True,True
275899516,Một Cần Câu (Tủ Sách Vàng - Tác Phẩm Chọn Lọc Dành Cho Thiếu Nhi) [Tái Bản 2024],54000,55000,2,0.0,0,12,Trần Thanh Địch,NXB Kim Đồng,Nhà Xuất Bản Kim Đồng,,Bìa mềm,184.0,,Tiki Trading,available,1000,False,True,True
275895623,Bộ Sách Truyện Hay Nhật Bản Cho Tuổi Tiểu Học,41400,45000,8,0.0,0,2,"Kazuko Asou, Mako Taruishi, Rokudai Tanaka, Naoko Hori, Takadono Hoko, Hirasawa Tomoko, Kyoko Hara, Kazue Takahashi",NXB Kim Đồng,Nhà Xuất Bản Kim Đồng,,Bìa mềm,,,Tiki Trading,available,1000,False,True,True
275080214,"Sách: Nhọ nhất quả đất - Truyện tranh hài hước, truyện tranh dành cho thiếu nhi nổi tiếng thế giới - HG Books",69000,69000,0,5.0,2,20,,Công ty TNHH Sách Hà Giang ,Nhà Xuất Bản Văn Học,,Bìa mềm,188.0,,Sách Hà Giang,available,1000,True,True,True
274777339,Lớp Học Mật Ngữ - Phiên Bản Mới - Tập 8,25000,25000,0,4.7,7,62,B.R.O,Hoa Học Trò,Hoa Học Trò,,Bìa mềm,,,Nhà Sách Phương Nam,available,1000,True,True,True
274423659,Lớp Học Mật Ngữ - Tuyển Tập Đặc Biệt Vol. 2 (Tái bản năm 2024),90000,90000,0,5.0,2,68,,Hoa Học Trò,Hoa Học Trò,,Bìa mềm,300.0,,Nhà Sách Phương Nam,available,1000,True,True,True
273243120,Combo Truyện Tranh Lịch Sử Việt Nam (Trọn bộ 43 cuốn )- NXB KIM ĐỒNG -Tặng sổ tay xương rồng,860000,860000,0,0.0,0,5,nhieu tac gia,Nhà Xuất Bản Kim Đồng,Nhà Xuất Bản Kim Đồng,,Bìa mềm,,,NHBook,available,1000,True,True,True
272214667,"Sách Chuyển Thể Từ ""Dế Mèn Phiêu Lưu Ký"" Của Nhà Văn Tô Hoài_Cuộc Phiêu Lưu Của Dế Út",66500,70000,5,4.8,32,58,Linh Rab,NXB Kim Đồng,Nhà Xuất Bản Kim Đồng,,Bìa mềm,164.0,,Tiki Trading,available,1000,False,True,True
271100250,Tý Quậy - Tập 13,39200,40000,2,5.0,1,34,"Đào Hải,  Nguyễn Quang Toàn,  Hoài Thu",Nhà Xuất Bản Kim Đồng,Nhà Xuất Bản Kim Đồng,,,,,Nhà sách Fahasa,available,1000,True,True,True
269973502,Những Giấc Mơ Xinh - Giấc Mơ Ngọt Ngào Của Cừu Con,47000,47000,0,0.0,0,1,Satoe Tone,Nhà Xuất Bản Kim Đồng,Nhà Xuất Bản Kim Đồng,,,,,Bamboo Books,available,1000,True,True,True
263104526,Thần Đồng Đất Việt 112 - Thơ Thần Trên Lá,9900,10000,1,0.0,0,25,Nhiều tác giả,Cty Phan Thị,Nhà Xuất Bản Đại Học Sư Phạm,,,,,Nhà sách Fahasa,available,1000,True,True,True
249664191,Combo Tớ Là CEO Nhí 1 (7 Cuốn) [Tái Bản 2023],199000,224000,11,4.5,2,54,Nhiều tác giả,NXB Kim Đồng,Nhà Xuất Bản Kim Đồng,,Bìa mềm,,2023-04-04,Tiki Trading,available,1000,False,True,True
196291967,Cổ tích muôn màu_ Truyện cổ tích việt nam (túi 8 cuốn),75000,120000,38,5.0,3,82,"Nguyễn Trà My, Vũ Ngọc Thuỷ",Minh Long,Nhà Xuất Bản Mỹ Thuật,,Bìa mềm,20.0,2023-02-24,Tiki Trading,available,1000,False,True,True
193736791,Danh Tác Thế Giới: Oliver Twist (Tái Bản 2022),38000,40000,5,5.0,1,24,Neung In Publishing Company,Nhà Xuất Bản Kim Đồng,Nhà Xuất Bản Kim Đồng,,,,,Nhà sách Fahasa,available,1000,True,True,True
193397079,Danh Tác Thế Giới - Thằng Gù Nhà Thờ Đức Bà (Tái Bản 2022),37200,40000,7,5.0,2,23,Neung In Publishing Company,Nhà Xuất Bản Kim Đồng,Nhà Xuất Bản Kim Đồng,,,,,Nhà sách Fahasa,available,1000,True,True,True
146274666,Nhìn Thì Giống Hóa Ra Lại Khác,102300,110000,7,5.0,1,4,Hà Kim Ngân,Nhà Xuất Bản Kim Đồng,Nhà Xuất Bản Kim Đồng,,,,,Nhà sách Fahasa,available,1000,True,True,True
129381384,Sách Nếu Bạn Cho Chuột Cái Bánh Quy (Picture Book Song Ngữ) (Tái Bản),45300,59000,23,5.0,7,124,"Laura Numeroff, Felicia Bond",Quảng Văn,Nhà Xuất Bản Phụ Nữ Việt Nam,,Bìa mềm,40.0,2021-10-15,Tiki Trading,available,1000,False,True,True
91947575,Sách Tý Quậy - Tập 11,39200,40000,2,5.0,12,61,"Đào Hải, Quang Toàn, Hoài Thu",NXB Kim Đồng,Nhà Xuất Bản Kim Đồng,,Bìa mềm,200.0,2021-04-01,Nhà sách Fahasa,available,1000,True,True,True
89691007,Sách Thế Giới Xe Cộ: Xe Cấp Cứu_Ambulance,24700,25000,1,5.0,2,32,"Lee Yanan, Bookworm Culture",NXB Kim Đồng,Nhà Xuất Bản Kim Đồng,,Bìa mềm,24.0,2021-04-15,Nhà sách Fahasa,available,1000,True,True,True
82386611,Mang Cho Ta Một Hòn Đá (Tái Bản 2020),81800,89000,8,4.0,1,13,Daniel Miyares,Crabit Kidbooks,Nhà Xuất Bản Hà Nội,,,,,Nhà sách Fahasa,available,1000,True,True,True
74943736,Sách Dog Man 2 - Sinh Nhật Lộn Tùng Phèo (Bìa Mềm),76500,90000,15,5.0,3,20,Dav Pilkey,Nhà sách Minh Thắng,Nhà Xuất Bản Phụ Nữ Việt Nam,,Bìa mềm,220.0,,Nhà sách Fahasa,available,1000,True,True,True
73228542,Sách Khủng Long Thân Mến - Dear Dinosaur,55400,79000,30,5.0,1,13,Chae Strathie,Quảng Văn,Nhà Xuất Bản Phụ Nữ Việt Nam,,Bìa mềm,60.0,,Tiki Trading,available,1000,False,True,True
57318091,Sách Trái Cây Đại Chiến Zombie - Câu Đố Bí Ẩn Về Địa Lý,88300,95000,7,4.6,7,30,Tiểu Giang Nam,Huy Hoàng Bookstore,Nhà Xuất Bản Phụ Nữ Việt Nam,,Bìa mềm,172.0,2020-06-01,Nhà sách Fahasa,available,1000,True,True,True
50215210,Combo Bác Hồ Sống Mãi: Những Mẩu Chuyện Hay Về Bác (Bộ 5 Tập),255200,290000,12,5.0,7,65,Công Ty Phan Thị,Nhà Xuất Bản Kim Đồng,Nhà Xuất Bản Kim Đồng,,,,,Nhà sách Fahasa,available,1000,True,False,True
14273562,Sách Tý Quậy - Tập 3 (Tái Bản 2019),39200,40000,2,4.8,5,47,Đào Hải,Nhà Xuất Bản Kim Đồng,,,Bìa mềm,172.0,2019-04-01,Nhà sách Fahasa,available,1000,True,True,True
543030,Sách Bé Học Lễ Giáo - Bubu Tập 60: Bubu Đội Mũ Bảo Hiểm,11000,15000,27,5.0,5,774,Văn Nghĩa,NXB Trẻ,NXB Trẻ,,Bìa mềm,16.0,2016-09-01,Tiki Trading,available,1000,False,True,True
536389,Tranh Truyện Dân Gian Việt Nam - Diệt Mãng Xà,19000,20000,5,5.0,2,127,.,Nhà Xuất Bản Kim Đồng,Nhà Xuất Bản Kim Đồng,,Bìa mềm,36.0,2016-07-11,Tiki Trading,available,1000,False,True,True
279203668,"[SÁCH QUỐC GIA] BÀ NGOẠI TRÊN CÂY TÁO – Mira Lobe, Susi Weigel – Chu Thu Phương dịch – NXB Kim Đồng",48000,50000,4,0.0,0,1,nhieu tac gia,Kim Đồng,Nhà Xuất Bản Kim Đồng,,Bìa mềm,148.0,,BÌNH BÁN BOOK,available,1000,True,True,True
278967818,Sách - Trải Nghiệm Đầu Tiên - Maisy Đến Thư Viện,39200,40000,2,0.0,0,3,nhieu tac gia,Nhà Xuất Bản Kim Đồng,Nhiều Nhà Xuất Bản,,Bìa mềm,,2023-12-21,Nhà sách Fahasa,available,1000,True,True,True
278714672,Sách - Hành Trình Đầu Tiên (Tái Bản 2024),74400,80000,7,0.0,0,2,Phùng Nguyên Quang,Nhà Xuất Bản Kim Đồng,Nhà Xuất Bản Kim Đồng,,Bìa mềm,,2023-12-21,Nhà sách Fahasa,available,1000,True,True,True
278712158,Sách - Đại Gia Đình Cá Voi Đêm Bão,49900,52000,4,0.0,0,2,nhieu tac gia,Nhà Xuất Bản Kim Đồng,Nhà Xuất Bản Kim Đồng,,Bìa mềm,,2023-12-21,Nhà sách Fahasa,available,1000,True,True,True
278279385,Sách Con Có Biết Rằng Con Chẳng Cần Phải Biết Tuốt…?,43600,45000,3,0.0,0,1,"Maud Roegiers, Mylen Vigneault",Nhà Xuất Bản Kim Đồng,Nhà Xuất Bản Kim Đồng,,Bìa mềm,36.0,,Tiki Trading,available,1000,False,True,True
278153406,Sách - Thế Giới Ô Tô - Xe Cứu Thương Nhiệt Tình (Tái Bản 2025),38400,40000,4,0.0,0,2,nhieu tac gia,Nhà Xuất Bản Kim Đồng,Nhà Xuất Bản Kim Đồng,,Bìa mềm,,2023-12-21,Nhà sách Fahasa,available,1000,True,True,True
277772555,"Combo Sách Cả Nhà Thương Con - Combo sách thơ tập nói, tập đọc giúp phát triển ngôn ngữ cho bé 0-6 tuổi",140400,156000,10,0.0,0,1,,Công Ty Cổ Phần Time Books,Nhà Xuất Bản Thế Giới,,Bìa mềm,24.0,,SÁCH TIMEBOOKS,available,1000,True,True,True
276829331,Sách cho bé - Vịt Và Chấm - Bộ 3 cuốn - Sách Tranh Rèn Luyện Nhân Cách Và Thói Quen - Dành cho trẻ từ 3 tuổi,51520,56000,8,0.0,0,3,,Vizibook,Nhà Xuất Bản Phụ Nữ Việt Nam,,Bìa mềm,32.0,2023-05-01,Vizibook,available,1000,True,True,True
275899695,Gánh Xiếc Lớp Tôi (Tủ Sách Vàng - Tác Phẩm Chọn Lọc Dành Cho Thiếu Nhi) [Tái Bản 2024],46000,50000,8,0.0,0,15,Viết Linh,NXB Kim Đồng,Nhà Xuất Bản Kim Đồng,,Bìa mềm,148.0,,Tiki Trading,available,1000,False,True,True
274771467,Cuộc Phiêu Lưu Của Mèo Tí Hon - Trong Hồ Nước,31500,35000,10,0.0,0,1,X-act Group,Megabook,nxb thanh nien,,,,,Nhà sách Fahasa,available,1000,True,True,True
274730588,Truyện hay cho bé 0-6 tuổi - Tập 3,112100,118000,5,0.0,0,0,Hà Nhi,Công Ty Cổ Phần Văn Hóa Huy Hoàng,Nhà Xuất Bản Phụ Nữ Việt Nam,,Bìa mềm,140.0,2024-04-01,Cá Chép Bookstore,available,1000,True,True,True
273597078,Sách thiếu nhi - MỘT MÌNH CON - Sách tranh dành cho bé từ 0 tuổi,51520,56000,8,0.0,0,2,,Công ty cổ phẩn Xuất bản và Giáo dục Vizi,Nhà Xuất Bản Phụ Nữ Việt Nam,,Bìa mềm,32.0,2023-09-18,Vizibook,available,1000,True,True,True
272886555,Sách Bé học khám phá cuộc sống Răng nhỏ phiêu lưu,22000,30000,27,0.0,0,7,"Tiên Vũ, Thị Hoa, Như Duyên",NXB Trẻ,NXB Trẻ,,Bìa mềm,32.0,2023-10-17,Tiki Trading,available,1000,False,True,True
272740638,"Sách - Truyện Tranh Khoa Học Về Các Loài Côn Trùng - Đom Đóm, Bọ Ngựa, Ve Sầu Và Sâu Bắp Cải - Đinh Tị Books",56300,58000,3,5.0,1,5,Hà Giang,Đinh Tị,Nhà Xuất Bản Thanh Niên,,Bìa mềm,44.0,,Mộc Nhiên Kids Store,available,1000,True,True,True
272035602,Sách tranh song ngữ - Bé yêu khoa học (Tập 1-8) - Dành cho bé từ 0-6 tuổi - Ehomebooks,39000,39000,0,5.0,1,0,,Quảng Văn,Nhà Xuất Bản Phụ Nữ Việt Nam,,Bìa mềm,44.0,,Mộc Nhiên Kids Store,available,1000,True,True,True
271433654,Truyện Tranh Cổ Tích Việt Nam - Cóc Kiện Trời,20800,26000,20,0.0,0,6,"Búp trên cành,  Kim Duẩn",Phụ Nữ,Nhà Xuất Bản Phụ Nữ Việt Nam,,,,,Nhà sách Fahasa,available,1000,True,True,True
271433604,Truyện Tranh Cổ Tích Việt Nam - Sọ Dừa,20200,26000,22,0.0,0,4,"Búp trên cành,  Kim Duẩn",Phụ Nữ,Nhà Xuất Bản Phụ Nữ Việt Nam,,,,,Nhà sách Fahasa,available,1000,True,True,True
263970117,Sách Những Giấc Mơ Xinh,44650,47000,5,0.0,0,13,Satoe Tone,NXB Kim Đồng,Nhà Xuất Bản Kim Đồng,,Bìa mềm,32.0,2023-06-30,Tiki Trading,available,1000,False,True,True
261968972,Sách Ba Tớ Là Runner,143000,145000,1,5.0,4,28,"Bùi Phương Tâm, Jeet Zdung",NXB Kim Đồng,Nhà Xuất Bản Kim Đồng,,Bìa cứng,48.0,2023-05-01,Tiki Trading,available,1000,False,True,True
242992956,Sách Sói Xám Xốn Xang,36800,40000,8,5.0,3,38,"Ronan Badel, Gilles Bizouerne",NXB Kim Đồng,Nhà Xuất Bản Kim Đồng,,Bìa mềm,32.0,2023-01-01,Tiki Trading,available,1000,False,True,True
242076139,Thỏ Bảy Màu Và Những Người Nghĩ Nó Là Bạn (Tái Bản 2023),90000,99000,9,4.6,46,437,,Công Ty Cổ Phần Time Books,NXB Dân Trí,,,,,Nhà sách Fahasa,available,1000,True,True,True
214602161,Combo Bé Chơi Cùng… (3 cuốn),103000,105000,2,0.0,0,9,"Isabel M. Arques, Angela Pelaez-Vargas",NXB Kim Đồng,Nhà Xuất Bản Kim Đồng,,Bìa mềm,28.0,2023-01-01,Tiki Trading,available,1000,False,True,True
212326145,One-Punch Man - Tập 3,25000,25000,0,5.0,1,3,Yusuke Murata,NXB Kim Đồng,Nhà Xuất Bản Kim Đồng,,Bìa mềm,208.0,,Nhà Sách Phương Nam,available,1000,True,True,True
208403338,Tây Du Kí - Tập 5: Nhận Đồ Đệ Ở Sông Lưu Sa,46500,50000,7,0.0,0,2,Ngô Thừa Ân,Nhà Xuất Bản Kim Đồng,Nhà Xuất Bản Kim Đồng,,,,,Nhà sách Fahasa,available,1000,True,True,True
207671457,Chú Thuật Hồi Chiến - Tập 3 (Bản thường),30000,30000,0,0.0,0,4,Gege Akutami,NXB Kim Đồng,Nhà Xuất Bản Kim Đồng,,Bìa mềm,200.0,,Nhà Sách Phương Nam,available,1000,True,True,True
207597090,One-Punch Man - Tập 17,25000,25000,0,5.0,1,5,Yusuke Murata,NXB Kim Đồng,Nhà Xuất Bản Kim Đồng,,Bìa mềm,208.0,,Nhà Sách Phương Nam,available,1000,True,True,True
204302080,Thị Trấn Hoa Mười Giờ - Tập 3,77400,88000,12,5.0,2,19,Phan,Công ty TNHH Văn Hóa & Truyền Thông Du Bút,nxb thanh nien,,,,,Nhà sách Fahasa,available,1000,True,True,True
201424556,Sách Lịch Sử Việt Nam Bằng Tranh - Tập 1 : Người Cổ Việt Nam (Tái Bản 2022),27000,35000,23,5.0,5,72,"Trần Bạch Đằng, Đinh Văn Liên, Bùi Chí Hoàng, Nguyễn Trung Tín",NXB Trẻ,NXB Trẻ,,Bìa mềm,96.0,2022-10-01,Tiki Trading,available,1000,False,True,True
190608647,Chang Hoang Dã - Voi,175000,175000,0,0.0,0,1,,Kim Đồng,oem,,Bìa mềm,,,Bamboo Books,available,1000,True,False,True
185005859,Bé Tập Kể Chuyện - Chiếc Đũa Thần (2022),14800,15000,1,0.0,0,4,Nhiều tác giả,NXB Trẻ,NXB Trẻ,,,,,Nhà sách Fahasa,available,1000,True,True,True
171580814,Gieo Hạt Giống Thương Yêu - Mười Ngón Chân Nhỏ Xinh,20000,20000,0,0.0,0,11,Caroline Jayne Church,Đinh Tị,Nhà Xuất Bản Hà Nội,,,,,Nhà sách Fahasa,available,1000,True,True,True
167034116,Sách Những Câu Chuyện Về Loài Chó - Những Câu Chuyện Có Thật Về Các Chú Chó Anh Hùng,50700,99000,49,5.0,1,29,,Tân Việt,Nhà Xuất Bản Mỹ Thuật,,Bìa mềm,96.0,2022-03-01,Tiki Trading,available,1000,False,True,True
127654477,Sách Trái Cây Đại Chiến Zombie-Thế Giới Khủng Long - Tập 6: Kho Báu Kỷ Jura (Tái Bản),57000,89000,36,5.0,34,353,Tiểu Giang Nam,Huy Hoàng Bookstore,Nhà Xuất Bản Phụ Nữ Việt Nam,,Bìa mềm,174.0,2021-10-15,Tiki Trading,available,1000,False,True,True
86417744,Câu Đố Vui Dân Gian Việt Nam - Tập 4,12800,16000,20,5.0,1,18,Hoàng Sơn,Cty Văn Hóa Nhân Văn,Nhà Xuất Bản Đồng Nai,,,,,Nhà sách Fahasa,available,1000,True,True,True
73924633,Sách Khủng Long Bạo Chúa Cao Chừng Nào?,48000,50000,4,5.0,5,55,Alison Limentani,NXB Kim Đồng,Nhà Xuất Bản Kim Đồng,,Bìa mềm,32.0,2020-12-15,Tiki Trading,available,1000,False,False,True
66619713,Truyện Đồng Thoại Tô Hoài - Ấn Bản Kỉ Niệm 100 Năm Ngày Sinh Nhà Văn Tô Hoài,80000,100000,20,5.0,1,3,Tô Hoài,NXB Kim Đồng,Nhà Xuất Bản Kim Đồng,,Bìa mềm,104.0,2020-09-07,Tiki Trading,available,1000,False,True,True
52423044,Sách Trái Cây Đại Chiến Zombie - Thế Giới Robot - Tập 4: Chiến Tranh Giữa Các Vì Sao,88300,95000,7,5.0,4,49,Tiểu Giang Nam,Huy Hoàng Bookstore,Nhà Xuất Bản Phụ Nữ Việt Nam,,Bìa mềm,160.0,2020-04-01,Nhà sách Fahasa,available,1000,True,True,True
442782,Sách Ehon Nhật Bản - Món Quà Từ Cửa Sổ,39000,39000,0,0.0,0,3,Nagako Suzuki,Quảng Văn,Nhà Xuất Bản Văn Học,,Bìa mềm,24.0,2015-07-28,Casa Sunshine,available,1000,True,True,True
442778,Sách Ehon Nhật Bản - Asae Và Em Gái Bé Nhỏ,30000,39000,23,4.7,48,5519,Tsutsui Yoriko - Hayashi Akiko,Quảng Văn,,,Bìa mềm,24.0,2015-07-28,Tiki Trading,available,1000,False,True,True
322295,Sách Nhật Ký Chú Bé Nhút Nhát - Tập 1 - phiên bản Tiếng Việt,55000,55000,0,4.8,22,379,Jeff Kinney,Hà Giang,Nhà Xuất Bản Văn Học,,Bìa mềm,244.0,2008-09-16,trungthanh2018,available,1000,True,True,True
279226038,Sách Khỏe Từ Tâm - Cách Các Siêu Sao Thể Thao Làm Chủ Cảm Xúc ,63750,85000,25,0.0,0,1,PhD Miyako Tanaka-Oulevey,Nhà Xuất Bản Kim Đồng,Nhà Xuất Bản Kim Đồng,,Bìa mềm,248.0,,Tiki Trading,available,1000,False,True,True
279091475,Combo 5 cuốn Truyện thần thoại của nhà Brownstone,399000,420000,5,0.0,0,1,Joe Todd-Stanton,Công Ty Cổ Phần Văn Hóa Đông A,Nhà Xuất Bản Dân Trí,,Bìa mềm,,,Đông A Books Official,available,1000,True,True,True
278716022,Sách - Tranh Truyện Lịch Sử Việt Nam - Trần Nhật Duật,18400,20000,8,0.0,0,2,"Lê Phương Liên,  Lê Minh Hải",Nhà Xuất Bản Kim Đồng,Nhà Xuất Bản Kim Đồng,,Bìa mềm,,2023-12-21,Nhà sách Fahasa,available,1000,True,True,True
278712118,Sách - Lớp Học Mật Ngữ - Phiên Bản Mới - Tập 13 - Tặng Kèm Túi Bí Mật Móc Khóa Cung Hoàng Đạo Kiwi Kiwi,28500,30000,5,0.0,0,17,B R O group,BÁO TIỀN PHONG,Báo Sinh Viên VN - Hoa Học Trò,,Bìa mềm,,2023-12-21,Nhà sách Fahasa,available,1000,True,True,True
278633387,Sách - Đại Dương Thủ Thỉ - Chiếc Răng Của Bé Cá Mập,47500,50000,5,0.0,0,1,nhieu tac gia,Nhà Xuất Bản Kim Đồng,Nhà Xuất Bản Kim Đồng,,Bìa mềm,,2023-12-21,Nhà sách Fahasa,available,1000,True,True,True
278582529,Combo Thủ Thỉ Cùng Con (10 Cuốn),280000,350000,20,0.0,0,3,Emma Dodd,Nhà Xuất Bản Kim Đồng,Nhà Xuất Bản Kim Đồng,,Bìa mềm,,,Tiki Trading,available,1000,False,True,True
278153507,Sách - Thế Giới Ô Tô - Xe Cảnh Sát Thần Tốc (Tái Bản 2025),38400,40000,4,0.0,0,3,nhieu tac gia,Nhà Xuất Bản Kim Đồng,Nhà Xuất Bản Kim Đồng,,Bìa mềm,,2023-12-21,Nhà sách Fahasa,available,1000,True,True,True
278074047,Sách Cuộc Sống Là Một Món Quà,62000,65000,5,0.0,0,13,Liz Climo,Nhà Xuất Bản Kim Đồng,Nhà Xuất Bản Kim Đồng,,Bìa mềm,112.0,,Tiki Trading,available,1000,False,True,True
277483595,Sách Âm Thanh Của Sắc Màu,185000,190000,3,5.0,1,19,Jimmy Liao,Nhà Xuất Bản Kim Đồng,Nhà Xuất Bản Kim Đồng,,Bìa mềm,124.0,2025-01-01,Tiki Trading,available,1000,False,True,True
277483586,Sách Hòn Đá Xanh,201000,210000,4,5.0,1,39,Jimmy Liao,Nhà Xuất Bản Kim Đồng,Nhà Xuất Bản Kim Đồng,,Bìa mềm,140.0,2025-01-01,Tiki Trading,available,1000,False,True,True
277019438,Sách Trắng Mây Tóc Mẹ,44100,45000,2,3.0,2,30,Nhiều tác giả,Nhà Xuất Bản Kim Đồng,Nhà Xuất Bản Kim Đồng,,Bìa mềm,,2024-03-12,Tiki Trading,available,1000,False,True,True
276957852,Sách Tất Tần Tật Tết Ta,83000,90000,8,0.0,0,5,Thương Thương,Nhà Xuất Bản Kim Đồng,Nhà Xuất Bản Kim Đồng,,Bìa cứng,48.0,2025-01-01,Tiki Trading,available,1000,False,True,True
275581743,Sách - Combo 7 tập - Những câu chuyện lý thú về cơ thể người,245000,245000,0,0.0,0,1,nhieu tac gia,Đinh Tị,Nhà Xuất Bản Văn Học,,Bìa mềm,252.0,2024-07-08,Bamboo Books,available,1000,True,True,True
275429524,Truyện tranh lớp học xả stress - Bí kíp vượt qua kì thi,43000,58000,26,5.0,6,85,Xiao Pin,Megabook,Nhà Xuất Bản Thế Giới,,Bìa mềm,,2024-06-01,Tiki Trading,available,1000,False,True,True
271518953,Sách Lật giở song ngữ - HOA GÌ THẾ,61920,86000,28,4.8,5,54,Yusuke Yonezu,Nhã Nam,Nhà Xuất Bản Thông Tấn,,Bìa cứng,14.0,2023-08-24,Tiki Trading,available,1000,False,True,True
271518930,Sách Lật giở song ngữ - MÓN GÌ VẬY,66220,86000,23,0.0,0,55,Yusuke Yonezu,Nhã Nam,Nhà Xuất Bản Thông Tấn,,Bìa cứng,14.0,2023-08-24,Tiki Trading,available,1000,False,True,True
271516188,Sách Làm Bạn Cùng Con,38600,42000,8,0.0,0,7,"Henry Lo, Yi-Ting Lee",Kim Đồng,Nhà Xuất Bản Kim Đồng,,Bìa mềm,44.0,2023-08-24,Tiki Trading,available,1000,False,True,True
270715934,Chú Thuật Hồi Chiến - Tập 4 (Bản thường),30000,30000,0,0.0,0,2,Gege Akutami,NXB Kim Đồng,Nhà Xuất Bản Kim Đồng,,Bìa mềm,200.0,,Nhà Sách Phương Nam,available,1000,True,True,True
269973467,Tranh Truyện Lịch Sử Việt Nam - Mạc Đĩnh Chi (Tái Bản 2023),18400,20000,8,0.0,0,6,"An Cương,  Lê Minh Hải",Nhà Xuất Bản Kim Đồng,Nhà Xuất Bản Kim Đồng,,,,,Nhà sách Fahasa,available,1000,True,True,True
263510666,Tranh Truyện Lịch Sử Việt Nam: Chu Văn An,18400,20000,8,0.0,0,14,"Lê Minh Hải,  Hiếu Minh",Nhà Xuất Bản Kim Đồng,Nhà Xuất Bản Kim Đồng,,,,,Nhà sách Fahasa,available,1000,True,True,True
253178577,Bé Học Lễ Giáo - Bubu 46: Xin Lỗi,12750,15000,15,0.0,0,1,,Đinh Tị,NXB Trẻ,,,,,Nhà Xuất Bản Trẻ,available,1000,True,True,True
251590745,Bé Học Lễ Giáo - Bubu Tập 26: Bị Cảm (Tái Bản 2023),15000,15000,0,0.0,0,15,Nhiều tác giả,NXB Trẻ,NXB Trẻ,,,,,Nhà sách Fahasa,available,1000,True,True,True
248789010,Tranh Truyện Lịch Sử Việt Nam: Lý Công Uẩn (Tái Bản 2023),18400,20000,8,0.0,0,20,"Nam Việt,  Tạ Huy Long",Nhà Xuất Bản Kim Đồng,Nhà Xuất Bản Kim Đồng,,,,,Nhà sách Fahasa,available,1000,True,True,True
219460680,Từ Điển Bằng Tranh - Bảng Chữ Cái Tiếng Việt (Bìa Cứng),98400,120000,18,0.0,0,7,Phan Minh Đạo,Nhà sách Minh Thắng,NXB Dân Trí,,,,,Nhà sách Fahasa,available,1000,True,True,True
207755507,Sách Miền Hoang Dã - Cái Ôm Hào Hiệp Của Chú Gấu,35800,55000,35,5.0,3,64,Nicholas Oldland,Thái Hà,Nhà Xuất Bản Công Thương,,Bìa mềm,32.0,2022-11-11,Tiki Trading,available,1000,False,True,True
198643645,"Sách Sự tích Việt Nam, 10 tập",74000,100000,26,0.0,0,19,"Đông A, Phạm Tuân",Công Ty Cổ Phần Văn Hóa Đông A,Nhà Xuất Bản Dân Trí,,Bìa mềm,12.0,2022-09-01,Tiki Trading,available,1000,False,True,True
198415071,Sách Cẩm Nang Dã Ngoại (Tái Bản 2022),67000,95000,29,0.0,0,23,Nhiều tác giả,NXB Trẻ,NXB Trẻ,,Bìa mềm,224.0,2022-10-10,Tiki Trading,available,1000,False,True,True
195623274,100 truyện ngụ ngôn song ngữ anh việt hay nhất,125000,125000,0,0.0,0,0,,Minh Long,Nhà Xuất Bản Mỹ Thuật,,,,,Nhà Sách Vĩnh Thụy,available,1000,True,True,True
193736838,Danh Tác Thế Giới: Tội Ác Và Trừng Phạt (Tái Bản 2022),38000,40000,5,5.0,5,26,Neung In Publishing Company,Nhà Xuất Bản Kim Đồng,Nhà Xuất Bản Kim Đồng,,,,,Nhà sách Fahasa,available,1000,True,True,True
174321470,Tập Tục Quê Em - Lễ Hội Ok Om Bok (Tái Bản 2022),29700,30000,1,0.0,0,4,Thanh Lê,Nhà Xuất Bản Kim Đồng,Nhà Xuất Bản Kim Đồng,,,,,Nhà sách Fahasa,available,1000,True,True,True
135754583,Sách Những Câu Chuyện Truyền Cảm Hứng - I Will Be Better: Con Sẽ Không Dựa Dẫm,55100,58000,5,5.0,49,461,Yunan,NXB Kim Đồng,Nhà Xuất Bản Kim Đồng,,Bìa mềm,232.0,2021-10-01,Tiki Trading,available,1000,False,True,True
107802185,Sách Tiếng Sét Ái Tình Ở Xóm Gà (Tái Bản),55100,58000,5,0.0,0,5,"Christian Jolibois, Christian Heinrich",Nhã Nam,Nhà Xuất Bản Hà Nội,,Bìa mềm,48.0,2021-06-01,Nhà sách Fahasa,available,1000,True,True,True
73228548,Sách Ông Già - Khủng Long Thân Mến - Dear Santasaur,53000,79000,33,5.0,2,22,Chae Strathie,Quảng Văn,Nhà Xuất Bản Phụ Nữ Việt Nam,,Bìa mềm,60.0,,Tiki Trading,available,1000,False,True,True
52423046,Sách Trái Cây Đại Chiến Zombie - Thế Giới Robot - Tập 3: Trận Chiến Siêu Cấp,88300,95000,7,5.0,11,64,Tiểu Giang Nam,Huy Hoàng Bookstore,Nhà Xuất Bản Phụ Nữ Việt Nam,,Bìa mềm,160.0,2020-04-01,Nhà sách Fahasa,available,1000,True,True,True
45370388,Sách Tớ Chọn Người Mẹ Này,52800,55000,4,0.0,0,3,Nobumi,Thái Hà,Nhà Xuất Bản Lao Động,,Bìa mềm,34.0,2019-12-01,Nhà sách Fahasa,available,1000,True,True,True
45370386,Sách Vị Thần Trên Đầu,40000,55000,27,5.0,2,38,Nobumi,Thái Hà,Nhà Xuất Bản Lao Động,,Bìa mềm,34.0,2019-12-01,Tiki Trading,available,1000,False,True,True
16683165,Pinocchio - Truyện Song Ngữ Anh - Việt,29700,35000,15,4.8,13,86,.,Tân Việt,,,Bìa mềm,24.0,2019-05-01,Nhà sách Fahasa,available,1000,True,True,True
548572,Sách Ehon - Thực Phẩm Tâm Hồn Cho Bé - Cùng Xây Nhà Nào!,33800,49000,31,5.0,35,1875,Lời: Fumiko Takeshita - Tranh:  Mamoru Suzuki,Thái Hà,,,Bìa mềm,36.0,2016-09-29,Tiki Trading,available,1000,False,False,True
474744,Combo Truyện Ehon Nhật Bản - 10 Chú Ếch (Trọn Bộ 6 Cuốn,222500,224800,1,0.0,0,1,Hisako Madokoro & Michiko Nakagawa,Quảng Văn,,,Bìa mềm,204.0,2016-02-25,Minhhabooks,available,1000,True,False,True
371445,Sách Nhóc Miko: Edo Rắc Rối Ký,23200,25000,7,4.8,39,1934,ONO Eriko,NXB Trẻ,NXB Trẻ,,Bìa mềm,190.0,2013-08-19,Tiki Trading,available,1000,False,False,True
278966758,Sách - Lớp Học Mật Ngữ - Phiên Bản Mới - Tập 7 (Tái Bản 2025) - Tặng Kèm Quà Tặng Ngẫu Nhiên,27600,30000,8,0.0,0,5,B R O group,BÁO TIỀN PHONG,Báo Sinh Viên VN - Hoa Học Trò,,Bìa mềm,,2023-12-21,Nhà sách Fahasa,available,1000,True,True,True
278872155,Sách Zookiz Và Trường Khoa Học Bí Ẩn - Tập 8: Viện Bảo Tàng Kì Bí,64000,65000,2,0.0,0,3,"Jae Hoon Choi, Zookiz, Nautilus Inc",Nhà Xuất Bản Kim Đồng,Nhà Xuất Bản Kim Đồng,,Bìa mềm,144.0,,Tiki Trading,available,1000,False,True,True
278668626,Bộ Sách Bé Có Phép Màu,21000,30000,30,0.0,0,0,"Becky Cummings, Nejla Shojaie",NXB Trẻ,NXB Trẻ,,Bìa mềm,,2025-09-29,Tiki Trading,available,1000,False,True,True
278636686,Sách Zookiz Và Trường Khoa Học Bí Ẩn - Tập 7: Chạm Trán Người Ngoài Hành Tinh,64000,65000,2,0.0,0,6,"Jae Hoon Choi, Zookiz, Nautilus Inc",Nhà Xuất Bản Kim Đồng,Nhà Xuất Bản Kim Đồng,,Bìa mềm,144.0,,Tiki Trading,available,1000,False,True,True
276928979,"Sách I’d Know You Anywhere, Dad",46000,50000,8,0.0,0,2,Tịnh Tâm,Nhà Xuất Bản Kim Đồng,Nhà Xuất Bản Kim Đồng,,Bìa mềm,44.0,2025-01-01,Tiki Trading,available,1000,False,True,True
276849989,Bộ Sách Lòng Mẹ Bao La,33100,36000,8,0.0,0,9,Nhiều tác giả,Nhà Xuất Bản Kim Đồng,Nhà Xuất Bản Kim Đồng,,Bìa mềm,,2024-03-12,Tiki Trading,available,1000,False,True,True
274872659,Truyện Cổ Tích Việt Nam - Ăn Khế Trả Vàng,48400,55000,12,0.0,0,1,Nguyên Hà,Fahasa,Nhà Xuất Bản Hội Nhà Văn,,,,,Nhà sách Fahasa,available,1000,True,True,True
274471249,Chạm Tay Vào Toán Học - Một Ngày Của Thỏ Con,45000,45000,0,0.0,0,2,Khúc Khúc,Nhà Xuất Bản Kim Đồng,Nhà Xuất Bản Kim Đồng,,Bìa mềm,40.0,,Bamboo Books,available,1000,True,True,True
273486376,Sách Cerise Trong Vũ Trụ,31500,45000,30,5.0,2,57,"Luc Foccroulle, Annick Masson",First News - Trí Việt,Nhà Xuất Bản Dân Trí,,Bìa mềm,32.0,2023-11-11,Tiki Trading,available,1000,False,True,True
273246004,Sách - Cuốn sách lớn rực rỡ về nhà thiên văn học,60720,69000,12,0.0,0,3,Liesbet Slegers,Nhã Nam,Nhà Xuất Bản Hà Nội,,Bìa mềm,36.0,2023-11-14,Nhã Nam Official,available,1000,True,True,True
272184269,Sách A Home In The Grassland,72000,90000,20,0.0,0,11,"Lý Lan, Trần Quốc Anh",Kim Đồng,Nhà Xuất Bản Kim Đồng,,Bìa mềm,156.0,2023-09-25,Tiki Trading,available,1000,False,True,True
272057349,Sách - Combo 2 cuốn: Đức Phật ở đâu + Dưới cội bồ đề - Câu chuyện về cuộc đời Đức Phật (Song ngữ Anh - Việt),119000,119000,0,0.0,0,8,nhieu tac gia,Công Ty TNHH Xuất bản và Giáo dục Mochibooks,3A Corporation,,Bìa cứng,44.0,2023-08-01,Nhà sách Mochibooks,available,1000,True,True,True
269947067,Tranh Truyện Dân Gian Việt Nam: Cậu Bé Tích Chu (Tái Bản 2023),19600,20000,2,0.0,0,2,"Nhiên Hà,  Trương Hiếu",Nhà Xuất Bản Kim Đồng,Nhà Xuất Bản Kim Đồng,,,,,Nhà sách Fahasa,available,1000,True,True,True
262903799,Tranh Truyện Lịch Sử Việt Nam: An Dương Vương (Tái Bản 2023),18400,20000,8,0.0,0,3,"Tạ Huy Long,  Nguyễn Việt Hà",Nhà Xuất Bản Kim Đồng,Nhà Xuất Bản Kim Đồng,,,,,Nhà sách Fahasa,available,1000,True,True,True
262792275,Tranh Truyện Lịch Sử Việt Nam: Mai Thúc Loan (Tái Bản 2023),18400,20000,8,0.0,0,2,"Lê Minh Hải,  Anh Chi",Nhà Xuất Bản Kim Đồng,Nhà Xuất Bản Kim Đồng,,,,,Nhà sách Fahasa,available,1000,True,True,True
258215814,100 Từ Đầu Đời Của Bé: Con Vật (Tái Bản 2023),79000,85000,7,0.0,0,3,"Tịnh Lâm,  Hiếu Minh",Nhà Xuất Bản Kim Đồng,Nhà Xuất Bản Kim Đồng,,,,,Nhà sách Fahasa,available,1000,True,True,True
252539329,Tranh Truyện Dân Gian Việt Nam: Hai Anh Em Và Cây Thuốc Thần (Tái Bản 2023),19600,20000,2,0.0,0,2,"Nguyễn Trung Dũng,  Hồng Hà",Nhà Xuất Bản Kim Đồng,Nhà Xuất Bản Kim Đồng,,,,,Nhà sách Fahasa,available,1000,True,True,True
252125800,KINH THÁNH CHO THIẾU NHI – Cựu Ước và Tân Ước,200000,200000,0,5.0,4,47,Karine Marie Amiot,Công ty TNHH Bayard Việt Nam,Nhà Xuất Bản Tôn Giáo,,Bìa mềm,248.0,2023-05-04,Bayard Việt Nam,available,1000,True,True,True
251872622,Sách Wolfoo Khám Phá Không Gian,37800,59000,36,5.0,1,26,1980 Edu,1980 Books,Nhà Xuất Bản Dân Trí,,Bìa mềm,28.0,2023-04-04,Tiki Trading,available,1000,False,True,True
248789096,Tranh Truyện Dân Gian Việt Nam: Sự Tích Dưa Hấu (Tái Bản 2023),19600,20000,2,0.0,0,2,"Nguyễn Công Hoan,  Hồng Hà",Nhà Xuất Bản Kim Đồng,Nhà Xuất Bản Kim Đồng,,,,,Nhà sách Fahasa,available,1000,True,True,True
222723598,Từ Điển Bằng Tranh - Cờ Các Quốc Gia Trên Thế Giới (Tái Bản 2023),94300,115000,18,0.0,0,8,Phan Minh Đạo,Nhà sách Minh Thắng,NXB Dân Trí,,,,,Nhà sách Fahasa,available,1000,True,True,True
208403344,Tây Du Kí - Tập 4: Thu Nhận Trư Bát Giới,48000,50000,4,0.0,0,1,Ngô Thừa Ân,Nhà Xuất Bản Kim Đồng,Nhà Xuất Bản Kim Đồng,,,,,Nhà sách Fahasa,available,1000,True,True,True
208271122,Bé Học Lễ Giáo - Bubu 05: Ích Kỷ (Tái Bản 2022),15000,15000,0,0.0,0,8,Nhiều tác giả,NXB Trẻ,NXB Trẻ,,,,,Nhà sách Fahasa,available,1000,True,True,True
207652106,Danh Nhân Thế Giới - Napoleon,24000,30000,20,5.0,1,28,Quân Thê Uôn,NXB Kim Đồng,Nhà Xuất Bản Kim Đồng,,Bìa mềm,160.0,,Nhà Sách Phương Nam,available,1000,True,True,True
196058100,Bé Học Lễ Giáo - Bubu 49: Bực Mình (Tái Bản 2022),14800,15000,1,5.0,1,32,Nhiều tác giả,NXB Trẻ,NXB Trẻ,,,,,Nhà sách Fahasa,available,1000,True,True,True
167509020,Picture Book Song Ngữ - Chú Sâu Háu Ăn (The very hungry caterpillar),89000,89000,0,5.0,2,58,,Quang Van Books,Nhà Xuất Bản Văn Học,,,,,Casa Sunshine,available,1000,True,True,True
135754575,Sách Những Câu Chuyện Truyền Cảm Hứng - I Will Be Better: Dũng Cảm Thử Lại Lần Nữa,58000,58000,0,0.0,0,0,Yunan,NXB Kim Đồng,Nhà Xuất Bản Kim Đồng,,Bìa mềm,236.0,2021-10-01,Nhà Sách Vĩnh Thụy,available,1000,True,True,True
130429026,Combo 12 Cuốn: Không Sao Đâu Con!,348000,396000,12,5.0,17,104,Trần Tuấn Hồng,NXB Kim Đồng,Nhà Xuất Bản Kim Đồng,,Bìa mềm,288.0,2021-10-10,Tiki Trading,available,1000,False,True,True
116396532,Sách Who? K-Pop Twice,53900,55000,2,5.0,2,6,"Yoon Sangseok, Seo Younghee",NXB Kim Đồng,Nhà Xuất Bản Kim Đồng,,Bìa mềm,172.0,2021-08-15,Nhà sách Fahasa,available,1000,True,True,True
101548570,Sách Lá Cờ Thêu Sáu Chữ Vàng (Tái Bản 2021),58000,60000,3,0.0,0,17,"Nguyễn Huy Tưởng, Văn Minh",NXB Kim Đồng,Nhà Xuất Bản Kim Đồng,,Bìa mềm,48.0,2021-05-15,Tiki Trading,available,1000,False,True,True
80414669,Sách Nguyễn Văn Trỗi,49000,50000,2,5.0,2,20,Hoài Lộc,NXB Kim Đồng,Nhà Xuất Bản Kim Đồng,,Bìa mềm,48.0,2021-03-01,Nhà sách Fahasa,available,1000,True,True,True
77581024,Sách Bác Sĩ Aibolit,48400,55000,12,5.0,1,33,Kornei Chukovsky,Công ty TNHH Quốc Tế Mai Hà,Nhà Xuất Bản Hà Nội,,Bìa mềm,32.0,2021-02-12,Nhà sách Fahasa,available,1000,True,True,True
73881156,Sách rèn luyện kỹ năng cho bé từ 0 - 8 tuổi - Truyện Tranh Chuyện cỏn chuyện con - tập 3 (Voi Con Đáng Yêu),14500,29000,50,5.0,40,166,Việt An,Công ty TNHH Truyền Thông Việt An,Nhà Xuất Bản Phụ Nữ Việt Nam,,Bìa mềm,52.0,2020-08-07,Việt An books,available,1000,True,True,True
73228544,Sách T. Rex Du Ngoạn - Khủng Long Thân Mến,60600,79000,23,0.0,0,15,Chae Strathie,Quảng Văn,Nhà Xuất Bản Phụ Nữ Việt Nam,,Bìa mềm,60.0,,Tiki Trading,available,1000,False,True,True
70369787,Hai Mươi Truyện Thêm Một,77000,80000,4,4.8,21,153,"Gianni Rodari, Giulia Orecchia",NXB Kim Đồng,Nhà Xuất Bản Kim Đồng,,Bìa mềm,160.0,2020-10-01,Tiki Trading,available,1000,False,True,True
52423048,Sách Trái Cây Đại Chiến Zombie - Thế Giới Robot - Tập 6: Thám Hiểm Đảo Thần Bếp,88300,95000,7,5.0,7,47,Tiểu Giang Nam,Huy Hoàng Bookstore,Nhà Xuất Bản Phụ Nữ Việt Nam,,Bìa mềm,160.0,2020-04-01,Nhà sách Fahasa,available,1000,True,True,True
1028604,Combo Vì Sao Tớ Yêu (Trọn Bộ 4 Cuốn),119350,119350,0,4.8,14,269,Daniel Howarth,Nhà Xuất Bản Kim Đồng,Nhà Xuất Bản Kim Đồng,,Bìa mềm,,2017-10-16,AHABOOKS,available,1000,True,True,True
475377,Sách Bé Tập Kể Chuyện - Chú Thỏ Nhút Nhát,12350,15000,18,4.6,11,1084,.,NXB Trẻ,,,Bìa mềm,14.0,2016-03-02,Tiki Trading,available,1000,False,False,True
467757,Sách Cơn Gió Và Mặt Trời,21250,25000,15,5.0,1,9,,NXB Trẻ,NXB Trẻ,,Bìa mềm,33.0,2016-01-04,Nhà Xuất Bản Trẻ,available,1000,True,True,True
407784,Cùng Bố Mẹ Đọc Sách Bé Nghĩ Lời Kết - Chiếc Gương Thần,24600,35000,30,3.0,2,100,Nhóm tác giả,Tân Việt,,,Bìa mềm,63.0,2014-06-23,Tiki Trading,available,1000,False,True,True
279226050,Sách Người Lạ Trên Bè Cứu Sinh ,80000,80000,0,0.0,0,2,Mitch Albom,Nhà Xuất Bản Kim Đồng,Nhà Xuất Bản Kim Đồng,,Bìa mềm,276.0,,Tiki Trading,available,1000,False,True,True
279226036,Combo Sách Tua Nhanh Danh Tác Bằng Tranh (2 Cuốn) ,148500,198000,25,0.0,0,0,"Soledad Bravi, Pascale Frey",Nhà Xuất Bản Kim Đồng,Nhà Xuất Bản Kim Đồng,,Bìa mềm,168.0,,Tiki Trading,available,1000,False,True,True
279098009,Người Canh Gác,98000,99000,1,0.0,0,0,Christos,Nhà Xuất Bản Kim Đồng,Nhà Xuất Bản Kim Đồng,,Bìa mềm,188.0,,Tiki Trading,available,1000,False,True,True
279098008,Tớ Ước Bạn Mèo Mơ Mau Lớn!,57800,60000,4,5.0,1,1,Clara Woo,Nhà Xuất Bản Kim Đồng,Nhà Xuất Bản Kim Đồng,,Bìa mềm,40.0,,Tiki Trading,available,1000,False,True,True
279097930,Cửa Tiệm Bán Dù Kì Diệu,49000,50000,2,0.0,0,0,Ayuko Tanaka,Nhà Xuất Bản Kim Đồng,Nhà Xuất Bản Kim Đồng,,Bìa mềm,36.0,,Tiki Trading,available,1000,False,True,True
278967802,Sách - Trải Nghiệm Đầu Tiên - Maisy Đi Hiệu Sách,39200,40000,2,0.0,0,2,nhieu tac gia,Nhà Xuất Bản Kim Đồng,Nhiều Nhà Xuất Bản,,Bìa mềm,,2023-12-21,Nhà sách Fahasa,available,1000,True,True,True
278712152,"Sách - Lớp Học Mật Ngữ - Tuyển Tập Đặc Biệt Kỷ Niệm 10 Năm THE BEST - Tuyển Tập Truyện ""Đỉnh Nóc"" Về Nhân Mã Nam - Tặng Kèm Túi Đựng Bút In Hình Nhân Vật",81000,90000,10,0.0,0,10,B R O group,BÁO TIỀN PHONG,Báo Sinh Viên VN - Hoa Học Trò,,Bìa mềm,,2023-12-21,Nhà sách Fahasa,available,1000,True,True,True
278710194,Sách Món Quà Mùa Xuân,50000,50000,0,0.0,0,0,Makiko Toyofuku,Nhà Xuất Bản Kim Đồng,Nhà Xuất Bản Kim Đồng,,Bìa mềm,36.0,,Bamboo Books,available,1000,True,True,True
278709308,Combo Sách Ehon Của Tác Giả Makiko Toyofuku (4 Cuốn),195000,200000,3,5.0,1,5,Makiko Toyofuku,Nhà Xuất Bản Kim Đồng,Nhà Xuất Bản Kim Đồng,,Bìa mềm,,,Tiki Trading,available,1000,False,True,True
278380028,Sách Zookiz Và Trường Khoa Học Bí Ẩn,45000,60000,25,0.0,0,6,"Jae Hoon Choi, Zookiz, Myeong Seon Lee",Nhà Xuất Bản Kim Đồng,Nhà Xuất Bản Kim Đồng,,Bìa mềm,144.0,,Tiki Trading,available,1000,False,True,True
278236372,Sách Học Từ Vựng Qua Bài Hát,54900,110000,50,0.0,0,1,"Phạm Ngọc Tuấn, Tú Hiền",Tân Việt,Nhà Xuất Bản Mỹ Thuật,,Bìa mềm,22.0,,Tiki Trading,available,1000,False,True,True
276849979,Bộ Truyện Hay Dạy Lòng Tốt,50600,55000,8,0.0,0,1,Nhiều tác giả,Nhà Xuất Bản Kim Đồng,Nhà Xuất Bản Kim Đồng,,Bìa mềm,,2024-03-12,Tiki Trading,available,1000,False,True,True
276528253,Danh Nhân Thế Giới,30000,30000,0,5.0,9,43,nhieu tac gia,Nhà Xuất Bản Kim Đồng,Nhà Xuất Bản Kim Đồng,,Bìa mềm,160.0,,NewShop Official,available,1000,True,True,True
275878773,Sách Người Que,46000,50000,8,0.0,0,11,"Julia Donaldson, Axel Scheffler",NXB Kim Đồng,Nhà Xuất Bản Kim Đồng,,Bìa mềm,32.0,,Tiki Trading,available,1000,False,True,True
275416501,"Combo 3 cuốn cuộc sống của nhà thám hiểm nhí Hilda (Hilda và quỷ đá, người khổng lồ nửa đêm, và cuộc diễu hành chim)",207000,230000,10,0.0,0,0,,Công Ty Cổ Phần Văn Hóa Đông A,NXB Dân Trí,,Bìa mềm,136.0,,Đông A Books Official,available,1000,True,True,True
275284454,Gấu Mèo Chester Và Kẻ Bắt Nạt To Xác Xấu Xa,69000,69000,0,0.0,0,1,"Audrey Penn,  Barbara L Gibson",Công ty TNHH Thương mại và Dịch vụ Văn hóa Hà Nội,Nhà Xuất Bản Phụ Nữ Việt Nam,,Bìa mềm,64.0,,Tazano Official Store,available,1000,True,True,True
274931281,Những Câu Chuyện Bồi Dưỡng Chỉ Số - EQ - Chỉ Số Cảm Xúc,67500,75000,10,0.0,0,1,UTOP,Megabook,nxb thanh nien,,,,,Nhà sách Fahasa,available,1000,True,True,True
274840264,Đồng Nghiệp Chỗ Tôi Hút Mắt Quá Trời! - Tập 2,36000,36000,0,0.0,0,1,ma2,NXB Kim Đồng,Nhà Xuất Bản Kim Đồng,,Bìa mềm,130.0,,Bamboo Books,available,1000,True,True,True
273789369,Khéo Khôn Với Tiền - Tránh Những Ưu Phiền,142500,150000,5,4.5,4,52,Lê Thị Thúy Sen,Nhà Xuất Bản Kim Đồng,Nhà Xuất Bản Kim Đồng,,,,,Nhà sách Fahasa,available,1000,True,True,True
271730546,Sách song ngữ - Mẹ yêu con nhiều hơn và Mẹ sẽ ôm con nhiều hơn - Ehomebooks,66300,69000,4,0.0,0,4,Laura Duksta,Quảng Văn,Nhà Xuất Bản Phụ Nữ Việt Nam,,Bìa mềm,36.0,,Mộc Nhiên Kids Store,available,1000,True,True,True
271135833,Những Câu Chuyện Tình Bạn - Cún Con Và Mèo Con,24700,25000,1,0.0,0,4,,NXB Trẻ,NXB Trẻ,,,,,Nhà sách Fahasa,available,1000,True,True,True
270626251,Truyện Doremon Trọn Bộ 45 Tập,1150000,1150000,0,0.0,0,10,Michiaki Tanaka - Fujiko F. Fujio,NXB Kim Đồng,Nhà Xuất Bản Kim Đồng,,Bìa mềm,196.0,,Bảo Châu Books,available,1000,True,True,True
263558381,Sách Thế Giới Động Vật,32200,35000,8,0.0,0,1,,Kim Đồng,Nhà Xuất Bản Kim Đồng,,Bìa mềm,24.0,2023-06-22,Tiki Trading,available,1000,False,True,True
262451693,Thế Giới Của Peppa - Làm Và Chơi,29700,30000,1,0.0,0,0,Nhiều tác giả,Nhà Xuất Bản Kim Đồng,Nhà Xuất Bản Kim Đồng,,,,,Nhà sách Fahasa,available,1000,True,True,True
260803532,Sách Nguyên Lí Khoa Học Trong Thể Thao,33250,35000,5,5.0,2,19,Alix Wood,Wings Books,Nhà Xuất Bản Kim Đồng,,Bìa mềm,32.0,2023-05-01,Tiki Trading,available,1000,False,True,True
248789036,Tranh Truyện Lịch Sử Việt Nam: Yết Kiêu - Dã Tượng (Tái Bản 2023),18400,20000,8,0.0,0,9,"Hà Ân,  Tạ Huy Long",Nhà Xuất Bản Kim Đồng,Nhà Xuất Bản Kim Đồng,,,,,Nhà sách Fahasa,available,1000,True,True,True
248722635,Sách Thế Giới Của Peppa - Mất Điện Rồi,28500,30000,5,0.0,0,6,Nhiều tác giả,NXB Kim Đồng,Nhà Xuất Bản Kim Đồng,,Bìa mềm,24.0,2023-03-23,Tiki Trading,available,1000,False,True,True
214651540,Truyện Cổ Tích Việt Nam (Song Ngữ Việt-Anh) - Thạch Sanh,16000,16000,0,0.0,0,14,Khánh Vân,Đinh Tị,nxb thanh nien,,,,,Nhà sách Fahasa,available,1000,True,True,True
214651536,Truyện Cổ Tích Việt Nam (Song Ngữ Việt-Anh) - Cây Tre Trăm Đốt,16000,16000,0,5.0,1,27,Khánh Vân,Đinh Tị,nxb thanh nien,,,,,Nhà sách Fahasa,available,1000,True,True,True
205802225,Từ Điển Bằng Tranh - Thế Giới Động Vật (Tái Bản),98400,120000,18,5.0,1,9,Phan Minh Đạo,Nhà sách Minh Thắng,NXB Dân Trí,,,,,Nhà sách Fahasa,available,1000,True,True,True
197626809,Trọn bộ Chuột Típ - 17 cuốn,390650,390650,0,0.0,0,5,, NXB Kim Đồng,Nhà Xuất Bản Kim Đồng,,Bìa mềm,,,Phương Đông Books,available,1000,True,True,True
191977198,Bộ sách 8 cuốn thiếu nhi Gieo những mầm xanh (Cuốn lẻ),40500,45000,10,5.0,1,15,nhieu tac gia,Đông A,Nhà Xuất Bản Dân Trí,,Bìa mềm,,,Cá Chép Bookstore,available,1000,True,True,True
158706490,Sách Tết Ơi Tết Đâu Rồi?,38400,40000,4,4.5,2,46,Thảo Lê,NXB Kim Đồng,Nhà Xuất Bản Kim Đồng,,Bìa mềm,36.0,2022-01-01,Tiki Trading,available,1000,False,True,True
142791692,"Mẹ Yêu Con Nhiều Hơn, Con Yêu Mẹ Nhiều Hơn (Sách Song Ngữ) (Tái Bản)",45600,69000,34,5.0,8,103,"Laura Kuksta, Karen Keesler",Quảng Văn,Nhà Xuất Bản Phụ Nữ Việt Nam,,Bìa mềm,36.0,2021-11-11,Tiki Trading,available,1000,False,True,True
130416604,Sách Không Sao Đâu Con! Làm Gì Khi Bị Điểm Kém?,31700,33000,4,5.0,1,12,Trần Tuấn Hồng,NXB Kim Đồng,Nhà Xuất Bản Kim Đồng,,Bìa mềm,24.0,2021-10-01,Tiki Trading,available,1000,False,True,True
118970583,Sách Astérix - Vùng Đất Thần Thánh,74000,80000,8,5.0,36,194,"Rene Goscinny, Albert Uderzo",NXB Kim Đồng,Nhà Xuất Bản Kim Đồng,,Bìa mềm,52.0,2021-08-13,Tiki Trading,available,1000,False,True,True
73924631,Combo Trọn Bộ 5 Cuốn How : Bọ Rùa Nặng Chừng Nào? + Cá Voi Dài Bao Nhiêu? + Chuột Túi Nhảy Xa Chừng Nào? + Khủng Long Bạo Chúa Cao Chừng Nào? + Khủng Long Móng Vuốt Chạy Nhanh Chừng Nào?,237500,250000,5,0.0,0,5,Alison Limentani,NXB Kim Đồng,Nhà Xuất Bản Kim Đồng,,Bìa mềm,162.0,2020-12-15,Tiki Trading,available,1000,False,False,True
50361500,Cẩm Nang Tự Lập Tuổi Mẫu Giáo - Đi Xe Đạp Vèo Vèo,27400,28000,2,5.0,2,32,"Jonathan London,  Frank Remkiewicz",Cty Mĩ Thuật & Truyền Thông (ADC),Nhà Xuất Bản Giáo Dục Việt Nam,,,,,Nhà sách Fahasa,available,1000,True,True,True
46253690,Sách GOOSEBUMPS – Nổi Da Gà: Máu Quái,44640,62000,28,4.7,20,187,R.L. Stine,Nhã Nam,Nhà Xuất Bản Hội Nhà Văn,,Bìa mềm,156.0,2019-12-01,Tiki Trading,available,1000,False,True,True
474297,Combo Tý Quậy (Trọn Bộ 9 Cuốn),340950,340950,0,5.0,28,186,Đào Hải,Nhà Xuất Bản Kim Đồng,Nhà Xuất Bản Kim Đồng,,Bìa mềm,,2016-02-24,AHABOOKS,available,1000,True,True,True
279243479,Sách - Sách Anh Em Bình Thường (Trọn Bộ/ Lẻ),63700,75000,15,0.0,0,0,nhieu tac gia,Tân Việt,nxb my thuat,,Bìa mềm,,2023-12-21,Nhà sách Fahasa,available,1000,True,True,True
279098029,Thú Thám Hiểm,30500,35000,13,0.0,0,0,Sharon Rentta,Nhà Xuất Bản Kim Đồng,Nhà Xuất Bản Kim Đồng,,Bìa mềm,32.0,,Tiki Trading,available,1000,False,True,True
278732335,Thế Giới Lớn Trong Bàn Tay Nhỏ,101000,110000,8,0.0,0,0,Nhiều tác giả,Nhà Xuất Bản Kim Đồng,Nhà Xuất Bản Kim Đồng,,Bìa mềm,116.0,,Tiki Trading,available,1000,False,True,True
278606658,Sách - Bộ Sách Thế Giới Diệu Kì Của Peppa Pig (Bộ 11 Cuốn),276200,325000,15,0.0,0,1,nhieu tac gia,Tân Việt,nxb my thuat,,Bìa mềm,,2023-12-21,Nhà sách Fahasa,available,1000,True,True,True
278311290,Sách Bé Ngoan Rèn Thói Quen Tốt: Học Cách Biết Ơn _ Grace Said Gratitude,36500,38000,4,0.0,0,0,Eric Liao,Nhà Xuất Bản Kim Đồng,Nhà Xuất Bản Kim Đồng,,Bìa mềm,44.0,,Tiki Trading,available,1000,False,True,True
278153320,Sách - Bộ Sách Thế Giới Diệu Kì Của Peppa Pig (Bộ 7 Cuốn),197200,232000,15,0.0,0,0,nhieu tac gia,Tân Việt,nxb my thuat,,Bìa mềm,,2023-12-21,Nhà sách Fahasa,available,1000,True,True,True
278147893,"Sách - Anh Em Bình Thường - Những Câu Chuyện Kinh Dị ""Bình Thường""",63700,75000,15,0.0,0,1,,Tân Việt,nxb my thuat,,Bìa mềm,,2023-12-21,Nhà sách Fahasa,available,1000,True,True,True
278130311,Sách 10 Vạn Câu Hỏi Vì Sao?,44000,60000,27,0.0,0,3,Nguyễn Loan,VanLangBooks,Nhà Xuất Bản Hồng Đức,,Bìa mềm,72.0,,Tiki Trading,available,1000,True,True,True
277591265,Sách Vang Danh Nghề Cổ: Phường Đúc Huế - Kiệt Tác Di Sản,39200,40000,2,0.0,0,2,Nhiều tác giả,Nhà Xuất Bản Kim Đồng,Nhà Xuất Bản Kim Đồng,,Bìa mềm,32.0,2025-01-01,Tiki Trading,available,1000,False,True,True
276929015,Sách Sóc Phiêu Du Muốn Trở Về Nhà,62000,65000,5,0.0,0,0,Nhiều tác giả,Nhà Xuất Bản Kim Đồng,Nhà Xuất Bản Kim Đồng,,Bìa mềm,44.0,2025-01-01,Tiki Trading,available,1000,False,True,True
276734168,Sách Song Ngữ - 10 phút đọc truyện trước giờ đi ngủ: Truyện phiêu lưu - Phát triển tính cách cho bé yêu,81750,109000,25,0.0,0,4,,Công ty TNHH Sách Hà Giang ,Nhà Xuất Bản Dân Trí,,,,,Sách Hà Giang,available,1000,True,True,True
274931274,Những Câu Chuyện Bồi Dưỡng Chỉ Số - AQ - Chỉ Số Vượt Khó,65200,75000,13,0.0,0,4,WenXi,Megabook,nxb thanh nien,,,,,Nhà sách Fahasa,available,1000,True,True,True
274931264,Những Câu Chuyện Bồi Dưỡng Chỉ Số - MQ - Chỉ Số Đạo Đức,65200,75000,13,0.0,0,2,Gu Yueshan,Megabook,nxb thanh nien,,,,,Nhà sách Fahasa,available,1000,True,True,True
274840244,Từ Ấy Tôi Đã Biết Tương Tư,86000,86000,0,5.0,1,2,,NXB Hà Nội,Nhà Xuất Bản Hà Nội,,Bìa mềm,176.0,,Nhà Sách Phương Nam,available,1000,True,True,True
274823534,"Chúng Ta Trò Truyện Nhé, Con Của Mẹ! - Mẹ Ơi, Con Bị Bắt Nạt! (Tái Bản 2024)",51800,54000,4,0.0,0,0,Bùi Sao,Cty Văn Hóa Đông Tây,Nhà Xuất Bản Phụ Nữ Việt Nam,,,,,Nhà sách Fahasa,available,1000,True,True,True
272251356,Truyện tranh - Canis Dear Hatter - Combo Tập 1+2 (Tặng Kèm 1 Postcard),229000,229000,0,0.0,0,0,ZAKK,Công ty Cổ Phần ZGroup,NXB Dân Trí,,Bìa gập,340.0,2023-09-18,Bảo Châu Books,available,1000,True,True,True
263453455,Kinh Thánh Cho Thiếu Nhi,200000,200000,0,5.0,2,60,,Công ty TNHH Bayard Việt Nam,Nhà Xuất Bản Tôn Giáo,,Bìa mềm,248.0,2023-04-30,Nhà sách NetaBooks,available,1000,True,True,True
262451758,Thế Giới Của Peppa - Thư Viện,28500,30000,5,0.0,0,0,Nhiều tác giả,Nhà Xuất Bản Kim Đồng,Nhà Xuất Bản Kim Đồng,,,,,Nhà sách Fahasa,available,1000,True,True,True
262302151,Sách Thế Giới Của Peppa,23750,25000,5,4.5,2,80,Nhiều tác giả,Kim Đồng,Nhà Xuất Bản Kim Đồng,,Bìa mềm,24.0,2023-05-17,Tiki Trading,available,1000,False,True,True
249201927,Who? Chuyện kể về danh nhân thế giới - Vincent van Gogh,54500,54500,0,0.0,0,0,, NXB Kim Đồng,Nhà Xuất Bản Kim Đồng,,Bìa mềm,,,Tiệm Sách Minh Vân,available,1000,True,True,True
248722631,Sách Thế Giới Của Peppa - Chiếc Hộp Thời Gian,27600,30000,8,0.0,0,7,Nhiều tác giả,NXB Kim Đồng,Nhà Xuất Bản Kim Đồng,,Bìa mềm,24.0,2023-03-23,Tiki Trading,available,1000,False,True,True
242992960,Sách Sói Xám Sốt Sắng Săn,36800,40000,8,5.0,4,38,"Ronan Badel, Gilles Bizouerne",NXB Kim Đồng,Nhà Xuất Bản Kim Đồng,,Bìa mềm,32.0,2023-01-01,Tiki Trading,available,1000,False,True,True
215136553,Mèo Mốc 2 - Chuyện Đèn Đỏ Và Cái Lỗ Đen Vũ Trụ (Tái Bản 2022),106700,110000,3,5.0,1,2,Mèo Mốc,AZ Việt Nam,NXB Dân Trí,,,,,Nhà sách Fahasa,available,1000,True,True,True
212326174,Danh Nhân Thế Giới - Marie Curie,24000,30000,20,0.0,0,14,Pắc Chông Hiên,NXB Kim Đồng,Nhà Xuất Bản Kim Đồng,,Bìa mềm,160.0,,Nhà Sách Phương Nam,available,1000,True,True,True
208289686,Sách Theo Và Lea Cãi Cọ,41637,59000,29,0.0,0,13,"Thierry Robberecht, Estelle Meens",Nhã Nam,Nhà Xuất Bản Hà Nội,,Bìa mềm,32.0,2022-12-12,Tiki Trading,available,1000,False,True,True
196579365,Mèo Mốc & Thế Giới Diệu Kỳ Màu Xám,124100,128000,3,5.0,2,13,Mèo Mốc,Skybooks,NXB Dân Trí,,,,,Nhà sách Fahasa,available,1000,True,True,True
194819088,Bé Học Lễ Giáo - Bubu 47: Dũng Cảm (Tái Bản 2022),15000,15000,0,5.0,1,29,Nhiều tác giả,NXB Trẻ,NXB Trẻ,,,,,Nhà sách Fahasa,available,1000,True,True,True
193857985,Cây Bách Xù - Truyện Cổ Grimm Kinh Dị Được Kể Bằng Tranh,122500,129000,5,5.0,1,10,,Nhà Xuất Bản Kim Đồng,Nhà Xuất Bản Kim Đồng,,,,,Nhà sách Fahasa,available,1000,True,True,True
134956100,Combo 8 cuốn sách tranh song ngữ Bé yêu khoa học,306600,309700,1,0.0,0,3,Ruth Spiro,Quảng Văn,Nhà Xuất Bản Phụ Nữ Việt Nam,,Bìa mềm,44.0,,Minhhabooks,available,1000,True,True,True
130781054,Combo 10 Cuốn: Chuyện Xóm Gà,580000,580000,0,0.0,0,0,,Nhã Nam,Nhà Xuất Bản Hội Nhà Văn,,Bìa mềm,,,Bamboo Books,available,1000,True,True,True
125346802,BOXSET CÁ VOI ĐÊM BÃO VÀ NHỮNG CÂU CHUYỆN KHÁC (4 QUYỂN) - Bìa mềm,261350,261350,0,5.0,8,93,Benji Davies,Kim Đồng,Nhà Xuất Bản Kim Đồng,,Bìa mềm,,2021-04-19,Phương Đông Books,available,1000,True,True,True
118970587,Sách Astérix Và Nữ Hoàng Cléopâtre,78000,80000,3,4.8,34,207,"Rene Goscinny, Albert Uderzo",NXB Kim Đồng,Nhà Xuất Bản Kim Đồng,,Bìa mềm,52.0,2023-07-17,Tiki Trading,available,1000,False,True,True
92993538,Câu đố và trò chơi dân gian bằng tranh cho bé tập đọc,98000,98000,0,5.0,4,16,Mai Hương,Đại Mai Books,Nhà Xuất Bản Phụ Nữ Việt Nam,,Bìa mềm,120.0,2021-04-23,trungthanh2018,available,1000,True,True,True
82503134,COMBO Trái Cây Đại Chiến Zombie - Thế Giới Robot (Trọn bộ 6 tập),535500,541000,1,5.0,2,15,Tiếu Giang Nam,Huy Hoàng Bookstore,Nhà Xuất Bản Phụ Nữ Việt Nam,,Bìa mềm,,,Minhhabooks,available,1000,True,True,True
75665114,Khát Vọng Non Sông - Lê Hoàn Lên Ngôi Hoàng Đế,17000,26000,35,5.0,1,13,,VIETNAMBOOK,Nhà Xuất Bản Hà Nội,,Bìa gập,32.0,2020-10-28,VIETNAMBOOK,available,1000,True,True,True
35256727,Tiệm Đồ Cổ Á Xá (Truyện tranh) – Tập 11,60600,79000,23,5.0,34,226,Huyền Sắc,Quảng Văn,Nhà Xuất Bản Phụ Nữ Việt Nam,,Bìa mềm,144.0,2019-09-20,Tiki Trading,available,1000,False,True,True
22135953,Chuyện Phiêu Lưu Của Mít Đặc Và Các Bạn (Tái Bản 2019),180000,180000,0,0.0,0,1,Nikolay Nosov,Nhà Xuất Bản Kim Đồng,,,Bìa mềm,220.0,2019-07-01,Bamboo Books,available,1000,True,True,True
11306515,Sách Tý Quậy - Tập 10 (Tái Bản 2019),39200,40000,2,5.0,14,83,Đào Hải,Nhà Xuất Bản Kim Đồng,,,Bìa mềm,164.0,2019-03-01,Nhà sách Fahasa,available,1000,True,True,True
5829055,Sách Đi Ngủ Nào Máy Kéo Ơi! 3+,52800,55000,4,0.0,0,5,Carl - Johan Forssén Ehrlin,Thái Hà,,,Bìa mềm,35.0,2018-01-10,Nhà sách Fahasa,available,1000,True,True,True
475379,Sách Bé Tập Kể Chuyện - Dê Con Được Thưởng,12000,15000,20,4.7,20,1217,.,NXB Trẻ,NXB Trẻ,,Bìa mềm,14.0,,Tiki Trading,available,1000,False,False,True
279097931,Sách Chẳng Có Câu Hỏi Nào Là Ngớ Ngẩn! - 213 Câu Hỏi Kì Lạ Được Giải Đáp Vô Cùng Chuyên Nghiệp!,174000,175000,1,0.0,0,0,"Mike Rampton, Guilherme Karsten",Nhà Xuất Bản Kim Đồng,Nhà Xuất Bản Kim Đồng,,Bìa mềm,136.0,,Tiki Trading,available,1000,False,True,True
278723556,Sách Pippi Tất Dài,36000,45000,20,0.0,0,15,"Astrid Lindgren, Ingrid Vang Nyman",Nhà Xuất Bản Kim Đồng,Nhà Xuất Bản Kim Đồng,,Bìa mềm,28.0,,Tiki Trading,available,1000,False,True,True
278443300,Bộ Sách Sân Chơi Trí Tuệ - Rèn Luyện Khả Năng (Tặng Kèm Sticker),33800,48000,30,0.0,0,2,Tào Trí Đức,Nhà sách Minh Thắng,Nhà Xuất Bản Dân Trí,,Bìa mềm,44.0,,Tiki Trading,available,1000,False,True,True
276323168,"Sách Plants vs Zombies, Trái cây đại chiến zombie, Thế giới Robot, Truyện tranh cho bé, 2HBooks",80750,95000,15,0.0,0,8,Tiếu Giang Nam,Công Ty Cổ Phần Văn Hóa Huy Hoàng,Nhà Xuất Bản Phụ Nữ Việt Nam,,Bìa mềm,156.0,2024-06-01,2HBooks,available,1000,True,True,True
276123458,Bộ Sách 10 Bài Học Cho Bé Cá Tính,29400,30000,2,5.0,3,10,Tao Chun Ni,NXB Kim Đồng,Nhà Xuất Bản Kim Đồng,,Bìa mềm,32.0,,Tiki Trading,available,1000,False,True,True
274064146,Thiện Lành Như Phật - Biết Ơn Là Hạnh Phúc,60000,60000,0,0.0,0,1,Thích Nhật Từ,Fahasa,hong duc,,,,,Bamboo Books,available,1000,True,True,True
273895311,Sách Vì Sao Tớ Yêu - Phần 2,22500,30000,25,5.0,1,15,Daniel Howarth,NXB Kim Đồng,Nhà Xuất Bản Kim Đồng,,,,2024-01-08,Tiki Trading,available,1000,False,True,True
273509146,Giáo Dục Giới Tính Mẫu Giáo Tiểu Học - Tớ Cảm Thấy Thế Này,60400,65000,7,0.0,0,4,Hồ Nguyệt,Nhã Nam,Nhà Xuất Bản Hà Nội,,,,,Nhà sách Fahasa,available,1000,True,True,True
273486385,Sách Missy Í Ẹ,31500,45000,30,0.0,0,65,"Sandrine Lamour, Estelle Meens",First News - Trí Việt,Nhà Xuất Bản Dân Trí,,Bìa mềm,28.0,2023-11-11,Tiki Trading,available,1000,False,True,True
273328503,Sách A History Of Vn In Pictures. The Lam Sơn Uprising (In Colour),55000,75000,27,4.0,4,45,Trần Bạch Đằng,NXB Trẻ,NXB Trẻ,,Tùy chọn phiên bản bìa cứng hoặc bìa mềm,86.0,2021-03-15,Tiki Trading,available,1000,False,True,True
273308263,Boxset Dog Man Trọn Bộ ( Bộ 4 Tập),320700,324000,1,0.0,0,0,Dav Pilkey,Nhà sách Minh Thắng,Nhà Xuất Bản Phụ Nữ Việt Nam,,,,,Minhhabooks,available,1000,True,True,True
273278891,Combo 4 cuốn Elmer (Song ngữ Anh - Việt) - Tặng 4 sticker đồng bộ,204000,240000,15,0.0,0,3,David McKee,Công Ty Cổ Phần Văn Hóa Đông A,Nhà Xuất Bản Dân Trí,,Bìa mềm,,,Cá Chép Bookstore,available,1000,True,True,True
270421234,English Zoo - Song Ngữ Anh-Việt Phát Triển Ngôn Ngữ - Đi Tìm Chìa Khóa Vàng - Finding Golden Key,80700,95000,15,0.0,0,2,Kevin Wang,Tân Việt,nxb my thuat,,,,,Nhà sách Fahasa,available,1000,True,True,True
269946642,Tranh Truyện Lịch Sử Việt Nam - Trần Khánh Dư (Tái Bản 2023),18400,20000,8,0.0,0,3,"Lê Minh Hải,  Anh Chi",Nhà Xuất Bản Kim Đồng,Nhà Xuất Bản Kim Đồng,,,,,Nhà sách Fahasa,available,1000,True,True,True
260803565,Sách Con Yêu Gia Đình,38400,40000,4,0.0,0,1,Nhiều tác giả,NXB Kim Đồng,Nhà Xuất Bản Kim Đồng,,Bìa mềm,36.0,2023-05-01,Tiki Trading,available,1000,False,True,True
257835593,Mèo Mog Mập - Chuyện Ở Phòng Khám (Tái Bản 2023),42700,45000,5,0.0,0,6,Judith Kerr,Nhà Xuất Bản Kim Đồng,Nhà Xuất Bản Kim Đồng,,,,,Nhà sách Fahasa,available,1000,True,True,True
247763939,Sách WHO? Chuyện Kể Về Danh Nhân Thế Giới: Gregor Mendel [Tái Bản 2023],59000,60000,2,5.0,5,96,"Kim Hyunsu, Jung Byunghoon",Kim Đồng,Nhà Xuất Bản Kim Đồng,,Bìa mềm,172.0,2023-01-01,Tiki Trading,available,1000,False,True,True
247463691,Sách - Trọn bộ 10 cuốn Danh nhân thế giới - Kim Đồng,330000,330000,0,5.0,1,5,, NXB Kim Đồng,Nhà Xuất Bản Kim Đồng,,,,,Bảo Châu Books,available,1000,True,True,True
242992980,Sách Sói Xám Xoay Xở Sống,39200,40000,2,5.0,3,40,"Ronan Badel, Gilles Bizouerne",NXB Kim Đồng,Nhà Xuất Bản Kim Đồng,,Bìa mềm,32.0,2023-01-01,Tiki Trading,available,1000,False,True,True
214617636,Sách Siêu Thỏ - Em Bé Cưng,38225,55000,31,5.0,4,32,Stephanie Blake,Nhã Nam,Nhà Xuất Bản Hội Nhà Văn,,Bìa mềm,32.0,2023-01-01,Tiki Trading,available,1000,False,True,True
214493510,Combo Thế Giới Của Peppa (Khổ 24 x 23 cm) (8 Cuốn),281000,320000,12,5.0,2,52,Nhiều tác giả,NXB Kim Đồng,Nhà Xuất Bản Kim Đồng,,Bìa mềm,128.0,2023-01-01,Tiki Trading,available,1000,False,True,True
212323917,Dragon Ball - Tập 28,25000,25000,0,0.0,0,0,Akira Toriyama,NXB Kim Đồng,Nhà Xuất Bản Kim Đồng,,Bìa mềm,192.0,,Nhà Sách Phương Nam,available,1000,True,False,True
207755520,Sách Miền Hoang Dã - Giáng Sinh Trong Rừng,35300,55000,36,5.0,4,67,Nicholas Oldland,Thái Hà,Nhà Xuất Bản Công Thương,,Bìa mềm,32.0,2022-11-11,Tiki Trading,available,1000,False,True,True
206204984,Trái Cây Đại Chiến Zombie - Thế Giới Khủng Long - Tập 12: Quả Khủng Long Thần Kỳ,84550,89000,5,0.0,0,2,,Huy Hoàng Bookstore,Nhà Xuất Bản Phụ Nữ Việt Nam,,,,,Cá Chép Bookstore,available,1000,True,True,True
205708160,Monet’s Cat – Nàng Mèo Của Monet (Song ngữ Anh-Việt),148000,148000,0,0.0,0,2,Lily Murray,Nhà Xuất Bản Thanh Niên,Nhà Xuất Bản Thanh Niên,,Bìa cứng,40.0,,Nhà Sách Phương Nam,available,1000,True,True,True
194399085,TRUYỆN TRANH TUỔI THẦN TIÊN - NHỔ CỦ CẢI_ML,15000,15000,0,0.0,0,1,,Sách điện tử Minh Long,Nhà Xuất Bản Văn Học,,Bìa mềm,,,NewShop Official,available,1000,True,True,True
192950974,Bé Tập Kể Chuyện - Mỗi Tuần Một Câu Chuyện - Gà Tơ Đi Học (Tái Bản),14800,15000,1,5.0,1,21,Nhiều tác giả,NXB Trẻ,NXB Trẻ,,,,,Nhà sách Fahasa,available,1000,True,True,True
185862474,Bộ truyện tranh Cổ Oai ơi! Tập 16-17-18,120000,120000,0,5.0,7,117,BS Trần Thị Huyên Thảo,Công ty TNHH Phòng khám Happy Baby,Nhà Xuất Bản Tổng hợp TP.HCM,,Bìa mềm,24.0,2022-04-15,HAPPY BABY BOOKS,available,1000,True,True,True
177633507,Trái Cây Đại Chiến Zombie - Thế Giới Robot - Tập 5: Giấc Mơ Ngôi Sao,95000,95000,0,0.0,0,0,,Nhà Xuất Bản Đại Học Quốc Gia Hà Nội,Nhà Xuất Bản Đại Học Quốc Gia Hà Nội,,Bìa mềm,160.0,,Bamboo Books,available,1000,True,True,True
172024558,Yêu Quái Nhỏ Vận Áo Tấc Xanh - Tập 2 - Tặng Kèm Bookmark,109000,109000,0,0.0,0,1,Ivangift,Skybooks,Nhà Xuất Bản Phụ Nữ Việt Nam,,,,,Bamboo Books,available,1000,True,True,True
171580636,Trái Cây Đại Chiến Zombie - Thế Giới Khủng Long Tập 7: Kỳ Binh Quyết Chiến (Tái Bản),82700,89000,7,0.0,0,2,Tiểu Giang Nam,Huy Hoàng Bookstore,Nhà Xuất Bản Phụ Nữ Việt Nam,,,,,Nhà sách Fahasa,available,1000,True,True,True
167451568,Nụ Hôn Trên Bàn Tay - The Kissing Hand,69000,69000,0,5.0,2,31,,Quang Van Books,Nhà Xuất Bản Phụ Nữ Việt Nam,,,64.0,,Casa Sunshine,available,1000,True,True,True
137134254,Sách Nguyễn Trãi,104000,140000,26,5.0,9,73,Trần Bạch Đằng,NXB Trẻ,NXB Trẻ,,Bìa mềm,82.0,2021-11-11,Tiki Trading,available,1000,False,True,True
107802187,"Sách Trời Đất Gà Vịt Ơi, Mặt Trời Đã Bị Đánh Cắp (Tái Bản)",58000,58000,0,0.0,0,0,"Christian Jolibois, Christian Heinrich",Nhã Nam,Nhà Xuất Bản Hà Nội,,Bìa mềm,48.0,2021-06-01,info book,available,1000,True,True,True
89691009,Sách Thế Giới Xe Cộ: Xe Cứu Hoả_Fire Engine,23750,25000,5,5.0,5,53,"Lee Yanan, Bookworm Culture",NXB Kim Đồng,Nhà Xuất Bản Kim Đồng,,Bìa mềm,24.0,2021-04-15,Tiki Trading,available,1000,False,True,True
69064621,Bộ truyện tranh Cổ Oai ơi! Tập 4-5-6,150000,150000,0,5.0,117,558,BS. Trần Thị Huyên Thảo,Công ty TNHH Phòng khám Happy Baby,Nhà Xuất Bản Văn Hóa - Văn Nghệ TP.HCM,,Bìa mềm,24.0,2020-09-04,HAPPY BABY BOOKS,available,1000,True,True,True
64251884,Khát Vọng Non Sông: Ngô Quyền - Đại Chiến Bạch Đằng Giang,17000,26000,35,5.0,9,67,,VIETNAMBOOK,Nhà Xuất Bản Hà Nội,,Bìa gập,32.0,2020-05-12,VIETNAMBOOK,available,1000,True,True,True
59548344,Sách Nàng Tiên Cá (Tái Bản 2020),31000,39000,21,0.0,0,1,Andersen,Alphabooks,Nhà Xuất Bản Dân Trí,,Bìa mềm,52.0,2020-08-01,Omega Plus Books,available,1000,True,True,True
23424403,Sách Danh Tác Rút Gọn - Heidi - Cô Bé Trên Núi,32300,38000,15,0.0,0,4,Johanna Spyri,NXB Trẻ,,,,,,Nhà Xuất Bản Trẻ,available,1000,True,True,True
16136449,Sách Trọn bộ Danh Nhân Thế Giới (Tái bản 2019) + Tặng kèm postcard HappyLife,291500,291500,0,4.8,20,130,.,Nhà Xuất Bản Kim Đồng,Nhà Xuất Bản Kim Đồng,,Bìa mềm,,,Phương Đông Books,available,1000,True,True,True
279247406,Sách - Sách Tác Phẩm Kinh Điển Dành Cho Thiếu Nhi (Trọn bộ),28100,29000,3,0.0,0,0,nhieu tac gia,Đinh Tị,Nhà Xuất Bản Văn Học,,Bìa mềm,,2023-12-21,Nhà sách Fahasa,available,1000,True,True,True
279226065,Cá Chuối Đắm Đuối Vì Con ,37500,50000,25,0.0,0,0,"Nguyễn Như Mai, Phùng Duy Tùng",Nhà Xuất Bản Kim Đồng,Nhà Xuất Bản Kim Đồng,,Bìa mềm,44.0,,Tiki Trading,available,1000,False,True,True
278723565,Combo Pippi Tất Dài (4 Cuốn),146000,165000,12,0.0,0,7,"Astrid Lindgren, Ingrid Vang Nyman",Nhà Xuất Bản Kim Đồng,Nhà Xuất Bản Kim Đồng,,Bìa mềm,,,Tiki Trading,available,1000,False,True,True
278714124,Sách - Mê Cung Diệu Kì - Ông Già Noel,110500,130000,15,0.0,0,1,nhieu tac gia,Tân Việt,nxb my thuat,,Bìa mềm,,2023-12-21,Nhà sách Fahasa,available,1000,True,True,True
278700129,Dế Mèn Phiêu Lưu Ký – Ngô Mạnh Lân Minh Họa,142500,150000,5,4.3,6,28,Tô Hoài,NXB Kim Đồng,Nhà Xuất Bản Kim Đồng,,Bìa cứng,136.0,,Nhà sách Fahasa,available,1000,True,True,True
278158491,Sách Gấu Trúc Đi Tìm,50600,55000,8,0.0,0,0,Pitiporn Vatatiyarporn,NXB Kim Đồng,Nhà Xuất Bản Kim Đồng,,Bìa mềm,16.0,,Tiki Trading,available,1000,False,True,True
278110257,Sách Em Dám Tự Lớn – Tặng Kèm Bé Sticker Nè!,44600,59000,24,0.0,0,0,Hồng Đào – Thảo Mi,Nhà xuất bản Phụ Nữ Việt Nam,Nhà Xuất Bản Phụ Nữ Việt Nam,,Bìa mềm,32.0,,Tiki Trading,available,1000,False,True,True
278053133,Combo Chicken soup for the soul kids (6 tập - Hạt giống tâm hồn trẻ em (Truyện tranh song ngữ Việt - Anh),330000,330000,0,0.0,0,0,,NXB Đại Học Sư Phạm,Nhà Xuất Bản Đại Học Sư Phạm,,,,,NXB Đại học Sư phạm,available,1000,True,True,True
276320197,"Sách Plants vs Zombies, Trái cây đại chiến zombie, Thế giới khủng long, Truyện tranh cho bé, 2HBooks",75650,89000,15,0.0,0,32,Tiếu Giang Nam,Công Ty Cổ Phần Văn Hóa Huy Hoàng,Nhà Xuất Bản Phụ Nữ Việt Nam,,Bìa mềm,174.0,2024-03-01,2HBooks,available,1000,True,True,True
275966174,Sách Illustrated Special Edition - Peter Pan,146000,178000,18,5.0,4,23,J. M. Barrie,Đinh Tị,Nhà Xuất Bản Thanh Niên,,Bìa cứng,92.0,,Tiki Trading,available,1000,False,True,True
274852716,Bộ Sách - Gieo Mầm Yêu Thương - Bộ 4 cuốn,312000,312000,0,0.0,0,0,Nick Butterworth,Đinh Tị,Nhà Xuất Bản Hà Nội,,Bìa mềm,32.0,,Những Vì Sao Bookstore,available,1000,True,True,True
274777404,[Manga] Thiên Sứ Nhà Bên - Tập 2,50000,50000,0,5.0,1,1,Saekisan,NXB Kim Đồng,Nhà Xuất Bản Kim Đồng,,Bìa mềm,192.0,,Nhà Sách Phương Nam,available,1000,True,True,True
274523896,"Nagahama To Be, Or Not To Be",88000,88000,0,0.0,0,0,Scarlet Beriko,NXB Dân Trí,Nhà Xuất Bản Dân Trí,,Bìa mềm,178.0,,Nhà Sách Phương Nam,available,1000,True,True,True
273328464,Sách A History Of Vn In Pictures: Lý Thường Kiệt (In Colour),63000,85000,26,4.8,5,9,Trần Bạch Đằng,NXB Trẻ,NXB Trẻ,,Tùy chọn phiên bản bìa cứng hoặc bìa mềm,94.0,2021-03-15,Tiki Trading,available,1000,False,True,True
271510641,Trái Cây Đại Chiến Zombie Tập 13 - Kim Tự Tháp Huyền Bí,27200,32000,15,0.0,0,1,Cát Băng - Tâm Truyền Kỹ,Huy Hoàng Bookstore,Nhà Xuất Bản Phụ Nữ Việt Nam,,Bìa mềm,32.0,,Văn Lang Official Store,available,1000,True,True,True
271075606,Sách Tý Quậy - Tập 13,38400,40000,4,5.0,6,87,"Đào Hải, Nguyễn Quang Toàn, Hoài Thu",Kim Đồng,Nhà Xuất Bản Kim Đồng,,Bìa mềm,160.0,2023-08-07,Tiki Trading,available,1000,False,True,True
271070935,Sách Âm Thanh - 8 Âm Thanh Sinh Động - Những Từ Vựng Đầu Đời Của Bé,212000,265000,20,0.0,0,0,Igloo Books,Tân Việt,NXB Dân Trí,,,,,Nhà sách Fahasa,available,1000,True,True,True
271041115,Bạn Cá Sấu Thân Thiện - Tập 1: Tình Bạn Diệu Kì,68600,70000,2,0.0,0,3,Chow Hon Lam,Nhà Xuất Bản Kim Đồng,Nhà Xuất Bản Kim Đồng,,,,,Nhà sách Fahasa,available,1000,True,True,True
270924098,Kim Đồng - Truyện đồng thoại Võ Quảng,150000,150000,0,0.0,0,1,,Nhà Xuất Bản Kim Đồng,Nhà Xuất Bản Kim Đồng,,,,,Bamboo Books,available,1000,True,True,True
270743950,Thế Giới Tuyệt Đối Cong vs Chàng Trai Tuyệt Đối Thẳng - Tập 1,75000,75000,0,0.0,0,0,,NXB Hà Nội,Nhà Xuất Bản Hà Nội,,Bìa mềm,128.0,,Nhà Sách Phương Nam,available,1000,True,True,True
270716084,Trái Cây Đại Chiến Zombie - Thế Giới Khủng Long - Tập 2: Công Viên Khủng Long (Tái bản năm 2022),89000,89000,0,0.0,0,0,Tiểu Giang Nam,NXB Phụ Nữ,Nhà Xuất Bản Phụ Nữ,,Bìa mềm,176.0,,Nhà Sách Phương Nam,available,1000,True,True,True
269947144,Tác Phẩm Kinh Điển Dành Cho Thiếu Nhi - Câu Chuyện Rừng Xanh,28100,29000,3,0.0,0,3,Rudyard Kipling,Đinh Tị,Nhà Xuất Bản Văn Học,,,,,Nhà sách Fahasa,available,1000,True,True,True
242992934,Sách Sói Xám Sục Sơn Xanh,36800,40000,8,5.0,4,40,"Ronan Badel, Gilles Bizouerne",NXB Kim Đồng,Nhà Xuất Bản Kim Đồng,,Bìa mềm,32.0,2023-01-01,Tiki Trading,available,1000,False,True,True
217535349,Bé Tập Kể Chuyện - Sự Tích Bánh Chưng Bánh Giầy,15000,15000,0,0.0,0,1,,NXB Trẻ,oem,,Bìa mềm,,,Nhân Văn,available,1000,True,False,True
214753060,Truyện Tranh Khoa Học Về Các Loài Côn Trùng - Ngôi Sao May Mắn - Sâu Bắp Cải,53900,58000,7,0.0,0,13,Sách thiếu nhi Hồng Mã,Đinh Tị,nxb thanh nien,,,,,Nhà sách Fahasa,available,1000,True,True,True
213886810,Bạch Tuộc Bé Bão,56000,59000,5,0.0,0,1,"Grégoire Mabire, Coralie Saudo",Nhã Nam,Nhà Xuất Bản Hà Nội,,,,,Nhà sách Fahasa,available,1000,True,True,True
206377172,Ehon Bé Ngoan - Xếp Hàng Nào!,46000,46000,0,0.0,0,0,nhieu tac gia,Nhà xuất bản Phụ Nữ,Nhà Xuất Bản Phụ Nữ,,Bìa mềm,30.0,,Nhà Sách Phương Nam,available,1000,True,True,True
202862582,Mã tiểu Khiêu. ''Khám Phá Thế giới'' ( Thời kỳ Thịnh Vượng Của Khủng Long),236000,295000,20,0.0,0,0,Dương Hồng Anh,Cty Sách Hương Giang,Nhà Xuất Bản Phụ Nữ Việt Nam,,Bìa mềm,144.0,2022-10-26,Nhà sách Hương Giang,available,1000,True,True,True
200651830,Sách - Lênh đênh theo dòng xanh,78000,78000,0,0.0,0,0,Magnus Weightman, NXB Kim Đồng,Nhà Xuất Bản Kim Đồng,,Bìa mềm,32.0,,Bamboo Books,available,1000,True,True,True
192774628,Thần Đồng Đất Việt 163 - Xử Án Chuột Tinh,9900,10000,1,5.0,2,39,Phan Thị,Cty Phan Thị,Nhà Xuất Bản Đại Học Sư Phạm,,,,,Nhà sách Fahasa,available,1000,True,True,True
168900648,Tây Du Hí - Tập 3 (Tái Bản),68400,72000,5,4.0,1,13,Mèo Mốc,Skybooks,Nhà Xuất Bản Dân Trí,,,,,Nhà sách Fahasa,available,1000,True,True,True
168654384,Sách Gieo Mầm Tính Cách Cho Bé Yêu - Tiết Kiệm,22000,30000,27,5.0,7,46,Nhiều tác giả,NXB Trẻ,NXB Trẻ,,Bìa mềm,40.0,2022-01-01,Tiki Trading,available,1000,False,True,True
129767972,Một Cậu Thỏ Nghịch Ngợm Kinh Khủng: Tuyển Tập Những Truyện Hay Nhất Của Beatrix Potter (Tái Bản 2021),184000,205000,10,5.0,16,131,Beatrix Potter TM,NXB Kim Đồng,Nhà Xuất Bản Kim Đồng,,Bìa mềm,196.0,2021-10-01,Tiki Trading,available,1000,False,True,True
89691023,Sách Thế Giới Xe Cộ: Xe Cảnh Sát_Police Car,24700,25000,1,5.0,2,35,"Lee Yanan, Bookworm Culture",NXB Kim Đồng,Nhà Xuất Bản Kim Đồng,,Bìa mềm,24.0,2021-04-15,Nhà sách Fahasa,available,1000,True,True,True
77222107,Sách - Bộ Sách đố vui lật giở song ngữ (tặng kèm bookmark thiết kế),52000,52000,0,0.0,0,0,Guido Van Genechten,Nhã Nam,Nhà Xuất Bản Dân Trí,,,,,Nhà Sách Vĩnh Thụy,available,1000,True,True,True
50495166,Truyện tranh ngụ ngôn dành cho thiếu nhi ( Song ngữ Anh- việt ) Chú bé chăn cừu,29000,29000,0,5.0,11,87,"Mai Hương,  Ngọc Tâm",Đại Mai Books,Nhà Xuất Bản Phụ Nữ,,Bìa mềm,24.0,2020-03-18,trungthanh2018,available,1000,True,True,True
38223401,"Sách Thành Rome, Tớ Đến Đây!",41400,55000,25,0.0,0,12,.,Thái Hà,,,Bìa mềm,65.0,2019-10-01,Tiki Trading,available,1000,False,True,True
3336547,Sách Trái Cây Đại Chiến Zombie Tập 10,81700,82600,1,0.0,0,0,,Huy Hoàng Bookstore,Nhà Xuất Bản Phụ Nữ,,Bìa mềm,,,Minhhabooks,available,1000,True,True,True
1188859,Sách Vua Hàm Nghi Vị Vua Yêu Nước Trẻ Tuổi Triều Nguyễn,21200,25000,15,0.0,0,7,"Nguyễn Thị Hương Giang, Nguyễn Mạnh Thái",Tân Việt,,,Bìa mềm,31.0,2017-01-01,Nhà sách Fahasa,available,1000,True,False,True
466788,Bộ Sách Chú Voi Moppet Vui Vẻ - Voi Ma-mut Moppet Đã Thích Tắm Như Thế Nào?,12000,19000,37,5.0,5,142,Mamoth World,Chibooks,Nhà Xuất Bản Văn Hóa - Văn Nghệ,,Bìa mềm,24.0,2015-12-23,Tiki Trading,available,1000,False,True,True
279226232,CHÓ MỰC VÀ MÈO MƯỚP – Uông Triều – Phúc Giang minh họa – Trần Lê Books,129000,129000,0,0.0,0,0,Uông Triều,Công ty Cổ phần Sách & Văn phòng phẩm Trần Lê,Nhà Xuất Bản Phụ Nữ Việt Nam,,Bìa mềm,108.0,,BÌNH BÁN BOOK,available,1000,True,True,True
279203723,"[SÁCH QUỐC GIA] (Tặng túi tote, trọn bộ 4 tập) WONDERELLA: Ella và cô bạn hàng xóm mới; Ella và cậu bạn bác học khó ưa; Ella và cây kem khổng lồ; Ella và cánh cửa bí mật - Alicia Vũ - Như Quỳnh, Ngọc Mai minh họa – Crabit Kidbooks",418500,436000,4,0.0,0,2,Alicia Vu,Crabit Kidbooks,Nhà Xuất Bản Hà Nội,,Bìa mềm,160.0,,BÌNH BÁN BOOK,available,1000,True,True,True
279105445,Sách Chú Mèo Hiệu Sách,54000,55000,2,0.0,0,1,Eriko Ishikawa,Nhà Xuất Bản Kim Đồng,Nhà Xuất Bản Kim Đồng,,Bìa mềm,20.0,,Tiki Trading,available,1000,False,True,True
279047509,Sách - Hà Nội Của Tớ - My Hanoi,50600,55000,8,0.0,0,0,nhieu tac gia,Nhà Xuất Bản Kim Đồng,Nhà Xuất Bản Kim Đồng,,Bìa mềm,,2023-12-21,Nhà sách Fahasa,available,1000,True,True,True
278633434,Sách - Tý Quậy - Tập 15,39200,40000,2,0.0,0,4,"Đào Hải,  Hoài Thu,  Nguyễn Quang Toàn",Nhà Xuất Bản Kim Đồng,Nhà Xuất Bản Kim Đồng,,Bìa mềm,,2023-12-21,Nhà sách Fahasa,available,1000,True,True,True
278572393,Combo Đại Dương Thủ Thỉ (4 Cuốn),195000,200000,3,0.0,0,2,"Mai Anh Đoàn, Rán Art",Nhà Xuất Bản Kim Đồng,Nhà Xuất Bản Kim Đồng,,Bìa mềm,,2025-08-28,Tiki Trading,available,1000,False,True,True
278170095,Truyện Tranh - Tý Quậy ( Tập 1 - 14 ),45000,45000,0,0.0,0,0,,CÔNG TY TNHH THƯƠNG MẠI SÁCH NHÂN DÂN,Nhà Xuất Bản Kim Đồng,,Bìa mềm,,,SÁCH NHÂN DÂN - ndbooks,available,1000,True,True,True
277780914,"Sách Cả Nhà Thương Con - Bộ sách thơ tập nói, tập đọc giúp phát triển ngôn ngữ cho bé 0-6 tuổi",37050,39000,5,0.0,0,0,,Công Ty Cổ Phần Time Books,Nhà Xuất Bản Thế Giới,,Bìa mềm,24.0,,SÁCH TIMEBOOKS,available,1000,True,True,True
277591255,Sách Vang Danh Nghề Cổ: Giấy Dó Bản Sưng - Vẻ Đẹp Bình Dị,36800,40000,8,0.0,0,1,Nhiều tác giả,Nhà Xuất Bản Kim Đồng,Nhà Xuất Bản Kim Đồng,,Bìa mềm,32.0,2025-01-01,Tiki Trading,available,1000,False,True,True
277459782,Sách Miko Selection - Fight! Vượt Lên Chính Mình (2025) - NXB Trẻ,33000,38000,13,5.0,1,4,,NXB Trẻ,NXB Trẻ,,Bìa mềm,192.0,,Tiki Trading,available,1000,False,True,True
276376624,Bộ sách Những cuộc phiêu lưu nhỏ,23000,30000,23,0.0,0,0,"Nathalie Bélineau, Alexis Nesme",NXB Trẻ,NXB Trẻ,,Bìa mềm,32.0,2024-09-10,Tiki Trading,available,1000,False,True,True
274823556,Cuộc Sống Nhiệm Mầu Của Mèo Trắng - Tập 2,134100,149000,10,0.0,0,9,Phan,Công ty TNHH Văn Hóa & Truyền Thông Du Bút,nxb thanh nien,,,,,Nhà sách Fahasa,available,1000,True,True,True
270707831,Mẫu Người Của Cậu Là Gì?,99000,99000,0,0.0,0,0,Big Arts Entertainment,NXB Thanh Niên,Nhà Xuất Bản Thanh Niên,,Bìa mềm,216.0,,Nhà Sách Phương Nam,available,1000,True,True,True
262695649,Sách Aladdin Và Cây Đèn Thần,29300,49000,40,4.7,24,7,Richard F.Burton,Alphabooks,Nhà Xuất Bản Dân Trí,,Bìa mềm,52.0,2020-08-01,Tiki Trading,available,1000,False,True,True
251872606,Combo Wolfoo Khám Phá,249000,354000,30,5.0,8,85,1980 Edu,1980 Books,Nhà Xuất Bản Dân Trí,,Bìa mềm,28.0,2023-04-04,Tiki Trading,available,1000,False,True,True
249780040,Truyện Tranh Thiếu Nhi Hay Cho Bé - Câu Chuyện Về Sự Hiếu Thảo Chân Chính Chú Chó Cứu Mạng Chủ,40500,54000,25,5.0,1,2,,BIZBOOKS,Nhà Xuất Bản Hồng Đức,,,,,NVP,available,1000,True,True,True
214493524,"Sách Thế Giới Của Peppa - Ngủ Ngon Nhé, Peppa!",36800,40000,8,5.0,1,25,Nhiều tác giả,NXB Kim Đồng,Nhà Xuất Bản Kim Đồng,,Bìa mềm,32.0,2023-01-01,Tiki Trading,available,1000,False,True,True
205941709,Sách Danh Tác Thế Giới - Những Người Phụ Nữ Bé Nhỏ,40000,40000,0,0.0,0,2,Lê Thùy Dung,NXB Kim Đồng,Nhà Xuất Bản Kim Đồng,,Bìa mềm,208.0,2022-11-01,Bamboo Books,available,1000,True,True,True
194451555,Bộ Sách Flying Eye Books (Bộ 8 Cuốn),360000,360000,0,0.0,0,1,Nhiều tác giả,dong a,NXB Dân Trí,,,,,FishingBook,available,1000,True,True,True
192949280,Từ Điển Bằng Hình Cho Bé - Các Loại Hoa Quả - Fruits,27100,28000,3,0.0,0,0,Nhiều tác giả,Đinh Tị,nxb thanh nien,,,,,Nhà sách Fahasa,available,1000,True,True,True
173672478,Sách-Combo- Ngày xửa ngày xưa 6T,93500,93500,0,5.0,1,22,,Đinh Tị,Nhà Xuất Bản Thanh Niên,,,,,AHABOOKS,available,1000,True,True,True
137432009,Sách Tranh Truyện Ehon Nhật Bản - Cháu Không Bị Ốm Đâu,43000,43000,0,0.0,0,0,,Nhà Xuất Bản Kim Đồng,Nhà Xuất Bản Kim Đồng,,Bìa mềm,32.0,,Nhà Sách Phương Nam,available,1000,True,True,True
136482582,Sách Thanh Gươm Diệt Quỷ - Tập 8,25000,25000,0,0.0,0,8,Koyoharu Gotouge,Phương Nam Book,Nhà Xuất Bản Kim Đồng,,Bìa mềm,192.0,,Nhà Sách Phương Nam,available,1000,True,False,True
127654495,Sách Trái Cây Đại Chiến Zombie-Thế Giới Khủng Long - Tập 4: Bay Về Kỷ Jura (Tái Bản),69000,89000,22,5.0,43,419,Tiểu Giang Nam,Huy Hoàng Bookstore,Nhà Xuất Bản Phụ Nữ Việt Nam,,Bìa mềm,174.0,2021-10-15,Tiki Trading,available,1000,False,True,True
117720280,Bộ Sách Bubu - Bé Học Lễ Giáo (Trọn Bộ Tập 1 - 60),885000,885000,0,0.0,0,1,Nhiều tác giả,NXB Trẻ,NXB Trẻ,,,,,Nhà Sách Vĩnh Thụy,available,1000,True,True,True
96309798,Combo 2 cuốn Sách âm thanh: Các loại nhạc cụ + Nàng Bạch Tuyết và bảy chú lùn,457500,457500,0,0.0,0,2,,Đinh Tị,Nhà Xuất Bản Hà Nội,,,,,AHABOOKS,available,1000,True,True,True
85257261,Sách Trái Tim Của Mẹ (Tái Bản),58800,60000,2,4.8,4,59,"Hoài Anh, Đậu Đũa",NXB Kim Đồng,Nhà Xuất Bản Kim Đồng,,Bìa mềm,72.0,2021-03-01,Nhà sách Fahasa,available,1000,True,True,True
71907006,Khát Vọng Non Sông - Lê Hoàn Vị Tướng Tài Ba,17000,26000,35,5.0,4,24,,VIETNAMBOOK,Nhà Xuất Bản Hà Nội,,Bìa gập,32.0,2020-10-26,VIETNAMBOOK,available,1000,True,True,True
71904003,Khát Vọng Non Sông - Nghệ Thuật Dụng Binh Của Hưng Đạo Vương Trần Quốc Tuấn,17000,26000,35,4.7,3,35,,VIETNAMBOOK,Nhà Xuất Bản Hà Nội,,Bìa gập,32.0,2020-10-26,VIETNAMBOOK,available,1000,True,True,True
56609169,Sách Astérix - Đấu Sĩ Astérix,58200,60000,3,5.0,13,62,"R.Goscinny, A.Uderzo",NXB Kim Đồng,Nhà Xuất Bản Kim Đồng,,Bìa mềm,52.0,,Nhà sách Fahasa,available,1000,True,True,True
48754226,Sách Bộ Sưu Tập Phương Tiện Giao Thông Kì Thú - Khám Phá Thế Giới Máy Bay - Tập 1,32800,40000,18,5.0,2,27,Addline,Tân Việt,Nhà Xuất Bản Mỹ Thuật,,,,,Nhà sách Fahasa,available,1000,True,True,True
48754196,Bộ Sưu Tập Phương Tiện Giao Thông Kì Thú - Những Con Tàu Tuyệt Vời,34000,40000,15,0.0,0,6,Addline,Tân Việt,Nhà Xuất Bản Mỹ Thuật,,,,,Nhà sách Fahasa,available,1000,True,True,True
41432342,Sách Thành ngữ việt nam bằng tranh,69000,69000,0,4.8,9,166,"Mai Hoa (Sưu tầm, biên soạn)",Đại Mai Books,Tiki Tổng Hợp,,,80.0,2019-11-28,trungthanh2018,available,1000,True,True,True
14273570,Sách Tý Quậy - Tập 2 (Tái Bản 2019),39200,40000,2,5.0,4,52,Đào Hải,Nhà Xuất Bản Kim Đồng,,,Bìa mềm,172.0,2019-04-01,Nhà sách Fahasa,available,1000,True,True,True
11347724,Sách Tý Quậy - Tập 9 (Tái Bản 2019),39200,40000,2,5.0,9,102,Đào Hải,Nhà Xuất Bản Kim Đồng,,,Bìa mềm,172.0,2019-03-01,Nhà sách Fahasa,available,1000,True,True,True
540494,Sách Các Em Bé Từ Đâu Đến?,46750,55000,15,0.0,0,3,Anna Milbourne - Serena Riglietti,NXB Trẻ,NXB Trẻ,,Bìa mềm,24.0,2016-06-01,Nhà Xuất Bản Trẻ,available,1000,True,True,True
475376,Sách Bé Tập Kể Chuyện - Quả Táo Của Ai,12750,15000,15,5.0,2,14,.,NXB Trẻ,NXB Trẻ,,Bìa mềm,14.0,2016-03-02,Nhà Xuất Bản Trẻ,available,1000,True,True,True
453879,Sách Tý Quậy (Tập 7),40000,40000,0,0.0,0,0,Đào Hải,Nhà Xuất Bản Kim Đồng,Nhà Xuất Bản Kim Đồng,,Bìa mềm,171.0,2014-06-29,Bamboo Books,available,1000,True,True,True
442846,Sách Học Sinh Chân Kinh (Tập 20) - Xuân Xa Xôi (Phần 2),34300,35000,2,4.7,28,172,B.R.O,Phan Thị,,,Bìa mềm,121.0,2015-07-28,Nhà sách Fahasa,available,1000,True,True,True
409920,Sách Thần Đồng Đất Việt 171 - Nhà Hàng Đại Chiến,9800,10000,2,4.8,11,604,,Phan Thị,,,,,2014-09-12,Nhà sách Fahasa,available,1000,True,True,True
279163494,Sách Kho Báu Mùa Xuân,84500,130000,35,0.0,0,0,"Bảo Bình, Thành Tâm",Nhã Nam,Nhà Xuất Bản Hội Nhà Văn,,Bìa mềm,34.0,,Tiki Trading,available,1000,False,True,True
278816194,Sách Cuộc Sống Tươi Đẹp,48000,50000,4,0.0,0,0,Marianna Coppo,Nhà Xuất Bản Kim Đồng,Nhà Xuất Bản Kim Đồng,,Bìa mềm,44.0,,Tiki Trading,available,1000,False,True,True
278809310,Sách Truyện Tranh Thiếu Nhi - Nhiều Chủ Đề,50000,50000,0,0.0,0,0,Makiko Toyofuku,Kim Đồng,Nhà Xuất Bản Kim Đồng,,Bìa mềm,36.0,,Nhân Văn,available,1000,True,True,True
278715753,Sách - Chuyện Kể Cho Bé - Cô Chuồn Chuồn Xanh,21700,22000,1,0.0,0,0,nhieu tac gia,Nhà Xuất Bản Kim Đồng,Nhà Xuất Bản Kim Đồng,,Bìa mềm,,2023-12-21,Nhà sách Fahasa,available,1000,True,True,True
278710190,Sách Kho Báu Bí Mật,50000,50000,0,0.0,0,0,Makiko Toyofuku,Nhà Xuất Bản Kim Đồng,Nhà Xuất Bản Kim Đồng,,Bìa mềm,36.0,,Bamboo Books,available,1000,True,True,True
278702775,Combo Bảy chú ếch con 5 cuốn (NXB Kim Đồng) - Truyện tranh thiếu nhi,190000,200000,5,0.0,0,0,"Morio Shiota, Tomoko Sakura",NXB Kim Đồng,Nhà Xuất Bản Kim Đồng,,Bìa mềm,160.0,,Tottochanbooks,available,1000,True,True,True
278675959,Những câu chuyện cổ thế giới - Chú mèo đi hia,31500,31500,0,0.0,0,0,nhieu tac gia,Đông Tây,NXB Dân Trí,,Bìa mềm,23.0,2025-09-20,Đông Tây,available,1000,True,True,True
278117263,Sách - Tớ thật Siêu - Combo 6 Cuốn Dành Cho Bé Từ 3 Tuổi - Tiên Phong Books,234000,234000,0,0.0,0,2,,Công ty TNHH Tiên Phong Books,Nhà Xuất Bản Dân Trí,,Bìa mềm,,,Tiên Phong Books Store,available,1000,True,True,True
276834270,"Sách cho bé - Ngủ Ngon Nhé, Con Yêu! - Sách Tranh Về Tình Cảm Gia Đình - Dành cho trẻ 2-6 tuổi",35880,39000,8,0.0,0,1,Hollie Hughes,Vizibook,Nhà Xuất Bản Phụ Nữ Việt Nam,,Bìa mềm,28.0,2022-09-01,Vizibook,available,1000,True,True,True
276747170,Sách - Combo 7 Cuốn Picture Books - Dành Cho Bé Từ 3 - 10 Tuổi - ndbooks,531750,709000,25,0.0,0,1,,CÔNG TY TNHH THƯƠNG MẠI SÁCH NHÂN DÂN,Nhà Xuất Bản Thanh Niên,,Bìa cứng,,,SÁCH NHÂN DÂN - ndbooks,available,1000,True,True,True
275300044,Bộ Sách Những Đứa Trẻ Hạnh Phúc  [Tái Bản 2024],33250,35000,5,0.0,0,14,,NXB Kim Đồng,Nhà Xuất Bản Kim Đồng,,Bìa mềm,,2024-06-01,Tiki Trading,available,1000,False,True,True
273596511,Sách Lại chuyện xóm gà - Pitikok và những quả trứng kỳ cục,47500,50000,5,0.0,0,0,"Christian Jolibois, Christian Heinrich",Nhã Nam,Nhà Xuất Bản Hà Nội,,Bìa mềm,28.0,2023-11-17,Sống Official,available,1000,True,True,True
271585485,Truyện Tranh Song Ngữ Việt-Anh Cho Bé - Ở Trường Thật Là Vui!,15000,15000,0,0.0,0,0,Sirilak Rattanasuwaj,NXB Phụ Nữ,Nhà Xuất Bản Phụ Nữ,,Bìa mềm,15.0,2020-07-04,Nhà Sách Phương Nam,available,1000,True,True,True
270717185,Học Viện Siêu Anh Hùng - Tập 32,25000,25000,0,0.0,0,0,Kohei Horikoshi,NXB Kim Đồng,Nhà Xuất Bản Kim Đồng,,Bìa mềm,216.0,,Nhà Sách Phương Nam,available,1000,True,True,True
270716938,Học Viện Siêu Anh Hùng - Tập 31,25000,25000,0,0.0,0,3,Kohei Horikoshi,NXB Kim Đồng,Nhà Xuất Bản Kim Đồng,,Bìa mềm,216.0,,Nhà Sách Phương Nam,available,1000,True,True,True
270688168,Sách Ông Ngoại Chim Cánh Cụt,38000,40000,5,0.0,0,12,Morag Hood,Kim Đồng,Nhà Xuất Bản Kim Đồng,,Bìa mềm,32.0,2023-07-23,Tiki Trading,available,1000,False,True,True
269946930,Tác Phẩm Kinh Điển Dành Cho Thiếu Nhi - Những Cuộc Phiêu Lưu Của Tom Sawyer,28100,29000,3,0.0,0,9,Mark Twain,Đinh Tị,Nhà Xuất Bản Văn Học,,,,,Nhà sách Fahasa,available,1000,True,True,True
263104490,Bộ Sách Bữa Tiệc Triết Học (Bộ 6 Cuốn),178500,210000,15,5.0,1,7,"Brigitte Labbe,  Michel Puech,  Jacques Azam",Đinh Tị,Nhà Xuất Bản Hà Nội,,,,,Nhà sách Fahasa,available,1000,True,True,True
261834822,Truyện cổ tích Việt Nam hay nhất bằng tranh cho bé ( lẻ tùy chọn ),25000,25000,0,0.0,0,7,,Nhà Sách Đại Mai,Nhà Xuất Bản Phụ Nữ Việt Nam,,,,,trungthanh2018,available,1000,True,True,True
251872620,Sách Wolfoo Khám Phá Hình Học,40600,59000,31,5.0,1,29,1980 Edu,1980 Books,Nhà Xuất Bản Dân Trí,,Bìa mềm,28.0,2023-04-04,Tiki Trading,available,1000,False,True,True
225195135,Mèo Mốc Black Book - Tập 3,44100,45000,2,4.0,1,9,Mèo Mốc,Nhã Nam,NXB Dân Trí,,,,,Nhà sách Fahasa,available,1000,True,True,True
222723611,Từ Điển Bằng Tranh - Rau Củ Quả (Tái Bản 2023),97700,115000,15,0.0,0,0,Phan Minh Đạo,Nhà sách Minh Thắng,NXB Dân Trí,,,,,Nhà sách Fahasa,available,1000,True,True,True
212323562,5 Phút Truyện Kể Cho Bé Trước Khi Ngủ - Trung Thực,60000,60000,0,0.0,0,0,Lưu Kính Dư,NXB Phụ Nữ,Nhà Xuất Bản Phụ Nữ,,Bìa mềm,84.0,,Nhà Sách Phương Nam,available,1000,True,True,True
207646670,One-Punch Man - Tập 12,25000,25000,0,5.0,1,4,Yusuke Murata,NXB Kim Đồng,Nhà Xuất Bản Kim Đồng,,Bìa mềm,208.0,,Nhà Sách Phương Nam,available,1000,True,True,True
192950805,Một Nơi Của Riêng Tớ,42300,45000,6,0.0,0,0,Pippa Goodhart,dong a,NXB Dân Trí,,,,,Nhà sách Fahasa,available,1000,True,True,True
192774667,Thần Đồng Đất Việt 119 - Sứ Giả Đêm Trăng,9900,10000,1,0.0,0,37,Nhiều tác giả,Cty Phan Thị,Nhà Xuất Bản Đại Học Sư Phạm,,,,,Nhà sách Fahasa,available,1000,True,True,True
169818262,Tủ sách phát triển ngôn ngữ tiếng việt - Truyện cổ tích việt nam đặc sắc - Sự Tích Trầu cau,12000,12000,0,0.0,0,0,,ABBOOKS,oem,,,,,Nhân Văn,available,1000,True,False,True
137440152,Sách Vừ A Dính (Truyện tranh),50000,50000,0,0.0,0,7,Bùi Việt Thanh,Nhà Xuất Bản Kim Đồng,Nhà Xuất Bản Kim Đồng,,Bìa mềm,40.0,,Bamboo Books,available,1000,True,True,True
109874596,Sách Cuộc Phiêu Lưu Của Chú Hành (Tái Bản 2021),74400,80000,7,5.0,3,34,Gianni Rodari,NXB Kim Đồng,Nhà Xuất Bản Kim Đồng,,Bìa mềm,304.0,2021-07-15,Nhà sách Fahasa,available,1000,True,True,True
89696775,Sách Thế Giới Xe Cộ: Xe Buýt Trường_School Bus,24700,25000,1,5.0,1,22,"Lee Yanan, Bookworm Culture",NXB Kim Đồng,Nhà Xuất Bản Kim Đồng,,Bìa mềm,24.0,2021-04-01,Nhà sách Fahasa,available,1000,True,True,True
76051534,Sách LSVN Bằng Tranh Tập 22: Chiến Thắng Quân Mông Lần Thứ Nhất (Tái Bản),22000,30000,27,5.0,11,82,Trần Bạch Đằng,NXB Trẻ,NXB Trẻ,,Bìa mềm,96.0,2022-11-24,Tiki Trading,available,1000,False,True,True
53467527,Vòng Quanh Thế Giới: Úc (Tái Bản 2020),11400,12000,5,4.6,17,216,"Nguyễn Hào,  Nguyên Hào, Hạo Nhiên",Nhà Xuất Bản Kim Đồng,Nhà Xuất Bản Kim Đồng,,,,,Nhà sách Fahasa,available,1000,True,True,True
13958412,Sách Tý Quậy - Tập 7 (Tái Bản 2019),39200,40000,2,5.0,5,56,Đào Hải,Nhà Xuất Bản Kim Đồng,,,Bìa mềm,172.0,2019-04-01,Nhà sách Fahasa,available,1000,True,True,True
3248911,Alibaba và bốn mươi tên cướp,8000,8000,0,4.8,5,92,,Nhà Sách 30 Hàn Thuyên,,,Bìa mềm,36.0,,Nhà sách 30 Hàn Thuyên,available,1000,True,True,True
502321,Sách Picture Book Song Ngữ - Ngôi Nhà Say Ngủ - Napping House,45300,59000,23,4.5,45,2286,Audrey Wood - Don Wood,Quảng Văn,Nhà Xuất Bản Văn Học,,Bìa mềm,32.0,2016-05-19,Tiki Trading,available,1000,False,True,True
478755,Sách Candy Book - Mọi Việc Sẽ Ổn Thôi,44200,52000,15,0.0,0,5,Lee Geun,Tân Việt,,,Bìa mềm,206.0,2015-12-11,Nhà sách Fahasa,available,1000,True,True,True
441356,Sách Cuộc Săn Lùng Quái Vật - Rồng Lửa Ferno,24100,35000,31,4.5,14,158,Adam Blade,Chibooks,Nhà Xuất Bản Văn Hóa - Văn Nghệ,,Bìa mềm,120.0,2015-07-13,Tiki Trading,available,1000,False,True,True
410962,Sách Khỉ Zozo Hiếu Kỳ - Khỉ Zozo Nằm Viện,69000,69000,0,0.0,0,0,H.A.Rey,Alphabooks,Nhà Xuất Bản Dân Trí,,Bìa mềm,48.0,2014-09-23,HỆ THỐNG NHÀ SÁCH ABC,available,1000,True,True,True
410955,Sách Khỉ Zozo Hiếu Kỳ - Khỉ Zozo Thả Diều,69000,69000,0,0.0,0,0,H.A.Rey,Alphabooks,Nhà Xuất Bản Dân Trí,,Bìa mềm,48.0,2014-09-23,HỆ THỐNG NHÀ SÁCH ABC,available,1000,True,True,True
357789,100 Truyện Cổ Tích Việt Nam (Tái Bản),88100,89000,1,5.0,1,70,Ngọc Anh,Minh Long,,,Bìa mềm,423.0,2012-06-07,Minhhabooks,available,1000,True,True,True
278873275,Truyện tranh - Trọn bộ 15 tập: Tý quậy,600000,600000,0,0.0,0,1,Đào Hải,CÔNG TY TNHH THƯƠNG MẠI SÁCH NHÂN DÂN,Nhà Xuất Bản Kim Đồng,,Bìa mềm,,,SÁCH NHÂN DÂN - ndbooks,available,1000,True,True,True
278768737,Sách - Gia Đình Kì Lạ - Ông Gấu Râu Xoàm Của Tớ,39200,40000,2,0.0,0,0,nhieu tac gia,Nhà Xuất Bản Kim Đồng,Nhà Xuất Bản Kim Đồng,,Bìa mềm,,2023-12-21,Nhà sách Fahasa,available,1000,True,True,True
278768693,Sách - Món Quà Mùa Xuân,49000,50000,2,0.0,0,1,nhieu tac gia,Nhà Xuất Bản Kim Đồng,Nhà Xuất Bản Kim Đồng,,Bìa mềm,,2023-12-21,Nhà sách Fahasa,available,1000,True,True,True
278761499,Sách - Chuyện Xóm Gà - Đàn Gà Con Sợ Mất Mật,60400,65000,7,0.0,0,1,nhieu tac gia,Nhã Nam,Nhà Xuất Bản Hà Nội,,Bìa mềm,,2023-12-21,Nhà sách Fahasa,available,1000,True,True,True
278716350,Sách - Thế Giới Diệu Kì Của Peppa Pig - Bữa Tiệc Pizza Của Peppa,29700,35000,15,0.0,0,0,nhieu tac gia,Tân Việt,nxb my thuat,,Bìa mềm,,2023-12-21,Nhà sách Fahasa,available,1000,True,True,True
278714812,Sách - Truyện Hay Nhật Bản Cho Tuổi Tiểu Học - Cậu Đọc Truyện Cho Tớ Nghe Với,44100,45000,2,0.0,0,0,nhieu tac gia,Nhà Xuất Bản Kim Đồng,Nhà Xuất Bản Kim Đồng,,Bìa mềm,,2023-12-21,Nhà sách Fahasa,available,1000,True,True,True
278519629,Sách - Thế Giới Diệu Kì Của Peppa Pig - Kì Nghỉ Trên Du Thuyền Của Peppa,27200,32000,15,0.0,0,0,nhieu tac gia,Tân Việt,nxb my thuat,,Bìa mềm,,2023-12-21,Nhà sách Fahasa,available,1000,True,True,True
278455909,Sách Chú Cáo Tinh Nghịch | Combo 8 Cuốn | Sách Thiếu Nhi Song Ngữ | Corey R. Tabor | Sanhobooks,278400,348000,20,0.0,0,3,Corey R. Tabor,Công ty Cổ phần Sách và Truyền thông San Hô,Nhà Xuất Bản Thanh Niên,,Bìa mềm,,,San Ho Books,available,1000,True,True,True
278311296,Sách 24 Giờ Trong Sở Thú,86000,119000,28,0.0,0,3,"Lan Cook, Stacey Thomas",Đinh Tị,Nhà Xuất Bản Tri Thức,,Bìa mềm,65.0,,Tiki Trading,available,1000,True,True,True
276850023,Bộ Sách Cuốn Sách Nhỏ - Ý Tưởng Lớn,36800,40000,8,0.0,0,0,Nhiều tác giả,Nhà Xuất Bản Kim Đồng,Nhà Xuất Bản Kim Đồng,,Bìa mềm,,2024-03-12,Tiki Trading,available,1000,False,True,True
273596509,Sách Lại chuyện xóm gà - Pitikok và con cá có ria,47500,50000,5,0.0,0,0,"Christian Jolibois, Christian Heinrich",Nhã Nam,Nhà Xuất Bản Hà Nội,,Bìa mềm,28.0,2023-11-17,Alpha Books Official,available,1000,True,True,True
273328737,Sách A History Of Vn In Pictures - Born Of Dragons And Fairies (In Colour),50000,70000,29,1.0,1,5,Trần Bạch Đằng,NXB Trẻ,NXB Trẻ,,Tùy chọn phiên bản bìa cứng hoặc bìa mềm,78.0,2021-03-15,Tiki Trading,available,1000,False,True,True
269973496,Những Giấc Mơ Xinh - Ban Nhạc Diệu Kì,44600,47000,5,0.0,0,0,Satoe Tone,Nhà Xuất Bản Kim Đồng,Nhà Xuất Bản Kim Đồng,,,,,Nhà sách Fahasa,available,1000,True,True,True
267215205,Sách Tý Quậy - Tập 8,38400,40000,4,4.8,65,50,Đào Hải,Nhà Xuất Bản Kim Đồng,Nhà Xuất Bản Kim Đồng,,Bìa mềm,172.0,2019-03-01,Tiki Trading,available,1000,False,True,True
262451717,Thế Giới Của Peppa - Những Vì Sao,29700,30000,1,0.0,0,1,Nhiều tác giả,Nhà Xuất Bản Kim Đồng,Nhà Xuất Bản Kim Đồng,,,,,Nhà sách Fahasa,available,1000,True,True,True
262451699,Thế Giới Của Peppa - Những Trò Chơi Trong Vườn Nhà,29700,30000,1,0.0,0,0,Nhiều tác giả,Nhà Xuất Bản Kim Đồng,Nhà Xuất Bản Kim Đồng,,,,,Nhà sách Fahasa,available,1000,True,True,True
230052834,"Bộ sách tranh song ngữ “Thiên nhiên diệu kỳ” - Trên và dưới, Dòng Sông, Mùa đến mùa đi - Cây (Combo lẻ tuỳ chọn)",146200,160000,9,5.0,1,2,,Quảng Văn,Nhà Xuất Bản Phụ Nữ,,Bìa cứng,,,Minhhabooks,available,1000,True,True,True
214584839,Mỗi Em Bé Là Một Thiên Tài - 5 Tuổi,63700,75000,15,0.0,0,0,"Hình Đào,  Kỷ Giang Hồng",Tân Việt,nxb my thuat,,,,,Nhà sách Fahasa,available,1000,True,True,True
206182028,Vun Đắp Tâm Hồn - Nếu Tớ Có Một Bạn Bạch Tuộc,53200,56000,5,0.0,0,6,Alex Barrow,Nhà Xuất Bản Kim Đồng,Nhà Xuất Bản Kim Đồng,,,,,Nhà sách Fahasa,available,1000,True,True,True
193736926,Danh Tác Thế Giới - Phục Sinh (Tái Bản 2022),38000,40000,5,5.0,1,16,Neung In Publishing Company,Nhà Xuất Bản Kim Đồng,Nhà Xuất Bản Kim Đồng,,,,,Nhà sách Fahasa,available,1000,True,True,True
192649236,Một nơi của riêng tớ,40500,45000,10,5.0,1,19,,Đông A,Nhà Xuất Bản Dân Trí,,,,,Đông A Books Official,available,1000,True,True,True
184334897,Lịch Sử Chế Tạo Xe Hơi,60400,65000,7,0.0,0,5,Oldřich Růžička,Nhà Xuất Bản Thế Giới,Nhà Xuất Bản Thế Giới,,,,,Nhà sách Fahasa,available,1000,True,True,True
146276797,Yêu Thương Cho Con: Mẹ Yêu Con,28500,30000,5,5.0,5,59,Helen Foster James,Nhà Xuất Bản Kim Đồng,Nhà Xuất Bản Kim Đồng,,,,,Nhà sách Fahasa,available,1000,True,True,True
75665438,Khát Vọng Non Sông - An Tư Công Chúa,17000,26000,35,5.0,1,19,,VIETNAMBOOK,Nhà Xuất Bản Hà Nội,,Bìa gập,32.0,2020-08-31,VIETNAMBOOK,available,1000,True,True,True
71682098,Bé Khám Phá Khoa Học Qua Truyện Đồng Thoại - Động Vật Bí Ẩn: Vòng Đời Của Bướm,31600,34000,7,5.0,4,38,Đồng Tâm,Cty Mĩ Thuật & Truyền Thông (ADC),Nhà Xuất Bản Giáo Dục Việt Nam,,,,,Nhà sách Fahasa,available,1000,True,True,True
63516919,Sách Bên Con Mỗi Ngày: Mẹ Con Mình Bên Nhau,24700,25000,1,5.0,2,23,Huyền Trâm,NXB Kim Đồng,Nhà Xuất Bản Kim Đồng,,Bìa mềm,24.0,2020-08-01,Nhà sách Fahasa,available,1000,True,True,True
58166244,Sách Xóm Bờ Giậu (Tái Bản 2020),145000,145000,0,0.0,0,1,Trần Đức Tiến,NXB Kim Đồng,Nhà Xuất Bản Kim Đồng,,Bìa mềm,108.0,2020-07-01,Bamboo Books,available,1000,True,True,True
53467452,Combo Thần Thoại Hy Lạp Tập: Tập 16 Đến Tập 20 (Bộ 5 Tập),264000,300000,12,0.0,0,7,"Lee Kwangjin,  Seo Young, Thomas Bulfinch",Nhà Xuất Bản Kim Đồng,Nhà Xuất Bản Kim Đồng,,,,,Nhà sách Fahasa,available,1000,True,True,True
49180456,Bộ Túi Truyện Cổ Tích Về Các Nàng Công Chúa (Bộ 8 Cuốn),120000,120000,0,0.0,0,2,"., ., ., ., ...",Đông A,Nhà Xuất Bản Dân Trí,,,,,Bamboo Books,available,1000,True,True,True
24263968,Tranh Truyện Lịch Sử Việt Nam: Lý Chiêu Hoàng,18400,20000,8,5.0,8,88,"Anh Chi, Lê Minh Hải",NXB Kim Đồng,,,Bìa mềm,32.0,2019-07-01,Nhà sách Fahasa,available,1000,True,False,True
17937823,Sách Tý Quậy - Tập 6 (Tái Bản 2019),39200,40000,2,5.0,5,69,Đào Hải,Nhà Xuất Bản Kim Đồng,,,Bìa mềm,172.0,2019-05-01,Nhà sách Fahasa,available,1000,True,True,True
16683171,Cô Bé Lọ Lem Cinderella - Truyện Song Ngữ Anh - Việt,29700,35000,15,5.0,9,52,.,Tân Việt,,,Bìa mềm,24.0,2019-05-01,Nhà sách Fahasa,available,1000,True,False,True
14273557,Tý Quậy - Tập 1 (Tái Bản 2019),39200,40000,2,5.0,2,41,Đào Hải,Nhà Xuất Bản Kim Đồng,,,Bìa mềm,172.0,2019-04-01,Nhà sách Fahasa,available,1000,True,True,True
7032749,Những lá thư của Felix (Bộ 5 cuốn),590500,590500,0,4.7,3,38,Constanza Droop,Nhà Xuất Bản Kim Đồng,Nhà Xuất Bản Kim Đồng,,Bìa mềm,36.0,2017-01-01,AHABOOKS,available,1000,True,True,True
505133,Sách Thần Đồng Đất Việt (Tập 199) - Mùi Mập Xuất Chiêu,14900,15000,1,5.0,6,113,,Phan Thị,,,Bìa mềm,,2016-05-26,Nhà sách Fahasa,available,1000,True,False,True
475373,Sách Bé Tập Kể Chuyện - Chuột Nhắt Lười Học,12750,15000,15,5.0,1,6,.,NXB Trẻ,NXB Trẻ,,Bìa mềm,14.0,2016-03-02,Nhà Xuất Bản Trẻ,available,1000,True,True,True
441357,Sách Cuộc Săn Lùng Quái Vật - Thuồng Luồng Biển Sepron,33600,35000,4,0.0,0,8,Adam Blade,Chibooks,,,Bìa mềm,120.0,2015-07-13,Nhà sách Fahasa,available,1000,True,True,True
441354,Sách Cuộc Săn Lùng Quái Vật - Người Núi Khổng Lồ Arcta,21000,35000,40,5.0,1,11,Adam Blade,Chibooks,Nhà Xuất Bản Văn Hóa - Văn Nghệ,,Bìa mềm,120.0,2015-07-13,NHÀ SÁCH CHIBOOKS,available,1000,True,True,True
410960,Sách Khỉ Zozo Hiếu Kỳ - Zozo Chú Khỉ Hiếu Kỳ,69000,69000,0,0.0,0,0,H.A.Rey,Alphabooks,Nhà Xuất Bản Dân Trí,,Bìa mềm,48.0,2014-09-23,HỆ THỐNG NHÀ SÁCH ABC,available,1000,True,True,True
410956,Sách Khỉ Zozo Hiếu Kỳ - Khỉ Zozo Đạp Xe,69000,69000,0,0.0,0,0,H.A.Rey,Alphabooks,Nhà Xuất Bản Dân Trí,,Bìa mềm,48.0,2014-09-23,info book,available,1000,True,True,True
278831331,"Sách - Lớp Học Mật Ngữ - Tuyển Tập Đặc Biệt Kỷ Niệm 10 Năm THE BEST - Tuyển Tập Truyện ""Đỉnh Nóc"" Ma Kết Nữ - Tặng Kèm Túi Đựng Dụng Cụ Học Tập Lớp Học Mật Ngữ",85500,90000,5,0.0,0,5,B R O group,BÁO TIỀN PHONG,Báo Sinh Viên VN - Hoa Học Trò,,Bìa mềm,,2023-12-21,Nhà sách Fahasa,available,1000,True,True,True
278683732,Trọn bộ 4 cuốn sách Song ngữ: Thế giới của Thỏ Peter - The World Of Peter Rabbit kèm Audio giúp bé học tiếng Anh,264000,352000,25,0.0,0,1,Beatrix Potter,Công ty TNHH Sách Hà Giang ,NXB Dân Trí,,Bìa mềm,100.0,2025-09-30,Sách Hà Giang,available,1000,True,True,True
278636688,Sách Chuyện Xóm Gà - Đàn Gà Con Sợ Mất Mật,65000,65000,0,0.0,0,0,"Christian Jolibois, Christian Heinrich",Nhã Nam,Nhà Xuất Bản Hà Nội,,Bìa mềm,48.0,,info book,available,1000,True,True,True
278159453,Sách Những Câu Chuyện Vàng,12500,20000,38,0.0,0,13,Song Dương,Minh Long,Nhà Xuất Bản Mỹ Thuật,,Bìa mềm,24.0,,Tiki Trading,available,1000,True,True,True
277019445,Bộ Sách Trò Chơi Nhập Vai,42750,45000,5,0.0,0,4,Nhiều tác giả,Nhà Xuất Bản Kim Đồng,Nhà Xuất Bản Kim Đồng,,Bìa mềm,,2024-03-12,Tiki Trading,available,1000,False,True,True
277018081,Bộ Sách Tết Tuổi Thơ,121000,135000,10,5.0,1,14,Nhiều tác giả,Nhà Xuất Bản Kim Đồng,Nhà Xuất Bản Kim Đồng,,Bìa mềm,,2024-03-12,Tiki Trading,available,1000,False,True,True
276655649,(Bìa cứng) CHUYỆN CÂY THÔNG NON – Hans Christian Andersen – Lư Giang dịch – Crabit Kidbooks – NXB Hà Nội,125000,125000,0,0.0,0,1,Hans Christian Andersen,Crabit Kidbooks,Nhà Xuất Bản Hà Nội,,Bìa cứng,36.0,,BÌNH BÁN BOOK,available,1000,True,True,True
276077776,Truyện Tranh Lớp Học Xả Stress (MEGA),58000,58000,0,0.0,0,2,Xiao Pin,Megabooks,Nhà Xuất Bản Thế Giới,,Bìa mềm,,,NewShop Official,available,1000,True,True,True
275895380,Bộ Sách Đôi Chuột Nhỏ Dễ Thương,34300,35000,2,0.0,0,5,Basho Midori,NXB Kim Đồng,Nhà Xuất Bản Kim Đồng,,Bìa mềm,36.0,,Tiki Trading,available,1000,False,True,True
275501841,(Bộ 3 cuốn) NHỌ NHẤT QUẢ ĐẤT - Hà Giang Books,207000,207000,0,0.0,0,0,,Đông Tây,Nhà Xuất Bản Văn Học,,Bìa mềm,800.0,2025-01-04,Đông Tây,available,1000,True,True,True
271817142,Bộ Sách Những Sinh Vật Í Ẹ - Bộ 10 Cuốn,389500,410000,5,0.0,0,3,Elise Gravel,Crabit Kidbooks,Nhà Xuất Bản Hà Nội,,,,,Nhà sách Fahasa,available,1000,True,True,True
270704244,Who? Chuyện Kể Về Danh Nhân Thế Giới - Anh Em Nhà Wright (Tái bản năm 2020),44000,55000,20,0.0,0,3,Team-kids,NXB Kim Đồng,Nhà Xuất Bản Kim Đồng,,Bìa mềm,164.0,2020-11-06,Nhà Sách Phương Nam,available,1000,True,True,True
269946688,Tranh Truyện Lịch Sử Việt Nam - Ỷ Lan (Tái Bản 2023),18400,20000,8,0.0,0,3,"Lê Minh Hải,  Anh Chi",Nhà Xuất Bản Kim Đồng,Nhà Xuất Bản Kim Đồng,,,,,Nhà sách Fahasa,available,1000,True,True,True
263697329,Tranh Truyện Lịch Sử Việt Nam - Bà Triệu,19000,20000,5,5.0,2,43,.,Nhà Xuất Bản Kim Đồng,Nhà Xuất Bản Kim Đồng,,Bìa mềm,36.0,2016-09-30,Tiki Trading,available,1000,False,True,True
262899641,Thế giới của Peppa - Tủ đồ chơi,30000,30000,0,0.0,0,0,,NXB Kim Đồng,Nhà Xuất Bản Kim Đồng,,,,,Bamboo Books,available,1000,True,True,True
251785013,Danh Nhân Thế Giới  ( truyện kể về 10 nhân vật EQ - Tranh truyện thiếu nhi - bộ 10 cuốn ),330000,330000,0,5.0,1,17,nhieu tac gia, NXB Kim Đồng,Nhà Xuất Bản Kim Đồng,,Bìa mềm,167.0,,Bảo Châu Books,available,1000,True,True,True
249025734,Sách Tay Con Trong Tay Mẹ,23750,25000,5,5.0,1,11,"Louison Nielman, Maud Legrand",NXB Kim Đồng,Nhà Xuất Bản Kim Đồng,,Bìa mềm,20.0,2023-03-27,Tiki Trading,available,1000,False,True,True
242265339,Truyện Tranh - Combo 109 Cuốn One Piece ( Từ T1 - T109 ) - KĐ,3800000,3800000,0,0.0,0,1,Eiichiro Oda, NXB Kim Đồng,Nhà Xuất Bản Kim Đồng,,Bìa mềm,192.0,,SÁCH NHÂN DÂN - ndbooks,available,1000,True,True,True
242076264,Bé Tập Kể Chuyện - Cậu Bé Mũi Dài (Tái Bản 2022),14800,15000,1,5.0,1,5,Nhiều tác giả,NXB Trẻ,NXB Trẻ,,,,,Nhà sách Fahasa,available,1000,True,True,True
214617634,Sách Siêu Thỏ - Ứ Đi Nha Sĩ Đâu,39600,55000,28,5.0,3,23,Stephanie Blake,Nhã Nam,Nhà Xuất Bản Hội Nhà Văn,,Bìa mềm,32.0,2023-01-01,Tiki Trading,available,1000,False,True,True
214493472,Sách Thế Giới Của Peppa - Tớ Không Chơi Với Cậu Nữa,29400,30000,2,0.0,0,9,Nhiều tác giả,NXB Kim Đồng,Nhà Xuất Bản Kim Đồng,,Bìa mềm,24.0,2023-01-01,Tiki Trading,available,1000,False,True,True
207597008,One-Punch Man - Tập 10,35000,35000,0,5.0,1,1,Yusuke Murata,NXB Kim Đồng,Nhà Xuất Bản Kim Đồng,,Bìa mềm,208.0,,Bamboo Books,available,1000,True,True,True
205745299,Combo Gấu Anh – Gấu Em (8 Cuốn),192000,240000,20,5.0,2,27,"Trần Huy, A Đông",NXB Kim Đồng,Nhà Xuất Bản Kim Đồng,,Bìa mềm,28.0,2022-11-01,Tiki Trading,available,1000,False,True,True
201308531,Truyện tranh Tý Quậy - Những truyện siêu buồn cười,120000,120000,0,0.0,0,0,,Nhà Xuất Bản Kim Đồng,Nhà Xuất Bản Kim Đồng,,,,,Bamboo Books,available,1000,True,True,True
195623929,Sách Danh Nhân thay đổi thế giới,41300,75000,45,4.5,5,35,Nhiều tác giả,Minh Long,Nhà Xuất Bản Văn Học,,Bìa mềm,160.0,2022-06-23,Tiki Trading,available,1000,True,True,True
195623865,Truyện tranh tuổi thần tiên - Túi,70800,120000,41,5.0,1,16,Minh Long,Minh Long,Nhà Xuất Bản Mỹ Thuật,,Bìa mềm,16.0,2022-07-19,Tiki Trading,available,1000,True,True,True
190695056,"Thời thơ ấu dài lâu - Nguyễn Nhật Ánh, Hộp 24 quyển",2450000,2450000,0,0.0,0,0,Nguyễn Nhật Ánh,Nhà Xuất Bản Trẻ,NXB Trẻ,,Bìa mềm,,,BOOKCITY.VN,available,1000,True,True,True
177860560,Sách Âm Thanh - Những Loài Vật Quanh Em,197100,219000,10,5.0,1,19,Khánh Vân,Đinh Tị,Nhà Xuất Bản Hà Nội,,,,,Nhà sách Fahasa,available,1000,True,True,True
169887167,Chuyện Các Nàng Công Chúa - Công Chúa Tóc Mây,19800,20000,1,0.0,0,5,Phan Thị,Cty Phan Thị,Nhà Xuất Bản Đại Học Sư Phạm TPHCM,,,,,Nhà sách Fahasa,available,1000,True,True,True
160814463,"Này, Chớ Táy Máy Liếm Sách!",84500,89000,5,0.0,0,3,,Crabit Kidbooks,Nhà Xuất Bản Hà Nội,,,,,Nhà sách Fahasa,available,1000,True,True,True
138342206,Combo Doraemon - Tuyển Tập Những Người Thân Yêu (Trọn bộ 6 cuốn),180000,180000,0,1.0,1,8,,Nhà Xuất Bản Kim Đồng,Nhà Xuất Bản Kim Đồng,,,,,Nhà Sách Phương Nam,available,1000,True,False,True
134364249,Combo Tý Quậy (Trọn Bộ 11 Cuốn) (Tặng Kèm 03 Bookmark DQ),366000,366000,0,5.0,15,97,Đào Hải,Nhà Xuất Bản Kim Đồng,Nhà Xuất Bản Kim Đồng,,Bìa mềm,1900.0,2021-02-02,HaAnBooks,available,1000,True,True,True
125926035,Sách - Thần thoại Hy Lạp (tập 11): CHIẾN CÔNG CỦA TƯỚNG DIOMEDES,60000,60000,0,0.0,0,4,"Thomas Bulfinch, Lee Kwangjin, Seo Young",NXB Kim Đồng,Nhà Xuất Bản Kim Đồng,,Bìa mềm,196.0,,Bamboo Books,available,1000,True,True,True
92564133,Sách Nhỡ Bố Ở Quá Xa,64100,69000,7,5.0,3,37,"Astrid Desbordes, Pauline Martin",Nhã Nam,Nhà Xuất Bản Hà Nội,,Bìa mềm,40.0,2021-04-01,Nhà sách Fahasa,available,1000,True,True,True
89691013,Sách Thế Giới Xe Cộ: Xe Tắc Xi_Taxi,24700,25000,1,5.0,1,23,"Lee Yanan, Bookworm Culture",NXB Kim Đồng,Nhà Xuất Bản Kim Đồng,,Bìa mềm,24.0,2021-04-15,Nhà sách Fahasa,available,1000,True,True,True
86876558,Sách Lịch Sử Việt Nam Bằng Tranh: Thăng Long Buổi Đầu (Bản Màu),83000,139000,40,5.0,22,182,Trần Bạch Đằng (chủ biên),NXB Trẻ,NXB Trẻ,,Bìa mềm,82.0,2021-03-01,Tiki Trading,available,1000,False,True,True
77988136,Sách Bo Và Be - Đôi Thỏ Tinh Nghịch,114000,120000,5,5.0,3,13,"Jaroslav Pacovský, Jiří Šebánek, Vladimír Jiránek",NXB Kim Đồng,Nhà Xuất Bản Kim Đồng,,Bìa mềm,60.0,2021-02-01,Nhà sách Fahasa,available,1000,True,True,True
22135939,Sách Chuyện Phiêu Lưu Của Mít Đặc Và Các Bạn (Bìa Cứng) (Tái Bản 2019),180000,180000,0,4.0,1,26,Nikolay Nosov,Nhà Xuất Bản Kim Đồng,Nhà Xuất Bản Kim Đồng,,Bìa cứng,176.0,2019-07-01,HaAnBooks,available,1000,True,True,True
12523798,Sách - Chuyện cho bé hiếu thảo ( Trọn bộ 10 cuốn kèm Book mark),85000,85000,0,5.0,3,34,.,Nhà Xuất Bản Kim Đồng,Nhà Xuất Bản Kim Đồng,,Bìa mềm,14.0,2018-12-12,AHABOOKS,available,1000,True,True,True
472088,Sách Thần Đồng Đất Việt (Tập 189) - Cái Ôm May Mắn,15000,15000,0,5.0,3,44,,Phan Thị,Nhà Xuất Bản Đại Học Sư Phạm,,Bìa mềm,,2016-02-02,Nhà sách Fahasa,available,1000,True,False,True
279226039,Sách Cuốn Cổ Thư Của Một Mẫu Thần - Giải Thường Văn Học Kim Đồng,90000,120000,25,0.0,0,0,Nguyễn Hoàng Diệu Thủy,Nhà Xuất Bản Kim Đồng,Nhà Xuất Bản Kim Đồng,,Bìa cứng,236.0,,Tiki Trading,available,1000,False,True,True
279186001,SÁCH MỚI   Bộ 2 cuốn truyện tranh “Những bức thư của các tỷ phú thế giới dành cho con”,186100,188000,1,1.0,1,1,nhieu tac gia,Nhà sách Tân Việt,Nhà Xuất Bản Phụ Nữ Việt Nam,,Bìa mềm,,,Minhhabooks,available,1000,True,True,True
279097940,Sách Văn Học Tuổi Hoa - Tết Và Mẹ,52000,65000,20,0.0,0,1,Nguyễn Dương Quỳnh,Nhà Xuất Bản Kim Đồng,Nhà Xuất Bản Kim Đồng,,Bìa mềm,240.0,,Tiki Trading,available,1000,False,True,True
278969700,Sách - Truyện Tranh Lớp Học Xả Stress - Buổi Họp Phụ Huynh Bất Thường,55100,58000,5,0.0,0,2,nhieu tac gia,Megabook,Nhà Xuất Bản Phụ Nữ Việt Nam,,Bìa mềm,,2023-12-21,Nhà sách Fahasa,available,1000,True,True,True
278880261,Sách Chuyện Nhà Mèo,54000,55000,2,0.0,0,0,Nicoletta Costa,Nhà Xuất Bản Kim Đồng,Nhà Xuất Bản Kim Đồng,,Bìa cứng,10.0,,Tiki Trading,available,1000,False,True,True
278853910,Sách - Truyện Tranh Lớp Học Xả Stress (Tùy Chọn),68000,68000,0,0.0,0,0,Xiao Pin,Nhà Sách Hồng Ân,Nhà Xuất Bản Thế Giới,,Bìa mềm,,,Khanhlinhbook,available,1000,True,True,True
278713125,Sách - Yêu Cây Xanh Như Siêu Mèo,11000,11000,0,0.0,0,0,nhieu tac gia,NXB Trẻ,NXB Trẻ,,Bìa mềm,,2023-12-21,Nhà sách Fahasa,available,1000,True,True,True
278697364,"(Boxset 23 Cuốn, Bìa Cứng In Màu) THẾ GIỚI THỎ PETER - Beatrix Potter – NXB Kim Đồng",1200000,1200000,0,0.0,0,0,Beatrix Potter,NXB Kim Đồng,Nhà Xuất Bản Kim Đồng,,Bìa cứng,1000.0,,Bamboo Books,available,1000,True,True,True
278241448,Tủ sách tình cảm gia đình,32400,45000,28,0.0,0,0,"Phương Nguyễn, Trang Navi",Nhã Nam,Nhà Xuất Bản Hà Nội,,Bìa mềm,28.0,,Tiki Trading,available,1000,False,True,True
278147999,Sách - Anh Em Bình Thường - Món Quà Sinh Nhật Siêu Khổng Lồ,63700,75000,15,0.0,0,0,,Tân Việt,nxb my thuat,,Bìa mềm,,2023-12-21,Nhà sách Fahasa,available,1000,True,True,True
277938249,Sách Vịt Bông bé bỏng,24000,30000,20,0.0,0,13,Phan Mai Thư Nhã,NXB Trẻ,NXB Trẻ,,Bìa mềm,32.0,2025-04-07,Tiki Trading,available,1000,False,True,True
277483604,Sách Trái Tim Của Đảo,60000,60000,0,0.0,0,0,Nhiều tác giả,Nhà Xuất Bản Kim Đồng,Nhà Xuất Bản Kim Đồng,,Bìa mềm,52.0,2025-01-01,Bamboo Books,available,1000,True,True,True
276850037,Bộ Sách Siêu Đầu Bếp Nhí,47500,50000,5,0.0,0,2,Công thức - Giám sát nội dung: Akiko Kaji,Nhà Xuất Bản Kim Đồng,Nhà Xuất Bản Kim Đồng,,Bìa mềm,,2024-03-12,Tiki Trading,available,1000,False,True,True
274028353,Who? - Chuyện Kể Về Danh Nhân Thế Giới - Pele,48000,60000,20,0.0,0,4,Park Sanguk,NXB Kim Đồng,Nhà Xuất Bản Kim Đồng,,Bìa mềm,184.0,,Nhà Sách Phương Nam,available,1000,True,True,True
273537992,Sách Quan Thế Âm Bồ tát,44800,69000,35,5.0,1,11,Maya van der Meer,Thái Hà,Nhà Xuất Bản Lao Động,,,36.0,2023-10-10,Tiki Trading,available,1000,False,True,True
273524524,Sách - Tác Phẩm Kinh Điển Dành Cho Thiếu Nhi - Đinh Tị Books,164800,174000,5,1.0,1,6,,Đinh Tị,Nhà Xuất Bản Văn Học,,Bìa mềm,,,Mộc Nhiên Kids Store,available,1000,True,True,True
273486373,Sách Balthazar,31500,45000,30,0.0,0,42,"Marie, Isabelle Wlodarczyk, Aline Bawin",First News - Trí Việt,Nhà Xuất Bản Dân Trí,,Bìa mềm,28.0,2023-11-11,Tiki Trading,available,1000,False,True,True
273328813,Sách The Trưng Sisters (In Colour),66000,85000,22,4.0,4,53,Trần Bạch Đằng,NXB Trẻ,NXB Trẻ,,Tùy chọn phiên bản bìa cứng hoặc bìa mềm,94.0,2021-03-15,Tiki Trading,available,1000,False,True,True
267211889,Sách Tý Quậy - Tập 1,38400,40000,4,4.8,58,33,Đào Hải,Nhà Xuất Bản Kim Đồng,Nhà Xuất Bản Kim Đồng,,Bìa mềm,172.0,2023-06-20,Tiki Trading,available,1000,False,True,True
212993182,"Sách Trường Học Khủng Long 1 - Diplo Ơi, Cậu Là Người Hùng",44100,49000,10,0.0,0,0,,Phương Nam Book,Nhà Xuất Bản Thế Giới,,Bìa mềm,30.0,,PHƯƠNG NAM BOOK,available,1000,True,True,True
212326091,Danh Nhân Thế Giới - Nobel,24000,30000,20,5.0,1,23,Han Kiên,NXB Kim Đồng,Nhà Xuất Bản Kim Đồng,,Bìa mềm,160.0,,Nhà Sách Phương Nam,available,1000,True,True,True
207567336,Học Viện Siêu Anh Hùng - Tập 4,25000,25000,0,0.0,0,1,Kohei Horikoshi,NXB Kim Đồng,Nhà Xuất Bản Kim Đồng,,Bìa mềm,192.0,,Nhà Sách Phương Nam,available,1000,True,True,True
207565717,Hành Trình Đông A,185000,185000,0,0.0,0,0,Trần Tuyết Hàn,NXB Kim Đồng,Nhà Xuất Bản Kim Đồng,,Bìa cứng,72.0,,Bamboo Books,available,1000,True,True,True
198573848,Bộ sách Chuyện kể hằng đêm (10 tập) - Tái bản 2022,52000,80000,35,0.0,0,10,,Công Ty Cổ Phần Văn Hóa Đông A,Nhà Xuất Bản Dân Trí,,Bìa mềm,,2022-09-24,Đông A Books Official,available,1000,True,True,True
195623860,Truyện tranh tuổi thần tiên - Củ cải trắng,8900,15000,41,0.0,0,88,Minh Long,Minh Long,Nhà Xuất Bản Mỹ Thuật,,Bìa mềm,16.0,2022-10-18,Tiki Trading,available,1000,True,True,True
193736734,Hoàng Tử Bé (Tái Bản 2022),160000,160000,0,0.0,0,2,Antoine De Saint Exupery,Nhà Xuất Bản Kim Đồng,Nhà Xuất Bản Kim Đồng,,,,,Bamboo Books,available,1000,True,True,True
192673704,"Combo 7 Cuốn Truyện Tranh Danh Nhân Thế Giới: Mary Quyri, Nôben, Hêlen, Napôlêông, Niutơn, Lincôn, Êđixơn",209350,209350,0,0.0,0,7,,Kim Đồng,Nhà Xuất Bản Kim Đồng,,,,,AHABOOKS,available,1000,True,True,True
134947104,Sách tranh song ngữ Bé yêu Lập trình,43900,43900,0,0.0,0,3,Ruth Spiro,Quảng Văn,Nhà Xuất Bản Phụ Nữ Việt Nam,,Bìa mềm,44.0,,AHABOOKS,available,1000,True,True,True
133933874,Tý quậy: Những chuyện siêu buồn cười ( Ấn bản đặc biệt tuyển chọn những pha cười đã nhất ),120000,120000,0,0.0,0,1,,Kim Đồng,Nhà Xuất Bản Kim Đồng,,,,,Bamboo Books,available,1000,True,True,True
127482207,Sách - Tý Quậy (Trọn Bộ / Truyện Thiếu Nhi),569500,593250,4,0.0,0,1,Đào Hải,NXB Kim Đồng,Nhà Xuất Bản Kim Đồng,,Bìa mềm,172.0,,AHABOOKS,available,1000,True,True,True
92560218,KINH THÁNH CHO THIẾU NHI - CỰU ƯỚC VÀ TÂN ƯỚC,190000,200000,5,0.0,0,3,,Công ty TNHH Bayard Việt Nam,Nhà Xuất Bản Tôn Giáo,,Bìa mềm,248.0,2021-04-30,NHÀ SÁCH AN THƯ,available,1000,True,True,True
81035308,Combo Quà Tặng ”Đốm Lửa Diệu Kỳ” Gồm 3 Cuốn: Hansel Và Gretel - Cô Bé Bán Diêm - Bác Nông Dân Và Con Quỷ (Hoạt Hình Song Ngữ 4D),323860,439000,26,4.7,15,123,Thái Đồng,Toonbook,Nhà Xuất Bản Thế Giới,,Bìa mềm,72.0,2021-03-01,Tiki Trading,available,1000,False,True,True
58439244,"Bộ 6 Cuốn Truyện Tranh Tư Duy Phát Triển EQ Trí Tuệ Cảm Xúc Cho Bé: Gấu Bư Đi Công Viên, Gấu Bư Đi Khám Răng, Gấu Bư Và Người Lạ Ở Sân Chơi, Gấu Bư Đi Siêu Thị, Gấu Bư Không Giữ Lời Hứa, Gấu Bư Đã Lớn",129600,131000,1,5.0,2,30,Mai Chi - Hữu Thắng,An Phước Books,Nhà Xuất Bản Văn Học,,Bìa mềm,25.0,2020-05-05,Minhhabooks,available,1000,True,True,True
52645710,Combo Picture Book Song Ngữ : Dù Sao Đi Nữa Mẹ Vẫn Yêu Con – No Matter What+Mẹ Có Phải Là Mẹ Của Con? - Are You My Mother?+Chú Sâu Háu Ăn+Ngôi Nhà Say Ngủ - Napping House,296000,296000,0,5.0,27,142,"P.D. Eastman, Audrey Wood - Don Wood, Debi Gliori,  Eric Carle",Quảng Văn,Nhà Xuất Bản Phụ Nữ,,Bìa mềm,,2020-04-01,NHBook,available,1000,True,True,True
50322529,Pretty Girl Là Con Gái - Cô Nàng Chuẩn Teen - Lời Nói Hay Cử Chỉ Đẹp (Tái Bản 2019),89000,89000,0,0.0,0,0,Min Ji Kim Young,Phụ Nữ,Nhà Xuất Bản Phụ Nữ,,,,,info book,available,1000,True,True,True
14041496,"Combo 05 cuốn ehon Cùng bé lớn khôn 2 cho bé 3+ : Mầm non ơi, tớ đến đây!/ Ông nội là gấu bông của tớ/ Tai của Đô Đô tức giận rồi/ Đôi bàn tay gấu/ Kẹo mật và kem que - (kèm bookmark PD đặc biệt )",134500,134500,0,0.0,0,20,.,Thái Hà,,,Bìa mềm,,,AHABOOKS,available,1000,True,True,True
8383420,Combo Mèo Mốc (Trọn Bộ 4 Cuốn),431600,454350,5,5.0,2,20,,SkyComics,Nhà Xuất Bản Thế Giới,,Bìa mềm,,2018-08-21,Phương Đông Books,available,1000,True,False,True
5743645,Sách Hạt Giống Cà Rốt,28800,40000,28,4.3,6,271,RUTH KRAUSS,Nhã Nam,Nhà Xuất Bản Hội Nhà Văn,,Bìa mềm,32.0,2018-10-05,Tiki Trading,available,1000,False,True,True
4336431,Sách Tay Khéo Tay Xinh - Bé Vẽ Thú Non,63700,65000,2,0.0,0,1,Christophe Boncens,NXB Trẻ,,,Bìa mềm,24.0,2018-01-09,Nhà sách Fahasa,available,1000,True,True,True
437296,Sách Ở Nơi Quỷ Sứ Giặc Non,65000,65000,0,0.0,0,0,Maurice Sendak,Nhã Nam,Nhà Xuất Bản Hội Nhà Văn,,Bìa mềm,,2015-06-10,HỆ THỐNG NHÀ SÁCH ABC,available,1000,True,True,True
278827533,(Tặng kèm 01 sticker + 01 bookmark) CON QUỶ HÚT MÂY - SlowBooks,129000,129000,0,0.0,0,0,nhieu tac gia,Công ty TNHH Xuất bản và Giáo dục Slowbooks,Nhà Xuất Bản Hà Nội,,Bìa mềm tay gấp,60.0,,BÌNH BÁN BOOK,available,1000,True,True,True
278713189,Sách - Lịch Sử Việt Nam Bằng Tranh - Thành Lập Nhà Trần - Bản Màu,61700,65000,5,0.0,0,0,nhieu tac gia,NXB Trẻ,NXB Trẻ,,Bìa mềm,,2023-12-21,Nhà sách Fahasa,available,1000,True,True,True
278597436,Sách Bảy Chú Ếch Con,38800,40000,3,0.0,0,0,"Morio Shiota, Tomoko Sakura",Nhà Xuất Bản Kim Đồng,Nhà Xuất Bản Kim Đồng,,Bìa mềm,32.0,2025-04-09,Tiki Trading,available,1000,False,True,True
278089752,Bồ Nông Có Hiếu (Những Truyện Hay Viết Cho Thiếu Nhi - Phiên Bản Sách Tranh),44100,45000,2,0.0,0,5,"Phong Thu, Thu Trang, Bùi Xuân Quỳnh",Nhà Xuất Bản Kim Đồng,Nhà Xuất Bản Kim Đồng,,Bìa mềm,40.0,,Tiki Trading,available,1000,False,True,True
277874450,Thế Giới Tuyệt Vời Của Tom Gates - Song ngữ Việt-Anh. Truyện tranh kèm audio và từ vựng chọn lọc.,51750,69000,25,0.0,0,11,Liz Pichon,Công ty TNHH Sách Hà Giang ,Nhà Xuất Bản Dân Trí,,Bìa mềm,360.0,2025-04-25,Sách Hà Giang,available,1000,True,True,True
277776436,"(Bìa cứng, In màu) ESCAPE ROOM ADVENTURES - VỤ ÁN LỚN NHẤT CỦA SHERLOCK HOLMES - Lời Alex Woolf, Sian James Minh hoạ - Hồng Vũ dịch - Sách Nhân Dân",115000,115000,0,0.0,0,0,Alex Woolf,Công ty Cổ phần sách Nhân dân,Nhà Xuất Bản Văn Học,,Bìa cứng,98.0,,BÌNH BÁN BOOK,available,1000,True,True,True
277609491,Sách Song Ngữ: 10 Chỉ Số Vàng Quyết Định Tương Lai Của Trẻ tặng Kèm File nghe audio,29250,39000,25,0.0,0,5,,Công ty TNHH Sách Hà Giang ,Nhà Xuất Bản Văn Học,,,,,Sách Hà Giang,available,1000,True,True,True
277356595,Combo/Lẻ Bộ Chuyện Của Ếch Xanh: Ếch Xanh Đang Yêu + Ếch Xanh Và Chú Chim Nhỏ + Ếch Xanh Và Kẻ Lạ Mặt + Ếch Xanh Có Bạn Mới + Ếch Xanh Là Ếch Xanh + Ếch Xanh Đào Được Kho Báu + Ếch Xanh Thám Hiểm Thế Giới + Ếch Xanh Là Người Hùng ,47000,59000,20,0.0,0,0,,Alpha Books,NXB Dân Trí,,,,,Alpha Books Official,available,1000,True,True,True
276829105,Sách - Vì Sao Con Gái Cần Mẹ - Tác giả Gregory E. Lang - Sách tranh,51520,56000,8,0.0,0,0,nhieu tac gia,Vizibook,Nhà Xuất Bản Phụ Nữ Việt Nam,,Bìa mềm,40.0,2024-01-01,Vizibook,available,1000,True,True,True
276823167,"Ấn phẩm tháng 12.2024 đã ra mắt: Bức tranh mùa lễ hội, từ Việt Nam đến toàn cầu!",117000,117000,0,0.0,0,4,,BEACON ASIA MEDIA,Báo Tài nguyên và Môi trường,,,120.0,,BEACON ASIA MEDIA,available,1000,True,True,True
276724532,"Sách Thiếu Nhi Danh tác trong nhà trường, trọn bộ 16 chủ đề, phiêu lưu, khám phá thê giới, 2HBooks",91800,108000,15,0.0,0,1,Antoine De Saint Exupery,Công Ty Cổ Phần Văn Hóa Huy Hoàng,Nhà Xuất Bản Văn Học,,Bìa mềm,144.0,2024-12-01,2HBooks,available,1000,True,True,True
276562880,Truyện hay cho bé 0-6 tuổi - Tập 2,82000,118000,31,0.0,0,9,Hà Nhi,Công Ty Cổ Phần Văn Hóa Huy Hoàng,Nhà Xuất Bản Phụ Nữ,,Bìa mềm,140.0,2023-10-28,Tiki Trading,available,1000,False,True,True
275429509,Truyện tranh lớp học xả stress - Con gái không dễ bắt nạt đâu,44000,58000,24,5.0,2,71,Xiao Pin,Megabook,Nhà Xuất Bản Thế Giới,,Bìa mềm,,2024-06-01,Tiki Trading,available,1000,False,True,True
275416524,"Combo 3 cuốn Hilda và những chuyến phiêu lưu kỳ thú (Hilda và chó săn đen, khu rừng đá, và vua núi)",279000,310000,10,0.0,0,0,,Công Ty Cổ Phần Văn Hóa Đông A,Nhà Xuất Bản Dân Trí,,Bìa mềm,216.0,,Đông A Books Official,available,1000,True,True,True
274890252,Bộ sách - Quên đi (Hài hước bất ngờ dành cho trẻ 5 đên 8 tuổi) - Crabit - Bộ 3 cuốn bìa cứng,267000,267000,0,0.0,0,1,,Crabit Kidbooks,Nhà Xuất Bản Hà Nội,,,,,Những Vì Sao Bookstore,available,1000,True,True,True
274871959,"Combo 17 cuốn Lịch sử Việt Nam bằng tranh- Bản màu, bìa mềm- NXB Trẻ ( Tặng kèm sổ tay xương rồng )",1115000,1115000,0,0.0,0,1,,NXB Trẻ,NXB Trẻ,,Bìa mềm,,,NHBook,available,1000,True,True,True
274732136,COMBO 2 CUỐN : NAI SỪNG TẤM VÀ BÁC THỢ SĂN + HÀNH TRÌNH TÌM GẤU,288000,300000,4,0.0,0,1,nhieu tac gia,Kim Đồng,Nhà Xuất Bản Phụ Nữ,,Bìa mềm,125.0,,TYMBooks,available,1000,True,True,True
274579064,"Miu Miu Yêu Mẹ - Miu Miu Love Mommy - Mẹ Ơi Tại Sao? - Mommy, Why?",33700,45000,25,5.0,1,3,"Kawa,  Mai Anh Đỗ",Công ty Cổ Phần sách và Thiết bị Giáo dục Muki Việt Nam,Nhà Xuất Bản Lao Động,,,,,Nhà sách Fahasa,available,1000,True,True,True
274497113,Lịch Sử Việt Nam Bằng Tranh - Lý Nam Đế Và Nước Vạn Xuân - Bản Màu,65000,65000,0,0.0,0,0,"Nguyễn Đức Hòa,  Tôn Nữ Quỳnh Trân,  Trần Bạch Đằng",NXB Trẻ,NXB Trẻ,,,,,Bamboo Books,available,1000,True,True,True
274117934,Truyện Cổ Tích Nổi Tiếng Song Ngữ Việt-Anh - Snow White - Nàng Bạch Tuyết,35000,35000,0,0.0,0,5,nhieu tac gia,NXB Kim Đồng,Nhà Xuất Bản Kim Đồng,,Bìa mềm,32.0,,Bamboo Books,available,1000,True,True,True
273899279,CKC- Sách Huy Hoàng- Combo 2 Cuốn Bách Khoa Bằng Tranh - Chiến Binh (Hình Minh Họa 3D)+Bách Khoa Bằng Tranh - Hiệp Sĩ (Hình Minh Họa 3D),198000,198000,0,0.0,0,1,,Huy Hoàng Bookstore,Nhiều Nhà Xuất Bản,,,,,AHABOOKS,available,1000,True,True,True
273572941,Sách Lựa Chọn Cho Tương Lai: JOB?,64600,68000,5,0.0,0,7,"Seesaw, Kang Ji Seon",Kim Đồng,Nhà Xuất Bản Kim Đồng,,Bìa mềm,164.0,2023-08-12,Tiki Trading,available,1000,False,True,True
271070909,Sách Âm Thanh - Âm Thanh Quanh Bé - Những Từ Vựng Đầu Tiên,212000,265000,20,0.0,0,0,Igloo Books,Tân Việt,NXB Dân Trí,,,,,Nhà sách Fahasa,available,1000,True,True,True
263272786,English Zoo - Song Ngữ Anh-Việt Phát Triển Ngôn Ngữ - 200 Từ Vựng Tiếng Anh Đầu Tiên Của Bé - My First 200 Words,80700,95000,15,0.0,0,6,Mr Iwi,Tân Việt,nxb my thuat,,,,,Nhà sách Fahasa,available,1000,True,True,True
252412042,Sách Cuốn sách tươi tắn về cảm xúc (cho bé 6+),99000,99000,0,0.0,0,0,nhieu tac gia,Nhã Nam,Nhà Xuất Bản Thế Giới,,Bìa mềm,95.0,2022-12-01,HỆ THỐNG NHÀ SÁCH ABC,available,1000,True,True,True
248585442,Truyện Dài Kỳ Về Mèo: Bịt Mắt Bắt Mèo,49000,50000,2,0.0,0,1,Lê Thu,NXB Trẻ,NXB Trẻ,,,,,Nhà sách Fahasa,available,1000,True,True,True
214651570,Truyện Cổ Tích Việt Nam (Song Ngữ Việt-Anh) - Ai Mua Hành Tôi,16000,16000,0,0.0,0,5,Khánh Vân,Đinh Tị,nxb thanh nien,,,,,Nhà sách Fahasa,available,1000,True,True,True
207755509,Sách Miền Hoang Dã - Hãy Sống Như Chú Nai,39700,55000,28,5.0,1,56,Nicholas Oldland,Thái Hà,Nhà Xuất Bản Công Thương,,Bìa mềm,32.0,2022-11-11,Tiki Trading,available,1000,False,True,True
203845951,Sách - Ở nơi quỷ sứ giặc non (TB 2022),65000,65000,0,0.0,0,0,,Không có,Không có,,,,,HỆ THỐNG NHÀ SÁCH ABC,available,1000,True,True,True
190512989,Trọn Bộ 9 Cuốn Từ Điển Bằng Hình Đầu Tiên Của Bé Từ 0-6 tuổi - Song Ngữ Anh- Việt - (VT),252000,252000,0,0.0,0,1,Song Nghi,Công Ty TNHH Văn Hóa Việt Thư,Nhà Xuất Bản Phụ Nữ Việt Nam,,Bìa cứng,16.0,,Bảo Châu Books,available,1000,True,True,True
186495638,Truyện Cổ Tích Việt Nam - Thánh Gióng (Song Ngữ Việt - Anh),16000,16000,0,5.0,1,9,Thuỳ Dương,Đinh Tị,Nhà Xuất Bản Thanh Niên,,,,,Nhà sách Fahasa,available,1000,True,True,True
174182708,Thần Đồng Đất Việt - Tập 132 - Cánh Hoa Kỳ Diệu,9900,10000,1,5.0,1,21,Nhiều tác giả,Cty Phan Thị,Nhà Xuất Bản Thời Đại,,,,,Nhà sách Fahasa,available,1000,True,True,True
170159218,Sách - Truyện Tranh Tư Duy Phát Triển EQ Trí Tuệ Cảm Xúc Dành Cho Bé Từ 3 - 9 Tuổi - Học Kỹ Năng Cùng Gấu Bư (Bộ 6 Cuốn). Tặng tranh cát cho bé,118800,120000,1,0.0,0,1,,An Phước Books,Nhà Xuất Bản Văn Học,,,,,Minhhabooks,available,1000,True,True,True
160921259,"Sách Cuộc Phiêu Lưu Của Dế Út: Phần Hai (Chuyển Thể Từ ""Dế Mèn Phiêu Lưu Ký"" Của
Nhà Văn Tô Hoài)",66500,70000,5,4.8,12,121,Linh Rab,NXB Kim Đồng,Nhà Xuất Bản Kim Đồng,,Bìa mềm,164.0,2022-02-06,Tiki Trading,available,1000,False,True,True
152177886,"Combo 2 cuốn: Nhà mình thích ở bên nhau, Con yêu bố chừng nào",147000,147000,0,0.0,0,0,,Nhã Nam,Nhà Xuất Bản Hội Nhà Văn,,Bìa mềm,,2021-11-01,Nhà Sách Vĩnh Thụy,available,1000,True,True,True
64345162,Khát Vọng Non Sông - Chí Khí Của Trần Bình Trọng,17000,26000,35,5.0,3,34,,VIETNAMBOOK,Nhà Xuất Bản Hà Nội,,Bìa gập,32.0,2020-05-12,VIETNAMBOOK,available,1000,True,True,True
44640241,Sách Phòng Khám Cho Ma - Tập 5: Yêu Quái Ăn Giấc Mơ,43600,45000,3,5.0,1,15,"Yohko Tomiyasu, Yoshika Komatsu",Nhà Xuất Bản Kim Đồng,,,Bìa mềm,140.0,2019-12-01,Nhà sách Fahasa,available,1000,True,True,True
30764822,Tiệm Đồ Cổ Á Xá (Truyện Tranh) – Tập 10,50615,79000,36,5.0,30,263,Huyền Sắc,Quảng Văn,Nhà Xuất Bản Phụ Nữ,,Bìa mềm,144.0,2019-08-01,Tiki Trading,available,1000,False,True,True
511099,Sách Yêu Nhau Như Chó Với Mèo (Tập 3),57000,62000,8,0.0,0,5,Park Hee Jung,Nhã Nam,,,Bìa mềm,188.0,2016-06-06,Nhà sách Fahasa,available,1000,True,True,True
507142,Sách Giáng Sinh Đến Rồi - Giáng Sinh Vui Vẻ,13600,20000,32,0.0,0,9,Rahul Singal II,Công Ty CP Văn Hóa Nhân Văn,,,Bìa mềm,15.0,2015-12-30,Nhân Văn,available,1000,True,False,True
278957348,Combo Sách Bé Đã Lớn Khôn (5 Cuốn),160000,200000,20,0.0,0,0,Nhiều tác giả,Nhà Xuất Bản Kim Đồng,Nhà Xuất Bản Kim Đồng,,Bìa mềm,160.0,,Tiki Trading,available,1000,False,True,True
278158094,"Sách Bé Học Kĩ Năng – Tự Chăm Sóc Bản Thân, Tự Lập",39400,55000,28,0.0,0,0,Nhiều tác giả,NXB Phụ Nữ Việt Nam,Nhà Xuất Bản Phụ Nữ Việt Nam,,Bìa mềm,36.0,,Tiki Trading,available,1000,False,True,True
278147909,Sách - Thế Giới Ô Tô - Xe Tắc-Xi Nhanh Nhẹn (Tái Bản 2025),38400,40000,4,0.0,0,4,nhieu tac gia,Nhà Xuất Bản Kim Đồng,Nhà Xuất Bản Kim Đồng,,Bìa mềm,,2023-12-21,Nhà sách Fahasa,available,1000,True,True,True
277722346,Bộ Sách Nuôi Dưỡng Em Bé EQ Xuất Sắc,39599,55000,28,5.0,1,9,Nhiều tác giả,Nhã Nam,Nhà Xuất Bản Dân Trí,,Bìa mềm,44.0,2025-03-13,Tiki Trading,available,1000,False,True,True
277489819,Bộ sách muôn vị cuộc sống,52250,55000,5,0.0,0,4,Nhiều tác giả,Nhà Xuất Bản Kim Đồng,Nhà Xuất Bản Kim Đồng,,Bìa mềm,,2024-03-12,Tiki Trading,available,1000,False,True,True
277381897,Sách Gợi mở trí tưởng tượng,26000,35000,26,5.0,3,10,Fuu.J,NXB Trẻ,NXB Trẻ,,Bìa mềm,32.0,2025-03-04,Tiki Trading,available,1000,False,True,True
276829188,Sách cho bé - Bừa Bộn Quá Đi! - Vịt và Chấm - Sách tranh - Dành cho trẻ 3+,51520,56000,8,0.0,0,0,,Vizibook,Nhà Xuất Bản Phụ Nữ Việt Nam,,Bìa mềm,32.0,2023-05-01,Vizibook,available,1000,True,True,True
276604295,MẶT TRĂNG ĐI THEO EM – Meo Meo Trong Veo – Thái Hà – NXB Công thương,65000,65000,0,0.0,0,0,Meo meo trong veo,Thái Hà,Nhà Xuất Bản Công Thương,,Bìa mềm,35.0,,Nhà Sách Vĩnh Thụy,available,1000,True,True,True
274532087,Sách Tớ Không Biết Bay,97000,110000,12,0.0,0,2,Fifi Kuo,Công ty Cổ phần Sách và Truyền thông San Hô,Nhà Xuất Bản Thanh Niên,,Bìa cứng,40.0,2022-02-01,Tiki Trading,available,1000,False,True,True
274497109,Lịch Sử Việt Nam Bằng Tranh - Bà Triệu - Bản Màu,58500,65000,10,0.0,0,0,"Nguyễn Huy Khôi,  Trần Bạch Đằng",NXB Trẻ,NXB Trẻ,,,,,Nhà sách Fahasa,available,1000,True,True,True
274467097,Sách - Bạch tuộc Bé Bão - Nhã Nam Official,51920,59000,12,0.0,0,0,"Grégoire Mabire, Coralie Saudo",Nhã Nam,Nhà Xuất Bản Hà Nội,,Bìa mềm,32.0,,Nhã Nam Official,available,1000,True,True,True
274055705,Sách Bài Ca Của Khủng Long Bronty,31500,45000,30,0.0,0,39,"Hannah Peckham, Hanna Tkacheko",First News - Trí Việt,Nhà Xuất Bản Dân Trí,,Bìa mềm,34.0,2023-12-01,Tiki Trading,available,1000,False,True,True
273645199,Sân Chơi Trí Tuệ Cho Trẻ - Rèn Luyện Tư Duy Não Trái + Phát Triển Sáng Tạo Não Phải - Dành Cho Bé 5-6 Tuổi - Tập 2,39300,48000,18,0.0,0,4,"Đức Thành,  Hải Yến",Nhà sách Minh Thắng,Nhà Xuất Bản Phụ Nữ Việt Nam,,,,,Nhà sách Fahasa,available,1000,True,True,True
273596523,Sách Lại chuyện xóm gà - Pitikok đi săn ác mộng,50000,50000,0,0.0,0,0,"Christian Jolibois, Christian Heinrich",Nhã Nam,Nhà Xuất Bản Hà Nội,,Bìa mềm,28.0,2023-11-17,HỆ THỐNG NHÀ SÁCH ABC,available,1000,True,True,True
271433730,Truyện Tranh Song Ngữ Việt-Anh Cho Bé - Giúp Đỡ Mọi Người Thật Là Vui - Helping Others Is Joyful,15000,15000,0,5.0,1,5,Khánh Vân,Đinh Tị,nxb thanh nien,,,,,Nhà sách Fahasa,available,1000,True,True,True
271100248,"Tớ, Nhà Hoạt Động - Sổ Tay Hướng Dẫn Thay Đổi Xã Hội, Từ Nhỏ Tới Lớn",109200,115000,5,0.0,0,0,Lucha Sotomayor,Nhà Xuất Bản Kim Đồng,Nhà Xuất Bản Kim Đồng,,,,,Nhà sách Fahasa,available,1000,True,True,True
270796310,Tranh Truyện Dân Gian Việt Nam: Tấm Cám (Tái Bản 2023),17000,20000,15,0.0,0,0,"Mai Long,  Hồng Hà",Nhà Xuất Bản Kim Đồng,Nhà Xuất Bản Kim Đồng,,,,,Nhà sách Fahasa,available,1000,True,True,True
269946734,Tranh Truyện Lịch Sử Việt Nam - Trần Thái Tông (Tái Bản 2023),18400,20000,8,0.0,0,2,"Nguyễn Việt Hà,  Lê Minh Hải",Nhà Xuất Bản Kim Đồng,Nhà Xuất Bản Kim Đồng,,,,,Nhà sách Fahasa,available,1000,True,True,True
263698281,Tranh Truyện Lịch Sử Việt Nam - Trần Hưng Đạo,19200,20000,4,4.8,4,48,.,Nhà Xuất Bản Kim Đồng,Nhà Xuất Bản Kim Đồng,,Bìa mềm,36.0,,Tiki Trading,available,1000,False,True,True
262899591,Thế giới của Peppa - Những con số,30000,30000,0,0.0,0,0,,NXB Kim Đồng,Nhà Xuất Bản Kim Đồng,,,,,Bamboo Books,available,1000,True,True,True
249780409,"Truyện Tranh Thiếu Nhi Hay Cho Bé - Câu Chuyện Về Tính Trách Nhiệm, Trung Thực - Lỗ Thủng Của Con Thuyền Thầy Đạo Và Kim Cương",40500,54000,25,0.0,0,0,,BIZBOOKS,Nhà Xuất Bản Hồng Đức,,,,,NVP,available,1000,True,True,True
247778434,Lịch Sử Việt Nam Bằng Tranh - Trần Hưng Đạo - Bản Màu,185000,185000,0,0.0,0,0,,NXB Trẻ,NXB Trẻ,,,,,HỆ THỐNG NHÀ SÁCH ABC,available,1000,True,True,True
247724809,Sách - Hình dán Sticker Vương Quốc Khủng Long,155000,155000,0,0.0,0,1,,Trí Việt,Nhà Xuất Bản Đồng Nai,,Bìa mềm,,,VĂN PHÒNG PHẨM ĐỒ CHƠI VŨ DUYÊN,available,1000,True,True,True
247662312,Thế Giới Của Peppa - Peppa Đến Nhà Sách,40000,40000,0,0.0,0,0,Nhiều tác giả,NXB Kim Đồng,Nhà Xuất Bản Kim Đồng,,Bìa mềm,,,Bamboo Books,available,1000,True,True,True
200010663,Thỏ Bảy Màu Và Những Người Nghĩ Nó Là Bạn (Tái Bản),99000,99000,0,0.0,0,1,,Công Ty Cổ Phần Time Books,NXB Dân Trí,,,,,nha sach nguyet linh,available,1000,True,True,True
182603727,Mẹ Yêu Ai Nhất,57000,60000,5,0.0,0,13,Huỳnh Mai Liên,Nhã Nam,Nhà Xuất Bản Hội Nhà Văn,,,,,Nhà sách Fahasa,available,1000,True,True,True
177756469,Tủ Sách Vàng Cho Con - Truyện Ngụ Ngôn Aesop,137500,138900,1,0.0,0,0,,Công ty Cổ Phần Văn Hóa và Giáo Dục Tân Việt,Nhà Xuất Bản Mỹ Thuật,,,,,Minhhabooks,available,1000,True,True,True
137503430,Sách Người Bà Tài Giỏi Vùng Saga - Tập 4,52000,52000,0,0.0,0,0,Yoshichi Shimada,Nhà xuất bản Phụ Nữ,Nhà Xuất Bản Phụ Nữ,,Bìa mềm,218.0,,info book,available,1000,True,True,True
137431278,Sách Combo Lịch Sử Việt Nam Bằng Tranh (Bộ 8 cuốn),1200000,1200000,0,0.0,0,0,.,NXB Trẻ,NXB Trẻ,,Bìa cứng,,,HỆ THỐNG NHÀ SÁCH ABC,available,1000,True,True,True
135754585,Sách Những Câu Chuyện Truyền Cảm Hứng - I Will Be Better: Khoản Tiết Kiệm Của Mẹ,55100,58000,5,5.0,28,308,Yunan,NXB Kim Đồng,Nhà Xuất Bản Kim Đồng,,Bìa mềm,224.0,2021-10-01,Tiki Trading,available,1000,False,True,True
129382128,Danh Tác Thế Giới: Tội Ác Và Trừng Phạt,40000,40000,0,0.0,0,0,,Kim Đồng,Nhà Xuất Bản Kim Đồng,,Bìa mềm,204.0,,Bamboo Books,available,1000,True,True,True
85257257,Sách Bàn Tay Của Bố (Tái Bản),58800,60000,2,5.0,10,115,"Hoài Anh, Đốm Đốm",NXB Kim Đồng,Nhà Xuất Bản Kim Đồng,,Bìa mềm,72.0,2021-03-01,Nhà sách Fahasa,available,1000,True,True,True
75715642,Những Câu Chuyện Đạo Đức Đặc Sắc – Thiên Nga Thông Thái,39000,58000,33,0.0,0,0,,Công Ty Cổ Phần Tri thức Văn Hóa Sách Việt Nam,Dreamland Publications,,Bìa mềm,32.0,,VIETNAMBOOK,available,1000,True,True,True
72606258,"Molly, Milly, Lilly - Câu Chuyện Trưởng Thành - Tập 3: Vịt Con Lạc Đường",17600,18000,2,0.0,0,3,"Gill Pittar
Truyện: Cao Hồng Ba
Tranh: Triệu Hiểu Vũ",Huy Hoàng Bookstore,Nhà Xuất Bản Đà Nẵng,,,,,Nhà sách Fahasa,available,1000,True,True,True
64250832,Khát Vọng Non Sông - Trưng Trắc Xưng Vương,17000,26000,35,5.0,1,15,,VIETNAMBOOK,Nhà Xuất Bản Hà Nội,,Bìa gập,32.0,2020-05-12,VIETNAMBOOK,available,1000,True,True,True
57841164,Sách Những Câu Chuyện Hay Nhất Về Các Nàng Công Chúa Trong Thần Thoại Hy Lạp,150000,150000,0,0.0,0,0,"Roxane Marie Galliez, Cathy Delanssay",Đinh Tị,Nhà Xuất Bản Hà Nội,,Bìa mềm,120.0,,Bamboo Books,available,1000,True,True,True
50495419,Combo 10 cuốn Truyện tranh ngụ ngôn dành cho thiếu nhi ( Song ngữ Anh - việt ) ,290000,290000,0,4.8,32,219,"Mai Hương, Ngọc Tâm",Đại Mai Books,Nhà Xuất Bản Phụ Nữ,,Bìa mềm,,2020-03-18,trungthanh2018,available,1000,True,True,True
11188075,Trọn bộ 6 Tập Truyện tranh Tiệm đồ cổ Á Xá ,390000,390000,0,5.0,2,32,"Huyền Sắc, Hiểu Bạc",Quảng Văn,,,Bìa mềm,,2018-02-01,Nhà sách Nam Trung Yên,available,1000,True,True,True
531908,Sách Cổ Tích Thế Giới - Cô Bé Quàng Khăn Đỏ - Little Red Riding Hood (Song Ngữ Việt - Anh),28000,28000,0,5.0,9,69,Vân Trang - Điển Dũng,Phúc Minh Books,Nhà Xuất Bản Dân Trí,,Bìa mềm,28.0,2016-07-29,Phúc Minh Books,available,1000,True,False,True
470649,Truyện Tranh Lịch Sử Việt Nam - Lê Phụng Hiểu - Chuyện Thác Đao Điền,19600,20000,2,4.8,4,273,Lê Minh Hải - Anh Chi,Nhà Xuất Bản Kim Đồng,Nhà Xuất Bản Kim Đồng,,Bìa mềm,32.0,2023-07-12,Tiki Trading,available,1000,False,True,True
279231558,"(Combo 3 cuốn) HÀNH TRANG THẾ HỆ MỚI - Park Minkwan, Kim Yun Kyeong, Bae Soonmin Lee Jinah minh họa  - Hà Linh dịch– NXB Kim Đồng",210000,210000,0,0.0,0,0,Nhiều tác giả,Nhà Xuất Bản Kim Đồng,Nhà Xuất Bản Kim Đồng,,Bìa mềm,460.0,,BÌNH BÁN BOOK,available,1000,True,True,True
279077685,NGÔI LÀNG KÌ THÚ -  Khúc đồng dao của bé - Các bài đồng dao nhạc sĩ Phạm Tuyên phổ nhạc – Phạm Tuyên - Phạm Hồng Tuyến - NXB ĐHSP,145000,145000,0,0.0,0,0,Phạm Tuyên,NXB Đại Học Sư Phạm,Nhà Xuất Bản Đại Học Sư Phạm,,Bìa mềm,52.0,,BÌNH BÁN BOOK,available,1000,True,True,True
278713059,Sách - Lịch Sử Việt Nam Bằng Tranh - Thành Lập Nhà Trần - Bản Màu - Bìa Cứng,133000,140000,5,0.0,0,0,nhieu tac gia,NXB Trẻ,NXB Trẻ,,Bìa mềm,,2023-12-21,Nhà sách Fahasa,available,1000,True,True,True
278581756,Sách Người Bạn Kết Nối Bé Nhỏ,39200,40000,2,0.0,0,0,Daniela Kunkel,Nhà Xuất Bản Kim Đồng,Nhà Xuất Bản Kim Đồng,,Bìa mềm,32.0,,Tiki Trading,available,1000,False,True,True
278380056,Combo Ngủ Ấm Ngủ Êm (3 Cuốn),142500,150000,5,0.0,0,2,"Steven J. Simmons, Clifford R. Simmons, Ruth E. Harper",Nhà Xuất Bản Kim Đồng,Nhà Xuất Bản Kim Đồng,,Bìa mềm,,,Tiki Trading,available,1000,False,True,True
278230983,Sách Cùng Bé Kể Chuyện Sáng Tạo,30600,45000,32,0.0,0,0,Josh Funk,NXB Phụ Nữ Việt Nam,Nhà Xuất Bản Phụ Nữ Việt Nam,,Bìa mềm,36.0,,Tiki Trading,available,1000,False,True,True
278074666,Sách Lịch Sử Việt Nam Bằng Tranh Tập 29 : Hồ Quý Ly Chống Giặc Minh,26000,35000,26,4.0,1,1,Trần Bạch Đằng,NXB Trẻ,NXB Trẻ,,Bìa mềm,74.0,2010-06-26,Tiki Trading,available,1000,False,True,True
277401615,Chuyện Của Ếch Xanh - Ếch Xanh Và Chú Chim Nhỏ - Alpha Books,47000,59000,20,0.0,0,0,,Alpha Books,Nhiều Nhà Xuất Bản,,Bìa mềm,,,Alpha Books Official,available,1000,True,True,True
277135133,Sách- Combo sét 20 cuốn Truyện Tranh Cổ Tích Mầm Non Song Ngữ Ngụ Ngôn dành cho trẻ mầm non (Chủ đề ngẫu nhiên),240000,240000,0,0.0,0,4,Nguyễn Như Quỳnh,CÔNG TY TNHH IN VÀ TM TUẤN VIỆT,Nhà Xuất Bản Hà Nội,,Bìa mềm,18.0,,Xưởng in sách mầm non,available,1000,True,True,True
274537562,Sách Lại Đây Nào! Mèo Bảo,44100,45000,2,0.0,0,4,"Mira Lobe, Angelika Kaufmann",NXB Kim Đồng,Nhà Xuất Bản Kim Đồng,,Bìa mềm,36.0,2024-03-18,Tiki Trading,available,1000,False,True,True
274467501,Sách - Cuốn sách lớn rực rỡ về Bác sĩ (Bộ Cuốn sách lớn rực rỡ - Nghề Nghiệp) - Nhã Nam Official,51040,58000,12,0.0,0,2,Liesbet Slegers,Nhã Nam,Nhà Xuất Bản Hà Nội,,Bìa mềm,28.0,,Nhã Nam Official,available,1000,True,True,True
274425094,Sách - Ai thả các thần ra? (Who let the Gods out?) - Tập 1 series của Maz Evans - Nhã Nam Official,179000,179000,0,0.0,0,0,Maz Evans,Nhã Nam,Nhà Xuất Bản Hội Nhà Văn,,Bìa mềm,412.0,,Bảo Châu Books,available,1000,True,True,True
273645209,Sân Chơi Trí Tuệ Cho Trẻ - Rèn Luyện Tư Duy Não Trái + Phát Triển Sáng Tạo Não Phải - Dành Cho Bé 4-5 Tuổi - Tập 1,43200,48000,10,0.0,0,2,"Đức Thành,  Hải Yến",Nhà sách Minh Thắng,Nhà Xuất Bản Phụ Nữ Việt Nam,,,,,Nhà sách Fahasa,available,1000,True,True,True
273375304,Sách Những Người Phụ Nữ Siêu “Ngầu” Trong Sử Việt - Danh Nữ Chốn Hoàng Cung,58600,79000,26,0.0,0,10,"Đoàn Mai Anh, Lê Phương Quỳnh",Nhà xuất bản Phụ Nữ Việt Nam,Nhà Xuất Bản Phụ Nữ Việt Nam,,Bìa mềm,124.0,,Tiki Trading,available,1000,False,True,True
273328458,A History of Vietnam in Pictures: Lý Thánh Tông and Đại Việt (In Colour),131000,185000,29,0.0,0,0,"Trần Bạch Đằng, Nguyễn Thùy Linh, Tôn Nữ Quỳnh Trân, Nguyễn Quang Cảnh, Patrick Barry, Mai Barry",NXB Trẻ,,,Tùy chọn phiên bản bìa cứng hoặc bìa mềm,,,Tiki Trading,available,1000,False,True,True
270421232,"English Zoo - Song Ngữ Anh-Việt Phát Triển Ngôn Ngữ - Mẹ Ơi, Mẹ Có Ở Đây Không? - Mom, Are You Here?",80700,95000,15,0.0,0,1,Kevin Wang,Tân Việt,nxb my thuat,,,,,Nhà sách Fahasa,available,1000,True,True,True
260435009,Lịch Sử Việt Nam Bằng Tranh - Tập 25 - Trần Hưng Đạo (Tái Bản 2023),32500,35000,7,0.0,0,7,"Trần Bạch Đằng,  Tôn Nữ Quỳnh Trân",NXB Trẻ,NXB Trẻ,,,,,Nhà sách Fahasa,available,1000,True,True,True
253177687,Bé Học Lễ Giáo - Bubu Tập 1: Trung Thực,12750,15000,15,0.0,0,1,,Đinh Tị,NXB Trẻ,,,,,Nhà Xuất Bản Trẻ,available,1000,True,True,True
252869373,Sách Họ Là Ai?,71250,75000,5,0.0,0,3,"Florence Pinaud, Elodie Perrotin",NXB Kim Đồng,Nhà Xuất Bản Kim Đồng,,Bìa mềm,128.0,2023-04-23,Tiki Trading,available,1000,False,True,True
249665000,Lịch Sử Việt Nam Bằng Tranh - BOXSET 53 TẬP - TRẺ,1855000,1855000,0,3.0,1,2,,Bloomsbury Childrens - NXB Trẻ,NXB Trẻ,,,,,HỆ THỐNG NHÀ SÁCH ABC,available,1000,True,True,True
248978111,Combo Khủng Long tinh nghịch - Bộ 6 cuốn phát triển khả năng bản thân cho bé từ 3-6 tuổi,176400,294000,40,0.0,0,2,Hải Yến,An Phước Books,Nhà Xuất Bản Phụ Nữ Việt Nam,,,50.0,,MCBooks,available,1000,True,True,True
242411375,Cổ Tích Việt Nam Cho Bé: Sự Tích Rét Nàng Bân,19800,20000,1,5.0,1,13,,Nhà Xuất Bản Kim Đồng,Nhà Xuất Bản Kim Đồng,,,,,Nhà sách Fahasa,available,1000,True,True,True
215914902,Vòng Quanh Thế Giới: Cu Ba,11400,12000,5,0.0,0,36,Nguyễn Hào,Nhà Xuất Bản Kim Đồng,Nhà Xuất Bản Kim Đồng,,,,,Nhà sách Fahasa,available,1000,True,True,True
207652664,[Truyện tranh] Dược Sư Tự Sự - Tập 6,47000,47000,0,0.0,0,2,Natsu Hyuuga,NXB Kim Đồng,Nhà Xuất Bản Kim Đồng,,Bìa mềm,176.0,,Nhà Sách Phương Nam,available,1000,True,True,True
205745279,Sách Gấu Anh - Gấu Em: Tập 2 - Ngủ Một Mình,27600,30000,8,0.0,0,1,"Trần Huy, A Đông",NXB Kim Đồng,Nhà Xuất Bản Kim Đồng,,Bìa mềm,28.0,2022-11-01,Tiki Trading,available,1000,False,True,True
198195140,Sách Thiếu Nhi Song Ngữ Monet’s Cat – Nàng Mèo Của Monet | Sách Song Ngữ Cho Bé | San Hô Books,118400,148000,20,5.0,1,15,,Công ty Cổ phần Sách và Truyền thông San Hô,Nhà Xuất Bản Thanh Niên,,Bìa cứng,40.0,2022-10-18,San Ho Books,available,1000,True,True,True
192987847,Gió Qua Rặng Liễu - The Wind In The Willows,71100,79000,10,0.0,0,9,Russell Punter,Đinh Tị,Nhà Xuất Bản Hà Nội,,,,,Nhà sách Fahasa,available,1000,True,True,True
192650454,Khi tớ lớn lên,40500,45000,10,0.0,0,9,Ella Bailey,Đông A,Nhà Xuất Bản Dân Trí,,,,,Đông A Books Official,available,1000,True,True,True
168559520,"Sách Mẹ Ơi, Mình Cùng Làm Nhé!",27600,30000,8,5.0,1,25,"Ngô Anh Thi, Cao Lê Diệu Phúc",NXB Kim Đồng,Nhà Xuất Bản Kim Đồng,,Bìa mềm,28.0,2022-03-18,Tiki Trading,available,1000,False,True,True
84873141,Hoàng Phi,94000,98000,4,0.0,0,0,"Kiera Cass, Kiera Cass",Nhã Nam,Nhà Xuất Bản Hội Nhà Văn,,,,,Nhà sách Fahasa,available,1000,True,True,True
76051540,"Sách Lịch Sử Việt Nam Bằng Tranh Tập 09 - Mai Hắc Đế, Bố Cái Đại Vương (Phùng Hưng) (Tái Bản)",27000,35000,23,4.8,9,99,Trần Bạch Đằng,NXB Trẻ,NXB Trẻ,,Bìa mềm,86.0,2022-11-21,Tiki Trading,available,1000,False,True,True
66579999,Sách Lịch Sử Việt Nam Bằng Tranh Tập 18: Lý Thường Kiệt (Tái Bản 2018),27000,35000,23,5.0,12,119,"Lê Văn Năm, Trần Bạch Đằng, Trần Bạch Đằng",NXB Trẻ,NXB Trẻ,,Bìa mềm,112.0,2018-09-07,Tiki Trading,available,1000,False,True,True
63516905,Sách Boxset 4 Cuốn: Cá Voi Đêm Bão Và Những Câu Chuyện Khác…,250350,250350,0,0.0,0,5,Benji Davies,NXB Kim Đồng,Nhà Xuất Bản Kim Đồng,,Bìa mềm,128.0,2025-04-05,AHABOOKS,available,1000,True,True,True
44976187,Sách Carl Và Hành Trình Kì Diệu,70500,75000,6,4.5,2,14,Deborah Freedman,Huy Hoàng Bookstore,Nhà Xuất Bản Phụ Nữ,,Bìa mềm,48.0,2019-12-01,Nhà sách Fahasa,available,1000,True,True,True
44859080,Thắc Mắc Về Vi Khuẩn: Có Vi Khuẩn Tốt Không? (Tái Bản 2019),24700,25000,1,5.0,2,31,Buke Buke,NXB Kim Đồng,Nhà Xuất Bản Kim Đồng,,,,,Nhà sách Fahasa,available,1000,True,True,True
38386218,Combo 2 Cuốn Sách Truyện Cổ Grimm +Truyện Cổ Andersen,222500,224800,1,5.0,1,2,`,Tân Việt,,,Bìa mềm,10000.0,2019-10-29,Minhhabooks,available,1000,True,True,True
16683179,Cô Bé Quàng Khăn Đỏ - Truyện Song Ngữ Anh - Việt,24600,35000,30,4.8,14,222,.,Tân Việt,,,Bìa mềm,24.0,2019-05-01,Tiki Trading,available,1000,False,True,True
4336427,Sách Tay Khéo Tay Xinh - Bé Vẽ Muông Thú,71200,75000,5,0.0,0,2,Christophe Boncens,NXB Trẻ,,,Bìa mềm,24.0,2018-01-09,Nhà sách Fahasa,available,1000,True,True,True
867702,Sách Lịch Sử Việt Nam Bằng Tranh Tập 30: Sự Tàn Bạo Của Giặc Minh (Tái Bản),25000,35000,29,4.7,6,209,Trần Bạch Đằng,NXB Trẻ,NXB Trẻ,,Bìa mềm,100.0,2010-06-27,Tiki Trading,available,1000,False,True,True
626831,Tranh Truyện Lịch Sử Việt Nam - Lý Nam Đế,12700,15000,15,5.0,8,47,Tạ Huy Long,Nhà Xuất Bản Kim Đồng,,,Bìa mềm,32.0,2017-05-01,Nhà sách Fahasa,available,1000,True,True,True
279237456,Sách - Sách Lược Sử Nước Việt Bằng Tranh (Trọn bộ),131600,140000,6,0.0,0,1,"Tạ Huy Long,  Dương Trung Quốc,  Hiếu Minh,  Huyền Trang",Nhà Xuất Bản Kim Đồng,Nhà Xuất Bản Kim Đồng,,Bìa mềm,,2023-12-21,Nhà sách Fahasa,available,1000,True,True,True
279170799,Truyện “Cổ Tết” Hiện Đại,45000,60000,25,0.0,0,0,Trần Tuyết Mai,Nhà Xuất Bản Kim Đồng,Nhà Xuất Bản Kim Đồng,,Bìa mềm,60.0,,Tiki Trading,available,1000,False,True,True
278957420,Sách Bé Đã Lớn Khôn,32000,40000,20,0.0,0,0,Hwang Si Won,Nhà Xuất Bản Kim Đồng,Nhà Xuất Bản Kim Đồng,,Bìa mềm,,,Tiki Trading,available,1000,False,True,True
278890368,"Sách Những Truyện Hay Viết Cho Thiếu Nhi - Phiên Bản Sách Tranh - Đuôi Ngắn, Tai Dài",32000,40000,20,0.0,0,0,"Phong Thu, Thu Trang, Bùi Xuân Quỳnh",Nhà Xuất Bản Kim Đồng,Nhà Xuất Bản Kim Đồng,,Bìa mềm,36.0,,Tiki Trading,available,1000,False,True,True
278715045,Sách - Truyện Cổ Tích Hay Nhất Thế Giới - Công Chúa Tóc Mây - Rapunzel,23000,25000,8,0.0,0,0,nhieu tac gia,Công ty TNHH Sách Hà Giang ,Nhà Xuất Bản Văn Học,,Bìa mềm,,2023-12-21,Nhà sách Fahasa,available,1000,True,True,True
278679688,Combo Những Câu Chuyện Lấp Lánh (9 Cuốn),428000,450000,5,0.0,0,1,"Julia Donaldson, Rebecca Cobb",Nhà Xuất Bản Kim Đồng,Nhà Xuất Bản Kim Đồng,,Bìa mềm,,,Tiki Trading,available,1000,False,True,True
277457729,Sách - Cuộc Đời Đức Phật Thích Ca - Truyện tranh song ngữ - Vĩnh Nghiêm Books,155000,155000,0,0.0,0,0,Nhiều dịch giả,Công ty TNHH Văn hóa Vĩnh Nghiêm,Nhà Xuất Bản Dân Trí,,Bìa mềm,296.0,2024-12-09,Vĩnh Nghiêm Bookstore,available,1000,True,True,True
276735136, (Bìa cứng – In màu) XUÂN MỜI MẶT ĐẤT NỞ HOA - Mía Studio – Quỳnh Hương (Hũ) – Slowbooks,181400,189000,4,0.0,0,2,,Nhà Xuất Bản Hà Nội,Nhà Xuất Bản Hà Nội,,Bìa cứng,40.0,,BÌNH BÁN BOOK,available,1000,True,True,True
276724270,Sách - Each of Us is a Miracle - Mỗi Chúng Ta Là Một Điều Kì Diệu - ndbooks,80000,100000,20,0.0,0,4,,CÔNG TY TNHH THƯƠNG MẠI SÁCH NHÂN DÂN,Nhà Xuất Bản Thanh Niên,,Bìa cứng,,,SÁCH NHÂN DÂN - ndbooks,available,1000,True,True,True
276554119,Sách Tết - Set Mở Ra Là Thấy Tết 2025 (Tùy chọn 4 phiên bản sách kèm Phong bao và Quà tặng độc quyền),99000,99000,0,0.0,0,4,,CÔNG TY TNHH LIONBOOKS VIỆT NAM,Nhà Xuất Bản Hà Nội,,Bìa mềm,40.0,,Casa Sunshine,available,1000,True,True,True
276323141,"Sách Plants vs Zombies, Câu Đố Bí Ẩn về Địa Lý, Động Thực Vật, Các Nền Văn Minh Cổ Đại, Nghệ Thuật, 2HBooks",80750,95000,15,5.0,4,14,Tiếu Giang Nam,Công Ty Cổ Phần Văn Hóa Huy Hoàng,Nhà Xuất Bản Phụ Nữ Việt Nam,,Bìa mềm,174.0,2023-10-01,2HBooks,available,1000,True,True,True
276166584,"Combo sách Danh nhân khoa học Việt Nam: Trần Đại Nghĩa, Tạ Quang Bửu, Đặng Văn Ngữ",90000,90000,0,0.0,0,5,Nguyễn Như Mai,Nhà Xuất Bản Kim Đồng,Nhà Xuất Bản Kim Đồng,,Bìa mềm,94.0,,Tottochanbooks,available,1000,True,True,True
274713236,Truyện Hay Cho Bé 0-6 Tuổi - Tập 1 (Tái Bản 2024),108500,118000,8,0.0,0,0,Hà Nhi,Huy Hoàng Bookstore,Nhà Xuất Bản Phụ Nữ Việt Nam,,,,,Nhà sách Fahasa,available,1000,True,True,True
273162547,Thỏ Thông Minh Và Tinh Nghịch: Thỏ Và Hũ Mật Ong,25000,25000,0,0.0,0,0,,NXB Trẻ,NXB Trẻ,,,,,Bamboo Books,available,1000,True,True,True
272363661,Sách Tranh Gấu Bobbi,198000,220000,10,0.0,0,4,"Monica Maas, Ingeborg Bijlsma",Kim Đồng,Nhà Xuất Bản Kim Đồng,,Bìa mềm,28.0,2023-09-25,Tiki Trading,available,1000,False,True,True
270744009,Sasaki Và Miyano - Tập 5,72000,72000,0,0.0,0,1,,NXB Hà Nội,Nhà Xuất Bản Hà Nội,,Bìa mềm,132.0,,Nhà Sách Phương Nam,available,1000,True,True,True
270268461,Combo Truyện - Lược sử thế giới bằng tranh ( 17 Quyển ),969000,1020000,5,0.0,0,2,nhieu tac gia,Nhà Xuất Bản Kim Đồng,Nhà Xuất Bản Kim Đồng,,Bìa mềm,184.0,,Bảo Châu Books,available,1000,True,True,True
269973481,Những Giấc Mơ Xinh - Trái Đất Mến Yêu,44600,47000,5,0.0,0,1,Satoe Tone,Nhà Xuất Bản Kim Đồng,Nhà Xuất Bản Kim Đồng,,,,,Nhà sách Fahasa,available,1000,True,True,True
253620239,80 Bản Đồ Vòng Quanh Thế Giới - Bìa Cứng,206800,235000,12,0.0,0,6,Clare Hibbert,Cty Quốc Tế Á Châu,Nhà Xuất Bản Lao Động,,,,,Nhà sách Fahasa,available,1000,True,True,True
253089435,Chuột Típ Nói Dối (Tái Bản),24200,25000,3,0.0,0,6,"Marco Campanella,  Anna Casalis",Nhà Xuất Bản Kim Đồng,Nhà Xuất Bản Kim Đồng,,,,,Nhà sách Fahasa,available,1000,True,True,True
247921374,Học Sinh Kể Chuyện Bác Hồ _TRE,75000,75000,0,5.0,1,9,Thy Ngọc,NXB Trẻ,NXB Trẻ,,Bìa mềm,156.0,,NewShop Official,available,1000,True,True,True
244303794,"Truyện tranh tư duy cho bé tập nói, tập đọc",77760,108000,28,0.0,0,5,,Nhà Sách Đại Mai,Nhà Xuất Bản Phụ Nữ Việt Nam,,,,,MCBooks,available,1000,True,True,True
240446063,Thời thơ ấu của các đại văn hào - Chuyện thật chưa kể,50000,50000,0,0.0,0,0,, NXB Kim Đồng,Nhà Xuất Bản Kim Đồng,,Bìa mềm,,,Bamboo Books,available,1000,True,True,True
217577428,Chuột Típ Có Em (Tái Bản 2022),24700,25000,1,0.0,0,27,"Marco Campanella,  Anna Casalis",Nhà Xuất Bản Kim Đồng,Nhà Xuất Bản Kim Đồng,,,,,Nhà sách Fahasa,available,1000,True,True,True
197464861,Bi Bô Bé Hỏi? - Vì Sao Có Ngày Và Đêm?,29100,32000,9,0.0,0,9,,Cty Mĩ Thuật & Truyền Thông (ADC),Giáo Dục Việt Nam,,,,,Nhà sách Fahasa,available,1000,True,True,True
193893296,Mèo Mốc - Hãy Ngắm Nhìn Bầu Trời (Tái Bản 2022),115400,119000,3,0.0,0,4,Mèo Mốc,Skybooks,NXB Dân Trí,,,,,Nhà sách Fahasa,available,1000,True,True,True
192949314,Cổ Tích Việt Nam Cho Bé - Cây Tre Trăm Đốt (Tái Bản 2022),19400,20000,3,0.0,0,23,"Kim Ngọc,  Trần Gia Khang",Nhà Xuất Bản Kim Đồng,Nhà Xuất Bản Kim Đồng,,,,,Nhà sách Fahasa,available,1000,True,True,True
183375640,"Một Ngày Trong Đời Của Con Lười, Con Ngươi Và Con Người",156700,165000,5,0.0,0,4,Mike Barfueld,Nhà Xuất Bản Kim Đồng,Nhà Xuất Bản Kim Đồng,,,,,Nhà sách Fahasa,available,1000,True,True,True
131191533, Cô Gà Mái Muốn Ngắm Biển,58000,58000,0,0.0,0,0,,Nhã Nam,Nhà Xuất Bản Hà Nội,,Bìa mềm,48.0,,HỆ THỐNG NHÀ SÁCH ABC,available,1000,True,True,True
113791050,Bộ Túi Truyền Thuyết Thời Hùng Vương (Bộ 5 Cuốn),32500,50000,35,0.0,0,12,"Phạm Ngọc Tuấn,  Vũ Kim Dũng",Đông A,Nhà Xuất Bản Dân Trí,,,,,Đông A Books Official,available,1000,True,True,True
106864418,Combo 10 Cuốn: Chuyện Xóm Gà,580000,580000,0,0.0,0,2,"Christian Jolibois, Christian Heinrich",Nhã Nam,Nhà Xuất Bản Hà Nội,,Bìa mềm,,2021-06-01,Bamboo Books,available,1000,True,True,True
80959965,Vòng Quanh Thế Giới: Indonesia,11400,12000,5,5.0,9,90,"Nguyễn Hào,  Nguyên Hào, Tuấn Huỳnh",Nhà Xuất Bản Kim Đồng,Nhà Xuất Bản Kim Đồng,,,,,Nhà sách Fahasa,available,1000,True,True,True
44859064,Combo Vì Sao Tớ Yêu... (Bộ 4 Cuốn),109350,109350,0,4.8,5,45,"Daniel Howarth, Daniel Howarth",NXB Kim Đồng,Nhà Xuất Bản Kim Đồng,,,,,AHABOOKS,available,1000,True,True,True
32221494,Truyện Tranh Tư Duy Cho Bé,65000,65000,0,4.7,94,1360,Hải Minh,Đại Mai Books,Nhà Xuất Bản Phụ Nữ,,Bìa cứng,146.0,2019-08-01,trungthanh2018,available,1000,True,True,True
25980387,Hình Dán Sticker - Bé Tập Tô Màu - Quyển 10,13600,17000,20,0.0,0,7,Trần Ngọc Bảo Hân,NXB Thanh Hóa,,,,,,Nhà sách Fahasa,available,1000,True,False,True
17115799,Sách Thiếu Nhi - Truyện Tranh Chú chó thông minh và tốt bụng ,17500,35000,50,4.5,46,429,,Việt An Book,Nhà Xuất Bản Thông Tin Và Truyền Thông,,,,,Việt An books,available,1000,True,True,True
10930944,Bộ truyện chuột típ ( 17 cuốn ),450550,450550,0,0.0,0,5,.,Nhà Xuất Bản Kim Đồng,Nhà Xuất Bản Kim Đồng,,Bìa mềm,,,Phương Đông Books,available,1000,True,True,True
6621279,Dear Zoo - Thân gửi sở thú,79000,79000,0,0.0,0,2,,,,,,,,info book,available,1000,True,True,True
626841,Tranh Truyện Lịch Sử Việt Nam - Lê Đại Hành,20000,20000,0,0.0,0,0,Tạ Huy Long,Nhà Xuất Bản Kim Đồng,Nhà Xuất Bản Kim Đồng,,Bìa mềm,32.0,2017-05-01,Bamboo Books,available,1000,True,True,True
511102,Sách Yêu Nhau Như Chó Với Mèo (Tập 5),46800,65000,28,5.0,4,287,Park Hee Jung,Nhã Nam,Nhà Xuất Bản Hội Nhà Văn,,Bìa mềm,188.0,2016-06-06,Tiki Trading,available,1000,False,True,True
279226056,Combo Nhím Nhỏ (4 Cuốn) ,120000,160000,25,0.0,0,0,Yoshiko Harada,Nhà Xuất Bản Kim Đồng,Nhà Xuất Bản Kim Đồng,,Bìa mềm,128.0,,Tiki Trading,available,1000,False,True,True
279105464,Sách Nhật Kí Siêu Hài Của Bạn Cấp Hai,69000,70000,1,0.0,0,1,"Thủy Nguyên, Tin Tôm",Nhà Xuất Bản Kim Đồng,Nhà Xuất Bản Kim Đồng,,Bìa mềm,228.0,,Tiki Trading,available,1000,False,True,True
279097984,Sách Sống Chill Cùng Những Chú Capybara [Tặng Kèm Bookmark + Sticker],74000,75000,1,0.0,0,1,Thúy Vân Đặng,Nhà Xuất Bản Kim Đồng,Nhà Xuất Bản Kim Đồng,,Bìa mềm,132.0,,Tiki Trading,available,1000,False,True,True
279091045,Leo và lời nguyền Gorgon,85500,90000,5,0.0,0,0,Joe Todd-Stanton,Công Ty Cổ Phần Văn Hóa Đông A,Nhà Xuất Bản Dân Trí,,Bìa mềm,64.0,,Đông A Books Official,available,1000,True,True,True
278970882,Sách Hà Nội Của Tớ - My Hanoi,52250,55000,5,0.0,0,2,Phương Vũ,Nhà Xuất Bản Kim Đồng,Nhà Xuất Bản Kim Đồng,,Bìa mềm,44.0,,Tiki Trading,available,1000,False,True,True
278966519,Sách - Lớp Học Mật Ngữ - Phiên Bản Mới - Tập 5 (Tái Bản 2025) - Tặng Kèm Quà Tặng Ngẫu Nhiên,27600,30000,8,0.0,0,4,B R O group,BÁO TIỀN PHONG,Báo Sinh Viên VN - Hoa Học Trò,,Bìa mềm,,2023-12-21,Nhà sách Fahasa,available,1000,True,True,True
278890721,Sách Những Truyện Hay Viết Cho Thiếu Nhi - Phiên Bản Sách Tranh - Ếch Xanh Đi Học,32000,40000,20,0.0,0,0,"Nguyễn Kiên, Thu Trang, NGART",Nhà Xuất Bản Kim Đồng,Nhà Xuất Bản Kim Đồng,,Bìa mềm,36.0,,Tiki Trading,available,1000,False,True,True
278715667,Sách - Từ Cuốn Sách Mở Ra,49000,50000,2,0.0,0,2,"Julia Donaldson,  Axel Scheffler",Nhà Xuất Bản Kim Đồng,Nhà Xuất Bản Kim Đồng,,Bìa mềm,,2023-12-21,Nhà sách Fahasa,available,1000,True,True,True
278713576,Sách - Lược Sử Nước Việt Bằng Tranh - 絵入りベトナム略史 - Song Ngữ Việt-Nhật - Bìa Cứng,186200,196000,5,0.0,0,0,"Tạ Huy Long,  Dương Trung Quốc,  Hiếu Minh,  Huyền Trang",Nhà Xuất Bản Kim Đồng,Nhà Xuất Bản Kim Đồng,,Bìa mềm,,2023-12-21,Nhà sách Fahasa,available,1000,True,True,True
277873791,Tất Tần Tật Tết Ta (Tặng kèm Bookmark CÚ MÈO + SỔ TAY XƯƠNG RỒNG),90000,90000,0,0.0,0,0,,Nhà Xuất Bản Kim Đồng,Nhà Xuất Bản Kim Đồng,,,,,Nhà Sách Vĩnh Thụy,available,1000,True,True,True
277770309,Nhật Ký Chú Bé Nhút Nhát: Tập 12 - Chuyến Đi Bão Táp,55000,55000,0,0.0,0,0,Jeff Kinney,Gieobooks,Nhà Xuất Bản Văn Học,,Bìa mềm,222.0,,Tazano Official Store,available,1000,True,True,True
277483610,Sách Atlas Thế Giới – Tập Bản Đồ Tương Tác: Ngắm Lục Địa – Chạm Núi Sông – Nhớ Địa Danh,300300,330000,9,4.3,3,13,Julie Mercier,Nhà Xuất Bản Kim Đồng,Nhà Xuất Bản Kim Đồng,,Bìa cứng,22.0,2025-01-01,Tiki Trading,available,1000,False,True,True
276103377,Sách Ehon Nhật Bản - Cuốn sách tranh đầu tiên về Thời tiết - Dành cho bé từ 5-10 tuổi - Ehomebooks,95000,99000,4,0.0,0,1,,Quảng Văn,Nhà Xuất Bản Phụ Nữ Việt Nam,,Bìa mềm,52.0,,Mộc Nhiên Kids Store,available,1000,True,True,True
275593706,Sách Khác biệt thật là tuyệt - Tắc kè hoa Conker - Hannah Peckham & Stephanie Jayne,45000,45000,0,0.0,0,0,Hannah Peckham,First News - Trí Việt,Nhà Xuất Bản Tổng hợp TP.HCM,,Bìa mềm,32.0,,ECOBOOK VN,available,1000,True,True,True
274523890,Hoa Và Thiếu Chủ - Tập 2,85000,85000,0,0.0,0,0,,NXB Dân Trí,Nhà Xuất Bản Dân Trí,,Bìa mềm,194.0,,Nhà Sách Phương Nam,available,1000,True,True,True
273549068,Sách Ba Chuyện Kể Về Dinh Thự Fleurville (Dựa Theo Nữ Bá Tước De Ségur),101000,110000,8,4.0,1,8,"Jean-Pierre Kerloc’h, Christophe Besse, Édith Chambon, Églantine Ceulemans",Kim Đồng,Nhà Xuất Bản Kim Đồng,,Bìa mềm,108.0,2023-03-12,Tiki Trading,available,1000,False,True,True
273156409,"Sách bồi cứng  Bé Học Giao Tiếp - Dành cho cả nhà để Giao tiếp hiệu quả cùng con, Casa Sunshine",192000,192000,0,0.0,0,10,,CÔNG TY TNHH LIONBOOKS VIỆT NAM,Nhà Xuất Bản Hà Nội,,Bìa cứng,20.0,,Casa Sunshine,available,1000,True,True,True
272358092,Gấu Bobbi Đá Bóng,19800,20000,1,0.0,0,0,,Nhà Xuất Bản Kim Đồng,Nhà Xuất Bản Kim Đồng,,,,,Nhà sách Fahasa,available,1000,True,True,True
272273930,Combo Làm Bạn Cùng Con (4 cuốn),168000,168000,0,0.0,0,0,nhieu tac gia,Alpha Books,Alphabooks,,Bìa mềm,44.0,2023-09-25,Bamboo Books,available,1000,True,True,True
271440322,(Boxset – in màu) LƯỢC SỬ THẾ GIỚI BẰNG TRANH (17 Cuốn) – Li Zheng - Nxb Kim Đồng ,1000000,1000000,0,0.0,0,4,,Nhà Xuất Bản Kim Đồng,Nhà Xuất Bản Kim Đồng,,Bìa mềm,,,Bamboo Books,available,1000,True,True,True
271433564,Tranh Truyện Lịch Sử Việt Nam - Lý Thường Kiệt (Tái Bản 2023),19000,20000,5,0.0,0,11,Tạ Huy Long,Nhà Xuất Bản Kim Đồng,Nhà Xuất Bản Kim Đồng,,,,,Nhà sách Fahasa,available,1000,True,True,True
270110939,Bụi ở Sài Gòn,169000,169000,0,0.0,0,0,,CÔNG TY TNHH LIONBOOKS VIỆT NAM,Nhà Xuất Bản Hà Nội,,Bìa cứng,48.0,,Casa Sunshine,available,1000,True,True,True
252585644,Chỉ Một Chút Thôi,69000,69000,0,5.0,1,3,,Quang Van Books,Nhà Xuất Bản Phụ Nữ Việt Nam,,,,,Casa Sunshine,available,1000,True,True,True
213998073,Truyện Cổ Tích Việt Nam - Thạch Sanh (Song ngữ Việt-Anh),16000,16000,0,0.0,0,5,Khánh Vân,NXB Thanh Niên,Nhà Xuất Bản Thanh Niên,,Bìa mềm,16.0,,Nhà Sách Phương Nam,available,1000,True,True,True
206331262,Truyện Hay Cho Bé 0-6 Tuổi - Tập 4 (Tái bản năm 2020),89000,89000,0,0.0,0,0,Hà Nhi,Nhà xuất bản Phụ Nữ,Nhà Xuất Bản Phụ Nữ,,Bìa mềm,139.0,,Nhà Sách Phương Nam,available,1000,True,True,True
194141328,Truyện Tranh Tuổi Thần Tiên - Đàn Ngỗng Trời_ML,15000,15000,0,0.0,0,0,,Sách điện tử Minh Long,Nhà Xuất Bản Văn Học,,Bìa mềm,,,NewShop Official,available,1000,True,True,True
188587618,Gerda – Câu chuyện Cá voi,86400,108000,20,5.0,2,12,,Công ty Cổ phần Sách và Truyền thông San Hô,nxb thanh nien,,Bìa mềm,40.0,2022-06-27,San Ho Books,available,1000,True,True,True
179548046,Barbie Đồng Hồ Xinh - Dành Cho Bé Từ 3 - 6 Tuổi ,30000,30000,0,0.0,0,0,,Tân Việt,NXB Dân Trí,,Bìa mềm,,,NewShop Official,available,1000,True,True,True
177633677,Trái Cây Đại Chiến Zombie - Thế Giới Robot - Tập 3: Trận Chiến,89100,90000,1,0.0,0,0,Tiểu Giang Nam,Nhà Xuất Bản Đại Học Quốc Gia Hà Nội,Nhà Xuất Bản Đại Học Quốc Gia Hà Nội,,Bìa mềm,160.0,,Minhhabooks,available,1000,True,True,True
175149079,Sách Cái Tết Của Mèo Con,60000,60000,0,0.0,0,2,"Ngô Mạnh Lân, Nguyễn Đình Thi",NXB Kim Đồng,Nhà Xuất Bản Kim Đồng,,Bìa mềm,64.0,2022-04-22,FishingBook,available,1000,True,True,True
134947058,Sách tranh song ngữ Bé yêu Kỹ thuật hàng không vũ trụ,43900,43900,0,0.0,0,2,Ruth Spiro,Quảng Văn,Nhà Xuất Bản Phụ Nữ Việt Nam,,Bìa mềm,44.0,,AHABOOKS,available,1000,True,True,True
98116118,Tuyển tập những câu chuyện hay nhất của Aesop (Tái bản 2021) - Song ngữ Anh Việt,74800,88000,15,5.0,6,20,,First News - Trí Việt,Nhà Xuất Bản Tổng hợp TP.HCM,,Bìa mềm,199.0,2021-05-15,First News,available,1000,True,True,True
90242672,Ngọc Trai Và Rắn Độc,39000,58000,33,0.0,0,0,,VIETNAMBOOK,Dreamland Publications,,Bìa mềm,32.0,2021-04-09,VIETNAMBOOK,available,1000,True,True,True
85375478,Combo 8 Cuốn: Bộ Sách Lịch Sử Việt Nam Bằng Tranh (Bản Màu) (Tiếng Việt),1200000,1200000,0,0.0,0,0,.,NXB Trẻ,NXB Trẻ,,Bìa cứng,,2021-03-15,Nhà Sách Vĩnh Thụy,available,1000,True,True,True
49885674,ĐỨC GIÊSU - Truyện Tranh Kinh Thánh,97000,97000,0,4.7,3,40,,Công ty TNHH Bayard Việt Nam,Nhà Xuất Bản Tôn Giáo,,Bìa cứng,320.0,2020-01-06,Bayard Việt Nam,available,1000,True,True,True
44976205,Sách Theo Bài Hát Của Cha,70500,75000,6,5.0,1,19,Gianna Marino,Huy Hoàng Bookstore,Nhà Xuất Bản Phụ Nữ,,Bìa mềm,40.0,2019-12-01,Nhà sách Fahasa,available,1000,True,True,True
3492351,Sách Hachiko Chú Chó Dấu Yêu,54599,80000,32,5.0,14,552,Yoko Imoto,Nhã Nam,Nhà Xuất Bản Hội Nhà Văn,,Bìa mềm,40.0,2018-07-27,Tiki Trading,available,1000,False,False,True
633136,Tý Quậy - Những Truyện Siêu Buồn Cười (Ấn Bản Kỉ Niệm 60 Năm NXB Kim Đồng),120000,120000,0,0.0,0,0,Đào Hải,Nhà Xuất Bản Kim Đồng,Nhà Xuất Bản Kim Đồng,,Bìa cứng,336.0,2018-03-01,Bamboo Books,available,1000,True,True,True
612816,Sách Lịch Sử Việt Nam Bằng Tranh (Tập 33) - Giành Được Nghệ An,20000,35000,43,4.7,6,202,Trần Bạch Đằng (chủ biên),NXB Trẻ,NXB Trẻ,,Bìa mềm,74.0,2017-04-01,Tiki Trading,available,1000,False,True,True
434837,Sách Cuộc Phiêu Lưu Của Quả Lê Khổng Lồ,183800,191500,4,5.0,28,383,Jakob Martin Strid,Nhà Xuất Bản Kim Đồng,Nhà Xuất Bản Kim Đồng,,Bìa cứng,105.0,2015-05-20,AHABOOKS,available,1000,True,True,True
279226069,Sách Lớn Lên Trong Lòng Mẹ ,37500,50000,25,0.0,0,0,"Nguyễn Như Mai, Phùng Duy Tùng",Nhà Xuất Bản Kim Đồng,Nhà Xuất Bản Kim Đồng,,Bìa mềm,44.0,,Tiki Trading,available,1000,False,True,True
278826862,(In Màu) TRUYỆN CỔ TÍCH ANDERSEN - NÀNG TIÊN CÁ – Hans Christian Andersen – Time Book - NXB Văn học,237000,237000,0,0.0,0,0,Hans Christian Andersen,Công ty CP Xuất bản Khoa học và Giáo dục Thời Đại (TIMES BOOKS),Nhà Xuất Bản Văn Học,,Bìa mềm,300.0,,BÌNH BÁN BOOK,available,1000,True,True,True
278751235,(Boxset 23 Cuốn) THANH GƯƠM DIỆT QUỶ – Koyoharu Gotouge -  NXB Kim Đồng,1012000,1012000,0,0.0,0,0,Koyoharu Gotouge,Nhà Xuất Bản Kim Đồng,Nhà Xuất Bản Kim Đồng,,Bìa mềm,4416.0,,BÌNH BÁN BOOK,available,1000,True,True,True
278714580,Sách - Ngày Xửa Ngày Xưa - Tập 33 - Cuộc Phiêu Lưu Của Thuyền Trưởng Sinbad - Đại Chiến Nàng Tiên Cá,142500,150000,5,0.0,0,0,nhieu tac gia,PHANBOOK,NXB Dân Trí,,Bìa mềm,,2023-12-21,Nhà sách Fahasa,available,1000,True,True,True
278153292,Sách - Thơ Hay Viết Cho Thiếu Nhi - Bầu Trời Trong Quả Trứng (Tái Bản 2025),58800,60000,2,0.0,0,1,Xuân Quỳnh,Nhà Xuất Bản Kim Đồng,Nhà Xuất Bản Kim Đồng,,Bìa mềm,,2023-12-21,Nhà sách Fahasa,available,1000,True,True,True
278129032,Sách Sách Song Ngữ: Chú Cáo Tinh Nghịch,28500,38000,25,5.0,4,3,Corey R. Tabor,Công ty Cổ phần Sách và Truyền thông San Hô,Nhà Xuất Bản Thanh Niên,,Bìa mềm,32.0,,Tiki Trading,available,1000,False,True,True
276928990,Bộ Sách Thế Giới Trong Mắt Bé,33600,35000,4,0.0,0,7,Nhiều tác giả,Nhà Xuất Bản Kim Đồng,Nhà Xuất Bản Kim Đồng,,Bìa mềm,28.0,2025-01-01,Tiki Trading,available,1000,False,True,True
274872238,Sách - Bộ Khủng Long Thân Mến (3 cuốn) - Bìa mềm - Sách song ngữ Việt-Anh,237000,237000,0,0.0,0,0,nhieu tac gia,Quảng Văn,Nhà Xuất Bản Phụ Nữ,,Bìa mềm,,,Những Vì Sao Bookstore,available,1000,True,True,True
274730597,Truyện hay cho bé 0-6 tuổi - Tập 4,86000,118000,27,0.0,0,18,Hà Nhi,Công Ty Cổ Phần Văn Hóa Huy Hoàng,Nhà Xuất Bản Phụ Nữ Việt Nam,,Bìa mềm,140.0,2024-04-01,Tiki Trading,available,1000,False,True,True
274537512,Sách Tranh Nhật Bản Cho Tuổi Mẫu Giáo,36800,40000,8,0.0,0,6,"Tamami Kowase, Nobuko Akisato",NXB Kim Đồng,Nhà Xuất Bản Kim Đồng,,Bìa mềm,32.0,2024-03-17,Tiki Trading,available,1000,False,True,True
274095027,Sách - Bộ Song ngữ Việt - Anh (Trọn bộ 02 cuốn) (Bìa cứng),109120,124000,12,0.0,0,0,"Loufane, Anita Bijsterbosch",Nhã Nam,Nhà Xuất Bản Hà Nội,,Bìa cứng,14.0,,Nhã Nam Official,available,1000,True,True,True
274053108,Sách Năng lượng tích cực cho bé,20650,25000,17,0.0,0,17,"Suzy Capozzi, Eren Unten",NXB Trẻ,NXB Trẻ,,Bìa mềm,32.0,2024-01-24,Tiki Trading,available,1000,False,True,True
273509126,Lại Chuyện Xóm Gà - Pitikok Đi Săn Ác Mộng,46500,50000,7,0.0,0,1,Christian Jolibois,Nhã Nam,Nhà Xuất Bản Hà Nội,,,,,Nhà sách Fahasa,available,1000,True,True,True
271817202,12 Lí Do Vì Sao Phải Học,47500,50000,5,5.0,1,16,Noh Eun Joo,Nhà Xuất Bản Kim Đồng,Nhà Xuất Bản Kim Đồng,,,,,Nhà sách Fahasa,available,1000,True,True,True
270709952,Chú Thuật Hồi Chiến - Tập 10 (Bản thường),30000,30000,0,0.0,0,3,Gege Akutami,NXB Kim Đồng,Nhà Xuất Bản Kim Đồng,,Bìa mềm,140.0,,Nhà Sách Phương Nam,available,1000,True,True,True
251872616,Sách Wolfoo Khám Phá Thời Gian,41400,59000,30,5.0,1,29,1980 Edu,1980 Books,Nhà Xuất Bản Dân Trí,,Bìa mềm,28.0,2023-04-04,Tiki Trading,available,1000,False,True,True
217535357,Bé Tập Kể Chuyện - Chú Vịt Xám,12750,15000,15,0.0,0,1,,NXB Trẻ,oem,,Bìa mềm,,,Nhà Xuất Bản Trẻ,available,1000,True,True,True
214753055,Truyện Tranh Khoa Học Về Các Loài Côn Trùng - Hiệp Sĩ Dũng Cảm - Bọ Ngựa,53900,58000,7,5.0,3,24,Lưu Tiểu Muội,Đinh Tị,nxb thanh nien,,,,,Nhà sách Fahasa,available,1000,True,True,True
207567394,Komi - Nữ Thần Sợ Giao Tiếp - Tập 8,25000,25000,0,0.0,0,0,Tomohito Oda,NXB Kim Đồng,Nhà Xuất Bản Kim Đồng,,Bìa mềm,192.0,,Nhà Sách Phương Nam,available,1000,True,True,True
206376887,Combo Trường Học Khủng Long (Bộ 5 cuốn),245000,245000,0,0.0,0,3,,Nhà Xuất Bản Thế Giới,Nhà Xuất Bản Thế Giới,,Bìa mềm,,,Nhà Sách Phương Nam,available,1000,True,True,True
205708049,Lời Yêu Thương Của Mẹ,39000,39000,0,0.0,0,0,,Nhà xuất bản Phụ Nữ,Nhà Xuất Bản Phụ Nữ,,Bìa mềm,28.0,,Nhà Sách Phương Nam,available,1000,True,True,True
198415074,Combo Vương Quốc Côn Trùng,121000,150000,19,4.8,5,35,Su Gấu Bim,NXB Trẻ,NXB Trẻ,,Bìa mềm,32.0,2022-10-10,Tiki Trading,available,1000,False,True,True
192643658,The Little Gardener - Người làm vườn tí hon (Song ngữ Anh - Việt),40500,45000,10,5.0,4,33,Emily Hughes,Đông A,Nhà Xuất Bản Dân Trí,,Bìa mềm,,,Đông A Books Official,available,1000,True,True,True
192474348,Sách kỹ năng song ngữ - Kiên trì không bỏ cuộc,41700,60000,31,5.0,11,128,Jennifer Moore - Mallinos & Gustavo Mazali,Nhã Nam,Nhà Xuất Bản Thế Giới,,Bìa mềm,32.0,2022-07-01,Tiki Trading,available,1000,False,True,True
177703756,Kể Chuyện Những Dòng Sông Việt Nam,84500,89000,5,0.0,0,10,"Mai Hương,  Ngọc Tâm",Nhà Xuất Bản Kim Đồng,Nhà Xuất Bản Kim Đồng,,,,,Nhà sách Fahasa,available,1000,True,True,True
171825197,Sách Chuột Típ Đi Học Muộn (Tái Bản 2022),23750,25000,5,0.0,0,4,"Marco Campanella, Anna Casalis",NXB Kim Đồng,Nhà Xuất Bản Kim Đồng,,Bìa mềm,28.0,2022-03-31,Tiki Trading,available,1000,False,True,True
156227407,"Set 8 Cuốn Sách Cho Bé 1 Tuổi (Muôn Điều Kì Diệu, Vườn Nhà Hạnh Phúc, Chu Du Cùng Những Người Bạn) - Sách Đọc To Cho Bố Mẹ Cùng Đọc, Cùng Chơi Với Bé",330000,330000,0,0.0,0,6,,CÔNG TY TNHH LIONBOOKS VIỆT NAM,Nhà Xuất Bản Hà Nội,,Bìa mềm,28.0,,Casa Sunshine,available,1000,True,False,True
149520214,Thần Đồng Đất Việt 116 - Hạt Tiêu Cay Độc,9900,10000,1,5.0,5,61,Nhiều tác giả,Cty Phan Thị,Nhà Xuất Bản Đại Học Sư Phạm,,,,,Nhà sách Fahasa,available,1000,True,True,True
129767963,Sách Thỏ Peter - Chuyện Bây Giờ Mới Kể: Cuộc Giải Cứu Ngày Giáng Sinh (Tái Bản 2021),69000,75000,8,5.0,13,82,"Emma Thompson, Eleanor Taylor",NXB Kim Đồng,Nhà Xuất Bản Kim Đồng,,Bìa mềm,64.0,2021-10-01,Tiki Trading,available,1000,False,True,True
117073368,Bộ truyện tranh Cổ Oai ơi! Tập 10-11-12,120000,120000,0,5.0,79,376,BS. Trần Thị Huyên Thảo,Công ty TNHH Phòng khám Happy Baby,Nhà Xuất Bản Tổng hợp TP.HCM,,Bìa mềm,24.0,2021-08-07,HAPPY BABY BOOKS,available,1000,True,True,True
113000565,Bộ Túi Truyện Cổ Tích Việt Nam Đặc Sắc (Bộ 5 Cuốn),47500,50000,5,0.0,0,1,"Vũ Kim Dũng, Phạm Ngọc Tuấn",Đông A,Nhà Xuất Bản Dân Trí,,,,,Nhà sách Fahasa,available,1000,True,True,True
106119355,Combo Bộ Túi 7 Cuốn: Truyện Cổ Grim (Tái Bản),65000,90000,28,5.0,4,17,Grimm,Công Ty Cổ Phần Văn Hóa Đông A,Nhà Xuất Bản Dân Trí,,Bìa mềm,112.0,2021-06-15,Tiki Trading,available,1000,False,True,True
91561431,Sách - Baby'S First Picture Dictionary - Từ Điển Bằng Hình Đầu Tiên Của Bé - Số Đếm - Number (Bìa Cứng),28000,28000,0,0.0,0,1,Song Nghi,Công Ty TNHH Văn Hóa Việt Thư,Nhà Xuất Bản Phụ Nữ Việt Nam,,Bìa cứng,16.0,,Bảo Châu Books,available,1000,True,True,True
91147058,Combo - Truyện cổ tích hình nổi - Vịt con xấu xí + Chú mèo đi hia,269500,269500,0,0.0,0,0,,Đinh Tị,Nhà Xuất Bản Hà Nội,,,,,AHABOOKS,available,1000,True,True,True
75664993,Khát Vọng Non Sông - Dương Đình Nghệ Giải Phóng Thành Đại La,17000,26000,35,5.0,4,18,,VIETNAMBOOK,Nhà Xuất Bản Hà Nội,,Bìa gập,32.0,2020-10-22,VIETNAMBOOK,available,1000,True,True,True
48753783,Sách Alice Lạc Vào Xứ Sở Thần Tiên (Song Ngữ Anh - Việt),29700,35000,15,4.3,3,17,Stefania Leonardi Hartley,Tân Việt,Nhà Xuất Bản Mỹ Thuật,,,,,Nhà sách Fahasa,available,1000,True,False,True
26439627,Sách Tớ Là Một Chú Thỏ - Song Ngữ Anh - Việt,18700,22000,15,0.0,0,5,.,Tân Việt,Nhà Xuất Bản Mỹ Thuật,,Bìa mềm,24.0,2019-06-01,Nhà sách Fahasa,available,1000,True,True,True
1985897,Sách Đêm Của Mèo Max,80900,88000,8,5.0,4,27,Ed Vere,Crabit Kidbooks,,,Bìa cứng,32.0,2018-01-01,Nhà sách Fahasa,available,1000,True,True,True
402209,Sách Ngày Xửa Ngày Xưa - Bầy Chim Thiên Nga,33200,49000,32,0.0,0,153,.,Alphabooks,Nhà Xuất Bản Dân Trí,,Bìa mềm,52.0,,Tiki Trading,available,1000,False,False,True
279162251,XUÂN TREO TRÊN BẸO GHE HÀNG - Quỳnh Hương (Hũ) -  Hoàng Anh   - Slow Book ,199000,199000,0,0.0,0,0,nhieu tac gia,Công ty TNHH Xuất bản và Giáo dục Slowbooks,Nhà Xuất Bản Hà Nội,,Bìa cứng,42.0,,BÌNH BÁN BOOK,available,1000,True,True,True
279116407,"(Trọn bộ 5 cuốn) TRUYỆN THẦN THOẠI CỦA NHÀ BROWNSTONE - Joe Todd-Stanton - Trần Hoàng Chi, Vi Hạ dịch – Đông A",399000,399000,0,0.0,0,0,Joe Todd-Stanton,Đông A,Nhà Xuất Bản Dân Trí,,Bìa mềm,296.0,,BÌNH BÁN BOOK,available,1000,True,True,True
279098024,Cuốn Sách Đầu Tiên,48500,55000,12,0.0,0,0,"Tố Linh, Quân Đặng",Nhà Xuất Bản Kim Đồng,Nhà Xuất Bản Kim Đồng,,Bìa mềm,16.0,,Tiki Trading,available,1000,False,True,True
279077674,VỀ QUÊ -  Khúc đồng dao của bé - Các bài đồng dao nhạc sĩ Phạm Tuyên phổ nhạc –  Phạm Tuyên - Phạm Hồng Tuyến - NXB ĐHSP,125000,125000,0,0.0,0,0,Phạm Tuyên,NXB Đại Học Sư Phạm,Nhà Xuất Bản Đại Học Sư Phạm,,Bìa mềm,40.0,,BÌNH BÁN BOOK,available,1000,True,True,True
278756953,Sách Chúng Mình Là Bạn,117000,120000,3,0.0,0,1,"Thanh Tâm, Phương Vũ, Hoài Anh",Nhà Xuất Bản Kim Đồng,Nhà Xuất Bản Kim Đồng,,Bìa cứng,40.0,,Tiki Trading,available,1000,False,True,True
278472209,Sách 10 Phút Kể Chuyện Trước Giờ Đi Ngủ,157000,175000,10,0.0,0,6,"Kim Hyun Tae, Kim Mina",Nhà Xuất Bản Kim Đồng,Nhà Xuất Bản Kim Đồng,,Bìa mềm,204.0,,Tiki Trading,available,1000,False,True,True
278231044,Sách Go Green,52800,75000,30,0.0,0,0,"Miguel Sanchez, Liz Gogerly",Nhã Nam,Nhà Xuất Bản Dân Trí,,Bìa mềm,48.0,,Tiki Trading,available,1000,False,True,True
278153318,Sách - Truyện Cổ Tích Hay Nhất Thế Giới - Nàng Bạch Tuyết Và Bảy Chú Lùn - Snow White And The Seven Dwarfs,23000,25000,8,0.0,0,0,,Công ty TNHH Sách Hà Giang ,Nhà Xuất Bản Văn Học,,Bìa mềm,,2023-12-21,Nhà sách Fahasa,available,1000,True,True,True
277989252,Combo Một ngày của người nguyên thủy (bộ 4 cuốn),676000,676000,0,0.0,0,0,,Thái Hà,Nhà Xuất Bản Công Thương,,,,,Bamboo Books,available,1000,True,True,True
277933952,"(Bìa cứng, in màu) GIẢI MÃ DANH TÁC - Cẩm Nang Phân Tích Tác Phẩm Nghệ Thuật Dành Cho Trẻ Em - Ingrid Swenson và Mary Auld - Trần Khánh Hưng dịch - NXB Kim Đồng",212000,212000,0,0.0,0,0,,Nhà Xuất Bản Kim Đồng,Nhà Xuất Bản Kim Đồng,,Bìa cứng áo ôm,128.0,,BÌNH BÁN BOOK,available,1000,True,True,True
276177908,EQ-IQ - Xây dựng thói quen tốt đầu đời cho trẻ - Con không đi ngủ đâu,45000,45000,0,0.0,0,0,,Đinh Tị,Nhà Xuất Bản Thanh Niên,,Bìa mềm,38.0,,ECOBOOK VN,available,1000,True,True,True
275881779,Một Cậu Thỏ Nghịch Ngợm Kinh Khủng - Tuyển Tập Những Truyện Hay Nhất Của Beatrix Potter (Tái bản 2024) - Beatrix Potter; Ngô Hà Thu dịch,205000,205000,0,0.0,0,0,Beatrix Potter,Nhà Xuất Bản Kim Đồng,Nhà Xuất Bản Kim Đồng,,Bìa mềm tay gấp,196.0,2024-08-09,Bamboo Books,available,1000,True,True,True
274885799,Bộ Sách - Bốn Mùa Bên Nhau - Bộ 4 cuốn,162000,162000,0,0.0,0,2,,Nhà Xuất Bản Kim Đồng,Nhà Xuất Bản Kim Đồng,,,,,Những Vì Sao Bookstore,available,1000,True,True,True
274872222,Bộ sách song ngữ - Nụ Hôn Trên Bàn Tay - Bộ 6 cuốn,414000,414000,0,0.0,0,1,Audrey Penn,Quảng Văn,Nhà Xuất Bản Phụ Nữ,,Bìa mềm,,,Những Vì Sao Bookstore,available,1000,True,True,True
274648020,Trường Học Danh Nhân Thế Giới - Tập 7: Danh Nhân Ảnh Hưởng Tới Hậu Thế - ML,75000,75000,0,0.0,0,0,nhieu tac gia,Minh Long,Nhà Xuất Bản Văn Học,,Bìa mềm,160.0,,Nhà Sách Vĩnh Thụy,available,1000,True,True,True
274566286,Sách Văn Học Giả Tưởng - Mèo Chiến Binh (Tập 6) - Thời Khắc Tăm Tối (Erin Hunter) (Nhã Nam),160000,160000,0,0.0,0,0,,Nhã Nam,Nhà Xuất Bản Hội Nhà Văn,,,,,Bamboo Books,available,1000,True,True,True
274423575,Dragon Ball Super - Tập 14,25000,25000,0,0.0,0,1,Toyotarou,NXB Kim Đồng,Nhà Xuất Bản Kim Đồng,,Bìa mềm,192.0,,Nhà Sách Phương Nam,available,1000,True,True,True
273154755,Sách cho bé - Tiến Lên Nào! - XIN CHÀO! CẢM ƠN! XIN LỖI - Một Câu Chuyện Giúp Trẻ Học Phép Lịch Sự - Sách tranh,51520,56000,8,0.0,0,1,,Công ty cổ phẩn Xuất bản và Giáo dục Vizi,Nhà Xuất Bản Phụ Nữ Việt Nam,,Bìa mềm,45.0,2023-09-25,Vizibook,available,1000,True,True,True
272989031,"COMBO CUỐN SÁCH NHỎ, Ý TƯỞNG LỚN (4 QUYỂN)",153600,160000,4,0.0,0,1,"Katie Rewse, Sarah Walden",Kim Đồng,Nhà Xuất Bản Kim Đồng,,Bìa mềm,128.0,,TYMBooks,available,1000,True,True,True
271121291,Truyện tranh Combo 2 tập Conan: Những giây cuối cùng tới thiên đường (Hoạt hình màu) - Kim Đồng,132000,132000,0,0.0,0,1,,CÔNG TY TNHH THƯƠNG MẠI SÁCH NHÂN DÂN,Nhà Xuất Bản Kim Đồng,,,,,Bamboo Books,available,1000,True,True,True
270805709,(Giải sách IODE Jean Throop) (Bìa cứng) (Sách tranh thiếu nhi in màu) BÓNG TỐI BAO LA – Dựa Trên Một Câu Chuyện Có Thật - Chris Hadfield – Anh Em Nhà Fan – Sanhobooks,135000,135000,0,0.0,0,11,,Công ty Cổ phần Sách và Truyền thông San Hô,Nhà Xuất Bản Thanh Niên,,Bìa cứng,52.0,,BÌNH BÁN BOOK,available,1000,True,True,True
270110980,Tranh Truyện Lịch Sử Việt Nam - Trần Nhân Tông (Tái Bản 2023),18400,20000,8,5.0,1,11,"Tạ Huy Long,  Lê Phương Liên",Nhà Xuất Bản Kim Đồng,Nhà Xuất Bản Kim Đồng,,,,,Nhà sách Fahasa,available,1000,True,True,True
223502458,	Combo Tây Du Ký (Boxet 25 Tập) _HA,299250,475000,37,0.0,0,0,Ngô Thừa Ân,Nhà Sách Hồng Ân,Nhà Xuất Bản Dân Trí,,Bìa mềm,,,Bảo Châu Books,available,1000,True,True,True
217889961,Tây Du Ký - Truyện Tranh Thiếu Nhi Tập 17 - 25  (Bộ 9 Cuốn) - HA,171000,171000,0,0.0,0,0,Ngô Thừa Ân,Nhà Sách Hồng Ân,NXB Dân Trí,,Bìa mềm,55.0,,Bảo Châu Books,available,1000,True,True,True
216296809,Sách - Roscoe đói rồi,45000,45000,0,0.0,0,0,,Công Ty Cổ Phần Văn Hóa Đông A,NXB Dân Trí,,,,,Bamboo Books,available,1000,True,True,True
204373901,"(Bản đặc biệt tặng poster có kèm ống gỗ vận chuyển, postcard, 2 thẻ nhựa, bookmark) UNNAMED MEMORY – HỒI ỨC KHÔNG TÊN – Nguyệt Lam phù thuỷ và hoàng tử bị nguyền rủa - Kuji Furumiya – Nguyễn Thị Thu Hằng dịch – Thái Hà books – NXB Hà Nội",148000,148000,0,5.0,2,8,,Thái Hà Book,Nhà Xuất Bản Hà Nội,,,,,BÌNH BÁN BOOK,available,1000,True,True,True
179063546,Sách Gieo Mầm Tính Cách Cho Bé Yêu: Ngoan Ngoãn,23000,30000,23,5.0,2,24,Nhiều tác giả,NXB Trẻ,NXB Trẻ,,Bìa mềm,40.0,2022-01-01,Tiki Trading,available,1000,False,True,True
177145369,Ngày Hạ Chí Nguy Hiểm,52000,52000,0,0.0,0,0,,Kim Đồng,oem,,Bìa mềm,,,Bamboo Books,available,1000,True,False,True
161257966,Tranh Truyện Lịch Sử Việt Nam: Lê Văn Hưu,19000,20000,5,5.0,1,14,"Lê Minh Hải, Anh Chi",NXB Kim Đồng,Nhà Xuất Bản Kim Đồng,,Bìa mềm,32.0,2023-06-07,Tiki Trading,available,1000,False,True,True
157345827,Sách Bỏ Điện Thoại Xuống Nào!,63000,68000,7,5.0,18,140,"Hoàng Giang, Bùi Phương Tâm",NXB Kim Đồng,Nhà Xuất Bản Kim Đồng,,Bìa mềm,46.0,2021-01-01,Tiki Trading,available,1000,False,True,True
146396600,TỚ LÀ MÈO PUSHEEN - KD,80000,80000,0,0.0,0,1,,Kim Đồng,Nhà Xuất Bản Kim Đồng,,Bìa mềm,,,Nhà Sách Vĩnh Thụy,available,1000,True,True,True
73924623,Sách Cá Voi Dài Bao Nhiêu?,47000,48000,2,4.8,6,57,Alison Limentani,NXB Kim Đồng,Nhà Xuất Bản Kim Đồng,,Bìa mềm,32.0,2020-12-15,Tiki Trading,available,1000,False,False,True
73843096,Truyện Cổ Tích Việt Nam Cho Bé Tập Đọc (Tranh Màu),98000,98000,0,5.0,5,25,Mai Hương,Đại Mai Books,Nhà Xuất Bản Phụ Nữ Việt Nam,,Bìa mềm,108.0,2020-12-12,HaAnBooks,available,1000,True,True,True
63516913,Sách Bên Con Mỗi Ngày: Con Yêu Bố Rất Nhiều!,24700,25000,1,5.0,4,39,Huyền Trâm,NXB Kim Đồng,Nhà Xuất Bản Kim Đồng,,Bìa mềm,24.0,2020-08-01,Nhà sách Fahasa,available,1000,True,True,True
32219496,Thần Thoại Hy Lạp Tập 18: Trở Về Ithaca (Tái Bản 2019),58800,60000,2,5.0,4,24,"Lee Kwangjin,  Seo Young, Thomas Bulfinch",NXB Kim Đồng,,,,,,Nhà sách Fahasa,available,1000,True,True,True
31516158,Truyện Cổ Tích Việt Nam Đặc Sắc - Sự Tích Trầu Cau,12000,12000,0,5.0,1,13,"., ., ., ., ...",NXB Đại Học Sư Phạm,,,,,,Nhà sách Fahasa,available,1000,True,False,True
17937819,Sách Tý Quậy - Tập 5 (Tái Bản 2019),39200,40000,2,5.0,7,73,Đào Hải,Nhà Xuất Bản Kim Đồng,,,Bìa mềm,172.0,2019-05-01,Nhà sách Fahasa,available,1000,True,True,True
612885,Sách Lịch Sử Việt Nam Bằng Tranh (Tập 37) - Nguyễn Trãi,29000,35000,17,4.7,9,375,Trần Bạch Đằng (chủ biên),NXB Trẻ,NXB Trẻ,,Bìa mềm,100.0,,Tiki Trading,available,1000,False,False,True
438565,Sách Thần Đồng Đất Việt (Tập 187) - Chiếu Việt Lên Ngôi,15000,15000,0,5.0,9,210,,Phan Thị,,,Bìa mềm,136.0,2015-06-16,Nhà sách Fahasa,available,1000,True,True,True
407447,Sách Tớ Là Mèo Pusheen,80000,80000,0,0.0,0,0,Claire Belton,Nhà Xuất Bản Kim Đồng,Nhà Xuất Bản Kim Đồng,,Bìa mềm,178.0,2014-08-21,Bamboo Books,available,1000,True,True,True
279105448,Sách Cánh Diều Theo Gió,54000,55000,2,0.0,0,0,Eriko Ishikawa,Nhà Xuất Bản Kim Đồng,Nhà Xuất Bản Kim Đồng,,Bìa mềm,20.0,,Tiki Trading,available,1000,False,True,True
278872182,Bộ Sách Trải Nghiệm Đầu Tiên,39200,40000,2,0.0,0,0,Lucy Cousins,Nhà Xuất Bản Kim Đồng,Nhà Xuất Bản Kim Đồng,,Bìa mềm,28.0,,Tiki Trading,available,1000,False,True,True
278872159,Combo Trải Nghiệm Đầu Tiên (5 Cuốn),195000,200000,3,0.0,0,0,Lucy Cousins,Nhà Xuất Bản Kim Đồng,Nhà Xuất Bản Kim Đồng,,Bìa mềm,,,Tiki Trading,available,1000,False,True,True
278710191,Sách Đừng Quên Tớ Nhé!,47500,50000,5,0.0,0,3,Makiko Toyofuku,Nhà Xuất Bản Kim Đồng,Nhà Xuất Bản Kim Đồng,,Bìa mềm,36.0,,Tiki Trading,available,1000,False,True,True
278597434,Combo Bảy Chú Ếch Con (5 Cuốn),195000,200000,3,0.0,0,2,"Morio Shiota, Tomoko Sakura",Nhà Xuất Bản Kim Đồng,Nhà Xuất Bản Kim Đồng,,Bìa mềm,,2025-04-09,Tiki Trading,available,1000,False,True,True
278582531,Sách Thủ Thỉ Cùng Con,33250,35000,5,0.0,0,8,Emma Dodd,Nhà Xuất Bản Kim Đồng,Nhà Xuất Bản Kim Đồng,,Bìa mềm,24.0,,Tiki Trading,available,1000,False,True,True
278581754,Combo Người Bạn Kết Nối Bé Nhỏ (3 Cuốn),96000,120000,20,0.0,0,1,Daniela Kunkel,Nhà Xuất Bản Kim Đồng,Nhà Xuất Bản Kim Đồng,,Bìa mềm,,,Tiki Trading,available,1000,False,True,True
278532025,Sách Tớ Có Gì Nhỉ? - What I Have?,34300,35000,2,0.0,0,0,Lin Wenpei,Nhà Xuất Bản Kim Đồng,Nhà Xuất Bản Kim Đồng,,Bìa mềm,32.0,,Tiki Trading,available,1000,False,True,True
278521782,Combo Adventures Of Crickid (2 Books),228000,240000,5,0.0,0,0,Linh Rab,Nhà Xuất Bản Kim Đồng,Nhà Xuất Bản Kim Đồng,,Bìa mềm,,,Tiki Trading,available,1000,False,True,True
278025156,Sách Phép Mầu Tuổi Thơ,48500,50000,3,0.0,0,0,"May, Châu Phạ",Nhà Xuất Bản Kim Đồng,Nhà Xuất Bản Kim Đồng,,Bìa mềm,40.0,2025-05-26,Tiki Trading,available,1000,False,True,True
277483560,Sách Nỗi Bất Hạnh Của Sophie (Tác Phẩm Chọn Lọc - Văn Học Pháp) [Tái Bản 2025],64000,65000,2,5.0,2,10,Nữ bá tước De Ségur,Nhà Xuất Bản Kim Đồng,Nhà Xuất Bản Kim Đồng,,Bìa mềm,212.0,2025-01-01,Tiki Trading,available,1000,False,True,True
277358544,"Bộ Sách Thơ Hay Cho Bé Học Về Hình Dạng, Màu Sắc, Nông Trại Và Sở Thú (Túi 4 Cuốn)",95100,120000,21,0.0,0,1,,Đinh Tị,Nhà Xuất Bản Hà Nội,,Bìa mềm,,,Tiki Trading,available,1000,True,True,True
276849990,Sách Xe Đạp Và Những Kịch Bản Hoạt Hình Đặc Sắc [Tái Bản 2024],58000,60000,3,0.0,0,2,Phạm Sông Đông,Nhà Xuất Bản Kim Đồng,Nhà Xuất Bản Kim Đồng,,Bìa mềm,,2024-03-12,Tiki Trading,available,1000,False,True,True
275727697,"Sách- Song Ngữ Anh  Việt, Nào Mình Cùng Đến Trạm Thú Y (Tái bản 2021)- 2HBooks",55250,65000,15,0.0,0,0,Amy Johnson,Công Ty Cổ Phần Văn Hóa Huy Hoàng,Nhà Xuất Bản Mỹ Thuật,,Bìa mềm,24.0,2021-07-01,2HBooks,available,1000,True,True,True
275592775,Sách - Good Morning World - Cuốn Sách Đầu Tiên Về Màu Sắc - Kích Thích Thị Giác Cho Bé - ndbooks,109000,109000,0,0.0,0,0,,CÔNG TY TNHH THƯƠNG MẠI SÁCH NHÂN DÂN,nxb thanh nien,,Bìa cứng,,,SÁCH NHÂN DÂN - ndbooks,available,1000,True,True,True
275277468,Ehon Nhật Bản - Trò Chơi Toán Học - Tập 3 (Từ 4 Tuổi),99000,99000,0,0.0,0,0,Anno Mitsumasa,Công ty TNHH Thương mại và Dịch vụ Văn hóa Hà Nội,Nhà Xuất Bản Phụ Nữ Việt Nam,,Bìa mềm,108.0,,Tazano Official Store,available,1000,True,True,True
274372516,Nekoneko Baby,75000,75000,0,0.0,0,0,Souta Narazaki,NXB Dân Trí,Nhà Xuất Bản Dân Trí,,Bìa mềm,186.0,,Nhà Sách Phương Nam,available,1000,True,True,True
274372504,[Truyện tranh] Ma Đạo Tổ Sư - Tập 4,159000,159000,0,5.0,1,2,Mặc Hương Đồng Khứu,NXB Hà Nội,Nhà Xuất Bản Hà Nội,,Bìa mềm,212.0,,Nhà Sách Phương Nam,available,1000,True,True,True
273921227,Cuốn Văn Học Hành Động Hay- Edogawa Ranpo Tuyển Tập - Những Tội Ác Bất Dung Thứ,99000,99000,0,0.0,0,0,,AZ Việt Nam,Nhà Xuất Bản Thế Giới,,,,,AHABOOKS,available,1000,True,True,True
273279204,Combo 4 cuốn Elmer (Song ngữ Anh - Việt) - Tặng 4 sticker đồng bộ,204000,240000,15,0.0,0,16,David McKee,Công Ty Cổ Phần Văn Hóa Đông A,Nhà Xuất Bản Dân Trí,,Bìa mềm,,,Đông A Books Official,available,1000,True,True,True
272879965,Sách Chuyện Kể Trước Giờ Đi Ngủ,62000,65000,5,0.0,0,3,Gia Bảo,Kim Đồng,Nhà Xuất Bản Kim Đồng,,Bìa mềm,56.0,2023-10-13,Tiki Trading,available,1000,False,True,True
270743779,Ngày Xửa Ngày Xưa... - Nàng Bạch Tuyết Và Bảy Chú Lùn,65000,65000,0,0.0,0,1,Stefania Leonardi Hartley,NXB Mỹ Thuật,Nhà Xuất Bản Mỹ Thuật,,Bìa cứng,24.0,2020-01-06,Nhà Sách Phương Nam,available,1000,True,True,True
270743767,"Truyện Tranh Song Ngữ Việt-Anh Cho Bé - Bé Thông Minh, Bé Tự Mặc Áo Quần",15000,15000,0,0.0,0,0,Sirilak Rattanasuwaj,NXB Phụ Nữ,Nhà Xuất Bản Phụ Nữ,,Bìa mềm,15.0,2020-07-04,Nhà Sách Phương Nam,available,1000,True,True,True
269892503,Tản Viên Sơn Thánh ,132000,165000,20,0.0,0,0,,NS Hương Giang,Nhà Xuất Bản Hội Nhà Văn,,Bìa mềm,190.0,2023-07-05,Nhà sách Hương Giang,available,1000,True,True,True
250024283,Ehon - Gia Vị Yêu Thương,55000,55000,0,0.0,0,0,,Sách điện tử Thái Hà,Nhiều Nhà Xuất Bản,,,,,HỆ THỐNG NHÀ SÁCH ABC,available,1000,True,True,True
215732985,Combo Truyện Cổ Tích Việt Nam Song Ngữ Việt-Anh 2 (Bộ 5 cuốn),80000,80000,0,0.0,0,0,Khánh Vân,NXB Thanh Niên,Nhà Xuất Bản Thanh Niên,,Bìa mềm,,,Nhà Sách Vĩnh Thụy,available,1000,True,True,True
205704660,Khi Tớ Lớn Lên,45000,45000,0,0.0,0,0,Ella Bailey,Nhà Xuất Bản Dân Trí,Nhà Xuất Bản Dân Trí,,Bìa mềm,28.0,,Nhà Sách Phương Nam,available,1000,True,True,True
195623888,Truyện tranh tuổi thần tiên - Cây táo thần,9300,15000,38,5.0,3,61,Minh Long,Minh Long,Nhà Xuất Bản Mỹ Thuật,,Bìa mềm,16.0,2022-10-18,Tiki Trading,available,1000,False,True,True
195443802,Truyện chữ to cho bé : Tập đánh vần tập đọc 3,26000,26000,0,4.0,1,9,,Nhà Sách Đại Mai,Nhà Xuất Bản Phụ Nữ Việt Nam,,,,,trungthanh2018,available,1000,True,True,True
177349319,Truyện Ehon bé 3-4-5 tuổi - Mật Ong và Cà Phê,51000,51000,0,5.0,3,16,,Công ty TNHH More Production Việt Nam,Nhà Xuất Bản Kim Đồng,,Bìa mềm,36.0,2021-12-03,Mọt sách Mogu,available,1000,True,True,True
170945078,Picture Book - Ông Tớ,49000,49000,0,5.0,2,5,Marta Altés,Quang Van Books,Nhà Xuất Bản Mỹ Thuật,,,32.0,,Casa Sunshine,available,1000,True,True,True
113004693,Bộ Túi Những Chàng Hoàng Tử Bé (Bộ 4 Cuốn) (Tái Bản 2021),33000,60000,45,0.0,0,8,Hemma,Đông A,Nhà Xuất Bản Dân Trí,,,,,Đông A Books Official,available,1000,True,True,True
75540978,"Truyện tranh tư duy cho bé tập nói ,tập đọc ( phát triển ngôn ngữ -trí tưởng tượng - khả năng quan sát- khả năng tư duy",98000,98000,0,4.7,41,160,Mai Hương,Nhà Sách Đại Mai,Nhà Xuất Bản Phụ Nữ Việt Nam,,Bìa cứng,36.0,2020-12-28,trungthanh2018,available,1000,True,True,True
50495044,Truyện tranh ngụ ngôn dành cho thiếu nhi ( Song ngữ Anh- việt ) Những người bạn đường,29000,29000,0,5.0,2,24,"Mai Hương , Ngọc Tâm",Đại Mai Books,Nhà Xuất Bản Phụ Nữ,,Bìa mềm,28.0,2020-03-18,trungthanh2018,available,1000,True,True,True
548573,Sách Ehon - Thực Phẩm Tâm Hồn Cho Bé - Tàu ĐiệnTới Rồi,49000,49000,0,0.0,0,0,Lời: Fumiko Takeshita - Tranh:  Mamoru Suzuki,Thái Hà,Nhà Xuất Bản Lao Động,,Bìa mềm,36.0,2016-09-29,HỆ THỐNG NHÀ SÁCH ABC,available,1000,True,False,True
472083,Sách Thần Đồng Đất Việt (Tập 188) - Giải Oan Sư Cụ,15000,15000,0,4.8,6,94,,Phan Thị,,,Bìa mềm,,2016-02-02,Nhà sách Fahasa,available,1000,True,True,True
470476,Sách Cổ Tích Việt Nam Bằng Thơ,120000,120000,0,0.0,0,2,Thái Bá Tân,Nhà Xuất Bản Kim Đồng,Nhà Xuất Bản Kim Đồng,,Bìa mềm,112.0,2016-01-22,Bamboo Books,available,1000,True,True,True
466792,Bộ Sách Chú Voi Moppet Vui Vẻ - Voi Ma-mut Moppet Mừng Sinh Nhật,12000,19000,37,5.0,2,143,Mamoth World,Chibooks,Nhà Xuất Bản Văn Hóa - Văn Nghệ,,Bìa mềm,24.0,2015-12-23,Tiki Trading,available,1000,False,True,True
454050,Sách Chuột Típ Đến Thăm Ông Bà,23750,25000,5,5.0,2,1494,.,Nhà Xuất Bản Kim Đồng,Nhà Xuất Bản Kim Đồng,,Bìa mềm,27.0,,Tiki Trading,available,1000,False,False,True
413756,Barbie - Nàng Tiên Cá (Truyện Tranh Khổ Lớn),26700,38000,30,0.0,0,75,,Tân Việt,,,Bìa mềm,16.0,2014-08-16,Tiki Trading,available,1000,False,False,True
279149650,Sách - Kể Chuyện Danh Nhân Thế Giới - Cậu Bé Giỏi Ngoại Ngữ,13500,15000,10,0.0,0,0,Tiểu Giàu,Cty Văn Hóa Nhân Văn,Nhà Xuất Bản Văn Hóa Văn Nghệ,,Bìa mềm,,2023-12-21,Nhà sách Fahasa,available,1000,True,True,True
279112300,Sách - Người Lá Và Những Chú Bọ Tốt Bụng Dũng Cảm,75000,100000,25,0.0,0,0,nhieu tac gia,Công ty TNHH Truyền Thông và Giáo Dục Lyceum,Nhà Xuất Bản Phụ Nữ Việt Nam,,Bìa mềm,,2023-12-21,Nhà sách Fahasa,available,1000,True,True,True
279097928,"Sách - Ây Ai"" Có Gì Sai? Những Điều Cơ Bản Về Đạo Đức AI Để Sống Cùng Trí Tuệ Nhân Tạo",98000,99000,1,0.0,0,1,Ts. Matt Agnew,Nhà Xuất Bản Kim Đồng,Nhà Xuất Bản Kim Đồng,,Bìa mềm,104.0,,Tiki Trading,available,1000,False,True,True
278768793,Sách - Bạn Có Quen Pippi Tất Dài Không?,38000,40000,5,0.0,0,2,nhieu tac gia,Nhà Xuất Bản Kim Đồng,Nhà Xuất Bản Kim Đồng,,Bìa mềm,,2023-12-21,Nhà sách Fahasa,available,1000,True,True,True
277870884,"Combo 4 cuốn Tom Gates bản tiếng Việt và Song ngữ Việt-Anh - The Brilliant World of Tom Gates series, Liz Pichon",220800,276000,20,0.0,0,4,,Công ty TNHH Sách Hà Giang ,Nhà Xuất Bản Dân Trí,,Bìa mềm,360.0,2025-04-25,Sách Hà Giang,available,1000,True,True,True
275942600,"(Combo 2 Cuốn, Bìa Cứng, In Màu) TRUYỆN VỀ CHÚ THỎ MƯU MẸO, GIÓ VỜN TRONG LIỄU - NXB Kim Đồng",216000,225000,4,0.0,0,3,nhieu tac gia,Nhà Xuất Bản Kim Đồng,Nhà Xuất Bản Kim Đồng,,Bìa cứng,176.0,,BÌNH BÁN BOOK,available,1000,True,True,True
275839412,Sách - Truyện Tranh Song Ngữ Việt Anh Cho Bé - Combo 12 Cuốn - Đinh Tị Books,180000,180000,0,0.0,0,6,,Đinh Tị,Nhà Xuất Bản Phụ Nữ,,,,,Bamboo Books,available,1000,True,True,True
274644756,Tranh Truyện Dân Gian Việt Nam - Vua Heo (Tái Bản 2024),19600,20000,2,0.0,0,0,"Trương Hiếu,  Hồng Hà",Nhà Xuất Bản Kim Đồng,Nhà Xuất Bản Kim Đồng,,,,,Nhà sách Fahasa,available,1000,True,True,True
274644646,Tranh Truyện Dân Gian Việt Nam - Ngưu Lang Chức Nữ (Tái Bản 2024),19600,20000,2,0.0,0,0,"Nguyễn Công Hoan,  Hồng Hà",Nhà Xuất Bản Kim Đồng,Nhà Xuất Bản Kim Đồng,,,,,Nhà sách Fahasa,available,1000,True,True,True
273916417,Bài Ca Của Khủng Long Bronty,37300,45000,17,0.0,0,0,,FIRST NEWS,NXB Dân Trí,,,,,Nhà sách Fahasa,available,1000,True,True,True
273909751,Tranh Truyện Ehon Nhật Bản - Hạt Dưa Hấu (Tái Bản 2023),36000,45000,20,0.0,0,0,Tanaka Kiyo,Cty TNHH More Production Vietnam,Nhà Xuất Bản Thế Giới,,,,,Nhà sách Fahasa,available,1000,True,True,True
273214057,"Cuốn Sách Nhỏ, Ý Tưởng Lớn - Âm Nhạc Là Gì?",40000,40000,0,0.0,0,0,Katie Rewse,Nhà Xuất Bản Kim Đồng,Nhà Xuất Bản Kim Đồng,,,,,Bamboo Books,available,1000,True,True,True
272497637,Ponko Vô Dụng - Tập 1,59000,59000,0,0.0,0,0,Keita Yatera,NXB Thế Giới,Nhà Xuất Bản Thế Giới,,Bìa mềm,160.0,,Nhà Sách Phương Nam,available,1000,True,True,True
272247067,Tranh Truyện Lịch Sử Việt Nam - Lý Thánh Tông (Tái Bản 2023),18400,20000,8,0.0,0,3,"Lê Minh Hải,  Hiếu Minh",Nhà Xuất Bản Kim Đồng,Nhà Xuất Bản Kim Đồng,,,,,Nhà sách Fahasa,available,1000,True,True,True
270545732,Cuộc phiêu lưu của Pi-Nô-Ki-ô ( Bìa Cứng),250000,250000,0,0.0,0,0,,Công ty cổ phần đầu tư phát triển Trường Phương,Nhà Xuất Bản Thế Giới,,Bìa cứng,20.0,2022-07-23,NHÀ SÁCH AN THƯ,available,1000,True,True,True
257835579,Mèo Mog Mập - Giáng Sinh Của Cô Mèo (Tái Bản 2023),42700,45000,5,5.0,1,9,Judith Kerr,Nhà Xuất Bản Kim Đồng,Nhà Xuất Bản Kim Đồng,,,,,Nhà sách Fahasa,available,1000,True,True,True
251983699,Từ Vựng Đầu Đời Của Bé - 100 Từ Vựng Đầu Tiên Về Trang Trại,92600,109000,15,0.0,0,0,Nhiều tác giả,Tân Việt,nxb my thuat,,,,,Nhà sách Fahasa,available,1000,True,True,True
210513697,Chuyện Kể Trước Giờ Đi Ngủ: Sẻ Nâu Mơ Thành Đại Bàng,64600,66000,2,0.0,0,3,Thúy Nguyễn,Nhà Xuất Bản Kim Đồng,Nhà Xuất Bản Kim Đồng,,,,,Nhà sách Fahasa,available,1000,True,True,True
198643642,"Sách Xứ sở muông thú, 4 tập",38950,60000,35,0.0,0,5,Hemma,Công Ty Cổ Phần Văn Hóa Đông A,Nhà Xuất Bản Dân Trí,,Bìa mềm,12.0,2022-09-01,Tiki Trading,available,1000,False,True,True
198574369,Bộ sách Sự tích Việt Nam (10 tập) - Tái bản 2022,65000,100000,35,0.0,0,5,,Công Ty Cổ Phần Văn Hóa Đông A,Nhà Xuất Bản Dân Trí,,Bìa mềm,,2022-09-24,Đông A Books Official,available,1000,True,True,True
182149669,Ehon Chơi Cùng Momo - Chú Bé Quả Đào - Cùng Nhảy Lên Nào! (Tái Bản 2022),44500,49000,9,5.0,1,8,Kazuhiko Toyota,Thái Hà,Nhà Xuất Bản Lao Động,,,,,Nhà sách Fahasa,available,1000,True,True,True
172421990,Truyện Kể Trước Khi Ngủ - Chia Sẻ (Song Ngữ Anh - Việt),63700,75000,15,0.0,0,4,Nhiều tác giả,Tân Việt,Nhà Xuất Bản Mỹ Thuật,,,,,Nhà sách Fahasa,available,1000,True,True,True
171580885,Phát Triển Khả Năng Ngôn Ngữ (4-6 Tuổi) - Tái Bản 2021,36000,45000,20,0.0,0,3,Tiểu Hồng Hoa,Phụ Nữ,Nhà Xuất Bản Phụ Nữ Việt Nam,,,,,Nhà sách Fahasa,available,1000,True,True,True
168181464,Xôn Xao Đầu Đời: Em Bé Từ Đâu Đến,58800,60000,2,0.0,0,4,Pauline Oud,Nhà Xuất Bản Kim Đồng,Nhà Xuất Bản Kim Đồng,,,,,Nhà sách Fahasa,available,1000,True,True,True
160814560,Bí Kíp Sinh Tồn Của Loài Cá Mập Chân Chính,84500,89000,5,0.0,0,7,,Crabit Kidbooks,Nhà Xuất Bản Hà Nội,,,,,Nhà sách Fahasa,available,1000,True,True,True
106996109,Đảo Hoang (Tái Bản 2021),44100,45000,2,5.0,4,14,Văn Minh,Nhà Xuất Bản Kim Đồng,Nhà Xuất Bản Kim Đồng,,,,,Nhà sách Fahasa,available,1000,True,True,True
81576595,Từ Điển Hình Ảnh Cho Bé - Rau Củ,27900,30000,7,5.0,2,7,Chính Bình,Cty TNHH TM&DV VH GD Phía Nam,,,,,,Nhà sách Fahasa,available,1000,True,True,True
80959959,Sách Vòng Quanh Thế Giới: Iceland,11400,12000,5,5.0,6,85,"Nguyễn Hào,  Nguyên Hào, Tuấn Huỳnh",Nhà Xuất Bản Kim Đồng,Nhà Xuất Bản Kim Đồng,,,,,Nhà sách Fahasa,available,1000,True,True,True
64245918,Khát Vọng Non Sông - Thánh Gióng,17000,26000,35,0.0,0,9,,VIETNAMBOOK,Nhà Xuất Bản Hà Nội,,Bìa gập,32.0,2020-05-12,VIETNAMBOOK,available,1000,True,True,True
58708640,Từ Điển Hình Ảnh Cho Bé - Động Vật Biển,27900,30000,7,4.7,3,16,Chính Bình,Cty TNHH TM&DV VH GD Phía Nam,,,,,,Nhà sách Fahasa,available,1000,True,True,True
57318079,Sách Trái Cây Đại Chiến Zombie - Câu Đố Bí Ẩn Về Nghệ Thuật,88300,95000,7,5.0,4,31,Tiểu Giang Nam,Huy Hoàng Bookstore,Nhà Xuất Bản Phụ Nữ Việt Nam,,Bìa mềm,160.0,2020-06-01,Nhà sách Fahasa,available,1000,True,True,True
55809705,Từ Điển Bằng Hình Cho Trẻ Mầm Non - Những Từ Đầu Tiên (Tái Bản 2019),138000,150000,8,5.0,1,4,Nhiều tác giả,Đông A,Nhà Xuất Bản Dân Trí,,,,,Nhà sách Fahasa,available,1000,True,True,True
51307895,Sách Trái Cây Đại Chiến Zombie - Tập 20: Miền Tây Hoang Dã (Tái Bản 2020),30400,32000,5,4.5,7,23,"Cát Băng, Tâm Truyền Kỳ",Huy Hoàng Bookstore,Nhà Xuất Bản Phụ Nữ Việt Nam,,Bìa mềm,35.0,2020-03-01,Nhà sách Fahasa,available,1000,True,True,True
50214740,Bác Sĩ Kính Coong Tập 9 - Sơ Cứu Khi Khẩn Cấp (Tái Bản 2019),31300,32000,2,5.0,1,5,"Jo Hee Geun,  Hwang Hasuk",Cty Mĩ Thuật & Truyền Thông (ADC),Nhà Xuất Bản Giáo Dục Việt Nam,,,,,Nhà sách Fahasa,available,1000,True,True,True
48753762,Sách Aladdin Và Cây Đèn Thần (Song Ngữ Anh - Việt),31500,35000,10,4.8,6,37,Stefania Leonardi Hartley,Tân Việt,Nhà Xuất Bản Mỹ Thuật,,,,,Nhà sách Fahasa,available,1000,True,True,True
24164518,777 Câu Đố Luyện Trí Thông Minh,54800,59000,7,5.0,1,22,Hoàng Lan,NXB Hồng Đức,,,,,,Nhà sách Fahasa,available,1000,True,True,True
5829051,Sách Đi Ngủ Nào Voi Con Ơi! 3+,55000,55000,0,0.0,0,0,Carl - Johan Forssén Ehrlin,Thái Hà,Nhà Xuất Bản Lao Động,,Bìa mềm,65.0,2018-01-10,info book,available,1000,True,True,True
3248875,Aladanh và cây đèn thần,13400,13400,0,3.0,2,68,,Nhà Sách 30 Hàn Thuyên,,,Bìa mềm,46.0,,Nhà sách 30 Hàn Thuyên,available,1000,True,True,True
507237,Tủ Sách Biết Nói: Hà Rầm Hà Rạc (Tham Thì Thâm),14000,15000,7,0.0,0,5,Tiểu Giàu,Công Ty CP Văn Hóa Nhân Văn,,,Bìa mềm,16.0,2011-12-30,Nhân Văn,available,1000,True,True,True
461598,Sách Barbie - Tuyển Tập Các Nàng Công Chúa (Tập 4),38200,45000,15,5.0,1,11,.,Tân Việt,,,Bìa mềm,112.0,2015-12-25,Nhà sách Fahasa,available,1000,True,True,True
278966652,Sách - Lớp Học Mật Ngữ - Phiên Bản Mới - Tập 8 (Tái Bản 2025) - Tặng Kèm Quà Tặng Ngẫu Nhiên,28500,30000,5,0.0,0,2,B R O group,BÁO TIỀN PHONG,Báo Sinh Viên VN - Hoa Học Trò,,Bìa mềm,,2023-12-21,Nhà sách Fahasa,available,1000,True,True,True
278768761,Sách - Kho Báu Bí Mật,49000,50000,2,0.0,0,1,nhieu tac gia,Nhà Xuất Bản Kim Đồng,Nhà Xuất Bản Kim Đồng,,Bìa mềm,,2023-12-21,Nhà sách Fahasa,available,1000,True,True,True
278715001,Sách - Chuột Và Chũi - Những Viên Sỏi,38000,40000,5,0.0,0,0,nhieu tac gia,Nhà Xuất Bản Kim Đồng,Nhà Xuất Bản Kim Đồng,,Bìa mềm,,2023-12-21,Nhà sách Fahasa,available,1000,True,True,True
278714924,Sách - Truyện Tranh Cổ Tích Việt Nam - Cậu Bé Tích Chu,20800,26000,20,0.0,0,2,nhieu tac gia,Phụ Nữ,Nhà Xuất Bản Phụ Nữ Việt Nam,,Bìa mềm,,2023-12-21,Nhà sách Fahasa,available,1000,True,True,True
277779461,"Sách - Put the phone down, now! by Bùi Phương Tâm - Sách truyện tranh thiếu nhi/Picture story Book in English",120000,120000,0,0.0,0,1,Bùi Phương Tâm,Nhà Xuất Bản Kim Đồng,Nhà Xuất Bản Kim Đồng,,Bìa mềm,46.0,2022-04-15,Bookworm Hà Nội,available,1000,True,True,True
275416499,Combo 6 cuốn Hilda,486000,540000,10,0.0,0,4,,Công Ty Cổ Phần Văn Hóa Đông A,Nhà Xuất Bản Dân Trí,,Bìa mềm,352.0,,Đông A Books Official,available,1000,True,True,True
274579072,English Zoo - Đây Là Trứng Của Ai? - Whose Egg Is This?,80700,95000,15,0.0,0,4,,Tân Việt,nxb my thuat,,,,,Nhà sách Fahasa,available,1000,True,True,True
272247075,Tranh Truyện Lịch Sử Việt Nam: Bùi Thị Xuân (Tái Bản 2023),18400,20000,8,0.0,0,5,"Lê Phương Liên,  Lê Minh Hải",Nhà Xuất Bản Kim Đồng,Nhà Xuất Bản Kim Đồng,,,,,Nhà sách Fahasa,available,1000,True,True,True
270700206,Ngày Xửa Ngày Xưa - Bầy Chim Thiên Nga (Tái Bản 2023),44100,49000,10,0.0,0,0,,Alpha Books,NXB Dân Trí,,,,,Nhà sách Fahasa,available,1000,True,True,True
270688167,Sách Ước Mơ Của Máy Xúc,39200,40000,2,0.0,0,5,Morag Hood,Kim Đồng,Nhà Xuất Bản Kim Đồng,,Bìa mềm,32.0,2023-07-23,Tiki Trading,available,1000,False,True,True
263980942,Bé Học Kĩ Năng Tự Lập - Tạm Biệt Bỉm Xinh,46750,55000,15,0.0,0,0,,NXB Phụ Nữ,Nhà Xuất Bản Phụ Nữ Việt Nam,,Bìa mềm,36.0,,Văn Lang Official Store,available,1000,True,True,True
263091505,Tranh Truyện Lịch Sử Việt Nam: Trần Bình Trọng,19600,20000,2,0.0,0,4,"Lê Minh Hải,  Hiếu Minh",Nhà Xuất Bản Kim Đồng,Nhà Xuất Bản Kim Đồng,,,,,Nhà sách Fahasa,available,1000,True,True,True
262451756,Thế Giới Của Peppa - Những Con Số,29700,30000,1,0.0,0,0,Nhiều tác giả,Nhà Xuất Bản Kim Đồng,Nhà Xuất Bản Kim Đồng,,,,,Nhà sách Fahasa,available,1000,True,True,True
252892334,Hành Trang Tâm Lí Cho Bé Vào Lớp 1: Bài Tập Là Gì Thế?,30400,32000,5,0.0,0,1,He Jie,Nhà Xuất Bản Kim Đồng,Nhà Xuất Bản Kim Đồng,,,,,Nhà sách Fahasa,available,1000,True,True,True
252585535,Bộ Truyện Tranh Nhiệm Vụ Khoa Học Kỳ Bí,129000,129000,0,0.0,0,7,,Quang Van Books,Nhà Xuất Bản Phụ Nữ Việt Nam,,,,,Casa Sunshine,available,1000,True,True,True
247567853,Phòng Nghiên Cứu Khoa Học Thú Vị - Lễ Hội Robot - Robot Trong Đời Sống (Tái Bản 2022),38200,45000,15,0.0,0,2,Nhiều tác giả,Minh Long,nxb my thuat,,,,,Nhà sách Fahasa,available,1000,True,True,True
205291614,Combo 3 Truyện Thiếu Nhi Hài Hước Của David Walliams: Bánh Mì Kẹp Chuột + Nha Sĩ Yêu Quái + Bố Xấu Bố Tốt (Tặng Kèm Bookmark Bamboo Books),316000,316000,0,0.0,0,8,David Walliams,Nhã Nam,Nhà Xuất Bản Văn Học,,Bìa mềm,,,Bamboo Books,available,1000,True,True,True
198577187,Bộ sách Xứ sở muông thú (4 tập) - Tái bản 2022,39000,60000,35,0.0,0,0,,Công Ty Cổ Phần Văn Hóa Đông A,Nhà Xuất Bản Dân Trí,,Bìa mềm,,2022-09-24,Đông A Books Official,available,1000,True,True,True
193459726,Combo 4 cuốn Gieo mầm trưởng thành,153000,180000,15,0.0,0,4,nhieu tac gia,Công Ty Cổ Phần Văn Hóa Đông A,Nhà Xuất Bản Dân Trí,,Bìa mềm,,2022-07-20,Đông A Books Official,available,1000,True,True,True
192950967,Tiểu Học Toàn Diện - Chăm Sóc Răng Miệng,45500,49000,7,0.0,0,1,,Nhã Nam,NXB Dân Trí,,,,,Nhà sách Fahasa,available,1000,True,True,True
192650772,Sợ Hãi là bạn tớ,40500,45000,10,0.0,0,12,,Đông A,Nhà Xuất Bản Dân Trí,,,,,Đông A Books Official,available,1000,True,True,True
192650619,Bữa tối của Julian và Cáo,40500,45000,10,5.0,1,13,,Đông A,Nhà Xuất Bản Dân Trí,,,,,Đông A Books Official,available,1000,True,True,True
179063551,Sách Gieo Mầm Tính Cách Cho Bé Yêu: Sạch Sẽ,22000,30000,27,5.0,4,34,Nhiều tác giả,NXB Trẻ,NXB Trẻ,,Bìa mềm,40.0,2022-01-01,Tiki Trading,available,1000,False,True,True
173093802,"Truyện Tranh Tuổi Thần Tiên - Cáo, Thỏ Và Gà Trống",13500,15000,10,0.0,0,1,Minh Long,Minh Long,Nhà Xuất Bản Văn Học,,,,,Nhà sách Fahasa,available,1000,True,True,True
171580911,Gieo Hạt Giống Thương Yêu - Chúc Con Ngủ Ngon,20000,20000,0,0.0,0,16,Caroline Jayne Church,Đinh Tị,Nhà Xuất Bản Hà Nội,,,,,Nhà sách Fahasa,available,1000,True,True,True
168181877,Truyện Đọc Bằng Hình Ảnh - Những Câu Chuyện Ngụ Ngôn Thế Giới Đặc Sắc 2,81300,98000,17,0.0,0,4,Nhã Uyên,Cty Văn Hóa Việt Thư,Nhà Xuất Bản Phụ Nữ Việt Nam,,,,,Nhà sách Fahasa,available,1000,True,True,True
146270295,Yêu Thương Cho Con: Ba Yêu Con,28500,30000,5,0.0,0,37,Helen Foster James,Nhà Xuất Bản Kim Đồng,Nhà Xuất Bản Kim Đồng,,,,,Nhà sách Fahasa,available,1000,True,True,True
115833382,Sách thiếu nhi Hạt giống của lòng trắc ẩn,59900,69000,13,5.0,2,15,"Đạt lai Lạt Ma, Đức Đạt Lai Lạt Ma Thứ 14",Quảng Văn,Nhà Xuất Bản Phụ Nữ Việt Nam,,Bìa mềm,36.0,,Minhhabooks,available,1000,True,True,True
107356353,"Sách thơ cho bé - Bộ Gia đình Bé Bỏng - Truyện tranh cho trẻ tập nói, mầm non từ 0-1-2-3-4-5-6 tuổi (Sách Đọc to gắn kết tình cảm gia đình)",117000,117000,0,4.6,5,71,,NXB Hà Nội,Nhà Xuất Bản Hà Nội,,Bìa mềm,24.0,2021-05-19,Casa Sunshine,available,1000,True,True,True
101757426,COMBO 7 CUỐN TRUYỆN TRANH THIẾU NHI LIÊN XÔ,289000,289000,0,0.0,0,2,,Công ty TNHH Quốc Tế Mai Hà,Nhà Xuất Bản Hà Nội,,Bìa mềm,,2021-05-21,Nhà sách NetaBooks,available,1000,True,True,True
64346764,Khát Vọng Non Sông - Trí Và Dũng Của Trần Khắc Chung,17000,26000,35,5.0,1,9,,VIETNAMBOOK,Nhà Xuất Bản Hà Nội,,Bìa gập,32.0,2020-05-12,VIETNAMBOOK,available,1000,True,True,True
60027350,Bộ truyện tranh Cổ Oai ơi! Tập 1-2-3 ,115000,115000,0,4.8,126,752,BS Trần Thị Huyên Thảo,Công ty TNHH Phòng khám Happy Baby,Nhà Xuất Bản Văn Hóa - Văn Nghệ TP.HCM,,Bìa mềm,,2020-07-15,HAPPY BABY BOOKS,available,1000,True,True,True
49377595,Sách Vòng Quanh Thế Giới: Việt Nam (Tái Bản 2019),11400,12000,5,4.8,21,336,"Nguyễn Hào, Hạo Nhiên",Nhà Xuất Bản Kim Đồng,Nhà Xuất Bản Kim Đồng,,,,,Nhà sách Fahasa,available,1000,True,True,True
32220367,Những Câu Chuyện Ấm Áp - Truyện Kể 5 Phút,55200,65000,15,4.0,1,18,Nhóm You Fu (minh họa: Bi An) (Thiên Nga dịch),NXB Mỹ Thuật,,,,,,Nhà sách Fahasa,available,1000,True,False,True
31515474,Thần Thoại Hy Lạp Tập 14: Con Ngựa Thành Troy (Tái Bản 2019),58800,60000,2,5.0,2,33,"Lee Kwangjin,  Seo Young, Thomas Bulfinch",NXB Kim Đồng,,,,,,Nhà sách Fahasa,available,1000,True,True,True
11347722,Tý Quậy - Tập 8 (Tái Bản 2019),39200,40000,2,5.0,8,82,Đào Hải,Nhà Xuất Bản Kim Đồng,,,Bìa mềm,172.0,2019-03-01,Nhà sách Fahasa,available,1000,True,True,True
548570,Sách Ehon - Thực Phẩm Tâm Hồn Cho Bé - Xe Bus Píng Poong Đi Biển,49000,49000,0,0.0,0,0,Lời: Fumiko Takeshita - Tranh:  Mamoru Suzuki,Thái Hà,Nhà Xuất Bản Lao Động,,Bìa mềm,36.0,2016-09-29,HỆ THỐNG NHÀ SÁCH ABC,available,1000,True,True,True
507087,Sách Kể Chuyện Trạng Việt Nam: Trạng Lường - Cân Voi,14000,15000,7,5.0,2,17,Tiểu Giàu,Công Ty CP Văn Hóa Nhân Văn,,,Bìa mềm,16.0,2011-12-30,Nhân Văn,available,1000,True,True,True
475219,Sách Candy Book - Câu Lạc Bộ Thắp Sáng Ước Mơ,44200,52000,15,4.0,4,20,Nhật Linh - Ngọc Phương,Tân Việt,,,Bìa mềm,206.0,2015-09-15,Nhà sách Fahasa,available,1000,True,True,True
417637,Sách Ehon Nhật Bản: Bàn Tay Kỳ Diệu Của Sachi,48500,49000,1,0.0,0,0,"Tabata Seiichi, Nobe Akiko & Shizawa Sayoko",Quảng Văn,Nhà Xuất Bản Văn Học,,Bìa mềm,36.0,2014-11-20,Minhhabooks,available,1000,True,True,True
278966718,Sách - Lịch Sử Việt Nam Bằng Tranh - Tây Sơn Khởi Nghiệp - Bản Màu,61700,65000,5,0.0,0,0,nhieu tac gia,NXB Trẻ,NXB Trẻ,,Bìa mềm,,2023-12-21,Nhà sách Fahasa,available,1000,True,True,True
278907347,Sách - Lịch Sử Việt Nam Bằng Tranh - Chiến Thắng Quân Mông Lần 1 - Bản Màu,61700,65000,5,0.0,0,0,nhieu tac gia,NXB Trẻ,NXB Trẻ,,Bìa mềm,,2023-12-21,Nhà sách Fahasa,available,1000,True,True,True
278713231,Sách - Lịch Sử Việt Nam Bằng Tranh - Nhà Lý Suy Vong - Bản Màu,66500,70000,5,0.0,0,0,nhieu tac gia,NXB Trẻ,NXB Trẻ,,Bìa mềm,,2023-12-21,Nhà sách Fahasa,available,1000,True,True,True
278311320,Sách Bí Ẩn Khu Rừng Phép Thuật,59000,60000,2,0.0,0,5,Ole Könnecke,Nhà Xuất Bản Kim Đồng,Nhà Xuất Bản Kim Đồng,,Bìa mềm,64.0,,Tiki Trading,available,1000,False,True,True
278130318,"Sách Chuyện Ly Kỳ Về Hình Khối, Màu Sắc, Số Đếm",21000,28000,25,0.0,0,0,"Đào Trung Uyên, KAT",NXB Trẻ,NXB Trẻ,,Bìa mềm,24.0,,Tiki Trading,available,1000,False,True,True
276906652,Sách - Series Combo Picture book Tưng Bừng của David Walliams (Nhã Nam HCM),264000,300000,12,0.0,0,3,David Williams,Nhã Nam,Nhà Xuất Bản Hội Nhà Văn,,Bìa mềm,40.0,2024-01-01,Nhã Nam HCM,available,1000,True,True,True
276522057,Sách - Series Gi gỉ gì gi cái gì cũng biết - Dành cho học sinh tiểu học (Nhã Nam HCM),95920,109000,12,0.0,0,1,Mima Noyuri,Nhã Nam,Nhà Xuất Bản Thế Giới,,Bìa mềm,180.0,2022-01-19,Nhã Nam HCM,available,1000,True,True,True
275335279,Sách Bộ ba phép thuật - Gấu Hoggs dũng cảm,62000,62000,0,0.0,0,0,Stephanie Dahle,Nhã Nam,Nhà Xuất Bản Dân Trí,,Bìa mềm,28.0,,Bamboo Books,available,1000,True,True,True
275015929,Bộ sách Chuyện Ở Làng Lém Lỉnh,23750,25000,5,0.0,0,0,"Mr. Tan, Aurore Damant",NXB Kim Đồng,Nhà Xuất Bản Kim Đồng,,Bìa mềm,28.0,2024-04-22,Tiki Trading,available,1000,False,True,True
274497111,Lịch Sử Việt Nam Bằng Tranh - Lý Nam Đế Và Nước Vạn Xuân - Bản Màu - Bìa Cứng,150000,150000,0,0.0,0,0,"Nguyễn Đức Hòa,  Tôn Nữ Quỳnh Trân,  Trần Bạch Đằng",NXB Trẻ,NXB Trẻ,,,,,Bamboo Books,available,1000,True,True,True
274497100,Thiên Nhiên Kỳ Thú - Cuộc Bôn Tẩu Của Anh Rái Cá,16700,18000,7,0.0,0,1,Bùi Tiểu Quyên,NXB Trẻ,NXB Trẻ,,,,,Nhà sách Fahasa,available,1000,True,True,True
272918213,Bé Học Khám Phá Cuộc Sống - Răng Nhỏ Phiêu Lưu - Tập 1: Chiếc Răng Mất Tích,27900,30000,7,0.0,0,0,Tiên Vũ,NXB Trẻ,NXB Trẻ,,,,,Nhà sách Fahasa,available,1000,True,True,True
271518948,Sách Lật giở song ngữ - QUẢ GÌ ĐÂY,86000,86000,0,0.0,0,0,Yusuke Yonezu,Nhã Nam,Nhà Xuất Bản Thông Tấn,,Bìa cứng,14.0,2023-08-24,FishingBook,available,1000,True,True,True
271410521,Boxset Kiến Thức Hấp Dẫn - Vui Nhộn Chuẩn Xác (Bộ 20 Cuốn) - Trẻ,1130000,1130000,0,0.0,0,0,,NXB Trẻ,NXB Trẻ,,,,,HỆ THỐNG NHÀ SÁCH ABC,available,1000,True,True,True
270717189,Thị Trấn Mèo - Tập 8,68000,68000,0,0.0,0,1,Nekomaki (ms-work),NXB Kim Đồng,Nhà Xuất Bản Kim Đồng,,Bìa mềm,176.0,,Nhà Sách Phương Nam,available,1000,True,True,True
249285521,Who? Chuyện Kể Về Danh Nhân Thế Giới - Charlie Chaplin,52250,55000,5,0.0,0,2,, NXB Kim Đồng,Nhà Xuất Bản Kim Đồng,,Bìa mềm,,,Tottochanbooks,available,1000,True,True,True
249277132,Who? Chuyện Kể Về Danh Nhân Thế Giới - Maria Montessori,60000,60000,0,0.0,0,0,, NXB Kim Đồng,Nhà Xuất Bản Kim Đồng,,Bìa mềm,,,Bamboo Books,available,1000,True,True,True
214493484,Sách Hí Hoáy Với Peppa: Một Ngày Bận Rộn,30700,32000,4,0.0,0,0,Nhiều tác giả,NXB Kim Đồng,Nhà Xuất Bản Kim Đồng,,Bìa mềm,16.0,2023-01-01,Tiki Trading,available,1000,False,True,True
212324470,Du Hành Vào Lịch Sử Thế Giới – Hoàng Đế Tần Thủy Hoàng,45000,45000,0,5.0,1,5,nhieu tac gia,NXB Kim Đồng,Nhà Xuất Bản Kim Đồng,,Bìa mềm,36.0,,Bamboo Books,available,1000,True,True,True
207676162,Danh Tác Thế Giới - Bác Sĩ Jekyll Và Ông Hyde,40000,40000,0,5.0,1,2,Neung In Publishing Company,NXB Kim Đồng,Nhà Xuất Bản Kim Đồng,,Bìa mềm,208.0,,Nhà Sách Phương Nam,available,1000,True,True,True
207597085,One-Punch Man - Tập 14,35000,35000,0,0.0,0,2,Yusuke Murata,NXB Kim Đồng,Nhà Xuất Bản Kim Đồng,,Bìa mềm,208.0,,Bamboo Books,available,1000,True,True,True
205745272,Sách Gấu Anh - Gấu Em: Tập 3 - Tại Anh Không Cẩn Thận,29400,30000,2,0.0,0,0,"Trần Huy, A Đông",NXB Kim Đồng,Nhà Xuất Bản Kim Đồng,,Bìa mềm,28.0,2022-11-01,Tiki Trading,available,1000,False,True,True
201424624,Sách Lịch Sử Việt Nam Bằng Tranh - Tập 06: Hai Bà Trưng (Tái Bản 2022),26000,35000,26,5.0,4,54,"Trần Bạch Đằng, Phan An, Trung Tín",NXB Trẻ,NXB Trẻ,,Bìa mềm,96.0,2022-10-10,Tiki Trading,available,1000,False,True,True
201114755,Ở Nơi Quỷ Sứ Giặc Non (Lời Và Tranh Của Maurice Sendak) (Tái bản 2022),65000,65000,0,0.0,0,0,,Nhã Nam,Nhà Xuất Bản Hội Nhà Văn,,Bìa mềm,,2022-10-15,HỆ THỐNG NHÀ SÁCH ABC,available,1000,True,True,True
200705638,Sách Câu Hỏi Lớn Thế Giới To: Tại Sao Cần Có Luật?,40000,40000,0,0.0,0,0,"Nancy Dickmann, Andrés Landazabál",NXB Kim Đồng,Nhà Xuất Bản Kim Đồng,,Bìa mềm,,2022-10-16,Bamboo Books,available,1000,True,True,True
198269400,Tý quậy - Những truyện siêu buồn cười,120000,120000,0,0.0,0,3,, NXB Kim Đồng,Nhà Xuất Bản Kim Đồng,,Bìa mềm,,,Bamboo Books,available,1000,True,True,True
179175761,Sách Tý Quậy - Tập 6 (Tái Bản),30000,40000,25,0.0,0,0,Đào Hải,NXB Kim Đồng,Nhà Xuất Bản Kim Đồng,,Bìa mềm,172.0,2022-01-01,Tiki Trading,available,1000,False,True,True
170325073,Sách Bé Tự Rèn Tính Tốt: Bé Quái Vật Biết Xin Phép,17000,20000,15,5.0,3,40,Connie Colwell Miller,NXB Trẻ,NXB Trẻ,,Bìa mềm,24.0,2022-03-22,Tiki Trading,available,1000,False,True,True
135552425,Tranh Truyện Lịch Sử Việt Nam: An Tư Công Chúa,19000,20000,5,0.0,0,15,"Nguyễn Huy Thắng, Lê Minh Hải",NXB Kim Đồng,Nhà Xuất Bản Kim Đồng,,Bìa mềm,32.0,2023-06-25,Tiki Trading,available,1000,False,True,True
122390477,Asterix - vùng đất thần thánh,80000,80000,0,0.0,0,0,,NXB Kim Đồng,Nhà Xuất Bản Kim Đồng,,Bìa mềm,,2021-08-01,Bamboo Books,available,1000,True,True,True
107804387,Sách Giải Cứu Gà Con (Tái Bản),58000,58000,0,0.0,0,0,"Christian Jolibois, Christian Heinrich",Nhã Nam,Nhà Xuất Bản Hà Nội,,Bìa mềm,48.0,2021-06-15,info book,available,1000,True,True,True
96652406,Sách Gương Thiếu Nhi Làm Theo Lời Bác: Ước Mơ Đến Trường,28500,30000,5,0.0,0,3,"Thanh Hà, Cloud Pillow",NXB Kim Đồng,Nhà Xuất Bản Kim Đồng,,Bìa mềm,20.0,2021-05-01,Nhà sách Fahasa,available,1000,True,True,True
96652396,Sách Gương Thiếu Nhi Làm Theo Lời Bác: Cậu Bé Say Mê Toán Học,28500,30000,5,5.0,1,22,"Thanh Hà, Cloud Pillow",NXB Kim Đồng,Nhà Xuất Bản Kim Đồng,,Bìa mềm,20.0,2021-05-01,Tiki Trading,available,1000,False,True,True
73924637,Sách Bọ Rùa Nặng Chừng Nào?,47500,50000,5,5.0,6,37,Alison Limentani,NXB Kim Đồng,Nhà Xuất Bản Kim Đồng,,Bìa mềm,32.0,2020-12-15,Tiki Trading,available,1000,False,True,True
69701379,Sách Thần Mưa - 100 năm Gianni Rodari,45000,45000,0,0.0,0,10,Gianni Rodari,NXB Kim Đồng,Nhà Xuất Bản Kim Đồng,,Bìa mềm,28.0,2020-10-15,Bamboo Books,available,1000,True,True,True
4336423,Sách Tay Khéo Tay Xinh - Bé Vẽ Cây Táo,24700,25000,1,5.0,1,2,Christophe Boncens,NXB Trẻ,,,Bìa mềm,28.0,2018-01-09,Nhà sách Fahasa,available,1000,True,True,True
474240,Sách Yu Yu Và Các Bạn - Ngôi Nhà Của Yu Yu,10200,11000,7,0.0,0,10,Kim Hằng,NXB Trẻ,,,Bìa mềm,16.0,2016-02-25,Nhà sách Fahasa,available,1000,True,True,True
467751,Sách Nhện Anansi Và Chiếc Túi Thông Thái,21250,25000,15,0.0,0,7,,NXB Trẻ,NXB Trẻ,,Bìa mềm,33.0,2016-01-04,Nhà Xuất Bản Trẻ,available,1000,True,True,True
467748,Sách Vua Midas Và Bàn Tay Vàng,21250,25000,15,0.0,0,9,,NXB Trẻ,NXB Trẻ,,Bìa mềm,33.0,2016-01-04,Nhà Xuất Bản Trẻ,available,1000,True,True,True
429026,Sách Những Cuộc Phiêu Lưu Của Dabo (Tập 1) - Chuồn Chuồn Thần,29000,40000,28,5.0,7,196,Ngô Quang Lập,NXB Trẻ,,,Bìa mềm,43.0,2015-03-26,Tiki Trading,available,1000,False,True,True
278957405,Sách Trốn Tìm Cùng Thiên Nhiên,48500,55000,12,0.0,0,0,Sandra Dieckmann,Nhà Xuất Bản Kim Đồng,Nhà Xuất Bản Kim Đồng,,Bìa mềm,,,Tiki Trading,available,1000,False,True,True
278885697,"BỘ 5 TẬP TRUYỆN TRANH LỊCH SỬ: HÀO KHÍ ĐÔNG A – Lời: Lê Minh Quốc, Nguyễn Danh Lam – Tranh: Kim Duẩn – Đông A – NXB Dân Trí",125000,125000,0,0.0,0,0,nhieu tac gia,Công Ty Cổ Phần Văn Hóa Đông A,Nhà Xuất Bản Dân Trí,,Bìa mềm,16.0,,BÌNH BÁN BOOK,available,1000,True,True,True
278881191,Cuộc đời Đức Phật Thích Ca Mâu Ni (sách tranh màu ),75000,75000,0,0.0,0,0,Thích Chân Tính,Tổ In ấn và Phát hành kinh sách,Nhà Xuất Bản Hồng Đức,,Bìa mềm,224.0,2025-11-04,AN HOA BOOK,available,1000,True,True,True
278722722,(Special Volume 1) THÁM TỬ LỪNG DANH CONAN - Gosho Aoyama – NXB Kim Đồng,65000,65000,0,0.0,0,0,Gosho Aoyama,Nhà Xuất Bản Kim Đồng,Nhà Xuất Bản Kim Đồng,,Bìa mềm,188.0,,Bamboo Books,available,1000,True,True,True
278689871,"Gấu Pooh xinh xắn - Tuổi thơ dịu ngọt của gấu Pooh (Song ngữ Anh - Việt), tặng kèm file nghe",88000,88000,0,0.0,0,0,nhieu tac gia,Đông Tây,Nhà Xuất Bản Dân Trí,,Bìa mềm tay gấp,111.0,2025-09-25,Đông Tây,available,1000,True,True,True
276557151,Truyện tranh Danh Nhân Thế Giới trọn bộ 10 tập - Chang Book,300000,300000,0,0.0,0,1,nhieu tac gia,Nhà Xuất Bản Kim Đồng,Nhà Xuất Bản Kim Đồng,,Bìa mềm,200.0,2024-11-09,Changs Book,available,1000,True,True,True
275987314,Combo 2 cuốn Gió vờn trong liễu + Truyện về chú thỏ mưu mẹo (Bìa cứng - NXB Kim Đồng),213750,225000,5,0.0,0,1,Kenneth Grahame,Nhà Xuất Bản Kim Đồng,Nhà Xuất Bản Kim Đồng,,Bìa cứng,176.0,2024-08-06,Tottochanbooks,available,1000,True,True,True
275726459,"Sách- Song Ngữ Anh Việt, Nào Mình Cùng Đến Trạm Cứu Hỏa (Tái Bản 2021)- 2HBooks",55250,65000,15,0.0,0,0,Claire Philip,Công Ty Cổ Phần Văn Hóa Huy Hoàng,Nhà Xuất Bản Mỹ Thuật,,Bìa mềm,24.0,2021-07-01,2HBooks,available,1000,True,True,True
275671096,Astérix - Astérix và cái vạc,80000,80000,0,0.0,0,0,"Rene Goscinny,  Albert Uderzo",Nhà Xuất Bản Kim Đồng,Nhà Xuất Bản Kim Đồng,,Bìa mềm,52.0,,Bamboo Books,available,1000,True,True,True
275217225,Trái Cây Đại Chiến Zombie Tập 1- Năng lượng chiến binh (Tái Bản 2023)- 2HBooks,32000,32000,0,0.0,0,2,Cát Băng,Công Ty Cổ Phần Văn Hóa Huy Hoàng,Nhà Xuất Bản Phụ Nữ,,Bìa mềm,36.0,2023-06-01,2HBooks,available,1000,True,True,True
274857282,Sách - Combo Mười Phút Nữa Đến Giờ Đi Ngủ - Bộ 3 Cuốn Kỳ Lân Con (Dỗ Bé Ngủ Ngon Trong 10 Phút),237000,237000,0,0.0,0,1,Rhiannon Fielding,Crabit Kidbooks,Nhà Xuất Bản Hà Nội,,Bìa mềm,32.0,,Những Vì Sao Bookstore,available,1000,True,True,True
274372508,Salt Friend - Tập 2,159000,159000,0,0.0,0,0,Kinh Kiến,NXB Dân Trí,Nhà Xuất Bản Dân Trí,,Bìa mềm,248.0,,Nhà Sách Phương Nam,available,1000,True,True,True
273572932,Sách Vun Đắp Tâm Hồn - Mơ Đi Sợ Chi,45600,50000,9,0.0,0,4,May,Kim Đồng,Nhà Xuất Bản Kim Đồng,,Bìa mềm,36.0,2023-08-12,Tiki Trading,available,1000,False,True,True
270744412,Em Trai Hàng Xóm Bướng Bỉnh Quá - Tập 2,145000,145000,0,0.0,0,0,S-Monkey,NXB Dân Trí,Nhà Xuất Bản Dân Trí,,Bìa mềm,224.0,,Nhà Sách Phương Nam,available,1000,True,True,True
270744021,Truyện Tranh Khoa Học Về Các Loài Côn Trùng - Người Bạn Đáng Ngờ Đom Đóm,58000,58000,0,0.0,0,0,Lưu Tiểu Muội,NXB Thanh Niên,Nhà Xuất Bản Thanh Niên,,Bìa mềm,44.0,,Nhà Sách Phương Nam,available,1000,True,True,True
270711609,Thực Đơn Của Bar Mao,92000,92000,0,0.0,0,1,,NXB Hà Nội,Nhà Xuất Bản Hà Nội,,Bìa mềm,224.0,,Nhà Sách Phương Nam,available,1000,True,True,True
261834673,Sách - Gieo mầm tính cách vun đắp tâm hồn : Truyện tranh tư duy cho bé song ngữ ( lẻ tùy chọn ),30000,30000,0,0.0,0,0,,Nhà Sách Đại Mai,Nhà Xuất Bản Phụ Nữ Việt Nam,,,,,trungthanh2018,available,1000,True,True,True
260673148,Bơi Tự Cứu Dịch Cân Kinh ( Sách kỹ năng về phòng chống đuối nước ),95000,100000,5,0.0,0,0,Phạm Anh Tuấn,Cty Giáo Dục Sputnik,Nhà Xuất Bản Thế Giới,,Bìa mềm,145.0,,Cá Chép Bookstore,available,1000,True,True,True
247786075,10 Vạn Câu Hỏi Vì Sao - Con Người Và Công Nghệ,60000,60000,0,0.0,0,0,,Minh Long,Nhà Xuất Bản Phụ Nữ,,,,,Nhà Sách Vĩnh Thụy,available,1000,True,True,True
215916989,Thân Gửi Sở Thú (Tái bản năm 2021),79000,79000,0,0.0,0,0,Rod Campbell,NXB Hội Nhà Văn,Nhà Xuất Bản Hội Nhà Văn,,Bìa mềm,10.0,,HỆ THỐNG NHÀ SÁCH ABC,available,1000,True,True,True
212961242,Dragon Ball - Tập 24,25000,25000,0,0.0,0,0,Akira Toriyama,NXB Kim Đồng,Nhà Xuất Bản Kim Đồng,,Bìa mềm,188.0,,Nhà Sách Phương Nam,available,1000,True,False,True
212324462,Phiên Bản Kể Lại Đầy Lôi Cuốn Của Tác Phẩm Văn Học Kinh Điển - Đảo Giấu Vàng,45000,45000,0,0.0,0,0,nhieu tac gia,NXB Mỹ Thuật,Nhà Xuất Bản Mỹ Thuật,,Bìa mềm,32.0,,Nhà Sách Phương Nam,available,1000,True,False,True
212324397,Phiên Bản Kể Lại Đầy Lôi Cuốn Của Tác Phẩm Văn Học Kinh Điển - Phù Thủy Xứ Oz,45000,45000,0,0.0,0,0,nhieu tac gia,NXB Mỹ Thuật,Nhà Xuất Bản Mỹ Thuật,,Bìa mềm,32.0,,Nhà Sách Phương Nam,available,1000,True,False,True
207643835,Cherry Magic! - Tập 3,109000,109000,0,0.0,0,0,Yuu Toyota,NXB Hà Nội,Nhà Xuất Bản Hà Nội,,Bìa mềm,130.0,,Nhà Sách Phương Nam,available,1000,True,True,True
205704664,Một Nơi Của Riêng Tớ,45000,45000,0,0.0,0,0,Rebecca Crane,Nhà Xuất Bản Dân Trí,Nhà Xuất Bản Dân Trí,,Bìa mềm,28.0,,Nhà Sách Phương Nam,available,1000,True,True,True
196157613,100 TRUYỆN NGỤ NGÔN SONG NGỮ ANH - VIỆT HAY NHẤT (Bản in năm 2022),125000,125000,0,0.0,0,2,,Minh Long,Nhà Xuất Bản Mỹ Thuật,,Bìa mềm,208.0,2022-08-26,Nhà Sách Vĩnh Thụy,available,1000,True,True,True
171580778,Gieo Hạt Giống Thương Yêu - Bé Con Ngọt Ngào Của Mẹ,20000,20000,0,0.0,0,15,Caroline Jayne Church,Đinh Tị,Nhà Xuất Bản Hà Nội,,,,,Nhà sách Fahasa,available,1000,True,True,True
146270281,"Triết Học Tự Cổ Chí Kim - Trường Phái, Triết Gia, Thuật Ngữ Cùng Những Minh Họa Sống Động",125000,125000,0,0.0,0,0,Masato Tanaka,Nhà Xuất Bản Kim Đồng,Nhà Xuất Bản Kim Đồng,,,,,Bamboo Books,available,1000,True,True,True
114070329,Những Bộ Óc Vĩ Đại: Bác Học Hấp Dẫn Newton,65000,65000,0,0.0,0,0,,Alphabooks,Nhà Xuất Bản Dân Trí,,Bìa mềm,52.0,,Nhà Sách Vĩnh Thụy,available,1000,True,True,True
112723154,Truyện cho bé tập nói - Tái bản 2021,69000,69000,0,0.0,0,24,Diệu Mai (Biên soạn),Công Ty TNHH Văn Hóa Đông Tây,Nhà Xuất Bản Thanh Niên,,Bìa mềm,95.0,2021-07-13,Đông Tây,available,1000,True,True,True
109776157,Sách - Giáo Sư Mèo Siêu Việt: Du Hành Biển Thẳm (Bìa cứng),159000,199000,20,0.0,0,0,,Alphabooks,Nhà Xuất Bản Dân Trí,,,,,ETS Books,available,1000,True,True,True
84872884,Trong Mắt Bé - Tập 5 (Nào Ngắn Nào Dài),10000,10000,0,0.0,0,0,Nhiều tác giả,Nhà Xuất Bản Kim Đồng,Nhà Xuất Bản Kim Đồng,,,,,Nhà sách Fahasa,available,1000,True,True,True
44858370,Combo Chú Sâu Háu Ăn - The Very Hungry Caterpillar - Mẹ Có Phải Là Mẹ Của Con? Are You My Mother? (Bộ 2 cuốn),138000,138000,0,0.0,0,2,,Quảng Văn,,,,,,Nhà sách Nam Trung Yên,available,1000,True,True,True
24450761,COMBO 3 CUỐN: Picture Book Song Ngữ - Ngôi Nhà Say Ngủ+ Chuyến Đi Dạo Của Cô Gà Mái Rosie + Picture Book Song Ngữ - Mẹ Có Phải Là Mẹ Của Con? (TẶNG KÈM BOOKMARK),128350,128350,0,5.0,1,11,.,Quảng Văn,,,Bìa mềm,100.0,,Phương Đông Books,available,1000,True,True,True
12491180,Truyện loài vật ( Tái bản ),70000,70000,0,1.0,1,5,The Walt Disney,Nhà Sách 30 Hàn Thuyên,,,Bìa cứng,240.0,,Nhà sách 30 Hàn Thuyên,available,1000,True,True,True
548576,Combo Ehon - Thực Phẩm Tâm Hồn Cho Bé Trai - Các Phương Tiện Giao Thông (Trọn Bộ 4 Cuốn),196000,196000,0,5.0,1,10,Lời: Fumiko Takeshita - Tranh:  Mamoru Suzuki,Thái Hà,Nhà Xuất Bản Lao Động,,Bìa mềm,144.0,2016-09-29,Nhà Sách Vĩnh Thụy,available,1000,True,False,True
548571,Sách Ehon - Thực Phẩm Tâm Hồn Cho Bé - Xe Tuần Tra Cố Lên Nhé!,49000,49000,0,0.0,0,0,Lời: Fumiko Takeshita - Tranh:  Mamoru Suzuki,Thái Hà,Nhà Xuất Bản Lao Động,,Bìa mềm,36.0,2016-09-29,HỆ THỐNG NHÀ SÁCH ABC,available,1000,True,True,True
538256,Sách Gia Đình Thân Yêu,30600,38000,19,0.0,0,50,,Nhà Xuất Bản Kim Đồng,Nhà Xuất Bản Thanh Niên,,Bìa mềm,20.0,2016-08-18,Tiki Trading,available,1000,False,False,True
472102,Sách Thần Đồng Đất Việt (Tập 196) - Cuộc Chiến Thời Gian,15000,15000,0,5.0,5,79,,Phan Thị,,,Bìa mềm,,2016-02-02,Nhà sách Fahasa,available,1000,True,False,True
444765,Sách Cuộc Săn Lùng Quái Vật - Quái Vật Nanook,21000,35000,40,5.0,1,14,Adam Blade,Chibooks,Nhà Xuất Bản Văn Hóa - Văn Nghệ,,Bìa mềm,117.0,2015-08-17,NHÀ SÁCH CHIBOOKS,available,1000,True,True,True
279268907,Sách - Truyện Cổ Tích Việt Nam Dành Cho Thiếu Nhi - Sự Tích Bánh Chưng Bánh Giầy (Tái Bản 2025),12700,15000,15,0.0,0,0,"Minh Long,  Khánh Hòa",Minh Long,Nhà Xuất Bản Văn Học,,Bìa mềm,,2023-12-21,Nhà sách Fahasa,available,1000,True,True,True
279105446,Sách Văn Học Tuổi Hoa - Thương Nhớ Bằng Lăng,40000,50000,20,0.0,0,0,Lương Hạnh,Nhà Xuất Bản Kim Đồng,Nhà Xuất Bản Kim Đồng,,Bìa mềm,172.0,,Tiki Trading,available,1000,False,True,True
278880967,Combo Chuyện Nhà Mèo (7 Cuốn),308000,385000,20,0.0,0,0,Nicoletta Costa,Nhà Xuất Bản Kim Đồng,Nhà Xuất Bản Kim Đồng,,Bìa cứng,,,Tiki Trading,available,1000,False,True,True
278715972,"Sách - Truyện Hay Nhật Bản Cho Tuổi Tiểu Học - ""Cô Ma Xanh Lá""",44100,45000,2,0.0,0,0,nhieu tac gia,Nhà Xuất Bản Kim Đồng,Nhà Xuất Bản Kim Đồng,,Bìa mềm,,2023-12-21,Nhà sách Fahasa,available,1000,True,True,True
278710195,Sách Thỏ Con Muốn Nhảy Múa,48000,50000,4,0.0,0,1,Makiko Toyofuku,Nhà Xuất Bản Kim Đồng,Nhà Xuất Bản Kim Đồng,,Bìa mềm,36.0,,Tiki Trading,available,1000,False,True,True
277483597,Sách Nhím Charlie Tài Ba - Phiêu Lưu Nơi Đảo Xa,46000,50000,8,0.0,0,3,Nhiều tác giả,Nhà Xuất Bản Kim Đồng,Nhà Xuất Bản Kim Đồng,,Bìa mềm,96.0,2025-01-01,Tiki Trading,available,1000,False,True,True
275793540,Truyện tranh -Helck - THAIHABOOKS,71000,79000,10,0.0,0,0,,Thái Hà,Công Ty Cổ Phần Đầu Tư và Phát Hành Sách Hà Nội,,Bìa mềm,204.0,2024-07-30,THAIHABOOKS,available,1000,True,True,True
274639579,English Zoo - Ngày Tuyết Rơi - Snowy Day,80700,95000,15,0.0,0,1,,Tân Việt,nxb my thuat,,,,,Nhà sách Fahasa,available,1000,True,True,True
274302398,Trái Cây Đại Chiến Zombie - Thế Giới Khủng Long - Tập 11: Thợ Săn Đáy Biển (Tái Bản),82700,89000,7,0.0,0,4,Tiểu Giang Nam,Huy Hoàng Bookstore,Nhà Xuất Bản Phụ Nữ Việt Nam,,,,,Nhà sách Fahasa,available,1000,True,True,True
273670802,Tủ Sách Bồi Dưỡng Nhân Sách Cho Bé - Tự Lập,45600,48000,5,0.0,0,17,Huyền Linh,Cty Văn Hóa & Truyền Thông Trí Việt.,hong duc,,,,,Nhà sách Fahasa,available,1000,True,True,True
273565272,Ngày Xửa Ngày Xưa - Pinocchio - Bìa Cứng (Tái Bản 2023),63700,75000,15,0.0,0,1,Stefania Leonardi Hartley,Tân Việt,nxb my thuat,,,,,Nhà sách Fahasa,available,1000,True,True,True
273418801,Sách Nhật Kí Nghiên Cứu Những Chú Mèo Nổi Tiếng,74000,80000,8,0.0,0,3,"Jack Frogg, Lạc An",Kim Đồng,Nhà Xuất Bản Kim Đồng,,Bìa mềm,68.0,2023-11-25,Tiki Trading,available,1000,False,True,True
270438208,Sách Yêu Trái Đất Từ Những Việc Thật Gần,46000,50000,8,0.0,0,7,"Thu Ngân, Mai Ngọc Ánh",Kim Đồng,Nhà Xuất Bản Kim Đồng,,Bìa mềm,44.0,2023-07-21,Tiki Trading,available,1000,False,True,True
251983668,"Từ Vựng Đầu Đời Của Bé - Số Đếm, Màu Sắc, Hình Dạng",92600,109000,15,0.0,0,0,Nhiều tác giả,Tân Việt,nxb my thuat,,,,,Nhà sách Fahasa,available,1000,True,True,True
251872635,Sách Wolfoo Khám Phá Phép Tính,37800,59000,36,5.0,2,21,1980 Edu,1980 Books,Nhà Xuất Bản Dân Trí,,Bìa mềm,28.0,2023-04-04,Tiki Trading,available,1000,False,True,True
247566112,Từ Điển Bằng Tranh Dành Cho Trẻ Em - Thức Ăn,24200,25000,3,0.0,0,1,,Đinh Tị,Nhà Xuất Bản Hà Nội,,,,,Nhà sách Fahasa,available,1000,True,True,True
247566108,Từ Điển Bằng Tranh Dành Cho Trẻ Em - Quốc Kỳ,24200,25000,3,5.0,2,5,,Đinh Tị,Nhà Xuất Bản Hà Nội,,,,,Nhà sách Fahasa,available,1000,True,True,True
242881839,Nàng Tóc Mây - Rapunzel (Tái Bản),36000,45000,20,0.0,0,0,,Phụ Nữ,Nhà Xuất Bản Phụ Nữ Việt Nam,,,,,Nhà sách Fahasa,available,1000,True,True,True
217387174,Bé Chơi Cùng Mặt Trời,33200,35000,5,0.0,0,1,,Nhà Xuất Bản Kim Đồng,Nhà Xuất Bản Kim Đồng,,,,,Nhà sách Fahasa,available,1000,True,True,True
217207729,Những Kiến Thức Đầu Đời Cho Bé - Những Món Ăn Ngon,24200,25000,3,0.0,0,1,Lưu Kính Dư,Đinh Tị,Nhà Xuất Bản Hà Nội,,,,,Nhà sách Fahasa,available,1000,True,True,True
215914908,Vòng Quanh Thế Giới: Na Uy,11400,12000,5,5.0,1,30,Nguyễn Hào,Nhà Xuất Bản Kim Đồng,Nhà Xuất Bản Kim Đồng,,,,,Nhà sách Fahasa,available,1000,True,True,True
213886840,Tìm Kiếm Thông Minh - Phát Triển Khả Năng Tập Trung - Thế Giới Động Vật,37300,42000,11,0.0,0,19,Dolphin Media,Công ty cổ phẩn Xuất bản và Giáo dục Vizi,Nhà Xuất Bản Phụ Nữ Việt Nam,,,,,Nhà sách Fahasa,available,1000,True,True,True
204803619,"Sách Molly, Milly, Lilly - Câu Chuyện Trưởng Thành
Tập 3 Vịt Con Lạc Đường",13000,18000,28,5.0,2,17,Minh Thúy,Huy Hoàng Bookstore,Nhà Xuất Bản Đà Nẵng,,Bìa mềm,28.0,2022-11-11,Tiki Trading,available,1000,False,True,True
197062967,5 Phút Đọc Truyện Cùng Con Yêu - Câu Chuyện Về Những Chú Khủng Long,67100,79000,15,0.0,0,3,Melanie Joyce,Tân Việt,nxb my thuat,,,,,Nhà sách Fahasa,available,1000,True,True,True
192949642,Sách Tư Duy - Đố Bé Ở Sau Là Gì? - Màu Sắc (Song Ngữ Việt - Anh),39800,48000,17,0.0,0,1,Song Nghi,Cty Văn Hóa Việt Thư,Nhà Xuất Bản Phụ Nữ Việt Nam,,,,,Nhà sách Fahasa,available,1000,True,True,True
192949235,Cổ Tích Việt Nam Cho Bé - Con Cóc Là Cậu Ông Giời (Tái Bản 2022),19800,20000,1,0.0,0,20,"Hiếu Minh,  Phùng Nguyên Quang",Nhà Xuất Bản Kim Đồng,Nhà Xuất Bản Kim Đồng,,,,,Nhà sách Fahasa,available,1000,True,True,True
174321460,Tập Tục Quê Em - Phong Tục Cưới Hỏi (Tái Bản 2022),29700,30000,1,0.0,0,6,,Nhà Xuất Bản Kim Đồng,Nhà Xuất Bản Kim Đồng,,,,,Nhà sách Fahasa,available,1000,True,True,True
153922894,"Sách Bộ Song Ngữ 5 Cuốn Ứ Ừ Con Ghét (Việt-Anh) - Tập 5: Hóa Ra Côn Trùng Không Đáng Ghét, Mẹ Nhỉ?",39100,51000,23,5.0,1,15,"Alex Nguyễn, Ngọc Nguyễn",NXB Phụ Nữ Việt Nam,Nhà Xuất Bản Phụ Nữ Việt Nam,,Bìa mềm,36.0,2021-12-12,Tiki Trading,available,1000,False,True,True
137406940,Sách Ehon Kích Thích Thị Giác - Xin Chào Các Bạn Sinh Vật Biển! (Song ngữ Anh-Việt),36500,39000,6,0.0,0,2,,Nhà xuất bản Phụ Nữ,Nhà Xuất Bản Phụ Nữ,,Bìa mềm,25.0,,Play With Me,available,1000,True,True,True
113000511,Bộ Túi Truyện Cổ Tích Thần Tiên (Bộ 5 Cuốn) (Tái Bản 2021),46500,50000,7,0.0,0,1,"Vũ Kim Dũng, Phạm Ngọc Tuấn",Đông A,Nhà Xuất Bản Dân Trí,,,,,Nhà sách Fahasa,available,1000,True,True,True
106348421,Thiên Tài Khoa Học - Thợ Săn Hóa Thạch,42700,45000,5,0.0,0,0,Mary Anning,Cty Phan Thị,Nhà Xuất Bản Dân Trí,,,,,Nhà sách Fahasa,available,1000,True,True,True
88197270,Combo 6 cuốn picture book song ngữ: Nụ Hôn Trên Bàn Tay + Chester Dũng Cảm + Những Chiếc Túi Đầy Ắp Những Nụ Hôn + Gấu Mèo Chester Và Kẻ Bắt Nạt To Xác Xấu Xa + Nụ Hôn Tạm Biệt + Gấu Mèo Chester Và Quả Sồi Đong Đầy Kỉ Niệm.Tái bản 2021,409501,409501,0,4.3,6,47,,Quảng Văn,Nhiều Nhà Xuất Bản,,,,,Phương Đông Books,available,1000,True,True,True
67198101,Khát Vọng Non Sông - Triệu Thị Trinh Bão Lửa Chiến Trường,17000,26000,35,5.0,3,27,,VIETNAMBOOK,Nhà Xuất Bản Hà Nội,,Bìa gập,32.0,2020-05-22,VIETNAMBOOK,available,1000,True,True,True
64242705,Khát Vọng Non Sông - Sự Tích Trầu Cau,17000,26000,35,5.0,1,12,,VIETNAMBOOK,Nhà Xuất Bản Hà Nội,,Bìa gập,32.0,2020-05-12,VIETNAMBOOK,available,1000,True,True,True
58709686,Từ Điển Hình Ảnh Cho Bé - Phương Tiện Giao Thông,27900,30000,7,5.0,5,17,Chính Bình,Cty TNHH TM&DV VH GD Phía Nam,,,,,,Nhà sách Fahasa,available,1000,True,True,True
44172796,"Chuyện Trường, Chuyện Lớp - Tựu Trường Vui Vui Vui!",27400,28000,2,0.0,0,20,"Marta Fàbrega, Elisenda Castells",NXB Giáo Dục Việt Nam,,,,,,Nhà sách Fahasa,available,1000,True,False,True
3336545,Sách Trái Cây Đại Chiến Zombie Tập 9,75200,76000,1,0.0,0,0,,Huy Hoàng Bookstore,Nhà Xuất Bản Phụ Nữ,,Bìa mềm,,,Minhhabooks,available,1000,True,True,True
536351,Tranh Truyện Dân Gian Việt Nam - Cây Tre Trăm Đốt,19000,20000,5,5.0,1,369,.,Nhà Xuất Bản Kim Đồng,Nhà Xuất Bản Kim Đồng,,Bìa mềm,36.0,2016-07-11,Tiki Trading,available,1000,False,True,True
506865,Tủ Sách Biết Nói: Nhà Sư Và Người Hành Khất,14000,15000,7,0.0,0,1,Tiểu Giàu,Công Ty CP Văn Hóa Nhân Văn,,,Bìa mềm,16.0,2011-12-30,Nhân Văn,available,1000,True,True,True
441355,Sách Cuộc Săn Lùng Quái Vật - Nhân Mã Tagus,33000,35000,6,4.7,6,127,Adam Blade,Chibooks,Nhà Xuất Bản Văn Hóa - Văn Nghệ,,Bìa mềm,120.0,2015-07-13,Tiki Trading,available,1000,False,True,True
279170801,Sách Tết Tuổi Thơ: Tết Ở Chợ Lớn,33750,45000,25,0.0,0,0,"Lam Điền, Zy San",Nhà Xuất Bản Kim Đồng,Nhà Xuất Bản Kim Đồng,,Bìa mềm,36.0,,Tiki Trading,available,1000,False,True,True
278714828,Sách - Chuột Và Chũi - Bông Hoa Thuỷ Tiên,38000,40000,5,0.0,0,0,nhieu tac gia,Nhà Xuất Bản Kim Đồng,Nhà Xuất Bản Kim Đồng,,Bìa mềm,,2023-12-21,Nhà sách Fahasa,available,1000,True,True,True
278616810,Sách - Theo Chân Bác (Tái Bản 2025),58800,60000,2,0.0,0,1,nhieu tac gia,Nhà Xuất Bản Kim Đồng,Nhà Xuất Bản Kim Đồng,,Bìa mềm,,2023-12-21,Nhà sách Fahasa,available,1000,True,True,True
278153014,Sách - Thế Giới Của Thỏ Peter - Lộn Vòng Tròn,47500,50000,5,0.0,0,0,Rachel Bright,Nhà Xuất Bản Kim Đồng,Nhà Xuất Bản Kim Đồng,,Bìa mềm,,2023-12-21,Nhà sách Fahasa,available,1000,True,True,True
277933902,"(Combo 2 cuốn) GURU MEO MEO, GURU GÂU GÂU - Jamie Shelman - Ju Chan dịch - Thái Hà Books",188100,196000,4,0.0,0,2,nhieu tac gia,Thái Hà,Nhà Xuất Bản Công Thương,,Bìa mềm,164.0,,BÌNH BÁN BOOK,available,1000,True,True,True
277401696,Chuyện Của Ếch Xanh - Ếch Xanh Có Bạn Mới - Alpha Books,47000,59000,20,0.0,0,0,,Alpha Books,NXB Dân Trí,,Bìa mềm,,,Alpha Books Official,available,1000,True,True,True
276834069,Sách cho bé - Mẹ Yêu Con Hơn Cả... - Sách tranh - Dành cho trẻ 2-6 tuổi,33120,36000,8,0.0,0,3,Marcy Kelman,Vizibook,Nhà Xuất Bản Phụ Nữ Việt Nam,,Bìa mềm,30.0,2022-06-01,Vizibook,available,1000,True,True,True
275605635,[Combo 3 Cuốn mới nhất 2024 – In màu toàn bộ] ASTERIX (Astérix - Chiếc Khiên Arverne; Astérix Và Cái Vạc và Astérix Ở Thế Vận Hội) –NXB Kim Đồng,240000,240000,0,5.0,2,6,Rene Goscinny,Kim Đồng,Nhà Xuất Bản Kim Đồng,,Bìa mềm,156.0,,Bamboo Books,available,1000,True,True,True
275469297,"Danh Tác Muôn Thuở - 2 Vạn Dặm Dưới Biển Hay Thuyền Trưởng Nemo, Tàu Nautilus Và Những Bí Ẩn Khác Trong Lòng Đại Dương",48000,50000,4,0.0,0,1,"Jules Verne , Antonis Papatheodoulou, Iris Samartzi",Kim Đồng,Nhà Xuất Bản Kim Đồng,,Bìa mềm,36.0,,Nhân Văn,available,1000,True,True,True
274776987,Vun Đắp Tâm Hồn - Tiệm Bánh Của Thỏ Mina,49000,50000,2,0.0,0,0,Huỳnh Lý,Nhà Xuất Bản Kim Đồng,Nhà Xuất Bản Kim Đồng,,,,,Nhà sách Fahasa,available,1000,True,True,True
274644672,Tranh Truyện Dân Gian Việt Nam - Của Thiên Trả Địa (Tái Bản 2024),17000,20000,15,0.0,0,0,"Hồng Hà,  Tô Chiêm",Nhà Xuất Bản Kim Đồng,Nhà Xuất Bản Kim Đồng,,,,,Nhà sách Fahasa,available,1000,True,True,True
273879078,Những Cuộc Phiêu Lưu Kì Thú - Đi Tìm Người Khổng Lồ,38000,40000,5,0.0,0,8,Astrid Sheckels,Nhà Xuất Bản Kim Đồng,Nhà Xuất Bản Kim Đồng,,,,,Nhà sách Fahasa,available,1000,True,True,True
273620979,Khò Khò Khò! Ai Ngáy To Thế Nhỉ?,35100,39000,10,0.0,0,1,Michael Rosen,Đinh Tị,Nhà Xuất Bản Văn Học,,,,,Nhà sách Fahasa,available,1000,True,False,True
271950193,Sách tranh song ngữ Thiên nhiên diệu kỳ - Dành cho bé 0-6 tuổi - Ehomebooks,179000,179000,0,0.0,0,0,Hanako Clulow,Quảng Văn,Nhà Xuất Bản Phụ Nữ Việt Nam,,Bìa mềm,80.0,,Mộc Nhiên Kids Store,available,1000,True,True,True
271781138,Trái Cây Đại Chiến Zombie - Thế Giới Khủng Long - Tập 1: Chiến Binh Mạo Hiểm (Tái Bản),82700,89000,7,0.0,0,0,Tiểu Giang Nam,Huy Hoàng Bookstore,Nhà Xuất Bản Phụ Nữ Việt Nam,,,,,Nhà sách Fahasa,available,1000,True,True,True
270845319,Sách Chuyển Động - First Stories - Công Chúa Tóc Mây - Rapunzel - Bìa Cứng,107100,119000,10,0.0,0,2,Nhiều tác giả,Đinh Tị,nxb thanh nien,,,,,Nhà sách Fahasa,available,1000,True,True,True
270302174,Sách Cùng Bé Lớn Khôn – Berry Và Dolly - Đi Học Thật Là Vui,86400,96000,10,0.0,0,0,,Phương Nam Book,Nhà Xuất Bản Phụ Nữ,,Bìa cứng,56.0,,PHƯƠNG NAM BOOK,available,1000,True,True,True
269946894,Vòng Đời Kỳ Diệu - Sâu Nhỏ Hóa Bướm,62500,68000,8,0.0,0,7,,Công ty cổ phẩn Xuất bản và Giáo dục Vizi,Nhà Xuất Bản Phụ Nữ Việt Nam,,,,,Nhà sách Fahasa,available,1000,True,True,True
263303855,"Truyện Cổ Tích Việt Nam Hay Nhất Bằng Tranh Cho Bé - Cây Khế, Sọ Dừa",23700,25000,5,0.0,0,4,Mai Hương,Fahasa,Nhà Xuất Bản Phụ Nữ Việt Nam,,,,,Nhà sách Fahasa,available,1000,True,True,True
253089401,Tranh Truyện Lịch Sử Việt Nam: Ngô Sĩ Liên (Tái Bản 2023),18400,20000,8,0.0,0,3,"Hiếu Minh,  Lê Minh Hải",Nhà Xuất Bản Kim Đồng,Nhà Xuất Bản Kim Đồng,,,,,Nhà sách Fahasa,available,1000,True,True,True
248880689,Thế Giới Của Peppa - Giáng Sinh Hoàn Hảo,28500,30000,5,5.0,1,4,Nhiều tác giả,Nhà Xuất Bản Kim Đồng,Nhà Xuất Bản Kim Đồng,,,,,Nhà sách Fahasa,available,1000,True,True,True
222723607,Từ Điển Bằng Tranh - Phương Tiện Giao Thông (Tái Bản 2023),94300,115000,18,0.0,0,1,Phan Minh Đạo,Nhà sách Minh Thắng,NXB Dân Trí,,,,,Nhà sách Fahasa,available,1000,True,True,True
214753037,Truyện Tranh Khoa Học Về Các Loài Côn Trùng - Người Bạn Đáng Ngờ - Đom Đóm,53900,58000,7,0.0,0,23,Lưu Tiểu Muội,Đinh Tị,nxb thanh nien,,,,,Nhà sách Fahasa,available,1000,True,True,True
214730910,Cùng Bố Khám Phá Thế Giới - Truy Tìm Dấu Vết Thỏ Mặt Trăng,52800,55000,4,0.0,0,0,Bảo Ngọc,Fahasa,Nhà Xuất Bản Văn Học,,,,,Nhà sách Fahasa,available,1000,True,True,True
205573895,Classic Stories - Những Câu Chuyện Kinh Điển Dành Cho Trẻ Em (Sách tranh song ngữ Việt-Anh),156000,156000,0,0.0,0,4,nhieu tac gia,Nhà Xuất Bản Thanh Niên,Nhà Xuất Bản Thanh Niên,,Bìa mềm,144.0,,Nhà Sách Phương Nam,available,1000,True,True,True
198192451,Chuyện Mẹ Con - Gọi Mẹ,24000,30000,20,0.0,0,0,Mai Thị Việt Thắng,Phụ Nữ,Nhà Xuất Bản Phụ Nữ Việt Nam,,,,,Nhà sách Fahasa,available,1000,True,True,True
192949282,Cổ Tích Việt Nam Cho Bé - Sơn Tinh - Thuỷ Tinh (Tái Bản 2022),19400,20000,3,0.0,0,12,"Hiếu Minh,  Cloud Pillow",Nhà Xuất Bản Kim Đồng,Nhà Xuất Bản Kim Đồng,,,,,Nhà sách Fahasa,available,1000,True,True,True
182149667,Ehon Chơi Cùng Momo - Chú Bé Quả Đào - Nhào Bùn Cùng Momo (Tái Bản 2022),44500,49000,9,5.0,1,6,Kazuhiko Toyota,Thái Hà,Nhà Xuất Bản Lao Động,,,,,Nhà sách Fahasa,available,1000,True,True,True
180999692,Truyện Cổ Tích Việt Nam - Tấm Cám (Song Ngữ Việt - Anh),16000,16000,0,0.0,0,11,Thuỳ Dương,Đinh Tị,Nhà Xuất Bản Thanh Niên,,,,,Nhà sách Fahasa,available,1000,True,True,True
180749685,Công Chúa Tiên Ốc,24500,25000,2,0.0,0,2,Phan Thị,Cty Phan Thị,Nhà Xuất Bản Văn Học,,,,,Nhà sách Fahasa,available,1000,True,True,True
180539871,Combo Sách Song Ngữ Anh -Việt  Thú Vị Cho Bé Yêu: Truyện cổ tích Việt Nam (5Q) / Tặng Poster Ngộ Nghĩnh ,79500,79500,0,0.0,0,3,,Nhiều công ty phát hành,Nhiều Nhà Xuất Bản,,,,,Phương Đông Books,available,1000,True,True,True
171585524,Bé Yêu Cả Nhà - Con Yêu Bố Lắm,33200,35000,5,0.0,0,5,Ngụy Hiểu Hy,Đinh Tị,Nhà Xuất Bản Hà Nội,,,,,Nhà sách Fahasa,available,1000,True,True,True
160449463,Bộ truyện tranh Cổ Oai ơi! Tập 13-14-15-Sáng Tạo,170000,170000,0,5.0,13,139,BS. Trần Thị Huyên Thảo,Công ty TNHH Phòng khám Happy Baby,Nhà Xuất Bản Tổng hợp TP.HCM,,Bìa mềm,24.0,2021-12-09,HAPPY BABY BOOKS,available,1000,True,True,True
137375039,Sách Sách Đa Tương Tác Kích Thích Thị Giác Cho Bé - Vừa Chạm Vừa Chơi,185250,195000,5,0.0,0,1,,Công ty cổ phần Muki Việt Nam,Nhà Xuất Bản Phụ Nữ,,Bìa cứng,12.0,,Cá Chép Bookstore,available,1000,True,True,True
90148749,Hai Anh Em Và Cá Thần,39000,58000,33,0.0,0,0,,Công Ty Cổ Phần Tri thức Văn Hóa Sách Việt Nam,Dreamland Publications,,Bìa mềm,32.0,2021-04-09,VIETNAMBOOK,available,1000,True,True,True
80959962,Vòng Quanh Thế Giới: Nepal,11400,12000,5,5.0,4,79,"Nguyễn Hào,  Nguyên Hào, Tuấn Huỳnh",Nhà Xuất Bản Kim Đồng,Nhà Xuất Bản Kim Đồng,,,,,Nhà sách Fahasa,available,1000,True,True,True
64341820,Khát Vọng Non Sông - Tài Đối Đáp Của Trạng Nguyên Nguyễn Hiền Với Sứ Phương Bắc,17000,26000,35,5.0,1,20,,VIETNAMBOOK,Nhà Xuất Bản Hà Nội,,Bìa gập,32.0,2020-05-12,VIETNAMBOOK,available,1000,True,True,True
50361515,Cẩm Nang Tự Lập Tuổi Mẫu Giáo - Dũng Cảm Đi Khám Bệnh,27400,28000,2,5.0,1,25,"Frank Remkiewicz, Jonathan London",Cty Mĩ Thuật & Truyền Thông (ADC),Nhà Xuất Bản Giáo Dục Việt Nam,,,,,Nhà sách Fahasa,available,1000,True,True,True
49564292,Cổ Tích Việt Nam Cho Bé Mẫu Giáo - Ai Mua Hành Tôi (Tái Bản 2020),19400,20000,3,0.0,0,14,"Hiếu Minh, Phùng Nguyên Quang",Nhà Xuất Bản Kim Đồng,Nhà Xuất Bản Kim Đồng,,Bìa mềm,20.0,,Nhà sách Fahasa,available,1000,True,True,True
507169,Sách Anh Hùng Việt Nam: Trần Văn Đang - Biệt Động Sài Gòn,14000,15000,7,5.0,2,21,Tiểu Giàu,Công Ty CP Văn Hóa Nhân Văn,,,Bìa mềm,16.0,2011-12-30,Nhân Văn,available,1000,True,True,True
278670919,Bảy Chú Ếch Con - 5 Chủ Bảy Chú Ếch Con - 5 Chủ Đề,40000,40000,0,0.0,0,0,nhieu tac gia,NXB Kim Đồng,Nhà Xuất Bản Kim Đồng,,Bìa mềm,32.0,,Nhân Văn,available,1000,True,True,True
278125069,Sách Người Bạn Của Trái Tim,54000,55000,2,0.0,0,0,Élodie Duhameau,Nhà Xuất Bản Kim Đồng,Nhà Xuất Bản Kim Đồng,,Bìa mềm,36.0,,Tiki Trading,available,1000,False,True,True
278037231,"Sách Hươu Cao Cổ, Chim Bồ Nông Và Tôi (Tái Bản 2025)",36800,40000,8,0.0,0,8,"Roald Dahl, Quentin Blake",Nhà Xuất Bản Kim Đồng,Nhà Xuất Bản Kim Đồng,,Bìa mềm,32.0,2025-05-30,Tiki Trading,available,1000,False,True,True
277865158,Những Cuộc Phiêu Lưu Của Pinocchio - Câu Chuyện Về Một Chú Rối Gỗ - Bản Quyền,123000,123000,0,0.0,0,0,Carlo Collodi,Nhã Nam,Nhà Xuất Bản Hội Nhà Văn,,Bìa mềm,264.0,2025-04-25,FishingBook,available,1000,True,True,True
277846275,(Tập 1) TÂY DU LẦY LỘI KÝ - Trần Lỗi - Nhượng Lê dịch – Nhã Nam,205000,205000,0,0.0,0,0,,Nhã Nam,Nhà Xuất Bản Hội Nhà Văn,,Bìa mềm,,,BÌNH BÁN BOOK,available,1000,True,True,True
274686509,Người hùng mang ngàn gương mặt (Bìa cứng) - Bản Quyền,269000,269000,0,0.0,0,0,Joseph Campbell,Nhã Nam,NXB Dân Trí,,Bìa mềm,514.0,2024-04-05,HỆ THỐNG NHÀ SÁCH ABC,available,1000,True,True,True
274497165,Thiên Nhiên Kỳ Thú - Trĩ Sao Thi Tài,16700,18000,7,0.0,0,0,Hồ Huy Sơn,NXB Trẻ,NXB Trẻ,,,,,Nhà sách Fahasa,available,1000,True,True,True
274123131,Sách - World of Science (Lẻ Tùy Chọn),54560,62000,12,0.0,0,0,,Zenbooks,NXB Dân Trí,,Bìa mềm,80.0,,Đảo Sách Store,available,1000,True,True,True
274053067,Sách Lắng nghe cảm xúc,20000,25000,20,0.0,0,22,"Courtney Carbone, Hilli Kushnir",NXB Trẻ,NXB Trẻ,,Bìa mềm,32.0,2024-01-24,Tiki Trading,available,1000,False,True,True
274028893,Chú Già Nuôi Mèo Ú - Tập 7 (Tái bản năm 2024),50000,50000,0,0.0,0,0,Umi Sakurai,NXB Kim Đồng,Nhà Xuất Bản Kim Đồng,,Bìa mềm,164.0,,Nhà Sách Phương Nam,available,1000,True,True,True
273596513,Sách Lại chuyện xóm gà - Pitikok và nàng gà trắng,47500,50000,5,0.0,0,0,"Christian Jolibois, Christian Heinrich",Nhã Nam,Nhà Xuất Bản Hà Nội,,Bìa mềm,28.0,2023-11-17,Sống Official,available,1000,True,True,True
273509116,Lại Chuyện Xóm Gà - Pitikok Và Mặt Trăng Ủ Ê,46500,50000,7,0.0,0,2,Christian Jolibois,Nhã Nam,Nhà Xuất Bản Hà Nội,,,,,Nhà sách Fahasa,available,1000,True,True,True
272048063,One Piece - Tập 6,25000,25000,0,0.0,0,0,Eiichiro Oda,NXB Kim Đồng,Nhà Xuất Bản Kim Đồng,,Bìa mềm,192.0,,Nhà Sách Phương Nam,available,1000,True,True,True
272047728,Tranh Truyện Lịch Sử Việt Nam - Lý Nam Đế (Tái Bản 2023),18400,20000,8,0.0,0,7,Tạ Huy Long,Nhà Xuất Bản Kim Đồng,Nhà Xuất Bản Kim Đồng,,,,,Nhà sách Fahasa,available,1000,True,True,True
271231122,Tranh Truyện Lịch Sử Việt Nam - Trần Hưng Đạo (Tái Bản 2023),18400,20000,8,0.0,0,1,Nguyễn Bích,Nhà Xuất Bản Kim Đồng,Nhà Xuất Bản Kim Đồng,,,,,Nhà sách Fahasa,available,1000,True,True,True
252636986,Sách - Bộ Phát triển trí tuệ cảm xúc - Gấu ơi con lo lắng đến chừng nào?,50000,50000,0,0.0,0,0,Jayneen Sanders,Nhã Nam,Nhà Xuất Bản Dân Trí,,Bìa mềm,40.0,2020-12-23,HỆ THỐNG NHÀ SÁCH ABC,available,1000,True,True,True
248650674,Sách Bé Học Yêu Thương Và Chia Sẻ: Bảy Bông Hoa Của Gấu Con - Câu Chuyện Ngọt Ngào Về Sự Quan Tâm Và Chia Sẻ,27000,35000,23,0.0,0,3,"Đào Trung Uyên, Minh Đức",NXB Trẻ,NXB Trẻ,,Bìa mềm,32.0,2023-03-31,Tiki Trading,available,1000,False,True,True
247662295,Thế Giới Của Peppa - Peppa Yêu Trái Đất,40000,40000,0,0.0,0,1,Nhiều tác giả,NXB Kim Đồng,Nhà Xuất Bản Kim Đồng,,Bìa mềm,,,Bamboo Books,available,1000,True,True,True
214493520,Sách Thế Giới Của Peppa - Peppa Đi Vòng Quanh Thế Giới,36800,40000,8,5.0,1,14,Nhiều tác giả,NXB Kim Đồng,Nhà Xuất Bản Kim Đồng,,Bìa mềm,32.0,2023-01-01,Tiki Trading,available,1000,False,True,True
214493465,Sách Thế Giới Của Peppa - Bong Bóng Xà Phòng,30000,30000,0,0.0,0,0,Nhiều tác giả,NXB Kim Đồng,Nhà Xuất Bản Kim Đồng,,Bìa mềm,24.0,2023-01-01,Bamboo Books,available,1000,True,True,True
213997927,Dragon Ball - Tập 27,25000,25000,0,0.0,0,0,Akira Toriyama,NXB Kim Đồng,Nhà Xuất Bản Kim Đồng,,Bìa mềm,192.0,,Nhà Sách Phương Nam,available,1000,True,True,True
212323925,Dragon Ball - Tập 30,25000,25000,0,0.0,0,0,Akira Toriyama,NXB Kim Đồng,Nhà Xuất Bản Kim Đồng,,Bìa mềm,192.0,,Nhà Sách Phương Nam,available,1000,True,False,True
208289690,Sách Bạch Tuộc Bé Bão,41005,59000,31,0.0,0,7,"Coralie Saudo, Grégoire Mabire",Nhã Nam,Nhà Xuất Bản Hà Nội,,Bìa mềm,32.0,2022-12-12,Tiki Trading,available,1000,False,True,True
207389101,Sách thơ cho bé - Bộ 03 cuốn Việt Nam Quê Mình - Dành cho bé 0-3 tuổi - Lionbooks,112000,120000,7,0.0,0,15,,CÔNG TY TNHH LIONBOOKS VIỆT NAM,Nhà Xuất Bản Dân Trí,,Bìa mềm,28.0,,Mộc Nhiên Kids Store,available,1000,True,True,True
205595207,Danh Tác Thế Giới - Don Quixote,40000,40000,0,0.0,0,0,, NXB Kim Đồng,Nhà Xuất Bản Kim Đồng,,Bìa mềm,208.0,,Bamboo Books,available,1000,True,True,True
196292026,Sách Những câu chuyện vàng (túi 6 cuốn),75000,120000,38,0.0,0,1,Minh Long,Minh Long,Nhà Xuất Bản Mỹ Thuật,,Bìa mềm,23.0,2022-06-24,Tiki Trading,available,1000,True,True,True
194183533,Bé Học Lễ Giáo - Bubu 03: Nhận Lỗi (Tái Bản 2022),15000,15000,0,5.0,1,49,Nhiều tác giả,NXB Trẻ,NXB Trẻ,,,,,Nhà sách Fahasa,available,1000,True,True,True
192475878,"Sách Khám Phá Đến Nơi, Du Hành Đến Chốn (Hỏi Đáp Về Vũ Trụ Dành Cho Độc Giả Từ 9-109 Tuổi)",118000,118000,0,0.0,0,0,"Bertrand Fichou, Pascal Lemaitre",Nhã Nam,Nhà Xuất Bản Thế Giới,,Bìa mềm,78.0,2022-07-07,info book,available,1000,True,True,True
190502206,Cổ Tích Việt Nam Cho Bé - Tấm Cám (Tái Bản 2022),19400,20000,3,5.0,1,30,"Kim Ngọc,  Cloud Pillow",Nhà Xuất Bản Kim Đồng,Nhà Xuất Bản Kim Đồng,,,,,Nhà sách Fahasa,available,1000,True,True,True
186495708,Truyện Cổ Tích Việt Nam - Cây Khế (Song Ngữ Việt - Anh),16000,16000,0,0.0,0,9,Thuỳ Dương,Đinh Tị,Nhà Xuất Bản Thanh Niên,,,,,Nhà sách Fahasa,available,1000,True,True,True
129767994,Sách Thỏ Peter - Chuyện Bây Giờ Mới Kể: Nhà Vô Địch Peter (Tái Bản 2021),69000,75000,8,5.0,10,67,"Emma Thompson, Eleanor Taylor",NXB Kim Đồng,Nhà Xuất Bản Kim Đồng,,Bìa mềm,64.0,2021-10-01,Tiki Trading,available,1000,False,True,True
94301965,"GIÁO DỤC GIỚI TÍNH NHI ĐỒNG - BỐ MẸ ƠI, CON TỪ ĐÂU TỚI",52000,52000,0,0.0,0,0,,Nhã Nam,Nhà Xuất Bản Hà Nội,,,,,info book,available,1000,True,True,True
86876544,Sách Lịch Sử Việt Nam Bằng Tranh: Chiến Thắng Quân Nguyên Mông Lần 2 (Bản Màu),142200,158000,10,0.0,0,5,Trần Bạch Đằng (chủ biên),NXB Trẻ,NXB Trẻ,,Bìa mềm,94.0,2021-03-01,Nhà sách Fahasa,available,1000,True,True,True
46253701,Sách GOOSEBUMPS – Nổi Da Gà: Vùng Đất Kinh Hoàng,62000,62000,0,0.0,0,0,R.L. Stine,Nhã Nam,Nhà Xuất Bản Hội Nhà Văn,,Bìa mềm,152.0,2019-12-01,Nhà Sách Vĩnh Thụy,available,1000,True,True,True
504743,Sách Chú Chuột Trả Ơn,12750,15000,15,0.0,0,7,.,NXB Trẻ,NXB Trẻ,,,100.0,2016-05-25,Nhà Xuất Bản Trẻ,available,1000,True,True,True
474239,Sách Yu Yu Và Các Bạn - Món Quà Cho Yu Yu,10200,11000,7,0.0,0,5,Kim Hằng,NXB Trẻ,,,Bìa mềm,16.0,2016-02-25,Nhà sách Fahasa,available,1000,True,True,True
437420,Tranh Truyện Danh Nhân Lịch Sử Việt Nam - Cao Thắng Anh Hùng Chế Súng,25500,30000,15,0.0,0,2,Đỗ Biên Thùy,NXB Trẻ,NXB Trẻ,,Bìa mềm,24.0,2015-06-15,Nhà Xuất Bản Trẻ,available,1000,True,True,True
434229,Sách Những Cuộc Phiêu Lưu Của Dabo (Tập 2) - Báu Vật Trong Đền Cổ,39200,40000,2,0.0,0,6,Ngô Quang Lập,NXB Trẻ,NXB Trẻ,,Bìa mềm,43.0,2015-03-26,Nhà sách Fahasa,available,1000,True,True,True
373354,100 Truyện Cổ Tích Thế Giới,90000,90000,0,0.0,0,0,Ngọc Anh,Minh Long,Nhà Xuất Bản Văn Hoá Thông Tin,,Bìa mềm,,2012-06-04,Nhà Sách Vĩnh Thụy,available,1000,True,True,True
355602,Sách Lịch Sử Việt Nam Bằng Tranh Tập 50: Chúa Sãi - Chúa Thượng,31000,35000,11,0.0,0,0,Trần Bạch Đằng,NXB Trẻ,,,Bìa mềm,100.0,2010-06-27,Tiki Trading,available,1000,False,False,True
278957945,Sách - Lịch Sử Việt Nam Bằng Tranh - Tây Sơn Khởi Nghiệp - Bản Màu - Bìa Cứng,148800,155000,4,0.0,0,0,nhieu tac gia,NXB Trẻ,NXB Trẻ,,Bìa mềm,,2023-12-21,Nhà sách Fahasa,available,1000,True,True,True
278380058,Sách Ngủ Ấm Ngủ Êm,46000,50000,8,0.0,0,0,"Steven J. Simmons, Clifford R. Simmons, Ruth E. Harper",Nhà Xuất Bản Kim Đồng,Nhà Xuất Bản Kim Đồng,,Bìa mềm,36.0,,Tiki Trading,available,1000,False,True,True
278158847,Sách Kích Thích Trí Tưởng Tượng Cho Bé,20900,22000,5,0.0,0,1,Nhiều tác giả,NXB Kim Đồng,Nhà Xuất Bản Kim Đồng,,Bìa mềm,20.0,,Tiki Trading,available,1000,False,True,True
276829076,Sách cho bé - Vì Sao Con Gái Cần Bố - Tác giả Gregory E. Lang - Sách tranh,51520,56000,8,0.0,0,0,nhieu tac gia,Vizibook,Nhà Xuất Bản Phụ Nữ Việt Nam,,Bìa mềm,40.0,2024-01-01,Vizibook,available,1000,True,True,True
276501460,Sách - Con yêu bố chừng nào (Nhã Nam HCM),69520,79000,12,0.0,0,0,"Sam McBratney, Anita Jeram",Nhã Nam,Nhà Xuất Bản Hội Nhà Văn,,Bìa mềm,32.0,2021-11-01,Nhã Nam HCM,available,1000,True,True,True
275422536,Truyện Cáo Bốn Phương - Những Truyện Cổ Kì Thú Về Loài Cáo,68000,68000,0,0.0,0,0,,Kim Đồng,Nhà Xuất Bản Kim Đồng,,Bìa mềm,64.0,,Bamboo Books,available,1000,True,True,True
275008262,Sách - Combo Bé Học Giao Tiếp - Bộ 8 cuốn giấy Bồi cứng,384000,384000,0,0.0,0,3,,CÔNG TY TNHH LIONBOOKS VIỆT NAM,Nhà Xuất Bản Hà Nội,,Bìa cứng,20.0,,Casa Sunshine,available,1000,True,True,True
273281870,Gợi Mở Trí Tưởng Tượng: Chú Khủng Long Đi Lạc - Một Câu Chuyện Về Điều Kỳ Diệu Của Tình Bạn,35000,35000,0,0.0,0,0,Fuu J,NXB Trẻ,NXB Trẻ,,,,,Bamboo Books,available,1000,True,True,True
273134550,Truyền Thuyết Về Cội Nguồn Các Dân Tộc: Tìm Đất Dựng Mường,30000,30000,0,0.0,0,0,"Cá - Tammy Do, Mai Quyên",Nhà xuất bản Phụ Nữ,Nhà Xuất Bản Phụ Nữ Việt Nam,,Bìa mềm,40.0,2023-11-30,An Lạc,available,1000,True,True,True
272620496,Truyện Ehon bé 3-4-5 tuổi - Bộ 3 cuốn Mèo Rukkio và Furifuri,143000,143000,0,5.0,3,9,Naoko Shono,Công ty TNHH More Production Việt Nam,Nhà Xuất Bản Thế Giới,,Bìa mềm,,,Mọt sách Mogu,available,1000,True,True,True
271119015,Truyện tranh Combo 2 tập Conan: Mê cung trong thành phố cổ (Hoạt hình màu) - Kim Đồng,132000,132000,0,0.0,0,1,,CÔNG TY TNHH THƯƠNG MẠI SÁCH NHÂN DÂN,Nhà Xuất Bản Kim Đồng,,Bìa mềm,,,Bamboo Books,available,1000,True,True,True
270744302,Who? - Chuyện Kể Về Danh Nhân Thế Giới - Gregor Mendel,48000,60000,20,0.0,0,0,Kim Hyunsu,NXB Kim Đồng,Nhà Xuất Bản Kim Đồng,,Bìa mềm,172.0,,Nhà Sách Phương Nam,available,1000,True,True,True
270300715,Who? - Chuyện Kể Về Danh Nhân Thế Giới - Alexander Fleming,48000,60000,20,0.0,0,4,Lee Jongwon,NXB Kim Đồng,Nhà Xuất Bản Kim Đồng,,Bìa mềm,176.0,,Nhà Sách Phương Nam,available,1000,True,True,True
262074637,Thế giới của Peppa - Giày mới,30000,30000,0,0.0,0,1,nhieu tac gia, NXB Kim Đồng,Nhà Xuất Bản Kim Đồng,,Bìa mềm,24.0,2023-05-28,Bamboo Books,available,1000,True,True,True
252062267,Quản Trị Tiền Bạc Từ Nhỏ - Tìm Việc Làm Không Dễ,35300,38000,7,0.0,0,0,Tống Hải Đông,Nhã Nam,NXB Dân Trí,,,,,Nhà sách Fahasa,available,1000,True,True,True
252024874,Combo Hành Trang Tâm Lí Cho Bé Vào Lớp 1 (6 Cuốn),174000,192000,9,0.0,0,20,"He Jie, Lu Sha Sha, Chen Yong",NXB Kim Đồng,Nhà Xuất Bản Kim Đồng,,Bìa mềm,36.0,2023-04-15,Tiki Trading,available,1000,False,True,True
242411287,Đến Thăm Thành Phố Của Em: Bắc Ninh - Ngọt Ngào Quan Họ,24700,25000,1,0.0,0,6,Võ Mai Chi,NXB Trẻ,NXB Trẻ,,,,,Nhà sách Fahasa,available,1000,True,True,True
214841386,Ehon Nhật Bản - Con Tự Ngủ Một Mình Được Rồi!,42000,42000,0,0.0,0,1,,NXB Phụ Nữ,Nhà Xuất Bản Phụ Nữ,,Bìa mềm,32.0,,info book,available,1000,True,True,True
214493506,Sách Thế Giới Của Peppa - Peppa Yêu Quý Bác Sĩ Và Y Tá,39200,40000,2,0.0,0,11,Nhiều tác giả,NXB Kim Đồng,Nhà Xuất Bản Kim Đồng,,Bìa mềm,32.0,2023-01-01,Tiki Trading,available,1000,False,True,True
214493495,Thế Giới Của Peppa - Peppa Đến Nhà Sách,40000,40000,0,0.0,0,0,Nhiều tác giả,NXB Kim Đồng,Nhà Xuất Bản Kim Đồng,,Bìa mềm,32.0,2023-01-01,Bamboo Books,available,1000,True,True,True
212326369,Danh Tác Thế Giới - Đảo Giấu Vàng,40000,40000,0,0.0,0,3,Neung In Publishing Company,NXB Kim Đồng,Nhà Xuất Bản Kim Đồng,,Bìa mềm,208.0,,Nhà Sách Phương Nam,available,1000,True,True,True
209603458,Bé Học Lễ Giáo - Tập 24: Bubu Giúp Mẹ (2022),15000,15000,0,5.0,1,30,Nhiều tác giả,NXB Trẻ,NXB Trẻ,,,,,Nhà sách Fahasa,available,1000,True,True,True
207652740,Lênh Đênh Theo Dòng Xanh,78000,78000,0,0.0,0,1,Magnus Weightman,NXB Kim Đồng,Nhà Xuất Bản Kim Đồng,,Bìa mềm,32.0,,Bamboo Books,available,1000,True,True,True
203844922,Sách - Gi gỉ gì gi cái gì cũng biết - Dành cho lớp 2,108000,108000,0,0.0,0,0,,Không có,Không có,,,,,SÁCH ĐẠI NAM,available,1000,True,True,True
202239558,Người Bà Tài Giỏi Vùng Saga - Tập 9 - Tặng Kèm Postcard _SKy,52000,52000,0,0.0,0,0,,Skybooks,Nhà Xuất Bản Phụ Nữ Việt Nam,,Bìa mềm,194.0,,info book,available,1000,True,True,True
199969275,Ai Thả Các Thần Ra?,168200,179000,6,0.0,0,2,Maz Evans,Nhã Nam,Nhà Xuất Bản Hội Nhà Văn,,,,,Nhà sách Fahasa,available,1000,True,True,True
190608773,Chang Hoang Dã - Gấu,175000,175000,0,0.0,0,0,,Kim Đồng,oem,,Bìa mềm,,,Bamboo Books,available,1000,True,False,True
171580830,Phát Triển Khả Năng Tư Duy (4-6 Tuổi) - Tái Bản 2021,45000,45000,0,0.0,0,0,Tiểu Hồng Hoa,Phụ Nữ,Nhà Xuất Bản Phụ Nữ Việt Nam,,,,,HỆ THỐNG NHÀ SÁCH ABC,available,1000,True,True,True
168654380,Sách Gieo Mầm Tính Cách Cho Bé Yêu - Nhường Nhịn,23000,30000,23,5.0,4,44,Hà Yên,NXB Trẻ,NXB Trẻ,,Bìa mềm,40.0,2022-01-01,Tiki Trading,available,1000,False,True,True
167393877,Sách Phát Triển Tư Duy Và Ngôn Ngữ Cho Bé - Truyện Đọc Bằng Hình Ảnh - Truyện Ngụ Ngôn Thế giới đặc sắc tập 1 ( bc),98000,98000,0,0.0,0,2,Nhã Uyên,Cty Văn Hóa Việt Thư,Nhà Xuất Bản Phụ Nữ,,,96.0,2022-03-01,Bảo Châu Books,available,1000,True,True,True
129767964,Sách Thỏ Peter - Chuyện Bây Giờ Mới Kể: Hút Chết Ở Hội Chợ (Tái Bản 2021),71250,75000,5,5.0,3,43,"Emma Thompson, Eleanor Taylor",NXB Kim Đồng,Nhà Xuất Bản Kim Đồng,,Bìa mềm,64.0,2021-10-01,Tiki Trading,available,1000,False,True,True
129381380,DANH TÁC THẾ GIỚI: HĂMLÉT,40000,40000,0,0.0,0,0,,Kim Đồng,Nhà Xuất Bản Kim Đồng,,Bìa mềm,203.0,,Bamboo Books,available,1000,True,True,True
124939784,"Set 3 Cuốn Sách Thơ - Việt Nam Quê Mình - Truyện Tranh Du Lịch, Khám Phá Cho Bé 0-3 4-6 Tuổi",117000,117000,0,5.0,5,50,,CÔNG TY TNHH LIONBOOKS VIỆT NAM,Nhà Xuất Bản Dân Trí,,Bìa mềm,28.0,2021-09-07,Casa Sunshine,available,1000,True,True,True
91561298,Sách - Baby'S First Picture Dictionary - Từ Điển Bằng Hình Đầu Tiên Của Bé - My Body - Cơ Thể (Bìa Cứng),28000,28000,0,0.0,0,0,Song Nghi,Công Ty TNHH Văn Hóa Việt Thư,Nhà Xuất Bản Phụ Nữ Việt Nam,,Bìa cứng,16.0,,Bảo Châu Books,available,1000,True,True,True
89696773,Sách Thế Giới Xe Cộ: Xe Buýt Công Cộng_Bus,24700,25000,1,5.0,1,28,"Lee Yanan, Bookworm Culture",NXB Kim Đồng,Nhà Xuất Bản Kim Đồng,,Bìa mềm,24.0,2021-04-01,Nhà sách Fahasa,available,1000,True,True,True
87106074,A History Of Vn In Pictures. Lý Thường Kiệt (In Colour),190000,190000,0,0.0,0,0,Trần Bạch Đằng,NXB Trẻ,NXB Trẻ,,Bìa cứng,94.0,2021-03-15,info book,available,1000,True,True,True
76117847,Những Truyện Cổ Tích Đáng Yêu Nhất - Bóc Dán Cổ Tích,71200,75000,5,4.0,3,10,Quách tỉnh,NXB Kim Đồng,Nhà Xuất Bản Kim Đồng,,Bìa mềm,44.0,2021-01-01,Nhà sách Fahasa,available,1000,True,True,True
74984592,Combo Picture Book Song Ngữ Khủng Long Thân Mến Bộ 4 cuốn,206350,206350,0,5.0,2,6,,Quảng Văn,Nhà Xuất Bản Phụ Nữ Việt Nam,,,,,Phương Đông Books,available,1000,True,True,True
74216603,Sách Bơ Không Phải Để Ăn - Bơ Is Not For Eating (Song Ngữ Việt - Anh),129000,129000,0,0.0,0,0,"Trần Quốc Anh, Huỳnh Trọng Khang, Chung Bảo Ngân",NXB Phụ Nữ Việt Nam,Nhà Xuất Bản Phụ Nữ Việt Nam,,Bìa cứng,110.0,2020-12-01,Nhà Sách Vĩnh Thụy,available,1000,True,True,True
357462,Kho Tàng Truyện Cổ Tích Việt Nam Tập 2 - Tái Bản,80000,80000,0,0.0,0,2,Nguyễn Đổng Chi,NXB Trẻ,NXB Trẻ,,Bìa mềm,232.0,2012-01-01,HỆ THỐNG NHÀ SÁCH ABC,available,1000,True,True,True
279175225,Nhật Ký Trưởng Thành Của Đứa Trẻ Ngoan - An Chi - Hà Lê (Biên soạn) - NXB Chính Trị Quốc Gia Sự Thật - TH Books ,399000,399000,0,0.0,0,0,nhieu tac gia,Nhà Xuất Bản Chính Trị Quốc Gia Sự Thật,Nhà Xuất Bản Chính Trị Quốc Gia Sự Thật,,Bìa mềm,700.0,,BÌNH BÁN BOOK,available,1000,True,True,True
278860003,Sách Tranh Thiếu Nhi - Bạn Có Quen Pippi Tất Dài Không?,40000,40000,0,0.0,0,0,"Astrid Lindgren, Ingrid Vang Nyman",Nhà Xuất Bản Kim Đồng,Nhà Xuất Bản Kim Đồng,,Bìa mềm,28.0,,Nhân Văn,available,1000,True,True,True
278689864,"Gấu Pooh xinh xắn - Những cuộc phiêu lưu trong rừng trăm mẫu (Song ngữ Anh - Việt), tặng kèm file nghe",88000,88000,0,0.0,0,0,nhieu tac gia,Đông Tây,Nhà Xuất Bản Dân Trí,,Bìa mềm tay gấp,111.0,2025-09-25,Đông Tây,available,1000,True,True,True
278292668,Sách Trường học Danh nhân Thế giới,46800,75000,38,0.0,0,2,Nhiều tác giả,Minh Long,Nhà Xuất Bản Văn Học,,Bìa mềm,160.0,,Tiki Trading,available,1000,True,True,True
278147911,Sách - Anh Em Bình Thường - Hai Anh Em Ở Sân Chơi,63700,75000,15,0.0,0,2,,Tân Việt,nxb my thuat,,Bìa mềm,,2023-12-21,Nhà sách Fahasa,available,1000,True,True,True
273645155,Từ Điển Bằng Hình - Phương Tiện Giao Thông,49400,52000,5,0.0,0,0,,Cty TNHH TM&DV VH GD Phía Nam,Nhà Xuất Bản Đồng Nai,,,,,Nhà sách Fahasa,available,1000,True,True,True
273134463,Truyền Thuyết Về Cội Nguồn Các Dân Tộc: Sự Tích Các Nhạc Cụ,30000,30000,0,0.0,0,0,"Cá - Tammy Do, Mai Quyên",Nhà xuất bản Phụ Nữ,Nhà Xuất Bản Phụ Nữ Việt Nam,,Bìa mềm,40.0,,An Lạc,available,1000,True,True,True
271781135,Trái Cây Đại Chiến Zombie - Thế Giới Khủng Long - Tập 2: Công Viên Khủng Long (Tái Bản),82700,89000,7,0.0,0,1,Tiểu Giang Nam,Huy Hoàng Bookstore,Nhà Xuất Bản Phụ Nữ Việt Nam,,,,,Nhà sách Fahasa,available,1000,True,True,True
270805648,(Giải thưởng Văn học thiếu nhi Canada) (Bìa cứng) (Sách tranh thiếu nhi in màu) DỰ ÁN ĐẦU VOI ĐUÔI CHUỘT - CUỘC TẨU THOÁT – Anh Em Nhà Fan – Sanhobooks,160000,160000,0,0.0,0,0,,Công ty Cổ phần Sách và Truyền thông San Hô,Nhà Xuất Bản Thanh Niên,,Bìa cứng,80.0,,BÌNH BÁN BOOK,available,1000,True,True,True
269947000,Tranh Truyện Dân Gian Việt Nam: Con Cóc Là Cậu Ông Giời (Tái Bản 2023),19600,20000,2,0.0,0,0,"Nguyễn Huy Tưởng,  Tạ Thúc Bình",Nhà Xuất Bản Kim Đồng,Nhà Xuất Bản Kim Đồng,,,,,Nhà sách Fahasa,available,1000,True,True,True
267192903,Tranh Truyện - Cậu Bé Tích Chu,19600,20000,2,5.0,3,18,"Trương Hiếu, Nhiên Hà",Nhà Xuất Bản Kim Đồng,Nhà Xuất Bản Kim Đồng,,Bìa mềm,28.0,,Tiki Trading,available,1000,False,True,True
263209932,Sắc Màu Của Bé - Đồ Dùng Gia Đình,13000,13000,0,0.0,0,0,Gia Long,Cty Văn Hóa & Truyền Thông Trí Việt.,Nhà Xuất Bản Văn Học,,,,,Nhà sách Fahasa,available,1000,True,True,True
247776511,100 bí ẩn đáng kinh ngạc về âm nhạc - 100 things to know about music,114000,119000,4,0.0,0,2,,Đinh Tị,Nhà Xuất Bản Thanh Niên,,,,,Nhân Văn,available,1000,True,True,True
242484639,"Sách tranh song ngữ Mùa đến,mùa đi - Cây - ehomebooks - Cho trẻ từ 0-6 tuổi",189800,208000,9,5.0,1,1,Britta Teckentrup,Quảng Văn,Nhà Xuất Bản Phụ Nữ Việt Nam,,Bìa mềm,64.0,2023-03-03,Minhhabooks,available,1000,True,True,True
215914862,100 Cửa Sổ,102600,108000,5,5.0,1,4,Phát Dương,Nhà Xuất Bản Kim Đồng,Nhà Xuất Bản Kim Đồng,,,,,Nhà sách Fahasa,available,1000,True,True,True
215136618,Từ Điển Bằng Hình Đầu Tiên Của Bé,106200,128000,17,0.0,0,0,Song Nghi,Cty Văn Hóa Việt Thư,Nhà Xuất Bản Phụ Nữ Việt Nam,,,,,Nhà sách Fahasa,available,1000,True,True,True
214731982,Truyện Cổ Tích Hay Nhất Về Tết,78000,78000,0,0.0,0,3,Thành Đạt,NXB Thanh Niên,Nhà Xuất Bản Thanh Niên,,Bìa mềm,67.0,,Nhà Sách Phương Nam,available,1000,True,True,True
212324460,Phiên Bản Kể Lại Đầy Lôi Cuốn Của Tác Phẩm Văn Học Kinh Điển - Câu Chuyện Rừng Xanh,45000,45000,0,0.0,0,0,nhieu tac gia,NXB Mỹ Thuật,Nhà Xuất Bản Mỹ Thuật,,Bìa mềm,32.0,,Nhà Sách Phương Nam,available,1000,True,False,True
207597295,Chuyện Mẹ Con - Mẹ Yêu Ai Nhất,30000,30000,0,0.0,0,0,Mai Thị Việt Thắng,NXB Phụ Nữ,Nhà Xuất Bản Phụ Nữ,,Bìa mềm,15.0,,Nhà Sách Phương Nam,available,1000,True,True,True
205809605,Yêu Thầm,165000,165000,0,0.0,0,0,Cát Xuyên Lưu,Nhà xuất bản Phụ Nữ,Nhà Xuất Bản Phụ Nữ,,Bìa mềm,260.0,,Nhà Sách Phương Nam,available,1000,True,True,True
199943977,Bộ 8 cuốn sách Thiếu Nhi ( Cân Bằng Cảm Xúc - Dành cho trẻ từ 4 -8 tuổi ) : Biệt Đội Cảm Xúc,288000,360000,20,0.0,0,0,,Alphabooks,NXB Dân Trí,,Bìa mềm,,,Alpha Books Official,available,1000,True,True,True
192950803,Người Làm Vườn Tí Hon - The Little Gardener (Song Ngữ Anh - Việt),42300,45000,6,5.0,1,15,Emily Hughes,dong a,NXB Dân Trí,,,,,Nhà sách Fahasa,available,1000,True,True,True
176522964,Truyện Tranh Tuổi Thần Tiên - Đàn Ngỗng Trời (Tái Bản 2022),13500,15000,10,0.0,0,0,Minh Long,Minh Long,Nhà Xuất Bản Văn Học,,,,,Nhà sách Fahasa,available,1000,True,True,True
173093709,Nếu Tớ... Hát Cùng Cá Voi Xanh,24500,25000,2,0.0,0,3,,Cty Mĩ Thuật & Truyền Thông (ADC),Nhà Xuất Bản Giáo Dục Việt Nam,,,,,Nhà sách Fahasa,available,1000,True,True,True
168181881,Truyện Đọc Bằng Hình Ảnh - Những Câu Chuyện Ngụ Ngôn Việt Nam Đặc Sắc 1,81300,98000,17,0.0,0,2,Nhã Uyên,Cty Văn Hóa Việt Thư,Nhà Xuất Bản Phụ Nữ Việt Nam,,,,,Nhà sách Fahasa,available,1000,True,True,True
150269810,CHÚ CHÓ THÔNG MINH VÀ TỐT BỤNG (TẬP 3),22500,45000,50,0.0,0,7,Việt An,Việt An Book,Nhà Xuất Bản Phụ Nữ Việt Nam,,Bìa cứng,28.0,,Việt An books,available,1000,True,True,True
138183057,Ngày Xửa Ngày Xưa - Thủy Thủ Sinbad,16000,16000,0,0.0,0,6,Indrani Vohra,Nhà Xuất Bản Thanh Niên,Nhà Xuất Bản Thanh Niên,,Bìa mềm,16.0,,Nhà Sách Phương Nam,available,1000,True,True,True
84873154,Câu Đố Luyện Trí Thông Minh,46750,55000,15,0.0,0,0,Minh Lâm,Cty Văn Hóa Minh Lâm,Nhà Xuất Bản Hồng Đức,,,,,Văn Lang Official Store,available,1000,True,True,True
75664359,Khát Vọng Non Sông - Văn Miếu Quốc Tử Giám-Trung Tâm Nho Học Đầu Tiên Của Đại Việt,17000,26000,35,5.0,3,36,,VIETNAMBOOK,Nhà Xuất Bản Hà Nội,,Bìa gập,32.0,2020-10-22,VIETNAMBOOK,available,1000,True,True,True
64240309,Khát Vọng Non Sông - Sự Ra Đời Của Nhà Nước Văn Lang,17000,26000,35,5.0,3,27,,VIETNAMBOOK,Nhà Xuất Bản Hà Nội,,Bìa gập,32.0,2020-05-12,VIETNAMBOOK,available,1000,True,True,True
64237754,Khát Vọng Non Sông - Kinh Dương Vương Thủy Tổ Của Dân Tộc Việt,17000,26000,35,5.0,2,25,,VIETNAMBOOK,Nhà Xuất Bản Hà Nội,,Bìa gập,32.0,2020-05-12,VIETNAMBOOK,available,1000,True,True,True
36710488,Sách Bộ Cô Bé Bánh Dâu - Bé Tập Làm Nhà Thiết Kế (Bộ 4 Cuốn),140000,140000,0,0.0,0,0,Children Fun,Tân Việt,,,,,,NHBook,available,1000,True,True,True
488294,Combo Truyện Ehon Nhật Bản - 10 Chú Ếch (Bộ 2),193500,222000,13,0.0,0,7,Hisako Madokoro - Michiko Nakagawa,Quảng Văn,,,Bìa mềm,,2016-04-08,Minhhabooks,available,1000,True,False,True
453885,Sách Tý Quậy (Tập 1),40000,40000,0,0.0,0,0,Đào Hải,Nhà Xuất Bản Kim Đồng,Nhà Xuất Bản Kim Đồng,,Bìa mềm,171.0,2015-04-29,Bamboo Books,available,1000,True,True,True
438550,Sách Thần Đồng Đất Việt (Tập 182) - Chơi Khăm Quan Phủ,15000,15000,0,5.0,8,72,,Phan Thị,,,Bìa mềm,136.0,2015-03-05,Nhà sách Fahasa,available,1000,True,True,True
415632,Sách Nhật Ký Chú Bé Nhút Nhát - Tập 6: Mắc Kẹt,55000,55000,0,4.7,7,95,Jeff Kinney,Hà Giang,Nhà Xuất Bản Văn Học,,Bìa mềm,220.0,2014-02-02,trungthanh2018,available,1000,True,True,True
402243,Sách Ngày Xửa Ngày Xưa - Cô Bé Lọ Lem,49000,49000,0,0.0,0,0,.,Alphabooks,Nhà Xuất Bản Dân Trí,,Bìa mềm,52.0,2014-06-20,info book,available,1000,True,True,True
379530,Kho Tàng Truyện Cổ Tích Việt Nam - Nợ Như Chúa Chổm,14800,15000,1,0.0,0,0,.,Pandabooks,,,Bìa mềm,,2013-08-13,Nhà sách Fahasa,available,1000,True,True,True
340996,Sách Bảy Sắc Màu Hạnh Phúc,78000,78000,0,0.0,0,1,Norbert D.Y. Cha,First News - Trí Việt,Nhà Xuất Bản Tổng hợp TP.HCM,,Bìa mềm,311.0,2011-09-05,info book,available,1000,True,True,True
340703,Sách Ngày Hội Của Những Nàng Công Chúa,88300,95000,7,0.0,0,0,Van Gool's,Huy Hoàng Bookstore,Nhà Xuất Bản Mỹ Thuật,,Bìa cứng,250.0,2011-03-01,Nhà sách Fahasa,available,1000,True,True,True
278969640,Sách - Truyện Tranh Lớp Học Xả Stress - Khi Bạn Có Một Bản Sao Không Ngoan,55100,58000,5,0.0,0,1,nhieu tac gia,Megabook,Nhà Xuất Bản Phụ Nữ Việt Nam,,Bìa mềm,,2023-12-21,Nhà sách Fahasa,available,1000,True,True,True
278966710,Sách - Lớp Học Mật Ngữ - Phiên Bản Mới - Tập 9 (Tái Bản 2025) - Tặng Kèm Quà Tặng Ngẫu Nhiên,28500,30000,5,0.0,0,3,B R O group,BÁO TIỀN PHONG,Báo Sinh Viên VN - Hoa Học Trò,,Bìa mềm,,2023-12-21,Nhà sách Fahasa,available,1000,True,True,True
278715771,Sách - Truyện Tranh Khoa Học Về Các Loài Côn Trùng - Nhà Vô Địch Quyền Anh - Bọ Cạp Vàng,55100,58000,5,0.0,0,0,nhieu tac gia,Đinh Tị,nxb thanh nien,,Bìa mềm,,2023-12-21,Nhà sách Fahasa,available,1000,True,True,True
278616848,Sách - Sát Thát (Tái Bản 2025),58800,60000,2,0.0,0,0,nhieu tac gia,Nhà Xuất Bản Kim Đồng,Nhà Xuất Bản Kim Đồng,,Bìa mềm,,2023-12-21,Nhà sách Fahasa,available,1000,True,True,True
277777283,Nhật Ký Chú Bé Nhút Nhát: Tập 18 - Out Trình,55000,55000,0,0.0,0,0,Jeff Kinney,Gieobooks,Nhà Xuất Bản Văn Học,,Bìa mềm,222.0,,Tazano Official Store,available,1000,True,True,True
276900244,CHIM SẺ DU KÝ - Olivier Blanchin - Comicola,86400,90000,4,5.0,2,34,nhieu tac gia,Comicola,NXB Dân Trí,,Bìa mềm,40.0,,BÌNH BÁN BOOK,available,1000,True,True,True
275966177,Sách Illustrated Special Edition - Heidi,164500,199000,17,5.0,1,23,Johanna Spyri,Đinh Tị,Nhà Xuất Bản Văn Học,,Bìa cứng,92.0,,Tiki Trading,available,1000,True,True,True
274776978,Nông Trại Vui Vẻ - Máy Kéo Con Và Mùa Đông,33200,35000,5,0.0,0,4,,Nhà Xuất Bản Kim Đồng,Nhà Xuất Bản Kim Đồng,,,,,Nhà sách Fahasa,available,1000,True,True,True
274497124,Sống - Bìa Cứng,184300,190000,3,0.0,0,0,Hải Anh,Nhà Xuất Bản Kim Đồng,Nhà Xuất Bản Kim Đồng,,,,,Nhà sách Fahasa,available,1000,True,True,True
273977357,Chang hoang dã - Voi,168000,175000,4,0.0,0,1,Trang Nguyễn,Kim Đồng,Nhà Xuất Bản Kim Đồng,,Bìa mềm,128.0,,TYMBooks,available,1000,True,True,True
273620937,Điều Lớn Lao Nhất,56100,66000,15,0.0,0,2,,Đinh Tị,nxb thanh nien,,,,,Nhà sách Fahasa,available,1000,True,False,True
273181040,Cuộc Phiêu Lưu Của Dế Út: Phần Kết,70000,70000,0,0.0,0,1,Linh Rab,NXB Kim Đồng,Nhà Xuất Bản Kim Đồng,,Bìa mềm,164.0,,Bamboo Books,available,1000,True,True,True
272057415,Sách Giải cứu Chả Chìa,69000,90000,23,0.0,0,3,Đào Thu Hà,Công Ty TNHH Sách Và Truyền Thông Việt Nam,Nhà Xuất Bản Dân Trí,,Bìa mềm,76.0,2023-09-15,Tiki Trading,available,1000,True,True,True
271907592,Sách Siêu Lập Dị,61750,65000,5,0.0,0,1,Jess Bradley,NXB Kim Đồng,Nhà Xuất Bản Kim Đồng,,Bìa mềm,64.0,2023-09-08,Tiki Trading,available,1000,False,True,True
263795299,Cổ Tích Việt Nam Cho Bé Mẫu Giáo: Cây Khế,19800,20000,1,0.0,0,3,"Hiếu Minh,  Phạm Thị Thu Trang",Nhà Xuất Bản Kim Đồng,Nhà Xuất Bản Kim Đồng,,,,,Nhà sách Fahasa,available,1000,True,False,True
253300182,Làn Hơi Ấm - Sách Cho Bé Từ 3 - 6 Tuổi,56000,56000,0,0.0,0,0,,Nhã Nam,Nhà Xuất Bản Hội Nhà Văn,,,,,HỆ THỐNG NHÀ SÁCH ABC,available,1000,True,True,True
247763938,Sách WHO? Chuyện Kể Về Danh Nhân Thế Giới: Alexander Fleming (Tái Bản 2023),59000,60000,2,5.0,7,153,"Lee Jongwon, Yoon Sangsuk",Kim Đồng,Nhà Xuất Bản Kim Đồng,,Bìa mềm,176.0,2023-01-01,Tiki Trading,available,1000,False,True,True
242484705,Sách tranh song ngữ Dòng sông - Hành trình vĩ đại về biển cả - ehomebooks - Dành cho trẻ từ 0-6 tuổi,146200,160000,9,0.0,0,2,,Quảng Văn,Nhà Xuất Bản Phụ Nữ Việt Nam,,Bìa mềm,48.0,2023-03-03,Minhhabooks,available,1000,True,True,True
217892750,Kính Vạn Hoa Thiên Nhiên: Quả Tình Bạn,29700,30000,1,0.0,0,2,,Nhà Xuất Bản Kim Đồng,Nhà Xuất Bản Kim Đồng,,,,,Nhà sách Fahasa,available,1000,True,True,True
213969728,Tớ Cũng Là Danh Họa!,130000,169000,23,0.0,0,0,,Alpha Books,Nhà Xuất Bản Dân Trí,,,,,Alpha Books Official,available,1000,True,True,True
206474450,Bé Nấm Lùn - Tập 1: Bống Bống Bang Bang,40000,40000,0,0.0,0,20,,Hoa Học Trò,Hoa Học Trò,,Bìa mềm,,,Nhà Sách Phương Nam,available,1000,True,True,True
192949326,Cổ Tích Việt Nam Cho Bé - Sự Tích Con Muỗi (Tái Bản 2022),19800,20000,1,5.0,1,13,Phạm Ngọc Tân,Nhà Xuất Bản Kim Đồng,Nhà Xuất Bản Kim Đồng,,,,,Nhà sách Fahasa,available,1000,True,True,True
170325064,Sách Bé Tự Rèn Tính Tốt - Bé Quái Vật Biết Ngồi Ăn Ngon,15000,20000,25,5.0,2,34,Connie Colwell Miller,NXB Trẻ,NXB Trẻ,,Bìa mềm,24.0,2022-03-22,Tiki Trading,available,1000,False,True,True
167019557,"Xây Dựng Lòng Tự Tin Cho Trẻ 7-11 Tuổi: Con Hãy Vui Lên, Đừng Lo Sợ Nữa",57600,60000,4,0.0,0,1,Poppy O Neill,Cty Văn Hóa Văn Lang,,,,,,Nhà sách Fahasa,available,1000,True,True,True
108130836,Mẹ Hỏi Bé Trả Lời - Hỏi Đáp Rèn Trí Thông Minh - 2-3 Tuổi,34200,36000,5,4.8,4,38,"Thanh Anh, Thanh Anh",Nhà Xuất Bản Kim Đồng,Nhà Xuất Bản Kim Đồng,,,,,Nhà sách Fahasa,available,1000,True,True,True
90520469,Bạch Tuyết Và Hồng Đỏ,39000,58000,33,0.0,0,0,,VIETNAMBOOK,Dreamland Publications,,Bìa mềm,32.0,2021-04-10,VIETNAMBOOK,available,1000,True,True,True
73300179,Bộ Truyện Song Ngữ Anh - Việt Dành Cho Trẻ Từ 3 Tuổi: Bà Chúa Tuyết + Bầy Chim Thiên Nga + Chú Vịt Con Xấu Xí + Cô Bé Tí Hon (Bộ 4 Cuốn),119000,140000,15,5.0,10,38,Stefania Leonardi Hartley,Tân Việt,Nhà Xuất Bản Mỹ Thuật,,,,,Nhà sách Fahasa,available,1000,True,True,True
64344331,Khát Vọng Non Sông - Lòng Trung Thành Của Yết Kiêu Và Dã Tượng,17000,26000,35,5.0,6,34,,VIETNAMBOOK,Nhà Xuất Bản Hà Nội,,Bìa gập,32.0,2020-05-12,VIETNAMBOOK,available,1000,True,True,True
50361538,Cẩm Nang Tự Lập Tuổi Mẫu Giáo - Mặc Quần Áo Mệt Thật,27400,28000,2,4.0,1,28,"Frank Remkiewicz, Jonathan London",Cty Mĩ Thuật & Truyền Thông (ADC),Nhà Xuất Bản Giáo Dục Việt Nam,,,,,Nhà sách Fahasa,available,1000,True,True,True
50361511,Cẩm Nang Tự Lập Tuổi Mẫu Giáo - Ngày Của Cha Vui Quá,27400,28000,2,0.0,0,22,"Frank Remkiewicz, Jonathan London",Cty Mĩ Thuật & Truyền Thông (ADC),Nhà Xuất Bản Giáo Dục Việt Nam,,,,,Nhà sách Fahasa,available,1000,True,True,True
584789,Sách The Alphabet I Found In Mom’s Kitchen,76000,80000,5,0.0,0,3,Nhóm tác giả,Nhà Xuất Bản Kim Đồng,,,Bìa mềm,44.0,2017-03-14,Nhà sách Fahasa,available,1000,True,True,True
538700,Sách Bác Sĩ Ai-bô-lít,30000,30000,0,0.0,0,1,,Nhà Xuất Bản Kim Đồng,Nhà Xuất Bản Kim Đồng,,Bìa mềm,,2016-08-19,Bamboo Books,available,1000,True,True,True
510981,Sách Công Chúa Nhỏ - Kì Nghỉ Của Công Chúa,22800,24000,5,0.0,0,70,Per Gustavsson,Nhà Xuất Bản Kim Đồng,Nhà Xuất Bản Kim Đồng,,Bìa mềm,28.0,2016-06-08,Tiki Trading,available,1000,False,True,True
507230,Sách Kể Chuyện Danh Nhân Lịch Sử: Cuộc Khởi Nghĩa Của Bà Triệu - Triệu Thị Trinh,9460,15000,37,0.0,0,28,Tiểu Giàu,Công Ty CP Văn Hóa Nhân Văn,,,Bìa mềm,16.0,2012-06-30,Nhân Văn,available,1000,True,True,True
466802,Bộ Sách Chú Voi Moppet Vui Vẻ - Voi Ma-mut Moppet Mừng Giáng Sinh,12000,19000,37,5.0,1,127,Mamoth World,Chibooks,Nhà Xuất Bản Văn Hóa - Văn Nghệ,,Bìa mềm,24.0,2015-12-23,Tiki Trading,available,1000,False,True,True
438563,Sách Thần Đồng Đất Việt (Tập 186) - Đối Đầu Bả Hỏa,15000,15000,0,5.0,7,98,,Phan Thị,Nhà Xuất Bản Thời Đại,,Bìa mềm,136.0,2015-05-05,Nhà sách Fahasa,available,1000,True,True,True
438560,Sách Thần Đồng Đất Việt (Tập 185) - Lối Đi Bộn Bạc,15000,15000,0,5.0,8,164,,Phan Thị,,,Bìa mềm,136.0,2015-05-05,Nhà sách Fahasa,available,1000,True,True,True
423174,Sách Bách Khoa Bằng Tranh - Chiến Binh (Hình Minh Họa 3D),99000,110000,10,5.0,2,12,Kész Barnabás,Huy Hoàng Bookstore,,,Bìa cứng,,2014-06-22,Nhà sách Fahasa,available,1000,True,False,True
402194,Sách Ngày Xửa Ngày Xưa - Người Đẹp Và Quái Vật,49000,49000,0,0.0,0,0,.,Alphabooks,Nhà Xuất Bản Dân Trí,,Bìa mềm,52.0,2014-06-20,HỆ THỐNG NHÀ SÁCH ABC,available,1000,True,True,True
362439,Sách Chuyện Kể Về Danh Nhân Thế Giới - Coco Chanel,41250,55000,25,4.5,21,1350,.,Nhà Xuất Bản Kim Đồng,,,Bìa mềm,160.0,2013-03-09,Tiki Trading,available,1000,False,True,True
274959030,Sách - Picture Book Tưng Bừng của David Walliams: Gấu trúc - Cậu voi - Hà mã - Nhóc gấu (Nhã Nam),66000,75000,12,0.0,0,3,David Walliams,Nhã Nam,Nhà Xuất Bản Hội Nhà Văn,,Bìa mềm,160.0,,Nhã Nam Official,available,1000,True,True,True
274843736,Truyện Tranh Lịch Sử Việt Nam Bằng Tranh - Mai Đế-Phùng Vương - Bản Màu - Bìa Cứng,140000,140000,0,0.0,0,0,,NXB Trẻ,NXB Trẻ,,,,,Nhà Sách Vĩnh Thụy,available,1000,True,True,True
274713805,Đồng Nghiệp Chỗ Tôi Hút Mắt Quá Trời! - Tập 1,36000,36000,0,0.0,0,0,ma2,NXB Kim Đồng,Nhà Xuất Bản Kim Đồng,,Bìa mềm,128.0,,Bamboo Books,available,1000,True,True,True
274563061,Chạm Tay Vào Toán Học - Một Ngày Của Thỏ Con,44100,45000,2,0.0,0,0,Khúc Khúc,Nhà Xuất Bản Kim Đồng,Nhà Xuất Bản Kim Đồng,,,,,Nhà sách Fahasa,available,1000,True,True,True
274028870,Tớ Là Mèo Pusheen - Tập 2: Cuộc Sống Muôn Màu Của Pusheen,64000,80000,20,0.0,0,1,Claire Belton,NXB Kim Đồng,Nhà Xuất Bản Kim Đồng,,Bìa mềm,174.0,,Nhà Sách Phương Nam,available,1000,True,True,True
252412044,Sách Cuốn sách tươi tắn về cảm xúc (cho bé 6+),99000,99000,0,0.0,0,0,nhieu tac gia,Nhã Nam,Nhà Xuất Bản Thế Giới,,Bìa mềm,95.0,2022-12-01,HỆ THỐNG NHÀ SÁCH ABC,available,1000,True,True,True
250064591,Tranh Truyện Lịch Sử Việt Nam: Trần Thái Tông,20000,20000,0,0.0,0,1,,NXB Kim Đồng,Nhà Xuất Bản Kim Đồng,,Bìa mềm,32.0,,Bamboo Books,available,1000,True,True,True
248650700,Sách Những Bài Học Nhỏ. Chuyến Bay Bất Ngờ,29000,35000,17,0.0,0,14,Nguyễn Tấn Thanh Trúc,NXB Trẻ,NXB Trẻ,,Bìa mềm,32.0,2023-04-05,Tiki Trading,available,1000,False,True,True
248544501,Combo Sách Bé Tập Kể Chuyện 1 (Bộ 10 Cuốn),135000,150000,10,0.0,0,1,Nhiều tác giả,NXB Trẻ,NXB Trẻ,,,,,Nhà sách Fahasa,available,1000,True,False,True
248544498,Combo Sách Bé Tập Kể Chuyện 2 (Bộ 10 Cuốn),133500,150000,11,0.0,0,1,Nhiều tác giả,NXB Trẻ,NXB Trẻ,,,,,Nhà sách Fahasa,available,1000,True,False,True
247776748,Lịch Sử Việt Nam Bằng Tranh (Tập 23): Chiến Thắng Quân Mông Lần Thứ Hai,29000,30000,3,0.0,0,1,,NXB Trẻ,NXB Trẻ,,,,,Nhân Văn,available,1000,True,True,True
247657109,Lênh Đênh Theo Dòng Xanh,78000,78000,0,0.0,0,0,Magnus Weightman, NXB Kim Đồng,Nhà Xuất Bản Kim Đồng,,Bìa mềm,,,Bamboo Books,available,1000,True,True,True
243808031,Bé Học Lễ Giáo - Bubu 40: Chơi Trốn Tìm (Tái Bản),15000,15000,0,0.0,0,1,Nhiều tác giả,NXB Trẻ,NXB Trẻ,,,,,Nhà sách Fahasa,available,1000,True,True,True
242651138,Truyện Cổ Tích Nổi Tiếng Song Ngữ Việt - Anh (Vui học tiếng Anh): Thumbelina Cô bé tí hon,35000,35000,0,0.0,0,1,,NXB Kim Đồng,Nhà Xuất Bản Kim Đồng,,Bìa mềm,,,Bamboo Books,available,1000,True,True,True
217535423,Bé Tập Kể Chuyện - Chú Thỏ Nhút Nhát,15000,15000,0,5.0,1,3,,NXB Trẻ,oem,,Bìa mềm,,,Nhân Văn,available,1000,True,False,True
214617637,"Combo 5 Cuốn ""Siêu Thỏ"": Ứ Đi Nha Sĩ Đâu + Em Bé Cưng + Con Muốn Ăn Mì + Con Muốn Cái Đó + Có Một Em Bé Trong Bụng Mẹ",198000,275000,28,5.0,1,29,Stephanie Blake,Nhã Nam,Nhà Xuất Bản Hội Nhà Văn,,Bìa mềm,160.0,2023-01-01,Tiki Trading,available,1000,False,True,True
214493492,Sách Thế Giới Của Peppa - Tuổi Thơ Diệu Kì Của Peppa,40000,40000,0,0.0,0,0,Nhiều tác giả,NXB Kim Đồng,Nhà Xuất Bản Kim Đồng,,Bìa mềm,32.0,2023-01-01,Bamboo Books,available,1000,True,True,True
214493477,Sách Thế Giới Của Peppa - Truy Tìm Kho Báu,30000,30000,0,0.0,0,0,Nhiều tác giả,NXB Kim Đồng,Nhà Xuất Bản Kim Đồng,,Bìa mềm,24.0,2023-01-01,Bamboo Books,available,1000,True,True,True
212323341,Tranh Truyện Lịch Sử Việt Nam - Lê Lợi,20000,20000,0,0.0,0,4,Hiếu Minh,NXB Kim Đồng,Nhà Xuất Bản Kim Đồng,,Bìa mềm,32.0,,Bamboo Books,available,1000,True,True,True
207643709,Kaguya Sama - Cuộc Chiến Tỏ Tình - Tập 2,40000,40000,0,0.0,0,0,Aka Akasaka,NXB Kim Đồng,Nhà Xuất Bản Kim Đồng,,Bìa mềm,203.0,,Nhà Sách Phương Nam,available,1000,True,True,True
207643046,Danh Nhân Thế Giới - Fabre,24000,30000,20,0.0,0,16,Neung In Publishing Company,NXB Kim Đồng,Nhà Xuất Bản Kim Đồng,,Bìa mềm,160.0,,Nhà Sách Phương Nam,available,1000,True,True,True
205163355,Danh Tác Thế Giới - Ông Bố Chân Dài,40000,40000,0,0.0,0,1,, NXB Kim Đồng,Nhà Xuất Bản Kim Đồng,,Bìa mềm,208.0,,Bamboo Books,available,1000,True,True,True
201424629,Sách Lịch Sử Việt Nam Bằng Tranh - Tập 05: Nước Âu Lạc (Tái Bản 2022),27000,35000,23,5.0,2,55,Nhiều tác giả,NXB Trẻ,NXB Trẻ,,,108.0,2022-10-10,Tiki Trading,available,1000,False,True,True
198415076,Văn Học Thiếu Nhi -  Những truyện kỳ thú về cọp chưa ai kể,56000,70000,20,5.0,4,39,"Nguyễn Lam Điền, Vũ Hà Tuệ",NXB Trẻ,NXB Trẻ,,Bìa mềm,60.0,2022-10-10,Tiki Trading,available,1000,False,True,True
175526775,Bé Học Lễ Giáo - Bubu Tập 51: Ham Chơi (Tái Bản 2022),15000,15000,0,5.0,1,12,Nhiều tác giả,NXB Trẻ,NXB Trẻ,,,,,Nhà sách Fahasa,available,1000,True,True,True
175526773,Bé Học Lễ Giáo - Bubu Tập 25: Đi Nhổ Răng (Tái Bản 2022),15000,15000,0,5.0,1,12,Nhiều tác giả,NXB Trẻ,NXB Trẻ,,,,,Nhà sách Fahasa,available,1000,True,True,True
173745195,Tranh Truyện Lịch Sử Việt Nam: Thành Thái,20000,20000,0,0.0,0,0,"Nguyễn Huy Thắng, Lê Minh Hải",NXB Kim Đồng,Nhà Xuất Bản Kim Đồng,,Bìa mềm,32.0,2022-04-09,Bamboo Books,available,1000,True,True,True
170325063,"Sách Bé Quái Vật Biết Nói ""Xin Vui Lòng"" Và ""Cảm Ơn""",17000,20000,15,5.0,2,52,Connie Colwell Miller,NXB Trẻ,NXB Trẻ,,Bìa mềm,24.0,2022-03-22,Tiki Trading,available,1000,False,True,True
157030560,Combo Muncle Trogg Cậu Khổng Lồ Tí Hon + Muncle Trogg Và Con Lừa Biết Bay,126000,126000,0,0.0,0,1,Janet Dailey,Nhã Nam,Nhà Xuất Bản Hội Nhà Văn,,Bìa mềm,380.0,2020-01-30,SÁCH ĐẠI NAM,available,1000,True,True,True
139623967,NHỮNG CUỘC PHIÊU LƯU CỦA ASTERIX,485000,485000,0,5.0,2,8,Rene Goscinny, NXB Kim Đồng,Nhà Xuất Bản Kim Đồng,,Bìa mềm,,2021-11-12,BÌNH BÁN BOOK,available,1000,True,False,True
122390714,Asterix - Asterix làm lính La mã,80000,80000,0,5.0,1,1,,NXB Kim Đồng,Nhà Xuất Bản Kim Đồng,,Bìa mềm,,2021-08-01,Bamboo Books,available,1000,True,True,True
113526299,Sách - Tủ sách nhà văn Roald Dahl: Chú rùa Alfie,25000,25000,0,0.0,0,0,Roald Dahl,NXB Kim Đồng,Nhà Xuất Bản Kim Đồng,,Bìa mềm,52.0,2021-01-06,Bamboo Books,available,1000,True,True,True
96652388,Sách Gương Thiếu Nhi Làm Theo Lời Bác: Cậu Bé Mồ Côi Ham Học,28800,30000,4,0.0,0,13,"Thanh Hà, Cloud Pillow",NXB Kim Đồng,Nhà Xuất Bản Kim Đồng,,Bìa mềm,20.0,2021-05-01,Tiki Trading,available,1000,False,True,True
86876541,Sách Lịch Sử Việt Nam Bằng Tranh: Lý Thường Kiệt (Bản Màu),142200,158000,10,0.0,0,8,Trần Bạch Đằng (chủ biên),NXB Trẻ,NXB Trẻ,,Bìa mềm,94.0,2021-03-01,Nhà sách Fahasa,available,1000,True,True,True
86876539,Sách Lịch Sử Việt Nam Bằng Tranh: Lam Sơn Dấy Nghĩa (Bản Màu),113000,150000,25,5.0,26,178,Trần Bạch Đằng (chủ biên),NXB Trẻ,NXB Trẻ,,Bìa cứng,86.0,2021-03-01,Tiki Trading,available,1000,False,True,True
77222287,Sách - Nhà khám phá nhỏ tuổi - 10 bức tranh đẹp nhất lịch sử hội họa (tặng kèm bookmark thiết kế),109000,109000,0,0.0,0,0,.,Nhã Nam,Nhà Xuất Bản Thông Tấn,,,,,HỆ THỐNG NHÀ SÁCH ABC,available,1000,True,True,True
50022492,Sách Thiên Hà Thật Đáng Ngạc Nhiên (Tái Bản),46800,52000,10,5.0,2,6,Kjartan Poskitt,NXB Trẻ,NXB Trẻ,,Bìa mềm,158.0,2020-02-03,Nhà sách Fahasa,available,1000,True,True,True
24263973,Tranh Truyện Lịch Sử Việt Nam: Mạc Đĩnh Chi,19600,20000,2,0.0,0,173,"An Cương, Lê Minh Hải",NXB Kim Đồng,Nhà Xuất Bản Kim Đồng,,Bìa mềm,32.0,2023-06-25,Tiki Trading,available,1000,False,True,True
4336429,Sách Tay Khéo Tay Xinh - Bé Vẽ Ngôi Nhà,24700,25000,1,0.0,0,2,Christophe Boncens,NXB Trẻ,,,Bìa mềm,24.0,2018-01-09,Nhà sách Fahasa,available,1000,True,True,True
612866,Sách Lịch Sử Việt Nam Bằng Tranh (Tập 35) - Hội Thề Đông Quan,27000,35000,23,5.0,3,149,Trần Bạch Đằng (chủ biên),NXB Trẻ,NXB Trẻ,,Bìa mềm,102.0,,Tiki Trading,available,1000,False,False,True
277740445,"Zookiz Và Trường Khoa Học Bí Ẩn - Tập 5 - ""Phá Đảo"" Phòng Cô Hiệu Trưởng",65000,65000,0,0.0,0,0,nhieu tac gia,Nhà Xuất Bản Kim Đồng,Nhà Xuất Bản Kim Đồng,,Bìa mềm,144.0,,Bamboo Books,available,1000,True,True,True
276834323,Sách cho bé - Tuli Tuli Kể Chuyện Nhà Ai Ở Đâu - Nhà Rùa Dưới Đại Dương - Sách tranh cho bé,62560,68000,8,0.0,0,0,,Vizibook,Nhà Xuất Bản Phụ Nữ Việt Nam,,Bìa mềm,42.0,2024-10-01,Vizibook,available,1000,True,True,True
275774105,Sách - Cuộc Sống Tươi Đẹp Của Tớ - Tớ Là Em Bé Dũng Cảm,35000,35000,0,0.0,0,0,Chu Huệ Phương,Đinh Tị,nxb thanh nien,,Bìa mềm,36.0,2024-07-01,Bamboo Books,available,1000,True,True,True
275074930,Voi Con Học Leo Cây,38250,45000,15,0.0,0,3,,First News - Trí Việt,Nhà Xuất Bản Dân Trí,,Bìa mềm,32.0,,First News,available,1000,True,True,True
275070110,Balthazar ,38250,45000,15,0.0,0,0,,First News - Trí Việt,Dan Tri Publishing,,Bìa mềm,28.0,,First News,available,1000,True,True,True
275069700,Cerise Trong Vũ Trụ,38250,45000,15,0.0,0,0,,First News - Trí Việt,NXB Dân Trí,,Bìa mềm,31.0,,First News,available,1000,True,True,True
274471776,Chạm Tay Vào Toán Học - Chiếc Đuôi Dài Của Gấu Mèo Nhỏ,45000,45000,0,0.0,0,0,Khúc Khúc,Nhà Xuất Bản Kim Đồng,Nhà Xuất Bản Kim Đồng,,Bìa mềm,40.0,,Bamboo Books,available,1000,True,True,True
274178452,Hành Trình Biến Đổi: Nếp Gạo Tranh Tài (Tái Bản 2022),30000,30000,0,0.0,0,0,Nguyễn Thị Kim Hòa,Nhà Xuất Bản Kim Đồng,Nhà Xuất Bản Kim Đồng,,,,,Bamboo Books,available,1000,True,True,True
274042482,Đôi Mắt Biết Nói,85000,85000,0,0.0,0,0,Huy Hải,Kim Đồng,Nhà Xuất Bản Kim Đồng,,Bìa mềm,104.0,,Bamboo Books,available,1000,True,True,True
273787039,"Vun Đắp Tâm Hồn - Mơ Đi Sợ Chi - Tiến Lên Nào, Nê Mô!",50000,50000,0,0.0,0,0,Mayy,Kim Đồng,Nhà Xuất Bản Kim Đồng,,Bìa mềm,36.0,,Bamboo Books,available,1000,True,True,True
272480449,SIÊU LẬP DỊ CHIẾN ÁC MA ANDY,65000,65000,0,0.0,0,0,,Kim Đồng,Nhà Xuất Bản Kim Đồng,,,,,Bamboo Books,available,1000,True,True,True
270924180,Kim Đồng - Thỏ Harry hấp tấp,40000,40000,0,0.0,0,0,,Nhà Xuất Bản Kim Đồng,Nhà Xuất Bản Kim Đồng,,,,,Bamboo Books,available,1000,True,True,True
270924040,Kim Đồng - Thơ hay cho bé mầm non - Tập 2,80000,80000,0,0.0,0,0,,Nhà Xuất Bản Kim Đồng,Nhà Xuất Bản Kim Đồng,,,,,Bamboo Books,available,1000,True,True,True
270924028,Kim Đồng - Những chuyến phiêu lưu qua thư của Felix - Chú thỏ bé khám phá hành tinh xanh,120000,120000,0,0.0,0,0,,Nhà Xuất Bản Kim Đồng,Nhà Xuất Bản Kim Đồng,,,,,Bamboo Books,available,1000,True,True,True
270923619,Kim Đồng - Mỗi tuổi mỗi tài - 12 con giáp,77000,77000,0,0.0,0,0,,Nhà Xuất Bản Kim Đồng,Nhà Xuất Bản Kim Đồng,,,,,Bamboo Books,available,1000,True,True,True
270923606,Kim Đồng - Mẹ là của tớ,30000,30000,0,0.0,0,0,,Nhà Xuất Bản Kim Đồng,Nhà Xuất Bản Kim Đồng,,,,,Bamboo Books,available,1000,True,True,True
270468151,"Lược Sử Thế Giới Bằng Tranh, Tập 15: Phong Trào Đấu Tranh Giành Độc Lập Dân Tộc (Bản in màu - Tái bản 2023)",50000,50000,0,0.0,0,0,Li Zheng,Nhà Xuất Bản Kim Đồng,Nhà Xuất Bản Kim Đồng,,Bìa mềm,114.0,2023-07-19,Bamboo Books,available,1000,True,True,True
270467571,"Lược Sử Thế Giới Bằng Tranh, Tập 13: Thế Chiến I (Bản in màu - Tái bản 2023)",60000,60000,0,0.0,0,0,Li Zheng,Nhà Xuất Bản Kim Đồng,Nhà Xuất Bản Kim Đồng,,Bìa mềm,170.0,,Bamboo Books,available,1000,True,True,True
270466768,"Lược Sử Thế Giới Bằng Tranh, Tập 11: Cách Mạng Pháp (Bản in màu - Tái bản 2023)",60000,60000,0,0.0,0,1,Li Zheng,Nhà Xuất Bản Kim Đồng,Nhà Xuất Bản Kim Đồng,,Bìa mềm,170.0,2023-07-19,Bamboo Books,available,1000,True,True,True
270465699,"Lược Sử Thế Giới Bằng Tranh, Tập 8: Lịch Sử Hoa Kỳ (Bản in màu - Tái bản 2023)",60000,60000,0,0.0,0,1,Li Zheng,Nhà Xuất Bản Kim Đồng,Nhà Xuất Bản Kim Đồng,,Bìa mềm,168.0,2023-07-19,Bamboo Books,available,1000,True,True,True
270465419," Lược Sử Thế Giới Bằng Tranh, Tập 7: Văn Hóa Phục Hưng Và Chinh Phục Các Vùng Đất Mới (Bản in màu - Tái bản 2023)",65000,65000,0,0.0,0,0,Li Zheng,Nhà Xuất Bản Kim Đồng,Nhà Xuất Bản Kim Đồng,,Bìa mềm,178.0,2023-07-19,Bamboo Books,available,1000,True,True,True
270465203,"Lược Sử Thế Giới Bằng Tranh, Tập 6: Đế Quốc Mông Cổ (Bản in màu - Tái bản 2023)",60000,60000,0,0.0,0,0,Li Zheng,Nhà Xuất Bản Kim Đồng,Nhà Xuất Bản Kim Đồng,,Bìa mềm,162.0,2023-07-19,Bamboo Books,available,1000,True,True,True
270464746,"Lược Sử Thế Giới Bằng Tranh, Tập 4: Đêm Trường Trung Cổ (Bản in màu - Tái bản 2023)",60000,60000,0,0.0,0,0,Li Zheng,Nhà Xuất Bản Kim Đồng,Nhà Xuất Bản Kim Đồng,,Bìa mềm,136.0,2023-07-19,Bamboo Books,available,1000,True,True,True
270179090,Tranh Truyện Lịch Sử Việt Nam - Bà Triệu (Tái Bản 2023),20000,20000,0,0.0,0,0,An Cương -   Tạ Huy Long,Nhà Xuất Bản Kim Đồng,Nhà Xuất Bản Kim Đồng,,Bìa mềm,32.0,2023-07-13,Bamboo Books,available,1000,True,True,True
270057330,Tranh Truyện Lịch Sử Việt Nam - Lê Văn Hưu (Tái bản 2023),20000,20000,0,0.0,0,0,"Anh Chi,  Lê Minh Hải",Nhà Xuất Bản Kim Đồng,Nhà Xuất Bản Kim Đồng,,Bìa mềm,32.0,2023-07-07,Bamboo Books,available,1000,True,True,True
270057328,Tranh Truyện Lịch Sử Việt Nam - An Tư Công Chúa (Tái bản 2023),20000,20000,0,0.0,0,0,Nguyễn Huy Thắng,Nhà Xuất Bản Kim Đồng,Nhà Xuất Bản Kim Đồng,,Bìa mềm,32.0,2023-07-07,Bamboo Books,available,1000,True,True,True
217887576,Tây Du Ký - Truyện Tranh Thiếu Nhi Tập 9 - 16 (Bộ 8 Cuốn) - HA,152000,152000,0,4.0,1,1,Ngô Thừa Ân,Nhà Sách Hồng Ân,NXB Dân Trí,,Bìa mềm,55.0,,Bảo Châu Books,available,1000,True,True,True
215040239,Mỗi Ngày Là Một Ngày Vui: Một Ngày Đầy Tiếng Cười,20000,20000,0,0.0,0,0,Gong Ruping,Nhà Xuất Bản Kim Đồng,Nhà Xuất Bản Kim Đồng,,,,,Bamboo Books,available,1000,True,True,True
207359827,Danh Tác Thế Giới - Don Quixote,40000,40000,0,0.0,0,0,,Nhà Xuất Bản Kim Đồng,Nhà Xuất Bản Kim Đồng,,Bìa gập,208.0,2022-11-26,Bamboo Books,available,1000,True,True,True
206579532,"Sách song ngữ - Mười ngón chân xinh, Đôi bàn chân nhỏ",45080,49000,8,0.0,0,0,Jane Massey,Công ty cổ phẩn Xuất bản và Giáo dục Vizi,Nhà Xuất Bản Phụ Nữ Việt Nam,,,36.0,2022-11-09,Vizibook,available,1000,True,True,True
206182170,Vun Đắp Tâm Hồn - Nếu Tớ Có Một Bạn Kì Lân,56000,56000,0,0.0,0,0,Alex Barrow,Nhà Xuất Bản Kim Đồng,Nhà Xuất Bản Kim Đồng,,,,,Bamboo Books,available,1000,True,True,True
166084072,Vun Đắp Tâm Hồn: Chuyện Ở Rừng Vi Vu - Nụ Cười Của Báo Chấm Bi,32000,32000,0,0.0,0,1,Trương Huỳnh Như Trân,Nhà Xuất Bản Kim Đồng,Nhà Xuất Bản Kim Đồng,,,,,Bamboo Books,available,1000,True,True,True
146288670,Who? Chuyện Kể Về Danh Nhân Thế Giới: Henry David Thoreau ,55000,55000,0,0.0,0,0,,Kim Đồng,Nhà Xuất Bản Kim Đồng,,Bìa mềm,,,Bamboo Books,available,1000,True,True,True
146275524,Yêu Thương Cho Con: Ông Yêu Bé,30000,30000,0,0.0,0,0,Helen Foster James,Nhà Xuất Bản Kim Đồng,Nhà Xuất Bản Kim Đồng,,,,,Bamboo Books,available,1000,True,True,True
139721990,ASTÉRIX - ASTÉRIX NGƯỜI GAULOIS,80000,80000,0,5.0,1,2,,Kim Đồng,Nhà Xuất Bản Kim Đồng,,Bìa mềm,48.0,,Bamboo Books,available,1000,True,True,True
139717772,ASTÉRIX - VÙNG ĐẤT THẦN THÁNH,80000,80000,0,0.0,0,0,,Kim Đồng,Nhà Xuất Bản Kim Đồng,,Bìa mềm,48.0,,Bamboo Books,available,1000,True,True,True
139599875,Astérix Và Nữ Hoàng Cléopâtre,80000,80000,0,0.0,0,0,,Kim Đồng,Nhà Xuất Bản Kim Đồng,,Bìa mềm,48.0,,Bamboo Books,available,1000,True,True,True
128939212,Sách -Thần thoại Hy Lạp - Tập 19: Odysseus phục thù,60000,60000,0,0.0,0,0,,Kim Đồng,Nhà Xuất Bản Kim Đồng,,Bìa mềm,200.0,,Bamboo Books,available,1000,True,True,True
128939016,Sách - Thần thoại Hy Lạp (tập 7): SỐ PHẬN VÀ NHỮNG BI KỊCH,60000,60000,0,0.0,0,0,,Kim Đồng,Nhà Xuất Bản Kim Đồng,,Bìa mềm,200.0,,Bamboo Books,available,1000,True,True,True
128935453,Thần thoại Hy Lạp (tập 1): Nguồn gốc các vị thần,60000,60000,0,0.0,0,2,,Kim Đồng,Nhà Xuất Bản Kim Đồng,,Bìa mềm,200.0,,Bamboo Books,available,1000,True,True,True
276394246,Sách - Bộ Tuli Tuli kể chuyện nhà ai ở đâu - Bộ 4 cuốn - Sách tranh - Tác giả Zofia Stanecka,62560,68000,8,0.0,0,0,,Vizibook,Nhà Xuất Bản Phụ Nữ Việt Nam,,Bìa mềm,42.0,2024-07-31,Vizibook,available,1000,True,True,True
275199535,Sách cho bé - Hạnh Phúc Bây Giờ Và Ở Đây – Một Cuốn Sách Về Chánh Niệm Dành Cho Trẻ Em –  Độ tuổi 3+,62560,68000,8,0.0,0,2,Nicola Edwards,Vizibook,Nhà Xuất Bản Phụ Nữ Việt Nam,,Bìa mềm,36.0,2024-06-01,Vizibook,available,1000,True,True,True
274512319,Siêu Khủng Long - Những Bí Mật Bật Ngửa Trong Thế Giới Khủng Long (Bìa Cứng) - PNU,125000,125000,0,0.0,0,0,Halfbob,NXB Phụ Nữ,Nhà Xuất Bản Phụ Nữ Việt Nam,,Bìa cứng,116.0,,Bamboo Books,available,1000,True,True,True
274377254,"Có Chó Có Mèo, Ngày Nào Cũng Vui - Tập 4 - Tặng Kèm Bookmark",35000,35000,0,5.0,1,1,Hidekichi Matsumoto,Nhà Xuất Bản Kim Đồng,Nhà Xuất Bản Kim Đồng,,Bìa mềm,124.0,,Nhân Văn,available,1000,True,True,True
274360147,Ngày bố làm bố,55000,55000,0,0.0,0,0,,Thái Hà,Nhà Xuất Bản Lao Động,,,,,Casa Sunshine,available,1000,True,True,True
273929914,Điều Con Muốn Nói,66000,66000,0,0.0,0,0,Joe Todd-Stanton,Đinh Tị,Nhà Xuất Bản Thanh Niên,,Bìa mềm,40.0,,Bamboo Books,available,1000,True,True,True
273789387,"Vun Đắp Tâm Hồn - Mơ Đi Sợ Chi - Tiến Lên Nào, Nê Mô!",50000,50000,0,0.0,0,0,May,Nhà Xuất Bản Kim Đồng,Nhà Xuất Bản Kim Đồng,,,,,Bamboo Books,available,1000,True,True,True
273480257,Truyện - Siêu Trộm Quân Tử - Arsène Lupin,160000,160000,0,0.0,0,0,,Nhà Xuất Bản Kim Đồng,Nhà Xuất Bản Kim Đồng,,,,,Bamboo Books,available,1000,True,True,True
273446617,Hòn Đảo Nhiệm Màu _PNU,45000,45000,0,0.0,0,0,Patricia Forde,Nhà xuất bản Phụ Nữ,Nhà Xuất Bản Phụ Nữ Việt Nam,,Bìa mềm,32.0,,Bamboo Books,available,1000,True,True,True
273204039,Sách - 50 phương tiện giao thông làm thay đổi thế giới,150000,150000,0,0.0,0,0,,Nhà Xuất Bản Kim Đồng,Nhà Xuất Bản Kim Đồng,,,,,Bamboo Books,available,1000,True,True,True
272230327,Cuộc Phiêu Lưu Của Dế Út: Phần Kết (Tái Bản 2023),70000,70000,0,0.0,0,3,Linh Rab,Nhà Xuất Bản Kim Đồng,Nhà Xuất Bản Kim Đồng,,Bìa gập,164.0,2023-09-22,Bamboo Books,available,1000,True,True,True
272148089,Truyện Cổ Tích Việt Nam - Tập 1: Cây Tre Trăm Đốt,69000,69000,0,0.0,0,0,Thu Hà,Văn Lang,,,Bìa mềm,160.0,2023-09-20,Bamboo Books,available,1000,True,True,True
271537147,Tranh Truyện Lịch Sử Việt Nam - Thành Thái (Tái bản 2023),20000,20000,0,0.0,0,0,,Nhà Xuất Bản Kim Đồng,Nhà Xuất Bản Kim Đồng,,Bìa mềm,32.0,2023-08-31,Bamboo Books,available,1000,True,True,True
270923401,Kim Đồng - Món quà của thiên sứ,40000,40000,0,0.0,0,0,,Nhà Xuất Bản Kim Đồng,Nhà Xuất Bản Kim Đồng,,,,,Bamboo Books,available,1000,True,True,True
270923202,Kim Đồng - Bé chơi cùng Mặt Trăng,35000,35000,0,0.0,0,0,,Nhà Xuất Bản Kim Đồng,Nhà Xuất Bản Kim Đồng,,,,,Bamboo Books,available,1000,True,True,True
270923193,Kim Đồng - Bé chơi cùng Mặt Trời,35000,35000,0,0.0,0,0,,Nhà Xuất Bản Kim Đồng,Nhà Xuất Bản Kim Đồng,,,,,Bamboo Books,available,1000,True,True,True
270823228,Tranh Truyện Lịch Sử Việt Nam - Duy Tân (Tái bản 2023),20000,20000,0,0.0,0,0,"Nguyễn Huy Thắng,  Lê Minh Hải",Nhà Xuất Bản Kim Đồng,Nhà Xuất Bản Kim Đồng,,Bìa mềm,32.0,2023-07-31,Bamboo Books,available,1000,True,True,True
270057324,Tranh Truyện Lịch Sử Việt Nam - Trần Hưng Đạo (Tái bản 2023),20000,20000,0,0.0,0,0,"Lê Vân, Nguyễn Bích",Nhà Xuất Bản Kim Đồng,Nhà Xuất Bản Kim Đồng,,Bìa mềm,32.0,2023-07-07,Bamboo Books,available,1000,True,True,True
270057318,Tranh Truyện Lịch Sử Việt Nam - Trần Nhân Tông (Tái bản 2023),20000,20000,0,0.0,0,1,"Lê Phương Liên,  Tạ Huy Long",Nhà Xuất Bản Kim Đồng,Nhà Xuất Bản Kim Đồng,,Bìa mềm,32.0,,Bamboo Books,available,1000,True,True,True
270057297,Tranh Truyện Lịch Sử Việt Nam - Phạm Ngũ Lão (Tái bản 2023),20000,20000,0,0.0,0,0,"Anh Chi,  Lê Minh Hải",Nhà Xuất Bản Kim Đồng,Nhà Xuất Bản Kim Đồng,,Bìa mềm,32.0,2023-07-07,Bamboo Books,available,1000,True,True,True
269026487,Tranh Truyện Lịch Sử Việt Nam - Lê Chân (Tái bản 2023),20000,20000,0,0.0,0,0,,Nhà Xuất Bản Kim Đồng,Nhà Xuất Bản Kim Đồng,,Bìa mềm,32.0,2023-07-04,Bamboo Books,available,1000,True,True,True
268988685,Tranh Truyện Lịch Sử Việt Nam - Ngô Quyền (Tái bản 2023),20000,20000,0,0.0,0,1,An Cương -   Tạ Huy Long,Nhà Xuất Bản Kim Đồng,Nhà Xuất Bản Kim Đồng,,Bìa mềm,32.0,2023-07-04,Bamboo Books,available,1000,True,True,True
268917906,Tranh Truyện Lịch Sử Việt Nam - Trần Khánh Dư (Tái bản 2023),20000,20000,0,0.0,0,0,"Anh Chi,  Lê Minh Hải",Nhà Xuất Bản Kim Đồng,Nhà Xuất Bản Kim Đồng,,Bìa mềm,32.0,2023-07-04,Bamboo Books,available,1000,True,True,True
268895458,Tranh Truyện Lịch Sử Việt Nam - Phùng Hưng (Tái bản 2023),20000,20000,0,0.0,0,0,"Anh Chi,  Lê Minh Hải",Nhà Xuất Bản Kim Đồng,Nhà Xuất Bản Kim Đồng,,Bìa mềm,32.0,2023-07-04,Bamboo Books,available,1000,True,True,True
263089250,Danh Nhân Thế Giới: Newton (Tái Bản 2022),30000,30000,0,0.0,0,1,Neung In Publishing Company,Công ty TNHH Tazano,Nhà Xuất Bản Kim Đồng,,Bìa mềm,160.0,,Bamboo Books,available,1000,True,True,True
262688055,Tranh Truyện Lịch Sử Việt Nam - Chu Văn An,20000,20000,0,0.0,0,0,,Nhà Xuất Bản Kim Đồng,Nhà Xuất Bản Kim Đồng,,Bìa mềm,32.0,2023-06-03,Bamboo Books,available,1000,True,True,True
262453040,Tranh Truyện Lịch Sử Việt Nam - Lý Thái Tông,20000,20000,0,0.0,0,1,,Nhà Xuất Bản Kim Đồng,Nhà Xuất Bản Kim Đồng,,Bìa mềm,32.0,2023-05-31,Bamboo Books,available,1000,True,True,True
248586422,Thế Giới Của Peppa - Những Con Vật Tí Hon,30000,30000,0,0.0,0,0,Nhiều tác giả,Nhà Xuất Bản Kim Đồng,Nhà Xuất Bản Kim Đồng,,,,,Bamboo Books,available,1000,True,True,True
247981301,Sách - Tranh truyện lịch sử Việt Nam - Mai Thúc Loan,20000,20000,0,0.0,0,0,,Không có,Không có,,,,,Bamboo Books,available,1000,True,True,True
229704533,Sách Từ Điển Bằng Hình - Động Vật Dưới Nước ( Song Ngữ Anh Việt - Tái Bản),60000,60000,0,0.0,0,1,Bảo Châu,Công Ty TNHH Văn Hóa Việt Thư,Nhà Xuất Bản Phụ Nữ Việt Nam,,Bìa mềm,36.0,,Bảo Châu Books,available,1000,True,True,True
216399506,Trọn Bộ Combo Truyện Đọc Bằng Hình Dành Cho Bé Từ 3 Đến 5 Tuổi ( Bìa Mềm ),1060000,1060000,0,0.0,0,0,nhieu tac gia,Công Ty TNHH Văn Hóa Việt Thư,Nhà Xuất Bản Phụ Nữ Việt Nam,,Bìa mềm,128.0,,Bảo Châu Books,available,1000,True,True,True
215040253,Mỗi Ngày Là Một Ngày Vui: Tham Dự Tiệc Hóa Trang,20000,20000,0,0.0,0,0,Gong Ruping,Nhà Xuất Bản Kim Đồng,Nhà Xuất Bản Kim Đồng,,,,,Bamboo Books,available,1000,True,True,True
213713477,Combo Hình Dán Thông Minh - Thế Giới Động Vật Vui Nhộn 1 +2 (Bộ 2 Tập) _DTI,98000,98000,0,0.0,0,0,,Đinh Tị,Nhà Xuất Bản Thanh Niên,,Bìa mềm,20.0,,Bamboo Books,available,1000,True,True,True
205694957,Truyện Đọc Bằng Hình Ảnh - Những Câu Chuyện Ngụ Ngôn Việt Nam Đặc Sắc 2,98000,98000,0,0.0,0,0,Nhã Uyên,Nhà xuất bản Phụ Nữ,Nhà Xuất Bản Phụ Nữ,,Bìa mềm,99.0,,Nhà Sách Phương Nam,available,1000,True,True,True
204878289,Trái Cây Đại Chiến Zombie - Câu Đố Bí Ẩn Về Địa Lý,95000,95000,0,0.0,0,0,,Huy Hoàng Bookstore,Nhà Xuất Bản Phụ Nữ Việt Nam,,Bìa mềm,,,Bamboo Books,available,1000,True,True,True
192950103,Truyện Tranh Tri Thức Khoa Học - Khủng Hoảng Vũ Trụ,129000,129000,0,0.0,0,0,Kazuto SANJO,Thái Hà,Nhà Xuất Bản Hà Nội,,,,,Bamboo Books,available,1000,True,True,True
177145328,EQ-IQ giúp trẻ làm chủ cảm xúc - Sợ hãi,32000,32000,0,0.0,0,0,,Đinh Tị,oem,,Bìa mềm,,,Bamboo Books,available,1000,True,False,True
137430680,Sách Chuyện Của Tee Và Giri - Tớ Học Cách Tiết Kiệm,22000,22000,0,0.0,0,1,Bùi Tuấn Linh,Nhà Xuất Bản Kim Đồng,Nhà Xuất Bản Kim Đồng,,Bìa mềm,24.0,,Bamboo Books,available,1000,True,True,True
122273419,Sách Nhận Biết & Phân Biệt Cho Bé - Bộ Muôn Điều Kì Diệu - (2 Cuốn Thơ) Cho Trẻ Tập Nói Tập Đọc 0-3-5 Tuổi,96000,96000,0,5.0,3,42,,CÔNG TY TNHH LIONBOOKS VIỆT NAM,Nhà Xuất Bản Hà Nội,,Bìa mềm,28.0,2021-08-16,Casa Sunshine,available,1000,True,True,True
97027236,Bộ 4 Cuốn Giáo Sư Mèo Siêu Việt,557200,796000,30,0.0,0,0,nhieu tac gia,Alpha Books,NXB Dân Trí,,Bìa mềm,272.0,2021-05-12,Alpha Books Official,available,1000,True,True,True
278320535,Sách Truyện Tranh Song Ngữ Việt Anh Cho Bé - Ở Nơi Công Cộng Hành Động Văn Minh,14800,15000,1,0.0,0,0,"Khánh Vân, Quỳnh Rùa",Đinh Tị,Nhà Xuất Bản Thanh Niên,,Bìa mềm,16.0,,Play With Me,available,1000,True,True,True
278320524,Sách Truyện Tranh Song Ngữ Việt Anh Cho Bé - Giúp Đỡ Mọi Người Thật Là Vui,14800,15000,1,0.0,0,0,"Khánh Vân, Quỳnh Rùa",Đinh Tị,Nhà Xuất Bản Thanh Niên,,Bìa mềm,16.0,,Play With Me,available,1000,True,True,True
278115831,Sách - Tớ thật Siêu - Combo 6 Cuốn Dành Cho Bé Từ 3 Tuổi - NXB Dân Trí,234000,234000,0,0.0,0,0,,Công ty TNHH Tiên Phong Books,Nhà Xuất Bản Dân Trí,,Bìa mềm,,,Tiên Phong Books Việt Nam,available,1000,True,True,True
277420683,Sách - Nhím Charlie Tài Ba (Combo/Cuốn Lẻ) - NXB Kim Đồng,95000,95000,0,0.0,0,0,nhieu tac gia,Đông A,Nhà Xuất Bản Kim Đồng,,Bìa mềm,204.0,,Những Vì Sao Bookstore,available,1000,True,True,True
276262868,"Sách - Tớ ăn hai, cho cậu hẳn một cái nhé (truyện cho bé từ 2 tuổi+) - Bìa cứng",93000,93000,0,0.0,0,5,Jörg Mühle,Crabit Kidbooks,Nhà Xuất Bản Hà Nội,,Bìa cứng,32.0,,Những Vì Sao Bookstore,available,1000,True,True,True
276178399,Truyện tranh SN Anh - Việt - Bé học về sự sống và sự thay đổi của tự nhiên (Living creatures and Nature changing),26000,26000,0,0.0,0,0,,Đinh Tị,Nhà Xuất Bản Thanh Niên,,Bìa mềm,32.0,,ECOBOOK VN,available,1000,True,True,True
276178388,Truyện tranh Song Ngữ Anh - Việt - Bé sống chân thành và chan hòa (Being sincere and In harmony),26000,26000,0,0.0,0,0,,Đinh Tị,Nhà Xuất Bản Thanh Niên,,Bìa mềm,32.0,,ECOBOOK VN,available,1000,True,True,True
276177976,Rèn luyện tính cách tốt cho trẻ - Gấu con thích nói không - Dạy trẻ biết chấp nhận,25000,25000,0,0.0,0,0,,Đinh Tị,Nhà Xuất Bản Thanh Niên,,Bìa mềm,24.0,,ECOBOOK VN,available,1000,True,True,True
275750827,Sách - Combo Tranh Truyện Lịch Sử Việt Nam : 10 quyển - 20 quyển (giao ngẫu nhiên),360000,360000,0,0.0,0,2,"Nam Việt,  Tạ Huy Long",Nhà Xuất Bản Kim Đồng,Nhà Xuất Bản Kim Đồng,,Bìa mềm,,,Tiệm Sách Minh Vân,available,1000,True,True,True
274964900,"Sách - Combo 2 Cuốn Bóng Tối Bao La, Đầu Voi Đuôi Chuột – San Hô Books.",259000,259000,0,0.0,0,2,Anh em nhà Fan,Công ty Cổ phần Sách và Truyền thông San Hô,Nhà Xuất Bản Thanh Niên,,Bìa cứng,,,San Ho Books,available,1000,True,True,True
274890211,Sách - Chilly Da Vinci - Bìa cứng,109000,109000,0,0.0,0,0,,Crabit Kidbooks,Nhà Xuất Bản Hà Nội,,,,,Những Vì Sao Bookstore,available,1000,True,True,True
274887979,Sách - Bộ siêu lập dị (4 cuốn có lẻ) - NXB Kim Đồng - Bìa mềm,260000,260000,0,0.0,0,1,,Nhà Xuất Bản Kim Đồng,Nhà Xuất Bản Kim Đồng,,,,,Những Vì Sao Bookstore,available,1000,True,True,True
274886260,Bộ Sách - Quái Vật Sắc Màu - Bìa mềm,104000,104000,0,0.0,0,0,,Nhà Xuất Bản Kim Đồng,Nhà Xuất Bản Kim Đồng,,,,,Những Vì Sao Bookstore,available,1000,True,True,True
274882989,Sách - 199 Mấy Hồi Ấy Làm Gì? - NXB Kim Đồng - Bìa Mềm,112000,112000,0,0.0,0,0,,Nhà Xuất Bản Kim Đồng,Nhà Xuất Bản Kim Đồng,,,,,Bamboo Books,available,1000,True,True,True
274872476,Sách song ngữ - Tớ Biết Bay - I Can Fly,110000,110000,0,0.0,0,0,,Công ty Cổ phần Sách và Truyền thông San Hô,Nhà Xuất Bản Thanh Niên,,,,,Những Vì Sao Bookstore,available,1000,True,True,True
274872473,Combo 2 cuốn sách: Chiếc Sofa Hoàn Hảo + Buổi Cắm Trại Hoàn Hảo,180000,180000,0,0.0,0,0,,Công ty Cổ phần Sách và Truyền thông San Hô,Nhà Xuất Bản Thanh Niên,,,,,Những Vì Sao Bookstore,available,1000,True,True,True
274868539,Sách - Học Sinh Chúng Mình 2000 Hồi Ấy - NXB Kim Đồng - Bìa Mềm,120000,120000,0,0.0,0,0,Trang Neko,Nhà Xuất Bản Kim Đồng,Nhà Xuất Bản Kim Đồng,,Bìa mềm,,,Bamboo Books,available,1000,True,True,True
274847900,Sách - Combo 5 Quyển Lạc Quanh Thế Giới - Bộ Sách Phát Triển Tư Duy Và Khám Phá Thế Giới Cùng Bé,175000,175000,0,0.0,0,0,nhieu tac gia,Công ty TNHH Tiên Phong Books,Nhà Xuất Bản Tri Thức,,Bìa mềm,32.0,,Tiên Phong Books Việt Nam,available,1000,True,True,True
273896966,Sách - Dâu tây xứ lạnh,38610,39000,1,0.0,0,0,Nguyễn Trần Thiên Lộc,Zenbooks,Nhà Xuất Bản Đà Nẵng,,Bìa mềm,32.0,,Đảo Sách Store,available,1000,True,True,True
273875382,Những Cuộc Phiêu Lưu Kì Thú - Tấm Bản Đồ Kho Báu,40000,40000,0,0.0,0,0,Astrid Sheckels,Kim Đồng,Nhà Xuất Bản Kim Đồng,,,32.0,,Bamboo Books,available,1000,True,True,True
273719448,Aladdin Và Cây Đèn Thần,39000,49000,20,0.0,0,0,Richard F.Burton,Alphabooks,Nhà Xuất Bản Dân Trí,,Bìa mềm,52.0,2020-08-01,Sống Official,available,1000,True,True,True
273647051,Vun Đắp Tâm Hồn - Mơ Đi Sợ Chi: Nàng Công Chúa Mơ Bay,50000,50000,0,0.0,0,0,,Nhà Xuất Bản Kim Đồng,Nhà Xuất Bản Kim Đồng,,Bìa mềm,36.0,2023-12-16,Bamboo Books,available,1000,True,True,True
271663554,Sách - Bụi ở Sài Gòn - Em yêu Việt Nam mình - Lionbooks,169000,169000,0,0.0,0,3,,CÔNG TY TNHH LIONBOOKS VIỆT NAM,Nhà Xuất Bản Hà Nội,,Bìa cứng,48.0,,Mộc Nhiên Kids Store,available,1000,True,True,True
270925339,Sách Thơ - Nếu tớ không vứt rác thải bừa bãi cho bé 0-6 tuổi - LionBooks,61900,73000,15,0.0,0,5,,CÔNG TY TNHH LIONBOOKS VIỆT NAM,Nhà Xuất Bản Hà Nội,,Bìa mềm,32.0,,Mộc Nhiên Kids Store,available,1000,True,True,True
270923209,Kim Đồng - Bé chơi cùng Mây,35000,35000,0,0.0,0,0,,Nhà Xuất Bản Kim Đồng,Nhà Xuất Bản Kim Đồng,,,,,Bamboo Books,available,1000,True,True,True
270823430,Bạn Cá Sấu Thân Thiện - Tập 2: Những Mẩu Truyện Nho Nhỏ,70000,70000,0,0.0,0,1,,Nhà Xuất Bản Kim Đồng,Nhà Xuất Bản Kim Đồng,,Bìa gập,140.0,2023-07-31,Bamboo Books,available,1000,True,True,True
253046778,ATLAS CÁC LOÀI CHIM,190000,190000,0,0.0,0,0,Barbara Taylor,Công Ty Cổ Phần Văn Hóa Đông A,Nhà Xuất Bản Dân Trí,,Bìa cứng,64.0,2023-04-01,Bamboo Books,available,1000,True,True,True
249959545,"Combo 5 Cuốn Sách Chúng Mình Cùng Nhau - Phần 1, 2",195000,195000,0,0.0,0,9,,CÔNG TY TNHH LIONBOOKS VIỆT NAM,Nhà Xuất Bản Hà Nội,,Bìa mềm,,,Casa Sunshine,available,1000,True,True,True
249957818,Bộ Sách Chúng Mình Cùng Nhau - Phần 2,78000,78000,0,0.0,0,2,,CÔNG TY TNHH LIONBOOKS VIỆT NAM,Nhà Xuất Bản Hà Nội,,Bìa mềm,,,Casa Sunshine,available,1000,True,True,True
249771508,"Poco Ở Thế Giới Udon – Tập 8 "" - TRUYỆN TRANH",58000,58000,0,0.0,0,0,,AZ Việt Nam,Nhà Xuất Bản Thế Giới,,,,,Bamboo Books,available,1000,True,True,True
247239968,Cùng Con Trưởng Thành - Từ Điển Bằng Hình Cho Trẻ Mầm Non - Động Vật Nuôi,45000,45000,0,0.0,0,0,"Minh Trang,  Ngọc Linh",Đinh Tị,Nhà Xuất Bản Hà Nội,,,,,Bamboo Books,available,1000,True,True,True
215560734,Trang Trại 123,68000,68000,0,0.0,0,0,,Fahasa,Nhà Xuất Bản Thế Giới,,,,,NHÀ SÁCH AN THƯ,available,1000,True,True,True
206377340,5 Phút Đọc Truyện Cùng Con Yêu - Những Câu Chuyện Phép Thuật,79000,79000,0,0.0,0,1,,Nhà Xuất Bản Mỹ Thuật,Nhà Xuất Bản Mỹ Thuật,,Bìa cứng,48.0,,Nhà Sách Phương Nam,available,1000,True,True,True
193910755,Cây Bách Xù,129000,129000,0,0.0,0,0,,Kim Đồng,oem,,Bìa mềm,,,Bamboo Books,available,1000,True,False,True
186070667,"“Của tớ, của tớ, của tớ!” Nhím nói chẳng chần chờ - ",99000,99000,0,0.0,0,2,,Quang Van Books,Nhà Xuất Bản Phụ Nữ Việt Nam,,,,,Casa Sunshine,available,1000,True,True,True
167615735,Bộ Sách Phát Triển Tư Duy Và Ngôn Ngữ Cho Bé - Truyện Đọc Bằng Hình Ảnh - Truyện Ngụ Ngôn Việt Nam đặc sắc tập 1,98000,98000,0,0.0,0,1,Nhã Uyên,Nhà Sách Hồng Ân,Nhà Xuất Bản Phụ Nữ,,,96.0,,Bảo Châu Books,available,1000,True,True,True
136482775,Sách Cùng Nhau Đi Dã Ngoại (Tái bản năm 2021),55000,55000,0,0.0,0,2,Naokata Mase,Phương Nam Book,Nhà Xuất Bản Lao Động,,Bìa mềm,26.0,,Nhà Sách Phương Nam,available,1000,True,True,True
128938692,Thần Thoại Hy Lạp - Tập 13: Gót Chân Achilles,60000,60000,0,0.0,0,0,,Kim Đồng,Nhà Xuất Bản Kim Đồng,,Bìa mềm,200.0,,Bamboo Books,available,1000,True,True,True
98293726,Giáo Sư Mèo Siêu Việt: Phiêu Lưu Trong Cơ Thể Người,139300,199000,30,0.0,0,0,nhieu tac gia,Alpha Books,NXB Dân Trí,,Bìa mềm,68.0,2021-05-17,Alpha Books Official,available,1000,True,True,True
34748987,Những Câu Chuyện Về Chó,52000,52000,0,0.0,0,0,"., ., ., ., ...",NXB Hội Nhà Văn,,,,,,SÁCH ĐẠI NAM,available,1000,True,True,True
278450358,(Bìa cứng in màu) ĐIỀU KỲ DIỆU CỦA THIÊN NHIÊN - Altea Villa; Francesca Sudano – Mai VQ dịch - Ndbooks,151000,151000,0,0.0,0,0,nhieu tac gia,CÔNG TY TNHH THƯƠNG MẠI SÁCH NHÂN DÂN,Nhà Xuất Bản Thế Giới,,Bìa cứng,88.0,,BÌNH BÁN BOOK,available,1000,True,True,True
278320528,Sách Truyện Tranh Song Ngữ Việt Anh Cho Bé - Ăn Đúng Cách Uống Đúng Mực,14800,15000,1,0.0,0,0,"Khánh Vân, Quỳnh Rùa",Đinh Tị,Nhà Xuất Bản Thanh Niên,,Bìa mềm,16.0,,Play With Me,available,1000,True,True,True
277933970,(In màu) HIỆP SĨ DẾ MÈN - Cuốn sách đầu tiên của Việt Nam được minh hoạ hoàn toàn bằng AI - Lê Văn Thao - NXB Mỹ Thuật,202000,202000,0,0.0,0,3,Lê Văn Thao,Nhà Xuất Bản Mỹ Thuật,Nhà Xuất Bản Mỹ Thuật,,Bìa mềm,274.0,,BÌNH BÁN BOOK,available,1000,True,True,True
277729637,(Bìa cứng – In màu) THƯ GỬI THẦN CHẾT – Quỳnh Hương (Hũ) - Slowbooks,250000,250000,0,0.0,0,2,,Công ty TNHH Xuất bản và Giáo dục Slowbooks,Nhà Xuất Bản Hà Nội,,Bìa cứng,,,BÌNH BÁN BOOK,available,1000,True,True,True
277364293,"BỘ 4 CUỐN SÁCH THÁM TỬ KỸ NĂNG MỀM – Diane Lindsey Reeves và Connie Hansen - Ngô Hà Thu, Bạch Dương dịch – NXB Phụ nữ Việt Nam",162000,162000,0,0.0,0,0,nhieu tac gia,NXB Phụ Nữ Việt Nam,Nhà Xuất Bản Phụ Nữ Việt Nam,,Bìa mềm,128.0,,BÌNH BÁN BOOK,available,1000,True,True,True
277276210,FERDA CHÚ KIẾN TÀI BA – Ondřej Sekora – Nghiêm Quỳnh Trang dịch – San Hô – NXB Thanh Niên,117000,117000,0,0.0,0,2,,Công ty Cổ phần Sách và Truyền thông San Hô,Nhà Xuất Bản Thanh Niên,,Bìa mềm,72.0,,BÌNH BÁN BOOK,available,1000,True,True,True
276781575,(Bìa cứng – In màu) DẠO BƯỚC VỚI THỜI GIAN – Maru – Quỳnh Hương (Hũ) – Slowbooks,209000,209000,0,0.0,0,1,,Công ty TNHH Xuất bản và Giáo dục Slowbooks,Nhà Xuất Bản Hà Nội,,Bìa cứng,,,BÌNH BÁN BOOK,available,1000,True,True,True
276466868,(Bìa cứng in màu) XƯƠNG RỒNG CŨNG CẦN LẮM MỘT CÁI ÔM – Carter Goodrich – Hà Thy dịch – Crabit Kidbooks – NXB Hà Nội,99000,99000,0,0.0,0,1,,Crabit Kidbooks,Nhà Xuất Bản Hà Nội,,Bìa cứng,44.0,,BÌNH BÁN BOOK,available,1000,True,True,True
276098417,"DARWIN VÀ LOÀI GIUN SIÊU PHÀM – Polly Owen, Gwen Millward – Ái Nhi dịch – San Hô – NXB Thanh niên",125000,125000,0,0.0,0,0,nhieu tac gia,Công ty Cổ phần Sách và Truyền thông San Hô,Nhà Xuất Bản Thanh Niên,,Bìa mềm,32.0,,BÌNH BÁN BOOK,available,1000,True,True,True
275671778,Gieo Hạt Giống Thương Yêu - Mình Là Chị Gái Rồi Nhé!,18500,18500,0,0.0,0,0,Caroline Jayne Church,Đinh Tị,Nhà Xuất Bản Hà Nội,,Bìa mềm,24.0,,Tiệm Sách Minh Vân,available,1000,True,True,True
274755767,Chico Bon Bon: Chú Khỉ Có Chiếc Đai Vạn Năng - Bí Ẩn Trường Học,59000,59000,0,0.0,0,0,,Alpha Books,Nhà Xuất Bản Dân Trí,,Bìa mềm,36.0,,HỆ THỐNG NHÀ SÁCH ABC,available,1000,True,True,True
274755539,Chico Bon Bon: Chú Khỉ Có Chiếc Đai Vạn Năng - Điệp Vụ Truy Tìm Tiếng Ồn,59000,59000,0,0.0,0,0,,Alpha Books,Nhà Xuất Bản Dân Trí,,Bìa mềm,36.0,,Nhà Sách Vĩnh Thụy,available,1000,True,True,True
274523892,Bé Nấm Lùn - Tuyển Tập Đặc Biệt Vol. 4,25000,25000,0,0.0,0,11,,Hoa Học Trò,Hoa Học Trò,,Bìa mềm,52.0,,Nhà Sách Phương Nam,available,1000,True,True,True
274064677,Đã Ngầu Xin Đừng Hậu Đậu!! - Tập 3,115000,115000,0,0.0,0,0,Kokone Nata,NXB Hà Nội,Nhà Xuất Bản Hà Nội,,Bìa mềm,152.0,,Nhà Sách Phương Nam,available,1000,True,True,True
274028688,Ponko Vô Dụng - Tập 3,59000,59000,0,0.0,0,0,Keita Yatera,NXB Thế Giới,Nhà Xuất Bản Thế Giới,,Bìa mềm,160.0,,Nhà Sách Phương Nam,available,1000,True,True,True
273306945,"(Bìa cứng, có bìa áo) CÔNG CHÚA ẾCH _Tủ sách Truyện cổ thế giới _  Élodie Fondacci_Crabit _NXB Hà Nội",125000,125000,0,0.0,0,2,,Crabitkidbooks,Nhà Xuất Bản Hà Nội,,,,,BÌNH BÁN BOOK,available,1000,True,True,True
273152212,Những ngày xưa yêu dấu - Tủ sách nhà văn Roald Dahl,60000,60000,0,0.0,0,0,Roald Dahl,Nhà Xuất Bản Kim Đồng,Nhà Xuất Bản Kim Đồng,,Bìa mềm,244.0,,Nhà Sách Vĩnh Thụy,available,1000,True,True,True
271128509,"(Minh hoạ màu – Bộ 3 tập) ĐỨC PHẬT KỂ CON NGHE 1, 2, 3 - Dharmachari Nagaraja - Thái Hà Books",403000,403000,0,0.0,0,1,,Thái Hà,Nhà Xuất Bản Lao Động,,Bìa mềm,,,BÌNH BÁN BOOK,available,1000,True,True,True
270745502,Trên Cao Xanh Có Gì? - Món Quà Đặc Biệt Của Sắc Màu,35000,35000,0,0.0,0,0,Bùi Sao,NXB Thanh Niên,Nhà Xuất Bản Thanh Niên,,Bìa mềm,35.0,,Nhà Sách Phương Nam,available,1000,True,True,True
270743772,Truyện Tranh Song Ngữ Việt-Anh Cho Bé - Để Gội Đầu Mà Không Cay Mắt,15000,15000,0,0.0,0,2,Sirilak Rattanasuwaj,NXB Phụ Nữ,Nhà Xuất Bản Phụ Nữ,,Bìa mềm,15.0,2020-07-04,Nhà Sách Phương Nam,available,1000,True,True,True
270743759,Truyện Tranh Song Ngữ Việt-Anh Cho Bé - Tập Thể Dục Quan Trọng Lắm Nhé,15000,15000,0,0.0,0,0,Sirilak Rattanasuwaj,NXB Phụ Nữ,Nhà Xuất Bản Phụ Nữ,,Bìa mềm,15.0,2020-07-04,Nhà Sách Phương Nam,available,1000,True,True,True
270715142,Học Tiếng Anh Cùng Truyện Ngụ Ngôn Aesop - Chú Chó Và Cái Bóng (Song ngữ Anh-Việt),40000,40000,0,0.0,0,0,Megan Sussman,NXB Thanh Niên,Nhà Xuất Bản Thanh Niên,,Bìa mềm,40.0,2020-06-07,Bamboo Books,available,1000,True,True,True
270713158,Truyện Tranh Lịch Sử Việt Nam - Họ Khúc Dấy Nghiệp (Tập 14),10000,10000,0,0.0,0,0,nhieu tac gia,NXB Mỹ Thuật,Nhà Xuất Bản Mỹ Thuật,,Bìa mềm,23.0,2009-01-11,Nhà Sách Phương Nam,available,1000,True,True,True
270712439,Chiêu Hoàng Kỷ - Tập 2,69000,69000,0,0.0,0,0,Đường,NXB Hội Nhà Văn,Nhà Xuất Bản Hội Nhà Văn,,Bìa mềm,171.0,,Nhà Sách Phương Nam,available,1000,True,True,True
270711416,Dạy Con Bằng Kể Chuyện - Tớ Có Thói Quen Tốt,38000,38000,0,0.0,0,1,Đồng Niên,NXB Hồng Đức,Nhà Xuất Bản Hồng Đức,,Bìa mềm,54.0,,Bamboo Books,available,1000,True,True,True
270711258,Truyện Kể Bốn Mùa - Nhím Con Ham Học Hỏi - Món Quà Của Mùa Hè,35000,35000,0,0.0,0,0,Elena Ulyeva,NXB Thanh Niên,Nhà Xuất Bản Thanh Niên,,Bìa mềm,32.0,,Nhà Sách Phương Nam,available,1000,True,True,True
270708588,Ehon Bé Ngoan - Một Và Đôi,46000,46000,0,0.0,0,0,nhieu tac gia,NXB Phụ Nữ,Nhà Xuất Bản Phụ Nữ,,Bìa mềm,30.0,,Nhà Sách Phương Nam,available,1000,True,True,True
270707761,Sói Đầu Đàn Và Cún Nhỏ - Tập 1,128000,128000,0,0.0,0,2,Ma Vĩ,NXB Hà Nội,Nhà Xuất Bản Hà Nội,,Bìa mềm,176.0,,Nhà Sách Phương Nam,available,1000,True,True,True
270300711,Cuộc Chiến Giữa Sen Và Boss,280000,280000,0,0.0,0,0,Milo,NXB Hồng Đức,Nhà Xuất Bản Hồng Đức,,Bìa mềm,351.0,,Nhà Sách Phương Nam,available,1000,True,True,True
206480296,Cổ Tích Trăng Non - Chiếc Áo Đẹp,16000,16000,0,0.0,0,1,Ngọc Phương,Nhà xuất bản Phụ Nữ,Nhà Xuất Bản Phụ Nữ,,Bìa mềm,24.0,,Nhà Sách Phương Nam,available,1000,True,True,True
200970455,"Mã Tiểu Khiêu phiêu lưu ký, Khám Phá Thế giới: ''Thời Kỳ Thịnh Vượng Của Khủng Long''",236000,295000,20,0.0,0,0,Dương Hồng Anh,Cty Sách Hương Giang,Nhà Xuất Bản Phụ Nữ Việt Nam,,Bìa mềm,144.0,2022-10-13,Nhà sách Hương Giang,available,1000,True,True,True
200850584,"Mã tiểu Khiêu Phiêu Lưu Ký, Khám phá thế giới ''Kỷ Trias''",236000,295000,20,0.0,0,0,,Cty Sách Hương Giang,Nhà Xuất Bản Phụ Nữ Việt Nam,,Bìa mềm,144.0,2022-10-13,Nhà sách Hương Giang,available,1000,True,True,True
193563181,(Combo 2 cuốn) (Bìa cứng có áo) CHÚ RỒNG CỦA CHA TÔI và ELMER VÀ CHÚ RỒNG - Ruth Stiles Gannett – minh họa bởi Ruth Chrisman Gannett & Lá - Crabit Kidbooks ,285000,285000,0,4.7,3,53,,Crabit Kidbooks,Nhà Xuất Bản Hà Nội,,Bìa cứng,200.0,,BÌNH BÁN BOOK,available,1000,True,True,True
137440205,Sách Combo Tommy Cá Sấu Nhỏ (Bộ 5 cuốn),180000,180000,0,0.0,0,3,Eddy Coubeaux,Nhà Xuất Bản Thế Giới,Nhà Xuất Bản Thế Giới,,Bìa mềm,,,Nhà Sách Phương Nam,available,1000,True,True,True
34750466,Cổ Tích Thế Giới Song Ngữ Anh - Việt: Sleeping Beauty - Công Chúa Ngủ Trong Rừng (Tái Bản 2019),28000,28000,0,5.0,14,112,"Hồng Lam,  Điển Dũng,  Điển Dũng , Vân Trang",Phuc Minh Books,Nhà Xuất Bản Văn Học,,,,,Phúc Minh Books,available,1000,True,True,True
34750462,Cổ Tích Thế Giới Song Ngữ Anh - Việt: Snow White And The Seven Dwarfs - Nàng Bạch Tuyết Và Bảy Chú Lùn (Tái Bản 2019),28000,28000,0,5.0,10,80,"Hồng Lam,  Điển Dũng,  Điển Dũng , Vân Trang",Phúc Minh,Nhà Xuất Bản Văn Học,,Bìa mềm,,,Phúc Minh Books,available,1000,True,True,True
34750386,Cổ Tích Thế Giới Song Ngữ Anh - Việt: The Little Mermaid - Nàng Tiên Cá (Tái Bản 2019),28000,28000,0,5.0,10,107,"Vân Trang,  Điển Dũng,  Hồng Lam,  Điển Dũng",Phúc Minh,,,,,,Phúc Minh Books,available,1000,True,False,True
34749283,Cổ Tích Thế Giới Song Ngữ Anh - Việt: The Wolf And The Little Goats - Dê Con Và Chó Sói (Tái Bản 2019),28000,28000,0,5.0,16,161,"Hồng Lam,  Điển Dũng,  Điển Dũng , Vân Trang",NXB Văn Học,Nhà Xuất Bản Văn Học,,,,,Phúc Minh Books,available,1000,True,True,True
31515478,Hoàng Tử Ếch - The Frog Prince - Song Ngữ Anh Việt (Tái Bản 2019),28000,28000,0,5.0,16,181,"Điển Dũng, Vân Trang",Phuc Minh Books,Nhà Xuất Bản Văn Học,,,,,Phúc Minh Books,available,1000,True,True,True
26169810,Truyện Tranh Song Ngữ - Tori’s Red Hair,85000,85000,0,5.0,19,251,Young Cheol Yoon,Phúc Minh,Nhà Xuất Bản Phụ Nữ,,Bìa cứng,36.0,2019-01-08,Phúc Minh Books,available,1000,True,True,True
278713027,Sách - Truyện Kể Cho Bé Trước Giờ Đi Ngủ - Ngày Xửa Ngày Xưa - Người Đẹp Ngủ Trong Rừng,16000,16000,0,0.0,0,0,nhieu tac gia,Đinh Tị,nxb thanh nien,,Bìa mềm,,2023-12-21,Nhà sách Fahasa,available,1000,True,True,True
278712805,"Sách - Bạn Thân Của Tớ Là... Bố - Mẹ Đi Vắng Rồi, Bố Con Mình Cùng Vẽ Thôi!",20000,20000,0,0.0,0,0,nhieu tac gia,Đinh Tị,Nhà Xuất Bản Hà Nội,,Bìa mềm,,2023-12-21,Nhà sách Fahasa,available,1000,True,True,True
278694963,Sách Gia Đình Kì Lạ,38400,40000,4,0.0,0,0,"Phan Mai Thư Nhã, Phan Mai Triều Huy",Nhà Xuất Bản Kim Đồng,Nhà Xuất Bản Kim Đồng,,Bìa mềm,36.0,,Tiki Trading,available,1000,False,True,True
278636696,Sách Bé Thông Minh - Chơi Cùng Số Đếm,42750,45000,5,0.0,0,1,"Thiên Tâm, Bluey",Nhà Xuất Bản Kim Đồng,Nhà Xuất Bản Kim Đồng,,Bìa cứng,24.0,,Tiki Trading,available,1000,False,True,True
278431767,Sách Gia Đình Vui Vẻ,45600,48000,5,0.0,0,6,"Trương Huệ Văn, Lê Hành",Nhà Xuất Bản Kim Đồng,Nhà Xuất Bản Kim Đồng,,Bìa mềm,44.0,2025-07-28,Tiki Trading,available,1000,False,True,True
278431654,Sách Câu Chuyện Nhà Thỏ,43600,45000,3,0.0,0,0,Giuditta Campello,Nhà Xuất Bản Kim Đồng,Nhà Xuất Bản Kim Đồng,,Bìa mềm,28.0,2025-07-28,Tiki Trading,available,1000,False,True,True
275284434,Gấu Mèo Chester Và Quả Sồi Đong Đầy Kỷ Niệm,48000,48000,0,0.0,0,0,"Audrey Penn,  Barbara L Gibson",Công ty TNHH Thương mại và Dịch vụ Văn hóa Hà Nội,Nhà Xuất Bản Phụ Nữ Việt Nam,,Bìa mềm,64.0,,SÁCH ĐẠI NAM,available,1000,True,True,True
271433726,"Truyện Tranh Song Ngữ Việt-Anh Cho Bé - Chân Thành Chia Sẻ, Vui Vẻ Bên Nhau - When You Share, You Have Great Joy",15000,15000,0,0.0,0,4,Khánh Vân,Đinh Tị,nxb thanh nien,,,,,Nhà sách Fahasa,available,1000,True,True,True
270743912,Trái Cây Đại Chiến Zombie - Thế Giới Khủng Long - Tập 9: Trên Đảo Khủng Long (Tái bản năm 2022),89000,89000,0,0.0,0,0,Tiểu Giang Nam,NXB Phụ Nữ,Nhà Xuất Bản Phụ Nữ,,Bìa mềm,176.0,,Nhà Sách Phương Nam,available,1000,True,True,True
270714985,"Truyện Tranh Song Ngữ Việt-Anh Cho Bé - Tắm Sạch Tắm Thơm, Bạn Thương Bạn Mến",15000,15000,0,0.0,0,0,Sirilak Rattanasuwaj,NXB Phụ Nữ,Nhà Xuất Bản Phụ Nữ,,Bìa mềm,15.0,2020-07-04,Nhà Sách Phương Nam,available,1000,True,True,True
270714222,Tủ Sách Chồi Non - Ba Con Cún,54000,54000,0,0.0,0,2,Mr K,NXB Mỹ Thuật,Nhà Xuất Bản Mỹ Thuật,,Bìa mềm,31.0,2018-11-07,Nhà Sách Phương Nam,available,1000,True,True,True
270711172,Bé Nấm Lùn - Tuyển Tập Đặc Biệt Vol. 2,25000,25000,0,0.0,0,19,nhieu tac gia,Hoa Học Trò,Hoa Học Trò,,Bìa mềm,,,Nhà Sách Phương Nam,available,1000,True,True,True
263104954,Bé Thần Đồng - Học Toán Lớp Một 02 - Hình Dạng Và Toán Thông Minh,15000,15000,0,0.0,0,1,,Cty Phan Thị,Nhà Xuất Bản Đại Học Sư Phạm,,,,,Nhà sách Fahasa,available,1000,True,True,True
262590342,Tranh Truyện Dân Gian Việt Nam - An Dương Vương Xây Thành Ốc,19200,20000,4,3.5,2,17,"Nguyễn Huy Tưởng, Chu Linh Hoàng",Nhà Xuất Bản Kim Đồng,Nhà Xuất Bản Kim Đồng,,Bìa mềm,31.0,2014-05-14,Tiki Trading,available,1000,False,True,True
247936554,Truyện Tranh Song Ngữ Việt - Anh Cho Bé - Eating Vegetables Is Good For Health - Ăn Rau Vào Cho Khỏe Hơn Nào,15000,15000,0,0.0,0,1,"Sirilak Rattanasuwaj,  Kannawan Pannawan",Đinh Tị,Nhà Xuất Bản Phụ Nữ Việt Nam,,,,,Nhà sách Fahasa,available,1000,True,True,True
247448696,"Truyện Tranh Song Ngữ Việt - Anh Cho Bé - Sing, Sing, Sweet Parrot! - Hát Lên Nào Bé Vẹt Ngọt Ngào!",15000,15000,0,0.0,0,0,"Sirilak Rattanasuwaj,  Kannawan Pannawan",Đinh Tị,Nhà Xuất Bản Phụ Nữ Việt Nam,,,,,Nhà sách Fahasa,available,1000,True,True,True
247448688,"Truyện Tranh Song Ngữ Việt - Anh Cho Bé - A Clean And Tidy Kangaroo - Bạn Kangaroo Sạch Sẽ, Gọn Gàng",15000,15000,0,0.0,0,0,"Sirilak Rattanasuwaj,  Kannawan Pannawan",Đinh Tị,Nhà Xuất Bản Phụ Nữ Việt Nam,,,,,Nhà sách Fahasa,available,1000,True,True,True
247448678,Truyện Tranh Song Ngữ Việt - Anh Cho Bé - Bunny Loves Candies - Thỏ Con Thích Ăn Kẹo Ngọt,15000,15000,0,0.0,0,0,"Sirilak Rattanasuwaj,  Kannawan Pannawan",Đinh Tị,Nhà Xuất Bản Phụ Nữ Việt Nam,,,,,Nhà sách Fahasa,available,1000,True,True,True
247448676,"Truyện Tranh Song Ngữ Việt - Anh Cho Bé - Keeping Your Body Clean And Friends Are Always Near You - Tắm Sạch Tắm Thơm, Bạn Thương Bạn Mến",15000,15000,0,0.0,0,1,"Sirilak Rattanasuwaj,  Kannawan Pannawan",Đinh Tị,Nhà Xuất Bản Phụ Nữ Việt Nam,,,,,Nhà sách Fahasa,available,1000,True,True,True
247447648,"Truyện Tranh Song Ngữ Việt - Anh Cho Bé - Smart Babies Can Get Dressed Themselves - Bé Thông Minh, Bé Tự Mặc Áo Quần",15000,15000,0,0.0,0,0,"Sirilak Rattanasuwaj,  Kannawan Pannawan",Đinh Tị,Nhà Xuất Bản Phụ Nữ Việt Nam,,,,,Nhà sách Fahasa,available,1000,True,True,True
247446408,Truyện Tranh Song Ngữ Việt - Anh Cho Bé - Let’S Go To Bed Early! - Hãy Đi Ngủ Sớm!,15000,15000,0,0.0,0,1,"Sirilak Rattanasuwaj,  Kannawan Pannawan",Đinh Tị,Nhà Xuất Bản Phụ Nữ Việt Nam,,,,,Nhà sách Fahasa,available,1000,True,True,True
214651572,Truyện Cổ Tích Việt Nam (Song Ngữ Việt-Anh) - Bảy Điều Ước,16000,16000,0,0.0,0,7,Khánh Vân,Đinh Tị,nxb thanh nien,,,,,Nhà sách Fahasa,available,1000,True,True,True
213998061,Truyện Cổ Tích Việt Nam - Ai Mua Hành Tôi (Song ngữ Việt-Anh),16000,16000,0,0.0,0,2,Khánh Vân,NXB Thanh Niên,Nhà Xuất Bản Thanh Niên,,Bìa mềm,16.0,,Nhà Sách Phương Nam,available,1000,True,True,True
207332487,5 Phút Đọc Truyện Cùng Con Yêu - Những Câu Chuyện Phép Thuật_TV,79000,79000,0,0.0,0,0,,Nhà sách Tân Việt,Nhà Xuất Bản Mỹ Thuật,,Bìa mềm,,,NewShop Official,available,1000,True,True,True
206360971,Ngày Xửa Ngày Xưa - Người Đánh Cá Và Gã Hung Thần,16000,16000,0,0.0,0,0,Indrani Vohra,Nhà Xuất Bản Thanh Niên,Nhà Xuất Bản Thanh Niên,,Bìa mềm,16.0,,Nhà Sách Phương Nam,available,1000,True,True,True
205695338,Truyện Kể Trước Khi Ngủ - Lễ Phép Và Lịch Sự,68000,68000,0,0.0,0,0,Trình Dục Hoa,Nhà xuất bản Phụ Nữ,Nhà Xuất Bản Phụ Nữ,,Bìa mềm,124.0,,Nhà Sách Phương Nam,available,1000,True,True,True
205695296,EQ-IQ Giúp Trẻ Làm Chủ Cảm Xúc - Cảm Mến,32000,32000,0,0.0,0,0,Audrey Bouquet,Nhà Xuất Bản Thanh Niên,Nhà Xuất Bản Thanh Niên,,Bìa mềm,28.0,,Nhà Sách Phương Nam,available,1000,True,True,True
201088123,Vun Đắp Tâm Hồn: Những Kẻ Khó Ưa - Hổ Đô Đô Khoái Hung Hăng (Truyện Kể Trước Giờ Đi Ngủ),17000,17000,0,0.0,0,3,Ren,Nhà Xuất Bản Kim Đồng,Nhà Xuất Bản Kim Đồng,,,,,Nhà sách Fahasa,available,1000,True,True,True
197897166,Amazing Animals - Những Loài Vật Đáng Kinh Ngạc! - Chim Cánh Cụt - Những Cư Dân Địa Cực Ngộ Ngĩnh (Tái Bản),20000,20000,0,0.0,0,0,Arfan Alfayyad,Đinh Tị,nxb thanh nien,,,,,Nhà sách Fahasa,available,1000,True,True,True
171581179,Gieo Hạt Giống Thương Yêu - Mình Là Anh Trai Đấy Nhé!,20000,20000,0,5.0,2,19,Caroline Jayne Church,Đinh Tị,Nhà Xuất Bản Hà Nội,,,,,Nhà sách Fahasa,available,1000,True,True,True
165627358,Kể Chuyện Dán Hình 5 - Cái Đuôi Của Sóc Nâu,15000,15000,0,0.0,0,2,Phan Thị,Cty Phan Thị,Nhà Xuất Bản Đại Học Sư Phạm,,,,,Nhà sách Fahasa,available,1000,True,True,True
149520467,Kể Chuyện Dán Hình 4 - Dê Con Nhanh Trí,15000,15000,0,0.0,0,1,Phan Thị,Cty Phan Thị,Nhà Xuất Bản Đại Học Sư Phạm,,,,,Nhà sách Fahasa,available,1000,True,True,True
149520465,Kể Chuyện Dán Hình 1 - Vịt Con Tốt Bụng,15000,15000,0,0.0,0,1,Phan Thị,Cty Phan Thị,Nhà Xuất Bản Đại Học Sư Phạm,,,,,Nhà sách Fahasa,available,1000,True,True,True
146271994,Tô Màu Công Chúa - Tập 3,15000,15000,0,0.0,0,1,Phan Thị,Cty Phan Thị,Nhà Xuất Bản Thời Đại,,,,,Nhà sách Fahasa,available,1000,True,True,True
137504718,Sách Vườn Cổ Tích - Vịt Con Xấu Xí (Tái bản năm 2021),20000,20000,0,0.0,0,2,Triệu Phương Phương,Nhà Xuất Bản Hồng Đức,Nhà Xuất Bản Hồng Đức,,Bìa mềm,32.0,,Nhà Sách Phương Nam,available,1000,True,True,True
136482550,Sách Kingdom - Tập 7,45000,45000,0,0.0,0,2,Yasuhisa Hara,Phương Nam Book,NXB Trẻ,,Bìa mềm,216.0,,Nhà Sách Phương Nam,available,1000,True,True,True
80358968,Chuyện Kể Hằng Đêm - Vịt Con Xấu Xí,16000,16000,0,4.0,1,3,Nhiều tác giả,Đinh Tị,Nhà Xuất Bản Văn Học,,,,,Nhà sách Fahasa,available,1000,True,True,True
64245699,Combo Ngôi Nhà Nhỏ Ấm Áp ( 5 Cuốn ) ,150000,150000,0,0.0,0,1,La Hy,Minh Long,Nhà Xuất Bản Mỹ Thuật,,Bìa mềm,,,NewShop Official,available,1000,True,True,True
414941,Sách Vì Sao Tớ Yêu Mẹ (Tái Bản),30000,30000,0,0.0,0,0,Daniel Howarth,Nhà Xuất Bản Kim Đồng,Nhà Xuất Bản Kim Đồng,,Bìa mềm,31.0,2014-06-01,Bamboo Books,available,1000,True,True,True
410933,Sách Khỉ Zozo Hiếu Kỳ - Khỉ Zozo Được Khen Thưởng,69000,69000,0,0.0,0,0,H.A.Rey,Alphabooks,Nhà Xuất Bản Dân Trí,,Bìa mềm,48.0,2014-09-23,info book,available,1000,True,True,True
277566453,"Sách - I Want My Dad by Tony Ross - Sách ngoại văn, sách thiếu nhi tiếng Anh, bìa mềm, nhập khẩu UK",220000,220000,0,0.0,0,0,Tony Ross,Andersen Press Ltd,Andersen Press Ltd,,Bìa mềm,32.0,2018-03-12,Bookworm Hà Nội,available,1000,True,True,True
277459674,Nhiệm vụ khoa học kỳ bí tập 10: Nguy hiểm! Chinh phục thế giới động vật hoang dã,122000,122000,0,0.0,0,0,Mikuni Shin,Quang Van Books,Nhà Xuất Bản Phụ Nữ Việt Nam,,Bìa mềm,,,Minhhabooks,available,1000,True,True,True
277443791,Nhiệm vụ khoa học kỳ bí - Thoát khỏi thế giới côn trùng,122000,122000,0,0.0,0,0,Mikuni Shin,Quang Van Books,Nhà Xuất Bản Phụ Nữ Việt Nam,,Bìa mềm,,,Minhhabooks,available,1000,True,True,True
276349373,Combo Truyện Song Ngữ Hay Nhất: Truyện Cổ Tích Thế Giới + 100 Truyện Ngụ Ngôn (Bộ 2 Cuốn) - ML,204250,215000,5,0.0,0,0,"Nguyễn Châu Nguyên, Bùi Mạnh Chiến",Minh Long,Nhà Xuất Bản Mỹ Thuật,,Bìa mềm,,,NewShop Official,available,1000,True,True,True
274471804,Tủ Sách Giáo Dục Stem - Anh Hùng Sinh Thái Tập Sự - AL,69000,69000,0,0.0,0,0,Jo Hanks,Alpha Books,NXB Dân Trí,,Bìa mềm,48.0,,HỆ THỐNG NHÀ SÁCH ABC,available,1000,True,True,True
274077425,Sách - Combo 3 cuốn: Ươm mầm tâm Bụt + Đức Phật ở đâu + Dưới cội bồ đề - Câu chuyện về cuộc đời Đức Phật,447000,447000,0,0.0,0,0,,Công Ty TNHH Xuất bản và Giáo dục Mochibooks,Nhà Xuất Bản Lao Động,,Bìa cứng áo ôm,,,Nhà sách Mochibooks,available,1000,True,True,True
274077024,"Sách - Combo 4 cuốn: Khi Cú con sợ hãi, Khi Gấu con lo lắng, Khi Hà Mã tức giận, Khi Sư Tử nhút nhát",357000,357000,0,0.0,0,11,,Công Ty TNHH Xuất bản và Giáo dục Mochibooks,Nhà Xuất Bản Lao Động,,Bìa cứng áo ôm,36.0,2023-11-20,Nhà sách Mochibooks,available,1000,True,True,True
273977444,Mỗi tuổi mỗi tài - 12 con giáp,77000,77000,0,0.0,0,0,nhieu tac gia,Kim Đồng,Nhà Xuất Bản Tổng Hợp,,Bìa mềm,56.0,,Bamboo Books,available,1000,True,True,True
273897031,Sách - Vườn ổi chích chòe,38610,39000,1,0.0,0,0,nhieu tac gia,Zenbooks,Nhà Xuất Bản Đà Nẵng,,Bìa mềm,32.0,,Đảo Sách Store,available,1000,True,True,True
273602039,Truyện Tranh Kĩ Năng Cho Người Trẻ - Rèn Luyện Trí Não,45000,45000,0,0.0,0,0,"Toshinori Kato, Tami, Takeo Aoki",Công ty TNHH Tazano,Nhà Xuất Bản Kim Đồng,,Bìa mềm,220.0,2023-12-12,Bamboo Books,available,1000,True,True,True
272255663,BỘ SÁCH CÙNG BÉ PHÁT TRIỂN EG VÀ PG : KHỦNG LONG NHỎ TÍNH HAY HO,244000,244000,0,0.0,0,0,,Nhà xuất bản Phụ Nữ Việt Nam,Nhà Xuất Bản Phụ Nữ Việt Nam,,,,,SÁCH ĐẠI NAM,available,1000,True,True,True
271287629,Sách Tranh Song Ngữ - Ngôi Nhà Say Ngủ,59000,59000,0,0.0,0,0,,Quang Van Books,Nhà Xuất Bản Phụ Nữ Việt Nam,,Bìa mềm,32.0,,Minhhabooks,available,1000,True,True,True
270923413,Kim Đồng - Cuốn sách Tại sao,90000,90000,0,0.0,0,0,,Nhà Xuất Bản Kim Đồng,Nhà Xuất Bản Kim Đồng,,,,,Bamboo Books,available,1000,True,True,True
270923345,Kim Đồng - Kể chuyện Tết Trung Thu,55000,55000,0,0.0,0,2,,Nhà Xuất Bản Kim Đồng,Nhà Xuất Bản Kim Đồng,,,,,Bamboo Books,available,1000,True,True,True
262903704,Nhiệm Vụ Bảo Vệ Rừng,88000,88000,0,0.0,0,0,Séverine de la Croix,Phụ Nữ,Nhà Xuất Bản Phụ Nữ Việt Nam,,,,,HỆ THỐNG NHÀ SÁCH ABC,available,1000,True,True,True
262798079,Sách Wolfoo Book - Wolfoo Khám Phá Phép Tính,59000,59000,0,0.0,0,0,1980Edu - Quỳnh Hương,1980 Books,NXB Dân Trí,,Bìa mềm,30.0,2023-03-27,info book,available,1000,True,True,True
262695660,Sách Người Đẹp Và Quái Vật,31400,49000,36,4.8,4,8,Madame De Beaumont,Alphabooks,Nhà Xuất Bản Dân Trí,,Bìa mềm,52.0,2020-08-01,Tiki Trading,available,1000,False,True,True
239571965,"(Combo 3 cuốn minh hoạ màu) VỪA MỀM, VỪA DẺO - VỪA NGỌT NGÀO, VỪA ĐÁNG SỢ - BÉ ƠI, ĐỪNG ĂN NHIỀU ĐƯỜNG! - VỪA THÔ RÁP, VỪA LẤP LÁNH - BÉ ƠI, ĐỪNG ĂN NHIỀU MUỐI!- Park Eun Ho - Hà Hương & Vũ Hưng dịch - Thái Hà -  NXB Công Thương",177000,177000,0,0.0,0,0,,Thái Hà Book,Nhà Xuất Bản Công Thương,,,,,HỆ THỐNG NHÀ SÁCH ABC,available,1000,True,True,True
207597292,Chuyện Mẹ Con - Mùi Của Mẹ,30000,30000,0,0.0,0,0,Mai Thị Việt Thắng,NXB Phụ Nữ,Nhà Xuất Bản Phụ Nữ,,Bìa mềm,15.0,,Nhà Sách Phương Nam,available,1000,True,True,True
206334982,Ngày Xửa Ngày Xưa - Aladdin Và Cây Đèn Thần,16000,16000,0,0.0,0,0,Indrani Vohra,Nhà Xuất Bản Thanh Niên,Nhà Xuất Bản Thanh Niên,,Bìa mềm,16.0,,Nhà Sách Phương Nam,available,1000,True,True,True
205708053,Những Lá Thư Của Bố,39000,39000,0,0.0,0,1,,Nhà xuất bản Phụ Nữ,Nhà Xuất Bản Phụ Nữ,,Bìa mềm,28.0,,Nhà Sách Phương Nam,available,1000,True,True,True
204664101,(Minh hoạ màu) UNSTOPPABLE US KHÔNG THỂ DỪNG BƯỚC - Tập 1: Loài người chinh phục thế giới như thế nào - Yuval Noah Harari – Ricard Zaplana Ruiz minh hoạ - Lily dịch – Omegaplus (Bìa mềm),215000,269000,20,5.0,2,16,,Công ty Cổ phần Sách Omega Việt Nam,Nhà Xuất Bản Tri Thức,,Bìa mềm,172.0,,Omega Plus Books,available,1000,True,True,True
203889670,Sách Bé Học Kĩ Năng – Tự Lập - Tạm Biệt Ti Giả,55000,55000,0,0.0,0,0,Nhiều tác giả,NXB Phụ Nữ Việt Nam,Nhà Xuất Bản Phụ Nữ Việt Nam,,Bìa mềm,36.0,2022-10-01,info book,available,1000,True,True,True
203847102,Sách - Bồ câu cũng có cảm xúc đấy!,45000,45000,0,0.0,0,0,,Không có,Không có,,,,,HỆ THỐNG NHÀ SÁCH ABC,available,1000,True,True,True
203846375,Sách - Đường về nhà - Nhã Nam,96000,96000,0,0.0,0,0,,Không có,Không có,,,,,HỆ THỐNG NHÀ SÁCH ABC,available,1000,True,True,True
203845929,Sách - Ô kìa! Em có biết? - Voi,49000,49000,0,0.0,0,0,,Không có,Không có,,,,,info book,available,1000,True,True,True
203845500,Sách - Bố đã từng xa con,55000,55000,0,0.0,0,0,,Không có,Không có,,,,,HỆ THỐNG NHÀ SÁCH ABC,available,1000,True,True,True
197889985,Combo sách - Một ngày bên Wilbur Robinson và sách Người lá và những chú bộ tốt bụng dũng cảm,200000,200000,0,0.0,0,0,William Joyce,Nhà xuất bản Phụ Nữ,Nhà Xuất Bản Phụ Nữ,,Bìa cứng,96.0,,Book Hunter,available,1000,True,True,True
197496604,Sách - Những Vệ Thần Của Tuổi Thơ - Jack Frost,79000,79000,0,0.0,0,1,William Joyce,NXB Phụ Nữ Việt Nam,Nhà Xuất Bản Phụ Nữ Việt Nam,,Bìa cứng,60.0,,SÁCH ĐẠI NAM,available,1000,True,True,True
192987754,Happy Reader - Bá Tước Monte Cristo,51000,51000,0,0.0,0,0,"FN bd, Alexandre Dumas",FIRST NEWS,Nhà Xuất Bản Tổng hợp TP.HCM,,,,,Nhà Sách Vĩnh Thụy,available,1000,True,True,True
190514106,Combo 2 Quyển Phát Triển Tư Duy Và Ngôn Ngữ Cho Bé - Truyện Đọc Bằng Hình Ảnh - Truyện Ngụ Ngôn Thế giới đặc sắc - (VT),196000,196000,0,0.0,0,0,Nhã Uyên,Cty Văn Hóa Việt Thư,Nhà Xuất Bản Phụ Nữ,,Bìa mềm,96.0,,Bảo Châu Books,available,1000,True,True,True
189542956,Bubu Và Titi - Hành Trình Học Hỏi Từ Thử Thách,88000,88000,0,0.0,0,0,Phạm Khôi Nguyên,Phụ Nữ,Nhà Xuất Bản Phụ Nữ Việt Nam,,,,,info book,available,1000,True,True,True
163702106,"Ứ ừ con ghét/ Hóa ra côn trùng không đáng ghét, mẹ nhỉ? (Song ngữ Việt - Anh)",51000,51000,0,0.0,0,0,"Alex Nguyễn, Ngọc Nguyễn",NXB Phụ Nữ Việt Nam,Nhà Xuất Bản Phụ Nữ Việt Nam,,Bìa mềm,36.0,2021-12-12,info book,available,1000,True,True,True
159382750,THỎ PETER - CHUYỆN BÂY GIỜ MỚI KỂ - NHÀ VÔ ĐỊCH PETER,75000,75000,0,0.0,0,0,"Emma Thompson, Eleanor Taylor",Kim Đồng,Nhà Xuất Bản Kim Đồng,,Bìa mềm,64.0,2021-10-16,Bamboo Books,available,1000,True,True,True
157058127,Sách - Poco Ở Thế Giới Udon - Tập 3,48000,48000,0,0.0,0,0,,AZ Việt Nam,Nhà Xuất Bản Phụ Nữ,,,,,Bamboo Books,available,1000,True,True,True
128969262,Thần Thoại Hy Lạp Tập 3: Chuyện Tình Của Thần Eros,60000,60000,0,5.0,1,6,,Kim Đồng,Nhà Xuất Bản Kim Đồng,,Bìa mềm,200.0,,Bamboo Books,available,1000,True,True,True
104270044,Combo 5 Cuốn Cả Nhà Thương Nhau,160000,160000,0,0.0,0,2,Thùy Dương,Đinh Tị,Nhà Xuất Bản Thanh Niên,,Bìa mềm,,,NewShop Official,available,1000,True,True,True
91560711,Sách - Từ Điển Bằng Hình Chữ Cái Và Số Đếm (Song Ngữ Anh - Việt),58000,58000,0,0.0,0,1,Hải Phạm,Công Ty TNHH Văn Hóa Việt Thư,Nhà Xuất Bản Phụ Nữ Việt Nam,,Bìa mềm,36.0,,Bảo Châu Books,available,1000,True,True,True
57727057,Sách Tô Màu Tây Du Ký - Túi Số 2 (Bộ 10 Cuốn) ,100000,100000,0,0.0,0,0,Hoàng Minh Diễn,Nhà Sách Hồng Ân,Nhà Xuất Bản Hải Phòng,,Bìa mềm,,,Bảo Châu Books,available,1000,True,True,True
472092,Sách Thần Đồng Đất Việt (Tập 194) - Học Trò Khó Dạy,15000,15000,0,5.0,9,63,,Phan Thị,,,Bìa mềm,,2016-02-02,Nhà sách Fahasa,available,1000,True,True,True
279301022,ĐI MÔ RỨA- CỐ ĐÔ HUẾ TRONG LÒNG BÀN TAY- Phan (Mèo Trắng)- NXB Kim Đồng,115000,115000,0,0.0,0,0,Phan (Mèo Trắng),Nhà Xuất Bản Kim Đồng,Nhà Xuất Bản Kim Đồng,,Bìa mềm,465.0,,BÌNH BÁN BOOK,available,1000,True,True,True
277545592,"(Bộ 2 cuốn) THÀNH PHỐ VUI VẺ: Các Động Vật Mê Chơi Điện Thoại, Các Động Vật Không Dễ Thương Mở Tiệc – Tôn Dục, Chung Úc – NXB Kim Đồng",140000,140000,0,0.0,0,0,Tôn Dục,Nhà Xuất Bản Kim Đồng,Nhà Xuất Bản Kim Đồng,,Bìa mềm,72.0,,Bamboo Books,available,1000,True,True,True
275987312,Truyện về chú thỏ mưu mẹo - Bìa cứng (NXB Kim Đồng),99750,105000,5,0.0,0,0,nhieu tac gia,Nhà Xuất Bản Kim Đồng,Nhà Xuất Bản Kim Đồng,,Bìa cứng,80.0,2024-08-06,Tottochanbooks,available,1000,True,True,True
275728117,"Sách- Song Ngữ Anh  Việt, Những Cỗ Máy Năng Nổ- Máy Kéo (Tái Bản 2021)- 2HBooks",38250,45000,15,0.0,0,0,Amy Johnson,Công Ty Cổ Phần Văn Hóa Huy Hoàng,Nhà Xuất Bản Mỹ Thuật,,Bìa mềm,24.0,2021-07-01,2HBooks,available,1000,True,True,True
275727943,"Sách- Song Ngữ Anh  Việt, Những Cỗ Máy Năng Nổ - Máy Đào Đất (Tái bản 2021)- 2HBooks",38250,45000,15,0.0,0,0,Amy Johnson,Công Ty Cổ Phần Văn Hóa Huy Hoàng,Nhà Xuất Bản Mỹ Thuật,,Bìa mềm,24.0,2021-07-01,2HBooks,available,1000,True,True,True
275723923,"Sách- Song Ngữ Anh Việt, Nào Mình Cùng Đến Lâu Đài- Let’S Go To The Catsle (Tái bản 2021)- 2HBooks",55250,65000,15,0.0,0,0,Belinda Gallagher,Công Ty Cổ Phần Văn Hóa Huy Hoàng,Nhà Xuất Bản Mỹ Thuật,,Bìa mềm,24.0,2021-07-01,2HBooks,available,1000,True,True,True
275723703,"Sách- Song Ngữ Anh Việt, Đố Vui Với Máy Kéo (Tái Bản 2021) -2HBooks",35000,35000,0,0.0,0,0,Amy Johnson,Công Ty Cổ Phần Văn Hóa Huy Hoàng,Nhà Xuất Bản Mỹ Thuật,,Bìa mềm,24.0,2021-07-01,2HBooks,available,1000,True,True,True
275314629,Giữ Cho Rừng Mãi Xanh - Tập 2,42500,50000,15,0.0,0,0,Ngô Thị Thanh Tiên,Nhà xuất bản Tổng hợp TP.HCM ,Nhà Xuất Bản Tổng hợp TP.HCM,,Bìa mềm,56.0,,NXB TỔNG HỢP,available,1000,True,True,True
275314619,Giữ Cho Rừng Mãi Xanh - Tập 1,42500,50000,15,0.0,0,0,Ngô Thị Thanh Tiên,Nhà xuất bản Tổng hợp TP.HCM ,Nhà Xuất Bản Tổng hợp TP.HCM,,Bìa mềm,52.0,,NXB TỔNG HỢP,available,1000,True,True,True
275218791,Trái Cây Đại Chiến Zombie T4 - Sức Mạnh Đoàn Kết (Tái Bản 2020)- 2HBooks,32000,32000,0,0.0,0,2,Cát Băng,Công Ty Cổ Phần Văn Hóa Huy Hoàng,Nhà Xuất Bản Phụ Nữ,,Bìa mềm,36.0,2024-06-07,2HBooks,available,1000,True,True,True
275218103,Trái Cây Đại Chiến Zombie Tập 3- Phòng Ngự Chắc Chắn (Tái Bản 2020)- 2HBooks,32000,32000,0,0.0,0,1,Cát Băng,Công Ty Cổ Phần Văn Hóa Huy Hoàng,Nhà Xuất Bản Phụ Nữ Việt Nam,,Bìa mềm,36.0,2020-06-01,2HBooks,available,1000,True,True,True
275213407,Những câu chuyện tuyệt vời - Alice Ở Xứ Sở Thần Tiên,30000,30000,0,0.0,0,0,Pegasus,VIETNAMBOOK,Nhà Xuất Bản Hà Nội,,Bìa mềm,16.0,2024-06-06,Bamboo Books,available,1000,True,True,True
274648018,Trường Học Danh Nhân Thế Giới - Tập 7: Danh Nhân Ảnh Hưởng Tới Hậu Thế - ML,75000,75000,0,0.0,0,0,nhieu tac gia,Minh Long,Nhà Xuất Bản Văn Học,,Bìa mềm,160.0,,Nhà Sách Vĩnh Thụy,available,1000,True,True,True
274170332,Sách - Flash Card : Thẻ học thông minh : Theo phương pháp giáo dục sớm : Glenn Doman ( Đại Mai ) - lẻ tùy chọn,45000,45000,0,0.0,0,0,,Nhà Sách Đại Mai,Nhà Xuất Bản Phụ Nữ Việt Nam,,,,,trungthanh2018,available,1000,True,True,True
273278365,Elmer và bầy hà mã (Song ngữ Anh-Việt) - Tặng 1 sticker đồng bộ,54000,60000,10,0.0,0,2,David McKee,Công Ty Cổ Phần Văn Hóa Đông A,Nhà Xuất Bản Dân Trí,,Bìa mềm,36.0,,Cá Chép Bookstore,available,1000,True,True,True
273152200,Vợ chồng lão Twit - Tủ sách nhà văn Roald Dahl,28500,30000,5,0.0,0,0,Roald Dahl,Nhà Xuất Bản Kim Đồng,Nhà Xuất Bản Kim Đồng,,Bìa mềm,92.0,,Tottochanbooks,available,1000,True,True,True
273152198,Bác Fox tuyệt vời - Tủ sách nhà văn Roald Dahl,30000,30000,0,0.0,0,0,Roald Dahl,Nhà Xuất Bản Kim Đồng,Nhà Xuất Bản Kim Đồng,,Bìa mềm,108.0,,Tottochanbooks,available,1000,True,True,True
273134725,Truyền Thuyết Về Cội Nguồn Các Dân Tộc: Truyện kể về tên đất,30000,30000,0,0.0,0,2,Mai Quyên,Nhà xuất bản Phụ Nữ,Nhà Xuất Bản Phụ Nữ Việt Nam,,Bìa mềm,40.0,,An Lạc,available,1000,True,True,True
272232835,Dr. Seuss - Gờ-Rinh Đánh Cắp Giáng Sinh,69000,69000,0,0.0,0,0,Theodor Seuss Geisel,Alphabooks,Nhà Xuất Bản Dân Trí,,Bìa mềm,68.0,,Nhà Sách Vĩnh Thụy,available,1000,True,True,True
270801443,"Sách - Mẹ hỏi bé trả lời ( Song ngữ Anh Việt ) : Động vật hoang dã, thực vật , Đại dương , cơ thể người - lẻ tùy chọn",39000,39000,0,0.0,0,0,,Đại Mai Books,Nhà Xuất Bản Phụ Nữ Việt Nam,,,,,trungthanh2018,available,1000,True,True,True
263206722,"À Ơi, Chúc Bé Ngủ Ngon - Bé Mơ Thấy Gì Nào (Tái Bản 2021)",20000,20000,0,0.0,0,0,"Sam Taplin,  Violeta Dabija",Phụ Nữ,Nhà Xuất Bản Phụ Nữ Việt Nam,,,,,Nhà Sách Vĩnh Thụy,available,1000,True,True,True
252002203,Ngõ Nhà Na,39000,39000,0,0.0,0,1,"Bùi Sao,  Vy Rùa",Nhà xuất bản Tổng hợp TP.HCM ,Nhà Xuất Bản Tổng hợp TP.HCM,,,,,NXB TỔNG HỢP,available,1000,True,True,True
252000057,Kho Báu Nhà Tom,39000,39000,0,0.0,0,0,"Bùi Sao,  Vy Rùa",Nhà xuất bản Tổng hợp TP.HCM ,Nhà Xuất Bản Tổng hợp TP.HCM,,,,,NXB TỔNG HỢP,available,1000,True,True,True
247862398,Sách - Chú Chó Lạc Quan,45000,45000,0,0.0,0,1,,Không có,Không có,,,,,Pandabooks Hiệu Sách,available,1000,True,False,True
212993200,"Sách Trường Học Khủng Long 3 - Bạn Thân Là Vậy Đó, Tricé",44100,49000,10,0.0,0,0,,Phương Nam Book,Nhà Xuất Bản Thế Giới,,Bìa mềm,30.0,,PHƯƠNG NAM BOOK,available,1000,True,True,True
212465916,Năng Lượng Ngày Mới - Giấc Ngủ_AL,45000,45000,0,0.0,0,0,,Alpha Books,NXB Dân Trí,,Bìa mềm,,,info book,available,1000,True,True,True
207674456,Bubu Và Titi - Hành Trình Học Hỏi Từ Thử Thách,88000,88000,0,0.0,0,0,Phạm Khôi Nguyên,NXB Phụ Nữ,Nhà Xuất Bản Phụ Nữ,,Bìa mềm,52.0,,Nhà Sách Vĩnh Thụy,available,1000,True,True,True
205697396,Chuyện Dài Thành Chuyện Ngắn - 100 Tác Phẩm Kinh Điển Và Nổi Tiếng Trong 3 Khung Tranh,115000,115000,0,0.0,0,0,Lisa Brown,Nhà Xuất Bản Dân Trí,Nhà Xuất Bản Dân Trí,,Bìa mềm,75.0,,info book,available,1000,True,True,True
204438814,Bộ sách Sự Tích Việt Nam - Tuyển chọn 10 Sự tích Việt Nam đặc sắc nhất (Bản in năm 2022),100000,100000,0,0.0,0,0,,Công Ty Cổ Phần Văn Hóa Đông A,Nhà Xuất Bản Dân Trí,,Bìa mềm,,2022-11-05,Nhà Sách Vĩnh Thụy,available,1000,True,True,True
203499012,Rèn Luyện Kĩ Năng Sống Dành Cho Học Sinh - Kỹ Năng Giao Tiếp (2022),65000,65000,0,0.0,0,0,Trần Đại Vĩ,Minh Long,Nhà Xuất Bản Đại Học Quốc Gia Hà Nội,,,,,Nhà Sách Vĩnh Thụy,available,1000,True,True,True
196280093,Năng Lượng Ngày Mới - Thức Ăn,45000,45000,0,0.0,0,0,Harriet Brundle,Alpha Books,NXB Dân Trí,,,,,HỆ THỐNG NHÀ SÁCH ABC,available,1000,True,True,True
195623931,Sách Trường học Danh nhân TG - Danh Nhân tạo nên lịch sử_B75,75000,75000,0,0.0,0,0,Nhiều tác giả,Minh Long,Nhà Xuất Bản Văn Học,,Bìa mềm,160.0,,Nhà Sách Vĩnh Thụy,available,1000,True,True,True
194398915,TRUYỆN TRANH TUỔI THẦN TIÊN - MÓN QUÀ CỦA CÔ GIÁO_ML,15000,15000,0,0.0,0,0,,Sách điện tử Minh Long,Nhà Xuất Bản Văn Học,,Bìa mềm,,,NewShop Official,available,1000,True,True,True
186256400,365 Truyện Kể Hằng Đêm - Mùa Xuân (Tái bản 2022),95000,95000,0,0.0,0,0,Lưu Hồng Hà,Minh Long,Nhà Xuất Bản Mỹ Thuật,,,,,Nhà Sách Vĩnh Thụy,available,1000,True,True,True
165038792,Sách Crab Hotpot,135000,169000,20,0.0,0,0,Chris Freund,Alphabooks,Nhà Xuất Bản Thế Giới,,Bìa cứng,68.0,2022-02-01,Alpha Books Official,available,1000,True,True,True
137482200,Sách Con Mèo Không Ai Cần,108000,108000,0,0.0,0,0,Higuchi Yuko,Nhà Xuất Bản Hội Nhà Văn,Nhà Xuất Bản Hội Nhà Văn,,Bìa mềm,119.0,,Nhà Sách Vĩnh Thụy,available,1000,True,True,True
137430457,Sách Chuyện Kể Đêm Giáng Sinh - Câu Chuyện Của Người Tuyết,49000,49000,0,0.0,0,1,Will Hillenbrand,Nhà Xuất Bản Lao Động,Nhà Xuất Bản Lao Động,,Bìa mềm,36.0,,HỆ THỐNG NHÀ SÁCH ABC,available,1000,True,True,True
109479825,Sách – Combo 3 Cuốn: Lật Mở An Toàn Khi Ở Nhà + Vầng Trăng Cổ Tích Truyện Về Tình Anh Chị Em + Tìm Lối Đi Riêng Ngày Đầu Tiên Đi Học,157500,157500,0,5.0,1,1,,Pandabooks,Nhà Xuất Bản Thanh Niên,,,,,Pandabooks Hiệu Sách,available,1000,True,False,True
95501240,Sách - Đến quái vật cũng phải đánh răng - FirstNews,28000,28000,0,0.0,0,0,,First News - Trí Việt,Nhà Xuất Bản Tổng hợp TP.HCM,,,28.0,,Nhà Sách Vĩnh Thụy,available,1000,True,True,True
77957779,Truyện thiếu nhi Vầng trăng cổ tích - Truyện về Tình cảm Anh chị em ( Tái bản 2021),38000,38000,0,0.0,0,4,Nguyễn Thị Hải Yến,Pandabooks,Nhà Xuất Bản Phụ Nữ Việt Nam,,Bìa mềm,52.0,2021-02-23,Pandabooks Hiệu Sách,available,1000,True,True,True
278893545,Sách - Những Câu Chuyện Cổ Tích Đáng Yêu - Song Ngữ Anh Việt - ndbooks,56000,56000,0,0.0,0,0,nhieu tac gia,CÔNG TY TNHH THƯƠNG MẠI SÁCH NHÂN DÂN,Nhà Xuất Bản Thanh Niên,,Bìa mềm,,,SÁCH NHÂN DÂN - ndbooks,available,1000,True,True,True
278882959,Sách - Shiny Stickers - Song ngữ Anh Việt - Ndbooks,62400,78000,20,0.0,0,0,nhieu tac gia,CÔNG TY TNHH THƯƠNG MẠI SÁCH NHÂN DÂN,Nhà Xuất Bản Thanh Niên,,Bìa mềm,,,SÁCH NHÂN DÂN - ndbooks,available,1000,True,True,True
276737417,Sách - Giáng Sinh Ngập Tuyết - ndbooks,48000,60000,20,0.0,0,0,,CÔNG TY TNHH THƯƠNG MẠI SÁCH NHÂN DÂN,Nhà Xuất Bản Thanh Niên,,Bìa mềm,,,SÁCH NHÂN DÂN - ndbooks,available,1000,True,True,True
276724337,Sách - The Snow Rabbit - Chú Thỏ Tuyết Hình Phủ Nhũ Lấp Lánh - ndbooks,109000,109000,0,0.0,0,0,,CÔNG TY TNHH THƯƠNG MẠI SÁCH NHÂN DÂN,Nhà Xuất Bản Thanh Niên,,Bìa cứng,,,SÁCH NHÂN DÂN - ndbooks,available,1000,True,True,True
276008385,Combo 10 cuốn Who? Chuyện kể về danh nhân thế giới (chọn ngẫu nhiên),585000,585000,0,0.0,0,2,nhieu tac gia,Nhà Xuất Bản Kim Đồng,Nhà Xuất Bản Kim Đồng,,Bìa mềm,1840.0,,Tottochanbooks,available,1000,True,True,True
275244147,Chico Bon Bon: Chú Khỉ Có Chiếc Đai Vạn Năng - Bản Quyền,59000,59000,0,0.0,0,0,Chris Monroe,Alphabooks,NXB Dân Trí,,Bìa mềm,36.0,2024-06-11,HỆ THỐNG NHÀ SÁCH ABC,available,1000,True,True,True
275244106,Chico Bon Bon: Chú Khỉ Có Chiếc Đai Vạn Năng - Bản Quyền,59000,59000,0,0.0,0,0,Chris Monroe,Alphabooks,NXB Dân Trí,,Bìa mềm,36.0,2024-06-11,HỆ THỐNG NHÀ SÁCH ABC,available,1000,True,True,True
274557597,Cuốn Sách Hay Dành Cho Thiếu Nhi: Tập 1 Trái Cây Đại Chiến Zombie - Thế Giới Khủng Long - Chiến Binh Mạo Hiểm,89000,89000,0,0.0,0,0,,Huy Hoàng Bookstore,Nhà Xuất Bản Phụ Nữ,,,,,AHABOOKS,available,1000,True,True,True
273839830,Tạm Biệt Bạn Răng Cửa,49000,49000,0,0.0,0,0,Etsuko Kawashima,Thái Hà,Nhà Xuất Bản Lao Động,,Bìa mềm,68.0,,info book,available,1000,True,True,True
273327124,COMBO 4 CUỐN ELMER (SONG NGỮ ANH - VIỆT)_ David McKee_ Trần Hoài Thu và Vi Hạ dịch _ Đông A _NXB Dân Trí,240000,240000,0,0.0,0,0,,Công Ty Cổ Phần Văn Hóa Đông A,Nhà Xuất Bản Dân Trí,,,,,FishingBook,available,1000,True,True,True
273221339,100 Cửa Sổ (Kim Đồng),108000,108000,0,0.0,0,0,,Nhà Xuất Bản Kim Đồng,Nhà Xuất Bản Kim Đồng,,,,,Nhà Sách Vĩnh Thụy,available,1000,True,True,True
273134773,Truyền Thuyết Về Cội Nguồn Các Dân Tộc: Chuỗi Truyền Thuyết Sơn Tinh,30000,30000,0,0.0,0,0,Mai Quyên,Nhà xuất bản Phụ Nữ,Nhà Xuất Bản Phụ Nữ Việt Nam,,Bìa mềm,40.0,2023-11-30,An Lạc,available,1000,True,True,True
273134633,Truyền Thuyết Về Cội Nguồn Các Dân Tộc: Nguồn Gốc Các Dân Tộc Anh Em,30000,30000,0,0.0,0,0,Mai Quyên,Nhà xuất bản Phụ Nữ,Nhà Xuất Bản Phụ Nữ Việt Nam,,Bìa mềm,40.0,2023-10-31,An Lạc,available,1000,True,True,True
273028350,Ngày Xửa Ngày Xưa - Cô Bé Lọ Lem _AL,49000,49000,0,0.0,0,0,Phỏng theo Charles Perrault,Alpha Books,Nhà Xuất Bản Dân Trí,,Bìa mềm,52.0,,info book,available,1000,True,True,True
272480366,TRANH TRUYỆN LỊCH SỬ VIỆT NAM - CÔNG NỮ ANIO,60000,60000,0,0.0,0,0,,Kim Đồng,Nhà Xuất Bản Kim Đồng,,,,,AHABOOKS,available,1000,True,True,True
272406017,Truyện Ehon bé 1-2-3 tuổi - Nếu tháo khẩu trang thì sao nhỉ?,38500,38500,0,5.0,5,8,Satoshi Iriyama,Công ty TNHH More Production Việt Nam,Nhà Xuất Bản Thế Giới,,Bìa mềm,32.0,,Mọt sách Mogu,available,1000,True,True,True
270302188,Sách Thỏ Nhí Ham Học Hỏi - Bạn Bướm Tinh Nghịch (Song ngữ Anh-Việt),49500,55000,10,0.0,0,0,Eddy Coubeaux,Phương Nam Book,Nhà Xuất Bản Thế Giới,,Bìa mềm,28.0,,PHƯƠNG NAM BOOK,available,1000,True,True,True
253178419,Bé Học Lễ Giáo - Bubu 28: Đi Sở Thú,12750,15000,15,0.0,0,1,,Đinh Tị,NXB Trẻ,,,,,Nhà Xuất Bản Trẻ,available,1000,True,True,True
249160097,Lịch Sử Việt Nam Bằng Tranh: Chiến Thắng Quân Nguyên Mông Lần 2 (Bản Màu),158000,158000,0,0.0,0,0,,Bloomsbury Childrens - NXB Trẻ,NXB Trẻ,,,,,HỆ THỐNG NHÀ SÁCH ABC,available,1000,True,True,True
246160537,Sách - Người Bà Tài Giỏi Vùng Saga (Tập 10),52000,52000,0,0.0,0,2,,AZ Việt Nam,Nhà Xuất Bản Thế Giới,,,,,AHABOOKS,available,1000,True,True,True
243087826,Đi Ngủ Nào Voi Con Ơi! 3+,55000,55000,0,0.0,0,0,,Sách điện tử Thái Hà,Nhiều Nhà Xuất Bản,,,,,info book,available,1000,True,True,True
243087822,Đi Ngủ Nào Voi Con Ơi! 3+,55000,55000,0,0.0,0,0,,Sách điện tử Thái Hà,Nhiều Nhà Xuất Bản,,,,,info book,available,1000,True,True,True
214815537,7 Chú Nhỏ Cau Có,59000,59000,0,0.0,0,1,Estelle Meens,NXB Hà Nội,Nhà Xuất Bản Hà Nội,,Bìa mềm,32.0,,Nhà Sách Vĩnh Thụy,available,1000,True,True,True
212465990,Năng Lượng Ngày Mới - Nước_AL,45000,45000,0,0.0,0,0,,Alpha Books,NXB Dân Trí,,Bìa mềm,,,info book,available,1000,True,True,True
207597102,Chuyện Cha Con - Chúng Ta Hòa Ba Nhé!,30000,30000,0,0.0,0,0,KUI Phạm,NXB Phụ Nữ,Nhà Xuất Bản Phụ Nữ,,Bìa mềm,16.0,,Nhà Sách Vĩnh Thụy,available,1000,True,True,True
196292054,Truyện kể  5 phút: Những câu chuyện khôi hài,65000,65000,0,0.0,0,0,Nhóm You Fu,Minh Long,Nhà Xuất Bản Mỹ Thuật,,Bìa cứng,96.0,,Nhà Sách Vĩnh Thụy,available,1000,True,True,True
196292048,Truyện kể  5 phút: Những câu chuyện ngụ ngôn,65000,65000,0,0.0,0,0,Nhóm You Fu,Minh Long,Nhà Xuất Bản Mỹ Thuật,,Bìa cứng,96.0,,Nhà Sách Vĩnh Thụy,available,1000,True,True,True
195853756,Năng Lượng Ngày Mới - Giấc Ngủ,45000,45000,0,0.0,0,0,Harriet Brundle,Alpha Books,Nhà Xuất Bản Dân Trí,,Bìa mềm,24.0,,HỆ THỐNG NHÀ SÁCH ABC,available,1000,True,False,True
186165374,365 Truyện Kể Hằng Đêm - Mùa Xuân (Tái bản 2022),95000,95000,0,0.0,0,0,Lưu Hồng Hà,Minh Long,Nhà Xuất Bản Mỹ Thuật,,,,,Nhà Sách Vĩnh Thụy,available,1000,True,True,True
171580597,Phát Triển Khả Năng Sáng Tạo (4-6 Tuổi) - Tái Bản 2021,55000,55000,0,0.0,0,0,Tiểu Hồng Hoa,Phụ Nữ,Nhà Xuất Bản Phụ Nữ Việt Nam,,,,,HỆ THỐNG NHÀ SÁCH ABC,available,1000,True,True,True
169818559,Tủ Sách Phát Triển Ngôn Ngữ Tiếng Việt -Truyện Cổ Tích Thế Giới - Người Em Hiếu Nghĩa,12000,12000,0,0.0,0,1,,ABBOOKS,oem,,,,,Nhân Văn,available,1000,True,False,True
169818314,Tủ sách phát triển ngôn ngữ tiếng việt - Truyện cổ tích việt nam đặc sắc - Cây tre trăm đốt,12000,12000,0,0.0,0,1,,ABBOOKS,oem,,,,,Nhân Văn,available,1000,True,False,True
126673373,Câu chuyện lớn khôn - Chiếc bô bỏ trốn,38000,38000,0,0.0,0,1,Đông Mai,Huy Hoàng Bookstore,Nhà Xuất Bản Phụ Nữ Việt Nam,,Bìa mềm,36.0,2019-11-01,An Lạc,available,1000,True,True,True
126600313,Câu chuyện lớn khôn - Chú Ắt Xì tinh nghịch,38000,38000,0,0.0,0,3,Đông Mai,Huy Hoàng Bookstore,Nhà Xuất Bản Phụ Nữ Việt Nam,,Bìa mềm,35.0,2021-09-29,An Lạc,available,1000,True,True,True
104668403,Steam - Tớ là nhà kỹ sư chế tạo,169000,169000,0,0.0,0,0,,1980 Books,Nhà Xuất Bản Lao Động,,,,,HỆ THỐNG NHÀ SÁCH ABC,available,1000,True,True,True
104558875,Sách Combo Tommy Cá Sấu Nhỏ (Bộ 5 cuốn),180000,180000,0,0.0,0,12,Eddy Coubeaux,Phương Nam Book,Nhà Xuất Bản Thế Giới,,Bìa mềm,,,PHƯƠNG NAM BOOK,available,1000,True,True,True
92552221,Sách - Combo Phát Triển Trí Thông Minh Thiên Nhiên (4 tập) - First News,148000,148000,0,0.0,0,0,,First News - Trí Việt,Nhà Xuất Bản Tổng hợp TP.HCM,,,36.0,,FishingBook,available,1000,True,True,True
72587187,Combo 3 Tập Những Trò Lố Của Jesper Xúi Quẩy: Hạt Tiêu Thổ Nhĩ Kỳ Và Cuộc Cắm Trại Kinh Hoàng + Chim Ó Màu Tím Và Cuộc Chiến Nhật Ký + Con Mèo Sặc Sỡ Và Trò Đùa Kiểu Tây Ban Nha,109500,109500,0,0.0,0,3,,Đinh Tị,Nhà Xuất Bản Thế Giới,,,,,AHABOOKS,available,1000,True,True,True
54764704,"Combo 4 cuốn truyện tranh song ngữ - Truyện tranh ngụ ngôn dành cho thiếu nhi song ngữ Anh - Việt ( Kiến và chim + sư tử và chuột nhắt+ sói và sóc + chuột , gà trống và mèo )",116000,116000,0,5.0,5,47,.,Nhà Sách Đại Mai,Nhà Xuất Bản Phụ Nữ Việt Nam,,Bìa mềm,88.0,2020-05-15,trungthanh2018,available,1000,True,True,True
54763185,Combo 2 quyển truyện thiếu nhi hay - Truyện tư duy hình ảnh cho bé ( lòng hiếu thảo ...+ kiên trì chăm chỉ ...),198000,198000,0,5.0,4,41,Mai Hương,Nhà Sách Đại Mai,Nhà Xuất Bản Phụ Nữ Việt Nam,,Bìa cứng,136.0,2020-05-15,trungthanh2018,available,1000,True,True,True
278974362,Combo Thế Giới Động Vật Quanh Bé (0 - 3 Tuổi) - 4 Cuốn (Tái bản),170000,170000,0,0.0,0,0,nhieu tac gia,Gieobooks,Nhà Xuất Bản Thế Giới,,Bìa mềm,120.0,,Tazano Official Store,available,1000,True,True,True
277777274,Nhật Ký Chú Bé Nhút Nhát: Tập 15 - Cái Kết Khó Lường,55000,55000,0,0.0,0,0,Jeff Kinney,Gieobooks,Nhà Xuất Bản Văn Học,,Bìa mềm,222.0,,Tazano Official Store,available,1000,True,True,True
277777261,Nhật Ký Chú Bé Nhút Nhát: Tập 14 - Của Thiên Trả Địa,55000,55000,0,0.0,0,0,Jeff Kinney,Gieobooks,Nhà Xuất Bản Văn Học,,Bìa mềm,222.0,,Tazano Official Store,available,1000,True,True,True
277580246,"Sách - Elmer and the Tune by David McKee - Sách ngoại văn, sách thiếu nhi tiếng Anh, bìa mềm, nhập khẩu UK",220000,220000,0,0.0,0,0,David McKee,Andersen Press Ltd,Andersen Press Ltd,,Bìa mềm,32.0,2017-03-23,Bookworm Hà Nội,available,1000,True,True,True
276594978,"Sách - Thưa cô, viết bài cảm nghĩ thì… em chịu thôi! ",89000,99000,10,0.0,0,1,Etsuko Yamamoto,Thái Hà,Công Ty Cổ Phần Đầu Tư và Phát Hành Sách Hà Nội,,Bìa mềm,132.0,2024-11-16,THAIHABOOKS,available,1000,True,True,True
275551221,Playtime In English Level 1: Simon Says - Simon Nói (Song ngữ Anh - Việt),59000,59000,0,0.0,0,0,Joshua Ryu,Công ty TNHH Thương mại và Dịch vụ Văn hóa Hà Nội,Nhà Xuất Bản Mỹ Thuật,,Bìa cứng,30.0,2024-07-08,Tazano Official Store,available,1000,True,True,True
275550139,KỂ CHO CON YÊU CẢ THẾ GIỚI – NHÀ CÓ THÊM THÀNH VIÊN MỚI,38000,38000,0,0.0,0,0,"Justyna Holubowska Chrzaszczak, Bạch Hồ",Huy Hoàng Bookstore,Nhà Xuất Bản Phụ Nữ,,Bìa mềm,32.0,,An Lạc,available,1000,True,True,True
275284576,"""Của Tớ, Của Tớ, Của Tớ!"" Nhím Nói Chẳng Chần Chờ - Mine, Mine, Mine! Said The Porcupine",99000,99000,0,0.0,0,0,Alex English,Công ty TNHH Thương mại và Dịch vụ Văn hóa Hà Nội,Nhà Xuất Bản Phụ Nữ Việt Nam,,Bìa mềm,64.0,,Tazano Official Store,available,1000,True,True,True
275284413,Chiếc Túi Đầy Ắp Những Nụ Hôn - A Pocket Full Of Kisses,69000,69000,0,0.0,0,0,"Audrey Penn,  Ruth E Harper,  Nacy M Leak,  Barbara L Gibson",Công ty TNHH Thương mại và Dịch vụ Văn hóa Hà Nội,Nhà Xuất Bản Phụ Nữ Việt Nam,,Bìa mềm,64.0,,Tazano Official Store,available,1000,True,True,True
275213422,Những câu chuyện tuyệt vời - Đảo Giấu Vàng,30000,30000,0,0.0,0,3,Pegasus,VIETNAMBOOK,Nhà Xuất Bản Hà Nội,,Bìa mềm,16.0,2024-06-06,Bamboo Books,available,1000,True,True,True
275212677,Những câu chuyện tuyệt vời - Robin Hood,30000,30000,0,0.0,0,0,Pegasus,VIETNAMBOOK,Nhà Xuất Bản Hà Nội,,Bìa mềm,16.0,2024-06-06,Bamboo Books,available,1000,True,True,True
275212223,Những câu chuyện tuyệt vời - Ngựa Ô Yêu Dấu ,30000,30000,0,0.0,0,0,Pegasus,VIETNAMBOOK,Nhà Xuất Bản Hà Nội,,Bìa mềm,16.0,2024-06-06,Bamboo Books,available,1000,True,True,True
274592774,Truyện Hay Dành Cho Thiếu Nhi: Trái Cây Đại Chiến Zombie - Thế Giới Khủng Long - Tập 10: Vương Quốc Ngủ Say ,89000,89000,0,0.0,0,1,,Huy Hoàng Bookstore,Nhà Xuất Bản Phụ Nữ,,,,,AHABOOKS,available,1000,True,True,True
272228257,Truyện Ehon bé 3-4-5 tuổi - Thiên Đường,55000,55000,0,5.0,5,5,Hideko Nagano,Công ty TNHH More Production Việt Nam,Nhà Xuất Bản Thế Giới,,Bìa mềm,28.0,2023-03-20,Mọt sách Mogu,available,1000,True,True,True
270711426,Dạy Con Bằng Kể Chuyện - Đây Chính Là Tớ,38000,38000,0,5.0,1,1,Đồng Niên,NXB Hồng Đức,Nhà Xuất Bản Hồng Đức,,Bìa mềm,54.0,,Bamboo Books,available,1000,True,True,True
270711260,Truyện Kể Bốn Mùa - Nhím Con Ham Học Hỏi - Bí Mật Của Mùa Đông,35000,35000,0,0.0,0,0,Elena Ulyeva,NXB Thanh Niên,Nhà Xuất Bản Thanh Niên,,Bìa mềm,32.0,,Nhà Sách Phương Nam,available,1000,True,True,True
215733029,Let's Go - Chúng Mình Cùng Lên Đường Nào! - Đi Tàu Hỏa,70000,70000,0,0.0,0,0,Rebecca Weerasekera,NXB Mỹ Thuật,Nhà Xuất Bản Mỹ Thuật,,Bìa cứng,10.0,,Nhà Sách Phương Nam,available,1000,True,True,True
213997871,Sách Âm Thanh - Âm Thanh Của Các Loài Vật,219000,219000,0,0.0,0,1,,NXB Thanh Niên,Nhà Xuất Bản Thanh Niên,,Bìa cứng,10.0,,Bamboo Books,available,1000,True,True,True
212993164,Sách Tommy Cá Sấu Nhỏ - Người Bạn Vui Nhộn,32400,36000,10,0.0,0,0,Eddy Coubeaux,Phương Nam Book,Nhà Xuất Bản Thế Giới,,Bìa mềm,30.0,,PHƯƠNG NAM BOOK,available,1000,True,True,True
208433300,Khu vườn của Mi-san,50000,55000,9,0.0,0,1,James Vollbracht,Thái Hà,Nhà Xuất Bản Công Thương,,Bìa mềm,36.0,2022-12-08,THAIHABOOKS,available,1000,True,True,True
207652587,Chuyện Cha Con - Ướm Giày,30000,30000,0,0.0,0,0,KUI Phạm,NXB Phụ Nữ,Nhà Xuất Bản Phụ Nữ,,Bìa mềm,16.0,,Nhà Sách Vĩnh Thụy,available,1000,True,True,True
205807576,Dạy Con Thói Quen Tốt - Không Tham Lam,26000,26000,0,0.0,0,0,Tạ Như,Nhà Xuất Bản Hà Nội,Nhà Xuất Bản Hà Nội,,Bìa mềm,24.0,,Nhà Sách Phương Nam,available,1000,True,True,True
204878323,Trái Cây Đại Chiến Zombie - Thế Giới Khủng Long - Tập 3 - Trận Chiến Xuyên Thời Gian (Tái Bản),84550,89000,5,0.0,0,3,,Huy Hoàng Bookstore,Nhà Xuất Bản Phụ Nữ Việt Nam,,Bìa mềm,,,Cá Chép Bookstore,available,1000,True,True,True
203845404,Sách - Tớ là họa sĩ - Động vật nuôi,20000,20000,0,0.0,0,0,,Không có,Không có,,,,,info book,available,1000,True,True,True
198426670,Hộp kho báu của lớp 2A2,62000,69000,10,0.0,0,0,"Etsuko Yamamoto, Makiko Sato",Thái Hà,Nhà Xuất Bản Lao Động,,Bìa mềm,68.0,2022-09-26,THAIHABOOKS,available,1000,True,True,True
196672300,Trái Cây Đại Chiến Zombie - Cấu Đố Bí Ẩn Về Địa Lý,80750,95000,15,0.0,0,0,Tiếu Giang Nam,Huy Hoàng Bookstore,Nhà Xuất Bản Phụ Nữ Việt Nam,,Bìa mềm,170.0,2022-08-30,Văn Lang Official Store,available,1000,True,True,True
185668581,Sách Bubu Và Titi – Hành Trình Học Hỏi Từ Thử Thách,83600,88000,5,0.0,0,1,Phạm Khôi Nguyên,NXB Phụ Nữ Việt Nam,Nhà Xuất Bản Phụ Nữ Việt Nam,,Bìa mềm,32.0,2022-06-06,Cá Chép Bookstore,available,1000,True,True,True
182714541,Combo sách Song Ngữ Cuốn Sách Đầu Tiên Của Bé (2 cuốn):One More Cuddle - Ôm Con Thêm Lần Nữa+ You And Me Always - Mãi Mãi Cậu Và Tớ/ Giúp Bé Phát Triển Toàn Diện/Tặng Poster Đáng Yêu,89500,89500,0,0.0,0,0,,Nhiều công ty phát hành,Nhiều Nhà Xuất Bản,,,,,AHABOOKS,available,1000,True,True,True
181657201,Combo 2Q: Mẹ Yêu Ai Nhất + Dù Sao Đi Nữa Mẹ Vẫn Yêu Con (Song Ngữ),75000,75000,0,0.0,0,0,,Nhiều công ty phát hành,Nhiều Nhà Xuất Bản,,,,,Minhhabooks,available,1000,True,True,True
176005714,"Combo Người Bà Tài Giỏi Vùng Saga Tập 5,6,7",153500,153500,0,0.0,0,3,,Công Ty TNHH Văn Hóa Và Truyền Thông Skybooks Việt Nam,Nhà Xuất Bản Phụ Nữ Việt Nam,,,,,Phương Đông Books,available,1000,True,True,True
168900132,Bộ Sách Tớ Đến Với Toán Học (Bộ 10 Cuốn),490000,490000,0,0.0,0,0,Rosie Neave,Alpha Books,Nhà Xuất Bản Dân Trí,,,,,Nhà Sách Vĩnh Thụy,available,1000,True,True,True
146224965,Truyện Cổ Anđécxen - Bộ Quần Áo Mới Của Hoàng Đế (Tái Bản),13000,13000,0,0.0,0,0,"Anđecxen,  Triết Giang",dong a,NXB Dân Trí,,,,,Nhà sách Fahasa,available,1000,True,True,True
143948898,Bộ Túi Truyện Cổ Grim (Bộ 7 Tập),67500,90000,25,0.0,0,1,Grim,Công Ty Cổ Phần Văn Hóa Đông A,Nhà Xuất Bản Dân Trí,,Bìa mềm,,,Cá Chép Bookstore,available,1000,True,True,True
138183861,Nguyễn Văn Trỗi,50000,50000,0,0.0,0,1,Bùi Việt Thanh,Nhà Xuất Bản Kim Đồng,Nhà Xuất Bản Kim Đồng,,Bìa mềm,28.0,,Bamboo Books,available,1000,True,True,True
137485679,Sách Hướng Dẫn Sử Dụng Mẹ (Tái bản năm 2020),59000,59000,0,0.0,0,2,Makiko Sato,Nhà Xuất Bản Lao Động,Nhà Xuất Bản Lao Động,,Bìa mềm,32.0,,HỆ THỐNG NHÀ SÁCH ABC,available,1000,True,True,True
137440092,Sách Tommy Cá Sấu Nhỏ - Du Lịch Châu Âu,36000,36000,0,0.0,0,0,Eddy Coubeaux,Nhà Xuất Bản Thế Giới,Nhà Xuất Bản Thế Giới,,Bìa mềm,30.0,,Nhà Sách Phương Nam,available,1000,True,True,True
110105405,Combo 3 Cuốn Chúng Mình Làm Bạn Nhé,187000,207000,10,0.0,0,3,"Michiko Yoshida, Taku Yamaguchi",Thái Hà,Nhà Xuất Bản Lao Động,,Bìa mềm,,,THAIHABOOKS,available,1000,True,True,True
49564248,Truyện Cổ Tích Thế Giới Hay Nhất - Ba Chú Lợn Con (Tái Bản 2018),16000,16000,0,4.5,4,45,.,Đinh Tị,Nhà Xuất Bản Văn Học,,Bìa mềm,20.0,,Nhà sách Fahasa,available,1000,True,True,True
44640228,"Sách Phòng Khám Cho Ma - Tập 4: Bác Sĩ Thật, Bác Sĩ Giả",50000,50000,0,0.0,0,0,"Yohko Tomiyasu, Yoshika Komatsu",Nhà Xuất Bản Kim Đồng,Nhà Xuất Bản Kim Đồng,,Bìa mềm,140.0,2019-12-01,Bamboo Books,available,1000,True,True,True
3336551,Sách Trái Cây Đại Chiến Zombie Tập 12,89000,89000,0,0.0,0,9,,Huy Hoàng Bookstore,Nhà Xuất Bản Phụ Nữ,,Bìa mềm,176.0,2022-08-20,An Lạc,available,1000,True,True,True
279306815,Ai Dậy Sớm - Võ Quảng,70000,70000,0,0.0,0,0,Võ Quảng,Cty Cửu Đức,Nhà Xuất Bản Kim Đồng,,Bìa mềm,,,BOOKCITY.VN,available,1000,True,True,True
279090980,Arthur và sợi dây thừng,76000,80000,5,0.0,0,0,Joe Todd-Stanton,Công Ty Cổ Phần Văn Hóa Đông A,Nhà Xuất Bản Dân Trí,,Bìa mềm,56.0,,Đông A Books Official,available,1000,True,True,True
278957417,Sách Ông Già Noel Bất Đắc Dĩ,59000,60000,2,0.0,0,1,Ichikawa Nobuko,Nhà Xuất Bản Kim Đồng,Nhà Xuất Bản Kim Đồng,,Bìa mềm,128.0,,Tiki Trading,available,1000,False,True,True
278816170,Combo Sách Cuộc Sống Tươi Đẹp (3 Cuốn),146000,150000,3,0.0,0,0,Marianna Coppo,Nhà Xuất Bản Kim Đồng,Nhà Xuất Bản Kim Đồng,,Bìa mềm,44.0,,Tiki Trading,available,1000,False,True,True
278732327,Combo Thế Giới Lớn Trong Bàn Tay Nhỏ (2 Cuốn),197000,220000,10,0.0,0,0,Nhiều tác giả,Nhà Xuất Bản Kim Đồng,Nhà Xuất Bản Kim Đồng,,Bìa mềm,,,Tiki Trading,available,1000,False,True,True
278695554,Combo Từng Bước Lớn Khôn (3 Cuốn),156750,165000,5,0.0,0,0,"Susanna Isern, Leire Salaberria",Nhà Xuất Bản Kim Đồng,Nhà Xuất Bản Kim Đồng,,Bìa mềm,,,Tiki Trading,available,1000,False,True,True
278431781,Combo Câu Chuyện Nhà Thỏ (3 Cuốn),121000,135000,10,0.0,0,0,Giuditta Campello,Nhà Xuất Bản Kim Đồng,Nhà Xuất Bản Kim Đồng,,Bìa mềm,84.0,2025-07-28,Tiki Trading,available,1000,False,True,True
278311324,Truyện Hồi Hộp Trước Giờ Đi Ngủ,44100,45000,2,0.0,0,2,"Ole Könnecke, Nikolaus Heidelbach",Nhà Xuất Bản Kim Đồng,Nhà Xuất Bản Kim Đồng,,Bìa mềm,32.0,,Tiki Trading,available,1000,False,True,True
278279855,"Sách Mẹ Ơi, Mẹ Có Biết?",46600,50000,7,0.0,0,0,"Maud Roegiers, Mylen Vigneault",Nhà Xuất Bản Kim Đồng,Nhà Xuất Bản Kim Đồng,,Bìa mềm,44.0,,Tiki Trading,available,1000,False,True,True
277770401,Nhật Ký Chú Bé Nhút Nhát: Tập 6 - Mắc Kẹt (Tái Bản),55000,55000,0,0.0,0,0,Jeff Kinney,Gieobooks,Nhà Xuất Bản Văn Học,,Bìa mềm,220.0,,Tazano Official Store,available,1000,True,True,True
277489825,Bé Năm Mới Và Những Truyện Ngắn Khác (Tác Phẩm Chọn Lọc - Văn Học Mỹ),97000,99000,2,5.0,1,10,Ellen Robena Field,Nhà Xuất Bản Kim Đồng,Nhà Xuất Bản Kim Đồng,,Bìa mềm,,2024-03-12,Tiki Trading,available,1000,False,True,True
277483600,Sách Xứ Nước,60000,60000,0,0.0,0,0,Nhiều tác giả,Nhà Xuất Bản Kim Đồng,Nhà Xuất Bản Kim Đồng,,Bìa mềm,52.0,2025-01-01,FishingBook,available,1000,True,True,True
277019443,Sách Một Cái Ôm Thật To,34300,35000,2,0.0,0,12,Nhiều tác giả,Nhà Xuất Bản Kim Đồng,Nhà Xuất Bản Kim Đồng,,Bìa mềm,,2024-03-12,Tiki Trading,available,1000,False,True,True
276912995,"Sách Tết, Gia Đình Là Nhất! - Ú Oà, Tết Phương Nam!",54000,55000,2,0.0,0,2,"Văn Thành Lê, Lê Rin",Nhà Xuất Bản Kim Đồng,Nhà Xuất Bản Kim Đồng,,Bìa mềm,36.0,2024-03-12,Tiki Trading,available,1000,False,True,True
276841310,Truyện tranh học viện phép thuật - Dạy trẻ tự khuyến khích mình (rèn luyện AQ cho trẻ),24600,35000,30,0.0,0,0,Nhã Hy,Nhà sách Minh Thắng,Nhà Xuất Bản Phụ Nữ Việt Nam,,Bìa mềm,24.0,2024-12-19,Tiki Trading,available,1000,False,True,True
274600053,Sách Trùm Nhí Xàm Xí,89000,89000,0,0.0,0,0,"Larry Hayes, Joelle Dreidemy",Thái Hà,Nhà Xuất Bản Hà Nội,,,160.0,2024-03-01,Bamboo Books,available,1000,True,True,True
273785956,(COMBO) Những cuộc phiêu lưu kì thú,153600,160000,4,0.0,0,3,Astrid Sheckels,Kim Đồng,Nhà Xuất Bản Kim Đồng,,Bìa mềm,128.0,,TYMBooks,available,1000,True,True,True
273537489,Combo Hello Ruby (2 quyển),230400,240000,4,5.0,1,5,,Kim Đồng,Nhà Xuất Bản Kim Đồng,,Bìa mềm,200.0,,TYMBooks,available,1000,True,True,True
273028758,Hòn đảo nhiệm màu,42750,45000,5,0.0,0,0,,Nhà xuất bản Phụ Nữ Việt Nam,Nhà Xuất Bản Phụ Nữ Việt Nam,,,,,Cá Chép Bookstore,available,1000,True,True,True
270743916,Trái Cây Đại Chiến Zombie - Thế Giới Khủng Long - Tập 10: Vương Quốc Ngủ Say (Tái bản năm 2022),89000,89000,0,0.0,0,0,Tiểu Giang Nam,NXB Phụ Nữ,Nhà Xuất Bản Phụ Nữ,,Bìa mềm,176.0,,Nhà Sách Phương Nam,available,1000,True,True,True
270688173,Sách Phi Vụ Ấm Trà,36800,40000,8,0.0,0,7,Morag Hood,Kim Đồng,Nhà Xuất Bản Kim Đồng,,Bìa mềm,32.0,2023-07-23,Tiki Trading,available,1000,False,True,True
247764031,Sách Thám Tử Lừng Danh Conan Tập 5 [Tái Bản 2023],24500,25000,2,5.0,5,31,Gosho Aoyama,Kim Đồng,Nhà Xuất Bản Kim Đồng,,Bìa mềm,192.0,2023-01-01,Tiki Trading,available,1000,False,True,True
206361183,Tommy Cá Sấu Nhỏ - Người Bạn Vui Nhộn,36000,36000,0,0.0,0,3,Eddy Coubeaux,Nhà Xuất Bản Thế Giới,Nhà Xuất Bản Thế Giới,,Bìa mềm,30.0,,Nhà Sách Phương Nam,available,1000,True,True,True
204803642,"Sách Molly, Milly, Lilly - Câu Chuyện Trưởng Thành
Tập 2: Một Chú Heo Con",15000,18000,17,5.0,2,20,Minh Thúy,Huy Hoàng Bookstore,Nhà Xuất Bản Đà Nẵng,,Bìa mềm,28.0,2022-11-11,Tiki Trading,available,1000,False,True,True
178231983,Sách Virus Có Ăn Được Mùa Đông?,33000,43000,23,0.0,0,0,Vũ Thị Thanh Tâm,NXB Phụ Nữ Việt Nam,Nhà Xuất Bản Phụ Nữ Việt Nam,,Bìa mềm,,2022-05-17,Tiki Trading,available,1000,False,True,True
165956847,Truyện Kể Trước Khi Ngủ - Lễ Phép Và Lịch Sự (Sách Bản Quyền) - Tái Bản,46700,68000,31,5.0,4,46,"Trình Dục Hoa, Trương Du",Nhà sách Minh Thắng,Nhà Xuất Bản Phụ Nữ Việt Nam,,Bìa mềm,124.0,2022-01-01,Tiki Trading,available,1000,False,True,True
157579047,"Sách Trường Học Khủng Long - Đừng Sợ Nước Nữa Nha, Anky",41000,49000,16,5.0,5,18,Pierre Gemme,Phương Nam Book,Nhà Xuất Bản Thế Giới,,Bìa mềm,31.0,2022-01-01,Tiki Trading,available,1000,False,True,True
157575652,"Sách Trường Học Khủng Long - Bạn Thân Là Vậy Đó, Tricé",38900,49000,21,5.0,3,21,Pierre Gemme,Phương Nam Book,Nhà Xuất Bản Thế Giới,,Bìa mềm,31.0,2022-01-01,Tiki Trading,available,1000,False,True,True
144037025,Bộ Túi Truyện Cổ Grim (Bộ 7 Tập),67500,90000,25,0.0,0,3,Grim,Công Ty Cổ Phần Văn Hóa Đông A,Nhà Xuất Bản Dân Trí,,Bìa mềm,,,Đông A Books Official,available,1000,True,True,True
128555417,Sách Bồi Đắp Tình Cảm Gia Đình: Gia Đình Giày Hạnh Phúc,22200,30000,26,0.0,0,1,"Jo Jin Seok, Jo Eun Ho",Nhà xuất bản Phụ Nữ,Nhà Xuất Bản Phụ Nữ Việt Nam,,Bìa mềm,24.0,2021-10-15,Tiki Trading,available,1000,False,True,True
128555410,Sách Tư Duy Hình Khối: Cá Sấu Và Các Bạn Hình Khối,23000,30000,23,5.0,1,4,"Jo Jin Seok, Jo Eun Ho",Nhà xuất bản Phụ Nữ,Nhà Xuất Bản Phụ Nữ Việt Nam,,Bìa mềm,24.0,2021-10-15,Tiki Trading,available,1000,False,True,True
104558873,Sách Tommy Cá Sấu Nhỏ - Du Lịch Châu Âu - phương nam book,32400,36000,10,5.0,1,1,Eddy Coubeaux,Phương Nam Book,Nhà Xuất Bản Thế Giới,,Bìa mềm,30.0,,PHƯƠNG NAM BOOK,available,1000,True,True,True
104558869,Sách Tommy Cá Sấu Nhỏ - Kết Bạn - phương nam book,32400,36000,10,5.0,1,3,Eddy Coubeaux,Phương Nam Book,Nhà Xuất Bản Thế Giới,,Bìa mềm,30.0,,PHƯƠNG NAM BOOK,available,1000,True,True,True
98873914,Tommy Cá Sấu Nhỏ - Du Lịch Châu Âu (Sách màu),31000,36000,14,0.0,0,4,Eddy Coubeaux,Phương Nam Book,Nhà Xuất Bản Thế Giới,,Bìa mềm,32.0,2021-05-01,Tiki Trading,available,1000,False,True,True
98821072,Tommy Cá Sấu Nhỏ - Kết Bạn (Sách màu),31000,36000,14,4.0,1,5,Eddy Coubeaux,Phương Nam Book,Nhà Xuất Bản Thế Giới,,Bìa mềm,32.0,2021-05-01,Tiki Trading,available,1000,False,True,True
82384911,Từ Điển Bằng Hình - Phương Tiện Giao Thông (2019),38000,40000,5,0.0,0,2,Phạm Lâm,Cty Sách Văn Chương,Nhà Xuất Bản Văn Học,,,,,Chính Thông,available,1000,True,True,True
72688716,Sách Vera Jewel Đi Học Muộn,58400,79000,26,5.0,5,38,Nicola Kent,Quảng Văn,Nhà Xuất Bản Phụ Nữ Việt Nam,,Bìa mềm,64.0,2020-11-01,Tiki Trading,available,1000,False,True,True
58932956,Sách Thần Thú Kim Cương - Chiến Đội Thần Thú - Vén Màn Bí Mật Cửu Trùng Thiên Tập 4,42200,60000,30,0.0,0,4,Dali Animation,Nhà sách Minh Thắng,Nhà Xuất Bản Dân Trí,,Bìa mềm,80.0,2020-03-01,Tiki Trading,available,1000,False,True,True
38223397,"Sách Hãy Phóng Mạnh Ngọn Giáo Đi, Lancelot!",40800,55000,26,0.0,0,25,"Volker Präkelt, Alexander Von Knorre",Thái Hà,,,Bìa mềm,65.0,2019-10-01,Tiki Trading,available,1000,False,True,True
26440025,Sách Tớ Là Một Chú Voi - Song Ngữ Anh - Việt,15500,22000,30,5.0,1,33,.,Tân Việt,,,Bìa mềm,24.0,2019-06-01,Tiki Trading,available,1000,False,True,True
279293959,Sách - Đi Mô Rứa? - Cố Đô Huế Trong Lòng Bàn Tay,115000,115000,0,0.0,0,2,GS Phan Đại Doãn,Nhà Xuất Bản Kim Đồng,Nhà Xuất Bản Kim Đồng,,Bìa mềm,364.0,,Nhân Văn,available,1000,True,True,True
279290968,"Sách ""Chuyến Đi Của Gấu Nâu"" Sách Thiếu Nhi Ô Cửa Sách Sách Tranh Thiên Nhiên Quà Tặng Cho Bé",89000,89000,0,0.0,0,0,"Nhã Uyên, Gấu Mẹ",Công ty TNHH Giáo dục và xuất bản Ô cửa sách,Nhà Xuất Bản Phụ Nữ Việt Nam,,Bìa mềm,28.0,,Art Window,available,1000,True,True,True
279269142,Sách - Còn Gì Đáng Sợ Hơn Cá Mập? - What's More Scary Than A Shark?,45000,50000,10,0.0,0,0,nhieu tac gia,Cty Văn Hóa Văn Lang,hong duc,,Bìa mềm,,2023-12-21,Nhà sách Fahasa,available,1000,True,True,True
279149664,Sách - Kể Chuyện Danh Nhân Thế Giới - Đi Tìm Cây Gậy Hạnh Phúc,13500,15000,10,0.0,0,0,Tiểu Giàu,Cty Văn Hóa Nhân Văn,Nhà Xuất Bản Văn Hóa Văn Nghệ,,Bìa mềm,,2023-12-21,Nhà sách Fahasa,available,1000,True,True,True
279097934,Sách Tủ Sách Tuổi Thần Tiên - Đậu Đậu Truy Tìm Huy Hiệu Ngũ Hành - I - Hành Trình Đầu Tiên,44000,55000,20,0.0,0,0,Ánh Mai,Nhà Xuất Bản Kim Đồng,Nhà Xuất Bản Kim Đồng,,Bìa mềm,204.0,,Tiki Trading,available,1000,False,True,True
278689891,"Gấu Pooh xinh xắn - Lời thì thầm của gấu Pooh (Song ngữ Anh - Việt), tặng kèm file nghe",88000,88000,0,0.0,0,0,nhieu tac gia,Đông Tây,Nhà Xuất Bản Dân Trí,,Bìa mềm tay gấp,111.0,2025-09-25,Đông Tây,available,1000,True,True,True
278689862,"Gấu Pooh xinh xắn - Những người bạn đáng yêu của gấu Pooh (Song ngữ Anh - Việt), tặng kèm file nghe",88000,88000,0,0.0,0,0,nhieu tac gia,Đông Tây,Nhà Xuất Bản Dân Trí,,Bìa mềm,111.0,2025-09-25,Đông Tây,available,1000,True,True,True
278680829,Những câu chuyện cổ thế giới – Khỉ và hai chú mèo,31500,31500,0,0.0,0,0,nhieu tac gia,Đông Tây,Nhà Xuất Bản Dân Trí,,Bìa mềm,23.0,2025-09-22,Đông Tây,available,1000,True,True,True
278680461,Những câu chuyện cổ thế giới – Gulliver lạc đến xứ khổng lồ,31500,31500,0,0.0,0,0,nhieu tac gia,Đông Tây,Nhà Xuất Bản Dân Trí,,Bìa mềm,23.0,2025-09-22,Đông Tây,available,1000,True,True,True
278532022,Combo Tớ Có Gì Nhỉ? - What I Have? (Song Ngữ Việt – Anh) [3 Cuốn],103000,105000,2,0.0,0,4,Lin Wenpei,Nhà Xuất Bản Kim Đồng,Nhà Xuất Bản Kim Đồng,,Bìa mềm,,,Tiki Trading,available,1000,False,True,True
278379847,Combo Zookiz Và Trường Khoa Học Bí Ẩn (3 Cuốn),175000,195000,10,0.0,0,2,"Myeong Seon Lee, Jae Hoon Choi, Zookiz",Nhà Xuất Bản Kim Đồng,Nhà Xuất Bản Kim Đồng,,Bìa mềm,,,Tiki Trading,available,1000,False,True,True
278153218,Sách - Bộ Sách Hào Kiệt Đất Phương Nam (Bộ 20 Cuốn),532000,560000,5,0.0,0,1,"Hoài Anh,  Nguyễn Đông Hải",Nhà Xuất Bản Kim Đồng,Nhà Xuất Bản Kim Đồng,,Bìa mềm,,2023-12-21,Nhà sách Fahasa,available,1000,True,True,True
277350567,Combo Danh nhân Thế giới - World Famous People - 6 cuốn song ngữ Việt Anh,270000,270000,0,0.0,0,1,,Đông Tây,Nhà Xuất Bản Dân Trí,,Bìa mềm,234.0,2025-02-15,Đông Tây,available,1000,True,True,True
276897787,Con Là Tất Cả Của Mẹ - You Are My Everything,38000,38000,0,0.0,0,0,"Kelly Conroy, Abigail Hookham",FIRST NEWS,Nhà Xuất Bản Dân Trí,,Bìa mềm,28.0,,Nhân Văn,available,1000,True,True,True
275715784,Hilda Và Vua Núi,106000,110000,4,0.0,0,0,Luke Pearson,Đông A,NXB Dân Trí,,Bìa mềm,76.0,,Nhân Văn,available,1000,True,True,True
273162479,Hòn Đảo Nhiệm Màu,45000,45000,0,0.0,0,0,Patricia Forde,Phụ Nữ,Nhà Xuất Bản Phụ Nữ Việt Nam,,,,,Bamboo Books,available,1000,True,True,True
273129262,Chú Kì Lân Tuyệt Diệu (Tái Bản 2023),53900,55000,2,0.0,0,2,Micheal Morpurgo,Nhà Xuất Bản Kim Đồng,Nhà Xuất Bản Kim Đồng,,,,,Nhà sách Fahasa,available,1000,True,True,True
272358185,Gấu Bobbi Tập Ngồi Bô,19800,20000,1,0.0,0,0,,Nhà Xuất Bản Kim Đồng,Nhà Xuất Bản Kim Đồng,,,,,Nhà sách Fahasa,available,1000,True,True,True
270794661,Sách - 101 Câu Chuyện Về Các Nàng Công Chúa (ML),135000,135000,0,0.0,0,0,Nhiều dịch giả,Nhà Sách Hồng Ân,Nhà Xuất Bản Đại Học Quốc Gia Hà Nội,,Bìa mềm,200.0,,Nhà Sách Vĩnh Thụy,available,1000,True,True,True
253319051,Rèn Luyện Phát Triển Trí Óc Cho Trẻ - Bóc Dán Hình Thông Minh IQ-EQ-CQ - Phương Tiện Giao Thông (Tái Bản 2023),53500,63000,15,0.0,0,0,Phan Minh Đạo,Nhà sách Minh Thắng,NXB Dân Trí,,,,,Nhà sách Fahasa,available,1000,True,True,True
253113473,Wolfoo Khám Phá Hình Học,54800,59000,7,0.0,0,0,Quỳnh Hương,1980 Books,NXB Dân Trí,,,,,Nhà sách Fahasa,available,1000,True,True,True
253113407,Wolfoo Khám Phá Thời Gian,54800,59000,7,0.0,0,2,Quỳnh Hương,1980 Books,NXB Dân Trí,,,,,Nhà sách Fahasa,available,1000,True,True,True
247566026,Từ Điển Bằng Tranh Dành Cho Trẻ Em - Nghề Nghiệp,24200,25000,3,0.0,0,0,,Đinh Tị,Nhà Xuất Bản Hà Nội,,,,,Nhà sách Fahasa,available,1000,True,True,True
217500634,Gia Đình Dinh Dưỡng - Thức Ăn Cùng Các Yếu Tố Dinh Dưỡng,38200,45000,15,0.0,0,3,Nhiều tác giả,Minh Long,nxb my thuat,,,,,Nhà sách Fahasa,available,1000,True,True,True
213715634,Truyện tranh - Bộ 6 Cuốn Truyện Cổ Tích Kinh Điển - ndbooks,266250,355000,25,0.0,0,7,,CÔNG TY TNHH THƯƠNG MẠI SÁCH NHÂN DÂN,Nhà Xuất Bản Phụ Nữ Việt Nam,,Bìa mềm,,,SÁCH NHÂN DÂN - ndbooks,available,1000,True,True,True
206360969,Ngày Xửa Ngày Xưa - Giấc Mơ Của Người Đàn Ông Nghèo,16000,16000,0,0.0,0,0,Indrani Vohra,Nhà Xuất Bản Thanh Niên,Nhà Xuất Bản Thanh Niên,,Bìa mềm,16.0,,Nhà Sách Phương Nam,available,1000,True,True,True
205696587,Ngày Xửa Ngày Xưa... - Cô Bé Quàng Khăn Đỏ,75000,75000,0,0.0,0,0,,Nhà Xuất Bản Mỹ Thuật,Nhà Xuất Bản Mỹ Thuật,,Bìa cứng,24.0,,Nhà Sách Phương Nam,available,1000,True,False,True
204803635,"Sách Molly, Milly, Lilly - Câu Chuyện Trưởng Thành
Tập 1: Mình Kết Bạn Nhé",13000,18000,28,4.8,4,29,Minh Thúy,Huy Hoàng Bookstore,Nhà Xuất Bản Đà Nẵng,,Bìa mềm,28.0,2022-11-11,Tiki Trading,available,1000,False,True,True
203499092,Từ Điển Tranh - Dành Cho Thiếu Nhi: Số Đếm (2022),22500,25000,10,0.0,0,0,Đăng Ngọc,Minh Long,nxb my thuat,,,,,Nhà sách Fahasa,available,1000,True,True,True
196671555,Trái Cây Đại Chiến Zombie - Câu Đố Bí Ẩn Về Nghệ Thuật ,80750,95000,15,0.0,0,2,Tiếu Giang Nam,Huy Hoàng Bookstore,Nhà Xuất Bản Phụ Nữ Việt Nam,,Bìa mềm,158.0,2022-08-30,Văn Lang Official Store,available,1000,True,True,True
196058064,Vui Đọc Truyện Khéo Tay Tô - Truyện Về Các Nàng Công Chúa: Nàng Tiên Cá,18000,20000,10,0.0,0,0,Bùi Mạnh Chiến,Minh Long,nxb my thuat,,,,,Nhà sách Fahasa,available,1000,True,True,True
170466616,Bộ Những Câu Chuyện Về Loài Mèo + Những Câu Chuyện Về Loài Chó (Bộ 2 Cuốn),168300,198000,15,0.0,0,1,,Tân Việt,Nhà Xuất Bản Mỹ Thuật,,,,,Nhà sách Fahasa,available,1000,True,True,True
168900578,"Việc Nhỏ Cùng Làm - Để Chúng Mình ""Sống Xanh""",32500,35000,7,0.0,0,5,,Cty Mĩ Thuật & Truyền Thông (ADC),Nhà Xuất Bản Giáo Dục Việt Nam,,,,,Nhà sách Fahasa,available,1000,True,True,True
160586431,Truyện tranh - Cậu bé Pinocchio - ndbooks,48000,60000,20,0.0,0,10,,CÔNG TY TNHH THƯƠNG MẠI SÁCH NHÂN DÂN,Nhà Xuất Bản Phụ Nữ Việt Nam,,Bìa mềm,,,SÁCH NHÂN DÂN - ndbooks,available,1000,True,True,True
111107247,365 Truyện Kể Hằng Đêm - Mùa Xuân (Tái Bản 2021),95000,95000,0,0.0,0,0,Lưu Hồng Hà,Minh Long,Nhà Xuất Bản Mỹ Thuật,,,,,Nhà Sách Vĩnh Thụy,available,1000,True,True,True
95220134,Sách Smart Girls - Mình Sẽ Không Từ Bỏ Ước Mơ,49500,55000,10,5.0,2,5,Orangetoon,Tân Việt,Nhà Xuất Bản Mỹ Thuật,,Bìa mềm,189.0,2021-05-01,Nhà sách Fahasa,available,1000,True,True,True
58942191,Sách Thần Thú Kim Cương - Chiến Đội Thần Thú - Tiến Vào Thiên Chùy Tập 3,51000,60000,15,0.0,0,0,Dali Animation,Nhà sách Minh Thắng,Nhà Xuất Bản Dân Trí,,Bìa mềm,80.0,,Nhà sách Fahasa,available,1000,True,True,True
44976185,Sách Giống Hệt Như Anh Cả,70500,75000,6,5.0,3,13,Gianna Marino,Huy Hoàng Bookstore,Nhà Xuất Bản Phụ Nữ,,Bìa mềm,40.0,2019-12-01,Nhà sách Fahasa,available,1000,True,True,True
44640256,Sách Những Lá Thư Mới Của Felix - Một Chú Thỏ Bé Du Hành Về Quá Khứ (Tái Bản),114000,120000,5,5.0,11,55,"Annette Langen, Constanza Droop",Nhà Xuất Bản Kim Đồng,Nhà Xuất Bản Kim Đồng,,Bìa cứng,40.0,2019-12-01,Nhà sách Fahasa,available,1000,True,True,True
441285,Tủ Sách Truyện Cổ Tích - Ánh Bình Minh Đầu Tiên (Song Ngữ Anh - Việt),20000,20000,0,0.0,0,0,,Chibooks,Nhà Xuất Bản Văn Hóa - Văn Nghệ,,Bìa mềm,16.0,2015-06-22,SÁCH ĐẠI NAM,available,1000,True,True,True
279269218,Sách - Gấu Nhỏ Với Ý Tưởng Lớn - Bumble The Little Bear With Big Ideas!,45000,50000,10,0.0,0,0,nhieu tac gia,Cty Văn Hóa Văn Lang,hong duc,,Bìa mềm,,2023-12-21,Nhà sách Fahasa,available,1000,True,True,True
278716188,Sách - Nezumi - Chú Chuột Đáng Yêu - Chiếc Áo Gi-Lê (Tái Bản 2024),24700,25000,1,0.0,0,0,"Ueno Noriko,  Nakae Yoshio",Nhà Xuất Bản Kim Đồng,Nhà Xuất Bản Kim Đồng,,Bìa mềm,,2023-12-21,Nhà sách Fahasa,available,1000,True,True,True
278713316,Sách - Đôi Chuột Nhỏ Dễ Thương - Đổi Áo Cho Nhau (Tái Bản 2024),33200,35000,5,0.0,0,0,nhieu tac gia,Nhà Xuất Bản Kim Đồng,Nhà Xuất Bản Kim Đồng,,Bìa mềm,,2023-12-21,Nhà sách Fahasa,available,1000,True,True,True
278633448,Sách - Đại Dương Thủ Thỉ - Cá Ngựa Làm Sao Vậy?,47500,50000,5,0.0,0,0,nhieu tac gia,Nhà Xuất Bản Kim Đồng,Nhà Xuất Bản Kim Đồng,,Bìa mềm,,2023-12-21,Nhà sách Fahasa,available,1000,True,True,True
278616380,Sách - Đồ Vật Cũng Muốn Rong Chơi - Ngày Nghỉ Thu Của Nồi Cơm Điện,42700,45000,5,0.0,0,0,nhieu tac gia,Nhà Xuất Bản Kim Đồng,Nhà Xuất Bản Kim Đồng,,Bìa mềm,,2023-12-21,Nhà sách Fahasa,available,1000,True,True,True
278153110,Sách - Truyện Cổ Tích Hay Nhất Thế Giới - Bộ Quần Áo Mới Của Hoàng Đế - The Emperor'S New Clothes,23000,25000,8,0.0,0,0,,Công ty TNHH Sách Hà Giang ,Nhà Xuất Bản Văn Học,,Bìa mềm,,2023-12-21,Nhà sách Fahasa,available,1000,True,True,True
275714381,Hilda Và Khu Rừng Đá,106000,110000,4,0.0,0,0,Luke Pearson,Đông A,NXB Dân Trí,,Bìa mềm,76.0,,Nhân Văn,available,1000,True,True,True
275714248,Hilda Và Cuộc Diễu Hành Chim,77000,80000,4,0.0,0,0,Luke Pearson,Đông A,NXB Dân Trí,,Bìa mềm,48.0,,Nhân Văn,available,1000,True,True,True
274644730,Tranh Truyện Dân Gian Việt Nam - Hai Anh Em Và Ba Con Yêu Tinh (Tái Bản 2024),19600,20000,2,0.0,0,0,"Nguyễn Trung Dũng,  Hồng Hà",Nhà Xuất Bản Kim Đồng,Nhà Xuất Bản Kim Đồng,,,,,Nhà sách Fahasa,available,1000,True,True,True
274260581,Những Bài Học Hay Ươm Mầm Doanh Nhân Nhí - Dự Án Mới Ở Nhà Tắm Công Cộng - Giúp Trẻ Hiểu Rằng Chọn Đúng Phương Thức Kinh Doanh Rất Quan Trọng,52200,55000,5,0.0,0,0,,Đinh Tị,nxb thanh nien,,,,,Nhà sách Fahasa,available,1000,True,True,True
273238505,Where Buddha - Đức Phật Ở Đâu?,107100,119000,10,0.0,0,3,,Fahasa,Nhà Xuất Bản Lao Động,,,,,Nhà sách Fahasa,available,1000,True,True,True
271441658,Tranh Truyện Dân Gian Việt Nam: Sự Tích Con Thạch Sùng (Tái Bản 2023),19600,20000,2,0.0,0,1,"Nguyễn Công Hoan,  Hiếu Minh",Nhà Xuất Bản Kim Đồng,Nhà Xuất Bản Kim Đồng,,,,,Nhà sách Fahasa,available,1000,True,True,True
271433483,Những Câu Chuyện Gieo Mầm Tính Cách - Mọt Sách - Bạn Sách,33200,35000,5,0.0,0,0,Ngô Anh Thi,Đinh Tị,Nhà Xuất Bản Hà Nội,,,,,Nhà sách Fahasa,available,1000,True,True,True
271070917,Tranh Truyện Lịch Sử Việt Nam - Hai Bà Trưng (Tái Bản 2023),18400,20000,8,0.0,0,6,"An Cương,  Lê Lam",Nhà Xuất Bản Kim Đồng,Nhà Xuất Bản Kim Đồng,,,,,Nhà sách Fahasa,available,1000,True,True,True
271041057,Aalfred Và Aalbert,39200,40000,2,0.0,0,0,Morag Hood,Nhà Xuất Bản Kim Đồng,Nhà Xuất Bản Kim Đồng,,,,,Nhà sách Fahasa,available,1000,True,True,True
270453700,Tập Tô Màu Mẫu Giáo - Chủ Đề Hoa (Tái Bản 2023),9000,10000,10,0.0,0,0,Trung Kiên,Minh Long,nxb my thuat,,,,,Nhà sách Fahasa,available,1000,True,True,True
262512072,Vun Đắp Tâm Hồn - Con Yêu Gia Đình - Âm Thanh Của Biển Khơi,39200,40000,2,0.0,0,0,Linh Vương,Nhà Xuất Bản Kim Đồng,Nhà Xuất Bản Kim Đồng,,,,,Nhà sách Fahasa,available,1000,True,True,True
253040774,Truyện Tranh Tư Duy Cho Bé - Song Ngữ Việt-Anh - Chăm Chỉ,28500,30000,5,0.0,0,4,Hải Minh,Fahasa,Nhà Xuất Bản Phụ Nữ Việt Nam,,,,,Nhà sách Fahasa,available,1000,True,True,True
248789032,Tranh Truyện Dân Gian Việt Nam: Người Cha Và Ba Con Trai (Tái Bản 2023),19600,20000,2,0.0,0,1,"Hồ Quảng,  Hồng Hà",Nhà Xuất Bản Kim Đồng,Nhà Xuất Bản Kim Đồng,,,,,Nhà sách Fahasa,available,1000,True,True,True
248585454,Tranh Truyện Dân Gian Việt Nam: Người Vợ Thông Minh (Tái Bản 2023),19600,20000,2,0.0,0,0,"Tô Chiêm,  Trần Ngọc",Nhà Xuất Bản Kim Đồng,Nhà Xuất Bản Kim Đồng,,,,,Nhà sách Fahasa,available,1000,True,True,True
248502095,Tranh truyện dân gian Việt Nam: Bảy Điều Ước (Tái Bản 2023),17000,20000,15,0.0,0,2,"Phạm Ngọc Tuấn,  Hồng Hà",Nhà Xuất Bản Kim Đồng,Nhà Xuất Bản Kim Đồng,,,,,Nhà sách Fahasa,available,1000,True,True,True
248502037,Truyện Cổ Tích Nổi Tiếng Song Ngữ Việt - Anh: Little Red Riding Hood - Cô Bé Quàng Khăn Đỏ (Tái Bản 2023),34300,35000,2,0.0,0,7,Daniel Howarth,Nhà Xuất Bản Kim Đồng,Nhà Xuất Bản Kim Đồng,,,,,Nhà sách Fahasa,available,1000,True,True,True
242411300,Bộ Sách Những Câu Chuyện Vàng (Bộ Túi 6 Cuốn) (Tái Bản 2022),102000,120000,15,0.0,0,0,Song Dương,Minh Long,nxb my thuat,,,,,Nhà sách Fahasa,available,1000,True,True,True
217899880,Tớ Muốn Chia Sẻ,45000,46000,2,0.0,0,3,Simon Philip,Nhà Xuất Bản Kim Đồng,Nhà Xuất Bản Kim Đồng,,,,,Nhà sách Fahasa,available,1000,True,True,True
214651477,Miền Hoang Dã - Cái Ôm Hào Hiệp Của Chú Gấu,49500,55000,10,0.0,0,2,Nicholas Oldland,Thái Hà,Nhà Xuất Bản Công Thương,,,,,Nhà sách Fahasa,available,1000,True,True,True
194183513,Bé Khám Phá Môi Trường Xung Quanh - Động Vật Hoang Dã (Tái Bản),29700,35000,15,0.0,0,0,Ngọc Minh,Minh Long,nxb my thuat,,,,,Nhà sách Fahasa,available,1000,True,True,True
192949290,Từ Điển Bằng Hình Cho Bé - Quốc Kỳ Trên Thế Giới - Flags,27100,28000,3,0.0,0,1,Nhiều tác giả,Đinh Tị,nxb thanh nien,,,,,Nhà sách Fahasa,available,1000,True,True,True
192949088,Câu Chuyện Nhỏ Bài Học Lớn - Những Câu Chuyện Vàng - Gấu Con Tìm Bạn,18000,20000,10,0.0,0,1,Song Dương,Minh Long,nxb my thuat,,,,,Nhà sách Fahasa,available,1000,True,True,True
187746435,Mèo Mốc Black Book - Tập 2 (Tái Bản),43600,45000,3,5.0,2,4,Mèo Mốc,Skybooks,Nhà Xuất Bản Dân Trí,,,,,Nhà sách Fahasa,available,1000,True,True,True
185005731,Những Người Bạn Kì Diệu - Thuyền Trưởng Hươu Cao Cổ Chổi Chà - Tầm Quan Trọng Của Vận Động - Captain Giraffebrush - The Importance Of Exercise,38200,39000,2,5.0,2,20,Michael Màu Nâu,Nhà Xuất Bản Kim Đồng,Nhà Xuất Bản Kim Đồng,,,,,Nhà sách Fahasa,available,1000,True,True,True
168899782,Tớ Đến Với Toán Học: Làm Quen Với Số Đếm 11-20,39200,49000,20,0.0,0,0,Rosie Neave,Alpha Books,Nhà Xuất Bản Dân Trí,,,,,Nhà sách Fahasa,available,1000,True,True,True
168899778,Tớ Đến Với Toán Học: Thực Hành Đếm,39200,49000,20,0.0,0,0,Rosie Neave,Alpha Books,Nhà Xuất Bản Dân Trí,,,,,Nhà sách Fahasa,available,1000,True,True,True
103863598,Chúng Mình Làm Gì Để… Bảo Vệ Thế Giới Động Vật?,33200,35000,5,5.0,1,8,"Michael Buxton, Liz Lennon",Cty Mĩ Thuật & Truyền Thông (ADC),Nhà Xuất Bản Giáo Dục Việt Nam,,,,,Nhà sách Fahasa,available,1000,True,True,True
103863538,Chúng Mình Làm Gì Để… Quan Tâm Bạn Bè?,33200,35000,5,0.0,0,3,"Michael Buxton, Liz Lennon",Cty Mĩ Thuật & Truyền Thông (ADC),Nhà Xuất Bản Giáo Dục Việt Nam,,,,,Nhà sách Fahasa,available,1000,True,True,True
103474777,Bộ Sách Baby Book - Những Người Bạn Ngộ Nghĩnh (Bộ 4 Cuốn),53200,56000,5,0.0,0,0,"Đăng Á, Phạm Lãi",Đông A,Nhà Xuất Bản Dân Trí,,,,,Nhà sách Fahasa,available,1000,True,True,True
51307893,Sách Trái Cây Đại Chiến Zombie - Tập 18: Trở Lại Ai Cập (Tái Bản 2020),30400,32000,5,5.0,5,39,"Cát Băng, Tâm Truyền Kỳ",Huy Hoàng Bookstore,Nhà Xuất Bản Phụ Nữ Việt Nam,,Bìa mềm,35.0,2020-03-01,Nhà sách Fahasa,available,1000,True,True,True
50361506,Cẩm Nang Tự Lập Tuổi Mẫu Giáo - Ngày Sinh Nhật Tưng Bừng,27400,28000,2,5.0,1,22,"Frank Remkiewicz, Jonathan London",Cty Mĩ Thuật & Truyền Thông (ADC),Nhà Xuất Bản Giáo Dục Việt Nam,,,,,Nhà sách Fahasa,available,1000,True,True,True
44976179,Sách Nhà Của Ai Cao Hơn?,70500,75000,6,5.0,1,11,Gianna Marino,Huy Hoàng Bookstore,Nhà Xuất Bản Phụ Nữ,,Bìa mềm,40.0,2019-12-01,Nhà sách Fahasa,available,1000,True,True,True
25000047,Bộ Bài Học Hay Cho Bé 2 - Bộ 4 Cuốn,96000,100000,4,0.0,0,1,Hoa Mai,NXB Hồng Đức,,,,,,Nhà sách Fahasa,available,1000,True,False,True
407200,Sách Bộ Truyện Candybook - Mãi Giữ Những Trang Lưu Bút,44200,52000,15,4.5,7,19,Nhóm tác giả,Tân Việt,,,Bìa mềm,208.0,2014-08-20,Nhà sách Fahasa,available,1000,True,True,True
