id,name,price,list_price,discount_rate,rating_average,review_count,all_time_quantity_sold,authors,publisher_vn,manufacturer,isbn13,book_cover,number_of_page,publication_date,current_seller_name,inventory_status,stock,has_freeship,is_authentic,has_return_policy
276471716,Sách Cách Sống,76500,99000,23,4.8,319,728,Inamori Kazuo,Thái Hà,Nhà Xuất Bản Lao Động,,Bìa mềm,226,2020-05-01,Tiki Trading,available,1000,False,True,True
195291930,Sách Bốn Thỏa Ước,87100,130000,33,5.0,280,4849,"Janet Mills, Don Miguel Ruiz",Saigon Books,Nhà Xuất Bản Dân Trí,,Bìa mềm,190,2022-01-01,Tiki Trading,available,1000,False,True,True
174842858,Sách Sức Mạnh Của Ngôn Từ (Tái Bản 2022),75600,108000,30,5.0,314,4908,Don Gabor,FIRST NEWS,Nhà Xuất Bản Tổng hợp TP.HCM,,Bìa mềm,312,2022-01-01,Tiki Trading,available,1000,False,True,True
278064377,Sách Tĩnh Lặng Là Dáng Vẻ Đẹp Nhất Của Bạn,76230,99000,23,5.0,7,280,Hạ Thiên,BERRY BOOKS,Nhà Xuất Bản Dân Trí,,Bìa mềm,232,2025-06-06,Tiki Trading,available,1000,False,True,True
140416370,Sách Flow - Dòng Chảy,159600,228000,30,5.0,797,9233,Mihaly Csikszentmihalyi,First News - Trí Việt,Nhà Xuất Bản Dân Trí,,Bìa gập,556,2021-11-01,Tiki Trading,available,1000,False,True,True
75307228,Sách OSHO Yêu - Being In Love - Yêu Trong Tỉnh Thức,127600,168000,24,5.0,259,1566,Osho,First News - Trí Việt,Nhà Xuất Bản Văn Hóa - Văn Nghệ TP.HCM,,Bìa gập,350,2021-01-01,Nhà sách Fahasa,available,1000,True,True,True
139567621,Sách Thức Tỉnh Mục Đích Sống (Tái Bản),103600,148000,30,5.0,306,3571,Eckhart Tolle,First News - Trí Việt,Nhà Xuất Bản Tổng hợp TP.HCM,,Bìa mềm,440,2021-11-11,Tiki Trading,available,1000,False,True,True
273596551,Sách Trắc ẩn với chính mình,113760,158000,28,5.0,11,303,"Kristin Neff, Christopher Germer",Nhã Nam,Nhà Xuất Bản Tổng hợp TP.HCM,,Bìa mềm,400,2023-11-27,Tiki Trading,available,1000,False,True,True
79672197,Sách Bí Mật Của May Mắn (Khổ Nhỏ)(Tái Bản),36900,45000,18,4.8,70,780,"Alex Rovira, Ferrnando Trias De Bes",First News - Trí Việt,Nhà Xuất Bản Tổng hợp TP.HCM,,Bìa mềm,160,2021-03-01,Nhà sách Fahasa,available,1000,True,True,True
76105910,Sách 5 Ngôn Ngữ Yêu Thương - The Five Love Languages (Tái Bản),89600,128000,30,5.0,347,3524,Gary Chapman,First News - Trí Việt,Nhà Xuất Bản Tổng hợp TP.HCM,,Bìa gập,224,2021-01-12,Tiki Trading,available,1000,False,True,True
260810302,Sách Ngôi thứ nhất số ít,72360,108000,33,5.0,88,1223,Haruki Murakami,Nhã Nam,Nhà Xuất Bản Phụ Nữ,,Bìa mềm,203,2023-06-13,Tiki Trading,available,1000,False,True,True
205808269,Hôm Nay mẹ Có Vui Không? (Tái bản năm 2022),107100,119000,10,0.0,0,8,Trần Vân Anh,Nhà xuất bản Phụ Nữ,Nhà Xuất Bản Phụ Nữ,,Bìa mềm,225,,Nhà Sách Phương Nam,available,1000,True,True,True
263389188,Sách Sao trước đây không ai nói với tôi điều này? - Bộ công cụ để đối mặt với cuộc sống,127000,170000,25,5.0,20,443,Julie Smith,NXB Trẻ,NXB Trẻ,,Bìa mềm,364,2023-06-26,Tiki Trading,available,1000,False,True,True
179063952,Sách Khi Mọi Điểm Tựa Đều Mất,75599,108000,30,5.0,151,1780,"Marci Shimoff, Carol Kline",First News - Trí Việt,Nhà Xuất Bản Tổng hợp TP.HCM,,Bìa mềm,280,2022-01-01,Tiki Trading,available,1000,False,True,True
185909446,Sách Sức Mạnh Của Sự Tử Tế,54600,78000,30,4.8,26,400,Nhiều tác giả,FIRST NEWS,Nhà Xuất Bản Tổng hợp TP.HCM,,Bìa mềm,160,2023-07-19,Tiki Trading,available,1000,False,True,True
100958457,Sách Gieo Trồng Hạnh Phúc (Tái Bản),66000,119000,45,5.0,384,5822,Thich Nhất Hạnh,Thái Hà,Nhà Xuất Bản Lao Động,,Bìa mềm,279,2021-05-01,Tiki Trading,available,1000,False,True,True
1464015,Sách Ai Sẽ Khóc Khi Bạn Lìa Xa,85500,90000,5,5.0,36,239,Robin Sharma,NXB Trẻ,,,Bìa mềm,248,2018-01-01,Nhà sách Fahasa,available,1000,True,True,True
217419214,Bộ Sách Những Giá Trị Vượt Thời Gian (Ấn Bản Hoài Cổ) - Combo 3 Cuốn,218000,290000,25,4.5,8,74,Thu Giang Nguyễn Duy Cần,NXB Trẻ,NXB Trẻ,,Bìa mềm,1000,2023-01-01,Tiki Trading,available,1000,False,True,True
279155733,Thương - Câu Chuyện Tiếp Tục Từ Trái Tim,175000,175000,0,0.0,0,6,BS. Nguyễn Lân Hiếu,Nhã Nam,Nhà xuất bản Kinh tế tài chính,,Bìa mềm,340,2026-02-02,Nhà sách NetaBooks,available,1000,True,True,True
275243823,Bộ sách Sống đẹp mỗi ngày,48000,75000,36,5.0,2,10,Nguyễn Cao Dũng,NXB Trẻ,NXB Trẻ,,Bìa mềm,164,2024-06-12,Tiki Trading,available,1000,False,True,True
279246111,Sách - Sách Chicken Soup for the Soul - Quà Tặng Tâm Hồn (Trọn Bộ),46400,56000,17,0.0,0,0,nhieu tac gia,FIRST NEWS,Nhà Xuất Bản Tổng hợp TP.HCM,,Bìa mềm,,2023-12-21,Nhà sách Fahasa,available,1000,True,True,True
152740748,Sách Lối Sống Tối Giản Của Người Nhật (Tái Bản),95000,139000,32,4.8,367,3133,Sasaki Fumio,Thái Hà,Nhà Xuất Bản Lao Động,,Bìa mềm,298,2021-12-12,Tiki Trading,available,1000,False,True,True
59047889,Sách Mở Cửa Trái Tim (Tái Bản 2020),89600,108000,17,4.3,3,25,Ajahn Brahm,First News - Trí Việt,Nhà Xuất Bản Tổng hợp TP.HCM,,Bìa gập,116,2020-08-01,Nhà sách Fahasa,available,1000,True,True,True
191704799,Dám Hạnh Phúc,110000,110000,0,0.0,0,0,,Nhã Nam,NXB Dân Trí,,Bìa mềm,299,2019-01-01,HỆ THỐNG NHÀ SÁCH ABC,available,1000,True,True,True
277570576,Sách - Osho Nghệ thuật sống và chết,143000,189000,24,0.0,0,10,Osho,Thái Hà,Nhà Xuất Bản Thế Giới,,,416,2025-03-27,THAIHABOOKS,available,1000,True,True,True
167615016,Tự Do Đầu Tiên Và Cuối Cùng - The First And Last Freedom,163760,178000,8,0.0,0,17,,First News - Trí Việt,oem,,,,,Nhà sách NetaBooks,available,1000,True,True,True
278434035,Combo 2 cuốn sách Đọc vị đàn ông + Binh pháp ái tình (Sách chính hãng  - HP360),292500,325000,10,5.0,1,51,,Nhà Xuất Bản Lao Động,Nhà Xuất Bản Lao Động,,,,,Nhà Sách Đậu Ngọt,available,1000,True,True,True
200852591,Sách Một Nghệ Thuật Sống,75000,75000,0,0.0,0,1,"Thu Giang, Nguyễn Duy Cần",NXB Trẻ,NXB Trẻ,,,,2022-10-10,Bamboo Books,available,1000,True,True,True
262550907,Hơn cả hạnh phúc - Minh triết Phật giáo và chủ nghĩa Khắc kỷ  trong một kỷ nguyên đầy hoài nghi,92880,129000,28,5.0,3,70,,Thái Hà,Nhà Xuất Bản Thế Giới,,Bìa mềm,312,2023-06-06,THAIHABOOKS,available,1000,True,True,True
50072450,Sách Sống Hạnh Phúc - Cẩm Nang Cho Cuộc Sống (Tái Bản 2020),96300,107000,10,5.0,6,36,"Howard C. Cutler, Đạt Lai Lạt Ma",Nhã Nam,Nhà Xuất Bản Lao Động,,Bìa mềm,408,2020-03-06,Nhà sách Fahasa,available,1000,True,True,True
176550321,Sách Bàn Về Ham Muốn: Tại Sao Chúng Ta Muốn Thứ Mà Ta Muốn,126300,169000,25,4.8,205,1948,William B. Irvine,Thái Hà,Nhà Xuất Bản Công Thương,,,372,2023-04-23,Tiki Trading,available,1000,False,True,True
278275164,Sách Sống Một Đời Xứng Đáng: Sáu Bí Quyết Để Luôn Vui Khỏe Của Vị Bác Sĩ 102 Tuổi,116000,155000,25,5.0,1,53,Gladys McGarey,NXB Trẻ,NXB Trẻ,,Bìa mềm,368,2025-07-17,Tiki Trading,available,1000,False,True,True
252908567,Sách Trí Tuệ Cổ Xưa Cho Lối Sống Hiện Đại,89400,149000,40,5.0,4,130,Jane Alexander,Bloom Books,Nhà Xuất Bản Thế Giới,,Bìa mềm,232,2023-04-04,Tiki Trading,available,1000,False,True,True
167614005,Liễu Phàm Tứ Huấn,59000,59000,0,0.0,0,15,,Thái Hà,oem,,,,,Bamboo Books,available,1000,True,True,True
274761878,Sách Tuyên ngôn của người anh hùng đời thường (Robin Sharma),142000,190000,25,4.6,14,195,Robin Sharma,NXB Trẻ,NXB Trẻ,,Bìa mềm,472,2024-04-17,Tiki Trading,available,1000,False,True,True
1084916,Sách Những Cách Thấy – Ways Of Seeing,111000,140000,21,4.0,2,262,John Berger,Phương Nam,,,Bìa mềm,216,2017-11-10,Tiki Trading,available,1000,False,True,True
161929413,Sách Xin Đừng Làm Mẹ Khóc - Tuyển Chọn Những Câu Chuyện Hay Nhất Hạt Giống Tâm Hồn,100300,118000,15,4.5,2,52,First News Tổng Hợp,First News - Trí Việt,Nhà Xuất Bản Tổng hợp TP.HCM,,Bìa mềm,208,2022-02-01,First News,available,1000,True,True,True
185055209,"Osho - Combo Sống Hài Hòa (Yêu, Cảm Xúc, Hiểu)",366800,524000,30,5.0,105,1016,Osho,FIRST NEWS,NXB Dân Trí,,Bìa mềm,1128,2022-06-06,Tiki Trading,available,1000,False,True,True
104314401,Sách Bí Mật Của May Mắn (Khổ Lớn) (Tái Bản),47600,68000,30,4.8,543,5746,Alex Rovira,First News - Trí Việt,Nhà Xuất Bản Tổng hợp TP.HCM,,Bìa mềm,152,2021-06-01,Tiki Trading,available,1000,False,True,True
263336124,Sách Sống như bông pháo hoa: Hành trình khám phá điều quý giá nhất cuộc đời,194500,286000,32,5.0,10,270,Ruby Nguyen,Thái Hà,Nhà Xuất Bản Hà Nội,,Bìa mềm,304,2023-06-01,Tiki Trading,available,1000,False,True,True
55093435,Sách Hạnh Phúc Hay Không Do Ta Quyết Định (Tái Bản 2020),30000,40000,25,4.7,30,238,Watanabe Kazuko,NXB Phụ Nữ Việt Nam,Nhà Xuất Bản Phụ Nữ,,Bìa mềm,120,2020-05-05,Tiki Trading,available,1000,False,True,True
251769250,Bộ Sách Suối Thông,221100,330000,33,5.0,12,100,Suối Thông,Saigon Books,Nhà Xuất Bản Hội Nhà Văn,,Bìa mềm,780,2023-03-01,Tiki Trading,available,1000,False,True,True
111285054,Sách Quẳng Gánh Lo Đi & Vui Sống (Tái Bản),68800,86000,20,5.0,54,369,Dale Carnegie,First News - Trí Việt,Nhà Xuất Bản Tổng hợp TP.HCM,,Bìa mềm,312,2021-07-01,Nhà sách Fahasa,available,1000,True,True,True
276886061,Sách Hạnh Phúc Cầm Tay,76800,99000,22,5.0,298,51,Thich Nhất Hạnh,Thái Hà,Nhà Xuất Bản Lao Động,,Bìa mềm,209,2021-05-01,Tiki Trading,available,1000,False,True,True
262812983,Nghệ Thuật Yêu - The Art Of Loving - Tái Bản 2023,103000,129000,20,5.0,2,41,,Omega Plus,Nhà Xuất Bản Thế Giới,,,,,Sống Official,available,1000,True,True,True
262660086,Combo 2 cuốn của tác giả Sadhguru - Nghiệp + Kiến tạo bản thân,225000,298000,24,5.0,24,264,,Thái Hà,Nhà Xuất Bản Thế Giới,,Bìa mềm,,2023-06-06,THAIHABOOKS,available,1000,True,True,True
316890,Sách 5 Ngôn Ngữ Tình Yêu,132000,132000,0,5.0,8,156,Gary Chapman,First News - Trí Việt,NXB Trẻ,,Bìa mềm,240,2009-04-30,Hiệu Sách Tự Do,available,1000,True,True,True
73795265,Sách Hợp Nhất Với Vũ Trụ (Bìa Mềm) (Tái Bản 2020),73000,88000,17,5.0,7,42,Eckhart Tolle,First News - Trí Việt,Nhà Xuất Bản Tổng hợp TP.HCM,,Bìa mềm,176,,Nhà sách Fahasa,available,1000,True,True,True
274987895,Sách Kinh Thánh Dinh Dưỡng,120000,150000,20,4.5,2,49,Patrick Holford,BeBooks,Nhà Xuất Bản Thanh Niên,,Bìa mềm,464,,Tiki Trading,available,1000,False,True,True
492745,Sách Chuyển Họa Thành Phúc,71200,75000,5,5.0,2,70,Nguyễn Minh Tiến,Công ty Văn hóa Hương Trang,Nhà Xuất Bản Hồng Đức,,Bìa mềm,143,2015-06-25,Chính Thông,available,1000,True,True,True
68296607,Sách Đắc Nhân Tâm (Khổ Nhỏ) - Tái Bản 2020,43276,68000,36,4.7,754,3091,Dale Carnegie,First News - Trí Việt,Nhà Xuất Bản Tổng hợp TP.HCM,,Bìa mềm,328,2020-09-15,Tiki Trading,available,1000,False,True,True
322063,Sách Khổng Tử Tinh Hoa (Tái Bản),61600,88000,30,4.0,16,574,Vu Đan,First News - Trí Việt,Nhà Xuất Bản Tổng hợp TP.HCM,,Bìa mềm,176,2009-12-31,Tiki Trading,available,1000,False,True,True
191077713,Sách Mọi Thứ Thật Giản Đơn,66220,86000,23,5.0,6,108,Brianna Wiest,Bloom Books,Nhà Xuất Bản Thế Giới,,Bìa mềm,144,2022-07-01,Tiki Trading,available,1000,False,True,True
272226138,Sách Homo Deus Lược Sử Tương Lai,161451,225000,28,4.7,24,375,Yuval Noah Harari,Nhã Nam,Nhà Xuất Bản Thế Giới,,Bìa mềm,512,,Tiki Trading,available,1000,False,True,True
89000436,Sách Sống Tối Giản Cho Đời Thanh Thản,52800,55000,4,5.0,1,11,Aston Sanderson,VanLangBooks,,,Bìa mềm,104,2021-04-15,Nhà sách Fahasa,available,1000,True,True,True
111285050,Sách Ai Lấy Miếng Pho Mát Của Tôi ? (Tái Bản),56400,68000,17,4.8,4,140,"Spencer Johnson, M.D.",First News - Trí Việt,Nhà Xuất Bản Tổng hợp TP.HCM,,Bìa mềm,128,2021-07-01,Nhà sách Fahasa,available,1000,True,True,True
145287904,Sách - Giận (Tái Bản 2021)(Cuốn sách hay của Thiền sư Thích Nhất Hạnh/ Tặng kèm Bookmark),135000,135000,0,5.0,6,59,,Phương Nam,Nhà Xuất Bản Hồng Đức,,,,,Bamboo Books,available,1000,True,True,True
272349569,Sách Muôn Kiếp Nhân Sinh 3 (Bìa cứng),201600,288000,30,5.0,29,189,Nguyên Phong,First News - Trí Việt,Nhà Xuất Bản Tổng hợp TP.HCM,,Bìa cứng,438,2023-09-09,Tiki Trading,available,1000,False,True,True
262826521,"Sách SỐNG KHỎE, SỐNG VUI, SỐNG LÀNH MẠNH",263000,350000,25,5.0,2,27,"Frank Lipman M.D, Amely Greeven",Pandabooks,Nhà Xuất Bản Lao Động,,Bìa mềm,488,2023-05-01,Tiki Trading,available,1000,False,True,True
275264344,Sách Giải mã cơ chế phòng vệ tâm lý con người,129000,168000,23,5.0,4,40,Nhậm Lệ,Công ty CP Sách Bizbooks,Nhà Xuất Bản Hồng Đức,,Bìa mềm,360,2024-01-01,Tiki Trading,available,1000,False,True,True
272582676,Vương Hồng Sển - Thú chơi sách,128000,170000,25,4.1,10,89,Vương Hồng Sển,NXB Trẻ,NXB Trẻ,,Bìa cứng,192,2023-10-09,Tiki Trading,available,1000,False,True,True
109982855,Sách Tâm Tĩnh Lặng Bước Chậm Lại Để Thành Công,122300,139000,12,5.0,2,16,Ryan Holiday,Tân Việt,Nhà Xuất Bản Dân Trí,,Bìa mềm,302,2021-07-01,Nhà sách Fahasa,available,1000,True,True,True
278424386,Sách Bức Tranh Cuộc Đời,186200,239000,22,5.0,1,12,Huỳnh Minh Thiện,Thái Hà,Nhà Xuất Bản Lao Động,,Bìa mềm,388,,Tiki Trading,available,1000,False,True,True
200844319,Combo 2 Cuốn Sách Của Inamori Kazuo : Tâm + Nghĩ Thiện Để Cuộc Đời Và Công Việc Viên Mãn (Tặng Kèm Bookmark Bamboo Books),174000,174000,0,5.0,10,91,Inamori Kazuo,Nhiều công ty phát hành,Nhiều Nhà Xuất Bản,,Bìa mềm,,,Bamboo Books,available,1000,True,True,True
271365455,"Sách - Bốn Thỏa Ước - Tác giả Janet Mills, don Miguel Ruiz",113100,130000,13,5.0,4,84,"Janet Mills, Don Miguel Ruiz",Saigon Books,Nhà Xuất Bản Dân Trí,,Bìa mềm,190,2021-08-01,Zenbooks Official ,available,1000,True,True,True
217730458,Sách Hygge - Hạnh Phúc Từ Những Điều Nhỏ Bé (Tái Bản),89600,128000,30,5.0,6,102,Marie Tourell Söderberg,First News - Trí Việt,Nhà Xuất Bản Tổng hợp TP.HCM,,Bìa mềm,200,2023-02-13,Tiki Trading,available,1000,False,True,True
278025336,Sách Định luật Peter: Những quy luật tâm lý thao túng suy nghĩ và hành động của chúng ta,129000,168000,23,0.0,0,10,Bao Sở Đình,Công ty CP Sách Bizbooks,Nhà Xuất Bản Hồng Đức,,Bìa mềm,284,2023-01-01,Tiki Trading,available,1000,False,True,True
277410876,Sách Wa – Nghệ thuật sống cân bằng của người Nhật,147868,209000,29,5.0,2,22,Kaki Okumura,Nhã Nam,Nhà Xuất Bản Dân Trí,,Bìa mềm,336,2024-03-12,Tiki Trading,available,1000,False,True,True
160591633,Thu Giang Nguyễn Duy Cần - Thuật Tư Tưởng - Tái Bản 2021,95000,95000,0,0.0,0,14,,NXB Trẻ,NXB Trẻ,,,,,Nhà Sách Vĩnh Thụy,available,1000,True,True,True
275264327,Đọc vị con người như đọc một cuốn sách,114000,148000,23,0.0,0,13,Patrick King,Công ty CP Sách Bizbooks,Nhà Xuất Bản Hồng Đức,,Bìa mềm,244,2024-01-01,Tiki Trading,available,1000,False,True,True
271288184,Sách Muôn Kiếp Nhân Sinh 3 (Khổ Nhỏ),89600,128000,30,5.0,55,674,Nguyên Phong,First News - Trí Việt,Nhà Xuất Bản Tổng hợp TP.HCM,,Bìa mềm,544,2023-08-08,Tiki Trading,available,1000,False,True,True
274242085,Sách Sống để phiêu lưu,61800,90000,31,5.0,2,49,"Nguyễn Vĩnh Nguyên, Linh Rab",Nhã Nam,Nhà Xuất Bản Hội Nhà Văn,,Bìa mềm,152,,Tiki Trading,available,1000,False,True,True
277410869,Sách Vẻ đẹp của cuộc sống - Nhật ký của Krishnamurti,107030,139000,23,5.0,7,118,J. Krishnamurti,Nhã Nam,Nhà Xuất Bản Văn Học,,Bìa mềm,264,2024-03-12,Tiki Trading,available,1000,False,True,True
168924456,Sách Vượt Qua Sợ Hãi,193680,269000,28,4.6,14,83,Aung San Suu Kyi,Nhã Nam,Nhà Xuất Bản Phụ Nữ,,Bìa mềm,540,2022-03-25,Tiki Trading,available,1000,False,True,True
270773708,Thuật Yêu Đương (Thu Giang Nguyễn Duy Cần)  - Bản Quyền,120000,120000,0,0.0,0,1,,NXB Trẻ,NXB Trẻ,,,,,HỆ THỐNG NHÀ SÁCH ABC,available,1000,True,True,True
279181449,365 Ngày Hạnh Phúc (Sách Để Bàn),299000,299000,0,0.0,0,1,Thích Nhất Hạnh,PHANBOOK,NXB Dân Trí,,Bìa mềm,336,2026-02-13,Nhà sách NetaBooks,available,1000,True,True,True
278873740,Sách - Dương Mưu (dùng tiểu nhân trị tiểu nhân),157680,219000,28,0.0,0,9,"Tần Trần, Triệu Tử Y",1980 Books,Nhà Xuất Bản Lao Động,,Bìa mềm,396,,1980 BOOKS HCM,available,1000,True,True,True
271261663,Sách - Combo 3 Cuốn Muôn Kiếp Nhân Sinh - Nguyên Phong (Khổ Nhỏ) (Trọn Bộ 3 Tập) - First News ( Tặng Kèm Sổ Tay Xương Rồng ),374000,374000,0,5.0,4,19,"Nguyên Phong, Nguyên Phong, Nguyễn Phong, Nguyên Phong (GS. John Vu)",Công Ty TNHH Văn Hóa Sáng Tạo Trí Việt,Nhà Xuất Bản Tổng hợp TP.HCM,,Bìa mềm,,,NHBook,available,1000,True,True,True
163661774,Vãn Tình- Lấy Tình Thâm Mà Đổi Đầu Bạc- Free Bookcare,139000,139000,0,5.0,3,21,Vãn Tình,AZ Việt Nam,Nhà Xuất Bản Thế Giới,,Bìa mềm,427,,NHBook,available,1000,True,True,True
274943434,Sách Vươn lên từ nghịch cảnh: Rèn tính kiên cường mỗi ngày,106000,145000,27,0.0,0,21,"Karen Forshaw, Chrissie Mowbray",NXB Trẻ,NXB Trẻ,,Bìa mềm,356,2024-04-30,Tiki Trading,available,1000,False,True,True
200013581,Combo 2 Cuốn Sách Của Robin Sharma : Khám Phá Vận Mệnh - 7 Bước Đánh Thức Bản Thân + Trí Tuệ Gia Đình - Từ Vị Tu Sĩ Bán Đi Chiếc Ferrari (Tặng Kèm Bookmark Bamboo Books) ,275000,275000,0,5.0,1,23,Robin Sharma,NXB Trẻ,NXB Trẻ,,Bìa mềm,,,Bamboo Books,available,1000,True,True,True
79104663,Sách Tận Hưởng Thời Gian,119900,129000,7,5.0,1,4,Catherine Blyth,Thái Hà,Nhà Xuất Bản Công Thương,,Bìa mềm,144,2021-03-01,Nhà sách Fahasa,available,1000,True,True,True
275183031,Chánh Niệm Trong Từng Hơi Thở,78000,78000,0,0.0,0,1,Rose Elliot,Văn Lang,Nhà Xuất Bản Hồng Đức,,Bìa mềm,216,2024-06-03,Nhà sách NetaBooks,available,1000,True,True,True
172377932,Sách - Đi Tìm Lẽ Sống,83600,88000,5,0.0,0,2,Viktor Emil Frankl,First News - Trí Việt,Nhà Xuất Bản Tổng Hợp,,Bìa gập,224,,Bảo Châu Books,available,1000,True,True,True
69624556,Sách Phút Dành Cho Cha (Tái Bản 2020),48100,58000,17,5.0,2,14,Spencer Johnson,First News - Trí Việt,Nhà Xuất Bản Tổng hợp TP.HCM,,Bìa mềm,176,2020-10-15,Nhà sách Fahasa,available,1000,True,True,True
58165829,Combo Trọn Bộ 16 Cuốn Sách: Hạt Giống Tâm Hồn (Tái Bản),1024000,1024000,0,0.0,0,1,.,First News - Trí Việt,Nhà Xuất Bản Tổng hợp TP.HCM,,Bìa gập,,2020-06-01,HỆ THỐNG NHÀ SÁCH ABC,available,1000,True,True,True
277993499,Sách Bách Trí Minh Đạo,112000,160000,30,5.0,1,32,Trí Viễn,Công ty CP Sách Bizbooks,Nhà Xuất Bản Hồng Đức,,Bìa mềm,264,2025-04-29,Tiki Trading,available,1000,False,True,True
230081986,Sách: Ngưng Né Tránh Mọi Việc,80000,80000,0,0.0,0,0,,Minh Long,Nhà Xuất Bản Thanh Niên,,Bìa mềm,220,2023-02-24,Nhà Sách Vĩnh Thụy,available,1000,True,True,True
510934,Sách Đỉnh Xuất Kỳ Nhân,55600,58000,4,5.0,4,16,Nguyễn Đắc Xuân,Thái Hà,,,Bìa mềm,204,2016-06-08,Nhà sách Fahasa,available,1000,True,True,True
252764177,Sách Tìm Mình Trong Thành Phố Nội Tâm,107030,139000,23,4.8,28,332,Hà Minh,Bloom Books,Nhà Xuất Bản Thế Giới,,Bìa mềm,272,2023-04-18,Tiki Trading,available,1000,False,True,True
213892346,Muôn Kiếp Nhân Sinh 1 (Bìa mềm),168000,168000,0,5.0,10,128,Nguyên Phong,First News - Trí Việt,Nhà Xuất Bản Tổng hợp TP.HCM,,Bìa mềm,408,2021-06-01,Hiệu Sách Tự Do,available,1000,True,True,True
277038158,Sách - Hạt Giống Tâm Hồn - Bản Giao Hưởng Cuộc Sống - Bìa Cứng,205800,248000,17,5.0,1,5,nhieu tac gia,FIRST NEWS,Nhà Xuất Bản Tổng hợp TP.HCM,,Bìa mềm,,2023-12-21,Nhà sách Fahasa,available,1000,True,True,True
276449115,Wabi-Sabi (Bộ 2 Tập) -  Leonard Koren ,250000,250000,0,0.0,0,13,,PHANBOOK,Nhà Xuất Bản Hà Nội,,Bìa mềm,240,2024-10-25,Nhà sách NetaBooks,available,1000,True,True,True
199536489,Sách Đắc Nhân Tâm Kiểu Nhật,60000,85000,29,5.0,2,27,Mizushima Hiroko,VanLangBooks,,,Bìa mềm,184,2022-10-10,Tiki Trading,available,1000,True,True,True
75307230,Sách Hãy Sống Từng Ngày Trọn Vẹn,136000,136000,0,0.0,0,0,Vu Quyên,Cty CP VH Pingbooks,Nhà Xuất Bản Phụ Nữ Việt Nam,,Bìa mềm,408,2021-01-01,Happy Kids books,available,1000,True,True,True
278357228,Nhận Thức Không Chọn Lựa,150000,150000,0,0.0,0,4,J. Krishnamurti,Công ty TNHH Truyền Thông và Giáo Dục Lyceum,Nhà Xuất Bản Phụ Nữ Việt Nam,,Bìa mềm,240,2025-07-18,Nhà sách NetaBooks,available,1000,True,True,True
275925350,An Sĩ Toàn Thư - Khuyên Người Bỏ Sự Tham Dục ,120000,120000,0,5.0,1,11,,Công ty TNHH TM & DV Văn Hóa Hương Trang,Nhà Xuất Bản Hồng Đức,,Bìa mềm,326,,NewShop Official,available,1000,True,True,True
272447976,Sống Đẹp Giữa Thế Gian Đầy Biến Động - Vanlangbooks,46400,58000,20,5.0,1,9,Pema Chodron,VanLangBooks,,,Bìa mềm,,2015-01-01,Văn Lang Official Store,available,1000,True,True,True
275771323,Osho: Định Mệnh Tự Do Và Tâm Linh - Hành Trình Đích Thực Của Cuộc Đời,116000,116000,0,0.0,0,1,,NXB Hồng Đức,Nhà Xuất Bản Hồng Đức,,Bìa mềm,221,,Nhà Sách Phương Nam,available,1000,True,True,True
275087019,Không Hoàn Hảo Nhưng Tự Do Và Hạnh Phúc,238000,238000,0,0.0,0,1,Christophe Andre,NXB Thế Giới,Nhà Xuất Bản Thế Giới,,Bìa mềm,596,,Nhà Sách Phương Nam,available,1000,True,True,True
137484458,Sách Osho: Phụ Nữ,109000,109000,0,0.0,0,15,Osho,Nhà Xuất Bản Hà Nội,Nhà Xuất Bản Hà Nội,,Bìa mềm,258,,Bamboo Books,available,1000,True,True,True
275264311,"Sách Just do it: Đừng nói hãy hành động, đừng hứa hãy chứng minh",127000,165000,23,4.0,1,36,Trâu Tiểu Cường,Công ty CP Sách Bizbooks,Nhà Xuất Bản Hồng Đức,,Bìa mềm,240,2024-02-01,Tiki Trading,available,1000,False,True,True
121975020,Combo sách 2 cuốn: Nick Vujicic - Cuộc Sống Không Giới Hạn + Nick Vujicic - Đừng Bao Giờ Từ Bỏ Khát Vọng (Tái Bản 2019),206000,206000,0,5.0,1,3,Nick Vujicic,First News - Trí Việt,Nhà Xuất Bản Tổng hợp TP.HCM,,Bìa mềm,676,,Nhà Sách Vĩnh Thụy,available,1000,True,True,True
55119955,Cách Sống (Tái Bản 2020),94050,99000,5,0.0,0,0,Inamori Kazuo,Thái Hà,Nhà Xuất Bản Công Thương,,Bìa mềm,226,,Cá Chép Bookstore,available,1000,True,True,True
72689369,Bộ Sách Hạt Giống Tâm Hồn (Trọn Bộ 16 Tập) (Tái Bản Mới Nhất),851200,1216000,30,4.8,188,851,.,First News - Trí Việt,Nhiều Nhà Xuất Bản,,Bìa mềm,,2020-11-15,Tiki Trading,available,1000,False,True,True
200851517,Sách Hạnh phúc không mọc trên cây,119000,160000,26,5.0,23,275,Trần Hữu Đức,NXB Trẻ,NXB Trẻ,,,480,2022-10-12,Tiki Trading,available,1000,False,True,True
53720978,"Sách Trong Cái Không Có Gì Không ? (Thiền Sư Thích Nhất Hạnh Trả Lời Cho Trẻ Em Những Thắc Mắc Về Ý Nghĩa Cuộc Sống, Về Cái Chết, Về Gia Đình, Bạn Bè Và Nhiều Câu Hỏi Khác)",152000,160000,5,5.0,142,1073,Thích Nhất Hạnh,NXB Kim Đồng,Nhà Xuất Bản Kim Đồng,,Bìa cứng,72,2020-04-04,Nhà sách Fahasa,available,1000,True,True,True
278151997,Con Đường Chẳng Mấy Ai Đi (Tái bản năm 2024),165000,165000,0,0.0,0,0,M. Scott Peck,NXB Dân Trí,Nhà Xuất Bản Dân Trí,,Bìa mềm,344,,Nhà Sách Phương Nam,available,1000,True,True,True
279177301,365 Ngày Hạnh Phúc (Sách Để Bàn) - Thích Nhất Hạnh,262000,299000,12,0.0,0,3,Thích Nhất Hạnh,PHANBOOK,Nhà Xuất Bản Dân Trí,,,366,,PHAN LỆ & FRIENDS,available,1000,True,True,True
278775527,Sách CÁNH BUỒM TƯ DUY,368000,368000,0,0.0,0,3,Nguyễn Thị Hồng Cảnh,Nhà Xuất Bản Dân Trí,Nhà Xuất Bản Dân Trí,,Bìa mềm tay gấp,,,Expert Book,available,1000,True,True,True
277837130,Sách Trăng lãng du,123100,180000,32,0.0,0,29,Nagira Yuu,Nhã Nam,Nhà Xuất Bản Phụ Nữ Việt Nam,,Bìa mềm,396,2025-03-13,Tiki Trading,available,1000,False,True,True
100947274,Sách Tìm Bình Yên Trong Gia Đình (Tái Bản),74000,99000,25,5.0,194,2668,Thích Nhất Hạnh,Thái Hà,Nhà Xuất Bản Thế Giới,,Bìa mềm,302,2021-05-01,Tiki Trading,available,1000,False,True,True
185909454,Sách Hạt Giống Tâm Hồn - Tuyển Chọn Những Câu Chuyện Hay Nhất (Bìa Mềm),82600,118000,30,5.0,32,493,"Jack Canfield, Mark Victor Hansen",FIRST NEWS,Nhà Xuất Bản Tổng hợp TP.HCM,,Bìa mềm,356,2022-04-07,Tiki Trading,available,1000,False,True,True
214598587,Sách Thuật Xử - Thế Của Người Xưa (Ấn Bản Hoài Cổ),71000,95000,25,4.8,13,137,Thu Giang Nguyễn Duy Cần,NXB Trẻ,NXB Trẻ,,Bìa mềm,160,2023-01-01,Tiki Trading,available,1000,False,True,True
184070223,Sách OSHO - Cảm Xúc,131600,188000,30,5.0,324,3456,Osho,First News - Trí Việt,Nhà Xuất Bản Dân Trí,,Bìa mềm,408,2022-05-05,Tiki Trading,available,1000,False,True,True
271270159,Sách Cho là nhận - Dưỡng tâm,67110,92000,27,4.5,4,53,Đại Sư Tinh Vân,BIZBOOKS,Nhà Xuất Bản Hồng Đức,,Bìa mềm,124,2023-03-15,Tiki Trading,available,1000,False,True,True
63473605,"Sách Ho’Oponopono: Sống Như Người Hawaii – Chấp Nhận, Biết Ơn Và Tha Thứ",101300,109000,7,5.0,140,963,Carole Berger,Thái Hà,Nhà Xuất Bản Công Thương,,Bìa mềm,160,2020-08-15,Nhà sách Fahasa,available,1000,True,True,True
278744131,"Yêu cầu đúng, nhận đủ - Ask and it is Given - Happy Live",249000,249000,0,0.0,0,6,"Esther Hicks, Jerry Hicks",CÔNG TY TNHH HAPPY LIVE,Nhà Xuất Bản Thế Giới,,Bìa mềm tay gấp,482,2025-10-10,HappyLive,available,1000,True,True,True
273386447,Sách Lẽ Sống,47600,68000,30,5.0,8,92,Tara Swart,First News - Trí Việt,Nhà Xuất Bản Tổng hợp TP.HCM,,Bìa mềm,464,2023-10-01,Tiki Trading,available,1000,False,True,True
214598590,Sách Một Nghệ - Thuật Sống (Ấn Bản Hoài Cổ),64000,85000,25,5.0,10,140,Thu Giang Nguyễn Duy Cần,NXB Trẻ,NXB Trẻ,,Bìa mềm,136,2023-01-01,Tiki Trading,available,1000,False,True,True
277923266,Sách 100 bí quyết của người thành công - Những bài tập nhỏ thay đổi cuộc đời,98000,135000,27,0.0,0,17,Nigel Cumberland,NXB Trẻ,NXB Trẻ,,Bìa mềm,332,2025-05-05,Tiki Trading,available,1000,False,True,True
46825655,Sách Đối Nhân Xử Thế,74200,79000,6,4.3,3,9,Gia Khanh,VanLangBooks,Nhà Xuất Bản Hồng Đức,,Bìa mềm,208,2020-01-02,Nhà sách Fahasa,available,1000,True,True,True
278704150,Người Ngoài Khung - Thiền Giữa Đời Thường,250000,250000,0,4.0,2,51,TS Nguyễn Thanh Mỹ,Saigon Books,Nhà Xuất Bản Thế Giới,,Bìa mềm,290,2025-09-30,Nhà sách NetaBooks,available,1000,True,True,True
195291934,Sách Thực Hành Bốn Thỏa Ước,130000,130000,0,0.0,0,0,"Janet Mills, Don Miguel Ruiz",Saigon Books,Nhà Xuất Bản Dân Trí,,Bìa mềm,292,2022-01-01,info book,available,1000,True,True,True
279026812,Sách - Ảo ảnh trong xã hội dư thừa kết nối,175500,195000,10,5.0,2,35,Đinh Đức Hoàng,CÔNG TY CỔ PHẦN RIO BOOK VIỆT NAM,Nhà Xuất Bản Dân Trí,,Bìa mềm,260,2025-12-31,RIObook Store,available,1000,True,True,True
214598584,Sách Óc Sáng - Suốt (Ấn Bản Hoài Cổ),82000,110000,25,4.8,8,135,Thu Giang Nguyễn Duy Cần,NXB Trẻ,NXB Trẻ,,Bìa mềm,216,2023-01-01,Tiki Trading,available,1000,False,True,True
262405219,Muôn Kiếp Nhân Sinh - Phần 3,218000,218000,0,0.0,0,0,Nguyên Phong,First News - Trí Việt,Nhà Xuất Bản Tổng hợp TP.HCM,,Bìa mềm,540,2023-05-30,info book,available,1000,True,True,True
220668855,Sách IKIGAI - Chất Nhật Trong Từng Khoảnh khắc (Tái Bản),61600,88000,30,4.3,6,155,Yukari Mitsuhashi,First News - Trí Việt,Nhà Xuất Bản Tổng hợp TP.HCM,,Bìa mềm,104,2023-10-01,Tiki Trading,available,1000,False,True,True
279056021,Sách Để Không Còn Xung Đột,61600,88000,30,5.0,1,5,J. Krishnamurti,First News - Trí Việt,Nhà Xuất Bản Dân Trí,,Bìa mềm,204,,Tiki Trading,available,1000,False,True,True
214598581,Sách Cái Dũng Của Thánh Nhân (Ấn Bản Hoài Cổ),83000,110000,25,5.0,6,108,Thu Giang Nguyễn Duy Cần,NXB Trẻ,NXB Trẻ,,Bìa mềm,192,2023-01-01,Tiki Trading,available,1000,False,True,True
9932005,Combo Cà Phê Cùng Tony và Trên Đường Băng (Tặng Kèm Sổ Tay),210000,210000,0,4.8,71,1120,Tony Buổi Sáng,NXB Trẻ,NXB Trẻ,,Bìa mềm,576,2018-03-03,NHBook,available,1000,True,True,True
278697598,Cội Nguồn Của Hạnh Phúc,154560,168000,8,0.0,0,6,Bruce Hood,FIRST NEWS,NXB Dân Trí,,Bìa mềm,308,2025-09-28,Nhà sách NetaBooks,available,1000,True,True,True
275264318,Sách 52 thay đổi nhỏ cho tâm trí lớn,131600,188000,30,0.0,0,31,Brett Blumenthal,Công ty CP Sách Bizbooks,Nhà Xuất Bản Hồng Đức,,Bìa mềm,380,2024-01-01,Tiki Trading,available,1000,False,True,True
405733,Sách Ngôn Ngữ Cơ Thể Ở Nơi Làm Việc,128300,138000,7,5.0,2,10,Barbara Pease,Nhân Trí Việt,,,Bìa mềm,185,2014-07-01,Nhà sách Fahasa,available,1000,True,True,True
76826976,Sách Cho Đi Là Còn Mãi (Tái Bản),64700,78000,17,5.0,4,49,"Azim Jamal, Harvey McKinnon",First News - Trí Việt,Nhà Xuất Bản Tổng hợp TP.HCM,,Bìa mềm,232,2021-01-01,Nhà sách Fahasa,available,1000,True,True,True
17944552,Sách Quà Tặng Cuộc Sống,61601,88000,30,4.7,44,647,Anthony Robbins,First News - Trí Việt,Nhà Xuất Bản Tổng hợp TP.HCM,,Bìa mềm,182,2019-05-01,Tiki Trading,available,1000,False,True,True
1580419,Sách Thiền Tập Về Thương Yêu - Nghệ Thuật Sống Hạnh Phúc,104440,129000,19,4.0,7,161,Sharon Salzberg,Phương Nam Book,,,Bìa mềm,260,2018-02-03,Tiki Trading,available,1000,False,True,True
48266434,Sách Hạt Giống Tâm Hồn 1 (Tái Bản),53200,76000,30,4.5,20,323,First News,First News - Trí Việt,Nhà Xuất Bản Tổng hợp TP.HCM,,Bìa mềm,168,2020-02-02,Tiki Trading,available,1000,False,True,True
271784291,Sách Nhẹ Gánh Ưu Phiền (Tái Bản),80400,120000,33,5.0,4,37,Như Nhiên Thích Tánh Tuệ,Saigon Books,Nhà Xuất Bản Văn Hóa - Văn Nghệ,,,256,2023-09-09,Tiki Trading,available,1000,False,True,True
277993458,Sách Đắc Nhân Tâm: Bí quyết để thành công (bản khổ nhỏ 10x15cm),51000,66000,23,0.0,0,2,Dale Carnegie,Công ty CP Sách Bizbooks,Nhà Xuất Bản Hồng Đức,,Bìa mềm,172,2025-04-29,Tiki Trading,available,1000,False,True,True
279203931,Bài Học Bí Mật Mỗi Ngày (Bìa Cứng),298000,298000,0,0.0,0,2,Rhonda Byrne,Thiên Minh Book,NXB Thế giới,,Bìa cứng,250,2026-03-05,Nhà sách NetaBooks,available,1000,True,True,True
276344696,Sách To the moon: Nghĩ lớn để thành công,152000,198000,23,5.0,1,26,"Dan Sullivan, Dr. Benjamin Hardy",Công ty CP Sách Bizbooks,Nhà Xuất Bản Hồng Đức,,Bìa mềm,368,2024-09-08,Tiki Trading,available,1000,False,True,True
217730460,Sách Hạt Giống Tâm Hồn 6 (Tái Bản),53200,76000,30,5.0,4,78,Nhiều tác giả,First News - Trí Việt,Nhà Xuất Bản Tổng hợp TP.HCM,,Bìa mềm,144,2022-02-11,Tiki Trading,available,1000,False,True,True
111580006,Sách Muôn Kiếp Nhân Sinh 2 (Khổ Nhỏ) - Nguyên Phong,111000,148000,25,5.0,232,1343,Nguyên Phong,First News - Trí Việt,Nhà Xuất Bản Tổng hợp TP.HCM,,Bìa mềm,672,2021-07-15,Nhà sách Fahasa,available,1000,True,True,True
271270196,"Sách Kỷ Luật Tự Thân: 5 Hệ Thống Phá Bỏ Sự Vô Tổ Chức, Làm Chủ Cuộc Sống",144000,188000,23,4.8,6,85,Kris,BIZBOOKS,Nhà Xuất Bản Hồng Đức,,Bìa mềm,372,2023-07-04,Tiki Trading,available,1000,False,True,True
276054610,Chữa Lành Khu Vườn Tâm Trí,128880,179000,28,0.0,0,0,,1980 Books,Nhà Xuất Bản Thanh Niên,,,,,1980 BOOKS HCM,available,1000,True,True,True
74235036,Sách Điều Kỳ Diệu của Thái Độ Sống (Tái Bản),40600,58000,30,5.0,45,479,Mac Anderson,First News - Trí Việt,Nhà Xuất Bản Tổng hợp TP.HCM,,Bìa mềm,144,2020-12-01,Tiki Trading,available,1000,False,True,True
686535,Sách Bí Quyết Để Có 95% Thời Gian Hạnh Phúc,86400,108000,20,0.0,0,22,"Walter Doyle Staples, Ph.D",VanLangBooks,Nhà Xuất Bản Hồng Đức,,Bìa mềm,304,2017-06-13,Văn Lang Official Store,available,1000,True,True,True
170298025,Sách Túi Khôn Của Guy,99000,140000,29,5.0,9,81,Guy Kawasaki,NXB Trẻ,NXB Trẻ,,Bìa mềm,316,2022-03-25,Tiki Trading,available,1000,False,True,True
54653530,Sách Hạt Giống Tâm Hồn 5 (Tái Bản 2020),53200,76000,30,4.6,37,214,First News Tổng Hợp,First News - Trí Việt,Nhà Xuất Bản Tổng hợp TP.HCM,,Bìa mềm,168,2020-05-01,Tiki Trading,available,1000,False,True,True
274649737,Sách 5 Phút Yêu Tiếng Nhật Lại Từ Đầu,99000,99000,0,0.0,0,0,Dương Hoa,Musebooks,Nhà Xuất Bản Thanh Niên,,Bìa mềm,232,,Bamboo Books,available,1000,True,True,True
272448478,Sách Mindfulness - Sống Tỉnh Thức Và Thực Hành Chánh Niệm,106600,159000,33,5.0,1,53,,Alpha Books,Nhà Xuất Bản Thế Giới,,,,,Tiki Trading,available,1000,False,True,True
97825967,Sách Tuyển Tập Những Câu Chuyện Hay Nhất Của AESOP (Song Ngữ Anh - Việt),73000,88000,17,4.7,7,25,Aesop,First News - Trí Việt,Nhà Xuất Bản Tổng hợp TP.HCM,,Bìa mềm,200,2021-05-01,Nhà sách Fahasa,available,1000,True,True,True
279154325,Minh Triết Trong Lối Sống,341000,359000,5,0.0,0,1,Dr. Reborn,Thái Hà,Nhà xuất bản Kinh tế tài chính,,Bìa mềm,676,2026-01-31,Alpha Books Official,available,1000,True,True,True
271270150,Sách Thế giới này vẫn lặng lẽ yêu thương bạn: 41 vitamin hạnh phúc tặng bạn mỗi ngày,133000,173000,23,0.0,0,16,Sheenderella,BIZBOOKS,Nhà Xuất Bản Hồng Đức,,Bìa mềm,376,2023-03-20,Tiki Trading,available,1000,False,True,True
2619491,Sách Lối Sống Tối Giản Của Người Nhật (Tái Bản),100080,139000,28,4.8,36,160,Sasaki Fumio,Thái Hà,Nhà Xuất Bản Lao Động,,Bìa mềm,294,2018-06-13,THAIHABOOKS,available,1000,True,True,True
262517040,Combo Many Lives Many Times - Muôn Kiếp Nhân Sinh - Tập 1 + 2 + 3 (3 Cuốn - Bìa Mềm) - FN,555900,654000,15,0.0,0,3,Nguyên Phong,First News - Trí Việt,Nhà Xuất Bản Tổng hợp TP.HCM,,,,,Bảo Châu Books,available,1000,True,True,True
115897978,"Sách Yang Sheng - Dưỡng Lành Cơ Thể, Làm Đẹp Tâm Hồn",97000,149000,35,5.0,19,184,Katie Brindle,Thái Hà,Nhà Xuất Bản Công Thương,,Bìa mềm,200,2021-07-01,Tiki Trading,available,1000,False,True,True
56878836,Sách Muôn Kiếp Nhân Sinh (Bìa Cứng) - Nguyên Phong,171000,228000,25,4.8,308,1570,Nguyên Phong,First News - Trí Việt,Nhà Xuất Bản Tổng hợp TP.HCM,,Bìa cứng,424,2020-06-01,Nhà sách Fahasa,available,1000,True,True,True
277603277,Thế Mạnh Của Tuổi Trung Niên,198000,198000,0,0.0,0,5,Arthur C. Brooks,Saigon Books,Nhà Xuất Bản Thế Giới,,Bìa mềm,324,2025-04-01,Nhà sách NetaBooks,available,1000,True,True,True
41092564,Sách Kỹ Năng Sống Cực Hay: Tâm Hồn Cao Thượng (Tái Bản) / Sách Nghệ Thuật Sống Đẹp (Tặng Kèm Bookmark Happy Life),158000,158000,0,4.8,11,47,Edmondo De Amicis,First News - Trí Việt,,,Bìa mềm,,,Nhà Sách Vĩnh Thụy,available,1000,True,True,True
277342803,(Chữ ký tác giả) Thích sống- Nguyễn Bích Lan,159000,159000,0,5.0,4,76,,NXB Phụ Nữ Việt Nam,Nhà Xuất Bản Phụ Nữ Việt Nam,,,300,2025-02-03,Hiệu sách Bích Lan,available,1000,True,True,True
846443,Nghệ Thuật Sống,99000,99000,0,0.0,0,49,Epictetus,Công ty TNHH Văn Hóa Khai Tâm,Nhà Xuất Bản Hồng Đức,,Bìa mềm,128,2017-11-21,Bamboo Books,available,1000,True,True,True
273962941,"Sách Ngôn Sứ ( The Prophet ) sách tôn giáo tâm linh nghệ thuật sống đẹp - Hiệu sách Genbooks, bìa mềm, in màu",75000,100000,25,5.0,4,60,Kahlil Gibran,Công ty cổ phần đầu tư và phát triển giáo dục quốc tế Á Châu,,,Bìa mềm tay gấp,126,2024-01-17,Hiệu sách Gen books,available,1000,True,True,True
278327263,Sách - Giảm đau đớn bằng thiền định (Mindfulness Meditation for Pain Relief) - Jon Kabat-Zinn - IRED Books,210000,250000,16,0.0,0,7,Jon Kabat-Zinn,VIỆN GIÁO DỤC IRED,Nhà Xuất Bản Dân Trí,,,208,2025-07-17,PACE Books,available,1000,True,True,True
167613832,The Power Of Now - Sức Mạnh Của Hiện Tại,151200,168000,10,4.8,5,29,,First News - Trí Việt,oem,,,,,Bảo Châu Books,available,1000,True,True,True
21391592,Sách Shinrin Yoku - Nghệ Thuật Tắm Rừng Của Người Nhật,129200,139000,7,5.0,8,60,Qing Li,Thái Hà,,,Bìa mềm,316,2019-07-01,Nhà sách Fahasa,available,1000,True,True,True
275918619,Sách Làm sạch tâm hồn - Các bài tập thiền,65700,99000,34,5.0,169,45,Nishi Katsuzo,Thái Hà,Nhà Xuất Bản Lao Động,,Bìa mềm,213,1900-01-03,Tiki Trading,available,1000,False,True,True
277348570,"Sách Sống tử tế mỗi ngày: Gieo nhân lành, gặt quả ngọt",140000,182000,23,0.0,0,12,Tĩnh Bách Tâm Nhiên,Công ty CP Sách Bizbooks,Nhà Xuất Bản Hồng Đức,,Bìa mềm,296,2024-12-04,Tiki Trading,available,1000,False,True,True
271270151,"Sách Hiệu ứng Franklin: Mối quan hệ tốt đều bắt nguồn tự sự ""làm phiền""",149000,149000,0,0.0,0,0,Trần Duẫn Hạo,BIZBOOKS,Nhà Xuất Bản Hồng Đức,,Bìa mềm,280,2023-08-03,NHBook,available,1000,True,True,True
277174441,Đi Sao Cho Vững Vàng,68400,72000,5,0.0,0,1,Thích Nhất Hạnh,PHANBOOK,Nhà Xuất Bản Dân Trí,,Bìa mềm,178,2025-01-23,Cá Chép Bookstore,available,1000,True,True,True
276562361,Combo 4 Cuốn Sách: Tâm Kế Phụ Nữ + Hãy Yêu Bằng Lý Trí + Phụ Nữ Khí Chất Sẽ Tự Có Hào Quang + Sức Mạnh Của Sự Dịu Dàng - SBOOKS,299000,512000,42,5.0,1,29,,SBOOKS,Nhà Xuất Bản Văn Học,,Bìa mềm,954,2024-11-12,SBOOKS OFFICIAL,available,1000,True,True,True
279074129,KHI AI CŨNG BIẾT RẰNG AI CŨNG BIẾT – Steven Pinker – Omega Plus,194000,229000,15,0.0,0,3,Steven Pinker,Omega Plus,NXB Dân Trí,,Bìa mềm,368,,Alpha Books Official,available,1000,True,True,True
202780648,Giận - Thích Nhất Hạnh _PNAM,135000,135000,0,5.0,11,183,Thích Nhất Hạnh,Phương Nam Book,Nhà Xuất Bản Thế Giới,,Bìa mềm,248,,Alpha Books Official,available,1000,True,True,True
11081535,Combo 999 Lá Thư Gửi Cho Chính Mình - Tặng kèm bookmark (Trọn bộ 2 tập),258000,258000,0,4.8,8,47,Miêu Công Tử,VanVietBooks,Nhà Xuất Bản Thanh Niên,,Bìa mềm,339,2019-01-26,NHBook,available,1000,True,True,True
2716247,Sách Quẳng Gánh Lo Đi Và Vui Sống (Bìa Cứng),71132,108000,34,4.8,638,6551,Dale Breckenridge Carnegie,First News - Trí Việt,Nhà Xuất Bản Tổng hợp TP.HCM,,Bìa cứng,320,2018-06-22,Tiki Trading,available,1000,False,True,True
154718366,"Bộ Sách Gồm 5 Cuốn ""Trí Tuệ Của Người Toltec""",670000,670000,0,0.0,0,0,Nhiều tác giả,Saigon Books,Nhà Xuất Bản Dân Trí,,Bìa mềm,1295,2022-01-12,HỆ THỐNG NHÀ SÁCH ABC,available,1000,True,True,True
105654043,Nghệ Thuật Quyến Rũ (Tái Bản) sổ tay ,215000,215000,0,4.6,5,49,Robert Greene,NXB Trẻ,NXB Trẻ,,Bìa mềm,664,,NHBook,available,1000,True,True,True
277962479,Huyễn Tưởng Về Bình Thường,345000,345000,0,0.0,0,7,Gabor Maté và Daniel Maté,Nhã Nam,Nhà Xuất Bản Thông Tấn,,Bìa mềm,644,2025-05-12,Nhà sách NetaBooks,available,1000,True,True,True
170345818,Đời Thay Đổi Khi Chúng Ta Thay Đổi (Combo 7 Tập),515000,515000,0,0.0,0,1,Andrew Matthews,NXB Trẻ,NXB Trẻ,,Bìa mềm,,2022-03-03,Nhà Sách Vĩnh Thụy,available,1000,True,True,True
276438112,Combo sách Krishnamurti Nói Về Đời Sống Tập 1; Tập 2 và Tập 3,662000,697000,5,4.0,1,5,J.Krishnamurti,Công ty TNHH Xuất bản Thiện Tri Thức,NXB Dân Trí,,Bìa mềm,540,2024-10-24,Sống Official,available,1000,True,True,True
273836478,"Đọc Suy Nghĩ, Thấu Tâm Trí",107280,149000,28,0.0,0,3,,1980 Books,Nhà Xuất Bản Dân Trí,,,,,1980 BOOKS HCM,available,1000,True,True,True
184070227,Sách Nick Vujicic - Cuộc Sống Không Giới Hạn (Bìa Mềm) (Tái Bản 2022),103600,148000,30,5.0,16,291,Nick Vujicic,FIRST NEWS,Nhà Xuất Bản Tổng hợp TP.HCM,,Bìa mềm,408,2022-05-05,Tiki Trading,available,1000,False,True,True
275531671,Nước chảy đá mòn,189050,199000,5,5.0,5,34,,Công ty TNHH Sách Phục Hưng,Nhà Xuất Bản Thế Giới,,Bìa cứng,112,,Cá Chép Bookstore,available,1000,True,True,True
275140690,Sách Hiểu Người (Đọc Vị Bất Kỳ Ai Khi Giao Tiếp),106400,133000,20,3.0,2,20,"Kyungil Kim, Sapiens Studio",Bookland,Nhà Xuất Bản Dân Trí,,Bìa mềm,272,,Tiki Trading,available,1000,False,True,True
275015961,Sách Điều Gì Khiến Chúng Ta Trở Thành Con Người?,121000,135000,10,0.0,0,11,Luke O'Neill,NXB Kim Đồng,Nhà Xuất Bản Kim Đồng,,Bìa mềm,214,2024-05-05,Tiki Trading,available,1000,False,True,True
274467725,"TRỞ NÊN THÔNG TUỆ, hiểu mình, thấu người, thông suốt cuộc đời (sách hay về minh triết)",229000,229000,0,5.0,19,200,Từ An,Công Ty TNHH Xuất bản và Giáo dục Mochibooks,Nhà Xuất Bản Lao Động,,Bìa mềm tay gấp,388,2023-10-23,Từ An Nhiên,available,1000,True,True,True
272361982,Tâm – Sức mạnh khiến cuộc đời như mình mong muốn,89000,89000,0,0.0,0,0,,Thái Hà,Nhà Xuất Bản Công Thương,,,,,Nhà Sách Vĩnh Thụy,available,1000,True,True,True
277993746,Sách Quẳng Gánh Lo Đi Và Vui Sống (Bản khổ nhỏ 10x15cm),51000,66000,23,0.0,0,6,Dale Carnegie,Công ty CP Sách Bizbooks,Nhà Xuất Bản Hồng Đức,,Bìa mềm,208,2025-04-29,Tiki Trading,available,1000,False,True,True
225195681,Con đường hạnh phúc,128000,128000,0,4.0,1,1,,Huy Hoàng Bookstore,Nhà Xuất Bản Thanh Niên,,,,,Bamboo Books,available,1000,True,True,True
278744113,Sách Sức mạnh kỳ diệu của Cảm Xúc - The Astonishing Power of Emotions-Happy Live,249000,249000,0,0.0,0,6,"Esther Hicks, Jerry Hicks",CÔNG TY TNHH HAPPY LIVE,Nhà Xuất Bản Thế Giới,,Bìa mềm tay gấp,376,2025-09-30,HappyLive,available,1000,True,True,True
213707067,"Combo sách Krishnamurti Nói Về Tự Do, Krishnamurti Thực Tại Hiện Tiền và Krishnamurti Nói Về Tình yêu",354000,354000,0,0.0,0,14,Jiddu Krishnamurti,Công ty TNHH Xuất bản Thiện Tri Thức,Nhà Xuất Bản Dân Trí,,Bìa mềm,248,2022-12-28,Sách Thiện Tri Thức,available,1000,True,True,True
192377678,Sách Freelance To Freedom: Làm Việc Tự Do - Sống Đời Tự Tại,84000,145000,42,4.7,3,18,Vincent Pugliese,BESTBOOKS,Nhà Xuất Bản Công Thương,,Bìa mềm,308,2022-07-07,Tiki Trading,available,1000,False,True,True
271270187,Sách Cho là nhận - Lo ít đi và làm nhiều hơn,67110,92000,27,5.0,1,36,Đại Sư Tinh Vân,BIZBOOKS,Nhà Xuất Bản Hồng Đức,,Bìa mềm,184,2023-03-16,Tiki Trading,available,1000,False,True,True
156224977,Sách Sống Đơn Giản Cho Mình Thanh Thản (Tái Bản),60800,85000,28,5.0,70,744,Shunmyo Masuno,Thái Hà,Nhà Xuất Bản Lao Động,,Bìa mềm,197,2022-01-01,Tiki Trading,available,1000,False,True,True
161310111,Sách Tối Giản Lối Sống - Tối Ưu Cuộc Đời (7 Trụ Cột Của Cuộc Sống Hạnh Phúc Và Ý Nghĩa),113900,170000,33,4.8,12,161,"Joshua Fields Millburn, Ryan Nicodemus",Saigon Books,Nhà Xuất Bản Dân Trí,,Bìa mềm,376,2022-02-02,Tiki Trading,available,1000,False,True,True
73553837,Sách Ngọc Sáng Trong Hoa Sen (Tái Bản 2020),80600,128000,37,4.5,20,104,Nguyên Phong,First News - Trí Việt,Nhà Xuất Bản Thế Giới,,Bìa mềm,368,2020-11-15,Nhà sách Fahasa,available,1000,True,True,True
277348556,Sách Bình an trong bão táp: Đối mặt với cuộc sống bằng một trái tim linh hoạt,137000,179000,23,0.0,0,15,Tĩnh Bách Tâm Nhiên,Công ty CP Sách Bizbooks,Nhà Xuất Bản Hồng Đức,,Bìa mềm,272,2024-12-04,Tiki Trading,available,1000,False,True,True
47068251,Sách Con Đường Heartfulness - Tim Thiền - Chuyển Hóa Tâm Hồn,91800,108000,15,5.0,2,22,"Kamlesh D. Patel, Joshua Pollock",Thái Hà,Nhà Xuất Bản Hà Nội,,Bìa mềm,294,2020-01-02,Nhà sách Fahasa,available,1000,True,True,True
174293691,Gieo Trồng Hạnh Phúc,80100,89000,10,4.0,1,6,,Thái Hà,oem,,,,,Nhân Văn,available,1000,True,True,True
114731713,Sự vận hành của Tâm,116000,116000,0,4.8,36,308,,Công ty Cổ phần Văn hóa An Lạc,Nhà Xuất Bản Phụ Nữ Việt Nam,,Bìa mềm,324,2023-09-20,An Lạc,available,1000,True,True,True
271972245,Sách Kế Hoạch Tự Tin: Nâng Cấp Bản Thân Trở Thành Phiên Bản Đắt Giá Nhất,96000,125000,23,5.0,1,36,Meridith Elliot Powell,BIZBOOKS,Nhà Xuất Bản Hồng Đức,,Bìa mềm,188,2023-02-26,Tiki Trading,available,1000,False,True,True
191375410,Trọn bộ 2 cuốn Suối Nguồn Tươi Trẻ (1+2),186000,186000,0,0.0,0,11,,First News - Trí Việt,Nhà Xuất Bản Tổng hợp TP.HCM,,,,,Bamboo Books,available,1000,True,True,True
160743837,Ảo tưởng mang tên mặc cảm: Cách sống “không tranh đấu” để tận hưởng mỗi ngày an nhiên và trong trẻo - Thái Hà Books,68000,75000,9,5.0,2,5,Shunmyo Masuno,Thái Hà,Nhà Xuất Bản Hà Nội,,Bìa mềm,172,2022-01-26,THAIHABOOKS,available,1000,True,True,True
272967850,sách - sống một cuộc đời ý nghĩa (PN),130000,130000,0,0.0,0,1,Trần Đình Hoành,Nhà xuất bản Phụ Nữ,Nhà Xuất Bản Phụ Nữ Việt Nam,,Bìa mềm,,,Bamboo Books,available,1000,True,True,True
279196874,(Combo 2 cuốn) CUỘC SỐNG RẤT GIỐNG CUỘC ĐỜI & CUỘC SỐNG ĐẾCH GIỐNG CUỘC ĐỜI – Hoàng Hải Nguyễn – AZ Việt Nam – NXB Hà Nội,180400,188000,4,0.0,0,1,Hoàng Hải Nguyễn,AZ Việt Nam,Nhà Xuất Bản Hà Nội,,Bìa mềm,476,,BÌNH BÁN BOOK,available,1000,True,True,True
262663940,Sách Mình Tự Chịu Trách Nhiệm - Những Câu Chuyện Để Trưởng Thành,45988,65000,29,5.0,2,20,Đào Xuân Ni,Nhã Nam,Nhà Xuất Bản Dân Trí,,Bìa mềm,154,2023-01-01,Tiki Trading,available,1000,False,True,True
275264313,Sách Hẹn ngày ta gặp nhau ở đỉnh cao,137000,179000,23,5.0,2,24,Lý Thượng Long,Công ty CP Sách Bizbooks,Nhà Xuất Bản Hồng Đức,,Bìa mềm,312,2024-01-01,Tiki Trading,available,1000,False,True,True
90794826,Sách Đường Cong Hạnh Phúc,125100,139000,10,5.0,2,13,Jonathan Rauch,Tân Việt,Nhà Xuất Bản Dân Trí,,Bìa mềm,307,2021-04-01,Nhà sách Fahasa,available,1000,True,True,True
26499792,Sách Chicken Soup For The Soul - Những Người Bạn Nhỏ (Tái Bản),55000,55000,0,0.0,0,2,"Jack Canfield,  Mark Victor Hansen",First News - Trí Việt,Nhà Xuất Bản Tổng hợp TP.HCM,,Bìa mềm,176,2019-08-15,Hiệu Sách Tự Do,available,1000,True,True,True
274723211,Đắc Nhân Tâm (Tái bản năm 2021),86000,86000,0,0.0,0,7,Dale Carnegie,First News - Trí Việt,Nhà Xuất Bản Tổng hợp TP.HCM,,Bìa mềm,320,2021-04-08,Nhà Sách Phương Nam,available,1000,True,True,True
274183391,Một Nghệ Thuật Sống,75000,75000,0,0.0,0,0,Thu Giang Nguyễn Duy Cần,NXB Trẻ,NXB Trẻ,,Bìa mềm,118,,HỆ THỐNG NHÀ SÁCH ABC,available,1000,True,True,True
273043896,Sách Sức mạnh của buông bỏ (Học cách buông bỏ để tự do),80400,120000,33,5.0,1,62,John Purkiss,Nhã Nam,Nhà Xuất Bản Dân Trí,,Bìa mềm,270,2023-10-25,Tiki Trading,available,1000,False,True,True
279218478,"TUỔI THỌ - TẠI SAO CHÚNG TA GIÀ ĐI VÀ CÓ THỰC SỰ PHẢI NHƯ VẬY KHÔNG? - Tiến sĩ David A. Sinclair, Matthew D. Laplante - Quế Chi dịch - Dân Trí",312000,325000,4,0.0,0,1,"Tiến sĩ David A. Sinclair, Matthew D. Laplante",Fonos,Nhà Xuất Bản Dân Trí,,Bìa mềm,504,,BÌNH BÁN BOOK,available,1000,True,True,True
192474352,Sách Vẻ Đẹp Của Sự Vừa Đủ,92480,136000,32,4.8,35,334,Rachel Wilkerson Miller,Skybook,Nhà Xuất Bản Dân Trí,,Bìa mềm,320,2022-07-01,Tiki Trading,available,1000,False,True,True
279127192,Sống Có Ích - 7 Nguyên Tắc Làm Chủ Cuộc Đời,140600,148000,5,0.0,0,1,Arnold Schwarzenegger,First News - Trí Việt,NXB Dân Trí,,Bìa mềm,272,2026-01-24,Nhà sách NetaBooks,available,1000,True,True,True
71510821,Sách Chọn Sống Hạnh Phúc,150000,195000,23,5.0,5,38,Deborah K.Heisz,NXB Trẻ,NXB Trẻ,,Bìa mềm,442,,Tiki Trading,available,1000,False,True,True
273717654,"Não Bộ Cũng Cần ""Detox"" (Stop Overthinking): 23 Kỹ Thuật Giải Tỏa Căng Thẳng Và Thanh Lọc Tâm Trí - Bản Quyền",109000,109000,0,0.0,0,0,,Alpha Books,Nhà Xuất Bản Công Thương,,,,,HỆ THỐNG NHÀ SÁCH ABC,available,1000,True,True,True
550899,Sách Tư Duy Tối Ưu - First Things First (Tái Bản),218000,218000,0,0.0,0,3,Stephen R Covey,First News - Trí Việt,NXB Trẻ,,Bìa mềm,,2016-10-10,Nhà Sách Vĩnh Thụy,available,1000,True,True,True
355136,Sách Hạt Giống Tâm Hồn 8 (Tái Bản 2012),76000,76000,0,0.0,0,1,.,First News - Trí Việt,Nhà Xuất Bản Tp.HCM,,Bìa mềm,168,2008-01-31,Nhà Sách Vĩnh Thụy,available,1000,True,True,True
197639041,Sách 100 Cách Sống Hạnh Phúc (Cẩm Nang Dành Cho Người Bận Rộn),85760,128000,33,5.0,3,88,DR. Timothy J. Sharp,Zenbooks,Nhà Xuất Bản Đà Nẵng,,Bìa mềm,,2022-09-09,Tiki Trading,available,1000,False,True,True
277174378,"Chữa Lành Năng Lượng, Khai Mở Tiềm Thức",179000,179000,0,0.0,0,2,George Lizos,1980 Books,Nhà Xuất Bản Thanh Niên,,Bìa mềm,331,2025-01-22,Nhà sách NetaBooks,available,1000,True,True,True
196141881,Sách Quả Mọc Tầm Thấp - 77 Ý Tưởng Đáng Ngạc Nhiên Giúp Cải Thiện Năng Suất Và Lợi Nhận,82000,82000,0,0.0,0,0,Nhiều tác giả,Minh Long,Nhà Xuất Bản Thanh Niên,,Bìa mềm,268,,Nhà Sách Vĩnh Thụy,available,1000,True,True,True
73787183,Sách Ai Lấy Miếng Pho Mát Của Tôi ? (Tái Bản 2020),68000,68000,0,0.0,0,0,Spencer Johnson,First News - Trí Việt,Nhà Xuất Bản Tổng hợp TP.HCM,,Bìa mềm,128,2020-12-11,info book,available,1000,True,True,True
271784297,Sách Hạt Giống Tâm Hồn - Gieo Hạt Mầm Tử Tế,54600,78000,30,0.0,0,34,Amy Newmark,First News - Trí Việt,Nhà Xuất Bản Tổng hợp TP.HCM,,Bìa mềm,168,2023-09-09,Tiki Trading,available,1000,False,True,True
273737548,Sách - Tìm thấy rồi nhé! - Tủ sách nuôi dưỡng tâm hồn,58080,66000,12,0.0,0,5,nhieu tac gia,CÔNG TY TNHH EDUCATION SOLUTIONS VIỆT NAM,Nhà Xuất Bản Phụ Nữ Việt Nam,,Bìa mềm,24,2023-12-01,Dtpbooks,available,1000,True,True,True
401396,Sách Sống Hạnh Phúc - Cẩm Nang Cho Cuộc Sống (Tái Bản),107000,107000,0,0.0,0,0,Nhóm tác giả,Nhã Nam,Nhà Xuất Bản Lao Động,,Bìa mềm,408,2014-06-20,info book,available,1000,True,True,True
343401,Sách Hạt Giống Tâm Hồn 9 - Vượt Qua Thử Thách (Tái Bản),76000,76000,0,0.0,0,1,.,First News - Trí Việt,Nhà Xuất Bản Tổng hợp TP.HCM,,Bìa mềm,176,2010-03-31,Nhà Sách Vĩnh Thụy,available,1000,True,True,True
167615090,Cứ An Nhiên Rồi Sẽ Bình Yên,90250,95000,5,0.0,0,3,,Thái Hà,Nhà Xuất Bản Công Thương,,Bìa mềm,221,2025-12-29,Nhà sách NetaBooks,available,1000,True,True,True
90523671,"Combo 2 cuốn sách: Hành Trình Của Linh Hồn + Ho’Oponopono: Sống Như Người Hawaii – Chấp Nhận, Biết Ơn Và Tha Thứ",278000,278000,0,0.0,0,0,,Thái Hà,Nhà Xuất Bản Công Thương,,,,,HỆ THỐNG NHÀ SÁCH ABC,available,1000,True,True,True
279131707,Sách - The Science of Nutrition: Khoa học về dinh dưỡng (Rhiannon Lambert) (Nhã Nam Official),325600,370000,12,0.0,0,1,Rhiannon Lambert,Nhã Nam,Nhà Xuất Bản Dân Trí,,Bìa cứng,224,,Nhã Nam Official,available,1000,True,True,True
217515388,"Sách - Combo 2 cuốn: Tôi biết ơn, Sổ tay 365 ngày Tôi biết ơn",199000,199000,0,5.0,3,80,Tuệ Giác,Công Ty TNHH Xuất bản và Giáo dục Mochibooks,Nhà Xuất Bản Lao Động,,Bìa mềm,220,2024-02-09,Nhà sách Mochibooks,available,1000,True,True,True
278737124,Sách Vòng xoáy - The Vortex- Happy Live,249000,249000,0,5.0,1,20,"Esther Hicks, Jerry Hicks",CÔNG TY TNHH HAPPY LIVE,Nhà Xuất Bản Thế Giới,,Bìa mềm tay gấp,372,2025-09-30,HappyLive,available,1000,True,True,True
2245453,Đúng Việc (Tái Bản),125000,125000,0,4.8,34,549,Giản Tư Trung,VIỆN GIÁO DỤC IRED,Nhà Xuất Bản Tri Thức,,Bìa cứng,328,,NHBook,available,1000,True,True,True
344937,Sách Phút Dành Cho Cha - Tái Bản 2012,58000,58000,0,0.0,0,1,Spencer Johnson,First News - Trí Việt,Nhà Xuất Bản Tổng hợp TP.HCM,,Bìa mềm,176,2011-05-30,Nhà Sách Vĩnh Thụy,available,1000,True,True,True
277873851,Con Đường Chuyển Hóa  (Tặng Kèm Bookmark CÚ MÈO + SỔ TAY XƯƠNG RỒNG),188000,188000,0,0.0,0,1,,First News - Trí Việt,Nhà Xuất Bản Dân Trí,,,,,Nhà Sách Vĩnh Thụy,available,1000,True,True,True
271141492,Đắc Nhân Tâm,71300,86000,17,0.0,0,15,Dale Carnegie,CÔNG TY TNHH PHÁT HÀNH S BOOKS,Nhà Xuất Bản Văn Học,,,,,Nhà sách Fahasa,available,1000,True,True,True
276796631,Sách Kinh doanh online kiếm tiền bạc tỉ,213000,250000,15,0.0,0,13,Nhung Phùng,Công ty TNHH Bán Lẻ Phương Nam,Nhà Xuất Bản Thế Giới,,Bìa mềm,341,2024-12-15,Tiki Trading,available,1000,False,True,True
66923673,Sách TÂM CỦA TA Ở ĐÂU HẠNH PHÚC CỦA TA Ở ĐÓ,97000,98000,1,5.0,12,96,,SBOOKS,Nhà Xuất Bản Dân Trí,,Bìa mềm,270,2020-09-01,SBOOKS OFFICIAL,available,1000,True,True,True
54735707,Combo Thay Đổi Tư Duy - Đạt Mục Tiêu: Tôi Tài Giỏi - Bạn Cũng Thế (Tái Bản) + Sức Mạnh Tiềm Thức (Tái Bản) / Truyền Cảm Hứng và Tạo Động Lực Cho Người Đọc,233500,243250,4,5.0,7,53,.,Nhiều công ty phát hành,Nhiều Nhà Xuất Bản,,Bìa mềm,,,AHABOOKS,available,1000,True,True,True
84270567,Sách Chicken Soup For The Soul: Quà Tặng Cuộc Sống Từ Những Câu Chuyện Xúc Động (Tái Bản),60000,60000,0,5.0,1,5,"Jack Canfield , Mark Victor Hansen",First News - Trí Việt,Nhà Xuất Bản Tổng hợp TP.HCM,,Bìa mềm,192,2021-03-01,Bamboo Books,available,1000,True,True,True
203128194,Sách Sống Ở Thể Chủ Động (Tái Bản),73700,110000,33,0.0,0,9,Nguyễn Tuấn Quỳnh,Saigon Books,Nhà Xuất Bản Thế Giới,,Bìa mềm,248,2022-10-14,Tiki Trading,available,1000,False,True,True
277032104,Sách - 3 phút sơ cứu (Nhã Nam Official),140800,160000,12,0.0,0,6,,Nhã Nam,Nhà Xuất Bản Thế Giới,,Bìa mềm,204,,Nhã Nam Official,available,1000,True,True,True
14983732,Sách Thay đổi hay là chết - Bí quyết giúp các thương hiệu huyền thoại luôn dẫn đầu,137700,168000,18,5.0,20,129,Jason Jennings,BIZBOOKS,,,Bìa mềm,348,2019-05-01,Nhà sách Fahasa,available,1000,True,True,True
274169559,Sách - Yêu (Yêu Trong Tỉnh Thức - Being In Love) - OSHO,146160,168000,13,5.0,1,8,Osho,First News - Trí Việt,NXB Dân Trí,,Bìa mềm,450,2022-02-28,Zenbooks Official ,available,1000,True,True,True
153608285,Sách Tuổi Hoa Niên Đáng Nhớ - HGTH (Tái Bản),72000,72000,0,0.0,0,0,Jack Canfield,First News - Trí Việt,Nhà Xuất Bản Tổng hợp TP.HCM,,Bìa mềm,152,2021-12-01,Bamboo Books,available,1000,True,True,True
278123522,Kỷ Luật Khắc Kỷ,179000,179000,0,0.0,0,1,Nancy Sherman,1980 Books,Nhà Xuất Bản Dân Trí,,Bìa mềm,,2025-06-17,Nhà sách NetaBooks,available,1000,True,True,True
8964816,Sách 365 ngày Yêu Thương,269100,299000,10,5.0,12,73,Thích Nhất Hạnh,PHANBOOK,,,,366,,Nhà sách Fahasa,available,1000,True,True,True
217729247,"Sách 365 ""Chiêu"" Vui Sống",60000,80000,25,5.0,1,36,Adam Gordon,VanLangBooks,,,Bìa mềm,176,2023-02-02,Tiki Trading,available,1000,True,True,True
181202847,Minh Triết Trong Đời Sống,102600,108000,5,0.0,0,1,,First News - Trí Việt,Nhà Xuất Bản Đại Học Quốc Gia Hà Nội,,,,,Bảo Châu Books,available,1000,True,True,True
274242108,Sách Dưới bầu trời trắng,127050,165000,23,4.6,5,54,Elizabeth Kolbert,Nhã Nam,Nhà Xuất Bản Tổng hợp TP.HCM,,Bìa mềm,356,,Tiki Trading,available,1000,False,True,True
274242079,"Sách Ngủ ngon mỗi đêm, sống khỏe mỗi ngày",92400,120000,23,4.0,1,39,Joelle Adrien,Nhã Nam,Nhà Xuất Bản Văn Học,,Bìa mềm,236,,Tiki Trading,available,1000,False,True,True
277925821,Sách Thực Hành Lòng Biết Ơn Là Phép Mầu Của Hạnh Phúc,80900,109000,26,0.0,0,5,Nguyễn Thị Hường,Thái Hà,Nhà Xuất Bản Thế Giới,,,80,,Tiki Trading,available,1000,False,True,True
152738390,Bạn đang nghịch gì với đời mình?,117800,124000,5,0.0,0,1,J.Krishnamurti,First News - Trí Việt,Nhà Xuất Bản Hồng Đức,,Bìa mềm,,,Bảo Châu Books,available,1000,True,True,True
141489841,Sách Quà Tặng Tinh Thần Dành Cho Cuộc Sống - Hạt Giống Tâm Hồn (Tái Bản),47600,68000,30,5.0,5,37,"Jack Canfield, Mark Victor Hansen",First News - Trí Việt,Nhà Xuất Bản Tổng hợp TP.HCM,,Bìa mềm,168,2021-11-01,Tiki Trading,available,1000,False,True,True
178490760,Sổ Tay Nhà Thôi Miên,145000,145000,0,0.0,0,1,Cao Minh,Nhà Xuất Bản Đại Học Quốc Gia Hà Nội,Nhà Xuất Bản Đại Học Quốc Gia Hà Nội,,,352,,HỆ THỐNG NHÀ SÁCH ABC,available,1000,True,True,True
115624581,THUẬT ĐỌC TÂM,223000,279000,20,0.0,0,1,Don Richard Riso,Alphabooks,Nhà Xuất Bản Hồng Đức,,,548,2019-10-01,Alpha Books Official,available,1000,True,True,True
253536141,Sách Bí Quyết Sống Tỉnh Thức Trong 8 Ngày,82600,118000,30,0.0,0,46,Kathirasan K.,Công Ty TNHH Văn Hóa Sáng Tạo Trí Việt,Nhà Xuất Bản Tổng hợp TP.HCM,,Bìa mềm,272,2023-01-01,Tiki Trading,available,1000,False,True,True
222683823,"Bản Ngã - Thấu Hiểu Và Tan Biến (Tái Bản 2023) - David R Hawkins MD, PhD - (1980 BOOKS HCM)",107280,149000,28,4.7,3,44,,1980 Books,Nhà Xuất Bản Lao Động,,Bìa mềm,232,,1980 BOOKS HCM,available,1000,True,True,True
55235692,Combo Sách Dành Cho Tuổi Trẻ: Tony Buổi Sáng - Trên Đường Băng + Đời Ngắn Đừng Ngủ Dài (Tái Bản) - (Những cuốn sách thay đổi suy nghĩ và tạo thành công cho những người trẻ),285000,285000,0,4.0,1,0,.,NXB Trẻ,NXB Trẻ,,Bìa mềm,,,info book,available,1000,True,True,True
35364061,Sách Căn Nhà Tối Giản,139000,139000,0,4.5,19,154,Joshua Becker,Gieobooks,,,Bìa mềm,396,2019-10-01,Tazano Official Store,available,1000,True,True,True
2141509,Sách Giải Phóng Bản Thân Thay Đổi Cuộc Đời,50000,50000,0,4.8,17,140,J. Krishnamurti,Đông Nam,Nhà Xuất Bản Hồng Đức,,Bìa mềm,166,,TNHH Sách Đông Nam,available,1000,True,True,True
11509792,Sách Khi Nói Không Tôi Thấy Tội Lỗi,88000,160000,45,4.2,10,382,Manuel J. Smith,Minh Long,,,Bìa mềm,528,2019-03-01,Tiki Trading,available,1000,False,True,True
273880886,THONG DONG BƯỚC ĐẾN TỰ TẠI ĐI VỀ - Pema Chödrön - Sen Xanh dịch - (bìa mềm),139000,139000,0,0.0,0,2,Pema Chödrön,Thái Hà,Nhà Xuất Bản Tổng hợp TP.HCM,,Bìa mềm,328,2024-01-30,Bamboo Books,available,1000,True,True,True
205695067,Thế Giới Trong Bạn,158000,158000,0,0.0,0,1,J. Krishnamurti,Nhà Xuất Bản Dân Trí,Nhà Xuất Bản Dân Trí,,Bìa mềm,327,,Nhà Sách Phương Nam,available,1000,True,True,True
278826964,Tự Do Tối Thượng,90160,98000,8,0.0,0,1,Heatherash Amara,Văn Lang,Nhà Xuất Bản Hồng Đức,,Bìa mềm,152,2025-10-30,Nhà sách NetaBooks,available,1000,True,True,True
167421410,"Càng Mạnh Mẽ, Càng Dịu Dàng - Free Book Care ",123000,123000,0,5.0,1,17,Lý Ái Linh,AZ Việt Nam,Nhà Xuất Bản Phụ Nữ,,Bìa mềm,352,,NHBook,available,1000,True,True,True
470173,Sách Tin Vào Chính Mình (Tái Bản 2016),64600,68000,5,0.0,0,4,Louise L. Hay,First News - Trí Việt,Nhà Xuất Bản Tổng hợp TP.HCM,,Bìa mềm,160,2016-01-20,Alpha Books Official,available,1000,True,True,True
269367423,Sách Đừng Bao Giờ Từ Bỏ Ước Mơ- Hạt Giống Tâm Hồn,64000,64000,0,0.0,0,0,nhieu tac gia,First News - Trí Việt,Nhà Xuất Bản Tổng hợp TP.HCM,,Bìa mềm,135,,Nhà Sách Vĩnh Thụy,available,1000,True,True,True
477566,Sách Đạo - Con Đường Không Lối,98000,98000,0,0.0,0,1,Osho,First News - Trí Việt,Nhà Xuất Bản Văn Hóa - Văn Nghệ,,Bìa mềm,262,2016-03-05,info book,available,1000,True,True,True
340941,Sách Cách Gây Thiện Cảm Và Thuyết Phục Người Khác Dành Cho Bạn Gái,56000,72000,22,4.6,10,337,Donna Dale Carnegie,Nhân Trí Việt,Nhà Xuất Bản Tổng hợp TP.HCM,,Bìa mềm,216,2008-11-28,Tiki Trading,available,1000,False,True,True
52592328,Sách Hướng Đi Cuộc Đời - Self-Care Tự Chăm Sóc Cuộc Sống,61700,65000,5,0.0,0,10,,VanLangBooks,,,Bìa mềm,166,2020-04-01,Nhà sách Fahasa,available,1000,True,True,True
274649738,Sách Khởi Nghiệp Không Đợi Tuổi,71400,102000,30,0.0,0,6,"Swish Goswami, Quinn Underwood",Skybooks,Nhà Xuất Bản Thế Giới,,Bìa mềm,232,,Tiki Trading,available,1000,False,True,True
446319,Sách Tam Tạng Giáo Điển,28500,30000,5,5.0,3,31,Tenzin Gyatso,Công Ty TNHH TM - DV Chính Thông,Nhà Xuất Bản Tôn Giáo,,Bìa mềm,143,2012-03-15,Chính Thông,available,1000,True,True,True
248727495,Combo 4Q: Muôn Kiếp Nhân Sinh + Giận + Hành Trình Về Phương Đông + Fear - Sợ Hãi - Thích Nhất Hạnh (Top Sách Tâm Linh Bán Chạy Nhất Mọi Thời Đại),462200,481500,4,0.0,0,2,,Thái Hà,Nhiều Nhà Xuất Bản,,,,,AHABOOKS,available,1000,True,True,True
76688240,Sách Hạt Giống Tâm Hồn - Bụi Phấn - Tuyển Chọn Những Câu Chuyện Hay Nhất (Tái Bản),79600,96000,17,0.0,0,2,First News Tổng Hợp,First News - Trí Việt,Nhà Xuất Bản Tổng hợp TP.HCM,,Bìa mềm,232,2021-01-01,Nhà sách Fahasa,available,1000,True,True,True
117820612,Sách -  Combo 2 Cuốn Sách: Đắc Nhân Tâm (Khổ Lớn) + Quẳng Gánh Lo Đi Và Vui Sống (Khổ Lớn) - (Tái Bản),172000,172000,0,0.0,0,7,Dale Carnege,First News - Trí Việt,Nhà Xuất Bản Tổng hợp TP.HCM,,Bìa mềm,630,2021-06-11,NHBook,available,1000,True,True,True
176487490,Sách Tự Giác,547000,690000,21,4.8,8,56,Nhất Không Sunyatananda,Tri Thức Trẻ Books,Nhà Xuất Bản Dân Trí,,Bìa cứng,548,2022-04-01,Tiki Trading,available,1000,True,True,True
142002263,Sách Muôn Kiếp Nhân Sinh 2 (Bìa Cứng),236600,338000,30,5.0,380,2386,Nguyên Phong,First News - Trí Việt,Nhà Xuất Bản Tổng hợp TP.HCM,,Bìa cứng,544,2021-11-01,Tiki Trading,available,1000,False,True,True
106919169,Sách Bí Quyết Đơn Giản Hóa Cuộc Sống (Tái Bản),139400,168000,17,0.0,0,2,"Werner Tiki Kustenmacher, Lothar J Seiwert",First News - Trí Việt,Nhà Xuất Bản Tổng hợp TP.HCM,,Bìa mềm,448,2021-06-01,Nhà sách Fahasa,available,1000,True,True,True
355123,Sách Hạt Giống Tâm Hồn 10 (Tái Bản),76000,76000,0,0.0,0,1,.,First News - Trí Việt,Nhà Xuất Bản Tổng hợp TP.HCM,,Bìa mềm,176,2010-03-31,Nhà Sách Vĩnh Thụy,available,1000,True,True,True
250071823,Sách - Tâm - Sức Mạnh Khiến Cuộc Đời Như Mình Mong Muốn - Thái Hà,89000,89000,0,0.0,0,4,Inamori Kazuo,Thái Hà,Nhà Xuất Bản Công Thương,,Bìa mềm,,,HỆ THỐNG NHÀ SÁCH ABC,available,1000,True,True,True
320482,Sách Yes Or No - Những Quyết Định Thay Đổi Cuộc Sống,53200,76000,30,4.5,84,1707,Spencer Johnson,First News - Trí Việt,Nhà Xuất Bản Tổng hợp TP.HCM,,Bìa mềm,192,2022-07-01,Tiki Trading,available,1000,False,True,True
517379,Sách Tất Cả Đều Là Chuyện Nhỏ (Khổ Nhỏ) - Tái Bản,33600,48000,30,4.6,63,2050,Richard Carlson,First News - Trí Việt,,,Bìa mềm,200,2016-06-24,Tiki Trading,available,1000,False,True,True
56196775,Combo Sách Kỹ Năng Tư Duy: Đường Mây Qua Xứ Tuyết + Huyền Thuật Và Các Đạo Sĩ Tây Tạng + Hành Trình Về Phương Đông (Sách Nuôi Dưỡng Tâm Hồn / Sách Bán Chạy),334000,334000,0,3.0,1,4,"Nguyên Phong, Alexandra David Neel",First News - Trí Việt,Nhà Xuất Bản Tổng hợp TP.HCM,,Bìa mềm,,,Nhà Sách Vĩnh Thụy,available,1000,True,True,True
57446825,Combo 2 cuốn sách kĩ năng sống : Tứ Đại Quyền Lực + Thái Độ Quyết Định Thành Công ,244000,244000,0,0.0,0,0,.,First News - Trí Việt,Nhà Xuất Bản Tổng hợp TP.HCM,,Bìa mềm,,,Bamboo Books,available,1000,True,True,True
272787095,Sống Một Đời Đáng Sống - Vanlangbooks,78400,98000,20,0.0,0,8,Nigel Risner,VanLangBooks,,,Bìa mềm,256,,Văn Lang Official Store,available,1000,True,True,True
54513180,Sách Chicken Soup For The Sister’S Soul 24 - Điểm Tựa Yêu Thương (Tái Bản 2020),60000,60000,0,0.0,0,0,"Jack Canfield, Jack Canfield, Jack canfield, Jack Canfield",First News - Trí Việt,Nhà Xuất Bản Tổng hợp TP.HCM,,,,,Bamboo Books,available,1000,True,True,True
261978260,Thấu Hiểu Tỉnh Thức,159000,159000,0,0.0,0,0,,1980 Books,Nhà Xuất Bản Thanh Niên,,,,,Bamboo Books,available,1000,True,True,True
279127110,Sống Trong Cõi Vô Thường,121600,128000,5,0.0,0,1,OM SWAMI,First News - Trí Việt,NXB Dân Trí,,Bìa mềm,232,2026-01-24,Nhà sách NetaBooks,available,1000,True,True,True
72334210,Sách Sức Mạnh Của Mục Đích,82700,88000,6,5.0,1,13,P Richard J.Leider,VanLangBooks,,,Bìa mềm,240,,Nhà sách Fahasa,available,1000,True,True,True
272385269,KHÔNG CÓ SÔNG QUÁ DÀI - CẨM NANG DÀNH CHO NHỮNG NGƯỜI KHỞI NGHIỆP_ Phan Văn Trường và Nhiều tác giả _ NXB Trẻ,150000,150000,0,0.0,0,0,,NXB Trẻ,NXB Trẻ,,,,,NHBook,available,1000,True,True,True
277620897,Sách - Đừng Để Suy Nghĩ Thôi Miên Cảm Xúc (Amanda Montell),128880,179000,28,0.0,0,0,Amanda Montell,1980 Books,NXB Dân Trí,,,284,,TTR Next Generation,available,1000,True,True,True
72642585,Sách QTCTG. Về Hưu Không Ưu Tư,57000,60000,5,0.0,0,7,"Clive Whichelow, Mike Haskins",NXB Trẻ,NXB Trẻ,,Bìa mềm,136,2020-11-01,Nhà sách Fahasa,available,1000,True,True,True
53233839,Sách Sống Đẹp - Thông Điệp Hạnh Phúc (Tái bản),28100,40000,30,0.0,0,8,.,Tân Việt,Nhà Xuất Bản Hà Nội,,Bìa mềm,191,2019-01-01,Tiki Trading,available,1000,False,True,True
274849216,Bài Học Về Lòng Biết Ơn - Sự Ấm Áp Của Tình Người (Tái bản 2024),88000,88000,0,0.0,0,1,,VIETNAMBOOK,Nhà Xuất Bản Quân Đội Nhân Dân,,Bìa mềm tay gấp,184,2024-04-22,VIETNAMBOOK,available,1000,True,True,True
278729132,Chúng Ta Đã Hiểu Lầm Chính Mình,175000,175000,0,0.0,0,0,"Chu Quốc Bình, Tế Quần",Nhã Nam,Nhà Xuất Bản Thế Giới,,Bìa mềm,365,,info book,available,1000,True,True,True
187596167,"Combo 2 cuốn sách Nghệ Thuật Sống Đẹp : Hạnh Phúc Đến Từ Sự Biến Mất + Ho’Oponopono: Sống Như Người Hawaii – Chấp Nhận, Biết Ơn Và Tha Thứ",166500,166500,0,0.0,0,1,,Nhiều công ty phát hành,Nhiều Nhà Xuất Bản,,,,,Phương Đông Books,available,1000,True,True,True
274372439,Mindset - Tâm Lý Học Thành Công,199000,199000,0,5.0,1,9,Carol S. Dweck,NXB Lao Động,Nhà Xuất Bản Lao Động,,Bìa mềm,480,,Nhà Sách Phương Nam,available,1000,True,True,True
203701752,Sách Là Một Chính Bản Mà Mình Yêu Thích,77400,129000,40,5.0,4,58,Quỳnh Hoa,Bloom Books,Nhà Xuất Bản Thế Giới,,Bìa mềm,290,2022-10-10,Tiki Trading,available,1000,False,True,True
271270175,Sách Cho là nhận - Từ trái tim tới trái tim,63000,92000,32,5.0,1,46,Đại Sư Tinh Vân,BIZBOOKS,Nhà Xuất Bản Hồng Đức,,Bìa mềm,168,2023-03-14,Tiki Trading,available,1000,False,True,True
278757797,Sách - Giải Thoát Tâm Trí Bước Qua Khổ Đau - KITA BOOKS,225000,225000,0,0.0,0,7,nhieu tac gia,Nhà Sách Hồng Ân,Nhà Xuất Bản Đồng Nai,,,,,Khanhlinhbook,available,1000,True,True,True
187598701,Combo 2 cuốn sách Nghệ Thuật Sống Đẹp : Hạnh Phúc Đến Từ Sự Biến Mất + Sống Hạnh Phúc - Cẩm Nang Cho Cuộc Sống (Tái Bản 2020),177000,186350,5,1.0,1,2,,Nhiều công ty phát hành,Nhiều Nhà Xuất Bản,,,,,Phương Đông Books,available,1000,True,True,True
243006521,Sách Lagom: Phong Cách Cân Bằng Cuộc Sống Của Thụy Điển,66000,95000,31,4.7,3,71,"Jonny Jackson, Elias Larson",NXB Trẻ,NXB Trẻ,,Bìa mềm,140,2023-03-03,Tiki Trading,available,1000,False,True,True
58409577,Sách Làm Bạn Thân Có Khó Không? (Tập 2),63000,105000,40,5.0,250,774,Yasushi Date,Tsuki LightNovel,Nhà Xuất Bản Thế Giới,,Bìa mềm,352,2021-03-02,Tiki Trading,available,1000,False,True,True
160788591,Sống Như Những Cái Cây - Những Bài Học Nhỏ Để Có Nguồn Hạnh Phúc Bất Tận,49000,70000,30,5.0,1,16,,Kim Đồng,Nhà Xuất Bản Kim Đồng,,Bìa mềm,,,NHBook,available,1000,True,True,True
171549954,Sách Tâm Hồn Cao Thượng,220000,220000,0,0.0,0,0,Edmondo De Amicis,Nhã Nam,Nhà Xuất Bản Phụ Nữ,,Bìa cứng,434,2022-03-03,Bamboo Books,available,1000,True,True,True
160591623,Nghĩ Thiện Để Cuộc Đời Và Công Việc Viên Mãn,85000,85000,0,0.0,0,13,,NXB Trẻ,NXB Trẻ,,,,,Bamboo Books,available,1000,True,True,True
276491522,"Sách Photoshop, Bộ 2 Cuốn Từ Cơ Bản Đến Nâng Cao, Tặng Video Hướng Dẫn + Sách Sổ Tay + Kho Tài Liệu",369000,546000,32,5.0,3,30,Christian Stang,Nhà Xuất Bản Thanh Niên,Nhà Xuất Bản Thanh Niên,,Bìa cứng,212,2024-05-14,ANT BOOK,available,1000,True,True,True
272557054,Sách Sống một đời đáng sống,62000,98000,37,0.0,0,24,Nigel Risner,VanLangBooks,,,Bìa mềm,256,,Tiki Trading,available,1000,False,True,True
278966228,Hủy Diệt Và Cứu Rỗi,133400,145000,8,5.0,1,3,Viet Thanh Nguyen,Công ty CP Xuất bản Khoa học và Giáo dục Thời Đại (TIMES BOOKS),Nhà Xuất Bản Hội Nhà Văn,,Bìa mềm,208,,Nhà sách NetaBooks,available,1000,True,True,True
273708826,Sách Đồng cảm trong hôn nhân: Yêu trọn vẹn cả những điều khác biệt,113960,148000,23,0.0,0,39,James L. Creighton,Công ty CP Sách Bizbooks,Nhà Xuất Bản Hồng Đức,,Bìa mềm,220,,Tiki Trading,available,1000,False,True,True
276655992,Sách - Minh triết mỗi ngày,199000,199000,0,0.0,0,1,,Công Ty TNHH Xuất bản và Giáo dục Mochibooks,Nhà Xuất Bản Văn Học,,Bìa cứng,392,2024-11-27,Nhà sách Mochibooks,available,1000,True,True,True
11258521,Combo Đắc Nhân Tâm + Hành Trình Về Phương Đông,204000,204000,0,0.0,0,0,"Dale Carnegie, Blair T. Spalding",First News - Trí Việt,,,,,,Nhà Sách Vĩnh Thụy,available,1000,True,True,True
73593776,Sách Để Tâm Không Bận,61700,65000,5,5.0,8,67,Ryunosuke Koike,Thái Hà,Nhà Xuất Bản Hà Nội,,Bìa mềm,156,2020-12-01,Nhà sách Fahasa,available,1000,True,True,True
257759582,Combo Bí mật của may mắn (Khổ nhỏ) + Bí mật của hạnh phúc (Khổ nhỏ)  - Bản Quyền,113000,113000,0,0.0,0,3,,First News - Trí Việt,Nhà Xuất Bản Tổng hợp TP.HCM,,,,,Nhà Sách Vĩnh Thụy,available,1000,True,True,True
275015927,Sách Người Hướng Nội - Hướng Dẫn Sử Dụng,71250,75000,5,5.0,1,17,"Coline Pierré, Loic Froissart",NXB Kim Đồng,Nhà Xuất Bản Kim Đồng,,Bìa mềm,116,2024-05-05,Tiki Trading,available,1000,False,True,True
58971672,Sách The Best of Chicken Soup - Tuyển Tập Những Câu Chuyện Hay Nhất (Song Ngữ)(Tái Bản 2020) ,96600,138000,30,5.0,214,1583,"Jack Canfield, Mark Victor Hansen",First News - Trí Việt,Nhà Xuất Bản Tổng hợp TP.HCM,,Bìa cứng,256,2020-08-01,Tiki Trading,available,1000,False,True,True
278718694,Trị Liệu Nhận Thức Hành Vi Tích Hợp Chánh Niệm - Nguyên Tắc Và Thực Hành,339480,369000,8,5.0,1,10,Bruno A. Cayoun,NXB Tri Thức,Nhà Xuất Bản Tri Thức,,Bìa mềm,522,2025-10-02,Nhà sách NetaBooks,available,1000,True,True,True
455103,Sách Trí Tuệ Xử Thế Của Thiền - Cách Ứng Xử Và Hóa Giải Cuộc Sống,242800,335000,28,5.0,1,41,Hương Việt - Tiến Vinh,Nhà sách Lao Động,,,Bìa mềm,407,2015-10-27,Tiki Trading,available,1000,False,True,True
79104661,Sách Đọc Thấu Tâm Can,119900,129000,7,5.0,1,3,Rita Carter,Thái Hà,Nhà Xuất Bản Công Thương,,Bìa mềm,144,2021-03-01,Nhà sách Fahasa,available,1000,True,True,True
196152930,Sách Võ Đạo Trong Kinh Doanh Và Cuộc Sống,46700,85000,45,0.0,0,4,Nhiều tác giả,Minh Long,Nhà Xuất Bản Thanh Niên,,Bìa mềm,272,2020-07-30,Tiki Trading,available,1000,True,True,True
276777405,"Sách - Thế giới Nội Tâm - Hạnh Phúc Đủ, Làm Chủ Cuộc Đời - SBOOKS",136000,138000,1,0.0,0,2,Khánh Phương,SBOOKS,Nhà Xuất Bản Văn Học,,Bìa mềm,252,2024-12-11,SBOOKS OFFICIAL,available,1000,True,True,True
277386630,How To Walk - Đi Sao Cho Vững Vàng (Sách Bỏ Túi),62000,72000,14,0.0,0,2,Thích Nhất Hạnh,PHANBOOK,Nhà Xuất Bản Dân Trí,,Bìa mềm,128,,PHAN LỆ & FRIENDS,available,1000,True,True,True
274762897,"Sách Khám Phá Chiêm Tinh: Ký Ức Tiền Kiếp, Chữa Lành Nhân Duyên",149000,149000,0,0.0,0,0,,Nhã Nam,Nhà Xuất Bản Thanh Niên,,,,,Nhà Sách Vĩnh Thụy,available,1000,True,True,True
1392955,Sách Xin Lỗi Sao Cho Đúng,57400,70000,18,5.0,1,10,"TS. Gary Chapman, TS. Jannifer Thomas",Văn Lang,Nhà Xuất Bản Hồng Đức,,Bìa mềm,199,2018-01-01,Văn Lang Official Store,available,1000,True,True,True
277386719,How To Connect - Kết Nối Sao Để Thấy Ta Là Nhau (Sách Bỏ Túi),79000,92000,14,0.0,0,3,Thích Nhất Hạnh,PHANBOOK,Nhà Xuất Bản Dân Trí,,Bìa mềm,168,,PHAN LỆ & FRIENDS,available,1000,True,True,True
53233848,Sách Sống Đẹp - Khi Tình Yêu Dẫn Đường (Tái bản),20000,40000,50,0.0,0,3,.,Tân Việt,Nhà Xuất Bản Hà Nội,,Bìa mềm,191,2019-01-01,Tiki Trading,available,1000,False,False,True
278877494,Thú Đọc Sách (Bìa Cứng),363400,395000,8,0.0,0,4,Charles Van Doren,Thời Đại,NXB Trẻ,,Bìa cứng,545,2025-11-18,Nhà sách NetaBooks,available,1000,True,True,True
455582,"Sách Thay Đổi Tư Duy, Thay Đổi Cuộc Sống (Tái Bản)",182100,198000,8,5.0,2,4,Nicholas Cook,Nhân Trí Việt,,,Bìa mềm,446,2015-10-30,Nhà sách Fahasa,available,1000,True,True,True
74277056,Sách Giá Trị Tình Bạn Trong Các Mối Quan Hệ (Tái Bản),64700,78000,17,5.0,2,3,Alan Loy Mcginnis,First News - Trí Việt,Nhà Xuất Bản Tổng hợp TP.HCM,,Bìa mềm,212,2020-12-01,Nhà sách Fahasa,available,1000,True,True,True
273301701,Hạt Giống Tâm Hồn - Tuyển Chọn Những Câu Chuyện Hay Nhất,118000,118000,0,0.0,0,0,nhieu tac gia,FIRST NEWS,Nhà Xuất Bản Tổng hợp TP.HCM,,Bìa mềm,334,,Nhà Sách Vĩnh Thụy,available,1000,True,True,True
277174465,Kết Nối Sao Để Thấy Ta Là Nhau,87400,92000,5,5.0,1,1,Thích Nhất Hạnh,PHANBOOK,Nhà Xuất Bản Dân Trí,,Bìa mềm,168,2025-01-23,Cá Chép Bookstore,available,1000,True,True,True
278904875,CHỤP VÀ VIẾT: MỘT CUỐN SÁCH HOÀN TOÀN ÍCH KỶ – Dũng Ez - Spiderum,287000,299000,4,0.0,0,6,nhieu tac gia,Spiderum,Nhà Xuất Bản Thế Giới,,Bìa mềm,188,,BÌNH BÁN BOOK,available,1000,True,True,True
214584809,Hạt Giống Tâm Hồn - Tập 12: Nghệ Thuật Sáng Tạo Cuộc Sống (Tái Bản 2022),63000,76000,17,0.0,0,2,First News,FIRST NEWS,Nhà Xuất Bản Tổng hợp TP.HCM,,,,,Nhà sách Fahasa,available,1000,True,True,True
253089367,Hạt Giống Tâm Hồn - Bản Giao Hưởng Cuộc Sống - Ấn Bản Đặc Biệt,180900,218000,17,5.0,1,1,Nhiều tác giả,FIRST NEWS,Nhà Xuất Bản Tổng hợp TP.HCM,,,,,Nhà sách Fahasa,available,1000,True,True,True
278447139,Sách - Wisdom’s Reply – Lời Hồi Đáp Từ Những Tác Phẩm Kinh Điển,103600,148000,30,0.0,0,3,nhieu tac gia,MCBOOKS,Nhà Xuất Bản Hồng Đức,,,,,Unibooks,available,1000,True,True,True
191675301,Boxet 2Q - Bộ Sách Bí Mật Của Nước  - Ấn Bản Kỉ Niệm 15 Năm Thái Hà Books,210500,210500,0,0.0,0,4,,Thái Hà Book,Nhà Xuất Bản Lao Động,,,,,Phương Đông Books,available,1000,True,True,True
560565,Sách Tại Sao Lại Chần Chừ? (Tái Bản),64000,64000,0,0.0,0,2,Teo Aik Cher,First News - Trí Việt,NXB Trẻ,,Bìa mềm,,2016-11-28,Nhà Sách Vĩnh Thụy,available,1000,True,True,True
274713686,38 Bức Thư Rockefeller Viết Cho Con Trai,138000,138000,0,4.0,1,1,Thanh Hương,NXB Văn Học,Nhà Xuất Bản Văn Học,,Bìa mềm,280,2023-11-03,Nhà Sách Phương Nam,available,1000,True,True,True
275158845,Sách Tập ngó lơ - Đường đến tâm an,118800,165000,28,5.0,2,36,Natori Hogen,Nhã Nam,Nhà Xuất Bản Dân Trí,,Bìa mềm,348,2024-05-31,Tiki Trading,available,1000,False,True,True
276314184,Vẻ Đẹp Của Cảnh Sắc Tầm Thường - Bản Quyền,188000,235000,20,0.0,0,3,Đặng Hoàng Giang,Alphabooks,Nhà Xuất Bản Hội Nhà Văn,,Bìa mềm,400,2024-10-04,Alpha Books Official,available,1000,True,True,True
276817888,Sách - Kỹ Năng Giao Tiếp EQ Cao,129000,129000,0,0.0,0,1,,AZ Việt Nam,Nhà Xuất Bản Thế Giới,,Bìa mềm,250,,Nhà Sách Vĩnh Thụy,available,1000,True,True,True
273260595,"Ăn Thuần Thực Vật, Sống Thuận Tự Nhiên",169000,169000,0,0.0,0,0,,1980 Books,Nhà Xuất Bản Thanh Niên,,,,,HỆ THỐNG NHÀ SÁCH ABC,available,1000,True,True,True
277596862,"Sách Sống Như Một Cái Cây: Không Tham Lam, Không Chiến Đấu Vô Ích, Sống Khôn Ngoan Một Cách Thầm Lặng",50600,79000,36,5.0,91,17,Osamu Tanaka,Thái Hà,Nhà Xuất Bản Công Thương,,Bìa mềm,164,2022-01-01,Tiki Trading,available,1000,False,True,True
6361597,Tâm Bình Dị Chí Tiến Thủ,64600,68000,5,0.0,0,8,Lưu Tân Xuân,Văn Lang,,,,184,2017-01-01,Nhà sách Fahasa,available,1000,True,True,True
278879749,Sách Thu Hút Người Bạn Đời Lý Tưởng 7 Tuần Sáng Tạo Tình Yêu Đời Bạn Calling in the One Hướng,295000,295000,0,0.0,0,0,"Katherine Woodward Thomas, MA, MFT",Nhà Xuất Bản Thế Giới,Nhà Xuất Bản Thế Giới,,Bìa mềm tay gấp,540,2025-10-23,The Book Store,available,1000,True,True,True
275221961,Tâm Lý Học CBT Và ACT - Sống Tự Tin - Vanlangbooks,77000,95000,19,0.0,0,9,,VanLangBooks,,,Bìa mềm,232,,Văn Lang Official Store,available,1000,True,True,True
206860126,Đừng lo lắng: 48 bài học An dịu nỗi lo âu từ một vị Thiền sư,94000,99000,5,5.0,1,2,,Thái Hà Book,Nhà Xuất Bản Lao Động,,,,,Alpha Books Official,available,1000,True,True,True
278244841,Nhận Thức - Tiềm Thức - Siêu Thức,195000,195000,0,0.0,0,0,,1980 Books,Nhà Xuất Bản Lao Động,,Bìa mềm,354,2025-07-04,Nhà sách NetaBooks,available,1000,True,True,True
275754141,Quẳng gánh lo đi và vui sống (Alpha Books),99000,99000,0,4.0,1,5,Dale Carnegie,Alpha Books,Nhà Xuất Bản Dân Trí,,Bìa mềm,312,,Cá Chép Bookstore,available,1000,True,True,True
278864032,NGHỆ THUẬT YÊU – Truy Vấn Về Bản Chất Tình Yêu -  Erich Fromm – Trạm Đọc,129000,129000,0,0.0,0,0,Erich Fromm,Omega Plus,Nhà Xuất Bản Thế Giới,,Bìa mềm,252,,BÌNH BÁN BOOK,available,1000,True,True,True
274759046,Bài Học Bí Mật Mỗi Ngày – Rhonda Byrne,298000,298000,0,5.0,2,14,Rhonda Byrne,Công ty Cổ Phần Thiên Minh Book,Nhà Xuất Bản Thế Giới,,,,,Thiên Minh Book ,available,1000,True,True,True
276439799,Combo Sách - Dẫn Dắt Một Bày Sói Hay Chăn Một Đàn Cừu + Trò Chơi Của Những Kẻ Hiểu Luật,269280,374000,28,0.0,0,6,"Tiffani Bova, Dan Nicholson",1980 Books,Nhà Xuất Bản Dân Trí,,Bìa mềm,358,2024-10-01,TTR Next Generation,available,1000,True,True,True
195291932,Sách Vòng Tròn Lửa,84700,110000,23,5.0,7,126,"Don Miguel Ruiz, Janet Mills",Saigon Books,Nhà Xuất Bản Dân Trí,,Bìa mềm,160,2022-01-01,Tiki Trading,available,1000,False,True,True
278744107,Sách Hiện thực hóa khát vọng - Manifest Your Desires- Happy Live,249000,249000,0,0.0,0,4,"Esther Hicks, Jerry Hicks",CÔNG TY TNHH HAPPY LIVE,Nhà Xuất Bản Thế Giới,,Bìa mềm tay gấp,372,2025-09-30,HappyLive,available,1000,True,True,True
108493406,Sách Sống Một Đời Tựa Biển Khơi - Những Bài Học Trí Tuệ Nhẹ Nhàng Sâu Lắng Của Đại Dương,66500,70000,5,5.0,2,23,"Annie Davidson, Richard Harrington",Wings Books,Nhà Xuất Bản Kim Đồng,,Bìa mềm,128,2021-06-01,Nhà sách Fahasa,available,1000,True,True,True
278966434,(Bìa cứng) 5000 NĂM VĂN MINH TRÀ VIỆT – Trịnh Quang Dũng - Mochibooks,403200,420000,4,0.0,0,0,Trịnh Quang Dũng,Công Ty TNHH Xuất bản và Giáo dục Mochibooks,Nhà Xuất Bản Thế Giới,,Bìa cứng áo ôm,1012,,BÌNH BÁN BOOK,available,1000,True,True,True
316421,Sách Thông Điệp Yêu Thương - Con Có Biết,33000,42000,21,4.7,25,1048,Nhã Nam,NXB Trẻ,NXB Trẻ,,Bìa mềm,132,2010-08-26,Tiki Trading,available,1000,False,False,True
205582692,Tự Do Học Tập (Free To Learn) - Peter Gray - IRED Books,197000,235000,16,4.5,5,34,Peter Gray,VIỆN GIÁO DỤC IRED,Nhà Xuất Bản Tổng hợp TP.HCM,,Bìa mềm,392,,PACE Books,available,1000,True,True,True
278031198,SÁCH - Thôi làm tổn thương mình - Tác giả Jun Mee Kyung,126150,145000,13,0.0,0,1,Jun Mee-kyung,Saigon Books,Nhà Xuất Bản Thế Giới,,Bìa mềm,252,2025-05-27,Zenbooks Official ,available,1000,True,True,True
274924510,Thực Hành Sống Tối Giản - Bản Quyền,99000,99000,0,0.0,0,0,Nhiều tác giả,AZ Việt Nam,Nhà Xuất Bản Thế Giới,,Bìa mềm,156,2024-05-03,Bamboo Books,available,1000,True,True,True
68445823,"Sách Nhẹ bẫng – Sống nhẹ nhàng, lòng nhẹ tênh, đời nhẹ bẫng",121500,135000,10,5.0,1,6,Francine Jay,Thái Hà,Nhà Xuất Bản Công Thương,,,324,2020-10-01,Nhà sách Fahasa,available,1000,True,True,True
262582037,Karma – Nghiệp: Chỉ dẫn kiến tạo vận mệnh của một yogi,134000,149000,10,5.0,1,15,,Thái Hà,Nhà Xuất Bản Thế Giới,,,384,2023-06-01,THAIHABOOKS,available,1000,True,True,True
252179021,Sách - Liễu Phàm Tứ Huấn - Thái Hà,66000,75000,12,0.0,0,2,Liễu Phàm,Thái Hà,Nhà Xuất Bản Lao Động,,Bìa mềm,,,Alpha Books Official,available,1000,True,True,True
241890383,Britt - Marie Đã Ở Đây - Trẻ,165000,165000,0,5.0,1,4,Fredrik Backman,Văn Lang,NXB Trẻ,,Bìa mềm,448,2023-01-19,Bamboo Books,available,1000,True,True,True
167615167,"Range - Hiểu Sâu, Biết Rộng Kiểu Gì Cũng Thắng",199000,199000,0,0.0,0,0,,Alphabooks,oem,,,,,HỆ THỐNG NHÀ SÁCH ABC,available,1000,True,True,True
257867725,Sống Tối Giản Phong Cách Thiền,68000,68000,0,0.0,0,1,Soushin Kanetake,Văn Lang,Nhà Xuất Bản Hồng Đức,,Bìa mềm,128,2023-05-17,Nhà sách NetaBooks,available,1000,True,True,True
49362599,Sách CHINH PHỤC CHÍNH MÌNH - Giáo sư - Tiến sĩ Nguyễn Quang Vịnh,68310,138000,51,4.2,9,83,,SBOOKS,Nhà Xuất Bản Thế Giới,,Bìa mềm,176,2020-02-18,SBOOKS OFFICIAL,available,1000,True,True,True
191075159,Quẳng Gánh Lo Đi & Vui Sống (Tái Bản),66000,86000,23,0.0,0,0,Dale Carnegie,Công Ty TNHH Văn Hóa Sáng Tạo Trí Việt,Nhà Xuất Bản Tổng hợp TP.HCM,,Bìa mềm,,,Hasabooks Official Store,available,1000,True,True,True
276777384,Sách - Sức Mạnh Của Sự Khiêm Nhường - SBOOKS,136000,138000,1,5.0,1,3,,SBOOKS,Nhà Xuất Bản Văn Học,,Bìa mềm,252,2024-12-11,SBOOKS OFFICIAL,available,1000,True,True,True
525295,Sách Hạnh Phúc Tại Tâm (The Happiness That Comes From Within) - Tái Bản,98000,98000,0,0.0,0,1,Osho,First News - Trí Việt,Đang cập nhật,,Bìa mềm,,2016-07-13,Bamboo Books,available,1000,True,True,True
277837134,Sách Mặt trời vẫn mọc,102758,150000,31,4.8,4,90,Ernest Hemingway,Nhã Nam,Nhà Xuất Bản Văn Học,,Bìa mềm,392,2025-03-13,Tiki Trading,available,1000,False,True,True
3230749,Sách Thuật Dụng Ngôn,86000,86000,0,0.0,0,2,,First News - Trí Việt,Nhà Xuất Bản Tổng hợp TP.HCM,,Bìa mềm,308,,Bamboo Books,available,1000,True,True,True
179063951,Sách Zero Waste Home: Nhà Không Rác (Tái Bản),129000,129000,0,0.0,0,0,Bea Johnson,Thái Hà,Nhà Xuất Bản Công Thương,,Bìa mềm,361,2022-01-01,Nhà Sách Vĩnh Thụy,available,1000,True,True,True
278052119,Wabi Sabi Thương Những Điều Không Hoàn Hảo,139000,139000,0,5.0,1,2,Beth Kempton,Thái Hà,Nhà Xuất Bản Công Thương,,Bìa mềm,300,2025-05-30,Nhà sách NetaBooks,available,1000,True,True,True
200847598,Càng Bình Tĩnh Càng Hạnh Phúc - Vãn Tình,139000,139000,0,0.0,0,3,,AZ Việt Nam,Nhà Xuất Bản Thế Giới,,,,,NHBook,available,1000,True,True,True
278440240,Can Trường - Osho,179000,179000,0,0.0,0,0,Osho,1980 Books,Nhà Xuất Bản Lao Động Hà Nội,,Bìa mềm,299,2025-07-29,Nhà sách NetaBooks,available,1000,True,True,True
275852325,"Hiếu - Thở cho Ba, Mỉm cười cho Má - Thích Nhất Hạnh",105000,105000,0,0.0,0,0,Thích Nhất Hạnh,Công ty Cổ phần Văn hóa và Công nghệ Tuệ Tri,Nhà Xuất Bản Hồng Đức,,Bìa mềm,206,,Sáng Tạo Trẻ 79,available,1000,True,True,True
152529928,Tâm Hồn Cao Thượng,158000,158000,0,0.0,0,0,Edmondo De Amcis,FIRST NEWS,Nhà Xuất Bản Tổng hợp TP.HCM,,,,,Nhà Sách Vĩnh Thụy,available,1000,True,True,True
195462597,Combo Sách Từ Tốt Đến Vĩ Đại + Xây Dựng Để Trường Tồn + Vĩ Đại Do Lựa Chọn (Bộ 3 Cuốn),460000,460000,0,0.0,0,0,Jim Collins,NXB Trẻ,Nhà Xuất Bản Đại Học Quốc Gia Hà Nội,,Bìa mềm,,2022-08-17,HỆ THỐNG NHÀ SÁCH ABC,available,1000,True,True,True
259389009,Sống Đẹp Là Sống Đạo,80750,95000,15,0.0,0,0,Huệ Khải,Nhà xuất bản Tổng hợp TP.HCM ,Nhà Xuất Bản Tổng hợp TP.HCM,,,,,NXB TỔNG HỢP,available,1000,True,True,True
270993080,"Hòa Vào Dòng Chảy Vũ Trụ, Tìm Về Hạnh Phúc Bình An (Bản in màu)",225000,225000,0,0.0,0,0,Nguyễn Ngọc Dũng,Đông Tây,Nhà Xuất Bản Tri Thức,,Bìa mềm,336,2022-08-10,Đông Tây,available,1000,True,True,True
72098736,Sách Đời Sống Con Người Và Xã Hội Hôm Nay,50300,53000,5,3.0,3,38,Ajahn Chah,Công Ty TNHH TM - DV Chính Thông,Nhà Xuất Bản Văn Hóa - Văn Nghệ,,Bìa mềm,221,2020-09-07,Chính Thông,available,1000,True,True,True
253631270,OSHO Hạnh Phúc Tại Tâm -Bản Quyền,108000,108000,0,0.0,0,0,,First News - Trí Việt,Nhà Xuất Bản Dân Trí,,,,,NHBook,available,1000,True,True,True
74608742,Sách Vừa Đủ - Đẳng Cấp Sống Của Người Thụy Điển (Tái Bản),68600,98000,30,5.0,83,645,Linnea Dunne,First News - Trí Việt,Nhà Xuất Bản Tổng hợp TP.HCM,,Bìa mềm,160,2020-12-01,Tiki Trading,available,1000,False,True,True
277386710,How To Eat - Ăn Sao Cho Ngon Lành (Sách Bỏ Túi),71000,82000,13,0.0,0,4,Thích Nhất Hạnh,PHANBOOK,Nhà Xuất Bản Dân Trí,,,156,,PHAN LỆ & FRIENDS,available,1000,True,True,True
118219774,Sách Muôn Kiếp Nhân Sinh phần 1 - Nguyên Phong,168000,168000,0,5.0,4,21,Nguyên Phong,First News - Trí Việt,Nhà Xuất Bản Tổng hợp TP.HCM,,,392,,Nhà Sách Vĩnh Thụy,available,1000,True,True,True
278901083,Bộ sách Luật Hấp Dẫn - Sức Mạnh Thay Đổi Cuộc Đời - Happy Live,1494000,1494000,0,0.0,0,3,"Esther Hicks, Jerry Hicks",CÔNG TY TNHH HAPPY LIVE,Nhà Xuất Bản Thế Giới,,Bìa mềm tay gấp,2456,2025-10-10,HappyLive,available,1000,True,True,True
74277385,Sách Mãi Mãi Là Yêu Thương (Tái Bản),56400,68000,17,0.0,0,1,"Jack Cafield, Mark Victor Hansen",First News - Trí Việt,Nhà Xuất Bản Tổng hợp TP.HCM,,Bìa mềm,168,,Nhà sách Fahasa,available,1000,True,True,True
269154506,Thuật Xử Thế Của Người Xưa - Thu Giang Nguyễn Duy Cần,53000,55000,4,5.0,5,26,,NXB Trẻ,oem,,,,,Nhân Văn,available,1000,True,True,True
204083235,Trong Cái Không Có Gì Không?,160000,160000,0,0.0,0,12,Thích Nhất Hạnh, NXB Kim Đồng,Nhà Xuất Bản Kim Đồng,,Bìa mềm,72,2022-10-01,Bamboo Books,available,1000,True,True,True
160591699,Thu Giang Nguyễn Duy Cần (Nhập Môn Triết Học Đông Phương - Tinh Hoa Đạo Đông Phương - Văn Minh Đông Phương Và Tây Phương - Cái Cười Của Thánh Nhân - Toàn Chân Triết Luận - Thanh Dạ Văn Chung),413000,430000,4,5.0,9,37,,NXB Trẻ,NXB Trẻ,,Bìa mềm,846,,Nhân Văn,available,1000,True,True,True
196315284,Sách Mẹ - Biểu Hiện Của Tình Thương (Tái Bản Lần 5),57000,75000,24,5.0,24,362,Thích Nhất Hạnh,Phương Nam Book,Nhà Xuất Bản Thế Giới,,Bìa mềm,189,2022-01-01,Tiki Trading,available,1000,False,True,True
275859095,Bộ 10 Quyển Sách Của Đại Hiền Triết Thế Kỉ XX: J. Krishnamurti,1534000,1534000,0,0.0,0,0,J. Krishnamurti,First News - Trí Việt,NXB Dân Trí,,Bìa mềm,5000,,info book,available,1000,True,True,True
188533793,Sách Mọi Việc Đều Có Thể Giải Quyết - Tháo Gỡ Khó Khăn Bằng Phương Pháp Thiền,99360,138000,28,5.0,3,96,Diane Musho Hamilton,Nhã Nam,Nhà Xuất Bản Dân Trí,,Bìa mềm,340,2022-06-06,Tiki Trading,available,1000,False,True,True
205808047,Osho: Hiểu - Đường Đến Tự Do,168000,168000,0,0.0,0,0,Osho,Nhà Xuất Bản Dân Trí,Nhà Xuất Bản Dân Trí,,Bìa mềm,368,,Nhà Sách Phương Nam,available,1000,True,True,True
55321085,Sách Tâm Hồn Giản Dị - Sống Đơn Giản Đời Thêm Thanh Thản,76960,148000,48,4.6,10,120,Courtney Carver,First News - Trí Việt,Nhà Xuất Bản Tổng hợp TP.HCM,,Bìa gập,348,2020-05-05,Tiki Trading,available,1000,False,True,True
276331315,Sách - Sức Mạnh Của Sự Dịu Dàng - SBOOKS,136000,138000,1,4.0,1,35,,SBOOKS,Nhà Xuất Bản Văn Học,,Bìa mềm,224,2024-10-08,SBOOKS OFFICIAL,available,1000,True,True,True
271972243,"Sách Người Nói Vô Tâm, Người Nghe Để Bụng: Học Cách Bảo Vệ Bản Thân Khỏi Những Lời Nói Tiêu Cực",87500,125000,30,4.8,4,33,Kim Ok Shim,BIZBOOKS,Nhà Xuất Bản Hồng Đức,,Bìa mềm,196,2023-01-03,Tiki Trading,available,1000,False,True,True
278015943,Sách  Bách Trí Minh Đạo: Tề Gia Dưỡng Người - Nền Tảng Của Hạnh Phúc - Bizbooks,116800,160000,27,0.0,0,0,Trí Viễn,BIZBOOKS,Nhà Xuất Bản Hồng Đức,,Bìa mềm,248,,BizbooksJSC,available,1000,True,True,True
208650870,Nghệ Thuật Sống Hạnh Phúc_QB,435000,435000,0,0.0,0,20,,Công ty TNHH TM & DV Văn Hóa Hương Trang,Nhà Xuất Bản Tôn Giáo,,Bìa cứng,502,,NewShop Official,available,1000,True,True,True
59479145,Sách - Combo Trọn Bộ 23 Cuốn Song Ngữ Chicken Soup For The Soul,1652000,1652000,0,0.0,0,2,.,First News - Trí Việt,Nhà Xuất Bản Tổng hợp TP.HCM,,Bìa mềm,,2020-08-01,Nhà Sách Vĩnh Thụy,available,1000,True,True,True
278168930,Sách: Trúng Số Độc Đắc (Vũ Trọng Phụng),66300,78000,15,0.0,0,8,Vũ Trọng Phụng,Minh Long,Nhà Xuất Bản Văn Học,,Bìa mềm,320,2025-06-25,Minh Long Book,available,1000,True,True,True
272234196,Ý Nghĩa Cuộc Đời - Creatures Of a Day,99000,99000,0,0.0,0,3,Irvin D. Yalom,Cty Văn Hóa Văn Lang,Nhà Xuất Bản Hồng Đức,,Bìa mềm,271,2020-04-17,Nhà sách Quốc Việt,available,1000,True,True,True
273979996,Sách - Không Diệt Không Sinh Đừng Sợ Hãi - Phiên Bản Đặc Biệt Bìa Cứng,252300,290000,13,0.0,0,2,Thích Nhất Hạnh,Zenbooks,NXB Thế giới,,Bìa cứng,224,2023-12-01,Zenbooks Official ,available,1000,True,True,True
156234329,Sách Ảo Tưởng Mang Tên Mặc Cảm: Cách Sống “Không Tranh Đấu” Để Tận Hưởng Mỗi Ngày An Nhiên Và Trong Trẻo,48700,75000,35,5.0,6,118,Shunmyo Masuno,Thái Hà,Nhà Xuất Bản Hà Nội,,Bìa mềm,172,2022-01-01,Tiki Trading,available,1000,False,True,True
271124153,Sức Mạnh Tiềm Thức (The Power Of Your Subconscious Mind) - Joseph Murphy (Bìa mềm),121600,128000,5,0.0,0,8,Dr Joseph Murphy,First News - Trí Việt,Nhà Xuất Bản Tổng hợp TP.HCM,,Bìa mềm,336,,Bảo Châu Books,available,1000,True,True,True
278704158,Sống Thọ Cho Tuổi Trung Niên,178000,178000,0,0.0,0,0,Merlin Thomas,Văn Lang,Nhà Xuất Bản Hồng Đức,,Bìa mềm,320,2025-09-30,Nhà sách NetaBooks,available,1000,True,True,True
275387116,Sách Hạnh Phúc Đủ Làm Chủ Cuộc Đời – Phiên bản song ngữ,691000,691000,0,5.0,3,18,nhieu tac gia,Công ty cổ phần tổ chức đào tạo WiT,Nhà Xuất Bản Thanh Niên,,Bìa cứng,498,2024-01-01,Thiện Ngôn Book,available,1000,True,True,True
275038606,Sách - Bạn Đang Nghịch Gì Với Đời Mình,107880,124000,13,0.0,0,0,J. Krishnamurti,Zenbooks,Nhà Xuất Bản Hồng Đức,,Bìa mềm,404,2024-05-16,Zenbooks Official ,available,1000,True,True,True
195479322,Sách Tàn Tro,70200,108000,35,5.0,23,144,HIRO-T,DEEP BOOKS,Nhà Xuất Bản Phụ Nữ Việt Nam,,Bìa mềm,264,2022-08-08,Tiki Trading,available,1000,False,True,True
278870841,Dương Mưu,219000,219000,0,0.0,0,3,"Tần Trần, Triệu Tử Y",1980 Books,Nhà Xuất Bản Lao Động,,Bìa mềm,396,2025-11-15,Nhà sách NetaBooks,available,1000,True,True,True
217639629,Nghệ Thuật Yêu- Truy Vấn Về Bản chất Tình Yêu,99000,129000,23,0.0,0,2,,Alpha Books,Nhà Xuất Bản Thế Giới,,,,,Alpha Books Official,available,1000,True,True,True
111271211,"Sách Hello, Habits - Một Chỉ Dẫn Sống Tốt Hơn",125000,139000,10,4.7,3,15,Sasaki Fumio,Thái Hà,Nhà Xuất Bản Công Thương,,Bìa mềm,369,2021-07-15,THAIHABOOKS,available,1000,True,True,True
174293674,Thói quen tự kỷ luật,78000,78000,0,0.0,0,1,,Văn Lang,oem,,,,,Bamboo Books,available,1000,True,True,True
271249648,Combo 3 Cuốn Muôn Kiếp Nhân Sinh - Nguyên Phong (Khổ Nhỏ) (Trọn Bộ 3 Tập),317900,374000,15,5.0,7,120,Nguyên Phong,First News - Trí Việt,Nhà Xuất Bản Tổng hợp TP.HCM,,Bìa mềm,,2023-08-17,First News,available,1000,True,True,True
278938508,"Tìm Người Để Yêu, Hiểu Người Để Thương",60830,79000,23,0.0,0,5,The School Of Life,Deepbooks,Nhà Xuất Bản Phụ Nữ Việt Nam,,Bìa mềm,120,,Tiki Trading,available,1000,False,True,True
227685076,Nghệ Thuật Yêu - The Art Of Loving - Tái Bản 2023,99000,129000,23,0.0,0,5,Erich Fromm,Omega Plus,Nhà Xuất Bản Thế Giới,,Bìa mềm,252,2023-02-20,Alpha Books Official,available,1000,True,True,True
847705,Suy Niệm Mỗi Ngày,145350,145350,0,4.8,13,1363,Lev Tolstoy,Công ty Cổ phần Xuất bản Khai Tâm,Nhà Xuất Bản Hồng Đức,,Bìa mềm,352,2023-11-11,Sách Khai Tâm,available,1000,True,True,True
74174356,Sách Bí Mật Của Hạnh Phúc (Khổ Nhỏ)(Tái Bản),47600,68000,30,4.8,17,153,"David Niven, Ph.D.",First News - Trí Việt,Nhà Xuất Bản Tổng hợp TP.HCM,,Bìa mềm,256,2020-12-01,Tiki Trading,available,1000,False,True,True
275131132,Bí Mật Của May Mắn (Khổ Nhỏ),42700,45000,5,0.0,0,0,Alex Rovira -  Ferrnando Trias De Bes,Nhà xuất bản Tổng hợp TP.HCM ,Nhà Xuất Bản Tổng hợp TP.HCM,,Bìa mềm,160,,Sống Official,available,1000,True,True,True
631425,Sách Đắc Nhân Tâm - Thuật Đối Nhân Xử Thế,28500,30000,5,0.0,0,125,Chiêm Trúc,Công Ty TNHH TM - DV Chính Thông,Nhà Xuất Bản Đồng Nai,,Bìa mềm,215,2015-02-01,Chính Thông,available,1000,True,True,True
275072990,Chân Ngã và Phàm Ngã,128880,179000,28,0.0,0,1,,1980 Books,Nhà Xuất Bản Thanh Niên,,Bìa mềm,340,2024-05-15,TTR Next Generation,available,1000,True,True,True
274198856,Hiệu Ứng Cánh Bướm,160000,160000,0,5.0,1,6,Chí Tinh,NXB Công Thương,Nhà Xuất Bản Công Thương,,Bìa mềm,374,,Nhà Sách Phương Nam,available,1000,True,True,True
202780508,Trở Về Không - Trải Nghiệm Ho'oponopono_PNAM,159000,159000,0,0.0,0,0,Joe Vitale,Phương Nam Book,Nhà Xuất Bản Thế Giới,,Bìa mềm,340,,Bamboo Books,available,1000,True,True,True
272261050,Sách Nhân – Nghệ Thuật Đối Đãi Vị Nhân Sinh,83400,139000,40,5.0,2,43,Yen Ooi,Merry Go Round,Nhà Xuất Bản Thế Giới,,Bìa mềm,218,,Tiki Trading,available,1000,False,True,True
262637154,Inner Engineering – Kiến tạo bản thân: Chỉ dẫn sống an vui của một yogi,134000,149000,10,4.8,4,30,,Thái Hà,Nhà Xuất Bản Thế Giới,,Bìa mềm,396,2023-06-02,THAIHABOOKS,available,1000,True,True,True
177637600,Sức Mạnh Tiềm Thức,128000,128000,0,0.0,0,1,,Công Ty TNHH Văn Hóa Sáng Tạo Trí Việt,Nhà Xuất Bản Tổng hợp TP.HCM,,Bìa mềm,336,,NHBook,available,1000,True,True,True
278844560,Sách Unibooks - The Happy Habit – Bí Mật Của Người Luôn Hạnh Phúc,69300,99000,30,0.0,0,0,Takashi Imai,Unibooks,Nhà Xuất Bản Hồng Đức,,Bìa mềm,156,,Unibooks,available,1000,True,True,True
277910883,Sống Chánh Niệm - Mindfulness Essentials (Bộ Hộp 5 Cuốn),445000,445000,0,0.0,0,2,Thích Nhất Hạnh,PHANBOOK,Nhà Xuất Bản Dân Trí,,Boxset,812,2025-04-29,Nhà sách NetaBooks,available,1000,True,True,True
278497756,Bản Chất Của Ý Thức,195000,195000,0,0.0,0,1,David R. Hawkins,1980 Books,Nhà Xuất Bản Hà Nội,,Bìa mềm,351,2025-08-14,Nhà sách NetaBooks,available,1000,True,True,True
156216692,Sách - Bí Mật Của May Mắn - Khổ Nhỏ,45000,45000,0,0.0,0,1,,First News - Trí Việt,Nhà Xuất Bản Tổng hợp TP.HCM,,,,,Nhà Sách Vĩnh Thụy,available,1000,True,True,True
262654078,IKIGAI  Hành Trình Tìm Kiếm Một Cuộc Đời Đáng Giá - Bản Quyền,84500,89000,5,0.0,0,4,,Nhà sách Tân Việt,Nhà Xuất Bản Dân Trí,,,,,Alpha Books Official,available,1000,True,True,True
272588057,100 danh ngôn của Alfred Adler giúp bạn thay đổi bản thân ngay lập tức ,118000,118000,0,0.0,0,0,Hiroshi Ogura,Hải Đăng Book,Nhà Xuất Bản Lao Động,,,,,Nhà Sách Vĩnh Thụy,available,1000,True,True,True
278919713,Sách - Người Đến Tận Cùng Sẽ Hồi Sinh - Mộc Trầm,121440,138000,12,0.0,0,0,Mộc Trầm (Thích Đạo Quang),Saigon Books,Nhà Xuất Bản Thế Giới,,Bìa mềm,250,2025-11-01,Saigon Books Official,available,1000,True,True,True
273238858,Khái Lược Những Tư Tưởng Lớn - Tâm Lí Học,450000,450000,0,0.0,0,0,DK,NXB Dân Trí,Nhà Xuất Bản Dân Trí,,Bìa mềm,352,,Nhà Sách Vĩnh Thụy,available,1000,True,True,True
261978303,Thấu Hiểu Tỉnh Thức,114480,159000,28,0.0,0,6,,1980 Books,Nhà Xuất Bản Thanh Niên,,,,,1980 BOOKS HCM,available,1000,True,True,True
140045783,Combo 06 cuốn Hạt giống tâm hồn 11-16,456000,456000,0,0.0,0,0,,First News - Trí Việt,Nhà Xuất Bản Tổng hợp TP.HCM,,Bìa mềm,,2021-10-01,HỆ THỐNG NHÀ SÁCH ABC,available,1000,True,True,True
167615433,Thích Nhất Hạnh - Trồng Một Nụ Cười - Cùng Trẻ Thực Hành Chánh Niệm,199000,199000,0,0.0,0,0,,Thái Hà,oem,,,,,Bamboo Books,available,1000,True,True,True
637609,Các Đạo Sư Của Sự Thiền Định Và Những Điều Huyền Diệu Cuộc Đời,106400,112000,5,5.0,1,10,Tulku Thondup,Công Ty TNHH TM - DV Chính Thông,Nhà Xuất Bản Tôn Giáo,,Bìa mềm,621,2014-01-01,Chính Thông,available,1000,True,True,True
511314,Sách Lời Hứa Về Một Cây Bút Chì,159000,159000,0,0.0,0,1,Adam Braun,Alphabooks,Nhà Xuất Bản Thế Giới,,Bìa mềm,364,2016-06-09,Nhà Sách Vĩnh Thụy,available,1000,True,True,True
255338979,Bí Quyết Của Người Chiến Thắng You Can Win - Bản Quyền,88000,88000,0,0.0,0,0,,First News - Trí Việt,NXB Tổng Hợp Thành Phố Hồ Chí Minh,,,,,info book,available,1000,True,True,True
275359602,Sách- Những Quy Tắc Để Sống Khỏe- Nghệ Thuật Sống  (Tái Bản 2018)(119)- 2HBooks,119000,119000,0,0.0,0,4,Alpha Books biên soạn,Alpha Books,Nhà Xuất Bản Lao Động - Xã Hội,,Bìa mềm,342,2018-06-01,2HBooks,available,1000,True,True,True
276817954,Sách Luật Tâm Thức ( Tập 2) : Vũ Trụ Nhất Nguyên Luận,273000,288000,5,0.0,0,0,,AZ Việt Nam,Nhà Xuất Bản Thế Giới,,Bìa mềm,250,,Sống Official,available,1000,True,True,True
278744096,"Sách Tiền bạc và Luật Hấp Dẫn - Money, and the Law of Attraction- Happy Live",249000,249000,0,0.0,0,7,"Esther Hicks, Jerry Hicks",CÔNG TY TNHH HAPPY LIVE,Nhà Xuất Bản Thế Giới,,Bìa mềm tay gấp,382,2025-09-30,HappyLive,available,1000,True,True,True
167614957,Osho - Thân Mật Cội Nguồn Của Hạnh Phúc - Tái Bản 2020,94000,98000,4,0.0,0,7,,First News - Trí Việt,oem,,,,,Nhân Văn,available,1000,True,True,True
420655,Sách Hạt Giống Tâm Hồn - Tuyển Chọn Những Câu Chuyện Hay Nhất,118000,118000,0,0.0,0,3,.,First News - Trí Việt,Nhà Xuất Bản Tổng hợp TP.HCM,,Bìa cứng,335,2014-12-15,info book,available,1000,True,True,True
142543048,Tranh Dân Gian Việt Nam: Sưu Tầm Và Nghiên Cứu (Tái bản năm 2021),880000,880000,0,0.0,0,0,Maurice Durand,Nhà Xuất Bản Văn Hóa - Văn Nghệ,Nhà Xuất Bản Văn Hóa - Văn Nghệ,,Bìa mềm,452,,Nhà Sách Vĩnh Thụy,available,1000,True,True,True
277983484,Không Phải Bao Giờ Cũng Vậy - Tinh Thần Đích Thực Của Thiền,155480,169000,8,0.0,0,12,Shunryu Suzuki,PHANBOOK,Nhà Xuất Bản Lao Động,,Bìa mềm,224,2025-05-16,Nhà sách NetaBooks,available,1000,True,True,True
273986972,Tự Do Không Yêu Đương- Cuốn Sách Tư Duy Nghệ Thuật Sống Đẹp Hay,169000,169000,0,0.0,0,0,,Nhã Nam,Nhà Xuất Bản Phụ Nữ,,,,,Bamboo Books,available,1000,True,True,True
197608287,Combo 2 Cuốn Sách Giúp Bạn Trân Trọng Bản Thân Hơn: 10% Hạnh Phúc Hơn + Vì Cuộc Đời Không Hẹn Lần Sau,329000,329000,0,0.0,0,0,,Nhiều công ty phát hành,Nhiều Nhà Xuất Bản,,,,,AHABOOKS,available,1000,True,True,True
273600466,Sách - Trắc ẩn với chính mình (Kristin Neff & Christopher Germer) - Nhã Nam Official,158000,158000,0,0.0,0,1,"Kristin Neff, Christopher Germer",Nhã Nam,NXB Tổng Hợp Thành Phố Hồ Chí Minh,,Bìa mềm,400,2023-12-11,NHBook,available,1000,True,True,True
103512598,Bài Học Về Sự Giúp Đỡ - Hạnh Phúc Là Cho Đi,88000,88000,0,5.0,1,33,,VIETNAMBOOK,Nhà Xuất Bản Quân Đội Nhân Dân,,Bìa mềm tay gấp,176,2026-01-13,VIETNAMBOOK,available,1000,True,True,True
204868341,Thêm Tuổi Thêm Duyên - Cẩm Nang Sống Chất Của Phụ Nữ Pháp,160000,160000,0,0.0,0,0,"Caroline De Maigret, Sophie Mas",Nhã Nam,Nhà Xuất Bản Thế Giới,,Bìa mềm,265,2022-11-08,HỆ THỐNG NHÀ SÁCH ABC,available,1000,True,True,True
185946854,Combo 2 cuốn sách Nghệ Thuật Sống Đẹp : Tâm Hồn Cao Thượng (Tái Bản) + Hạnh Phúc Cầm Tay (Tái Bản),249000,249000,0,0.0,0,0,,Nhiều công ty phát hành,Nhiều Nhà Xuất Bản,,,,,Nhà Sách Vĩnh Thụy,available,1000,True,True,True
274713610,Khái Lược Những Tư Tưởng Lớn - Nghệ Thuật,450000,450000,0,0.0,0,1,DK,NXB Dân Trí,Nhà Xuất Bản Dân Trí,,Bìa cứng,352,,Nhà Sách Phương Nam,available,1000,True,True,True
274777323,Hardcore Psychology - Con Quái Vật Trong Tâm Trí - Những Ca Bệnh Tâm Lý Oái Oăm,148000,148000,0,0.0,0,0,Diêu Nghiêu,NXB Hà Nội,Nhà Xuất Bản Hà Nội,,Bìa mềm,350,,Nhà Sách Vĩnh Thụy,available,1000,True,True,True
273238878,Phân Tích Tâm Lý Tội Phạm - Hai Mươi Dáng Hình Tội Ác,129000,129000,0,0.0,0,7,Trương Uý,NXB Dân Trí,Nhà Xuất Bản Dân Trí,,Bìa mềm,368,,Nhà Sách Phương Nam,available,1000,True,True,True
278628040,"Bóng Tối, Bản Ngã, Nhận Thức",193680,269000,28,0.0,0,13,nhieu tac gia,1980 Books,Nhà Xuất Bản Công Thương,,,,,1980 BOOKS HCM,available,1000,True,True,True
277484674,Sách - Khơi Nguồn Hạnh Phúc Vô Biên,128880,179000,28,0.0,0,3,,1980 Books,Nhà Xuất Bản Lao Động,,Bìa cứng,312,,TTR Next Generation,available,1000,True,True,True
86955966,Biết Ơn Nhiều Hơn Sẽ Hạnh Phúc Hơn - Tuệ Tâm (Tủ sách Trí Tuệ),77000,78000,1,4.7,10,80,,SBOOKS,Nhà Xuất Bản Dân Trí,,Bìa mềm,160,2021-03-18,SBOOKS OFFICIAL,available,1000,True,True,True
76283562,Sách MỘT VỐC KIM CƯƠNG,161100,179000,10,4.8,6,27,Thich Nhat Hanh,PHANBOOK,nxb hong duc,,Bìa cứng,40,2020-01-15,Nhà sách Fahasa,available,1000,True,True,True
262423888,Muôn Kiếp Nhân Sinh Phần 3 - Nguyên Phong,185300,218000,15,5.0,9,60,Nguyên Phong,First News - Trí Việt,Nhà Xuất Bản Tổng hợp TP.HCM,,Bìa mềm,544,,Bảo Châu Books,available,1000,True,True,True
270421561,Sức Mạnh Của Ngôn Từ (Don Gabor - Tái bản 2023),108000,108000,0,0.0,0,0,Don Gabor,First News - Trí Việt,Nhà Xuất Bản Tổng hợp TP.HCM,,Bìa mềm,312,2022-01-01,HỆ THỐNG NHÀ SÁCH ABC,available,1000,True,True,True
425589,Sách Hệ Miễn Dịch Tâm Hồn,39800,48000,17,5.0,2,17,Mike George,First News - Trí Việt,,,Bìa mềm,151,2015-02-13,Nhà sách Fahasa,available,1000,True,True,True
177756191,Mật mã cảm xúc: 5 bước giúp bạn bước ra bẫy cảm xúc,129360,168000,23,0.0,0,4,Dr.Brandley Nelson,BIZBOOKS,Nhà Xuất Bản Hồng Đức,,,348,,MCBooks,available,1000,True,True,True
72646195,Sách 500 Câu Chuyện ĐĐ: Quẳng Gánh Lo Đi,27900,30000,7,5.0,1,12,"Nguyễn Hạnh, Trần Thị Thanh Nguyên",NXB Trẻ,NXB Trẻ,,Bìa mềm,120,,Nhà sách Fahasa,available,1000,True,True,True
277174450,Ăn Sao Cho Ngon Lành,77900,82000,5,0.0,0,1,Thích Nhất Hạnh,PHANBOOK,Nhà Xuất Bản Dân Trí,,Bìa mềm,156,2025-01-23,Cá Chép Bookstore,available,1000,True,True,True
160788536,Sống Xanh Rồi Mới Sống Nhanh,80000,80000,0,0.0,0,0,,Kim Đồng,Nhà Xuất Bản Kim Đồng,,Bìa mềm,,,Bamboo Books,available,1000,True,True,True
275453321,Tu Tâm Sửa Tính - TS. BS. Trần Tuấn Anh,115000,115000,0,0.0,0,0,Trần Tuấn Anh,NXB Tổng hợp Thành Phố Hồ Chí Minh,NXB Tổng Hợp Thành Phố Hồ Chí Minh,,Bìa mềm tay gấp,284,2024-06-28,Bamboo Books,available,1000,True,True,True
274198844,Để Hiểu Nghệ Thuật,289000,289000,0,0.0,0,0,Janetta Rebold Benton,NXB Thế Giới,Nhà Xuất Bản Thế Giới,,Bìa mềm,176,,info book,available,1000,True,True,True
439407,Sách Điều Kỳ Diệu Của Kí Ức,45000,45000,0,0.0,0,1,Lindsay Harrison - Sylvia Browne,VanLangBooks,Nhà Xuất Bản Thời Đại,,Bìa mềm,254,2011-06-10,Bamboo Books,available,1000,True,True,True
273847933,"Sách - Combo 3 cuốn sách Suối Thông: sống đời bình an, thả trôi phiền muộn, làm mới vườn tâm",290400,330000,12,5.0,1,3,Suối Thông,Saigon Books,Nhà Xuất Bản Thế Giới,,Bìa mềm,280,2023-08-01,Đảo Sách Store,available,1000,True,True,True
273238948,Phân Tích Tâm Lý Tội Phạm - Thế Giới Bên Trong Cái Ác,135000,135000,0,0.0,0,0,Trương Uý,NXB Dân Trí,Nhà Xuất Bản Dân Trí,,Bìa mềm,440,,Nhà Sách Phương Nam,available,1000,True,True,True
145551036,Combo 2 cuốn: Không Giới Hạn + Yêu Những Điều Không Hoàn Hảo ( Phát Triển Những Giới Hạn của Bản Thân/ Tặng kèm Bookmark),298500,298500,0,0.0,0,2,,Nhiều công ty phát hành,Nhiều Nhà Xuất Bản,,,,,AHABOOKS,available,1000,True,True,True
702722,Sách Can Đảm Biến Thách Thức Thành Sức Mạnh,88000,88000,0,5.0,2,29,Osho,First News - Trí Việt,Nhà Xuất Bản Thế Giới,,Bìa mềm,192,2017-06-28,Nhà Sách Vĩnh Thụy,available,1000,True,True,True
205694601,Tôi Đi Học (Tái bản năm 2021),76000,76000,0,0.0,0,1,Nguyễn Ngọc Ký,NXB Trẻ,NXB Trẻ,,Bìa mềm,176,,Nhà Sách Phương Nam,available,1000,True,True,True
253630010,Đi Tìm Lẽ Sống - Bản Quyền,83600,88000,5,0.0,0,3,,First News - Trí Việt,Nhà Xuất Bản Tổng Hợp,,,,,Bảo Châu Books,available,1000,True,True,True
277977644,Sách - Đắc Nhân Tâm - Bìa Cứng - Phiên Bản Tinh Gọn,116100,129000,10,0.0,0,0,Dale Carnegie,Thái Hà,Nhà Xuất Bản Công Thương,,Bìa mềm,,2023-12-21,Nhà sách Fahasa,available,1000,True,True,True
67694211,Sách Món Quà Cuộc Sống,41500,50000,17,5.0,2,10,Dr. Bernie S. Siegel,First News - Trí Việt,Nhà Xuất Bản Tổng hợp TP.HCM,,Bìa mềm,130,2020-09-15,Nhà sách Fahasa,available,1000,True,True,True
253290779,Làm sạch tâm hồn - Các bài tập thiền,69000,69000,0,0.0,0,0,,Sách điện tử Thái Hà,Nhiều Nhà Xuất Bản,,,,,HỆ THỐNG NHÀ SÁCH ABC,available,1000,True,True,True
277326896,"Phương pháp giáo dục giá trị sống, kĩ năng sống",65000,65000,0,0.0,0,3,,NXB Đại Học Sư Phạm,Nhà Xuất Bản Đại Học Sư Phạm,,,232,,NXB Đại học Sư phạm,available,1000,True,True,True
152040378,"Combo 2 cuốn: Ta bắt đầu cuộc đời mới, khi nhận ra mình chỉ sống một lần + Tuổi Trẻ Đáng Giá Bao Nhiêu ( Hạnh Phúc Mới/ Lẽ Sống Mới/ Tặng Kèm Bookmark)",194500,194500,0,0.0,0,1,,Nhã Nam,Nhà Xuất Bản Thế Giới,,,,,AHABOOKS,available,1000,True,True,True
222463053,Hiểu Và Ứng Dụng Nhanh - Triết Lý IKIGAI,128000,128000,0,0.0,0,7,Tim Tamashiro,Văn Lang,Nhà Xuất Bản Hồng Đức,,Bìa mềm,328,2023-02-01,Nhà sách NetaBooks,available,1000,True,True,True
556941,Sách Nghệ Thuật Làm Việc Cho Ra Kết Quả Của Toyota,125000,125000,0,0.0,0,0,Yoshihito Wakamatsu,NXB Phụ Nữ Việt Nam,Nhà Xuất Bản Phụ Nữ,,Bìa mềm,147,2016-11-04,Nhà Sách Vĩnh Thụy,available,1000,True,True,True
272407577,Sách Krishnamurti Nói Về Tình Yêu,112000,118000,5,0.0,0,0,"Jiddu Krishnamruti,  Hoàng Lan",Công ty TNHH Xuất bản Thiện Tri Thức,NXB Dân Trí,,Bìa mềm,224,,Sống Official,available,1000,True,True,True
205696904,Sống Hài Hòa Với Cảm Xúc (Tái bản năm 2022),99000,99000,0,5.0,1,5,Jigme Rinpoche,Nhà Xuất Bản Thế Giới,Nhà Xuất Bản Thế Giới,,Bìa mềm,153,,Nhà Sách Phương Nam,available,1000,True,True,True
274616634,"Combo 3 CuốnTriết Lý Nhân Sinh Trong Xử Thế Tam Đại Kỳ Thư: Thái Căn Đàm, Tiểu Song U Ký,Vi Lô Dạ Thoại - Vanlangbooks",398000,494000,19,0.0,0,12,,VanLangBooks,Nhà Xuất Bản Hồng Đức,,Bìa mềm,,,Văn Lang Official Store,available,1000,True,True,True
274387620,Tâm Lý Học Chia Tay,161200,168000,4,0.0,0,0,Tào Tuyết Mẫn,Nhã Nam,Nhà Xuất Bản Phụ Nữ,,Bìa mềm,372,2024-03-05,TYMBooks,available,1000,True,True,True
277931535,Khi Nào Điều Xấu Đến Với Người Tốt - Vanlangbooks,87000,108000,19,0.0,0,2,Harold S. Kushner,VanLangBooks,Nhà Xuất Bản Hồng Đức,,Bìa mềm,208,,Văn Lang Official Store,available,1000,True,True,True
278025327,Sách Dừng bàn lùi: Một cuộc đời không có chỗ cho kế hoạch B,150000,196000,23,0.0,0,6,Matt Higgins,Công ty CP Sách Bizbooks,Nhà Xuất Bản Hồng Đức,,Bìa mềm,360,2023-01-01,Tiki Trading,available,1000,False,True,True
273646769,Sách - Khéo Khôn Với Tiền - Tránh Những Ưu Phiền - Kim Đồng,150000,150000,0,0.0,0,0,,CÔNG TY TNHH THƯƠNG MẠI SÁCH NHÂN DÂN,Nhà Xuất Bản Kim Đồng,,,,,Nhà Sách Vĩnh Thụy,available,1000,True,True,True
274901204,Phép Tắc Người Con - Đệ Tử Quy,72200,85000,15,0.0,0,3,Lý Dục Tú,Nhà sách Minh Thắng,hong duc,,,,,Nhà sách Fahasa,available,1000,True,True,True
2540539,Sách Trái Tim Người Cha - Niềm Tin Vững Vàng Cho Trẻ Tự Kỷ,48100,58000,17,0.0,0,1,Nguyễn Thị Việt Hà,First News - Trí Việt,,,Bìa mềm,128,,Nhà sách Fahasa,available,1000,True,True,True
56753902,Sách Minh Đạo Nhân Sinh,140600,148000,5,0.0,0,2,Professor Michael Puett - Christine Gross-Loh,First News - Trí Việt,Nhà Xuất Bản Tổng hợp TP.HCM,,Bìa mềm,240,2020-06-24,Bảo Châu Books,available,1000,True,True,True
430589,Sách Chicken Soup For The Father's Soul - Cha - Điểm Tựa Đời Con,56000,56000,0,0.0,0,0,Jack Canfield - Mark Victor Hansen,First News - Trí Việt,Nhà Xuất Bản Tổng hợp TP.HCM,,Bìa mềm,170,2015-04-11,info book,available,1000,True,True,True
279127184,Triệt Tiêu Con Người,83600,88000,5,0.0,0,0,C. S. Lewis,First News - Trí Việt,NXB Dân Trí,,Bìa mềm,152,2026-01-24,Nhà sách NetaBooks,available,1000,True,True,True
146273657,Fear - Sợ Hãi,109000,109000,0,0.0,0,0,Thích Nhất Hạnh,Thái Hà,Nhà Xuất Bản Thế Giới,,,,,Nhà Sách Vĩnh Thụy,available,1000,True,True,True
250073758,Sách - Bàn Về Ham Muốn: Tại Sao Chúng Ta Muốn Thứ Mà Ta Muốn - Thái Hà Sach24h,169000,169000,0,0.0,0,0,,Thái Hà,Nhà Xuất Bản Công Thương,,Bìa mềm,,,HỆ THỐNG NHÀ SÁCH ABC,available,1000,True,True,True
217730456,Sách Hạt Giống Tâm Hồn 13 (Tái Bản),53200,76000,30,4.8,4,57,Nhiều tác giả,First News - Trí Việt,Nhà Xuất Bản Tổng hợp TP.HCM,,Bìa mềm,334,2023-06-26,Tiki Trading,available,1000,False,True,True
278462192,Tỉnh Thức - Bí Quyết Cân Bằng Cuộc Sống,128000,128000,0,0.0,0,0,Osho,First News - Trí Việt,NXB Dân Trí,,Bìa mềm,256,2025-08-05,Nhà sách NetaBooks,available,1000,True,True,True
214921112,Một Quyển Phong Hoa Đại Đường - Bản Quyền,139000,139000,0,0.0,0,0,,Skybooks,Nhà Xuất Bản Văn Học,,,,,info book,available,1000,True,True,True
174500478,Bí Mật Của May Mắn,68000,68000,0,0.0,0,1,,First News - Trí Việt,Nhà Xuất Bản Tổng hợp TP.HCM,,Bìa mềm,,,info book,available,1000,True,True,True
275822925,Sách - Cái Tôi Trong Tương Tác Xã Hội ,94250,145000,35,0.0,0,1,Erving Goffman,Bách Việt,Nhà Xuất Bản Phụ Nữ Việt Nam,,Bìa mềm,336,,Sách Bách Việt,available,1000,True,True,True
275220534,Hạnh Phúc Mỗi Ngày,128000,128000,0,0.0,0,2,Ajahn Brahm,First News - Trí Việt,Nhà Xuất Bản Dân Trí,,Bìa mềm,367,2024-06-07,Nhà sách NetaBooks,available,1000,True,True,True
8146266,"Combo 3 cuốn sách của Ajahn Brahm: Buông Bỏ Buồn Buông, Mở Cửa Trái Tim, Hạnh Phúc Đến Từ Sự Biến Mất  (Tặng kèm bookmark danh ngôn hình voi)",270000,270000,0,5.0,1,2,Ajahn Brahm,First News - Trí Việt,,,Bìa mềm,,,Bamboo Books,available,1000,True,True,True
276180296,"Chōwa - Ổn Định Nội Tâm, Sống Cân Bằng Như Người Nhật",179550,189000,5,0.0,0,0,,Phương Nam Book,Nhà Xuất Bản Thế Giới,,Bìa mềm,292,2024-09-18,Cá Chép Bookstore,available,1000,True,True,True
275161219,Hạnh Phúc Đích Thực - Áp Dụng Tâm Lý Học Tích Cực Để Đạt Được Sự Viên Mãn Lâu Dài,271000,271000,0,5.0,1,15,Martin E. P. Seligman,Công ty CP Xuất bản Khoa học và Giáo dục Thời Đại (TIMES BOOKS),Nhà Xuất Bản Dân Trí,,Bìa mềm,492,2024-05-30,Nhà sách NetaBooks,available,1000,True,True,True
76404429,Sách Quẳng gánh lo đi và vui sống - phiên bản bổ sung đầy đủ 30 chương,80000,100000,20,4.8,6,83,Dale Carnegie,Ecoblader,Nhà Xuất Bản Kinh Tế TPHCM,,Bìa mềm,328,2021-02-01,Tiki Trading,available,1000,False,True,True
355028,Sách 5 Ngôn Ngữ Tình Yêu - Dành Cho Trẻ Em (Tái Bản),128000,128000,0,0.0,0,12,Gary Chapman,First News - Trí Việt,NXB Trẻ,,Bìa mềm,288,2010-04-30,Hiệu Sách Tự Do,available,1000,True,True,True
278449006,Triết Lý Nhân Sinh,136080,189000,28,0.0,0,0,Bram Stoker,1980 Books,Nhà Xuất Bản Lao Động,,,,,1980 BOOKS HCM,available,1000,True,True,True
278744028,Sách Sức mạnh kỳ diệu của ý định có chủ đích - The Amazing Power of Deliberate Intent - Happy Live,249000,249000,0,0.0,0,8,"Esther Hicks, Jerry Hicks",CÔNG TY TNHH HAPPY LIVE,Nhà Xuất Bản Thế Giới,,Bìa mềm tay gấp,476,2025-09-30,HappyLive,available,1000,True,True,True
275032202,Đắc Nhân Tâm,68800,86000,20,0.0,0,0,Dale Carnegie,Alpha Books,NXB Dân Trí,,,,,Nhà sách Fahasa,available,1000,True,True,True
140221865,"Tự chủ với âu lo, tự do với cảm xúc",179000,189000,5,0.0,0,0,Tiến sĩ Judson Brewer,1980 Books,Nhà Xuất Bản Lao Động,,Bìa mềm,434,,Sống Official,available,1000,True,True,True
54380457,Sách Lối Sống Tối Giản Thời Công Nghệ Số,149000,149000,0,0.0,0,0,Cal Newport,Thái Hà,Nhà Xuất Bản Công Thương,,Bìa mềm,374,,Bamboo Books,available,1000,True,True,True
275858555,"Vẽ Đời Hạnh Phúc Bằng Nét Cọ Yêu Thương - Bí Quyết Giúp Phụ Nữ Xây Đắp Sự Nghiệp Thành Công, Gia Đình Viên Mãn",156000,199000,22,5.0,6,80,,Công ty TNHH Truyền Thông Giver,Nhà Xuất Bản Thế Giới,,,300,,GIVER BOOKS & MEDIA,available,1000,True,True,True
207256583,Sách Kỹ Năng Phát Triển Bản Thân,76230,99000,23,4.2,13,153,Kwon Min Chang,Bookland,Nhà Xuất Bản Dân Trí,,Bìa mềm,208,2022-12-01,Tiki Trading,available,1000,False,True,True
145499994,Sách Quẳng Gánh Lo Đi Và Vui Sống (Khổ Nhỏ) (Tái Bản 2021),44342,68000,35,5.0,110,870,Dale Carnegie,First News - Trí Việt,Nhà Xuất Bản Tổng hợp TP.HCM,,Bìa gập,376,2021-12-01,Tiki Trading,available,1000,False,True,True
263974715,"Tình Yêu, Hạnh Phúc Có Tồn Tại?",143100,159000,10,3.7,3,52,Guy Corneau,Phương Nam Book,Nhà Xuất Bản Phụ Nữ,,Bìa mềm,360,,Nhà Sách Phương Nam,available,1000,True,True,True
272407787,CON ĐƯỜNG HẠNH PHÚC,128000,128000,0,0.0,0,0,,Công Ty Cổ Phần Văn Hóa Huy Hoàng,Nhà Xuất Bản Thanh Niên,,,,,AHABOOKS,available,1000,True,True,True
275385520,Tâm Lý Học CBT Và ACT - Sống Tự Tin,95000,95000,0,0.0,0,1,Barbara Markway,NXB Thanh Hóa,,,Bìa mềm,230,,Nhà Sách Phương Nam,available,1000,True,True,True
277348580,"Sách Đừng để bệnh tật “dắt mũi” bạn: Sống khỏe mạnh, không âu lo",122000,159000,23,5.0,1,11,Karen Lynn Cassiday,Công ty CP Sách Bizbooks,Nhà Xuất Bản Hồng Đức,,Bìa mềm,272,2024-12-17,Tiki Trading,available,1000,False,True,True
513788,Sách Quẳng Gánh Lo Đi Và Vui Sống (Tái Bản 2016),86000,86000,0,4.5,2,7,Dale Carnegie,First News - Trí Việt,Nhà Xuất Bản Tổng hợp TP.HCM,,Bìa mềm,311,2016-06-16,info book,available,1000,True,True,True
278696704,Đạo Lý Cổ Nhân - Chí Tiến Thủ,179000,179000,0,5.0,1,1,Dương Thu Ái,1980 Books,Nhà Xuất Bản Lao Động,,Bìa mềm,323,2025-09-27,Nhà sách NetaBooks,available,1000,True,True,True
23236239,Mình nói gì khi nói về hạnh phúc và một ý niệm về hạnh phúc tặng sổ tay VDT,159350,159350,0,0.0,0,1,,Nhã Nam,,,Bìa mềm,,,AHABOOKS,available,1000,True,True,True
270104273,Cách Sống - Bản Quyền,99000,99000,0,0.0,0,2,,Thái Hà Book,Nhà Xuất Bản Thời Đại,,,,,Nhà Sách Vĩnh Thụy,available,1000,True,True,True
217548369,Sách - Tôi biết ơn - Tái tạo nguồn năng lượng vô tận trong bạn,179000,179000,0,5.0,2,62,,Công Ty TNHH Xuất bản và Giáo dục Mochibooks,Nhà Xuất Bản Lao Động,,Bìa mềm,222,2023-02-09,Nhà sách Mochibooks,available,1000,True,True,True
275872330,Bộ 11 Quyển Sách Của Osho - First News,1488000,1488000,0,0.0,0,1,Osho,First News - Trí Việt,Nhà Xuất Bản Tổng hợp TP.HCM,,Bìa mềm,5500,,HỆ THỐNG NHÀ SÁCH ABC,available,1000,True,True,True
279106467,Sách Nhật Ký Biết Ơn – Hành Trình Mở khóa hạnh phúc,79200,99000,20,0.0,0,1,Prithvi Madhukar,Skybooks,Nhà Xuất Bản Dân Trí,,Bìa mềm,200,,Tiki Trading,available,1000,False,True,True
276515152,Hoa Tâm Nở - Khai Mở Hoa Tâm – Xoay Chuyển Cuộc Đời,156000,199000,22,5.0,3,54,,Công ty TNHH Truyền Thông Giver,Nhà Xuất Bản Thế Giới,,Bìa mềm tay gấp,312,2024-11-11,GIVER BOOKS & MEDIA,available,1000,True,True,True
358750,Sách Cuộc Sống Không Giới Hạn - Câu Chuyện Diệu Kỳ Của Chàng Trai Đặc Biệt Nhất Hành Tinh,148000,148000,0,0.0,0,2,Nick Vujicic,First News - Trí Việt,Nhà Xuất Bản Tổng hợp TP.HCM,,Bìa cứng,416,2012-12-24,Nhà Sách Vĩnh Thụy,available,1000,True,True,True
252006871,Hygge - Hạnh Phúc Từ Những Điều Nhỏ Bé - Nghệ Thuật Sống Của Người Đan Mạch - FN ,90000,90000,0,0.0,0,3,Marie Tourell Söderberg,FIRST NEWS,Nhà Xuất Bản Tổng hợp TP.HCM,,Bìa mềm,250,,Hiệu Sách Tự Do,available,1000,True,True,True
200969769,Luật Định Thân - Ngày Hôm Nay Tôi Sinh Ra Lần Nữa,119000,119000,0,4.7,3,17,Phương Việt,Công Ty Cổ Phần Time Books,NXB Dân Trí,,Bìa mềm,208,2022-09-01,NHBook,available,1000,True,True,True
7491315,Combo Bạn Đắt Giá Bao Nhiêu + Khí Chất Bao Nhiêu - Hạnh Phúc Bấy Nhiêu (2 Cuốn),278000,278000,0,5.0,1,25,Vãn Tình,Bloom Books,Nhà Xuất Bản Thế Giới,,Bìa mềm,,,NHBook,available,1000,True,True,True
274713694,Thịnh Vượng - Con Đường Dẫn Đến Sự Giàu Có Và Sung Túc Từ Bên Trong,199000,199000,0,5.0,1,12,Deepak Chopra,NXB Thế Giới,Nhà Xuất Bản Thế Giới,,Bìa mềm,280,,Nhà Sách Phương Nam,available,1000,True,True,True
277994835,"SÁCH - Bộ sách Tác Giả Suối Thông - Làm mới vườn tâm, Sống đời bình an, Thả trôi phiền muộn",287100,330000,13,0.0,0,0,Suối Thông,Saigon Books,Nhà Xuất Bản Dân Trí,,Bìa mềm,256,2025-05-19,Zenbooks Official ,available,1000,True,True,True
273718964,Nghệ Thuật Yêu - Truy Vấn Về Bản Chất Tình Yêu,99000,129000,23,0.0,0,21,Erich Fromm,Omega Plus,Nhà Xuất Bản Thế Giới,,Bìa mềm,252,2020-07-01,Sống Official,available,1000,True,True,True
274140913,Lý Thuyết Trò Chơi,179000,179000,0,0.0,0,0,Trần Phách Hàm,NXB Dân Trí,Nhà Xuất Bản Dân Trí,,Bìa mềm,320,,Nhà Sách Phương Nam,available,1000,True,True,True
200725403,Trí Tuệ Do Thái,189000,189000,0,0.0,0,0,,Alphabooks,oem,,Bìa mềm,,,FishingBook,available,1000,True,True,True
340266,Sách Tại Sao Lại Chần Chừ? - Bản Mới 2011,64000,64000,0,0.0,0,0,Teo Aik Cher,First News - Trí Việt,NXB Trẻ,,Bìa mềm,160,2011-03-31,Nhà Sách Vĩnh Thụy,available,1000,True,True,True
225206269,OSHO Yêu - Being In Love - Yêu Trong Tỉnh Thức,168000,168000,0,0.0,0,0,,First News - Trí Việt,Nhà Xuất Bản Văn Hóa - Văn Nghệ TP.HCM,,,,,Nhà Sách Vĩnh Thụy,available,1000,True,True,True
264007273,Sách Nhã Nam - Công Thức Hạnh Phúc,88000,88000,0,0.0,0,0,,Nhã Nam,Nhà Xuất Bản Thế Giới,,,,,HỆ THỐNG NHÀ SÁCH ABC,available,1000,True,True,True
276065558,Trò Chơi Tâm Lý,209000,209000,0,0.0,0,0,Eric Berne,NXB Dân Trí,Nhà Xuất Bản Dân Trí,,Bìa mềm,348,,Nhà Sách Phương Nam,available,1000,True,True,True
272446347,Mindfullness - Sống Thức Tỉnh Và Thực Hành Chánh Niệm (TS.Ellen J. Langer),127000,159000,20,0.0,0,4,,Alpha Books,Nhà Xuất Bản Thế Giới,,Bìa mềm tay gấp,244,2023-10-05,Alpha Books Official,available,1000,True,True,True
57647463,Sách Nghệ Thuật Yêu - Truy Vấn Về Bản Chất Tình Yêu (Tái Bản 2020),99000,129000,23,0.0,0,10,Erich Fromm,Omega Plus,Nhà Xuất Bản Thế Giới,,Bìa mềm,252,2020-07-01,Alpha Books Official,available,1000,True,True,True
217085113,Sách Content Marketing - Content Chất Phất đời Sen,248000,248000,0,4.8,21,221,,NXB Công Thương,Nhà Xuất Bản Công Thương,,Bìa gập,300,2022-12-23,Nhung Cote,available,1000,True,True,True
205695228,"Đừng Để Cảm Xúc Hủy Hoại Bạn - Làm Chủ Cảm Xúc, Làm Chủ Cuộc Đời",88000,88000,0,0.0,0,4,Tâm Như Thủy,Nhà xuất bản Văn Học,Nhà Xuất Bản Văn Học,,Bìa mềm,180,,Nhà Sách Phương Nam,available,1000,True,True,True
274763628,​Liễu Phàm Tứ Huấn (Tái Bản 2024),71000,75000,5,0.0,0,2,Liễu Phàm,Thái Hà,Nhà Xuất Bản Lao Động,,Bìa mềm,124,2024-04-01,Sống Official,available,1000,True,True,True
134607508,"Sách -  Xé vài trang thanh xuân, đổi lấy một bản thân nỗ lực",96000,96000,0,0.0,0,0,,BIZBOOKS,Nhà Xuất Bản Hồng Đức,,Bìa mềm,231,2021-10-26,NHBook,available,1000,True,True,True
355118,Sách Hạnh Phúc Tại Tâm (The Happiness That Comes From Within) (Tái Bản),98000,98000,0,0.0,0,0,Osho,First News - Trí Việt,Nhà Xuất Bản Thời Đại,,Bìa mềm,252,2011-01-24,Bamboo Books,available,1000,True,True,True
271257451,Sách Muôn Kiếp Nhân Sinh 3 (Khổ Nhỏ) (Mới 2023),102000,102000,0,0.0,0,11,Nguyên Phong,First News - Trí Việt,Nhà Xuất Bản Tổng hợp TP.HCM,,Bìa mềm,,2023-08-17,Hiệu Sách Tự Do,available,1000,True,True,True
253272358,Gieo Trồng Hạnh Phúc (Tái Bản),119000,119000,0,0.0,0,0,,Sách điện tử Thái Hà,Nhà Xuất Bản Lao Động,,,,,Nhà Sách Vĩnh Thụy,available,1000,True,True,True
275161234,Flourish - Thăng Hoa,319000,319000,0,5.0,2,10,Martin E. P. Seligman,Công ty CP Xuất bản Khoa học và Giáo dục Thời Đại (TIMES BOOKS),Nhà Xuất Bản Dân Trí,,Bìa mềm,492,2024-05-30,Nhà sách NetaBooks,available,1000,True,True,True
273913591,Sách - Điểm đến cuộc đời (Đặng Hoàng Giang) (Ấn bản giới hạn nhân dịp ra mắt phim điện ảnh Memento Mori: Đất) - Nhã Nam Official,118000,118000,0,0.0,0,0,Đặng Hoàng Giang,Nhã Nam,Nhà Xuất Bản Hội Nhà Văn,,Bìa mềm,232,,Nhà Sách Vĩnh Thụy,available,1000,True,True,True
172476005,Sách - Hãy khiến tương lai biết ơn vì hiện tại bạn đã cố gắng hết mình,99000,99000,0,0.0,0,0,Bạch Tô,AZ Việt Nam,Nhà Xuất Bản Văn Học,,Bìa mềm,320,,HỆ THỐNG NHÀ SÁCH ABC,available,1000,True,True,True
277968646,Con Đường Tỉnh Thức,199000,199000,0,0.0,0,1,Tiến sĩ Hà Vĩnh Thọ,Nhã Nam,Nhà Xuất Bản Công Thương,,Bìa mềm,404,2025-05-14,Nhà sách NetaBooks,available,1000,True,True,True
276458853,38 Bức Thư Rockefeller Viết Cho Con Trai,138000,138000,0,0.0,0,1,Thanh Hương,NXB Văn Học,Nhà Xuất Bản Văn Học,,Bìa mềm,280,,Nhà Sách Phương Nam,available,1000,True,True,True
726418,Sách Người Việt Từ Nhà Ra Đường,52800,55000,4,5.0,1,9,Băng Sơn,Pandabooks,,,,249,2017-07-18,Nhà sách Fahasa,available,1000,True,True,True
8824864,Combo 365 ngày An Lạc & 365 ngày Yêu Thương,408000,598000,32,5.0,22,407,Thiền sư Thích Nhất Hạnh,PHANBOOK,Nhà Xuất Bản Hồng Đức,,,,,PHAN LỆ & FRIENDS,available,1000,True,True,True
273221759,Combo 7 Cuốn Sách Triết Lí Của Krishnamurti_FN,962000,962000,0,0.0,0,0,J Krishnamurti,First News - Trí Việt,Nhà Xuất Bản Tổng hợp TP.HCM,,Bìa mềm,,,info book,available,1000,True,True,True
90135315,Sách Sống Chất - Triết Lý Sống Của Huyền Thoại Y Học Nhật Bản,93000,99000,6,5.0,1,7,Shigeaki Hinohara,Thái Hà,Nhà Xuất Bản Thế Giới,,Bìa mềm,270,2021-04-15,Nhà sách Fahasa,available,1000,True,True,True
192692177,Chánh niệm từng phút giây: Nấu yêu thương nuôi dưỡng nhiệm mầu,99000,109000,9,0.0,0,4,Julia Ponsonby,Thái Hà,Nhà Xuất Bản Lao Động,,Bìa mềm,160,2022-07-27,THAIHABOOKS,available,1000,True,True,True
160591707,Trang Tử Tinh Hoa - Trang Tử Nam Hoa Kinh,330000,330000,0,0.0,0,0,,NXB Trẻ,NXB Trẻ,,,,,info book,available,1000,True,True,True
202891554,Sách Làm mát trái đất,58680,90000,35,4.7,3,135,Võ Diệu Thanh,Nhã Nam,Nhà Xuất Bản Dân Trí,,Bìa mềm,190,2022-11-01,Tiki Trading,available,1000,False,True,True
274880708,No Bad Parts - Không Có Phần Nào Xấu,151050,159000,5,0.0,0,0,Richard C. Schwartz Ph.D,Thái Hà,Nhà Xuất Bản Thế Giới,,Bìa mềm,300,2024-04-24,Cá Chép Bookstore,available,1000,True,True,True
271517616,Letting go: Lộ trình đi đến sự buông bỏ - Thái Hà Books,138000,179000,23,5.0,3,55,"David R. Hawkins MD, Ph.D",Thái Hà,Nhà Xuất Bản Thế Giới,,Bìa mềm,384,2023-09-04,THAIHABOOKS,available,1000,True,True,True
201686849,Combo 2Q Về Nghệ Thuật Sống Đẹp : Vượt Qua Tất Cả - Nghệ Thuật Sống Của Người Phần Lan + Vừa Đủ - Đẳng Cấp Sống Của Người Thụy Điển (Tặng Kèm Bookmark Bamboo Books),196000,196000,0,0.0,0,2,"Linnea Dunne,  Joanna Nylund",First News - Trí Việt,Nhà Xuất Bản Tổng hợp TP.HCM,,Bìa mềm,,,Bamboo Books,available,1000,True,True,True
251552261,Sách Bí Quyết Kiểm Soát Cơn Giận,98000,98000,0,0.0,0,1,Kuranari Hiroshi,VanLangBooks,,,Bìa mềm,198,2023-04-04,Bamboo Books,available,1000,True,True,True
270788021,Sách Chánh Niệm - Nghi Thức Phục Hồi Tâm Trí - Bản Quyền,90000,90000,0,0.0,0,0,,Skybooks,Nhà Xuất Bản Thanh Niên,,,,,Bamboo Books,available,1000,True,True,True
152559305,Khi Mọi Điểm Tựa Đều Mất,98000,98000,0,0.0,0,1,"Marci Shimoff, Carol Kline",FIRST NEWS,Nhà Xuất Bản Tổng hợp TP.HCM,,,,,Nhà Sách Vĩnh Thụy,available,1000,True,True,True
248637687,365 Lời Nhắn Từ Vãn Tình - Chúc Các Bạn Hạnh Phúc Như Ý _AZ,99000,99000,0,0.0,0,0,"Vãn Tình, Ngọc Thuỷ",AZ Việt Nam,Nhà Xuất Bản Thế Giới,,Bìa mềm,158,,Bamboo Books,available,1000,True,True,True
275188861,Hạnh Phúc Đích Thực - Áp Dụng Tâm Lý Học Tích Cực Để Đạt Được Sự Viên Mãn Lâu Dài,319000,319000,0,0.0,0,0,Martin E.P. Seligman,Công ty CP Xuất bản Khoa học và Giáo dục Thời Đại (TIMES BOOKS),Nhà Xuất Bản Dân Trí,,Bìa mềm,492,2024-06-01,Taurus 1987 Books,available,1000,True,True,True
160691645,Đọc Nhiều Nhớ Được Bao Nhiêu,118000,118000,0,0.0,0,0,,Zenbooks,Nhà Xuất Bản Dân Trí,,,,,Bamboo Books,available,1000,True,True,True
273942941,Sách Nghệ Thuật Sống Đẹp- Thưởng Thức Rượu Vang Như Một Chuyên Gia,350000,350000,0,0.0,0,0,,Nhã Nam,Nhà Xuất Bản Thế Giới,,,,,Bamboo Books,available,1000,True,True,True
275272044,Sách - 189 thông điệp chữa lành và nuôi dưỡng tâm hồn (Readbook) - 204 trang - Bìa mềm,99000,99000,0,0.0,0,0,,AZ Việt Nam,Nhà Xuất Bản Thế Giới,,Bìa mềm,204,,Bamboo Books,available,1000,True,True,True
277540476,Hạnh Phúc Bao Giờ Gọi Tên Ta,101200,110000,8,0.0,0,1,My Holland,Nhã Nam,Nhà Xuất Bản Thế Giới,,Bìa mềm,264,2025-03-20,Nhà sách NetaBooks,available,1000,True,True,True
262973016,Sống Toàn Tâm,118000,118000,0,0.0,0,0,,Văn Lang,Nhà Xuất Bản Hồng Đức,,Bìa mềm,320,2023-06-10,Nhà sách NetaBooks,available,1000,True,True,True
272030910,Sách - Cho và nhận (Give and Take) - Dám nghĩ lại (Think again)0,296000,296000,0,0.0,0,9,,FIRST NEWS,Nhà Xuất Bản Tổng hợp TP.HCM,,,,,NHBook,available,1000,True,True,True
274663942,Sách Bông Hồng Cài Áo,109000,129000,16,5.0,59,35,Thích Nhất Hạnh,Phương Nam Book,Nhà Xuất Bản Thế Giới,,Bìa mềm,116,2019-08-01,Tiki Trading,available,1000,False,True,True
262346613,"Sáng Hướng Nội, Tối Hướng Ngoại",89500,179000,50,5.0,1,13,,1980 Books,Nhà Xuất Bản Thanh Niên,,,,,1980Books Official,available,1000,True,True,True
167613525,Nghệ thuật giao tiếp để thành công,169000,169000,0,0.0,0,0,,Alphabooks,oem,,,,,Nhà Sách Vĩnh Thụy,available,1000,True,True,True
253305810,Những Lời Giáo Huấn Của Epictetus,239000,239000,0,0.0,0,1,,Sách điện tử Thái Hà,Nhà Xuất Bản Công Thương,,,,,HỆ THỐNG NHÀ SÁCH ABC,available,1000,True,True,True
276897999,Lối sống tối giản của người Nhật,119000,119000,0,0.0,0,0,Sasaki Fumio,CÔNG TY TNHH TMDV SÁCH LUẬT VIỆT,Nhà Xuất Bản Công Thương,,Bìa gập,288,2023-12-31,Luatvietbook,available,1000,True,True,True
216384548,Sách Đắc Nhân Tâm ( Bìa Cứng ),108000,108000,0,0.0,0,4,,FIRST NEWS,Nhà Xuất Bản Tổng hợp TP.HCM,,,,,NHBook,available,1000,True,True,True
113525957,Sách - Cái khó ló cái khôn - Cách người nghèo sống với 2 đô-la mỗi ngày,110000,110000,0,0.0,0,3,nhieu tac gia,NXB Tri Thức,Nhà Xuất Bản Tri Thức,,Bìa mềm,336,,NHBook,available,1000,True,True,True
9957032,Combo Sách tuổi trẻ đáng giá bao nhiêu và Nhà giả kim + tặng truyện song ngữ anh việt bìa mềm ngẫu nhiên,169000,169000,0,0.0,0,4,"Rosie Nguyễn, Paulo Coelho",Nhã Nam,Nhà Xuất Bản Hội Nhà Văn,,Bìa mềm,,,nha sach nguyet linh,available,1000,True,True,True
168924455,Sách Tâm Hồn Cao Thượng,150000,150000,0,0.0,0,2,Edmondo De Amicis,Nhã Nam,Nhà Xuất Bản Phụ Nữ,,Bìa mềm,432,2022-03-25,Bamboo Books,available,1000,True,True,True
252562427,(Ấn bản đặc biệt Hạt Giống Tâm Hồn) BẢN GIAO HƯỞNG CUỘC SỐNG - Nhiều tác giả – Lê Minh Đức dịch – First News – bìa mềm,218000,218000,0,0.0,0,0,,FIRST NEWS,NXB Tổng Hợp Thành Phố Hồ Chí Minh,,,,,Bamboo Books,available,1000,True,True,True
251447090,Hiếu Kinh - Khổng Tử,42700,45000,5,0.0,0,5,Khổng Tử,Công ty TNHH TM & DV Văn Hóa Hương Trang,Nhà Xuất Bản Hồng Đức,,Bìa mềm,120,2022-11-30,Chính Thông,available,1000,True,True,True
271295198,Sách 21 Ngày Tìm Kiếm Sự Thành Công Và Cảm Giác An Yên Trong Tâm Hồn,122000,122000,0,0.0,0,0,,BIZBOOKS,Nhà Xuất Bản Hồng Đức,,,,,NHBook,available,1000,True,True,True
93764196,Sách Em Học Điều Hay: Yêu Quý Bản Thân,49400,52000,5,0.0,0,0,Ngọc Phương,Huy Hoàng Bookstore,Nhà Xuất Bản Phụ Nữ Việt Nam,,Bìa mềm,64,2021-05-01,Nhà sách Fahasa,available,1000,True,True,True
14646634,Sách Khóe Miệng Vui Tươi – Cuộc Đời Đích Đáng,63700,98000,35,5.0,2,10,"Ryu Vội Vã,  Oopsy",Zenbooks,,,Bìa mềm,216,2019-04-01,Nhà sách Fahasa,available,1000,True,True,True
56800151,Sách Kho Báu Cuộc Đời - Làm Thế Nào Để Đạt Được 4 Mục Tiêu Cuộc Đời - Sức Khỏe + Hạnh Phúc + Giàu Có + Thành Đạt (Tái Bàn 2020),100800,182000,45,0.0,0,2,"Napoleon Hill, Jeffrey Gitomer",BIZBOOKS,Nhà Xuất Bản Hồng Đức,,Bìa mềm,343,,BizbooksJSC,available,1000,True,True,True
278629845,"Sách - Chuyện trong nhà - Giải tỏa những lo lắng, bất an trong đời sống gia đình",216000,239000,10,0.0,0,0,Kazuko Suzuki,Thái Hà,Nhà Xuất Bản Công Thương,,Bìa mềm,260,2025-09-11,THAIHABOOKS,available,1000,True,True,True
270825085,7 Chiến Lược Để Sống Sung Túc & Hạnh Phúc,93100,98000,5,0.0,0,1,Jim Rohn,First News - Trí Việt,NXB Tổng Hợp Thành Phố Hồ Chí Minh,,Bìa mềm,,2023-07-01,Bảo Châu Books,available,1000,True,True,True
167614405,Kéo Giãn Cơ Thể,125000,125000,0,0.0,0,2,,Thái Hà,oem,,,,,HỆ THỐNG NHÀ SÁCH ABC,available,1000,True,True,True
21661609,Sách Dare To Dream - Dám ước mơ ( Tái Bản ),83600,88000,5,0.0,0,16,Florence Littauer,First News - Trí Việt,Nhà Xuất Bản Tổng hợp TP.HCM,,Bìa mềm,240,2019-07-01,Bảo Châu Books,available,1000,True,True,True
167615325,Quẳng Gánh Lo Đi Và Vui Sống (Bìa Cứng),108000,108000,0,0.0,0,0,,First News - Trí Việt,oem,,,,,Bamboo Books,available,1000,True,True,True
253632110,Đắc Nhân Tâm (Khổ Lớn) -Bản Quyền,86000,86000,0,0.0,0,0,,First News - Trí Việt,Nhà Xuất Bản Tổng Hợp,,,,,HỆ THỐNG NHÀ SÁCH ABC,available,1000,True,True,True
278669382,Trở Về Từ Cõi Chết - Dying To Be Me,168000,168000,0,0.0,0,0,Anita Moorjani,First News - Trí Việt,Nhà Xuất Bản Dân Trí,,Bìa mềm,328,,BOOKCITY.VN,available,1000,True,True,True
254089764,J. Krishnamurti Đôi Điều Cần Suy Ngẫm - Bản Quyền,188000,188000,0,0.0,0,2,,First News - Trí Việt,Nhà Xuất Bản Dân Trí,,,,,NHBook,available,1000,True,True,True
120183650,Sách - Lối sống tối giản thời công nghệ số,149000,149000,0,0.0,0,0,,Thái Hà,nxb thanh nien,,,,,Nhà Sách Vĩnh Thụy,available,1000,True,True,True
167614075,OSHO - Can Đảm Là Chính Mình Trong Thế Giới Hiểm Nguy,88000,88000,0,0.0,0,0,,First News - Trí Việt,oem,,,,,Nhà Sách Vĩnh Thụy,available,1000,True,True,True
548639,Sách Chicken Soup For The Soul (Tập 14) - Quà Tặng Từ Trái Tim,60000,60000,0,0.0,0,0,Dan Clark,First News - Trí Việt,Nhà Xuất Bản Tổng hợp TP.HCM,,Bìa mềm,174,2016-09-29,Nhà Sách Vĩnh Thụy,available,1000,True,True,True
270254078,Gieo Trồng Hạnh Phúc,119000,119000,0,0.0,0,0,,Thái Hà,Nhà Xuất Bản Lao Động,,,,,Nhà Sách Vĩnh Thụy,available,1000,True,True,True
274367999,Cách Sống - Từ Bình Thường Trở Nên Phi Thường,84000,99000,15,0.0,0,0,Inamori Kazuo,Thái Hà,Nhà Xuất Bản Lao Động,,Bìa mềm,226,,Alpha Books Official,available,1000,True,True,True
277344979,Sách - Không mưu cầu hạnh phúc: Một hướng dẫn cho thực hành Pháp sơ khởi,134000,149000,10,0.0,0,10,Dzongsar Jamyang Khyentse,Thái Hà,Nhà Xuất Bản Lao Động,,Bìa mềm,284,2025-02-13,THAIHABOOKS,available,1000,True,True,True
224174848,Bí Mật Một Tâm Hồn Cuốn Hút,96000,96000,0,0.0,0,0,,First News - Trí Việt,Nhà Xuất Bản Đại Học Quốc Gia Hà Nội,,,,,Nhà Sách Vĩnh Thụy,available,1000,True,True,True
273260839,Một nghệ thuật sống - TS Thu Giang,75000,75000,0,0.0,0,1,Thu Giang Nguyễn Duy Cần,NXB Trẻ,NXB Trẻ,,Bìa mềm,118,,Nhà Sách Vĩnh Thụy,available,1000,True,True,True
273943537,Thực hành bốn thỏa ước - Làm chủ giấc mơ cuộc đời,130000,130000,0,0.0,0,0,,Sách điện tử Saigon Books,Nhà Xuất Bản Dân Trí,,,,,Nhà Sách Vĩnh Thụy,available,1000,True,True,True
230332614,Gieo Trồng Hạnh Phúc (Tái Bản),119000,119000,0,0.0,0,0,,Sách điện tử Thái Hà,Nhà Xuất Bản Lao Động,,,,,Nhà Sách Vĩnh Thụy,available,1000,True,True,True
276817908,"""Sách - Tâm Lý Học Lập Dị: Bí Mật Của Những Hành Vi Bất Thường """,129000,129000,0,0.0,0,1,,AZ Việt Nam,Nhà Xuất Bản Thế Giới,,Bìa mềm,250,,Nhà Sách Vĩnh Thụy,available,1000,True,True,True
272835114,21 Ngày Tìm Kiếm Sự Thành Công Và Cảm Giác An Yên Trong Tâm Hồn,122000,122000,0,0.0,0,0,Wayne W. Dyer,BIZBOOKS,Nhà Xuất Bản Hồng Đức,,Bìa mềm,160,2023-10-10,NHBook,available,1000,True,True,True
277364383,Điểm Đến Cuộc Đời - Đồng Hành Với Người Cận Tử Và Những Bài Học Cho Cuộc Sống,119000,119000,0,0.0,0,0,Đặng Hoàng Giang,Omega Plus,Nhà Xuất Bản Thế Giới,,Bìa mềm,228,2025-02-17,Nhà sách NetaBooks,available,1000,True,True,True
276521455,Sách A Hug For Not Giving Up - Gửi Cậu Một Cái Ôm Vì Đã Không Bỏ Cuộc - Phiên bản song ngữ Việt Anh,64780,79000,18,0.0,0,4,The Phan Tóc Quoăn,Công Ty Cổ Phần Time Books,NXB Dân Trí,,Bìa mềm,224,,SÁCH TIMEBOOKS,available,1000,True,True,True
249569854,Sách - Giá Như Được Hạnh Phúc Dẫu Cho Chẳng Rời Đi - AZbook,119000,119000,0,0.0,0,0,,Không có,Không có,,,,,Bamboo Books,available,1000,True,True,True
272575670,"Phần Đời Còn Lại, Hãy Làm Một Người Phụ Nữ Tự Tỏa Hào Quang",109000,109000,0,0.0,0,0,,Công Ty TNHH Văn Hóa Và Truyền Thông Skybooks Việt Nam,Nhà Xuất Bản Thế Giới,,,,,NHBook,available,1000,True,True,True
278022722,Vượt Qua Sang Chấn Tuổi Thơ,75000,75000,0,0.0,0,0,Betsy De Thierry,NXB Dân Trí,Nhà Xuất Bản Dân Trí,,Bìa mềm,112,,Nhà Sách Phương Nam,available,1000,True,True,True
274713704,Tâm Lý Học Ứng Dụng (Sách Trường Phương),115000,115000,0,0.0,0,0,,NXB Tri Thức,Nhà Xuất Bản Tri Thức,,Bìa mềm,202,,Nhà Sách Phương Nam,available,1000,True,True,True
269355711,"(Combo 2 Cuốn) Không Giới Hạn & Trở Về Không - Joe Vitale, Ihaleakala Hew Len - Tường Linh dịch - (bìa mềm)",328000,328000,0,0.0,0,0,"Joe Vitale, Ihaleakala Hew Len, nhieu tac gia",Phương Nam,Nhà Xuất Bản Tổng hợp TP.HCM,,Bìa mềm,644,2020-09-01,HỆ THỐNG NHÀ SÁCH ABC,available,1000,True,True,True
270127536,"Ho'oponopono: Sống như người Hawaii - Chấp nhận, biết ơn và tha thứ - Bản Quyền",109000,109000,0,0.0,0,0,,Thái Hà Book,Nhà Xuất Bản Công Thương,,,,,HỆ THỐNG NHÀ SÁCH ABC,available,1000,True,True,True
275826785,Gieo Dịu Dàng Ắt Hái Được Niềm Vui - 200 Trích Dẫn Song Ngữ Trung - Việt Có Phiên Âm - Bản Quyền,129000,129000,0,0.0,0,0,Cát,AZ Việt Nam,Nhà Xuất Bản Thế Giới,,Bìa mềm,224,2024-08-02,Bamboo Books,available,1000,True,True,True
263627539,"  Atomic Habits - Thay Đổi Tí Hon, Hiệu Quả Bất Ngờ (Tái bản năm 2023)",189000,189000,0,5.0,1,10,James Clear,Phương Nam Book,Nhà Xuất Bản Thế Giới,,Bìa mềm,385,,Nhà Sách Phương Nam,available,1000,True,True,True
76527759,1CM+,145000,145000,0,0.0,0,0,.,AZ Việt Nam,Nhà Xuất Bản Thế Giới,,,296,,SÁCH ĐẠI NAM,available,1000,True,True,True
130771072,Dám Bị Ghét,96000,96000,0,0.0,0,1,,Nhã Nam,Nhà Xuất Bản Dân Trí,,Bìa mềm,336,,Bamboo Books,available,1000,True,True,True
273524640,Sách Không hoàn hảo nhưng tự do và hạnh phúc,238000,238000,0,0.0,0,0,Christophe Andre,Nhã Nam,Nhà Xuất Bản Thế Giới,,Bìa mềm,583,,info book,available,1000,True,True,True
275385434,Kẻ Giấu Mình Trong Căn Phòng Tâm Lý,106000,106000,0,0.0,0,0,Hàn Tiếu,NXB Thế Giới,Nhà Xuất Bản Thế Giới,,Bìa mềm,264,,Nhà Sách Vĩnh Thụy,available,1000,True,True,True
275274549,Sách Yêu Bản Thân Như Yêu Hàng Hiệu,127200,159000,20,0.0,0,8,Từ Nguy,Blue.Books,Nhà Xuất Bản Văn Học,,Bìa mềm,364,,Tiki Trading,available,1000,False,True,True
209349588,10% Hạnh Phúc Hơn - 10% Happier - Bản Quyền,119000,149000,20,0.0,0,4,,Alphabooks,Nhà Xuất Bản Thanh Niên,,,,,Alpha Books Official,available,1000,True,True,True
173449304,Tâm Hồn Cao Thượng,150000,150000,0,0.0,0,0,Edmondo De Amicis,Nhã Nam,Nhà Xuất Bản Phụ Nữ,,,,,Bamboo Books,available,1000,True,True,True
255175348,Sống Tối Giản Phong Cách Thiền - Vanlangbooks,55000,68000,19,0.0,0,1,,Cty Văn Hóa Văn Lang,Nhà Xuất Bản Hồng Đức,,Bìa mềm,128,,Văn Lang Official Store,available,1000,True,True,True
275886508,Hải Trình Hiểu Mình - Cẩm Nang Cho Những Ai Muốn Dùng Mình Dụng Người,156000,199000,22,4.8,5,77,Nguyễn Hoàng Anh,Công ty TNHH Truyền Thông Giver,Nhà Xuất Bản Thế Giới,,Bìa mềm,300,2024-08-20,GIVER BOOKS & MEDIA,available,1000,True,True,True
59402592,Sách Niềm Tin Mở Lối,72800,80000,9,5.0,2,22,Joseph Murphy,Saigon Books,Nhà Xuất Bản Thế Giới,,Bìa mềm,136,,Nhà sách Fahasa,available,1000,True,True,True
162597519,"Xé vài trang thanh xuân, đổi lấy một bản thân nỗ lực",96000,96000,0,0.0,0,0,Văn Cát Nhi,BIZBOOKS,Nhà Xuất Bản Hồng Đức,,,231,,NHBook,available,1000,True,True,True
278844541,Sách Unibooks - The Happy Habit – Bí Mật Của Người Luôn Hạnh Phúc,69300,99000,30,0.0,0,0,Takashi Imai,Unibooks,Nhà Xuất Bản Hồng Đức,,,,,MCBooks,available,1000,True,True,True
278025338,Sách Đừng bao giờ theo đuổi đàn ông: 38 tuyệt chiêu làm chủ mối quan hệ với người khác phái,71000,71000,0,0.0,0,0,Bruce Bryans,Công ty CP Sách Bizbooks,Nhà Xuất Bản Hồng Đức,,Bìa mềm,123,2022-01-01,NHBook,available,1000,True,True,True
167614671,Ứng dụng chiến lược quân sự trong kinh doanh,89000,89000,0,0.0,0,0,,Thái Hà,oem,,,,,Bamboo Books,available,1000,True,True,True
276237953,Cho Đời Nhẹ Lên Cao,140000,140000,0,0.0,0,1,,NXB Trẻ,NXB Trẻ,,Bìa mềm,296,2024-09-24,Nhà sách NetaBooks,available,1000,True,True,True
841946,Sách Quẳng Gánh Lo Đi Và Vui Sống (Tái Bản 2016),86000,86000,0,0.0,0,2,Dale Carnegie,First News - Trí Việt,Nhà Xuất Bản Tổng hợp TP.HCM,,Bìa mềm,311,2016-06-16,Nhà Sách Vĩnh Thụy,available,1000,True,True,True
48266422,Sách Chicken Soup For The Soul: Sống Với Ước Mơ (Tái Bản),53200,76000,30,4.8,20,204,"Jack Canfield, Mark Victor Hansen",First News - Trí Việt,Nhà Xuất Bản Tổng hợp TP.HCM,,Bìa mềm,176,2020-02-02,Tiki Trading,available,1000,False,True,True
213915349,Hạt Giống Tâm Hồn 2,75000,75000,0,0.0,0,0,nhieu tac gia,First News - Trí Việt,Nhà Xuất Bản Tổng hợp TP.HCM,,Bìa mềm,144,,Hiệu Sách Tự Do,available,1000,True,True,True
75615229,Sách Quẳng Gánh Lo Đi Và Vui Sống (Tái Bản),79200,99000,20,0.0,0,0,Dale Carnegie,Omega Plus,Nhà Xuất Bản Dân Trí,,Bìa mềm,419,,Alpha Books Official,available,1000,True,True,True
100958444,Hạnh Phúc Cầm Tay (Tái Bản),99000,99000,0,0.0,0,0,Thich Nhất Hạnh,Thái Hà,Nhà Xuất Bản Lao Động,,Bìa mềm,209,2021-05-01,Nhà Sách Vĩnh Thụy,available,1000,True,True,True
167615175,Let's Enjoy Masterpieces  - Happy Reader - The Wizard Of Oz - Phù Thủy Xứ Oz,65000,65000,0,0.0,0,2,,First News - Trí Việt,oem,,,,,Bamboo Books,available,1000,True,False,True
467187,Sách Thân Mật - Cội Nguồn Của Hạnh Phúc,93000,98000,5,0.0,0,1,Osho,First News - Trí Việt,Nhà Xuất Bản Văn Hóa - Văn Nghệ,,Bìa mềm,247,2015-12-28,Alpha Books Official,available,1000,True,True,True
262426995,Muôn Kiếp Nhân Sinh (Bộ 3 Tập) - Nguyên Phong,555900,654000,15,0.0,0,0,Nguyên Phong,First News - Trí Việt,Nhà Xuất Bản Tổng hợp TP.HCM,,Bìa mềm,1488,,Bảo Châu Books,available,1000,True,True,True
252558755,Combo 9 cuốn của tác giả Nguyên Phong,1024000,1024000,0,0.0,0,0,,First News - Trí Việt,Nhà Xuất Bản Thế Giới,,Bìa mềm,,,HỆ THỐNG NHÀ SÁCH ABC,available,1000,True,True,True
111945017,Combo Muôn kiếp nhân sinh 1 (53160) (khổ nhỏ) + Muôn kiếp nhân sinh 2 (54570) (khổ nhỏ),246000,246000,0,5.0,19,133,Nguyên Phong,First News - Trí Việt,Nhiều Nhà Xuất Bản,,Bìa mềm,,2021-07-09,NHBook,available,1000,True,True,True
76732671,Sách Be Kind - Hãy Có Lòng Tốt,49000,49000,0,0.0,0,0,"Đức Đạt-Lai Lạt-Ma, Noriyuki Ueda",Thái Hà,Nhà Xuất Bản Lao Động,,Bìa mềm,100,2021-01-12,HỆ THỐNG NHÀ SÁCH ABC,available,1000,True,True,True
167614112,5 Ngôn Ngữ Yêu Thương - The Five Love Languages,128000,128000,0,0.0,0,2,,First News - Trí Việt,oem,,,,,info book,available,1000,True,True,True
2241839,"Combo 3 Cuốn: Sisu, Hygge Và Lagom",298000,298000,0,4.0,4,8,.,First News - Trí Việt,,,Bìa mềm,,,Nhà Sách Vĩnh Thụy,available,1000,True,True,True
532593,Sách Ping - Vượt Ao Tù Ra Biển Lớn,98000,98000,0,0.0,0,0,Stuart Avery Gold,First News - Trí Việt,Nhà Xuất Bản Tổng hợp TP.HCM,,Bìa mềm,,2016-08-02,info book,available,1000,True,True,True
250073957,Sách Combo Món quà của linh hồn Kế hoạch của linh hồn Thái Hà,458000,458000,0,0.0,0,1,Robert Schwartz,Thái Hà,Nhà Xuất Bản Hà Nội,,Bìa mềm,,,Nhà Sách Vĩnh Thụy,available,1000,True,True,True
246208978,Vươn Đến Sự Hoàn Thiện (Tái Bản),108000,108000,0,0.0,0,0,,First News - Trí Việt,Nhà Xuất Bản Tổng hợp TP.HCM,,,,,info book,available,1000,True,True,True
185435287,Sách Đẹp Mãi Những Tấm Lòng,121000,155000,22,5.0,1,1,Nhiều tác giả,NXB Trẻ,NXB Trẻ,,Bìa mềm,342,2022-06-06,Tiki Trading,available,1000,False,True,True
209379063,Sách - Hợp Nhất Với Vũ Trụ - Eckhart Tolle - Top 1 International Bestseller - First News - Tặng Kèm Bookmark Bamboo Books,88000,88000,0,0.0,0,0,Eckhart Tolle,First News - Trí Việt,Nhà Xuất Bản Tổng hợp TP.HCM,,Bìa mềm,76,,Bamboo Books,available,1000,True,True,True
190707479,FEAR - GONE series,236500,249000,5,0.0,0,0,Michael Grant,HarperCollins Publishers,HarperCollins Publishers,,Bìa mềm,,,Xunhasaba Thế giới Sách Ngoại văn,available,1000,True,True,True
277313973,Hero – Người Hùng – Rhonda Byrne,298000,298000,0,0.0,0,0,Rhonda Byrne,Công ty Cổ Phần Thiên Minh Book,Nhà Xuất Bản Thế Giới,,Bìa cứng,255,,Thiên Minh Book ,available,1000,True,True,True
230133445,KHI MỌI ĐIỂM TỰA ĐỀU MẤT,98000,98000,0,0.0,0,0,Marci Shimoff,Văn Lang,Nhà Xuất Bản Tổng hợp TP.HCM,,Bìa mềm,280,2023-02-24,info book,available,1000,True,True,True
273232099,Minh Triết Trong Đời Sống (Tái Bản),108000,108000,0,0.0,0,0,Darshani Deane,FIRST NEWS,Nhà Xuất Bản Tổng hợp TP.HCM,,Bìa mềm,288,,HỆ THỐNG NHÀ SÁCH ABC,available,1000,True,True,True
167613562,Toán không hề ngán,119000,119000,0,0.0,0,0,,Alphabooks,oem,,,,,info book,available,1000,True,True,True
262733954,Combo sách:  Hỏi nhỏ biết to - 8 cuốn,304000,320000,5,0.0,0,0,,Tinh Hoa,Nhà Xuất Bản Mỹ Thuật,,,,,Tinh Hoa,available,1000,True,True,True
253176232,Trí Tuệ Cổ Xưa Cho Lối Sống Hiện Đại,149000,149000,0,0.0,0,0,,Bloom Books,Nhà Xuất Bản Thế Giới,,,,,Bamboo Books,available,1000,True,True,True
203242936,"Sách  Bình tĩnh khi ế, mạnh mẽ khi yêu - Skybooks - BẢN QUYỀN",86000,86000,0,0.0,0,0,,Skybooks,Nhà Xuất Bản Hà Nội,,,,,Bamboo Books,available,1000,True,True,True
275148826,Chánh Niệm Trong Từng Khoảnh Khắc - Sống chánh niệm để Tâm bình Thân an - Rabbi Nilton Bonder; Trung Sơn dịch,118000,118000,0,0.0,0,0,Rabbi Nilton Bonder,Cty Văn Hóa Văn Lang,Nhà Xuất Bản Hồng Đức,,Bìa mềm tay gấp,216,2024-05-30,Bamboo Books,available,1000,True,True,True
272242745,Sách Flow Dòng Chảy,193800,228000,15,0.0,0,1,Mihaly Csikszentmihalyi,FIRST NEWS,Nhà Xuất Bản Dân Trí,,Bìa mềm,320,,Bảo Châu Books,available,1000,True,True,True
274098363,Sách - Giải mã hoóc-môn Dopamine - tác giả: Anna Lembke,174240,198000,12,5.0,2,11,Anna Lembke,Saigon Books,Nhà Xuất Bản Thế Giới,,Bìa mềm,348,2023-05-01,Đảo Sách Store,available,1000,True,True,True
276065556,Sức Mạnh Của Luật Hấp Dẫn,136000,136000,0,0.0,0,1,Louise Hay,NXB Dân Trí,Nhà Xuất Bản Dân Trí,,Bìa mềm,384,,Nhà Sách Phương Nam,available,1000,True,True,True
271144778,Nửa Gánh Suy Tư... - Hoàng Mạnh Hải - In lần 4 - (bìa mềm),153000,153000,0,0.0,0,12,,Công ty TNHH Văn Hóa Khai Tâm,Nhà Xuất Bản Tổng hợp TP.HCM,,Bìa mềm,252,2023-04-01,Bamboo Books,available,1000,True,True,True
278671716,Bóng Tối - Bản Ngã - Nhận Thức,269000,269000,0,0.0,0,0,nhieu tac gia,1980 Books,Nhà Xuất Bản Công Thương,,Bìa mềm,519,2025-09-19,Nhà sách NetaBooks,available,1000,True,True,True
278882233,Con Đường Ý Thức - Hành Trình Khai Phá Bản Ngã - Từ Giác Ngộ Đến Tự Do Nội Tại,179000,179000,0,0.0,0,0,David R. Hawkins,1980 Books,Nhà Xuất Bản Hà Nội,,Bìa mềm,251,2025-11-21,Nhà sách NetaBooks,available,1000,True,True,True
271013447,"Sách Mong Kẻ Phiêu Bạt Có Rượu Uống, Mong Người Cô Đơn Cất Tiếng Ca - Bản Quyền",111000,111000,0,0.0,0,0,,Công Ty TNHH Văn Hóa Và Truyền Thông Skybooks Việt Nam,Nhà Xuất Bản Thanh Niên,,,,,Nhà Sách Vĩnh Thụy,available,1000,True,True,True
275258042,Người Tối Giản - Bản Quyền,89000,89000,0,0.0,0,0,Phạm Quỳnh Giang,Alphabooks,Nhà Xuất Bản Lao Động,,Bìa mềm,200,2020-10-10,HỆ THỐNG NHÀ SÁCH ABC,available,1000,True,True,True
253367719,Cách sống: Từ bình thường trở nên phi thường,85000,85000,0,0.0,0,0,,Thái Hà Book,Nhà Xuất Bản Lao Động,,,,,Nhà Sách Vĩnh Thụy,available,1000,True,True,True
274713739,Nhân Cách Ẩn - Tính Cách Quyết Định Số Phận Như Thế Nào,135000,135000,0,0.0,0,0,Tăng Kỳ Phong,NXB Văn Học,Nhà Xuất Bản Văn Học,,Bìa mềm,308,,Nhà Sách Phương Nam,available,1000,True,True,True
276369381,Sổ Tay Tâm Lý Học: 100 Khám Phá Cơ Bản Về Tâm Trí Con Người,95000,95000,0,0.0,0,0,Trần Lâm,NXB Thế Giới,Nhà Xuất Bản Thế Giới,,Bìa mềm,208,,Nhà Sách Phương Nam,available,1000,True,True,True
136939556,Sách Sống An Nhiên Đời Bình Yên - 4O Bài Tập Và Công Thức Đơn Giản Thúc Đẩy Năng Lượng Tự Nhiên Trong Cơ Thể,52510,72000,27,5.0,12,118,Sandy Taikyu Kuhn Shimu,BIZBOOKS,Nhà Xuất Bản Hồng Đức,,Bìa mềm,107,2021-11-01,Tiki Trading,available,1000,False,True,True
146223851,Thói Quen Tốt Của Những Đứa Trẻ Chăm Ngoan - Kiên Cường Làm Tôi Mạnh Mẽ,64600,68000,5,0.0,0,2,Tuệ Minh,CÔNG TY CỔ PHẦN SÁCH TRÍ THỨC VIỆT,NXB Dân Trí,,,,,Nhà sách Fahasa,available,1000,True,True,True
278746863,Nước Ép Giảm Cân,114480,159000,28,0.0,0,0,Carey Avalon,1980 Books,Nhà Xuất Bản Hà Nội,,,,,1980Books Official,available,1000,True,True,True
277135698,"Tư Duy Như Một Triết Gia - Học Giả, Người Mơ Mộng Và Nhà Hiền Triết Có Thể  Dạy Chúng Ta Sống Như Thế Nào? (Peter Cave) - Omega Plus",159000,199000,20,0.0,0,0,,OMEGA PLUS+,Nhà Xuất Bản Thế Giới,,Bìa mềm,320,2025-01-21,Sống Official,available,1000,True,True,True
275264352,Sách Vượt qua sự phản bội: Đừng để tổn thương quá khứ hạn chế các mối quan hệ tương lai,114000,148000,23,0.0,0,5,Phil Waldrep,Công ty CP Sách Bizbooks,Nhà Xuất Bản Hồng Đức,,Bìa mềm,276,2024-02-01,Tiki Trading,available,1000,False,True,True
629043,Sách 50 Ghi Chép Ngắn Từ Lịch Sử Lâu Dài Của Hạnh Phúc,53600,89000,40,4.7,10,631,Tâm Phan,Alphabooks,,,Bìa mềm,102,2017-04-28,Tiki Trading,available,1000,False,True,True
6361713,Nghệ Thuật Thuyết Trình Giỏi,89000,89000,0,0.0,0,1,Philip Collins,Văn Lang,,,,232,2018-01-01,Bamboo Books,available,1000,True,True,True
8964426,Sách 365 ngày An Lạc,284000,299000,5,5.0,8,62,Thích Nhất Hạnh,PHANBOOK,,,,366,,Nhà sách Fahasa,available,1000,True,True,True
167613922,Cửa Hiệu Triết Học,198000,198000,0,0.0,0,0,,First News - Trí Việt,oem,,,,,Bamboo Books,available,1000,True,True,True
257763309,Combo Muôn Kiếp Nhân Sinh Phần 1 + 2 Bìa Cứng Nguyên Phong - Bản Quyền,566000,566000,0,0.0,0,0,,First News - Trí Việt,Nhà Xuất Bản Tổng hợp TP.HCM,,,,,HỆ THỐNG NHÀ SÁCH ABC,available,1000,True,True,True
132303716,Sách - Sống Không Rác - Thay Đổi Thế Giới Từ Những Điều Nhỏ Nhất,139000,139000,0,0.0,0,1,,Thái Hà,Nhà Xuất Bản Công Thương,,,,,Nhà Sách Vĩnh Thụy,available,1000,True,True,True
213920479,Muôn Kiếp Nhân Sinh tập 1  Khổ lớn (Bìa Cứng),228000,228000,0,5.0,2,19,Nguyên Phong,First News - Trí Việt,Nhà Xuất Bản Tổng hợp TP.HCM,,Bìa cứng,424,,Hiệu Sách Tự Do,available,1000,True,True,True
9794134,"Combo 2 cuốn: Trở Về Từ Xứ Tuyết, Bên Rặng Tuyết Sơn  ",201000,201000,0,0.0,0,1,"Swami Amar Jyoti, Nguyên Phong",First News - Trí Việt,,,Bìa mềm,,,info book,available,1000,True,True,True
278424388,Sách Happy Village - Cội Nguồn An Lạc: Lối Đến Những Ngôi Làng Hạnh Phúc,119500,159000,25,0.0,0,19,TS Hà Vĩnh Thọ,Thái Hà,Nhà Xuất Bản Công Thương,,Bìa mềm,308,,Tiki Trading,available,1000,False,True,True
954666,Hạt Giống Tâm Hồn 4 (Khổ Nhỏ),48000,48000,0,0.0,0,0,.,First News - Trí Việt,,,Bìa mềm,168,2014-10-07,Nhà Sách Vĩnh Thụy,available,1000,True,True,True
187297717,Sức Mạnh Của Sự Trầm Lắng,128000,128000,0,5.0,3,15,Joseph Murphy,First News - Trí Việt,NXB Dân Trí,,Bìa mềm,,2022-06-20,Nhà sách NetaBooks,available,1000,True,True,True
273465332,Trạm Đọc | Sách Bí Mật Của May Mắn (Khổ Lớn) (Tái Bản),68000,68000,0,0.0,0,0,Alex Rovira,First News - Trí Việt,Nhà Xuất Bản Tổng hợp TP.HCM,,Bìa mềm,,2023-11-01,Nhà Sách Vĩnh Thụy,available,1000,True,True,True
55509730,Combo 2 Cuốn Sách Tâm Linh Huyền Bí: Muôn Kiếp Nhân Sinh + Hoa Trôi Trên Sóng Nước (Bộ 2 Cuốn Sách Tôn Giáo Hay Nhất Của Nguyên Phong),245000,245000,0,0.0,0,7,Nguyên Phong,First News - Trí Việt,Nhà Xuất Bản Tổng hợp TP.HCM,,Bìa mềm,,,Nhà Sách Vĩnh Thụy,available,1000,True,True,True
184629945,Sách Bộ Bí Mật Của Nước (2 Cuốn),229000,229000,0,0.0,0,0,Masuro Emoto,Thái Hà,Nhà Xuất Bản Lao Động,,,444,2022-05-01,Nhà Sách Vĩnh Thụy,available,1000,True,True,True
275585527,Hiểu Về Trái Tim (Tái Bản 2023) - Minh Niệm,158000,158000,0,0.0,0,2,Minh Niệm,First News - Trí Việt,Nhà Xuất Bản Tổng hợp TP.HCM,,Bìa mềm,479,,ECOBOOK VN,available,1000,True,True,True
180715832,Flow - Dòng Chảy,193800,228000,15,0.0,0,1,Mihaly Csikszentmihalyi,First News - Trí Việt,Nhà Xuất Bản Đại Học Quốc Gia Hà Nội,,Bìa mềm,552,,Bảo Châu Books,available,1000,True,True,True
468077,"Sách Giảm ""Xóc"" Hành Trình Cuộc Đời",36400,52000,30,4.8,9,393,Phạm Thị Sen,First News - Trí Việt,Nhà Xuất Bản Tổng hợp TP.HCM,,Bìa mềm,171,2015-11-07,Tiki Trading,available,1000,False,True,True
4423943,Sách Nhẹ Tênh Giữa Dòng Đời,71100,79000,10,5.0,1,5,Thích Nhuận Đức,Thái Hà,Nhà Xuất Bản Lao Động,,Bìa mềm,330,2018-09-09,Nhà sách Fahasa,available,1000,True,True,True
550432,Sách Bí Mật Của May Mắn (Khổ Nhỏ),49000,49000,0,5.0,1,23,Alex Rovira -  Ferrnando Trias De Bes,First News - Trí Việt,Nhà Xuất Bản Tổng hợp TP.HCM,,Bìa mềm,144,2016-10-06,Hiệu Sách Tự Do,available,1000,True,True,True
392487,Sách Chicken Soup For The Soul 17 - Những Người Bạn Nhỏ (Tái Bản 2014),76000,76000,0,0.0,0,0,Jack Canfield,First News - Trí Việt,NXB Trẻ,,Bìa mềm,,2014-02-10,info book,available,1000,True,True,True
9999358,"Combo 2 cuốn: Sức mạnh của sự khích lệ,  Sức mạnh của ngôn từ ",137000,137000,0,5.0,3,12,"Ken Blanchard, Don Gabor",First News - Trí Việt,,,Bìa mềm,,,Nhà Sách Vĩnh Thụy,available,1000,True,True,True
215768912,Sách OSHO Yêu - Being In Love - Yêu Trong Tỉnh Thức,168000,168000,0,0.0,0,1,,First News - Trí Việt,Nhà Xuất Bản Văn Hóa - Văn Nghệ TP.HCM,,,,,NHBook,available,1000,True,True,True
48266442,Sách Hạt Giống Tâm Hồn 9 (Tái Bản),53200,76000,30,5.0,10,157,First News Tổng Hợp,First News - Trí Việt,Nhà Xuất Bản Tổng hợp TP.HCM,,Bìa mềm,176,2020-02-02,Tiki Trading,available,1000,False,True,True
381199,Sách Khổng Tử Tâm Đắc,96000,96000,0,0.0,0,1,Yu Dan,First News - Trí Việt,NXB Trẻ,,Bìa mềm,,2013-11-16,Bamboo Books,available,1000,True,True,True
132790390,Muôn Kiếp Nhân Sinh,168000,168000,0,5.0,9,120,Nguyên Phong,Công ty TNHH TM & DV Văn Hóa Hương Trang,Nhà Xuất Bản Văn Học,,Bìa mềm,408,2021-10-21,Bamboo Books,available,1000,True,True,True
54624608,Combo Sách Nghệ Thuật Thúc Đẩy Bản Thân: Giới Hạn Của Bạn Chỉ Là Xuất Phát Điểm Của Tôi + Khi Bạn Đang Mơ Thì Người Khác Đang Nỗ Lực - (Sách Nghệ Thuật Sống),201500,201500,0,3.7,3,20,.,Nhiều công ty phát hành,Nhiều Nhà Xuất Bản,,Bìa mềm,,,Phương Đông Books,available,1000,True,True,True
279160607,Trọn Vẹn Từng Giác Quan,137750,145000,5,0.0,0,0,"Norman Farb, Zindel Segal",NXB Trẻ,NXB Trẻ,,Bìa mềm,328,2026-02-04,Nhà sách NetaBooks,available,1000,True,True,True
278462780,"Sách - Bí mật phụ nữ khí chất, tự tin và thanh lịch (Tái bản)",268000,268000,0,5.0,1,3,Đặng Bảo Trâm,Công Ty TNHH Xuất bản và Giáo dục Mochibooks,Nhà Xuất Bản Lao Động,,Bìa cứng,,2025-08-05,Nhà sách Mochibooks,available,1000,True,True,True
274867662,Sách Thực Hành Sống Tối Giản,76230,99000,23,5.0,2,64,Lee Hye-lim,Bloom Books,Nhà Xuất Bản Thế Giới,,Bìa mềm,156,,Tiki Trading,available,1000,False,True,True
20325587,Combo 2 Cuốn Sách Đọc Vị Bất Kỳ Ai: Để Không Bị Lừa Dối Và Lợi Dụng + Áp Dụng Trong Doanh Nghiệp - (Tặng Kèm Bookmark Thiết Kế),184000,184000,0,5.0,1,9,TS. David J. Lieberman,Thái Hà,Nhà Xuất Bản Công Thương,,Bìa mềm,,,Nhà Sách Vĩnh Thụy,available,1000,True,True,True
251773501,Sách Nghệ Thuật Sống Vững Vàng - First News,142800,168000,15,5.0,4,94,Brad Stulberg,First News - Trí Việt,Nhà Xuất Bản Dân Trí,,Bìa mềm,336,,First News,available,1000,True,True,True
112222284,Con đường hạnh phúc,75000,75000,0,0.0,0,2,,Huy Hoàng Bookstore,Nhà Xuất Bản Thanh Niên,,Bìa mềm,,2021-07-11,Bamboo Books,available,1000,True,True,True
276523880,Sách Combo 2 Cuốn: Phụ Nữ Khí Chất Sẽ Tự Có Hào Quang + Sức Mạnh Của Sự Dịu Dàng - SBOOKS,232000,236000,2,5.0,1,12,,SBOOKS,Nhà Xuất Bản Văn Học,,Bìa mềm,464,2024-11-06,SBOOKS OFFICIAL,available,1000,True,True,True
278573064,Sách Nghệ Thuật Sống Trong Dòng Chảy Bốn Mùa,288000,450000,36,0.0,0,2,"Ngô Duy Cường, Nhiều tác giả",Thái Hà,Nhà Xuất Bản Hà Nội,,Bìa cứng,440,,Tiki Trading,available,1000,False,True,True
273465977,Trạm Đọc | Mở Cửa Trái Tim (Tái Bản),108000,108000,0,0.0,0,0,,First News - Trí Việt,Nhà Xuất Bản Tổng hợp TP.HCM,,Bìa mềm,,2023-11-01,HỆ THỐNG NHÀ SÁCH ABC,available,1000,True,True,True
252392131,Sách Bản Giao Hưởng Cuộc Sống - Những câu chuyện truyền cảm hứng hay nhất,218000,218000,0,0.0,0,0,Nhiều tác giả,First News - Trí Việt,Nhà Xuất Bản Tổng hợp TP.HCM,,Bìa mềm,536,2023-04-01,NHBook,available,1000,True,True,True
7412827,Combo Sách Nghệ Thuật Theo Đuổi Sự Tối Giản và Lối Sống Tối Giản Của Người Nhật ,219650,219650,0,3.4,5,32,"Sasaki Fumio, Greg McKeown",Nhiều công ty phát hành,Nhiều Nhà Xuất Bản,,Bìa mềm,,,AHABOOKS,available,1000,True,True,True
274577771,Nghệ Thuật Kết Nối Và Thu Phục Lòng Người - Bản Quyền,169000,169000,0,0.0,0,0,Dale Carnegie & Associates,1980 Books,NXB Dân Trí,,Bìa mềm,324,2023-04-15,Nhà Sách Vĩnh Thụy,available,1000,True,True,True
272425180,NHÂN GIAN ĐÁNG GIÁ,128000,128000,0,0.0,0,0,,Huy Hoàng Bookstore,Nhà Xuất Bản Thanh Niên,,,,,AHABOOKS,available,1000,True,True,True
249178584,"Combo 4 cuốn: CHO LÀ NHẬN – Tâm thanh tịnh, đời ắt an yên – Đại Sư Tinh Vân – Lê Minh Châu dịch – Bizbooks – NXB Hồng Đức (Bìa mềm)",368000,368000,0,0.0,0,0,,BIZBOOKS,Nhà Xuất Bản Hồng Đức,,Bìa mềm,,,NHBook,available,1000,True,True,True
974412,Đạo Làm Người,32300,34000,5,0.0,0,93,Hà Thuyên,Công Ty TNHH TM - DV Chính Thông,Nhà Xuất Bản Đồng Nai,,Bìa mềm,168,2008-06-01,Chính Thông,available,1000,True,True,True
10682806,Combo Luận Về Yêu + Sự An Ủi Của Triết Học + Nỗi Lo Âu Về Địa Vị + Proust Có Thể Thay Đổi Cuộc Đời Của Bạn Như Thế Nào,441100,459500,4,1.0,1,22,Alain de Botton,Nhã Nam,Nhà Xuất Bản Thế Giới,,Bìa mềm,,2018-01-01,AHABOOKS,available,1000,True,True,True
277348557,Sách Học cách làm bạn với cảm xúc: Hạnh phúc đến từ nội tâm,143000,186000,23,0.0,0,7,Tĩnh Bách Tâm Nhiên,Công ty CP Sách Bizbooks,Nhà Xuất Bản Hồng Đức,,Bìa mềm,340,2024-12-04,Tiki Trading,available,1000,False,True,True
215543700,[ấn bản hoài cổ 2023 Thu Giang Nguyễn Duy Cần] THUẬT XỬ THẾ CỦA NGƯỜI XƯA - Thu Giang Nguyễn Duy Cần - NXB Trẻ - bìa mềm,95000,95000,0,0.0,0,5,,NXB Trẻ,NXB Trẻ,,,,,Bamboo Books,available,1000,True,True,True
74173570,Sách Vươn Đến Sự Hoàn Thiện (Tái Bản),75600,108000,30,4.8,16,73,,First News - Trí Việt,Nhà Xuất Bản Tổng hợp TP.HCM,,Bìa mềm,264,,Tiki Trading,available,1000,False,True,True
270687048,Combo 3 cuốn Truth vs Falsehood + Healing and Recovery + Power vs Force,697000,697000,0,0.0,0,1,"David R. Hawkins MD, Ph.D",Thái Hà,Nhà Xuất Bản Thế Giới,,Bìa mềm,,2023-07-25,Bamboo Books,available,1000,True,True,True
277873829,Sải Cánh Như Những Chú Chim - Những Bài Học Nhỏ Để Có Nguồn Năng Lượng Tích Cực Bất Tận (Tặng Kèm Bookmark CÚ MÈO + SỔ TAY XƯƠNG RỒNG),70000,70000,0,0.0,0,1,,Nhà Xuất Bản Kim Đồng,Nhà Xuất Bản Kim Đồng,,,,,Nhà Sách Vĩnh Thụy,available,1000,True,True,True
215090028,"Bốn Thỏa Ước-Bí quyết sống tự do, bình an, hạnh phúc giữa thế giới bất định",130000,130000,0,0.0,0,0,,Sách điện tử Saigon Books,Nhà Xuất Bản Dân Trí,,,,,HỆ THỐNG NHÀ SÁCH ABC,available,1000,True,True,True
242656642,Self-Care - Tự Chăm Sóc Cuộc Sống - Yêu Thương Bản Thân,98000,98000,0,0.0,0,7,Skye Alexander,Văn Lang,,,Bìa mềm,176,2025-11-28,Nhà sách NetaBooks,available,1000,True,True,True
637579,Y Triết Phương Đông Và Phương Pháp Thực Dưỡng,52200,55000,5,5.0,16,650,George Ohsawa,Công Ty TNHH TM - DV Chính Thông,Nhà Xuất Bản Hồng Đức,,Bìa mềm,192,2017-01-01,Chính Thông,available,1000,True,True,True
273820730,Đắc Nhân Tâm - How To Win Friends And Influence People,80900,89000,9,0.0,0,4,Dale Carnegie,Cty Văn Hóa & Truyền Thông Trí Việt.,Nhà Xuất Bản Văn Học,,,,,Nhà sách Fahasa,available,1000,True,True,True
199006589,Cuốn sách: Người Bà Tài Giỏi Vùng Saga,128000,128000,0,0.0,0,5,,Huy Hoàng Bookstore,Nhà Xuất Bản Thanh Niên,,,,,Bamboo Books,available,1000,True,True,True
167614794,"Ho’oponopono: Sống Như Người Hawaii – Chấp Nhận, Biết Ơn Và Tha Thứ",92000,109000,16,0.0,0,0,,Thái Hà,oem,,,,,Alpha Books Official,available,1000,True,True,True
277933725,Lão Tử - Đạo Đức Kinh - Triết Lý Nhân Sinh Ứng Dụng Vào Cuộc Sống,128000,128000,0,0.0,0,3,Hiroshi Moriya,Văn Lang,Nhà Xuất Bản Thanh Hóa,,Bìa mềm,264,2025-04-30,Nhà sách NetaBooks,available,1000,True,True,True
58163975,Sách Sống Đủ,124200,135000,8,5.0,4,25,Azby Brown,Huy Hoàng Bookstore,Nhà Xuất Bản Thanh Niên,,Bìa mềm,310,2020-07-01,Nhà sách Fahasa,available,1000,True,True,True
167613925,Tỏa Sáng Nơi Công Sở,88000,88000,0,0.0,0,1,,First News - Trí Việt,oem,,,,,info book,available,1000,True,True,True
253635638,5 Ngôn Ngữ Yêu Thương (The Five Love Languages) - Bản Quyền,128000,128000,0,0.0,0,0,,First News - Trí Việt,Nhà Xuất Bản Tổng hợp TP.HCM,,,,,Nhà Sách Vĩnh Thụy,available,1000,True,True,True
193050640,Sách - Con Đường Chuyển Hóa -Thích Nhất Hạnh,89000,89000,0,0.0,0,8,Thích Nhất Hạnh,Không có,Nhà Xuất Bản Thế Giới,,,,,Bamboo Books,available,1000,True,True,True
257846902,SỐNG TỐI GIẢN PHONG CÁCH THIỀN - ,68000,68000,0,0.0,0,0,,Văn Lang,Nhà Xuất Bản Hồng Đức,,Bìa mềm,127,,Bamboo Books,available,1000,True,True,True
273641886,"TRẮC ẨN VỚI CHÍNH MÌNH - Kristin Neff, Christopher Germer - Nhiều dịch giả - (bìa mềm)",158000,158000,0,0.0,0,1,"Christopher Germer, Kristin Neff",Nhã Nam,Nhà Xuất Bản Tổng hợp TP.HCM,,Bìa mềm,400,2023-12-08,NHBook,available,1000,True,True,True
277558820,Thế Giới Tự Do Của Bậc Giác Ngộ - Đời Là Hư Vô,97000,97000,0,0.0,0,4,Sokyu Genyu,Văn Lang,Nhà Xuất Bản Hồng Đức,,Bìa mềm,176,2025-03-20,Nhà sách NetaBooks,available,1000,True,True,True
274840196,"Tâm Lý Tính Nữ: Hiểu Phụ Nữ, Hiểu Cả Thế Giới",109000,109000,0,0.0,0,0,Trương Tử Cầm,NXB Thế Giới,Nhà Xuất Bản Thế Giới,,Bìa mềm,248,,Nhà Sách Phương Nam,available,1000,True,True,True
137592635,Sách Là Phụ Nữ Phải Biết Sống Vui Vẻ,92000,92000,0,0.0,0,5,Dương Vũ,Nhà xuất bản Văn Học,Nhà Xuất Bản Văn Học,,Bìa mềm,236,2018-01-03,Nhà Sách Phương Nam,available,1000,True,True,True
278076722,Hạnh Phúc Đích Thực,319000,319000,0,0.0,0,0,,NXB Dân Trí,Nhà Xuất Bản Dân Trí,,Bìa mềm,534,,Nhà Sách Phương Nam,available,1000,True,True,True
177338128,Chọn Sống Hạnh Phúc,195000,195000,0,0.0,0,0,,Nhà Xuất Bản Đại Học Quốc Gia Hà Nội,Nhà Xuất Bản Đại Học Quốc Gia Hà Nội,,,,,FishingBook,available,1000,True,True,True
249569903,Sách - Mặc Kệ Thiên Hạ Sống Như Người Nhật - AZbook,79000,79000,0,0.0,0,0,,Không có,Không có,,,,,info book,available,1000,True,True,True
911396,Sách Buổi Sáng Diệu Kỳ,95000,119000,20,0.0,0,0,Hal Elrod,Alphabooks,Nhà Xuất Bản Lao Động,,Bìa mềm,268,2017-09-07,Omega Plus Books,available,1000,True,False,True
1367805,Sách Những Quy Tắc Trong Tình Yêu (Tái Bản 2018),111000,139000,20,0.0,0,0,Richard Templar,Alphabooks,Nhà Xuất Bản Lao Động,,Bìa mềm,330,2018-01-01,Omega Plus Books,available,1000,True,True,True
188535073,Sách Tối Giản Thông Thái,96000,96000,0,0.0,0,0,Tiểu Dã,Bookland,Nhà Xuất Bản Thanh Niên,,Bìa mềm,216,2022-06-06,Nam Long Books,available,1000,True,True,True
273935348,Tony Buzan - Sức Mạnh Của Trí Tuệ Xã Hội,50000,50000,0,0.0,0,0,,FIRST NEWS,Nhà Xuất Bản Tổng hợp TP.HCM,,,,,Nhà Sách Vĩnh Thụy,available,1000,True,True,True
207939061,OSHO - Yêu - Being In Love,168000,168000,0,0.0,0,0,Osho,FIRST NEWS,Nhà Xuất Bản Văn Hóa - Văn Nghệ,,Bìa mềm,350,2021-01-01,Nhà Sách Vĩnh Thụy,available,1000,True,True,True
274048799,Combo 2 Cuốn Về Yoga Hay- Lối Vào Kinh Yoga Sutras Của Patanjali - Một Bình Giải Về Chương “Samadhi Pada”+ Kinh Yoga Của Patanjali - Thầy Sri Sri Ravi Shankar Bình Giảng,138650,138650,0,0.0,0,0,,Nhã Nam,Nhiều Nhà Xuất Bản,,,,,AHABOOKS,available,1000,True,True,True
277174277,Chữa Lành Luân Xa,195000,195000,0,0.0,0,0,Kamlesh D. Patel,1980 Books,Nhà Xuất Bản Hồng Đức,,Bìa mềm,400,2025-01-22,Nhà sách NetaBooks,available,1000,True,True,True
278372085,Quyền Năng Thấu Cảm,189000,189000,0,0.0,0,0,Judith Orloff,Saigon Books,Nhà Xuất Bản Thế Giới,,Bìa mềm,380,2025-07-21,Nhà sách NetaBooks,available,1000,True,True,True
251405420,Hướng Dẫn Đơn Giản Để Sống Thọ - Vanlangbooks,79540,97000,18,0.0,0,0,David B. Agus,Cty Văn Hóa Văn Lang,,,Bìa mềm,216,2020-04-25,Văn Lang Official Store,available,1000,True,True,True
540257,Sách Ngắm Nhìn Tĩnh Tại,68000,83000,18,4.7,3,108,Nguyễn Duy Nhiên,Phương Nam Book,,,Bìa mềm,,2016-08-26,Tiki Trading,available,1000,False,True,True
276290630,Sách Im lặng không phải là lựa chọn,69000,100000,31,0.0,0,2,Stuart Lawrence,Chibooks,Nhà Xuất Bản Lao Động,,Bìa mềm,168,,Tiki Trading,available,1000,False,True,True
137425251,Sách The Story Of Art - Câu Chuyện Nghệ Thuật,959000,1199000,20,0.0,0,0,,Nhà Xuất Bản Dân Trí,Nhà Xuất Bản Dân Trí,,Bìa cứng,692,,Alpha Books Official,available,1000,True,True,True
982671,Sách Hạt Giống Yêu Thương,63900,68000,6,0.0,0,3,Jerry Braza,Huy Hoàng book,,,Bìa mềm,,2017-01-01,Nhà sách Fahasa,available,1000,True,True,True
262936762,Muôn Kiếp Nhân Sinh (Khổ nhỏ),98000,98000,0,0.0,0,2,Nguyên Phong,Phương Nam Book,NXB Tổng Hợp Thành Phố Hồ Chí Minh,,Bìa mềm,476,,Nhà Sách Phương Nam,available,1000,True,True,True
55643507,Combo Thay Đổi Cuộc Đời Bạn: Mọi Thứ Đều Có Thể Thay Đổi + Thay Đổi Câu Hỏi - Thay Đổi Cuộc Đời (Kỹ Năng Giải Quyết Xung Đột),233500,233500,0,4.8,5,29,.,First News - Trí Việt,Nhà Xuất Bản Tổng hợp TP.HCM,,Bìa mềm,,,AHABOOKS,available,1000,True,True,True
72646201,Sách QTCTG. 50 Vẫn Tươi - Hiểu Người Hiểu Đời,53000,70000,24,4.7,3,41,Clive Whichelow,NXB Trẻ,NXB Trẻ,,Bìa mềm,152,,Tiki Trading,available,1000,False,True,True
273203385,Sách -  Người tối giản - Thái Hà Books,95000,99000,4,0.0,0,0,Phạm Quỳnh Giang,Thái Hà,Nhà Xuất Bản Hà Nội,,Bìa mềm,,2023-11-02,TYMBooks,available,1000,True,True,True
274943922,Cuộc Đời Soi Tỏ - Chúng Ta Đánh Mất Và Tìm Thấy Chính Mình Như Thế Nào - TRE,150000,150000,0,0.0,0,0,Stephen Grosz,NXB Trẻ,NXB Trẻ,,Bìa mềm,304,,Nhà Sách Vĩnh Thụy,available,1000,True,True,True
255612255,Combo Đường về tỉnh thức + Minh đạo nhân sinh FirstNews,226000,226000,0,0.0,0,0,,First News - Trí Việt,Nhà Xuất Bản Dân Trí,,,,,info book,available,1000,True,True,True
215543448,[ấn bản hoài cổ 2023 Thu Giang Nguyễn Duy Cần] ÓC SÁNG SUỐT - Thu Giang Nguyễn Duy Cần - NXB Trẻ - bìa mềm,110000,110000,0,0.0,0,0,,NXB Trẻ,NXB Trẻ,,,,,Bamboo Books,available,1000,True,True,True
143185993,Sách Bài Học Từ Người Quét Rác (Tái Bản),76200,119000,36,5.0,5,44,Nguyễn Mạnh Hùng,Thái Hà,Nhà Xuất Bản Lao Động,,Bìa mềm,318,2021-11-01,Tiki Trading,available,1000,False,True,True
274069675,Đặng Nhật Minh Điện ảnh cuộc đời - TH105,89000,89000,0,0.0,0,2,,Nhà xuất bản Tổng hợp TP.HCM ,Nhà Xuất Bản Tổng hợp TP.HCM,,Bìa mềm,,,LITTLE BOOKS,available,1000,True,True,True
276818103,Sách - Nghệ Thuật Đánh Bại Burnout,85000,85000,0,0.0,0,0,,AZ Việt Nam,Nhà Xuất Bản Thế Giới,,Bìa mềm,250,,Nhà Sách Vĩnh Thụy,available,1000,True,True,True
277881359,Triết Lý Sống Của Người Nhật,138000,138000,0,0.0,0,0,Jo Peters,Văn Lang,Nhà Xuất Bản Hồng Đức,,Bìa mềm,176,2025-04-28,Nhà sách NetaBooks,available,1000,True,True,True
146403809,Combo 3 cuốn: Sách Không Giới Hạn - Khám Phá Ho'oponopono + Trở Về Không - Trải Nghiệm Ho'oponopono + Thất Lạc Cõi Người ( Hành Trình Đạo Thiền và Bản Ngã/ Tặng Kèm Bookmark),427000,427000,0,0.0,0,1,,Nhiều công ty phát hành,Nhiều Nhà Xuất Bản,,,,,HỆ THỐNG NHÀ SÁCH ABC,available,1000,True,True,True
216285781,SÁCH: Những mô hình Coach thành công nhất hiện nay (Excellence in coaching) - Tác giả Jonathan Passmore,200000,200000,0,0.0,0,9,,Saigon Books,Nhà Xuất Bản Thế Giới,,,,,Bamboo Books,available,1000,True,True,True
276224157,Soul Therapy - Từ Bình Tĩnh Tới Bình Yên,105000,105000,0,0.0,0,0,William Bloom,NXB Thanh Niên,Nhà Xuất Bản Thanh Niên,,Bìa mềm,216,,Nhà Sách Phương Nam,available,1000,True,True,True
270712461,Lão Tử Tinh Hoa Trí Tuệ Qua Danh Ngôn,96000,96000,0,0.0,0,2,Hoàng Thần Thuần,NXB Hồng Đức,Nhà Xuất Bản Hồng Đức,,Bìa mềm,222,,Nhà Sách Phương Nam,available,1000,True,True,True
194463281,"Combo 2 Cuốn: Thấu Hiểu Chính Mình + Yêu Mình Trước Đã, Yêu Đời Để Sau",174500,174500,0,0.0,0,0,,Nhiều công ty phát hành,Nhiều Nhà Xuất Bản,,,,,AHABOOKS,available,1000,True,True,True
86956140,Gian Nan Đừng Vội Nản - Tuệ Tâm (Tủ sách Trí Tuệ),78000,78000,0,0.0,0,0,,SBOOKS,Nhà Xuất Bản Dân Trí,,Bìa mềm,152,,TIỆM SÁCH KHAI TÂM,available,1000,True,True,True
167614771,15 Nguyên Tắc Vàng Về Phát Triển Bản Thân,151000,189000,20,0.0,0,1,,Alphabooks,oem,,,,,Alpha Books Official,available,1000,True,True,True
129911447,Sách Nương Theo Dòng Chảy Tâm Trí,88000,128000,31,5.0,20,170,Tom Moegele,Huy Hoàng Bookstore,Nhà Xuất Bản Dân Trí,,Bìa mềm,296,2021-10-10,Tiki Trading,available,1000,False,True,True
277386715,How To Sit - Ngồi Sao Cho Yên Ổn (Sách Bỏ Túi),65000,75000,13,0.0,0,2,Thích Nhất Hạnh,PHANBOOK,Nhà Xuất Bản Dân Trí,,Bìa mềm,132,,PHAN LỆ & FRIENDS,available,1000,True,True,True
53233846,Sách Sống Đẹp - Điều Kỳ Diệu Của Cuộc Sống,28100,40000,30,0.0,0,3,.,Tân Việt,Nhà Xuất Bản Hà Nội,,Bìa mềm,191,2019-01-01,Tiki Trading,available,1000,False,True,True
278610084,Sách - Giải Mã Hạnh Phúc,229000,239000,4,0.0,0,1,Jonathan Haidt,Phương Nam,Nhà Xuất Bản Thế Giới,,Bìa mềm,384,,Nhân Văn,available,1000,True,True,True
270511344,Học Mạnh Tử Cách Đối Nhân Xử Thế - Đạo Làm Người,134300,179000,25,0.0,0,20,,BIZBOOKS,Nhà Xuất Bản Hồng Đức,,,,,NVP,available,1000,True,True,True
277540375,Vẻ Đẹp Của Cuộc Sống,139000,139000,0,0.0,0,0,J. Krishnamurti,Nhã Nam,Nhà Xuất Bản Tổng hợp TP.HCM,,Bìa mềm,264,2025-03-20,Nhà sách NetaBooks,available,1000,True,True,True
275264325,Sách Thuật toán cuộc đời: Khi tư duy quyết định số phận,182000,238000,24,0.0,0,21,Dư Anh Chính,Công ty CP Sách Bizbooks,Nhà Xuất Bản Hồng Đức,,Bìa mềm,352,2024-01-01,Tiki Trading,available,1000,False,True,True
48266437,Sách Hạt Giống Tâm Hồn 14 - Góc Nhìn Diệu Kỳ Của Cuộc Sống (Tái Bản),53200,76000,30,5.0,18,115,First News Tổng Hợp,First News - Trí Việt,Nhà Xuất Bản Tổng hợp TP.HCM,,Bìa mềm,152,2020-02-02,Tiki Trading,available,1000,False,True,True
787546,Sách Nhà Máy Sản Xuất Niềm Vui,52800,55000,4,0.0,0,9,Nguyễn Mạnh Hùng,Thái Hà,,,Bìa mềm,234,2017-08-09,Nhà sách Fahasa,available,1000,True,True,True
262427031,Muôn Kiếp Nhân Sinh (Bộ 3 Tập) - Nguyên Phong,654000,654000,0,5.0,1,2,Nguyên Phong,First News - Trí Việt,Nhà Xuất Bản Tổng hợp TP.HCM,,Bìa mềm,1488,,NHBook,available,1000,True,True,True
355030,Sách Vượt Lên Những Chuyện Nhỏ Trong Tình Yêu (Tái Bản 2011),32940,54000,39,5.0,3,135,Richard Carlson Kristine,First News - Trí Việt,,,Bìa mềm,224,2011-12-31,Tiki Trading,available,1000,False,True,True
791660,Sách Chicken Soup For The Soul - Những Người Bạn Nhỏ,60000,60000,0,0.0,0,0,"Jack Canfield, Mark Victor Hansen",First News - Trí Việt,Nhà Xuất Bản Tổng hợp TP.HCM,,Bìa mềm,176,2017-08-01,Nhà Sách Vĩnh Thụy,available,1000,True,True,True
278059147,Hạnh Phúc Tuổi Trẻ - Trưởng Thành Bằng Yêu Thương,68000,68000,0,0.0,0,0,J. Krishnamurti,First News - Trí Việt,Nhà Xuất Bản Dân Trí,,Bìa mềm,132,,BOOKCITY.VN,available,1000,True,True,True
72290300,Sách Hạt Giống Tâm Hồn 15: Luôn Là Chính Mình (Tái Bản 2020),74100,78000,5,0.0,0,0,First News Tổng Hợp,First News - Trí Việt,Nhà Xuất Bản Tổng hợp TP.HCM,,Bìa gập,168,2020-11-15,Bảo Châu Books,available,1000,True,True,True
33506009,Sách Tâm Hồn Cao Thượng (Tái Bản),134300,158000,15,4.8,23,279,Edmondo De Amicis,First News - Trí Việt,nxb van hoc,,Bìa mềm,414,2019-09-01,First News,available,1000,True,True,True
278424188,Quẳng Gánh Lo Đi Và Vui Sống (Sách Bỏ Túi),94900,129000,26,0.0,0,1,Dale Carnegie,Thái Hà,Nhà Xuất Bản Công Thương,,Bìa mềm,368,,Tiki Trading,available,1000,False,True,True
277409581,Sách -Từ Ngày Mai Hãy Làm Người Hạnh Phúc,118000,118000,0,0.0,0,0,Toái Toái,AZ Việt Nam,Nhà Xuất Bản Phụ Nữ Việt Nam,,,280,,Nam Long Books,available,1000,True,True,True
188321479,"Combo 2 cuốn Sách Nghệ Thuật Sống Đẹp : Dòng Chảy + Ho’Oponopono: Sống Như Người Hawaii – Chấp Nhận, Biết Ơn Và Tha Thứ",306500,306500,0,5.0,1,13,,Nhiều công ty phát hành,Nhiều Nhà Xuất Bản,,,,,Phương Đông Books,available,1000,True,True,True
273710530,Cách Mạng Liệu Pháp Thư Giãn,289000,289000,0,4.0,1,53,,PHANBOOK,Nhà Xuất Bản Lao Động,,Bìa mềm,,2023-12-25,Nhà sách NetaBooks,available,1000,True,True,True
146393177,Combo 3 cuốn: Thất Lạc Cõi Người + Muôn Kiếp Nhân Sinh tập 1 + Ám Ảnh Từ Kiếp Trước - Bí Mật Của Sự Sống Và Cái Chết ( Bộ sách Bán Chạy Nhất Về Kiếp Sống Con Người/ Tặng Kèm Bookmark),350000,350000,0,0.0,0,0,,Nhiều công ty phát hành,Nhiều Nhà Xuất Bản,,,,,SÁCH ĐẠI NAM,available,1000,True,True,True
277968696,Dám Hạnh Phúc,125000,125000,0,0.0,0,0,"Kishimi Ichiro, Koga Fumitake",Nhã Nam,Nhà Xuất Bản Dân Trí,,Bìa mềm,297,2025-05-14,Nhà sách NetaBooks,available,1000,True,True,True
275398662,Cảm Thụ Nghệ Thuật: Đọc Hiểu Công Trình Kiến Trúc + Đọc Hiểu Tác Phẩm Hội Họa - Bản Quyền,188000,235000,20,0.0,0,0,,Alphabooks,NXB Dân Trí,,Bìa mềm,260,2024-06-24,Sống Official,available,1000,True,True,True
278469299,Giải Mã Hạnh Phúc,239000,239000,0,0.0,0,0,Jonathan Haidt,Phương Nam Book,Nhà Xuất Bản Thế Giới,,Bìa mềm,384,2025-08-07,Nhà sách NetaBooks,available,1000,True,True,True
161663172,999 Lá Thư Gửi Cho Chính Mình - Mong Bạn Trở Thành Phiên Bản Hạnh Phúc Nhất - Tập 2,129000,129000,0,0.0,0,0,,AZ Việt Nam,Nhà Xuất Bản Thanh Niên,,,,,info book,available,1000,True,True,True
270126586,"Power vs Force - Trường năng lượng và những nhân tố quyết định tinh thần, sức khỏe con người - Bản Quyền",179000,179000,0,0.0,0,0,,Thái Hà Book,Nhà Xuất Bản Thế Giới,,,,,HỆ THỐNG NHÀ SÁCH ABC,available,1000,True,True,True
276264291,Nước Bùn Vẫn Trong,118000,118000,0,0.0,0,7,Nguyễn Duy Nhiên,PHANBOOK,Nhà Xuất Bản Phụ Nữ Việt Nam,,Bìa mềm,192,2024-09-27,Nhà sách NetaBooks,available,1000,True,True,True
274118054,"Chào Ngày Mới, Chúc Bình An",88000,88000,0,0.0,0,0,Tủ Sách Chữa Lành,NXB Thế Giới,Nhà Xuất Bản Thế Giới,,Bìa mềm,200,,Nhà Sách Phương Nam,available,1000,True,True,True
207256577,Sách Sống trong thế giới đàn ông (Tái bản lần thứ 4 & có bổ sung),129000,129000,0,0.0,0,4,Vũ Nguyễn Hà Anh,Bloom Books,Nhà Xuất Bản Thế Giới,,Bìa mềm,274,2022-12-01,Nhà Sách Vĩnh Thụy,available,1000,True,True,True
192474347,Sách Mình Nói Gì Khi Nói Về Hạnh Phúc ( Tái Bản),53583,75000,29,4.8,24,244,Rosie Nguyễn,Nhã Nam,Nhà Xuất Bản Hội Nhà Văn,,Bìa cứng,196,2022-07-01,Tiki Trading,available,1000,False,True,True
600510,Sách Câu Chuyện Nhỏ - Bài Học Lớn,50700,78000,35,5.0,1,15,,VanLangBooks,,,Bìa mềm,224,2017-03-01,Văn Lang Official Store,available,1000,True,True,True
167614176,Giải Mã Siêu Trí Tuệ - The Code Of The Extraordinary Mind,135000,169000,20,0.0,0,2,,Alphabooks,oem,,,,,Alpha Books Official,available,1000,True,True,True
1710723,Phương Pháp Đọc Sách Hiệu Quả (Tái Bản 2018),143000,179000,20,5.0,3,28,Mortimer J.Adler & Charles Van Doren,Alphabooks,Nhà Xuất Bản Lao Động Xã Hội,,Bìa mềm,360,2018-03-30,Alpha Books Official,available,1000,True,True,True
276344682,Sách Người thấu cảm: Món quà của tạo hoá,120000,156000,23,5.0,1,8,Kristen Schwartz,Công ty CP Sách Bizbooks,Nhà Xuất Bản Hồng Đức,,Bìa mềm,260,2024-07-30,Tiki Trading,available,1000,False,True,True
203155991,"Sách Yêu mình trước đã, yêu đời để sau - Skybooks - BẢN QUYỀN",109000,109000,0,0.0,0,0,,Skybooks,Nhà Xuất Bản Hà Nội,,,,,Bamboo Books,available,1000,True,True,True
3211215,Sách Tôn Tử Binh Pháp Và 36 Kế (Bìa Mềm),128000,133350,4,4.8,8,36,"Trần Trường Minh, Phạm Hồng",Nhà sách Minh Thắng,Nhà Xuất Bản Hồng Đức,,Bìa mềm,536,2018-07-03,AHABOOKS,available,1000,True,True,True
486495,Sách Hạt Giống Tâm Hồn - Để Có Một Tâm Hồn Đẹp (Tái Bản 2016),80000,80000,0,0.0,0,1,Edward de Bono,First News - Trí Việt,Nhà Xuất Bản Tổng hợp TP.HCM,,Bìa mềm,255,2016-03-07,Nhà Sách Vĩnh Thụy,available,1000,True,True,True
272222239,Muôn Kiếp Nhân Sinh 3 (Bìa Cứng) - Nguyên Phong,244800,288000,15,0.0,0,2,Nguyên Phong,First News - Trí Việt,NXB Tổng Hợp Thành Phố Hồ Chí Minh,,Bìa cứng,438,2023-09-22,Bảo Châu Books,available,1000,True,True,True
21281264,Đàn Ông Sao Hỏa Đàn Bà Sao Kim (Tặng kèm Bookmark Happy Life),188000,188000,0,0.0,0,0,John Gray,BIZBOOKS,Nhà Xuất Bản Hồng Đức,,Bìa mềm,488,,Nhà Sách Vĩnh Thụy,available,1000,True,True,True
424995,Sách 10 Nghịch Lý Cuộc Sống (Tái Bản 2014),64000,64000,0,0.0,0,0,Kent M. Keith Ph. D.,First News - Trí Việt,NXB Trẻ,,Bìa mềm,186,2014-12-09,info book,available,1000,True,True,True
19564020,Combo Sách Kỹ Năng Sống: Người Nam Châm - Bí Mật Của Luật Hấp Dẫn + Ba Người Thầy Vĩ Đại + Nhà Gỉa Kim (Tặng kèm bookmark thiết kế) - Combo Sách Nuôi Dưỡng Tâm Hồn,273000,273000,0,0.0,0,0,"Paulo Coelho, Robin Sharma, Jack Canfield & DD.Watkins",Thái Hà,Nhà Xuất Bản Lao Động,,Bìa mềm,,,HỆ THỐNG NHÀ SÁCH ABC,available,1000,True,True,True
274912663,Sách - Osho Phụ Nữ - The Book Of Women ( TH),109000,109000,0,0.0,0,0,,Nhà Sách Hồng Ân,ha noi,,Bìa mềm,258,,Bảo Châu Books,available,1000,True,True,True
249290629,Gửi Người Yêu Dấu -  David Deida,228000,228000,0,5.0,1,5,,PHANBOOK,Nhà Xuất Bản Phụ Nữ Việt Nam,,Bìa mềm,268,2023-03-30,Nhà sách NetaBooks,available,1000,True,True,True
201691946,"Khí Chất Bao Nhiêu, Hạnh Phúc Bấy Nhiêu (AZ) ",139000,139000,0,0.0,0,1,,AZ Việt Nam,Nhà Xuất Bản Thế Giới,,Bìa mềm,,,Bamboo Books,available,1000,True,True,True
167614976,Cú Sốc - Hành Trình Giành Lại Sự Sống Của Một Bác Sĩ,159000,159000,0,0.0,0,0,,Alphabooks,oem,,,,,HỆ THỐNG NHÀ SÁCH ABC,available,1000,True,True,True
274742899,Phong Cách Sống Tối Giản - Đơn Giản Là Đỉnh Cao Của Sự Phức Tạp,78000,78000,0,0.0,0,0,,Văn Lang,,,Bìa mềm tay gấp,160,2024-04-10,Bamboo Books,available,1000,True,True,True
275018336,Cuốn Sách Khám Phá Tâm Lý Hay: Đọc Vị Tâm Lý Đàn Ông,149000,149000,0,0.0,0,2,,1980 Books,Nhà Xuất Bản Lao Động,,,,,Bamboo Books,available,1000,True,True,True
273736031,"Yêu Nhà, Nghiện Sạch- Cuốn Sách Về Việc Dọn Dẹp Tâm Trí Để Sống Đẹp",129000,129000,0,0.0,0,0,,AZ Việt Nam,Nhà Xuất Bản Thanh Niên,,,,,NHBook,available,1000,True,True,True
275532130,Cửa Hàng Tiện Lợi Cuộc Đời,108000,108000,0,0.0,0,0,Lưu Dung,Văn Lang,Nhà Xuất Bản Hồng Đức,,Bìa mềm,,2024-07-05,Nhà sách NetaBooks,available,1000,True,True,True
177617827,Con Đường Hạnh Phúc,75000,75000,0,0.0,0,0,,Nhà Xuất Bản Đại Học Quốc Gia Hà Nội,Nhà Xuất Bản Đại Học Quốc Gia Hà Nội,,,,,Bamboo Books,available,1000,True,True,True
278696888,Đạo Lý Cổ Nhân - Đạo Làm Giàu,179000,179000,0,0.0,0,0,Dương Thu Ái,1980 Books,Nhà Xuất Bản Lao Động,,Bìa mềm,270,2025-09-27,Nhà sách NetaBooks,available,1000,True,True,True
273357410,Cẩm Nang Sống Dành Cho Phái Đẹp: Tao Nhã - Khí Chất Cần Có Của Người Phụ Nữ Thành Công,180000,180000,0,0.0,0,0,Hiểu Tuyết,Nhã Nam,Nhà Xuất Bản Phụ Nữ,,Bìa mềm,,,info book,available,1000,True,True,True
275778342,Nhà Sư Và Khu Vườn,120000,120000,0,0.0,0,0,Huyn Jin,Nhã Nam,Nhà Xuất Bản Phụ Nữ Việt Nam,,Bìa mềm,250,2024-07-29,Nhà sách NetaBooks,available,1000,True,True,True
253148206,Tối Giản Lối Sống - Tối Ưu Cuộc Đời,170000,170000,0,0.0,0,0,,Sách điện tử Saigon Books,Nhà Xuất Bản Dân Trí,,,,,Bamboo Books,available,1000,True,True,True
7940953,"Combo Hoa Sen Trên Tuyết, Từng Bước Nở Hoa Sen ",166000,166000,0,0.0,0,1,"Nguyên Phong, Thích Nhất Hạnh",Nhiều công ty phát hành,,,Bìa mềm,,,Nhà Sách Vĩnh Thụy,available,1000,True,True,True
201114796,"Càng Bình Tĩnh, Càng Hạnh Phúc _AZ",132000,139000,5,0.0,0,0,,AZ Việt Nam,Nhà Xuất Bản Thế Giới,,Bìa mềm,,,Alpha Books Official,available,1000,True,True,True
207566202,Căn Bệnh Giáo Dục,99000,99000,0,0.0,0,0,Ryu Uchida,NXB Phụ Nữ,Nhà Xuất Bản Phụ Nữ,,Bìa mềm,268,,Bamboo Books,available,1000,True,True,True
214827001,Vòng Tròn Lửa,110000,110000,0,0.0,0,0,,Sách điện tử Saigon Books,Nhà Xuất Bản Dân Trí,,,,,HỆ THỐNG NHÀ SÁCH ABC,available,1000,True,True,True
278360665,Đừng Lấy Lòng Bất Kỳ Ai,138000,138000,0,0.0,0,1,Hoạt Dương,NXB Dân Trí,Nhà Xuất Bản Dân Trí,,Bìa mềm,278,,Nhà Sách Phương Nam,available,1000,True,True,True
263290000,Nghệ Thuật Sống Vững Vàng,168000,168000,0,0.0,0,1,Brad Stulberg,AZ Việt Nam,Nhà Xuất Bản Dân Trí,,Bìa mềm,336,2023-06-17,NHBook,available,1000,True,True,True
274383827,"Combo 2 Cuốn Về Chăm Sóc Sức Khỏe: Khoa Học Về Giấc Ngủ+Ngủ Ngon Mỗi Đêm, Sống Khỏe Mỗi Ngày - Bí Mật Phía Sau Một Giấc Ngủ Chất Lượng",420000,420000,0,0.0,0,0,,Nhã Nam,Nhiều Nhà Xuất Bản,,,,,FishingBook,available,1000,True,True,True
275720814,NHÀ SƯ VÀ KHU VƯỜN - Huyn Jin (bìa mềm),120000,120000,0,0.0,0,0,Huyn Jin,Nhã Nam,Nhà Xuất Bản Tổng hợp TP.HCM,,Bìa mềm,220,2024-07-01,NHBook,available,1000,True,True,True
216213487,Sách - Luật hấp dẫn: Những bài giảng cơ bản của Abraham (Nhã Nam),89000,89000,0,0.0,0,0,,Nhã Nam,Nhà Xuất Bản Hội Nhà Văn,,,,,HỆ THỐNG NHÀ SÁCH ABC,available,1000,True,True,True
273939137,PHỦI BỤI TÂM HỒN - Triết Lý Sống SOJI Của Người Nhật - Shoukei Matsumoto - Trương Hoàng Lan dịch - (bìa mềm),78000,78000,0,0.0,0,0,Shoukei Matsumoto,Văn Lang,Nhà Xuất Bản Tổng hợp TP.HCM,,Bìa mềm,,2024-01-30,Bamboo Books,available,1000,True,True,True
277736337,WA - Nghệ Thuật Sống Cân Bằng Của Người Nhật,209000,209000,0,0.0,0,0,Kaki Okumura,Nhã Nam,Nhà Xuất Bản Dân Trí,,Bìa mềm,336,2025-04-11,Nhà sách NetaBooks,available,1000,True,True,True
273317396,Ít Đi Để Được Nhiều Hơn - Less Is More,115000,115000,0,0.0,0,0,Robin James,Văn Lang,,,Bìa mềm,160,2023-11-14,Nhà sách NetaBooks,available,1000,True,True,True
275890776,Tần Số Rung Động Cảm Xúc Cá Nhân,179000,179000,0,0.0,0,0,Alla Svirinskaya,NXB Thanh Niên,Nhà Xuất Bản Thanh Niên,,Bìa mềm,344,,Nhà Sách Phương Nam,available,1000,True,True,True
274713741,Ký Sinh Cảm Xúc: 34 Quy Tắc Cảm Xúc,119000,119000,0,0.0,0,0,Hứa Hạo Nghi,NXB Dân Trí,Nhà Xuất Bản Dân Trí,,Bìa mềm,280,,Nhà Sách Phương Nam,available,1000,True,True,True
205696292,Thiền Định Và Tâm Trí Diệu Kỳ (Tái bản năm 2022),79000,79000,0,0.0,0,7,,Nhà Xuất Bản Thế Giới,Nhà Xuất Bản Thế Giới,,Bìa mềm,120,,Nhà Sách Phương Nam,available,1000,True,True,True
270125222,Sống Không Rác - Thay Đổi Thế Giới Từ Những Điều Nhỏ Nhất - Bản Quyền,139000,139000,0,0.0,0,0,,Thái Hà Book,Nhà Xuất Bản Công Thương,,,,,Nhà Sách Vĩnh Thụy,available,1000,True,True,True
177145378,Tủ Sách Sống Khác - Dừng Cuộc Đua Không Phải Là Thua,86000,86000,0,0.0,0,0,,Skybooks,oem,,Bìa mềm,,,HỆ THỐNG NHÀ SÁCH ABC,available,1000,True,True,True
271379544,Sách Bắt Đầu Cuộc Hành Trình Nội Tại Bản Lĩnh - Bản Quyền,95000,95000,0,0.0,0,0,,Skybooks,Nhà Xuất Bản Thế Giới,,,,,Bamboo Books,available,1000,True,True,True
201036182,An nhiên giữa những thăng trầm,120000,120000,0,0.0,0,2,Như Nhiên Thích Tánh Tuệ,Saigon Books,Nhà Xuất Bản Văn Hóa Văn Nghệ,,Bìa mềm,256,,info book,available,1000,True,True,True
274458310,Combo 2 Cuốn Sách Tâm Lý : Bí Ẩn Hướng Nội- Tập 1+2,166000,166000,0,0.0,0,1,,Công Ty TNHH Văn Hóa Và Truyền Thông Skybooks Việt Nam,Nhà Xuất Bản Phụ Nữ,,,,,NHBook,available,1000,True,True,True
262411854,(Phần 3) MUÔN KIẾP NHÂN SINH - Nguyên Phong (GS. John Vũ) - (bìa mềm),185300,218000,15,0.0,0,1,Nguyên Phong (GS. John Vu),FIRST NEWS,Nhà Xuất Bản Tổng hợp TP.HCM,,Bìa mềm,,2023-05-30,Bảo Châu Books,available,1000,True,True,True
215544506,Tuổi Hoa Niên Hạnh Phúc - gởi gắm đến bạn những điều dành cho tuổi hoa niên,79000,79000,0,0.0,0,0,,Sách điện tử Saigon Books,Nhiều Nhà Xuất Bản,,,,,Bamboo Books,available,1000,True,True,True
276348638,Tôi Ngày Càng Yêu Thích Bản Thân - Bản Quyền,150000,150000,0,0.0,0,0,Yến Thất,Nhã Nam,Nhà Xuất Bản Phụ Nữ Việt Nam,,Bìa mềm,240,2024-10-09,NHBook,available,1000,True,True,True
230253328,TedBooks - Thuật Toán Của Tình Yêu,59000,59000,0,0.0,0,0,,Sách điện tử Thái Hà,Nhiều Nhà Xuất Bản,,,,,Bamboo Books,available,1000,True,True,True
204645994,THÊM TUỔI THÊM DUYÊN – CẨM NANG SỐNG CHẤT CỦA PHỤ NỮ PHÁP – Caroline de Maigret & Sophie Mas – Đỗ Thị Minh Nguyệt & Nguyễn Thục Anh -Nhã Nam – NXB Thế Giới,160000,160000,0,0.0,0,0,,Nhã Nam ,Nhà Xuất Bản Thế Giới,,,,,HỆ THỐNG NHÀ SÁCH ABC,available,1000,True,True,True
274840295,Không Giới Hạn - Khám Phá Ho'oponopono (Tái bản năm 2024),169000,169000,0,0.0,0,6,Ihaleakala Hew Len,NXB Thế Giới,Nhà Xuất Bản Thế Giới,,Bìa mềm,301,,Nhà Sách Phương Nam,available,1000,True,True,True
277184519,Ý Niệm Đại Học,155000,155000,0,0.0,0,0,Karl Jaspers,NXB Tri Thức,Nhà Xuất Bản Tri Thức,,Bìa mềm,260,,Bảo Châu Books,available,1000,True,True,True
215438139,Sách Yêu Mình Trước Đã Yêu Đời Để Sau,109000,109000,0,0.0,0,0,Vex King,Bloom Books,Nhà Xuất Bản Thế Giới,,Bìa mềm,344,2023-01-01,Bamboo Books,available,1000,True,True,True
394531,Sách Sứ Giả Yêu Thương,135000,135000,0,0.0,0,1,Jeni Stepanek - Larry Lindner,TGM Books,Đang cập nhật,,Bìa mềm,432,2014-04-10,Bảo Châu Books,available,1000,True,True,True
274140901,Trò Chơi Tâm Lý,209000,209000,0,0.0,0,0,Eric Berne,NXB Dân Trí,Nhà Xuất Bản Dân Trí,,Bìa mềm,348,,HỆ THỐNG NHÀ SÁCH ABC,available,1000,True,True,True
57318159,Sách Ý Nghĩa Cuộc Đời (Từ Những Câu Chuyện Trị Liệu Tâm Lý),99000,99000,0,5.0,1,1,Irvin D.Yalom,VanLangBooks,Nhà Xuất Bản Hồng Đức,,Bìa mềm,272,2020-06-01,Bamboo Books,available,1000,True,True,True
274069701,Lịch sử Hàn Quốc trên bàn ăn TH225,191000,191000,0,0.0,0,2,,Nhà xuất bản Tổng hợp TP.HCM ,Nhà Xuất Bản Tổng hợp TP.HCM,,Bìa mềm,,,LITTLE BOOKS,available,1000,True,True,True
274069625,"Gia Định Sài Gòn hò, hát, lý, vè và diễn xướng lễ hội TH159",137000,137000,0,0.0,0,1,,Nhà xuất bản Tổng hợp TP.HCM ,Nhà Xuất Bản Tổng hợp TP.HCM,,Bìa mềm,,,LITTLE BOOKS,available,1000,True,True,True
248131232,Thầy Cô Giáo Hạnh Phúc Sẽ Thay Đổi Thế Giới - Tập 2 - Đi Như Một Dòng Sông (Tái Bản),99000,99000,0,0.0,0,0,,Sách điện tử Thái Hà,Nhà Xuất Bản Hà Nội,,,,,HỆ THỐNG NHÀ SÁCH ABC,available,1000,True,True,True
68076456,Combo 2 cuốn sách: Giàu Từ Chứng Khoán   + Cổ Phiếu Thường Lợi Nhuận Phi Thường,338000,338000,0,0.0,0,1,,FIRST NEWS,Nhà Xuất Bản Tổng hợp TP.HCM,,,,,HỆ THỐNG NHÀ SÁCH ABC,available,1000,True,True,True
249569747,Sách - Không Sợ Chậm Chỉ Sợ Dừng - AZbook,129000,129000,0,0.0,0,1,,Không có,Không có,,,,,info book,available,1000,True,True,True
167613609,Giới Hạn Cho Con Bạn,119000,119000,0,0.0,0,1,,Alphabooks,oem,,,,,info book,available,1000,True,True,True
213680355,Rèn Luyện Tâm Trí - Bản Quyền,119000,119000,0,0.0,0,0,,1980 Books,Nhà Xuất Bản Công Thương,,Bìa mềm,,,Nhà Sách Vĩnh Thụy,available,1000,True,True,True
278757465,Sách - Bạn muốn được nhớ đến vì điều gì - Tác giả Tạ Minh Tuấn,199000,199000,0,0.0,0,1,Tạ Minh Tuấn,Công ty Cổ phần Truyền thông Văn hóa 25,Nhà Xuất Bản Thế Giới,,Bìa mềm,236,,25 AGENCY,available,1000,True,True,True
209867899,Bạn thật bá đạo - Bản Quyền,149000,149000,0,0.0,0,0,Jen Sincero,Alphabooks,Nhà Xuất Bản Lao Động Xã Hội,,Bìa mềm,376,2022-12-16,Nhà Sách Vĩnh Thụy,available,1000,True,True,True
237687996,Lối Sống Tối Giản Của Người Nhật (Tái Bản),119000,119000,0,0.0,0,0,,Sách điện tử Thái Hà,Nhà Xuất Bản Lao Động,,,,,Nhà Sách Vĩnh Thụy,available,1000,True,True,True
249046597,Bí Mật Của Người Kể Chuyện - Carmine Gallo,179000,179000,0,0.0,0,0,Carmine Gallo,Alpha Books,Nhà Xuất Bản Thế Giới,,Bìa mềm,396,2022-03-09,Nhà Sách Vĩnh Thụy,available,1000,True,True,True
271963824,Tái sinh thực tại,95000,95000,0,0.0,0,0,,Sách điện tử Thái Hà,Nhà Xuất Bản Thế Giới,,,,,info book,available,1000,True,True,True
258571171,Niềm tin mở lối (Believe in yourself) - Bản Quyền,80000,80000,0,0.0,0,0,,Saigon Books,NXB Thế giới,,,,,Nhà Sách Vĩnh Thụy,available,1000,True,True,True
114944618,Sách: Thí Nghiệm Đầu Hàng - Hành trình tuân theo sự hoàn hảo của dòng đời - TSKN,105000,105000,0,0.0,0,0,,Minh Long,Không có,,,,,Nhà Sách Vĩnh Thụy,available,1000,True,True,True
89316209,Sách Nghệ Thuật Sống - Hãy khiến tương lai biết ơn vì hiện tại bạn đã cố gắng hết mình,99000,99000,0,0.0,0,1,,Không có,Không có,,,320,,info book,available,1000,True,True,True
237684535,Lối Sống Tối Giản Của Người Nhật (Tái Bản),119000,119000,0,0.0,0,0,,Sách điện tử Thái Hà,Nhà Xuất Bản Lao Động,,,,,HỆ THỐNG NHÀ SÁCH ABC,available,1000,True,True,True
189631489,Combo The Artist's Way (Bộ 2 Cuốn),318000,318000,0,0.0,0,0,Emma Lively & Julia Cameron,Alpha Books,Nhà Xuất Bản Đại Học Quốc Gia Hà Nội,,Bìa mềm,,2022-05-03,FishingBook,available,1000,True,True,True
7651218,Bộ sách: Không diệt không sinh đừng sợ hãi & Hành Trình Phương Đông,219000,219000,0,0.0,0,7,"Baird T. Spalding, Thích Nhất Hạnh",Nhiều công ty phát hành,,,Bìa mềm,,,Nhà Sách Vĩnh Thụy,available,1000,True,True,True
8605796,"Combo 2 cuốn: Từng Bước Nở Hoa Sen, Bí Quyết Đơn Giản Hóa Cuộc Sống",286000,286000,0,0.0,0,0,"Thích Nhất Hạnh, Werner Tiki Kustenmacher, Lothar J. Seiwert",Nhiều công ty phát hành,,,Bìa mềm,,,HỆ THỐNG NHÀ SÁCH ABC,available,1000,True,True,True
8475981,"Combo 2 cuốn: Từng Bước Nở Hoa Sen, An Nhiên Như Nắng (Tặng kèm bookmark danh ngôn hình voi)",165000,165000,0,0.0,0,0,"Thích Nhất Hạnh, Chân Thiện Nhật",Saigon Books,,,Bìa mềm,,,Nhà Sách Vĩnh Thụy,available,1000,True,False,True
278089581,"Tình Yêu, Hạnh Phúc Có Tồn Tại?",143100,159000,10,0.0,0,0,Guy Corneau,Phương Nam Book,Nhà Xuất Bản Phụ Nữ,,Bìa mềm,360,2019-06-07,PHƯƠNG NAM BOOK,available,1000,True,True,True
222547077,OSHO Hiểu - Đường Đến Tự Do,168000,168000,0,0.0,0,0,,FIRST NEWS,Nhà Xuất Bản Dân Trí,,,,,Nhà Sách Vĩnh Thụy,available,1000,True,True,True
271689105,Sống Đời Tự Do - Michael A. Singer,148000,148000,0,0.0,0,0,Michael A. Singer,Công ty TNHH Tazano,NXB Dân Trí,,Bìa mềm,304,2023-09-06,Tazano Official Store,available,1000,True,True,True
222546497,OSHO Hiểu - Đường Đến Tự Do,168000,168000,0,0.0,0,1,,FIRST NEWS,Nhà Xuất Bản Dân Trí,,,,,Nhà Sách Vĩnh Thụy,available,1000,True,True,True
278859843,Chúng Ta Đã Hiểu Lầm Chính Mình - Đối Thoại Giữa Triết Gia Và Cao Tăng,175000,175000,0,0.0,0,0,"Chu Quốc Bình, Tế Quân",Nhã Nam,Nhà Xuất Bản Thế Giới,,Bìa mềm,356,2025-11-10,info book,available,1000,True,True,True
247656536,Combo 2Q: Trí Thông Minh Trên Giường + Đàn Ông Sao Hỏa - Đàn Bà Sao Kim,364500,364500,0,0.0,0,0,,1980 Books,Nhiều Nhà Xuất Bản,,,,,Phương Đông Books,available,1000,True,True,True
277870872,Tại Sao Ta Nổi Khùng,168000,168000,0,0.0,0,0,Dr. Ryan Martin,Nhã Nam,Nhà Xuất Bản Phụ Nữ Việt Nam,,Bìa mềm,332,2025-04-26,NHBook,available,1000,True,True,True
277184605,Đạo Lý Làm Người - Tam Tự Kinh,85000,85000,0,0.0,0,0,,NXB Hồng Đức,Nhà Xuất Bản Hồng Đức,,Bìa mềm,140,,Nhà Sách Phương Nam,available,1000,True,True,True
270716389,Sao Ta Làm Điều Ta Làm,168000,168000,0,0.0,0,0,,NXB Dân Trí,Nhà Xuất Bản Dân Trí,,Bìa mềm,320,,info book,available,1000,True,True,True
275479300,Tâm Lý Học Đàm Phán,109000,109000,0,0.0,0,1,Doãn Húc Thăng,NXB Thanh Hóa,,,Bìa mềm,247,,Nhà Sách Phương Nam,available,1000,True,True,True
278566217,Tâm Lý Học Tích Cực Đồng Bộ Tâm Linh,198000,198000,0,0.0,0,0,Chris Mackey,NXB Hồng Đức,Nhà Xuất Bản Hồng Đức,,Bìa mềm,384,,Nhà Sách Phương Nam,available,1000,True,True,True
278037395,Sách - Tâm Tình Với Đất Mẹ,87000,100000,13,0.0,0,0,Thích Nhất Hạnh,Saigon Books,Nhà Xuất Bản Văn Hóa Văn Nghệ,,Bìa mềm,156,2025-05-28,Zenbooks Official ,available,1000,True,True,True
273377281,Nghệ Thuật Tư Duy Ngược Dòng_AL,91000,119000,24,0.0,0,0,Humphrey B. Neill,Alpha Books,Nhà Xuất Bản Thế Giới,,Bìa mềm,294,,Alpha Books Official,available,1000,True,True,True
206334828,"Yêu - Yêu Trong Tỉnh Thức, Gắn Bó Trong Niềm Tin",168000,168000,0,0.0,0,0,Osho,Nhà Xuất Bản Văn Hóa - Văn Nghệ,Nhà Xuất Bản Văn Hóa - Văn Nghệ,,Bìa mềm,351,,Nhà Sách Phương Nam,available,1000,True,True,True
272341967,Không Phủi Cũng Rơi - Minh tánh Nguyễn Duy Nhiên,134000,192000,30,5.0,1,10,Nguyễn Duy Nhiên,PHANBOOK,Nhà Xuất Bản Lao Động,,Bìa mềm,230,,PHAN LỆ & FRIENDS,available,1000,True,True,True
86956483,Dám Quả Quyết Dám Tâm Huyết - Tuệ Tâm (Tủ sách Trí Tuệ),77000,78000,1,5.0,2,11,,SBOOKS,Nhà Xuất Bản Dân Trí,,Bìa mềm,160,2021-03-18,SBOOKS OFFICIAL,available,1000,True,True,True
8020982,"Combo 3 cuốn:  Không Diệt Không Sinh Đừng Sợ Hãi, Hạnh Phúc Là Lối Ta Đi, Như Mây Thong Dong ",300000,300000,0,0.0,0,0,"Thích Nhất Hạnh, My Holland, Lưu Đình Long",Công Ty Cổ Phần Văn Hóa Sách Sài Gòn,,,Bìa mềm,,,Nhà Sách Vĩnh Thụy,available,1000,True,True,True
275264337,Sách Tôi hạnh phúc vì dám sống cuộc đời của riêng mình,114000,148000,23,0.0,0,10,Lý Quốc Thuý,Công ty CP Sách Bizbooks,Nhà Xuất Bản Hồng Đức,,Bìa mềm,260,2024-01-01,Tiki Trading,available,1000,False,True,True
638246,Mỗi Cuộc Đời Là Một Tấm Gương Hoằng Pháp Lớn,83600,88000,5,5.0,1,28,Hòa Thượng Hsing Yun,Công Ty TNHH TM - DV Chính Thông,Nhà Xuất Bản Tôn Giáo,,Bìa mềm,343,2017-01-13,Chính Thông,available,1000,True,True,True
214922278,Sách Lấy Tình Thâm Mà Đổi Đầu Bạc,111200,139000,20,5.0,34,538,Vãn Tình,Bloom Books,Nhà Xuất Bản Thế Giới,,Bìa mềm,432,2023-05-01,Tiki Trading,available,1000,False,True,True
686514,Sách Những Kỹ Năng Để Sống Hạnh Phúc,58800,98000,40,0.0,0,33,Stewart Blackburn,VanLangBooks,,,Bìa mềm,280,2017-06-13,Văn Lang Official Store,available,1000,True,True,True
275264335,Sách Giải mã phụ nữ: Đàn bà khó hiểu hay đàn ông không hiểu?,152000,198000,23,0.0,0,14,Nguyên Tĩnh,Công ty CP Sách Bizbooks,Nhà Xuất Bản Hồng Đức,,Bìa mềm,432,2024-02-01,Tiki Trading,available,1000,False,True,True
278462802,Dying To Be Me - Trở Về Từ Cõi Chết,161000,168000,4,0.0,0,0,Anita Moorjani,FIRST NEWS,NXB Dân Trí,,,328,,Nhân Văn,available,1000,True,True,True
275413158,Những Quy Tắc Trong Tình Yêu - The Rules Of Love (Richard Templar),111000,139000,20,0.0,0,0,Richard Templar,Alphabooks,Nhà Xuất Bản Lao Động,,Bìa mềm,330,2018-01-01,Sống Official,available,1000,True,True,True
274550662,Phong Cách Sống Tối Giản - Vanlangbooks,67080,78000,14,0.0,0,10,"Teresa Baker, Karen Alexander",VanLangBooks,,,Bìa mềm,160,2021-03-01,Văn Lang Official Store,available,1000,True,True,True
99056184,Sách - Nghệ Thuật Tư Duy Phản Biện,92880,129000,28,4.6,5,49,,1980 Books,Nhà Xuất Bản Lao Động,,,280,,TTR Next Generation,available,1000,True,True,True
192459218,Đắc Nhân Tâm - Khổ Nhỏ,65000,68000,4,0.0,0,1,,FIRST NEWS,oem,,Bìa mềm,,,Nhân Văn,available,1000,True,True,True
190608398,Đi Tìm Lẽ Sống,84000,88000,5,0.0,0,2,,FIRST NEWS,oem,,Bìa mềm,,,Nhân Văn,available,1000,True,True,True
248446185,Combo Sách Muôn Kiếp Nhân Sinh Tập 1 + Không Diệt Không Sinh Đừng Sợ Hãi (Bộ 2 Cuốn),222400,278000,20,5.0,72,820,"Nguyên Phong,  Thích Nhất Hạnh",Nhiều công ty phát hành,Nhà Xuất Bản Tổng hợp TP.HCM,,,,,Nhà sách Fahasa,available,1000,True,True,True
205808081,Osho: Cảm Xúc,188000,188000,0,0.0,0,0,Osho,Nhà Xuất Bản Dân Trí,Nhà Xuất Bản Dân Trí,,Bìa mềm,408,,Nhà Sách Phương Nam,available,1000,True,True,True
270702667,Amitie: Nuôi Dưỡng Tâm Hồn Trẻ Em Thông Qua Bóng Đá,80100,89000,10,5.0,1,8,Đoàn Bảo Châu,NXB Phụ Nữ,Nhà Xuất Bản Phụ Nữ,,Bìa mềm,172,2019-09-01,Nhà Sách Phương Nam,available,1000,True,True,True
447586,Sách Thực Hành Lòng Từ Ái Hàng Ngày,65000,65000,0,0.0,0,0,Richard Fields,Văn Lang,Nhà Xuất Bản Hồng Đức,,Bìa mềm,214,2015-09-07,Bamboo Books,available,1000,True,True,True
69624544,Sách Hạt Giống Tâm Hồn - Tuyển Chọn Những Câu Chuyện Hay Nhất (Bìa Mềm),95000,95000,0,0.0,0,0,.,First News - Trí Việt,Nhà Xuất Bản Tổng hợp TP.HCM,,Bìa mềm,356,2020-10-15,HỆ THỐNG NHÀ SÁCH ABC,available,1000,True,True,True
372208,Sách Cuộc Sống Không Giới Hạn,148000,148000,0,0.0,0,0,Nick Vujicic,First News - Trí Việt,Nhà Xuất Bản Tổng hợp TP.HCM,,Bìa mềm,416,2012-12-18,Nhà Sách Vĩnh Thụy,available,1000,True,True,True
353323,Sách Tất Cả Đều Là Chuyện Nhỏ (Tái Bản 2012),68000,68000,0,0.0,0,0,Richard Carlson,First News - Trí Việt,Nhà Xuất Bản Tổng hợp TP.HCM,,Bìa mềm,192,2012-10-01,Nhà Sách Vĩnh Thụy,available,1000,True,True,True
480044,Sách Hạt Giống Tâm Hồn - Tập 12: Nghệ Thuật Sáng Tạo Cuộc Sống (Tái Bản),76000,76000,0,0.0,0,0,,First News - Trí Việt,Nhà Xuất Bản Tổng hợp TP.HCM,,Bìa mềm,,2016-03-18,info book,available,1000,True,True,True
273219399,Đời thay đổi khi chúng ta thay đổi 06: Hạnh phúc là không chờ đợi,95000,95000,0,0.0,0,0,Andrew Matthews,NXB Trẻ,NXB Trẻ,,Bìa mềm,220,,Nhà Sách Vĩnh Thụy,available,1000,True,True,True
162154129,Thuật toán may mắn – Cách thu hút những điều may mắn đến với bạn,126000,126000,0,0.0,0,0,Hoido Jeong,BIZBOOKS,Nhà Xuất Bản Hồng Đức,,Bìa mềm,333,2022-02-01,HỆ THỐNG NHÀ SÁCH ABC,available,1000,True,True,True
127654493,Sách Một Thế Giới Thiếu Vắng Tình Yêu,136450,195000,30,5.0,12,111,Miura Shion,Huy Hoàng Bookstore,Nhà Xuất Bản Phụ Nữ Việt Nam,,Bìa mềm,568,2021-10-15,Tiki Trading,available,1000,False,True,True
262908456,"Học Cách Bảo Vệ Bản Thân Khỏi Những Lời Nói Tiêu Cực- Người Nói Vô Tâm, Người Nghe Để Bụng",125000,125000,0,0.0,0,0,,BIZBOOKS,Nhà Xuất Bản Hồng Đức,,,,,NHBook,available,1000,True,True,True
275034838,Sách Sinh ra bạn đã là một nhà vô địch,114000,148000,23,0.0,0,2,Zig Ziglar,Công ty CP Sách Bizbooks,Nhà Xuất Bản Hồng Đức,,Bìa mềm,232,2023-12-22,Tiki Trading,available,1000,False,True,True
23652323,Sách Những Cảm Xúc Bị Dồn Nén,99750,105000,5,0.0,0,0,Isador Henry Coriat,Bách Việt,Nhà Xuất Bản Lao Động,,Bìa mềm,248,,Cá Chép Bookstore,available,1000,True,True,True
275355857,Tin Tức Kiến Tạo - Constructive News,90000,90000,0,0.0,0,0,,NXB Trẻ,NXB Trẻ,,,,,Nhà Sách Vĩnh Thụy,available,1000,True,True,True
222677531,Bụi Phấn,96000,96000,0,0.0,0,0,,First News - Trí Việt,Nhà Xuất Bản Tổng hợp TP.HCM,,,,,Bamboo Books,available,1000,True,True,True
278961108,Niềm Tin - Chì Khóa Dẫn Tới Điều Kỳ Diệu,118680,129000,8,0.0,0,0,Nhan Thanh,Thái Hà,Nhà Xuất Bản Công Thương,,Bìa mềm,244,2025-12-12,Nhà sách NetaBooks,available,1000,True,True,True
174038248,"Thu Giang Nguyễn Duy Cần - Trang Tử Tinh Hoa, Trang Tử Nam Hoa Kinh _BOOKCITY",330000,330000,0,0.0,0,0,Thu Giang Nguyễn Duy Cần,NXB Trẻ,NXB Trẻ,,Bìa cứng,542,,Nhà Sách Vĩnh Thụy,available,1000,True,True,True
273866671,Sách - Sống cùng mái tóc hoa râm - Thái Hà Books,89000,99000,10,0.0,0,1,,Thái Hà,Nhà Xuất Bản Thế Giới,,,,,THAIHABOOKS,available,1000,True,True,True
167614064,Đi Tìm Lẽ Sống (Tái Bản 2019),78000,78000,0,0.0,0,0,,First News - Trí Việt,oem,,,,,Nhà Sách Vĩnh Thụy,available,1000,True,True,True
274790783,Cuốn Sách Giúp Cải Thiện Cuộc Sống: Thiền Và Nghệ Thuật Hạnh Phúc ,69000,69000,0,0.0,0,0,,Thái Hà,NXB Dân Trí,,,,,Nhà Sách Vĩnh Thụy,available,1000,True,True,True
246208974,Vươn Đến Sự Hoàn Thiện (Tái Bản),108000,108000,0,0.0,0,0,,First News - Trí Việt,Nhà Xuất Bản Tổng hợp TP.HCM,,,,,info book,available,1000,True,True,True
355208,Sách Sean Covey - Bí Quyết Trưởng Thành,198000,198000,0,0.0,0,0,Spencer Johnson,First News - Trí Việt,NXB Trẻ,,Bìa mềm,446,2011-04-01,Nhà Sách Vĩnh Thụy,available,1000,True,True,True
246247859,"Combo 3 cuốn: Huyền Thuật Và Các Đạo Sĩ Tây Tạng, Vị Tu Sĩ Bán Chiếc Ferrari, Thuật Lãnh Đạo Từ Vị Tu Sĩ Bán Chiếc Ferrari",324000,324000,0,0.0,0,1,,First News - Trí Việt,Nhiều Nhà Xuất Bản,,,,,Nhà Sách Vĩnh Thụy,available,1000,True,True,True
167614124,Ikigai - Đi Tìm Lý Do Thức Dậy Mỗi Sáng,89000,89000,0,0.0,0,0,,Thái Hà,oem,,,,,Nhà Sách Vĩnh Thụy,available,1000,True,True,True
275818428,Phản biện như một chuyên gia - Lập luận sắc bén và tư duy hiệu quả - Lang Minh - Bản Quyền,130000,130000,0,0.0,0,0,Lang Minh,NXB Trẻ,NXB Trẻ,,Bìa mềm,236,2024-08-01,NHBook,available,1000,True,True,True
170600766,Combo 2 cuốn chánh niệm: Muôn Kiếp Nhân Sinh (Many Lives - Many Times) + Tĩnh Lặng,257500,257500,0,5.0,1,4,,Nhiều công ty phát hành,Nhiều Nhà Xuất Bản,,,,,AHABOOKS,available,1000,True,True,True
274729355,Sách - Hạt Giống Tâm Hồn 16,76000,76000,0,0.0,0,0,,First News - Trí Việt,Nhà Xuất Bản Tổng hợp TP.HCM,,Bìa mềm,,,Nhà Sách Vĩnh Thụy,available,1000,True,True,True
273238882,Ý Nghĩa Của Sự Điên Loạn - Cách Nhận Diện Nguồn Cơn Và Xử Lý Những Nỗi Đau Tinh Thần Sâu Trong Bạn,83930,109000,23,0.0,0,2,Neel Burton,NXB Dân Trí,Nhà Xuất Bản Dân Trí,,Bìa mềm,254,,Alpha Books Official,available,1000,True,True,True
445189,Sách Hạt Giống Tâm Hồn - Xin Đừng Làm Mẹ Khóc,118000,118000,0,0.0,0,0,.,First News - Trí Việt,Nhà Xuất Bản Tổng hợp TP.HCM,,Bìa mềm,,2015-08-20,Nhà Sách Vĩnh Thụy,available,1000,True,True,True
707569,Sách Hạt Giống Tâm Hồn - Xin Đừng Làm Mẹ Khóc (Tái Bản),118000,118000,0,4.0,1,6,First News Tổng Hợp,First News - Trí Việt,Nhà Xuất Bản Tổng hợp TP.HCM,,Bìa cứng,208,2017-06-04,Bamboo Books,available,1000,True,True,True
260107674,"Một nửa hoang mang, một nửa bình an",107000,119000,10,0.0,0,1,Nami Lee,Thái Hà,Nhà Xuất Bản Lao Động,,Bìa mềm,284,2023-05-20,THAIHABOOKS,available,1000,True,True,True
278698423,Sống Đời Giản Dị,70000,70000,0,0.0,0,4,Charles Wagner,NXB Trẻ,NXB Trẻ,,Bìa mềm,164,2025-09-29,Nhà sách NetaBooks,available,1000,True,True,True
11214113,Combo Sách Nhà Giả Kim + Đắc Nhân Tâm (Khổ Lớn) + Quẳng Gánh Lo Đi Và Vui Sống (Tái Bản 2016)  ,241000,241000,0,5.0,2,16,"Paulo Coelho, Blair T. Spalding, Dale Carnegie",First News - Trí Việt,Nhiều Nhà Xuất Bản,,,,,NHBook,available,1000,True,True,True
279224928,TRỌN VẸN TỪNG GIÁC QUAN – Norman Farb & Zindel Segal – Vũ Minh Tú dịch – NXB Trẻ,145000,145000,0,0.0,0,0,"Norman Farb, Zindel Segal",NXB Trẻ,NXB Trẻ,,,,,BÌNH BÁN BOOK,available,1000,True,True,True
214080320,IKIGAI - Chất Nhật Trong Từng Khoảnh khắc,68000,68000,0,0.0,0,0,Yukari Mitsuhashi,First News - Trí Việt,NXB Tổng Hợp Thành Phố Hồ Chí Minh,,Bìa mềm,104,,Hiệu Sách Tự Do,available,1000,True,True,True
528191,Sách Sức Mạnh Của Tĩnh Lặng (Tái Bản 2016),68000,68000,0,0.0,0,1,Eckhart Tolle,First News - Trí Việt,Nhà Xuất Bản Tổng hợp TP.HCM,,Bìa mềm,152,2016-07-20,Nhà Sách Vĩnh Thụy,available,1000,True,True,True
230004709,Tuổi Trẻ Không Bao Giờ Quay Lại - Tuyển Chọn Những Câu Chuyện Hay Nhất ( Tái Bản ),116000,116000,0,0.0,0,0,,First News - Trí Việt,Nhiều Nhà Xuất Bản,,,,,info book,available,1000,True,True,True
20276543,Combo Sách Kỹ Năng Sống: Đừng Quên Não Cho Đời Bớt Bão + Hạnh Phúc Không Nằm Trong Ví (Tặng kèm bookmark thiết kế),99350,99350,0,0.0,0,18,"Wada Hideki, Ryunosuke Koike",Thái Hà,,,Bìa mềm,,,AHABOOKS,available,1000,True,True,True
252039166,Lagom - Phong Cách Cân Bằng Cuộc Sống Của Thụy Điển,91000,95000,4,0.0,0,0,,NXB Trẻ,NXB Trẻ,,,,,Nhân Văn,available,1000,True,True,True
274709120,Sách Khám Phá Triết Học: Lên Tàu Cùng Socrates - Đi Tìm Ý Nghĩa Cuộc Sống Từ Các Triết Gia,175500,175500,0,0.0,0,1,,NXB Trẻ,NXB Trẻ,,,,,Phương Đông Books,available,1000,True,True,True
316839,Sách Người Thông Minh Giải Quyết Vấn Đề Như Thế Nào?,64600,68000,5,0.0,0,4,Ken Watanabe,First News - Trí Việt,NXB Trẻ,,Bìa mềm,152,2010-06-07,Alpha Books Official,available,1000,True,True,True
502817,Sách Điều Kỳ Diệu Của Tình Yêu - Tuyển Chọn Những Câu Chuyện Hay Nhất,83300,98000,15,5.0,2,13,.,First News - Trí Việt,Nhà Xuất Bản Tổng Hợp,,Bìa cứng,271,2016-05-19,First News,available,1000,True,True,True
225206256,OSHO Yêu - Being In Love - Yêu Trong Tỉnh Thức,168000,168000,0,0.0,0,0,,First News - Trí Việt,Nhà Xuất Bản Văn Hóa - Văn Nghệ TP.HCM,,,,,Nhà Sách Vĩnh Thụy,available,1000,True,True,True
57325191,Sách Hạt Giống Tâm Hồn 1: Cho Lòng Dũng Cảm Và Tình Yêu Cuộc Sống (Tái Bản 2020),64000,64000,0,0.0,0,0,.,First News - Trí Việt,Nhà Xuất Bản Tổng hợp TP.HCM,,Bìa gập,152,2020-06-01,info book,available,1000,True,True,True
187234769,Combo 2Q: Thực Hành 7 Thói Quen Của Bạn Trẻ Thành Đạt + 7 Thói Quen Để Trẻ Hạnh Phúc (Song Ngữ),206000,206000,0,0.0,0,2,,First News - Trí Việt,Nhiều Nhà Xuất Bản,,,,,Bamboo Books,available,1000,True,True,True
222665326,Tuyển Tập Những Câu Chuyện Hay Nhất Của AESOP (Song Ngữ Anh - Việt),88000,88000,0,0.0,0,0,,First News - Trí Việt,Nhà Xuất Bản Tổng hợp TP.HCM,,,,,info book,available,1000,True,True,True
196021535,Lên Tàu Cùng Socrates - Đi Tìm Ý Nghĩa Cuộc Sống Từ Các Triết Gia,195000,195000,0,0.0,0,0,,NXB Trẻ,oem,,Bìa mềm,,,HỆ THỐNG NHÀ SÁCH ABC,available,1000,True,True,True
222677519,Bụi Phấn,96000,96000,0,0.0,0,0,,First News - Trí Việt,Nhà Xuất Bản Tổng hợp TP.HCM,,,,,Bamboo Books,available,1000,True,True,True
486526,Sách Hạt Giống Tâm Hồn - Tập 11 - Những Trải Nghiệm Cuộc Sống (Tái Bản),53200,76000,30,5.0,10,751,.,First News - Trí Việt,,,Bìa mềm,176,2016-04-07,Tiki Trading,available,1000,False,True,True
275809548,HIỂU ĐỂ CHỮA LÀNH - Thoát Khỏi Nỗi Hổ Thẹn Độc Hại - John Bradshaw - Mai Thảo Yên dịch,225000,225000,0,0.0,0,2,John Bradshaw,NXB Trẻ,Nhà Xuất Bản Tổng hợp TP.HCM,,Bìa mềm,508,2024-07-01,NHBook,available,1000,True,True,True
167615347,Taking The TOEIC - Skills And Strategies 1 (Tặng 1MP3),238000,238000,0,0.0,0,0,,First News - Trí Việt,oem,,,,,Bamboo Books,available,1000,True,True,True
75530157,Sách Hạnh Phúc Tại Tâm (Tái Bản),88000,88000,0,5.0,1,17,Osho,First News - Trí Việt,Nhà Xuất Bản Hồng Đức,,Bìa mềm,252,2021-01-01,Hiệu Sách Tự Do,available,1000,True,True,True
344235,Bí Mật Của Hạnh Phúc (Sách Bỏ Túi),68000,68000,0,0.0,0,0,David Niven,First News - Trí Việt,NXB Trẻ,,Bìa mềm,256,2012-02-15,Nhà Sách Vĩnh Thụy,available,1000,True,True,True
271784287,Sách Hạt Giống Tâm Hồn - Vượt Qua Dông Bão,60060,78000,23,5.0,1,17,Amy Newmark,First News - Trí Việt,Nhà Xuất Bản Tổng hợp TP.HCM,,Bìa mềm,160,2023-09-09,Tiki Trading,available,1000,False,True,True
274069637,Đời sống kinh tế người Hoa Ở Thành Phố Hồ Chí Minh TH62,59000,59000,0,5.0,1,3,,Nhà xuất bản Tổng hợp TP.HCM ,Nhà Xuất Bản Tổng hợp TP.HCM,,Bìa mềm,,,LITTLE BOOKS,available,1000,True,True,True
274069601,Tháp cổ Chăm Pa (TB) (VHVN),129000,129000,0,0.0,0,0,,Nhà xuất bản Tổng hợp TP.HCM ,Nhà Xuất Bản Tổng hợp TP.HCM,,Bìa mềm,,,LITTLE BOOKS,available,1000,True,True,True
66433806,Combo 2 cuốn sách: Người Thợ Mộc Lạ Lùng + Những Người Tiên Phong,371000,371000,0,0.0,0,0,,FIRST NEWS,Nhà Xuất Bản Tổng hợp TP.HCM,,,,,Nhà Sách Vĩnh Thụy,available,1000,True,True,True
67049207,Combo 2 cuốn sách: Thực Hành 7 Thói Quen Của Bạn Trẻ Thành Đạt + Grit Vững Tâm Bền Chí Ắt Thành Công,237000,237000,0,0.0,0,0,,FIRST NEWS,Nhà Xuất Bản Tổng hợp TP.HCM,,,,,HỆ THỐNG NHÀ SÁCH ABC,available,1000,True,True,True
66379029,"Combo 2 cuốn sách: Tử Tế Đáng Giá Bao Nhiêu? + Gieo thói quen nhỏ, gặt thành công lớn",197000,197000,0,5.0,1,2,,FIRST NEWS,Nhà Xuất Bản Tổng hợp TP.HCM,,,,,Nhà Sách Vĩnh Thụy,available,1000,True,True,True
253233402,Cách Sống,99000,99000,0,0.0,0,1,,Sách điện tử Thái Hà,Nhà Xuất Bản Lao Động,,,,,Nhà Sách Vĩnh Thụy,available,1000,True,True,True
263096972,NHƯ CƠN GIÓ THOẢNG - Nghĩ Về Những Quy Luật Cuộc Sống - GS. Nguyễn Văn Tuấn - (bìa mềm),115000,115000,0,0.0,0,0,,Nhà xuất bản Tổng hợp TP.HCM ,Nhà Xuất Bản Tổng hợp TP.HCM,,,,,info book,available,1000,True,True,True
253275155,Lối Sống Tối Giản Của Người Nhật (Tái Bản),119000,119000,0,0.0,0,0,,Sách điện tử Thái Hà,Nhà Xuất Bản Lao Động,,,,,HỆ THỐNG NHÀ SÁCH ABC,available,1000,True,True,True
249934357,5 Ngôn Ngữ Yêu Thương - The Five Love Languages (Tái Bản 2022) - Gary Chapman,128000,128000,0,0.0,0,0,Gary Chapman,Văn Lang,Nhà Xuất Bản Tổng hợp TP.HCM,,Bìa mềm,224,,Nhà Sách Vĩnh Thụy,available,1000,True,True,True
68076434,Combo 2 cuốn sách: Data Strategy - Chiến Lược Dữ Liệu + Blockchain-Khởi Nguồn Cho Một Nền Kinh Tế Mới,279000,279000,0,0.0,0,0,,FIRST NEWS,Nhà Xuất Bản Tổng hợp TP.HCM,,,,,Nhà Sách Vĩnh Thụy,available,1000,True,True,True
274540577,"Sách - Nhân Gian Đáng Giá, Tặng kèm Bookmark, Tái Bản mới nhất 2024, Sách kỹ năng, 2HBooks",128000,128000,0,5.0,2,45,Tsuneko Nakamura,Công Ty Cổ Phần Văn Hóa Huy Hoàng,Nhà Xuất Bản Thanh Niên,,Bìa mềm,262,2020-03-01,2HBooks,available,1000,True,True,True
215748930,Sách Giá Trị Của Sự Tử Tế,108000,108000,0,0.0,0,0,,Sách điện tử Saigon Books,Nhiều Nhà Xuất Bản,,,,,Nhà Sách Vĩnh Thụy,available,1000,True,True,True
273301653,Những Bài Học Cuộc Sống (Tái Bản),64000,64000,0,0.0,0,0,Hal Urban,FIRST NEWS,Nhà Xuất Bản Tổng hợp TP.HCM,,Bìa mềm,158,,Nhà Sách Vĩnh Thụy,available,1000,True,True,True
275015970,SÁCH - Từng bước nở hoa sen (TB 2024) - Thích Nhất Hạnh,86240,98000,12,0.0,0,0,Thích Nhất Hạnh,Saigon Books,Nhà Xuất Bản Hồng Đức,,Bìa mềm,144,2024-05-14,Saigon Books Official,available,1000,True,True,True
273242228,Luật Hấp Dẫn Và Sức Mạnh Tiềm Thức,139000,139000,0,0.0,0,1,Dr Joseph Murphy,1980 Books,Nhà Xuất Bản Lao Động,,Bìa mềm,180,,HỆ THỐNG NHÀ SÁCH ABC,available,1000,True,True,True
188833979,Combo 2 Cuốn Thích Nhất Hạnh: Am Mây Ngủ + Từng Bước Nở Hoa Sen,211500,211500,0,0.0,0,10,,Nhiều công ty phát hành,Nhiều Nhà Xuất Bản,,,,,AHABOOKS,available,1000,True,True,True
277933825,Tâm Và Thuật Trong Đối Nhân Xử Thế,218000,218000,0,0.0,0,0,Mã Ngân Xuân - Viên Lệ Bình,Văn Lang,Nhà Xuất Bản Hồng Đức,,Bìa mềm,510,2025-04-30,Nhà sách NetaBooks,available,1000,True,True,True
278840033,Hạnh Phúc Đủ Đầy,189000,189000,0,0.0,0,0,Đặng Minh Tâm,Alphabooks,Nhà Xuất Bản Lao Động,,Bìa mềm,180,2025-11-03,Nhà sách NetaBooks,available,1000,True,True,True
278036251,Manifest Tình Yêu,149000,149000,0,0.0,0,0,Caterina Yolaine,1980 Books,Nhà Xuất Bản Hà Nội,,Bìa mềm,180,2025-05-27,Nhà sách NetaBooks,available,1000,True,True,True
262973083,Khổng Tử - Tinh Hoa Trí Tuệ Qua Danh Ngôn,115000,115000,0,0.0,0,1,Hoàng Nha Phương,Văn Lang,Nhà Xuất Bản Hồng Đức,,Bìa mềm,257,2025-10-30,Nhà sách NetaBooks,available,1000,True,True,True
274455250,Cuốn Sách Hay Về Kỹ Năng Sống: Cái Giá Của Sự Nhỏ Nhen,75000,75000,0,0.0,0,0,,Minh Long,Nhà Xuất Bản Thanh Niên,,,,,Nhà Sách Vĩnh Thụy,available,1000,True,True,True
203434266,Thích Nhất Hạnh - Trong cái không có gì không ?,160000,160000,0,0.0,0,8,Thích Nhất Hạnh, NXB Kim Đồng,Nhà Xuất Bản Kim Đồng,,Bìa cứng,68,,BOOKCITY.VN,available,1000,True,True,True
274573295,Cuốn Sách Kỹ Năng Sống Hay: Cái Giá Của Sự Nhỏ Nhen,75000,75000,0,0.0,0,0,,Minh Long,Nhà Xuất Bản Phụ Nữ,,,,,Nhà Sách Vĩnh Thụy,available,1000,True,True,True
54783770,"Combo Sách Kỹ Năng Hay: Cuộc Sống ""Đếch"" Giống Cuộc Đời + Mặc Kệ Thiên Hạ - Sống Như Người Nhật + Vui Vẻ Không Quạu Nha (Bộ 3 Cuốn Cẩm Nang Yêu Đời và Sống Khỏe)",233250,233250,0,4.8,6,34,"Mari Tamagawa, Ở Đây Zui Nè, Hoàng Hải Nguyễn",AZ Việt Nam,Nhà Xuất Bản Hà Nội,,Bìa mềm,,,Phương Đông Books,available,1000,True,True,True
262905485,Sổ Tay Điềm Tĩnh Và Nóng Giận,99000,99000,0,0.0,0,0,Tạ Quốc Kế,Công ty TNHH Thương mại và Dịch vụ Văn hóa Hà Nội,Nhà Xuất Bản Thanh Niên,,Bìa mềm,160,2023-06-10,Bamboo Books,available,1000,True,True,True
212564642, Rong chơi giữa dòng đời,369000,369000,0,5.0,1,5,,CÔNG TY TNHH SÁCH & TRUYỀN THÔNG VIỆT NAM,Nhà Xuất Bản Hội Nhà Văn,,,632,,Bảo Châu Books,available,1000,True,True,True
205809639,Góc Nhìn Alan: Những Bài Chưa Xuất Bản,169000,169000,0,0.0,0,6,Alan Phan,Nhà Xuất Bản Văn Hóa - Văn Nghệ,Nhà Xuất Bản Văn Hóa - Văn Nghệ,,Bìa mềm,255,,Nhà Sách Phương Nam,available,1000,True,True,True
215745925,"Giờ Là Lúc Sống Trong Tình Yêu - Khi tình yêu thấm đẫm các mối quan hệ, nó mang lại sự chân tình, thân ái bền chặt",150000,150000,0,0.0,0,0,,Sách điện tử Saigon Books,Nhà Xuất Bản Đại Học Quốc Gia Hà Nội,,,,,HỆ THỐNG NHÀ SÁCH ABC,available,1000,True,True,True
274772831,Bài Học Cuộc Sống - Tình Yêu Vô Hạn,100000,100000,0,0.0,0,0,,VIETNAMBOOK,Nhà Xuất Bản Quân Đội Nhân Dân,,Bìa mềm tay gấp,200,2024-04-13,Bamboo Books,available,1000,True,True,True
242075344,Sách - Phụ Nữ Hơn Nhau Ở Khí Chất - 1980Books,169000,169000,0,0.0,0,0,Jessica Honegger,Không có,Nhà Xuất Bản Lao Động,,Bìa mềm,404,,Bamboo Books,available,1000,True,True,True
270989075,"Huấn Địch Thập Điều - Thánh dụ của vua Thánh tổ, Diễn nghĩa ca của vua Dực Tông - Lê Hữu Mục biên dịch - (bìa mềm)",185000,185000,0,0.0,0,0,,Công ty cổ phần đầu tư phát triển Trường Phương,Nhà Xuất Bản Tổng hợp TP.HCM,,,256,2023-08-01,Bamboo Books,available,1000,True,True,True
274156042,Chữa Lành Đứa Trẻ Tổn Thương Bên Trong,188000,188000,0,0.0,0,0,Robert Jackman,NXB Dân Trí,Nhà Xuất Bản Dân Trí,,Bìa mềm,399,,Nhà Sách Phương Nam,available,1000,True,True,True
278151975,Hạnh Phúc Tuổi Trẻ - Trưởng Thành Bằng Yêu Thương,68000,68000,0,0.0,0,0,J. Krishnamurti,NXB Dân Trí,Nhà Xuất Bản Dân Trí,,Bìa mềm,128,,Nhà Sách Phương Nam,available,1000,True,True,True
274372493,Gặt Bình An: Chép Chữ - Luyện Tâm (Sổ tay),63000,63000,0,0.0,0,0,An Lạc,NXB Phụ Nữ,Nhà Xuất Bản Phụ Nữ,,Bìa mềm,80,,Nhà Sách Phương Nam,available,1000,True,True,True
279103939,"Sách - combo 2 cuốn Lão Tử và Mặc Tử (in theo bản in của NXB Mai Lĩnh, 1942)",124700,126000,1,0.0,0,1,nhieu tac gia,Nhà sách Minh Thắng,Nhà Xuất Bản Văn Học,,,,,Minhhabooks,available,1000,True,True,True
278038019,Sách - Combo 2 Cuốn Làm Sao Học Ít Hiểu Nhiều Và Đọc Nhiều Nhớ Được Bao Nhiêu,214020,246000,13,0.0,0,0,Zion Kabasawa,Zenbooks,Nhà Xuất Bản Dân Trí,,Bìa mềm,272,2025-05-28,Zenbooks Official ,available,1000,True,True,True
278037324,Sách - Làm Mới Vườn Tâm,95700,110000,13,0.0,0,0,Suối Thông,Saigon Books,Nhà Xuất Bản Hội Nhà Văn,,Bìa mềm,280,2025-05-28,Zenbooks Official ,available,1000,True,True,True
277938178,Sách - Osho - Giác Ngộ ( Tái bản 2025),136080,189000,28,0.0,0,6,Osho,1980 Books,Nhà Xuất Bản Lao Động,,Bìa mềm,319,,TTR Next Generation,available,1000,True,True,True
277931863,Sách - Hạt Giống Tâm Hồn Bản Giao Hưởng Cuộc Sống (Bìa cứng),215760,248000,13,0.0,0,2,nhieu tac gia,Zenbooks,Nhà Xuất Bản Tổng hợp TP.HCM,,Bìa cứng,538,2025-05-08,Zenbooks Official ,available,1000,True,True,True
277463059,Sách - Tinh Hoa Nhân Loại - Người Thầy Khai Sáng Cuộc Đời Của Sigmund Freud,146100,168000,13,0.0,0,3,,MCBOOKS,hong duc,,Bìa mềm,,2023-12-21,Nhà sách Fahasa,available,1000,True,True,True
277253365,Tính Nữ Thiêng Liêng,179000,179000,0,0.0,0,0,Sophie Bashford,1980 Books,Nhà Xuất Bản Công Thương,,Bìa mềm,340,2025-02-03,Nhà sách NetaBooks,available,1000,True,True,True
276369365,Làm Bạn Với Cảm Xúc Tiêu Cực,129000,129000,0,0.0,0,0,Hạ Ngưỡng,NXB Thanh Niên,Nhà Xuất Bản Thanh Niên,,Bìa mềm,268,,Bamboo Books,available,1000,True,True,True
275942274,Nhật Ký Thoát Khỏi Trầm Cảm,95000,95000,0,0.0,0,0,Lee Myung-soo,NXB Văn Học,Nhà Xuất Bản Văn Học,,Bìa mềm,196,,HỆ THỐNG NHÀ SÁCH ABC,available,1000,True,True,True
275617684,SÁCH - Sớm Mai Gieo Một Hạt Mầm - Tâm Không,105600,120000,12,0.0,0,1,,Saigon Books,NXB Dân Trí,,Bìa mềm,236,2024-07-16,Saigon Books Official,available,1000,True,True,True
275185939,Cuốn Sách Hay Về Tâm Lý Học: Chân Ngã và Phàm Ngã,179000,179000,0,0.0,0,0,,1980 Books,Nhà Xuất Bản Thanh Niên,,,,,HỆ THỐNG NHÀ SÁCH ABC,available,1000,True,True,True
275148676,Giấc Mơ Nhìn Từ Phân Tâm Học - Những Chỉ Dẫn Về Hình Ảnh Và Biểu Tượng,140000,140000,0,0.0,0,0,Eric Ackroyd,NXB Kim Đồng,Nhà Xuất Bản Kim Đồng,,Bìa mềm,408,,Nhà Sách Phương Nam,available,1000,True,True,True
274881037,ĐỪNG LẤY LÒNG BẤT KỲ AI - Hoạt Dương - Trần Cẩm Ninh dịch - Nhã Nam - Nhà xuất bản Dân Trí.,100000,100000,0,0.0,0,0,Hoạt Dương,Nhã Nam,Nhà Xuất Bản Dân Trí,,Bìa mềm,278,,Nhà Sách Vĩnh Thụy,available,1000,True,True,True
274540640,Manifest - 7 Bước Để Thay Đổi Cuộc Đời Bạn Mãi Mãi - AZ,109000,109000,0,5.0,1,5,Roxie Nafousi,AZ Việt Nam,Nhà Xuất Bản Thế Giới,,Bìa mềm,200,,NewShop Official,available,1000,True,True,True
273717634,Dọn Dẹp Công Việc Gọn Gàng Tâm Trí - Joy At Work - Bản Quyền,139000,139000,0,0.0,0,0,,Alpha Books,Nhà Xuất Bản Thế Giới,,,,,info book,available,1000,True,True,True
273713486,Born To Run - Sinh Ra Để Chạy - Bản Quyền,188000,188000,0,0.0,0,0,,Alpha Books,Nhà Xuất Bản Thế Giới,,,,,HỆ THỐNG NHÀ SÁCH ABC,available,1000,True,True,True
273177045,Sách Tinh Hoa Phái Đẹp,116000,129000,10,0.0,0,66,Kiều Thụy Linh,Bloom Books,Nhà Xuất Bản Dân Trí,,Bìa mềm,274,2023-10-30,Tiki Trading,available,1000,False,True,True
271278453,Sách- Hạnh Phúc Đích Thực – Sức Mạnh Của Thiền,88000,88000,0,0.0,0,0,,Nhà Sách Hồng Ân,Nhà Xuất Bản Đại Học Quốc Gia Hà Nội,,Bìa mềm,264,,Nhà Sách Vĩnh Thụy,available,1000,True,True,True
270717111,Sổ Tay Tự Luyện Tập Yoga (Tái bản năm 2022),95000,95000,0,0.0,0,0,Hà Khiết,NXB Thanh Hóa,,,Bìa mềm,246,,Bamboo Books,available,1000,True,True,True
252603315,Sách AT HOME WITH MADAME CHIC – Thanh lịch từ những khoảnh khắc đời thường - Bản Quyền,99000,99000,0,0.0,0,0,,Skybooks,Nhà Xuất Bản Thế Giới,,,,,Bamboo Books,available,1000,True,True,True
252040910,Thanh Xuân Ấy Tôi Đã Thương Một Người,106000,110000,4,0.0,0,0,,Cty Văn Hóa Văn Lang,Nhà Xuất Bản Hồng Đức,,,,,Nhân Văn,available,1000,True,True,True
252005298,Bộ sách Suối Thông - Tác giả Suối Thông,280500,330000,15,4.8,24,150,Suối Thông,Saigon Books,Nhà Xuất Bản Thế Giới,,Bìa mềm,700,2023-04-14,Saigon Books Official,available,1000,True,True,True
225210749,Chicken Soup For Single’s Soul 16 - Khi Bạn Chỉ Có Một Mình (Tái Bản),63000,76000,17,0.0,0,2,Jack Canfield - Mark Victor Hansen,FIRST NEWS,Nhà Xuất Bản Tổng hợp TP.HCM,,,,,Nhà sách Fahasa,available,1000,True,True,True
215040213,Hạnh Phúc Mộng Và Thực (Tái Bản),136500,150000,9,0.0,0,10,Thích Nhất Hạnh,Cty Bán Lẻ Phương Nam,Nhà Xuất Bản Thế Giới,,,,,Nhà sách Fahasa,available,1000,True,True,True
213863280,Lời Tiên Tri Celestine - The Celestine Prophecy,248000,248000,0,4.5,2,22,James Redfield,Công Ty TNHH Văn Hóa Sáng Tạo Trí Việt,NXB Dân Trí,,Bìa mềm,532,,BOOKCITY.VN,available,1000,True,True,True
208310750,Sách Sinh Năm 1972 -Khát Vọng Sống (Tự truyện Nguyễn Cảnh Bình) - Alphabooks - BẢN QUYỀN,159000,199000,20,0.0,0,2,,Alphabooks,Nhà Xuất Bản Thế Giới,,,,,Alpha Books Official,available,1000,True,True,True
206675366,"Sách Hành Trình Đến Tây Thiên - Giác Ngộ Để Cuộc Đời An Nhiên, Hạnh Phúc Tự Tìm Đến",129500,185000,30,5.0,1,3,Ngô Sa,BIZBOOKS,Nhà Xuất Bản Hồng Đức,,Bìa mềm,352,2022-10-10,Tiki Trading,available,1000,False,True,True
205698802,Nói Với Tuổi Hai Mươi (Tái bản năm 2022),109000,109000,0,0.0,0,8,Thích Nhất Hạnh,Nhà Xuất Bản Thế Giới,Nhà Xuất Bản Thế Giới,,Bìa mềm,183,,Nhà Sách Phương Nam,available,1000,True,True,True
205696127,Sách Tâm Lý Dành Cho Người Nhạy Cảm,89000,89000,0,0.0,0,0,Hiroko Mizushima,Nhà Xuất Bản Thế Giới,Nhà Xuất Bản Thế Giới,,Bìa mềm,176,,Nhà Sách Phương Nam,available,1000,True,True,True
193045260,Tủ Sách Rèn Nhân Sách Sống Cho Trẻ - Mình Là Bạn Bè Tốt (Tái Bản 2022),13000,13000,0,0.0,0,5,"Băng Ba,  Triệu Quang Vũ",Cty Văn Hóa & Truyền Thông Trí Việt.,NXB Dân Trí,,,,,Nhà sách Fahasa,available,1000,True,True,True
190320413,Chỉ Là Nắm Lá Trong Tay - Con Đường Thiền Tập Đơn Giản,138000,198000,30,0.0,0,13,Nguyễn Duy Nhiên,PHANBOOK,Nhà Xuất Bản Hồng Đức,,Bìa mềm,279,2022-07-07,PHAN LỆ & FRIENDS,available,1000,True,True,True
167613638,Giảm Cân Nửa Thân Dưới - Để Chân Gọn Eo Thon,60000,79000,24,0.0,0,1,,Alphabooks,oem,,,,,Alpha Books Official,available,1000,True,True,True
137502304,Sách Trong Mỗi Chúng Ta Đều Có Một Đứa Trẻ Cần Vỗ Về,119000,119000,0,0.0,0,0,Choi Kwanghyun,Nhà Xuất Bản Thanh Niên,Nhà Xuất Bản Thanh Niên,,Bìa mềm,248,,Bamboo Books,available,1000,True,True,True
124975372,Tuổi Trẻ Đáng Giá Bao Nhiêu,90000,90000,0,0.0,0,3,,Nhã Nam,Nhà Xuất Bản Hội Nhà Văn,,Bìa mềm,285,2021-06-11,Bamboo Books,available,1000,True,True,True
85050938,Sách Nơi Đến Hạnh Phúc,92100,98000,6,0.0,0,1,Marc Reklau,Văn Lang,,,Bìa mềm,256,2021-03-01,Nhà sách Fahasa,available,1000,True,True,True
70703963,"Combo Sách : 10% Hạnh Phúc Hơn + Sức Mạnh Của Tĩnh Tại - Phương Pháp Sống Chất, Sống Lành Mạnh Từ Thiền TM",206000,258000,20,5.0,1,0,"Dan Harris, Bob Roth",Alphabooks,Nhà Xuất Bản Thanh Niên,,Bìa mềm,,,Omega Plus Books,available,1000,True,True,True
67624669,Sách Hạnh Phúc Để Làm Gì? – Cách Người Nhật Chấp Nhận Thế Giới,59400,99000,40,0.0,0,3,Scott Haas,Chibooks,Nhà Xuất Bản Hội Nhà Văn,,Bìa cứng,232,,NHÀ SÁCH CHIBOOKS,available,1000,True,True,True
23206020,Sách Triết Lý Sống Thế Hệ Z - Thư Giãn Mặc Đời Bất Mãn,79000,98000,19,0.0,0,0,Laura Milne,VanLangBooks,Nhà Xuất Bản Hồng Đức,,Bìa mềm,160,2019-07-11,Văn Lang Official Store,available,1000,True,True,True
923226,Sách Sống Không Hối Tiếc - Tuổi 20 Yêu Thương,79000,79000,0,0.0,0,1,Ken Honda,Saigon Books,Nhà Xuất Bản Tổng hợp TP.HCM,,Bìa mềm,186,2017-09-01,HỆ THỐNG NHÀ SÁCH ABC,available,1000,True,True,True
767989,Nguyên Tắc Tạm Dừng,60000,75000,20,0.0,0,39,Kevin Cashman,VanLangBooks,,,Bìa mềm,206,2017-01-01,Văn Lang Official Store,available,1000,True,True,True
277474809,Phụ Nữ Đi Làm Đừng Để Mình Mắc Bẫy Ngộ Nhận - 15 Lies Women Are Told At Work,180000,180000,0,0.0,0,0,Bonnie Hammer,NXB Trẻ,NXB Trẻ,,Bìa mềm,412,,Bamboo Books,available,1000,True,True,True
277389156,Sách Gửi Bạn Vòng Tay Ôm Cho Những Ngày Lạc Lối (NXB Trẻ),74700,90000,17,0.0,0,0,Ashish Bagrecha,NXB Trẻ,NXB Trẻ,,Bìa mềm,172,,Nhà Xuất Bản Trẻ,available,1000,True,True,True
274729364,Sách - Hạt Giống Tâm Hồn 6,76000,76000,0,0.0,0,0,,First News - Trí Việt,Nhà Xuất Bản Tổng hợp TP.HCM,,Bìa mềm,,,Nhà Sách Vĩnh Thụy,available,1000,True,True,True
274424372,Sách Nghiệp Tình Yêu - Karma Of Love,199000,199000,0,0.0,0,0,Geshe Michael Roach,Thái Hà,Nhà Xuất Bản Lao Động,,Bìa mềm,589,,Nhà Sách Vĩnh Thụy,available,1000,True,True,True
273290736,Người Tối Giản,99000,99000,0,0.0,0,0,Phạm Quỳnh Giang,Thái Hà,Nhà Xuất Bản Hà Nội,,Bìa mềm,188,2023-11-09,info book,available,1000,True,True,True
271784292,Sách Hạt Giống Tâm Hồn - Nắng Ấm Sau Mưa,54600,78000,30,5.0,1,7,Amy Newmark,First News - Trí Việt,Nhà Xuất Bản Tổng hợp TP.HCM,,Bìa mềm,160,2023-09-09,Tiki Trading,available,1000,False,True,True
271285905,Phớt Lờ Âu Lo,69000,69000,0,0.0,0,0,Lizzie Cox,Thái Hà,Nhà Xuất Bản Lao Động,,Bìa mềm,64,,info book,available,1000,True,True,True
262663928,Sách Tự Tin Khiến Mình Càng Xuất Sắc - Những Câu Chuyện Để Trưởng Thành,46800,65000,28,5.0,2,27,Đào Xuân Ni,Nhã Nam,Nhà Xuất Bản Dân Trí,,Bìa mềm,154,2023-01-01,Tiki Trading,available,1000,False,True,True
255349801,Bí Quyết Của Thành Công (Khổ Nhỏ) - Bản Quyền,68000,68000,0,0.0,0,0,,First News - Trí Việt,Nhà Xuất Bản Tổng hợp TP.HCM,,,,,Nhà Sách Vĩnh Thụy,available,1000,True,True,True
255338996,Thuật dụng ngôn - Bản Quyền,86000,86000,0,0.0,0,1,,First News - Trí Việt,NXB Tổng Hợp Thành Phố Hồ Chí Minh,,,,,info book,available,1000,True,True,True
255317238,Dành cho Mẹ món quà của tình yêu (Tái bản 2021) - Bản Quyền,68000,68000,0,0.0,0,0,,First News - Trí Việt,Nhà Xuất Bản Tổng hợp TP.HCM,,,,,info book,available,1000,True,True,True
254080882,Combo Dành cho Mẹ món quà của tình yêu + Xin đừng làm Mẹ khóc - Bản Quyền,186000,186000,0,0.0,0,0,,First News - Trí Việt,Nhà Xuất Bản Tổng hợp TP.HCM,,,,,info book,available,1000,True,True,True
253631680,Đắc Nhân Tâm (Khổ nhỏ) - Bản Quyền,68000,68000,0,0.0,0,0,,First News - Trí Việt,Nhà Xuất Bản Tổng Hợp,,,,,Nhà Sách Vĩnh Thụy,available,1000,True,True,True
250071382,Sách Thầy cô giáo hạnh phúc sẽ thay đổi thế giới (2 quyển),198000,198000,0,0.0,0,0,Thích Nhất Hạnh,Thái Hà,Nhà Xuất Bản Hà Nội,,Bìa mềm,,,Nhà Sách Vĩnh Thụy,available,1000,True,True,True
248732017,Combo 5Q: Muôn Kiếp Nhân Sinh + Giận + Hành Trình Về Phương Đông + Fear - Sợ Hãi - Thích Nhất Hạnh + Tĩnh Lặng  (Top Sách Tâm Linh Bán Chạy Nhất Mọi Thời Đại),557500,557500,0,0.0,0,0,,Thái Hà,Nhiều Nhà Xuất Bản,,,,,AHABOOKS,available,1000,True,True,True
248469074,	Minh Triết Trong Đời Sống _FN,108000,108000,0,0.0,0,0,Darshani Deane,First News - Trí Việt,Nhà Xuất Bản Thế Giới,,Bìa mềm,288,,Nhà Sách Vĩnh Thụy,available,1000,True,True,True
225954055,"Combo Đường Mây Qua Xứ Tuyết, Hoa Sen Trên Tuyết",216000,216000,0,0.0,0,0,,First News - Trí Việt,Nhiều Nhà Xuất Bản,,,,,info book,available,1000,True,True,True
223909196,Trang Tử Tâm Đắc (Tái Bản),108000,108000,0,0.0,0,0,,First News - Trí Việt,Nhà Xuất Bản Tổng hợp TP.HCM,,,,,Nhà Sách Vĩnh Thụy,available,1000,True,True,True
214199686,Sách Ping - Giải Cứu Vườn Địa Đàng - First News,93100,98000,5,0.0,0,0,Stuart Avery Gold,First News - Trí Việt,Nhà Xuất Bản Tổng hợp TP.HCM,,Bìa mềm,216,,Bảo Châu Books,available,1000,True,True,True
208415658,The Best Of Chicken Soup For The Soul - Tuyển Tập Những Câu Chuyện Hay Nhất (Song Ngữ Anh Việt),113100,138000,18,5.0,3,43,Jack Canfield,FIRST NEWS,Nhà Xuất Bản Tổng hợp TP.HCM,,,,,Nhà sách Fahasa,available,1000,True,True,True
198379682,Sách - Hạt Giống Tâm Hồn Tuyển Chọn Những Câu Chuyện Hay Nhất,118000,118000,0,0.0,0,0,,First News - Trí Việt,NXB Tổng Hợp Thành Phố Hồ Chí Minh,,,,,Nhà Sách Vĩnh Thụy,available,1000,True,True,True
194104371,Sách Nghệ Thuật Sống Đẹp : Tâm - Sức Mạnh Khiến Cuộc Đời Như Mình Mong Muốn ,89000,89000,0,0.0,0,0,,Thái Hà,Nhà Xuất Bản Công Thương,,,,,info book,available,1000,True,True,True
192949251,Hạt Giống Tâm Hồn - Tâm Hồn Cao Thượng,131100,158000,17,5.0,1,29,Edmondo De Amicis,FIRST NEWS,Nhà Xuất Bản Tổng hợp TP.HCM,,,,,Nhà sách Fahasa,available,1000,True,True,True
184893000,Zero waste home: Nhà không rác (Tái bản 2022),129000,129000,0,0.0,0,2,Bea Johnson,Thái Hà,Nhà Xuất Bản Công Thương,,Bìa mềm,361,,info book,available,1000,True,True,True
181979485,Bí Quyết Đơn Giản Hóa Cuộc Sống,168000,168000,0,0.0,0,0,,First News - Trí Việt,Nhà Xuất Bản Đại Học Quốc Gia Hà Nội,,,,,info book,available,1000,True,True,True
181923917,ĐẮC NHÂN TÂM - BÌA CỨNG (PHIÊN BẢN MỚI NHẤT),108000,108000,0,0.0,0,4,Dale Carnegie,First News - Trí Việt,Nhà Xuất Bản Đại Học Quốc Gia Hà Nội,,Bìa cứng,320,2016-04-11,Bamboo Books,available,1000,True,True,True
167615439,Người Thợ Mộc Lạ Lùng,72000,72000,0,0.0,0,3,,First News - Trí Việt,oem,,,,,Bamboo Books,available,1000,True,True,True
167613848,Niềm Tin Thông Minh - Kỹ Năng Thiết Yếu Biến Người Quản Lý Thành Nhà Lãnh Đạo,198000,198000,0,0.0,0,0,,First News - Trí Việt,oem,,,,,info book,available,1000,True,True,True
139987477,Combo Luật Hấp Dẫn ,382000,382000,0,0.0,0,1,nhieu tac gia,Thái Hà,Nhà Xuất Bản Lao Động,,Bìa mềm,200,,HỆ THỐNG NHÀ SÁCH ABC,available,1000,True,True,True
114279751,Combo Sức mạnh của hiện tại + Sức mạnh của tĩnh lặng + Sức mạnh của ngôn từ,344000,344000,0,0.0,0,1,nhieu tac gia,First News - Trí Việt,Nhà Xuất Bản Tổng hợp TP.HCM,,Bìa mềm,,2021-07-20,Nhà Sách Vĩnh Thụy,available,1000,True,True,True
76105908,Sách Tình Yêu Thương Gia Đình (Tái Bản),48100,58000,17,5.0,1,9,"Jack Canfield, Mark Victor Hansen",First News - Trí Việt,Nhà Xuất Bản Tổng hợp TP.HCM,,Bìa gập,144,2021-01-12,Nhà sách Fahasa,available,1000,True,True,True
75284565,Sách Bốn Mùa Cuộc Sống – Châm Ngôn Ngày Mới (Tái Bản),75000,75000,0,0.0,0,0,Jim Rohn,Thái Hà,Nhà Xuất Bản Lao Động,,Bìa mềm,165,2020-12-01,info book,available,1000,True,True,True
50425595,Combo 2 Cuốn Sách Hay: Wabi Sabi - Thương Những Điều Không Hoàn Hảo + Sống Đơn Giản Cho Mình Thanh Thản ,155350,155350,0,5.0,1,6,"Beth Kempton, Shunmyo Masuno",Thái Hà,Nhà Xuất Bản Lao Động,,Bìa mềm,,,AHABOOKS,available,1000,True,True,True
32037204,Sách Thức Tỉnh Mục Đích Sống (Tái Bản),132000,132000,0,0.0,0,1,Eckhart Tolle,First News - Trí Việt,Nhà Xuất Bản Tổng hợp TP.HCM,,Bìa mềm,440,2019-09-01,Nhà Sách Vĩnh Thụy,available,1000,True,True,True
9804282,"Combo 2 cuốn: 5 Ngôn Ngữ Tình Yêu, Bí Quyết Đơn Giản Hóa Tình Yêu",236000,236000,0,0.0,0,15,"Gary Chapman, Marion Kutenmacher",First News - Trí Việt,,,Bìa mềm,,,Nhà Sách Vĩnh Thụy,available,1000,True,True,True
1621175,"Sách Nghệ Thuật Tối Giản - Có Ít Đi, Sống Nhiều Hơn",108000,108000,0,0.0,0,1,Dominique Loreau,Saigon Books,Nhà Xuất Bản Hồng Đức,,Bìa mềm,312,2018-03-12,info book,available,1000,True,True,True
945948,Hạt Giống Tâm Hồn - Điểm Tựa Của Niềm Tin (Tái Bản 2015),64000,64000,0,0.0,0,0,.,First News - Trí Việt,,,Bìa mềm,156,2015-03-02,Nhà Sách Vĩnh Thụy,available,1000,True,False,True
550893,Sách Hạt Giống Tâm Hồn 4 (Khổ Nhỏ) - Tái Bản,48000,48000,0,0.0,0,0,.,First News - Trí Việt,Nhà Xuất Bản Tp.HCM,,Bìa mềm,,2016-10-10,Nhà Sách Vĩnh Thụy,available,1000,True,True,True
500696,Sách Chicken Soup For The Soul 13 - Sống Với Ước Mơ,60000,60000,0,0.0,0,0,Jack Canfield - Mark Victor Hansen,First News - Trí Việt,Đang cập nhật,,Bìa mềm,175,2016-03-16,Nhà Sách Vĩnh Thụy,available,1000,True,True,True
371709,Sách Dám Nghĩ Lớn! (Khổ Nhỏ),98000,98000,0,0.0,0,0,David J. Schwartz. Ph.D,First News - Trí Việt,NXB Trẻ,,Bìa mềm,445,2013-08-05,Nhà Sách Vĩnh Thụy,available,1000,True,True,True
277933702,Khi Nào Điều Xấu Đến Với Người Tốt,108000,108000,0,0.0,0,1,Harold S. Kushner,Văn Lang,Nhà Xuất Bản Hồng Đức,,Bìa mềm,208,2025-04-30,Nhà sách NetaBooks,available,1000,True,True,True
277926381,Seneca - Suy Ngẫm Về Tri Thức Và Đức Hạnh,146280,159000,8,0.0,0,1,1980 Books biên soạn,1980 Books,Nhà Xuất Bản Lao Động,,Bìa mềm,224,2025-05-07,Nhà sách NetaBooks,available,1000,True,True,True
277350716,Sách - Học Cách Yêu Để Không Hối Tiếc - Sống Đẹp Giữa Đời Vô Thường,52800,88000,40,0.0,0,0,,Khang Việt Book,Nhà Xuất Bản Văn Học,,,,,khangvietbook,available,1000,True,True,True
276949508,Khi Mọi Điều Không Như Ý,109000,109000,0,0.0,0,1,Hae Min,Nhã Nam,Nhà Xuất Bản Thế Giới,,Bìa mềm,240,2025-01-06,Nhà sách NetaBooks,available,1000,True,True,True
276817966,Sách - Một Cuốn Sách Chữa Lành,119000,119000,0,0.0,0,2,,AZ Việt Nam,Nhà Xuất Bản Thế Giới,,Bìa mềm,250,,NHBook,available,1000,True,True,True
276315673,(In màu) THỰC HÀNH THAI GIÁO - Prenatal Parenting - Cẩm Nang Thai Giáo Cho Mẹ Việt - Đỗ Thanh Huyền - Thái Hà Books,279000,279000,0,0.0,0,0,Thạc sĩ Tâm lý học Đỗ Thanh Huyền,Thái Hà,Nhà Xuất Bản Công Thương,,Bìa mềm,252,,Bamboo Books,available,1000,True,True,True
275360237,Sách Quẳng Gánh Lo Đi Và Vui Sống,79200,99000,20,5.0,1,13,Phillip Kerr,Omega Plus,Nhà Xuất Bản Dân Trí,,Bìa mềm,419,2024-06-21,Alpha Books Official,available,1000,True,True,True
275359613,Quẳng Gánh Lo Đi Và Vui Sống,79200,99000,20,0.0,0,0,Phillip Kerr,Omega Plus,Nhà Xuất Bản Dân Trí,,Bìa mềm,419,2024-06-21,Alpha Books Official,available,1000,True,True,True
274939777,Nhìn Thấu Lòng Người ,120000,120000,0,5.0,1,13,Kim Oanh,Panda Books,Nhà Xuất Bản Lao Động Xã Hội,,Bìa mềm,311,,NewShop Official,available,1000,True,True,True
274773765,Thái Căn Đàm - Tinh Hoa Xử Thế Phương Đông,158000,158000,0,0.0,0,1,Hồng Ứng Minh,Văn Lang,Nhà Xuất Bản Hồng Đức,,Bìa mềm,328,2024-04-01,Nhà sách NetaBooks,available,1000,True,True,True
274069681,Tượng cổ Champa những phát hiện gần đây (VHVN),135000,135000,0,0.0,0,0,,Nhà xuất bản Tổng hợp TP.HCM ,Nhà Xuất Bản Tổng hợp TP.HCM,,Bìa mềm,,,LITTLE BOOKS,available,1000,True,True,True
271957396,Tao Nhã - Khí Chất Cần Có Của Người Phụ Nữ Thành Công - Hiểu Tuyết - Ngọc Hoàng dịch - (bìa mềm),180000,180000,0,0.0,0,1,Hiểu Tuyết,Nhã Nam,Nhà Xuất Bản Tổng hợp TP.HCM,,Bìa mềm,442,2023-09-01,Bamboo Books,available,1000,True,True,True
270659749,Nghệ Thuật Sống Vững Vàng - Brad Stulberg - Thanh Thảo dịch - (bìa mềm),168000,168000,0,0.0,0,0,Brad Stulberg,FIRST NEWS,Nhà Xuất Bản Tổng hợp TP.HCM,,Bìa mềm,336,2023-04-01,Nhà Sách Vĩnh Thụy,available,1000,True,True,True
270246439,Khó Cỡ Nào Cũng Gỡ,54000,54000,0,0.0,0,0,Ken Watanabe,AZ Việt Nam,Nhà Xuất Bản Tổng hợp TP.HCM,,Bìa mềm,100,2023-07-14,info book,available,1000,True,True,True
263096977,NHƯ CƠN GIÓ THOẢNG - Nghĩ Về Những Quy Luật Cuộc Sống - GS. Nguyễn Văn Tuấn - (bìa mềm),115000,115000,0,0.0,0,0,,Nhà xuất bản Tổng hợp TP.HCM ,Nhà Xuất Bản Tổng hợp TP.HCM,,,,,info book,available,1000,True,True,True
262663944,"Sách Trọn Bộ 5 Cuốn ""Những Câu Chuyện Để Trưởng Thành""",325000,325000,0,0.0,0,1,Đào Xuân Ni,Nhã Nam,Nhà Xuất Bản Dân Trí,,Bìa mềm,770,,HỆ THỐNG NHÀ SÁCH ABC,available,1000,True,True,True
255349764,NGOAN CƯỜNG VƯỢT ĐỊNH KIẾN - Chimamanda Ngozi Adichie –Đỗ Ái Nhi dịch -  AZ Việt Nam - NXB  Bản Thanh Niên,79000,79000,0,0.0,0,0,,AZ Việt Nam,Nhà Xuất Bản Thanh Niên,,,,,Bamboo Books,available,1000,True,True,True
253782702,Con Đường Heartfulness - Tim Thiền Chuyển Hóa Tâm Hồn,108000,108000,0,0.0,0,0,,Sách điện tử Thái Hà,Nhà Xuất Bản Hà Nội,,,,,HỆ THỐNG NHÀ SÁCH ABC,available,1000,True,True,True
253585592,Cách Sống,99000,99000,0,1.0,1,1,,Sách điện tử Thái Hà,Nhà Xuất Bản Lao Động,,,,,Nhà Sách Vĩnh Thụy,available,1000,True,True,True
249958376,Thích Nhất Hạnh - Người Thắp Sáng Con Đường Tỉnh Thức,97750,115000,15,0.0,0,3,nhieu tac gia,Nhà xuất bản Tổng hợp TP.HCM ,Nhà Xuất Bản Tổng hợp TP.HCM,,Bìa mềm,256,2022-06-01,NXB TỔNG HỢP,available,1000,True,True,True
230327954,Cách Sống (Tái Bản 2020),99000,99000,0,0.0,0,0,,Sách điện tử Thái Hà,Nhà Xuất Bản Lao Động,,,,,info book,available,1000,True,True,True
230147279,"Ho’Oponopono: Sống Như Người Hawaii – Chấp Nhận, Biết Ơn Và Tha Thứ",109000,109000,0,0.0,0,0,,Sách điện tử Thái Hà,Nhà Xuất Bản Công Thương,,,,,HỆ THỐNG NHÀ SÁCH ABC,available,1000,True,True,True
222726459,Vì Sao Bạn Có Mặt Trên Đời?,128000,128000,0,0.0,0,0,,Huy Hoàng Bookstore,Nhà Xuất Bản Dân Trí,,,,,Bamboo Books,available,1000,True,True,True
217535559,Chicken Soup For The Soul - Khi Bạn Chỉ Có Một Mình,76000,76000,0,0.0,0,0,,FIRST NEWS,oem,,Bìa mềm,,,Nhà Sách Vĩnh Thụy,available,1000,True,True,True
215730489,"Nghệ Thuật Tối Giản - Có Ít Đi, Sống Nhiều Hơn - hiểu biết đúng đắn về nghệ thuật sống tối giản",108000,108000,0,0.0,0,1,,Sách điện tử Saigon Books,Nhà Xuất Bản Hồng Đức,,,,,Nhà Sách Vĩnh Thụy,available,1000,True,True,True
203200753,Phụ Nữ Tùng Thư - Tủ Sách Giới Và Phát Triển - Vấn Đề Phụ Nữ Ở Nước Ta,165000,165000,0,0.0,0,0,Nguyễn Văn Vĩnh,NXB Phụ Nữ,Nhà Xuất Bản Hồng Đức,,Bìa mềm,524,,info book,available,1000,True,True,True
194583741,Sách - Mọi Thứ Thật Giản Đơn,86000,86000,0,0.0,0,0,,AZ Việt Nam,Nhà Xuất Bản Thế Giới,,,,,Bamboo Books,available,1000,True,True,True
178056229,Lòng Tốt Của Bạn Cần Thêm Đôi Phần Sắc Sảo,108000,108000,0,0.0,0,0,Mộ Nhan Ca,Nhà Xuất Bản Đại Học Quốc Gia Hà Nội,Nhà Xuất Bản Đại Học Quốc Gia Hà Nội,,Bìa mềm,264,,Bamboo Books,available,1000,True,True,True
171144619,Combo Đời Thay Đổi Khi Chúng Ta Thay Đổi ( Trọn Bộ 7 Cuốn ) ( Tặng Kèm Sổ Tay ),515000,515000,0,5.0,14,64,Andrew Matthews,Nhà Xuất Bản Trẻ,NXB Trẻ,,Bìa mềm,,,NHBook,available,1000,True,True,True
148000101,Sách Ngày Trôi Nhưng Không Thôi Trân Trọng - 7 Nghi Thức Thực Hành Lòng Biết Ơn,96800,149000,35,4.6,10,83,"Federica Avanzi, Simone Masserini",Thái Hà,Nhà Xuất Bản Công Thương,,Bìa mềm,160,2021-12-01,Tiki Trading,available,1000,False,True,True
137978871,Bí Mật Của Nước,109000,109000,0,0.0,0,0,,Thái Hà Book,Nhà Xuất Bản Lao Động,,Bìa mềm,,,Bamboo Books,available,1000,True,True,True
137432610,Sách Thuật Tư Tưởng (Tái bản năm 2021),95000,95000,0,0.0,0,1,Thu Giang Nguyễn Duy Cần,NXB Trẻ,NXB Trẻ,,Bìa mềm,308,,Nhà Sách Vĩnh Thụy,available,1000,True,True,True
137259647,Sách Giáo Dục Và Ý Nghĩa Cuộc Sống,68000,68000,0,0.0,0,0,J. Krishnamurti,Nhà Xuất Bản Hồng Đức,Nhà Xuất Bản Hồng Đức,,Bìa mềm,150,2018-05-01,Nhà Sách Vĩnh Thụy,available,1000,True,True,True
120183162,Sách - Freelancing for Dummies,189000,189000,0,0.0,0,0,,Thái Hà,nxb thanh nien,,,,,Bamboo Books,available,1000,True,True,True
113117246,Sách Bạn Càng Mạnh Mẽ Thế Giới Càng Công Bằng (Minh Long),100000,100000,0,0.0,0,0,,Minh Long,nxb thanh nien,,,,,Nhà Sách Vĩnh Thụy,available,1000,True,True,True
76688236,Sách Tuổi Teen Đáng Giá Bao Nhiêu ? (Tái Bản),53200,76000,30,4.5,14,81,,First News - Trí Việt,Nhà Xuất Bản Tổng hợp TP.HCM,,Bìa mềm,160,2021-01-01,Tiki Trading,available,1000,False,True,True
76527169,Tâm Lý Học Tình Yêu - Tập 2,109000,109000,0,0.0,0,0,Vũ Chí Hồng,1980 Books,nxb thanh nien,,,232,,HỆ THỐNG NHÀ SÁCH ABC,available,1000,True,True,True
16994333,Combo Tâm Lý Học Đám Đông và Tâm Lý Học Hài Hước ( Tặng Kèm Sổ Tay ),238000,238000,0,5.0,20,162,"Gustave Le Bon, Richard Wiseman",Nhiều công ty phát hành,Nhà Xuất Bản Lao Động,,Bìa mềm,548,,NHBook,available,1000,True,True,True
530028,Sách 10 Nghịch Lý Cuộc Sống (Tái Bản 2016),64000,64000,0,0.0,0,0,Kent M. Keith Ph. D,First News - Trí Việt,NXB Trẻ,,Bìa mềm,192,2016-07-26,info book,available,1000,True,True,True
406935,Sách Hạt Giống Tâm Hồn 1 - Cho Lòng Dũng Cảm Và Tình Yêu Cuộc Sống,64000,64000,0,0.0,0,0,Nhiều tác giả,First News - Trí Việt,Nhà Xuất Bản Tổng hợp TP.HCM,,Bìa mềm,168,2014-05-31,info book,available,1000,True,True,True
279124830,Thành Công Mà Không Cần Gồng - Nghệ Thuật Sống Kiểu Pháp,147250,155000,5,0.0,0,0,Ollivier Pourriol,Nhã Nam,Nhà Xuất Bản Thế Giới,,Bìa mềm,286,2026-01-24,Nhà sách NetaBooks,available,1000,True,True,True
278768805,How To Stay No: Để Biết Nói Không - Nghệ Thuật Sống Tối Giản Theo Triết Lý Cổ Đại,110000,110000,0,0.0,0,0,DIOGENES,Gieobooks,Nhà Xuất Bản Tổng hợp TP.HCM,,Bìa mềm,164,2025-10-16,Tazano Official Store,available,1000,True,True,True
278360850,Người Lạ Với Chính Ta,188000,188000,0,0.0,0,0,Rachel Aviv,NXB Dân Trí,Nhà Xuất Bản Dân Trí,,Bìa mềm,344,,Nhà Sách Phương Nam,available,1000,True,True,True
278247940,Dẫn Luận Về Lịch Sử Nghệ Thuật,64000,64000,0,0.0,0,0,Dana Arnold,NXB Hồng Đức,Nhà Xuất Bản Hồng Đức,,Bìa mềm,224,,Nhà Sách Phương Nam,available,1000,True,True,True
277780848,Sách - Làn da được chữa lành,399000,399000,0,0.0,0,1,,Công Ty TNHH Xuất bản và Giáo dục Mochibooks,Nhà Xuất Bản Thế Giới,,Bìa mềm tay gấp,,2025-04-18,Nhà sách Mochibooks,available,1000,True,True,True
277480153,Sách - 36 kế tinh tế: Nghệ thuật nâng tầm bản thân và cuộc sống,235000,235000,0,0.0,0,0,,Công Ty TNHH Xuất bản và Giáo dục Mochibooks,Nhà Xuất Bản Lao Động,,,,2025-03-10,Nhà sách Mochibooks,available,1000,True,True,True
276807917,Đứa Trẻ Trốn Trong Phòng,119000,119000,0,0.0,0,0,Cát Nghị,NXB Thanh Niên,Nhà Xuất Bản Thanh Niên,,Bìa mềm,224,,Nhà Sách Phương Nam,available,1000,True,True,True
276449035,Wabi-Sabi (II) - Những Suy Nghĩ Thêm,118750,125000,5,0.0,0,2,,PHANBOOK,Nhà Xuất Bản Hà Nội,,Bìa mềm,120,2024-10-25,Cá Chép Bookstore,available,1000,True,True,True
276449021,"Wabi-Sabi (I) - Cho Nghệ Sĩ, Nhà Thiết Kế, Nhà Thơ Và Triết Gia",118750,125000,5,0.0,0,6,,PHANBOOK,Nhà Xuất Bản Hà Nội,,Bìa mềm,120,2024-10-25,Cá Chép Bookstore,available,1000,True,True,True
275385516,Tâm Lý Học Giao Tiếp (Tái bản năm 2024),128000,128000,0,0.0,0,1,Phổ Tường,NXB Thanh Hóa,,,Bìa mềm,293,,Nhà Sách Phương Nam,available,1000,True,True,True
275087154,Tâm Lý Học Chia Tay,168000,168000,0,0.0,0,0,Tào Tuyết Mẫn,NXB Phụ Nữ,Nhà Xuất Bản Phụ Nữ,,Bìa mềm,370,,Nhà Sách Phương Nam,available,1000,True,True,True
274991509,Combo 3 cuốn Sách Công Bằng Trên Đời Là Do Bạn Nỗ Lực Giành Lấy +  Gửi Cậu Một Cái Ôm Vì Đã Không Bỏ Cuộc + The Journey Of Youth (Chưa kịp lớn đã phải trưởng thành bản song ngữ Việt - Anh),136500,175000,22,0.0,0,5,,Công Ty Cổ Phần Time Books,Nhà Xuất Bản Dân Trí,,Bìa mềm,280,,SÁCH TIMEBOOKS,available,1000,True,True,True
274919984,Nghệ Thuật Kể Chuyện Bằng Hình Ảnh - Bản Quyền,179000,179000,0,0.0,0,1,Nhiều tác giả,1980 Books,Nhà Xuất Bản Lao Động,,Bìa mềm,326,2024-05-02,Bamboo Books,available,1000,True,True,True
274449563,Con Đường Chẳng Mấy Ai Đi (Tuệ Tri),165000,165000,0,0.0,0,0,M. Scott Peck,Công ty Cổ phần Văn hóa và Công nghệ Tuệ Tri,NXB Dân Trí,,Bìa mềm,344,,NewShop Official,available,1000,True,True,True
274372491,Gieo Niệm Lành: Chép Chữ - Luyện Tâm (Sổ tay),68000,68000,0,0.0,0,0,An Lạc,NXB Phụ Nữ,Nhà Xuất Bản Phụ Nữ,,Bìa mềm,112,,Nhà Sách Phương Nam,available,1000,True,True,True
273952630,Combo 2 Cuốn Tâm Lý Hay - Một Đời Được Mất + Càng Bình Tĩnh Càng Hạnh Phúc,250250,250250,0,0.0,0,0,,AZ Việt Nam,Nhiều Nhà Xuất Bản,,,,,AHABOOKS,available,1000,True,True,True
273829043,Tôi Nói Gì Khi Nói Về Chạy Bộ,76000,76000,0,0.0,0,0,Haruki Murakami,Nhã Nam,Nhà Xuất Bản Hội Nhà Văn,,Bìa mềm,235,,Nhà Sách Vĩnh Thụy,available,1000,True,True,True
273583971,"Sách Kỹ Năng Sống-Bullshit Jobs: Đời Ngắn Lắm, Đừng Làm Việc Vô Nghĩa!",170000,170000,0,0.0,0,0,David Graeber,Saigon Books,Nhà Xuất Bản Thế Giới,,Bìa mềm,388,,info book,available,1000,True,True,True
270120733,Con Đường Heartfulness - Tim Thiền - Chuyển Hóa Tâm Hồn - Bản Quyền,108000,108000,0,0.0,0,0,,Thái Hà Book,Nhà Xuất Bản Hà Nội,,,,,info book,available,1000,True,True,True
270116217,Bí Mật Của Nước - Bản Quyền,89000,89000,0,0.0,0,0,,Thái Hà Book,Từ Điển Báck Khoa,,,,,Nhà Sách Vĩnh Thụy,available,1000,True,True,True
269355229,"Không Giới Hạn - Khám Phá Ho'oponopono - Joe Vitale, Ihaleakala Hew Len - Tường Linh dịch - (bìa mềm)",169000,169000,0,0.0,0,0,nhieu tac gia,Phương Nam Book,Nhà Xuất Bản Tổng hợp TP.HCM,,Bìa mềm,304,2020-06-01,HỆ THỐNG NHÀ SÁCH ABC,available,1000,True,True,True
264073930,Sách Nhã Nam - Thiền định mỗi ngày,118000,118000,0,0.0,0,0,,Nhã Nam,Nhà Xuất Bản Dân Trí,,,,,HỆ THỐNG NHÀ SÁCH ABC,available,1000,True,True,True
263945037,Đọc nhiều nhớ được bao nhiêu,118000,118000,0,0.0,0,5,Zion Kabasawa,Saigon Books,Nhà Xuất Bản Dân Trí,,Bìa mềm,240,2022-06-30,Saigon Books Official,available,1000,True,True,True
252290083,Sách  Sống bản lĩnh theo cách một quý cô - Bản Quyền,96000,96000,0,0.0,0,0,,Skybooks,Nhà Xuất Bản Hà Nội,,,,,Nhà Sách Vĩnh Thụy,available,1000,True,True,True
217332183,Làm Thế Nào Để Sống Trọn Vẹn 24 Giờ Mỗi Ngày - HA,40000,40000,0,4.0,1,14,Arnold Bennett,Nhà Sách Hồng Ân,Nhà Xuất Bản Đại Học Quốc Gia Hà Nội,,Bìa mềm,80,,NewShop Official,available,1000,True,True,True
216285746,"SÁCH: Nghệ thuật tối giản: Có ít đi, sống nhiều hơn (L'art de la Simplicité) - Tác giả: Dominique Loreau",108000,108000,0,0.0,0,0,,Saigon Books,Nhà Xuất Bản Thế Giới,,,,,info book,available,1000,True,True,True
215140237,Bốn Thỏa Ước (SGB),130000,130000,0,0.0,0,0,,Sách điện tử Saigon Books,Nhà Xuất Bản Dân Trí,,,,,HỆ THỐNG NHÀ SÁCH ABC,available,1000,True,True,True
208608011,Một Cuốn Sách Trầm Cảm,106000,106000,0,0.0,0,1,,AZ Việt Nam,Nhà Xuất Bản Thanh Niên,,Bìa mềm,208,2022-12-20,Nhà Sách Vĩnh Thụy,available,1000,True,True,True
202040174,Sách Nghệ Thuật Sống Đẹp: Lắng Nghe Để Thấu Hiểu Nhìn Lại Để Yêu Thương,139000,139000,0,0.0,0,0,,1980 Books,Nhà Xuất Bản Thanh Niên,,,,,Nhà Sách Vĩnh Thụy,available,1000,True,True,True
190096985,Sách: Mọi Việc Đều Có Thể Giải Quyết - Tháo Gỡ Khó Khăn Bằng Phương Pháp Thiền,138000,138000,0,0.0,0,0,,Nhã Nam,Nhà Xuất Bản Dân Trí,,,,,Bamboo Books,available,1000,True,True,True
177145426,Kĩ Năng Đọc Thông Minh,95000,95000,0,0.0,0,0,,Minh Long,oem,,Bìa mềm,,,HỆ THỐNG NHÀ SÁCH ABC,available,1000,True,True,True
174398007,"Combo: Thực hành ""Bộ não của Phật""",350000,350000,0,5.0,7,67,Rick Hanson PhD,Samanta,Nhà Xuất Bản Hồng Đức,,Bìa mềm,780,2022-03-15,Goose Space,available,1000,True,True,True
142258565,"Combo 2 cuốn: Yang Sheng - Dưỡng Lành Cơ Thể, Làm Đẹp Tâm Hồn + Yin Yoga- Tâm yên bình, đẹp dáng xinh ( Bộ sách tuyệt hay về sức khỏe tâm hồn)",313200,313200,0,0.0,0,0,,Nhiều công ty phát hành,Nhiều Nhà Xuất Bản,,,,,AHABOOKS,available,1000,True,True,True
137852723,Bạn Đắt Giá Bao Nhiêu?,119000,119000,0,0.0,0,1,Vãn Tình,AZ Việt Nam,Nhà Xuất Bản Văn Học,,,,,Nhà Sách Vĩnh Thụy,available,1000,True,True,True
37306453,Càng Độc Lập Càng Cao Quý - Cuốn Sách Kỹ Năng Tuyệt Vời Dành Cho Các Bạn Nữ / Tặng Kèm Bookmark Happy Life Siêu Xinh,149000,149000,0,0.0,0,0,Vãn Tình,AZ Việt Nam,,,Bìa mềm,,,info book,available,1000,True,True,True
11436637,Combo Tuổi Trẻ Đáng Giá Bao Nhiêu Và Bạn Dắt Giá Bao Nhiêu Tặng Kèm Bookmark Gương Mặt Cảm Xúc,199500,199500,0,4.7,49,525,.,Nhiều công ty phát hành,Nhiều Nhà Xuất Bản,,Bìa mềm,320,,Phương Đông Books,available,1000,True,True,True
8149190,Mỗi Ngày Một Niềm Hy Vọng,84000,84000,0,0.0,0,0,"Thanh Ly, Bảo Phúc",Công Ty Cổ Phần Tri thức Văn Hóa Sách Việt Nam,Nhà Xuất Bản Hồng Đức,,Bìa mềm,168,1900-01-13,Bamboo Books,available,1000,True,True,True
1059890,Sách Thói Quen Tốt Rèn Trí Não Siêu Việt (Tái Bản 2017),79000,79000,0,0.0,0,0,Kubota Kisou,Alphabooks,Nhà Xuất Bản Lao Động Xã Hội,,Bìa cứng,158,2017-10-01,Nhà Sách Vĩnh Thụy,available,1000,True,True,True
415273,Sách Chú Chó Lạc Quan,45000,45000,0,5.0,1,7,Jon Gordon,Pandabooks,Nhà Xuất Bản Mỹ Thuật,,Bìa mềm,152,2014-10-30,NewShop Official,available,1000,True,True,True
405664,Sách Thuyết Phục - Nghệ Thuật Tác Động Đến Người Khác (Tái Bản 2014),248000,248000,0,0.0,0,21,James Borg,Nhân Trí Việt,,,Bìa mềm,358,2014-05-01,NHBook,available,1000,True,True,True
278947813,Combo 5 cuốn: Dương Mưu + Đạo làm giàu + Đạo gia đình + Chí lập thân + Chí tiến thủ,673200,935000,28,0.0,0,0,"Tần Trần, Triệu Tử Y",1980 Books,Nhà Xuất Bản Lao Động,,Bìa mềm,396,,1980 BOOKS HCM,available,1000,True,True,True
277729820,Sách - Ứng Dụng Manifest (Mitch Horowitz),128880,179000,28,0.0,0,1,Mitch Horowitz,1980 Books,Nhà Xuất Bản Lao Động,,Bìa mềm,322,,TTR Next Generation,available,1000,True,True,True
277386638,How To See - Nhìn Sao Để Thấy Rõ (Sách Bỏ Túi),85000,98000,13,0.0,0,2,Thích Nhất Hạnh,PHANBOOK,Nhà Xuất Bản Dân Trí,,Bìa mềm,178,,PHAN LỆ & FRIENDS,available,1000,True,True,True
276710341,Học cách làm bạn với cảm xúc Hạnh phúc đến từ nội tâm,135780,186000,27,0.0,0,15,,BIZBOOKS,Nhà Xuất Bản Hồng Đức,,Bìa mềm,340,,BizbooksJSC,available,1000,True,True,True
276379300,Vận Dụng Luật Hấp Dẫn Thu Hút Tiền Bạc Và Hạnh Phúc,114480,159000,28,0.0,0,0,,1980 Books,Nhà Xuất Bản Lao Động,,,,,TTR Next Generation,available,1000,True,True,True
275624200,Sách Bên Bạn Dù Bạn Ở Nơi Đâu,73260,99000,26,5.0,1,17,Xứ Sở Ngôn Từ,Bookland,Nhà Xuất Bản Dân Trí,,Bìa mềm,160,2024-07-08,Tiki Trading,available,1000,False,True,True
275034815,Sách Cô đơn nhưng không cô độc: Hạnh phúc luôn bên ta,121000,158000,23,0.0,0,8,Tom Albrighton,Công ty CP Sách Bizbooks,Nhà Xuất Bản Hồng Đức,,Bìa mềm,280,2023-12-21,Tiki Trading,available,1000,False,True,True
274198836,Nghệ Thuật Việt Nam,200000,200000,0,0.0,0,3,nhieu tac gia,NXB Kim Đồng,Nhà Xuất Bản Kim Đồng,,Bìa cứng,184,,Bamboo Books,available,1000,True,True,True
274143393,Thả Trôi Phiền Muộn,106000,110000,4,0.0,0,0,,Saigon Books,NXB Dân Trí,,,,,Nhân Văn,available,1000,True,True,True
273958480,Bốn Nghìn Tuần,151600,158000,4,5.0,1,1,Oliver Burkeman,Nhã Nam,Nhà Xuất Bản Tổng hợp TP.HCM,,Bìa mềm,348,2024-01-16,TYMBooks,available,1000,True,True,True
273596531,Sách Dám can đảm,71280,99000,28,4.5,2,30,William H. McRaven,Nhã Nam,Nhà Xuất Bản Phụ Nữ,,Bìa mềm,168,2023-11-27,Tiki Trading,available,1000,False,True,True
273293531,"Phụ nữ tự do, tình yêu và hạnh phúc  - Bản Quyền",119000,119000,0,0.0,0,0,,Thái Hà,Nhà Xuất Bản Công Thương,,,,,Bamboo Books,available,1000,True,True,True
273042240,SỐNG MỘT CUỘC ĐỜI Ý NGHĨA - 99 Điều Tích Cực Để Sống Hạnh Phúc Và Thành Công - Trần Đình Hoành - (bìa mềm),124800,130000,4,0.0,0,0,Trần Đình Hoành,NXB Phụ Nữ Việt Nam,Nhà Xuất Bản Phụ Nữ,,Bìa mềm,356,2023-10-15,TYMBooks,available,1000,True,True,True
272429680,Sách Phụ Nữ Thông Minh: 7 Bài Học Lựa Chọn Hạnh Phúc,141800,189000,25,0.0,0,4,,BIZBOOKS,Nhà Xuất Bản Hồng Đức,,,,,NVP,available,1000,True,True,True
271516050,"Sách Đọc Suy Nghĩ, Thấu Tâm Can - Cả Đời Chỉ Cần Hiểu Một Từ Yêu",156000,156000,0,0.0,0,1,,BIZBOOKS,Nhà Xuất Bản Hồng Đức,,,,,NHBook,available,1000,True,True,True
271270214,Sách Lời hay tình đẹp: Để cuộc hôn nhân của bạn không trở thành nấm mồ của tình yêu,117000,152000,23,0.0,0,31,Mễ Á,BIZBOOKS,Nhà Xuất Bản Hồng Đức,,Bìa mềm,264,2023-10-05,Tiki Trading,available,1000,False,True,True
270131209,Lối sống tối giản thời công nghệ số - Bản Quyền,149000,149000,0,0.0,0,0,,Thái Hà Book,Nhà Xuất Bản Công Thương,,,,,Nhà Sách Vĩnh Thụy,available,1000,True,True,True
262570495,Phong Cách Sống Của Người Hạnh Phúc,120000,125000,4,0.0,0,0,,Cty Văn Hóa Văn Lang,Nhà Xuất Bản Hồng Đức,,,,,Nhân Văn,available,1000,True,True,True
262424685,Muôn kiếp nhân sinh tập 3 ( bìa mềm ) - Tặng kèm bookmark,185300,218000,15,0.0,0,0,,First News - Trí Việt,Nhà Xuất Bản Tổng hợp TP.HCM,,,,,Bảo Châu Books,available,1000,True,True,True
255759970,"Chủ Nghĩa Khắc Kỷ - Nuôi Dưỡng Sự Tích Cực, Sống Cuộc Đời Đẹp Nhất - Matthew J. Van Natta - Thanh Thủy - (bìa mềm)",109000,109000,0,0.0,0,3,Matthew J. Van Natta,Nhà xuất bản Tổng hợp TP.HCM ,Nhà Xuất Bản Tổng hợp TP.HCM,,Bìa mềm,208,2023-05-01,Bamboo Books,available,1000,True,True,True
253631200,OSHO Thân Mật Cội Nguồn Của Hạnh Phúc - Bản Quyền,98000,98000,0,0.0,0,0,,First News - Trí Việt,Nhà Xuất Bản Hồng Đức,,,,,Nhà Sách Vĩnh Thụy,available,1000,True,True,True
253619021,Muôn kiếp nhân sinh Tập 1 (Khổ Nhỏ)-Nguyên Phong,98000,98000,0,0.0,0,5,Nguyên Phong,First News - Trí Việt,Nhà Xuất Bản Tổng hợp TP.HCM,,Bìa mềm,98,,Nhà Sách Vĩnh Thụy,available,1000,True,True,True
246162962,LAGOM - PHONG CÁCH CÂN BẰNG CUỘC SỐNG CỦA THỤY ĐIỂN – Jonny Jackson & Elias Larsen - Huy Minh dịch – Nxb Trẻ (bìa mềm),95000,95000,0,0.0,0,1,,NXB Trẻ,NXB Trẻ,,,,,Bamboo Books,available,1000,True,True,True
221231125,Combo 2Q: Càng Bình Tĩnh Càng Hạnh Phúc + Điềm Tĩnh Và Nóng Giận,221350,221350,0,0.0,0,1,,Nhiều công ty phát hành,Nhiều Nhà Xuất Bản,,,,,Phương Đông Books,available,1000,True,True,True
212993258,Sách Nẻo Về Của Ý (Tái bản năm 2022),155000,155000,0,0.0,0,2,Thích Nhất Hạnh,Phương Nam Book,Nhà Xuất Bản Thế Giới,,Bìa mềm,309,,PHƯƠNG NAM BOOK,available,1000,True,True,True
205810339,Tâm Lý Học Hành Vi Trong Giao Tiếp,115000,115000,0,0.0,0,0,Tô Mạn,Nhà xuất bản Văn Học,Nhà Xuất Bản Văn Học,,Bìa mềm,256,,Nhà Sách Phương Nam,available,1000,True,True,True
204754603,Combo 2 Cuốn Về Những Lối Sống Nổi Tiếng: Ikigai - Đi Tìm Lý Do Thức Dậy Mỗi Sáng + Honjok - Yên Bình Sống Một Mình (Tặng Kèm Bookmark Bamboo Books),238000,238000,0,0.0,0,0,"Francesc Miralles, Héctor García, Francie Healey",Thái Hà Book,Nhà Xuất Bản Công Thương,,Bìa mềm,,,Nhà Sách Vĩnh Thụy,available,1000,True,True,True
191782137,"Sách Hôm Nay, Bạn Mỉm Cười Vì Điều Gì? - Chăm Sóc Tâm Hồn Bằng Tình Yêu Và Hy Vọng",78000,105000,26,5.0,2,45,Quý Somsen,NXB Trẻ,NXB Trẻ,,,240,2022-07-07,Tiki Trading,available,1000,False,True,True
185668561,Sách Phút Nhìn Lại Mình,54600,78000,30,5.0,16,208,"Spencer Johnson, M.D.",FIRST NEWS,Nhà Xuất Bản Tổng hợp TP.HCM,,Bìa mềm,192,2022-06-06,Tiki Trading,available,1000,False,True,True
177145368,Những Điều Tốt Đẹp Luôn Đúng Hạn Mà Đến,92000,96000,4,0.0,0,3,,AZ Việt Nam,oem,,Bìa mềm,,,Nhân Văn,available,1000,True,True,True
92551647,Sách - Cho Đi Là Còn Mãi - First News,78000,78000,0,0.0,0,0,,First News - Trí Việt,Nhà Xuất Bản Tổng hợp TP.HCM,,,131,,Bamboo Books,available,1000,True,True,True
75615953,Sách Rèn Luyện Tâm Trí,104700,119000,12,4.5,2,17,Keisuke Fujino,1980 Books,Nhà Xuất Bản Công Thương,,Bìa mềm,232,,Nhà sách Fahasa,available,1000,True,True,True
74217553,Sách Nếu Biết Ngày Mai Rời Quán Trọ,73700,110000,33,5.0,69,428,Thích Nữ Nhuận Bình,Saigon Books,Nhà Xuất Bản Văn Hóa - Văn Nghệ TP.HCM,,Bìa mềm,224,2020-12-01,Tiki Trading,available,1000,False,True,True
66698368,Sách Hạt Giống Tâm Hồn 15 (New Edition 2020),76000,76000,0,0.0,0,0,.,First News - Trí Việt,Nhà Xuất Bản Tổng hợp TP.HCM,,Bìa mềm,152,2020-09-01,Nhà Sách Vĩnh Thụy,available,1000,True,True,True
55982899,Sách Càng độc lập càng cao quý,136080,189000,28,4.6,39,309,Vãn Tình,1980 Books,Nhà Xuất Bản Phụ Nữ,,Bìa mềm,368,2022-07-01,1980 BOOKS HCM,available,1000,True,True,True
54029394,"Sách Yin Yoga – Tâm yên bình, đẹp dáng xinh",160500,160500,0,4.8,10,67,.,Quảng Văn,Nhà Xuất Bản Phụ Nữ,,,,,Phương Đông Books,available,1000,True,True,True
6361621,Sách Sống Có Mục Đích,79000,98000,19,0.0,0,35,"Matthew McKay, Ph. D - John P. Forsyth, Ph.D - Georg H. Eifert",VanLangBooks,,,,295,2017-01-01,Văn Lang Official Store,available,1000,True,True,True
791662,Sách Chicken Soup For The Soul - Hạt Giống Yêu Thương,76000,76000,0,0.0,0,0,"Jack Canfield, Mark Victor Hansen",First News - Trí Việt,Nhà Xuất Bản Tổng hợp TP.HCM,,Bìa mềm,176,2017-08-01,Nhà Sách Vĩnh Thụy,available,1000,True,True,True
542756,Sách Chữ Tâm Trong Đối Nhân Xử Thế,19000,20000,5,5.0,9,235,Nguyễn Nguyên Quân - Như Hùng (biên soạn),Công Ty TNHH TM - DV Chính Thông,,,Bìa mềm,143,2011-12-30,Chính Thông,available,1000,True,True,True
446369,Sách Làm Thế Nào Để Sống Vui,52200,55000,5,5.0,3,192,George Ohsawa,Công Ty TNHH TM - DV Chính Thông,Nhà Xuất Bản Hồng Đức,,Bìa mềm,138,2014-06-10,Chính Thông,available,1000,True,True,True
278850008,Nửa Lo Âu - Nửa Trưởng Thành,150000,150000,0,0.0,0,0,Jemma Sbeg,NXB Trẻ,NXB Trẻ,,Bìa mềm,340,2025-11-06,Bamboo Books,available,1000,True,True,True
275199066,Sách - Bạn đắt giá bao nhiêu (Vãn Tình),139000,139000,0,0.0,0,2,Vãn Tình,NXB Trẻ,NXB Trẻ,,Bìa mềm,268,2022-06-20,NHBook,available,1000,True,True,True
274511424,Sách Về Y Học: Chữa Lành Bằng Ánh Sáng Mặt Trời,129000,129000,0,0.0,0,1,,Thái Hà,Nhà Xuất Bản Thế Giới,,,,,HỆ THỐNG NHÀ SÁCH ABC,available,1000,True,True,True
274356757,Cuốn Sách Giúp Cải Thiện Bản Thân: The Eye Of The I - Nhận Thức Toàn Vẹn,219000,219000,0,0.0,0,0,,Thái Hà,Nhà Xuất Bản Thế Giới,,,,,info book,available,1000,True,True,True
273881055,Sách - Luật Hấp Dẫn Bí Mật Tối Cao ( TH),87000,99000,12,0.0,0,0,,Thái Hà,Từ Điển Báck Khoa,,Bìa mềm,217,,Alpha Books Official,available,1000,True,True,True
273880803,Sách - Hơn cả hạnh phúc ( TH),129000,129000,0,0.0,0,0,,Thái Hà,Nhà Xuất Bản Thế Giới,,Bìa mềm,312,2024-01-07,Bảo Châu Books,available,1000,True,True,True
273472265,Trạm Đọc | Lẽ Sống - Yes To Life,68000,68000,0,0.0,0,0,Viktor E. Frankl,First News - Trí Việt,Nhà Xuất Bản Tổng hợp TP.HCM,,Bìa mềm,136,,HỆ THỐNG NHÀ SÁCH ABC,available,1000,True,True,True
271641776,Bộ Sách Hạt Giống Tâm Hồn Dành Cho Thiếu Nhi (Bộ 5 Cuốn)_FN,280000,280000,0,0.0,0,1,,First News - Trí Việt,Nhà Xuất Bản Đại Học Quốc Gia Hà Nội,,Bìa mềm,,,NHBook,available,1000,True,True,True
254085723,Combo Thế Giới Trong Bạn + Tự Do Đầu Tiên Và Cuối Cùng - Bản Quyền,336000,336000,0,0.0,0,0,,First News - Trí Việt,Nhà Xuất Bản Dân Trí,,,,,HỆ THỐNG NHÀ SÁCH ABC,available,1000,True,True,True
254080325,Khoảnh khắc thức tỉnh (Hành trình đi tìm tình yêu và ý nghĩa cuộc sống)  - Bản Quyền,158000,158000,0,0.0,0,0,,First News - Trí Việt,Nhà Xuất Bản Dân Trí,,,,,info book,available,1000,True,True,True
252562956,Bí Mật Của May Mắn - Khổ Lớn (Tái Bản),68000,68000,0,0.0,0,0,,First News - Trí Việt,NXB Tổng Hợp Thành Phố Hồ Chí Minh,,Bìa mềm,,,info book,available,1000,True,True,True
246208987,Vươn Đến Sự Hoàn Thiện (Tái Bản),108000,108000,0,0.0,0,0,,First News - Trí Việt,Nhà Xuất Bản Tổng hợp TP.HCM,,,,,info book,available,1000,True,True,True
229769847,Combo 2 cuốn sách kĩ năng sống hay nhất của tác giả  Eckhart Tolle : Hợp Nhất Với Vũ Trụ + Sức Mạnh Của Tĩnh Lặng/ Cuốn sách giúp bạn cảm nhận rõ nét nội tâm chính mình,156000,156000,0,0.0,0,0,,First News - Trí Việt,Nhà Xuất Bản Tổng hợp TP.HCM,,,,,Nhà Sách Vĩnh Thụy,available,1000,True,True,True
225210967,Sống Tối Giản - Tối Thiểu Để Đạt Tối Đa,158000,158000,0,0.0,0,0,,First News - Trí Việt,oem,,,,,info book,available,1000,True,True,True
213959742,Hạt Giống Tâm Hồn 14 - Góc Nhìn Diệu Kỳ Của Cuộc Sống,76000,76000,0,0.0,0,0,First News Tổng Hợp,First News - Trí Việt,Nhà Xuất Bản Tổng hợp TP.HCM,,,152,,Nhà Sách Vĩnh Thụy,available,1000,True,True,True
181971804,Hạt Giống Tâm Hồn - Bụi Phấn,96000,96000,0,0.0,0,0,,First News - Trí Việt,Nhà Xuất Bản Đại Học Quốc Gia Hà Nội,,,,,info book,available,1000,True,True,True
167615578,Sống Không Rác - Thay Đổi Thế Giới Từ Những Điều Nhỏ Nhất,139000,139000,0,0.0,0,0,,Thái Hà,oem,,,,,Nhà Sách Vĩnh Thụy,available,1000,True,True,True
167615544,Thiết Kế Một Cuộc Đời Đáng Sống,128000,128000,0,0.0,0,0,,First News - Trí Việt,oem,,,,,info book,available,1000,True,True,True
167615244,Không Gục Ngã - Tự Truyện Nguyễn Bích Lan (Tái Bản),128000,128000,0,0.0,0,0,,First News - Trí Việt,oem,,,,,info book,available,1000,True,True,True
167614136,Chìa Khóa Tư Duy Tích Cực,78000,78000,0,0.0,0,0,,First News - Trí Việt,oem,,,,,Nhà Sách Vĩnh Thụy,available,1000,True,True,True
108676179,Sách Muôn Kiếp Nhân Sinh (phần 2) - Kiệt tác tâm linh của giáo sư Nguyên Phong,268000,268000,0,0.0,0,0,Nguyên Phong,First News - Trí Việt,Nhà Xuất Bản Tổng hợp TP.HCM,,,568,,Nhà Sách Vĩnh Thụy,available,1000,True,True,True
95497508,Sách muôn kiếp nhân sinh tập 2 tặng bookmark Vadata,227800,268000,15,0.0,0,5,Nguyên Phong,First News - Trí Việt,Nhà Xuất Bản Tổng hợp TP.HCM,,Bìa mềm,540,2021-05-06,Bảo Châu Books,available,1000,True,True,True
74775372,Sách Chicken Soup For The Soul: Vòng Tay Của Mẹ (Tái Bản),53200,76000,30,4.5,8,111,"Jack Canfield, Mark Victor Hansen",First News - Trí Việt,Nhà Xuất Bản Tổng hợp TP.HCM,,Bìa mềm,192,,Tiki Trading,available,1000,False,True,True
73795267,Sách Khi Mọi Điểm Tựa Đều Mất (Tái Bản 2020),98000,98000,0,0.0,0,3,"Marci Shimoff, Carol Kline",First News - Trí Việt,Nhà Xuất Bản Tổng hợp TP.HCM,,Bìa mềm,280,,Bamboo Books,available,1000,True,True,True
68823450,Sách Chicken Soup For The Soul: Khi Bạn Chỉ Có Một Mình (Tái Bản2020),72200,76000,5,0.0,0,0,"Jack Canfield, Mark Victor Hansen",First News - Trí Việt,Nhà Xuất Bản Tổng hợp TP.HCM,,Bìa mềm,178,,Bảo Châu Books,available,1000,True,True,True
55880690,Combo Sách Tư Duy - Tĩnh Tâm Hay: Sức Mạnh Của Sự Tử Tế - Cách Chinh Phục Giới Kinh Doanh Bằng Sự Tử Tế + Cởi Trói Linh Hồn (Cẩm nang chinh phục đối tác và tuyệt chiêu vượt qua giới hạn bản thân),216250,216250,0,4.0,1,8,,Nhiều công ty phát hành,Nhiều Nhà Xuất Bản,,Bìa mềm,,,AHABOOKS,available,1000,True,True,True
55002730,Combo 2 cuốn sách kĩ năng sống hay nhất của tác giả  Eckhart Tolle : Hợp Nhất Với Vũ Trụ + Sức Mạnh Của Tĩnh Lặng/ Cuốn sách giúp bạn cảm nhận rõ nét nội tâm chính mình ,156000,156000,0,5.0,1,6,,First News - Trí Việt,Nhà Xuất Bản Tổng hợp TP.HCM,,Bìa mềm,,,Bamboo Books,available,1000,True,True,True
51518526,Bộ Sách Hạt Giống Tâm Hồn (Trọn Bộ 16 Tập),1216000,1216000,0,4.7,6,17,First News,First News - Trí Việt,Nhà Xuất Bản Tổng hợp TP.HCM,,,,,trungthanh2018,available,1000,True,True,True
46643195,Cuốn Sách Kỹ Năng Sống Hay: Suối Nguồn Tươi Trẻ 2,100300,118000,15,0.0,0,11,,First News - Trí Việt,Nhà Xuất Bản Tổng Hợp,,Bìa mềm,,,First News,available,1000,True,True,True
8277500,Combo 2 quyển: Sức Mạnh Tiềm Thức + Đạo - Con Đường Không Lối (Tặng kèm bookmark danh ngôn hình voi) ,227000,227000,0,0.0,0,0,"Joseph Murphyc, Osho",First News - Trí Việt,Nhiều Nhà Xuất Bản,,Bìa mềm,,,Nhà Sách Vĩnh Thụy,available,1000,True,True,True
7796043,Combo Bí Quyết Đơn Giản Hóa Cuộc Sống và Lagom - Vừa Đủ,266000,266000,0,0.0,0,0,"Linnea Dunne, Werner Tiki Kustenmacher",First News - Trí Việt,,,Bìa mềm,,,Nhà Sách Vĩnh Thụy,available,1000,True,True,True
2684009,Sách 500 Câu Chuyện Đạo Đức - Tình Thân Ái,28500,30000,5,1.0,1,23,Nguyễn Hạnh - Trần Thị Thanh Nguyên,NXB Trẻ,,,Bìa mềm,100,,Nhà sách Fahasa,available,1000,True,True,True
745378,Sách Chicken Soup For The Soul - Hạt Giống Yêu Thương,76000,76000,0,0.0,0,0,"Jack Canfield, Mark Victor Hansen",First News - Trí Việt,Nhà Xuất Bản Tổng hợp TP.HCM,,Bìa mềm,176,2017-07-24,Nhà Sách Vĩnh Thụy,available,1000,True,True,True
557872,Sách Bụi Phấn,96000,96000,0,0.0,0,3,.,First News - Trí Việt,Nhà Xuất Bản Tổng hợp TP.HCM,,Bìa mềm,229,2016-11-10,Bamboo Books,available,1000,True,True,True
533853,Sách Hạt Giống Tâm Hồn 2 (Kèm CD) - Tái Bản,76000,76000,0,0.0,0,0,.,First News - Trí Việt,Nhà Xuất Bản Tổng Hợp,,Bìa mềm,168,2016-08-05,Nhà Sách Vĩnh Thụy,available,1000,True,True,True
528422,Sách Điểm Tựa Của Niềm Tin (Tái Bản 2016),64000,64000,0,0.0,0,0,First News,First News - Trí Việt,Nhà Xuất Bản Tổng hợp TP.HCM,,Bìa mềm,160,2016-07-21,Nhà Sách Vĩnh Thụy,available,1000,True,True,True
486639,Sách Bí Quyết Của Thành Công (Tái Bản 2016 - Khổ Lớn),88000,88000,0,0.0,0,0,David Niven,First News - Trí Việt,Nhà Xuất Bản Tổng hợp TP.HCM,,Bìa mềm,304,2016-04-08,Nhà Sách Vĩnh Thụy,available,1000,True,True,True
486506,Sách Đi Tìm Hạnh Phúc Cuộc Sống (Tái Bản 2016),60000,60000,0,0.0,0,0,Rick Foster - Greg Hicks,First News - Trí Việt,Nhà Xuất Bản Tổng hợp TP.HCM,,Bìa mềm,208,2016-04-07,Nhà Sách Vĩnh Thụy,available,1000,True,True,True
422867,[ECA 2014] Sách Hạt Giống Tâm Hồn - Tuyển Chọn Những Câu Chuyện Hay Nhất,118000,118000,0,0.0,0,0,.,First News - Trí Việt,Nhà Xuất Bản Tổng hợp TP.HCM,,Bìa cứng,335,2014-12-15,FishingBook,available,1000,True,True,True
367021,Sách Sống Cho Điều Ý Nghĩa Hơn,83500,83500,0,0.0,0,0,Nick Vujicic,First News - Trí Việt,Nhà Xuất Bản Tổng hợp TP.HCM,,Bìa cứng,152,2013-05-31,Hiệu Sách Tự Do,available,1000,True,True,True
279148213,Lối Sống Tối Giản Của Người Nhật (Tái Bản),139000,139000,0,0.0,0,0,nhieu tac gia,Nhà Sách Hồng Ân,Nhà Xuất Bản Lao Động,,Bìa mềm,298,,Bảo Châu Books,available,1000,True,True,True
277881370,Sống Đời Tỉnh Thức,117300,138000,15,0.0,0,0,Don Miguel Ruiz,Văn Lang,Nhà Xuất Bản Hồng Đức,,Bìa mềm,306,2025-04-28,Bảo Châu Books,available,1000,True,True,True
277006873,Hãy Biến Mình Thành Người Hạnh Phúc Nhất Bây Giờ,89000,89000,0,0.0,0,0,Ryushun Kusanagi,Gieobooks,Nhà Xuất Bản Lao Động,,Bìa mềm,124,2025-01-13,Bamboo Books,available,1000,True,True,True
276745035,Finding Flow - Đi Tìm Dòng Chảy,102000,102000,0,0.0,0,1,Mihaly Csikszentmihalyi,NXB Văn Học,Nhà Xuất Bản Văn Học,,Bìa mềm,240,,Nhà Sách Phương Nam,available,1000,True,True,True
275715359,Sách - Đừng Tức Giận Số Phận ,135000,135000,0,0.0,0,0,Lâm Phương Lam,Bách Việt,Nhà Xuất Bản Thanh Niên,,Bìa mềm,368,,Bamboo Books,available,1000,True,True,True
274909381,Sách Lối Sống Tối Giản Của Người Nhật ( TH),119000,119000,0,0.0,0,0,Sasaki Fumio,Nhà Sách Hồng Ân,Nhà Xuất Bản Lao Động,,Bìa mềm,300,,Bảo Châu Books,available,1000,True,True,True
274681478,THÁI CĂN ĐÀM - Triết Lý Nhân Sinh Trong Xử Thế Tam Đại Kỳ Thư - Hồng Ứng Minh - Lê Tiến Thành dịch (bìa mềm),158000,158000,0,0.0,0,0,Hồng Ứng Minh,Văn Lang,Nhà Xuất Bản Tổng hợp TP.HCM,,Bìa mềm,,2024-04-01,Bamboo Books,available,1000,True,True,True
274592873,Cuốn Sách Chữa Lành Tâm Hồn:  Tôi Không Cho Phép Người Khác Làm Tổn Thương Mình Nữa,90000,90000,0,0.0,0,1,,AZ Việt Nam,Nhà Xuất Bản Thanh Niên,,,,,Bamboo Books,available,1000,True,True,True
273938044,TIỂU SONG U KÝ - Triết Lý Nhân Sinh Trong Xử Thế Tam Đại Kỳ Thư - Trần Kế Nho - Lê Tiến Thành dịch và bình chú - (bìa mềm),148000,148000,0,0.0,0,0,,Văn Lang,Nhà Xuất Bản Tổng hợp TP.HCM,,Bìa mềm,,2024-01-30,Bamboo Books,available,1000,True,True,True
273168861,Bạn Là Ai Giữa Muôn Vàn Phong Cách Sống,85000,85000,0,0.0,0,0,,Công Ty TNHH Văn Hóa Và Truyền Thông Skybooks Việt Nam,Nhà Xuất Bản Thanh Niên,,,,,Bamboo Books,available,1000,True,True,True
273121267,Sách Ngày Một Người Rời Xa Một Người - Bản Quyền,86000,86000,0,0.0,0,0,,Skybooks,Nhà Xuất Bản Phụ Nữ Việt Nam,,,,,Bamboo Books,available,1000,True,True,True
271245054,Người Thông Minh Giải Quyết Vấn Đề Như Thế Nào? (2023),68000,68000,0,0.0,0,0,Ken Watanabe,FIRST NEWS,Nhà Xuất Bản Tổng Hợp,,Bìa mềm,150,,Nhà sách NetaBooks,available,1000,True,True,True
270715530,Osho: Như Chim Sải Cánh,179000,179000,0,0.0,0,2,Osho,NXB Hồng Đức,Nhà Xuất Bản Hồng Đức,,Bìa mềm,495,,Bảo Châu Books,available,1000,True,True,True
270064626,"Sách Bạn Đang Bận Việc Gì - Đai Sư Khenpo Sodargye ""Sự bận rộn của thân thể, căn bản nằm ở tâm""",154000,220000,30,0.0,0,7,Khenpo Sodargye,Công ty cổ phần đầu tư và phát triển giáo dục quốc tế Á Châu,Nhà Xuất Bản Lao Động,,Bìa mềm,392,,Korichi Official,available,1000,True,True,True
253364487,Vẻ Đẹp Của Sự Cô Đơn - Tặng Kèm Bookmark,160000,160000,0,0.0,0,0,Giác Minh Luật,Skybooks,Nhà Xuất Bản Phụ Nữ Việt Nam,,Bìa mềm,224,2023-05-08,HỆ THỐNG NHÀ SÁCH ABC,available,1000,True,True,True
249026550,Luật Hấp Dẫn Trong Tình Yêu (Nghệ Thuật Sống Hạnh Phúc),119000,119000,0,0.0,0,1,,1980 Books,Nhà Xuất Bản Thanh Niên,,,,,Bamboo Books,available,1000,True,True,True
214824184,Sách Tối Giản Lối Sống - Tối Ưu Cuộc Đời (7 Trụ Cột Của Cuộc Sống Hạnh Phúc Và Ý Nghĩa),170000,170000,0,0.0,0,0,,Sách điện tử Saigon Books,Nhà Xuất Bản Dân Trí,,,,,HỆ THỐNG NHÀ SÁCH ABC,available,1000,True,True,True
214655275,An nhiên giữa những thăng trầm _Saigon Books,120000,120000,0,0.0,0,0,,Sách điện tử Saigon Books,Nhà Xuất Bản Văn Hóa Văn Nghệ,,,,,Bamboo Books,available,1000,True,True,True
205808179,Một Đời Tự Tại,138000,138000,0,0.0,0,0,Quý Tiện Lâm,Nhà xuất bản Phụ Nữ,Nhà Xuất Bản Phụ Nữ,,Bìa mềm,360,,Bamboo Books,available,1000,True,True,True
201074010,Nhân Duyên Mèo Định (FV),198000,198000,0,0.0,0,0,Melinda Metz,FIRST NEWS,Nhà Xuất Bản Đại Học Quốc Gia Hà Nội,,Bìa mềm,456,,Bamboo Books,available,1000,True,True,True
198956792,Điều Quan Trọng Nhất - Lẽ Thật Cuộc Đời Từ Những Cơ Duyên,160000,160000,0,0.0,0,0,,Saigon Books,Nhà Xuất Bản Thế Giới,,Bìa mềm,264,2022-09-29,info book,available,1000,True,True,True
198414701,SỨC MẠNH CỦA 1% THAY ĐỔI TÍCH CỰC MỖI NGÀY_AZ,129000,129000,0,0.0,0,0,,AZ Việt Nam,Nhà Xuất Bản Thế Giới,,Bìa mềm,,,Bamboo Books,available,1000,True,True,True
193607449,Sách -  Chánh niệm từng phút giây: Sống thảnh thơi giữa đời đô thị,109000,109000,0,0.0,0,2,,Sách điện tử Thái Hà,Nhà Xuất Bản Lao Động,,,,,Bamboo Books,available,1000,True,True,True
185949225,"Combo 2 cuốn sách Nghệ Thuật Sống Đẹp : Hygge – Hạnh Phúc Từ Những Điều Nhỏ Bé + Ho’Oponopono - Sống Như Người Hawaii – Chấp Nhận, Biết Ơn Và Tha Thứ",211000,211000,0,4.5,2,4,,Nhiều công ty phát hành,Nhiều Nhà Xuất Bản,,,,,Bamboo Books,available,1000,True,True,True
181679857,Real Confidence - Không Còn Cảm Giác Nhỏ Bé Và Bắt Đầu Trở Nên Can Đảm,79000,79000,0,0.0,0,0,Psychologies Magazine,Thái Hà Book,Nhà Xuất Bản Đại Học Quốc Gia Hà Nội,,Bìa mềm,288,2018-05-09,Bamboo Books,available,1000,True,True,True
167615592,Ehon - Hướng Dẫn Sử Dụng Mẹ,59000,59000,0,0.0,0,0,,Thái Hà,oem,,,,,Bamboo Books,available,1000,True,True,True
127032828,Sách-Một Nghệ Thuật Sống (Tái Bản 2021),75000,75000,0,5.0,1,1,,NXB Trẻ,NXB Trẻ,,,,,Nhà Sách Vĩnh Thụy,available,1000,True,True,True
117113430,Combo 2 cuốn: Sức Mạnh Tiềm Thức + Làm Điều Quan Trọng (Bộ sách hay về Nghệ thuật sống) ,282000,282000,0,0.0,0,0,,FIRST NEWS,Nhà Xuất Bản Tổng hợp TP.HCM,,,,,Bamboo Books,available,1000,True,True,True
116052802,Hạnh phúc là một sự lựa chọn,139000,139000,0,0.0,0,0,,1980 Books,Nhà Xuất Bản Lao Động,,,,,Nhà Sách Vĩnh Thụy,available,1000,True,True,True
68077656,Combo 2 cuốn sách: Quyền Lực Mới - Tương lai TG sẽ được định hình như thế nào? + Cổ Phiếu Thường Lợi Nhuận Phi Thường,387000,387000,0,0.0,0,0,,FIRST NEWS,Nhà Xuất Bản Tổng hợp TP.HCM,,,,,Bamboo Books,available,1000,True,True,True
68077652,Combo 2 cuốn sách: Data Strategy - Chiến Lược Dữ Liệu + Cổ Phiếu Thường Lợi Nhuận Phi Thường,357000,357000,0,0.0,0,0,,FIRST NEWS,Nhà Xuất Bản Tổng hợp TP.HCM,,,,,Bamboo Books,available,1000,True,True,True
67057800,Combo 2 cuốn sách: 22 Qui Luật Bất Biến Trong Marketing + Cách Thức Làm Chủ Nghệ Thuật Bán Hàng,287000,287000,0,0.0,0,0,,FIRST NEWS,Nhà Xuất Bản Tổng hợp TP.HCM,,,,,Bamboo Books,available,1000,True,True,True
66872126,Combo 2 cuốn sách: Hygge - Hạnh Phúc Từ Những Điều Nhỏ Bé + Tỷ phú bán giày,261000,261000,0,0.0,0,0,,FIRST NEWS,Nhà Xuất Bản Tổng hợp TP.HCM,,,,,Nhà Sách Vĩnh Thụy,available,1000,True,True,True
66872118,Combo 2 cuốn sách: Tìm Bình Yên Giữa Vạn Biến + Tư duy như Leonardo Da Vinci,277000,277000,0,0.0,0,0,,FIRST NEWS,Nhà Xuất Bản Tổng hợp TP.HCM,,,,,Bamboo Books,available,1000,True,True,True
66751877,Combo 3 cuốn sách: Trải Nghiệm Cận Tử + Đường Mây Trên Đất Hoa + Lẽ Phải Của Phi Lý Trí,381000,381000,0,0.0,0,0,,FIRST NEWS,Nhà Xuất Bản Tổng hợp TP.HCM,,,,,Bamboo Books,available,1000,True,True,True
66736771,Combo 2 cuốn sách: Hành Trình Về Phương Đông (Bìa mềm) + Phi Lý Trí,287000,287000,0,0.0,0,0,,FIRST NEWS,Nhà Xuất Bản Tổng hợp TP.HCM,,,,,Nhà Sách Vĩnh Thụy,available,1000,True,True,True
66736761,Combo 2 cuốn sách: 7 Thói Quen Tạo Gia Đình Hạnh Phúc + Lời hứa về một cây bút chì,327000,327000,0,0.0,0,0,,FIRST NEWS,Nhà Xuất Bản Tổng hợp TP.HCM,,,,,Bamboo Books,available,1000,True,True,True
66663654,Combo 2 cuốn sách: Trở Về Từ Xứ Tuyết + Lẽ Phải Của Phi Lý Trí,291000,291000,0,0.0,0,0,,FIRST NEWS,Nhà Xuất Bản Tổng hợp TP.HCM,,,,,Nhà Sách Vĩnh Thụy,available,1000,True,True,True
66631569,Combo 2 cuốn sách: Trường Mẫu Giáo Uyên Thâm + 7 Mô hình khởi nguồn ý tưởng,257000,257000,0,0.0,0,0,,FIRST NEWS,Nhà Xuất Bản Tổng hợp TP.HCM,,,,,Bamboo Books,available,1000,True,True,True
408671,Sách Tìm Lại Tình Yêu Cuộc Sống,40000,40000,0,0.0,0,0,.,First News - Trí Việt,Nhà Xuất Bản Tổng hợp TP.HCM,,Bìa mềm,159,2014-09-01,info book,available,1000,True,True,True
275925208,ĐÁNH THỨC NGỌN LỬA BÊN TRONG (Awaken Your Inner Fire) - HeatherAsh Amara (bìa mềm),98000,98000,0,0.0,0,0,Heatherash Amara,Cty Văn Hóa Văn Lang,Nhà Xuất Bản Tổng hợp TP.HCM,,Bìa mềm,184,2024-08-01,Bamboo Books,available,1000,True,True,True
275210560,"Đàn Ông Hoang Dã, Đàn Bà Xây Tổ - Tăng Tử Hàng; Nhật Hà, Mỹ Hạnh dịch",108000,108000,0,0.0,0,0,,Cty Văn Hóa Văn Lang,,,Bìa mềm tay gấp,256,2024-06-06,Bamboo Books,available,1000,True,True,True
274681579,TIỂU SONG U KÝ - VI LÔ DẠ THOẠI - THÁI CĂN ĐÀM (Bộ 3 Cuốn Triết Lý Nhân Sinh Trong Xử Thế Tam Đại Kỳ Thư),494000,494000,0,0.0,0,3,"Hồng Ứng Minh, Trần Kế Nho, Vương Vĩnh Bân",Văn Lang,Nhà Xuất Bản Tổng hợp TP.HCM,,Bìa mềm,,2024-04-01,Bamboo Books,available,1000,True,True,True
274647954,Tớ Có Một Cậu Bạn Mang Tên Nỗi Buồn - Bản Quyền,120000,120000,0,0.0,0,0,Ming Shi,Skybooks,Nhà Xuất Bản Văn Học,,Bìa mềm,324,2023-10-10,Bamboo Books,available,1000,True,True,True
274618174,Đừng Như Con Ếch Lên Dây Cót,349000,349000,0,0.0,0,1,,CÔNG TY TNHH PHAN LỆ & FRIENDS,Nhà Xuất Bản Thế Giới,,,380,,Bamboo Books,available,1000,True,True,True
274016779,"Tu Tâm - Sáng suốt để giữ mình, tĩnh tâm để nghĩ xa",109000,109000,0,0.0,0,1,Mộc Mộc,Văn Lang,Nhà Xuất Bản Hồng Đức,,Bìa mềm,264,2024-01-20,Nhà sách NetaBooks,available,1000,True,True,True
273317655,"Năng Lượng Tích Cực, Đánh Thức Bản Thân, Cân Bằng Cảm Xúc",169000,169000,0,0.0,0,0,Meaghan B. Murphy,1980 Books,Nhà Xuất Bản Thanh Niên,,Bìa mềm,300,2023-11-14,info book,available,1000,True,True,True
273296273,Lịch Bàn 2024 - 365 Ngày Nuôi Dưỡng Nghị Lực,299000,299000,0,0.0,0,1,Đức Đạt Lai Lạt Ma,PHANBOOK,Nhà Xuất Bản Hồng Đức,,,365,2023-11-10,Nhà sách NetaBooks,available,1000,True,True,True
273168714,Ngày Một Người Rời Xa Một Người _AZ,86000,86000,0,0.0,0,0,,Công Ty TNHH Văn Hóa Và Truyền Thông Skybooks Việt Nam,Nhà Xuất Bản Phụ Nữ Việt Nam,,,,,Bamboo Books,available,1000,True,True,True
272616558,Sống Một Đời Đáng Sống,98000,98000,0,0.0,0,0,Nigel Risner,Văn Lang,,,Bìa mềm,256,2023-10-11,Bamboo Books,available,1000,True,True,True
272360333,KHÔNG PHỦI CŨNG RƠI - Minh tánh Nguyễn Duy Nhiên - PHANBOOK- NXB Hồng Đức,192000,192000,0,0.0,0,0,,PHANBOOK,Nhà Xuất Bản Thanh Niên,,,,,FishingBook,available,1000,True,True,True
270757305,"Chủ Nghĩa Khắc Kỷ - Nuôi Dưỡng Sự Tích Cực, Sống Cuộc Đời Đẹp Nhất _SKY",109000,109000,0,0.0,0,0,Matthew J. Van Natta,Skybooks,Nhà Xuất Bản Thế Giới,,Bìa mềm,208,,Bamboo Books,available,1000,True,True,True
269009355,Bạn Sinh Ra Không Phải Để Chịu Khổ,148000,148000,0,0.0,0,0,,Cty Văn Hóa Văn Lang,oem,,,,,Bamboo Books,available,1000,True,True,True
260807201,Sống đẹp là sống đạo,95000,95000,0,0.0,0,0,Huệ Khải,Nhà xuất bản Tổng hợp TP.HCM ,Nhà Xuất Bản Tổng hợp TP.HCM,,Bìa mềm,264,2023-04-18,Bamboo Books,available,1000,True,True,True
252866595,Không Ai Nợ Bạn Sự Xinh Đẹp - Women Don't Owe You Pretty 16+ (Sách dành cho lứa tuổi 16+),150000,150000,0,0.0,0,1,,Saigon Books,Nhà Xuất Bản Thế Giới,,Bìa gập,204,2023-04-25,Bamboo Books,available,1000,True,True,True
248773678,Sách - Trong Cái Không Có Gì Không? - Kim Đồng,160000,160000,0,0.0,0,0,, NXB Kim Đồng,Nhà Xuất Bản Kim Đồng,,,,,Bamboo Books,available,1000,True,True,True
229960977,Tốt Nghiệp Rồi Làm Gì? - VL,135000,135000,0,0.0,0,0,,Văn Lang,,,Bìa mềm,200,2023-02-08,Bamboo Books,available,1000,True,True,True
222487094,Cánh Cửa Trí Tuệ Của Người Do Thái,88000,88000,0,0.0,0,0,Lý Quế Đông,Văn Lang,Nhà Xuất Bản Hồng Đức,,Bìa mềm,192,2023-02-01,Nhà sách NetaBooks,available,1000,True,True,True
218738558,"Yêu Mình Trước Đã, Yêu Đời Để Sau",109000,109000,0,0.0,0,0,,Nhà Xuất Bản Đại Học Quốc Gia Hà Nội,Nhà Xuất Bản Đại Học Quốc Gia Hà Nội,,,,,NHBook,available,1000,True,True,True
215745996,Giá Trị Của Sự Tử Tế -  góp một phần tích cực vào thế giới quanh mình,108000,108000,0,0.0,0,0,,Sách điện tử Saigon Books,Nhiều Nhà Xuất Bản,,,,,HỆ THỐNG NHÀ SÁCH ABC,available,1000,True,True,True
215090060,"Bốn Thỏa Ước-Bí quyết sống tự do, bình an, hạnh phúc giữa thế giới bất định",130000,130000,0,0.0,0,0,,Sách điện tử Saigon Books,Nhà Xuất Bản Dân Trí,,,,,HỆ THỐNG NHÀ SÁCH ABC,available,1000,True,True,True
214189316,Thẩm bia thấu bia,160000,160000,0,0.0,0,0,,Huy Hoàng Bookstore,NXB Dân Trí,,,,,Bamboo Books,available,1000,True,True,True
212323614,Trí Tuệ Của Sự Tha Thứ,180000,180000,0,0.0,0,0,Victor Chan,NXB Thế Giới,Nhà Xuất Bản Thế Giới,,Bìa mềm,260,,Bamboo Books,available,1000,True,True,True
197544645,Tàn Tro (AZ),108000,108000,0,0.0,0,0,,DEEP BOOKS,Nhà Xuất Bản Phụ Nữ Việt Nam,,,,,Bamboo Books,available,1000,True,True,True
197544643,Sách - Tàn Tro,108000,108000,0,0.0,0,0,,DEEP BOOKS,Nhà Xuất Bản Phụ Nữ Việt Nam,,,,,Bamboo Books,available,1000,True,True,True
195732946,Mảnh Lực Trái Tim,95000,95000,0,0.0,0,1,Spring Washam,Cty Văn Hóa Văn Lang,Nhà Xuất Bản Đại Học Quốc Gia Hà Nội,,Bìa mềm,264,2020-08-12,Bamboo Books,available,1000,True,True,True
193613754,Sách-  Chánh niệm từng phút giây: Sống thảnh thơi giữa đời đô thị,109000,109000,0,0.0,0,0,,Sách điện tử Thái Hà,Nhà Xuất Bản Lao Động,,,,,Bamboo Books,available,1000,True,True,True
193608820,Sách  - Chánh niệm từng phút giây: Sống thảnh thơi giữa đời đô thị,109000,109000,0,0.0,0,0,,Sách điện tử Thái Hà,Nhà Xuất Bản Lao Động,,,,,Bamboo Books,available,1000,True,True,True
192289268,Combo 2 Quyển Thầy Khổng Tử Thân Thương 1 - Đọc Ít Hiểu Nhiều + Thầy Khổng Tử Thân Thương 2 - Rèn Tâm Luyện Trí,186000,186000,0,0.0,0,0,Ngô Cam Lâm,Văn Lang,,,Bìa mềm,,,Bamboo Books,available,1000,True,True,True
191808175,Thuật Đọc Nguội,149000,149000,0,0.0,0,0,,Alpha Books,oem,,Bìa mềm,,,Nhà Sách Vĩnh Thụy,available,1000,True,True,True
190843381,BÍ QUYẾT KIỂM SOÁT CƠN GIẬN - Giải Tỏa Tận Gốc Những Cảm Xúc Tiêu Cực Và Sống Vui Vẻ Hơn,98000,98000,0,0.0,0,2,,Cty Văn Hóa Văn Lang,,,Bìa mềm,198,2022-07-13,Bảo Châu Books,available,1000,True,True,True
188658896,Sách 21 Mẹo Biến Cuộc Sống Trở Nên Tuyệt Vời,98000,98000,0,0.0,0,0,Cat Coluccio,Văn Lang,,,Bìa mềm,176,2022-06-28,Bamboo Books,available,1000,True,True,True
186489310,Sách Montessori - Rèn Kỹ Năng Sống Và Kỹ Năng Phối Hợp (PNU),140000,140000,0,0.0,0,0,,Nhà xuất bản Phụ Nữ,Nhà Xuất Bản Phụ Nữ Việt Nam,,Bìa mềm,,,Bamboo Books,available,1000,True,True,True
167615165,Toát Yếu Đông Dược Diễn Ca,179000,179000,0,0.0,0,1,,Alphabooks,oem,,,,,HỆ THỐNG NHÀ SÁCH ABC,available,1000,True,True,True
167613612,Cội Nguồn - Lịch Sử Vĩ Đại Của Vạn Vật,219000,219000,0,0.0,0,1,,Alphabooks,oem,,,,,HỆ THỐNG NHÀ SÁCH ABC,available,1000,True,True,True
167609554,The Disappearing Spoon - Chiếc Thìa Biến Mất,199000,199000,0,0.0,0,0,,Alphabooks,oem,,,,,HỆ THỐNG NHÀ SÁCH ABC,available,1000,True,True,True
137440723,Sách Câu Chuyện Giáo Dục - Tài Trí,78000,78000,0,0.0,0,3,Hải Nam,Nhà Xuất Bản Hồng Đức,Nhà Xuất Bản Hồng Đức,,Bìa mềm,224,,Nhà Sách Phương Nam,available,1000,True,True,True
103512195,Bài Học Về Lòng Biết Ơn - Sự Ấm Áp Của Tình Người,88000,88000,0,4.0,2,16,,VIETNAMBOOK,Nhà Xuất Bản Quân Đội Nhân Dân,,Bìa mềm tay gấp,184,2024-04-17,VIETNAMBOOK,available,1000,True,True,True
66753157,Combo 2 cuốn sách: Bên Rặng Tuyết Sơn + Dấu Chân Trên Cát,266000,266000,0,5.0,6,25,,FIRST NEWS,Nhà Xuất Bản Tổng hợp TP.HCM,,,,,Nhà Sách Vĩnh Thụy,available,1000,True,True,True
52678730,"Tủ Sách Nuôi Dưỡng Cảm Xúc - Vì Có Bạn, Tôi Không Cô Đơn",76000,76000,0,0.0,0,0,Tần Văn Quân,Cty Văn Hóa Văn Lang,Nhà Xuất Bản Hồng Đức,,,,,Bamboo Books,available,1000,True,True,True
279231398,"Sách - Cá Khôn Tìm Nước, Người Khôn Tìm Thời ",171750,229000,25,0.0,0,1,Hy Văn,1980 Books,Nhà Xuất Bản Lao Động,,Bìa mềm,352,,TTR Next Generation,available,1000,True,True,True
279203700,Hero - Người Hùng (Bìa Cứng),298000,298000,0,0.0,0,0,Rhonda Byrne,Thiên Minh Book,Nhà Xuất Bản Thế Giới,,Bìa cứng,350,2026-03-05,Nhà sách NetaBooks,available,1000,True,True,True
279203601,The Magic - Phép Màu (Bìa Cứng),238000,238000,0,0.0,0,0,Rhonda Byrne,Thiên Minh Book,Nhà Xuất Bản Thế Giới,,Bìa cứng,260,2026-03-05,Nhà sách NetaBooks,available,1000,True,True,True
278703276,Nghệ thuật sống tuổi già hạnh phúc,120000,120000,0,0.0,0,1,Bác sĩ Hoàng Đình Hải,Nhà xuất bản Văn Học,Nhà Xuất Bản Văn Học,,Bìa mềm,188,2025-08-18,Bách bán sách,available,1000,True,True,True
278248032,Không Phải Bao Giờ Cũng Vậy - Tinh Thần Đích Thực Của Thiền,169000,169000,0,0.0,0,1,Shunryu Suzuki,NXB Lao Động,Nhà Xuất Bản Lao Động,,Bìa mềm,224,,Nhà Sách Phương Nam,available,1000,True,True,True
278091361,Sách Mới Ra Măt - Công Thức Hạnh Phúc Tập 1 - Tiểu Thuyết - Giáo Dục - Tình Cảm Gia Đình,114000,114000,0,0.0,0,3,,CN NXB Văn Học,Nhà Xuất Bản Văn Học,,Bìa mềm tay gấp,216,2025-05-20,Công Thức Hạnh Phúc,available,1000,True,True,True
278025932,BẠN LÀ AI TRONG CUỘC ĐỜI NÀY?,89000,89000,0,0.0,0,7,Nguyễn Quốc Khánh,Cty Tinh Văn,NXB Dân Trí,,Bìa mềm,132,2025-02-12,SÁCH QUỐC KHÁNH,available,1000,True,True,True
275805916,"Sách Hiếu - Thở Cho Ba, Mỉm Cười Cho Má - Tuệ Tri",106250,125000,15,5.0,1,58,Thích Nhất Hạnh,Công ty Cổ phần Văn hóa và Công nghệ Tuệ Tri,Nhà Xuất Bản Hồng Đức,,Bìa mềm tay gấp,208,2024-07-15,Tri Books Store,available,1000,True,True,True
275747959, Sách - Chia Sẻ Từ Trái Tim,142800,168000,15,0.0,0,0,Sa Môn THÍCH PHÁP HÒA,Zenbooks,NXB Dân Trí,,Bìa mềm,328,2024-07-26,Đảo Sách Store,available,1000,True,True,True
275359935,Combo Đắc Nhân Tâm + Quẳng Gánh Lo Đi Và Vui Sống - Omega,148000,185000,20,0.0,0,0,Dale Carnege,Omega Plus,Nhà Xuất Bản Dân Trí,,Bìa mềm,,2024-06-21,Sống Official,available,1000,True,True,True
274966694,Những Bài Học Cuộc Sống Từ Đám Mèo Nhà Tôi,100000,100000,0,0.0,0,0,,Nhã Nam,Nhà Xuất Bản Dân Trí,,Bìa mềm,156,2024-05-08,Nhà sách NetaBooks,available,1000,True,True,True
274281227,"Cuốn Sách Giúp Cải Thiện Cuộc Sống- Ngủ Ngon Mỗi Đêm, Sống Khỏe Mỗi Ngày - Bí Mật Phía Sau Một Giấc Ngủ Chất Lượng",120000,120000,0,0.0,0,0,,Nhã Nam,Nhà Xuất Bản Văn Học,,,,,Bamboo Books,available,1000,True,True,True
274123513,SÁCH - Làm mới vườn tâm - Tác giả Suối Thông - Mvn Books,110000,110000,0,0.0,0,0,Suối Thông,Saigon Books,Nhà Xuất Bản Thế Giới,,Bìa mềm,280,2023-02-01,info book,available,1000,True,True,True
274056147,Phủi Bụi Tâm Hồn- Triết Lý Sống SOJI Của Người Nhật,74100,78000,5,0.0,0,0,Shoukei Matsumoto,Văn Lang,Nhà Xuất Bản Hồng Đức,,Bìa mềm,144,2024-01-25,Bảo Châu Books,available,1000,True,True,True
274055769,Sức Mạnh Chữa Lành Từ Tự Nhiên Và Thiền Định,148000,148000,0,0.0,0,0,,Văn Lang,Nhà Xuất Bản Hồng Đức,,Bìa mềm,210,2024-01-25,Nhà sách NetaBooks,available,1000,True,True,True
273442534,Sống Một Cuộc Đời Ý Nghĩa- Tư Duy Tích Cực Thay Đổi Cuộc Sống,130000,130000,0,0.0,0,0,Trần Đình Hoành,Nhà xuất bản Phụ Nữ Việt Nam,Nhà Xuất Bản Phụ Nữ Việt Nam,,Bìa mềm,356,,Bamboo Books,available,1000,True,True,True
273179911,Kim Đồng - Ẩm Thực Chinh Phục Thế Giới – Món Lên Men,65000,65000,0,0.0,0,1,,Nhà Xuất Bản Kim Đồng,Nhà Xuất Bản Kim Đồng,,Bìa mềm,156,2023-10-31,Bamboo Books,available,1000,True,True,True
272967862,sách - sống một cuộc đời ý nghĩa (PN),130000,130000,0,0.0,0,0,Trần Đình Hoành,Nhà xuất bản Phụ Nữ,Nhà Xuất Bản Phụ Nữ Việt Nam,,Bìa mềm,,,Bamboo Books,available,1000,True,True,True
272547267,SÁCH: Làn sóng thứ Năm: Giáo dục khai phóng kiểu Mỹ,343200,390000,12,0.0,0,11,nhieu tac gia,Saigon Books,Nhà Xuất Bản Công Thương,,Bìa mềm,692,,Saigon Books Official,available,1000,True,True,True
272421551,Hồi Đáp Từ 40 Năm Học Yêu ( Tặng Kèm Bookmark ),168000,168000,0,0.0,0,1,Nguyễn Thị Thu Thảo,1972 Books,Nhà Xuất Bản Hồng Đức,,Bìa mềm tay gấp,280,2023-10-03,1972 Books,available,1000,True,True,True
271693053,Chicken Soup For The Soul - Hạt Giống Tâm Hồn - Vượt Qua Dông Bão,78000,78000,0,0.0,0,0,Amy Newmark,Công ty TNHH Thương mại và Dịch vụ Văn hóa Hà Nội,Nhà Xuất Bản Tổng hợp TP.HCM,,Bìa mềm,160,2023-09-06,Nhà Sách Vĩnh Thụy,available,1000,True,True,True
271219847,Sách - Thả Trôi Phiền Muộn (Suối Thông),96800,110000,12,0.0,0,9,Suối Thông,Saigon Books,NXB Dân Trí,,Bìa mềm,256,2023-03-01,Đảo Sách Store,available,1000,True,True,True
263294685,Dám Sống Với Ước Mơ_AZ,119000,119000,0,0.0,0,0,Maii Vũ,AZ Việt Nam,Nhà Xuất Bản Thế Giới,,Bìa mềm,192,,Bamboo Books,available,1000,True,True,True
252578336,Lắng Nghe Để Thấu Hiểu Nhìn Lại Để Yêu Thương -  Tempu Nakamura,139000,139000,0,0.0,0,0,Tempu Nakamura,1980 Books,Nhà Xuất Bản Thanh Niên,,Bìa mềm,240,,HỆ THỐNG NHÀ SÁCH ABC,available,1000,True,True,True
249644211,Sách - Sống thực tế giữa đời thực dụng - AZbook,129000,129000,0,0.0,0,0,,Không có,Không có,,,,,Bamboo Books,available,1000,True,True,True
249092524,Luật Hấp Dẫn Quy Luật Thu Hút Năng Lượng Tích Cực Và May Mắn Trong Cuộc Sống (Nghệ Thuật Sống Hạnh Phúc),159000,159000,0,0.0,0,1,,1980 Books,Nhà Xuất Bản Thanh Niên,,,,,Bamboo Books,available,1000,True,True,True
248013516,Shinrin Yoku - Nghệ Thuật Tắm Rừng Của Người Nhật,139000,139000,0,0.0,0,0,,Sách điện tử Thái Hà,Nhiều Nhà Xuất Bản,,,,,HỆ THỐNG NHÀ SÁCH ABC,available,1000,True,True,True
247799369,Chia Rẽ - Tại Sao Chúng Ta Đang Sống Trong Thời Đại Của Những Bức Tường,200000,200000,0,0.0,0,0,,Nhã Nam,Nhà Xuất Bản Dân Trí,,,,,FishingBook,available,1000,True,True,True
216285799,SÁCH: 12 quy luật cuộc đời: Thần dược cho cuộc sống hiện đại,300000,300000,0,0.0,0,0,,Saigon Books,Nhà Xuất Bản Thế Giới,,,,,HỆ THỐNG NHÀ SÁCH ABC,available,1000,True,True,True
201035257,Sách - Những Bậc Thầy Đổi Mới,158000,158000,0,0.0,0,0,,Nhã Nam,oem,,,,,info book,available,1000,True,True,True
192459123,Bách Khoa Thư Kĩ Năng Sống - Dành Cho Bạn Trai - Làm Chủ Hành Vi,75000,75000,0,0.0,0,1,,Kim Đồng,oem,,Bìa mềm,,,Bamboo Books,available,1000,True,True,True
188694910,Thích Nhất Hạnh - Người thắp sáng con đường tỉnh thức,115000,115000,0,0.0,0,0,Nhiều tác giả,Tổng Hợp TPHCM,Nhà Xuất Bản Tổng Hợp,,Bìa mềm,,,Bamboo Books,available,1000,True,True,True
167614278,Thuật Đắc Nhân Tâm,149000,149000,0,0.0,0,0,,Alphabooks,oem,,,,,Nhà Sách Vĩnh Thụy,available,1000,True,True,True
146272027,Sống Đẹp Mỗi Ngày - Hành Trang Cuộc Sống - Mạnh Mẽ Hơn Ngày Hôm Qua,49000,49000,0,0.0,0,0,Mai Hương,Đinh Tị,Nhà Xuất Bản Thế Giới,,,,,Happy Kids books,available,1000,True,True,True
138334896,An Nhiên Như Nắng,80000,80000,0,0.0,0,0,Chân Thiện Nhật,Nhà Xuất Bản Văn Hóa - Văn Nghệ,Nhà Xuất Bản Văn Hóa - Văn Nghệ,,Bìa mềm,219,2018-05-06,HỆ THỐNG NHÀ SÁCH ABC,available,1000,True,True,True
93042180,Nghe Gã Khờ Chỉ Đường Tới Chân Hạnh Phúc,95000,95000,0,5.0,1,2,,Cty Văn Hóa Văn Lang,,,Bìa mềm,232,,Bamboo Books,available,1000,True,True,True
58209260,Combo 2 Cuốn: Ba - Người Con Yêu Nhất. Mẹ - Vòng Tay Ấm Áp Của Con   (Qùa Tặng Tình Thân).,120000,120000,0,0.0,0,0,,Công Ty TNHH Văn Hóa Việt Thư,Nhà Xuất Bản Hồng Đức,,Bìa mềm,320,,Bảo Châu Books,available,1000,True,True,True
29907141,Lời Hứa Về Một Cây Bút Chì ( tặng kèm bookmark tuyệt đẹp ),159000,159000,0,0.0,0,1,Adam Braun,Alphabooks,,,Bìa mềm,,,Nhà Sách Vĩnh Thụy,available,1000,True,True,True
9499130,"Combo 3 cuốn: Hoa Sen Trên Tuyết, Từng Bước Nở Hoa Sen, Ngọc Sáng Trong Hoa Sen",228000,228000,0,0.0,0,1,"John Blofeld, Nguyên Phong, Thích Nhất Hạnh",Nhiều công ty phát hành,,,Bìa mềm,,,Nhà Sách Vĩnh Thụy,available,1000,True,True,True
7940147,"Combo Không Diệt Không Sinh Đừng Sợ Hãi, Hoa Sen Trên Tuyết ",208000,208000,0,0.0,0,0,"Thích Nhất Hạnh, Nguyên Phong",Nhiều công ty phát hành,,,Bìa mềm,,,Nhà Sách Vĩnh Thụy,available,1000,True,True,True
279209697,"PHỤ NỮ KHÔN KHÉO MUÔN NẺO ĐƯỢC YÊU – Thanh Hương, Thanh Hà – NXB Văn Học – Lienviet Books",126000,126000,0,0.0,0,0,"Thanh Hương,  Thanh Hà",Liên Việt,Nhà Xuất Bản Văn Học,,,,,BÌNH BÁN BOOK,available,1000,True,True,True
278976217,"Nghĩ Như Một Tu Sĩ - Xua Tan Tiêu Cực, Chữa Lành Lo Âu",182160,198000,8,0.0,0,1,Jay Shetty,NXB Trẻ,NXB Trẻ,,Bìa mềm,400,2025-12-18,Nhà sách NetaBooks,available,1000,True,True,True
278742791,(Ấn bản đặc biệt kỷ niệm 20 năm Nhã Nam) TUỔI TRẺ ĐÁNG GIÁ BAO NHIÊU - Rosie Nguyễn - Nhã Nam,284000,284000,0,0.0,0,0,Rosie Nguyễn,Nhã Nam,Nhà Xuất Bản Hội Nhà Văn,,Bìa cứng,292,,BÌNH BÁN BOOK,available,1000,True,True,True
278324144,Thoát Bẫy Chủ Nghĩa Tiêu Dùng,179000,189000,5,0.0,0,0,,1980 Books,Nhà Xuất Bản Công Thương,,Bìa mềm,327,2025-07-16,Alpha Books Official,available,1000,True,True,True
278247968,Invisible Loss - Mất Mát Vô Hình,190000,190000,0,0.0,0,0,Christina Rasmussen,NXB Thế Giới,Nhà Xuất Bản Thế Giới,,Bìa mềm,309,,Nhà Sách Phương Nam,available,1000,True,True,True
278216421,Bạn Đắt Giá Bao Nhiêu? (Tái bản năm 2025),139000,139000,0,0.0,0,0,Vãn Tình,AZ Việt Nam,Nhà Xuất Bản Thế Giới,,Bìa mềm,320,2025-06-30,Nhà Sách Phương Nam,available,1000,True,True,True
277930601,"Sách - Vừa sinh ra đời, tác giả: Trương Võ Đăng Khoa",149000,149000,0,5.0,1,18,,Công Ty TNHH Xuất bản và Giáo dục Mochibooks,Nhà Xuất Bản Lao Động,,,,,Nhà sách Mochibooks,available,1000,True,True,True
276905637,Cân Bằng Trong Khủng Hoảng,182000,182000,0,0.0,0,3,Nguyễn Tường Bách,NXB Hội Nhà Văn,Nhà Xuất Bản Hội Nhà Văn,,Bìa mềm,288,,Nhà Sách Phương Nam,available,1000,True,True,True
276828833,Tu Thân - Rèn Tâm - Luyện Trí,179000,179000,0,0.0,0,0,Yagi Jimpei,1980 Books,Nhà Xuất Bản Lao Động,,Bìa mềm,320,2024-12-18,HỆ THỐNG NHÀ SÁCH ABC,available,1000,True,True,True
276317267,"Sách Đợi Mưa, Đợi Gió, Đợi Bình An - Huệ Như Hạm Đạm",119000,119000,0,0.0,0,1,,Công Ty Cổ Phần Time Books,NXB Dân Trí,,Bìa mềm,248,,NHBook,available,1000,True,True,True
276104264,Vừa Nhặt Thóc Vừa Hót Líu Lo,120000,120000,0,0.0,0,0,Vân Nguyễn,NXB Phụ Nữ,Nhà Xuất Bản Phụ Nữ,,Bìa mềm,214,,Nhà Sách Phương Nam,available,1000,True,True,True
275532114,Người Phàm Sống Như Bậc Chân Tu Và Nhà Huyền Bí,108000,108000,0,0.0,0,0,,Văn Lang,Nhà Xuất Bản Hồng Đức,,Bìa mềm,256,2024-07-05,Nhà sách NetaBooks,available,1000,True,True,True
275385320,"Chế Ngự Tâm Lý ""No Bụng Đói Con Mắt""",159000,199000,20,0.0,0,0,Michael Easter,NXB Công Thương,Nhà Xuất Bản Công Thương,,Bìa mềm,442,,Omega Plus Books,available,1000,True,True,True
275360776,Sách Krishnamurti Nói Về Đời Sống (Tập 1),189000,199000,5,0.0,0,2,J.Krishnamurti,Công ty TNHH Xuất bản Thiện Tri Thức,NXB Dân Trí,,Bìa mềm,360,2024-06-21,Sống Official,available,1000,True,True,True
275359392,Sách Quẳng Gánh Lo Đi Và Vui Sống - Omega,79000,99000,20,0.0,0,0,Dale Carnegie,Omega Plus,Nhà Xuất Bản Dân Trí,,Bìa mềm,419,2024-06-21,Sống Official,available,1000,True,True,True
275359355,Quẳng Gánh Lo Đi Và Vui Sống - Omega,79000,99000,20,0.0,0,0,Dale Breckenridge Carnegie,Omega Plus,Nhà Xuất Bản Dân Trí,,Bìa mềm,416,2024-06-21,Sống Official,available,1000,True,True,True
275286904,(Bìa cứng)TỪ ĐIỂN CÀ PHÊ – Cà Phê Từ A-Z – Maxwell Colonna-Dashwood - Phạm Tuấn Anh Dịch – Nhã Nam - NXB Thế Giới,266000,266000,0,0.0,0,2,Maxwell Colonna-Dashwood,Nhã Nam,Nhà Xuất Bản Thế Giới,,Bìa cứng,258,,BÌNH BÁN BOOK,available,1000,True,True,True
275243547,Tập Ngó Lơ,165000,165000,0,0.0,0,0,Natori Hogen,Nhã Nam,Nhà Xuất Bản Dân Trí,,Bìa mềm,348,2024-06-10,Nhà sách NetaBooks,available,1000,True,True,True
274423633,Vì Sao Gia Đình Lại Làm Tổn Thương Chúng Ta?,119000,119000,0,0.0,0,1,Vũ Chí Hồng,NXB Dân Trí,Nhà Xuất Bản Dân Trí,,Bìa mềm,304,,Nhà Sách Phương Nam,available,1000,True,True,True
274140911,Không Phải Ai Lang Thang Cũng Là Đi Lạc,99000,99000,0,0.0,0,0,Kim Dal,NXB Dân Trí,Nhà Xuất Bản Dân Trí,,,208,,Nhà Sách Phương Nam,available,1000,True,True,True
274121134,Sách Khai Tâm Chuyển Vận - Vận Mệnh Đổi Thay Từ Tâm Thức Đúng  - Bản Quyền,132000,132000,0,0.0,0,0,,Skybooks,Nhà Xuất Bản Thế Giới,,,,,Bamboo Books,available,1000,True,True,True
273958508,Nghệ Thuật Du Ngoạn,168000,168000,0,0.0,0,0,Alain de Botton,Nhã Nam,Nhà Xuất Bản Thế Giới,,Bìa mềm,304,2024-01-16,Nhà sách NetaBooks,available,1000,True,True,True
273270436,Sách Không Phải Bây Giờ Thì Còn Chờ Đến Bao Giờ  - Bản Quyền,135000,135000,0,0.0,0,0,,Skybooks,Nhà Xuất Bản Văn Học,,,,,NHBook,available,1000,True,True,True
273044539,55 Cách Để Sống Tích Cực _ML,30000,30000,0,0.0,0,0,Xact Group,Minh Long,Nhà Xuất Bản Đại Học Sư Phạm,,Bìa mềm,63,,NewShop Official,available,1000,True,True,True
272382808,Thao Túng Cảm Xúc - Chấn Thương Tâm Lý Do Bị Sỉ Nhục,135000,135000,0,0.0,0,0,Châu Mộ Tư,NXB Văn Học,Nhà Xuất Bản Văn Học,,Bìa mềm,300,,Nhà Sách Phương Nam,available,1000,True,True,True
270717027,Vạch Trần Nhân Cách Ẩn,119000,119000,0,0.0,0,0,Hoàng Quốc Thắng,NXB Thế Giới,Nhà Xuất Bản Thế Giới,,Bìa mềm,304,,Nhà Sách Phương Nam,available,1000,True,True,True
270715741,Osho: Suy Ngẫm Cuối Cùng Vào Buổi Tối (Tái bản năm 2022),158000,158000,0,0.0,0,1,Osho,NXB Hồng Đức,Nhà Xuất Bản Hồng Đức,,Bìa mềm,423,,Nhà Sách Phương Nam,available,1000,True,True,True
270714840,Nói Với Tuổi Hai Mươi (Tái bản năm 2019),98000,98000,0,0.0,0,3,Thích Nhất Hạnh,NXB Hồng Đức,Nhà Xuất Bản Hồng Đức,,Bìa mềm,183,2019-11-11,Nhà Sách Phương Nam,available,1000,True,True,True
263274279,Biết Ơn Và Yêu Thương (Nguyễn Chí Hà),34000,43000,21,0.0,0,0,,Alphabooks,Nhà Xuất Bản Dân Trí,,Bìa mềm,,2023-06-17,Omega Plus Books,available,1000,True,True,True
257780536,DÒNG MÁU CAO QUÝ –Amélie Nothomb – Nguyễn Thị Tươi dịch - Nhã Nam - NXB Thông Tấn,80000,80000,0,0.0,0,1,,Nhã Nam,Nhà Xuất Bản Thông Tấn,,,,,Bamboo Books,available,1000,True,True,True
252759259,Sách Angel Numbers Bí Mật Của Những Con Số Thiên Thần - Bản Quyền,109000,109000,0,0.0,0,1,,Skybooks,nxb thanh nien,,,,,Bamboo Books,available,1000,True,True,True
252639249,Sách  Đừng Làm Giọt Nước Tan Biến Giữa Đại Dương - Bản Quyền,96000,96000,0,0.0,0,0,,Skybooks,Nhà Xuất Bản Thanh Niên,,,,,Bamboo Books,available,1000,True,True,True
240360535,Combo Không Diệt Không Sinh Đừng Sợ Hãi +Sen Nở Trời Phương Ngoại (Bộ 2 cuốn),228000,228000,0,0.0,0,0,Thích Nhất Hạnh,Saigon Books,Nhà Xuất Bản Thế Giới,,Bìa mềm,,,NewShop Official,available,1000,True,True,True
214832936,Sách Tuổi Hoa Niên Hạnh Phúc,79000,79000,0,0.0,0,0,,Sách điện tử Saigon Books,Nhiều Nhà Xuất Bản,,,,,Bamboo Books,available,1000,True,True,True
206560594,Mẹ Teresa: Trên Cả Tình Yêu (Tái bản năm 2021),88000,88000,0,0.0,0,0,Thomas Moore,Nhà Xuất Bản Thanh Niên,Nhà Xuất Bản Thanh Niên,,Bìa mềm,200,,Nhà Sách Phương Nam,available,1000,True,True,True
193045262,Tủ Sách Rèn Nhân Sách Sống Cho Trẻ - Cùng Nhau Bảo Vệ Mội Trường (Tái Bản 2022),13000,13000,0,0.0,0,3,Vũ Ngọc Quế,Cty Văn Hóa & Truyền Thông Trí Việt.,NXB Dân Trí,,,,,Nhà sách Fahasa,available,1000,True,True,True
137572670,Sách Là Phụ Nữ Phải Biết Tiêu Tiền,69000,69000,0,0.0,0,7,Dương Vũ,Nhà xuất bản Văn Học,Nhà Xuất Bản Văn Học,,Bìa mềm,172,2018-01-03,Nhà Sách Phương Nam,available,1000,True,True,True
114944537,Sách: Rồi Một Ngày Bạn Sẽ Hiểu - TSKN,130000,130000,0,0.0,0,0,,Minh Long,Không có,,,,,Nhà Sách Vĩnh Thụy,available,1000,True,True,True
52275106,"Vì Có Bạn, Tôi Không Cô Đơn (Tủ Sách Nuôi Dưỡng Cảm Xúc)",76000,76000,0,0.0,0,0,Tần Văn Quân,VanLangBooks,Nhà Xuất Bản Hồng Đức,,Bìa mềm,125,2020-04-01,Bamboo Books,available,1000,True,True,True
52275102,Mỉm Cười Là Đôi Mắt Đẹp Nhất (Tủ Sách Nuôi Dưỡng Cảm Xúc),76000,76000,0,0.0,0,2,Tần Văn Quân,VanLangBooks,Nhà Xuất Bản Hồng Đức,,Bìa mềm,127,2020-04-01,Bamboo Books,available,1000,True,True,True
276091805,Sách - Biết Ơn Nhiều Hơn Sẽ Hạnh Phúc Hơn (Quà Tặng Cuộc Sống) - SBOOKS,78000,78000,0,0.0,0,0,,SBOOKS,Nhà Xuất Bản Văn Học,,Bìa mềm,160,2024-09-06,TIỆM SÁCH KHAI TÂM,available,1000,True,True,True
275006015,Sách - Khi Mọi Thứ Sai Thành Đúng,119000,119000,0,0.0,0,0,nhieu tac gia,Nhà Sách Hồng Ân,Nhà Xuất Bản Thanh Niên,,Bìa mềm,144,,Nhà sách Khánh Linh 2,available,1000,True,True,True
274658787,Cuốn Sách Kỹ Năng Sống Hay: Trước Khi Chúng Ta Nói Lời Chia Tay,110000,110000,0,5.0,1,1,,Nhã Nam,NXB Dân Trí,,,,,HỆ THỐNG NHÀ SÁCH ABC,available,1000,True,True,True
274558513,SỐNG VÀ TƯ DUY NHƯ NGƯỜI DO THÁI,260000,260000,0,0.0,0,0,,Công ty TNHH Truyền Thông và Giáo Dục Lyceum,Nhà Xuất Bản Hà Nội,,Bìa mềm,288,2024-03-10,SÁCH ĐẠI NAM,available,1000,True,True,True
274447272,Insprit - Nghệ Thuật Truyền Cảm Hứng - 12 Chiến Lược Để Thuyết Trình Hiệu Quả - Bản Quyền,82000,82000,0,0.0,0,0,Nhiều tác giả,Minh Long,Nhà Xuất Bản Thanh Niên,,Bìa mềm,260,,Nhà Sách Vĩnh Thụy,available,1000,True,True,True
273217060,Hạt Giống Tâm Hồn 15 - Luôn Là Chính Mình,76000,76000,0,0.0,0,0,nhieu tac gia,FIRST NEWS,Nhà Xuất Bản Tổng hợp TP.HCM,,Bìa mềm,168,,Nhà Sách Vĩnh Thụy,available,1000,True,True,True
273167190,Sách - Mindfullness - Sống Thức Tỉnh Và Thực Hành Chánh Niệm (TS. Ellen J. Langer) 159K,159000,159000,0,0.0,0,0,nhieu tac gia,Alpha Books,Nhà Xuất Bản Thế Giới,,Bìa mềm,243,2023-10-30,Nhà Sách Vĩnh Thụy,available,1000,True,True,True
272903671,Sách Chuyện Tình Yêu Loài Người - Bản Quyền,89000,89000,0,0.0,0,0,,Skybook,Nhà Xuất Bản Thế Giới,,,,,Bamboo Books,available,1000,True,True,True
272448464,"Sống Khai Vấn, Sống Tỉnh Thức  - Bản Quyền",209000,209000,0,0.0,0,0,,1980 Books,Nhà Xuất Bản Dân Trí,,,,,info book,available,1000,True,True,True
271417070,Tu GIữa Đời Thường (Minh Triết Phương Đông Trong Đời Sống Hiện Đại) - Bản Quyền,218000,218000,0,0.0,0,0,,FIRST NEWS,Nhà Xuất Bản Dân Trí,,,,,Nhà Sách Vĩnh Thụy,available,1000,True,True,True
271074892,Nội Tâm Của Tôi Là Vô Hạn - Trương Bái Siêu - Bản Quyền,125000,125000,0,0.0,0,0,,Skybooks,Nhà Xuất Bản Văn Học,,,,,Bamboo Books,available,1000,True,True,True
270756539,Sách Tâm Lang Thang - Bản Quyền,129000,129000,0,0.0,0,0,,Skybooks,Nhà Xuất Bản Thế Giới,,,,,Nhà Sách Vĩnh Thụy,available,1000,True,True,True
270677556,Tìm Tôi Trong Một Tinh Cầu Khác - Skybooks - Bản Quyền - Bản Quyền,125000,125000,0,0.0,0,0,,Skybooks,Nhà Xuất Bản Văn Học,,,,,NHBook,available,1000,True,True,True
270118445,"Bụt Là Hình Hài, Bụt Là Tâm Thức - Bản Quyền",99000,99000,0,0.0,0,0,,Thái Hà Book,Nhà Xuất Bản Lao Động,,,,,HỆ THỐNG NHÀ SÁCH ABC,available,1000,True,True,True
270115540,Mình Nói Gì Khi Nói Về Hạnh Phúc,75000,75000,0,0.0,0,0,,Nhã Nam,Nhà Xuất Bản Hội Nhà Văn,,,,,HỆ THỐNG NHÀ SÁCH ABC,available,1000,True,True,True
263639536,Nghệ Thuật Kết Nối Và Thu Phục Lòng Người - Bản Quyền,169000,169000,0,0.0,0,0,,1980 Books,Nhà Xuất Bản Dân Trí,,,,,Bamboo Books,available,1000,True,True,True
257859371,Đọc Nhiều Nhớ Được Bao Nhiêu,118000,118000,0,0.0,0,0,,Không có,Không có,,,,,HỆ THỐNG NHÀ SÁCH ABC,available,1000,True,True,True
253071201,"Xé vài trang thanh xuân, đổi lấy một bản thân nỗ lực - Bản Quyền",96000,96000,0,0.0,0,0,,MCBOOKS,Nhà Xuất Bản Hồng Đức,,,,,NHBook,available,1000,True,True,True
248493190,Tương Lai Sau Đại Dịch Covid,110000,110000,0,0.0,0,0,,Nhã Nam,Nhà Xuất Bản Thế Giới,,Bìa mềm,232,,Bảo Châu Books,available,1000,True,True,True
228722936,Hạt Giống Tâm Hồn - Xin Đừng Làm Mẹ Khóc (Tái Bản),118000,118000,0,0.0,0,0,,FIRST NEWS,Nhà Xuất Bản Tổng hợp TP.HCM,,,,,HỆ THỐNG NHÀ SÁCH ABC,available,1000,True,True,True
216213275,Sách - Mình nói gì khi nói về hạnh phúc (TB 2022) (Nhã Nam HCM),75000,75000,0,0.0,0,0,,Nhã Nam,Nhà Xuất Bản Hội Nhà Văn,,,,,HỆ THỐNG NHÀ SÁCH ABC,available,1000,True,True,True
214835604,Tuổi Hoa Niên Hạnh Phúc (SGB),79000,79000,0,5.0,1,2,,Sách điện tử Saigon Books,Nhiều Nhà Xuất Bản,,,,,Bamboo Books,available,1000,True,True,True
209399987,Sách Không Ai Sống Giống Ai Trong Cuộc Đời Này,145000,145000,0,0.0,0,0,,Nhã Nam,Nhà Xuất Bản Hội Nhà Văn,,,,,FishingBook,available,1000,True,True,True
209349575,Chủ Nghĩa Khắc Kỷ - Phong Cách Sống Bản Lĩnh Và Bình Thản - Bản Quyền,149000,149000,0,0.0,0,0,,Alphabooks,Nhà Xuất Bản Công Thương,,Bìa mềm,370,,Nhà Sách Vĩnh Thụy,available,1000,True,True,True
208907185,Lẽ Phải Của Phi Lý Trí (Tái Bản) - Bản Quyền,199000,199000,0,0.0,0,0,,Alphabooks,Nhà Xuất Bản Lao Động Xã Hội,,,,,FishingBook,available,1000,True,True,True
202631456,Sách  Cuộc Sống Tươi Đẹp Đừng Để Lòng Chật Hẹp - Skybooks - BẢN QUYỀN,129000,129000,0,0.0,0,0,,Skybooks,Nhà Xuất Bản Hà Nội,,,,,Nhà Sách Vĩnh Thụy,available,1000,True,True,True
197623138,Cuốn sách: Tôi Muốn Vì Bạn Mà Trở Thành Người Tốt,86000,86000,0,0.0,0,0,,Bookland,Nhà Xuất Bản Thanh Niên,,,,,Bamboo Books,available,1000,True,True,True
195188673,Sách AZ - Giá Mà Nỗi Buồn Có Thể Cầm Nắm Trên Tay,109000,109000,0,0.0,0,0,,Công Ty TNHH Văn Hóa và Truyền Thông AZ Việt Nam,Nhà Xuất Bản Thanh Niên,,Bìa mềm,176,2022-08-16,Bamboo Books,available,1000,True,True,True
188960928,Combo 2 Cuốn Sách: Cuộc Đời Của Pi + Tìm Mình Trong Thế Giới Hậu Tuổi Thơ- Tặng Kèm Bookmark Thiết Kế,252000,252000,0,0.0,0,0,,Nhã Nam,Nhiều Nhà Xuất Bản,,,,,Nhà Sách Vĩnh Thụy,available,1000,True,True,True
182707581,Combo sách Nghệ Thuật Sống Đẹp: Hygge – Hạnh Phúc Từ Những Điều Nhỏ Bé+Tìm Bình Yên Trong Gia Đình  / Tặng Bookmark Happy Life,201000,201000,0,0.0,0,0,,Nhiều công ty phát hành,Nhiều Nhà Xuất Bản,,,,,Bamboo Books,available,1000,True,True,True
169297189,Những Bà Già Xinh Đẹp,130000,130000,0,5.0,7,64,,Nhà xuất bản Tổng hợp TP.HCM ,Nhà Xuất Bản Tổng hợp TP.HCM,,Bìa mềm,363,2022-03-01,Nhà sách NetaBooks,available,1000,True,True,True
167613564,Những Ảo Tưởng Về Thiên Tài,159000,159000,0,0.0,0,1,,Alphabooks,Nhà Xuất Bản Lao Động Xã Hội,,,,,HỆ THỐNG NHÀ SÁCH ABC,available,1000,True,True,True
160779253,Sách THIỀN ĐỊNH MỖI NGÀY - MỘT CẨM NANG NHỎ GIÚP LUÔN SỐNG TRONG TỈNH THỨC ( Phương Pháp Đạt Được Sự An Bình Và Minh Mẫn Trong Tâm Hồn/ Tặng Kèm Bookmark),118000,118000,0,0.0,0,1,,Nhã Nam,NXB Dân Trí,,,,,Bamboo Books,available,1000,True,True,True
102108289,Sách - 50 Thiên Thần Của Bạn: Giải Phóng Bản Thân Khỏi Buồn Phiền Và Cô Đơn,110000,110000,0,0.0,0,0,Anselm Grun,Không có,Không có,,,148,,HỆ THỐNG NHÀ SÁCH ABC,available,1000,True,True,True
68188621,Combo: Đại Học Không Lạc Hướng + Những Bài Học Không Có Nơi Giảng Đường,82500,165000,50,0.0,0,0,"Jamson Chia, Lý Thượng Long",Minh Long,Nhà Xuất Bản Thanh Niên,,Bìa mềm,,,NHBook,available,1000,True,True,True
54930099,Combo Sách Kỹ Năng Sống Thay Đổi Cuộc Đời: Bình Tĩnh Sống + Vui Vẻ Không Quạu Nha (Để mỗi chúng ta có cuộc sống nhẹ nhàng và bình yên hơn),123500,123500,0,4.8,9,63,,AZ Việt Nam,Nhà Xuất Bản Hà Nội,,Bìa mềm,,,Phương Đông Books,available,1000,True,True,True
52612710,Combo bộ sách biến ước mơ thành hiện thực:Sống Để Yêu Thương +Nỗ Lực Không Ngừng - Từ Tốt Đến Vĩ Đại Đến Không Thể Bị Đánh Bại+Dám thất bại – Những nỗ lực “không thành công” của bạn đáng giá bao nhiêu? + Mơ Ước Lớn – Thì Đừng Hành Động Như Người Tầm Thườn,721441,721441,0,0.0,0,0,,MCBOOKS,Nhà Xuất Bản Hồng Đức,,,,,AHABOOKS,available,1000,True,True,True
34775089,"Bộ: Sen Nở Trời Phương Ngoại + Không Diệt Không Sinh Đừng Sợ Hãi + Từng Bước Nở Hoa Sen + Giữ Tâm Cho Sáng , Giữ Lòng Cho Yên",411000,411000,0,0.0,0,0,"Thiền sư Thích Nhất Hạnh , Teruko Kobayashi",Nhiều công ty phát hành,,,Bìa mềm,888,,info book,available,1000,True,True,True
10104424,Combo Tuổi Trẻ Đáng Giá Bao Nhiêu Và Mình Nói Gì Khi Nói Về Hạnh Phúc,150000,150000,0,0.0,0,0,Rosie Nguyễn,Nhã Nam,Nhà Xuất Bản Hội Nhà Văn,,Bìa mềm,,2018-03-09,info book,available,1000,True,True,True
9263469,"Combo 2 cuốn: Hạnh Phúc Đến Từ Sự Biến Mất, An Nhiên Như Nắng ",188000,188000,0,0.0,0,1,"Ajahn Brahm, Chân Thiện Nhật",Nhiều công ty phát hành,,,Bìa mềm,,,Nhà Sách Vĩnh Thụy,available,1000,True,True,True
278445502,Sống Một Đời Xứng Đáng: Sáu Bí Quyết Để Luôn Vui Khỏe Của Vị Bác Sĩ 102 Tuổi,155000,155000,0,0.0,0,0,Gladys McGarey,Nhà sách Tân Việt,NXB Trẻ,,,,,NHBook,available,1000,True,True,True
277881530,Come As You Are - Tâm Lý Học Tình Dục,208000,219000,5,0.0,0,0,Emily Nagoski,1980 Books,Nhà Xuất Bản Hà Nội,,Bìa mềm,399,2025-04-29,Sống Official,available,1000,True,True,True
277174349,Chữa Lành Từ Tâm,159000,159000,0,0.0,0,0,Tempu Nakamura,1980 Books,Nhà Xuất Bản Thanh Niên,,Bìa mềm,240,2025-01-22,Nhà sách NetaBooks,available,1000,True,True,True
277003280,Con Đường Chính Trực,158400,198000,20,0.0,0,1,,Công Ty TNHH Văn Hóa Sáng Tạo Trí Việt,Nhà Xuất Bản Dân Trí,,,,,Bảo Châu Books,available,1000,True,True,True
275823548,Học Vẽ Nhân Vật Truyện Tranh - Bản Quyền,148000,148000,0,0.0,0,0,MAXIME PÉROZ,Nhã Nam,NXB Dân Trí,,Bìa mềm,112,2024-08-02,NHBook,available,1000,True,True,True
275754562,Vừa Nhặt Thóc Vừa Hát Líu Lo - Vân Nguyễn (bìa mềm),120000,120000,0,0.0,0,0,Vân Nguyễn,Saigon Books,Nhà Xuất Bản Tổng hợp TP.HCM,,Bìa mềm,214,2024-07-01,info book,available,1000,True,True,True
275731542,Sớm Mai Gieo Một Hạt Mầm,120000,120000,0,0.0,0,0,Tâm Không,Saigon Books,Nhà Xuất Bản Thế Giới,,Bìa mềm,236,2024-07-22,Nhà sách NetaBooks,available,1000,True,True,True
275385464,Hiểu Người - Đọc Vị Bất Kỳ Ai Khi Giao Tiếp,133000,133000,0,0.0,0,0,Kyungil Kim,NXB Dân Trí,Nhà Xuất Bản Dân Trí,,Bìa mềm,272,,Nhà Sách Vĩnh Thụy,available,1000,True,True,True
275210589,Sách - Hạnh Phúc Mỗi Ngày – Happy Everyday (FN),121000,128000,5,0.0,0,0,Ajahn Brahm,Công Ty TNHH Văn Hóa Việt Thư,Nhà Xuất Bản Dân Trí,,,,,Sống Official,available,1000,True,True,True
274840287,Sống May Mắn - Khám Phá Những Thú Vị Của Tâm Lý Học Hành Vi,190000,190000,0,0.0,0,0,Thủy Mộng Trung,NXB Thế Giới,Nhà Xuất Bản Thế Giới,,Bìa mềm,348,,Nhà Sách Vĩnh Thụy,available,1000,True,True,True
274799614,Cuốn Sách Về Chăm Sóc Sức Khỏe:  Ăn Trái Cây Phải Đúng Cách,139000,139000,0,0.0,0,0,,AZ Việt Nam,Nhà Xuất Bản Thế Giới,,,,,NHBook,available,1000,True,True,True
274713819,Làm Thế Nào Để Ôm Một Chú Nhím?,116000,116000,0,0.0,0,0,Đoàn Hâm Tinh,NXB Thế Giới,Nhà Xuất Bản Thế Giới,,Bìa mềm,280,,Nhà Sách Phương Nam,available,1000,True,True,True
274713789,Tịch Tịnh,82000,82000,0,0.0,0,0,Thích Đồng Tâm,NXB Dân Trí,Nhà Xuất Bản Dân Trí,,Bìa mềm,159,,Nhà Sách Phương Nam,available,1000,True,True,True
274445256,Phụ Nữ Nói Không Chưa Chắc Là Có - Bản Quyền,86000,86000,0,0.0,0,0,Nhiều tác giả,Minh Long,Nhà Xuất Bản Phụ Nữ,,Bìa mềm,258,,Nhà Sách Vĩnh Thụy,available,1000,True,True,True
274444817,Làm Thế Nào Để Đắc Nhân Tâm - Bản Quyền,98000,98000,0,0.0,0,0,Nhiều tác giả,Minh Long,Nhà Xuất Bản Thanh Niên,,Bìa mềm,308,,Nhà Sách Vĩnh Thụy,available,1000,True,True,True
273927574,Sách Bí Mật Của May Mắn (Khổ lớn) First News - BẢN QUYỀN,68000,68000,0,0.0,0,1,,FIRST NEWS,Nhà Xuất Bản Tổng hợp TP.HCM,,,,,HỆ THỐNG NHÀ SÁCH ABC,available,1000,True,True,True
273714892,Yêu Một Đóa Hoa Hãy Cùng Nó Khoe Sắc  - Bản Quyền,94000,99000,5,0.0,0,0,,Skybooks,Nhà Xuất Bản Văn Học,,,,,Sống Official,available,1000,True,True,True
273581738,Năng Lượng Thân Tâm  - Bản Quyền,149000,149000,0,0.0,0,0,,1980 Books,Nhà Xuất Bản Thanh Niên,,,,,Bamboo Books,available,1000,True,True,True
273301718,Hạt Giống Tâm Hồn 14 - Góc Nhìn Diệu Kỳ Của Cuộc Sống,76000,76000,0,0.0,0,0,nhieu tac gia,FIRST NEWS,Nhà Xuất Bản Tổng hợp TP.HCM,,Bìa mềm,151,,Nhà Sách Vĩnh Thụy,available,1000,True,True,True
273260960,"Sách - OSHO Cảm Xúc - Chuyển Hoá Nỗi Sợ Hãi, Giận Dữ Và Ghen Tuông Thành Năng Lượng Sáng Tạo - Emotional Wellness",178000,188000,5,0.0,0,0,Osho,FIRST NEWS,Nhà Xuất Bản Dân Trí,,Bìa mềm,408,,Sống Official,available,1000,True,True,True
273221208,Muôn Kiếp Nhân Sinh Tập 3 (Bìa Cứng),288000,288000,0,0.0,0,1,Nguyên Phong,FIRST NEWS,Nhà Xuất Bản Tổng hợp TP.HCM,,Bìa cứng,464,,HỆ THỐNG NHÀ SÁCH ABC,available,1000,True,True,True
273121265,Sách Bạn Là Ai Giữa Muôn Vàn Phong Cách Sống - Bản Quyền,85000,85000,0,0.0,0,0,,Skybooks,Nhà Xuất Bản Thanh Niên,,,,,Bamboo Books,available,1000,True,True,True
270131136,Làm sạch tâm hồn - các bài tập thiền - Bản Quyền,69000,69000,0,0.0,0,0,,Thái Hà Book,Nhà Xuất Bản Lao Động,,,,,Nhà Sách Vĩnh Thụy,available,1000,True,True,True
270126626,Sống như bông pháo hoa – Hành trình khám phá điều quý giá nhất cuộc đời - Bản Quyền,286000,286000,0,0.0,0,3,,Thái Hà Book,Nhà Xuất Bản Hà Nội,,,,,Bamboo Books,available,1000,True,True,True
270118431,Sống Lành Để Trẻ - Bản Quyền,85000,85000,0,0.0,0,0,,Thái Hà Book,Nhà Xuất Bản Lao Động,,,,,info book,available,1000,True,True,True
252866897,Sách Sống Tự Lập Chứ Đừng Cô Lập - Bản Quyền,90000,90000,0,0.0,0,0,,Skybooks,Nhà Xuất Bản Thanh Niên,,,,,Nhà Sách Vĩnh Thụy,available,1000,True,True,True
252562819,Sách Sống Thực Tế Giữa Đời Thực Dụng (Tái Bản) - Bản Quyền,129000,129000,0,0.0,0,0,,Skybooks,Nhà Xuất Bản Dân Trí,,,,,Bamboo Books,available,1000,True,True,True
216220482,60 phút thay đổi chính mình - những chia sẻ truyền cảm hứng giúp bạn trẻ tốt hơn mỗi ngày,99000,99000,0,0.0,0,0,Lê Mai Anh,Nhà xuất bản Tổng hợp TP.HCM ,Nhà Xuất Bản Tổng hợp TP.HCM,,Bìa mềm,156,2022-12-01,Nhà Sách Vĩnh Thụy,available,1000,True,True,True
215388697,Đường Về Chân Hạnh Phúc (SGB),120000,120000,0,0.0,0,0,,Sách điện tử Saigon Books,Nhà Xuất Bản Văn Hóa - Văn Nghệ TP.HCM,,,,,Bamboo Books,available,1000,True,True,True
202475502,Sách-Bí Quyết Sử Dụng Khách Sạn Sành Điệu- Từ Chuyên Gia Khách Sạn Huyền Thoại,70000,70000,0,0.0,0,0,,Không có,NXB Trẻ,,,,,Bamboo Books,available,1000,True,True,True
197849316,Bạn Đang Nghịch Gì Với Đời Mình? - Văn Lang,124000,124000,0,0.0,0,0,J Krishnamurti,Cty Văn Hóa Văn Lang,Nhà Xuất Bản Đại Học Quốc Gia Hà Nội,,,304,2022-09-20,Nhà Sách Vĩnh Thụy,available,1000,True,True,True
177145394,"Mặt Tối Nơi Công Sở - Xử Lí Những Hành Vi Khiếm Nhã, Rối Loạn Chức Năng Và Lệch Lạc",140000,140000,0,0.0,0,0,,Minh Long,oem,,Bìa mềm,,,HỆ THỐNG NHÀ SÁCH ABC,available,1000,True,True,True
177145376,Cuộc Sống Tươi Đẹp Đừng Để Lòng Chật Hẹp,129000,129000,0,0.0,0,0,,AZ Việt Nam,oem,,Bìa mềm,,,Bamboo Books,available,1000,True,True,True
174605151,"Combo: Ngày Mới, Tự Làm Mới + Ta Vui Đời Sẽ Vui",138000,138000,0,0.0,0,0,,Sách điện tử Thái Hà,Nhiều Nhà Xuất Bản,,,,,Bamboo Books,available,1000,True,True,True
173854619,"Combo 3 cuốn: Không Giới Hạn - Khám Phá HO'OPONOPONO + Người Sống Cũng Cần Phải Hồi Sinh + Ta Bắt Đầu Cuộc Đời Mới, Khi Nhận Ra Mình Chỉ Sống Một Lần (Sách Trị Liệu/Tư Duy/Kỹ Năng/Gặt Hái Thành Công)",386000,386000,0,0.0,0,0,,Nhiều công ty phát hành,Nhiều Nhà Xuất Bản,,,,,HỆ THỐNG NHÀ SÁCH ABC,available,1000,True,True,True
167613571,Người Tối Giản - Hành Trình Trở Về Số 0,80000,80000,0,0.0,0,0,,Alphabooks,oem,,,,,Nhà Sách Vĩnh Thụy,available,1000,True,True,True
137338918,"Sách Ba Mẹ Ơi, Con Bị Bắt Nạt",120000,120000,0,0.0,0,0,Barbara Coloroso,Nhà Xuất Bản Thế Giới,Nhà Xuất Bản Thế Giới,,Bìa mềm,424,2017-10-10,info book,available,1000,True,True,True
134506698,Không Sợ Chậm Chỉ Sợ Dừng,129000,129000,0,0.0,0,0,Vãn Tình,AZ Việt Nam,Nhà Xuất Bản Văn Học,,Bìa mềm,364,,info book,available,1000,True,True,True
91226092,Combo Tâm Lí Học Tích Cực - Khoa Học Về Phương Thức Sống An Lạc+Hạnh Phúc Đích Thực - Sức Mạnh Của Thiền.MHBooks,330500,330500,0,5.0,1,4,,Nhiều công ty phát hành,Nhiều Nhà Xuất Bản,,,,,AHABOOKS,available,1000,True,True,True
68832570,Sách Lòng Tốt Của Bạn Cần Thêm Đôi Phần Sắc Sảo Tập 2,100000,100000,0,0.0,0,0,Mộ Nhan Ca,Nhã Nam,Nhà Xuất Bản Hà Nội,,Bìa mềm,200,2020-10-01,FishingBook,available,1000,True,True,True
276807909,Yêu Lành - Chuyện Tình Yêu Dưới Góc Nhìn Phật Giáo,145000,145000,0,0.0,0,0,,NXB Dân Trí,Nhà Xuất Bản Dân Trí,,Bìa mềm,304,,Nhà Sách Vĩnh Thụy,available,1000,True,True,True
275216714,Triết Lý Sống Thế Hệ Z - VL,98000,98000,0,0.0,0,0,"Laura Milne, Anna Barnes",Văn Lang,Nhà Xuất Bản Hồng Đức,,Bìa mềm,,,NewShop Official,available,1000,True,True,True
274761528,Sách - Combo 2 cuốn Nhìn thấu lòng người + Phong cách ứng xử hiện đại,319000,319000,0,0.0,0,0,,Pandabooks,Nhà Xuất Bản Lao Động,,,,,Pandabooks Hiệu Sách,available,1000,True,True,True
274761523,Sách - Combo 3 cuốn Phong cách ứng xử hiện đại + Sự bền bỉ sức mạnh của lòng kiên trì + Nhìn thấu lòng người,429000,429000,0,0.0,0,0,,Pandabooks,Nhà Xuất Bản Lao Động,,,,,Pandabooks Hiệu Sách,available,1000,True,True,True
274719499,Sách - Combo 2 cuốn Cách đối nhân xử thế của người thông minh + Phong cách ứng xử hiện đại,349000,349000,0,0.0,0,0,,Pandabooks,Nhà Xuất Bản Lao Động,,,,,Pandabooks Hiệu Sách,available,1000,True,True,True
274069633,Văn học nghệ thuật - đôi điều nói lại TH79,67000,67000,0,0.0,0,0,,Nhà xuất bản Tổng hợp TP.HCM ,Nhà Xuất Bản Tổng hợp TP.HCM,,Bìa mềm,,,LITTLE BOOKS,available,1000,True,True,True
273892093,Thuật Toán May Mắn - Cách Thu Hút Những Điều May Mắn Đến Với Bạn,140000,140000,0,0.0,0,0,Hoido Jeong,BIZBOOKS,Nhà Xuất Bản Hồng Đức,,Bìa mềm,324,2021-12-21,info book,available,1000,True,True,True
273746600,Sách Ban Công Nhà Nọ Có Hạnh Phúc Vừa Rơi  - Bản Quyền,89000,89000,0,0.0,0,0,,Alpha Books,Nhà Xuất Bản Văn Học,,,,,Gooda Official,available,1000,True,True,True
273608092,Chicken Soup For The Soul - Vượt Qua Bão Tố Lan Tỏa Yêu Thương - FN76,64000,64000,0,0.0,0,0,,Nhà xuất bản Tổng hợp TP.HCM ,Nhà Xuất Bản Tổng hợp TP.HCM,,,192,,LITTLE BOOKS,available,1000,True,True,True
273608070,Tuyển Tập Những Câu Chuyện Hay Nhất Của AESOP - FN88,75000,75000,0,0.0,0,0,,Nhà xuất bản Tổng hợp TP.HCM ,Nhà Xuất Bản Tổng hợp TP.HCM,,Bìa mềm,200,,LITTLE BOOKS,available,1000,True,True,True
273238798,Ứng Dụng Tâm Lý Học - Thực Hành - Trí Tuệ Cảm Xúc,118000,118000,0,0.0,0,0,David Walton,NXB Hồng Đức,Nhà Xuất Bản Hồng Đức,,Bìa mềm,295,,Bamboo Books,available,1000,True,True,True
272398623,Sách PANDABOOKS Combo 2 cuốn Phong cách ứng xử hiện đại+Đường đến sức mạnh cá nhân,298000,298000,0,0.0,0,0,,Pandabooks,Nhà Xuất Bản Lao Động,,,,,Pandabooks Hiệu Sách,available,1000,True,True,True
272397439,Sách PANDABOOKS Combo 2 cuốn Phong cách ứng xử hiện đại+Làm chủ suy nghĩ của bản thân,358000,358000,0,0.0,0,0,,Pandabooks,Nhà Xuất Bản Tài Chính,,,,,Pandabooks Hiệu Sách,available,1000,True,True,True
271329794,Sách - Bí Kíp Chống Tụt Mood,110000,110000,0,0.0,0,0,Dr. Olivia Remes,Saigon Books,Nhà Xuất Bản Thế Giới,,Bìa mềm,228,2022-08-01,info book,available,1000,True,True,True
271312971,Combo Thả Trôi Phiền Muộn + Sống Đời Bình An_SGB,220000,220000,0,0.0,0,0,Suối Thông,Saigon Books,Nhà Xuất Bản Thế Giới,,Bìa mềm,,,Nhà Sách Vĩnh Thụy,available,1000,True,True,True
271301290,Suối Thông - Làm Mới Vườn Tâm _SGB,110000,110000,0,0.0,0,0,Suối Thông,Saigon Books,Nhà Xuất Bản Hội Nhà Văn,,Bìa mềm,280,,Bamboo Books,available,1000,True,True,True
270659155,"Chicken Soup For The Recovering Soul 21 - Cảm Hứng Cuộc Sống -  Jack Canfield, Mark Victor Hansen - Vi Thảo Nguyên dịch - Tái bản 2023 - (bìa mềm)",76000,76000,0,0.0,0,0,"Mark Victor Hansen,  Jack Canfield",FIRST NEWS,Nhà Xuất Bản Tổng hợp TP.HCM,,Bìa mềm,176,2023-05-01,Nhà Sách Vĩnh Thụy,available,1000,True,True,True
263096460,Hạnh phúc không mọc trên cây,160000,160000,0,0.0,0,2,,Bloomsbury Childrens - NXB Trẻ,NXB Trẻ,,,,,HỆ THỐNG NHÀ SÁCH ABC,available,1000,True,True,True
263075145,Nói Cho Trắng Mắt Sắt Đá Cũng Mềm sách,138000,138000,0,0.0,0,0,,Zenbooks,Nhà Xuất Bản Thanh Niên,,,,,HỆ THỐNG NHÀ SÁCH ABC,available,1000,True,True,True
253412928,Không Sợ Sống - Dám Yêu Đời Mà Sống,65000,65000,0,0.0,0,0,Thùy Trang,NXB Tổng hợp Thành Phố Hồ Chí Minh,NXB Tổng Hợp Thành Phố Hồ Chí Minh,,Bìa mềm,167,2023-03-16,Nhà Sách Vĩnh Thụy,available,1000,True,True,True
253290777,Làm sạch tâm hồn - Các bài tập thiền,99000,99000,0,0.0,0,0,,Sách điện tử Thái Hà,Nhiều Nhà Xuất Bản,,,,,HỆ THỐNG NHÀ SÁCH ABC,available,1000,True,True,True
253275107,"Hello, Habits - Một Chỉ Dẫn Sống Tốt Hơn",139000,139000,0,0.0,0,0,,Sách điện tử Thái Hà,Nhà Xuất Bản Công Thương,,,,,HỆ THỐNG NHÀ SÁCH ABC,available,1000,True,True,True
247938879,Hạt Giống Tâm Hồn (Tập 2) - Cho Lòng Dũng Cảm Và Tình Yêu Cuộc Sống - Tái Bản,76000,76000,0,0.0,0,2,First News,FIRST NEWS,Nhà Xuất Bản Tổng hợp TP.HCM,,,,,Nhà Sách Vĩnh Thụy,available,1000,True,True,True
230301745,Tìm Bình Yên Trong Gia Đình (Tái Bản),119000,119000,0,0.0,0,0,,Sách điện tử Thái Hà,Nhà Xuất Bản Thế Giới,,,,,HỆ THỐNG NHÀ SÁCH ABC,available,1000,True,True,True
230254999,Tìm Bình Yên Trong Gia Đình (Tái Bản),119000,119000,0,0.0,0,0,,Sách điện tử Thái Hà,Nhà Xuất Bản Thế Giới,,,,,HỆ THỐNG NHÀ SÁCH ABC,available,1000,True,True,True
230254928,Tìm Bình Yên Trong Gia Đình (Tái Bản),119000,119000,0,0.0,0,0,,Sách điện tử Thái Hà,Nhà Xuất Bản Thế Giới,,,,,HỆ THỐNG NHÀ SÁCH ABC,available,1000,True,True,True
226160144,Combo 2Q: Đàn Ông Sao Hỏa Đàn Bà Sao Kim + OSHO Yêu - Being In Love - Yêu Trong Tỉnh Thức,319500,319500,0,0.0,0,1,,BIZBOOKS,Nhiều Nhà Xuất Bản,,,,,Phương Đông Books,available,1000,True,True,True
215726894,Sống vui sống khỏe (SGB),120000,120000,0,0.0,0,0,,Sách điện tử Saigon Books,Nhà Xuất Bản Hồng Đức,,,,,Nhà Sách Vĩnh Thụy,available,1000,True,True,True
214168790,Điều Diệu Kỳ Từ Cách Nhìn Cuộc Sống,76000,76000,0,0.0,0,0,,,,,,,,info book,available,1000,True,True,True
211924947,Sách Bên Rìa Cơn Mơ,88000,88000,0,5.0,1,5,Monologue,Skybooks,Nhà Xuất Bản Phụ Nữ Việt Nam,,Bìa mềm,264,2022-12-12,info book,available,1000,True,True,True
209867700,Tri thức thế hệ Z - Tâm Trí Thật Phi Lý - Bản Quyền,119000,119000,0,0.0,0,0,Daniel Richardson,Alphabooks,Nhà Xuất Bản Dân Trí,,Bìa mềm,280,2022-12-16,Gooda Official,available,1000,True,True,True
209430386,Hạnh phúc không mặc đồng phục - Bản Quyền,87000,87000,0,0.0,0,0,,Alphabooks,Nhà Xuất Bản Lao Động,,,,,Gooda Official,available,1000,True,True,True
203402257,TÂM HỒN CAO THƯỢNG,158000,158000,0,0.0,0,0,Edmondo De Amicis,Văn Lang,Nhà Xuất Bản Hồng Đức,,Bìa cứng,,,info book,available,1000,True,True,True
195328690,Hãy Sống Cuộc Đời Như Bạn Muốn_AL,99000,99000,0,0.0,0,0,,Alphabooks,Nhà Xuất Bản Lao Động Xã Hội,,,,,Nhà Sách Vĩnh Thụy,available,1000,True,True,True
166391631,Combo 4 Cuốn: Hạnh Phúc Đích Thực + An Nhiên Giữa Những Bộn Bề + Điềm Tĩnh Trong Bận Rộn + Thí Nghiệm Đầu Hàng,105000,105000,0,0.0,0,0,nhieu tac gia,Minh Long,Nhà Xuất Bản Thanh Niên,,Bìa mềm,,2020-03-01,Nhà Sách Vĩnh Thụy,available,1000,True,True,True
68077568,Combo 2 cuốn sách: Lợi Thế Bán Hàng + Kết Thúc Bán Hàng Đòn Quyết Định,247000,247000,0,0.0,0,0,,FIRST NEWS,Nhà Xuất Bản Tổng hợp TP.HCM,,,,,Nhà Sách Vĩnh Thụy,available,1000,True,True,True
66790055,Combo 2 cuốn sách: Hẹn Bạn Trên Đỉnh Thành Công + Khởi nghiệp thông minh,227000,227000,0,0.0,0,0,,FIRST NEWS,Nhà Xuất Bản Tổng hợp TP.HCM,,,,,HỆ THỐNG NHÀ SÁCH ABC,available,1000,True,True,True
66751576,Combo 2 cuốn sách: Thiết Kế Một Cuộc Đời Đáng Sống + 25 Thuật đắc nhân tâm,247000,247000,0,0.0,0,0,,FIRST NEWS,Nhà Xuất Bản Tổng hợp TP.HCM,,,,,Nhà Sách Vĩnh Thụy,available,1000,True,True,True
66751261,Combo 2 cuốn sách: Phụ Nữ Hiện Đại Nghĩ Giàu Và Làm Giàu + Nhà lãnh đạo giỏi giải quyết vấn đề như thế nào?,263000,263000,0,0.0,0,0,,FIRST NEWS,Nhà Xuất Bản Tổng hợp TP.HCM,,,,,HỆ THỐNG NHÀ SÁCH ABC,available,1000,True,True,True
1725003,Sách Tiền Và Tình Đời - Nghệ Thuật Buông Bỏ,89000,89000,0,0.0,0,0,Thượng tọa Thích Nhật Từ,Saigon Books,Nhà Xuất Bản Văn Hóa - Văn Nghệ,,Bìa mềm,224,2018-01-01,HỆ THỐNG NHÀ SÁCH ABC,available,1000,True,True,True
276818285,Sách - Chữ Yêu Là Trữ Tình,88000,88000,0,0.0,0,0,,AZ Việt Nam,Nhà Xuất Bản Thế Giới,,Bìa mềm,250,,Nhà Sách Vĩnh Thụy,available,1000,True,True,True
276818158,Sách - Truyền Sao Cho Thông - Andrew Macarthy,169000,169000,0,0.0,0,0,,AZ Việt Nam,Nhà Xuất Bản Thế Giới,,Bìa mềm,250,,Nhà Sách Vĩnh Thụy,available,1000,True,True,True
276817906,"Sách - Đường Đời Muôn Ngả, Gặp Gỡ Đã Là Nhân Duyên",145000,145000,0,0.0,0,0,,AZ Việt Nam,Nhà Xuất Bản Thế Giới,,Bìa mềm,250,,Nhà Sách Vĩnh Thụy,available,1000,True,True,True
275244101,Nghệ Thuật Đàm Phán Đỉnh Cao (Tái Bản Mới Nhất) - Bản Quyền,149000,149000,0,0.0,0,0,Nhiều tác giả,Alphabooks,Nhà Xuất Bản Lao Động - Xã Hội,,Bìa mềm,363,2017-10-10,HỆ THỐNG NHÀ SÁCH ABC,available,1000,True,True,True
273725021,Bắn Tim Bí Kíp Chuẩn Teen - BẢN QUYỀN,169000,169000,0,0.0,0,0,,Alpha Books,Nhà Xuất Bản Lao Động,,,,,info book,available,1000,True,True,True
273713565,Hóa Giải Giận Dữ - Masako Fujii (Tái Bản Mới Nhất) -  - Bản Quyền Bản Quyền,99000,99000,0,0.0,0,0,,Alpha Books,Nhà Xuất Bản Thế Giới,,,,,Nhà Sách Vĩnh Thụy,available,1000,True,True,True
273235337,OSHO - Hạnh Phúc Tại Tâm - Tái Bản,108000,108000,0,0.0,0,0,Osho,FIRST NEWS,Nhà Xuất Bản Hồng Đức,,Bìa mềm,255,,Nhà Sách Vĩnh Thụy,available,1000,True,True,True
272048227,Đi Tìm Si Su,159000,159000,0,0.0,0,0,Katja Pantzar,NXB Dân Trí,Nhà Xuất Bản Dân Trí,,Bìa mềm,244,,HỆ THỐNG NHÀ SÁCH ABC,available,1000,True,True,True
271685716,Hạt Giống Tâm Hồn 12 (Khổ lớn),76000,76000,0,0.0,0,0,nhieu tac gia,Nhà xuất bản Tổng hợp TP.HCM ,Nhà Xuất Bản Tổng hợp TP.HCM,,Bìa mềm,168,,Nhà Sách Vĩnh Thụy,available,1000,True,True,True
270716965,Xã Hội Tỉnh Táo,268000,268000,0,0.0,0,0,Erich Fromm,NXB Thế Giới,Nhà Xuất Bản Thế Giới,,Bìa mềm,425,,info book,available,1000,True,True,True
270142525,"Để Đời Xanh Mát, Hãy Đắp Vun Chiếc Bát Ngôn Từ ( Tặng Postcard Xuân bốn mùa ) - Bản Quyền",99000,99000,0,0.0,0,0,,Thái Hà Book,Nhà Xuất Bản Lao Động,,,,,HỆ THỐNG NHÀ SÁCH ABC,available,1000,True,True,True
269355434,Trở Về Không - Trải Nghiệm Ho'oponopono - Joe Vitale - Tường Linh dịch - (bìa mềm),159000,159000,0,0.0,0,0,Joe Vitale,Phương Nam,Nhà Xuất Bản Tổng hợp TP.HCM,,Bìa mềm,340,2023-04-01,HỆ THỐNG NHÀ SÁCH ABC,available,1000,True,True,True
263588647,Combo Thả Trôi Phiền Muộn + Muốn An Được An (Bộ 2 Cuốn) _SGB,175000,175000,0,0.0,0,0,"Suối Thông,  Thích Nhất Hạnh",Saigon Books,Nhà Xuất Bản Văn Hóa - Văn Nghệ,,Bìa mềm,,,HỆ THỐNG NHÀ SÁCH ABC,available,1000,True,True,True
262747899,"Sống Bình Thường Mà Không Tầm Thường - 27 Bài Học Cho Bạn Một Đời Sống ""Chất""  - Bản Quyền",139000,139000,0,0.0,0,0,,Alpha Books,Nhà Xuất Bản Dân Trí,,,,,info book,available,1000,True,True,True
262052934,Mật Mã Ung Thư - Hiểu Biết Mới Đột Phá Về Bí Ẩn Ung Thư,209000,209000,0,0.0,0,0,,Alphabooks,oem,,,,,info book,available,1000,True,True,True
262016088,Bí Mật Của Người Kể Chuyện - Carmine Gallo,179000,179000,0,0.0,0,0,,Alpha Books,Nhà Xuất Bản Thế Giới,,,,,Nhà Sách Vĩnh Thụy,available,1000,True,True,True
261839550,Expressions For English Speaking 100+ Chủ Đề Về Đời Sống,149000,149000,0,0.0,0,0,,Alpha Books,oem,,,,,HỆ THỐNG NHÀ SÁCH ABC,available,1000,True,True,True
259513866,Tiền Và Tình Đời - Nghệ Thuật Buông Bỏ - Bản Quyền,89000,89000,0,0.0,0,0,,Saigon Books,Nhà Xuất Bản Văn Hóa - Văn Nghệ,,,,,info book,available,1000,True,True,True
253782700,Con Đường Heartfulness - Tim Thiền Chuyển Hóa Tâm Hồn,108000,108000,0,0.0,0,0,,Sách điện tử Thái Hà,Nhà Xuất Bản Hà Nội,,,,,info book,available,1000,True,True,True
253344643,Tìm Bình Yên Trong Gia Đình (Tái Bản),119000,119000,0,0.0,0,0,,Sách điện tử Thái Hà,Nhà Xuất Bản Thế Giới,,,,,HỆ THỐNG NHÀ SÁCH ABC,available,1000,True,True,True
253290742,Làm sạch tâm hồn - Các bài tập thiền,69000,69000,0,0.0,0,0,,Sách điện tử Thái Hà,Nhiều Nhà Xuất Bản,,,,,HỆ THỐNG NHÀ SÁCH ABC,available,1000,True,True,True
249301909,NGHỆ THUẬT QUYẾN RŨ (Tái bản) - (bìa mềm),215000,215000,0,0.0,0,0,Robert Greene,Nhà xuất bản Tổng hợp TP.HCM ,Nhà Xuất Bản Tổng hợp TP.HCM,,Bìa mềm,664,2019-01-01,Nhà Sách Vĩnh Thụy,available,1000,True,True,True
247681275,SUY NGHĨ THỐNG KÊ Trong Đời Thường - GS. Nguyễn Văn Tuấn - (bìa mềm),165000,165000,0,0.0,0,0,GS.TS. Nguyễn Văn Tuấn,Nhà xuất bản Tổng hợp TP.HCM ,Nhà Xuất Bản Tổng hợp TP.HCM,,Bìa mềm,392,2022-02-01,Nhà Sách Vĩnh Thụy,available,1000,True,True,True
247680971,NHƯ CƠN GIÓ THOẢNG - Nghĩ Về Những Quy Luật Cuộc Sống - GS. Nguyễn Văn Tuấn - (bìa mềm),115000,115000,0,0.0,0,0,GS.TS. Nguyễn Văn Tuấn,Nhà xuất bản Tổng hợp TP.HCM ,Nhà Xuất Bản Tổng hợp TP.HCM,,Bìa mềm,312,2022-02-01,info book,available,1000,True,True,True
242430485,Matthieu Ricard - Thực Hành Thiền Định,75000,75000,0,0.0,0,0,,Sách điện tử Thái Hà,oem,,,,,Nhà Sách Vĩnh Thụy,available,1000,True,True,True
241615232,Bên Rìa Cơn Mơ _AZ,88000,88000,0,0.0,0,0,,Công Ty TNHH Văn Hóa Và Truyền Thông Skybooks Việt Nam,Nhà Xuất Bản Phụ Nữ Việt Nam,,,,,Nhà Sách Vĩnh Thụy,available,1000,True,True,True
222354553,Sống Trong Thế Giới Đàn Ông _AZ,129000,129000,0,0.0,0,0,Vũ Nguyễn Hà Anh,AZ Việt Nam,Nhà Xuất Bản Thế Giới,,Bìa mềm,270,,Nhà Sách Vĩnh Thụy,available,1000,True,True,True
215779868,Sách - Giận (Tái Bản 2021)(Cuốn sách hay của Thiền sư Thích Nhất Hạnh,135000,135000,0,0.0,0,0,,Cty Bán Lẻ Phương Nam,Nhà Xuất Bản Hồng Đức,,,,,Nhà Sách Vĩnh Thụy,available,1000,True,True,True
215779866,Sách - Giận (Tái Bản 2021)(Cuốn sách hay của Thiền sư Thích Nhất Hạnh,135000,135000,0,0.0,0,0,,Cty Bán Lẻ Phương Nam,Nhà Xuất Bản Hồng Đức,,,,,Nhà Sách Vĩnh Thụy,available,1000,True,True,True
215727446,Phép màu để vượt lên chính mình -  sự lựa chọn và khả năng của bạn,128000,128000,0,0.0,0,0,,Sách điện tử Saigon Books,Nhà Xuất Bản Phụ Nữ,,,,,Nhà Sách Vĩnh Thụy,available,1000,True,True,True
207983602,"Điềm Tĩnh Trong Bận Rộn - Ít Hơn, Hiệu Quả Hơn (2022) - ML",85000,85000,0,0.0,0,0,Marc Lesser,Minh Long,Nhà Xuất Bản Đại Học Quốc Gia Hà Nội,,Bìa mềm,200,2022-12-07,Nhà Sách Vĩnh Thụy,available,1000,True,True,True
207914313,Sách - Chính Vì Ngược Gió Nên Diều Bay Cao,99000,99000,0,0.0,0,0,Phạm Vũ Anh Thư,Alpha Books,Nhà Xuất Bản Dân Trí,,Bìa mềm,164,2022-11-28,Nhà Sách Vĩnh Thụy,available,1000,True,True,True
205158434,"Lắng Nghe Chủ Động, Giao Tiếp Thông Minh, Ứng Xử Linh Hoạt",159000,159000,0,0.0,0,0,"Fred KenDall, Anna KenDall",1980 Books,Nhà Xuất Bản Đại Học Quốc Gia Hà Nội,,Bìa mềm,288,2022-11-09,Nhà Sách Vĩnh Thụy,available,1000,True,True,True
180584896,Combo Tâm Từ + Ta Dại Ta Tìm Nơi Vắng Vẻ + Tìm Bình Yên Giữa Vạn Biến (Bộ 3 Cuốn),304000,304000,0,0.0,0,0,,Nhà Xuất Bản Đại Học Quốc Gia Hà Nội,Nhà Xuất Bản Đại Học Quốc Gia Hà Nội,,,,,info book,available,1000,True,True,True
178776610,Càng Độc Lập Càng Cao Quý,149000,149000,0,0.0,0,0,,Nhà Xuất Bản Đại Học Quốc Gia Hà Nội,Nhà Xuất Bản Đại Học Quốc Gia Hà Nội,,,,,Nhà Sách Vĩnh Thụy,available,1000,True,True,True
177273315,NGÀY TRÔI NHƯNG KHÔNG THÔI TRÂN TRỌNG – 7 NGHI THỨC THỰC HÀNH LÒNG BIẾT ƠN,149000,149000,0,0.0,0,0,Simone Masserini,Nhà Xuất Bản Đại Học Quốc Gia Hà Nội,Nhà Xuất Bản Đại Học Quốc Gia Hà Nội,,,160,,Nhà Sách Vĩnh Thụy,available,1000,True,True,True
174291366,Combo Đọc Vị Bất Kỳ Ai - Để Không Bị Lừa Dối Và Lợi Dụng + Đọc Vị Bất Kỳ Ai - Áp Dụng Trong Doanh Nghiệp,194000,194000,0,0.0,0,0,,Sách điện tử Thái Hà,Nhà Xuất Bản Công Thương,,,,,HỆ THỐNG NHÀ SÁCH ABC,available,1000,True,True,True
167613544,Sức Mạnh Của Thói Quen (Tái Bản 2019),169000,169000,0,0.0,0,0,,Alphabooks,nxb lao dong xa hoi,,,,,HỆ THỐNG NHÀ SÁCH ABC,available,1000,True,True,True
137430802,Sách Tại Sao Là Người Ấy?,179000,179000,0,0.0,0,0,Helen Fisher,Nhà Xuất Bản Hà Nội,Nhà Xuất Bản Hà Nội,,Bìa mềm,470,,HỆ THỐNG NHÀ SÁCH ABC,available,1000,True,True,True
114945223,Sách: Làm Thế Nào Để Sống Một Đời Tốt Đẹp - TSKN,110000,110000,0,0.0,0,0,,Minh Long,Không có,,,,,Nhà Sách Vĩnh Thụy,available,1000,True,True,True
279250708,Sách - Phụ nữ khôn khéo muôn nẻo được yêu,100800,126000,20,0.0,0,0,Thanh Hương,Liên Việt,Nhà xuất bản Kinh tế tài chính,,Bìa mềm tay gấp,216,2026-03-20,Liên Việt Official Store,available,1000,True,True,True
277500331,Con Đường Chuyển Hóa,188000,188000,0,0.0,0,1,"Thích Pháp Hòa, Sa Môn THÍCH PHÁP HÒA",FIRST NEWS,NXB Dân Trí,,Bìa mềm,432,2024-11-24,FishingBook,available,1000,True,True,True
273668059,An nhiên như nắng (Tái bản)_SGB,80000,80000,0,0.0,0,0,,Sách điện tử Saigon Books,Nhà Xuất Bản Văn Hóa - Văn Nghệ,,,,,Nhà Sách Vĩnh Thụy,available,1000,True,True,True
271688806,Hạt Giống Tâm Hồn 13 (Khổ lớn) ,76000,76000,0,0.0,0,0,nhieu tac gia,Nhà xuất bản Tổng hợp TP.HCM ,Nhà Xuất Bản Tổng hợp TP.HCM,,Bìa mềm,168,,Nhà Sách Vĩnh Thụy,available,1000,True,True,True
271667216,Hạt Giống Tâm Hồn 7 (Khổ lớn),76000,76000,0,0.0,0,0,nhieu tac gia,Nhà xuất bản Tổng hợp TP.HCM ,Nhà Xuất Bản Tổng hợp TP.HCM,,,160,,Nhà Sách Vĩnh Thụy,available,1000,True,True,True
270659057,Bí Quyết Sống Tỉnh Thức Trong 8 Ngày - Kathirasan K - Nguyễn Tư Thắng dịch - (bìa mềm),118000,118000,0,0.0,0,0,Kathirasan K.,FIRST NEWS,Nhà Xuất Bản Tổng hợp TP.HCM,,Bìa mềm,272,2023-05-01,FishingBook,available,1000,True,True,True
258571120,Sống như nhân duyên - Nghệ thuật nhìn người - Bản Quyền,120000,120000,0,0.0,0,0,,Saigon Books,NXB Văn hóa – Văn nghệ,,,,,Nhà Sách Vĩnh Thụy,available,1000,True,True,True
258552426,Giờ là lúc sống trong tình yêu - Bản Quyền,150000,150000,0,0.0,0,0,,Saigon Books,Nhà Xuất Bản Văn Hóa - Văn Nghệ,,,,,HỆ THỐNG NHÀ SÁCH ABC,available,1000,True,True,True
253276782,"Ho’Oponopono: Sống Như Người Hawaii – Chấp Nhận, Biết Ơn Và Tha Thứ",109000,109000,0,0.0,0,0,,Sách điện tử Thái Hà,Nhà Xuất Bản Công Thương,,,,,HỆ THỐNG NHÀ SÁCH ABC,available,1000,True,True,True
253276725,"Ho’Oponopono: Sống Như Người Hawaii – Chấp Nhận, Biết Ơn Và Tha Thứ",109000,109000,0,0.0,0,0,,Sách điện tử Thái Hà,Nhà Xuất Bản Công Thương,,,,,HỆ THỐNG NHÀ SÁCH ABC,available,1000,True,True,True
253147988,Lắng Nghe Hơi Thở,110000,110000,0,0.0,0,0,,Sách điện tử Saigon Books,Nhà Xuất Bản Dân Trí,,,,,info book,available,1000,True,True,True
252550217,Ảo Tưởng Mang Tên Mặc Cảm: Cách Sống “Không Tranh Đấu” Để Tận Hưởng Mỗi Ngày An Nhiên Và Trong Trẻo,75000,75000,0,0.0,0,0,,Sách điện tử Thái Hà,Nhà Xuất Bản Hà Nội,,,,,Nhà Sách Vĩnh Thụy,available,1000,True,True,True
252550209,Toạ Thiền Trên Ghế - Để Tận Hưởng Cuộc Sống Thư Thái,65000,65000,0,0.0,0,0,,Sách điện tử Thái Hà,Nhà Xuất Bản Hà Nội,,,,,Nhà Sách Vĩnh Thụy,available,1000,True,True,True
252550203,Toạ Thiền Trên Ghế - Để Tận Hưởng Cuộc Sống Thư Thái,65000,65000,0,0.0,0,0,,Sách điện tử Thái Hà,Nhà Xuất Bản Hà Nội,,,,,Nhà Sách Vĩnh Thụy,available,1000,True,True,True
249145933,Lagom: Phong Cách Cân Bằng Cuộc Sống Của Thụy Điển,95000,95000,0,0.0,0,0,,Bloomsbury Childrens - NXB Trẻ,NXB Trẻ,,,,,FishingBook,available,1000,True,True,True
248329570,Thầy Cô Giáo Hạnh Phúc Sẽ Thay Đổi Thế Giới - Tập 1 - Cẩm Nang Hạnh Phúc (Tái Bản),129000,129000,0,0.0,0,0,,Sách điện tử Thái Hà,Nhà Xuất Bản Hà Nội,,,,,HỆ THỐNG NHÀ SÁCH ABC,available,1000,True,True,True
247820653,Điều Vĩ Đại Đời Thường _NXB trẻ,92000,92000,0,0.0,0,0,,Bloomsbury Childrens - NXB Trẻ,NXB Trẻ,,,,,FishingBook,available,1000,True,True,True
246971516,Để Tâm Không Bận,65000,65000,0,0.0,0,0,,Sách điện tử Thái Hà,Nhà Xuất Bản Hà Nội,,,,,Nhà Sách Vĩnh Thụy,available,1000,True,True,True
245230195,Be Here - Sống Với Thực Tại,49000,49000,0,0.0,0,0,,Sách điện tử Thái Hà,Nhà Xuất Bản Lao Động,,,,,info book,available,1000,True,True,True
242513394,"Hello, Habits - Một Chỉ Dẫn Sống Tốt Hơn",139000,139000,0,0.0,0,0,,Sách điện tử Thái Hà,Nhà Xuất Bản Công Thương,,,,,HỆ THỐNG NHÀ SÁCH ABC,available,1000,True,True,True
242101825,Sách - Khi Em Chạm Phải Một Nỗi Buồn - Nhã nam,92000,92000,0,0.0,0,0,Chương Đặng,Không có,Nhà Xuất Bản Hội Nhà Văn,,,276,,FishingBook,available,1000,True,True,True
237686004,Lối Sống Tối Giản Của Người Nhật (Tái Bản),119000,119000,0,0.0,0,0,,Sách điện tử Thái Hà,Nhà Xuất Bản Lao Động,,,,,HỆ THỐNG NHÀ SÁCH ABC,available,1000,True,True,True
230328191,Cách Sống (Tái Bản 2020),99000,99000,0,0.0,0,0,,Sách điện tử Thái Hà,Nhà Xuất Bản Lao Động,,,,,Nhà Sách Vĩnh Thụy,available,1000,True,True,True
230147539,"Ho’Oponopono: Sống Như Người Hawaii – Chấp Nhận, Biết Ơn Và Tha Thứ",109000,109000,0,0.0,0,0,,Sách điện tử Thái Hà,Nhà Xuất Bản Công Thương,,,,,HỆ THỐNG NHÀ SÁCH ABC,available,1000,True,True,True
230147393,"Ho’Oponopono: Sống Như Người Hawaii – Chấp Nhận, Biết Ơn Và Tha Thứ",109000,109000,0,0.0,0,0,,Sách điện tử Thái Hà,Nhà Xuất Bản Công Thương,,,,,HỆ THỐNG NHÀ SÁCH ABC,available,1000,True,True,True
230147243,"Ho’Oponopono: Sống Như Người Hawaii – Chấp Nhận, Biết Ơn Và Tha Thứ",109000,109000,0,0.0,0,0,,Sách điện tử Thái Hà,Nhà Xuất Bản Công Thương,,,,,HỆ THỐNG NHÀ SÁCH ABC,available,1000,True,True,True
228992796,Con Đường Heartfulness - Tim Thiền - Chuyển Hóa Tâm Hồn,108000,108000,0,0.0,0,0,,Sách điện tử Thái Hà,Nhà Xuất Bản Hà Nội,,,,,info book,available,1000,True,True,True
222544290,Dám Nghĩ Nhỏ,128000,128000,0,0.0,0,0,,FIRST NEWS,Nhà Xuất Bản Dân Trí,,,,,Nhà Sách Vĩnh Thụy,available,1000,True,True,True
214931255,"Nghệ thuật tối giản: Có ít đi, sống nhiều hơn - Tác giả Dominique Loreau",108000,108000,0,0.0,0,0,,Saigon Books,Nhà Xuất Bản Hồng Đức,,,,,Nhà Sách Vĩnh Thụy,available,1000,True,True,True
212977173,Bên Rìa Cơn Mơ (AZ),88000,88000,0,0.0,0,0,,Công Ty TNHH Văn Hóa Và Truyền Thông Skybooks Việt Nam,Nhà Xuất Bản Phụ Nữ Việt Nam,,,,,Nhà Sách Vĩnh Thụy,available,1000,True,True,True
209610263,Phớt Lờ Tất Cả & Bơ Đi Mà Sống - Bản Quyền,89000,89000,0,0.0,0,0,,Alphabooks,Nhà Xuất Bản Lao Động Xã Hội,,,,,info book,available,1000,True,True,True
167613880,Những Câu Hỏi Lớn - Tiến Hóa,159000,159000,0,0.0,0,0,,Alphabooks,oem,,,,,HỆ THỐNG NHÀ SÁCH ABC,available,1000,True,True,True
153261182,Lựa chọn đúng quan trọng hơn nỗ lực (How To Decide) - Tác giả Annie Duke,153000,170000,10,5.0,4,41,Annie Duke,Saigon Books,Nhà Xuất Bản Thế Giới,,Bìa mềm,312,2021-12-25,Books City Store,available,1000,True,True,True
151971209,Hạt Giống Tâm Hồn 10 (Tái Bản 2020),64000,64000,0,0.0,0,0,,FIRST NEWS,Nhà Xuất Bản Tổng hợp TP.HCM,,,,,Hiệu Sách Tự Do,available,1000,True,True,True
151626486,Hạt Giống Tâm Hồn - Tập 14 (Tái Bản Mới Nhất),60000,60000,0,0.0,0,0,,FIRST NEWS,Nhà Xuất Bản Tổng hợp TP.HCM,,,,,Nhà Sách Vĩnh Thụy,available,1000,True,True,True
136403555,Sách - Thay Tư Duy - Xoay Cục Diện - Tinh Tâm Chỉnh Trí,99000,99000,0,0.0,0,0,,AZ Việt Nam,Nhà Xuất Bản Thế Giới,,,,,Nhà Sách Vĩnh Thụy,available,1000,True,True,True
102479190,Lấy Màu Sắc Điểm Tô Cuộc Đời - Nghệ Thuật Phối Màu Cho Cuộc Sống Rực Rỡ,95000,95000,0,0.0,0,0,Thanh Hà,Kim Đồng,Nhà Xuất Bản Kim Đồng,,Bìa mềm,176,2021-04-07,Nhà Sách Vĩnh Thụy,available,1000,True,True,True
66741585,Combo 2 cuốn sách: Sức Mạnh Của Sự Khích Lệ + Cách Tạo Nội Dung Thao Túng Người Dùng,217000,217000,0,0.0,0,0,,FIRST NEWS,Nhà Xuất Bản Tổng hợp TP.HCM,,,,,Nhà Sách Vĩnh Thụy,available,1000,True,True,True
31023749,Combo 2 cuốn : Sức Mạnh Của Tập Trung + Sức Mạnh Của Động Lực - Nghệ Thuật Vượt Lên Những Cám Dỗ Của Cuộc Sống (Tặng kèm Bookmark thiết kế AHA/ Bộ Sách Kĩ Năng Sống Hay Nhất),298000,298000,0,0.0,0,0,`,Alphabooks,Nhà Xuất Bản Lao Động Xã Hội,,Bìa mềm,,,Nhà Sách Vĩnh Thụy,available,1000,True,True,True
8635466,"Combo 2 cuốn: Từng Bước Nở Hoa Sen, Tự Do Vượt Trên Sự Hiểu Biết + bookmark danh ngôn hình voi",143000,143000,0,0.0,0,1,"J. Krishnamurti, Thích Nhất Hạnh",Nhiều công ty phát hành,,,Bìa mềm,,,Nhà Sách Vĩnh Thụy,available,1000,True,False,True
277425739,Anh Em Trong Hành Trình Của Bạn ,70400,88000,20,0.0,0,0,"Thanh Bình, Nam Anh (sưu tập)",VIETNAMBOOK,Nhà Xuất Bản Tri Thức,,Bìa mềm tay gấp,176,2025-02-28,VIETNAMBOOK,available,1000,True,True,True
274285737,Sách: Đập hộp quan hệ,90000,150000,40,0.0,0,1,Tobias beck,Chibooks,Nhà Xuất Bản Lao Động,,Bìa mềm tay gấp,242,2024-02-27,NHÀ SÁCH CHIBOOKS,available,1000,True,True,True
274071854,Sách Sống Hết Mình Vì Tuổi Trẻ - Sống Cho Tuổi Đôi Mươi Duy Nhất al,79000,79000,0,0.0,0,0,,Nhã Nam,Nhiều Nhà Xuất Bản,,,,,AHABOOKS,available,1000,True,True,True
274023370,"Combo 2 Cuốn Sách Về Gia Đình Hay- Có Một Ngày, Bố Mẹ Sẽ Già Đi+ Mẹ Làm Gì Có Ước Mơ",166500,166500,0,0.0,0,0,,AZ Việt Nam,Nhiều Nhà Xuất Bản,,,,,AHABOOKS,available,1000,True,True,True
273978113,"SÁCH - Từng bước nở hoa sen, Hoa sen thi kệ (Bộ)",138000,138000,0,0.0,0,5,Thiền sư Thích Nhất Hạnh,Saigon Books,Nhà Xuất Bản Văn Hóa Văn Nghệ,,Bìa mềm,140,2024-01-18,Saigon Books Official,available,1000,True,True,True
273662677,Sách Thả Trôi Phiền Muộn- Cẩm Nang Sống An Nhiên Cho Mọi Người,110000,110000,0,0.0,0,0,,Saigon Books,Nhiều Nhà Xuất Bản,,,,,Nhà Sách Vĩnh Thụy,available,1000,True,True,True
273662037,Combo 2 Cuốn Nghệ Thuật Sống Đẹp Hay- Không Diệt Không Sinh Đừng Sợ Hãi+Từng Bước Nở Hoa Sen,191500,191500,0,0.0,0,1,,Saigon Books,Nhiều Nhà Xuất Bản,,,,,AHABOOKS,available,1000,True,True,True
273662035,Combo 2 Cuốn Nghệ Thuật Sống Đẹp Hay- Không Diệt Không Sinh Đừng Sợ Hãi+Từng Bước Nở Hoa Sen,191500,191500,0,0.0,0,0,,Saigon Books,Nhiều Nhà Xuất Bản,,,,,Phương Đông Books,available,1000,True,True,True
273638621,"Combo 3 Cuốn Hướng Nghiệp Phát Triển Bản Thân- Năng Lượng Tâm Linh+Năng Lượng Tích Cực, Đánh Thức Bản Thân, Cân Bằng Cảm Xúc+Năng Lượng Thân Tâm",461750,461750,0,0.0,0,0,,1980 Books,Nhiều Nhà Xuất Bản,,,,,AHABOOKS,available,1000,True,True,True
273624311,Combo 3 Cuốn Tư Duy Sáng Tạo Và Hướng Nghiệp Bản Thân Hay-Tư Duy Rành Mạch+ Tư Duy Linh Hoạt Trong Công Việc+Tư Duy 0 Giây,474350,474350,0,0.0,0,0,,1980 Books,Nhiều Nhà Xuất Bản,,,,,AHABOOKS,available,1000,True,True,True
273432102,Vợ Ảo-Cuốn Sách Mới Bán Chạy,55800,55800,0,0.0,0,0,Kiều Bích Hậu,Nhà xuất bản Phụ Nữ Việt Nam,Nhà Xuất Bản Phụ Nữ Việt Nam,,Bìa mềm,196,,AHABOOKS,available,1000,True,True,True
273219215,Bộ Sách Suối Thông (Bộ 3 Cuốn),330000,330000,0,0.0,0,0,Suối Thông,Saigon Books,Nhà Xuất Bản Thế Giới,,Bìa mềm,775,2023-01-01,info book,available,1000,True,True,True
273218918,Càng Bình Tĩnh Càng Hạnh Phúc,139000,139000,0,0.0,0,0,Vãn Tình,AZ Việt Nam,Nhà Xuất Bản Thế Giới,,Bìa mềm,352,,Nhà Sách Vĩnh Thụy,available,1000,True,True,True
273218838,Hạt Giống Tâm Hồn - Xin Đừng Làm Mẹ Khóc,118000,118000,0,0.0,0,0,First News,FIRST NEWS,Nhà Xuất Bản Tổng hợp TP.HCM,,Bìa mềm,208,,Nhà Sách Vĩnh Thụy,available,1000,True,True,True
272416691,TRANG TỬ TÂM ĐẮC,108000,108000,0,0.0,0,0,Yu Dan,VanLangBooks,NXB Trẻ,,Bìa mềm,,2013-10-01,Nhà Sách Vĩnh Thụy,available,1000,True,True,True
271123092,Thấu Hiểu Tỉnh Thức,159000,159000,0,0.0,0,0,Wayne W. Dyer,1980 Books,Nhà Xuất Bản Thanh Niên,,Bìa mềm,276,,HỆ THỐNG NHÀ SÁCH ABC,available,1000,True,True,True
270666977,Combo Sách: Nghệ Thuật Thu Phục Lòng Người,262200,276000,5,0.0,0,0,,Tinh Hoa,Nhiều Nhà Xuất Bản,,,,,Tinh Hoa,available,1000,True,True,True
270666463,Combo Sách: Bí Quyết Đọc Tâm (TB) + Sức Mạnh Của Sự Khen Ngợi + Khi Nói Không Tôi Thấy Tội Lỗi,356250,375000,5,0.0,0,0,,Tinh Hoa,Nhiều Nhà Xuất Bản,,,,,Tinh Hoa,available,1000,True,True,True
270545284,"Combo sách: Dale Carnigie-Bậc Thầy Của Nghệ Thuật Giao Tiếp (Bìa cứng) + Tuổi 20, Sức Hút Từ Kĩ Năng Giao Tiếp",173850,183000,5,0.0,0,0,,Tinh Hoa,Nhiều Nhà Xuất Bản,,,,,Tinh Hoa,available,1000,True,True,True
270471413,Combo Sách : Tác Động Thầm Lặng + Sức Mạnh Của Nhân Cách + Hiểu Bản Thân Quên Bản Thân,332500,350000,5,0.0,0,0,,Tinh Hoa,Nhiều Nhà Xuất Bản,,,,,Tinh Hoa,available,1000,True,True,True
263643548,"Sách - Sự thông minh trong hài hước: Nói tinh tế, dễ vào tim - MCBooks",155000,155000,0,0.0,0,4,Lý Thế Cường,BIZBOOKS,Nhà Xuất Bản Hồng Đức,,Bìa mềm,247,2023-05-24,NHBook,available,1000,True,True,True
262073798,Thả trôi phiền muộn (TB) - Tác giả Suối Thông - SG,110000,110000,0,0.0,0,0,Suối Thông,Công ty cổ phần đầu tư và phát triển giáo dục quốc tế Á Châu,Nhà Xuất Bản Dân Trí,,Bìa mềm,256,2023-04-13,HỆ THỐNG NHÀ SÁCH ABC,available,1000,True,True,True
252880552, Vẻ Đẹp Của Sự Cô Đơn (Bìa Cứng) - Giác Minh Luật,160000,160000,0,0.0,0,0,Giác Minh Luật,AZ Việt Nam,Nhà Xuất Bản Phụ Nữ Việt Nam,,Bìa cứng,224,,HỆ THỐNG NHÀ SÁCH ABC,available,1000,True,True,True
249145207,Combo 2Q: Muôn Kiếp Nhân Sinh + Không Diệt Không Sinh Đừng Sợ Hãi - Thích Nhất Hạnh (Top Sách Tâm Linh Bán Chạy),271500,271500,0,0.0,0,7,,Saigon Books,Nhiều Nhà Xuất Bản,,,,,Phương Đông Books,available,1000,True,True,True
242951922,Sách: 365 Ngày Khám Phá Đam Mê Và Theo Đuổi Mục Đích Của Bản Thân,110000,110000,0,0.0,0,1,Matthew V.Glowiak,Minh Long,Nhà Xuất Bản Thanh Niên,,Bìa mềm,248,2023-02-01,Nhà Sách Vĩnh Thụy,available,1000,True,True,True
230332939,Gieo Trồng Hạnh Phúc (Tái Bản),119000,119000,0,0.0,0,0,,Sách điện tử Thái Hà,Nhà Xuất Bản Lao Động,,,,,Nhà Sách Vĩnh Thụy,available,1000,True,True,True
215207536,Sách - Combo 2 Cuốn: Sống Trong Thế Giới Đàn Ông + Càng Bình Tĩnh Càng Hạnh Phúc,268000,268000,0,0.0,0,0,,Bloom Books,Nhà Xuất Bản Thế Giới,,,,,Nhà Sách Vĩnh Thụy,available,1000,True,True,True
209318845,Dám Sống Hướng Nội Và Cực Kỳ Nhạy Cảm - Nhã Nam,99000,99000,0,0.0,0,0,Ilse Sand,Nhã Nam,Nhà Xuất Bản Thế Giới,,Bìa mềm,157,,FishingBook,available,1000,True,True,True
203084340,Bí Quyết Bấm Huyệt Chữa Bệnh,178000,178000,0,0.0,0,1,,FIRST NEWS,oem,,Bìa mềm,,,Nhân Văn,available,1000,True,True,True
176142530,"Sách - Đừng ngồi yên lo lắng, hãy rải nắng muôn nơi - Booklife",159000,159000,0,0.0,0,0,Meaghan B Murphy,Booklife,nxb thanh nien,,Bìa mềm,350,,info book,available,1000,True,True,True
167615189,Trường Teen - Những Cuộc Tranh Biện Nảy Lửa,135000,135000,0,0.0,0,0,,Alphabooks,oem,,,,,info book,available,1000,True,True,True
167615002,"Vô Cùng Tàn Nhẫn, Vô Cùng Yêu Thương - Tập 1 - Tái Bản 2021",189000,189000,0,0.0,0,0,,Alphabooks,oem,,,,,info book,available,1000,True,True,True
167613583,Sống Xanh Không Khó,129000,129000,0,0.0,0,0,,Alphabooks,oem,,,,,HỆ THỐNG NHÀ SÁCH ABC,available,1000,True,True,True
90574158,Combo 2 cuốn: Nghệ thuật tinh tế của việc đek quan tâm + Khéo ăn nói (Kỹ năng giao tiếp để thành công / Nghệ thuật rèn luyện bản thân và Tư duy tích cực ),201500,201500,0,4.0,1,1,,Nhiều công ty phát hành,Nhiều Nhà Xuất Bản,,,,,AHABOOKS,available,1000,True,True,True
77197222,"SÁCH - Đường về chân hạnh phúc, An nhiên giữa những thăng trầm, Nhẹ gánh ưu phiền (Bộ)",316000,316000,0,5.0,1,3,Như Nhiên Thích Tánh Tuệ,Saigon Books,Nhà Xuất Bản Văn Hóa Văn Nghệ,,Bìa mềm,850,2021-02-03,HỆ THỐNG NHÀ SÁCH ABC,available,1000,True,True,True
55139379,Bộ Sách Nghệ Thuật Sống Đẹp Hướng Đến Tương Lai: Sống Lũy Tiến + Thí Nghiệm Đầu Hàng - Hành Trình Tuân Theo Sự Hoàn Hảo Của Dòng Đời,188450,188450,0,0.0,0,1,"Michael A.Singer, Sheri Riley",Minh Long,Nhà Xuất Bản Thanh Niên,,Bìa mềm,798,,AHABOOKS,available,1000,True,True,True
54373644,Combo Sách Kỹ Năng Để Thành Công Trong Công Việc và Cuộc Sống: 9 Kỹ Năng Làm Việc Quan Trọng Hơn Bằng Cấp + Đừng Lựa Chọn An Nhàn Khi Còn Trẻ,173500,173500,0,0.0,0,0,,1980 Books,Nhà Xuất Bản Phụ Nữ,,Bìa mềm,,,AHABOOKS,available,1000,True,True,True
9956739,"Combo đắc nhân tâm, đọc vị bất kì ai, quẳng gánh lo đi và vui sống, khéo ăn nói có được thiên hạ tặng truyện song ngữ bìa mềm anh việt robinson",360500,360500,0,5.0,19,141,"David J. Lieberman, Trác Nhã, Dale Carnegie",Nhiều công ty phát hành,,,Bìa mềm,,,AHABOOKS,available,1000,True,True,True
8977919,"Combo 3 cuốn:  Không Diệt Không Sinh Đừng Sợ Hãi, Từng Bước Nở Hoa Sen, An Nhiên Như Nắng ",275000,275000,0,0.0,0,0,"Thích Nhất Hạnh, Chân Thiện Nhật",Trung tâm giới thiệu sách Sài Gòn,,,Bìa mềm,,,Nhà Sách Vĩnh Thụy,available,1000,True,True,True
8341033,"Combo 3 quyển: Sức Mạnh Tiềm Thức, Bí Quyết Đơn Giản Hóa Cuộc Sống, Không Diệt Không Sinh Đừng Sợ Hãi (Tặng kèm bookmark danh ngôn hình voi)",404000,404000,0,0.0,0,0,"Joseph Murphyc, Thích Nhất Hạnh, Nhóm tác giả",Nhiều công ty phát hành,Nhiều Nhà Xuất Bản,,Bìa mềm,,,Nhà Sách Vĩnh Thụy,available,1000,True,True,True
279233189,Sống Trọn Vẹn Buổi Sáng - Buổi Chiều Là Tương Lai,150100,158000,5,0.0,0,0,Lee Kookhwan,Văn Lang,Nhà Xuất Bản Hồng Đức,,Bìa mềm,263,2026-03-17,Nhà sách NetaBooks,available,1000,True,True,True
279228791,Ngộ - Một Người Ngố Ngộ Đôi Điều - Sense - From Nonsense To Sense,178600,188000,5,0.0,0,0,Lâm Bảo Ngọc,Alpha Books,Nhà Xuất Bản Thế Giới,,Bìa mềm,212,2026-03-14,Nhà sách NetaBooks,available,1000,True,True,True
278957118,Hành Trình Đi Tìm Chính Mình,210680,229000,8,0.0,0,0,nhieu tac gia,1980 Books,Nhà Xuất Bản Lao Động,,Bìa mềm,400,2025-12-11,Nhà sách NetaBooks,available,1000,True,True,True
278859851,Tụi Mèo Xinh Thế Còn Có Kẻ Chê Thì Mình Bị Ghét Có Hề Gì Đâu,139000,139000,0,0.0,0,0,SHIRONEKO,Nhã Nam,NXB Dân Trí,,Bìa mềm,249,2025-11-10,Nhà sách NetaBooks,available,1000,True,True,True
278813707,Bình Tâm Cả Ngày Dài,90160,98000,8,0.0,0,0,nhieu tac gia,Văn Lang,Nhà Xuất Bản Hồng Đức,,Bìa mềm,152,2025-10-27,Nhà sách NetaBooks,available,1000,True,True,True
278358958,Vừa Vặn - Thuận Theo Lẽ Tự Nhiên - Một Diễn Giải Tinh Thần Về Trang Tử,250000,250000,0,0.0,0,0,Osho,Công ty TNHH Truyền Thông và Giáo Dục Lyceum,Nhà Xuất Bản Hà Nội,,Bìa mềm,274,2025-07-18,Nhà sách NetaBooks,available,1000,True,True,True
278295316,Nuôi Dưỡng Trí Tuệ Mỗi Ngày,108000,108000,0,0.0,0,0,Heatherash Amara,Văn Lang,Nhà Xuất Bản Hồng Đức,,Bìa mềm,232,2025-07-11,Nhà sách NetaBooks,available,1000,True,True,True
278295240,Trở Thành Chính Mình Đích Thực,118000,118000,0,0.0,0,0,Heatherash Amara,Văn Lang,Nhà Xuất Bản Hồng Đức,,Bìa mềm,248,2025-07-11,Nhà sách NetaBooks,available,1000,True,True,True
278295170,Rũ Bỏ Những Điều Phải Làm,115000,115000,0,0.0,0,0,Heatherash Amara,Văn Lang,Nhà Xuất Bản Hồng Đức,,Bìa mềm,240,2025-07-11,Nhà sách NetaBooks,available,1000,True,True,True
278226616,Chỉ Mùa Xuân Và Tình Yêu Được Phép Vào Trong,175000,175000,0,0.0,0,0,Tần Mộng Hiên,Nhã Nam,Nhà Xuất Bản Bách Khoa Hà Nội,,Bìa mềm,284,2025-07-01,Nhà sách NetaBooks,available,1000,True,True,True
277870870,Thu Phục Người Nóng Giận,180000,180000,0,0.0,0,0,Dr. Ryan Martin,Nhã Nam,Nhà Xuất Bản Phụ Nữ Việt Nam,,Bìa mềm,340,2025-04-26,NHBook,available,1000,True,True,True
277374654,Hãy Yêu Thương Lên Tiếng,130000,130000,0,0.0,0,0,Dương An,VIETNAMBOOK,Nhà Xuất Bản Hà Nội,,Bìa mềm,236,2025-02-18,Nhà sách NetaBooks,available,1000,True,True,True
277174460,Ngồi Sao Cho Yên Ổn,71250,75000,5,0.0,0,0,Thích Nhất Hạnh,PHANBOOK,Nhà Xuất Bản Dân Trí,,Bìa mềm,132,2025-01-22,Cá Chép Bookstore,available,1000,True,True,True
275543541,"Thanh Xuân, Sao Mà Đau Đớn!",142000,142000,0,0.0,0,0,Rando Kim,NXB Hà Nội,Nhà Xuất Bản Hà Nội,,Bìa mềm,340,,HỆ THỐNG NHÀ SÁCH ABC,available,1000,True,True,True
275385470,"Yêu, Cần Phải Học",125000,125000,0,0.0,0,0,Trần Hải Hiền,NXB Thanh Niên,Nhà Xuất Bản Thanh Niên,,Bìa mềm,248,,HỆ THỐNG NHÀ SÁCH ABC,available,1000,True,True,True
275210562,Sách - Hạnh Phúc Mỗi Ngày – Happy Everyday (FN),121000,128000,5,0.0,0,0,Ajahn Brahm,Công Ty TNHH Văn Hóa Việt Thư,Nhà Xuất Bản Dân Trí,,,,,Sống Official,available,1000,True,True,True
274566896,Cuốn Sách Về Kỹ Năng Sống Hay: Mọi Cái Tên,99000,99000,0,0.0,0,0,,Bách Việt,Nhà Xuất Bản Văn Học,,,,,AHABOOKS,available,1000,True,True,True
274079317,Combo 2 Cuốn Văn Học Hay- Sống Vội+Đi Tìm Lẽ Sống,188000,188000,0,0.0,0,0,,Nhã Nam,Nhiều Nhà Xuất Bản,,,,,NHBook,available,1000,True,True,True
273356755,Sách Triết Học Đặc Săc-Lời Của Nietzsche Cho Người Trẻ - Tập 2: Tri Thức - Nghệ Thuật - Lối Sống,108000,108000,0,0.0,0,0,Shiratori Haruhiko,Nhã Nam,Nhà Xuất Bản Thế Giới,,,,,info book,available,1000,True,True,True
273314869,Cầu Được Ước Thấy,128000,128000,0,0.0,0,2,Chris Prentiss,Văn Lang,,,Bìa mềm,320,2023-10-31,Nhà sách NetaBooks,available,1000,True,True,True
273301621,Ăn Vóc Học Hay,37000,37000,0,0.0,0,1,B.S Đỗ Hồng Ngọc,VanLangBooks,Nhà Xuất Bản Hồng Đức,,Bìa mềm,152,,AN HOA BOOK,available,1000,True,True,True
272739298,Mạnh Dạn Buông Bỏ Khi Tình Không Tỏ,115000,115000,0,0.0,0,0,Địch Nhân Lục,BIZBOOKS,Nhà Xuất Bản Hồng Đức,,Bìa mềm,307,2022-03-03,Nhà Sách Vĩnh Thụy,available,1000,True,True,True
272413128,Làm Cho Ai Đó Hạnh Phúc,90000,90000,0,0.0,0,0,Emily Coxhead,Văn Lang,Nhà Xuất Bản Hồng Đức,,Bìa mềm,130,2023-10-01,Nhà sách NetaBooks,available,1000,True,True,True
272048221,Sáng Tác Truyện Của Bạn,220000,220000,0,0.0,0,0,Louie Stowell,NXB Dân Trí,Nhà Xuất Bản Dân Trí,,Bìa cứng,96,,Bamboo Books,available,1000,True,True,True
271918579,Sách - Phượng Hoàng Tái Sinh - 12 Phẩm Chất Quan Trọng Để Bứt Phá Sự Nghiệp Và Cuộc Sống - Bizbooks,152000,152000,0,0.0,0,0,,BIZBOOKS,Nhà Xuất Bản Hồng Đức,,,,,Nhà Sách Vĩnh Thụy,available,1000,True,True,True
271540315,Sách - 21 Ngày Tìm Kiếm Sự Thành Công Và Cảm Giác An Yên Trong Tâm Hồn,122000,122000,0,0.0,0,0,,BIZBOOKS,Nhà Xuất Bản Hồng Đức,,,,,NHBook,available,1000,True,True,True
270182967,Combo 2 quyển :  Gieo Trồng Hạnh Phúc + Bách khoa thư về giải tỏa mệt mỏi ở phụ nữ,248000,248000,0,0.0,0,0,,Nhã Nam,Nhiều Nhà Xuất Bản,,,,,NHBook,available,1000,True,True,True
257865776,ĐỨA TRẺ HIỂU CHUYỆN THƯỜNG KHÔNG CÓ KẸO ĂN – Nguyên Anh – Nguyệt Lạc dịch – Moon Books – AZ VIETNAM – NXB Văn Học (Bìa mềm),148000,148000,0,0.0,0,0,,AZ Việt Nam,Nhà Xuất Bản Văn Học,,Bìa mềm,,,Bamboo Books,available,1000,True,True,True
229777089,Những Mẩu Chuyện Hài Hước Trong Xử Thế Của Người Do Thái,88000,88000,0,0.0,0,0,Hoa Sơn,Văn Lang,,,Bìa mềm,184,2024-09-18,Nhà sách NetaBooks,available,1000,True,True,True
215767101,Hành Tinh Của Một Kẻ Nghĩ Nhiều - Skybooks - BẢN QUYỀN,86000,86000,0,0.0,0,0,,Công Ty TNHH Văn Hóa Và Truyền Thông Skybooks Việt Nam,Nhà Xuất Bản Hà Nội,,,,,Nhà Sách Vĩnh Thụy,available,1000,True,True,True
207515315,"Nghĩ bình đẳng, sống bình đẳng",172000,172000,0,0.0,0,0,,Nhã Nam,Nhà Xuất Bản Thế Giới,,,,,Nhà Sách Vĩnh Thụy,available,1000,True,True,True
206480608,"Thiên Tài Bên Trái, Kẻ Điên Bên Phải (Tái bản năm 2021)",179000,179000,0,0.0,0,0,Cao Minh,Nhà Xuất Bản Thế Giới,Nhà Xuất Bản Thế Giới,,Bìa mềm,424,,NHBook,available,1000,True,True,True
204668300,Hãy Cùng Ước Mơ - Hướng Tới Tương Lai Tốt Đẹp Hơn Cho Nhân Loại,132050,139000,5,5.0,2,14,Đức Giáo Hoàng Phanxicô,Phương Nam Book,Nhà Xuất Bản Thế Giới,,Bìa mềm,204,2022-11-07,Nhà sách NetaBooks,available,1000,True,True,True
194011355,Combo 2Q Sách Về Lối Sống Chánh Niệm / Tỉnh Thức:  Chánh Niệm Từng Phút Giây - Sống Thảnh Thơi Giữa Đời Đô Thị +  Gieo Trồng Hạnh Phúc (Tái Bản) - Thiền Sư Thích Nhất Hạnh,198000,198000,0,0.0,0,0,,Nhiều công ty phát hành,Nhiều Nhà Xuất Bản,,,,,info book,available,1000,True,True,True
177615612,"Thế Gian Này Dẫu Đẹp, Nhưng Cũng Chẳng Bằng Em",148000,148000,0,0.0,0,0,,Nhà Xuất Bản Đại Học Quốc Gia Hà Nội,Nhà Xuất Bản Đại Học Quốc Gia Hà Nội,,,,,Nhà sách NetaBooks,available,1000,True,True,True
116407899,"Combo Sách kỹ năng sống làm thay đổi cuộc đời bạn: Nóng giận là bản năng, tĩnh lặng là bản lĩnh+ Nói chuyện là bản năng, giữ miệng là tu dưỡng, im lặng là trí tuệ",278000,278000,0,0.0,0,0,,Nhiều công ty phát hành,Nhiều Nhà Xuất Bản,,,,,HỆ THỐNG NHÀ SÁCH ABC,available,1000,True,True,True
87960224,Combo Không Sợ Chậm Chỉ Sợ Dừng  và Bạn Đắt Giá Bao Nhiêu,258000,258000,0,0.0,0,0,Vãn Tình,Công Ty TNHH Văn Hóa và Truyền Thông AZ Việt Nam,Nhà Xuất Bản Thế Giới,,Bìa mềm,,,info book,available,1000,True,True,True
59511403,"Combo cẩm nang sống đẹp: Càng Độc Lập Càng Cao Quý + Sống, Làm Việc Và Yêu (Bộ 2 cuốn cẩm nang dành cho phụ nữ hiện đại)",288000,288000,0,0.0,0,0,,1980 Books,Nhà Xuất Bản Thanh Niên,,Bìa mềm,,,info book,available,1000,True,True,True
54877169, Combo Về Lẽ Được Mất Tạo Nghệ Thuật Sống Đẹp Hơn Mỗi Ngày: Ai Sẽ Khóc Khi Bạn Lìa Xa + Đời Ngắn Đừng Ngủ Dài ( Những Cuốn sách Tiêu Biểu  Của  Robin Sharma ),159000,159000,0,5.0,2,11,,Bloomsbury Childrens - NXB Trẻ,NXB Trẻ,,Bìa mềm,,,Nhà Sách Vĩnh Thụy,available,1000,True,True,True
2500889,Ân Cha Mẹ Nghĩa Thầy Cô,150000,150000,0,0.0,0,16,,Công Ty TNHH Trí Tuệ Thế Giới,Nhà Xuất Bản Hồng Đức,,Bìa cứng,177,2018-06-01,Trí Tuệ Thế Giới World Wisdom,available,1000,True,True,True
279303720,Thả Trôi Phiền Muộn,110000,110000,0,0.0,0,0,Suối Thông,Cty Văn Hóa Văn Lang,Nhà Xuất Bản Dân Trí,,,,,BOOKCITY.VN,available,1000,True,True,True
278664875,Sách Khi Cuộc Đời Cho Bạn Lá Bài Xấu - AZB,139000,139000,0,0.0,0,0,Jim Roussin,AZ Việt Nam,Nhà Xuất Bản Lao Động,,,,,Bamboo Books,available,1000,True,True,True
278509598,Manifest Thu Hút Tiền Bạc,159000,159000,0,0.0,0,0,Wallace D. Wattles,1980 Books,Nhà Xuất Bản Hà Nội,,Bìa mềm,191,2025-08-16,Nhà sách NetaBooks,available,1000,True,True,True
278037662,Sách - Combo 2 Cuốn Không Diệt Không Sinh Đừng Sợ Hãi + Thiền Sư Và Em Bé 5 Tuổi,200100,230000,13,0.0,0,0,Thích Nhất Hạnh,Saigon Books,Nhà Xuất Bản Hội Nhà Văn,,Bìa mềm,224,2025-05-28,Zenbooks Official ,available,1000,True,True,True
276847678,Hiểu Tâm Lý Để Làm Chủ Cảm Xúc,133000,133000,0,0.0,0,0,,NXB Lao Động,Nhà Xuất Bản Lao Động,,Bìa mềm,288,,Nhà Sách Phương Nam,available,1000,True,True,True
276369367,Thực Hành Trắc Ẩn Từ Trái Tim,109000,109000,0,0.0,0,0,Tim Desmond,NXB Thanh Niên,Nhà Xuất Bản Thanh Niên,,Bìa mềm,216,,Bamboo Books,available,1000,True,True,True
276344668,Sách Đời người lúc nào cũng có thể làm lại,98000,128000,23,0.0,0,2,Tưởng Xuân,Công ty CP Sách Bizbooks,Nhà Xuất Bản Hồng Đức,,Bìa mềm,172,2024-04-25,Tiki Trading,available,1000,False,True,True
275580042,Sách Combo 4 Cuốn: Buông Bỏ Nghiệp Nóng Giận + Tham Luyến Hóa Theo Mây Trời + Nhân Sinh Đau Khổ Bởi Không Đành Lòng + Như Một Lần Tái Sinh - SBOOKS,312000,312000,0,4.8,4,10,,SBOOKS,Nhà Xuất Bản Văn Học,,Bìa mềm,666,2024-07-10,TIỆM SÁCH KHAI TÂM,available,1000,True,True,True
275268300,"Sách Đàn Ông Hoang Dã, Đàn Bà Xây Tổ",75000,108000,31,5.0,1,7,Tăng Tử Hàng,VanLangBooks,,,Bìa mềm,,,Tiki Trading,available,1000,True,True,True
275264331,"Sách Đừng sợ ""mất lòng"" - Cách vượt rào cản để thành công",121000,158000,23,5.0,1,15,Chu Vệ Lợi,Công ty CP Sách Bizbooks,Nhà Xuất Bản Hồng Đức,,Bìa mềm,240,2024-02-01,Tiki Trading,available,1000,False,True,True
274751557,Sách Đọc Vị Nàng Và Ngàn Lẻ Chuyện Yêu,57850,89000,35,4.0,1,5,Khúc Cẩm Huyên,Wavebooks,Nhà Xuất Bản Thế Giới,,Bìa mềm,184,2024-01-24,Tiki Trading,available,1000,False,True,True
274713817,Dẫu Có Mệt Mỏi Cũng Đừng Dựa Dẫm Vào Người Khác,96000,96000,0,0.0,0,0,Jung Wooyul,NXB Văn Học,Nhà Xuất Bản Văn Học,,Bìa mềm,230,,Nhà Sách Phương Nam,available,1000,True,True,True
274649743,Sách Khi Sự Sống Không Có Dự Phòng,126400,158000,20,5.0,1,12,Mike Berners-Lee,Skybooks,Nhà Xuất Bản Thế Giới,,Bìa mềm,328,,Tiki Trading,available,1000,False,True,True
274649739,Sách Thông Minh Mắc Lỗi Thông Minh,90860,118000,23,5.0,1,21,Hạ Văn Phương,Vibooks,Nhà Xuất Bản Thế Giới,,Bìa mềm,304,,Tiki Trading,available,1000,False,True,True
274649732,Sách Dẫu Có Mệt Mỏi Cũng Đừng Dựa Dẫm Vào Người Khác,67200,96000,30,0.0,0,13,Jung Wooyul,Mood to Read,Nhà Xuất Bản Văn Học,,Bìa mềm,230,,Tiki Trading,available,1000,False,True,True
274616424,"Combo 2 CuốnTriết Lý Nhân Sinh Trong Xử Thế Tam Đại Kỳ Thư: Tiểu Song U Ký,Vi Lô Dạ Thoại - Vanlangbooks",271000,336000,19,0.0,0,5,,VanLangBooks,Nhà Xuất Bản Hồng Đức,,Bìa mềm,,,Văn Lang Official Store,available,1000,True,True,True
274503927,Tuổi Già Rực Rỡ,287000,299000,4,0.0,0,0,Daniel J. Levitin,Nhã Nam,Nhà Xuất Bản Dân Trí,,Bìa mềm,652,2024-03-14,TYMBooks,available,1000,True,True,True
273868402,Đường Về Tỉnh Thức,106250,125000,15,0.0,0,0,Trần Tuấn Anh,Nhà xuất bản Tổng hợp TP.HCM ,Nhà Xuất Bản Tổng hợp TP.HCM,,,,,NXB TỔNG HỢP,available,1000,True,True,True
273710539,Một Ngày Kia Đến Bờ,120000,125000,4,0.0,0,0,Đỗ Hồng Ngọc,PHANBOOK,Nhà Xuất Bản Đà Nẵng,,Bìa mềm,,2023-12-25,TYMBooks,available,1000,True,True,True
270252881,Sách - Làm Sao Học Ít Hiểu Nhiều ( ZB ),128000,128000,0,0.0,0,0,Nhiều dịch giả,Nhà Sách Hồng Ân,Nhà Xuất Bản Đại Học Quốc Gia Hà Nội,,Bìa mềm,272,,Nhà Sách Vĩnh Thụy,available,1000,True,True,True
262656131,Sinh Năm 1972 - Khát Vọng Sống,153000,199000,23,0.0,0,0,,Alpha Books,Nhà Xuất Bản Thế Giới,,,,,Alpha Books Official,available,1000,True,True,True
262292895,"Sống Bình Thường Mà Không Tầm Thường - 27 Bài Học Cho Bạn Một Đời Sống ""Chất""",133400,139000,4,0.0,0,0,Jen Sincero,Alpha Books,Nhà Xuất Bản Dân Trí,,Bìa mềm,308,,TYMBooks,available,1000,True,True,True
257552595,TỰ NGHIỆM,187200,195000,4,0.0,0,1,,Nhà Xuất Bản Tri Thức,Nhà Xuất Bản Tri Thức,,Bìa mềm,415,2022-12-30,TYMBooks,available,1000,True,True,True
219161870,Sách Hạnh Phúc Từ Sự Tự Do Vàn An Lạc Nội Tâm,66700,89000,25,0.0,0,2,Huỳnh Diệu Hiền,NXB Phụ Nữ Việt Nam,Nhà Xuất Bản Phụ Nữ Việt Nam,,Bìa mềm,244,2023-01-01,Tiki Trading,available,1000,False,True,True
215637881,Khóe Miệng Vui Tươi – Cuộc Đời Đích Đáng,98000,98000,0,0.0,0,0,,Zenbooks,Nhiều Nhà Xuất Bản,,,,,HỆ THỐNG NHÀ SÁCH ABC,available,1000,True,True,True
197657912,Sách Mỉm Cười Sống Tiếp,81100,119000,32,4.5,4,49,Cao Gia Trình,Mood to Read,Nhà Xuất Bản Dân Trí,,Bìa mềm,272,2022-09-09,Tiki Trading,available,1000,False,True,True
191148990,Sách Hạnh Phúc Ngay Năm Nay,76000,108000,30,4.0,1,3,Will Bowen,VanLangBooks,Nhà Xuất Bản Hồng Đức,,Bìa mềm,280,2022-07-07,Tiki Trading,available,1000,True,True,True
184465055,Sống Vui Khỏe,66500,70000,5,0.0,0,1,,Công ty TNHH TM & DV Văn Hóa Hương Trang,Nhà Xuất Bản Đại Học Quốc Gia Hà Nội,,,,,Chính Thông,available,1000,True,True,True
174293677,7 Quy Tắc Tiền Bạc Trong Cuộc Sống,57400,70000,18,0.0,0,1,,VanLangBooks,oem,,Bìa mềm,,,Văn Lang Official Store,available,1000,True,True,True
161903409,Sách Làm Điều Mình Thích Là Tự Do - Thích Điều Mình Làm Là Hạnh Phúc,149000,149000,0,0.0,0,0,"Quách Tĩnh, Thẩm Hi Hoằng, Châu Hoa Thành",Booklife,Nhà Xuất Bản Thanh Niên,,Bìa mềm,312,2022-02-01,info book,available,1000,True,True,True
116048594,Sách Hạnh Phúc Là Một Sự Lựa Chọn (Đơn Giản Hóa Suy Nghĩ Để Thành Công Trong Cuộc Sống),139000,139000,0,0.0,0,0,Anne Bogel,Booklife,Nhà Xuất Bản Lao Động,,Bìa mềm,304,2021-07-15,Nhà Sách Vĩnh Thụy,available,1000,True,True,True
108493410,Sách Gột Rửa Âu Lo Tự Do Tâm Trí,136000,136000,0,0.0,0,0,Michael Smith,Bookland,Nhà Xuất Bản Thanh Niên,,Bìa mềm,256,2021-06-01,Nam Long Books,available,1000,True,True,True
94633970,TÂM NGÔN BÙI QUỐC CHÂU,169500,210000,19,0.0,0,14,,Cty Văn Hóa Hương Trang,Nhà Xuất Bản Văn Hóa Văn Nghệ,,,,,Chính Thông,available,1000,True,True,True
57705034,Sách Khổ Đau Không Là Điều Tất Yếu,101200,110000,8,0.0,0,4,Gail Brenner,NXB Tổng Hợp TP. HCM,Nhà Xuất Bản Tổng hợp TP.HCM,,Bìa mềm,268,2020-07-01,Nhà sách NetaBooks,available,1000,True,True,True
53299968,Sách Sống Đẹp - Trái Tim Nhân Hậu,28100,40000,30,0.0,0,12,.,Tân Việt,Nhà Xuất Bản Hà Nội,,Bìa mềm,191,2019-04-04,Tiki Trading,available,1000,False,True,True
52237889,"Sách Nhân Sinh Muôn Vẻ, Đừng Vội So Đo",86000,86000,0,0.0,0,1,Trương Di,Alphabooks,Nhà Xuất Bản Văn Học,,Bìa mềm,138,2020-04-01,HỆ THỐNG NHÀ SÁCH ABC,available,1000,True,True,True
8149192,Mỗi Ngày Một Bài Học Cảm Ơn,156000,156000,0,0.0,0,0,"Thanh Ly, Bảo Phúc",Công Ty Cổ Phần Tri thức Văn Hóa Sách Việt Nam,Nhà Xuất Bản Hồng Đức,,Bìa mềm,312,1900-01-13,Bamboo Books,available,1000,True,True,True
2100761,Sách Khi Sô Cô La Biến Mất,65000,65000,0,0.0,0,0,Lama Yeshe,Nhà sách Minh Lâm,Nhà Xuất Bản Hồng Đức,,Bìa mềm,251,2018-05-07,Bamboo Books,available,1000,True,True,True
1940577,Sách An Nhiên Như Nắng,80000,80000,0,0.0,0,0,Chân Thiện Nhật,Saigon Books,Nhà Xuất Bản Văn Hóa Văn Nghệ,,Bìa mềm,226,2018-04-17,info book,available,1000,True,True,True
1456393,Sách Lợi Mỗi Ngày Được Một Giờ,35100,37000,5,1.0,1,66,Ray Josephs,Công Ty TNHH Thư Lâm,Nhà Xuất Bản Tổng hợp TP.HCM,,Bìa mềm,215,2018-01-01,Chính Thông,available,1000,True,True,True
279307067,50 Thiên Thần Của Bạn - Giải Phóng Bản Thân Khỏi Buồn Phiền Và Cô Đơn,90000,90000,0,0.0,0,0,Urako Kanamori,Cty Văn Hóa Văn Lang,Nhà Xuất Bản Văn Hóa - Văn Nghệ,,,,,BOOKCITY.VN,available,1000,True,True,True
278534280,Sách - Hôm Nay Cũng Muốn Ôm Lấy Bạn,131000,136000,4,5.0,1,1,Trảo Trà,AZ Việt Nam,Nhà Xuất Bản Lao Động,,Bìa mềm,192,,Nhân Văn,available,1000,True,True,True
278037086,Sách - Manifest Tình Yêu,107280,149000,28,0.0,0,0,Caterina Yolaine,1980 Books,Nhà Xuất Bản Hà Nội,,Bìa mềm,180,,TTR Next Generation,available,1000,True,True,True
277481497,Sách - WA: Nghệ thuật sống cân bằng của người Nhật (Nhã Nam HCM),183920,209000,12,0.0,0,0,Kaki Okumura,Nhã Nam,Nhà Xuất Bản Dân Trí,,Bìa mềm,336,2025-03-01,Nhã Nam HCM,available,1000,True,True,True
276493125,Combo Sách - Trò Chơi Của Những Kẻ Hiểu Luật + Trò Chơi Tâm Lý,279360,388000,28,0.0,0,5,"Eric Berne, Dan Nicholson",1980 Books,Nhà Xuất Bản Công Thương,,Bìa mềm,303,2024-09-25,TTR Next Generation,available,1000,True,True,True
275922939,Chicken Soup For The Surviving Soul 18 - Vượt Lên Nghịch Cảnh (Tái Bản 2023),63000,76000,17,0.0,0,3,"Jack Canfield,  Mark Victor Hansen",FIRST NEWS,Nhà Xuất Bản Tổng hợp TP.HCM,,Bìa mềm,,2023-12-21,Nhà sách Fahasa,available,1000,True,True,True
275770136,Chicken Soup For The Soul - Hạt Giống Tâm Hồn - Tập 10 - Theo Dòng Thời Gian (Tái Bản 2023),63000,76000,17,0.0,0,0,nhieu tac gia,FIRST NEWS,Nhà Xuất Bản Tổng hợp TP.HCM,,,,,Nhà sách Fahasa,available,1000,True,True,True
274849248,Bài Học Về Sự Quan Tâm - Chúng Tôi Cần Bạn (Tái bản 2024),88000,88000,0,0.0,0,0,,VIETNAMBOOK,Nhà Xuất Bản Quân Đội Nhân Dân,,Bìa mềm tay gấp,180,2024-04-22,VIETNAMBOOK,available,1000,True,True,True
274649734,Sách Nghệ Thuật Của Sự Cô Đơn,108000,108000,0,0.0,0,0,Trần Doãn Hạo,Glow Books,Nhà Xuất Bản Phụ Nữ,,Bìa mềm,264,,NHBook,available,1000,True,True,True
274019070,Chicken Soup For The College Soul - Ánh Lửa Tình Bạn,63000,76000,17,0.0,0,0,nhieu tac gia,FIRST NEWS,Nhà Xuất Bản Tổng hợp TP.HCM,,,,,Nhà sách Fahasa,available,1000,True,True,True
273709708,"Trạm Đọc Official | Sống Bình Thường Mà Không Tầm Thường - 27 Bài Học Cho Bạn Một Đời Sống ""Chất""",111000,139000,20,0.0,0,0,Jen Sincero,Alpha Books,Nhà Xuất Bản Dân Trí,,Bìa mềm,308,,Alpha Books Official,available,1000,True,True,True
273604856,Tô Màu Tarot - Tô Màu Theo Cách Của Bạn Để Khai Mở Trực Giác Diệu Kỳ,110000,115000,4,0.0,0,0,Đội ngũ Biên tập của Chartwell Books,AZ Việt Nam,Nhà Xuất Bản Thế Giới,,Bìa mềm,130,,Nhân Văn,available,1000,True,True,True
273238489,Đắc Nhân Tâm - Bìa Cứng (Tái Bản 2023),97700,115000,15,0.0,0,0,Dale Carnegie,Nhà sách Minh Thắng,NXB Dân Trí,,,,,Nhà sách Fahasa,available,1000,True,True,True
272406177,SÁCH: Đắc Nhân Tâm (Tái Bản 2021),68800,86000,20,0.0,0,2,Dale Carnegie,Omega Plus,Nhà Xuất Bản Dân Trí,,Bìa mềm,368,,Alpha Books Official,available,1000,True,True,True
271497926,Chicken Soup For The Soul - Nắng Ấm Sau Mưa,64700,78000,17,0.0,0,1,Amy Newmark,FIRST NEWS,Nhà Xuất Bản Tổng hợp TP.HCM,,,,,Nhà sách Fahasa,available,1000,True,True,True
270796394,Kĩ Năng Vàng Cho Học Sinh Trung Học - Học Kĩ Năng Để Thành Công (Tái Bản 2023),38000,40000,5,0.0,0,5,Liu Yong,Nhà Xuất Bản Kim Đồng,Nhà Xuất Bản Kim Đồng,,,,,Nhà sách Fahasa,available,1000,True,True,True
270296105,Sách - Lắng nghe hơi thở(SGB),110000,110000,0,0.0,0,0,Nhiều dịch giả,Nhà Sách Hồng Ân,Nhà Xuất Bản Đại Học Quốc Gia Hà Nội,,Bìa mềm,220,,Nhà Sách Vĩnh Thụy,available,1000,True,True,True
263179429,Hạt Giống Tâm Hồn - Tập 3 - Từ Những Điều Bình Dị (Tái Bản 2023),63000,76000,17,0.0,0,2,Nhiều tác giả,FIRST NEWS,Nhà Xuất Bản Tổng hợp TP.HCM,,,,,Nhà sách Fahasa,available,1000,True,False,True
262459556,Muôn Kiếp Nhân Sinh - Tập 2 (Bìa mềm),227800,268000,15,0.0,0,1,Nguyên Phong,Nhà xuất bản Tổng hợp TP.HCM ,Nhà Xuất Bản Tổng hợp TP.HCM,,,,,NXB TỔNG HỢP,available,1000,True,True,True
262346412,"Sáng Hướng Nội, Tối Hướng Ngoại",128880,179000,28,0.0,0,4,,1980 Books,Nhà Xuất Bản Thanh Niên,,,,,1980 BOOKS HCM,available,1000,True,True,True
261152048,Hạt Giống Tâm Hồn - Tập 6: Và Ý Nghĩa Cuộc Sống (Tái Bản 2022),63000,76000,17,0.0,0,3,Nhiều tác giả,FIRST NEWS,Nhà Xuất Bản Tổng hợp TP.HCM,,,,,Nhà sách Fahasa,available,1000,True,True,True
253293546,Chicken Soup For The Soul Stories For A Better World 19 - Tin Vào Ngày Mai (Tái Bản 2023),63000,76000,17,0.0,0,0,"Jack Canfield,  Mark Victor Hansen",FIRST NEWS,Nhà Xuất Bản Tổng hợp TP.HCM,,,,,Nhà sách Fahasa,available,1000,True,True,True
249854001,Tự Chăm Sóc Cuộc Sống - Hướng Đi Cuộc Đời - Vanlangbooks,55250,65000,15,0.0,0,1,Skye Alexander,Cty Văn Hóa Văn Lang,Nhà Xuất Bản Hồng Đức,,Bìa mềm,168,2020-04-03,Văn Lang Official Store,available,1000,True,True,True
249383966,Sống Cân Bằng - Claire Fox - Vanlangbooks,63000,78000,19,0.0,0,0,Claire Fox,VanLangBooks,Nhà Xuất Bản Hồng Đức,,Bìa mềm,208,2019-05-02,Văn Lang Official Store,available,1000,True,True,True
248880524,Hạt Giống Tâm Hồn - Tập 13: Cách Nghĩ Mở Con Đường,63000,76000,17,0.0,0,3,Nhiều tác giả,FIRST NEWS,Nhà Xuất Bản Đại Học Quốc Gia Hà Nội,,,,,Nhà sách Fahasa,available,1000,True,True,True
209867901,Hạnh Phúc Trong Công Việc - Bản Quyền,159000,159000,0,0.0,0,0,,Alphabooks,Nhà Xuất Bản Thanh Niên,,,,,Nhà Sách Vĩnh Thụy,available,1000,True,True,True
206359737,10% Hạnh Phúc Hơn - Hành Trình Hoàn Thiện Tâm Hồn Nhờ Thiền Chánh Niệm,149000,149000,0,0.0,0,0,Dan Harris,Nhà Xuất Bản Thanh Niên,Nhà Xuất Bản Thanh Niên,,Bìa mềm,311,,Nhà Sách Vĩnh Thụy,available,1000,True,True,True
198889472,Hạt Giống Tâm Hồn 1 - Cho Lòng Dũng Cảm Và Tình Yêu Cuộc Sống (Tái Bản 2022),63000,76000,17,0.0,0,11,First News,FIRST NEWS,Nhà Xuất Bản Tổng hợp TP.HCM,,,,,Nhà sách Fahasa,available,1000,True,True,True
192949479,Tuyển Chọn Những Câu Chuyện Hay Nhất - Hạt Giống Tâm Hồn - Món Quà Tinh Thần Ý Nghĩa Nhất,97900,118000,17,0.0,0,10,Nhiều tác giả,FIRST NEWS,Nhà Xuất Bản Tổng hợp TP.HCM,,,,,Nhà sách Fahasa,available,1000,True,True,True
187769357,Chuyển hóa tâm thức - Satoru Utsumi,159000,159000,0,0.0,0,0,,1980 Books,Nhà Xuất Bản Thanh Niên,,Bìa mềm,300,,Bamboo Books,available,1000,True,True,True
163021273,Hạt Giống Tâm Hồn - Xin Đừng Làm Mẹ Khóc (Tái Bản),97900,118000,17,0.0,0,5,First News,FIRST NEWS,Nhà Xuất Bản Tổng hợp TP.HCM,,,,,Nhà sách Fahasa,available,1000,True,True,True
146223842,Thói Quen Tốt Của Những Đứa Trẻ Chăm Ngoan - Mình Không Nóng Giận,63200,68000,7,0.0,0,9,Tuệ Minh,CÔNG TY CỔ PHẦN SÁCH TRÍ THỨC VIỆT,NXB Dân Trí,,,,,Nhà sách Fahasa,available,1000,True,True,True
133083527,"Quy Tắc Ứng Xử Trên Môi Trường Mạng Xã Hội, Nơi Công Cộng, Làm Việc Dành Cho Cá Nhân, Tổ Chức, Đơn Vị Và Doanh Nghiệp",242200,395000,39,4.0,1,8,Tăng Bình - Ái Phương,Nhà Sách Pháp Luật,Nhà Xuất Bản Hồng Đức,,Bìa mềm,400,,Nhà Sách Pháp Luật,available,1000,True,True,True
86955955,Khát Vọng Vô Bờ Chứ Đừng Dại Khờ - Tuệ Tâm (Tủ Sách Trí Tuệ),77000,78000,1,0.0,0,16,,SBOOKS,Nhà Xuất Bản Dân Trí,,Bìa mềm,164,2021-03-18,SBOOKS OFFICIAL,available,1000,True,True,True
75454259,Sách Nửa Kia Vượt Trội,126900,138000,8,0.0,0,2,Sharon Moalem,Huy Hoàng Bookstore,Nhà Xuất Bản Dân Trí,,Bìa mềm,368,2021-01-01,Nhà sách Fahasa,available,1000,True,True,True
73514457,"Bộ 3 Cuốn Dọn Dẹp Tối Giản + Sống Có Kế Hoạch + Mẹ à, Cuộc Sống Thật Dễ Dàng",449000,488000,8,5.0,2,9,,Cty TNHH R BOOKS,Nhà Xuất Bản Lao Động,,Bìa mềm,,,RBooks Shop,available,1000,True,True,True
25938697,Sách Vitamin Cho Tâm Hồn - Cùng Bỏ Lại Nỗi Đau Trên Cát,57600,60000,4,5.0,1,4,Nguyễn Ngoan,Công Ty TNHH Văn Hóa Đông Tây,,,Bìa mềm,184,2019-01-09,Nhà sách Fahasa,available,1000,True,True,True
23204773,Sách Triết Lý Sống Thế Hệ Z - Chú Tâm Bất Chấp Động Tâm,92100,98000,6,0.0,0,15,Anna Barnes,VanLangBooks,,,Bìa mềm,160,2019-07-11,Nhà sách Fahasa,available,1000,True,True,True
14303668,Sách Thầy Khổng Tử Thân Thương - Tập 1: Đọc Ít Hiểu Nhiều,83600,89000,6,4.8,4,15,Ngô Cam Lâm,VanLangBooks,,,Bìa mềm,240,2019-04-11,Nhà sách Fahasa,available,1000,True,True,True
2563921,Những Quy Tắc Trong Cuộc Sống (Tái Bản 2018),103000,129000,20,0.0,0,0,Richard Templar,Alphabooks,Nhà Xuất Bản Lao Động,,Bìa mềm,346,,Alpha Books Official,available,1000,True,True,True
279307972, Sách Bí Mật Ngôn Ngữ Cơ Thể,82000,82000,0,0.0,0,0,Carol Kinsey Goman,First News - Trí Việt,Nhà Xuất Bản Tổng hợp TP.HCM,,,,,BOOKCITY.VN,available,1000,True,True,True
278037875,Combo 2 quyển sách Tôi Thích Dáng Vẻ Nỗ Lực Của Chính Mình + Lời Chỉ Dẫn Của Vũ Trụ - Để Vũ Trụ Cùng Bạn Quyết Định,143520,184000,22,0.0,0,1,Lily Trương,Công Ty Cổ Phần Time Books,NXB Dân Trí,,Bìa mềm,208,,SÁCH TIMEBOOKS,available,1000,True,True,True
276042025,Chicken Soup For The Mother And Daughter Soul - Vòng Tay Của Mẹ (Tái Bản 2023),63000,76000,17,0.0,0,0,nhieu tac gia,FIRST NEWS,Nhà Xuất Bản Tổng hợp TP.HCM,,Bìa mềm,,2023-12-21,Nhà sách Fahasa,available,1000,True,True,True
275598772,Sách Hạt Giống Tâm Hồn - Tập 11: Những Trải Nghiệm Cuộc Sống,76000,76000,0,0.0,0,0,,First News - Trí Việt,Nhà Xuất Bản Tổng hợp TP.HCM,,Bìa mềm,160,,ECOBOOK VN,available,1000,True,True,True
275512680,Để Con Chăm Sóc Cha,148000,148000,0,0.0,0,0,Miew,First News - Trí Việt,Nhà Xuất Bản Dân Trí,,Bìa mềm,224,2024-07-01,Nhà sách NetaBooks,available,1000,True,True,True
275074383,A Cup Of Chicken Soup For The Soul - Vượt Qua Bão Tố - Lan Tỏa Yêu Thương (Tái Bản 2023),63000,76000,17,0.0,0,0,"Jack Canfield,  Mark Victor Hansen",FIRST NEWS,Nhà Xuất Bản Tổng hợp TP.HCM,,,,,Nhà sách Fahasa,available,1000,True,True,True
274729333,Sách - Chicken Soup For The Soul : Tin Vào Ngày Mai,76000,76000,0,0.0,0,0,,First News - Trí Việt,Nhà Xuất Bản Tổng hợp TP.HCM,,Bìa mềm,,,Nhà Sách Vĩnh Thụy,available,1000,True,True,True
274143428,Làm Mới Vườn Tâm - Suối Thông,106000,110000,4,0.0,0,0,,Saigon Books,NXB Dân Trí,,,,,Nhân Văn,available,1000,True,True,True
274069670,Chuyện năm 1968 TH125,125000,125000,0,0.0,0,4,,Nhà xuất bản Tổng hợp TP.HCM ,Nhà Xuất Bản Tổng hợp TP.HCM,,Bìa mềm,,,LITTLE BOOKS,available,1000,True,True,True
273726130,"Sách - Thong dong bước đến, Tự tại bước về - Thái Hà Books",125000,139000,10,0.0,0,3,,Thái Hà,Nhà Xuất Bản Dân Trí,,,,,THAIHABOOKS,available,1000,True,True,True
273467163,Combo 2 Cuốn Về Nghệ Thuật Sống Đẹp: Không Hoàn Hảo Nhưng Hạnh Phúc Và Tự Do+ Gieo Trồng Hạnh Phúc,321350,321350,0,0.0,0,1,,Nhã Nam,Nhiều Nhà Xuất Bản,,,,,AHABOOKS,available,1000,True,True,True
271784289,Sách Hạt Giống Tâm Hồn - Những Chồi Non Hy Vọng,62400,78000,20,0.0,0,11,Amy Newmark,First News - Trí Việt,Nhà Xuất Bản Tổng hợp TP.HCM,,Bìa mềm,160,2023-09-09,Tiki Trading,available,1000,False,True,True
271734351,Combo Suối Nguồn Tươi Trẻ - Tập 1 + 2 (Bộ 2 Cuốn) _FN,186000,186000,0,0.0,0,0,Peter Kelder,First News - Trí Việt,Nhà Xuất Bản Tổng hợp TP.HCM,,Bìa mềm,,,Nhà Sách Vĩnh Thụy,available,1000,True,True,True
271497930,Chicken Soup For The Soul - Gieo Hạt Mầm Tử Tế,64700,78000,17,0.0,0,0,Amy Newmark,FIRST NEWS,Nhà Xuất Bản Tổng hợp TP.HCM,,,,,Nhà sách Fahasa,available,1000,True,True,True
271086338,Sách - Thả trôi phiền muộn,95700,110000,13,0.0,0,1,Suối Thông,Saigon Books,NXB Dân Trí,,Bìa mềm,256,2023-03-01,Zenbooks Official ,available,1000,True,True,True
263479775,Nghệ Thuật - Khái Lược Những Tư Tưởng Lớn - Bìa Cứng,427500,450000,5,0.0,0,2,DK,dong a,NXB Dân Trí,,,,,Nhà sách Fahasa,available,1000,True,True,True
262405509,Muôn Kiếp Nhân Sinh 3 (Bìa Mềm),185300,218000,15,5.0,1,22,,First News - Trí Việt,Nhà Xuất Bản Tổng hợp TP.HCM,,,,,Bảo Châu Books,available,1000,True,True,True
259536275,Combo Khi Mọi Điểm Tựa Đều Mất + Chicken Soup For Single’s Soul 16 - Khi Bạn Chỉ Có Một Mình - Bản Quyền,174000,174000,0,0.0,0,0,,First News - Trí Việt,Nhà Xuất Bản Tổng hợp TP.HCM,,,,,Nhà Sách Vĩnh Thụy,available,1000,True,True,True
254085719,Combo Điều Diệu Kỳ Từ Cách Nhìn Cuộc Sống + Những Bài Học Cuộc Sống - Bản Quyền,140000,140000,0,0.0,0,0,,First News - Trí Việt,Nhà Xuất Bản Tổng hợp TP.HCM,,,,,info book,available,1000,True,True,True
253691052,Hạt Giống Tâm Hồn 10 - Bản Quyền,76000,76000,0,0.0,0,0,,First News - Trí Việt,NXB Tổng Hợp Thành Phố Hồ Chí Minh,,,,,Nhà Sách Vĩnh Thụy,available,1000,True,True,True
252562715,Ánh Lửa Tình Bạn,76000,76000,0,0.0,0,0,,First News - Trí Việt,NXB Tổng Hợp Thành Phố Hồ Chí Minh,,Bìa mềm,,,Nhà Sách Vĩnh Thụy,available,1000,True,True,True
252041085,Những Mẫu Chuyện Hài Hước Trong Xử Thế Của Người Do Thái,80000,83000,4,0.0,0,1,,Cty Văn Hóa Văn Lang,,,,,,Nhân Văn,available,1000,True,True,True
216687148,TIẾN TRÌNH THÀNH NHÂN,145500,147000,1,0.0,0,0,Carl R. Rogers,Bách Việt,Nhà Xuất Bản Phụ Nữ Việt Nam,,Bìa mềm,456,2023-02-03,Minhhabooks,available,1000,True,True,True
205942260,Sách Chuyện Đi Làm Hết Lòng,94520,136000,31,5.0,57,665,"Na Lê, Nấm Lùn",Nhã Nam,Nhà Xuất Bản Dân Trí,,Bìa mềm,444,2022-11-11,Tiki Trading,available,1000,False,True,True
205809607,"Thiên Tài Bên Trái, Kẻ Điên Bên Phải (Tái bản năm 2022)",179000,179000,0,0.0,0,0,Cao Minh,Nhà Xuất Bản Thế Giới,Nhà Xuất Bản Thế Giới,,Bìa mềm,424,,Nhà Sách Phương Nam,available,1000,True,True,True
205256306,Hãy hỏi trái tim mình,125000,139000,10,0.0,0,4,Park Nam Hee,Thái Hà,Nhà Xuất Bản Công Thương,,Bìa mềm,184,2022-11-10,THAIHABOOKS,available,1000,True,True,True
204754500,"Combo 2 Cuốn Về Những Lối Sống Nổi Tiếng: Ikigai - Đi Tìm Lý Do Thức Dậy Mỗi Sáng + Ho’Oponopono - Sống Như Người Hawaii – Chấp Nhận, Biết Ơn Và Tha Thứ (Tặng Kèm Bookmark Bamboo Books)",208000,208000,0,0.0,0,2,"Francesc Miralles, Héctor García, Carole Berger",Thái Hà Book,Nhà Xuất Bản Công Thương,,Bìa mềm,,,Bamboo Books,available,1000,True,True,True
193623825,Vẻ Đẹp Của Sự Vừa Đủ - AZ,136000,136000,0,0.0,0,0,,Công Ty TNHH Văn Hóa Và Truyền Thông Skybooks Việt Nam,Nhà Xuất Bản Dân Trí,,,,,Bamboo Books,available,1000,True,True,True
190601862,Sách Chánh niệm từng phút giây - Nấu yêu thương nuôi dưỡng nhiệm màu,70800,109000,35,5.0,1,22,Julia Ponsonby,Thái Hà,Nhà Xuất Bản Lao Động,,Bìa mềm,160,2022-07-01,Tiki Trading,available,1000,False,True,True
167615608,Chế Độ Ăn Giảm Cân Và Kiểm Soát Tiểu Đường,189000,189000,0,0.0,0,0,,Thái Hà,oem,,,,,Bamboo Books,available,1000,True,True,True
167614104,Tàn Khốc Mới Là Thanh Xuân,109000,109000,0,0.0,0,0,,Thái Hà,oem,,,,,Bamboo Books,available,1000,True,True,True
52592326,Sách Thành Công & Hạnh Phúc - Self-Care Tự Chăm Sóc Cuộc Sống,64600,68000,5,3.5,2,11,,VanLangBooks,,,Bìa mềm,182,2020-04-01,Nhà sách Fahasa,available,1000,True,True,True
32744365,"Bộ Sách Bí Mật Của Sự Thành Công ( Rich Habits  + ""Rich Habits - Poor Habits"") (Tặng kèm kho Audio Books)",291000,388000,25,5.0,4,20,.,MCBOOKS,Nhà Xuất Bản Hồng Đức,,Bìa mềm,,,NVP,available,1000,True,True,True
32377114,"Combo Sống Đơn Giản Của Người Nhật : Lối Sống Tối Giản Của Người Nhật + Dọn Nhà, Dọn Cửa, Gột Rửa Trái Tim",209000,209000,0,0.0,0,0,,Thái Hà,,,,,,Nhà Sách Vĩnh Thụy,available,1000,True,True,True
32376522,Combo 2 cuốn sách hay về kĩ năng sống: Quả Táo Thần Kỳ Của Kimura + Sống Đơn Giản Cho Mình Thanh Thản,164000,164000,0,0.0,0,2,,Thái Hà,Nhà Xuất Bản Lao Động,,,,,Nhà Sách Vĩnh Thụy,available,1000,True,True,True
31632996,Hướng Đến Cuộc Sống Carbon Thấp Thân Thiện Với Môi Trường,118000,175000,33,5.0,1,23,Chu Truyền Lâm,Vinabook JSC,,,Bìa mềm,452,2019-08-23,VIETNAMBOOK,available,1000,True,True,True
7887144,Bí Quyết Thành Công - Quẳng Gánh Lo Đi Mà Vui Sống,106200,118000,10,0.0,0,1,Dale Carnegie,Nhà sách Minh Lâm,,,Bìa mềm,368,2018-01-11,Nhà sách Fahasa,available,1000,True,True,True
1746355,Sách Nói Lời Bạc Được Việc Vàng (Tái Bản),89300,95000,6,0.0,0,1,Tiêu Tương Tử,Văn Lang,,,Bìa mềm,246,2018-01-01,Nhà sách Fahasa,available,1000,True,True,True
767955,Sống Hay Chỉ Tồn Tại?,60000,60000,0,5.0,1,69,Kimanzi Constable,VanLangBooks,,,Bìa mềm,151,2017-07-03,Văn Lang Official Store,available,1000,True,True,True
538650,Sách Những Trải Nghiệm Cuộc Sống,36000,45000,20,0.0,0,0,Lại Thế Luyện,Công ty TNHH TM & DV Văn Hóa Hương Trang,Nhà Xuất Bản Đà Nẵng,,Bìa mềm,199,2015-09-15,Nhà sách Fahasa,available,1000,True,True,True
279247533,"Sách - Sách Hạt Giống Tâm Hồn - Cho Một Khởi Đầu Mới, Xin Đừng Làm Mẹ Khóc, Tâm Hồn Cao Thượng, Điều Kỳ Diệu Tình Yêu (Trọn Bộ)",34800,42000,17,0.0,0,0,nhieu tac gia,FIRST NEWS,Nhà Xuất Bản Tổng hợp TP.HCM,,Bìa mềm,,2023-12-21,Nhà sách Fahasa,available,1000,True,True,True
279203575,"Thuyết Mặc Kệ Họ - Ngừng Lo Âu, Sống Đời Tự Do",188000,188000,0,0.0,0,0,Mel Robbins,First News - Trí Việt,Nhà Xuất Bản Dân Trí,,Bìa mềm,400,,BOOKCITY.VN,available,1000,True,True,True
276129377,Một Nghệ Thuật Sống - Bản Quyền,69700,75000,7,0.0,0,0,Nhiều tác giả,NXB Trẻ,NXB Trẻ,,Bìa mềm,118,2022-10-10,Alpha Books Official,available,1000,True,True,True
275512700,Để Con Chăm Sóc Mẹ,148000,148000,0,0.0,0,0,Miew,First News - Trí Việt,Nhà Xuất Bản Dân Trí,,Bìa mềm,224,2024-07-01,Nhà sách NetaBooks,available,1000,True,True,True
274958654,Tuyên Ngôn Của Người Anh Hùng Đời Thường - The Everyday Hero Manifesto ( Tặng Kèm Sổ Tay Xương Rồng ),190000,190000,0,0.0,0,4,"Robin Sharma, Robin Sharma, Robin Sharma, Robin Sharma",NXB Trẻ,NXB Trẻ,,Bìa mềm,472,2024-04-01,NHBook,available,1000,True,True,True
274948127,AWARENESS NHẬN BIẾT -  Athony de Mello -Huyền Không dịch -Thái Hà – NXB Thế Giới,119000,119000,0,0.0,0,0,,Thái Hà,Nhà Xuất Bản Công Thương,,,,,Nhà Sách Vĩnh Thụy,available,1000,True,True,True
274458464,Combo 2 Cuốn Sách Hay: Năng Đoạn Kim Cương + Nghiệp Tình Yêu,343900,358250,4,0.0,0,2,,Thái Hà,Nhiều Nhà Xuất Bản,,,,,AHABOOKS,available,1000,True,True,True
274069655,Phương pháp phê bình điện ảnh (VHVN89),75000,75000,0,0.0,0,0,Trần Luân Kim,Nhà xuất bản Tổng hợp TP.HCM ,Nhà Xuất Bản Tổng hợp TP.HCM,,Bìa mềm,,,LITTLE BOOKS,available,1000,True,True,True
274069616,Những trầm tích địa danh (VHVN119),101000,101000,0,0.0,0,0,Nguyễn Thanh Lợi,Nhà xuất bản Tổng hợp TP.HCM ,Nhà Xuất Bản Tổng hợp TP.HCM,,Bìa mềm,,,LITTLE BOOKS,available,1000,True,True,True
273641248,Hạt Giống Tâm Hồn - Chicken Soup For The Soul 21 - Cảm Hứng Cuộc Sống _FN,76000,76000,0,0.0,0,0,Jack Canfield,First News - Trí Việt,Nhà Xuất Bản Tổng hợp TP.HCM,,Bìa mềm,176,,Taurus 1987 Books,available,1000,True,True,True
272297500,Phương ngoại khán hồng trần,199000,199000,0,0.0,0,0,,Thái Hà,nxb lao dong ha noi,,,,,info book,available,1000,True,True,True
272058805,28 Ngày Chuẩn Bị Cho Cuộc Sống Tốt Đẹp Hơn - Vanlangbooks,20000,25000,20,0.0,0,2,Sandra Anne Taylor,VanLangBooks,Nhà Xuất Bản Lao Động,,Bìa mềm,110,2012-09-01,Văn Lang Official Store,available,1000,True,True,True
271554864,Sự Im Lặng Của Bóng Đêm,139000,139000,0,0.0,0,0,Tôn Tần,AZ Việt Nam,Nhà Xuất Bản Phụ Nữ,,,360,,Bamboo Books,available,1000,True,True,True
271270178,Sách Sống một đời theo ước nguyện bản thân,117600,168000,30,0.0,0,8,Vương Tiêu,BIZBOOKS,Nhà Xuất Bản Hồng Đức,,Bìa mềm,300,2023-03-24,Tiki Trading,available,1000,False,True,True
271247330,Sách Tâm - sức mạnh khiến cuộc Đời như mình mong muốn,89000,89000,0,0.0,0,0,,Sách điện tử Thái Hà,Nhà Xuất Bản Công Thương,,,203,,HỆ THỐNG NHÀ SÁCH ABC,available,1000,True,True,True
263693269,Sống Xanh Như Những Lá Trà,109000,109000,0,5.0,1,6,Toshimi A. Kayaki,Phương Nam Book,Nhà Xuất Bản Văn Hóa - Văn Nghệ,,Bìa mềm,176,,Nhà Sách Phương Nam,available,1000,True,True,True
261979467,Combo sách: Mỗi Lần Vấp Ngã Là Một Lần Trưởng Thành (TB) + Khi Bạn Đang Mơ Thì Người Khác Đang Nỗ Lực,243200,256000,5,0.0,0,0,,Tinh Hoa,Nhiều Nhà Xuất Bản,,,,,Tinh Hoa,available,1000,True,True,True
257759928,5 Ngôn Ngữ Yêu Thương Dành Cho Bạn Trẻ - Bản Quyền,128000,128000,0,0.0,0,0,,First News - Trí Việt,NXB Tổng Hợp Thành Phố Hồ Chí Minh,,,,,HỆ THỐNG NHÀ SÁCH ABC,available,1000,True,True,True
257759548,Combo Mãi mãi là yêu thương + Bí mật một tâm hồn cuốn hút - Bản Quyền,164000,164000,0,0.0,0,0,,First News - Trí Việt,Nhà Xuất Bản Tổng hợp TP.HCM,,,,,info book,available,1000,True,True,True
257759534,Combo Thiết kế một cuộc đời đáng sống + Tìm bình yên giữa vạn biến - Bản Quyền,266000,266000,0,0.0,0,0,,First News - Trí Việt,Nhà Xuất Bản Tổng hợp TP.HCM,,,,,info book,available,1000,True,True,True
255368698,Mãi Mãi Là Yêu Thương (Tái bản 2021) - Bản Quyền,68000,68000,0,0.0,0,0,,First News - Trí Việt,Nhà Xuất Bản Tổng hợp TP.HCM,,,,,info book,available,1000,True,True,True
254093562,Cởi Trói Linh Hồn - Bản Quyền,124000,124000,0,0.0,0,0,,First News - Trí Việt,NXB Tổng Hợp Thành Phố Hồ Chí Minh,,,,,info book,available,1000,True,True,True
253700570,Hạt Giống Tâm Hồn 6 - Bản Quyền,76000,76000,0,0.0,0,0,,First News - Trí Việt,NXB Tổng Hợp Thành Phố Hồ Chí Minh,,,,,Nhà Sách Vĩnh Thụy,available,1000,True,True,True
250072585,Sách - Bão Giông Mới Là Cuộc Đời,109000,109000,0,0.0,0,0,Khenpo Sodargye,Thái Hà,Nhà Xuất Bản Hà Nội,,Bìa mềm,,,HỆ THỐNG NHÀ SÁCH ABC,available,1000,True,True,True
222665349,Tuyển Tập Những Câu Chuyện Hay Nhất Của AESOP (Song Ngữ Anh - Việt),88000,88000,0,0.0,0,0,,First News - Trí Việt,Nhà Xuất Bản Tổng hợp TP.HCM,,,,,info book,available,1000,True,True,True
180977909,Combo Muôn Kiếp Nhân Sinh + Đường Mây Trên Đất Hoa,266000,266000,0,0.0,0,0,,First News - Trí Việt,Nhà Xuất Bản Đại Học Quốc Gia Hà Nội,,,,,Nhà Sách Vĩnh Thụy,available,1000,True,True,True
167615143,Chicken Soup For The Soul - Quà Tặng Tâm Hồn Dành Cho Tình Yêu,60000,60000,0,0.0,0,0,,First News - Trí Việt,oem,,,,,info book,available,1000,True,True,True
167615010,Ăn Xanh Để Khỏe,85000,85000,0,0.0,0,0,,Thái Hà,oem,,,,,Bamboo Books,available,1000,True,True,True
166595428,Combo 2 cuốn: Trở Về Từ Xứ Tuyết + Bên Rặng Tuyết Sơn - First News,210000,210000,0,0.0,0,0,,First News - Trí Việt,Nhiều Nhà Xuất Bản,,,,,info book,available,1000,True,True,True
165250912,Combo : Xóa Tan Muộn Phiền - Sống Đời Bình Yên (3 Cuốn): Hồn Nhiên Trong Thế Giới Đảo Điên + Khó Cỡ Nào Cũng Gỡ + Tìm Bình Yên Giữa Vạn Biến,270000,270000,0,0.0,0,0,,First News - Trí Việt,Nhà Xuất Bản Tổng hợp TP.HCM,,,,,info book,available,1000,True,True,True
146222951,CHIA RẼ - TẠI SAO CHÚNG TA ĐANG SỐNG TRONG THỜI ĐẠI CỦA NHỮNG BỨC TƯỜNG,190000,200000,5,0.0,0,1,,Nhã Nam,NXB Dân Trí,,Bìa cứng,396,,Cá Chép Bookstore,available,1000,True,True,True
108158211,Hành Trình Về Phương Đông (Tái Bản 2021),112100,118000,5,5.0,1,6,Braid T.Spalding,First News - Trí Việt,Nhà Xuất Bản Thế Giới,,Bìa mềm,256,2021-06-01,Cá Chép Bookstore,available,1000,True,True,True
103814690,Combo Cuộc Sống Không Giới Hạn (52460) + Không Gục Ngã (48593) - Bìa mềm - First News,276000,276000,0,0.0,0,0,nhieu tac gia,First News - Trí Việt,Nhiều Nhà Xuất Bản,,Bìa mềm,,2021-06-05,Nhà Sách Vĩnh Thụy,available,1000,True,True,True
68774262,Sách Phép Màu Để Vượt Lên Chính Mình,98560,128000,23,5.0,12,79,Nhan Húc Quân,Saigon Books,Nhà Xuất Bản Phụ Nữ,,Bìa mềm,256,2020-10-01,Tiki Trading,available,1000,False,True,True
66698356,Sách Hạt Giống Tâm Hồn 3: Từ Những Điều Bình Dị (Tái Bản 2020),64000,64000,0,0.0,0,0,Nhiều tác giả,First News - Trí Việt,Nhà Xuất Bản Tổng hợp TP.HCM,,Bìa gập,152,2020-09-01,Nhà Sách Vĩnh Thụy,available,1000,True,True,True
47941143,Sách hay về kĩ năng sông: Con đường Heartfulness – Tim thiền- chuyển hóa tâm hồn,108000,108000,0,0.0,0,0,"Joshua Pollock, Kamlesh D. Patel",Thái Hà,Nhà Xuất Bản Hà Nội,,Bìa mềm,308,,HỆ THỐNG NHÀ SÁCH ABC,available,1000,True,True,True
24980104,Combo Sách Kĩ Năng Sống: Mưu Hèn Kế Bẩn Nơi Công Sở Trọn Bộ 2 Tập,198000,278000,29,0.0,0,2,,Alphabooks,Nhà Xuất Bản Lao Động Xã Hội,,,,,Omega Plus Books,available,1000,True,True,True
7940986,"Combo Hạnh Phúc Đến Từ Sự Biến Mất, Bạn Đang Nghịch Gì Với Đời Mình?",184000,184000,0,5.0,1,1,"Ajahn Brahm, J.Krishnamurti",First News - Trí Việt,,,Bìa mềm,,,Nhà Sách Vĩnh Thụy,available,1000,True,True,True
946224,Hạt Giống Tâm Hồn Cho Lòng Dũng Cảm Và Tình Yêu Cuộc Sống - Tập 1 (Không CD),76000,76000,0,0.0,0,0,.,First News - Trí Việt,,,Bìa mềm,167,2014-12-23,info book,available,1000,True,True,True
486536,Sách Hạt Giống Tâm Hồn - Tập 4 - Từ Những Điều Bình Dị,76000,76000,0,0.0,0,0,.,First News - Trí Việt,Nhà Xuất Bản Tổng hợp TP.HCM,,Bìa mềm,176,2016-04-07,info book,available,1000,True,True,True
275972048,Sách Ngược Dòng Trưởng Thành Mới Có Thể Ngược Gió Bay Cao,107000,139000,23,0.0,0,8,Bán Sơn,Quảng Văn,Nhà Xuất Bản Dân Trí,,Bìa mềm,324,,Tiki Trading,available,1000,False,True,True
274826777,Sách Chữa Lành: Thiền Và Nghệ Thuật Hạnh Phúc ,69000,69000,0,0.0,0,0,,Thái Hà,NXB Dân Trí,,,,,Nhà Sách Vĩnh Thụy,available,1000,True,True,True
274729372,Sách - Hạt Giống Tâm Hồn 3,76000,76000,0,0.0,0,0,,First News - Trí Việt,Nhà Xuất Bản Tổng hợp TP.HCM,,Bìa mềm,,,FishingBook,available,1000,True,True,True
274354757,Khai mở Tarot,181400,189000,4,0.0,0,0,Stefanie Caponi,Thái Hà,Nhà Xuất Bản Công Thương,,Bìa mềm,244,,TYMBooks,available,1000,True,True,True
274062399,"Phụ Nữ Tự Do, Tình Yêu Và Hạnh Phúc",119000,119000,0,0.0,0,0,Nhật Tuyết,Thái Hà,Nhà Xuất Bản Công Thương,,Bìa mềm,160,,info book,available,1000,True,True,True
273912635,"Thong dong bước đến, Tự tại đi về",133400,139000,4,0.0,0,0,Pema Chödrön,Thái Hà,NXB Dân Trí,,Bìa mềm,328,,TYMBooks,available,1000,True,True,True
273564070,Trạm Cuối Cuộc Đời - Kế Hoạch Cho Bạn Và Cả Người Thân Yêu - Sallie Tisdale - Nguyễn Tiến Hoà dichj - (bìa mềm),149000,149000,0,0.0,0,0,Sallie Tisdale,Thái Hà,Nhà Xuất Bản Tổng hợp TP.HCM,,Bìa mềm,292,2023-11-01,Nhà Sách Vĩnh Thụy,available,1000,True,True,True
273532561,Làm Sạch Tâm Hồn - Các Bài Tập Thiền,69000,69000,0,0.0,0,0,Nishi Katsuzo,Thái Hà,Nhà Xuất Bản Lao Động,,Bìa mềm,213,,Nhà Sách Vĩnh Thụy,available,1000,True,True,True
272117450,Combo 7 Chiến Lược Để Sống Sung Túc & Hạnh Phúc + Tất Cả Đều Là Chuyện Nhỏ (Khổ Lớn)  - Bản Quyền,166000,166000,0,0.0,0,0,,First News - Trí Việt,NXB Tổng Hợp Thành Phố Hồ Chí Minh,,,,,info book,available,1000,True,True,True
270849140,Liệu Pháp Tâm Lý: Ứng Dụng Màu Sắc Thay Đổi Cuộc Sống,159000,159000,0,0.0,0,0,Karen Haller,Thái Hà,Nhà Xuất Bản Công Thương,,Bìa mềm,300,2020-06-15,HỆ THỐNG NHÀ SÁCH ABC,available,1000,True,True,True
270786778,Thông Điệp Yêu Thương - Mỉm Cười Và Bước Tới - Bản Quyền,57000,57000,0,0.0,0,0,,NXB Trẻ,NXB Trẻ,,,,,info book,available,1000,True,True,True
270120918,Hơn Cả Hạnh Phúc: Minh Triết Phật Giáo Và Chủ Nghĩa Khắc kỷ Trong Một Kỷ Nguyên Đầy Hoài Nghi ,129000,129000,0,0.0,0,0,,Thái Hà,Nhà Xuất Bản Tổng hợp TP.HCM,,,,,info book,available,1000,True,True,True
254113572,Combo Không gục ngã (48593) + Tâm hồn giản dị (51807) - Bản Quyền,276000,276000,0,0.0,0,0,,First News - Trí Việt,NXB Tổng Hợp Thành Phố Hồ Chí Minh,,,,,Nhà Sách Vĩnh Thụy,available,1000,True,True,True
252726707,Hạt Giống Tâm Hồn - Bản Giao Hưởng Cuộc Sống (Bìa mềm) - Bookcity,218000,218000,0,0.0,0,0,,First News - Trí Việt,Nhà Xuất Bản Tổng hợp TP.HCM,,Bìa mềm,536,,NHBook,available,1000,True,True,True
250077986,Sách - Lối Sống Tối Giản Thời Công Nghệ Số,149000,149000,0,0.0,0,0,Cal Newport,Thái Hà,Nhà Xuất Bản Công Thương,,Bìa mềm,,,HỆ THỐNG NHÀ SÁCH ABC,available,1000,True,True,True
247934655,Combo 2Q: Bí Mật Của May Mắn (Khổ Nhỏ) + Bài Học Diệu Kỳ Từ Chiếc Xe Rác (Khổ Nhỏ)  (Nghệ Thuật Sống Đẹp),133000,133000,0,0.0,0,5,,First News - Trí Việt,Nhiều Nhà Xuất Bản,,,,,NHBook,available,1000,True,True,True
230079018,Sách Tuổi Trẻ Không Bao Giờ Quay Lại _First News,58000,116000,50,0.0,0,0,,First News - Trí Việt,Nhiều Nhà Xuất Bản,,,,,NHBook,available,1000,True,True,True
230062098,Hạnh Phúc Tại Tâm - The Happiness That Comes From Within,108000,108000,0,0.0,0,0,Osho,First News - Trí Việt,Nhà Xuất Bản Hồng Đức,,Bìa mềm,252,2023-02-01,Nhà sách NetaBooks,available,1000,True,True,True
230015413,OSHO Thân Mật Cội Nguồn Của Hạnh Phúc - First News,98000,98000,0,0.0,0,0,,First News - Trí Việt,Nhà Xuất Bản Văn Hóa - Văn Nghệ TP.HCM,,,,,Nhà Sách Vĩnh Thụy,available,1000,True,True,True
230004227,Tuổi Trẻ Không Bao Giờ Quay Lại - Tuyển Chọn Những Câu Chuyện Hay Nhất ( Tái Bản ),116000,116000,0,0.0,0,0,,First News - Trí Việt,Nhiều Nhà Xuất Bản,,,,,info book,available,1000,True,True,True
207987691,Thử Đi Chờ Chi - Sức Mạnh Thay Đổi Số Phận Của Một Lần Làm Thử,129000,129000,0,0.0,0,0,Kim Mintae,Thái Hà,Nhà Xuất Bản Công Thương,,Bìa mềm,300,2022-12-15,Nhà sách NetaBooks,available,1000,True,True,True
202529307,Sách - Tặng Bạn Niềm Cảm Hứng Mỗi Ngày - NXB Trẻ,75000,75000,0,0.0,0,0,,NXB Trẻ,NXB Trẻ,,,,,FishingBook,available,1000,True,True,True
195880833,Giáo Dục Và Ý Nghĩa Cuộc Sống,68000,68000,0,0.0,0,0,J. Krishnamurti,First News - Trí Việt,Nhà Xuất Bản Hồng Đức,,Bìa mềm,156,,Nhà Sách Vĩnh Thụy,available,1000,True,True,True
186087937,OSHO - Từ Bi,128000,128000,0,0.0,0,4,Osho,First News - Trí Việt,Nhà Xuất Bản Văn Hóa - Văn Nghệ,,Bìa mềm,224,,Bamboo Books,available,1000,True,True,True
180987121,Tâm Hồn Giản Dị,148000,148000,0,0.0,0,0,Courtney Carver,First News - Trí Việt,Nhà Xuất Bản Đại Học Quốc Gia Hà Nội,,Bìa mềm,344,2020-05-13,Bamboo Books,available,1000,True,True,True
180966576,Hạt Giống Tâm Hồn - Chicken Soup For The Soul - Vượt Lên Nghịch Cảnh,72000,76000,5,0.0,0,0,,First News - Trí Việt,Nhà Xuất Bản Đại Học Quốc Gia Hà Nội,,,,,Sống Official,available,1000,True,True,True
167615530,Kiếp Nào Ta Cũng Tìm Thấy Nhau - Câu Chuyện Về Những Linh Hồn Tri Kỷ Vĩnh Viễn Không Chia Lìa,99000,99000,0,0.0,0,0,,Thái Hà,oem,,,,,Nhà Sách Vĩnh Thụy,available,1000,True,True,True
167615058,Hạt Giống Tâm Hồn - Điểm Tựa Của Niềm Tin,64000,64000,0,0.0,0,4,,First News - Trí Việt,oem,,,,,Bamboo Books,available,1000,True,True,True
167614936,Năng Đoạn Kim Cương (Tái Bản 2020),149000,149000,0,0.0,0,0,,Thái Hà,oem,,,,,HỆ THỐNG NHÀ SÁCH ABC,available,1000,True,True,True
167614853,Làm Mẹ Với Tâm Phật - Cùng Con Đến Trường,135000,135000,0,0.0,0,0,,Thái Hà,oem,,,,,Nhà Sách Vĩnh Thụy,available,1000,True,True,True
167614198,Hiểu Về Trái Tim (Tái Bản 2019),158000,158000,0,0.0,0,0,,First News - Trí Việt,oem,,,,,HỆ THỐNG NHÀ SÁCH ABC,available,1000,True,True,True
167613941,"Cẩm Nang Sinh Tồn Siêu Cấp: Miền Hoang Dã Kinh Tởm, Đáng Sợ Và Trường Học",169000,169000,0,0.0,0,0,,Thái Hà,oem,,,,,Nhà Sách Vĩnh Thụy,available,1000,True,True,True
167611099,Honjok - Yên Bình Sống Một Mình,149000,149000,0,0.0,0,0,,Thái Hà,oem,,,,,Bamboo Books,available,1000,True,True,True
165256159,Sách nghệ thuật sống :Trái Tim Người Cha - Niềm Tin Vững Vàng Cho Trẻ Tự Kỷ,58000,58000,0,0.0,0,0,,First News - Trí Việt,Nhiều Nhà Xuất Bản,,,,,Bamboo Books,available,1000,True,True,True
92551869,Sách - Sống Thanh Thản Như Người Thụy Điển ,78000,78000,0,0.0,0,0,,First News - Trí Việt,Nhà Xuất Bản Tổng hợp TP.HCM,,,,,info book,available,1000,True,True,True
66698352,Sách Hạt Giống Tâm Hồn 2: Cho Lòng Dũng Cảm Và Tình Yêu Cuộc Sống (Tái Bản 2020),64000,64000,0,0.0,0,0,Nhiều tác giả,First News - Trí Việt,Nhà Xuất Bản Tổng hợp TP.HCM,,Bìa mềm,144,2020-09-01,Nhà Sách Vĩnh Thụy,available,1000,True,True,True
56680022,"Combo Nghệ Thuật Sống Đẹp: Bên Rặng Tuyết Sơn + Gieo Trồng Hạnh Phúc (Cẩm nang sống an lạc, hạnh phúc)",207000,207000,0,0.0,0,1,,First News - Trí Việt,Nhà Xuất Bản Tổng Hợp,,Bìa mềm,,,Nhà Sách Vĩnh Thụy,available,1000,True,True,True
55512938,Combo Sách Kỹ Năng: Tìm Bình Yên Giữa Vạn Biến + Muôn Kiếp Nhân Sinh (Many Lives - Many Times) - (Những cuốn sách thay đổi nhận thức),287000,287000,0,0.0,0,0,.,First News - Trí Việt,Nhà Xuất Bản Tổng hợp TP.HCM,,Bìa mềm,,,Nhà Sách Vĩnh Thụy,available,1000,True,True,True
9206990,"Combo 2 cuốn: Hoa Sen Trên Tuyết, An Nhiên Như Nắng ",152000,152000,0,0.0,0,0,"Nguyên Phong, Chân Thiện Nhật",First News - Trí Việt,,,Bìa mềm,,,Nhà Sách Vĩnh Thụy,available,1000,True,True,True
954460,Hạt Giống Tâm Hồn 11 - Những Trải Nghiệm Cuộc Sống (Tái Bản),76000,76000,0,0.0,0,0,.,First News - Trí Việt,,,Bìa mềm,176,2010-03-31,Nhà Sách Vĩnh Thụy,available,1000,True,True,True
279289234,Minh Triết Từ Nỗi Bất An - Alan Watts,83600,88000,5,0.0,0,0,Alan Watts,First News - Trí Việt,NXB Dân Trí,,Bìa mềm,200,2026-04-06,Nhà sách NetaBooks,available,1000,True,True,True
278496126,Happy Village - Cội Nguồn An Lạc: Lối Đến Những Ngôi Làng Hạnh Phúc,159000,159000,0,0.0,0,1,TS. Hà Vĩnh Thọ,Thái Hà,Nhà Xuất Bản Lao Động,,Bìa mềm,308,2025-08-13,Nhà sách NetaBooks,available,1000,True,True,True
276032188,Khi Mọi Điểm Tựa Đều Mất + Thay Thái Độ Đổi Cuộc Đời (Bộ 3 Tập),352000,352000,0,0.0,0,0,nhieu tac gia,First News - Trí Việt,Nhà Xuất Bản Tổng hợp TP.HCM,,Bìa mềm,919,,BOOKCITY.VN,available,1000,True,True,True
275037231,Chicken Soup For Pet Lover’s Soul - Những Người Bạn Nhỏ,76000,76000,0,0.0,0,0,"Jack Canfield,  Mark Victor Hansen",First News - Trí Việt,Nhà Xuất Bản Tổng hợp TP.HCM,,Bìa mềm,176,2024-05-15,Nhà sách NetaBooks,available,1000,True,True,True
274990721,Chicken Soup For The College Soul - Ánh Lửa Tình Bạn,76000,76000,0,0.0,0,0,nhieu tac gia,First News - Trí Việt,Nhà Xuất Bản Tổng Hợp,,Bìa mềm,176,,Nhà Sách Vĩnh Thụy,available,1000,True,True,True
274840220,Tâm Lý Học Giao Tiếp - Chinh Phục Lòng Người,108000,108000,0,0.0,0,0,Harvey Mackay,NXB Hồng Đức,Nhà Xuất Bản Hồng Đức,,Bìa mềm,231,,Nhà Sách Phương Nam,available,1000,True,True,True
274729356,Sách - Hạt Giống Tâm Hồn 1,76000,76000,0,0.0,0,1,,First News - Trí Việt,Nhà Xuất Bản Tổng hợp TP.HCM,,Bìa mềm,,,FishingBook,available,1000,True,True,True
274729270,Sách - Sát:Na Này Là Thiên Thu,68000,68000,0,0.0,0,0,,First News - Trí Việt,NXB Dân Trí,,Bìa mềm,,,Nhà Sách Vĩnh Thụy,available,1000,True,True,True
274109253,Sách Một Ngày Cùng Chef - Cuộc Sống Của Người Tạo Ra Hương Vị (Tạp Bút),148000,195000,24,0.0,0,7,Bếp Đơn,NXB Trẻ,NXB Trẻ,,Bìa mềm tay gấp,360,2024-02-02,Tiki Trading,available,1000,False,True,True
273990863,Nỗi Đau Này Không Thuộc Về Bạn - FN ,188000,188000,0,0.0,0,0,Mark Wolynn,First News - Trí Việt,NXB Dân Trí,,Bìa mềm,384,,Bamboo Books,available,1000,True,True,True
273293535,Người tối giản  - Bản Quyền,99000,99000,0,0.0,0,0,,Thái Hà,Nhà Xuất Bản Hà Nội,,,,,info book,available,1000,True,True,True
273284963,Người Tối Giản,99000,99000,0,0.0,0,0,Phạm Quỳnh Giang,Thái Hà,Nhà Xuất Bản Hà Nội,,Bìa mềm,,2023-11-09,Nhà sách NetaBooks,available,1000,True,True,True
272284990,Muôn Kiếp Nhân Sinh 3 (Bìa Cứng)  - Bản Quyền,288000,288000,0,0.0,0,0,,First News - Trí Việt,Nhà Xuất Bản Tổng hợp TP.HCM,,,,,NHBook,available,1000,True,True,True
272117330,Combo Đi Tìm Lẽ Sống + Tu Giữa Đời Thường - Bản Quyền,260100,306000,15,0.0,0,1,,First News - Trí Việt,NXB Dân Trí,,,,,Bảo Châu Books,available,1000,True,True,True
270770559,Keep Calm-Bình thản và tiếp tục vui sống - Bản Quyền,70000,70000,0,0.0,0,0,,NXB Trẻ,NXB Trẻ,,,,,info book,available,1000,True,True,True
270661915,Sách Đời Đơn Giản Khi Ta Đơn Giản,76000,100000,24,4.8,26,23,Xuân Nguyễn,NXB Trẻ,NXB Trẻ,,Bìa mềm,230,2023-01-01,Tiki Trading,available,1000,False,True,True
262427050,Bộ 3 Quyển: Muôn Kiếp Nhân Sinh (3 Tập) - Nguyên Phong,654000,654000,0,0.0,0,0,Nguyên Phong,First News - Trí Việt,Nhà Xuất Bản Tổng hợp TP.HCM,,Bìa mềm,1488,,HỆ THỐNG NHÀ SÁCH ABC,available,1000,True,True,True
255605610,Linh Ứng Hành Trình Của Kẻ Siêu Vô Thần Đến Thế Giới Tâm Linh - Bản Quyền,268000,268000,0,0.0,0,0,,First News - Trí Việt,Nhà Xuất Bản Dân Trí,,,,,info book,available,1000,True,True,True
252562817,10 Nghịch Lý Cuộc Sống (Tái Bản),64000,64000,0,0.0,0,0,,First News - Trí Việt,NXB Tổng Hợp Thành Phố Hồ Chí Minh,,Bìa mềm,,,info book,available,1000,True,True,True
228990689,Thay Đổi Cuộc Sống Với Nhân Số Học _FN,248000,248000,0,0.0,0,0,,First News - Trí Việt,Nhà Xuất Bản Tổng hợp TP.HCM,,,,,NHBook,available,1000,True,True,True
216350878,Tiến Trình Thành Nhân,145500,147000,1,0.0,0,0,Carl R. Rogers,Thái Hà,Nhà Xuất Bản Phụ Nữ Việt Nam,,Bìa mềm,456,2023-02-01,Minhhabooks,available,1000,True,True,True
213977757,Hợp Nhất Với Vũ Trụ (Bìa Mềm) (Tái Bản 2020),88000,88000,0,0.0,0,1,Eckhart Tolle,First News - Trí Việt,Nhà Xuất Bản Tổng hợp TP.HCM,,,176,,Hiệu Sách Tự Do,available,1000,True,True,True
207970994,Bí Ẩn Mãi Mãi Là Bí Ẩn - Tập 6,48000,50000,4,5.0,1,2,,NXB Trẻ,oem,,Bìa mềm,,,Nhân Văn,available,1000,True,True,True
205752193,Sách Đi Tìm Lẽ Sống - First News - BẢN QUYỀN,83600,88000,5,0.0,0,0,,First News - Trí Việt,Nhà Xuất Bản Tổng hợp TP.HCM,,,,,Bảo Châu Books,available,1000,True,True,True
180593008,Combo Đàn Ông Sao Hỏa - Đàn Bà Sao Kim: Tìm Lại Tình Yêu + Hạnh Phúc Bên Nhau (Bộ 2 Cuốn),258000,258000,0,0.0,0,0,John Gray,First News - Trí Việt,Nhà Xuất Bản Đại Học Quốc Gia Hà Nội,,,,,FishingBook,available,1000,True,True,True
174606479,Sách Khổng Tử Như Lai,97000,145000,33,5.0,2,17,GS. Bào Bằng Sơn,VanLangBooks,Nhà Xuất Bản Hồng Đức,,Bìa mềm,376,2022-04-04,Tiki Trading,available,1000,False,True,True
167615379,Hạt Giống Tâm Hồn - Tuyển Chọn Những Câu Chuyện Hay Nhất,118000,118000,0,0.0,0,0,,First News - Trí Việt,oem,,,,,Nhà Sách Vĩnh Thụy,available,1000,True,True,True
167615314,Ngữ Pháp Pali,180000,180000,0,0.0,0,0,,Thái Hà,oem,,,,,HỆ THỐNG NHÀ SÁCH ABC,available,1000,True,True,True
167615263,Đạo - Con Đường Không Lối - Tái Bản 2020,98000,98000,0,0.0,0,0,,First News - Trí Việt,oem,,,,,info book,available,1000,True,True,True
167614897,Thiền Và Thực - Nét Bí Ẩn Tô Vẽ Sinh Mệnh “Đang Sống”,75000,75000,0,0.0,0,0,,Thái Hà,oem,,,,,Nhà Sách Vĩnh Thụy,available,1000,True,True,True
167613855,Quẳng Gánh Lo Đi Và Vui Sống - Tái Bản 2021,83000,86000,3,0.0,0,3,,First News - Trí Việt,oem,,,,,Nhân Văn,available,1000,True,True,True
167610750,Chicken Soup For The Soul - Hạt Giống Yêu Thương (Tái Bản 2020),60000,60000,0,0.0,0,0,,First News - Trí Việt,oem,,,,,Bamboo Books,available,1000,True,True,True
152745497,Người Quét Dọn Tâm Hồn,68000,68000,0,0.0,0,0,Hiroshe Kamata,First News - Trí Việt,Nhà Xuất Bản Tổng hợp TP.HCM,,Bìa mềm,,,HỆ THỐNG NHÀ SÁCH ABC,available,1000,True,True,True
123554719,Combo 3 cuốn sách: Từ Giận Dữ Đến Bình An (Tái Bản 2021) + Từ Nước Mắt Đến Nụ Cười + Tử Tế Đáng Giá Bao Nhiêu?,344000,344000,0,0.0,0,0,,First News - Trí Việt,Nhà Xuất Bản Tổng hợp TP.HCM,,Bìa mềm,684,,Bamboo Books,available,1000,True,True,True
46688228,"Combo 3 Cuốn Sách Kỹ Năng Sống:  Hoa Sen Trên Tuyết (Tái Bản) + Đường Mây Qua Xứ Tuyết (Tái Bản) + Hoa Trôi Trên Sóng Nước - (Cuốn Sách Của Những Cuộc Hành Trình, Sách Kỹ Năng)",314000,314000,0,0.0,0,7,.,First News - Trí Việt,Nhà Xuất Bản Tổng hợp TP.HCM,,Bìa mềm,,,NHBook,available,1000,True,True,True
44183113,Sách Hạnh Phúc Tại Tâm (Tái Bản),98000,98000,0,0.0,0,2,Osho,First News - Trí Việt,Nhà Xuất Bản Hồng Đức,,Bìa mềm,252,2019-12-01,Nhà sách NetaBooks,available,1000,True,True,True
11246670,"Combo sách lối sống tối giản người nhật, trên đường băng và cà phê cùng tony tặng 1 cuốn truyên song ngữ anh việt ngẫu nhiên",261500,261500,0,4.5,6,115,"Tony Buổi Sáng, Sasaki Fumio",NXB Trẻ,,,,,,AHABOOKS,available,1000,True,True,True
8307596,Combo 3 quyển: Lagom - Vừa Đủ - Đẳng Cấp Sống Của Người Thụy Điển + Làm Điều Quan Trọng  + Đạo - Con Đường Không Lối (Tặng kèm bookmark danh ngôn hình voi),350000,350000,0,0.0,0,0,"Linnea Dunne, John Doerr, Osho",First News - Trí Việt,,,Bìa mềm,,,Nhà Sách Vĩnh Thụy,available,1000,True,True,True
1708545,Sách Hoa Sen Trên Tuyết,98000,98000,0,0.0,0,0,Nguyên Phong,First News - Trí Việt,Nhà Xuất Bản Tổng Hợp,,Bìa mềm,196,2018-03-29,Bamboo Books,available,1000,True,True,True
355197,Sách Phút Dành Cho Bạn - Cân Bằng Công Việc Và Cuộc Sống (Tái Bản 2012),58000,58000,0,0.0,0,0,Ken Blanchard,First News - Trí Việt,Nhà Xuất Bản Tổng hợp TP.HCM,,Bìa mềm,144,2012-03-16,info book,available,1000,True,True,True
278863209,​Liễu Phàm Tứ Huấn,71250,75000,5,0.0,0,1,Liễu Phàm,Thái Hà,Nhà Xuất Bản Lao Động,,Bìa mềm,141,2025-11-12,Nhà sách NetaBooks,available,1000,True,True,True
278716821,Nghĩ Như Một Nghệ Sĩ,112240,122000,8,0.0,0,0,Will Gompertz,NXB Trẻ,NXB Trẻ,,Bìa mềm,212,2025-10-02,Nhà sách NetaBooks,available,1000,True,True,True
278443613,"(Bìa cứng, Sách tinh gọn) QUẲNG GÁNH LO ĐI VÀ VUI SỐNG - Dale Carnegie - Khánh Trang dịch – Thái Hà Books",122000,122000,0,0.0,0,1,Dale Carnegie Training,Thái Hà,Nhà Xuất Bản Công Thương,,Bìa cứng,368,,BÌNH BÁN BOOK,available,1000,True,True,True
278435521,Sách Thiếu Nhi - Bánh Ngọt Cho Tâm Hồn - Nhiều Chủ Đề,25000,25000,0,0.0,0,0,Cúc Cu,NXB Trẻ,NXB Trẻ,,Bìa mềm,24,,Nhân Văn,available,1000,True,True,True
278327345,Sống Một Đời Xứng Đáng,155000,155000,0,0.0,0,1,Gladys McGarey,NXB Trẻ,NXB Trẻ,,Bìa mềm,368,2025-07-17,Nhà sách NetaBooks,available,1000,True,True,True
278001298,Sống Đời Ngân Vang: Việc Quan Trọng Nhất Vẫn Luôn Ở Phía Trước - 155.000,128650,155000,17,0.0,0,0,nhieu tac gia,NXB Trẻ,NXB Trẻ,,Bìa mềm,352,2025-06-02,Nhà Xuất Bản Trẻ,available,1000,True,True,True
277962417,Khai Mở Hạnh Phúc,128000,128000,0,0.0,0,0,Dr Emma Hepburn,First News - Trí Việt,NXB Dân Trí,,Bìa mềm,196,2025-05-09,Nhà sách NetaBooks,available,1000,True,True,True
277384415,Hướng Dẫn Sử Dụng Tin Tức - Tin Vào Đâu Trong Một Thế Giới Ngập Tràn Tin Giả - TRE ,185000,185000,0,0.0,0,0,Alan Rusbridger,NXB Trẻ,NXB Trẻ,,Bìa mềm,412,,Nhà Sách Vĩnh Thụy,available,1000,True,True,True
276334538,Phá Vỡ Khuôn Mẫu - Để Tự Do Sống Và Yêu,198000,198000,0,0.0,0,0,Vienna Pharaon,First News - Trí Việt,NXB Dân Trí,,Bìa mềm,400,,FishingBook,available,1000,True,True,True
274729366,Sách - Chicken Soup For The Soul : Vòng Tay Của Mẹ,76000,76000,0,0.0,0,0,,First News - Trí Việt,Nhà Xuất Bản Tổng hợp TP.HCM,,Bìa mềm,,,Nhà Sách Vĩnh Thụy,available,1000,True,True,True
274729328,Sách - Hạt Giống Tâm Hồn 5,76000,76000,0,0.0,0,0,,First News - Trí Việt,Nhà Xuất Bản Tổng hợp TP.HCM,,Bìa mềm,,,FishingBook,available,1000,True,True,True
274729326,Sách - Hạt Giống Tâm Hồn 14,76000,76000,0,0.0,0,0,,First News - Trí Việt,Nhà Xuất Bản Tổng hợp TP.HCM,,Bìa mềm,,,Nhà Sách Vĩnh Thụy,available,1000,True,True,True
271337166,Muôn Kiếp Nhân Sinh - Phần 3 (Khổ Nhỏ),128000,128000,0,0.0,0,2,Nguyên Phong,First News - Trí Việt,Nhà Xuất Bản Tổng hợp TP.HCM,,Bìa mềm,544,2023-08-22,Nhà sách NetaBooks,available,1000,True,True,True
257759712,Combo Đánh Cắp Ý Tưởng + Quyền Lực Biểu Tượng - Bản Quyền,230000,230000,0,0.0,0,0,,First News - Trí Việt,NXB Tổng Hợp Thành Phố Hồ Chí Minh,,,,,Nhà Sách Vĩnh Thụy,available,1000,True,True,True
254092781,Combo Hạt Giống Tâm Hồn ( Cách nghĩ mở con đường 13 & 14 + Luôn là chính mình 15 & 16 - Bản Quyền,304000,304000,0,0.0,0,0,,First News - Trí Việt,Nhà Xuất Bản Tổng hợp TP.HCM,,,,,HỆ THỐNG NHÀ SÁCH ABC,available,1000,True,True,True
253720650,Sách Sức Mạnh Của Điểm Dừng - Bản Quyền,88000,88000,0,0.0,0,0,,First News - Trí Việt,NXB Tổng Hợp Thành Phố Hồ Chí Minh,,,,,info book,available,1000,True,True,True
253629773,Combo Ma Trận Cuộc Đời Keanu Reeves + Bạn Đang Nghịch Gì Với Đời Mình? - Bản Quyền,292000,292000,0,0.0,0,0,,First News - Trí Việt,Nhà Xuất Bản Dân Trí,,,,,info book,available,1000,True,True,True
248545002,Combo 2Q: Đọc Vị Bất Kỳ Ai - Để Không Bị Lừa Dối Và Lợi Dụng + Đàn Ông Sao Hỏa Đàn Bà Sao Kim  (Nghệ Thuật Giao Tiếp Thành Công),251350,251350,0,0.0,0,0,,Thái Hà,Nhiều Nhà Xuất Bản,,,,,AHABOOKS,available,1000,True,True,True
230368354,Quyền Lực Mới.,188000,188000,0,0.0,0,0,,First News - Trí Việt,oem,,,,,Bamboo Books,available,1000,True,True,True
229804192,Ai Lấy Miếng Pho Mát Của Tôi ? (Tái Bản),68000,68000,0,0.0,0,2,,First News - Trí Việt,Nhà Xuất Bản Tổng hợp TP.HCM,,,,,info book,available,1000,True,True,True
223880818,Khổng Tử Tâm Đắc (Tái Bản),96000,96000,0,0.0,0,0,,First News - Trí Việt,Nhà Xuất Bản Tổng hợp TP.HCM,,,,,Nhà Sách Vĩnh Thụy,available,1000,True,True,True
207986337,Nhà Sư Dọn Phân Chó,139000,139000,0,0.0,0,0,Jinyeop,Thái Hà,Nhà Xuất Bản Lao Động,,Bìa mềm,200,2022-12-01,Nhà sách NetaBooks,available,1000,True,True,True
207760157,Thay Đổi Cuộc Sống Với Nhân Số Học _FN,210800,248000,15,0.0,0,7,Lê Đỗ Quỳnh Hương,First News - Trí Việt,Nhà Xuất Bản Tổng hợp TP.HCM,,Bìa mềm,416,,Bảo Châu Books,available,1000,True,True,True
203923088,Sách Chicken Soup For The Soul 14 - Quà Tặng Từ Trái Tim (Tái Bản),76000,76000,0,0.0,0,0,Dan Clark,First News - Trí Việt,Nhà Xuất Bản Tổng hợp TP.HCM,,Bìa mềm,176,2022-11-11,Nhà Sách Vĩnh Thụy,available,1000,True,True,True
194187964,Cà Phê Cùng Tony - Trên Đường Băng Combo 2 Cuốn,210000,210000,0,0.0,0,0,Tony Buổi Sáng,NXB Trẻ,NXB Trẻ,,Bìa mềm,,,info book,available,1000,True,True,True
181981558,Nick Vujicic - Sống Cho Điều Ý Nghĩa Hơn,88000,88000,0,0.0,0,0,Nick Vujicic,First News - Trí Việt,Nhà Xuất Bản Đại Học Quốc Gia Hà Nội,,Bìa mềm,152,2021-05-18,info book,available,1000,True,True,True
181452897,Những lời giáo huấn của Epictetus,239000,239000,0,0.0,0,0,,Thái Hà,Nhà Xuất Bản Công Thương,,,568,,info book,available,1000,True,True,True
167615429,Dám Nghĩ Lớn (Tái Bản 2019),128000,128000,0,0.0,0,0,,First News - Trí Việt,oem,,,,,Bamboo Books,available,1000,True,True,True
167615201,Tự Học Viết Tiếng Nhật Căn Bản Katakana,48000,48000,0,0.0,0,0,,First News - Trí Việt,oem,,,,,Nhà Sách Vĩnh Thụy,available,1000,True,True,True
167615054,Phúc - Cho Ai Không Thấy Mà Tin,88000,88000,0,0.0,0,1,,First News - Trí Việt,oem,,,,,Bamboo Books,available,1000,True,True,True
167614787,"Combo OSHO FirstNews - Hạnh Phúc Tại Tâm, Bình An Cả Đời - Bộ 7 cuốn",770000,770000,0,0.0,0,0,,First News - Trí Việt,oem,,,,,info book,available,1000,True,True,True
167613869,Hạt Giống Tâm Hồn - Tuổi Hoa Niên Đáng Nhớ,72000,72000,0,0.0,0,0,,First News - Trí Việt,oem,,,,,Bamboo Books,available,1000,True,True,True
167613810,Thay Thái Độ Đổi Cuộc Đời - Attutude Is Everything - Tập 1 (Tái Bản 2020),74000,74000,0,0.0,0,0,,First News - Trí Việt,oem,,,,,Bamboo Books,available,1000,True,True,True
165854937,Sách :  Dare To Dream - Dám Ước Mơ - First News,74000,74000,0,0.0,0,0,,First News - Trí Việt,Nhà Xuất Bản Dân Trí,,,,,info book,available,1000,True,True,True
165250874,Combo 2 cuốn sách kĩ năng sống hay nhất của tác giả  Eckhart Tolle : Hợp Nhất Với Vũ Trụ + Sức Mạnh Của Tĩnh Lặng/ Cuốn sách giúp bạn cảm nhận rõ nét nội tâm chính mình,156000,156000,0,0.0,0,0,,First News - Trí Việt,Nhà Xuất Bản Tổng hợp TP.HCM,,,,,Nhà Sách Vĩnh Thụy,available,1000,True,True,True
76105912,Sách Chicken Soup For The Soul: Vượt Qua Bão Tố Lan Tỏa Yêu Thương (Tái Bản),59000,59000,0,0.0,0,0,"Jack Canfield, Mark Victor Hansen",First News - Trí Việt,Nhà Xuất Bản Tổng hợp TP.HCM,,Bìa gập,192,2021-01-12,Hiệu Sách Tự Do,available,1000,True,True,True
68261641,Combo HGTH Còn Sống còn Yêu Thương + Thiết kế một cuộc đời đáng sống (2019),266000,266000,0,0.0,0,0,,First News - Trí Việt,Nhà Xuất Bản Tổng hợp TP.HCM,,,,,HỆ THỐNG NHÀ SÁCH ABC,available,1000,True,True,True
52720925,Combo: Xóa Tan Muộn Phiền - Sống Đời Bình Yên (3 Cuốn): Hồn Nhiên Trong Thế Giới Đảo Điên + Khó Cỡ Nào Cũng Gỡ + Tìm Bình Yên Giữa Vạn Biến,270000,270000,0,0.0,0,0,.,First News - Trí Việt,Nhà Xuất Bản Tổng hợp TP.HCM,,Bìa mềm,,2020-04-04,Bamboo Books,available,1000,True,True,True
536346,Sách Buông Bỏ Buồn Buông,86000,86000,0,0.0,0,7,Ajahn Brahm,First News - Trí Việt,Nhà Xuất Bản Tổng hợp TP.HCM,,Bìa mềm,256,2016-08-12,Bamboo Books,available,1000,True,True,True
322074,Sách Phút Nhìn Lại Mình,78000,78000,0,0.0,0,0,Spencer Johnson,First News - Trí Việt,Nhà Xuất Bản Tổng hợp TP.HCM,,Bìa mềm,192,2008-03-31,Nhà Sách Vĩnh Thụy,available,1000,True,True,True
278850290,Con Đường Nâng Tầm Nhận Thức Và Hành Vi,100280,109000,8,0.0,0,1,TS. Đào Xuân Khương,Thái Hà,Nhà Xuất Bản Công Thương,,Bìa mềm,192,2025-11-06,Nhà sách NetaBooks,available,1000,True,True,True
275597786,Sách Hạt Giống Tâm Hồn - Tập 12: Nghệ Thuật Sáng Tạo Cuộc Sống,76000,76000,0,0.0,0,0,,First News - Trí Việt,Nhà Xuất Bản Tổng hợp TP.HCM,,Bìa mềm,169,,ECOBOOK VN,available,1000,True,True,True
275596328,"Sách Bí mật của hạnh phúc - David Niven, PhD",68000,68000,0,0.0,0,1,"David Niven, Ph D",First News - Trí Việt,Nhà Xuất Bản Tổng hợp TP.HCM,,Bìa mềm,256,,ECOBOOK VN,available,1000,True,True,True
275267868,Hạt Giống Tâm Hồn - Chicken Soup For The Soul 8 - Những Tâm Hồn Cao Thượng (FN),76000,76000,0,0.0,0,0,Jack Canfield & Mark Victor Hansen,First News - Trí Việt,Nhà Xuất Bản Tổng hợp TP.HCM,,Bìa mềm,192,,Taurus 1987 Books,available,1000,True,True,True
273958562,"Thong Dong Bước Đến, Tự Tại Bước Về",139000,139000,0,0.0,0,1,Pema Chodron,Thái Hà,Nhà Xuất Bản Dân Trí,,Bìa mềm,328,2024-01-16,Nhà sách NetaBooks,available,1000,True,True,True
273886333,Sức Mạnh Của Tĩnh Lặng- Cuốn Sách Nghệ Thuật Sống Hay,68000,68000,0,0.0,0,0,,First News - Trí Việt,Nhà Xuất Bản Tổng hợp TP.HCM,,,,,Nhà Sách Vĩnh Thụy,available,1000,True,True,True
273563744,"Phụ Nữ Tự Do, Tình Yêu Và Hạnh Phúc - Nhật Tuyết - (bìa mềm)",119000,119000,0,0.0,0,0,Nhật Tuyết,Thái Hà,Nhà Xuất Bản Tổng hợp TP.HCM,,Bìa mềm,160,2023-11-01,Nhà Sách Vĩnh Thụy,available,1000,True,True,True
273465932,Trạm Đọc | Cho Đi Là Còn Mãi (Tái Bản),78000,78000,0,0.0,0,0,"Azim Jamal, Harvey Mckinnon",First News - Trí Việt,Nhà Xuất Bản Tổng hợp TP.HCM,,Bìa mềm,,2023-11-01,Nhà Sách Vĩnh Thụy,available,1000,True,True,True
273319736,Thầy Cô Giáo Hạnh Phúc Sẽ Thay Đổi Thế Giới - Tập 2 - Đi Như Một Dòng Sông (Tái Bản),99000,99000,0,0.0,0,0,Thích Nhất Hạnh,Thái Hà,Nhà Xuất Bản Hà Nội,,Bìa mềm,212,,HỆ THỐNG NHÀ SÁCH ABC,available,1000,True,True,True
272615827,  LAGOM - PHONG CÁCH CÂN BẰNG CUỘC SỐNG CỦA THỤY ĐIỂN,95000,95000,0,0.0,0,0,,NXB Trẻ,NXB Trẻ,,,,,AHABOOKS,available,1000,True,True,True
270507981,Hạt Giống Tâm Hồn - Chicken Soup For The Soul - Dành Cho Những Tâm Hồn Không Bao Giờ Gục Ngã _FN,76000,76000,0,0.0,0,0,"Jack Canfield,  Mark Victor Hansen",First News - Trí Việt,Nhà Xuất Bản Tổng hợp TP.HCM,,Bìa mềm,192,,info book,available,1000,True,True,True
270115490,Sống Như Bông Pháo Hoa: Hành Trình Khám Phá Điều Quý Giá Nhất Cuộc Đời,286000,286000,0,0.0,0,0,,Thái Hà,Nhà Xuất Bản Hà Nội,,,,,Bamboo Books,available,1000,True,True,True
263643363,Phải Trái Đúng Sai _TRE,155000,155000,0,0.0,0,2,Michael Sandel,NXB Trẻ,NXB Trẻ,,Bìa mềm,404,,NewShop Official,available,1000,True,True,True
262730936,Nghệ Thuật Sống Vững Vàng,168000,168000,0,0.0,0,0,Brad Stulberg,First News - Trí Việt,NXB Dân Trí,,Bìa mềm,336,2023-06-05,Nhà Sách Vĩnh Thụy,available,1000,True,True,True
257759574,Combo Tâm hồn giản dị + Quyền chọn là ở bạn - Bản Quyền,264000,264000,0,0.0,0,0,,First News - Trí Việt,Nhà Xuất Bản Tổng hợp TP.HCM,,,,,Nhà Sách Vĩnh Thụy,available,1000,True,True,True
255593463,Combo X6 Điệp Viên Hoàn Hảo (Bìa mềm) + Một Người Việt Trầm Lặng - Bản Quyền,270000,270000,0,0.0,0,0,,First News - Trí Việt,NXB Tổng Hợp Thành Phố Hồ Chí Minh,,,,,info book,available,1000,True,True,True
254113600,Combo Bạn Thật Sự Là Ai + Hãy Chọn Một Cách Sống - Bản Quyền,166000,166000,0,0.0,0,0,,First News - Trí Việt,NXB Tổng Hợp Thành Phố Hồ Chí Minh,,,,,Nhà Sách Vĩnh Thụy,available,1000,True,True,True
251394010,Sách - Đường Mây Qua Xứ Tuyết,118000,118000,0,0.0,0,0,Anagarika Govinda,First News - Trí Việt,Nhà Xuất Bản Thế Giới,,Bìa mềm,340,2021-04-01,info book,available,1000,True,True,True
250720983,Sách - Từ Bi - trên cả trắc ẩn và yêu thương,128000,128000,0,0.0,0,0,Osho,First News - Trí Việt,Nhà Xuất Bản Văn Hóa - Văn Nghệ TP.HCM,,Bìa mềm,224,2020-04-01,Nhà Sách Vĩnh Thụy,available,1000,True,True,True
248746075,Để Đời Nhàn Tênh,75000,75000,0,0.0,0,0,Ryunosuke Koike,Thái Hà,Nhà Xuất Bản Hà Nội,,Bìa mềm,212,2021-03-01,Nhà Sách Vĩnh Thụy,available,1000,True,True,True
248566607,Điều Vĩ Đại Đời Thường,92000,92000,0,0.0,0,0,Robin Sharma,NXB Trẻ,NXB Trẻ,,Bìa mềm,272,2023-02-09,info book,available,1000,True,True,True
246772169,Đắc Nhân Tâm (Bìa Mềm)(Tái Bản),86000,86000,0,0.0,0,0,,First News - Trí Việt,Nhà Xuất Bản Tổng hợp TP.HCM,,,,,Nhà Sách Vĩnh Thụy,available,1000,True,True,True
246772150,Đắc Nhân Tâm (Bìa Mềm)(Tái Bản),86000,86000,0,0.0,0,0,,First News - Trí Việt,Nhà Xuất Bản Tổng hợp TP.HCM,,,,,Nhà Sách Vĩnh Thụy,available,1000,True,True,True
228883579,Thay Đổi Cuộc Sống Với Nhân Số Học _FN,248000,248000,0,0.0,0,0,,First News - Trí Việt,Nhà Xuất Bản Tổng hợp TP.HCM,,,,,NHBook,available,1000,True,True,True
223881964,Khổng Tử Tâm Đắc - Tái Bản,96000,96000,0,0.0,0,1,,First News - Trí Việt,oem,,,,,info book,available,1000,True,True,True
222677386,Bụi Phấn - HGTH Tuyển Chọn Những Câu Chuyện Hay Nhất (Tái Bản),96000,96000,0,0.0,0,0,,First News - Trí Việt,Nhà Xuất Bản Tổng hợp TP.HCM,,,,,Nhà Sách Vĩnh Thụy,available,1000,True,True,True
185907032,Cảm xúc - Osho,188000,188000,0,0.0,0,3,Osho,First News - Trí Việt,Nhà Xuất Bản Dân Trí,,Bìa mềm,408,,BOOKCITY.VN,available,1000,True,True,True
181783064,Tặng Bạn Niềm Cảm Hứng Mỗi Ngày,72000,75000,4,0.0,0,2,,NXB Trẻ,oem,,Bìa mềm,,,Nhân Văn,available,1000,True,True,True
180870261,Hạt Giống Tâm Hồn - A Cup Of Chicken Soup For The Soul 3 - Vượt Qua Bão Tố Lan Tỏa Yêu Thương,60000,60000,0,0.0,0,2,,First News - Trí Việt,Nhà Xuất Bản Đại Học Quốc Gia Hà Nội,,,,,Nhà Sách Vĩnh Thụy,available,1000,True,True,True
167615542,"Bàn Về Cách Sống - Đối Thoại Giữa Triết Gia, Bác Sỹ Và Nhà Sư",139000,139000,0,0.0,0,0,,Thái Hà,oem,,,,,info book,available,1000,True,True,True
167615489,Thức Tỉnh Mục Đích Sống (Tái Bản 2019),143000,143000,0,0.0,0,0,,First News - Trí Việt,oem,,,,,Nhà Sách Vĩnh Thụy,available,1000,True,True,True
167615393,Khơi Nguồn Tiềm Năng Con Trẻ,128000,128000,0,0.0,0,0,,First News - Trí Việt,oem,,,,,Nhà Sách Vĩnh Thụy,available,1000,True,True,True
167614701,Tuổi Teen Đáng Giá Bao Nhiêu ?,68000,68000,0,0.0,0,0,,First News - Trí Việt,oem,,,,,Nhà Sách Vĩnh Thụy,available,1000,True,True,True
167614146,Cho Ði Là Còn Mãi,78000,78000,0,0.0,0,0,,First News - Trí Việt,oem,,,,,Bamboo Books,available,1000,True,True,True
166649133,Combo Sách : Đường Mây Qua Xứ Tuyết + Hoa Sen Trên Tuyết - First News,216000,216000,0,0.0,0,0,,First News - Trí Việt,Nhiều Nhà Xuất Bản,,,,,info book,available,1000,True,True,True
145297326,Sách Ngày trôi nhưng không thôi trân trọng – 7 nghi thức thực hành lòng biết ơn ( Tặng kèm Bookmark Happy),149000,149000,0,0.0,0,0,,Thái Hà,Nhà Xuất Bản Công Thương,,,,,Nhà Sách Vĩnh Thụy,available,1000,True,True,True
121622174,Combo 3 cuốn sách: Khoảnh Khắc Thức Tỉnh - Hành Trình Đi Tìm Tình Yêu Và Ý Nghĩa Cuộc Sống + Mở Cửa Trái Tim (Tái Bản 2020) + Mọi Thứ Đều Có Thể Thay Đổi,404000,404000,0,0.0,0,0,,First News - Trí Việt,Nhiều Nhà Xuất Bản,,Bìa mềm,1016,,Bamboo Books,available,1000,True,True,True
56047343,Tin Vào Chính Mình (Sách + 1CD)(Tái Bản),68000,68000,0,0.0,0,0,Louise L. Hay,First News - Trí Việt,Nhà Xuất Bản Tổng hợp TP.HCM,,Bìa mềm,160,2020-05-01,HỆ THỐNG NHÀ SÁCH ABC,available,1000,True,True,True
11197351,Combo Hạnh Phúc Đến Từ Sự Biến Mất + Buông Bỏ Buồn Buôn (Tái Bản),184000,184000,0,0.0,0,3,Ajahn Brahm,First News - Trí Việt,Nhà Xuất Bản Tổng hợp TP.HCM,,Bìa mềm,,2019-02-28,Bamboo Books,available,1000,True,True,True
440187,Sách Hạt Giống Tâm Hồn - Điểm Tựa Của Niềm Tin (Tái Bản 2015),64000,64000,0,0.0,0,0,.,First News - Trí Việt,Nhà Xuất Bản Tổng hợp TP.HCM,,Bìa mềm,156,2015-03-02,Nhà Sách Vĩnh Thụy,available,1000,True,True,True
