id,name,price,list_price,discount_rate,rating_average,review_count,all_time_quantity_sold,authors,publisher_vn,manufacturer,isbn13,book_cover,number_of_page,publication_date,current_seller_name,inventory_status,stock,has_freeship,is_authentic,has_return_policy
278690049,"Sách Giáo Trình Destination Grammar & Vocabulary B1, B2, C1&C2 (Phân Loại Lẻ)",136000,178000,24,4.7,7,132,MacMillan,MCBOOKS,Nhà Xuất Bản Hồng Đức,,Bìa mềm,,,Tiki Trading,available,1000,False,True,True
274069425,Combo Chinh Phục Kỹ Năng Nói - Viết và Luyện Đề Thi Bậc B1-C1 VSTEP (3 Cuốn),239000,361000,34,5.0,20,236,Nhiều tác giả,Megabook,Nhà Xuất Bản Đại Học Quốc Gia Hà Nội,,Bìa mềm,,2024-01-01,Tiki Trading,available,1000,False,True,True
37946843,Sách Succeed In The Cambridge Pre-A1 Starters English Test (Kèm CD Hoặc File MP3),85000,118000,28,4.5,18,177,Naomi Styles,Nhân Trí Việt,,,Bìa mềm,76,2019-10-01,Tiki Trading,available,1000,False,True,True
1453497,Sách Succeed In Cambridge English - Flyers (Kèm CD Hoặc File MP3),204000,268000,24,4.8,82,949,"Andrew Betsis, Landrence Mamas",Nhân Trí Việt,Nhà Xuất Bản Tổng hợp TP.HCM,,Bìa mềm,216,2018-01-01,Tiki Trading,available,1000,False,True,True
189170188,Sách B1 Preliminary - 8 practice tests (Quét mã MP3 để nghe file),262000,328000,20,5.0,3,37,Collins,Nhân Trí Việt,Nhà Xuất Bản Tổng hợp TP.HCM,,Bìa mềm,256,2022-06-30,Tiki Trading,available,1000,False,True,True
277412034,Sách Song Ngữ Lời Thì Thầm Trong Tổ Ấm - Whispers In The Home - Chính Hãng + Mã File Nghe,198000,198000,0,5.0,38,1053,,NXB Lao Động,Nhà Xuất Bản Lao Động,,Bìa cứng,280,2025-02-19,Sách song ngữ Anna,available,1000,True,True,True
562546,Sách Tiếng Anh Cho Mọi Người - English For Everyone Course Book Level 1 Beginner,187200,208000,10,5.0,3,14,Rachel Harding,Nhân Trí Việt,,,Bìa mềm,184,2016-12-05,Nhà sách Fahasa,available,1000,True,True,True
278690058,"Combo 3 Cuốn Destination Grammar & Vocabulary B1, B2, C1&C2 (Kèm Đáp Án)",459000,615000,25,0.0,0,31,MacMillan,MCBOOKS,Nhà Xuất Bản Hồng Đức,,Bìa mềm,,,Tiki Trading,available,1000,False,True,True
273921445,Sách Chinh phục đề thi VSTEP bậc năng lực từ B1 đến C1,123000,185000,34,5.0,23,254,Lê Thu Hà,Megabook,Nhà Xuất Bản Đại Học Quốc Gia Hà Nội,,Bìa mềm,336,2023-12-01,Tiki Trading,available,1000,False,True,True
249960247,Sách Tiếng Anh Y Khoa dành cho người mới bắt đầu - Tác giả BS. Đỗ Trung Kiên (Tái bản mới nhất 2026),149000,199000,25,5.0,196,3494,,Alpha Books,Nhà Xuất Bản Thế Giới,,Bìa mềm,388,2022-09-12,BS Đỗ Trung Kiên,available,1000,True,True,True
276231113,Sách Lộ Trình Học Tiếng Anh Cho Người Mất Gốc - The English Journey,132660,198000,33,5.0,18,174,Nguyễn Thị Xuân Quỳnh,Zenbooks,Nhà Xuất Bản Thế Giới,,Bìa mềm,248,,Tiki Trading,available,1000,False,True,True
279057469,Tactics For Listening – Chiến Thuật Luyện Nghe Tiếng Anh,133000,179000,26,0.0,0,5,Oxford,MCBOOKS,Nhà Xuất Bản Dân Trí,,Bìa mềm,120,,Tiki Trading,available,1000,False,True,True
189076560,Sách Cambridge English Qualifications A2 Key - 8 Practice Tests (Quét mã MP3 để nghe file),244000,298000,18,0.0,0,27,"Patrick McMahon, Sarah Jane Lewis",Nhân Trí Việt,Nhà Xuất Bản Tổng hợp TP.HCM,,Bìa mềm,232,,Tiki Trading,available,1000,False,True,True
271450258,Vở Luyện Viết Tiếng Anh Starters (Tập Viết Tiếng Anh Theo Cambridge),47600,56000,15,0.0,0,38,,Fahasa,Nhà Xuất Bản Phụ Nữ Việt Nam,,,,,Nhà sách Fahasa,available,1000,True,True,True
75454165,Sách Tài Liệu Luyện Thi Tổng Hợp VSTEP Bậc 3 (B1) (Quét Mã Qr Hoặc Vào Trang Web Để Nghe File Mp3),316400,368000,14,4.3,11,89,Lê Huy Lâm,Nhân Trí Việt,Nhà Xuất Bản Tổng hợp TP.HCM,,Bìa mềm,368,,Nhà sách Fahasa,available,1000,True,True,True
278698572,Sách Oxford Learner’s Pocket Phrasal Verbs And Idioms,106000,139000,24,5.0,1,19,"Ruth Gairns, Stuart Redman",MCBOOKS,Nhà Xuất Bản Dân Trí,,Bìa mềm,288,,Tiki Trading,available,1000,False,True,True
44812542,Sách DK Trilingual Visual Dictionary – Japanese-Vietnamese-English,231000,320000,28,4.8,50,248,DK,Nhân Trí Việt,Nhà Xuất Bản Tổng hợp TP.HCM,,Bìa mềm,384,2019-12-01,Tiki Trading,available,1000,False,True,True
206784514,Sách Bài Tập Bổ Trợ Nâng Cao Tiếng Anh Lớp 3 Tập 1,75800,109000,30,0.0,0,3,1980 Edu,1980 Books,Nhà Xuất Bản Dân Trí,,Bìa mềm,92,2022-12-12,Tiki Trading,available,1000,False,True,True
192194160,Sách tiếng anh Destination B1,129940,178000,27,0.0,0,0,,MCBOOKS,Nhà Xuất Bản Thời Đại,,,,,BizbooksJSC,available,1000,True,True,True
403727,Sách Succeed In Cambridge English: Flyers (Kèm CD),144000,198000,27,4.7,28,447,Nhóm tác giả,Nhân Trí Việt,Nhà Xuất Bản Tổng hợp TP.HCM,,Bìa mềm,,2014-06-10,Tiki Trading,available,1000,False,True,True
271528700,Sách Top 1500+ Cụm Từ Tiếng Anh Thông Dụng Theo Chủ Đề,112300,159000,29,4.8,13,297,,Alpha Books,Nhà Xuất Bản Thế Giới,,,,,Tiki Trading,available,1000,False,True,True
143172597,2000 English Collocation and Idioms,114000,200000,43,4.8,554,2395,Trang Anh,Aladanh,Nhà Xuất Bản Hồng Đức,,,,2021-11-03,MoonBook - Top 1 sách luyện thi,available,1000,True,True,True
828643,Sách Tiếng Anh Trong Y Khoa - English In Medicine,147800,168000,12,5.0,4,16,"Eric H. Glendinning, Beverly A.S. Holmstrom",Nhân Trí Việt,Nhà Xuất Bản Tổng hợp TP.HCM,,Bìa mềm,352,,Nhà sách Fahasa,available,1000,True,True,True
184101377,Sách Sống Sót Nơi Công Sở English Business Writing - Viết Ư? Chuyện Nhỏ (Tái Bản 2022),119800,179000,33,4.8,12,176,Juliana Jiyoon Lee,Alphabooks,Nhà Xuất Bản Dân Trí,,Bìa mềm,276,2022-05-05,Tiki Trading,available,1000,False,True,True
22634345,Sách English At A Glance – Các Quy Tắc Về Chính Tả Và Dấu Câu,51000,60000,15,4.8,16,136,PONS,Nhân Trí Việt,Nhà Xuất Bản Tổng hợp TP.HCM,,Bìa mềm,6,2019-07-01,Tiki Trading,available,1000,False,True,True
10325548,Sách How Food Works - Hiểu Hết Về Thức Ăn,216000,300000,28,4.7,683,6395,DK,Nhã Nam,Nhà Xuất Bản Thế Giới,,Bìa mềm,255,2019-01-24,Tiki Trading,available,1000,False,True,True
270801550,"Sách - Vở luyện viết tiếng anh : Starters , Movers , Flyers - lẻ tùy chọn : Tập viết tiếng anh theo Cambridge",48000,48000,0,0.0,0,52,,Nhà Sách Đại Mai,Nhà Xuất Bản Phụ Nữ,,,,,trungthanh2018,available,1000,True,True,True
391674,Sách Work On Your Accent (Kèm CD),194400,216000,10,5.0,3,54,,Nhân Trí Việt,,,Bìa mềm,158,2013-11-20,Nhà sách Fahasa,available,1000,True,True,True
889764,Sách 120 Bài Luận Tiếng Anh,73100,85000,14,4.7,3,10,Nhã Ân,Khang Việt Book,Nhà Xuất Bản Hồng Đức,,Bìa mềm,350,2017-09-08,Nhà sách Fahasa,available,1000,True,True,True
437718,Sách Collins English For Work - Workplace English (Kèm CD),167000,198000,16,4.8,23,329,James Schofield,Nhân Trí Việt,Nhà Xuất Bản Tổng hợp TP.HCM,,Bìa mềm,159,2012-07-10,Tiki Trading,available,1000,False,True,True
187279375,Sách Luyện thi B2 Vstep 4 kỹ năng - Ôn thi chứng chỉ tiếng Anh bậc 4 (bằng B2 tiếng Anh) khung năng lực Ngoại ngữ 6 bậc Việt Nam,297500,350000,15,4.8,71,839,Vũ Thị Lê Vy,Công ty TNHH Giáo dục Smartbee,Nhà Xuất Bản Đại Học Quốc Gia Hà Nội,,Bìa mềm,344,2022-05-16,Anh Ngữ VIVIAN,available,1000,True,True,True
276252362,Sách TAKE NOTE ! Sổ Tay Kiến Thức Tiếng Anh Tiểu Học (Gáy lò xo) (Mua 1 được 3),43000,65000,34,0.0,0,6,"Bùi Văn Vinh, Thái Vân Anh, Nguyễn Thị Phương Anh",Nhà sách Minh Thắng,Nhà Xuất Bản Hà Nội,,Bìa mềm,64,,Tiki Trading,available,1000,False,True,True
189169418,Sách Cambridge English Qualification A2 Key for School - 8 Practice Tests (Quét mã MP3 để nghe file),245000,298000,18,5.0,6,49,Collins,Nhân Trí Việt,Nhà Xuất Bản Tổng hợp TP.HCM,,Bìa mềm,229,2022-06-07,Tiki Trading,available,1000,False,True,True
74332666,Sách The Way To Move Forward (Song Ngữ Anh - Việt),57400,70000,18,4.8,4,15,The Wanderers,Zenbooks,Nhà Xuất Bản Đà Nẵng,,Bìa mềm,160,2020-12-12,Nhà sách Fahasa,available,1000,True,True,True
537562,Sách The Complete Course On ENGLISH For Me (Kèm file MP3),262200,298000,12,0.0,0,0,Unter Mitarbeit và Beate Stern,Nhân Trí Việt,Nhà Xuất Bản Tổng hợp TP.HCM,,Bìa mềm,272,2016-08-15,Nhà sách Fahasa,available,1000,True,True,True
41161739,Sách Sử Dụng Tiếng Anh Trong Sinh Hoạt Thường Ngày Từ Sáng Đến Tối (Kèm CD Hoặc File MP3),176200,198000,11,5.0,6,19,Baek Sun Yeop,Nhân Trí Việt,,,Bìa mềm,312,2019-11-01,Nhà sách Fahasa,available,1000,True,True,True
435975,Sách Graded Multiple - Choice English Test Level C2 (Không CD),46300,58000,20,0.0,0,123,Jack Hedges,Nhân Trí Việt,Nhà Xuất Bản Tổng hợp TP.HCM,,Bìa mềm,56,2015-06-10,Tiki Trading,available,1000,False,True,True
278712737,Digital SAT Study Guide,699000,699000,0,0.0,0,0,Christian Stang,1980 Books,Nhà Xuất Bản Công Thương,,,,,Bamboo Books,available,1000,True,True,True
49601464,Sách Speaking Matrix - 30 Giây Nói Tiếng Anh Như Gió,103500,119000,13,4.7,12,46,Kim Tae Yoon,MCBOOKS,Nhà Xuất Bản Hồng Đức,,Bìa mềm,212,2019-12-01,Nhà sách Fahasa,available,1000,True,True,True
187308339,"Combo 2 sách luyện thi B2 Vstep: Sách luyện thi B2 Vstep 4 kỹ năng và sách 30 đề thi viết luận tiếng Anh B1, B2 Vstep",510000,600000,15,5.0,18,143,Vũ Thị Lê Vy,Công ty TNHH Giáo dục Smartbee,Nhà Xuất Bản Đại Học Quốc Gia Hà Nội,,Bìa mềm,600,2022-05-16,Anh Ngữ VIVIAN,available,1000,True,True,True
525925,Sách English For Mathematics Book A,102000,128000,20,5.0,12,151,Karen Greenway,Nhân Trí Việt,Nhà Xuất Bản Tổng hợp TP.HCM,,Bìa mềm,100,2016-07-14,Tiki Trading,available,1000,False,True,True
115483166,"Sách 30 đề thi Viết luận tiếng Anh B1, B2 Vstep - Ôn thi tiếng Anh bậc 3, 4, 5 theo khung năng lực ngoại ngữ 6 bậc Việt Nam",204000,240000,15,5.0,123,735,Vũ Thị Lê Vy,Công ty TNHH Giáo dục Smartbee,Nhà Xuất Bản Đại Học Quốc Gia Hà Nội,,Bìa mềm,256,2021-06-22,Anh Ngữ VIVIAN,available,1000,True,True,True
278692265,"Sách Ready For VSTEP - Chiến Thuật Làm Bài VSTEP B1, B2 (Phân Loại Lẻ)",146590,188000,22,0.0,0,13,Nhiều tác giả,MCBOOKS,Nhà Xuất Bản Hồng Đức,,Bìa mềm,,,Tiki Trading,available,1000,False,True,True
5052279,Starters Movers Flyers Combo 3 quyển - Luyện thi chứng chi Cambridge Tiểu Học + Kèm Đĩa CD,296800,424000,30,4.5,63,526,Nhiều tác giả,First News - Trí Việt,Nhà Xuất Bản Tổng hợp TP.HCM,,Bìa mềm,350,2017-06-23,Tiki Trading,available,1000,False,True,True
216097690,Sách 15.000 từ tiếng Anh phải biết (Quét mã QR và đăng ký để nghe file MP3),221000,320000,31,4.8,17,131,Nguyễn Thành Yến,Nhân Trí Việt,Nhà Xuất Bản Tổng hợp TP.HCM,,Bìa mềm,656,2022-01-30,Tiki Trading,available,1000,False,True,True
403775,Sách Collins - English For Exams - Cambridge English Starters Three Practice Test (Kèm CD),98000,128000,23,5.0,13,203,Collins,Nhân Trí Việt,Nhà Xuất Bản Tổng hợp TP.HCM,,Bìa mềm,,2014-05-10,Tiki Trading,available,1000,False,True,True
95997783,Sách Luyện thi B1 Vstep 4 kỹ năng - Ôn thi chứng chỉ tiếng Anh B1 bậc 3 (bằng B1 tiếng Anh) theo Khung NLNN Việt Nam,255000,300000,15,4.8,325,1781,Vũ Thị Lê Vy,Công ty TNHH Giáo dục Smartbee,Nhà Xuất Bản Đại Học Quốc Gia Hà Nội,,Bìa mềm,328,2021-03-25,Anh Ngữ VIVIAN,available,1000,True,True,True
189169078,Sách B1 Preliminary for Schools - 8 Practice Tests (Quét mã MP3 để nghe file),248000,328000,24,5.0,7,51,Collins,Nhân Trí Việt,Nhà Xuất Bản Tổng hợp TP.HCM,,Bìa mềm,255,2022-06-30,Tiki Trading,available,1000,False,True,True
518169,Sách English For Hotels And Restaurants (Kèm CD),146000,208000,30,5.0,39,344,Jess Martin - Robert Majure,Nhân Trí Việt,Nhà Xuất Bản Tổng hợp TP.HCM,,Bìa mềm,140,2016-06-27,Tiki Trading,available,1000,False,True,True
180851234,Sách Bách Khoa Thư Về Phát Triển Kỹ Năng - Khoa Học Máy Tính,225300,280000,20,4.8,6,61,DK,Đinh Tị,Nhà Xuất Bản Thanh Niên,,Bìa mềm,256,2022-06-01,Tiki Trading,available,1000,True,True,True
59553862,Sách Tài Liệu Luyện Thi Tổng Hợp VSTEP Bậc 2 (A2) - Khung Năng Lực Ngoại Ngữ Sáu Bậc Dùng Cho Việt Nam,263200,280000,6,4.7,11,51,Lê Huy Lâm,Nhân Trí Việt,Nhà Xuất Bản Tổng hợp TP.HCM,,Bìa mềm,304,2020-08-01,Nhà sách Fahasa,available,1000,True,True,True
2582025,Sách Collins - Pre A1 Starters - Three Practice Tests - Kèm 1 MP3 (Format 2018),133200,148000,10,5.0,3,14,"Barbara Mackay, Anna Osborn",Nhân Trí Việt,,,Bìa mềm,64,,Nhà sách Fahasa,available,1000,True,True,True
2582027,Sách Collins A1 Movers - Tree Practice Tests - Kèm 1 MP3 (Format 2018),151000,178000,15,4.7,15,134,Anna Osborn,Nhân Trí Việt,Nhà Xuất Bản Tổng Hợp,,Bìa mềm,80,,Tiki Trading,available,1000,False,True,True
278698569,Sách Oxford Learner’s Pocket Dictionary – Fourth Edition,84000,110000,24,0.0,0,18,Victoria Bull,MCBOOKS,Nhà Xuất Bản Dân Trí,,Bìa mềm,532,,Tiki Trading,available,1000,False,True,True
19364035,Sách Nói Chuyện Bằng Tiếng Anh Mọi Lúc Mọi Nơi (Kèm file MP3),270700,288000,6,5.0,10,91,Josephine Lin,Nhân Trí Việt,,,Bìa mềm,260,2019-06-01,Nhà sách Fahasa,available,1000,True,True,True
200771987,Sách Đố Bạn Tìm Được Tôi - Bàn Chải Thần Kỳ,36400,52000,30,5.0,1,39,Highlights,Zenbooks,Nhà Xuất Bản Đà Nẵng,,Bìa mềm,53,2022-01-01,Tiki Trading,available,1000,False,True,True
777411,Sách Business And Finance Series 2 (CD + DVD),88200,98000,10,0.0,0,1,BBC Worldwide Ltd,Nhân Trí Việt,Nhà Xuất Bản Tổng hợp TP.HCM,,Bìa mềm,160,2009-08-08,Nhà sách Fahasa,available,1000,True,True,True
20424658,Sách Nói Tiếng Anh Như Người Mỹ (Kèm 1 Đĩa CD),323600,348000,7,5.0,3,31,"Paul Hines, Brian Foden, Matthew Hill",Nhân Trí Việt,,,Bìa mềm,412,2019-06-01,Nhà sách Fahasa,available,1000,True,True,True
777409,Sách Business And Finance Series 1 (CD + DVD),75000,98000,23,5.0,9,101,BBC Worldwide Ltd,Nhân Trí Việt,Nhà Xuất Bản Tổng hợp TP.HCM,,Bìa mềm,156,2009-08-08,Tiki Trading,available,1000,False,True,True
549835,Sách Thường Thức Về Viết Câu Tiếng Anh,47000,58000,19,4.8,30,351,Nguyễn Thành Yến,Nhà Sách Minh Tâm,Nhà Xuất Bản Tổng hợp TP.HCM,,Bìa mềm,348,2004-09-01,Tiki Trading,available,1000,False,True,True
192951048,Tiếng Anh 7 - Right On - Workbook (Sách Bài Tập),65000,65000,0,0.0,0,16,"Võ Đại Phúc,  Nguyễn Thị Ngọc Quyên",CÔNG TY TNHH EDUCATION SOLUTIONS VIỆT NAM,Nhà Xuất Bản Đại Học Sư Phạm TPHCM,,,,,Nhà sách Fahasa,available,1000,True,True,True
200771984,Sách Đố Bạn Tìm Được Tôi – Chiếc Nhẫn Bí Ẩn,36400,52000,30,5.0,1,49,Highlights,Zenbooks,Nhà Xuất Bản Đà Nẵng,,Bìa mềm,52,2022-01-01,Tiki Trading,available,1000,False,True,True
275007900,Sách Trọng Tâm Kiến Thức Và Bài Tập Thực Hành Tiếng Anh Lớp 3 Tập 2 (Có đáp án),52900,75000,29,0.0,0,4,"Đại Lợi, Hằng Nguyễn, Thảo Nguyễn",Nhà sách Minh Thắng,Nhà Xuất Bản Đại Học Quốc Gia Hà Nội,,Bìa mềm,148,2024-01-01,Tiki Trading,available,1000,False,True,True
3715851,Illustrated Classics - Truyện Cổ Grimm,151200,168000,10,4.8,13,91,Nhiều tác giả,Đinh Tị,,,Bìa mềm,304,2018-08-08,Nhà sách Fahasa,available,1000,True,True,True
170490712,Cười Và Học Tiếng Anh - 50 Truyện Cười Theo Tình Huống Giúp Học Giỏi Tiếng Anh,30100,38000,21,4.8,14,170,Nguyễn Quốc Hùng M.A,Nhà xuất bản Phụ Nữ,Nhà Xuất Bản Phụ Nữ Việt Nam,,Bìa mềm,48,2022-03-01,Tiki Trading,available,1000,False,True,True
48557725,Sách Fantastic Flyers 2nd Edition - Pupil's Book (Kèm CD Hoặc File MP3),115200,128000,10,5.0,1,32,"Viv Lambert, Cheryl Pelteret",Nhân Trí Việt,Nhà Xuất Bản Tổng hợp TP.HCM,,Bìa mềm,88,2020-02-02,Nhà sách Fahasa,available,1000,True,True,True
6557311,Sách I See Yellow Flowers In The Green Grass,205000,270000,24,4.8,25,511,Nguyễn Nhật Ánh,NXB Trẻ,NXB Trẻ,,Bìa mềm,376,,Tiki Trading,available,1000,False,True,True
247931435,Tiếng Anh Trong Y Khoa - English In Medicine,157900,168000,6,4.0,1,13,"Eric H Glendinning,  Beverly A S Holmstrom",Cty Nhân Trí Việt,Nhà Xuất Bản Tổng hợp TP.HCM,,,,,Nhà sách Fahasa,available,1000,True,True,True
196516218,Sách Đối đáp Tiếng Anh không cần nghĩ,93130,139000,33,4.8,10,180,Nguyễn Thanh Loan,Zenbooks,Nhà Xuất Bản Đà Nẵng,,Bìa mềm,327,2022-01-01,Tiki Trading,available,1000,False,True,True
1686721,Sách Tiếng Anh Cho Ngành Dịch Vụ,244000,288000,15,4.7,13,232,"Hanna Hu, Kevin King",Nhân Trí Việt,Nhà Xuất Bản Tổng hợp TP.HCM,,Bìa mềm,268,2018-03-24,Tiki Trading,available,1000,False,True,True
74332660,Sách The Way To Give Generously (Song Ngữ Anh - Việt),57400,70000,18,5.0,3,10,The Wanderers,Zenbooks,Nhà Xuất Bản Đà Nẵng,,Bìa mềm,160,2020-12-12,Nhà sách Fahasa,available,1000,True,True,True
437471,Sách Collins English For Life - Reading (B1 + Intermediate),92000,128000,28,4.8,12,156,Anna Osborn,Nhân Trí Việt,Nhà Xuất Bản Tổng hợp TP.HCM,,Bìa mềm,127,2013-05-10,Tiki Trading,available,1000,False,True,True
535113,Sách Viết Nhật Ký Bằng Tiếng Anh,60000,74000,19,4.6,19,277,Lê Huy Lâm - Phạm Văn Thuận,Nhân Trí Việt,Nhà Xuất Bản Tổng hợp TP.HCM,,Bìa mềm,368,2009-04-30,Tiki Trading,available,1000,False,True,True
535831,Sách Breaking News English (Kèm file MP3),297600,320000,7,4.0,1,7,Im Ferry,Nhân Trí Việt,,,Bìa mềm,228,2016-08-11,Nhà sách Fahasa,available,1000,True,True,True
2733013,Sách Sử Dụng Tiếng Anh Hiệu Quả Qua 15 Chủ Đề Thông Dụng (Kèm file MP3),251900,268000,6,0.0,0,2,Sally Wu,Nhân Trí Việt,,,Bìa mềm,184,,Nhà sách Fahasa,available,1000,True,True,True
650363,Sách English For Everyone 3 (Bài Học),323600,348000,7,4.8,5,50,Gill Johnson,Nhân Trí Việt,,,Bìa mềm,288,2017-05-03,Nhà sách Fahasa,available,1000,True,True,True
421868,Sách Expanding Vocabulary Through Reading (Không CD),133200,148000,10,4.5,2,19,Hu Min - John A Gordon,Nhân Trí Việt,,,Bìa mềm,182,2014-10-10,Nhà sách Fahasa,available,1000,True,True,True
566493,Sách Nói Tiếng Anh Tự Nhiên Trong Mọi Tình Huống,22000,28000,21,4.8,10,153,Lê Huy Lâm - Phạm Văn Thuận,Nhà Sách Minh Tâm,Nhà Xuất Bản Tp.HCM,,Bìa mềm,139,2009-02-01,Tiki Trading,available,1000,False,True,True
279131562,"Sách - Ready For VSTEP - Vocabulary, Phrasal Verbs And Collocation B1 B2",150100,195000,23,0.0,0,1,nhieu tac gia,MCBOOKS,hong duc,,Bìa mềm,,2023-12-21,Nhà sách Fahasa,available,1000,True,True,True
571996,Sách Tiếng Anh Cho Mọi Người - English For Everyone Level 2 Beginner Course Book (Kèm CD),193000,228000,15,4.7,34,504,Rachel Harding,Nhân Trí Việt,Nhà Xuất Bản Tổng hợp TP.HCM,,Bìa mềm,184,2017-01-01,Tiki Trading,available,1000,False,True,True
724736,Sách Quick English – Nói Tiếng Anh Cấp Tốc,155000,198000,22,4.8,36,841,Pitsamorn Apichattapong,Nhân Trí Việt,Nhà Xuất Bản Tổng hợp TP.HCM,,Bìa mềm,512,2017-07-01,Tiki Trading,available,1000,False,True,True
212314876,Speaking Matrix - 2 Phút Nói Tiếng Anh Như Gió,128700,148000,13,0.0,0,5,,MCBOOKS,hong duc,,,,,Nhà sách Fahasa,available,1000,True,True,True
521147,Sách English For Tourism And Restaurants - Book 1 (Kèm file MP3),265200,298000,11,5.0,2,19,Frank Levin & Peg Tinsley,Nhân Trí Việt,,,Bìa mềm,220,2016-07-05,Nhà sách Fahasa,available,1000,True,True,True
572013,Sách Tiếng Anh Cho Mọi Người - English For Everyone Level 2 Beginner Practice Book (Kèm CD),196200,218000,10,5.0,1,16,Rachel Harding,Nhân Trí Việt,,,Bìa mềm,176,2017-01-01,Nhà sách Fahasa,available,1000,True,True,True
430846,Sách The Vocabulary Files A2 Pre - Intermediate (Không CD),62300,78000,20,5.0,14,191,Global ELT,Nhân Trí Việt,Nhà Xuất Bản Tổng hợp TP.HCM,,Bìa mềm,67,2015-04-14,Tiki Trading,available,1000,False,True,True
278698538,Sách Oxford Learner’s Pocket Grammar,129000,169000,24,5.0,1,7,John Eastwood,MCBOOKS,Nhà Xuất Bản Dân Trí,,Bìa mềm,400,,Tiki Trading,available,1000,False,True,True
274069413,"Combo VSTEP - Chinh phục kỹ năng Viết và Nói bậc B1, B2+ (2 cuốn)",140000,176000,20,0.0,0,56,Nhiều tác giả,Megabook,Nhà Xuất Bản Đại Học Quốc Gia Hà Nội,,Bìa mềm,,2024-01-01,Tiki Trading,available,1000,False,True,True
978832,Sách Tiếng Anh Ngoài Lớp Học - Forgotten English Conversation (Kèm CD),240000,278000,14,4.6,27,401,"M.L. Thanissa Chompoo, Kulthida Rungruongkiat",Nhân Trí Việt,Nhà Xuất Bản Tổng hợp TP.HCM,,Bìa mềm,496,2017-09-01,Tiki Trading,available,1000,False,True,True
196516210,Sách Bộ đề luyện thi THPT môn tiếng Anh,67620,98000,31,4.8,5,42,"Mai Lan Hương, Phạm Văn Luận",Zenbooks,Nhà Xuất Bản Đà Nẵng,,Bìa mềm,228,2022-01-01,Tiki Trading,available,1000,False,True,True
403758,Sách Successful 10 FCE Practice Test (Kèm CD),288000,320000,10,5.0,3,14,Nhóm tác giả,Nhân Trí Việt,,,Bìa mềm,,2014-06-10,Nhà sách Fahasa,available,1000,True,True,True
275993230,"Sách - Combo Ready for VSTEP Chiến thuật làm bài VSTEP B1,B2",141000,188000,25,0.0,0,1,,MCBOOKS,Nhà Xuất Bản Hồng Đức,,,,,NVP,available,1000,True,True,True
275007901,Sách GLOBAL SUCCESS - Bài Tập Trắc Nghiệm Tiếng Anh Lớp 4 Tập 2 - Có đáp án,51600,69000,25,0.0,0,2,"Bùi Văn Vinh, Thái Vân Anh, Nguyễn Thị Phương Anh, Hằng Nguyễn",Nhà sách Minh Thắng,Nhà Xuất Bản Đại Học Quốc Gia Hà Nội,,Bìa mềm,124,2024-01-01,Tiki Trading,available,1000,False,True,True
212463299,Học Tiếng Anh Qua 70 Mẩu Chuyện Cười Song Ngữ Anh - Việt: Trình Độ Vỡ Lòng,54600,70000,22,5.0,1,13,Thiên Phúc,CÔNG TY TNHH MTV TRÍ TUỆ,Nhà Xuất Bản Thanh Niên,,Bìa mềm,192,2022-12-22,Trí Tuệ Book,available,1000,True,True,True
152740750,Sách Never Give Up - Reading For Good,53600,80000,33,5.0,26,212,The Wanderers,Zenbooks,Nhà Xuất Bản Đà Nẵng,,Bìa mềm,184,2021-12-12,Tiki Trading,available,1000,False,True,True
694894,Sách Flyers,122800,148000,17,0.0,0,16,Nhiều tác giả,First News - Trí Việt,,,Bìa mềm,88,2017-06-23,Nhà sách Fahasa,available,1000,True,True,True
198436578,We Learn Maths In English - Em Học Toán Bằng Tiếng Anh 5 - HA,45000,45000,0,0.0,0,6,NGƯT Phạm Đình Thực,Nhà Sách Hồng Ân,Nhà Xuất Bản Đại Học Quốc Gia Hà Nội,,Bìa mềm,96,,NewShop Official,available,1000,True,True,True
270550199,Bài Tập Tiếng Anh 4 - Bám Sát SGK I Learn Smart Start (Có Đáp Án) _HA,52000,52000,0,0.0,0,4,"Nguyễn Văn Hai,  Nguyễn Hoàng Thanh Ly",Nhà Sách Hồng Ân,Nhà Xuất Bản Đại Học Quốc Gia Hà Nội,,Bìa mềm,88,,NewShop Official,available,1000,True,True,True
433348,Sách Real Lives Real Listening Intermediate B1 - B2 (Kèm CD),211000,248000,15,4.2,5,127,Sheila Thorn,Nhân Trí Việt,Nhà Xuất Bản Tổng hợp TP.HCM,,Bìa mềm,225,2015-04-08,Tiki Trading,available,1000,False,True,True
2733079,Sách Tiếng Anh Dành Cho Người Đi Làm (Kèm file MP3),233100,248000,6,5.0,2,16,Proud Poet Editioral Team,Nhân Trí Việt,,,Bìa mềm,380,,Nhà sách Fahasa,available,1000,True,True,True
22634363,Sách English At A Glance – Những Lỗi Thường Gặp Trong Tiếng Anh,57000,60000,5,0.0,0,3,PONS,Nhân Trí Việt,,,Bìa mềm,,2019-07-01,Nhà sách Fahasa,available,1000,True,True,True
525934,Sách English For Mathematics Book C,115200,128000,10,0.0,0,1,Emma Low -  Karen Greenway,Nhân Trí Việt,,,Bìa mềm,100,2016-07-14,Nhà sách Fahasa,available,1000,True,True,True
192951050,Tiếng Anh 7 - Right On - Student's Book (Sách Bài Học),63700,63741,0,5.0,1,17,"Võ Đại Phúc,  Nguyễn Thị Ngọc Quyên",CÔNG TY TNHH EDUCATION SOLUTIONS VIỆT NAM,Nhà Xuất Bản Đại Học Sư Phạm TPHCM,,,,,Nhà sách Fahasa,available,1000,True,True,True
86756291,Vừa lười vừa bận vẫn giỏi tiếng Anh,100800,168000,40,5.0,2,32,Hoài Nguyễn,Khang Việt Book,Nhà Xuất Bản Dân Trí,,Bìa mềm,320,2017-08-15,khangvietbook,available,1000,True,True,True
56906067,Sách 10 Bộ đề thi chứng chỉ tiếng Anh A2 - Ôn thi Vstep bậc 2 - chứng chỉ ngoại ngữ (Anh văn) bậc 2 khung NLNN Việt Nam,254150,299000,15,4.8,159,726,,Nhà Xuất Bản Đại Học Quốc Gia Hà Nội,Nhà Xuất Bản Đại Học Quốc Gia Hà Nội,,Bìa mềm,344,,Anh Ngữ VIVIAN,available,1000,True,True,True
192987058,Ăn Dặm Tiếng Anh - Perfect English Vocabulary,199000,249000,20,5.0,2,14,Prapai Poongarmcherng,Alpha Books,NXB Dân Trí,,Bìa mềm,304,2022-02-01,Alpha Books Official,available,1000,True,True,True
4538055,Sách English For Travel - Tiếng Anh Vòng Quanh Thế Giới,120000,120000,0,0.0,0,1,Nguyễn Thanh Loan,Zenbooks,Nhà Xuất Bản Đà Nẵng,,Bìa mềm,300,2018-09-13,Nhà sách NetaBooks,available,1000,True,True,True
3483095,Sách Mastering Listening Skills,207060,238000,13,0.0,0,12,Michael A.Putlack,Zenbooks,Nhà Xuất Bản Đà Nẵng,,Bìa mềm,192,,Zenbooks Official ,available,1000,True,True,True
274188452,Combo VSTEP - Chinh Phục Kỹ Năng Nói - Viết Và Luyện Đề Thi Bậc B1-C1 (Bộ 3 Cuốn) (MEGA),361000,361000,0,5.0,1,16,nhieu tac gia,Megabook,Nhà Xuất Bản Đại Học Quốc Gia Hà Nội,,Bìa mềm,664,,NewShop Official,available,1000,True,True,True
484012,Sách 15 Phút Mỗi Ngày Học Tiếng Anh (Kèm CD),206800,220000,6,4.0,1,8,Larousse,Nhân Trí Việt,,,Bìa mềm,,2016-03-29,Nhà sách Fahasa,available,1000,True,True,True
430860,Sách The Vocabulary Files B1 Intermediate (Không CD),64000,78000,18,4.8,22,344,,Nhân Trí Việt,Nhà Xuất Bản Tổng hợp TP.HCM,,Bìa mềm,67,2015-04-14,Tiki Trading,available,1000,False,True,True
17944712,Sách Collins English for Life - Listening B1 Intermediate (Kèm CD Hoặc File MP3) (Tái Bản),151200,168000,10,5.0,2,11,Ian Badger,Nhân Trí Việt,,,Bìa mềm,128,2019-05-01,Nhà sách Fahasa,available,1000,True,True,True
4719833,Sách Collins - Listening A2 Pre-Intermediate (Tái Bản),151200,168000,10,5.0,2,7,Chirs Flint & Jamie Flockhart,Nhân Trí Việt,,,Bìa mềm,248,2018-09-18,Nhà sách Fahasa,available,1000,True,True,True
277401666,Sách - 50 Đề Tăng Điểm Nhanh Tiếng Anh – Lớp 5,110400,138000,20,0.0,0,3,nhieu tac gia,	tkbooks,Nhà Xuất Bản Dân Trí,,,160,,MCBooks,available,1000,True,True,True
547817,Sách Sổ Tay Viết Văn Tiếng Anh Trình Độ Nâng Cao,231000,288000,20,4.7,58,653,Tôn Nhã Linh,Nhân Trí Việt,Nhà Xuất Bản Tổng hợp TP.HCM,,Bìa mềm,260,2016-09-26,Tiki Trading,available,1000,False,True,True
407566,Sách Collins Cambridge EnglishPreliminary - Kèm CD,201600,224000,10,0.0,0,0,Collins,Nhân Trí Việt,,,Bìa mềm,182,2014-08-22,Nhà sách Fahasa,available,1000,True,True,True
565984,Sách Luyện Kỹ Năng Viết Thư Tín Thương Mại (Writing For Business),43000,58000,26,4.7,49,492,,Nhà Sách Minh Tâm,Nhà Xuất Bản Tp.HCM,,Bìa mềm,271,2006-03-30,Tiki Trading,available,1000,False,True,True
650226,Sách English For Everyone 4 (Bài Học),323600,348000,7,5.0,5,39,Victoria Boobyer,Nhân Trí Việt,,,Bìa mềm,288,2017-05-03,Nhà sách Fahasa,available,1000,True,True,True
74332658,Sách The Way To Be Thankful (Song Ngữ Anh - Việt),57400,70000,18,5.0,12,50,The Wanderers,Zenbooks,Nhà Xuất Bản Đà Nẵng,,Bìa mềm,160,2020-12-12,Nhà sách Fahasa,available,1000,True,True,True
275825692,Ready for VSTEP Chiến thuật làm bài VSTEP B2 - Bản Quyền,141000,188000,25,4.5,6,47,Nhiều tác giả,MCBOOKS,Nhà Xuất Bản Hồng Đức,,Bìa mềm,300,2024-08-02,BizbooksJSC,available,1000,True,True,True
777402,Sách Restaurant English,207000,230000,10,4.8,6,25,Live ABC,Nhân Trí Việt,,,Bìa mềm,152,2010-08-08,Nhà sách Fahasa,available,1000,True,True,True
278004798,Notebook Sổ Tay Ngữ Pháp Tiếng Anh Tiểu Học Và Trung Học Cơ Sở - HA,89000,89000,0,0.0,0,3,nhieu tac gia,Nhà Sách Hồng Ân,Đại Học Sư Phạm TPHCM,,Bìa mềm,83,,NewShop Official,available,1000,True,True,True
278379030,First Steps In Translation Practic (Những Bước Đầu Tiên Trong Thực Hành Biên Dịch),155000,155000,0,0.0,0,2,nhieu tac gia,NXB Bách Khoa Hà Nội,Nhà Xuất Bản Bách Khoa Hà Nội,,Bìa mềm,212,2025-07-22,VIETNAMBOOK,available,1000,True,True,True
278305144,Sách - Cậu Khiến Tôi “Phát Rồ” - There Is No Other (Tái Bản 2024),48500,50000,3,5.0,1,1,...,Đang cập nhật,Đang cập nhật,,Bìa mềm,,2023-12-21,Nhà sách Fahasa,available,1000,True,True,True
430856,Sách The Vocabulary Files B2 Upper - Intermediate (Không CD),65000,78000,17,4.8,46,411,"Lawrence Mamas, Andrew Betsis",Nhân Trí Việt,Nhà Xuất Bản Tổng hợp TP.HCM,,Bìa mềm,67,2015-04-14,Tiki Trading,available,1000,False,True,True
276425503,Sách - Lộ Trình Học Tiếng Anh Cho Người Mất Gốc (The English Journey) - Nguyễn Thị Xuân Quỳnh,172260,198000,13,5.0,1,5,Nguyễn Thị Xuân Quỳnh,Zenbooks,Nhà Xuất Bản Thế Giới,,Bìa mềm,248,2024-10-22,Zenbooks Official ,available,1000,True,True,True
278819075,Tactics for Listening - Basic - Chiến thuật luyện nghe Tiếng Anh cơ bản,179000,179000,0,0.0,0,0,Oxford,MCBOOKS,Nhà Xuất Bản Dân Trí,,Bìa mềm,120,,Bamboo Books,available,1000,True,True,True
274069431,"Sách VSTEP - Chinh phục kỹ năng Viết bậc B1, B2+",86000,108000,20,5.0,3,32,"Nguyễn Thị Nhung, Bùi Thị Khánh Huyền",Megabook,Nhà Xuất Bản Đại Học Quốc Gia Hà Nội,,Bìa mềm,,2024-01-01,Tiki Trading,available,1000,False,True,True
46332522,Sách Nói Tiếng Anh Thông Thạo Trong Sinh Hoạt Hằng Ngày (Kèm CD Hoặc File MP3),233100,248000,6,5.0,9,50,"Peter Lai, Johnny Wu",Nhân Trí Việt,Nhà Xuất Bản Tổng hợp TP.HCM,,Bìa mềm,304,2019-01-12,Nhà sách Fahasa,available,1000,True,True,True
566362,Sách Tiếng Anh Cho Người Định Cư Ở Nước Ngoài (Không Kèm Đĩa),30000,38000,21,5.0,6,64,Nguyễn Thành Yến,Nhà Sách Minh Tâm,Nhà Xuất Bản Tổng hợp TP.HCM,,Bìa mềm,173,2008-04-25,Tiki Trading,available,1000,False,True,True
481213,Sách Tiếng Anh Chuyên Ngành Điều Dưỡng (Kèm CD),226000,278000,19,4.3,20,447,,Nhân Trí Việt,Nhà Xuất Bản Tổng hợp TP.HCM,,Bìa mềm,,2016-03-22,Tiki Trading,available,1000,False,True,True
278979381,Sách - Ready for VSTEP - Luyện nói VSTEP theo chủ đề B1 B2,195000,195000,0,0.0,0,0,nhieu tac gia,MCBOOKS,Nhà Xuất Bản Hồng Đức,,,296,,Bamboo Books,available,1000,True,True,True
278819067,Tactics for Listening - Developing - Chiến thuật luyện nghe Tiếng Anh mở rộng,179000,179000,0,0.0,0,0,Oxford,MCBOOKS,Nhà Xuất Bản Dân Trí,,Bìa mềm,120,,Bamboo Books,available,1000,True,True,True
777403,Sách Collins - English For Business Listening,136000,168000,19,5.0,12,210,Ian Badger,Nhân Trí Việt,Nhà Xuất Bản Tổng hợp TP.HCM,,Bìa mềm,128,2014-08-08,Tiki Trading,available,1000,False,True,True
73408982,Sách Reader's Bank Series 5,125300,179000,30,0.0,0,1,Lee Jang Dol,Alphabooks,Nhà Xuất Bản Thế Giới,,Bìa mềm,184,,Nhà sách Fahasa,available,1000,True,True,True
506060,Sách 900 Tình Huống Tiếng Anh Thương Mại Tiếp Đón Đối Tác - Kế Hoạch Quảng Cáo Sản Phẩm Mới (Kèm CD),46400,58000,20,5.0,3,43,Nhân Văn Group,Công Ty CP Văn Hóa Nhân Văn,Nhà Xuất Bản Đại Học Sư Phạm,,Bìa mềm,187,2016-01-14,Nhà sách Fahasa,available,1000,True,True,True
23223334,Combo Tiếng Anh Cho Mọi Người Level 2 Beginner: English For Everyone Practice Book và English For Everyone Course Book ( Tặng Kèm Bút ),446000,446000,0,5.0,8,70,Rachel Harding,Nhân Trí Việt,,,Bìa mềm,360,2019-07-01,NHBook,available,1000,True,True,True
549877,Sách Đọc Để Đậu - Luyện Kỹ Năng Đọc Hiểu Tiếng Anh,25000,30000,17,4.7,24,216,Phạm Tấn,Nhà Sách Minh Tâm,Nhà Xuất Bản Tổng hợp TP.HCM,,Bìa mềm,206,2006-06-01,Tiki Trading,available,1000,False,True,True
278698574,Oxford Learner’s Pocket - Combo 3 cuốn,346940,418000,17,0.0,0,8,Nhiều tác giả,MCBOOKS,Nhà Xuất Bản Dân Trí,,Bìa mềm,,,Tiki Trading,available,1000,False,True,True
12288564,Combo Tiếng Anh Chuyên Ngành Điều Dưỡng và Tiếng Anh Trong Y Khoa - English In Medicine ( Tặng Kèm  Bút ),312200,446000,30,4.6,7,81,"Eric H. Glendinning, Beverly A.S. Holmstrom",Nhân Trí Việt,,,Bìa mềm,654,2018-12-01,NHBook,available,1000,True,True,True
405649,Sách Succeed in CPE - 8 Practice Tests (Kèm file MP3),232200,258000,10,5.0,2,33,,Nhân Trí Việt,,,Bìa mềm,192,2014-08-01,Nhà sách Fahasa,available,1000,True,True,True
275024205,Combo/Lẻ: Nuance - 50 Sắc Thái Của Từ+Expressions For English Speaking - 1 Ngày 5 Cụm 6 Từ+Numbers Is English - Cách Nói Số Chuẩn+Daily Expression:Top 1500+Cụm Từ Tiếng Anh Thông Dụng Theo Chủ Đề+1001 Lỗi Tiếng Anh Giao Tiếp và Cách Sửa-Debug your English,119000,149000,20,0.0,0,8,,Alpha Books,Nhiều Nhà Xuất Bản,,Bìa mềm,,,Alpha Books Official,available,1000,True,True,True
212212202,Sách Let’s write 2 – Viết đoạn nâng cao,146300,209000,30,3.7,3,92,"Trần Thanh Hương, Ngô Hà Thu",Alphabooks,Nhà Xuất Bản Dân Trí,,Bìa mềm,196,2022-12-01,Tiki Trading,available,1000,False,True,True
9949532,Sách Easy Email Writing - Viết Email Thật Dễ Dàng,195500,208000,6,4.6,21,89,Thanisa Choombala,Nhân Trí Việt,,,Bìa mềm,288,2019-01-01,Nhà sách Fahasa,available,1000,True,True,True
155110809,Tiểu thuyết tiếng Anh - Devils (Fyodor Dostoevsky),175500,175500,0,5.0,2,22,Fyodor Dostoevsky,Wordsworth,Wordsworth,,Bìa mềm,720,,Blue Horizon Books,available,1000,True,True,True
210156231,Sách Reader's Bank (Series 1) - Alphabooks - BẢN QUYỀN,149000,149000,0,0.0,0,0,,Alphabooks,Nhà Xuất Bản Thế Giới,,,,,Nhà Sách Vĩnh Thụy,available,1000,True,True,True
247441867,YBM English Basics 1,191000,239000,20,0.0,0,1,YBM,Alpha Books,Nhà Xuất Bản Dân Trí,,,,,Alpha Books Official,available,1000,True,True,True
275419104,Debug Your English - 1001 Lỗi Tiếng Anh Giao Tiếp Và Cách Sửa,152100,169000,10,5.0,1,15,LookLook English,Alpha Books,Nhà Xuất Bản Thế Giới,,Bìa mềm,,2023-12-21,Nhà sách Fahasa,available,1000,True,True,True
215040171,Học Tiếng Anh Qua 90 Mẩu Chuyện Cười Song Ngữ Anh - Việt (Trình Độ Nâng Cao),76800,80000,4,5.0,1,13,Thiên Phúc,Cty Trí Tuệ,nxb thanh nien,,,,,Nhà sách Fahasa,available,1000,True,True,True
532273,Sách Tiếng Anh Dùng Cho Giao Dịch Thương Mại (Anh - Việt Đối Chiếu),46000,46000,0,4.3,3,37,Cung Kim Tiến,Hương Huy,Nhà Xuất Bản Kinh Tế TPHCM,,Bìa mềm,226,2010-06-01,Nhà Sách Kinh Tế VN,available,1000,True,True,True
136679796,"Combo Sách luyện thi B1 Vstep 4 kỹ năng và Sách 10 bộ đề thi Đọc hiểu Vstep reading B1-B2-C1 (Vstep practice test) ôn thi chứng chỉ ngoại ngữ bậc 3, 4, 5",467500,550000,15,4.6,19,64,Vũ Thị Lê Vy,Công ty TNHH Giáo dục Smartbee,Nhà Xuất Bản Đại Học Quốc Gia Hà Nội,,Bìa mềm,672,2021-09-28,Anh Ngữ VIVIAN,available,1000,True,True,True
277997202,Sách Tiếng Anh Không Công Thức – Nhập Vai Nói Không Sai,89000,125000,29,0.0,0,32,Phan Phúc Thiên Phước,Nhà xuất bản Phụ Nữ Việt Nam,Nhà Xuất Bản Phụ Nữ Việt Nam,,Bìa mềm,236,,Tiki Trading,available,1000,False,True,True
277168606,Sách- Sổ giấy Lò xo Take note Tiếng Anh Lớp 3-12 (Phiên bản cập nhật Mới nhất 2025),69000,100000,31,0.0,0,0,,CÔNG TY TNHH IN VÀ TM TUẤN VIỆT,Nhà Xuất Bản Hà Nội,,,68,,Xưởng in sách mầm non,available,1000,True,True,True
73632439,Sách Reader's Bank Level 9,151000,189000,20,5.0,2,6,nhieu tac gia,Alpha Books,Nhà Xuất Bản Thế Giới,,Bìa mềm,196,2020-12-03,Alpha Books Official,available,1000,True,True,True
437419,Sách Collins English For Life - Writing B1 + Intermediate,115200,128000,10,0.0,0,10,Kirsten Campbell-Howes & Clare Dignall,Nhân Trí Việt,,,Bìa mềm,127,2013-06-10,Nhà sách Fahasa,available,1000,True,True,True
255317161,Từ Điển Cách Dùng Tiếng Anh Bản Quyền,300000,300000,0,0.0,0,0,,First News - Trí Việt,Nhà Xuất Bản Tổng hợp TP.HCM,,,,,info book,available,1000,True,True,True
278818983,Combo Tactics For Listening – Chiến Thuật Luyện Nghe Tiếng Anh,537000,537000,0,0.0,0,0,Oxford,MCBOOKS,Nhà Xuất Bản Dân Trí,,,120,,Bamboo Books,available,1000,True,True,True
73200139,Sách Let’s Write! – Viết Đoạn Không Khó (Tập 1 – Cơ Bản),146100,199000,27,5.0,62,522,"Trần Thanh Hương, Trần Hoàng Anh",Alpha Books,Nhà Xuất Bản Thế Giới,,Bìa mềm,,2020-11-01,Tiki Trading,available,1000,False,True,True
168962692,Sách Tiếng Anh Lưu Loát,81800,109000,25,4.7,6,69,Moon Nguyễn,Alphabooks,Nhà Xuất Bản Dân Trí,,Bìa mềm,180,2022-03-01,Tiki Trading,available,1000,False,True,True
62330212,Cẩm nang định hướng đột phá học tiếng Anh - Tặng File nghe,190000,200000,5,0.0,0,0,Lê Thị Hiệp,Công ty TNHH Phát triển giáo dục quốc tế AMAIN,Nhà Xuất Bản Thế Giới,,Bìa cứng,220,2020-08-03,Cá Chép Bookstore,available,1000,True,True,True
22373016,Sách Step-By-Step English – Từng Bước Hoàn Thiện Kỹ Năng Nói Và Viết Tiếng Anh,246000,288000,15,5.0,1,32,ML Thanisa Choombala,Nhân Trí Việt,,,Bìa mềm,496,2019-07-01,Tiki Trading,available,1000,False,True,True
250056877,Sách Destination C1C2 . Tặng Sổ tay mini,192000,194000,1,0.0,0,1,,MCBOOKS,Nhà Xuất Bản Hồng Đức,,,,,Minhhabooks,available,1000,True,True,True
271780527,Daily Expression: Top 1500+ Cụm Từ Tiếng Anh Thông Dụng Theo Chủ Đề,127000,159000,20,5.0,1,13,nhieu tac gia,Alpha Books,Nhà Xuất Bản Thế Giới,,Bìa mềm,264,2023-09-08,Alpha Books Official,available,1000,True,True,True
115780462,Truyện đọc tiếng Anh - Jane Austen Collection ,1081350,1215000,11,5.0,1,1,Jane Austen,Penguin Books,Penguin Books,,Box,,,Blue Horizon Books,available,1000,True,True,True
486598,Sách English Now 3 - Listening And Speaking (Kèm CD),223200,248000,10,5.0,1,6,Owain Mckimm,Nhân Trí Việt,,,Bìa mềm,,2016-04-07,Nhà sách Fahasa,available,1000,True,True,True
192948960,Cambridge English Qualification - A2 Key For School - 8 Practice Tests,298000,298000,0,0.0,0,0,Collins,Cty Nhân Trí Việt,Nhà Xuất Bản Tổng hợp TP.HCM,,,,,NHBook,available,1000,True,True,True
481204,Sách The Sound Of English (Kèm CD),138000,168000,18,4.1,10,182,,Nhân Trí Việt,Nhà Xuất Bản Tổng hợp TP.HCM,,Bìa mềm,140,2016-03-22,Tiki Trading,available,1000,False,True,True
253471996,Sách The Langmaster - 120 Bài Luận Tiếng Anh (Bìa Mềm) - Tái Bản Lần Thứ 02,72100,105000,31,5.0,3,26,Trần Mạnh Tường,Nhà sách Minh Thắng,Nhà Xuất Bản Đại Học Quốc Gia Hà Nội,,Bìa mềm,352,2022-02-01,Tiki Trading,available,1000,False,True,True
249766716,Combo 200+ Bộ Câu Hỏi Và Trả Lời Phỏng Vấn Tiếng Anh + 233 Mẫu Câu Tiếng Anh Chinh Phục Nhà Tuyển Dụng (Bộ 2 Cuốn) _AL,508000,508000,0,0.0,0,0,,Alpha Books,Nhà Xuất Bản Thế Giới,,Bìa mềm,,,HỆ THỐNG NHÀ SÁCH ABC,available,1000,True,True,True
437784,Sách 1500 Structured Tests Leve 1 (Không CD),73000,88000,17,4.0,2,121,Edward R. Rosset,Nhân Trí Việt,Nhà Xuất Bản Tổng hợp TP.HCM,,Bìa mềm,82,2015-06-17,Tiki Trading,available,1000,False,True,True
7456637,Sách ngữ âm dành cho người mới bắt đầu ,304000,320000,5,0.0,0,1,Lê Thị Hiệp,Công ty TNHH Phát triển giáo dục quốc tế AMAIN,Nhà Xuất Bản Thế Giới,,Bìa cứng,88,2018-08-24,Cá Chép Bookstore,available,1000,True,True,True
562547,Sách Tiếng Anh Cho Mọi Người - English For Everyone Practice Book Level 1 Beginner,198000,198000,0,0.0,0,25,Thomas Booth,Nhân Trí Việt,Nhà Xuất Bản Tổng hợp TP.HCM,,Bìa mềm,176,2016-12-05,NHBook,available,1000,True,True,True
106208729,Sách YBM English Basics 1,169500,239000,29,3.8,5,33,YBM,Alphabooks,Nhà Xuất Bản Dân Trí,,Bìa mềm,376,,Tiki Trading,available,1000,False,True,True
270108293,"Sách Học Phát Âm Tiếng Anh, Tự học phát âm tiếng anh hiệu quả Moonbook.",100000,100000,0,4.6,32,278,,Aladanh,Nhà Xuất Bản Hồng Đức,,Bìa mềm,261,,MoonBook - Top 1 sách luyện thi,available,1000,True,True,True
276756674,Sách MANNERS - Nâng cao phẩm giá cho tiếng anh của bạn,119200,159000,25,1.0,1,47,Gu Seul,Alphabooks,Nhà Xuất Bản Dân Trí,,Bìa mềm,172,,Tiki Trading,available,1000,False,True,True
650237,Sách Longman Essence Reading 3 (Kèm file MP3),92100,96000,4,5.0,2,6,Rachel Lee,Nhân Trí Việt,,,Bìa mềm,184,2010-05-01,Nhà sách Fahasa,available,1000,True,True,True
192987510,"Combo Ăn Dặm Tiếng Anh - Perfect English: Vocabulary, Grammar, Conversation",725000,907000,20,1.0,1,4,Prapai Poongarmcherng,Alpha Books,NXB Dân Trí,,Bìa mềm,1232,2022-07-30,Alpha Books Official,available,1000,True,True,True
180851015,Sách Cùng Con Học Ngữ Âm Tiếng Anh Qua 3 Cấp Độ - Nguyên Âm Ghép Với Phụ Âm,45000,55000,18,5.0,1,12,MIS Editorial Team,Đinh Tị,Nhà Xuất Bản Thanh Niên,,Bìa mềm,48,2022-06-01,Tiki Trading,available,1000,True,True,True
407582,Sách Succeed In Cambridge English - Advanced 10 CAE (Kèm CD),232000,298000,22,4.3,16,239,"Lawrence Mamas, Andrew Betsis",Nhân Trí Việt,Nhà Xuất Bản Tổng hợp TP.HCM,,Bìa mềm,240,2014-08-22,Tiki Trading,available,1000,False,True,True
694903,Sách Starters,106200,128000,17,5.0,2,5,Nhiều tác giả,First News - Trí Việt,Nhà Xuất Bản Tổng hợp TP.HCM,,Bìa mềm,116,2017-06-23,Nhà sách Fahasa,available,1000,True,True,True
275620970,Sách 360 Động từ bất quy tắc & Cách dùng các thì trong tiếng Anh,18000,30000,40,5.0,1,19,Ernest Van De Velde,Công Ty Cổ Phần Văn Hóa Huy Hoàng,Nhà Xuất Bản Bách Khoa,,Bìa mềm,112,2024-07-16,Tiki Trading,available,1000,False,True,True
503957,Sách Collins English For Work - Workplace English 2,206000,258000,20,5.0,7,164,James Schofield,Nhân Trí Việt,Nhà Xuất Bản Tổng hợp TP.HCM,,Bìa mềm,160,2016-05-23,Tiki Trading,available,1000,False,True,True
182980683,"Tiểu thuyết tiếng Anh: October, October",300375,337500,11,0.0,0,3,Katya Balen,Amazon,Bloomsbury,,Bìa mềm,304,,Blue Horizon Books,available,1000,True,True,True
3840811,Sách Bài Tập Theo Phương Pháp Montessori - Tiếng Anh Vỡ Lòng (Kèm file MP3),191800,218000,12,0.0,0,15,Lydie Barusseau,Nhân Trí Việt,,,Bìa mềm,144,,Nhà sách Fahasa,available,1000,True,True,True
37946847,Sách Succeed In The Cambridge Flyers English Test (Kèm CD),115200,128000,10,5.0,13,71,Naomi Styles,Nhân Trí Việt,,,Bìa mềm,84,2019-10-01,Nhà sách Fahasa,available,1000,True,True,True
278692257,"Combo 2 Cuốn Ready For VSTEP - Chiến Thuật Làm Bài VSTEP B1,B2",320380,386000,17,0.0,0,4,Nhiều tác giả,MCBOOKS,Nhà Xuất Bản Hồng Đức,,Bìa mềm,,,Tiki Trading,available,1000,False,True,True
74451256,Speaking Matrix - 3 Phút Nói Tiếng Anh Như Gió,120900,139000,13,4.6,13,58,Kim Tae Yoon,MCBOOKS,Nhà Xuất Bản Hồng Đức,,,,,Nhà sách Fahasa,available,1000,True,True,True
279131433,Sách - Tactics For Listening - Developing - Chiến Thuật Luyện Nghe Tiếng Anh Mở Rộng,157500,179000,12,0.0,0,0,nhieu tac gia,MCBOOKS,hong duc,,Bìa mềm,,2023-12-21,Nhà sách Fahasa,available,1000,True,True,True
46332532,Sách Pass The Cambridge First Certificate In English (Kèm CD Hoặc File MP3),278700,328000,15,4.8,16,94,Jonah Wilson,Nhân Trí Việt,Nhà Xuất Bản Tổng hợp TP.HCM,,Bìa mềm,384,2019-01-12,Tiki Trading,available,1000,False,True,True
66636308,Combo Bộ sách Cẩm nang  học tiếng Anh & Ngữ âm tiếng anh quốc tế  3 cấp độ Sơ cấp - Trung cấp -  Nâng cao ,760000,1268000,40,5.0,2,8,,Công ty TNHH Phát triển giáo dục quốc tế AMAIN,Nhà Xuất Bản Thế Giới,,Bìa cứng,,,Amain Books,available,1000,True,True,True
279112256,Sách - Ready For VSTEP - Luyện Nói VSTEP Theo Chủ Đề B1 B2,156000,195000,20,0.0,0,0,nhieu tac gia,MCBOOKS,hong duc,,Bìa mềm,,2023-12-21,Nhà sách Fahasa,available,1000,True,True,True
540620,Sách KEY International B1 (Kèm file MP3),223200,248000,10,5.0,1,2,Annie Cornford & Jon Wright,Nhân Trí Việt,,,Bìa mềm,176,2016-08-29,Nhà sách Fahasa,available,1000,True,True,True
271450254,Vở Luyện Viết Tiếng Anh Flyers (Tập Viết Tiếng Anh Theo Cambridge),40800,48000,15,0.0,0,36,,Fahasa,Nhà Xuất Bản Phụ Nữ Việt Nam,,,,,Nhà sách Fahasa,available,1000,True,True,True
278819069,Tactics for Listening - Expanding - Chiến thuật luyện nghe Tiếng Anh nâng cao,179000,179000,0,0.0,0,0,Oxford,MCBOOKS,NXB Dân Trí,,Bìa mềm,120,,Bamboo Books,available,1000,True,True,True
271317439,"Sách Học tiền tố, căn tố, hậu tố tiếng Anh bằng Sơ Đồ Tư Duy",275000,348000,21,5.0,7,51,Language Publishing Editorial,Nhân Trí Việt,Nhà Xuất Bản Tổng hợp TP.HCM,,Bìa mềm,304,2023-05-19,Tiki Trading,available,1000,False,True,True
430835,Sách Small Talk (Không CD),126400,158000,20,4.8,5,104,Collins,Nhân Trí Việt,Nhà Xuất Bản Tổng hợp TP.HCM,,Bìa mềm,159,2015-04-14,Tiki Trading,available,1000,False,True,True
435978,Sách 3000 Tests Elementary To Intermediate (Không CD),157900,168000,6,5.0,1,10,Edward R.Rosset,Nhân Trí Việt,Nhà Xuất Bản Tổng hợp TP.HCM,,Bìa mềm,109,2015-06-10,Nhà sách Fahasa,available,1000,True,True,True
200771995,Sách Đố Bạn Tìm Được Tôi – Trái Chuối Chạy Trốn,34840,52000,33,5.0,2,41,Highlights,Zenbooks,Nhà Xuất Bản Đà Nẵng,,Bìa mềm,52,2022-01-01,Tiki Trading,available,1000,False,True,True
212213008,Sách GLOBAL SUCCESS - Bài tập bổ trợ và nâng cao tiếng anh lớp 3 tập 2 (Có đáp án),64400,95000,32,0.0,0,9,"Bùi Văn Vinh, Thái Vân Anh, Nguyễn Thị Phương Anh",Nhà sách Minh Thắng,Nhà Xuất Bản Đại Học Quốc Gia Hà Nội,,Bìa mềm,160,,Tiki Trading,available,1000,False,True,True
274112471,Little Stories - To Make You A Good Person,65000,65000,0,0.0,0,2,Stacey Riches,Saigon Books,Nhà Xuất Bản Đà Nẵng,,Bìa mềm,,,Hiệu Sách Tự Do,available,1000,True,True,True
271782375,Daily Expression: Top 1500+ Cụm Từ Tiếng Anh Thông Dụng Theo Chủ Đề_AL,127000,159000,20,0.0,0,0,,Alpha Books,Nhà Xuất Bản Thế Giới,,Bìa mềm,264,,Omega Plus Books,available,1000,True,True,True
777412,Sách Science And Environment Series 1 (CD),76000,98000,22,4.0,1,40,BBC Worldwide Ltd,Nhân Trí Việt,Nhà Xuất Bản Tổng hợp TP.HCM,,Bìa mềm,156,2009-08-15,Tiki Trading,available,1000,False,True,True
437477,Sách Collins English For Life - Reading (A2 Pre - intermediate),115200,128000,10,4.5,5,8,Anna Osborn,Nhân Trí Việt,,,Bìa mềm,127,2013-09-10,Nhà sách Fahasa,available,1000,True,True,True
279219140,Sách - Mindmap Từ Vựng Tiếng Nga Thông Dụng Dành Cho Người Mới Bắt Đầu,229000,229000,0,0.0,0,0,Nhiều tác giả,MCBOOKS,Nhà Xuất Bản Hồng Đức,,,,,MCBooks,available,1000,True,True,True
181224759,Sách - Trọn Bộ 10 Cuốn Little Stories,507000,650000,22,0.0,0,4,,Zenbooks,Nhà Xuất Bản Đà Nẵng,,,,,Đảo Sách Store,available,1000,True,True,True
275346620,"Debug Your English - 1001 Lỗi Tiếng Anh Giao Tiếp Và Cách Sửa - Looklook English, Grand Sundbye (bìa mềm)",151300,169000,10,0.0,0,0,LookLook English,Alpha Books,Nhà Xuất Bản Tổng hợp TP.HCM,,Bìa mềm,352,2024-06-29,Alpha Books Official,available,1000,True,True,True
204063080,Luyện kỹ năng phát âm tiếng Anh (trình độ căn bản),74100,95000,22,0.0,0,28,Kim Ngọc,CÔNG TY TNHH MTV TRÍ TUỆ,Nhà Xuất Bản Tổng hợp Đà Nẵng,,,200,2022-09-26,Trí Tuệ Book,available,1000,True,True,True
5845095,Sách Analogies for Critical Thinking (Tập 2),79500,79500,0,0.0,0,0,Ruth Foster,1980 Books,Nhà Xuất Bản Thế Giới,,Bìa mềm,128,2018-10-01,AHABOOKS,available,1000,True,True,True
276259739,Sách TAKE NOTE ! Sổ Tay Kiến Thức Tiếng Anh Tiểu Học (Gáy thường),26800,40000,33,0.0,0,6,"Bùi Văn Vinh, Thái Vân Anh, Nguyễn Thị Phương Anh",Nhà sách Minh Thắng,Nhà Xuất Bản Hà Nội,,Bìa mềm,64,,Tiki Trading,available,1000,False,True,True
136482620,Sách The Way To Stay Positive,70000,70000,0,0.0,0,0,The Wanderers,Phương Nam Book,Nhà Xuất Bản Đà Nẵng,,Bìa mềm,160,,Nhà Sách Phương Nam,available,1000,True,True,True
702914,Sách Tuyển Tập Các Bài Test Luyện Thi Tiếng Anh Trình Độ C,59170,61000,3,4.7,3,10,An Nhiên,Khang Việt Book,,,Bìa mềm,304,2017-06-28,NewShop Official,available,1000,True,True,True
6479067,Sách Nghệ Thuật Hành Văn Tiếng Anh,90000,90000,0,5.0,1,1,,Zenbooks,Nhà Xuất Bản Đà Nẵng,,Bìa mềm,200,2018-10-01,Nhà sách NetaBooks,available,1000,True,True,True
525928,Sách English For Mathematics Book B,101000,128000,21,5.0,13,104,Linda Glithro - Karen Greenway,Nhân Trí Việt,Nhà Xuất Bản Tổng hợp TP.HCM,,Bìa mềm,100,2016-07-14,Tiki Trading,available,1000,False,True,True
160814510,How To Write 4 Types Of Essays - Từng Bước Làm Quen Với Viết Luận Tiếng Anh,107100,119000,10,5.0,1,4,Michael A Putlack,Alpha Books,Nhà Xuất Bản Thế Giới,,,,,Nhà sách Fahasa,available,1000,True,True,True
6180601,Sách Analogies for Critical Thinking (Tập 5),80900,89000,9,5.0,2,8,Ruth Foster,1980 Books,,,Bìa mềm,128,2018-01-12,Nhà sách Fahasa,available,1000,True,True,True
77665076,Sách The Way To Be Humble,57400,70000,18,5.0,1,4,The Wanderers,Zenbooks,Nhà Xuất Bản Đà Nẵng,,Bìa mềm,160,2021-02-12,Nhà sách Fahasa,available,1000,True,True,True
186464788,"Tiểu thuyết thiếu niên tiếng Anh: Harry Potter and the Goblet of Fire, Children's Paperback",331614,372600,11,0.0,0,2,J.K. Rowling,Bloomburry Publishing,Bloomsbury,,Bìa mềm,640,,Blue Horizon Books,available,1000,True,True,True
183702836,Sách Non-fiction tiếng Anh: Sapiens a brief history of humainkind,515443,579150,11,0.0,0,4,Yuval Noah Harari,Vintage Publishing,Vintage Publishing,,Bìa mềm,,,Blue Horizon Books,available,1000,True,True,True
195969717,"Sách Sống Sót Nơi Công Sở: English Presentation - ""Ngôi Sao"" Báo Cáo Và Thuyết Trình (Tái Bản 2022)",108000,159000,32,4.7,3,45,Juliana Jiyoon Lee,Alphabooks,Nhà Xuất Bản Dân Trí,,Bìa mềm,272,2022-08-01,Tiki Trading,available,1000,False,True,True
77665078,Sách The Way To Seek Wisdom,57400,70000,18,5.0,1,5,The Wanderers,Zenbooks,Nhà Xuất Bản Đà Nẵng,,Bìa mềm,160,2021-02-12,Nhà sách Fahasa,available,1000,True,True,True
69980931,Sách Tuyển Chọn 150 Mẩu Chuyện Cười Tiếng Anh Song Ngữ,76800,80000,4,5.0,6,60,Thiên Phúc,CÔNG TY TNHH MTV TRÍ TUỆ,Nhà Xuất Bản Thanh Niên,,Bìa mềm,300,2020-10-15,Nhà sách Fahasa,available,1000,True,True,True
196516215,Sách Bài tập tiếng Anh 12 (Có đáp án),46920,68000,31,5.0,2,33,"Mai Lan Hương, Nguyễn Thanh Loan",Zenbooks,Nhà Xuất Bản Đà Nẵng,,Bìa mềm,270,2022-01-01,Tiki Trading,available,1000,False,True,True
23222667,Combo Tiếng Anh Cho Mọi Người Level 1 Beginner: English For Everyone Practice Book và English For Everyone Course Book ( Tặng Kèm Bút ),406000,406000,0,5.0,15,107,"Thomas Booth, Rachel Harding",Nhân Trí Việt,Nhà Xuất Bản Tổng hợp TP.HCM,,Bìa mềm,360,2019-07-01,NHBook,available,1000,True,True,True
278690036,Combo Tự Học Ngữ Pháp Tiếng Anh Cơ Bản Và Tự Học 2000 Từ Vựng Tiếng Anh Theo Chủ Đề - Khổ Nhỏ Cầm Tay,125000,164000,24,0.0,0,2,Nhiều tác giả,MCBOOKS,Nhà Xuất Bản Hồng Đức,,Bìa mềm,,,Tiki Trading,available,1000,False,True,True
77665074,Sách The Way To Stay Positive,57400,70000,18,5.0,3,21,The Wanderers,Zenbooks,Nhà Xuất Bản Đà Nẵng,,Bìa mềm,160,2021-02-12,Nhà sách Fahasa,available,1000,True,True,True
276180755,"Sách Bộ Đề Thi Thử Tốt Nghiệp THPT Môn Tiếng Anh - Định Dạng Mới Từ 2025 (Trần Thanh Hương, Hoàng Thị Hồng Nhung)",144200,199000,28,5.0,1,32,,Alpha Books,Nhà Xuất Bản Thế Giới,,Bìa mềm,392,2024-09-20,Tiki Trading,available,1000,False,True,True
6180597,Sách Analogies for Critical Thinking (tập 4),79500,79500,0,0.0,0,0,Ruth Foster,1980 Books,,,Bìa mềm,128,2018-01-11,AHABOOKS,available,1000,True,True,True
221229388,Sách Basic Words - Things That Go,75000,120000,38,0.0,0,3,Milo Kids,Minh Long,Nhà Xuất Bản Mỹ Thuật,,Bìa cứng,14,2023-02-02,Tiki Trading,available,1000,True,True,True
435967,Sách Graded Multiple - Choice English Test Level A2 (Không CD),43000,58000,26,4.0,2,114,Jack Hedges,Nhân Trí Việt,Nhà Xuất Bản Tổng hợp TP.HCM,,Bìa mềm,56,2015-06-10,Tiki Trading,available,1000,False,True,True
157054867,Sách Tôi Muốn Giỏi Tiếng Anh Nhưng Tôi Không Muốn Chăm Chỉ,152200,210000,28,5.0,108,771,"Moon Duk, Snow Cat",Thái Hà,Nhà Xuất Bản Công Thương,,Bìa mềm,264,2022-01-01,Tiki Trading,available,1000,False,True,True
278008341,Sách Bộ Đề Kiểm Tra Tiếng Anh 6 (CT Khung Của Bộ GDĐT),56550,65000,13,0.0,0,0,"Mai Lan Hương, Phạm Văn Luận",Zenbooks,Nhà Xuất Bản Đà Nẵng,,Bìa mềm,135,2025-05-22,Zenbooks Official ,available,1000,True,True,True
273609186,Daily Expression - Top 1500+ Cụm Từ Tiếng Anh Thông Dụng Theo Chủ Đề,127200,159000,20,5.0,3,42,,Alpha Books,Nhà Xuất Bản Thế Giới,,,,,Nhà sách Fahasa,available,1000,True,True,True
279244728,"Sách - Sách Ready For VSTEP - Vocabulary, Phrasal Verbs And Collocation/Luyện Nói VSTEP Theo Chủ Đề B1 B2 (Trọn Bộ)",156000,195000,20,0.0,0,0,nhieu tac gia,MCBOOKS,Nhà Xuất Bản Hồng Đức,,Bìa mềm,,2023-12-21,Nhà sách Fahasa,available,1000,True,True,True
278610446,Sách - Destination C1&C2 - Grammar & Vocabulary With Answer Key (Tái Bản 2025),190500,219000,13,0.0,0,4,nhieu tac gia,MCBOOKS,hong duc,,Bìa mềm,,2023-12-21,Nhà sách Fahasa,available,1000,True,True,True
181224874,Sách - Bộ Little Stories (Combo Tùy Chọn),253500,325000,22,0.0,0,1,,Zenbooks,Nhà Xuất Bản Đà Nẵng,,,,,Đảo Sách Store,available,1000,True,True,True
275993209,"Sách - Luyện thi chứng chỉ Tiếng Anh trình độ B1,B2 - Destination B1,B2 và VSTEP B1,B2",267800,357000,25,5.0,1,5,,MCBOOKS,Nhà Xuất Bản Hồng Đức,,,,,NVP,available,1000,True,True,True
10595496,Sách Trò Chuyện Tiếng Anh Lưu Loát Và Chuẩn Giọng (Kèm file MP3),280100,298000,6,4.0,1,3,I Get English Editorial Team,Nhân Trí Việt,,,Bìa mềm,332,2019-02-02,Nhà sách Fahasa,available,1000,True,True,True
74332662,Sách The Way To Show Compassion (Song Ngữ Anh - Việt),57400,70000,18,5.0,3,16,The Wanderers,Zenbooks,Nhà Xuất Bản Đà Nẵng,,Bìa mềm,160,2020-12-12,Nhà sách Fahasa,available,1000,True,True,True
274084764,VSTEP - Chinh Phục Đề Thi VSTEP Bậc Năng Lực Từ B1 Đến C1,153500,185000,17,0.0,0,9,Lê Thu Hà,Megabook,Nhà Xuất Bản Đại Học Quốc Gia Hà Nội,,,,,Nhà sách Fahasa,available,1000,True,True,True
48980150,Luyện Dịch Anh - Việt Cho Người Mới Học,68000,85000,20,5.0,3,35,Hoàng Thanh,Cty Văn Hóa Nhân Văn,Nhà Xuất Bản Thanh Niên,,,,,Nhà sách Fahasa,available,1000,True,True,True
435977,Sách 2000 Tests Advanced Level (Không CD),106150,118000,10,5.0,9,138,Edward R.Rosset,Nhân Trí Việt,Nhà Xuất Bản Tổng hợp TP.HCM,,Bìa mềm,109,2015-06-10,Tiki Trading,available,1000,False,True,True
533356,Sách Sổ Tay Viết Văn Tiếng Anh Trình Độ Sơ Cấp,225000,288000,22,4.8,39,553,Huỳnh Du Phàm,Nhân Trí Việt,Nhà Xuất Bản Tổng hợp TP.HCM,,Bìa mềm,256,2016-08-04,Tiki Trading,available,1000,False,True,True
48557723,Sách Mighty Movers 2nd Edition - Teacher's Book (Kèm DVD),176700,188000,6,0.0,0,2,"Cheryl Pelteret, Hilary Thompson",Nhân Trí Việt,Nhà Xuất Bản Tổng hợp TP.HCM,,Bìa mềm,96,2020-02-02,Nhà sách Fahasa,available,1000,True,True,True
184913698,Truyện đọc tiếng Anh: The Song of Achilles,384480,432000,11,4.8,6,26,Madeline Miller,Bloomsbury Publishing PLC,Bloomsbury Publishing PLC,,Paperback,368,2017-08-21,Blue Horizon Books,available,1000,True,True,True
433349,Sách Real Lives Real Listening Advanced B2 - C1 (Kèm CD),239000,348000,31,3.6,10,127,Sheila Thorn,Nhân Trí Việt,Nhà Xuất Bản Tổng hợp TP.HCM,,Bìa mềm,328,2015-04-08,Tiki Trading,available,1000,False,True,True
505876,Sách Giáo Trình Luyện Kỹ Năng Nghe - Nói Tiếng Anh (Kèm Theo CD) - Trình Độ Sơ Cấp,50400,63000,20,5.0,1,34,ThS. Hoàng Nguyên,Công Ty CP Văn Hóa Nhân Văn,,,Bìa mềm,232,2013-12-30,Nhà sách Fahasa,available,1000,True,True,True
73408980,Sách Reader's Bank Series 7,132300,189000,30,0.0,0,0,Lee Jang Dol,Alphabooks,Nhà Xuất Bản Thế Giới,,Bìa mềm,194,,Nhà sách Fahasa,available,1000,True,True,True
274814601,￼Sách - 35000 Câu giao tiếp tiếng anh ( Tái bản lần 3 ),91500,92500,1,0.0,0,0,Trần Mạnh Tường,Nhà sách Minh Thắng,Nhà Xuất Bản Đại Học Quốc Gia Hà Nội,,Bìa mềm,315,2021-04-05,Minhhabooks,available,1000,True,True,True
405631,Sách Succeed in KET - 10 Practice Tests (Kèm file MP3),223200,248000,10,4.3,6,42,,Nhân Trí Việt,Nhà Xuất Bản Tổng hợp TP.HCM,,Bìa mềm,223,2014-08-01,Nhà sách Fahasa,available,1000,True,True,True
437433,Sách Collins Work On Your Vocabulary - Advanced C1,133200,148000,10,0.0,0,11,,Nhân Trí Việt,,,Bìa mềm,127,2013-10-10,Nhà sách Fahasa,available,1000,True,True,True
28726912,Combo Easy Email Writing - Viết Email Thật Dễ Dàng và Những Vấn Đề Cơ Bản Của Hợp Đồng Bằng Tiếng Anh ( Tặng Kèm Viết),244000,244000,0,4.5,12,67,"Nguyễn Thành Yến, Thanisa Choombala",Nhân Trí Việt,,,Bìa mềm,504,2019-08-01,NHBook,available,1000,True,True,True
263646526,Sách Bài tập thực hành tiếng Anh 10 - Có Đáp Án (Dành cho bộ SGK Global Success),63480,92000,31,4.5,2,63,"Mai Lan Hương, Phạm Văn Luận",Zenbooks,Nhà Xuất Bản Đà Nẵng,,Bìa mềm,200,2023-01-01,Tiki Trading,available,1000,False,True,True
777486,Sách Tự Học Tiếng Anh,79000,98000,19,1.0,1,91,Hứa Lan Trinh,Nhân Trí Việt,Nhà Xuất Bản Tổng hợp TP.HCM,,Bìa mềm,296,2009-08-19,Tiki Trading,available,1000,False,True,True
195664845,Truyện đọc Tiếng Anh - Goodnight Little One,258322,290250,11,5.0,1,3,Margaret Wise Brown,Silver Dolphin Books,Silver Dolphin Books,,Bìa cứng,28,,Blue Horizon Books,available,1000,True,True,True
278490498,Sách - Sổ tay tiếng Anh - Everything You Need To Ace English In One Big Fat Notebook,459000,459000,0,0.0,0,0,Nguyễn Phương Mai,Nhà Sách Hồng Ân,Nhà Xuất Bản Lao Động,,,,,Khanhlinhbook,available,1000,True,True,True
156193933,Sách - Anh: The hundred-year-old Man who climbed out of the windows and disappeared,476995,535950,11,5.0,1,2,,Abacus,"Little, Brown Book Group",,,,,Blue Horizon Books,available,1000,True,True,True
276565795,ĐỌC HIỂU HỢP ĐỒNG / UNDER CONTRACT,230000,230000,0,0.0,0,10,Luật sư Nguyễn Hoàng Minh,Nhà Xuất Bản Công An Nhân Dân,Nhà Xuất Bản Công An Nhân Dân,,Bìa mềm tay gấp,98,2024-07-31,Sách Tiếng Anh Pháp Lý,available,1000,True,True,True
182306165,Tập viết tiếng anh 1- Được biên soạn theo bộ sách family and friends 1,43000,43000,0,5.0,1,15,Nguyễn Hoàng Thanh Ly,Nhà Sách Hồng Ân,Nhà Xuất Bản Đại Học Quốc Gia Hà Nội,,Bìa mềm,68,2022-05-04,Bảo Châu Books,available,1000,True,True,True
195561470,Bơ Không Phải Để Ăn,129000,129000,0,0.0,0,0,,Nhà xuất bản Phụ Nữ,Nhà Xuất Bản Phụ Nữ Việt Nam,,Bìa cứng,,,info book,available,1000,True,True,True
276224075,Hackers TOEIC Start Listening (Tái bản năm 2024),279000,279000,0,0.0,0,0,David Cho,NXB Dân Trí,Nhà Xuất Bản Dân Trí,,Bìa mềm,576,,Nhà Sách Phương Nam,available,1000,True,True,True
278851579,Sách - Trau Dồi Khả Năng Đọc-Hiểu-Viết Đúng Tiếng Anh,43400,62000,30,0.0,0,0,nhieu tac gia,Công Ty CP Văn Hóa Nhân Văn,Nhà Xuất Bản Đồng Nai,,Bìa mềm,1,,Nhân Văn,available,1000,True,True,True
540612,Sách KEY International A2 (Kèm file MP3),233100,248000,6,0.0,0,2,Carole Eilertson,Nhân Trí Việt,,,Bìa mềm,176,2016-08-29,Nhà sách Fahasa,available,1000,True,True,True
73633042,"Combo 5 Cuốn Sách Reader's Bank Level (5,6,7,8,9)",740000,925000,20,4.0,1,11,nhieu tac gia,Alpha Books,Nhà Xuất Bản Thế Giới,,Bìa mềm,196,2020-12-03,Alpha Books Official,available,1000,True,True,True
279162150,"Các Lỗi Thường Gặp Trong Tiếng Anh (Common Mistakes In English)- Mai Lan Hương, Hà Thanh Uyên",113800,115000,1,0.0,0,1,"Mai Lan Hương , Hà Thanh Uyên",Huy Hoàng Bookstore,NXB Dân Trí,,,,,Minhhabooks,available,1000,True,True,True
22935010,Sách Anh Ngữ Thiền Học - English In The Way Of Zen,72700,75000,3,5.0,9,39,Nguyễn Mạnh Thảo,NXB Tổng Hợp,,,Bìa mềm,264,2019-07-01,Nhà sách Fahasa,available,1000,True,True,True
247938079,Succeed In Cambridge English: Flyers 8,241200,268000,10,5.0,1,19,Andrew Betsis,Cty Nhân Trí Việt,Nhà Xuất Bản Tổng hợp TP.HCM,,,,,Nhà sách Fahasa,available,1000,True,True,True
185903113,Sách Sổ tay tiếng Anh 12,21000,30000,30,4.7,6,42,"Mai Lan Hương, Hà Thanh Uyên",Zenbooks,Nhà Xuất Bản Đà Nẵng,,Bìa mềm,166,2022-01-01,Tiki Trading,available,1000,False,True,True
275007902,"Sách Chinh Phục Toàn Diện Kì Thi Tiếng Anh Vào Lớp 6 (Trường chuyên , chất lượng cao)",70200,109000,36,0.0,0,7,"Đại Lợi, Hằng Nguyễn, Hải Anh",Nhà sách Minh Thắng,Nhà Xuất Bản Hà Nội,,Bìa mềm,196,2024-01-01,Tiki Trading,available,1000,False,True,True
274112909,Little stories - The best book for peaceful nights,65000,65000,0,0.0,0,2,Claire Luong,Saigon Books,Nhà Xuất Bản Đà Nẵng,,Bìa mềm,,,Hiệu Sách Tự Do,available,1000,True,True,True
184495574,Tiểu thuyết kinh điển tiếng Anh: The Last Day of a Condemned Man,230688,259200,11,0.0,0,0,Victor Hugo,Bloomsbury,Bloomsbury,,Bìa mềm,101,,Blue Horizon Books,available,1000,True,True,True
276736367,Manners - Nâng Cao Phẩm Giá Cho Tiếng Anh Của Bạn,159000,159000,0,0.0,0,0,,Alpha Books,Nhà Xuất Bản Dân Trí,,Bìa mềm,190,2024-12-06,Nhà sách NetaBooks,available,1000,True,True,True
900658,Sách Bài Tập Bổ Trợ Kỹ Năng Viết Tiếng Anh,58200,60000,3,0.0,0,1,Linh Đan,Khang Việt Book,Nhà Xuất Bản Hồng Đức,,Bìa mềm,286,2017-09-12,NewShop Official,available,1000,True,True,True
260797533,Mastering Listening Skills  Intermediate Practices (kèm CD) - Bản Quyền,238000,238000,0,0.0,0,0,,Zenbooks,Nhà Xuất Bản Đà Nẵng,,,,,HỆ THỐNG NHÀ SÁCH ABC,available,1000,True,True,True
213860267,Everything You Need To Ace English Language Arts - Quyển Vở Ai Cũng Muốn Mượn,399000,399000,0,0.0,0,0,,,,,,,,info book,available,1000,True,True,True
274112710,Little Stories - To Change Your Life,65000,65000,0,0.0,0,0,Claire Luong,Saigon Books,Nhà Xuất Bản Đà Nẵng,,Bìa mềm,,,Hiệu Sách Tự Do,available,1000,True,True,True
177267173,TÔI MUỐN GIỎI TIẾNG ANH NHƯNG KHÔNG MUỐN CHĂM CHỈ,210000,210000,0,0.0,0,0,nhieu tac gia,Nhà Xuất Bản Đại Học Quốc Gia Hà Nội,Nhà Xuất Bản Đại Học Quốc Gia Hà Nội,,,264,,Nhà Sách Vĩnh Thụy,available,1000,True,True,True
203841134,Sách How food works Hiểu hết về thức ăn (Bìa cứng),300000,300000,0,0.0,0,0,,Không có,Không có,,,,,HỆ THỐNG NHÀ SÁCH ABC,available,1000,True,True,True
272780185,Sách - Nuance - 50 Sắc Thái Của Từ 159K,159000,159000,0,0.0,0,0,nhieu tac gia,Alpha Books,Nhà Xuất Bản Thế Giới,,Bìa mềm,,2023-10-13,HỆ THỐNG NHÀ SÁCH ABC,available,1000,True,True,True
275835896,Học thông minh tinh trí não - Tổng hợp Tiếng Anh tiểu học,160000,160000,0,0.0,0,0,Thùy Trang,Đông Tây,Nhà Xuất Bản Hà Nội,,Bìa cứng,32,2024-08-03,Đông Tây,available,1000,True,True,True
272364553,Nuance - 50 Sắc Thái Của Từ - Kevin Kang & Hanna Byun - Lưu Ly Thảo dịch - (bìa mềm),152600,159000,4,0.0,0,0,,Alpha Books,Nhà Xuất Bản Tổng hợp TP.HCM,,Bìa mềm,264,2023-09-20,TYMBooks,available,1000,True,True,True
273818213,"DAILY EXPRESSION - TOP 1500+ CỤM TỪ TIẾNG ANH THÔNG DỤNG THEO CHỦ ĐỀ - Kenvin Kang, Hanna Byun - Bùi Phương Linh dịch - Alpha Books - NXB Thế Giới.",122000,159000,23,0.0,0,4,Kenvin Kang,Alpha Books,Nhà Xuất Bản Thế Giới,,Bìa mềm,264,,Alpha Books Official,available,1000,True,True,True
73408984,Sách Reader's Bank Series 6,125300,179000,30,0.0,0,0,Lee Jang Dol,Alphabooks,Nhà Xuất Bản Thế Giới,,Bìa mềm,188,,Nhà sách Fahasa,available,1000,True,True,True
74332664,Sách The Way To Encourage Others (Song Ngữ Anh - Việt),57400,70000,18,5.0,5,26,The Wanderers,Zenbooks,Nhà Xuất Bản Đà Nẵng,,Bìa mềm,160,2020-12-12,Nhà sách Fahasa,available,1000,True,True,True
279058925,Sách - Luyện Thi Đánh Giá Năng Lực - ACT Study Guide - Premium Edition,527100,599000,12,0.0,0,0,nhieu tac gia,1980 Books,NXB Dân Trí,,Bìa mềm,,2023-12-21,Nhà sách Fahasa,available,1000,True,True,True
196150461,"Sách 900 câu tiếng Anh trình độ cơ bản - Tập 2 
(Quét mã QR để nghe file MP3)",122000,168000,27,5.0,1,12,Joshua Kirman,Nhân Trí Việt,Nhà Xuất Bản Tổng hợp TP.HCM,,Bìa mềm,176,2022-08-01,Tiki Trading,available,1000,False,True,True
137440325,Sách Hello English! - Xin Chào Tiếng Anh! - Bài Tập Tiếng Anh,30000,30000,0,0.0,0,0,.,Nhà Xuất Bản Thanh Niên,Nhà Xuất Bản Thanh Niên,,Bìa mềm,24,,Bamboo Books,available,1000,True,True,True
277344592,"Đối Chiếu Anh - Việt Mấy Vấn Đề Về Cú Pháp, Ngữ Nghĩa Và Ngữ Dụng (Sách chuyên khảo)",93600,120000,22,5.0,2,8,,CÔNG TY TNHH MTV TRÍ TUỆ,Nhà Xuất Bản Thanh Niên,,Bìa mềm,372,2025-02-13,Trí Tuệ Book,available,1000,True,True,True
105231155,Tiếng Anh GenZ,81000,81000,0,4.8,15,100,English Not Boring,Công Ty Cổ Phần Time Books,Nhà Xuất Bản Hà Nội,,,,,NewShop Official,available,1000,True,True,True
392565,Sách Collins English For Business Reading,118350,148000,20,5.0,23,317,"Anna Osborn, James Schofield",Nhân Trí Việt,Nhà Xuất Bản Tổng hợp TP.HCM,,Bìa mềm,126,2014-03-14,Tiki Trading,available,1000,False,True,True
483504,Sách Listen Up Intermediate (Kèm CD),187200,208000,10,0.0,0,2,,Nhân Trí Việt,,,Bìa mềm,,2016-03-29,Nhà sách Fahasa,available,1000,True,True,True
346649,Sách English Communication For Your Career - Air Travel And Tourism,129200,136000,5,0.0,0,2,Kim Young Mi,Nhân Trí Việt,,,Bìa mềm,128,2012-05-02,Nhà sách Fahasa,available,1000,True,True,True
278722995,Sách - Digital SAT Study Guide ( Phần 2)  - TTRHN,524250,699000,25,0.0,0,0,nhieu tac gia,1980 Books,Nhà Xuất Bản Công Thương,,Bìa mềm,805,,TTR Next Generation,available,1000,True,True,True
277374502,Mastering English - 180 Ngày Làm Chủ Tiếng Anh - MC,172000,172000,0,0.0,0,1,,MCBOOKS,Nhà Xuất Bản Hồng Đức,,Bìa mềm,,,NewShop Official,available,1000,True,True,True
451696,Sách Intermezzo English,178200,198000,10,0.0,0,0,Hu Min - John A Gordon,Nhân Trí Việt,Nhà Xuất Bản Tổng hợp TP.HCM,,Bìa mềm,108,2015-09-08,Nhà sách Fahasa,available,1000,True,True,True
276327750,English Collocations In News - Đọc Tin Không “Vấp” - Bản Quyền,169000,169000,0,0.0,0,0,,Alphabooks,Nhà Xuất Bản Thế Giới,,Bìa mềm,324,2024-10-07,Nhà Sách Vĩnh Thụy,available,1000,True,True,True
275513539,Combo 4 Cuốn VSTEP - Chinh phục Đề Thi + Kỳ Thi + Kỹ Năng Viết Và Nói (MEGA),576000,576000,0,0.0,0,2,Lưu Ngọc Nam,Megabook,Nhà Xuất Bản Đại Học Quốc Gia Hà Nội,,Bìa mềm,,,NewShop Official,available,1000,True,True,True
74458470,Combo 5 Cuốn: Bộ Sách Học Tiếng Anh The Way (Song Ngữ Anh - Việt),304500,350000,13,5.0,2,28,The Wanderers,Zenbooks,Nhà Xuất Bản Đà Nẵng,,Bìa mềm,800,2020-12-12,Zenbooks Official ,available,1000,True,True,True
3715853,Illustrated Classics - Truyện Cổ Andersen,151200,168000,10,4.7,9,82,Nhiều tác giả,Đinh Tị,,,Bìa mềm,276,2018-08-08,Nhà sách Fahasa,available,1000,True,True,True
274873672,Chém Tiếng Anh Không Cần Động Não - Tác giả Vũ Vi Bình (Bino Chém tiếng anh) - Phiên bản đặc biệt,169000,169000,0,5.0,3,58,Vũ Vi Bình - Bino,Zenbooks,Nhà Xuất Bản Thế Giới,,Bìa mềm,,2024-04-25,Hiệu Sách Tự Do,available,1000,True,True,True
39376929,Combo Easy Email Writing - Viết Email Thật Dễ Dàng và Hướng Dẫn Soạn Hợp Đồng Bằng Tiếng Anh( Tặng Kèm Sổ Tay Xương Rồng),346000,346000,0,4.5,2,40,"Thanisa Choombala, Nguyễn Thành Yến",First News - Trí Việt,,,Bìa mềm,,2019-11-01,NHBook,available,1000,True,True,True
204878452,Kỹ Năng Phiên Dịch,148000,148000,0,0.0,0,0,,Huy Hoàng Bookstore,Nhà Xuất Bản Thanh Niên,,Bìa mềm,,,Bamboo Books,available,1000,True,True,True
136684902,"Combo 3 sách luyện thi B1 Vstep: Luyện thi B1 Vstep 4 kỹ năng + 30 đề thi viết luận tiếng Anh B1, B2 Vstep + 10 bộ đề thi Đọc hiểu Vstep B1-B2-C1 ôn thi chứng chỉ ngoại ngữ bậc 3 Vstep writing, reading, speaking, listening",680000,800000,15,4.8,50,223,Vũ Thị Lê Vy,Công ty TNHH Giáo dục Smartbee,Nhà Xuất Bản Đại Học Quốc Gia Hà Nội,,Bìa mềm,928,2021-09-28,Anh Ngữ VIVIAN,available,1000,True,True,True
187316087,"Combo 3 sách luyện thi B2 Vstep: Sách luyện thi B2 Vstep 4 kỹ năng; sách 30 đề thi viết luận tiếng Anh B1, B2 Vstep; sách 10 bộ đề thi Đọc hiểu Vstep – ôn thi chứng chỉ tiếng Anh bậc 4 (bằng B2 tiếng Anh) khung năng lực Ngoại ngữ 6 bậc dành cho Việt Nam",722500,850000,15,4.6,13,127,Vũ Thị Lê Vy,Công ty TNHH Giáo dục Smartbee,Nhà Xuất Bản Đại Học Quốc Gia Hà Nội,,Bìa mềm,944,2022-05-16,Anh Ngữ VIVIAN,available,1000,True,True,True
185635679,Sách Non-fiction tiếng Anh: 21 Lessons for the 21st Century,390487,438750,11,0.0,0,2,Yuval Noah Harari,Vintage Publishing,Vintage Publishing,,Paperback,432,2019-08-22,Blue Horizon Books,available,1000,True,True,True
66654812,"Combo Bộ sách Cẩm nang  học tiếng Anh, Sách ngữ âm giành cho người mới bắt đầu, Ngữ âm tiếng Anh quốc tế cấp độ trung cấp (kèm đĩa CD)",622000,888000,30,0.0,0,0,,Công ty TNHH Phát triển giáo dục quốc tế AMAIN,Nhà Xuất Bản Thế Giới,,Bìa cứng,,,Amain Books,available,1000,True,True,True
491732,Sách New Way Ahead (Kèm CD),271950,320000,15,5.0,3,56,Nicholas Sampson,Nhân Trí Việt,Nhà Xuất Bản Tổng hợp TP.HCM,,Bìa mềm,236,2016-03-30,Tiki Trading,available,1000,False,True,True
518170,Sách Enjoy Your Stay (Kèm CD),227000,278000,18,5.0,4,58,Jess Martin - Robert Majure,Nhân Trí Việt,Nhà Xuất Bản Tổng hợp TP.HCM,,Bìa mềm,196,2016-06-27,Tiki Trading,available,1000,False,True,True
74180822,"Bộ 7 Cuốn Reader's Bank (Level 1,2,3,4,5,6,7)",954000,1193000,20,5.0,2,3,Lee Jang Dol,Alphabooks,Nhà Xuất Bản Thế Giới,,Bìa mềm,,,Alpha Books Official,available,1000,True,True,True
540605,Sách KEY International A1 (Kèm file MP3),223200,248000,10,5.0,1,1,Jon Wright,Nhân Trí Việt,,,Bìa mềm,168,2016-08-29,Nhà sách Fahasa,available,1000,True,True,True
186495663,Bách Khoa Thư Về Phát Triển Kỹ Năng - Tiếng Anh,252000,280000,10,5.0,1,9,DK,Đinh Tị,Nhà Xuất Bản Thanh Niên,,,,,Nhà sách Fahasa,available,1000,True,True,True
491676,Sách Moving Up - Listening And Conversation 1 (Kèm CD),187200,208000,10,0.0,0,1,Nicholas Sampson,Nhân Trí Việt,,,Bìa mềm,144,2016-04-22,Nhà sách Fahasa,available,1000,True,True,True
407558,Sách Collins Cambridge English Key - Kèm CD,201600,224000,10,0.0,0,1,Collins,Nhân Trí Việt,,,Bìa mềm,172,2014-08-22,Nhà sách Fahasa,available,1000,True,True,True
273707013,Trạm Đọc Official | How To Write 4 Types Of Essays - Từng Bước Làm Quen Với Viết Luận Tiếng Anh ,95000,119000,20,0.0,0,0,Michael A Putlack,Alpha Books,Nhà Xuất Bản Thế Giới,,Bìa mềm,164,2021-12-23,Alpha Books Official,available,1000,True,True,True
196180806,Let's Enjoy Masterpieces - The Scarlet Letter - Chữ A Màu Đỏ + CD,45600,55000,17,5.0,1,11,Nathaniel Hawthorne,FIRST NEWS,Nhà Xuất Bản Tổng Hợp,,,,,Nhà sách Fahasa,available,1000,True,True,True
275531742,Hướng dẫn kỹ thuật Phiên dịch Anh - Việt Việt - Anh,90250,95000,5,0.0,0,5,Nguyễn Quốc Hùng M.A,CÔNG TY TNHH MTV TRÍ TUỆ,nxb thanh nien,,Bìa mềm,203,,Cá Chép Bookstore,available,1000,True,True,True
272249254,COMBO Thuật Ngữ Y Khoa Tiếng Anh + Cẩm Nang Dịch Tài Liệu Y Khoa Tiếng Anh (Cho người mới bắt đầu),333200,392000,15,0.0,0,8,Nguyễn Thái Duy,CN NXB Phụ Nữ,Nhà Xuất Bản Phụ Nữ,,Bìa mềm,,,Minh Khang Books,available,1000,True,True,True
96806312,Combo 8 Cuốn - Bộ Sách Học Tiếng Anh The Way (Song Ngữ Anh - Việt),431200,560000,23,4.7,78,316,The Wanderers,Zenbooks,Nhà Xuất Bản Đà Nẵng,,Bìa mềm,1280,2021-05-01,Tiki Trading,available,1000,False,True,True
3869871,Sách Tiếng Anh Cơ Bản ( Trọn Bộ 2 Tập ),399000,399000,0,4.5,188,1905,Elight,Nhà Xuất Bản Thanh Niên,Nhà Xuất Bản Thanh Niên,,Bìa gập,588,2018-07-03,NHBook,available,1000,True,True,True
3840813,Sách Bài Tập Theo Phương Pháp Montessori - Phát Triển Trí Tuệ Và Khả Năng Toán Học Cho Trẻ,214300,228000,6,5.0,1,12,,Nhân Trí Việt,,,Bìa mềm,168,,Nhà sách Fahasa,available,1000,True,True,True
534934,Sách Luyện Viết Thư Tín...E-mail...Fax...Bằng Tiếng Anh,99000,128000,23,4.8,25,400,Nguyễn Thành Yến,Nhân Trí Việt,Nhà Xuất Bản Tổng hợp TP.HCM,,Bìa mềm,230,2015-09-30,Tiki Trading,available,1000,False,True,True
279076564,Sách - Làm chủ kỹ năng đọc hiểu kì thi tốt nghiệp THPT môn tiếng Anh,129000,129000,0,0.0,0,0,Phạm Ngọc Minh,MCBOOKS,Nhà Xuất Bản Hồng Đức,,,,,Bamboo Books,available,1000,True,True,True
650236,Sách Longman Essence Reading 4 (Kèm file MP3),73000,96000,24,4.3,3,118,Rachel Lee,Nhân Trí Việt,Nhà Xuất Bản Tổng hợp TP.HCM,,Bìa mềm,184,2010-05-01,Tiki Trading,available,1000,False,True,True
253412720,Sống sót nơi công sở - English Business E mail - Viết e mail từ A - Z - Bản Quyền,231000,289000,20,0.0,0,18,,Alpha Books,Nhà Xuất Bản Thế Giới,,,600,,Alpha Books Official,available,1000,True,True,True
138183893,Các Lỗi Thường Gặp Trong Tiếng Anh (Tái bản năm 2021),80000,80000,0,0.0,0,0,Mai Lan Hương,Nhà Xuất Bản Đà Nẵng,Nhà Xuất Bản Đà Nẵng,,Bìa mềm,235,,Nhà Sách Vĩnh Thụy,available,1000,True,True,True
6414579,Sách All in One English - Tiếng Anh 3 trong 1 (Kèm file MP3),155000,198000,22,4.5,11,74,Proud Poet Editorial Team,Nhân Trí Việt,Nhà Xuất Bản Tổng hợp TP.HCM,,Bìa mềm,272,,Tiki Trading,available,1000,False,True,True
262792250,"Học Tiền Tố, Căn Tố, Hậu Tố Tiếng Anh Bằng Sơ Đồ Tư Duy",323600,348000,7,5.0,1,7,Language Publishing Editorial,Cty Nhân Trí Việt,Nhà Xuất Bản Tổng hợp TP.HCM,,,,,Nhà sách Fahasa,available,1000,True,True,True
650367,Sách English For Everyone 3 (Bài Tập),258000,320000,19,4.5,14,200,Barbara Mackay,Nhân Trí Việt,Nhà Xuất Bản Tổng hợp TP.HCM,,Bìa mềm,264,2017-05-03,Tiki Trading,available,1000,False,True,True
3483097,Sách Mastering Reading Skills,207060,238000,13,5.0,2,9,Michael A.Putlack,Zenbooks,Nhà Xuất Bản Đà Nẵng,,Bìa mềm,184,,Zenbooks Official ,available,1000,True,True,True
69219929,Sách Reader's Bank Series 2,104300,149000,30,0.0,0,5,Lee Jang Dol,Alphabooks,Nhà Xuất Bản Thế Giới,,Bìa mềm,148,2020-10-01,Nhà sách Fahasa,available,1000,True,True,True
2582029,Sách Collins A2 Flyers - Three Practice Tests - Kèm 1 MP3 (Format 2018),160200,178000,10,5.0,7,58,Anna Osborn,Nhân Trí Việt,,,Bìa mềm,80,,Nhà sách Fahasa,available,1000,True,True,True
69219935,Sách Reader'S Bank Series 3,118300,169000,30,0.0,0,4,Lee Jang Dol,Alphabooks,Nhà Xuất Bản Thế Giới,,Bìa mềm,180,2020-10-01,Nhà sách Fahasa,available,1000,True,True,True
568803,Sách Mini English Course (Kèm file MP3),94000,98000,4,0.0,0,0,Katja Hald,Nhân Trí Việt,,,Bìa mềm,180,2017-01-03,Nhà sách Fahasa,available,1000,True,True,True
277043044,Sách Phonics 1,65000,85000,24,0.0,0,1,Phương Hoa,Công Ty TNHH Sách Và Truyền Thông Việt Nam,Nhà Xuất Bản Dân Trí,,Bìa mềm,76,2025-01-15,Tiki Trading,available,1000,True,True,True
25000189,Quick English - Nói Tiếng Anh Cấp Tốc (CD) (Tái Bản 2018),186100,198000,6,4.8,4,29,Pitsamorn Apichattapong,NXB Tổng Hợp TPHCM,,,,,,Nhà sách Fahasa,available,1000,True,True,True
273887388,Trạm Đọc | Sống Sót Nơi Công Sở - English Business E-mail : Viết E-mail Từ A-Z,289000,289000,0,0.0,0,0,Kevin Kyung,Alpha Books,Nhà Xuất Bản Thế Giới,,Bìa mềm,,,Nhà Sách Vĩnh Thụy,available,1000,True,True,True
273640980,Trạm Đọc | Top 1500+ Cụm Từ Tiếng Anh Thông Dụng Theo Chủ Đề,159000,159000,0,0.0,0,0,,Alpha Books,Nhà Xuất Bản Thế Giới,,Bìa mềm,,,HỆ THỐNG NHÀ SÁCH ABC,available,1000,True,True,True
505806,Cẩm Nang Tiếng Anh Công Ty - Xí Nghiệp (Sách Bỏ Túi) - Kèm CD,36000,36000,0,4.7,3,16,ThS. Hoàng Nguyên,Công Ty CP Văn Hóa Nhân Văn,Nhà Xuất Bản Hồng Đức,,Bìa mềm,149,2014-12-30,Nhân Văn,available,1000,True,True,True
273349046,Tiếng Anh 8 Friends Plus - Workbook (2023),79000,79000,0,0.0,0,3,nhieu tac gia,Cty Phương Nam,Giáo Dục Việt Nam,,Bìa mềm,72,,Nhân Văn,available,1000,True,True,True
276675720,Combo: Manners - Nâng Cao “Phẩm Giá” Cho Tiếng Anh Của Bạn + Sống Sót Nơi Công Sở - English Business Writing - Viết Ư? Chuyện Nhỏ!,270000,338000,20,0.0,0,0,,Alpha Books,Nhiều Nhà Xuất Bản,,Bìa mềm,,2024-12-02,Alpha Books Official,available,1000,True,True,True
195666645,Truyện đọc Tiếng Anh - An Ugly Truth,549085,616950,11,0.0,0,0,nhieu tac gia,Harper,Harper,,Bìa mềm,352,,Blue Horizon Books,available,1000,True,True,True
185367170,Truyện đọc thiếu niên tiếng Anh: The Chime Seekers,348435,391500,11,5.0,3,11,nhieu tac gia,Walker Books Ltd,Walker Books Ltd,,Paperback,384,2021-11-04,Blue Horizon Books,available,1000,True,True,True
115790151,Truyện đọc tiếng Anh - The Complete Jane Austen Childrens Easy Classics Collection,2228782,2504250,11,0.0,0,0,Gemma Barder,HarperCollin,HarperCollins,,Bìa mềm,,,Blue Horizon Books,available,1000,True,True,True
182981128,Tiểu thuyết tiếng Anh: Defy the Night,307584,345600,11,0.0,0,1,Brigid Kemmerer,Amazon,Bloomsbury,,Bìa mềm,496,,Blue Horizon Books,available,1000,True,True,True
2916523,Sách Lật Tương Tác Song Ngữ 0-3 Tuổi: Ú Òa,98000,98000,0,0.0,0,0,Giuliano Ferri,Nhã Nam,Nhà Xuất Bản Thế Giới,,Bìa mềm,14,,Nhà Sách Vĩnh Thụy,available,1000,True,True,True
175526834,Cuộc Phiêu Lưu Của Ngôn Ngữ Anh - Tiểu Sử Anh Ngữ Từ Năm 500 Đến Năm 2000,239000,239000,0,0.0,0,0,Melvyn Bragg,Alpha Books,Nhà Xuất Bản Thế Giới,,,,,info book,available,1000,True,True,True
246168067,Đối đáp Tiếng Anh không cần nghĩ,139000,139000,0,0.0,0,0,,Zenbooks,Nhà Xuất Bản Đà Nẵng,,,,,HỆ THỐNG NHÀ SÁCH ABC,available,1000,True,True,True
271198538,Daily Expressions - Top 1500+ Cụm Từ Tiếng Anh Thông Dụng Theo Chủ Đề,127000,159000,20,4.6,8,124,,Alpha Books,Nhà Xuất Bản Thế Giới,,Bìa mềm,264,2023-08-16,Alpha Books Official,available,1000,True,True,True
1073236,Sách Văn Phạm Tiếng Anh English Grammar,50000,50000,0,0.0,0,3,Nguyễn Hoàng Thanh Ly,Nhà Sách Hồng Ân,Nhà Xuất Bản Đại Học Quốc Gia Hà Nội,,Bìa mềm,310,2017-10-31,Bảo Châu Books,available,1000,True,True,True
272147666,Nuance - 50 Sắc Thái Của Từ (Kevin Kang - Hanna Byun),127000,159000,20,5.0,1,12,,Alpha Books,Nhà Xuất Bản Thế Giới,,Bìa mềm,264,2023-09-20,Alpha Books Official,available,1000,True,True,True
208643703,Reader'S Bank Series 6 - Bản Quyền,179000,179000,0,0.0,0,0,,Alphabooks,Nhà Xuất Bản Thế Giới,,,,,Nhà Sách Vĩnh Thụy,available,1000,True,True,True
167614352,Let's Enjoy Masterpieces - Happy Reader - Nhật ký Anne Frank - Kèm CD,53000,53000,0,0.0,0,0,,First News - Trí Việt,oem,,,,,Nhà Sách Vĩnh Thụy,available,1000,True,True,True
109776160,Sách - YBM English Basics 1,239000,239000,0,0.0,0,0,,Alphabooks,Nhà Xuất Bản Dân Trí,,,,,Nhà Sách Vĩnh Thụy,available,1000,True,True,True
260795524,How To Become A Confident English Speaker At Work  Tự Tin Đối Đáp Tiếng Anh Công Sở - Bản Quyền,70000,70000,0,0.0,0,0,,Zenbooks,Nhà Xuất Bản Đà Nẵng,,,,,Hiệu Sách Tự Do,available,1000,True,True,True
205223945,Truyện đọc Tiếng Anh: Christmas Carol,155250,155250,0,0.0,0,5,Charles Dickens,Wordsworth Editions Ltd,Wordsworth Editions Ltd,,Bìa mềm,96,,Blue Horizon Books,available,1000,True,True,True
270800657,LEARNING ENGLISH WITH TV SERIES - Luyện nói thành thạo cùng “mọt” phim tiếng Anh - Maëva Courtois – An Nhân dịch - Being Books - AZ Việt Nam ,109000,109000,0,0.0,0,0,,AZ Việt Nam,Nhà Xuất Bản Thế Giới,,Bìa mềm,,,Bamboo Books,available,1000,True,True,True
260795522,Tuyệt Kỹ Tiếng Anh Thương Mại  Improve your Global Business English - Bản Quyền,160000,160000,0,0.0,0,0,,Zenbooks,Nhà Xuất Bản Đà Nẵng,,,,,HỆ THỐNG NHÀ SÁCH ABC,available,1000,True,True,True
595690,Sách Tuyển Tập Các Bài TEST Luyện Thi Tiếng Anh Trình Độ B (KV),58200,60000,3,5.0,1,2,An Nhiên,Khang Việt Book,Nhà Xuất Bản Thanh Niên,,Bìa mềm,304,2017-03-27,NewShop Official,available,1000,True,True,True
276425771,Combo Sách Chinh Phục Tiếng Anh: Chém Tiếng Anh Không Cần Động Não + Lộ Trình Học Tiếng Anh Cho Người Mất Gốc,319290,367000,13,0.0,0,5,Nguyễn Thị Xuân Quỳnh,Zenbooks,Nhà Xuất Bản Thế Giới,,Bìa mềm,248,2024-10-22,Zenbooks Official ,available,1000,True,True,True
160747844,Tôi muốn giỏi tiếng Anh nhưng tôi không muốn chăm chỉ - Thái Hà Books,190000,210000,10,4.7,7,23,"Moon Duk, Snow Cat",Thái Hà,Nhà Xuất Bản Công Thương,,Bìa mềm,264,2022-01-26,THAIHABOOKS,available,1000,True,True,True
506680,Tiếng Anh Kinh Doanh (Kèm CD) - Sách Bỏ Túi,33200,35000,5,0.0,0,86,.,Công Ty TNHH TM - DV Chính Thông,Nhà Xuất Bản Hồng Đức,,Bìa mềm,240,2012-09-30,Chính Thông,available,1000,True,True,True
506695,Tiếng Anh Ngân Hàng (Kèm CD) - Sách Bỏ Túi,33200,35000,5,5.0,1,107,.,Công Ty TNHH TM - DV Chính Thông,Nhà Xuất Bản Hồng Đức,,Bìa mềm,194,2012-09-30,Chính Thông,available,1000,True,True,True
777418,Sách Longman Pre-Essence Reading 1,62000,76000,18,4.8,20,167,Rachel Lee,Nhân Trí Việt,Nhà Xuất Bản Tổng hợp TP.HCM,,Bìa mềm,120,2010-08-13,Tiki Trading,available,1000,False,True,True
777408,Sách News And Current Affairs Series 2,76000,98000,22,5.0,3,42,BBC Worldwide Ltd,Nhân Trí Việt,Nhà Xuất Bản Tổng hợp TP.HCM,,Bìa mềm,160,2009-08-08,Tiki Trading,available,1000,False,True,True
433386,Sách Teachnical English (Kèm CD),129000,158000,18,3.5,2,20,"Alma Montoya, Benilde Bueno",Nhân Trí Việt,Nhà Xuất Bản Tổng hợp TP.HCM,,Bìa mềm,121,2015-04-08,Tiki Trading,available,1000,False,True,True
201929213,Sách Bài Tập Bổ Trợ Nâng Cao Tiếng Anh Lớp 2 Tập 2,50500,79000,36,0.0,0,1,1980 Edu,1980 Books,Nhà Xuất Bản Dân Trí,,Bìa mềm,64,2022-10-20,Tiki Trading,available,1000,False,True,True
48557715,Sách Super Starters 2nd Edition - Pupil's Book (Kèm CD Hoặc File MP3),98000,128000,23,5.0,19,206,"Wendy Superfine, Judy West",Nhân Trí Việt,Nhà Xuất Bản Tổng hợp TP.HCM,,Bìa mềm,88,2020-02-02,Tiki Trading,available,1000,False,True,True
278042749,Sách - Trọn Bộ 4 Cuốn Hidden Pictures – Học Tiếng Anh Qua Hình Vẽ 101,452400,520000,13,0.0,0,2,Zenbooks,Zenbooks,Nhà Xuất Bản Đà Nẵng,,Bìa mềm,152,2025-05-29,Zenbooks Official ,available,1000,True,True,True
777422,Sách Longman Pre-Essence Reading 3,60700,76000,20,5.0,4,84,Longman Pearson,Nhân Trí Việt,Nhà Xuất Bản Tổng hợp TP.HCM,,Bìa mềm,120,2010-08-10,Tiki Trading,available,1000,False,True,True
154235671,Combo: Let’s Write! – Viết Đoạn Không Khó (Tập 1 – Cơ Bản) + Time Capsule - Nhật Ký Siêu Nhí Nhố Của...  + How To Write 4 Types Of Essays - Từng Bước Làm Quen Với Viết Luận Tiếng Anh,322000,403000,20,0.0,0,6,nhieu tac gia,Alpha Books,Nhà Xuất Bản Thế Giới,,Bìa mềm,497,2021-12-29,Omega Plus Books,available,1000,True,True,True
50367677,Sách Collins Speaking A2 Pre-Intermediate (Kèm file MP3) - Tái Bản 2020,151200,168000,10,5.0,1,4,Rhoma Snelling,Nhân Trí Việt,Nhà Xuất Bản Tổng hợp TP.HCM,,Bìa mềm,128,2020-03-12,Nhà sách Fahasa,available,1000,True,True,True
69219943,Sách Reader'S Bank Series 4,125300,179000,30,0.0,0,2,Lee Jang Dol,Alphabooks,Nhà Xuất Bản Thế Giới,,Bìa mềm,184,2020-10-01,Nhà sách Fahasa,available,1000,True,True,True
274084770,"VSTEP - Chinh Phục Kỹ Năng Viết Bậc B1, B2+",97200,108000,10,5.0,1,7,Lưu Ngọc Nam,Megabook,Nhà Xuất Bản Đại Học Quốc Gia Hà Nội,,,,,Nhà sách Fahasa,available,1000,True,True,True
274352746,Trạm Đọc | Cách Nói Số Chuẩn,127000,159000,20,0.0,0,0,,Alpha Books,Nhà Xuất Bản Thế Giới,,Bìa mềm,,,Alpha Books Official,available,1000,True,True,True
263208218,Let’s Write! 01 - Viết Đoạn Không Khó,157200,185000,15,0.0,0,0,"Trần Thanh Hương,  Trần Hoàng Anh",Alpha Books,Nhà Xuất Bản Dân Trí,,,,,Nhà sách Fahasa,available,1000,True,True,True
263085305,Tiếng Anh Genz (Tái Bản 2023),77700,81000,4,4.0,1,8,Tuệ Mẫn,Công Ty Cổ Phần Time Books,Nhà Xuất Bản Hà Nội,,,,,Nhà sách Fahasa,available,1000,True,True,True
483505,Sách Listen Up Upper Intermediate (Kèm CD),187200,208000,10,0.0,0,2,,Nhân Trí Việt,Nhà Xuất Bản Tổng hợp TP.HCM,,Bìa mềm,,2016-03-29,Nhà sách Fahasa,available,1000,True,True,True
271578989,Brady Siêu Đỉnh - 365 Ngày Phát Triển Trí Tuệ - Level 3 - Đức Tính Tốt Và Phương Tiện Giao Thông,53100,59000,10,0.0,0,1,,Cty Văn Hóa & Truyền Thông Trí Việt.,Nhà Xuất Bản Văn Học,,,,,Nhà sách Fahasa,available,1000,True,True,True
4362289,Sách English For Everyone - Business English - Course Book Level 1 (Kèm 1 Đĩa CD - Room),241200,268000,10,5.0,1,45,"Thomas Booth, Trish Burrow",Nhân Trí Việt,,,Bìa mềm,192,2018-09-01,Nhà sách Fahasa,available,1000,True,True,True
273624691,Sách Ngoại Ngữ Khó Đấy Nhưng Bạn Tự Học Được,168000,168000,0,0.0,0,0,Việt Lê,Thái Hà,Nhà Xuất Bản Thế Giới,,,232,2023-12-12,Nhà Sách Vĩnh Thụy,available,1000,True,True,True
437594,"Sách Actual Tests Part 1,2 (Kèm CD)",118000,148000,20,0.0,0,25,.,Nhân Trí Việt,Nhà Xuất Bản Tổng hợp TP.HCM,,Bìa mềm,187,2012-05-10,Tiki Trading,available,1000,False,True,True
277314072,Sách 101 Trò Chơi Dạy Tiếng Anh Cho Mọi Trình Độ,220000,220000,0,0.0,0,0,Thạc sĩ Lê Trần Ngọc Thảo,Thái Hà,Nhà Xuất Bản Công Thương,,,240,,NHBook,available,1000,True,True,True
208290354,Sách How To Write 4 Types of Essays – Từng Bước Làm Quen Với Viết Luận Tiếng Anh - Alphabooks - BẢN QUYỀN,95000,119000,20,0.0,0,4,,Alphabooks,Nhà Xuất Bản Thế Giới,,,,,Alpha Books Official,available,1000,True,True,True
263588960,Combo Em Học Toán Bằng Tiếng Anh -  We Learn Maths In English -  Lớp 3 + 4 + 5 - HA,135000,135000,0,0.0,0,7,NGƯT Phạm Đình Thực,Nhà Sách Hồng Ân,Nhà Xuất Bản Đại Học Quốc Gia Hà Nội,,Bìa mềm,108,,Bảo Châu Books,available,1000,True,True,True
273636707,Trạm Đọc Official | Hackers Ielts : Writing,215000,269000,20,0.0,0,0,Viện ngôn ngữ Hackers,Alphabooks,Nhà Xuất Bản Thế Giới,,Bìa mềm,452,2023-01-03,Alpha Books Official,available,1000,True,True,True
221229405,Sách Basic Words - I Can Share,70800,120000,41,0.0,0,0,Milo Kids,Minh Long,Nhà Xuất Bản Mỹ Thuật,,Bìa cứng,14,2023-02-02,Tiki Trading,available,1000,True,True,True
25208491,YOUR VERY FIRST ENGLISH Tự Học NGHE NÓI Tiếng Anh CHUẨN DỄ NHANH VOLUME 1 (Học Kèm App: MCBooks Application),71200,89000,20,4.3,3,16,The Windy,MCBOOKS,Nhà Xuất Bản Hồng Đức,,Bìa mềm,232,2018-05-04,MCBooks,available,1000,True,True,True
272464596,Sách - Vở Thực Hành Tiếng Anh 7 (Kết Nối),45000,45000,0,0.0,0,0,,Nhà Sách Hồng Ân,Nhà Xuất Bản Giáo Dục Việt Nam,,Bìa mềm,,,Khanhlinhbook,available,1000,True,True,True
278725080,Sách - Tư duy ngôn ngữ: Đánh vần tiếng Anh (Oxford Phonics World),65000,65000,0,0.0,0,0,Ngọc Mai,Đại Mai Books,Nhà Xuất Bản Phụ Nữ Việt Nam,,Bìa mềm,36,,trungthanh2018,available,1000,True,True,True
273463952,Trạm Đọc | Everything You Need To Ace English Language Arts – Quyển Vở Ai Cũng Muốn Mượn,271000,339000,20,0.0,0,0,Brain Quest,Alpha Books,Nhà Xuất Bản Dân Trí,,Bìa mềm,500,,Alpha Books Official,available,1000,True,True,True
195526258,Truyện đọc tiếng Anh - Edge,228285,256500,11,0.0,0,0,Jeffery Deaver,Simon & Schuster,Simon & Schuster,,Bìa mềm,539,,Blue Horizon Books,available,1000,True,True,True
165092043,45 Đề Trắc Nghiệm Tiếng Anh,120000,120000,0,0.0,0,0,Vĩnh Bá,Nhà Sách Hồng Ân,Nhà Xuất Bản Đại Học Quốc Gia Hà Nội,,,376,,Bảo Châu Books,available,1000,True,True,True
213519215,Let’s Write 2 - Viết Đoạn Nâng Cao_AL,167000,209000,20,0.0,0,0,,Alpha Books,NXB Dân Trí,,Bìa mềm,,,Alpha Books Official,available,1000,True,True,True
181224781,"Sách - Bộ 5 Cuốn Little Stories (Nice Day, Good Person, Relax, Forward, Friends) (Combo 1)",253500,325000,22,0.0,0,0,,Zenbooks,Nhà Xuất Bản Đà Nẵng,,,,,Đảo Sách Store,available,1000,True,True,True
115521147,"Combo 2 sách luyện thi B1 Vstep: Sách luyện thi B1 Vstep 4 kỹ năng và Sách 30 đề thi viết luận tiếng Anh B1, B2 Vstep – Ôn thi chứng chỉ tiếng Anh bậc 3 theo khung NLNN 6 bậc Việt Nam",467500,550000,15,4.8,72,334,Vũ Thị Lê Vy,Công ty TNHH Giáo dục Smartbee,Nhà Xuất Bản Đại Học Quốc Gia Hà Nội,,Bìa mềm,584,2021-06-22,Anh Ngữ VIVIAN,available,1000,True,True,True
272939286,Đề Kiểm Tra Tiếng Anh 11 (Bám Sát SGK Tiếng Anh 11 Global Success) _HA,115000,115000,0,0.0,0,2,"Minh Luận,  Nguyễn Hoàng Thanh Ly",Nhà Sách Hồng Ân,Nhà Xuất Bản Đại Học Sư Phạm,,Bìa mềm,276,,NewShop Official,available,1000,True,True,True
273867701,Sách 540 Câu Hỏi Đáp Tiếng Anh Khoa Học Thường Thức Dành Cho Học Sinh - Sinh Viên  - Bản Quyền,138000,138000,0,0.0,0,0,,Công ty Cổ Phần Văn Hóa và Giáo Dục Tân Việt,Nhà Xuất Bản Dân Trí,,,,,NHBook,available,1000,True,True,True
273678444,Trạm Đọc Official | Expressions For English Speaking - 1 Ngày 5 Cụm 6 Từ,119000,149000,20,0.0,0,1,,Alphabooks,Nhà Xuất Bản Dân Trí,,Bìa mềm,292,,Alpha Books Official,available,1000,True,True,True
206360653,Reader's Bank - Level 7,189000,189000,0,0.0,0,0,,Nhà Xuất Bản Thế Giới,Nhà Xuất Bản Thế Giới,,Bìa mềm,195,,HỆ THỐNG NHÀ SÁCH ABC,available,1000,True,True,True
276134818,Sách - Từ vựng IELTS 8.0 - Từ vựng đắt để đạt điểm cao 4 kỹ năng (MG),135000,135000,0,0.0,0,0,,Nhà Sách Hồng Ân,Nhà Xuất Bản Đại Học Quốc Gia Hà Nội,,Bìa mềm,204,,Khanhlinhbook,available,1000,True,True,True
270747482,Giáo Dục Sớm - Thẻ Thông Minh Theo Phương Pháp Giáo Dục Của Glenn Doman - Cờ Các Nước,59000,59000,0,0.0,0,0,Nguyễn Thu Huyền,NXB Hồng Đức,Nhà Xuất Bản Hồng Đức,,,,2020-08-06,Nhà Sách Phương Nam,available,1000,True,True,True
273166877,Happy Reader Những Vụ Phá Án Ly Kỳ Của Sherlock Holmes (1000 Words)  - Bản Quyền,68000,68000,0,0.0,0,0,,FIRST NEWS,Nhà Xuất Bản Tổng hợp TP.HCM,,,,,Bamboo Books,available,1000,True,True,True
435972,Sách Graded Multiple - Choice English Test Level C1 (Không CD),47000,58000,19,5.0,16,240,Jack Hedges,Nhân Trí Việt,Nhà Xuất Bản Tổng hợp TP.HCM,,Bìa mềm,56,2015-06-10,Tiki Trading,available,1000,False,True,True
20977115,Sách Tự Tin Trò Chuyện Bằng Tiếng Anh Với Người Nước Ngoài (Kèm 1 CD),280100,298000,6,3.0,2,11,MIS Editorial Team,Nhân Trí Việt,,,Bìa mềm,400,2019-06-01,Nhà sách Fahasa,available,1000,True,True,True
276291001,Nuance 2 - 50 Sắc Thái Câu,127200,159000,20,0.0,0,3,Kevin Kang,Alpha Books,Nhà Xuất Bản Thế Giới,,Bìa mềm,,2023-12-21,Nhà sách Fahasa,available,1000,True,True,True
497523,Sách Graded Grammar Exercises 3 (Không CD),129000,158000,18,5.0,2,44,Andy Cribb Lynn Sauve,Nhân Trí Việt,Nhà Xuất Bản Tổng hợp TP.HCM,,Bìa mềm,152,2016-05-10,Tiki Trading,available,1000,False,True,True
193450828,Sách Con số ngộ nghĩnh - Học số và quan sát,39000,48000,19,0.0,0,4,Lizzy Doyle,Megabook,Nhà Xuất Bản Thanh Niên,,Bìa mềm,12,2022-07-01,Tiki Trading,available,1000,False,True,True
435971,Sách Graded Multiple - Choice English Test Level B2 (Không CD),43000,58000,26,4.7,10,176,Jack Hedges,Nhân Trí Việt,Nhà Xuất Bản Tổng hợp TP.HCM,,Bìa mềm,56,2015-06-10,Tiki Trading,available,1000,False,True,True
48557711,Sách Mighty Movers 2nd Edition - Activity's Book (Kèm CD Hoặc File MP3),128000,128000,0,0.0,0,1,"Viv Lambert, Wendy Superfine",Nhân Trí Việt,Nhà Xuất Bản Tổng hợp TP.HCM,,Bìa mềm,84,2020-02-02,NHBook,available,1000,True,True,True
777419,Sách Longman Pre-Essence Reading 2,60000,76000,21,4.7,9,120,Longman Pearson,Nhân Trí Việt,Nhà Xuất Bản Tổng hợp TP.HCM,,Bìa mềm,120,2010-08-13,Tiki Trading,available,1000,False,True,True
71682301,Những Lỗi Thường Gặp Trong Tiếng Anh Khi Nói Chuyện Với Người Nước Ngoài - Tập 1,68600,98000,30,5.0,1,5,Hoàng Thanh,Cty Văn Hóa Nhân Văn,Nhà Xuất Bản Thanh Niên,,,,,Nhân Văn,available,1000,True,True,True
491710,Sách New Move Ahead (Kèm CD),241200,268000,10,0.0,0,0,Nicholas Sampson,Nhân Trí Việt,Nhà Xuất Bản Tổng hợp TP.HCM,,Bìa mềm,192,2016-03-30,Nhà sách Fahasa,available,1000,True,True,True
77214396,Sách - Everything You Need To Ace English Language Arts – Quyển Vở Ai Cũng Muốn Mượn ,271000,339000,20,4.5,8,31,Brain Quest,Alphabooks,Nhà Xuất Bản Dân Trí,,,,,Alpha Books Official,available,1000,True,True,True
162025737,Tôi Muôn Giỏi Tiếng Anh Nhưng Tôi Không Muốn Chăm Chỉ,184800,210000,12,5.0,1,3,Moon Duk,Thái Hà,Nhà Xuất Bản Công Thương,,,,,Nhà sách Fahasa,available,1000,True,True,True
818272,Sách English In 4 Weeks - Thông Thạo Tiếng Anh Chỉ Trong 4 Tuần (Kèm file MP3),233100,248000,6,5.0,2,2,Rebecca Davies,Nhân Trí Việt,,,Bìa mềm,208,2017-08-17,Nhà sách Fahasa,available,1000,True,True,True
108130489,Input Funny English Stories Faster - Nạp Thẳng Tiếng Anh Qua Truyện Cười Ngay Hôm Nay,162300,198000,18,5.0,1,5,"The Windy, the windy, the windy",MCBOOKS,Nhà Xuất Bản Hồng Đức,,,,,Nhà sách Fahasa,available,1000,True,True,True
181453927,Sách - Kết Nối Bất Kỳ Ai,76560,88000,13,0.0,0,1,Oopsy,Zenbooks,Nhà Xuất Bản Thanh Niên,,Bìa mềm,,,Zenbooks Official ,available,1000,True,True,True
204872086,Sống Sót Nơi Công Sở - Everyday English - Nói Đi Ngại Gì_AL,135000,169000,20,0.0,0,0,,Alpha Books,NXB Dân Trí,,Bìa mềm,,,Alpha Books Official,available,1000,True,True,True
437749,Sách Fill In The Gaps - Book 2 (Không CD),70200,78000,10,5.0,1,2,Edward R. Rosset,Nhân Trí Việt,,,Bìa mềm,70,2015-06-17,Nhà sách Fahasa,available,1000,True,True,True
190502345,Sống Sót Nơi Công Sở English Business Writing - Viết Ư? Chuyện Nhỏ,152100,179000,15,0.0,0,0,Juliana Jiyoon Lee,Alpha Books,Nhà Xuất Bản Dân Trí,,,,,Nhà sách Fahasa,available,1000,True,True,True
271497954,Tự Học Tiếng Anh Trong 24 Ngày (Tái Bản 2023),39600,45000,12,0.0,0,2,Nguyễn Đại,Cty Văn Hóa Văn Lang,hong duc,,,,,Nhà sách Fahasa,available,1000,True,True,True
477969,Sách Học Tiếng Anh 10 Phút Mỗi Ngày (Kèm CD),165400,188000,12,5.0,1,3,Nhóm tác giả,Nhân Trí Việt,,,Bìa mềm,,2016-03-11,Nhà sách Fahasa,available,1000,True,True,True
435970,Sách Graded Multiple - Choice English Test Level B1( Không CD),55100,58000,5,5.0,1,13,Jack Hedges,Nhân Trí Việt,,,Bìa mềm,56,2015-06-10,Nhà sách Fahasa,available,1000,True,True,True
273773816,Lẻ/Combo 2 cuốn Let's Write: Viết Đoạn Không Khó (Tập 1) + Viết Đoạn Nâng Cao (Tập 2) - Bản Quyền,408000,408000,0,0.0,0,0,,Alphabooks,Nhà Xuất Bản Thế Giới,,,,,Gooda Official,available,1000,True,True,True
25553104,Tự Học Tiếng Anh Cấp Tốc Cho Người Mới Bắt Đầu (Phương pháp học Tiếng Anh Trực Tiếp),96800,129000,25,4.5,2,30,The Windy,MCBOOKS,Nhà Xuất Bản Hồng Đức,,Bìa mềm,240,2018-05-04,NVP,available,1000,True,True,True
277761540,Tự Học Siêu Tốc - Digital SAT Total Prep,503280,699000,28,5.0,1,15,,1980 Books,Nhà Xuất Bản Dân Trí,,,,,1980Books Official,available,1000,True,True,True
429489,Sách Table For Two - English For Restaurant (Kèm CD),260000,348000,25,4.5,2,41,,Nhân Trí Việt,Nhà Xuất Bản Tổng hợp TP.HCM,,Bìa mềm,,2015-03-31,Tiki Trading,available,1000,False,True,True
274020576,Sketchnote English Vocabulary,161100,199000,19,0.0,0,4,Đỗ Nhung,MCBOOKS,hong duc,,,,,Nhà sách Fahasa,available,1000,True,True,True
1661227,Sách Practice English Every Day – Đối Đáp Tiếng Anh Không Cần Nghĩ,120930,139000,13,5.0,16,181,Nguyễn Thanh Loan,Zenbooks,Nhà Xuất Bản Đà Nẵng,,Bìa mềm,328,2018-03-09,Zenbooks Official ,available,1000,True,True,True
152924357,How To Write 4 Types Of Essays - Từng Bước Làm Quen Với Viết Luận Tiếng Anh ,83300,119000,30,0.0,0,2,Michael A Putlack,Alpha Books,Nhà Xuất Bản Thế Giới,,Bìa mềm,164,2021-12-23,Bamboo Books,available,1000,True,True,True
253681656,Sách - We Learn Maths In English - Em Học Toán Bằng Tiếng Anh 4 (Dùng Chung Cho Các Bộ SGK Hiện Hành) (HA),45000,45000,0,0.0,0,4,,Nhà Sách Hồng Ân,Nhà Xuất Bản Đại Học Quốc Gia Hà Nội,,Bìa mềm,,,Khanhlinhbook,available,1000,True,True,True
116143934,Flashcards tiếng Anh - Hoot'S First Word Flashcards,294367,330750,11,0.0,0,0,,Grafica,Fourth Estate,,Bìa cứng,,,Blue Horizon Books,available,1000,True,True,True
156192996,Sách - Anh: Never Split The Difference,365389,410550,11,5.0,2,19,,Random House,Cornerstone,,,,,Blue Horizon Books,available,1000,True,True,True
273689180,Trạm Đọc Official | YBM English Basics 2,239000,239000,0,0.0,0,0,YBM,Alphabooks,Nhà Xuất Bản Dân Trí,,Bìa mềm,288,2021-06-15,Thang Long Book,available,1000,True,True,True
275588453,English Collocations In News - Đọc Tin Không Vấp - Park Jong-hong (bìa mềm),169000,169000,0,0.0,0,0,,Alpha Books,Nhà Xuất Bản Tổng hợp TP.HCM,,Bìa mềm,324,2024-07-01,info book,available,1000,True,True,True
252550199,Tôi Muốn Giỏi Tiếng Anh Nhưng Tôi Không Muốn Chăm Chỉ,210000,210000,0,0.0,0,0,,Sách điện tử Thái Hà,Nhà Xuất Bản Công Thương,,,,,Bamboo Books,available,1000,True,True,True
247898282,Let’s Write! – Viết Đoạn Không Khó - Tập 01: Phần cơ bản (*** Sách Bản Quyền ***),159000,199000,20,0.0,0,2,,Alpha Books,Nhà Xuất Bản Thế Giới,,,,,Alpha Books Official,available,1000,True,True,True
528731,Sách Hướng Dẫn Phương Pháp Viết Những Mẫu Thư & Thuật Ngữ Kinh Doanh Cần Thiết Cho Nhân Viên - Giám Đốc,260000,260000,0,0.0,0,3,Ths. Hoàng Diễm Ly,TT Giới Thiệu Sách TP. HCM,Nhà Xuất Bản Lao Động Xã Hội,,Bìa mềm,480,2012-09-30,Nhà Sách Lao Động,available,1000,True,True,True
37749674,Combo Bộ sách Ngữ âm tiếng anh quốc tế 3 cấp độ Sơ cấp - Trung cấp - Nâng cao (kèm đĩa CD),694000,1068000,35,5.0,4,27,Lê Thị Hiệp,Công ty TNHH Phát triển giáo dục quốc tế AMAIN,Nhà Xuất Bản Thế Giới,,BOOK WITH CD,290,2018-08-24,Amain Books,available,1000,True,True,True
273166873,Happy Reader Hoàng Tử Bé (800 Words)  - Bản Quyền,78000,78000,0,0.0,0,0,,FIRST NEWS,Nhà Xuất Bản Tổng hợp TP.HCM,,,,,Bamboo Books,available,1000,True,True,True
6180593,Sách Analogies for Critical Thinking (tập 3),89000,89000,0,0.0,0,0,Ruth Foster,1980 Books,,,Bìa mềm,128,2018-01-10,Nhà Sách Vĩnh Thụy,available,1000,True,True,True
100382905,Sách - Từ Điển Cách Dùng Tiếng Anh - First News,300000,300000,0,0.0,0,1,Lê Đình Bì,First News - Trí Việt,Nhà Xuất Bản Tổng hợp TP.HCM,,,976,,Bamboo Books,available,1000,True,True,True
272394408,Nuance - 50 Sắc Thái Của Từ,127000,159000,20,0.0,0,0,,Alpha Books,Nhà Xuất Bản Thế Giới,,,,,Alpha Books Official,available,1000,True,True,True
82072617,Sách Các Lỗi Thường Gặp Trong Tiếng Anh,80000,80000,0,0.0,0,0,"Mai Lan Hương, Hà Thanh Uyên",Zenbooks,Nhà Xuất Bản Đà Nẵng,,Bìa mềm,235,2021-03-01,Nhà Sách Vĩnh Thụy,available,1000,True,True,True
371172,Sách Building Skills For The Toeft IBT Beginning - Reading,67000,67000,0,0.0,0,0,Paul Edmunds,First News - Trí Việt,NXB Trẻ,,Bìa mềm,208,2010-10-28,Nhà Sách Vĩnh Thụy,available,1000,True,True,True
2789619,Sách Nâng Cao Kỹ Năng Viết Tiếng Anh Trong Các Kỳ Thi Chuẩn Quốc Tế,52500,105000,50,0.0,0,0,Thiên Phúc,Tân Việt,Nhà Xuất Bản Dân Trí,,Bìa mềm,390,,NHBook,available,1000,True,True,True
12622550,Sách Brain Booster - Nghe Phản Xạ Tiếng Anh Nhờ Công Nghệ Sóng Não Để Nói Tiếng Anh Thành Công Sau 30 Ngày - Tiếng Anh Công Sở Và Phát Triển Sự Nghiệp,279000,279000,0,0.0,0,0,Nguyễn Anh Đức,MCBOOKS,,,Bìa mềm,392,2019-01-01,AHABOOKS,available,1000,True,True,True
443243,Sách Conllins EAP Writing (Không CD),168000,198000,15,4.5,4,83,Els Van Geyte,Nhân Trí Việt,Nhà Xuất Bản Tổng hợp TP.HCM,,Bìa mềm,183,2015-07-30,Tiki Trading,available,1000,False,True,True
650356,Sách English For Everyone 4 (Bài Tập),273000,320000,15,5.0,7,95,Claire Hart,Nhân Trí Việt,Nhà Xuất Bản Tổng hợp TP.HCM,,Bìa mềm,264,2017-05-03,Tiki Trading,available,1000,False,True,True
535164,Sách Học Nói Tiếng Anh 5 Phút Mỗi Ngày - Tập 2 (Kèm CD),73500,92000,20,5.0,2,58,Nguyễn Thành Yến,Nhân Trí Việt,Nhà Xuất Bản Tổng hợp TP.HCM,,Bìa mềm,239,2012-08-30,Tiki Trading,available,1000,False,True,True
193450826,Sách Màu sắc đậm đà - Học màu và quan sát,45600,48000,5,0.0,0,0,Lizzy Doyle,Megabook,Nhà Xuất Bản Thanh Niên,,Bìa mềm,12,2022-07-01,Cá Chép Bookstore,available,1000,True,True,True
274932384,Global Success - Bổ Trợ Nâng Cao 4 Kỹ Năng Tiếng Anh Nghe - Nói - Đọc - Viết 6 (MGB),78320,89000,12,0.0,0,0,Dương Hương,Megabook,Nhà Xuất Bản Đại Học Quốc Gia Hà Nội,,Bìa mềm,176,,Văn Lang Official Store,available,1000,True,True,True
433350,Sách Real Lives Real Listening Elementary A2 (Kèm CD),208800,232000,10,0.0,0,4,Sheila Thorn,Nhân Trí Việt,,,Bìa mềm,209,2015-04-08,Nhà sách Fahasa,available,1000,True,True,True
272830297,Nuance - 50 Sắc Thái Của Từ,127200,159000,20,4.8,12,160,Kenvin Kang,Alpha Books,Nhà Xuất Bản Thế Giới,,,,,Nhà sách Fahasa,available,1000,True,True,True
92492868,Sách Sống Sót Nơi Công Sở English Business Writing - Viết Ư? Chuyện Nhỏ,137000,179000,23,4.5,13,98,Juliana Jiyoon Lee,Alphabooks,Nhà Xuất Bản Dân Trí,,Bìa mềm,276,2021-04-01,Alpha Books Official,available,1000,True,True,True
263585750,Combo The Langmaster - Bài Tập Bổ Trợ Và Nâng Cao Tiếng Anh Lớp 3 - Tập 1 + 2 (Có Đáp Án) - Global Success (Bộ 2 Cuốn) _MT,210500,212700,1,0.0,0,0,"Bùi Văn Vinh, Thái Vân Anh, Nguyễn Thị Phương Anh",Nhà sách Minh Thắng,Nhà Xuất Bản Đại Học Quốc Gia Hà Nội,,Bìa mềm,,,Minhhabooks,available,1000,True,True,True
74865713,"Combo 7 Cuốn: Reader’s Bank Series 1,2,3,4,5,6,7",954000,1193000,20,5.0,1,1,Lee Jang Dol,Alphabooks,Nhà Xuất Bản Thế Giới,,Bìa mềm,,2020-12-01,Omega Plus Books,available,1000,True,True,True
437721,Sách Collins English For Life - Writing A2 Pre-intermediate,115200,128000,10,5.0,1,2,Kristen Campbell - Howes,Nhân Trí Việt,,,Bìa mềm,127,2013-09-10,Nhà sách Fahasa,available,1000,True,True,True
491678,Sách Moving Up - Listening And Conversation 2 (Kèm CD),187200,208000,10,0.0,0,2,Nicholas Sampson,Nhân Trí Việt,Nhà Xuất Bản Tổng hợp TP.HCM,,Bìa mềm,144,2016-04-22,Nhà sách Fahasa,available,1000,True,True,True
689155,Sách Communicative English From Scratch (Kèm CD),169200,188000,10,5.0,3,5,Noriko Iguchi,Nhân Trí Việt,Nhà Xuất Bản Tổng hợp TP.HCM,,Bìa mềm,136,2017-06-01,Nhà sách Fahasa,available,1000,True,True,True
192948950,Cambridge English Qualifications - B1 Preliminary For Schools - 8 Practice Tests,295200,328000,10,5.0,3,11,Collins,Cty Nhân Trí Việt,Nhà Xuất Bản Tổng hợp TP.HCM,,,,,Nhà sách Fahasa,available,1000,True,True,True
69219939,Sách Reader'S Bank Series 1,104300,149000,30,0.0,0,13,Lee Jang Dol,Alphabooks,Nhà Xuất Bản Thế Giới,,Bìa mềm,148,2020-10-01,Nhà sách Fahasa,available,1000,True,True,True
271793578,Viết luận văn khoa học bằng tiếng Anh - Writing a scientific paper in English,86400,90000,4,0.0,0,0,Giáo sư Tiến sĩ Đặng Lương Mô,Nhà xuất bản Tổng hợp TP.HCM ,Nhà Xuất Bản Tổng hợp TP.HCM,,Bìa mềm,204,,TYMBooks,available,1000,True,True,True
354271,Sách Interactions 1 - Writing,49000,65000,25,4.8,18,362,McGraw-Hill,NXB Tổng Hợp,Nhà Xuất Bản Tổng hợp TP.HCM,,Bìa mềm,192,2009-10-23,Tiki Trading,available,1000,False,True,True
828639,Sách 24 Hour English - Tiếng Anh 24 Giờ,248000,248000,0,0.0,0,4,Surunyu In-rid,Nhân Trí Việt,Nhà Xuất Bản Tổng hợp TP.HCM,,Bìa mềm,360,2017-11-16,NHBook,available,1000,True,True,True
270717123,Sống Sót Nơi Công Sở - English Business Email - Viết Email Từ A-Z,289000,289000,0,0.0,0,0,Kevin Kyung,NXB Thế Giới,Nhà Xuất Bản Thế Giới,,Bìa mềm,600,,Nhà Sách Phương Nam,available,1000,True,True,True
7431457,Sách Tuyệt Kỹ Tiếng Anh Thương Mại,107200,160000,33,2.5,2,12,"Sudakshina Bhattacharjee, Fiona Talbot",Zenbooks,,,Bìa mềm,312,2018-11-01,Nhà sách Fahasa,available,1000,True,True,True
273832089,English For Everyone - Các Lỗi Thường Gặp Trong Tiếng Anh,23700,25000,5,0.0,0,0,,Cty TNHH TM&DV VH GD Phía Nam,Nhà Xuất Bản Đại Học Sư Phạm,,,,,Nhà sách Fahasa,available,1000,True,True,True
272035254,English Communication For Your Career Health Science (Kèm CD),122400,136000,10,0.0,0,1,,Cty Nhân Trí Việt,Nhà Xuất Bản Tổng hợp TP.HCM,,,,,Nhà sách Fahasa,available,1000,True,True,True
277744633,Sách - Tự Học Siêu Tốc – Digital Sat Total Prep,503280,699000,28,0.0,0,0,Kaplan,1980 Books,Nhà Xuất Bản Dân Trí,,Bìa cứng,927,,TTR Next Generation,available,1000,True,True,True
279131405,Sách - Tactics For Listening - Expanding - Chiến Thuật Luyện Nghe Tiếng Anh Nâng Cao,157500,179000,12,0.0,0,0,nhieu tac gia,MCBOOKS,hong duc,,Bìa mềm,,2023-12-21,Nhà sách Fahasa,available,1000,True,True,True
704676,Sách English Between Times – Ôn Tập Tiếng Anh 10 Phút Mỗi Ngày,94000,98000,4,0.0,0,3,Birgit Piefke-Wagner,Nhân Trí Việt,,,Bìa mềm,160,2017-06-30,Nhà sách Fahasa,available,1000,True,True,True
275190229,Cười Và Học Tiếng Anh -  45 Truyện Cười Chơi Chữ Giúp Học Giỏi Tiếng Anh,24500,36000,32,0.0,0,16,Nguyễn Quốc Hùng M.A,NXB Phụ Nữ Việt Nam,Nhà Xuất Bản Phụ Nữ Việt Nam,,Bìa mềm,44,,Tiki Trading,available,1000,False,True,True
277452265,Combo Sách Học Tiếng Anh Mất Gốc - Lộ Trình Từ A-Z Đến Giao Tiếp Tự Tin - The English Journey,344520,396000,13,0.0,0,1,Nguyễn Thị Xuân Quỳnh,Zenbooks,Nhà Xuất Bản Thế Giới,,Bìa mềm,438,2025-03-05,Zenbooks Official ,available,1000,True,True,True
116455527,Truyện đọc tiếng Anh - The Crimes of Grindelwald,336420,378000,11,4.0,1,7,J.K. Rowling,"Little, Brown Book Group","Little, Brown Book Group",,Bìa mềm,,,Blue Horizon Books,available,1000,True,True,True
270942361,Learning English With Tv Series - Luyện Nói Thành Thạo Cùng “Mọt” Phim Tiếng Anh,92600,109000,15,0.0,0,0,Maëva Courtois,AZ Việt Nam,Nhà Xuất Bản Thế Giới,,,,,Nhà sách Fahasa,available,1000,True,True,True
691574,Sách Nói Tiếng Anh Thành Thạo Qua Các Cụm Từ Hiện Đại (Kèm CD) - Quyển 2,67200,84000,20,0.0,0,13,Hoàng Thanh,Công Ty CP Văn Hóa Nhân Văn,,,Bìa mềm,384,2017-06-01,Nhà sách Fahasa,available,1000,True,True,True
73632348,Sách Reader's Bank Level 8,117200,189000,38,5.0,3,25,nhieu tac gia,Alpha Books,Nhà Xuất Bản Thế Giới,,Bìa mềm,196,2020-12-03,Tiki Trading,available,1000,False,True,True
50361619,BBC World News English - Arts & Entertainment (Series 2),88200,98000,10,5.0,2,3,"Sydney Thorne, Gwen Berwick",Cty Nhân Trí Việt,Nhà Xuất Bản Tổng hợp TP.HCM,,,,,Nhà sách Fahasa,available,1000,True,True,True
48557721,Sách Fantastic Flyers 2nd Edition - Teacher's Book (Kèm DVD),157900,168000,6,0.0,0,1,"Cheryl Pelteret, Hilary Thompson",Nhân Trí Việt,Nhà Xuất Bản Tổng hợp TP.HCM,,Bìa mềm,80,2020-02-02,Nhà sách Fahasa,available,1000,True,True,True
273832123,Sổ Tay Dịch Thuật - Từ Và Ngữ Khó Dịch Biết Hỏi Ai?,80700,95000,15,0.0,0,10,Gia Vũ,Cty Văn Hóa Gia Vũ,Nhà Xuất Bản Tổng hợp TP.HCM,,,,,Nhà sách Fahasa,available,1000,True,True,True
275007897,Sách TAKE NOTE! Kiến thức trọng tâm luyện thi môn Tiếng Anh vào lớp 10 (Không lò xo),36800,55000,33,1.0,1,6,"Bùi Văn Vinh, Thái Vân Anh, Nguyễn Thị Phương Anh",Nhà sách Minh Thắng,Nhà Xuất Bản Hà Nội,,Bìa mềm,112,2024-01-01,Tiki Trading,available,1000,False,True,True
215040183,Học Tiếng Anh Qua 84 Mẩu Chuyện Cười Song Ngữ Anh - Việt (Trình Độ Trung Cấp),76800,80000,4,5.0,1,17,Thiên Phúc,Cty Trí Tuệ,nxb thanh nien,,,,,Nhà sách Fahasa,available,1000,True,True,True
42690043,Sách Thông Thạo Tiếng Anh - Mỹ Cấp Tốc,70000,88000,20,4.6,8,84,"Lê Huy Lâm, Phạm Văn Thuận",Nhân Trí Việt,Nhà Xuất Bản Tổng hợp TP.HCM,,Bìa mềm,540,2019-01-11,Tiki Trading,available,1000,False,True,True
104272697,Sách Bí Mật Học Ngoại Ngữ Của Tớ,89900,135000,33,4.8,5,28,"Mùi Khánh Ly, Mina Phạm",Thái Hà,Nhà Xuất Bản Lao Động,,Bìa mềm,120,2021-06-01,Tiki Trading,available,1000,False,True,True
214584869,Luyện Kỹ Năng Viết Thư Tín Thương Mại - Writing For Business,55100,58000,5,5.0,3,7,Nhiều tác giả,Cty Nhân Trí Việt,Nhà Xuất Bản Tp.HCM,,,,,Nhà sách Fahasa,available,1000,True,True,True
209349534,English made easy - tiếng Anh qua tranh volume 2 - Bản Quyền,149000,149000,0,0.0,0,0,,Alphabooks,Nhà Xuất Bản Thế Giới,,,,,Gooda Official,available,1000,True,True,True
208643721,Debate Pro Junior: Nhà Tranh Biện Thông Minh Book 4 - Bản Quyền,149000,149000,0,0.0,0,1,,Alphabooks,Nhà Xuất Bản Thế Giới,,,,,Gooda Official,available,1000,True,True,True
208739310,Debate Pro Junior: Nhà tranh biện thông minh book 3 - Bản Quyền,149000,149000,0,0.0,0,1,,Alphabooks,Nhà Xuất Bản Thế Giới,,,,,Gooda Official,available,1000,True,True,True
278790317,Sách - 360 Động Từ Bất Quy Tắc - Tùy Chọn,28000,28000,0,0.0,0,0,nhieu tac gia,Nhà Sách Hồng Ân,Nhà Xuất Bản Hồng Đức,,,,,Khanhlinhbook,available,1000,True,True,True
270858850,Tiếng Anh cơ sở T2,25000,25000,0,5.0,1,2,,Công Ty Cổ Phần Sách Đại Học - Dạy Nghề,Nhà Xuất Bản Giáo Dục Việt Nam,,,,,Cửa hàng Sách HEVOBOOKS,available,1000,True,True,True
271245907,Combo sách Empower B1 Pre-intermediate Student’s Book and Workbook with Online Access,300000,300000,0,0.0,0,2,,Công Ty Cổ Phần Sách Đại Học - Dạy Nghề,Nhà Xuất Bản Giáo Dục Việt Nam,,,,,Cửa hàng Sách HEVOBOOKS,available,1000,True,True,True
274028974,Phiếu Bài Tập Cuối Tuần Tiếng Anh 1 (Biên Soạn Theo Nội Dung Bộ Sách Kết Nối Tri Thức Với Cuộc Sống) - KV,133860,138000,3,0.0,0,0,Phạm Đức Huy,Khang Việt Book,Nhà Xuất Bản Dân Trí,,Bìa mềm,88,,NewShop Official,available,1000,True,True,True
274917375,"“Chém"" Tiếng Anh Không Cần Động Não - Tặng Kèm Bộ Video Luyện Nghe-Nói + Sổ Học Từ Vựng",169000,169000,0,0.0,0,1,Bino,Zenbooks,Nhà Xuất Bản Thế Giới,,Bìa mềm,200,,HỆ THỐNG NHÀ SÁCH ABC,available,1000,True,True,True
210144944,Sách Combo Reader's Bank Level 1 - 4 (bộ 4 cuốn) - Alphabooks - BẢN QUYỀN,646000,646000,0,0.0,0,0,,Alphabooks,Nhà Xuất Bản Thế Giới,,,,,HỆ THỐNG NHÀ SÁCH ABC,available,1000,True,True,True
273725317,Thông tin:  Let’s Write 2 – Viết Đoạn Nâng Cao  - BẢN QUYỀN,209000,209000,0,0.0,0,0,,Alpha Books,Nhà Xuất Bản Dân Trí,,,,,info book,available,1000,True,True,True
249807029,Let’s Write 2 – Viết Đoạn Nâng Cao (*** Sách Bản Quyền ***),209000,209000,0,0.0,0,0,,Alphabooks,Nhà Xuất Bản Dân Trí,,,,,info book,available,1000,True,True,True
274112772,Little Stories - To Make You Smile,65000,65000,0,0.0,0,1,Claire Luong,Saigon Books,Nhà Xuất Bản Đà Nẵng,,Bìa mềm,,,Hiệu Sách Tự Do,available,1000,True,True,True
274112557,Little Stories - To Have A Nice Day,65000,65000,0,0.0,0,3,Stacey Riches,Saigon Books,Nhà Xuất Bản Đà Nẵng,,Bìa mềm,,,Hiệu Sách Tự Do,available,1000,True,True,True
258628322,Little stories - To push you forward - Bản Quyền,65000,65000,0,0.0,0,0,Claire Luong,Saigon Books,Nhà Xuất Bản Đà Nẵng,,Bìa mềm,192,,Nhà Sách Vĩnh Thụy,available,1000,True,True,True
215590746,Little Stories – To Push You Forward,65000,65000,0,0.0,0,0,,Zenbooks,Nhà Xuất Bản Đà Nẵng,,,,,Nhà Sách Vĩnh Thụy,available,1000,True,True,True
247570845,Sống Sót Nơi Công Sở: English Business Writing - Viết Ư? Chuyện Nhỏ (*** Sách Bản Quyền ***),179000,179000,0,0.0,0,0,,Alphabooks,Nhà Xuất Bản Dân Trí,,,,,info book,available,1000,True,True,True
160691629,Little Stories – To Help You Relax,65000,65000,0,0.0,0,0,,Zenbooks,Nhà Xuất Bản Đà Nẵng,,,,,HỆ THỐNG NHÀ SÁCH ABC,available,1000,True,True,True
258628452,Little stories - To have a nice day - Bản Quyền,65000,65000,0,0.0,0,0,Claire Luong,Saigon Books,Nhà Xuất Bản Đà Nẵng,,Bìa mềm,192,,HỆ THỐNG NHÀ SÁCH ABC,available,1000,True,True,True
246070193,Little Stories - To Have A Nice Day,65000,65000,0,0.0,0,0,,NXB Đà Nẵng,Nhà Xuất Bản Đà Nẵng,,,,,Nhà Sách Vĩnh Thụy,available,1000,True,True,True
215590683,Little Stories - To Share With Your Friends,65000,65000,0,0.0,0,0,,Zenbooks,Nhà Xuất Bản Đà Nẵng,,,,,HỆ THỐNG NHÀ SÁCH ABC,available,1000,True,True,True
215590674,Little Stories - To Share With Your Friends,65000,65000,0,0.0,0,0,,Zenbooks,Nhà Xuất Bản Đà Nẵng,,,,,HỆ THỐNG NHÀ SÁCH ABC,available,1000,True,True,True
216354095,Little Stories - The Best Book For Your Leisure Time (SGB),65000,65000,0,0.0,0,0,,Zenbooks,Nhà Xuất Bản Đà Nẵng,,,,,HỆ THỐNG NHÀ SÁCH ABC,available,1000,True,True,True
248799305,Sách - Phao Tuyển Dụng: 233 Mẫu Câu Tiếng Anh Chinh Phục Nhà Tuyển Dụng,239000,239000,0,0.0,0,0,Juliana Jiyoon Lee,Alpha Books,Nhà Xuất Bản Thế Giới,,Bìa mềm,368,2023-03-21,Nhà Sách Vĩnh Thụy,available,1000,True,True,True
248797298,"Sách - ""Phao"" Tuyển Dụng: 200+Bộ Câu Hỏi Và Trả Lời Phỏng Vấn Tiếng Anh",269000,269000,0,0.0,0,0,Aran Kim,Alpha Books,Nhà Xuất Bản Thế Giới,,Bìa mềm,408,2023-03-21,HỆ THỐNG NHÀ SÁCH ABC,available,1000,True,True,True
248208362,Phao Tuyển Dụng : 233 Mẫu Câu Tiếng Anh Chinh Phục Nhà Tuyển Dụng,239000,239000,0,0.0,0,1,Juliana Jiyoon Lee,Alpha Books,Nhà Xuất Bản Thế Giới,,,368,,Nhà Sách Vĩnh Thụy,available,1000,True,True,True
173183420,Little Stories - To Share With Your Friends,65000,65000,0,0.0,0,0,Claire Luong Stacey Riches,Zenbooks,Nhà Xuất Bản Đà Nẵng,,Bìa mềm,192,,HỆ THỐNG NHÀ SÁCH ABC,available,1000,True,True,True
272392750,Tôi muốn giỏi tiếng Anh nhưng tôi không muốn chăm chỉ,210000,210000,0,0.0,0,0,,Thái Hà,Nhà Xuất Bản Công Thương,,,,,HỆ THỐNG NHÀ SÁCH ABC,available,1000,True,True,True
273636028,Tạp chí Tiếng Anh - Nikkei Asia 2023: kỳ 48: PAKISTAN ON THE EDGE,100000,100000,0,0.0,0,1,Nikkei Top Leader,Global Book Corporation,Nikkei,,Bìa mềm,45,2023-11-30,Global Book Corporation,available,1000,True,True,True
215997678,Truyện Cổ Tích Việt Nam (Song Ngữ Việt-Anh) - Cây Tre Trăm Đốt,16000,16000,0,0.0,0,4,,Đinh Tị,oem,,Bìa mềm,,,Nhân Văn,available,1000,True,True,True
215997706,Truyện Cổ Tích Việt Nam (Song Ngữ Việt-Anh) - Ai Mua Hành Tôi,16000,16000,0,0.0,0,6,,Đinh Tị,oem,,Bìa mềm,,,Nhân Văn,available,1000,True,True,True
192987790,Happy Reader - Những Vì Sao - Bài Học Cuối Cùng,51000,51000,0,0.0,0,0,FN bd,FIRST NEWS,Nhà Xuất Bản Tổng hợp TP.HCM,,,,,Nhà Sách Vĩnh Thụy,available,1000,True,True,True
271088514,Pack Your Bags And Learn Asia,90000,90000,0,5.0,1,1,The Wanderers,Zenbooks,Nhà Xuất Bản Đà Nẵng,,Bìa mềm,216,,Nhà sách NetaBooks,available,1000,True,True,True
261962560,Sống Sót Nơi Công Sở - Everyday English - Nói Đi Ngại Gì,169000,169000,0,0.0,0,0,,Alphabooks,oem,,,,,Nhà Sách Vĩnh Thụy,available,1000,True,True,True
37794068,Sách học tiếng Anh cho trẻ mầm non I Can (bộ 9 cuốn),315000,315000,0,5.0,11,76,"Lương Thị Diễm Hồng, Lương Thị Diễm Hồng",NXB Văn Học,Nhà Xuất Bản Văn Học,,,,,Phúc Minh Books,available,1000,True,True,True
270863192,Big Hero - Chinh Phục Tiếng Anh 5 (Theo Chủ Đề),89000,89000,0,0.0,0,0,Hoàng Thị Ngọc Tú,Công Ty TNHH Văn Hóa Thiên Lộc,Nhà Xuất Bản Đại Học Quốc Gia Hà Nội,,Bìa mềm,147,2022-12-23,Nhà sách Quốc Việt,available,1000,True,True,True
109776189,Sách - YBM English Basics 2 ,191000,239000,20,0.0,0,1,,Alphabooks,Nhà Xuất Bản Dân Trí,,,,,Alpha Books Official,available,1000,True,True,True
167614647,YBM English Basics 1,191000,239000,20,0.0,0,0,,Alphabooks,oem,,,,,Alpha Books Official,available,1000,True,True,True
277420691,Sách 101 Trò chơi dạy tiếng Anh cho mọi trình độ,220000,220000,0,0.0,0,0,,Thái Hà,Nhà Xuất Bản Công Thương,,,,,NHBook,available,1000,True,True,True
273666315,Trạm Đọc Official | Sống Sót Nơi Công Sở  Everyday English - Nói Đi Ngại Gì,135000,169000,20,0.0,0,0,Gina Kim,Alphabooks,Nhà Xuất Bản Dân Trí,,Bìa mềm,260,2021-04-01,Alpha Books Official,available,1000,True,True,True
51506265,"Combo Faster, Better with Comics – Tự học tiếng Anh cấp tốc qua truyện tranh + SPEEDY ENGLISH – SENTENCES - Sách học Tiếng Anh nhanh và hiệu quả nhất trong 30 ngày kèm sổ tay kt ",546500,546500,0,0.0,0,0,.,MCBOOKS,Nhà Xuất Bản Hồng Đức,,Bìa cứng,,,AHABOOKS,available,1000,True,True,True
262590310,Nâng Cao Kỹ Năng Viết Tiếng Anh Trong Các Kỳ Thi Chuẩn Quốc Tế - Bản Quyền,105000,105000,0,0.0,0,1,,Nhà sách Tân Việt,Nhà Xuất Bản Dân Trí,,,,,NHBook,available,1000,True,True,True
192950303,Tiếng Anh 3 - Extra And Friends - Pupil's Book,77758,77758,0,5.0,1,15,"Võ Đại Phúc,  Nguyễn Thị Ngọc Quyên",CÔNG TY TNHH EDUCATION SOLUTIONS VIỆT NAM,Nhà Xuất Bản Đại Học Sư Phạm TPHCM,,,,,Nhà sách Fahasa,available,1000,True,True,True
80896028,MM Publications: Sách học tiếng Anh - Portal To English 3A Student's Book (Br),263250,263250,0,0.0,0,0,H.Q Mitchell,MM PUBLICATIONS,MM PUBLICATIONS,,Bìa mềm,80,,Blue Horizon Books,available,1000,True,True,True
177328472,MM Publications: Sách học tiếng Anh - New Destinations Beginners b - Student's Book (American Edition),357750,357750,0,0.0,0,0,nhieu tac gia,MM PUBLICATIONS,MM PUBLICATIONS,,Bìa mềm,95,,Blue Horizon Books,available,1000,True,True,True
177435878,MM Publications: Sách học tiếng Anh - New Destinations Level B1+ a - Student's Book (American Edition),357750,357750,0,0.0,0,1,nhieu tac gia,MM PUBLICATIONS,MM PUBLICATIONS,,Bìa mềm,95,,Blue Horizon Books,available,1000,True,True,True
177334977,MM Publications: Sách học tiếng Anh - New Destinations Elementary b - Workbook (American Edition),315000,315000,0,0.0,0,0,nhieu tac gia,MM PUBLICATIONS,MM PUBLICATIONS,,Bìa mềm,55,,Blue Horizon Books,available,1000,True,True,True
186690940,Sách tiếng Anh: Can we really help the Polar Bears?,396495,445500,11,0.0,0,0,,Usborne Publishing Ltd,Usborne Publishing Ltd,,Bìa cứng,48,,Blue Horizon Books,available,1000,True,True,True
177456933,MM Publications: Sách học tiếng Anh - New Destinations Level B1+ b - Workbook (American Edition),315000,315000,0,0.0,0,1,nhieu tac gia,MM PUBLICATIONS,MM PUBLICATIONS,,Bìa mềm,55,,Blue Horizon Books,available,1000,True,True,True
109960467,Binary Logic: ICT - Sách học tin học bằng tiếng Anh - Digital Teen 3 Student's Book,462577,519750,11,0.0,0,0,nhieu tac gia,MM PUBLICATIONS,MM PUBLICATIONS,,Bìa mềm,144,,Blue Horizon Books,available,1000,True,True,True
155580331,Truyện đọc tiếng Anh - Proud of me,277546,311850,11,0.0,0,3,nhieu tac gia,Usborne,Usborne,,Bìa mềm,304,2021-02-04,Blue Horizon Books,available,1000,True,True,True
185262500,Tiểu thuyết tiếng Anh: The Queen's Gambit : Now a Major Netflix Drama,356845,400950,11,5.0,1,3,,Orion Publishing Co,Orion Publishing Co,,Paperback,256,2020-10-29,Blue Horizon Books,available,1000,True,True,True
121235676,Truyện đọc tiếng Anh - Unlucky 13 - James Patterson,378472,425250,11,0.0,0,1,James Patterson,Cornerstone,Cornerstone,,Bìa mềm,416,,Blue Horizon Books,available,1000,True,True,True
185035524,Sách Kinh tế tiếng Anh: Futureproof Your Career,576720,648000,11,0.0,0,0,nhieu tac gia,Bloomsbury Publishing PLC,Bloomsbury Publishing PLC,,Paperback,240,2021-12-14,Blue Horizon Books,available,1000,True,True,True
177368385,MM Publications: Sách học tiếng Anh - New Destinations Intermediate a - Student's Book (American Edition),357750,357750,0,0.0,0,3,nhieu tac gia,MM PUBLICATIONS,MM PUBLICATIONS,,Bìa mềm,95,,Blue Horizon Books,available,1000,True,True,True
205232045,Truyện đọc Tiếng Anh: The Man in the Iron Mask,138172,155250,11,0.0,0,2,Alexandre Dumas,Wordsworth Editions Ltd,Wordsworth Editions Ltd,,Bìa mềm,656,,Blue Horizon Books,available,1000,True,True,True
109176859,MM Publications: Sách học tiếng Anh - Traveller Beginners Workbook,344250,344250,0,0.0,0,0,H. Q. MITCHELL,MM PUBLICATIONS,MM PUBLICATIONS,,Bìa mềm,104,,Blue Horizon Books,available,1000,True,True,True
109113800,MM Publications: Sách học tiếng Anh - Traveller Elementary Grammar Βοοk,344250,344250,0,0.0,0,0,H. Q. MITCHELL,MM PUBLICATIONS,MM PUBLICATIONS,,Bìa mềm,63,,Blue Horizon Books,available,1000,True,True,True
109162591,MM Publications: Sách học tiếng Anh - Traveller Pre-Intermediate Student'S Book,411750,411750,0,0.0,0,1,H. Q. MITCHELL,MM PUBLICATIONS,MM PUBLICATIONS,,Bìa mềm,144,,Blue Horizon Books,available,1000,True,True,True
91295803,MM Publications: Truyện luyện đọc tiếng Anh theo trình độ - The Three Musketeers S.B. (With Cd Rom) British & American Edition,195750,195750,0,0.0,0,0,,MM PUBLICATIONS,MM PUBLICATIONS,,Bìa mềm,50,,Blue Horizon Books,available,1000,True,True,True
109958987,Binary Logic: ICT - Sách học tin học bằng tiếng Anh - Digital Teen 5  Student's Book,462577,519750,11,0.0,0,0,nhieu tac gia,MM PUBLICATIONS,MM PUBLICATIONS,,Bìa mềm,208,,Blue Horizon Books,available,1000,True,True,True
109959842,MM Publications: Sách học Tiếng Anh - New Plus Cambridge English: First (B2) Teacher's Book (Br),438750,438750,0,0.0,0,1,H.Q Mitchell,MM PUBLICATIONS,MM PUBLICATIONS,,Bìa mềm,184,,Blue Horizon Books,available,1000,True,True,True
109981595,Binary Logic: ICT - Sách học tin học bằng tiếng Anh - Digital Teen 2 Student's Book,462577,519750,11,0.0,0,0,nhieu tac gia,MM PUBLICATIONS,MM PUBLICATIONS,,Bìa mềm,168,,Blue Horizon Books,available,1000,True,True,True
185804861,Tiểu thuyết tiếng Anh: Bleak House,307584,345600,11,0.0,0,3,Charles Dickens,Alma Books Ltd,Alma Books,,Paperback,992,2021-06-20,Blue Horizon Books,available,1000,True,True,True
111560459,Vector: Sách hệ Singapore - Học toán bằng tiếng Anh Play With Maths B Student’s Book,420525,472500,11,0.0,0,0,,MM PUBLICATIONS,MM PUBLICATIONS,,,,,Blue Horizon Books,available,1000,True,True,True
109134852,MM Publications: Sách học tiếng Anh - Traveller Beginners Grammar Book,344250,344250,0,0.0,0,0,,MM PUBLICATIONS,MM PUBLICATIONS,,Bìa mềm,49,,Blue Horizon Books,available,1000,True,True,True
115748402,Sách tiếng Anh - Blink: The Power Of Thinking Without Thinking,378472,425250,11,0.0,0,0,,Penguin Books Ltd,Penguin Books Ltd,,Bìa mềm,304,,Blue Horizon Books,available,1000,True,True,True
111704788,MM Publications: Sách học Tiếng Anh - Top Grammar Intermediate Sb (Br),247950,247950,0,0.0,0,0,,MM PUBLICATIONS,MM PUBLICATIONS,,Bìa mềm,,,Blue Horizon Books,available,1000,True,True,True
112534755,Vector: Sách hệ Cambrige - Học khoa học bằng tiếng Anh - Science 2 Workbook,174217,195750,11,5.0,1,2,,MM PUBLICATIONS,MM PUBLICATIONS,,Bìa mềm,,,Blue Horizon Books,available,1000,True,True,True
222660266,Cẩm Nang Dịch Tài Liệu Y Khoa Tiếng Anh – Cho Người Mới Bắt Đầu - Tái bản lần 01,175500,195000,10,0.0,0,1,,First News - Trí Việt,Nhà Xuất Bản Tổng Hợp,,Bìa mềm,262,2020-07-31,Bảo Châu Books,available,1000,True,True,True
222660253,Cẩm Nang Dịch Tài Liệu Y Khoa Tiếng Anh – Cho Người Mới Bắt Đầu - Tái bản lần 01,175500,195000,10,0.0,0,3,,First News - Trí Việt,Nhà Xuất Bản Tổng Hợp,,Bìa mềm,262,2020-07-28,Bảo Châu Books,available,1000,True,True,True
253119550,Bài tập dùng kèm tiếng anh 3 (biên soạn theo sgk tiếng anh 3 global success),60000,60000,0,0.0,0,1,nhieu tac gia,Nhà Sách Hồng Ân,Nhà Xuất Bản Đại Học Quốc Gia Hà Nội,,Bìa mềm,152,,Bảo Châu Books,available,1000,True,True,True
168110162,Combo 2 cuốn sách: Let’s Write! – Viết Đoạn Không Khó (Tập 1 – Cơ Bản) + How To Write 4 Types Of Essays - Từng Bước Làm Quen Với Viết Luận Tiếng Anh,304000,304000,0,0.0,0,0,,Alpha Books,Nhà Xuất Bản Thế Giới,,,,,Nhà Sách Vĩnh Thụy,available,1000,True,True,True
92551703,Sách - Để nói thông thạo Tiếng Anh - FirstNews,88000,88000,0,0.0,0,0,,First News - Trí Việt,Nhà Xuất Bản Tổng hợp TP.HCM,,,176,,Nhà Sách Vĩnh Thụy,available,1000,True,True,True
252550197,Tôi Muốn Giỏi Tiếng Anh Nhưng Tôi Không Muốn Chăm Chỉ,210000,210000,0,0.0,0,0,,Sách điện tử Thái Hà,Nhà Xuất Bản Công Thương,,,,,Bamboo Books,available,1000,True,True,True
248554156,Sách - 233 Mẫu Câu Tiếng Anh Chinh Phục Nhà Tuyển Dụng - Juliana Jiyoon Lee - Alphabooks,239000,239000,0,0.0,0,0,Juliana Jiyoon Lee,Alphabooks,Nhà Xuất Bản Thế Giới,,Bìa mềm,368,,FishingBook,available,1000,True,True,True
208917629,Let’s Write! 01 - Viết Đoạn Không Khó - Bản Quyền,185000,185000,0,0.0,0,0,,Alphabooks,Nhà Xuất Bản Thế Giới,,,,,Nhà Sách Vĩnh Thụy,available,1000,True,True,True
248554122,Sách - 200+ Bộ Câu Hỏi Và Trả Lời Phỏng Vấn Tiếng Anh - Aran Kim - Alphabooks,269000,269000,0,0.0,0,0,Aran Kim,Alphabooks,Nhà Xuất Bản Thế Giới,,Bìa mềm,408,,HỆ THỐNG NHÀ SÁCH ABC,available,1000,True,True,True
181224394,Sách - Little Stories – To Make You Smile,57200,65000,12,0.0,0,2,,Zenbooks,Nhà Xuất Bản Đà Nẵng,,,,,Đảo Sách Store,available,1000,True,True,True
278629893,Sách - Lộ Trình Học Tiếng Anh Cho Người Mất Gốc (The English Journey) - Nguyễn Thị Xuân Quỳnh - Zenbooks,168300,198000,15,0.0,0,0,Nguyễn Thị Xuân Quỳnh,Zenbooks,Nhà Xuất Bản Thế Giới,,Bìa mềm,240,2024-10-02,Đảo Sách Store,available,1000,True,True,True
181224749,Sách - Little Stories - To Change Your Life,57200,65000,12,0.0,0,0,,Zenbooks,Nhà Xuất Bản Đà Nẵng,,,,,Đảo Sách Store,available,1000,True,True,True
181224512,Sách - Little Stories - The Best Book For Your Leisure Time,57200,65000,12,0.0,0,0,,Zenbooks,Nhà Xuất Bản Đà Nẵng,,,,,Đảo Sách Store,available,1000,True,True,True
181224701,Sách - Little Stories - The Best Book For Peaceful Nights,57200,65000,12,0.0,0,0,,Zenbooks,Nhà Xuất Bản Đà Nẵng,,,,,Đảo Sách Store,available,1000,True,True,True
181224845,Sách - Little Stories - To Get More Knowledge,57200,65000,12,0.0,0,0,,Zenbooks,Nhà Xuất Bản Đà Nẵng,,,,,Đảo Sách Store,available,1000,True,True,True
181224558,Sách - Little Stories - To Have A Nice Day,57200,65000,12,0.0,0,13,,Zenbooks,Nhà Xuất Bản Đà Nẵng,,,,,Đảo Sách Store,available,1000,True,True,True
165686622,HƯỚNG DẪN GIẢI VIOLYMPIC TIẾNG ANH 4( ĐHSP),79000,79000,0,0.0,0,1,ThS Phạm Văn Công,Nhà Sách Hồng Ân,Nhà Xuất Bản Đại Học Sư Phạm,,Bìa mềm,184,,Bảo Châu Books,available,1000,True,True,True
274999632,Combo 4 Cuốn Học Ngoại Ngữ: Kỳ Thi Năng Lực Nhật Ngữ JLPT N3 Point & Practice: Chữ Viết - Từ Vựng +Đọc Hiểu+Nghe Hiểu+ Ngữ Pháp,395000,395000,0,0.0,0,0,,NXB Trẻ,NXB Trẻ,,,,,Nhà Sách Vĩnh Thụy,available,1000,True,True,True
73668414,Học Tiếng Anh Cùng Jino - Learning English With Jino - Cầu Vồng Trái Cây - Colorful Fruit Rainbow,20000,20000,0,0.0,0,0,"Apiradee Midomaru,  Vinij Yeesaman",Đinh Tị,Nhà Xuất Bản Thanh Niên,,,,,Happy Kids books,available,1000,True,True,True
206360901,Restart Your English - Daily Life,249000,249000,0,0.0,0,0,Park Shinkyu,Nhà Xuất Bản Hồng Đức,Nhà Xuất Bản Hồng Đức,,Bìa mềm,287,,Nhà Sách Phương Nam,available,1000,True,True,True
214732018,36 Tấm Gương Lãnh Đạo: Học Tiếng Anh Qua Đọc Sách Song Ngữ Anh-Việt,279000,279000,0,0.0,0,5,,NXB Dân Trí,Nhà Xuất Bản Dân Trí,,Bìa mềm,452,,Nhà Sách Phương Nam,available,1000,True,True,True
274990190,"Kiến Thức Ngữ Pháp Tiếng Anh Cần Nhớ 10, 11, 12 (Dùng Chung Cho Các Bộ SGK Hiện Hành)  - HA",15000,15000,0,0.0,0,0,Nguyễn Hoàng Thanh Ly,Nhà Sách Hồng Ân,Nhà Xuất Bản Đại Học Quốc Gia Hà Nội,,Bìa mềm,8,,Bảo Châu Books,available,1000,True,True,True
274073536,Sách VĂN PHẠM TIẾNG ANH ( HA),50000,50000,0,0.0,0,0,Nguyễn Hoàng Thanh Ly,Nhà Sách Hồng Ân,Nhà Xuất Bản Đại Học Quốc Gia Hà Nội,,Bìa mềm,,2024-01-29,Bảo Châu Books,available,1000,True,True,True
276118967,Câu Hỏi Trắc Nghiệm Tiếng Anh Theo Chuyên Đề (Bộ 2 Cuốn) (HA),129000,215000,40,0.0,0,0,Vĩnh Bá,Nhà Sách Hồng Ân,Nhà Xuất Bản Đại Học Quốc Gia Hà Nội,,Bìa mềm,,,Bảo Châu Books,available,1000,True,True,True
272657900,Tự Học Tiếng Anh Cấp Tốc - Những Mẫu Câu Thông Dụng Trong Cuộc Sống,99000,99000,0,0.0,0,0,Ryan Bleckley,Văn Lang,,,Bìa mềm,248,2023-10-12,Bamboo Books,available,1000,True,True,True
272639191,Tự Học Tiếng Anh Cấp Tốc - Những Mẫu Câu Thông Dụng Trong Cuộc Sống - Tái Bản - Vanlangbooks,89100,99000,10,0.0,0,0,,VanLangBooks,,,Bìa mềm,248,,Bảo Châu Books,available,1000,True,True,True
48492233,"Faster, Better with Comics – Tự học tiếng Anh cấp tốc qua truyện tranh",387864,387864,0,0.0,0,1,,MCBOOKS,,,,,,AHABOOKS,available,1000,True,True,True
270715359,The Way To Encourage Others,70000,70000,0,0.0,0,0,The Wanderers,NXB Đà Nẵng,Nhà Xuất Bản Đà Nẵng,,Bìa mềm,159,,Nhà Sách Phương Nam,available,1000,True,True,True
270717121,233 Mẫu Câu Tiếng Anh Chinh Phục Nhà Tuyển Dụng,239000,239000,0,0.0,0,0,Juliana Jiyoon Lee,NXB Thế Giới,Nhà Xuất Bản Thế Giới,,Bìa mềm,367,,Nhà Sách Phương Nam,available,1000,True,True,True
177838847,Vector: Sách hệ Cambrige - Học khoa học bằng tiếng Anh - Science For Kids B - Student's Book,378472,425250,11,0.0,0,3,nhieu tac gia,MM PUBLICATIONS,MM PUBLICATIONS,,Bìa mềm,,,Blue Horizon Books,available,1000,True,True,True
183728062,Sách kỹ năng sống tiếng Anh: Looking after your Health,269136,302400,11,0.0,0,0,Caroline Young,Usborne Publishing Ltd,Usborne Publishing Ltd,,Bìa mềm,,,Blue Horizon Books,available,1000,True,True,True
273529457,Combo Bài Tập Trắc Nghiệm Tiếng Anh 8 + Bài Tập Tiếng Anh 8 (Bám Sát SGK Cánh Diều I-Learn Smart World) (Bộ 2 Cuốn) _HA,109880,164000,33,0.0,0,0,"Nguyễn Văn Hai,  Nguyễn Hoàng Thanh Ly",Nhà Sách Hồng Ân,Nhà Xuất Bản Đại Học Quốc Gia Hà Nội,,Bìa mềm,,,Bảo Châu Books,available,1000,True,True,True
273354323,Sổ Tay Kiến Thức Tiếng Anh Tiểu Học _ML,45000,45000,0,0.0,0,1,Nguyệt Minh,Minh Long,Nhà Xuất Bản Đại Học Quốc Gia Hà Nội,,Bìa mềm,204,,NewShop Official,available,1000,True,True,True
198458251,We Learn Maths In English - Em Học Toán Bằng Tiếng Anh 3 - HA,45000,45000,0,0.0,0,4,NGƯT Phạm Đình Thực,Nhà Sách Hồng Ân,Nhà Xuất Bản Đại Học Quốc Gia Hà Nội,,Bìa mềm,,,NewShop Official,available,1000,True,True,True
26598926,Sách Cấp Tốc Chinh Phục Tiếng Anh Trong 24 Ngày,64350,99000,35,0.0,0,1,Linh Đan,Khang Việt Book,Nhà Xuất Bản Đồng Nai,,Bìa mềm,288,2019-01-08,khangvietbook,available,1000,True,True,True
881076,Sách Các Dạng Bài Tập Chữa Lỗi Sai Tiếng Anh,86330,89000,3,0.0,0,9,Linh Đan,Khang Việt Book,Nhà Xuất Bản Hồng Đức,,Bìa mềm,316,2017-09-05,NewShop Official,available,1000,True,True,True
212462745,Học Tiếng Anh Qua 90 Mẩu Truyện Cười Song Ngữ Anh - Việt: Trình Độ Nâng Cao,76000,80000,5,0.0,0,28,Thiên Phúc,CÔNG TY TNHH MTV TRÍ TUỆ,Nhà Xuất Bản Thanh Niên,,Bìa mềm,300,2022-12-22,VIETNAMBOOK,available,1000,True,True,True
253666250,Sách Luyện Kỹ Năng Nghe Tiếng Hàn (dành cho người mới bắt đầu) + CD - Bản Quyền,142000,142000,0,0.0,0,0,,First News - Trí Việt,Nhà Xuất Bản Đại Học Quốc Gia TP.HCM,,,,,Nhà Sách Vĩnh Thụy,available,1000,True,True,True
199541563,101+ MẸO SINH TỒN VỚI TIẾNG ANH_AZ,269000,269000,0,0.0,0,0,,AZ Việt Nam,Nhà Xuất Bản Thế Giới,,Bìa mềm,,,Bamboo Books,available,1000,True,True,True
273166879,Happy Reader Phù Thủy Xứ Oz (600 Words)  - Bản Quyền,65000,65000,0,0.0,0,0,,FIRST NEWS,Nhà Xuất Bản Tổng hợp TP.HCM,,,,,Bamboo Books,available,1000,True,True,True
206482144,Reader's Bank - Level 3,169000,169000,0,0.0,0,0,,Nhà Xuất Bản Thế Giới,Nhà Xuất Bản Thế Giới,,Bìa mềm,178,,HỆ THỐNG NHÀ SÁCH ABC,available,1000,True,True,True
208682478,Reader's Bank Series 3 - Bản Quyền,169000,169000,0,0.0,0,0,,Alphabooks,Nhà Xuất Bản Thế Giới,,,,,HỆ THỐNG NHÀ SÁCH ABC,available,1000,True,True,True
255389098,Happy Readers Anne Frank (800 words kèm CD) - Bản Quyền,53000,53000,0,0.0,0,0,,First News - Trí Việt,Nhà Xuất Bản Tổng hợp TP.HCM,,,,,Nhà Sách Vĩnh Thụy,available,1000,True,True,True
208648869,Reader'S Bank Series 8 - Bản Quyền,189000,189000,0,0.0,0,0,,Alphabooks,Nhà Xuất Bản Thế Giới,,,,,info book,available,1000,True,True,True
208643687,Reader's Bank Series 4 - Bản Quyền,179000,179000,0,0.0,0,0,,Alphabooks,Nhà Xuất Bản Thế Giới,,,,,Nhà Sách Vĩnh Thụy,available,1000,True,True,True
209349499,Reader's Bank Series 1 - Bản Quyền,149000,149000,0,0.0,0,0,,Alphabooks,Nhà Xuất Bản Thế Giới,,,,,Nhà Sách Vĩnh Thụy,available,1000,True,True,True
210138349,Sách Reader's Bank Series 7 - Alphabooks - BẢN QUYỀN,189000,189000,0,0.0,0,0,,Alphabooks,Nhà Xuất Bản Thế Giới,,,,,Nhà Sách Vĩnh Thụy,available,1000,True,True,True
31658832,Sách Động Từ Bất Quy Tắc Và Cách Sử Dụng,12000,12000,0,0.0,0,2,Khúc Hữu Chấp,Nhà Sách Hồng Ân,Nhà Xuất Bản Tổng hợp TP.HCM,,Bìa mềm,58,2017-03-01,Bảo Châu Books,available,1000,True,True,True
195523042,Sách: Ăn Dặm Tiếng Anh - Perfect English Vocabulary,249000,249000,0,0.0,0,0,,Alpha Books,NXB Dân Trí,,,,,Nhà Sách Vĩnh Thụy,available,1000,True,True,True
273166883,Happy Reader Cô Bé Anne Ở Green Gables (450 Words)  - Bản Quyền,40800,43000,5,0.0,0,0,,FIRST NEWS,Nhà Xuất Bản Tổng hợp TP.HCM,,,,,Sống Official,available,1000,True,True,True
270715543,Little Stories – To Push You Forward,65000,65000,0,0.0,0,0,Stacey Riches,NXB Đà Nẵng,Nhà Xuất Bản Đà Nẵng,,Bìa mềm,192,,Nhà Sách Vĩnh Thụy,available,1000,True,True,True
273503578,Trạm Đọc | Nuance - 50 Sắc Thái Của Từ,127000,159000,20,0.0,0,1,Kenvin Kang,Alphabooks,Nhà Xuất Bản Thế Giới,,Bìa mềm,,2023-12-01,Alpha Books Official,available,1000,True,True,True
271585727,Proteins - Những Kẻ Đa Nhiệm Tí Hon,55000,55000,0,0.0,0,0,Cara Florance,NXB Dân Trí,Nhà Xuất Bản Dân Trí,,Bìa mềm,27,,Nhà Sách Vĩnh Thụy,available,1000,True,True,True
255388825,Happy Readers Những câu chuyện Giáng sinh (350 words kèm CD) - Bản Quyền,54000,54000,0,0.0,0,0,,First News - Trí Việt,Nhà Xuất Bản Tổng hợp TP.HCM,,,,,Nhà Sách Vĩnh Thụy,available,1000,True,True,True
260795221,Little Stories To Change Your Life - Bản Quyền,65000,65000,0,0.0,0,0,,Zenbooks,Nhà Xuất Bản Đà Nẵng,,,,,HỆ THỐNG NHÀ SÁCH ABC,available,1000,True,True,True
260795514,Little Stories – To Push You Forward - Bản Quyền,65000,65000,0,0.0,0,0,,Zenbooks,Nhà Xuất Bản Đà Nẵng,,,,,Nhà Sách Vĩnh Thụy,available,1000,True,True,True
260797999,Little Stories The Best Book For Your Leisure Time - Bản Quyền,65000,65000,0,0.0,0,0,Claire Luong,Zenbooks,Nhà Xuất Bản Đà Nẵng,,Bìa mềm,192,,HỆ THỐNG NHÀ SÁCH ABC,available,1000,True,True,True
213691827,Steam English - Chủ đề Toán học - Bản Quyền,69000,69000,0,0.0,0,0,,1980 Books,Nhà Xuất Bản Dân Trí,,Bìa mềm,,,Bamboo Books,available,1000,True,True,True
273968298,"Sách - VSTEP - Chinh phục kỹ năng Nói bậc B1, B2+ (MG)",58000,58000,0,5.0,1,2,,Nhà Sách Hồng Ân,Nhà Xuất Bản Đại Học Quốc Gia Hà Nội,,Bìa mềm,116,,MEGABOOK,available,1000,True,True,True
273672119,Tự Học Hiragana Học Thông Qua Nghe Và Viết - Bản Quyền,85000,85000,0,0.0,0,0,,NXB Trẻ,NXB Trẻ,,,,,HỆ THỐNG NHÀ SÁCH ABC,available,1000,True,True,True
261839552,Expressions For English Speaking 100+ Chủ Đề Về Đời Sống,149000,149000,0,0.0,0,0,,Alpha Books,oem,,,,,HỆ THỐNG NHÀ SÁCH ABC,available,1000,True,True,True
270703854,Mighty Movers - Teacher's Book (2nd edition) (Kèm DVD),188000,188000,0,0.0,0,0,Cheryl Pelteret,NXB Tổng hợp TP.HCM,Nhà Xuất Bản Tổng hợp TP.HCM,,Bìa mềm,92,2020-12-03,Nhà Sách Phương Nam,available,1000,True,True,True
1453499,Sách Succeed In Cambridge English - Starters (Kèm CD Hoặc File MP3),198000,198000,0,0.0,0,7,"Andrew Betsis, Landrence Mamas",Nhân Trí Việt,Nhà Xuất Bản Tổng hợp TP.HCM,,Bìa mềm,152,2018-01-01,NHBook,available,1000,True,True,True
10367880,Sách Black & White Book - Compare - Con Biết So Sánh,45000,45000,0,0.0,0,1,Runkids,Megabook,Nhà Xuất Bản Thanh Niên,,Bìa mềm,20,2019-01-01,MEGABOOK,available,1000,True,True,True
260795486,Mastering Reading Skills  Intermediate Practices (kèm CD) - Bản Quyền,238000,238000,0,0.0,0,0,,Zenbooks,Nhà Xuất Bản Đà Nẵng,,,,,HỆ THỐNG NHÀ SÁCH ABC,available,1000,True,True,True
205694840,How To Write 4 Types Of Essays - Từng Bước Làm Quen Với Viết Luận Tiếng Anh,119000,119000,0,0.0,0,0,Michael A. Putlack,Nhà Xuất Bản Thế Giới,Nhà Xuất Bản Thế Giới,,Bìa mềm,161,,info book,available,1000,True,True,True
3483099,Sách Academic Listening Builder,207060,238000,13,0.0,0,12,"Bin Walters, Will Link",Zenbooks,Nhà Xuất Bản Đà Nẵng,,Bìa mềm,244,,Zenbooks Official ,available,1000,True,True,True
435966,Sách Graded Multiple - Choice English Test Level A1 (Không CD),46300,58000,20,4.0,1,80,Jack Hedges,Nhân Trí Việt,Nhà Xuất Bản Tổng hợp TP.HCM,,Bìa mềm,56,2015-06-10,Tiki Trading,available,1000,False,True,True
48557712,Sách Mighty Movers 2nd Edition - Pupil's Book (Kèm CD Hoặc File MP3),116000,128000,9,5.0,22,236,"Viv Lambert, Wendy Superfine",Nhân Trí Việt,Nhà Xuất Bản Tổng hợp TP.HCM,,Bìa mềm,88,2020-02-02,Tiki Trading,available,1000,False,True,True
42689427,Sách Tiếng Anh Trong Ngôn Ngữ Tình Yêu,67900,80000,15,4.6,8,77,Lê Huy Lâm,Nhân Trí Việt,Nhà Xuất Bản Tổng hợp TP.HCM,,Bìa mềm,488,2019-01-11,Tiki Trading,available,1000,False,True,True
212213129,Sách GLOBAL SUCCESS - Em Học Giỏi Tiếng Anh Lớp 3 Tập 2 (Có Đáp Án),54900,78000,30,4.0,1,29,"Đại Lợi, Thạch Thị Hải Huyền, Nghiêm Thị Thu Hoài",Nhà sách Minh Thắng,Nhà Xuất Bản Đại Học Quốc Gia Hà Nội,,Bìa mềm,180,2022-10-10,Tiki Trading,available,1000,False,True,True
106208727,Sách YBM English Basics 2,144900,239000,39,4.8,8,29,YBM,Alphabooks,Nhà Xuất Bản Dân Trí,,Bìa mềm,288,2021-06-15,Tiki Trading,available,1000,False,True,True
253470346,Sách Chiến thuật giải đề đạt điểm 10 môn tiếng Anh –Kì thi THPT QG,56600,75000,25,0.0,0,0,Nhóm tác giả PREP,Nhà xuất bản Phụ Nữ Việt Nam,Nhà Xuất Bản Phụ Nữ Việt Nam,,Bìa mềm,132,,Tiki Trading,available,1000,False,True,True
270702661,Your Very First English - Tự Học Nghe Nói Tiếng Anh Chuẩn - Dễ - Nhanh (Volume 1),89000,89000,0,0.0,0,0,The Windy,NXB Hồng Đức,Nhà Xuất Bản Hồng Đức,,Bìa mềm,231,2019-07-01,Nhà Sách Phương Nam,available,1000,True,True,True
274875186,Sách 10 Phút Mỗi Ngày Để Học Tốt Tiếng Anh - Sinh Hoạt Thường Ngày (Kèm CD) - Vanlangbooks,32000,45000,29,0.0,0,0,George Smith,VanLangBooks,Nhà Xuất Bản Hồng Đức,,Bìa mềm,,2015-01-01,Tiki Trading,available,1000,True,True,True
5743623,Học Tiếng Anh Siêu Thú Vị : Sách Luyện - Tập 4,22800,24000,5,4.0,1,6,Sasbadi Group,Nhã Nam,,,Bìa mềm,30,2018-10-05,Nhà sách Fahasa,available,1000,True,True,True
146224554,Steam English Chủ Đề Khoa Học,61400,69000,11,0.0,0,0,Anjali Joshi,1980 Books,NXB Dân Trí,,,,,Nhà sách Fahasa,available,1000,True,True,True
270700183,Let’s Write! - Viết Đoạn Không Khó - Tập 1 (Tái Bản 2023),179100,199000,10,0.0,0,0,"Trần Thanh Hương,  Trần Hoàng Anh",Alpha Books,NXB Dân Trí,,,,,Nhà sách Fahasa,available,1000,True,True,True
253444080,Learning English 3 - Wordbook,153000,180000,15,0.0,0,0,,Cty Quốc Tế Á Châu,Nhà Xuất Bản Thế Giới,,,,,Nhà sách Fahasa,available,1000,True,True,True
272388416,21 Cách Học Tiếng Anh Du Kích (Tái Bản 2023),132000,150000,12,0.0,0,7,Nguyễn Chu Nam Phương,Fahasa,nxb thanh nien,,,,,Nhà sách Fahasa,available,1000,True,True,True
277347453,(Take Note) Sổ Tay Tiếng Anh 8 Global Success - Mai Lan Hương,49300,58000,15,0.0,0,0,Mai Lan Hương,Hasabooks,Nhà Xuất Bản Đà Nẵng,,Bìa mềm,100,2025-02-14,Hasabooks Official Store,available,1000,True,True,True
39359916,I'm Proud To Be A Vietnamese,82400,94000,12,4.7,9,67,Nguyễn Hồ Thụy Anh,Pearson,,,,,,Nhà sách Fahasa,available,1000,True,True,True
71682304,Những Lỗi Thường Gặp Trong Tiếng Anh Khi Nói Chuyện Với Người Nước Ngoài - Tập 2,78400,98000,20,5.0,1,4,Hoàng Thanh,Cty Văn Hóa Nhân Văn,Nhà Xuất Bản Thanh Niên,,,,,Nhà sách Fahasa,available,1000,True,True,True
173093784,1000 Từ Tiếng Anh Đầu Tiên - My First 1000 Words,136000,160000,15,0.0,0,3,,dong a,Nhà Xuất Bản Dân Trí,,,,,Nhà sách Fahasa,available,1000,True,True,True
124859158,Sách The Langmaster - 168 Bài Luận Tiếng Anh Hay Nhất (Tái Bản),134100,135500,1,0.0,0,0,Đại Lợi,Nhà sách Minh Thắng,Nhà Xuất Bản Đại Học Quốc Gia Hà Nội,,Bìa mềm,544,2021-09-15,Minhhabooks,available,1000,True,True,True
217577446,Super Starters - Pulpil's Book,115200,128000,10,0.0,0,3,"Wendy Superfine,  Judy West",Cty Nhân Trí Việt,Nhà Xuất Bản Tổng hợp TP.HCM,,,,,Nhà sách Fahasa,available,1000,True,True,True
222723756,Basic Words - Things That Go,102000,120000,15,0.0,0,0,Milo Kids,Minh Long,nxb my thuat,,,,,Nhà sách Fahasa,available,1000,True,True,True
253060483,"Mẹ Ơi, Mẹ Có Ở Đây Không? – Mom, Are You Here?",103600,104700,1,0.0,0,0,nhieu tac gia,Công ty Cổ Phần Văn Hóa và Giáo Dục Tân Việt,Nhà Xuất Bản Mỹ Thuật,,Bìa mềm,16,,Minhhabooks,available,1000,True,True,True
191757025,English Writing Family And Friends 1 - Luyện Viết Tiếng Anh 1 (Tái Bản),53500,63000,15,0.0,0,6,Nguyễn Thị Thu Huế,Nhà sách Minh Thắng,Nhà Xuất Bản Đại Học Quốc Gia Hà Nội,,,,,Nhà sách Fahasa,available,1000,True,True,True
249610726,200+ Bộ Câu Hỏi Và Trả Lời Phỏng Vấn Tiếng Anh,242100,269000,10,0.0,0,2,Aran Kim,Alpha Books,Nhà Xuất Bản Thế Giới,,,,,Nhà sách Fahasa,available,1000,True,True,True
197062950,Sống Sót Nơi Công Sở English Business Conversation - Nói Sao Cho Ngầu (Tái Bản 2022),161100,179000,10,0.0,0,5,Juliana Jiyoon Lee,Alpha Books,NXB Dân Trí,,,,,Nhà sách Fahasa,available,1000,True,True,True
167615000,Sống Sót Nơi Công Sở - Everyday English - Nói Đi Ngại Gì,135000,169000,20,0.0,0,2,,Alphabooks,oem,,,,,Alpha Books Official,available,1000,True,True,True
278976813,Takenote Giải Thích Ngữ Pháp Tiếng Anh,65660,98000,33,0.0,0,0,Lighthouse Writers,Zenbooks,Nhà Xuất Bản Thế Giới,,Bìa mềm,160,2025-12-15,Tiki Trading,available,1000,False,True,True
271266976,Sách Giáo Khoa Tiếng Anh 4 Guess What ! (Workbook),76075,85000,11,0.0,0,1,Nhiều tác giả,Zenbooks,Nhà Xuất Bản Đại Học Sư Phạm,,Bìa mềm,100,2023-08-01,Tiki Trading,available,1000,False,True,True
274354342,Nuance - 50 Sắc Thái Của Từ,127000,159000,20,0.0,0,4,,Alpha Books,Nhà Xuất Bản Thế Giới,,,,,Sống Official,available,1000,True,True,True
768009,"Sách Hiểu Và Dùng Mạo Từ, Danh Từ, Đại Từ Tiếng Anh",86400,108000,20,0.0,0,0,Nguyễn Thuần Hậu,Văn Lang,Nhà Xuất Bản Hồng Đức,,Bìa mềm,350,2017-07-01,Văn Lang Official Store,available,1000,True,True,True
161245800,Reading For Good - Partice Makes Perfect,69600,80000,13,0.0,0,2,The Wanderers,Zenbooks,Nhà Xuất Bản Đà Nẵng,,,,,Nhà sách Fahasa,available,1000,True,True,True
116961294,Sách - YBM English Basics 1 239K,191000,239000,20,0.0,0,1,,Alphabooks,NXB Dân Trí,,,,,Alpha Books Official,available,1000,True,True,True
207317611,Learn English With Fables 8 - Học Tiếng Anh Qua Truyện Ngụ Ngôn Tập 8: The Cat And The Birds - Mèo Và Chim,29700,30000,1,0.0,0,9,Si Keda,Nhà Xuất Bản Kim Đồng,Nhà Xuất Bản Kim Đồng,,,,,Nhà sách Fahasa,available,1000,True,True,True
274875228,5500 Câu Giao Tiếp Tiếng Anh Trong Sinh Hoạt Hàng Ngày (Kèm CD) - Vanlangbooks,60000,75000,20,0.0,0,2,,VanLangBooks,Nhà Xuất Bản Hồng Đức,,Bìa mềm,,,Văn Lang Official Store,available,1000,True,True,True
20957686,Sách Học Tiếng Anh Với Facebook (Kèm 1 CD),251900,268000,6,0.0,0,0,Khelia Huang,Nhân Trí Việt,Nhà Xuất Bản Tổng hợp TP.HCM,,Bìa mềm,256,2019-06-01,Nhà sách Fahasa,available,1000,True,True,True
253060179,Tiệc Rau Trộn – Salad Party,103600,104700,1,0.0,0,0,nhieu tac gia,Công ty Cổ Phần Văn Hóa và Giáo Dục Tân Việt,Nhà Xuất Bản Mỹ Thuật,,Bìa mềm,16,,Minhhabooks,available,1000,True,True,True
11809439,Sách Tự Học Nghe Nói Tiếng Anh Căn Bản (Dùng App),67200,82000,18,5.0,4,13,Emily,MCBOOKS,,,Bìa mềm,196,2019-03-03,Nhà sách Fahasa,available,1000,True,True,True
247931377,Longman Pre-Essence Reading 2,68400,76000,10,0.0,0,1,Rachel Lee,Cty Nhân Trí Việt,Nhà Xuất Bản Tổng hợp TP.HCM,,,,,Nhà sách Fahasa,available,1000,True,True,True
3619427,Sách 100 Bài Luyện Nghe Tiếng Anh,64000,80000,20,0.0,0,5,,Khang Việt Book,,,Bìa mềm,192,2018-08-08,Nhà sách Fahasa,available,1000,True,True,True
215914832,Học Tiếng Anh Qua 100 Mẩu Chuyện Về Loài Vật (Song Ngữ Anh - Việt),95000,99000,4,0.0,0,5,Thiên Phúc,Cty Trí Tuệ,nxb thanh nien,,,,,Nhà sách Fahasa,available,1000,True,True,True
271579037,Brady Siêu Đỉnh - 365 Ngày Phát Triển Trí Tuệ - Level 1 - Màu Sắc Và Trang Phục,50400,56000,10,0.0,0,1,,Cty Văn Hóa & Truyền Thông Trí Việt.,Nhà Xuất Bản Văn Học,,,,,Nhà sách Fahasa,available,1000,True,True,True
177829347,MM Publications: Sách học tiếng Anh - Michigan ECPE Practice Test Student's Book Rev. '21,342427,384750,11,5.0,2,9,nhieu tac gia,MM PUBLICATIONS,MM PUBLICATIONS,,Bìa mềm,,,Blue Horizon Books,available,1000,True,True,True
177844144,Vector: Sách hệ Cambrige - Học toán bằng tiếng Anh - Maths 5 - Workbook,370000,370000,0,0.0,0,1,nhieu tac gia,MM PUBLICATIONS,MM PUBLICATIONS,,Bìa mềm,,,Blue Horizon Books,available,1000,True,True,True
177845201,Vector: Sách hệ Cambrige - Học toán bằng tiếng Anh - Maths 6 - Workbook,329300,370000,11,0.0,0,0,nhieu tac gia,MM PUBLICATIONS,MM PUBLICATIONS,,Bìa mềm,,,Blue Horizon Books,available,1000,True,True,True
253090447,Sách - Bài Tập Tiếng Anh 7 Cơ Bản Và Chuyên Sâu (Biên soạn theo chương trình GDPT mới Global Success) - ndbooks,75000,75000,0,1.0,1,8,,CÔNG TY TNHH THƯƠNG MẠI SÁCH NHÂN DÂN,Nhà Xuất Bản Thanh Niên,,Bìa mềm,112,,SÁCH NHÂN DÂN - ndbooks,available,1000,True,True,True
273180730,Sách - Củng Cố Và Ôn Luyện Tiếng Anh 8 - Biên soạn theo chương trình GDPT mới - Global Success - ndbooks,96000,96000,0,1.0,1,2,,CÔNG TY TNHH THƯƠNG MẠI SÁCH NHÂN DÂN,Nhà Xuất Bản Thanh Niên,,Bìa mềm,,,SÁCH NHÂN DÂN - ndbooks,available,1000,True,True,True
273187514,Sách - Củng Cố Và Ôn Luyện Tiếng Anh 8 - Biên soạn theo chương trình GDPT mới - Global Success,96000,96000,0,0.0,0,0,,Nhà Sách Hồng Ân,Nhà Xuất Bản Đại Học Quốc Gia Hà Nội,,Bìa mềm,,,Khanhlinhbook,available,1000,True,True,True
6925305,Sách Bứt Phá Điểm Số Sat 2 Với 626 Bài Toán Khó – Questions For The Sat Mathematics Level 2 Subject Test,126600,149000,15,5.0,2,12,Justin Grosslight,NXB Phụ Nữ Việt Nam,,,Bìa mềm,248,2018-11-01,Nhà sách Fahasa,available,1000,True,True,True
192950000,English Fighting Good And Great - Em Học Tốt Tiếng Anh Theo Chủ Đề 2,61200,68000,10,0.0,0,0,Hà Thị Thùy Dương,Megabook,Nhà Xuất Bản Đại Học Quốc Gia Hà Nội,,,,,Nhà sách Fahasa,available,1000,True,True,True
1217923,Sách The Langmaster - 168 Bài Luận Tiếng Anh Hay Nhất,134100,135500,1,0.0,0,3,Đại Lợi,Nhà sách Minh Thắng,Nhà Xuất Bản Đại Học Quốc Gia Hà Nội,,Bìa mềm,544,2017-12-15,Minhhabooks,available,1000,True,True,True
208118246,Learn English With Fables 6 - Học Tiếng Anh Qua Truyện Ngụ Ngôn Tập 6: The Wolf And The Dog - Sói Và Chó,29700,30000,1,5.0,1,7,Si Keda,Nhà Xuất Bản Kim Đồng,Nhà Xuất Bản Kim Đồng,,,,,Nhà sách Fahasa,available,1000,True,True,True
534869,Tiếng Anh Cho Nhân Viên Khách Sạn - Sách Bỏ Túi,55100,58000,5,0.0,0,9,Biên dịch: Lê Huy Lâm,Nhân Trí Việt,,,Bìa mềm,214,2011-03-30,Nhà sách Fahasa,available,1000,True,True,True
146272156,168 Bài Luận Tiếng Anh Hay Nhất (Tái Bản 2021),134100,135500,1,0.0,0,2,Đại Lợi,Nhà sách Minh Thắng,Nhà Xuất Bản Đại Học Quốc Gia Hà Nội,,,,,Minhhabooks,available,1000,True,True,True
271579041,Brady Siêu Đỉnh - 365 Ngày Phát Triển Trí Tuệ - Level 1 - Thức Ăn Và Thói Quen Tốt,50400,56000,10,0.0,0,1,,Cty Văn Hóa & Truyền Thông Trí Việt.,Nhà Xuất Bản Văn Học,,,,,Nhà sách Fahasa,available,1000,True,True,True
279165673,Sách Tiếng Anh Mai Lan Hương - Luyện tập Tiếng Anh Lớp 2 – Family and Friends – Special Edition,79200,80000,1,0.0,0,0,Mai Lan Hương - Hà Thành Uyên,Huy Hoàng Bookstore,Nhà Xuất Bản Đà Nẵng,,,,,Minhhabooks,available,1000,True,True,True
271579043,Brady Siêu Đỉnh - 365 Ngày Phát Triển Trí Tuệ - Level 2 - Ngôi Nhà Và Khu Vườn Yêu Thích,50400,56000,10,0.0,0,2,,Cty Văn Hóa & Truyền Thông Trí Việt.,Nhà Xuất Bản Văn Học,,,,,Nhà sách Fahasa,available,1000,True,True,True
190502325,Các Lỗi Thường Gặp Trong Tiếng Anh - Common Mistakes In English,114000,120000,5,0.0,0,1,Thiên Phúc,Cty Trí Tuệ,Nhà Xuất Bản Thanh Niên,,,,,Nhà sách Fahasa,available,1000,True,True,True
271579047,Brady Siêu Đỉnh - 365 Ngày Phát Triển Trí Tuệ - Level 2 - Phòng Ngủ Và Phòng Tắm,50400,56000,10,0.0,0,1,,Cty Văn Hóa & Truyền Thông Trí Việt.,Nhà Xuất Bản Văn Học,,,,,Nhà sách Fahasa,available,1000,True,True,True
181453946,Sách - Bài Tập Trắc Nghiệm Tiếng Anh 11 (Không Đáp Án),43500,50000,13,0.0,0,6,"Mai Lan Hương , Nguyễn Thanh Loan",Zenbooks,Nhà Xuất Bản Đà Nẵng,,Bìa mềm,,,Zenbooks Official ,available,1000,True,True,True
109890530,Binary Logic: ICT - Sách học tin học bằng tiếng Anh - Digital Kid Genius Student's Book,492750,492750,0,0.0,0,0,nhieu tac gia,MM PUBLICATIONS,MM PUBLICATIONS,,Bìa mềm,124,,Blue Horizon Books,available,1000,True,True,True
76841910,MM Publications: Sách học tiếng Anh - Go For A2 Key (For Schools) Student's Book (Self Study Pack) (Br),594742,668250,11,0.0,0,4,H.Q Mitchell,MM PUBLICATIONS,MM PUBLICATIONS,,Bìa mềm,168,,Blue Horizon Books,available,1000,True,True,True
205241053,Truyện đọc Tiếng Anh: Old Curiosity Shop ,138172,155250,11,0.0,0,1,Charles Dickens,Wordsworth Editions Ltd,Wordsworth Editions Ltd,,Bìa mềm,608,,Blue Horizon Books,available,1000,True,True,True
121313191,Tiểu thuyết tiếng Anh - Complete Ghost Stories,144180,162000,11,5.0,3,5,Charles Dickens,Wordsworth Editions Ltd,Wordsworth Editions Ltd,,Bìa mềm,336,,Blue Horizon Books,available,1000,True,True,True
137440320,Sách Hello English! - Xin Chào Tiếng Anh! - Tiếng Anh Cho Người Mới Học,59000,59000,0,0.0,0,0,.,Nhà Xuất Bản Thanh Niên,Nhà Xuất Bản Thanh Niên,,Bìa mềm,64,,Bamboo Books,available,1000,True,True,True
115795520,Truyện đọc tiếng Anh - Grimm'S Fairy Tales,129050,145000,11,4.3,4,61,Jacob & Wilhelm Grimm,Wordsworth Editions Ltd,Wordsworth Editions Ltd,,Bìa mềm,272,,Blue Horizon Books,available,1000,True,True,True
109910906,Binary Logic: ICT - Sách học tin học bằng tiếng Anh - Digital Kid Flyer Student's Book,492750,492750,0,5.0,1,1,nhieu tac gia,MM PUBLICATIONS,MM PUBLICATIONS,,Bìa mềm,124,,Blue Horizon Books,available,1000,True,True,True
192949208,Tiếng Anh 10 I-Learn Smart Start - Studen't Book (Sách Bài Học),71684,71684,0,5.0,1,23,Nhiều tác giả,CÔNG TY TNHH EDUCATION SOLUTIONS VIỆT NAM,Nhà Xuất Bản Đại Học Huế,,,,,Nhà sách Fahasa,available,1000,True,True,True
279289230,Tự Học Siêu Tốc - ACT Total Prep,503280,699000,28,0.0,0,0,Kaplan Test Prep,1980 Books,Nhà Xuất Bản Dân Trí,,,,,1980 BOOKS HCM,available,1000,True,True,True
48557717,Sách Fantastic Flyers 2nd Edition - Activity's Book (Kèm CD Hoặc File MP3),115200,128000,10,0.0,0,26,"Viv Lambert, Cheryl Pelteret",Nhân Trí Việt,Nhà Xuất Bản Tổng hợp TP.HCM,,Bìa mềm,84,2020-02-02,Nhà sách Fahasa,available,1000,True,True,True
270707558,Little Stories - To Make You A Good Person,65000,65000,0,0.0,0,0,Sracey Riches,NXB Đà Nẵng,Nhà Xuất Bản Đà Nẵng,,Bìa mềm,250,,Nhà Sách Phương Nam,available,1000,True,True,True
205808195,Cùng Con Học Ngữ Âm Tiếng Anh Qua 3 Cấp Độ - Cấp Độ 3 - Các Câu Chuyện Chứa Nguyên Âm Ngắn,45000,45000,0,0.0,0,2,MIS Editorial Team,Nhà Xuất Bản Thanh Niên,Nhà Xuất Bản Thanh Niên,,Bìa mềm,36,,Bamboo Books,available,1000,True,True,True
253096022,Sách - Bài Tập Tiếng Anh 4 (Biên Soạn Theo Bộ Sách Family And Friends 4 National Edition),68000,68000,0,0.0,0,2,,Nhà Sách Hồng Ân,Nhà Xuất Bản Đại Học Quốc Gia Hà Nội,,Bìa mềm,120,,Khanhlinhbook,available,1000,True,True,True
278788907,Sách - 600 Động Từ Bất Quy Tắc (Mới),50000,50000,0,0.0,0,0,nhieu tac gia,Nhà Sách Hồng Ân,Nhà Xuất Bản Hồng Đức,,,,,Khanhlinhbook,available,1000,True,True,True
270768547,Giáo trình Tiếng Anh (Trung học chuyên nghiệp - Đại học ),40000,40000,0,0.0,0,0,,Công Ty Cổ Phần Sách Đại Học - Dạy Nghề,Nhà Xuất Bản Giáo Dục Việt Nam,,,,,Cửa hàng Sách HEVOBOOKS,available,1000,True,True,True
225243102,Basic Words - My Very Busy Day,120000,120000,0,0.0,0,0,Milo Kids,Sách điện tử Minh Long,Nhà Xuất Bản Mỹ Thuật,,Bìa cứng,14,2023-02-01,Nhà Sách Vĩnh Thụy,available,1000,True,True,True
215636732,Practice English Every Day - Đối Đáp Tiếng Anh Không Cần Nghĩ,139000,139000,0,0.0,0,0,,Zenbooks,Nhà Xuất Bản Đà Nẵng,,,,,HỆ THỐNG NHÀ SÁCH ABC,available,1000,True,True,True
210878234,Sách Reader's Bank Series 5 - Alphabooks - BẢN QUYỀN,179000,179000,0,0.0,0,0,,Alphabooks,Nhà Xuất Bản Thế Giới,,,,,Nhà Sách Vĩnh Thụy,available,1000,True,True,True
274112905,Little Stories - To Get More Knowledge,65000,65000,0,0.0,0,0,Claire Luong,Saigon Books,Nhà Xuất Bản Đà Nẵng,,Bìa mềm,,,HỆ THỐNG NHÀ SÁCH ABC,available,1000,True,True,True
166322206,Combo Everything You Need To Ace English Language Arts - Quyển Vở Ai Cũng Muốn Mượn và Let’s Write! 01 - Viết Đoạn Không Khó( Tặng Kèm Sổ Tay),524000,524000,0,0.0,0,0,"Brain Quest, Trần Thanh Hương,  Trần Hoàng Anh",Alpha Books,Nhà Xuất Bản Dân Trí,,Bìa mềm,686,,info book,available,1000,True,True,True
209298950,English made Easy-Tiếng anh qua tranh volume 1 - Bản Quyền,149000,149000,0,0.0,0,0,,Alphabooks,Nhà Xuất Bản Thế Giới,,,,,Nhà Sách Vĩnh Thụy,available,1000,True,True,True
274112340,Little Stories - To Push You Forward,65000,65000,0,0.0,0,3,"Claire Luong Stacey Riches, Stacey Riches",Saigon Books,Nhà Xuất Bản Đà Nẵng,,Bìa mềm,,,Hiệu Sách Tự Do,available,1000,True,True,True
210283549,Sách Reader's Bank Series 9 - Alphabooks - BẢN QUYỀN,189000,189000,0,0.0,0,0,,Alphabooks,Nhà Xuất Bản Thế Giới,,,,,Nhà Sách Vĩnh Thụy,available,1000,True,True,True
273461711,Trạm Đọc | Let’s Write! – Viết Đoạn Không Khó (Tập 1 – Cơ Bản),185000,185000,0,0.0,0,0,Trần Hoàng Anh,Alpha Books,Nhà Xuất Bản Thế Giới,,Bìa mềm,,2023-11-01,info book,available,1000,True,True,True
146271516,101 Từ Đầu Tiên: Thực Vật (Tái Bản 2021),60000,60000,0,0.0,0,0,MiloKids,Minh Long,Nhà Xuất Bản Mỹ Thuật,,,,,Nhà Sách Vĩnh Thụy,available,1000,True,True,True
32855263,"English Made Easy: Volume One - Tiếng Anh Qua Tranh, Tưởng Không Dễ Mà Dễ Không Tưởng ( tặng bookmark Sáng Tạo )",134000,134000,0,0.0,0,0,"Pieter Koster, Jonnathan Crichton",Alphabooks,,,Bìa mềm,,,HỆ THỐNG NHÀ SÁCH ABC,available,1000,True,True,True
246068329,Little Stories - To Have A Nice Day,65000,65000,0,0.0,0,0,,NXB Đà Nẵng,Nhà Xuất Bản Đà Nẵng,,,,,Nhà Sách Vĩnh Thụy,available,1000,True,True,True
260795512,Các Lỗi Thường Gặp Trong Tiếng Anh - Bản Quyền,80000,80000,0,0.0,0,0,,Zenbooks,Nhà Xuất Bản Đà Nẵng,,,,,Nhà Sách Vĩnh Thụy,available,1000,True,True,True
259310883,Tiếng Anh GenZ - Tiếng Anh Vui Vẻ Cho Người Lười,66420,81000,18,0.0,0,17,English Not Boring,Công Ty Cổ Phần Time Books,Nhà Xuất Bản Hà Nội,,Bìa mềm,232,2023-04-25,Tiệm Sách Thật,available,1000,True,True,True
246014388,Little Stories - To Share With Your Friends,65000,65000,0,0.0,0,0,,Zenbooks,Nhà Xuất Bản Đà Nẵng,,,,,HỆ THỐNG NHÀ SÁCH ABC,available,1000,True,True,True
246018436,Little Stories - To Share With Your Friends,65000,65000,0,0.0,0,0,,Zenbooks,Nhà Xuất Bản Đà Nẵng,,,,,HỆ THỐNG NHÀ SÁCH ABC,available,1000,True,True,True
160691515,Little Stories - To Share With Your Friends,65000,65000,0,0.0,0,0,,Zenbooks,Nhà Xuất Bản Đà Nẵng,,,,,HỆ THỐNG NHÀ SÁCH ABC,available,1000,True,True,True
247906110,Sống Sót Nơi Công Sở - English Business Conversation - Nói Sao Cho Ngầu (*** Sách Bản Quyền ***),179000,179000,0,0.0,0,0,,Alpha Books,Nhà Xuất Bản Dân Trí,,,,,info book,available,1000,True,True,True
253412896,Phao Tuyển Dụng - 233 Mẫu Câu Tiếng Anh Chinh Phục Nhà Tuyển Dụng - Bản Quyền,239000,239000,0,0.0,0,0,,Alpha Books,Nhà Xuất Bản Thế Giới,,,,,FishingBook,available,1000,True,True,True
171852672,Little Stories – To Push You Forward,65000,65000,0,0.0,0,0,Claire Luong Stacey Riches,Zenbooks,Nhà Xuất Bản Đà Nẵng,,Bìa mềm,192,,Nhà Sách Vĩnh Thụy,available,1000,True,True,True
270483519,"Sách - Nhật Ký Chú Bé Nhút Nhát, Cậu Bé Siêu Thân Thiện (series Diary of a Wimpy kid) - Song ngữ Việt-Anh - 20 cuốn (kèm file nghe + note từ mới)",1920000,1920000,0,0.0,0,0,,Công ty TNHH Sách Hà Giang ,Nhà Xuất Bản Văn Học,,,,,Sách Hà Giang,available,1000,True,True,True
25557384,Useful Vietnamese For Expats - 3 (Quét QR Code tại App MCBooks Để Nhận Bộ Quà Tặng),89000,89000,0,0.0,0,0,Phùng Thị Mỹ Hạnh,MCBOOKS,,,Bìa mềm,100,2018-08-08,Nhà Sách Vĩnh Thụy,available,1000,True,True,True
274112913,Little stories - The best book for your leisure time,65000,65000,0,0.0,0,0,Claire Luong,Saigon Books,Nhà Xuất Bản Đà Nẵng,,Bìa mềm,,,HỆ THỐNG NHÀ SÁCH ABC,available,1000,True,True,True
272140356,Tạp chí Tiếng Anh - Nikkei Asia 2023: kỳ 36: FINDING THE LOST SULTANS OF SULU,100000,100000,0,0.0,0,2,Nikkei Top Leader,Global Book Corporation,Nikkei,,Bìa mềm,45,2023-09-20,Global Book Corporation,available,1000,True,True,True
247792793,Basic Words - Things That Go,120000,120000,0,0.0,0,0,,Minh Long,Nhà Xuất Bản Mỹ Thuật,,,,,Nhà Sách Vĩnh Thụy,available,1000,True,True,True
271995295,Tạp chí Tiếng Anh - Nikkei Asia 2023: kỳ 37: INDIA'S FENCE-SITTING FOREIGN POLICY,100000,100000,0,0.0,0,0,Nikkei Top Leader,Global Book Corporation,Nikkei,,Bìa mềm,45,2023-09-14,Global Book Corporation,available,1000,True,True,True
109962135,Binary Logic: ICT - Sách học tin học bằng tiếng Anh - Digital Teen 6 Student's Book,462577,519750,11,0.0,0,0,nhieu tac gia,MM PUBLICATIONS,MM PUBLICATIONS,,Bìa mềm,88,,Blue Horizon Books,available,1000,True,True,True
177403448,MM Publications: Sách học tiếng Anh - New Destinations Intermediate b - Student's Book (American Edition),357750,357750,0,0.0,0,0,nhieu tac gia,MM PUBLICATIONS,MM PUBLICATIONS,,Bìa mềm,95,,Blue Horizon Books,available,1000,True,True,True
109848084,MM Publications: Sách học tiếng Anh - ew Yippee Green Teacher's Book,371250,371250,0,0.0,0,0,H.Q Mitchell,MM PUBLICATIONS,MM PUBLICATIONS,,Bìa mềm,128,,Blue Horizon Books,available,1000,True,True,True
177454891,MM Publications: Sách học tiếng Anh - New Destinations Level B1+ b - Student's Book (American Edition),357750,357750,0,5.0,1,2,nhieu tac gia,MM PUBLICATIONS,MM PUBLICATIONS,,Bìa mềm,95,,Blue Horizon Books,available,1000,True,True,True
182797489,Sách tương tác tiếng Anh: Kew: Lift and Look Birds,307584,345600,11,0.0,0,0,nhieu tac gia,Amazon,Bloomsbury,,Bìa cứng,12,,Blue Horizon Books,available,1000,True,True,True
155642834,Sách tương tác tiếng Anh - LTF First Q&A Why do things die?,396495,445500,11,0.0,0,0,nhieu tac gia,Usborne,Usborne,,Bìa cứng,12,2020-07-03,Blue Horizon Books,available,1000,True,True,True
195665620,Sách Văn học - Tiếng Anh: It Happened One Summer,462577,519750,11,0.0,0,1,Tessa Bailey,HarperCollins Publishers Inc,HarperCollins Publishers,,Bìa mềm,416,,Blue Horizon Books,available,1000,True,True,True
184314846,Tiểu thuyết tiếng Anh: The Devil and the Dark Water,300663,337824,11,0.0,0,1,Stuart Turton,Amazon,Bloomsbury,,Bìa mềm,576,,Blue Horizon Books,available,1000,True,True,True
109980753,Binary Logic: ICT - Sách học tin học bằng tiếng Anh - Digital Teen 4 Student's Book,462577,519750,11,0.0,0,0,nhieu tac gia,MM PUBLICATIONS,MM PUBLICATIONS,,Bìa mềm,208,,Blue Horizon Books,available,1000,True,True,True
91273542,MM Publications: Truyện luyện đọc tiếng Anh theo trình độ - The Selfish Giant Student'S Book (With Cd-Rom) British & American Edition,195750,195750,0,0.0,0,2,Jonathan Swift,MM PUBLICATIONS,MM PUBLICATIONS,,Bìa mềm,50,,Blue Horizon Books,available,1000,True,True,True
177468933,MM Publications: Sách học tiếng Anh - New Destinations Level B2 b - Workbook (American Edition),315000,315000,0,0.0,0,2,nhieu tac gia,MM PUBLICATIONS,MM PUBLICATIONS,,Bìa mềm,55,,Blue Horizon Books,available,1000,True,True,True
177334914,MM Publications: Sách học tiếng Anh - New Destinations Elementary b - Student's Book (American Edition),357750,357750,0,0.0,0,0,nhieu tac gia,MM PUBLICATIONS,MM PUBLICATIONS,,Bìa mềm,95,,Blue Horizon Books,available,1000,True,True,True
186691759,"Sách tiếng Anh: Illustrated Stories of Monsters, Ogres and Giants and a Troll",504630,567000,11,0.0,0,0,,Usborne Publishing Ltd,Usborne Publishing Ltd,,,144,,Blue Horizon Books,available,1000,True,True,True
177308146,MM Publications: Sách học tiếng Anh - New Destinations Beginners a - Student's Book (American Edition),357750,357750,0,0.0,0,1,Nhiều tác giả,MM PUBLICATIONS,MM PUBLICATIONS,,Bìa mềm,95,,Blue Horizon Books,available,1000,True,True,True
195656918,Sách Self-help Tiếng Anh - The Art of Business Wars,865080,972000,11,0.0,0,0,David Brown,HarperBusiness,HarperBusiness,,Bìa cứng,368,,Blue Horizon Books,available,1000,True,True,True
111485859,MM Publications: Sách học tiếng Anh - Top Stars 2 Workbook (American Edition),303750,303750,0,0.0,0,0,H.Q Mitchell,MM PUBLICATIONS,MM PUBLICATIONS,,Bìa mềm,,,Blue Horizon Books,available,1000,True,True,True
273475198,Trạm Đọc | Phao Tuyển Dụng : 233 Mẫu Câu Tiếng Anh Chinh Phục Nhà Tuyển Dụng,239000,239000,0,0.0,0,0,Juliana Jiyoon Lee,Alphabooks,Nhà Xuất Bản Thế Giới,,Bìa mềm,,2023-11-01,info book,available,1000,True,True,True
219156884,Sách Combo Tự học viết tiếng Nhật 200 chữ Kanji căn bản tập 1 + tập 2 - First News - BẢN QUYỀN,132000,132000,0,0.0,0,0,,First News - Trí Việt,Nhà Xuất Bản Tổng hợp TP.HCM,,,,,NHBook,available,1000,True,True,True
272406264,BUSY MACHINES - TRUCKS: NHỮNG CỖ MÁY NĂNG NỔ - XE TẢI (SONG NGỮ ANH - VIỆT),45000,45000,0,0.0,0,0,,Huy Hoàng Bookstore,Nhà Xuất Bản Mỹ Thuật,,,,,AHABOOKS,available,1000,True,True,True
273586427,Sách Ngoại Ngữ- Học Tốt Tiếng Anh 10 - Theo Chương Trình Global Success,130500,130500,0,0.0,0,1,,Huy Hoàng Bookstore,Nhà Xuất Bản Đại Học Quốc Gia Hà Nội,,Bìa mềm,288,,AHABOOKS,available,1000,True,True,True
261005613,How To Write 4 Types Of Essays - Từng Bước Làm Quen Với Viết Luận Tiếng Anh,95000,119000,20,5.0,1,1,,Alphabooks,Nhà Xuất Bản Thế Giới,,,,,Alpha Books Official,available,1000,True,True,True
192950293,Tiếng Anh 3 - Extra And Friends - Activity Book (Sách Bài Tập),65000,65000,0,5.0,2,29,"Võ Đại Phúc,  Nguyễn Thị Ngọc Quyên",CÔNG TY TNHH EDUCATION SOLUTIONS VIỆT NAM,Nhà Xuất Bản Đại Học Sư Phạm TPHCM,,,,,Nhà sách Fahasa,available,1000,True,True,True
271089491,Pack Your Bags And Learn Europe,90000,90000,0,0.0,0,0,The Wanderers,Zenbooks,Nhà Xuất Bản Đà Nẵng,,Bìa mềm,216,,Nhà sách NetaBooks,available,1000,True,True,True
185096380,Sách Kinh tế tiếng Anh: The Future Starts Now,768960,864000,11,0.0,0,0,nhieu tac gia,Bloomsbury Publishing PLC,Bloomsbury Publishing PLC,,Hardback,272,2021-06-15,Blue Horizon Books,available,1000,True,True,True
116145713,Sách tương tác tiếng Anh - Lift-The-Flap First Questions And Answers: How Do Flowers Grow?,420525,472500,11,0.0,0,0,Katie Daynes,Usborne,Usborne,,Bìa cứng,12,,Blue Horizon Books,available,1000,True,True,True
263863585,Bài Tập Thực Hành Tiếng Anh 9 - Zenbooks,69350,73000,5,0.0,0,0,"Mai Lan Hương , Nguyễn Thị Thanh Tâm",Zenbooks,Nhà Xuất Bản Đà Nẵng,,Bìa mềm,,,Cá Chép Bookstore,available,1000,True,True,True
276327733,Bộ Đề Thi Thử Tốt Nghiệp THPT Môn Tiếng Anh 2025 - Bản Quyền,199000,199000,0,0.0,0,0,Nhiều tác giả,Alphabooks,Nhà Xuất Bản Thế Giới,,Bìa mềm,392,2024-10-07,Nhà Sách Vĩnh Thụy,available,1000,True,True,True
204069149,Bài Tập Tiếng Anh 3  (Biên Soạn Theo Bộ Sách Family And Friends 3 National Edition - 2022),55000,55000,0,5.0,4,41,"Nguyễn Hoàng Thanh Ly,  Hồ Tấn Mẫn",Nhà Sách Hồng Ân,Nhà Xuất Bản Đại Học Quốc Gia Hà Nội,,Bìa mềm,104,,Bảo Châu Books,available,1000,True,True,True
271323938,"sách - đề kiểm tra tiếng anh 4 có đáp án (dùng kèm sgk tiếng anh 4, global success",80000,80000,0,0.0,0,0,Nguyễn Hoàng Thanh Ly,Nhà Sách Hồng Ân,Nhà Xuất Bản Đại Học Quốc Gia Hà Nội,,Bìa mềm,160,2023-08-22,Bảo Châu Books,available,1000,True,True,True
252041179,Học Tiếng Anh Qua 86 Mẩu Chuyện Cười Song Ngữ Anh Việt - Trình Độ Sơ Cấp,59500,70000,15,0.0,0,0,,Cty Trí Tuệ,Nhà Xuất Bản Thanh Niên,,,,,Bảo Châu Books,available,1000,True,True,True
181224696,Sách - Little Stories – To Push You Forward,57200,65000,12,0.0,0,0,,Zenbooks,Nhà Xuất Bản Đà Nẵng,,,,,Đảo Sách Store,available,1000,True,True,True
158868315,Academic Writing - Chỉ Dẫn Viết Luận Chuẩn Quốc Tế Dành Cho Sinh Viên,249000,249000,0,0.0,0,0,Stephen Bailey,Thái Hà,Nhà Xuất Bản Công Thương,,,,,Nhà Sách Vĩnh Thụy,available,1000,True,True,True
271326061,Bài Tập Tiếng Anh 8 - Không Đáp Án (Bám Sát SGK Cánh Diều I-Learn Smart World) (Kèm File Đáp Án)_HA,56950,85000,33,0.0,0,0,,Nhà Sách Hồng Ân,Nhà Xuất Bản Đại Học Quốc Gia Hà Nội,,Bìa mềm,142,,Bảo Châu Books,available,1000,True,True,True
177977596,Academic Writing - Chỉ Dẫn Viết Luận Chuẩn Quốc Tế Dành Cho Sinh Viên,249000,249000,0,0.0,0,0,Stephen Bailey,Nhà Xuất Bản Đại Học Quốc Gia Hà Nội,Nhà Xuất Bản Đại Học Quốc Gia Hà Nội,,Bìa mềm,464,,HỆ THỐNG NHÀ SÁCH ABC,available,1000,True,True,True
202217611,Sách  No Vocab – No Worries - BẢN QUYỀN,169000,169000,0,0.0,0,0,,1980 Books,Nhà Xuất Bản Dân Trí,,,,,Bamboo Books,available,1000,True,True,True
273316879,Tự Học Tiếng Anh Cấp Tốc - Những Mẫu Câu Thông Dụng Trong Cuộc Sống,89100,99000,10,0.0,0,0,"Ryan Bleckley, Carolina Han",Văn Lang,,,Bìa mềm,248,2023-11-14,Bảo Châu Books,available,1000,True,True,True
252550201,Tôi Muốn Giỏi Tiếng Anh Nhưng Tôi Không Muốn Chăm Chỉ,210000,210000,0,0.0,0,0,,Sách điện tử Thái Hà,Nhà Xuất Bản Công Thương,,,,,Bamboo Books,available,1000,True,True,True
270863161,Big Hero - Chinh Phục Tiếng Anh 3 (Theo Chủ Đề),89000,89000,0,0.0,0,0,Hoàng Thị Ngọc Tú,Công Ty TNHH Văn Hóa Thiên Lộc,Nhà Xuất Bản Đại Học Quốc Gia Hà Nội,,Bìa mềm,139,2022-12-22,Nhà sách Quốc Việt,available,1000,True,True,True
270863189,Big Hero - Chinh Phục Tiếng Anh 4 (Theo Chủ Đề),89000,89000,0,0.0,0,0,Hoàng Thị Ngọc Tú,Công Ty TNHH Văn Hóa Thiên Lộc,Nhà Xuất Bản Đại Học Quốc Gia Hà Nội,,Bìa mềm,155,2022-12-16,Nhà sách Quốc Việt,available,1000,True,True,True
279054340,Sách - ACT STUDY GUIDE PREMIUM EDITION: Luyện Thi Đánh Giá Năng Lực - TTRHN,449250,599000,25,0.0,0,0,Brian W. Stewart M.Ed.,1980 Books,Nhà Xuất Bản Dân Trí,,Bìa mềm,696,,TTR Next Generation,available,1000,True,True,True
32901467,English Made Easy: Volume One - Tiếng Anh Qua Tranh ( Tặng Kèm Bookmark Tuyệt Đẹp ),119000,149000,20,5.0,1,3,"Pieter Koster, Jonnathan Crichton",Alphabooks,,,Bìa mềm,,,Omega Plus Books,available,1000,True,True,True
271100038,Learning English With Tv Series - Luyện Nói Thành Thạo Cùng “Mọt” Phim Tiếng Anh,109000,109000,0,0.0,0,0,Maëva Courtois,Công ty TNHH Thương mại và Dịch vụ Văn hóa Hà Nội,Nhà Xuất Bản Thế Giới,,Bìa mềm,242,2023-08-10,Bamboo Books,available,1000,True,True,True
273166881,Happy Reader Chuyện Tình Romeo Và Juliet (1000 Words)  - Bản Quyền,57000,57000,0,0.0,0,0,,FIRST NEWS,Nhà Xuất Bản Tổng hợp TP.HCM,,,,,Bamboo Books,available,1000,True,True,True
182131386,Sách - Toán Mathematics 3 Song ngữ Anh - Việt ( bc),49000,49000,0,0.0,0,0,nhieu tac gia,Nhà Sách Hồng Ân,Nhà Xuất Bản Đại Học Quốc Gia Hà Nội,,Bìa mềm,131,2022-05-05,Bảo Châu Books,available,1000,True,True,True
104628459,Sách - Học tiếng anh thật vui với combo sách Hello English - xin chào tiếng anh (bộ 4 cuốn),183000,183000,0,0.0,0,0,.,Đinh Tị,Nhà Xuất Bản Thanh Niên,,,64,,Bamboo Books,available,1000,True,True,True
248191506,Phao Tuyển Dụng: 233 Mẫu Câu Tiếng Anh Chinh Phục Nhà Tuyển Dụng,191000,239000,20,0.0,0,0,Juliana Jiyoon Lee,Alpha Books,The Gioi Publisher,,,368,2023-03-20,Omega Plus Books,available,1000,True,True,True
276565793,NGÂN HÀNG KINH DOANH THƯƠNG MẠI / BANKING AND BUSINESS LAW,234000,234000,0,0.0,0,3,Luật sư Nguyễn Hoàng Minh,NXB Công An Nhân Dân,nxb cong an nhan dan,,Bìa mềm tay gấp,98,2024-07-31,Sách Tiếng Anh Pháp Lý,available,1000,True,True,True
181224629,Sách - Reading For Good - Expand Your Horizons,70400,80000,12,0.0,0,1,,Zenbooks,Nhà Xuất Bản Đà Nẵng,,,,,Đảo Sách Store,available,1000,True,True,True
278532505,Sách - Từ Điển Anh-Anh-Việt Dành Cho Học Sinh - MCBooks,159000,159000,0,0.0,0,1,The Windy,MCBOOKS,Nhà Xuất Bản Đại Học Quốc Gia Hà Nội,,,,,MCBooks Sài Gòn,available,1000,True,True,True
181224784,Sách - Little Stories – To Help You Relax,57200,65000,12,0.0,0,1,,Zenbooks,Nhà Xuất Bản Đà Nẵng,,,,,Đảo Sách Store,available,1000,True,True,True
270715361,The Way To Give Generously,70000,70000,0,0.0,0,0,The Wanderers,NXB Đà Nẵng,Nhà Xuất Bản Đà Nẵng,,Bìa mềm,159,,Nhà Sách Phương Nam,available,1000,True,True,True
136482636,Sách The Way To Seek Wisdom,70000,70000,0,0.0,0,0,The Wanderers,Phương Nam Book,Nhà Xuất Bản Đà Nẵng,,Bìa mềm,160,,Nhà Sách Phương Nam,available,1000,True,True,True
142418727,Little Stories - To Share With Your Friends,65000,65000,0,0.0,0,0,Sracey Riches,Nhà Xuất Bản Đà Nẵng,Nhà Xuất Bản Đà Nẵng,,Bìa mềm,192,,Nhà Sách Phương Nam,available,1000,True,True,True
249114768,612 Câu Trắc Nghiệm Tiếng Anh 3 - Có Đáp Án (Biên Soạn Theo SGK Tiếng Anh 3 - Global Success) _HA,36400,52000,30,0.0,0,1,,Nhà Sách Hồng Ân,Nhà Xuất Bản Đại Học Quốc Gia Hà Nội,,Bìa mềm,128,,Bảo Châu Books,available,1000,True,True,True
277467271,Sổ Tay Kiến Thức Tiếng Anh Trung Học Cơ Sở - ML,63000,63000,0,0.0,0,0,Nguyễn Khánh Phương,Minh Long,Nhà Xuất Bản Đại Học Quốc Gia Hà Nội,,Bìa mềm,202,,NewShop Official,available,1000,True,True,True
252856986,Tập Viết Tiếng Anh 4 (Bộ Sách Family And Friends 4 National Edition) _HA,43650,45000,3,5.0,1,2,"Nguyễn Hoàng Thanh Ly,  Hồ Tấn Mẫn",Nhà Sách Hồng Ân,Đại Học Sư Phạm TPHCM,,Bìa mềm,72,,NewShop Official,available,1000,True,True,True
73668416,"Học Tiếng Anh Cùng Jino - Learning English With Jino - Những Món Ăn Ngon - Yummy, Yummy Food",20000,20000,0,5.0,1,6,"Vinij Yeesaman, Apiradee Midomaru",Đinh Tị,Nhà Xuất Bản Thanh Niên,,,,,Nhà sách Fahasa,available,1000,True,True,True
279092209,Luyện Thi Đánh Giá Năng Lực (ACT Study Guide Premium Edition),599000,599000,0,0.0,0,0,"Brian W.Stewart, M.Ed.",1980 Books,Nhà Xuất Bản Dân Trí,,,,,1980 BOOKS HCM,available,1000,True,True,True
274188441,"Combo VSTEP - Chinh Phục Kỹ Năng Viết Và Nói Bậc B1, B2+ (Bộ 2 cuốn) - MEGA",176000,176000,0,0.0,0,2,"Nguyễn Thị Nhung, Bùi Thị Khánh Huyền, Lưu Ngọc Nam",Megabook,Nhà Xuất Bản Đại Học Quốc Gia Hà Nội,,Bìa mềm,328,,NewShop Official,available,1000,True,True,True
194793805,Động Từ Bất Quy Tắc & Kiến Thức Anh Văn Căn Bản  _KV,8000,8000,0,0.0,0,3,,Khang Việt,Nhà Xuất Bản Tổng hợp TP.HCM,,Bìa mềm,36,,NewShop Official,available,1000,True,True,True
274186802,Bài Tập Dùng Kèm Tiếng Anh 4 (Biên Soạn Theo SGK Tiếng Anh 4 Global Success) - HA,89000,89000,0,0.0,0,0,"Nguyễn Văn Hai,  Nguyễn Hoàng Thanh Ly",Nhà Sách Hồng Ân,Nhà Xuất Bản Đại Học Quốc Gia Hà Nội,,Bìa mềm,204,,NewShop Official,available,1000,True,True,True
4439895,"Sách Rèn Luyện Thói Quen Tốt 2-6 Tuổi: Đừng Cẩu Thả Nữa, Trống Choai (Song Ngữ)",35000,35000,0,5.0,1,25,Khánh Tuệ - Ngọc Anh. Minh họa: Phạm Thùy Như,Phúc Minh,Nhà Xuất Bản Văn Học,,Bìa mềm,28,2018-09-09,Phúc Minh Books,available,1000,True,True,True
4439897,"Sách Rèn Luyện Thói Quen Tốt 2- 6 Tuổi: Đừng Chơi Gian Nhé, Mái Vàng (Song Ngữ)",35000,35000,0,5.0,1,26,Khánh Tuệ - Ngọc Anh. Minh họa: Phạm Thùy Như,Phúc Minh,Nhà Xuất Bản Văn Học,,Bìa mềm,28,2018-09-09,Phúc Minh Books,available,1000,True,True,True
273656059,Trạm Đọc Official | Phương Pháp Luyện Nói Tiếng Anh Lưu Loát ,109000,109000,0,0.0,0,0,nhieu tac gia,Alphabooks,Nhà Xuất Bản Dân Trí,,Bìa mềm,180,2022-03-09,Thang Long Book,available,1000,True,True,True
177518593,MM Publications: Sách học tiếng Anh - New Destinations Level B1+ Student's Book (British Edition),357750,357750,0,0.0,0,6,nhieu tac gia,MM PUBLICATIONS,MM PUBLICATIONS,,Bìa mềm,195,,Blue Horizon Books,available,1000,True,True,True
177518919,MM Publications: Sách học tiếng Anh - New Destinations Level B2 - Student's Book (British Edition),425250,425250,0,0.0,0,5,nhieu tac gia,MM PUBLICATIONS,MM PUBLICATIONS,,Bìa mềm,195,,Blue Horizon Books,available,1000,True,True,True
6914097,Tóm tắt kiến thức Tiếng Anh chương trình Phổ thông,15000,15000,0,5.0,3,94,Nguyễn Văn Hòa,Công ty TNHH Đầu Tư Sáng Tạo,,,Bìa mềm,12,,Nhà sách Fahasa,available,1000,True,True,True
252406006,Chiến thuật giải đề đạt điểm 10 môn tiếng Anh – Kì thi THPT QG,75000,75000,0,0.0,0,0,,Nhà xuất bản Phụ Nữ Việt Nam,Nhà Xuất Bản Phụ Nữ Việt Nam,,,,,Bamboo Books,available,1000,True,True,True
200719168,101+ MẸO SINH TỒN VỚI TIẾNG ANH,269000,269000,0,0.0,0,0,,Wavebooks,Nhà Xuất Bản Thế Giới,,,,,Nhà Sách Vĩnh Thụy,available,1000,True,True,True
254078698,"Happy Readers Robin Hood ""Thảo Khấu"" Rừng Xanh (600 Words + CD) 41662 - Bản Quyền",66000,66000,0,0.0,0,0,,First News - Trí Việt,NXB Tổng Hợp Thành Phố Hồ Chí Minh,,,,,Nhà Sách Vĩnh Thụy,available,1000,True,True,True
70665934,Bộ 4 Cuốn Reader's Bank (Level 1+2+3+4),516000,646000,20,5.0,2,11,Lee Jang Dol,Alphabooks,Nhà Xuất Bản Thế Giới,,Bìa mềm,,,Alpha Books Official,available,1000,True,True,True
260795476,Little Stories – To Help You Relax - Bản Quyền,65000,65000,0,0.0,0,0,,Zenbooks,Nhà Xuất Bản Đà Nẵng,,,,,HỆ THỐNG NHÀ SÁCH ABC,available,1000,True,True,True
253660508,Sách 500 Chữ Kanji Cơ Bản Vol.2 + kèm CD Bản Quyền,248000,248000,0,0.0,0,0,,First News - Trí Việt,Nhà Xuất Bản Đại Học Quốc Gia TP.HCM,,,,,info book,available,1000,True,True,True
271090499,Sách - Vở luyện viết tiếng anh Movers,46000,46000,0,0.0,0,1,,Nhà Sách Hồng Ân,Nhà Xuất Bản Phụ Nữ Việt Nam,,Bìa mềm,,,HƯƠNG BOOK 2,available,1000,True,True,True
278499834,The Definitive Writing Guide For IELTS - Task 2 - Bản Quyền,162000,162000,0,0.0,0,0,Nhiều tác giả,MCBOOKS,Nhà Xuất Bản Hồng Đức,,Bìa mềm,204,2025-08-14,Bamboo Books,available,1000,True,True,True
260795180,Little Stories – To Make You Smile  - Bản Quyền,65000,65000,0,0.0,0,0,,Zenbooks,Nhà Xuất Bản Đà Nẵng,,,,,HỆ THỐNG NHÀ SÁCH ABC,available,1000,True,True,True
255317246,Richmond Practice Tests Flyers Bản Quyền,148000,148000,0,0.0,0,0,,First News - Trí Việt,Nhà Xuất Bản Tổng hợp TP.HCM,,,,,Bamboo Books,available,1000,True,True,True
200719166,Sách - 101+ MẸO SINH TỒN VỚI TIẾNG ANH,269000,269000,0,0.0,0,0,,Wavebooks,Nhà Xuất Bản Thế Giới,,,,,Nhà Sách Vĩnh Thụy,available,1000,True,True,True
208682474,Reader's Bank Series 2 - Bản Quyền,149000,149000,0,0.0,0,0,,Alphabooks,Nhà Xuất Bản Thế Giới,,,,,HỆ THỐNG NHÀ SÁCH ABC,available,1000,True,True,True
273166871,Happy Reader Truyện Ngắn Hay Nhất Của O. Henry (800 Words)  - Bản Quyền,68000,68000,0,0.0,0,0,,FIRST NEWS,Nhà Xuất Bản Tổng hợp TP.HCM,,,,,Bamboo Books,available,1000,True,True,True
138342801,Reader's Bank - Level 6,179000,179000,0,0.0,0,0,,Nhà Xuất Bản Thế Giới,Nhà Xuất Bản Thế Giới,,Bìa mềm,187,,HỆ THỐNG NHÀ SÁCH ABC,available,1000,True,True,True
276483224,Tiếng Anh Du Ký - My English Journey,169000,169000,0,0.0,0,0,Lee Việt,Skybooks,Nhà Xuất Bản Phụ Nữ Việt Nam,,,288,,NHBook,available,1000,True,True,True
200010589,101+ Mẹo Sinh Tồn Với Tiếng Anh,269000,269000,0,0.0,0,0,Hyunjeong Yoo,AZ Việt Nam,Nhà Xuất Bản Thế Giới,,,,,Nhà Sách Vĩnh Thụy,available,1000,True,True,True
254080530,Happy Readers Aesop's Fables 44007  Những Câu Chuyện Ngụ Ngôn Aesop Nổi Tiếng (450 Words + CD)  - Bản Quyền,54000,54000,0,0.0,0,0,,First News - Trí Việt,Nhà Xuất Bản Tổng hợp TP.HCM,,,,,Nhà Sách Vĩnh Thụy,available,1000,True,True,True
255389837,Happy Readers Peter Pan 46957  Cậu Bé Peter Pan (450 Words + CD) - Bản Quyền,66000,66000,0,0.0,0,0,,First News - Trí Việt,Nhà Xuất Bản Tổng hợp TP.HCM,,,,,Nhà Sách Vĩnh Thụy,available,1000,True,True,True
258567202,Little Stories -The best book for your leisure time - Bản Quyền,65000,65000,0,0.0,0,0,Claire Luong,Saigon Books,Nhà Xuất Bản Đà Nẵng,,Bìa mềm,192,,HỆ THỐNG NHÀ SÁCH ABC,available,1000,True,True,True
50322346,1000 Từ Anh - Việt Đầu Tiên,95000,95000,0,5.0,1,11,Usborne,Phụ Nữ,Nhà Xuất Bản Phụ Nữ,,,,,Bảo Châu Books,available,1000,True,True,True
208917264,Sống Sót Nơi Công Sở English Business Conversation Nói Sao Cho Ngầu - Bản Quyền,179000,179000,0,0.0,0,0,,Alphabooks,Nhà Xuất Bản Dân Trí,,,,,info book,available,1000,True,True,True
270103775,Sách Tôi muốn giỏi tiếng Anh nhưng tôi không muốn chăm chỉ - Bản Quyền,210000,210000,0,0.0,0,0,,Thái Hà Book,Nhà Xuất Bản Công Thương,,,,,HỆ THỐNG NHÀ SÁCH ABC,available,1000,True,True,True
217535298,Happy Reader - Giai Nhân Và Quái Vật,55000,55000,0,0.0,0,0,,FIRST NEWS,oem,,Bìa mềm,,,Nhà Sách Vĩnh Thụy,available,1000,True,True,True
212463204,Học Tiếng Anh Qua 86 Mẩu Chuyện Cười Song Ngữ Anh - Việt: Trình Độ Sơ Cấp,54600,70000,22,0.0,0,15,Thiên Phúc,CÔNG TY TNHH MTV TRÍ TUỆ,Nhà Xuất Bản Thanh Niên,,Bìa mềm,248,2022-12-22,Trí Tuệ Book,available,1000,True,True,True
273166875,Happy Reader Daddy-Long-Legs Nhện Chân Dài (450 Words)  - Bản Quyền,42000,42000,0,0.0,0,0,,FIRST NEWS,Nhà Xuất Bản Tổng hợp TP.HCM,,,,,Bamboo Books,available,1000,True,True,True
276308778,Sách - Lộ Trình Học Tiếng Anh Cho Người Mất Gốc - The English Journey,198000,198000,0,0.0,0,0,Nguyễn Thị Xuân Quỳnh,Zenbooks,Nhà Xuất Bản Thế Giới,,,,,Hiệu Sách Tự Do,available,1000,True,True,True
270715539,Little Stories – To Help You Relax,65000,65000,0,0.0,0,0,Stacey Riches,NXB Đà Nẵng,Nhà Xuất Bản Đà Nẵng,,Bìa mềm,192,,Nhà Sách Vĩnh Thụy,available,1000,True,True,True
273818409,"NUANCE - 50 SẮC THÁI CỦA TỪ - Kenvin Kang, Hanna Byun - Lưu Ly Thảo dich - Alpha Books - NXB Thế Giới.",159000,159000,0,0.0,0,0,Kenvin Kang,Alpha Books,Nhà Xuất Bản Thế Giới,,Bìa mềm,264,,HỆ THỐNG NHÀ SÁCH ABC,available,1000,True,True,True
196858157,Combo Collins Practice Tests for A2 và B1 Preliminary for Schools  (KET) (PET) ,626000,626000,0,0.0,0,0,nhieu tac gia,Nhân Trí Việt,Nhà Xuất Bản Tổng hợp TP.HCM,,Bìa mềm,500,2022-09-05,NHBook,available,1000,True,True,True
270703843,Super Starters - Teacher's Book (2nd edition) (Kèm DVD),188000,188000,0,0.0,0,0,Jonathan Marks,NXB Tổng hợp TP.HCM,Nhà Xuất Bản Tổng hợp TP.HCM,,Bìa mềm,92,2020-12-03,Nhà Sách Phương Nam,available,1000,True,True,True
98870917,"Combo Fantastic Flyers – Teacher’s Book, Fantastic Flyers – Activity Book, Fantastic Flyers – Pupil’s Book",424000,424000,0,0.0,0,1,"Viv Lambert, Cheryl Pelteret",Nhân Trí Việt,Nhà Xuất Bản Tổng hợp TP.HCM,,Bìa mềm,,,NHBook,available,1000,True,True,True
98870092,"Combo Super Starters – Pupil’s Book, Super Starters – Activity Book, Super Starters – Teacher’s Book",444000,444000,0,0.0,0,0,"Jonathan Marks, Hilary Thompson",Nhân Trí Việt,Nhà Xuất Bản Tổng hợp TP.HCM,,Bìa mềm,,,NHBook,available,1000,True,True,True
4890797,Sách Picture Book Song Ngữ - Chú Sâu Háu Ăn (Tái Bản),84000,84000,0,4.7,3,18,Eric Carle,Quảng Văn,,,Bìa mềm,,2018-09-01,Minhhabooks,available,1000,True,True,True
2001025,Sách Bộ Tiếng Anh Thật Vui - Chữ Số (Tái Bản),28500,30000,5,0.0,0,0,Tịnh Lâm,Công Ty CP Sách Văn Chương,Nhà Xuất Bản Văn Học,,Bìa mềm,28,2018-04-23,Chính Thông,available,1000,True,True,True
5743631,Học Tiếng Anh Siêu Thú Vị: Sách Học 2,25920,36000,28,4.5,4,215,Sasbadi Group,Nhã Nam,Nhà Xuất Bản Thế Giới,,Bìa mềm,30,2018-10-05,Tiki Trading,available,1000,False,True,True
261839548,Expressions For English Speaking 100+ Chủ Đề Về Đời Sống,149000,149000,0,0.0,0,0,,Alpha Books,oem,,,,,HỆ THỐNG NHÀ SÁCH ABC,available,1000,True,True,True
274920908,Hành Trình Phiên Dịch Sống Động - Luyện Tập Phiên Dịch Tiếng Nhật Trong Thực Tế - Bản Quyền,430000,430000,0,0.0,0,0,Nhiều tác giả,Alphabooks,Nhà Xuất Bản Thế Giới,,Bìa mềm,608,2024-05-02,HỆ THỐNG NHÀ SÁCH ABC,available,1000,True,True,True
55552213,English Learning Series - Level 1: My Favourite Colours,38000,40000,5,0.0,0,3,Nhiều tác giả,Cty Văn Hóa Giáo Dục Long Minh,Nhà Xuất Bản Dân Trí,,,,,Nhà sách Fahasa,available,1000,True,True,True
138342125,Let's Write! - Tập 1: Viết Đoạn Không Khó,153000,199000,23,0.0,0,0,Trần Thanh Hương,Nhà Xuất Bản Dân Trí,Nhà Xuất Bản Dân Trí,,Bìa mềm,211,,Alpha Books Official,available,1000,True,True,True
263085346,Luyện Viết Thư Tín...E-Mail...Fax...Bằng Tiếng Anh,121600,128000,5,0.0,0,1,Nguyễn Thành Yến,Cty Nhân Trí Việt,Nhà Xuất Bản Tổng hợp TP.HCM,,,,,Nhà sách Fahasa,available,1000,True,True,True
252040922,Học Tiếng Anh Qua 90 Mẩu Chuyện Cười Song Ngữ Anh - Việt - Trình Độ Nâng Cao,72000,80000,10,0.0,0,4,,Cty Trí Tuệ,Nhà Xuất Bản Thanh Niên,,,,,Nhân Văn,available,1000,True,True,True
9949536,Sách I-Fly (For Revised Exam From 2018 - A2 Flyers Exam And 2 Complete Practice Tests) (Kèm file MP3),178200,198000,10,5.0,3,16,"Andrew Betsis, Lawrence Mamas",Nhân Trí Việt,,,Bìa mềm,128,2019-01-01,Nhà sách Fahasa,available,1000,True,True,True
273949757,[Einstetin Books] Combo 2 Cuốn: Nuance 50 Sắc Thái Của Từ + Top 1500+ Cụm Từ Tiếng Anh Thông Dụng Theo Chủ Đề,260000,338000,23,5.0,2,5,,Alpha Books,Nhà Xuất Bản Thế Giới,,Bìa mềm,,,Alpha Books Official,available,1000,True,True,True
276675737,"Combo: Manners - Nâng Cao “Phẩm Giá” Cho Tiếng Anh Của Bạn + Sống Sót Nơi Công Sở - English Business Conversation - Nói Sao Cho ""Ngầu""",270000,338000,20,0.0,0,0,,Alpha Books,Nhiều Nhà Xuất Bản,,Bìa mềm,,2024-12-02,Alpha Books Official,available,1000,True,True,True
278819502,90 Ngày Ôn Hè Tiếng Anh 5 (Dành cho học sinh lớp 5 lên lớp 6),42200,59000,28,0.0,0,0,Bùi Văn Vinh - Th.S Thái Văn Anh,Nhà sách Minh Thắng,Nhà Xuất Bản Hà Nội,,,84,,Tiki Trading,available,1000,False,True,True
42689441,Sách Thảo Luận Các Vấn Đề Thời Sự Bằng Tiếng Anh (Kèm 3 CD),61000,83000,27,4.0,11,89,Lê Huy Lâm,Nhân Trí Việt,Nhà Xuất Bản Tổng hợp TP.HCM,,Bìa mềm,274,2019-01-11,Tiki Trading,available,1000,False,True,True
171468244,Một nghìn từ tiếng Anh đầu tiên - My first 1000 words (Tái Bản),144000,160000,10,0.0,0,0,Việt Phước,Công Ty Cổ Phần Văn Hóa Đông A,Nhà Xuất Bản Dân Trí,,Bìa cứng,,2022-03-01,Đông A Books Official,available,1000,True,True,True
209174527,Combo Let's Write 1+2: Viết Đoạn Không Khó + Viết Đoạn Nâng Cao,326000,408000,20,5.0,3,17,,Alphabooks,Nhà Xuất Bản Dân Trí,,Bìa mềm,,,Alpha Books Official,available,1000,True,True,True
279166577,Combo Bài Tập Thực Hành Tiếng Anh lớp 6 theo SGK Global Success (Không Đáp Án+ Có Đáp Án) - Sách Tiếng Anh Mai Lan Hương,103900,105000,1,0.0,0,0,Mai Lan Hương,Huy Hoàng Bookstore,Nhà Xuất Bản Đà Nẵng,,,,,Minhhabooks,available,1000,True,True,True
100285142,Bảng Chữ Cái Tiếng Anh - Giáo Dục Sớm Thẻ Thông Minh Chuẩn Theo Phương Pháp Giáo Dục Của Glenn Doman,48300,59000,18,0.0,0,1,The Candy,MCBOOKS,Nhà Xuất Bản Hồng Đức,,,,,Nhà sách Fahasa,available,1000,True,True,True
279218780,Sách - IELTS CORE: Writing Keys - Chìa Khóa Công Phá Task 1 & Task 2 Band Cao,130380,159000,18,0.0,0,0,Nhiều tác giả,MCBOOKS,Nhà Xuất Bản Hồng Đức,,,,,MCBooks,available,1000,True,True,True
261005602,How To Write 4 Types Of Essays - Từng Bước Làm Quen Với Viết Luận Tiếng Anh,119000,119000,0,0.0,0,0,,Alphabooks,Nhà Xuất Bản Thế Giới,,,,,HỆ THỐNG NHÀ SÁCH ABC,available,1000,True,True,True
261962546,Sống Sót Nơi Công Sở - Everyday English - Nói Đi Ngại Gì,169000,169000,0,0.0,0,0,,Alphabooks,oem,,,,,Nhà Sách Vĩnh Thụy,available,1000,True,True,True
248619715,How To Write 4 Types Of Essays - Từng Bước Làm Quen Với Viết Luận Tiếng Anh (*** Sách Bản Quyền ***),95000,119000,20,0.0,0,0,,Alphabooks,Nhà Xuất Bản Thế Giới,,,,,Alpha Books Official,available,1000,True,True,True
278070789,Bộ Sách Mentor + Lộ Trình Học Tiếng Anh Cho Người Mất Gốc,318420,366000,13,0.0,0,0,"Nguyễn Thị Xuân Quỳnh, Lê Công Minh",Zenbooks,Nhà Xuất Bản Thế Giới,,Bìa mềm,344,2025-06-05,Zenbooks Official ,available,1000,True,True,True
181453813,Sách - Reading For Good - Expand Your Horizons,69600,80000,13,0.0,0,2,The Wanderers,Zenbooks,Nhà Xuất Bản Đà Nẵng,,Bìa mềm,184,,Zenbooks Official ,available,1000,True,True,True
186139590,Bài tập Thực hành tiếng Anh 6 (Có đáp án) - Dùng kèm SGK Tiếng Anh 6 GLOBAL SUCCESS,52200,60000,13,5.0,3,20,"Mai Lan Hương , Nguyễn Thị Thanh Tâm",Zenbooks,Nhà Xuất Bản Đà Nẵng,,Bìa mềm,,,Zenbooks Official ,available,1000,True,True,True
181453773,Sách Reading For Good Never Give Up,69600,80000,13,0.0,0,1,The Wanderers,Zenbooks,Nhà Xuất Bản Đà Nẵng,,Bìa mềm,184,,Zenbooks Official ,available,1000,True,True,True
272620320,Sách - Combo Đối Đáp Tiếng Anh Từ Á Sang Âu Như Người Bản Xứ,398460,458000,13,0.0,0,0,nhieu tac gia,Zenbooks,Nhà Xuất Bản Đà Nẵng,,Bìa mềm,327,2023-01-01,Zenbooks Official ,available,1000,True,True,True
154224345,Combo: Let’s Write! – Viết Đoạn Không Khó (Tập 1 – Cơ Bản) + How To Write 4 Types Of Essays - Từng Bước Làm Quen Với Viết Luận Tiếng Anh,254000,318000,20,4.0,2,21,nhieu tac gia,Alpha Books,Nhà Xuất Bản Thế Giới,,Bìa mềm,349,2021-12-29,Omega Plus Books,available,1000,True,True,True
181453878,Sách - Luyện Viết Tiếng Anh 5 - Tập 1,24360,28000,13,0.0,0,1,Mai Lan Hương - Lê Hoàng Trung Tiến,Zenbooks,Nhà Xuất Bản Đà Nẵng,,Bìa mềm,,,Zenbooks Official ,available,1000,True,True,True
23462934,Bài Tập Cuối Tuần Tiếng Anh Lớp 4 (Có Đáp Án) -2 Tập,124990,124990,0,0.0,0,0,.,Nhà sách Minh Thắng,,,,,,AHABOOKS,available,1000,True,True,True
277995119,Bộ Sách Thông Thạo Tiếng Anh Toàn Diện -Từ Mất Gốc Đến Làm Chủ Giao Tiếp,1338930,1539000,13,0.0,0,0,nhieu tac gia,Zenbooks,Nhà Xuất Bản Thế Giới,,Bìa mềm,250,2025-05-19,Zenbooks Official ,available,1000,True,True,True
278090692,Trọn Bộ Sách Thông Thạo Tiếng Anh Toàn Diện -Từ Mất Gốc Đến Làm Chủ Giao Tiếp và IELTS,1531200,1760000,13,0.0,0,0,nhieu tac gia,Zenbooks,Nhà Xuất Bản Thế Giới,,Bìa mềm,1500,2025-06-09,Zenbooks Official ,available,1000,True,True,True
276851723,Sách - Bài Tập Tiếng Anh 9 - Có Đáp Án (Dùng Kèm SGK Global Success),91350,105000,13,0.0,0,0,Zenbooks,Zenbooks,Nhà Xuất Bản Thế Giới,,Bìa mềm,196,2024-12-23,Zenbooks Official ,available,1000,True,True,True
3483101,Sách Academic Reading Builder,207060,238000,13,5.0,1,3,"Bin Walters, Will Link",Zenbooks,Nhà Xuất Bản Đà Nẵng,,Bìa mềm,216,,Zenbooks Official ,available,1000,True,True,True
48773246,Cuốn Sách Thần Thánh Nâng Cao Trình Độ Viết Luận: 168 Bài Luận Tiếng Anh Hay Nhất (Tái Bản 01),147300,148800,1,5.0,1,7,Đại Lợi,Nhà sách Minh Thắng,Nhà Xuất Bản Đại Học Quốc Gia Hà Nội,,Bìa mềm,,,Minhhabooks,available,1000,True,True,True
263207580,Reader'S Bank Series 8,132300,189000,30,0.0,0,0,Lee Jang Dol,Alpha Books,Nhà Xuất Bản Thế Giới,,,,,Nhà sách Fahasa,available,1000,True,True,True
146271552,101 Từ Đầu Tiên: Giao Thông (Tái Bản 2021),51000,60000,15,0.0,0,0,MiloKids,Minh Long,Nhà Xuất Bản Mỹ Thuật,,,,,Nhà sách Fahasa,available,1000,True,True,True
192988056,New Way Ahead (Kèm CD),288000,320000,10,0.0,0,0,Nicholas Sampson,Cty Nhân Trí Việt,Nhà Xuất Bản Tổng hợp TP.HCM,,,,,Nhà sách Fahasa,available,1000,True,True,True
112334877,Sách Tớ Đến Với Khoa Học: Thời Tiết Và Các Mùa (Tái Bản),39200,49000,20,0.0,0,0,Emma Ranade,Alphabooks,Nhà Xuất Bản Dân Trí,,Bìa mềm,24,2021-07-01,Nhà sách Fahasa,available,1000,True,True,True
277347477,(Take Note) Sổ Tay Tiếng Anh 9 Global Success - Mai Lan Hương,49300,58000,15,0.0,0,0,Mai Lan Hương,Hasabooks,Nhà Xuất Bản Đà Nẵng,,Bìa mềm,96,2025-02-14,Hasabooks Official Store,available,1000,True,True,True
253059901,Mứt Của Sói Mất Rồi – Wolf’s Jam Is Missing,103600,104700,1,0.0,0,0,nhieu tac gia,Công ty Cổ Phần Văn Hóa và Giáo Dục Tân Việt,Nhà Xuất Bản Mỹ Thuật,,Bìa mềm,16,,Minhhabooks,available,1000,True,True,True
279166545,Sách Tiếng Anh Mai Lan Hương - Luyện tập Tiếng Anh Lớp 4 – Family and Friends – Special Edition,150400,152000,1,0.0,0,0,"Mai Lan Hương , Hà Thanh Uyên",Huy Hoàng Bookstore,Nhà Xuất Bản Đà Nẵng,,,,,Minhhabooks,available,1000,True,True,True
203945344,Đố Bạn Tìm Được Tôi - Giải Cứu Trái Tim,46200,52000,11,0.0,0,3,Highlights,Zenbooks,Nhà Xuất Bản Đà Nẵng,,,,,Nhà sách Fahasa,available,1000,True,True,True
146272158,Business English Pro - Tiếng Anh Thương Mại,218900,238000,8,3.0,1,8,Aran Kim,Cty Văn Hóa Văn Lang,,,,,,Nhà sách Fahasa,available,1000,True,True,True
22634349,Sách English At A Glance – Những Động Từ Cụm Thông Dụng,57000,60000,5,0.0,0,2,PONS,Nhân Trí Việt,,,Bìa mềm,,2019-07-01,Nhà sách Fahasa,available,1000,True,True,True
5743637,Học Tiếng Anh Siêu Thú Vị: Sách Học 5,33100,36000,8,4.0,1,8,Sasbadi Group,Nhã Nam,,,Bìa mềm,30,2018-10-05,Nhà sách Fahasa,available,1000,True,True,True
48364405,Sách PONS GENERAL REFERENCE – TRILINGUAL VISUAL DICTIONARY Vietnamese–Japanese–English,321100,338000,5,4.7,12,35,PONS,Nhân Trí Việt,Nhà Xuất Bản Tổng hợp TP.HCM,,Bìa mềm,488,2020-02-02,Nhà sách Fahasa,available,1000,True,True,True
215040205,Học Tiếng Anh Qua 86 Mẩu Chuyện Cười Song Ngữ Anh - Việt (Trình Độ Sơ Cấp),66500,70000,5,4.5,2,11,Thiên Phúc,Cty Trí Tuệ,nxb thanh nien,,,,,Nhà sách Fahasa,available,1000,True,True,True
279269836,Sách - VSTEP Mock Tests - Bộ 10 Đề Luyện Thi Tăng Tốc Điểm Số,172200,198000,13,0.0,0,0,nhieu tac gia,MCBOOKS,Nhà Xuất Bản Tri Thức,,Bìa mềm,,2023-12-21,Nhà sách Fahasa,available,1000,True,True,True
185925223,Happy Reader - Những Câu Chuyện Kinh Thánh - T2,44800,54000,17,0.0,0,1,First News,FIRST NEWS,Nhà Xuất Bản Tổng hợp TP.HCM,,,,,Nhà sách Fahasa,available,1000,True,True,True
74992394,Sách Reader's Bank Series 9,132300,189000,30,0.0,0,0,Lee Jang Dol,Alphabooks,Nhà Xuất Bản Thế Giới,,Bìa mềm,194,,Nhà sách Fahasa,available,1000,True,True,True
152740746,Sách Expand Your Horizons - Reading For Good,53600,80000,33,5.0,19,163,The Wanderers,Zenbooks,Nhà Xuất Bản Đà Nẵng,,Bìa mềm,184,2021-12-12,Tiki Trading,available,1000,False,True,True
272918184,Mighty Movers 2nd Edition - Pupil'S Book (Tái Bản 2023),115200,128000,10,0.0,0,9,,Cty Nhân Trí Việt,Nhà Xuất Bản Tổng hợp TP.HCM,,,,,Nhà sách Fahasa,available,1000,True,True,True
5743625,Học Tiếng Anh Siêu Thú Vị : Sách Luyện - Tập 5,22800,24000,5,0.0,0,2,Sasbadi Group,Nhã Nam,,,Bìa mềm,30,2018-10-05,Nhà sách Fahasa,available,1000,True,True,True
253444072,Learning English 4 - Wordbook,153000,180000,15,0.0,0,0,,Cty Quốc Tế Á Châu,Nhà Xuất Bản Thế Giới,,,,,Nhà sách Fahasa,available,1000,True,True,True
190502288,Tập Viết Tiếng Anh Cho Trẻ - Giao Thông,37000,39000,5,5.0,2,5,Huyền Linh,Cty Văn Hóa & Truyền Thông Trí Việt.,Nhà Xuất Bản Dân Trí,,,,,Nhà sách Fahasa,available,1000,True,True,True
186744540,Sách tương tác tiếng Anh: See Inside Where Food Comes From,396495,445500,11,0.0,0,0,,Usborne Publishing Ltd,Usborne Publishing Ltd,,Bìa cứng,16,,Blue Horizon Books,available,1000,True,True,True
253062578,Đi Tìm Chìa Khóa Vàng – Finding The Golden Key,103600,104700,1,0.0,0,0,nhieu tac gia,Công ty Cổ Phần Văn Hóa và Giáo Dục Tân Việt,Nhà Xuất Bản Mỹ Thuật,,Bìa mềm,16,,Minhhabooks,available,1000,True,True,True
5743639,Học Tiếng Anh Siêu Thú Vị: Sách Học 6,33100,36000,8,0.0,0,3,Sasbadi Group,Nhã Nam,,,Bìa mềm,30,2018-10-05,Nhà sách Fahasa,available,1000,True,True,True
180609888,1000 Từ Anh - Việt Đầu Tiên,76000,95000,20,0.0,0,2,Usborne,Phụ Nữ,Nhà Xuất Bản Phụ Nữ Việt Nam,,,,,Nhà sách Fahasa,available,1000,True,True,True
5743621,Học Tiếng Anh Siêu Thú Vị : Sách Luyện - Tập 3,22800,24000,5,0.0,0,7,Sasbadi Group,Nhã Nam,,,Bìa mềm,30,2018-10-05,Nhà sách Fahasa,available,1000,True,True,True
271579035,Brady Siêu Đỉnh - 365 Ngày Phát Triển Trí Tuệ - Level 2 - Tấm Gương Tốt-Việc Làm Tốt,50400,56000,10,0.0,0,1,,Cty Văn Hóa & Truyền Thông Trí Việt.,Nhà Xuất Bản Văn Học,,,,,Nhà sách Fahasa,available,1000,True,True,True
146274549,101 Từ Đầu Tiên: Bảng Chữ Cái (Tái Bản 2021),51000,60000,15,0.0,0,0,MiloKids,Minh Long,Nhà Xuất Bản Mỹ Thuật,,,,,Nhà sách Fahasa,available,1000,True,True,True
355790,Sách Tiếng Anh Cuối Tuần (Kèm CD),48000,50000,4,0.0,0,1,Thanh Hà,Huy Hoàng Bookstore,,,Bìa mềm,186,2012-03-31,Nhà sách Fahasa,available,1000,True,True,True
184589282,Tiểu thuyết tiếng Anh: The Sandman,230688,259200,11,0.0,0,0,E. T. A. Hoffman,Bloomsbury,Bloomsbury,,Bìa mềm,101,,Blue Horizon Books,available,1000,True,True,True
273461290,Mighty Movers 2ND Edition - Activity'S Book (Tái Bản 2023),115200,128000,10,5.0,1,9,,Cty Nhân Trí Việt,Nhà Xuất Bản Tổng hợp TP.HCM,,,,,Nhà sách Fahasa,available,1000,True,True,True
177844643,Vector: Sách hệ Cambrige - Học toán bằng tiếng Anh - Maths 6 - Student's Book,560250,560250,0,0.0,0,0,nhieu tac gia,MM PUBLICATIONS,MM PUBLICATIONS,,Bìa mềm,,,Blue Horizon Books,available,1000,True,True,True
274875242,10 Phút Mỗi Ngày Để Học Tốt Tiếng Anh - Bày Tỏ Cảm Xúc (Kèm CD) - Vanlangbooks,35000,35000,0,0.0,0,0,Geoff Barton,VanLangBooks,Nhà Xuất Bản Hồng Đức,,Bìa mềm,,,Văn Lang Official Store,available,1000,True,True,True
76838074,MM Publications: Sách học tiếng Anh - Go For A2 Key (For School) Student's Book (Br),318397,357750,11,0.0,0,1,H.Q Mitchell,MM PUBLICATIONS,MM PUBLICATIONS,,Bìa mềm,168,,Blue Horizon Books,available,1000,True,True,True
442423,Sách Collins English For Exams - Cambridge English First (Kèm CD),223200,248000,10,5.0,2,7,,Nhân Trí Việt,,,Bìa mềm,188,2015-07-15,Nhà sách Fahasa,available,1000,True,True,True
184442393,Tiểu thuyết tiếng Anh: The Secrets Dreamworld of a Shopaholic,288360,324000,11,0.0,0,0,Sophie Kinsella,Amazon,Bloomsbury,,Bìa mềm,336,,Blue Horizon Books,available,1000,True,True,True
273980300,Global Success - Big 4 - Bộ Đề Tự Kiểm Tra 4 Kỹ Năng Nghe-Nói-Đọc-Viết Tiếng Anh Cơ Bản Và Nâng Cao 8 (MGB),69520,79000,12,0.0,0,0,Seth Godin,Megabook,Nhà Xuất Bản Đại Học Quốc Gia Hà Nội,,Bìa mềm,164,,Văn Lang Official Store,available,1000,True,True,True
184414933,Tiểu thuyết tiếng Anh: A Long Petal of the Sea,346032,388800,11,0.0,0,1,Isabel Allende,Amazon,Bloomsbury,,,336,,Blue Horizon Books,available,1000,True,True,True
270774111,Tiếng Anh cơ sở T1 ( sách cho sinh viên ),22000,22000,0,5.0,1,3,,Công Ty Cổ Phần Sách Đại Học - Dạy Nghề,Nhà Xuất Bản Giáo Dục Việt Nam,,,,,Cửa hàng Sách HEVOBOOKS,available,1000,True,True,True
273953811,Global Sucess - Big 4 - Bộ Đề Tự Kiểm Tra 4 Kỹ Năng Nghe-Nói-Đọc-Viết Tiếng Anh Cơ Bản Và Nâng Cao - Lớp 3 (MGB),76900,89000,14,0.0,0,0,"Hoàng Thị Ngọc Tú, Thuỳ Dương",Megabook,Nhà Xuất Bản Đại Học Quốc Gia Hà Nội,,Bìa mềm,188,,Văn Lang Official Store,available,1000,True,True,True
275007899,Sách GLOBAL SUCCESS - Bài Tập Trắc Nghiệm Tiếng Anh Lớp 3 Tập 1 - Có đáp án,48500,69000,30,0.0,0,3,"Bùi Văn Vinh, Thái Vân Anh, Nguyễn Thị Phương Anh, Hằng Nguyễn",Nhà sách Minh Thắng,Nhà Xuất Bản Đại Học Quốc Gia Hà Nội,,Bìa mềm,116,2024-01-01,Tiki Trading,available,1000,False,True,True
275007895,Sách GLOBAL SUCCESS - Bộ Đề Kiểm Tra Tiếng Anh Lớp 3 Tập 1 - Có đáp án (CÓ FILE NGHE),65300,95000,31,0.0,0,6,Nguyễn Thị Thu Huế,Nhà sách Minh Thắng,Nhà Xuất Bản Đại Học Quốc Gia Hà Nội,,Bìa mềm,192,2024-01-01,Tiki Trading,available,1000,False,True,True
47242758,Sách Luyện Thi Olympic Tiếng Anh - English Olympiad Lớp 2,38880,54000,28,0.0,0,2,Sheth Publishing House,1980 Books,Nhà Xuất Bản Dân Trí,,Bìa mềm,92,2020-02-01,TTR Next Generation,available,1000,True,True,True
275007912,Sách GLOBAL SUCCESS - MIND MAP VOCABULARY - Chinh Phục Từ Vựng Tiếng Anh Bằng Sơ Đồ Tư Duy,58400,85000,31,0.0,0,1,"Đại Lợi, Hằng Nguyễn, Ngọc Mai",Nhà sách Minh Thắng,Nhà Xuất Bản Hà Nội,,Bìa mềm,152,2024-01-01,Tiki Trading,available,1000,False,True,True
279243379,"Sách - Sách VSTEP - Chinh Phục Đề Thi VSTEP Bậc Năng Lực, Tổng Ôn 4 Kỹ Năng Từ B1 Đến C2",166500,185000,10,0.0,0,0,nhieu tac gia,Megabook,Nhà Xuất Bản Đại Học Quốc Gia Hà Nội,,Bìa mềm,,2023-12-21,Nhà sách Fahasa,available,1000,True,True,True
242076151,Tiếng Anh Cho Mọi Người - English For Everyone - Level 1 Beginner - Practice Book,178200,198000,10,0.0,0,7,Thomas Booth,Cty Nhân Trí Việt,Nhà Xuất Bản Tổng hợp TP.HCM,,,,,Nhà sách Fahasa,available,1000,True,True,True
221229418,Sách Basic Words - Out And About,75000,120000,38,0.0,0,0,Milo Kids,Minh Long,Nhà Xuất Bản Mỹ Thuật,,Bìa cứng,14,2023-02-02,Tiki Trading,available,1000,True,True,True
276418970,Sách Học Tốt Tiếng Anh 11 - Theo chương trình Global Success,114000,175000,35,0.0,0,7,"Trang Anh, Minh Anh",Công Ty Cổ Phần Văn Hóa Huy Hoàng,Nhà Xuất Bản Đại Học Sư Phạm,,Bìa mềm,388,2024-10-28,Tiki Trading,available,1000,False,True,True
277998598,Combo - 20 ngày tăng tốc - ôn luyện tiếng Anh vào 10 - Tập 1 + 2,268000,268000,0,0.0,0,0,,Công ty Cổ phần Truyền thông Văn hóa 25,Nhà Xuất Bản Thế Giới,,Bìa mềm,140,,25 AGENCY,available,1000,True,True,True
209905684,Combo Reader's Bank (Series 1 - Series 9) - Bản Quyền,149000,149000,0,0.0,0,0,,Alphabooks,Nhà Xuất Bản Thế Giới,,,,,Gooda Official,available,1000,True,True,True
271246638,Combo sách Empower A1 Starter Student’s Book and Workbook with Online Access,300000,300000,0,0.0,0,1,,Công Ty Cổ Phần Sách Đại Học - Dạy Nghề,Nhà Xuất Bản Giáo Dục Việt Nam,,,,,Cửa hàng Sách HEVOBOOKS,available,1000,True,True,True
167615074,Happy Reader - Những câu chuyện giáng sinh CD,54000,54000,0,0.0,0,1,,First News - Trí Việt,oem,,,,,Nhà Sách Vĩnh Thụy,available,1000,True,True,True
270126606,Sách Tôi muốn giỏi tiếng Anh nhưng tôi không muốn chăm chỉ - Bản Quyền,210000,210000,0,0.0,0,0,,Thái Hà Book,Nhà Xuất Bản Công Thương,,,,,HỆ THỐNG NHÀ SÁCH ABC,available,1000,True,True,True
252134082,Sách Useful Vietnamese for Expats - 3 - MCBOOKS - BẢN QUYỀN,89000,89000,0,0.0,0,0,,MCBOOKS,Nhà Xuất Bản Hồng Đức,,,,,Nhà Sách Vĩnh Thụy,available,1000,True,True,True
210276088,Sách Reader's Bank Series 8 - Alphabooks - BẢN QUYỀN,189000,189000,0,0.0,0,0,,Alphabooks,Nhà Xuất Bản Thế Giới,,,,,Nhà Sách Vĩnh Thụy,available,1000,True,True,True
261005597,How To Write 4 Types Of Essays - Từng Bước Làm Quen Với Viết Luận Tiếng Anh,119000,119000,0,0.0,0,0,,Alphabooks,Nhà Xuất Bản Thế Giới,,,,,HỆ THỐNG NHÀ SÁCH ABC,available,1000,True,True,True
273420329,Trạm Đọc | How To Write 4 Types Of Essays - Từng Bước Làm Quen Với Viết Luận Tiếng Anh ,119000,119000,0,0.0,0,0,Michael A Putlack,Alpha Books,Nhà Xuất Bản Thế Giới,,,,,HỆ THỐNG NHÀ SÁCH ABC,available,1000,True,True,True
210143559,Sách Reader's Bank Series 6 - Alphabooks - BẢN QUYỀN,179000,179000,0,0.0,0,0,,Alphabooks,Nhà Xuất Bản Thế Giới,,,,,Nhà Sách Vĩnh Thụy,available,1000,True,True,True
210878250,Sách Reader's Bank (Series 4) - Alphabooks - BẢN QUYỀN,179000,179000,0,0.0,0,0,,Alphabooks,Nhà Xuất Bản Thế Giới,,,,,Nhà Sách Vĩnh Thụy,available,1000,True,True,True
273725012,How To Write 4 Types of Essays – Từng Bước Làm Quen Với Viết Luận Tiếng Anh - Bản Quyền,119000,119000,0,0.0,0,0,,Alpha Books,Nhà Xuất Bản Thế Giới,,,,,HỆ THỐNG NHÀ SÁCH ABC,available,1000,True,True,True
274354607,[Tiệm Sách Einstein] Cách Nói Số Chuẩn,159000,159000,0,0.0,0,0,,Alpha Books,Nhà Xuất Bản Thế Giới,,Bìa mềm,,,HỆ THỐNG NHÀ SÁCH ABC,available,1000,True,True,True
273475275,Trạm Đọc | Sống Sót Nơi Công Sở - English Business E-mail : Viết E-mail Từ A-Z,289000,289000,0,0.0,0,0,Kevin Kyung,Alphabooks,Nhà Xuất Bản Thế Giới,,Bìa mềm,,2023-11-01,Nhà Sách Vĩnh Thụy,available,1000,True,True,True
36850680,English Made Easy: Volume One - Tiếng Anh Qua Tranh - Tặng Kèm Sổ Tay,149000,149000,0,0.0,0,0,,Alphabooks,,,Bìa mềm,190,,HỆ THỐNG NHÀ SÁCH ABC,available,1000,True,True,True
274112510,Little Stories - To Help You Relax,65000,65000,0,0.0,0,1,Stacey Riches,Saigon Books,Nhà Xuất Bản Đà Nẵng,,Bìa mềm,,,Hiệu Sách Tự Do,available,1000,True,True,True
259515055,Little stories - To share with your friends  - Bản Quyền,65000,65000,0,0.0,0,0,,Saigon Books,Nhà Xuất Bản Đà Nẵng,,,,,HỆ THỐNG NHÀ SÁCH ABC,available,1000,True,True,True
246020487,Little Stories - To Share With Your Friends,65000,65000,0,0.0,0,0,,Zenbooks,Nhà Xuất Bản Đà Nẵng,,,,,HỆ THỐNG NHÀ SÁCH ABC,available,1000,True,True,True
246159155,Little Stories - The Best Book For Your Leisure Time,65000,65000,0,0.0,0,0,,Zenbooks,Nhà Xuất Bản Đà Nẵng,,,,,HỆ THỐNG NHÀ SÁCH ABC,available,1000,True,True,True
160691554,Little Stories - To Have A Nice Day,65000,65000,0,0.0,0,0,,Zenbooks,Nhà Xuất Bản Đà Nẵng,,,,,HỆ THỐNG NHÀ SÁCH ABC,available,1000,True,True,True
258628372,Little stories - To help you relax - Bản Quyền,65000,65000,0,0.0,0,0,Claire Luong,Saigon Books,Nhà Xuất Bản Đà Nẵng,,Bìa mềm,192,,HỆ THỐNG NHÀ SÁCH ABC,available,1000,True,True,True
275942716,Achievers Grade 9 Student's Book With CLIL Book,251000,251000,0,0.0,0,4,,CÔNG TY TNHH EDUCATION SOLUTIONS VIỆT NAM,Nhà Xuất Bản Đại Học Huế,,,,,Nhân Văn,available,1000,True,True,True
92010299,Sách - Reader'S Bank Series 8,189000,189000,0,0.0,0,0,,Alphabooks,Nhà Xuất Bản Thế Giới,,,196,,Nhà Sách Vĩnh Thụy,available,1000,True,True,True
275942722,Achievers Grade 9 Workbook,112000,112000,0,5.0,1,5,,CÔNG TY TNHH EDUCATION SOLUTIONS VIỆT NAM,Nhà Xuất Bản Đại Học Huế,,,,,Nhân Văn,available,1000,True,True,True
272842468,Tạp chí Tiếng Anh - Nikkei Asia 2023: kỳ 41: JAPAN'S YEN DILEMMA,100000,100000,0,0.0,0,0,"Nikkei Design, Nikkei Top Leader",Global Book Corporation,Nikkei,,Bìa mềm,45,2023-10-14,Global Book Corporation,available,1000,True,True,True
273160272,Tạp chí Tiếng Anh - Nikkei Asia 2023: kỳ 43: BETTER TOGETHER ,100000,100000,0,0.0,0,0,Nikkei Top Leader,Global Book Corporation,Nikkei,,Bìa mềm,45,2023-10-28,Global Book Corporation,available,1000,True,True,True
272349419,Tạp chí Tiếng Anh - Nikkei Asia 2023: kỳ 39: SOUTH KOREA'S DIVORCE OF THE DECADE,100000,100000,0,0.0,0,2,Nikkei Top Leader,Global Book Corporation,Nikkei,,Bìa mềm,45,2023-09-28,Global Book Corporation,available,1000,True,True,True
273687942,"Tạp chí Tiếng Anh - Nikkei Asia 2023: kỳ 51: INSIDE PDD, CHINA'S CONTROVERSIAL NEW E-COMMERCE TITAN",100000,100000,0,0.0,0,1,Nikkei Top Leader,Global Book Corporation,Nikkei,,Bìa mềm,45,2023-12-21,Global Book Corporation,available,1000,True,True,True
273374293,Tạp chí Tiếng Anh - Nikkei Asia 2023: kỳ 46: SOUTHEAST ASIA'S DIGITAL 'BATTLE ROYALE',100000,100000,0,0.0,0,0,Nikkei Top Leader,Global Book Corporation,Nikkei,,Bìa mềm,45,2023-11-19,Global Book Corporation,available,1000,True,True,True
184247501,Combo 2 Cuốn: Let’s Write! 01 - Viết Đoạn Không Khó + How To Write 4 Types Of Essays,304000,304000,0,0.0,0,0,,Alpha Books,Nhiều Nhà Xuất Bản,,Bìa mềm,,,info book,available,1000,True,True,True
276230318,Sách - Bài Tập Tiếng Anh 9 Cơ Bản Và Chuyên Sâu (Global Success) - ndbooks,79000,79000,0,0.0,0,10,,CÔNG TY TNHH THƯƠNG MẠI SÁCH NHÂN DÂN,Nhà Xuất Bản Thanh Niên,,,,,SÁCH NHÂN DÂN - ndbooks,available,1000,True,True,True
91298955,MM Publications: Truyện luyện đọc tiếng Anh theo trình độ - The Three Musketeers Teacher’S Book,209250,209250,0,0.0,0,0,,MM PUBLICATIONS,MM PUBLICATIONS,,Bìa mềm,50,,Blue Horizon Books,available,1000,True,True,True
109176485,MM Publications: Sách học tiếng Anh - Traveller Elementary Student's Book,411750,411750,0,0.0,0,0,H. Q. MITCHELL,MM PUBLICATIONS,MM PUBLICATIONS,,Bìa mềm,143,,Blue Horizon Books,available,1000,True,True,True
166156998,Sách tiếng Anh: I'm (Almost) Always Kind,515443,579150,11,0.0,0,0,Nhiều tác giả,Usborne Publishing Ltd,Usborne Publishing Ltd,,Hardback,24,2021-05-27,Blue Horizon Books,available,1000,True,True,True
177347956,MM Publications: Sách học tiếng Anh - New Destinations Pre-Intermediate A2 b - Student's Book (American Edition),357750,357750,0,0.0,0,2,nhieu tac gia,MM PUBLICATIONS,MM PUBLICATIONS,,Bìa mềm,95,,Blue Horizon Books,available,1000,True,True,True
177496402,MM Publications: Sách học tiếng Anh - New Destinations Intermediate B1 - Workbook (British Edition),357750,357750,0,0.0,0,3,nhieu tac gia,MM PUBLICATIONS,MM PUBLICATIONS,,Bìa mềm,105,,Blue Horizon Books,available,1000,True,True,True
177462078,MM Publications: Sách học tiếng Anh - New Destinations Level B2 a - Student's Book (American Edition),357750,357750,0,0.0,0,1,nhieu tac gia,MM PUBLICATIONS,MM PUBLICATIONS,,Bìa mềm,95,,Blue Horizon Books,available,1000,True,True,True
177335756,MM Publications: Sách học tiếng Anh - New Destinations Pre-Intermediate A2 a - Student's Book (American Edition),357750,357750,0,3.0,1,3,nhieu tac gia,MM PUBLICATIONS,MM PUBLICATIONS,,Bìa mềm,95,,Blue Horizon Books,available,1000,True,True,True
184775623,Tiểu thuyết kinh điển tiếng Anh: Pygmalion,270337,303750,11,0.0,0,3,George Bernard Shaw,Alma Books Ltd,Alma Books,,Paperback,144,2021-11-16,Blue Horizon Books,available,1000,True,True,True
92084532,MM Publications: Truyện luyện đọc tiếng Anh theo trình độ - Puss In Boots Student'S Book (With Cd-Rom) British & American Edition,195750,195750,0,0.0,0,1,nhieu tac gia,MM PUBLICATIONS,MM PUBLICATIONS,,Bìa mềm,50,,Blue Horizon Books,available,1000,True,True,True
81510357,MM Publications: Sách học tiếng Anh - Portal To English 2A Workbook,202500,202500,0,0.0,0,0,H.Q Mitchell,MM PUBLICATIONS,MM Publicatioins,,Bìa mềm,80,2021-03-11,Blue Horizon Books,available,1000,True,True,True
185042990,Sách Kinh tế tiếng Anh: Smart Work,576720,648000,11,0.0,0,0,Jo Owen,Bloomsbury Publishing PLC,Bloomsbury Publishing PLC,,Paperback,208,2021-09-16,Blue Horizon Books,available,1000,True,True,True
91734795,MM Publications: Truyện luyện đọc tiếng Anh theo trình độ - The Shepherd Boy And The Wolf S.B. (With Cd Rom) British & American Edition,195750,195750,0,0.0,0,0,nhieu tac gia,MM PUBLICATIONS,MM PUBLICATIONS,,Bìa mềm,50,2018-10-15,Blue Horizon Books,available,1000,True,True,True
165998016,Sách tiếng Anh: Write Your Own Poems,360450,405000,11,0.0,0,1,Nhiều tác giả,Usborne Publishing Ltd,Usborne Publishing Ltd,,Spiral bound,96,2019-10-03,Blue Horizon Books,available,1000,True,True,True
186273665,Truyện đọc tiếng Anh: I'm not (very) afraid of being alone,468585,526500,11,0.0,0,0,,Usborne Publishing Ltd,Usborne Publishing Ltd,,Bìa cứng,24,,Blue Horizon Books,available,1000,True,True,True
177843811,Vector: Sách hệ Cambrige - Học toán bằng tiếng Anh - Maths 5 - Student's Book,498622,560250,11,0.0,0,1,nhieu tac gia,MM PUBLICATIONS,MM PUBLICATIONS,,Bìa mềm,,,Blue Horizon Books,available,1000,True,True,True
177835825,MM Publications: Sách học tiếng Anh - Pioneer Pre-Intermediate - Student's Book (American Edition),438750,438750,0,0.0,0,0,nhieu tac gia,MM PUBLICATIONS,MM PUBLICATIONS,,Bìa mềm,,,Blue Horizon Books,available,1000,True,True,True
111362974,Vector: Sách hệ Singapore - Học toán bằng tiếng Anh - Let's Start! Maths 2 Student's Book,420525,472500,11,0.0,0,0,,MM PUBLICATIONS,MM PUBLICATIONS,,Bìa mềm,,,Blue Horizon Books,available,1000,True,True,True
184415314,Tiểu thuyết tiếng Anh: Harvest,653616,734400,11,0.0,0,0,Georgina Harding,Amazon,Bloomsbury,,,240,,Blue Horizon Books,available,1000,True,True,True
121221107,Sách tiếng Anh - Sticker Explorers Usborne,216270,243000,11,0.0,0,0,,Usborne Publishing,Usborne,,Bìa mềm,34,,Blue Horizon Books,available,1000,True,True,True
177425299,MM Publications: Sách học tiếng Anh - New Destinations Intermediate b - Workbook (American Edition),315000,315000,0,0.0,0,3,nhieu tac gia,MM PUBLICATIONS,MM PUBLICATIONS,,Bìa mềm,55,,Blue Horizon Books,available,1000,True,True,True
108831267,MM Publications: Sách học tiếng Anh - Traveller Beginners Student's Book,411750,411750,0,0.0,0,0,H.Q Mitchell,MM PUBLICATIONS,MM PUBLICATIONS,,Bìa mềm,136,,Blue Horizon Books,available,1000,True,True,True
89430026,MM Publications: Truyện luyện đọc tiếng Anh theo trình độ - Gulliver In Lilliput (With Cd-Rom) - American Edition,195750,195750,0,0.0,0,0,Jonathan Swift,MM PUBLICATIONS,MM PUBLICATIONS,,Bìa mềm,50,,Blue Horizon Books,available,1000,True,True,True
109926026,Binary Logic: ICT - Sách học tin học bằng tiếng Anh - Digital Kid Explorer Student's Book,438547,492750,11,0.0,0,0,nhieu tac gia,MM PUBLICATIONS,MM PUBLICATIONS,,Bìa mềm,124,,Blue Horizon Books,available,1000,True,True,True
109913587,Binary Logic: ICT - Sách học tin học bằng tiếng Anh - Digital Kid Racer Student's Book,438547,492750,11,0.0,0,0,nhieu tac gia,MM PUBLICATIONS,MM PUBLICATIONS,,Bìa mềm,124,,Blue Horizon Books,available,1000,True,True,True
181224815,Sách - Little Stories - To Make You A Good Person,57200,65000,12,0.0,0,3,,Zenbooks,Nhà Xuất Bản Đà Nẵng,,,,,Đảo Sách Store,available,1000,True,True,True
181224417,"Sách - Bộ Little Stories 5 Cuốn (Your Life, More Knowledge, Smile, Peaceful Nights, Leisure Time) (Combo 2)",253500,325000,22,0.0,0,1,,Zenbooks,Nhà Xuất Bản Đà Nẵng,,,,,Đảo Sách Store,available,1000,True,True,True
164379530,Bài Tập Tiếng Anh 1 -Biên Soạn Theo Bộ Sách Family And Friends 1 Special Edition( Nhiều tác giả),40000,40000,0,0.0,0,30,"Nguyễn Hoàng Thanh Ly,  Nguyễn Văn Hai",Nhà Sách Hồng Ân,Nhà Xuất Bản Đại Học Sư Phạm,,Bìa mềm,96,,Bảo Châu Books,available,1000,True,True,True
274073463,Sách BÀI TẬP DÙNG KÈM TIẾNG ANH 4 - BIÊN SOẠN THEO SGK GLOBAL SUCCESS,89000,89000,0,0.0,0,0,nhieu tac gia,Nhà Sách Hồng Ân,Nhà Xuất Bản Đại Học Quốc Gia Hà Nội,,,204,2024-01-29,Bảo Châu Books,available,1000,True,True,True
222660239,Cẩm Nang Dịch Tài Liệu Y Khoa Tiếng Anh – Cho Người Mới Bắt Đầu - Tái bản lần 01,175500,195000,10,0.0,0,1,,First News - Trí Việt,Nhà Xuất Bản Tổng Hợp,,Bìa mềm,262,2020-07-29,Bảo Châu Books,available,1000,True,True,True
272249236,Cẩm Nang Dịch Tài Liệu Y Khoa Tiếng Anh – Cho Người Mới Bắt Đầu - Tái bản lần 01,171600,195000,12,0.0,0,2,Nguyễn Thái Duy,CN NXB Phụ Nữ,Nhà Xuất Bản Phụ Nữ,,Bìa mềm,,,Minh Khang Books,available,1000,True,True,True
252043183,Học Tiếng Anh Qua 84 Mẩu Chuyện Cười Song Ngữ Anh Việt - Trình Độ Trung Cấp,68000,80000,15,0.0,0,0,,Cty Trí Tuệ,Nhà Xuất Bản Thanh Niên,,,,,Bảo Châu Books,available,1000,True,True,True
252041161,Học Tiếng Anh Qua 70 Mẩu Chuyện Cười Song Ngữ Anh Việt - Trình Độ Vỡ Lòng,59500,70000,15,0.0,0,0,,Cty Trí Tuệ,Nhà Xuất Bản Thanh Niên,,,,,Bảo Châu Books,available,1000,True,True,True
262972880,Sách bài tập tiếng Anh với nhiều hoạt động thú vị vừa học vừa chơi (kèm CD),134300,158000,15,0.0,0,0,Nguyễn Thành Yến,Nhà xuất bản Tổng hợp TP.HCM ,Nhà Xuất Bản Tổng hợp TP.HCM,,Bìa mềm,96,,Bảo Châu Books,available,1000,True,True,True
181224764,Sách - Little Stories - To Share With Your Friends,57200,65000,12,0.0,0,0,,Zenbooks,Nhà Xuất Bản Đà Nẵng,,,,,Đảo Sách Store,available,1000,True,True,True
250073998,Sách - Tôi Muốn Giỏi Tiếng Anh Nhưng Tôi không muốn chăm chỉ - Thái Hà,210000,210000,0,0.0,0,0,Moon Duk,Thái Hà,Nhà Xuất Bản Công Thương,,Bìa mềm,,,Bamboo Books,available,1000,True,True,True
92552146,Sách - Từ Điển Cách Dùng Tiếng Anh - First News,300000,300000,0,0.0,0,0,,First News - Trí Việt,Nhà Xuất Bản Tổng hợp TP.HCM,,,976,,Bamboo Books,available,1000,True,True,True
146224725,Steam English Chủ Đề Nghệ Thuật,69000,69000,0,0.0,0,0,Hope Knight,1980 Books,NXB Dân Trí,,,,,Bamboo Books,available,1000,True,True,True
271234856,Learning English With Tv Series - Luyện Nói Thành Thạo Cùng “Mọt” Phim Tiếng Anh,109000,109000,0,0.0,0,0,Maëva Courtois,AZ Việt Nam,Nhà Xuất Bản Thế Giới,,Bìa mềm,242,2023-08-17,Bamboo Books,available,1000,True,True,True
270801992,Learning English With Tv Series - Luyện Nói Thành Thạo Cùng “Mọt” Phim Tiếng Anh - Maëva Courtois - (bìa mềm),109000,109000,0,0.0,0,0,Maëva Courtois,AZ Việt Nam,Nhà Xuất Bản Tổng hợp TP.HCM,,Bìa mềm,242,2023-07-01,Bamboo Books,available,1000,True,True,True
160691580,Little Stories - The Best Book For Your Leisure Time,65000,65000,0,0.0,0,0,,Zenbooks,Nhà Xuất Bản Đà Nẵng,,,,,HỆ THỐNG NHÀ SÁCH ABC,available,1000,True,True,True
247302570,Tôi Muốn Giỏi Tiếng Anh Nhưng Tôi Không Muốn Chăm Chỉ,210000,210000,0,0.0,0,0,,Thái Hà,Nhà Xuất Bản Công Thương,,,,,Bamboo Books,available,1000,True,True,True
274999630,Combo 4 Cuốn Học Ngoại Ngữ: Kỳ Thi Năng Lực Nhật Ngữ JLPT N3 Point & Practice: Chữ Viết - Từ Vựng +Đọc Hiểu+Nghe Hiểu+ Ngữ Pháp,395000,395000,0,0.0,0,0,,NXB Trẻ,NXB Trẻ,,,,,Nhà Sách Vĩnh Thụy,available,1000,True,True,True
274992586,Sách Tham Khảo: Kỳ Thi Năng Lực Nhật Ngữ JLPT N3 Point & Practice: Ngữ Pháp ,115000,115000,0,0.0,0,0,,NXB Trẻ,NXB Trẻ,,,,,Nhà Sách Vĩnh Thụy,available,1000,True,True,True
140436671,Steam English - Chủ đề Vật lý,69000,69000,0,0.0,0,0,Charles Liu,1980 Books,NXB Dân Trí,,,,2021-09-01,Nhà Sách Vĩnh Thụy,available,1000,True,True,True
278042621,Sách - Giáo Khoa Tiếng Anh 8 THiNK (Work Book),75000,75000,0,0.0,0,0,Cấn Thị Chang Duyên,Zenbooks,Nhà Xuất Bản Đại Học Sư Phạm,,Bìa mềm,78,2025-05-29,Zenbooks Official ,available,1000,True,True,True
261005606,How To Write 4 Types Of Essays - Từng Bước Làm Quen Với Viết Luận Tiếng Anh,119000,119000,0,0.0,0,0,,Alphabooks,Nhà Xuất Bản Thế Giới,,,,,HỆ THỐNG NHÀ SÁCH ABC,available,1000,True,True,True
275338062,"Nuance 2 - 50 Sắc Thái Câu - Kevin Kang, Hanna Byun (bìa mềm)",127000,159000,20,0.0,0,1,"Kevin Kang, Hanna Byun",Alpha Books,Nhà Xuất Bản Tổng hợp TP.HCM,,Bìa mềm,264,2024-06-20,Alpha Books Official,available,1000,True,True,True
249001059,"Bộ Sách ""Phao Tuyển Dụng"" : 200+ Bộ Câu Hỏi Và Trả Lời Phỏng Vấn Tiếng Anh và 233 Mẫu Câu Tiếng Anh Chinh Phục Nhà Tuyển Dụng",406000,508000,20,0.0,0,3,,Alphabooks,Nhà Xuất Bản Thế Giới,,,,,Omega Plus Books,available,1000,True,True,True
276327731,NUANCE 2 - 50 Sắc Thái Của Câu - Bản Quyền,127000,159000,20,0.0,0,0,Nhiều tác giả,Alphabooks,Nhà Xuất Bản Thế Giới,,Bìa mềm,264,2024-10-07,Alpha Books Official,available,1000,True,True,True
197899981,Combo 6 Cuốn Steam English,414000,414000,0,0.0,0,0,,1980 Books,Nhà Xuất Bản Dân Trí,,,,,info book,available,1000,True,True,True
206334824,"Mỗi Ngày Một Trang, Cả Nhà Cùng Giỏi",120000,120000,0,0.0,0,0,Baek Yeob Seon,Nhà Xuất Bản Đà Nẵng,Nhà Xuất Bản Đà Nẵng,,Bìa mềm,189,,Nhà Sách Phương Nam,available,1000,True,True,True
137478246,Sách Restart Your English - Traveling Abroad - Yêu Lại Tiếng Anh Từ Đầu,250000,250000,0,0.0,0,0,Bae Jin Young,Nhà Xuất Bản Hồng Đức,Nhà Xuất Bản Hồng Đức,,Bìa mềm,263,,Nhà Sách Phương Nam,available,1000,True,True,True
276008819,All That IELTS - Trợ Thủ Giúp Giảm Nỗi Lo Trong Phòng Thi,237000,279000,15,0.0,0,0,John Chung,NXB Thế Giới,Nhà Xuất Bản Thế Giới,,Bìa mềm,404,,Alpha Books Official,available,1000,True,True,True
276319836,Lộ Trình Học Tiếng Anh Cho Người Mất Gốc,198000,198000,0,0.0,0,0,Nguyễn Thị Xuân Quỳnh,NXB Thế Giới,Nhà Xuất Bản Thế Giới,,Bìa mềm,248,,Nhà Sách Phương Nam,available,1000,True,True,True
272048253,Pack Your Bags And Learn - Asia,90000,90000,0,0.0,0,0,The Wanderers,NXB Đà Nẵng,Nhà Xuất Bản Đà Nẵng,,Bìa mềm,216,,Nhà Sách Phương Nam,available,1000,True,True,True
270717119,200+ Bộ Câu Hỏi Và Trả Lời Phỏng Vấn Tiếng Anh,269000,269000,0,0.0,0,0,Aran Kim,NXB Thế Giới,Nhà Xuất Bản Thế Giới,,Bìa mềm,401,,info book,available,1000,True,True,True
73668419,Học Tiếng Anh Cùng Jino - Learning English With Jino - Các Loài Động Vật - World Of Animals,20000,20000,0,5.0,1,8,"Vinij Yeesaman, Apiradee Midomaru",Đinh Tị,Nhà Xuất Bản Thanh Niên,,,,,Nhà sách Fahasa,available,1000,True,True,True
205523548,BÀI TẬP TIẾNG ANH 3 (BIÊN SOẠN THEO BỘ SÁCH FAMILY AND FRIENDS 3 NATIONAL EDITION)_HA,55000,55000,0,0.0,0,2,,Nhà Sách Hồng Ân,Nhà Xuất Bản Đại Học Quốc Gia Hà Nội,,Bìa mềm,,,Bảo Châu Books,available,1000,True,True,True
272984601,Phiếu Bài Tập Cuối Tuần Tiếng Anh 3 - Global Success (35 Tuần Học) _MEGA,75000,75000,0,0.0,0,1,Thuỳ Dương,Megabooks,Nhà Xuất Bản Đại Học Quốc Gia Hà Nội,,Bìa mềm,,,NewShop Official,available,1000,True,True,True
189264034,Bài Tập Tiếng Anh 7 Có Đáp Án _HA,49000,49000,0,0.0,0,0,,Nhà Sách Hồng Ân,Nhà Xuất Bản Đại Học Sư Phạm,,Bìa mềm,,,NewShop Official,available,1000,True,True,True
274188354,"VSTEP - Chinh Phục Kỹ Năng Nói Bậc B1, B2+ (MEGA)",68000,68000,0,0.0,0,2,Lưu Ngọc Nam,Megabook,Nhà Xuất Bản Đại Học Quốc Gia Hà Nội,,Bìa mềm,112,,NewShop Official,available,1000,True,True,True
263294441,Bài Tập Tiếng Anh 8 - Không Đáp Án (Chân Trời Sáng Tạo) -Tặng Kèm File Đáp Án - HA,130000,130000,0,0.0,0,3,Lưu Hoằng Trí,Nhà Sách Hồng Ân,Nhà Xuất Bản Đại Học Sư Phạm,,Bìa mềm,302,,NewShop Official,available,1000,True,True,True
274188408,"VSTEP - Chinh Phục Kỹ Năng Viết Bậc B1, B2+ (MEGA)",108000,108000,0,0.0,0,1,"Nguyễn Thị Nhung, Bùi Thị Khánh Huyền",Megabook,Nhà Xuất Bản Đại Học Quốc Gia Hà Nội,,Bìa mềm,216,,NewShop Official,available,1000,True,True,True
198521050,BÀI TẬP BỔ TRỢ TOÀN DIỆN TIẾNG ANH 3_AB,120000,120000,0,0.0,0,3,,ABBOOKS,Nhà Xuất Bản Đồng Nai,,Bìa mềm,,,NewShop Official,available,1000,True,True,True
173617068,CÁC LỖI THƯỜNG GẶP TRONG TIẾNG ANH,39000,50000,22,5.0,5,38,,CÔNG TY TNHH MTV TRÍ TUỆ,Nhà Xuất Bản Thanh Niên,,,350,2022-02-08,Trí Tuệ Book,available,1000,True,True,True
263045281,Bài Tập Tiếng Anh 6 - Không Đáp Án (Dùng Kèm SGK Cánh Diều I-Learn Smart World)  (Kèm File Đáp Án)_HA,82000,82000,0,0.0,0,0,"Nguyễn Hoàng Thanh Ly,  Nguyễn Văn Hai",Nhà Sách Hồng Ân,Nhà Xuất Bản Đại Học Quốc Gia Hà Nội,,Bìa mềm,154,,NewShop Official,available,1000,True,True,True
273887891,Học Tốt Tiếng Anh 11_HA,58000,58000,0,0.0,0,0,Nguyễn Thị Minh Hương,Nhà Sách Hồng Ân,Nhà Xuất Bản Hải Phòng,,Bìa mềm,187,,NewShop Official,available,1000,True,True,True
279165730,Sách Tiếng Anh Mai Lan Hương - Luyện tập Tiếng Anh Lớp 3 – Family and Friends – Special Edition,115800,117000,1,0.0,0,0,"Mai Lan Hương , Hà Thanh Uyên",Huy Hoàng Bookstore,NXB Dân Trí,,,,,Minhhabooks,available,1000,True,True,True
276290956,Bài Tập Thực Hành Tiếng Anh 6 (Có Đáp Án) - Dùng Kèm SGK TA 6 GLOBAL SUCCESS ,58000,58000,0,0.0,0,3,,Zenbooks,NXB Dân Trí,,Bìa mềm,,,NewShop Official,available,1000,True,True,True
276224229,Thực Hành Dịch Thương Mại Việt-Anh,169000,169000,0,0.0,0,0,Tô Hà Thanh Phương,NXB Thế Giới,Nhà Xuất Bản Thế Giới,,Bìa mềm,284,,Nhà Sách Vĩnh Thụy,available,1000,True,True,True
276191223,Combo Sách Bộ Đề Thi Thử Tốt Nghiệp THPT Môn Tiếng Anh + Nuance 1 - 50 Sắc Thái Của Từ ,286000,358000,20,0.0,0,1,,Alpha Books,Nhà Xuất Bản Thế Giới,,Bìa mềm,392,2024-09-21,Alpha Books Official,available,1000,True,True,True
275505822,Đọc Tin Không Vấp - English Collocations In News,142800,169000,16,0.0,0,1,,Alpha Books,Nhà Xuất Bản Thế Giới,,Bìa mềm,324,2024-07-01,Alpha Books Official,available,1000,True,True,True
273927570,Sách Học Chữ Hán Chuẩn tập 2 First News - Bản Quyền,88000,88000,0,0.0,0,0,,FIRST NEWS,Nhà Xuất Bản Đại Học Quốc Gia TP.HCM,,,,,Bamboo Books,available,1000,True,True,True
271326464,Bài Tập Trắc Nghiệm Tiếng Anh 8 - Có Đáp Án (Bám Sát SGK Cánh Diều I-Learn Smart World)_HA,52930,79000,33,0.0,0,1,"Nguyễn Văn Hai,  Nguyễn Hoàng Thanh Ly",Nhà Sách Hồng Ân,Nhà Xuất Bản Đại Học Quốc Gia Hà Nội,,Bìa mềm,136,,Bảo Châu Books,available,1000,True,True,True
270785978,Kỳ Thi Năng Lực Nhật Ngữ N1 - Bộ Đề Luyện Thi 3 Bộ Đề - Bản Quyền,205000,205000,0,0.0,0,0,,NXB Trẻ,NXB Trẻ,,,,,Nhà Sách Vĩnh Thụy,available,1000,True,True,True
262976083,120 Bài Luận Tiếng Anh (Tái Bản 2023),89200,105000,15,5.0,1,1,Trần Mạnh Tường,Nhà sách Minh Thắng,Nhà Xuất Bản Đại Học Quốc Gia Hà Nội,,,,,Nhà sách Fahasa,available,1000,True,True,True
260795277,Little Stories To Have A Nice Day - Bản Quyền,65000,65000,0,0.0,0,0,,Zenbooks,Nhà Xuất Bản Đà Nẵng,,,,,HỆ THỐNG NHÀ SÁCH ABC,available,1000,True,True,True
255349617,Để Nói Thông Thạo Tiếng Anh - Bản Quyền,88000,88000,0,0.0,0,0,,First News - Trí Việt,Nhà Xuất Bản Tổng hợp TP.HCM,,,,,Nhà Sách Vĩnh Thụy,available,1000,True,True,True
253585835,Happy Readers Khu vườn bí mật (600 words kèm CD) - Bản Quyền,60000,60000,0,0.0,0,0,nhieu tac gia,First News - Trí Việt,NXB Tổng Hợp Thành Phố Hồ Chí Minh,,Bìa mềm,100,,info book,available,1000,True,True,True
212463047,Học Tiếng Anh Qua 84 Mẩu Chuyện Cười Song Ngữ Anh - Việt: Trình Độ Trung Cấp,76000,80000,5,0.0,0,0,Thiên Phúc,CÔNG TY TNHH MTV TRÍ TUỆ,Nhà Xuất Bản Thanh Niên,,Bìa mềm,260,,Cá Chép Bookstore,available,1000,True,True,True
210964957,Thông tin: Sách Let’s Write 2 – Viết Đoạn Nâng Cao - Alphabooks - BẢN QUYỀN,167000,209000,20,0.0,0,0,,Alphabooks,NXB Dân Trí,,,,,Omega Plus Books,available,1000,True,True,True
209902408,Reader's Bank Series 7 - Bản Quyền,189000,189000,0,0.0,0,0,,Alphabooks,Nhà Xuất Bản Thế Giới,,,,,HỆ THỐNG NHÀ SÁCH ABC,available,1000,True,True,True
209171764,Let's Write 2- Viết Đoạn Nâng Cao ,167000,209000,20,1.0,1,4,,Alphabooks,Nhà Xuất Bản Dân Trí,,Bìa mềm,,,Alpha Books Official,available,1000,True,True,True
208682456,Reader'S Bank Series 5 - Bản Quyền,179000,179000,0,0.0,0,0,,Alphabooks,Nhà Xuất Bản Thế Giới,,,,,HỆ THỐNG NHÀ SÁCH ABC,available,1000,True,True,True
208648857,Reader'S Bank Series 9 - Bản Quyền,189000,189000,0,0.0,0,0,,Alphabooks,Nhà Xuất Bản Thế Giới,,,,,Nhà Sách Vĩnh Thụy,available,1000,True,True,True
206474189,Reader's Bank - Level 8,189000,189000,0,0.0,0,0,,Nhà Xuất Bản Thế Giới,Nhà Xuất Bản Thế Giới,,Bìa mềm,195,,HỆ THỐNG NHÀ SÁCH ABC,available,1000,True,True,True
206331633,Reader's Bank - Level 5,179000,179000,0,0.0,0,0,,Nhà Xuất Bản Thế Giới,Nhà Xuất Bản Thế Giới,,Bìa mềm,183,,HỆ THỐNG NHÀ SÁCH ABC,available,1000,True,True,True
205807486,Phương Pháp Luyện Nói Tiếng Anh Lưu Loát,109000,109000,0,0.0,0,0,Moon Nguyễn,Nhà Xuất Bản Dân Trí,Nhà Xuất Bản Dân Trí,,Bìa mềm,179,,Nhà Sách Phương Nam,available,1000,True,True,True
202656448,Sách  101+ Mẹo Sinh Tồn Với Tiếng Anh - Skybooks - BẢN QUYỀN,269000,269000,0,0.0,0,0,,Skybooks,Nhà Xuất Bản Hà Nội,,,,,Nhà Sách Vĩnh Thụy,available,1000,True,True,True
200032477,Let’s Write! 01 - Viết Đoạn Không Khó_AL,159000,199000,20,0.0,0,0,,Alpha Books,NXB Dân Trí,,Bìa mềm,,,Alpha Books Official,available,1000,True,True,True
193900321,Sách Bài Tập Trắc Nghiệm Tiếng Anh lớp 12 (Có Đáp Án),56000,80000,30,5.0,4,47,"Mai Lan Hương, Nguyễn Thanh Loan",Zenbooks,Nhà Xuất Bản Đà Nẵng,,Bìa mềm,Cuốn,2022-08-08,Tiki Trading,available,1000,False,True,True
191410851,Sách Bài tập tiếng Anh Lớp 6 - Tập 1 - Không đáp án (Dùng kèm SGK Global Success),31050,45000,31,5.0,2,208,"Mai Lan Hương, Hà Thanh Uyên",Zenbooks,Nhà Xuất Bản Đà Nẵng,,Bìa mềm,Cuốn,2022-07-07,Tiki Trading,available,1000,False,True,True
167613745,Sống Sót Nơi Công Sở - English Business Conversation - Nói Sao Cho Ngầu,143000,179000,20,0.0,0,0,,Alphabooks,oem,,,,,Alpha Books Official,available,1000,True,True,True
160691528,Little Stories – To Push You Forward,65000,65000,0,0.0,0,0,,Zenbooks,Nhà Xuất Bản Đà Nẵng,,,,,Nhà Sách Vĩnh Thụy,available,1000,True,True,True
138183863,Reader's Bank - Level 9,189000,189000,0,0.0,0,0,,Nhà Xuất Bản Thế Giới,Nhà Xuất Bản Thế Giới,,Bìa mềm,187,,Nhà Sách Vĩnh Thụy,available,1000,True,True,True
137410502,Sách Speaking Matrix - 1 Phút Nói Tiếng Anh Như Gió,159000,159000,0,0.0,0,2,Kim Tae Yoon,Nhà Xuất Bản Hồng Đức,Nhà Xuất Bản Hồng Đức,,Bìa mềm,294,,Nhà Sách Phương Nam,available,1000,True,True,True
98874291,"Combo Mighty Movers – Teacher’s Book, Mighty Movers – Activity Book,  Mighty Movers – Pupil’s Book",444000,444000,0,0.0,0,1,"Viv Lambert, Wendy Superfine",Nhân Trí Việt,Nhà Xuất Bản Tổng hợp TP.HCM,,,,,NHBook,available,1000,True,True,True
92551517,Sách - Richmond Practice Tests Flyers - First News,148000,148000,0,0.0,0,1,,First News - Trí Việt,Nhà Xuất Bản Tổng hợp TP.HCM,,,124,,Bamboo Books,available,1000,True,True,True
91471509,Sách Bài Tập Tiếng Anh - Lớp 9 (Có Đáp Án ),65000,65000,0,0.0,0,3,"Mai Lan Hương, Nguyễn Thanh Loan",Zenbooks,Nhà Xuất Bản Đà Nẵng,,Bìa mềm,224,2021-04-01,Nhà sách NetaBooks,available,1000,True,True,True
77627262,Học Tiếng Anh Cùng Jino - Learning English With Jino - Phương Tiện Giao Thông - Things That Go,20000,20000,0,5.0,1,7,"Vinij Yeesaman, Apiradee Midomaru",Đinh Tị,Nhà Xuất Bản Thanh Niên,,,,,Nhà sách Fahasa,available,1000,True,True,True
25494703,Sách 168 Bài Luận Tiếng Anh Hay Nhất (Tái Bản 01),134100,135500,1,5.0,1,14,Đại Lợi,Nhà sách Minh Thắng,Nhà Xuất Bản Đại Học Quốc Gia Hà Nội,,Bìa mềm,544,2019-08-01,Minhhabooks,available,1000,True,True,True
23226959,Succeed in KET - 10 Practice Tests (Kèm 01 Đĩa MP3) ( Tặng Kèm Bút),248000,248000,0,5.0,2,40,,Nhân Trí Việt,Nhà Xuất Bản Tổng hợp TP.HCM,,Bìa mềm,223,2019-07-01,NHBook,available,1000,True,True,True
4439899,"Sách Rèn Luyện Thói Quen Tốt 2-6 Tuổi: Đừng Ích Kỉ Thế, Mèo Khoang (Song Ngữ)",35000,35000,0,5.0,1,39,Khánh Tuệ - Ngọc Anh. Minh họa: Phạm Thùy Như,Phúc Minh,Nhà Xuất Bản Văn Học,,Bìa mềm,28,2018-09-09,Phúc Minh Books,available,1000,True,True,True
3637415,Sách Dạy Tiếng Anh: Xu Hướng Mới - Changing Approaches In ELT,56000,56000,0,0.0,0,4,"Nguyễn Quốc Hùng, MA",NXB Phụ Nữ Việt Nam,Nhà Xuất Bản Phụ Nữ,,Bìa mềm,184,2018-08-06,Bảo Châu Books,available,1000,True,True,True
2592097,Sách Bài Tập Tiếng Anh Với Nhiều Hoạt Động Thú Vị Vừa Học Vừa Chơi,148500,158000,6,5.0,1,1,,Nhân Trí Việt,,,Bìa mềm,96,2018-06-06,Nhà sách Fahasa,available,1000,True,True,True
1753103,Sách 540 Câu Hỏi Đáp Tiếng Anh Khoa Học Thường Thức Dành Cho Học Sinh Sinh Viên,138000,138000,0,0.0,0,0,Đức Tín,Tân Việt,Nhà Xuất Bản Dân Trí,,Bìa mềm,509,2017-11-01,NHBook,available,1000,True,True,True
354831,Sách Mosaic 2 - Writing,48000,70000,31,5.0,8,158,Mc Graw-Hill,NXB Tổng Hợp,Nhà Xuất Bản Tổng hợp TP.HCM,,Bìa mềm,216,2009-10-23,Tiki Trading,available,1000,False,True,True
279245829,Sách - Sách - Tactics For Listening - Basic/Expanding/Developing - Chiến Thuật Luyện Nghe Tiếng Anh Cơ Bản/Nâng Cao/Mở Rộng,143200,179000,20,0.0,0,0,nhieu tac gia,MCBOOKS,Nhà Xuất Bản Hồng Đức,,Bìa mềm,,2023-12-21,Nhà sách Fahasa,available,1000,True,True,True
276851635,Sách - Bài Tập Tiếng Anh 9 - Không Đáp Án (Dùng Kèm SGK Global Success),82650,95000,13,0.0,0,0,Zenbooks,Zenbooks,Nhà Xuất Bản Thế Giới,,Bìa mềm,172,2024-12-23,Zenbooks Official ,available,1000,True,True,True
276391973,Sách English Grammar for PET 2 (Có đáp án),128700,130000,1,0.0,0,0,,Nhà sách Minh Thắng,Nhà Xuất Bản Hà Nội,,,,,Minhhabooks,available,1000,True,True,True
275589315,"Numbers Is English - Cách Nói Số Chuẩn - Jonathan Davis, Hyunjung Yu",127200,159000,20,0.0,0,0,"Jonathan Davis, Hyunjung Yu",Alpha Books,Nhà Xuất Bản Tổng hợp TP.HCM,,Bìa mềm,260,2024-01-01,Alpha Books Official,available,1000,True,True,True
274875240,10 Ngày Có Thể Nói 1000 Câu Tiếng Anh Kinh Doanh (Kèm CD) - Vanlangbooks,28600,52000,45,0.0,0,2,Tri Thức Việt,VanLangBooks,Nhà Xuất Bản Hồng Đức,,Bìa mềm,,,Văn Lang Official Store,available,1000,True,True,True
274875222,10 Phút Mỗi Ngày Để Học Tốt Tiến Anh - Kỳ Nghỉ & Du Lịch (Kèm CD) - Vanlangbooks,44000,55000,20,0.0,0,1,George Smith,VanLangBooks,Nhà Xuất Bản Hồng Đức,,Bìa mềm,,,Văn Lang Official Store,available,1000,True,True,True
273960222,Super Test - Đề Kiểm Tra Nhanh Tiếng Anh Cho Học Sinh (Lớp 1-5) (MGB),38900,45000,14,0.0,0,0,Hoàng Thị Ngọc Tú,Megabook,Nhà Xuất Bản Đại Học Quốc Gia Hà Nội,,Bìa mềm,72,,Văn Lang Official Store,available,1000,True,True,True
273953801,Global Success - Phiếu Bài Tập Cuối Tuần Tiếng Anh (MGB),64900,75000,13,0.0,0,0,Thuỳ Dương,Megabook,Nhà Xuất Bản Đại Học Quốc Gia Hà Nội,,Bìa mềm,92,,Văn Lang Official Store,available,1000,True,True,True
273624695,Sách Ngoại Ngữ Khó Đấy Nhưng Bạn Tự Học Được (Song ngữ),268000,268000,0,0.0,0,0,Việt Lê,Thái Hà,Nhà Xuất Bản Thế Giới,,,432,2023-12-12,Nhà Sách Vĩnh Thụy,available,1000,True,True,True
273623282,"Sách - NGOẠI NGỮ KHÓ ĐẤY NHƯNG BẠN TỰ HỌC ĐƯỢC – Bí quyết tự học chinh phục song ngữ Anh, Trung - Thái Hà Books",152000,168000,10,4.5,2,17,,Thái Hà,Nhà Xuất Bản Thế Giới,,Bìa mềm,,,THAIHABOOKS,available,1000,True,True,True
271579031,Brady Siêu Đỉnh - 365 Ngày Phát Triển Trí Tuệ - Level 1 - Đồ Chơi Và Hình Khối,50400,56000,10,0.0,0,0,,Cty Văn Hóa & Truyền Thông Trí Việt.,Nhà Xuất Bản Văn Học,,,,,Nhà sách Fahasa,available,1000,True,True,True
271578983,Brady Siêu Đỉnh - 365 Ngày Phát Triển Trí Tuệ - Level 3 - Trò Chơi-Điệu Nhảy Và Âm Nhạc,53100,59000,10,0.0,0,1,,Cty Văn Hóa & Truyền Thông Trí Việt.,Nhà Xuất Bản Văn Học,,,,,Nhà sách Fahasa,available,1000,True,True,True
271319861,Sách Tự Học Tiếng Anh trong 24 Ngày - Tái Bản,29000,45000,36,0.0,0,5,Nguyễn Đại,VanLangBooks,Nhà Xuất Bản Hồng Đức,,Bìa mềm,116,2023-08-01,Tiki Trading,available,1000,True,True,True
263646530,Sách Bài tập thực hành tiếng Anh 10 - Không Đáp Án (Dành cho bộ SGK Global Success),58650,85000,31,5.0,1,17,"Mai Lan Hương, Phạm Văn Luận",Zenbooks,Nhà Xuất Bản Đà Nẵng,,Bìa mềm,176,2023-01-01,Tiki Trading,available,1000,False,True,True
215040227,Let’s Write 2 - Viết Đoạn Nâng Cao,188100,209000,10,0.0,0,0,Trần Thanh Hương,Alpha Books,NXB Dân Trí,,,,,Nhà sách Fahasa,available,1000,True,True,True
208778425,Vở Tập Viết Tiếng Anh - Family And Friends - National Edition 2 - Notebook,53200,56000,5,0.0,0,9,Chính An,Cty TNHH TM&DV VH GD Phía Nam,Nhà Xuất Bản Đồng Nai,,,,,Nhà sách Fahasa,available,1000,True,True,True
201088125,Learn English With Fables 5 - Học Tiếng Anh Qua Truyện Ngụ Ngôn - Tập 5: The Miser And His Gold - Gã Hà Tiện Và Thỏi Vàng,29700,30000,1,0.0,0,8,Si Keda,Nhà Xuất Bản Kim Đồng,Nhà Xuất Bản Kim Đồng,,,,,Nhà sách Fahasa,available,1000,True,True,True
197639037,Sách Bài Tập Tiếng Anh Lớp 6 Tập 2 (Có Đáp Án) (Dùng Kèm SGK Global Success),39150,45000,13,0.0,0,9,"Mai Lan Hương, Hà Thanh Uyên",Zenbooks,Nhà Xuất Bản Đà Nẵng,,Bìa mềm,Cuốn,2022-08-08,Zenbooks Official ,available,1000,True,True,True
192838131,Sách Giáo Khoa Tiếng Anh 10 THiNK (Sách Bài Tập),67125,75000,11,4.0,1,6,Nhiều tác giả,Zenbooks,Nhà Xuất Bản Đại Học Sư Phạm,,Bìa mềm,Cuốn,2022-03-03,Tiki Trading,available,1000,False,True,True
186877014,Let's Write! - Tập 1: Viết Đoạn Không Khó - BẢN QUYỀN,153000,199000,23,0.0,0,1,,Alpha Books,Nhà Xuất Bản Dân Trí,,Bìa mềm,,,Alpha Books Official,available,1000,True,True,True
185637109,Sách tâm lý/kỹ năng sống tiếng Anh: 12 Rules For Life - An antidote to chaos,436144,490050,11,0.0,0,11,Jordan B. Peterson,Penguin Books Ltd,Penguin Books Ltd,,Paperback,448,2019-03-07,Blue Horizon Books,available,1000,True,True,True
183725549,Sách tương tác tiếng Anh: Paddington Buggy Book,230688,259200,11,0.0,0,0,Michael Bond,Harper Collins,Harper Collins Publishers,,Bìa cứng,,,Blue Horizon Books,available,1000,True,True,True
180850997,Sách Cùng Con Học Ngữ Âm Tiếng Anh Qua 3 Cấp Độ - Nguyên Âm Đôi,36400,45000,19,0.0,0,8,MIS Editorial Team,Đinh Tị,Nhà Xuất Bản Thanh Niên,,Bìa mềm,36,2022-06-01,Tiki Trading,available,1000,True,True,True
180399981,Cinderella & Công Chúa Ngủ Trong Rừng (Kèm CD),54700,66000,17,0.0,0,1,Charles Perrault,FIRST NEWS,Nhà Xuất Bản Tổng hợp TP.HCM,,,,,Nhà sách Fahasa,available,1000,True,True,True
161245808,Reading For Good - Never Give Up,69600,80000,13,0.0,0,1,The Wanderers,Zenbooks,Nhà Xuất Bản Đà Nẵng,,,,,Nhà sách Fahasa,available,1000,True,True,True
161245802,Reading For Good - Expand Your Horizons,69600,80000,13,0.0,0,1,The Wanderers,Zenbooks,Nhà Xuất Bản Đà Nẵng,,,,,Nhà sách Fahasa,available,1000,True,True,True
152740751,Sách Practice Makes Perfect - Reading For Good,53600,80000,33,5.0,28,183,The Wanderers,Zenbooks,Nhà Xuất Bản Đà Nẵng,,Bìa mềm,184,2021-12-12,Tiki Trading,available,1000,False,True,True
146272047,Highlight - Học Tiếng Anh Qua Hình Vẽ - 101 Trái Chuối,113100,130000,13,0.0,0,0,,Zenbooks,Nhà Xuất Bản Đà Nẵng,,,,,Nhà sách Fahasa,available,1000,True,True,True
116148088,Truyện đọc tiếng Anh - The Old Man And The Sea,337621,379350,11,0.0,0,5,, Accord Publishing,Access Consciousness Publishing Company,,Bìa mềm,112,,Blue Horizon Books,available,1000,True,True,True
92905409,Chuyện Kể Thành Ngữ Anh - Việt,49000,50000,2,5.0,1,14,"Thanh Hà, Ngọc Mỹ,  Tuyết Hường,  Võ Huỳnh Phú,  Bảo Trân",Nhà Xuất Bản Kim Đồng,Nhà Xuất Bản Kim Đồng,,,,,Nhà sách Fahasa,available,1000,True,True,True
49994425,Sách English For Everyone - Teacher's Guide,178200,198000,10,0.0,0,4,Tom Booth,Nhân Trí Việt,Nhà Xuất Bản Tổng hợp TP.HCM,,Bìa mềm,128,2020-01-01,Nhà sách Fahasa,available,1000,True,True,True
48872750,Sách Em Học Giỏi Tiếng Anh Lớp 10 - Tập 1 (Kèm CD hoặc Links tải MP3),84100,99000,15,4.0,1,7,"Đại Lợi, Nguyễn Thị Thu Huế",Nhà sách Minh Thắng,Nhà Xuất Bản Đại Học Quốc Gia Hà Nội,,Bìa mềm,192,2020-02-02,Nhà sách Fahasa,available,1000,True,True,True
48557718,Sách Super Starters 2nd Edition - Activity's Book (Kèm CD Hoặc File MP3),115200,128000,10,5.0,1,23,"Wendy Superfine, Judy West",Nhân Trí Việt,Nhà Xuất Bản Tổng hợp TP.HCM,,Bìa mềm,84,2020-02-02,Nhà sách Fahasa,available,1000,True,True,True
22634368,Sách English At A Glance – Khái Quát Về Cách Phát Âm Tiếng Anh,45900,60000,24,4.8,12,101,PONS,Nhân Trí Việt,Nhà Xuất Bản Tổng hợp TP.HCM,,Bìa mềm,,2019-07-01,Tiki Trading,available,1000,False,True,True
22634357,Sách English At A Glance – Những Mẫu Câu Thiết Yếu Trong Thư Thương Mại Tiếng Anh,57000,60000,5,0.0,0,4,PONS,Nhân Trí Việt,,,Bìa mềm,,2019-07-01,Nhà sách Fahasa,available,1000,True,True,True
20977257,Sách Trò Chuyện Khi Đi Du Lịch 100% Bằng Hình,114000,120000,5,0.0,0,0,Larousse,Nhân Trí Việt,,,Bìa mềm,224,2019-06-01,Nhà sách Fahasa,available,1000,True,True,True
14813659,Combo 2 cuốn: Academic Listening Builder + Academic Reading Builder,414120,476000,13,4.5,8,27,"Will Link, Bin Walters",Zenbooks,Nhà Xuất Bản Đà Nẵng,,Bìa mềm,460,,Zenbooks Official ,available,1000,True,True,True
7775736,Combo 3 Quyển Sách Tranh Song Ngữ Được Khuyến Đọc Tại Mỹ,135200,136600,1,0.0,0,5,.,Quảng Văn,,,Bìa mềm,64,,Minhhabooks,available,1000,True,True,True
6479543,Sách Tự Tin Đối Đáp Tiếng Anh Công Sở,45500,70000,35,0.0,0,1,Steven Hobson,Zenbooks,,,Bìa mềm,128,2018-10-01,Nhà sách Fahasa,available,1000,True,True,True
2001021,Sách Bộ Tiếng Anh Thật Vui - Giao Thông Bận Rộn (Tái Bản),28500,30000,5,0.0,0,2,Tịnh Lâm,Công Ty CP Sách Văn Chương,Nhà Xuất Bản Văn Học,,Bìa mềm,28,2018-04-23,Chính Thông,available,1000,True,True,True
278775558,Bộ Giáo Trình Tiếng Anh Tiểu Học Quốc Tế Academy Stars,69000,69000,0,0.0,0,0,nhieu tac gia,Gieobooks,Nhà Xuất Bản Hồng Đức,,Bìa mềm,96,2025-10-18,Tazano Official Store,available,1000,True,True,True
273690568,Trạm Đọc | Let’s write 2 – Viết đoạn nâng cao,167000,209000,20,0.0,0,0,"Ngô Hà Thu, Trần Thanh Hương",Alphabooks,Nhà Xuất Bản Dân Trí,,Bìa mềm,196,2022-12-01,Alpha Books Official,available,1000,True,True,True
271245646,Combo sách Empower B1+ Intermediate Student’s Book and Workbook with Online Access,300000,300000,0,0.0,0,6,,Công Ty Cổ Phần Sách Đại Học - Dạy Nghề,Nhà Xuất Bản Giáo Dục Việt Nam,,,,,Cửa hàng Sách HEVOBOOKS,available,1000,True,True,True
261982683,Sách HỌC TỐT TIẾNG ANH 10 (Theo chương trình Global Success Tài liệu tham khảo thiết thực cho giáo viên và học sinh),98000,145000,32,5.0,6,63,"Trang Anh, Minh Trang",Huy Hoàng Bookstore,Nhà Xuất Bản Đại Học Quốc Gia Hà Nội,,Bìa mềm,288,2023-05-24,Tiki Trading,available,1000,False,True,True
252178535,Sách - Sổ tay kiến thức tiếng anh tiểu học,38000,38000,0,0.0,0,0,,Nhà Sách Hồng Ân,Nhà Xuất Bản Đại Học Quốc Gia Hà Nội,,Bìa mềm,120,,Khanhlinhbook,available,1000,True,True,True
207566010,Little Stories - To Have A Nice Day,65000,65000,0,0.0,0,0,Sracey Riches,NXB Đà Nẵng,Nhà Xuất Bản Đà Nẵng,,Bìa mềm,192,,Nhà Sách Phương Nam,available,1000,True,True,True
205506413,Hướng Dẫn Biên Soạn Và Dịch Thuật 100 Mẫu Hợp Đồng Kinh Tế Việt - Anh,133000,140000,5,0.0,0,7,Đức Tín,Cty Trí Tuệ,nxb thanh nien,,,,,Nhà sách Fahasa,available,1000,True,True,True
199591734,Sách - GLOBAL SUCCESS Bài tập bổ trợ và nâng cao tiếng anh lớp 7 tập 1 . Tặng bút/ sổ tay,105000,105000,0,0.0,0,2,,Nhà sách Minh Thắng,Nhà Xuất Bản Đại Học Quốc Gia Hà Nội,,,,,Minhhabooks,available,1000,True,True,True
183702479,Truyện đọc thiếu niên tiếng Anh: The Burning Maza,270337,303750,11,5.0,2,4,Rick Riodan,NXB Penguin Group US,Penguin Books Ltd (UK),,Bìa mềm,,,Blue Horizon Books,available,1000,True,True,True
181454047,Sách - Bài Tập Tiếng Anh 9 (Có Đáp Án),56550,65000,13,5.0,6,61,"Mai Lan Hương , Hà Thanh Uyên",Zenbooks,Nhà Xuất Bản Đà Nẵng,,Bìa mềm,,,Zenbooks Official ,available,1000,True,True,True
173420541,Speaking Matrix – 2 phút nói tiếng Anh như gió - TKBooks ,148000,148000,0,0.0,0,0,,MCBOOKS,hong duc,,,,,Bamboo Books,available,1000,True,True,True
154953468,Tiểu thuyết kinh điển tiếng Anh - War and Peace,175500,175500,0,4.8,5,24,Leo Tolstoy,Wordsworth,Wordsworth,,Bìa mềm,1024,,Blue Horizon Books,available,1000,True,True,True
111557552,Vector: Sách hệ Singapore - Học toán bằng tiếng Anh Play With Maths A Student’s Book,472500,472500,0,0.0,0,0,,MM PUBLICATIONS,MM PUBLICATIONS,,,,,Blue Horizon Books,available,1000,True,True,True
109936232,Binary Logic: ICT - Sách học tin học bằng tiếng Anh - Digital Kid Starter Student's Book,492750,492750,0,0.0,0,0,nhieu tac gia,MM PUBLICATIONS,MM PUBLICATIONS,,Bìa mềm,124,,Blue Horizon Books,available,1000,True,True,True
109885902,Binary Logic: ICT - Sách học tin học bằng tiếng Anh - Digital Kid Expert Student's Book ,492750,492750,0,0.0,0,0,,MM PUBLICATIONS,MM PUBLICATIONS,,Bìa mềm,120,,Blue Horizon Books,available,1000,True,True,True
1453501,Sách Succeed In Cambridge English - Movers (Kèm CD Hoặc File MP3),232000,298000,22,4.5,69,834,"Andrew Betsis, Landrence Mamas",Nhân Trí Việt,Nhà Xuất Bản Tổng hợp TP.HCM,,Bìa mềm,216,2018-01-01,Tiki Trading,available,1000,False,True,True
116506899,Truyện đọc tiếng Anh - The Elite,336420,378000,11,0.0,0,1,Kiera Cass,HarperCollins Publishers,HarperCollins Publishers,,Bìa mềm,336,,Blue Horizon Books,available,1000,True,True,True
279302765,Sách - Tự Học Siêu Tốc - ACT Total Prep,699000,699000,0,0.0,0,0,Kaplan Test Prep,1980 Books,NXB Dân Trí,,Bìa mềm,,2023-12-21,Nhà sách Fahasa,available,1000,True,True,True
108843313,MM Publications: Sách học tiếng Anh - Traveller Pre-Ιntermediate Grammar Βοοk,344250,344250,0,0.0,0,0,H.Q Mitchell,MM PUBLICATIONS,MM PUBLICATIONS,,Bìa mềm,80,,Blue Horizon Books,available,1000,True,True,True
177383225,MM Publications: Sách học tiếng Anh - New Destinations Intermediate a - Workbook (American Edition),315000,315000,0,0.0,0,0,nhieu tac gia,MM PUBLICATIONS,MM PUBLICATIONS,,Bìa mềm,55,,Blue Horizon Books,available,1000,True,True,True
