id,name,price,list_price,discount_rate,rating_average,review_count,all_time_quantity_sold,authors,publisher_vn,manufacturer,isbn13,book_cover,number_of_page,publication_date,current_seller_name,inventory_status,stock,has_freeship,is_authentic,has_return_policy
279236711,Sách Văn học thiếu nhi: Truyện tuyển cho em - Chọn lọc các truyện hay dành cho thiếu nhi,194000,250000,22,0.0,0,14,Nhiều tác giả,NXB Trẻ,NXB Trẻ,,Bìa mềm,348.0,2026-03-09,Tiki Trading,available,1000.0,False,True,True
279150333,"(Chữ ký tác giả, Tặng kèm 1 bộ postcard tranh 5 cái) GHI CHÉP – Trịnh Lữ – NXB Hà Nội – Omega Plus",191000,199000,4,4.7,3,32,Trịnh Lữ,Omega Plus,Nhà xuất bản Kinh tế tài chính,,Bìa mềm,332.0,,BÌNH BÁN BOOK,available,1000.0,True,True,True
279023130,Sách Biết Đâu Ngày Mai Có Cầu Vồng,95000,109000,13,0.0,0,9,Góc nhỏ của Han,Người Trẻ Việt,Nhà Xuất Bản Văn Học,,Bìa mềm,232.0,,Tiki Trading,available,1000.0,False,True,True
278917021,Sách Nhật Ký Của Cha,96000,119000,19,0.0,0,6,Jeong JiA,Shinebooks,Nhà Xuất Bản Dân Trí,,Bìa mềm,280.0,,Tiki Trading,available,1000.0,False,True,True
278879928,Sách Nếu Như Không Thể Nói Nếu Như & Có Ai Giữ Giùm Những Lãng Quên & Thức Dậy Anh Vẫn Là Mơ - Tái Bản 2025,80850,105000,23,5.0,12,308,Jun Phạm (365 Band),Skybooks,Nhà Xuất Bản Phụ Nữ Việt Nam,,Bìa mềm,,,Tiki Trading,available,1000.0,False,True,True
278704632,Sách Có Người Đợi Cơm,83930,109000,23,5.0,1,79,Hạ Mer,Người Trẻ Việt,Nhà Xuất Bản Văn Học,,Bìa mềm,200.0,2025-10-01,Tiki Trading,available,1000.0,False,True,True
277997384,Sách Thích Một Người Chính Là…,83930,109000,23,0.0,0,6,Trái Đất Tròn,Wavebooks,Nhà Xuất Bản Thế Giới,,Bìa mềm,232.0,2025-05-28,Tiki Trading,available,1000.0,False,True,True
277381902,Sách Tiếng gọi chân trời - Nguyễn Ngọc Tư,70000,95000,26,5.0,42,677,Nguyễn Ngọc Tư,NXB Trẻ,NXB Trẻ,,Bìa mềm,152.0,2025-03-04,Tiki Trading,available,1000.0,False,True,True
276762206,"Sách Chầm Chậm Gặp Gỡ, Từ Từ Bên Nhau",67760,88000,23,5.0,8,231,An.,Skybooks,Nhà Xuất Bản Phụ Nữ Việt Nam,,Bìa mềm,,2024-12-11,Tiki Trading,available,1000.0,False,True,True
275927640,Sách Nguyễn Ngọc Tư. Ngày mai của những ngày mai,88000,120000,27,4.8,18,178,Nguyễn Ngọc Tư,NXB Trẻ,NXB Trẻ,,Bìa mềm,192.0,2024-08-16,Tiki Trading,available,1000.0,False,True,True
273842945,"Sách Hoa Gặp Hoa Nở, Người Gặp Người Thương",78540,102000,23,5.0,12,246,SOUL,Skybooks,Nhà Xuất Bản Phụ Nữ,,Bìa mềm,264.0,2024-01-10,Tiki Trading,available,1000.0,False,True,True
273357023,Tuyển Tập Truyện Ngắn Vũ Trọng Phụng - Tái bản,73900,105000,30,4.8,5,44,Vũ Trọng Phụng,Nhà sách Minh Thắng,Nhà Xuất Bản Văn Học,,Bìa mềm,418.0,2023-09-09,Tiki Trading,available,1000.0,False,True,True
273346845,Sách Chúng Ta Sinh Ra Là Để Hạnh Phúc,70840,92000,23,5.0,27,428,nhungdieubinhyen,DEEP BOOKS,Nhà Xuất Bản Dân Trí,,Bìa mềm,216.0,,Tiki Trading,available,1000.0,False,True,True
272454779,Trốn Lên Mái Nhà Để Khóc - Tặng Kèm Bookmark,79800,95000,16,5.0,20,252,Lam,Skybooks,NXB Dân Trí,,,,,Nhà sách Fahasa,available,1000.0,True,True,True
272367381,Sách Trốn Lên Mái Nhà Để Khóc,73150,95000,23,5.0,151,2751,Lam,Skybooks,Nhà Xuất Bản Dân Trí,,Bìa mềm,208.0,,Tiki Trading,available,1000.0,False,True,True
272111582,Sách Người Tính Không Bằng Drama Tính,73920,96000,23,5.0,17,228,Pương Pương,Người Trẻ Việt,Nhà Xuất Bản Dân Trí,,Bìa mềm,216.0,2023-09-20,Tiki Trading,available,1000.0,False,True,True
271317277,Sách Học Yêu Mình Sau Muôn Vẻ Nỗi Đau,66220,86000,23,5.0,2,117,Yến Nhi,Người Trẻ Việt,Nhà Xuất Bản Hà Nội,,Bìa mềm,200.0,2023-08-08,Tiki Trading,available,1000.0,False,True,True
248930292,Sách Đám Trẻ Ở Đại Dương Đen,77220,119000,35,4.8,317,3672,Châu Sa Đáy Mắt,Wavebooks,Nhà Xuất Bản Thế Giới,,Bìa mềm,280.0,2023-03-01,Tiki Trading,available,1000.0,False,True,True
235728494,Sách Bắt Đầu Bằng Để Lại,80000,100000,20,5.0,1,18,Dương Thành Truyền,NXB Trẻ,NXB Trẻ,,Bìa mềm,200.0,2023-03-03,Tiki Trading,available,1000.0,False,True,True
214199407,Sách Bốn Ngọn Gió - The Four Winds,215000,285000,25,4.8,62,540,Kristin Hannah,Huy Hoàng Bookstore,Nhà Xuất Bản Văn Học,,Bìa mềm,704.0,2023-01-01,Tiki Trading,available,1000.0,False,True,True
187843291,Sách Nhật ký Đặng Thùy Trâm,63281,110000,42,5.0,152,2308,Đặng Thùy Trâm,Nhã Nam,Nhà Xuất Bản Hội Nhà Văn,,Bìa mềm,296.0,2022-06-01,Tiki Trading,available,1000.0,False,True,True
187824773,Tướng Về Hưu Và Những Truyện Khác (Bản Đặc Biệt),269000,360000,25,5.0,48,452,Nguyễn Huy Thiệp,NXB Trẻ,NXB Trẻ,,Bìa mềm,498.0,2022-07-07,Tiki Trading,available,1000.0,False,True,True
186290826,Sách Bảy Bước Tới Mùa Hè (Tái Bản),39000,52000,25,4.8,43,523,Nguyễn Nhật Ánh,NXB Trẻ,NXB Trẻ,,Bìa mềm,268.0,2022-06-01,Tiki Trading,available,1000.0,False,True,True
186290824,Sách Hạ đỏ (Tái Bản 2022),29000,38000,24,5.0,87,841,Nguyễn Nhật Ánh,NXB Trẻ,NXB Trẻ,,Bìa mềm,184.0,2022-06-01,Tiki Trading,available,1000.0,False,True,True
186290796,Sách Còn chút gì để nhớ (Tái Bản 2022),32000,43000,26,5.0,130,1169,Nguyễn Nhật Ánh,NXB Trẻ,NXB Trẻ,,Bìa mềm,220.0,2022-06-01,Tiki Trading,available,1000.0,False,True,True
186290790,Sách Đi qua hoa cúc (Tái Bản 2022),30000,40000,25,4.8,99,798,Nguyễn Nhật Ánh,NXB Trẻ,NXB Trẻ,,Bìa mềm,236.0,2022-06-01,Tiki Trading,available,1000.0,False,True,True
186286190,Sách Mắt Biếc (Tái Bản 2022),33000,43000,23,4.8,66,661,Nguyễn Nhật Ánh,NXB Trẻ,NXB Trẻ,,Bìa mềm,244.0,2022-06-06,Tiki Trading,available,1000.0,False,True,True
186286174,Sách Trại Hoa Vàng (Tái Bản 2022),38000,50000,24,4.6,49,545,Nguyễn Nhật Ánh,NXB Trẻ,NXB Trẻ,,Bìa mềm,292.0,2022-06-06,Tiki Trading,available,1000.0,False,True,True
171549946,Sách Ngồi Khóc Trên Cây,96000,130000,26,5.0,95,982,Nguyễn Nhật Ánh,NXB Trẻ,NXB Trẻ,,Bìa mềm,342.0,2022-01-01,Tiki Trading,available,1000.0,False,True,True
160370181,Khói Trời Lộng Lẫy (Tập Truyện Ngắn Nguyễn Ngọc Tư)(Tái Bản),68000,90000,24,5.0,119,1136,Nguyễn Ngọc Tư,NXB Trẻ,NXB Trẻ,,Bìa mềm,144.0,2022-01-01,Tiki Trading,available,1000.0,False,True,True
157432540,Sách Thư Tình Gửi Một Người (Trịnh Công Sơn) (Tái Bản),148000,195000,24,5.0,182,1271,Trịnh Công Sơn,NXB Trẻ,NXB Trẻ,,Bìa mềm,362.0,2022-01-01,Tiki Trading,available,1000.0,False,True,True
58063000,Sách Sông - Nguyễn Ngọc Tư (Tiểu Thuyết)(Tái Bản),89100,99000,10,5.0,9,48,Nguyễn Ngọc Tư,NXB Trẻ,NXB Trẻ,,Bìa mềm,230.0,,Nhà sách Fahasa,available,1000.0,True,True,True
54614797,"Sách Có Một Ngày, Bố Mẹ Sẽ Già Đi",68080,92000,26,4.8,2454,13114,Nhiều tác giả,Vibooks,Nhà Xuất Bản Thế Giới,,Bìa mềm,296.0,2020-01-01,Tiki Trading,available,1000.0,False,True,True
20977321,Trong Sách Có Gì Mà Vui Thế,68200,89000,23,4.5,8,630,Mem Fox,Quảng Văn,Nhà Xuất Bản Phụ Nữ,,Bìa mềm,181.0,1900-07-26,Tiki Trading,available,1000.0,False,True,True
20822929,Combo Sách Hay Của Nguyễn Nhật Ánh: Có Hai Con Mèo Ngồi Bên Cửa Sổ + Con Chó Nhỏ Mang Giỏ Hoa Hồng - (Tặng Kèm Postcard Greenlife),144000,180000,20,4.6,14,89,Nguyễn Nhật Ánh,NXB Trẻ,NXB Trẻ,,Bìa mềm,,,NHBook,available,1000.0,True,True,True
16440471,Sách Hành Lý Hư Vô,90200,95000,5,4.8,25,192,Nguyễn Ngọc Tư,NXB Trẻ,,,Bìa mềm,164.0,2019-05-01,Nhà sách Fahasa,available,1000.0,True,True,True
7837699,Sách Thành Phố - Những Thước Phim Quay Chậm,74000,98000,24,5.0,36,404,Huỳnh Như Phương,NXB Trẻ,NXB Trẻ,,Bìa mềm,392.0,2018-11-29,Tiki Trading,available,1000.0,False,True,True
3954355,Sách Yêu Những Điều Không Hoàn Hảo,109850,169000,35,5.0,4085,43241,Hae Min,Nhã Nam,Nhà Xuất Bản Thế Giới,,Bìa mềm,300.0,2018-01-01,Tiki Trading,available,1000.0,False,True,True
1986173,Sách Tôi Không Thể Viết Tiểu Thuyết,85400,89000,4,2.0,1,3,"Nakamura Kou, Nakata Eiichi",Nhã Nam,,,Bìa mềm,292.0,2018-01-01,Nhà sách Fahasa,available,1000.0,True,True,True
464132,Truyện Kiều,32200,35000,8,4.8,13,51,Nguyễn Du,Huy Hoàng Bookstore,,,Bìa mềm,175.0,2015-10-14,Nhà sách Fahasa,available,1000.0,True,True,True
279219206,Sách - Văn học thiếu nhi. Hầu Vương đảo Hòn Lao,51000,70000,27,5.0,1,3,Lê Đức Dương,NXB Trẻ,NXB Trẻ,,Bìa mềm,,2026-03-09,Tiki Trading,available,1000.0,False,True,True
279211972,Sách - Người Bình Thường Tập Lớn,78200,92000,15,0.0,0,2,nhieu tac gia,AZ Việt Nam,Nhà Xuất Bản Văn Học,,Bìa mềm,,2023-12-21,Nhà sách Fahasa,available,1000.0,True,True,True
279143666,Sách Người Bình Thường Tập Lớn,63480,92000,31,2.0,2,27,Maii,Vitalis,Nhà Xuất Bản Văn Học,,Bìa mềm,168.0,,Tiki Trading,available,1000.0,False,True,True
279143615,Sách Chúng ta sống để trở về,62000,80000,23,5.0,2,35,Nguyễn Phong Việt,NXB Trẻ,NXB Trẻ,,Bìa mềm,176.0,2026-01-30,Tiki Trading,available,1000.0,False,True,True
279122174,Đồng hành là lời tỏ tình chân thành nhất,68000,85000,20,4.5,2,46,23thang12,Skybooks,Nhà Xuất Bản Phụ Nữ Việt Nam,,Bìa mềm,144.0,,Tiki Trading,available,1000.0,False,True,True
278972767,Sách Thiên thần nhỏ của tôi ( (Phiên bản đặc biệt) - Nguyễn Nhật Ánh,323000,410000,21,5.0,2,12,Nguyễn Nhật Ánh,NXB Trẻ,NXB Trẻ,,Bìa mềm,160.0,2025-12-24,Tiki Trading,available,1000.0,False,True,True
278791942,Sách Tôi Có Triệu Chứng Kém Yêu Ư?,67000,88000,24,0.0,0,10,Nhiều tác giả,Deepbooks,Nhà Xuất Bản Phụ Nữ Việt Nam,,Bìa mềm,192.0,2025-10-31,Tiki Trading,available,1000.0,False,True,True
278773641,Sách Chầm Chậm Trưởng Thành Thong Dong Rực Rỡ,109000,109000,0,0.0,0,0,Nguyễn Việt Anh,Vitalis,Nhà Xuất Bản Văn Học,,Bìa mềm,240.0,2025-10-27,Bamboo Books,available,1000.0,True,True,True
278508227,Miễn Là Cây Chanh Còn Mọc (ĐT),192100,226000,15,5.0,1,13,Zoulfa Katouh,Công Ty TNHH Văn Hóa Đông Tây,Nhà Xuất Bản Văn Học,,Bìa mềm,375.0,,Văn Lang Official Store,available,1000.0,True,True,True
277611591,Sách Một Đời Dài Rộng Hãy Thương Lấy Mình,84000,105000,20,0.0,0,52,Gác Mái,Blue.Books,Nhà Xuất Bản Văn Học,,,192.0,,Tiki Trading,available,1000.0,False,True,True
276583971,"Sách Thế Giới Mong Cậu Lớn, Tớ Mong Cậu Bình An",127200,159000,20,5.0,9,87,ngoicanhtulanh,VIVABOOKS,Nhà Xuất Bản Dân Trí,,Bìa mềm,208.0,,Tiki Trading,available,1000.0,False,True,True
276396477,Sách Thưa ngoại con mới về,97000,105000,8,5.0,25,434,Lam,Skybooks,Nhà Xuất Bản Dân Trí,,Bìa mềm,216.0,,Tiki Trading,available,1000.0,False,True,True
274318147,Sách Vị Thời Gian,92000,129000,29,5.0,28,372,Bạch Lạc Mai,Cẩm Phong Books,Nhà Xuất Bản Hà Nội,,Bìa cứng,336.0,2024-02-01,Tiki Trading,available,1000.0,False,True,True
273961038,Sách Trăng Tan Đáy Nước,105000,150000,30,5.0,30,259,Hoàng Yến,Linh Lan Books,Nhà Xuất Bản Văn Học,,Bìa mềm,248.0,,Tiki Trading,available,1000.0,False,True,True
273314953,Sách Cất Cho Tôi Những Ngày Xanh Nắng Hạ,83930,109000,23,4.7,27,279,Minh,Blue.Books,Nhà Xuất Bản Văn Học,,Bìa mềm,212.0,,Tiki Trading,available,1000.0,False,True,True
273219883,Sách Cuối Con Đường Sẽ Gặp Một Người Thương,83160,108000,23,5.0,30,706,Trí,Người Trẻ Việt,Nhà Xuất Bản Văn Học,,Bìa mềm,264.0,2023-10-30,Tiki Trading,available,1000.0,False,True,True
273202457,Sách Nguyễn Ngọc Tư - Trôi,71000,95000,25,5.0,41,599,Nguyễn Ngọc Tư,NXB Trẻ,NXB Trẻ,,Bìa mềm,152.0,2023-11-06,Tiki Trading,available,1000.0,False,True,True
262695598,Sách Chú Bé Rắc Rối,27000,38000,29,4.8,36,446,Nguyễn Nhật Ánh,NXB Trẻ,NXB Trẻ,,Bìa mềm,188.0,2022-06-01,Tiki Trading,available,1000.0,False,True,True
242725109,Sách Bồ Công Anh,79000,118000,33,5.0,40,418,Kawabata Yasunari,Huy Hoàng Bookstore,Nhà Xuất Bản Thanh Niên,,Bìa mềm,232.0,2023-03-03,Tiki Trading,available,1000.0,False,True,True
242424688,Sách Mẹ làm gì có ước mơ,68530,89000,23,5.0,141,1766,Hạ Mer,Người Trẻ Việt,Nhà Xuất Bản Văn Học,,Bìa mềm,208.0,2023-03-01,Tiki Trading,available,1000.0,False,True,True
198208147,Sách Gáy Người Thì Lạnh (Tái Bản 2022),60000,80000,25,4.8,13,233,Nguyễn Ngọc Tư,NXB Trẻ,NXB Trẻ,,Bìa mềm,152.0,2022-09-01,Tiki Trading,available,1000.0,False,True,True
195801694,Sách Cơ Hội Của Chúa (Bản Đặc Biệt),243000,345000,30,4.8,16,124,Nguyễn Việt Hà,NXB Trẻ,NXB Trẻ,,Bìa mềm,396.0,2022-08-08,Tiki Trading,available,1000.0,False,True,True
192124406,Sách Những bức di thư Thành cổ,98000,130000,25,5.0,36,306,Lê Bá Dương,NXB Trẻ,NXB Trẻ,,Bìa mềm,120.0,2022-08-01,Tiki Trading,available,1000.0,False,True,True
186290806,Sách Bong Bóng Lên Trời (Tái Bản 2022),27000,38000,29,5.0,30,390,Nguyễn Nhật Ánh,NXB Trẻ,NXB Trẻ,,Bìa mềm,182.0,2022-06-01,Tiki Trading,available,1000.0,False,True,True
186290802,Sách Bàn Có Năm Chỗ Ngồi (Tái Bản 2022),29000,38000,24,4.8,90,1157,Nguyễn Nhật Ánh,NXB Trẻ,NXB Trẻ,,Bìa mềm,188.0,2022-06-01,Tiki Trading,available,1000.0,False,True,True
186290792,Sách Bồ Câu Không Đưa Thư (Tái Bản 2022),27000,38000,29,4.7,70,727,Nguyễn Nhật Ánh,NXB Trẻ,NXB Trẻ,,Bìa mềm,182.0,2022-06-01,Tiki Trading,available,1000.0,False,True,True
186267241,"Sách Bánh mì thơm, cà phê đắng (lan man ẩm thực Châu Âu)",52000,70000,26,5.0,12,189,Ngô Thị Giáng Uyên,NXB Trẻ,NXB Trẻ,,Bìa mềm,144.0,2022-06-20,Tiki Trading,available,1000.0,False,True,True
160370177,Không Ai Qua Sông (Tập Truyện Ngắn Nguyễn Ngọc Tư)(Tái Bản),76000,100000,24,5.0,32,350,Nguyễn Ngọc Tư,NXB Trẻ,NXB Trẻ,,Bìa mềm,170.0,2022-01-01,Tiki Trading,available,1000.0,False,True,True
159259322,"Sách Nhớ Hà Nội, Thương Sài Gòn",103200,129000,20,4.7,21,277,Nhiều tác giả,AZ Việt Nam,Nhà Xuất Bản Thế Giới,,Bìa mềm,312.0,2022-01-01,Tiki Trading,available,1000.0,False,True,True
158775128,Truyện Kiều Chú Giải (Bìa Cứng)(Tái Bản),132600,175000,24,5.0,18,237,Nguyễn Du,Nhà sách Minh Thắng,Nhà Xuất Bản Văn Học,,Bìa cứng,604.0,2022-01-01,Tiki Trading,available,1000.0,False,True,True
111285059,Sách Đôi Mắt Nhìn Thế Giới,103500,109000,5,0.0,0,5,Nguyễn Thanh Bình,Nhã Nam,Nhà Xuất Bản Hội Nhà Văn,,Bìa mềm,204.0,2021-07-01,Nhà sách Fahasa,available,1000.0,True,True,True
87106072,Sách Trịnh Công Sơn Và Cây Đàn Lyre Của Hoàng Tử Bé (Tái Bản),67000,90000,26,5.0,41,217,Hoàng Phủ Ngọc Tường,NXB Trẻ,NXB Trẻ,,Bìa mềm,192.0,2021-03-15,Tiki Trading,available,1000.0,False,True,True
77105806,Sách Bảo Ninh - Tạp Bút,133000,175000,24,4.6,17,137,Bảo Ninh,NXB Trẻ,NXB Trẻ,,Bìa mềm,444.0,2020-02-01,Tiki Trading,available,1000.0,False,True,True
76388962,"Sách Chúng Ta Rồi Sẽ Hạnh Phúc, Theo Những Cách Khác Nhau [Tặng Kèm: 01 Bookmark]",86000,98000,12,4.8,1862,9891,Thảo Thảo,Người Trẻ Việt,Nhà Xuất Bản Văn Học,,Bìa mềm,208.0,2021-01-01,Tiki Trading,available,1000.0,False,True,True
69764547,Sách Hẹn Nhau Phía Sau Tan Vỡ,66220,86000,23,4.8,1440,6874,An,DEEP BOOKS,Nhà Xuất Bản Phụ Nữ Việt Nam,,Bìa mềm,232.0,2020-10-01,Tiki Trading,available,1000.0,False,True,True
66751621,Sách DẪU CÓ RA ĐI VẪN SẼ CƯỜI - Mộc Trầm (Thích Đạo Quang),79000,80000,1,5.0,148,889,,SBOOKS,Nhà Xuất Bản Thế Giới,,Bìa mềm,264.0,,SBOOKS OFFICIAL,available,1000.0,True,True,True
63924629,Sách Tạp Văn Nguyễn Ngọc Tư (Tái Bản Lần Thứ 20-2020),82800,90000,8,4.8,8,46,Nguyễn Ngọc Tư,NXB Trẻ,NXB Trẻ,,Bìa mềm,193.0,2020-08-01,Nhà sách Fahasa,available,1000.0,True,True,True
37794464,Sách Giao Thừa (Tái Bản 2019),90200,95000,5,5.0,17,155,"Nguyễn Ngọc Tư, Nguyễn Ngọc Tư",NXB Trẻ,,,,,,Nhà sách Fahasa,available,1000.0,True,True,True
2297621,Sách Bỉ Vỏ,44000,65000,32,4.6,71,751,Nguyên Hồng,Huy Hoàng Bookstore,Nhà Xuất Bản Văn Học,,Bìa mềm,207.0,2025-09-15,Tiki Trading,available,1000.0,False,True,True
970417,Sách Cây Chuối Non Đi Giày Xanh - Bìa Mềm,82000,110000,25,4.8,864,24946,Nguyễn Nhật Ánh,NXB Trẻ,NXB Trẻ,,Bìa mềm,304.0,2017-12-12,Tiki Trading,available,1000.0,False,True,True
279219204,Sách - I decided to live as me - Dám sống thật với mình,112000,140000,20,0.0,0,5,Kim Suhyun,NXB Trẻ,NXB Trẻ,,Bìa mềm,312.0,2026-03-09,Tiki Trading,available,1000.0,False,True,True
279086420,Sách - Chua Ngọt Đời Văn,193500,225000,14,0.0,0,2,nhieu tac gia,Fahasa,Nhà Xuất Bản Đà Nẵng,,Bìa mềm,,2023-12-21,Nhà sách Fahasa,available,1000.0,True,True,True
279062746,Vẻ Đẹp Của Kẻ Chán Chường (Bán Tự Truyện) - Nguyễn Ngọc Thuần,115000,152000,24,4.0,1,56,Nguyễn Ngọc Thuần,PHANBOOK,Nhà Xuất Bản Hội Nhà Văn,,Bìa mềm,164.0,,PHAN LỆ & FRIENDS,available,1000.0,True,True,True
278277832,Sách Vui Vẻ Không Quạu Nha - Tản Văn,60830,79000,23,4.7,5338,13,Ở Đây Zui Nè,Skybooks,Nhà Xuất Bản Phụ Nữ,,Bìa mềm,280.0,2020-03-01,Tiki Trading,available,1000.0,False,True,True
278155114,Sách Bánh Vẽ - Cháo Gà Cho Tâm Hồn,68530,89000,23,5.0,3,61,Stush,Skybooks,Nhà Xuất Bản Lao Động,,Bìa mềm,160.0,2025-06-30,Tiki Trading,available,1000.0,False,True,True
278146961,Sách - Vào Đời,156800,189000,17,0.0,0,7,,Fahasa,Nhà Xuất Bản Thế Giới,,Bìa mềm,,2023-12-21,Nhà sách Fahasa,available,1000.0,True,True,True
278099535,Sách Ma Quỷ Loạn Cõi Trần,95460,129000,26,4.8,4,13,Nhóm tác giả Viva Talents,VIVABOOKS,Nhà Xuất Bản Dân Trí,,Bìa mềm,248.0,2025-06-20,Tiki Trading,available,1000.0,False,True,True
277599514,Sách Sống như một dòng sông,101258,145000,30,5.0,1,56,Nguyễn Thị Ngọc Minh,Nhã Nam,Nhà Xuất Bản Thế Giới,,Bìa mềm,292.0,2025-03-13,Tiki Trading,available,1000.0,False,True,True
277228153,Sách Sài Gòn - Đi qua ký ức,68000,95000,28,5.0,3,61,Lê Văn Nghĩa,NXB Trẻ,NXB Trẻ,,Bìa mềm,216.0,2025-02-05,Tiki Trading,available,1000.0,False,True,True
277164026,Sách Thế gian dài hơn bước chân người,106560,148000,28,5.0,1,37,Hồ Anh Thái,Nhã Nam,Nhà Xuất Bản Dân Trí,,Bìa mềm,328.0,2024-03-12,Tiki Trading,available,1000.0,False,True,True
277164021,Sách Chuyện nhà Tí (và chuyện nhiều nhà khác),108000,150000,28,5.0,3,114,Phan Thị Vàng Anh,Nhã Nam,Nhà Xuất Bản Hội Nhà Văn,,Bìa mềm,198.0,2024-03-12,Tiki Trading,available,1000.0,False,True,True
276824664,Sách Chúng ta sống để bước tiếp,62000,80000,23,5.0,2,45,Nguyễn Phong Việt,NXB Trẻ,NXB Trẻ,,Bìa mềm,192.0,2024-12-10,Tiki Trading,available,1000.0,False,True,True
275358564,Sách Vụn Vỡ Từ Những Vì Sao,72380,94000,23,5.0,5,74,Châu Sa Đáy Mắt,Skybooks,Nhà Xuất Bản Lao Động,,Bìa mềm,232.0,,Tiki Trading,available,1000.0,False,True,True
275217312,Sách Sống Như Gấm Sẽ Có Người Đến Thêm Hoa,72270,99000,27,4.0,3,110,Lý Ái Linh,Bookland,Nhà Xuất Bản Dân Trí,,Bìa mềm,168.0,2024-05-30,Tiki Trading,available,1000.0,False,True,True
273476655,Sách Anh hùng còn chi (Bìa cứng),167860,218000,23,5.0,7,55,Nguyễn Huy Thiệp,Nhã Nam,Nhà Xuất Bản Hội Nhà Văn,,Bìa cứng,340.0,2023-11-15,Tiki Trading,available,1000.0,False,True,True
273255576,Trôi - Nguyễn Ngọc Tư,87400,95000,8,5.0,1,54,Nguyễn Ngọc Tư,NXB Trẻ,NXB Trẻ,,,,,Nhà sách Fahasa,available,1000.0,True,True,True
272430555,Sách Tật xấu người Việt,114730,149000,23,4.8,46,833,Di Li,Nhã Nam,Nhà Xuất Bản Hội Nhà Văn,,Bìa mềm,384.0,,Tiki Trading,available,1000.0,False,True,True
272367373,Sách Dài Hơn Một Mùa Hè,70200,108000,35,5.0,9,158,Lu,Skybooks,Nhà Xuất Bản Phụ Nữ Việt Nam,,Bìa mềm,200.0,,Tiki Trading,available,1000.0,False,True,True
272353244,Sách Bất hạnh là một tài sản - Một mình ở Châu Âu,99330,129000,23,4.8,5,124,Phan Việt,Nhã Nam,Nhà Xuất Bản Hội Nhà Văn,,Bìa mềm,343.0,,Tiki Trading,available,1000.0,False,True,True
272184280,Sách Chiều Chiều Quạ Nói Với Diều,55000,55000,0,0.0,0,1,Giai Du,Kim Đồng,Nhà Xuất Bản Kim Đồng,,Bìa mềm,168.0,2023-09-25,Bamboo Books,available,1000.0,True,True,True
270734436,Sách Tuổi 40 Yêu Dấu (Tản Văn),83000,110000,25,4.6,69,67,Ann Lee,NXB Trẻ,NXB Trẻ,,Bìa mềm,208.0,2023-01-01,Tiki Trading,available,1000.0,False,True,True
195801670,Sách Hồi Ức Lính (Tái Bản 2022),243000,330000,26,4.8,16,117,Vũ Công Chiến,NXB Trẻ,NXB Trẻ,,Bìa mềm,708.0,2022-08-08,Tiki Trading,available,1000.0,False,True,True
192125802,"Sách Chú chiếu bóng, nhà ảo thuật, tay đánh bài và tụi con nít xóm nhỏ Sài Gòn năm ấy- ĐỔI BÌA - ĐỔI GIÁ",91000,110000,17,4.8,5,46,Lê Văn Nghĩa,NXB Trẻ,NXB Trẻ,,Bìa mềm,324.0,2022-08-01,Tiki Trading,available,1000.0,False,True,True
186286169,Sách Trước Vòng Chung Kết (Tái Bản 2022),37000,50000,26,4.5,9,260,Nguyễn Nhật Ánh,NXB Trẻ,NXB Trẻ,,Bìa mềm,268.0,2022-06-06,Tiki Trading,available,1000.0,False,True,True
162025657,Khói Trời Lộng Lẫy (Tái Bản 2022),82800,90000,8,5.0,2,26,Nguyễn Ngọc Tư,NXB Trẻ,NXB Trẻ,,,,,Nhà sách Fahasa,available,1000.0,True,True,True
153518828,Sách Hong Tay Khói Lạnh (Tản Văn Nguyễn Ngọc Tư),67000,90000,26,5.0,357,2637,Nguyễn Ngọc Tư,NXB Trẻ,NXB Trẻ,,Bìa mềm,176.0,2021-12-12,Tiki Trading,available,1000.0,False,True,True
146065906,Sách Sống Giữa Cuộc Đời Này (Nguyễn Lân Dũng),61600,89000,31,4.8,4,17,GS.TS.NGND Nguyễn Lân Dũng,Tân Việt,Nhà Xuất Bản Dân Trí,,Bìa mềm,,2021-12-12,Tiki Trading,available,1000.0,False,True,True
137478163,Đại dương đen,188000,198000,5,0.0,0,1,,Công ty TNHH Xuất bản Thiện Tri Thức,Nhà Xuất Bản Hội Nhà Văn,,Bìa mềm,,,Alpha Books Official,available,1000.0,True,True,True
125243967,ĐẠI DƯƠNG ĐEN - Những Câu Chuyện Từ Thế Giới Trầm Cảm,188000,198000,5,4.0,1,4,Đặng Hoàng Giang,Công ty TNHH Xuất bản Thiện Tri Thức,Nhà Xuất Bản Hội Nhà Văn,,Bìa mềm,322.0,2021-08-11,Alpha Books Official,available,1000.0,True,True,True
77105707,Ngọn Đèn Không Tắt - Tập Truyện Ngắn (Nguyễn Ngọc Tư),48000,65000,26,4.8,18,278,Nguyễn Ngọc Tư,NXB Trẻ,NXB Trẻ,,Bìa mềm,76.0,2020-02-01,Tiki Trading,available,1000.0,False,True,True
68688349,Sách Ăn Để Nhớ - Tản Văn,73000,100000,27,4.7,25,182,Kim Em,NXB Trẻ,NXB Trẻ,,Bìa mềm,248.0,2020-09-01,Tiki Trading,available,1000.0,False,True,True
66952518,Sách Mỗi Ngày Đều Đóng Vai Một Người Lớn Điềm Tĩnh (Tản Văn),77400,129000,40,5.0,62,233,Cú Mèo của Lão Dương,Người Trẻ Việt,Nhà Xuất Bản Văn Học,,Bìa gập,352.0,2020-09-01,Nhà sách Fahasa,available,1000.0,True,True,True
51287047,Ngôi Nhà Mặt Tiền Và Các Truyện Vừa Khác (Tái Bản 2020),90000,100000,10,5.0,8,47,Sơn Nam,NXB Trẻ,NXB Trẻ,,Bìa mềm,292.0,2020-03-01,Nhà sách Fahasa,available,1000.0,True,True,True
15397971,Sách Hà Nội Băm Sáu Phố Phường (Tái bản 2019),46500,50000,7,5.0,12,73,Thạch Lam,Nhã Nam,,,Bìa mềm,124.0,2018-05-04,Nhà sách Fahasa,available,1000.0,True,True,True
12574279,Sách Chuyện Cổ Tích Dành Cho Người Lớn (Tái Bản 2019),62000,85000,27,4.8,346,4290,Nguyễn Nhật Ánh,NXB Trẻ,NXB Trẻ,,Bìa mềm,152.0,2019-02-28,Tiki Trading,available,1000.0,False,True,True
4466841,Sách Trưởng Thành Sau Ngàn Lần Tranh Đấu (Tái Bản),86400,120000,28,4.7,658,9852,Kim Ran Do,Nhã Nam,Nhà Xuất Bản Hà Nội,,Bìa mềm,560.0,2018-09-11,Tiki Trading,available,1000.0,False,True,True
3953575,Sách Xóm Bờ Giậu,144000,145000,1,4.8,41,905,Trần Đức Tiến,Nhà Xuất Bản Kim Đồng,Nhà Xuất Bản Kim Đồng,,Bìa mềm,108.0,,Tiki Trading,available,1000.0,False,True,True
646398,Sách Ba Áng Mây Trôi Dạt Xứ Bèo,95000,100000,5,0.0,0,9,Nuage Rose,NXB Trẻ,NXB Trẻ,,Bìa mềm,300.0,2017-05-01,Nhà sách Fahasa,available,1000.0,True,True,True
645613,Sách Tâm Tình với Trịnh Công Sơn,59000,76000,22,4.8,41,367,Bửu Ý,Phương Nam Book,Nhà Xuất Bản Văn Học,,Bìa mềm,176.0,2017-01-05,Tiki Trading,available,1000.0,False,True,True
486206,Sách Cứu Tinh Vũ Trụ,150000,150000,0,4.8,91,933,Victor Slipentruc,Công Ty TNHH Văn Hóa Đông Tây,Nhà Xuất Bản Văn Học,,Bìa mềm,651.0,2013-06-25,Đông Tây,available,1000.0,True,True,True
279280720,Sách Bát Tiên Xóm Con Chuột,108750,145000,25,0.0,0,2,Phạm Công Luận,Nhã Nam,Nhà Xuất Bản Thế Giới,,Bìa mềm,96.0,,Tiki Trading,available,1000.0,False,True,True
279244033,Sách - Lãng khách chợ Ga (Phạm Công Luận) (Nhã Nam Official),127600,145000,12,0.0,0,2,Phạm Công Luận,Nhã Nam,Nhà Xuất Bản Hội Nhà Văn,,Bìa mềm,101.0,,Nhã Nam Official,available,1000.0,True,True,True
279106465,Sách Trốn Lên Mái Nhà Để Khóc - Ấn bản sưu tầm,172000,215000,20,5.0,3,14,Lam,Skybooks,Nhà Xuất Bản Dân Trí,,Bìa mềm,176.0,,Tiki Trading,available,1000.0,False,True,True
278761267,"Sách - Từng Gắn Bó, Từng Yêu Thương - Tặng Kèm Postcard",97500,119000,18,0.0,0,1,Trần Duy Thành,AZ Việt Nam,NXB Dân Trí,,Bìa mềm,,2023-12-21,Nhà sách Fahasa,available,1000.0,True,True,True
278491336,Sách Ngồi Khóc Trên Cây (Khổ Nhỏ),59000,78000,24,0.0,0,14,Nguyễn Nhật Ánh,NXB Trẻ,NXB Trẻ,,Bìa mềm,308.0,2025-08-13,Tiki Trading,available,1000.0,False,True,True
278381183,Sách Nhân Trường Hợp Chị Thỏ Bông Và Các Bài Viết Khác,98000,135000,27,5.0,1,15,Phan Thị Vàng Anh,NXB Trẻ,NXB Trẻ,,Bìa mềm,316.0,2025-08-01,Tiki Trading,available,1000.0,False,True,True
276428189,Thưa Ngoại Con Mới Về - Tặng Kèm Bookmark,82900,105000,21,5.0,2,18,Lam,Skybooks,Nhà Xuất Bản Dân Trí,,Bìa mềm,,2023-12-21,Nhà sách Fahasa,available,1000.0,True,True,True
276396462,Sách Lạc Giữa Muôn Trùng Nỗi Buồn,81600,102000,20,0.0,0,9,Mớ hỗn độn xinh đẹp,Người Trẻ Việt,Nhà Xuất Bản Dân Trí,,Bìa mềm,216.0,,Tiki Trading,available,1000.0,False,True,True
273977124,"Trên đồi, mở mắt và mơ ",74800,78000,4,0.0,0,4,Văn Thành Lê,Kim Đồng,Nhà Xuất Bản Kim Đồng,,Bìa mềm,156.0,,TYMBooks,available,1000.0,True,True,True
273921639,Sách Bán một cành mai ăn tết,79000,105000,25,5.0,2,49,Hoàng Công Danh,NXB Trẻ,NXB Trẻ,,,248.0,2024-01-17,Tiki Trading,available,1000.0,False,True,True
273733183,Sách - Hết Thảy Chúng Ta Đều Là Quá Khứ - SBOOKS,116000,118000,2,5.0,1,11,Tâm An,SBOOKS,Nhà Xuất Bản Văn Học,,Bìa mềm,188.0,2023-12-28,SBOOKS OFFICIAL,available,1000.0,True,True,True
273708849,Sách Gia Định Là Nhớ - Sài Gòn Là Thương 2,106260,138000,23,4.8,6,64,Cù Mai Công,First News - Trí Việt,Nhà Xuất Bản Tổng hợp TP.HCM,,Bìa mềm,272.0,2023-12-01,Tiki Trading,available,1000.0,False,True,True
273283640,Sách Ngày Nắng Đem Nỗi Buồn Ra Phơi,67760,88000,23,5.0,4,77,Thỏ con lon ton,Skybooks,Nhà Xuất Bản Phụ Nữ Việt Nam,,Bìa mềm,192.0,,Tiki Trading,available,1000.0,False,True,True
273122283,Sách Quê Nội,83600,88000,5,5.0,78,94,Võ Quảng,Nhà Xuất Bản Kim Đồng,Nhà Xuất Bản Kim Đồng,,Bìa mềm,396.0,,Tiki Trading,available,1000.0,False,True,True
271456412,Sách Những Cánh Hoa Tàn (Tái bản),33200,49000,32,5.0,1,25,Nam Cao,Nhà sách Minh Thắng,Nhà Xuất Bản Văn Học,,Bìa mềm,160.0,2023-06-01,Tiki Trading,available,1000.0,False,True,True
262875350,Sách Văn học thiếu nhi - Nào cùng nhón chân,56000,75000,25,5.0,1,17,"Phan Hiền, Nguyễn Mỹ Nữ",NXB Trẻ,NXB Trẻ,,Bìa mềm,116.0,2023-06-15,Tiki Trading,available,1000.0,False,True,True
262055734,Văn Học Nam Bộ 1945 - 1954,127500,150000,15,5.0,2,3,Nhiều tác giả,Nhà xuất bản Tổng hợp TP.HCM ,Nhà Xuất Bản Tổng hợp TP.HCM,,,,,NXB TỔNG HỢP,available,1000.0,True,True,True
259542135,Sách Sơn Nam. Người bạn triệu phú,70000,70000,0,0.0,0,0,Nguyễn Nhật Ánh,NXB Trẻ,NXB Trẻ,,Bìa mềm,128.0,2023-05-26,FishingBook,available,1000.0,True,True,True
242797772,Bắt Đầu Bằng Để Lại,100000,100000,0,0.0,0,4,Dương Thành Truyền,NXB Trẻ,NXB Trẻ,,Bìa mềm,200.0,2023-03-03,Nhà sách NetaBooks,available,1000.0,True,True,True
203701756,Sách Chuyện Của Ngân,109000,109000,0,0.0,0,1,Ngân Jones,Bloom Books,Nhà Xuất Bản Thế Giới,,Bìa mềm,218.0,2022-10-10,Bamboo Books,available,1000.0,True,True,True
197920657,Sách Những Kẻ Tuyệt Vọng,169000,195000,13,4.5,7,51,Minh Tran Huy,Phương Nam Book,Nhà Xuất Bản Phụ Nữ Việt Nam,,Bìa mềm,317.0,2022-09-01,Tiki Trading,available,1000.0,False,True,True
197344442,Sách Những Đứa Con Rải Rác Trên Đường (Bản Đặc Biệt),241000,330000,27,5.0,14,115,Hồ Anh Thái,NXB Trẻ,NXB Trẻ,,Bìa cứng,350.0,2022-09-09,Tiki Trading,available,1000.0,False,True,True
187827448,Sách Vương Hồng Sển - Tạp bút năm Ất Hợi 1995: Di Cảo,152000,220000,31,5.0,17,123,Vương Hồng Sển,NXB Trẻ,NXB Trẻ,,Bìa mềm,328.0,2022-06-01,Tiki Trading,available,1000.0,False,True,True
186290791,Sách Cô gái đến từ hôm qua (Tái Bản),63000,85000,26,5.0,50,651,Nguyễn Nhật Ánh,NXB Trẻ,NXB Trẻ,,Bìa mềm,178.0,2022-06-01,Tiki Trading,available,1000.0,False,True,True
176909238,Sách Hà Nội Còn Một Chút Này,78480,109000,28,5.0,55,514,Nguyễn Ngọc Tiến,Nhã Nam,Nhà Xuất Bản Hội Nhà Văn,,Bìa mềm,368.0,2022-01-01,Tiki Trading,available,1000.0,False,True,True
167972598,Sách Tôi Thích Bản Thân Nỗ Lực Hơn (Ấn Bản Kỷ Niệm),93600,120000,22,4.8,338,2436,Chu Xung,Mintbooks,Nhà Xuất Bản Văn Học,,Bìa mềm,380.0,2022-03-14,Tiki Trading,available,1000.0,False,True,True
160553074,Nguyễn Ngọc Tư - Đảo - Tập Truyện Ngắn,76000,80000,5,4.8,6,73,,NXB Trẻ,NXB Trẻ,,,,,Nhân Văn,available,1000.0,True,True,True
158741253,Truyện Kiều Chú Giải (Bìa Mềm) (Tái Bản),108000,145000,26,5.0,17,179,Nguyễn Du,Nhà sách Minh Thắng,Nhà Xuất Bản Văn Học,,Bìa mềm,604.0,2022-01-01,Tiki Trading,available,1000.0,False,True,True
156224981,Sách Khát Vọng Việt 2 - Hãy Là Một Phần Của Sự Đổi Thay Kỳ Diệu,179000,179000,0,0.0,0,1,Đỗ Cao Bảo,Thái Hà,Nhà Xuất Bản Thế Giới,,Bìa mềm,456.0,2022-01-01,Bamboo Books,available,1000.0,True,True,True
154181670,Sách Sài Gòn Chọn Nhớ Những Điều Thương - Cách Chúng Ta Cùng Nhau Đi Qua Đại Dịch,66000,95000,31,4.8,71,541,Nhiều tác giả,NXB Trẻ,NXB Trẻ,,Bìa mềm,232.0,2021-12-01,Tiki Trading,available,1000.0,False,True,True
147931869,Sách Tiện Nhân Ở Phố,83520,116000,28,5.0,85,508,Phạm Trung Tuyến,Nhã Nam,Nhà Xuất Bản Hội Nhà Văn,,Bìa mềm,228.0,2021-12-12,Tiki Trading,available,1000.0,False,True,True
88917582,Mưa Thu Nhớ Tằm (Tập Truyện Ngắn),72000,95000,24,5.0,1,21,Bình Nguyên Lộc,NXB Trẻ,NXB Trẻ,,Bìa mềm,256.0,2021-04-15,Tiki Trading,available,1000.0,False,True,True
87959745,Sách Hạnh Phúc Là Con Đường,118550,165000,28,5.0,183,1925,Hà Vĩnh Thọ,Nhã Nam,Nhà Xuất Bản Thế Giới,,Bìa mềm,368.0,2021-04-15,Tiki Trading,available,1000.0,False,True,True
82041444,Sách Tiệm Lạc Xoong Và Chuyện Kể Dưới Trăng,126900,138000,8,0.0,0,2,Mizue Tani,Huy Hoàng Bookstore,Nhà Xuất Bản Phụ Nữ Việt Nam,,Bìa mềm,400.0,2021-03-15,Nhà sách Fahasa,available,1000.0,True,True,True
24744424,Sách Những Mùa Xuân Con Không Về,74100,78000,5,0.0,0,5,Nhiều tác giả,NXB Trẻ,,,Bìa mềm,232.0,2019-07-01,Nhà sách Fahasa,available,1000.0,True,True,True
8234995,Sách An Trú Giữa Đời (Tạp Bút),130000,130000,0,5.0,1,26,Phiên Nghiên,NXB Trẻ,,,Bìa mềm,328.0,2018-12-01,Nhà Xuất Bản Trẻ,available,1000.0,True,True,True
6756521,Sách Số Đỏ,73700,98000,25,4.8,11,159,Vũ Trọng Phụng,Alphabooks,Nhà Xuất Bản Văn Học,,Bìa mềm,268.0,,Tiki Trading,available,1000.0,False,True,True
1366427,Sách Bến Khách,81000,90000,10,5.0,2,5,Dương Hương,NXB Trẻ,,,Bìa mềm,300.0,2018-01-12,Nhà sách Fahasa,available,1000.0,True,True,True
484430,Sách Trưởng Thành Sau Ngàn Lần Tranh Đấu,95000,95000,0,5.0,1,2,Kim Ran Do,Nhã Nam,Nhà Xuất Bản Hà Nội,,Bìa mềm,560.0,2016-03-31,Bamboo Books,available,1000.0,True,True,True
438125,"Sách Gốc Cây, Cục Đá & Ngôi Sao - Danh Thắng Miền Nam",80000,80000,0,0.0,0,1,Sơn Nam,NXB Trẻ,NXB Trẻ,,Bìa mềm,269.0,2015-03-10,Bamboo Books,available,1000.0,True,True,True
279219222,Sách - Ngày hôm nay thế nào?,71000,90000,21,0.0,0,13,Thái Hưng,NXB Trẻ,NXB Trẻ,,Bìa mềm,172.0,2026-03-09,Tiki Trading,available,1000.0,False,True,True
279191870,Sách Về Nhà Nhặt Nắng Trong Vườn,71250,95000,25,0.0,0,9,Tú.,Skybooks,Nhà Xuất Bản Phụ Nữ Việt Nam,,,168.0,,Tiki Trading,available,1000.0,False,True,True
279189426,Sách Xóm Giá Tỵ,83000,105000,21,0.0,0,14,Nguyễn Minh Hải,NXB Trẻ,NXB Trẻ,,Bìa mềm,244.0,2026-02-10,Tiki Trading,available,1000.0,False,True,True
279105139,Sách - Trốn Lên Mái Nhà Để Khóc - Ấn Bản Sưu Tầm - Bìa Cứng - Tặng Kèm Bộ Lịch Mini 2026 Được Minh Họa Bởi Tác Giả + Đế Lịch Gỗ + Postcard Độc Quyền Có Chữ Ký Tác Giả + Thiệp Thông Điệp Ngẫu Nhiên - Độc Quyền Fahasa,182700,215000,15,0.0,0,14,nhieu tac gia,Skybooks,Nhiều Nhà Xuất Bản,,Bìa mềm,,2023-12-21,Nhà sách Fahasa,available,1000.0,True,True,True
278749372,Bầy Người Cưỡi Khói,72800,92000,21,0.0,0,6,Nguyễn Thị Kim Hòa,Nhà xuất bản Phụ Nữ Việt Nam,Nhà Xuất Bản Phụ Nữ Việt Nam,,Bìa mềm,208.0,,Tiki Trading,available,1000.0,False,True,True
278382261,Sách Già Sao Cho Sướng? - Để Có Một Tuổi Già Hạnh Phúc,88000,119000,26,5.0,72,17,Đỗ Hồng Ngọc,Phương Nam Book,Nhà Xuất Bản Thế Giới,,Bìa mềm,192.0,2020-11-01,Tiki Trading,available,1000.0,False,True,True
278296306,Sách Là Mình - Phiên Bản Rực Rỡ Nhất,96250,125000,23,5.0,2,57,Tiên Alien,Wavebooks,Nhà Xuất Bản Văn Học,,Bìa mềm,288.0,2025-07-19,Tiki Trading,available,1000.0,False,True,True
278025161,"Sách Hai Người, Ba Bữa, Bốn Mùa Bên Nhau",95000,109000,13,5.0,2,4,hngoc,Deepbooks,Nhà Xuất Bản Dân Trí,,Bìa mềm,224.0,2025-05-30,Tiki Trading,available,1000.0,False,True,True
277604294,"[HOT] Chiêu Thánh, Chiêu Thánh – Tiểu thuyết lấy cảm hứng lịch sử hấp dẫn nhất 2025 – Tác giả Inako",141120,168000,16,0.0,0,1,Inako,Tri Thức Trẻ Books,Nhà Xuất Bản Phụ Nữ Việt Nam,,Bìa mềm tay gấp,372.0,2025-04-03,Bảo Châu Books,available,1000.0,True,True,True
277420881,Khu tập thể đường tàu (Truyện vừa),133000,175000,24,0.0,0,320,Đặng Ngọc Hưng,NXB Trẻ,NXB Trẻ,,Bìa mềm,392.0,2025-03-07,Tiki Trading,available,1000.0,False,True,True
276732112,Combo 3 cuốn sách song ngữ Việt - Anh Journey Of Being Yourself + A Hug For Not Giving Up + The Journey Of Youth,123240,158000,22,0.0,0,1,Amy Trương,Công Ty Cổ Phần Time Books,NXB Dân Trí,,Bìa mềm,200.0,,SÁCH TIMEBOOKS,available,1000.0,True,True,True
276661207,A Hug For Not Giving Up - Gửi Cậu Một Cái Ôm Vì Đã Không Bỏ Cuộc - Song Ngữ Anh-Việt,67900,79000,14,0.0,0,8,The Phan Tóc Quoăn,Công Ty Cổ Phần Time Books,Nhà Xuất Bản Dân Trí,,Bìa mềm,,2023-12-21,Nhà sách Fahasa,available,1000.0,True,True,True
276502424,Nghe Thời Gian Bàn Chuyện Nhân Gian,110000,110000,0,0.0,0,1,Quý Tiện Lâm,NXB Thanh Niên,Nhà Xuất Bản Thanh Niên,,Bìa mềm,232.0,,Nhà Sách Phương Nam,available,1000.0,True,True,True
276482099,Sách Con thiêng của rừng,55000,68000,19,0.0,0,6,Trung Trung Đỉnh,NXB Trẻ,NXB Trẻ,,Bìa mềm,124.0,2024-11-04,Tiki Trading,available,1000.0,False,True,True
276286310,Sách Ngày Mai Luôn Là Một Thước Phim Mới,103200,129000,20,0.0,0,5,t.hờ,Glow Books,Nhà Xuất Bản Văn Học,,Bìa mềm,208.0,,Tiki Trading,available,1000.0,False,True,True
273328581,Sách 2 người trong 1 ngăn tủ,65000,87000,25,5.0,1,25,Phát Dương,NXB Trẻ,NXB Trẻ,,Bìa mềm,200.0,2023-11-21,Tiki Trading,available,1000.0,False,True,True
273191093,Sách Chúng Ta Ai Cũng Cần Những Dịu Dàng,44100,63000,30,4.8,4,55,Nguyễn Đoàn Minh Thư,Người Trẻ Việt,Nhà Xuất Bản Thanh Niên,,Bìa mềm,136.0,,Tiki Trading,available,1000.0,False,True,True
272582670,Sách Một chuyện tình vớ vẩn,67000,90000,26,5.0,2,24,Nguyễn Nguyên Phước,NXB Trẻ,NXB Trẻ,,Bìa mềm,220.0,2023-10-13,Tiki Trading,available,1000.0,False,True,True
271528825,"Sách Dẫu Bình Thường, Bạn Vẫn Là - Phiên Bản Giới Hạn",63200,79000,20,5.0,24,320,Khoai tây yêu tiếng Trung,BeBooks,Nhà Xuất Bản Thanh Niên,,Bìa mềm,120.0,2023-08-17,Tiki Trading,available,1000.0,False,True,True
271085838,Sách - Nhà ( Nguyễn Bảo Trung ),94830,109000,13,0.0,0,10,Nguyễn Bảo Trung,Saigon Books,Nhà Xuất Bản Văn Hóa - Văn Nghệ,,Bìa mềm,208.0,2019-07-01,Zenbooks Official ,available,1000.0,True,True,True
263558365,Sách Những Khán Giả Ngồi Trong Bóng Tối,89500,95000,6,5.0,1,47,Hiền Trang,Kim Đồng,Nhà Xuất Bản Kim Đồng,,Bìa mềm,104.0,2023-06-16,Tiki Trading,available,1000.0,False,True,True
263500710,Sách Buổi Chiều Windows,32000,43000,26,5.0,26,278,Nguyễn Nhật Ánh,NXB Trẻ,NXB Trẻ,,Bìa mềm,238.0,2022-06-01,Tiki Trading,available,1000.0,False,True,True
262695606,Sách Hoa hồng xứ khác,36000,50000,28,4.8,19,265,Nguyễn Nhật Ánh,NXB Trẻ,NXB Trẻ,,Bìa mềm,292.0,2022-06-01,Tiki Trading,available,1000.0,False,True,True
253471967,Sách Tuyển tập Thạch Lam (tái bản),83000,110000,25,5.0,18,202,Thạch Lam,Nhà sách Minh Thắng,Nhà Xuất Bản Văn Học,,Bìa mềm,488.0,2023-02-01,Tiki Trading,available,1000.0,False,True,True
214611405,Sách Hà Thành Hương Xưa Vị Cũ (Tập 1) - Ký Ức Từ Căn Bếp Phố Cổ,209000,279000,25,5.0,21,232,Vũ Thị Tuyết Nhung,Tri Thức Trẻ Books,Nhà Xuất Bản Hà Nội,,Bìa mềm,348.0,2022-01-01,Tiki Trading,available,1000.0,False,True,True
186286184,Sách Út Quyên Và Tôi (Tái Bản),25000,35000,29,4.8,25,391,Nguyễn Nhật Ánh,NXB Trẻ,NXB Trẻ,,Bìa mềm,128.0,2022-06-06,Tiki Trading,available,1000.0,False,True,True
186286166,Sách Quán Gò Đi Lên (Tái Bản 2022),37000,50000,26,4.8,34,349,Nguyễn Nhật Ánh,NXB Trẻ,NXB Trẻ,,Bìa mềm,268.0,2022-06-06,Tiki Trading,available,1000.0,False,True,True
161618872,Búp sen xanh,72000,72000,0,0.0,0,7,Sơn Tùng,NXB Kim Đồng,Nhà Xuất Bản Kim Đồng,,Bìa mềm,,,Bamboo Books,available,1000.0,True,True,True
160553036,Cáo Già Gái Già Và Tiểu Thuyết Diễm Tình,43000,45000,4,0.0,0,13,,NXB Trẻ,NXB Trẻ,,,,,Nhân Văn,available,1000.0,True,True,True
100347907,Sách Drama Nuôi Tôi Lớn Loài Người Dạy Tôi Khôn,88000,99000,11,5.0,910,3653,Pương Pương,Người Trẻ Việt,Nhà Xuất Bản Phụ Nữ Việt Nam,,Bìa mềm,280.0,2021-05-01,Tiki Trading,available,1000.0,False,True,True
93059575,Sách A Đây Rồi Hà Nội 7 Món (Tản Văn),80700,85000,5,0.0,0,3,Trần Chiến,NXB Trẻ,NXB Trẻ,,Bìa mềm,216.0,2021-04-01,Nhà sách Fahasa,available,1000.0,True,True,True
76833705,Sách Đảo (Tái Bản),60000,80000,25,5.0,68,533,Nguyễn Ngọc Tư,NXB Trẻ,NXB Trẻ,,Bìa mềm,148.0,2021-01-29,Tiki Trading,available,1000.0,False,True,True
55605172,Sách Tắt Đèn (Tái Bản 2020),48000,50000,4,5.0,49,137,Ngô Tất Tố,Huy Hoàng Bookstore,Nhà Xuất Bản Văn Học,,Bìa mềm,216.0,2020-05-01,Nhà sách Fahasa,available,1000.0,True,True,True
13415203,Sách Trong Cơn Say Níu Sợi Dây Đứt,57900,79000,27,4.7,27,241,Hoàng Công Danh,NXB Trẻ,NXB Trẻ,,Bìa mềm,228.0,2019-01-04,Tiki Trading,available,1000.0,False,True,True
5061487,Sách Tuyển Tập Hoàng Ngọc Phách,77300,119000,35,4.0,1,4,Hoàng Ngọc Phách,Alphabooks,,,Bìa mềm,308.0,2018-01-09,Nhà sách Fahasa,available,1000.0,True,True,True
1647105,Sách Chờ Bay,66500,70000,5,0.0,0,1,Trần Đức Tiến,NXB Trẻ,,,Bìa mềm,232.0,2018-01-03,Nhà sách Fahasa,available,1000.0,True,True,True
757372,Sách Đêm Nay Con Có Mơ Không?,68000,80000,15,5.0,4,27,Trương Gia Hòa,First News - Trí Việt,Nhà Xuất Bản Văn Hóa - Văn Nghệ TP.HCM,,Bìa mềm,208.0,2017-07-31,First News,available,1000.0,True,True,True
475273,Sách Ngẫm Ngợi Phố Phường,63000,84000,25,4.0,3,215,Đỗ Phấn,NXB Trẻ,NXB Trẻ,,Bìa mềm,326.0,2016-02-29,Tiki Trading,available,1000.0,False,True,True
390304,Sách Triệu Phú Khu Ổ Chuột (Tái Bản),126000,126000,0,0.0,0,1,Vikas Swarup,Nhã Nam,Nhà Xuất Bản Văn Học,,Bìa mềm,,2014-02-13,Bamboo Books,available,1000.0,True,True,True
390292,Sách Bóng Của Cây Sồi,48000,63000,24,4.8,18,310,Đỗ Bích Thúy,NXB Tổng Hợp,Nhà Xuất Bản Tổng hợp TP.HCM,,Bìa mềm,292.0,2014-02-20,Tiki Trading,available,1000.0,False,True,True
279219119,Sách Chúc Một Ngày Tốt Lành - NXB Trẻ,29000,40000,28,5.0,1,15,Nguyễn Nhật Ánh,NXB Trẻ,NXB Trẻ,,Bìa mềm,192.0,2025-08-13,Tiki Trading,available,1000.0,False,True,True
279209357,Một Hôm Tôi Bỗng Nhớ Ra (Tản Văn) - Võ Thiện Thanh,137000,179000,23,0.0,0,2,Võ Thiện Thanh,PHANBOOK,Nhà Xuất Bản Dân Trí,,Bìa mềm,264.0,,PHAN LỆ & FRIENDS,available,1000.0,True,True,True
279187973,"Hiểu mình hơn, thương mình nhiều",82500,110000,25,0.0,0,5,Phan Thảo Phương,Vibooks,Nhà Xuất Bản Phụ Nữ Việt Nam,,,240.0,,Tiki Trading,available,1000.0,False,True,True
279112226,Sách - Biết Đâu Ngày Mai Có Cầu Vồng,93700,109000,14,0.0,0,5,nhieu tac gia,AZ Việt Nam,Nhà Xuất Bản Văn Học,,Bìa mềm,,2023-12-21,Nhà sách Fahasa,available,1000.0,True,True,True
278876686,Sách Gọi Gió Đất Hiền - Những Câu Chuyện Về Người Phụ Nữ Việt Nam,80000,105000,24,0.0,0,9,"Phan Văn Trường, Nhóm tác giả Cấy Nền Tổ Ong",NXB Trẻ,NXB Trẻ,,Bìa mềm,268.0,2025-11-23,Tiki Trading,available,1000.0,False,True,True
278791604,365 Ngày Manifest - Song Ngữ Việt – Trung,80000,99000,19,5.0,1,20,Nguyên Trần,Skybooks,Nhà Xuất Bản Phụ Nữ Việt Nam,,Bìa mềm,208.0,2025-10-29,Tiki Trading,available,1000.0,False,True,True
278573378,Sách Đời Nó Thế,72000,99000,27,5.0,4,30,Ngọc Giao,NXB Trẻ,NXB Trẻ,,Bìa mềm,224.0,2025-09-03,Tiki Trading,available,1000.0,False,True,True
278443296,Sách Tạm Biệt Tôi Của Nhiều Năm Về Trước (Song Ngữ Việt - Hàn),71000,88000,19,0.0,0,11,An.,Glow Books,Nhà Xuất Bản Phụ Nữ,,Bìa mềm,160.0,,Tiki Trading,available,1000.0,False,True,True
278094943,Sách Con Rối Hát Ngoài Rừng Xa,85680,119000,28,0.0,0,50,Khải Đơn,Nhã Nam,Nhà Xuất Bản Hội Nhà Văn,,Bìa mềm,212.0,,Tiki Trading,available,1000.0,False,True,True
278040087,Sách Cảm Ơn Bạn Vì Đã Sống Tiếp - Thế Giới Ấm Áp Vì Vẫn Còn Bạn Ở Đây,95000,95000,0,0.0,0,0,Opheliav,Skybooks,Nhà Xuất Bản Phụ Nữ Việt Nam,,Bìa mềm,192.0,2025-06-10,Bamboo Books,available,1000.0,True,True,True
277938215,Sách Cô gái đến từ hôm qua ( (Phiên bản đặc biệt) - Nguyễn Nhật Ánh,409000,540000,24,5.0,3,30,Nguyễn Nhật Ánh,NXB Trẻ,NXB Trẻ,,Bìa mềm,224.0,2025-05-09,Tiki Trading,available,1000.0,False,True,True
277361914,Sách - Tôi Thích Dáng Vẻ Nỗ Lực Của Chính Mình,85100,99000,14,5.0,9,101,Lily Trương,Công Ty Cổ Phần Time Books,Nhà Xuất Bản Dân Trí,,Bìa mềm,,2023-12-21,Nhà sách Fahasa,available,1000.0,True,True,True
277228151,Sách Ghi chép nhỏ của người cưỡi ngựa,80750,85000,5,0.0,0,0,Phan Thị Vàng Anh,NXB Trẻ,NXB Trẻ,,Bìa mềm,164.0,2025-02-05,Cá Chép Bookstore,available,1000.0,True,True,True
276734650,Sách Các Bạn Tôi Ở Trên Ấy,121680,169000,28,5.0,2,44,Nguyên Ngọc,Nhã Nam,Nhà Xuất Bản Hội Nhà Văn,,Bìa mềm,380.0,2024-03-12,Tiki Trading,available,1000.0,False,True,True
276482078,Tuyển tập truyện ngắn Trang Thế Hy (Bìa cứng),154000,205000,25,4.8,5,39,Trang Thế Hy,NXB Trẻ,NXB Trẻ,,Bìa cứng,284.0,2024-10-31,Tiki Trading,available,1000.0,False,True,True
276377315,Sách Gió đông rưng rức,60000,85000,29,5.0,1,20,Hoàng Lệ Thủy,NXB Trẻ,NXB Trẻ,,Bìa mềm,200.0,2024-10-23,Tiki Trading,available,1000.0,False,True,True
275895624,Sách Nếu Tất Cả Những Gì Tôi Có Là Ngôn Từ,101000,110000,8,0.0,0,18,Hiền Trang,NXB Kim Đồng,Nhà Xuất Bản Kim Đồng,,Bìa mềm,184.0,,Tiki Trading,available,1000.0,False,True,True
273328577,Sách Lạc đà bay,50000,70000,29,5.0,3,41,Võ Đăng Khoa,NXB Trẻ,NXB Trẻ,,Bìa mềm,148.0,2023-11-16,Tiki Trading,available,1000.0,False,True,True
186286168,Sách Phòng Trọ Ba Người (Tái Bản 2022),32000,43000,26,4.8,30,387,Nguyễn Nhật Ánh,NXB Trẻ,NXB Trẻ,,Bìa mềm,252.0,2022-06-06,Tiki Trading,available,1000.0,False,True,True
186286164,Sách Những Cô Em Gái (Tái Bản 2022),30000,40000,25,4.5,2,55,Nguyễn Nhật Ánh,NXB Trẻ,NXB Trẻ,,Bìa mềm,204.0,2022-06-06,Tiki Trading,available,1000.0,False,True,True
174444163,"Sách Dear, Darling",81000,88000,8,4.8,901,6297,Hiên,Skybooks,Nhà Xuất Bản Phụ Nữ Việt Nam,,Bìa mềm,200.0,2022-04-13,Tiki Trading,available,1000.0,False,True,True
170352434,Sách Sơn Nam. Hương Quê,74000,100000,26,4.8,25,118,Sơn Nam,NXB Trẻ,NXB Trẻ,,Bìa mềm,280.0,2022-03-30,Tiki Trading,available,1000.0,False,True,True
162844699,Sách Tạm Biệt Tôi Của Nhiều Năm Về Trước,87000,95000,8,4.8,662,4429,An,Skybooks,Nhà Xuất Bản Dân Trí,,Bìa mềm,248.0,2022-02-22,Tiki Trading,available,1000.0,False,True,True
160371993,Sách Yêu Người Ngóng Núi (Tản Văn Nguyễn Ngọc Tư) (Tái Bản),78000,105000,26,5.0,36,377,Nguyễn Ngọc Tư,NXB Trẻ,NXB Trẻ,,Bìa mềm,176.0,2022-01-01,Tiki Trading,available,1000.0,False,True,True
103511947,Sách Chuyện Trò Cùng Bác Sĩ Đỗ Hồng Ngọc Về Nếp Sống An Lạc (Tái Bản),87000,109000,20,4.8,13,168,Đỗ Hồng Ngọc,Phương Nam Book,Nhà Xuất Bản Thế Giới,,Bìa mềm,212.0,2021-06-15,Tiki Trading,available,1000.0,False,True,True
88917417,Những Đêm Sương (Tập Truyện Ngắn),83000,110000,25,5.0,16,121,Ngọc Giao,NXB Trẻ,NXB Trẻ,,Bìa mềm,328.0,2021-04-15,Tiki Trading,available,1000.0,False,True,True
85763213,Sách Chữ Xưa Còn Một Chút Này (Ngày Ngày Viết Chữ),151000,169000,11,4.8,903,4072,Nguyễn Thùy Dung,Wavebooks,Nhà Xuất Bản Thế Giới,,Bìa mềm,264.0,2021-03-01,Tiki Trading,available,1000.0,False,True,True
62680995,Sách Đốt Cỏ Ngày Đồng,79000,120000,34,5.0,74,539,Đoàn Minh Phượng,Tao Đàn,Nhà Xuất Bản Hội Nhà Văn,,Bìa mềm,172.0,,Tiki Trading,available,1000.0,False,True,True
53395808,Sách Việc Làng (Tái Bản 2020 ),42200,48000,12,5.0,1,5,Ngô Tất Tố,Nhà sách Minh Thắng,Nhà Xuất Bản Văn Học,,Bìa mềm,128.0,2020-01-01,Nhà sách Fahasa,available,1000.0,True,True,True
49464565,Sách Cù Lao Tràm,191300,208000,8,4.8,4,35,Nguyễn Mạnh Tuấn,VanLangBooks,Nhà Xuất Bản Hội Nhà Văn,,Bìa mềm,704.0,2020-02-02,Nhà sách Fahasa,available,1000.0,True,True,True
49464557,Sách Ngoại Tình,89300,95000,6,5.0,5,27,Nguyễn Mạnh Tuấn,VanLangBooks,Nhà Xuất Bản Hội Nhà Văn,,Bìa mềm,312.0,2020-02-02,Nhà sách Fahasa,available,1000.0,True,True,True
47504777,Tủ Sách Tinh Hoa Văn Học - Tà Dương (Tái Bản 2020),95300,99350,4,4.7,7,46,Dazai Osamu,Phương Nam Book,Nhà Xuất Bản Hội Nhà Văn,,Bìa mềm,,2020-01-02,AHABOOKS,available,1000.0,True,True,True
19274684,Sách Với Đà Lạt Ai Cũng Là Lữ Khách (Tái Bản),50000,68000,26,4.6,8,393,Nguyễn Vĩnh Nguyên,NXB Trẻ,NXB Trẻ,,Bìa mềm,158.0,2019-06-01,Tiki Trading,available,1000.0,False,True,True
14643409,Sách Đong Tấm Lòng (Tái Bản),90200,95000,5,4.8,10,54,Nguyễn Ngọc Tư,NXB Trẻ,,,Bìa mềm,146.0,2019-04-01,Nhà sách Fahasa,available,1000.0,True,True,True
13967734,Sách Mối Tình Cuối Cùng,76000,80000,5,5.0,1,3,Bình Nguyên Lộc,NXB Trẻ,,,Bìa mềm,262.0,2019-04-01,Nhà sách Fahasa,available,1000.0,True,True,True
7851735,Combo: Tôi là Thầy tướng số (3 tập),453000,567000,20,5.0,24,117,Dịch Chi,Alphabooks,Nhà Xuất Bản Lao Động,,Bìa mềm,,,Alpha Books Official,available,1000.0,True,True,True
7361905,Sách Cứ Cười Thôi Mặc Kệ Đời! (Tái Bản),90000,90000,0,0.0,0,0,Gari,Alphabooks,Nhà Xuất Bản Văn Học,,Bìa mềm,238.0,2018-11-14,info book,available,1000.0,True,True,True
2000701,Sách Người Quảng Nam,173000,200000,14,4.8,8,110,Lê Minh Quốc,NXB Trẻ,,,Bìa mềm,406.0,2018-04-23,Tiki Trading,available,1000.0,False,True,True
997537,Sách Văn Mới 2016 -2017,90000,100000,10,5.0,1,4,Hồ Anh Thái,NXB Trẻ,NXB Trẻ,,Bìa mềm,288.0,2017-01-01,Nhà sách Fahasa,available,1000.0,True,True,True
602573,Sử Kí Tư Mã Thiên,100000,105336,5,4.7,3,57,Giản Chi - Nguyễn Hiến Lê,Công Ty TNHH TM - DV Chính Thông,Nhà Xuất Bản Văn Hóa - Văn Nghệ,,Bìa mềm,655.0,2013-04-01,Chính Thông,available,1000.0,True,True,True
279181466,Chúng Ta Sống Để Trở Về,76000,80000,5,0.0,0,4,Nguyễn Phong Việt,NXB Trẻ,NXB Trẻ,,Bìa mềm,176.0,2026-02-13,Nhà sách NetaBooks,available,1000.0,True,True,True
279048477,MÙA MỚI VIẾT VÀ ĐỌC 2026 – Nhiều tác giả – NXB Hội Nhà Văn,432000,450000,4,0.0,0,11,nhieu tac gia,NXN Hội Nhà Văn,Nhà Xuất Bản Hội Nhà Văn,,Bìa mềm,316.0,,BÌNH BÁN BOOK,available,1000.0,True,True,True
278880408,"Sách Jun Phạm - Bộ Sách Nếu Như Không Thể Nói Nếu Như + Có Ai Giữ Giùm Những Lãng Quên + Thức Dậy Anh Vẫn Là Mơ (Bộ 3 Cuốn) (Tái Bản 2025) - Tặng Kèm 3 Bookmark + 3 Postcard - Tiểu thuyết Việt Nam, truyện ngắn",282900,345000,18,5.0,4,49,nhieu tac gia,Skybooks,Nhà Xuất Bản Phụ Nữ Việt Nam,,Bìa mềm,,2023-12-21,Nhà sách Fahasa,available,1000.0,True,True,True
278690795,Sách NẰM NGỦ NGOÀI TRIỀN ĐÊ,98900,142000,30,0.0,0,4,Doãn Hằng,Bách Việt,Nhà Xuất Bản Lao Động,,Bìa mềm,244.0,2025-08-10,Tiki Trading,available,1000.0,False,True,True
278271349,Sách Trò Chơi Sinh Tồn Không Ai Sống Sót,70000,100000,30,0.0,0,7,Hoàng Nhật,NXB Trẻ,NXB Trẻ,,Bìa mềm,224.0,2025-07-15,Tiki Trading,available,1000.0,False,True,True
277520857,Sách Tình Yêu Vẫn Cháy Trong Đống Tro Tàn,80850,105000,23,5.0,3,41,Dương Hạnh – Hạ Mer,Người Trẻ Việt,Nhà Xuất Bản Văn Học,,Bìa mềm,192.0,2025-05-01,Tiki Trading,available,1000.0,False,True,True
276828719,Chúng Ta Sống Để Bước Tiếp,76000,80000,5,0.0,0,3,Nguyễn Phong Việt,NXB Trẻ,NXB Trẻ,,Bìa mềm,192.0,2024-12-12,Cá Chép Bookstore,available,1000.0,True,True,True
276552300,Sách Cô Gái Đến Từ Hôm Qua,26000,35000,26,5.0,1,43,Nguyễn Nhật Ánh,NXB Trẻ,NXB Trẻ,,Bìa mềm,222.0,2022-06-06,Tiki Trading,available,1000.0,False,True,True
276458805,Quỷ Ám Đêm Cô Hồn,120000,120000,0,0.0,0,4,Quốc Thái,NXB Thanh Niên,Nhà Xuất Bản Thanh Niên,,Bìa mềm,200.0,,Nhà Sách Phương Nam,available,1000.0,True,True,True
276420555,Sách Ngày trôi về phía cũ - Ấn bản kỷ niệm 12 năm,107000,159000,33,1.0,1,10,Anh Khang,Công ty TNHH Bán Lẻ Phương Nam,Nhà Xuất Bản Thế Giới,,Bìa mềm,216.0,,Tiki Trading,available,1000.0,False,True,True
276381161,Đường Rộng Thênh Thang (Có bổ sung và cập nhật mới nhất),132000,179000,26,5.0,1,67,Nguyễn Tường Bách,PHANBOOK,Nhà Xuất Bản Đà Nẵng,,Bìa mềm tay gấp,304.0,,PHAN LỆ & FRIENDS,available,1000.0,True,True,True
275665195,Nhà & Người (Tản văn - Họa sĩ Lê Thiết Cương),368000,368000,0,5.0,2,29,Lê Thiết Cương,Liên Việt,Nhà Xuất Bản Hội Nhà Văn,,Bìa mềm,336.0,2024-07-19,VIETNAMBOOK,available,1000.0,True,True,True
274113624,Sách Thềm Cũ Đã Xanh Rêu,93100,98000,5,0.0,0,3,Nguyễn Minh Hải,NXB Trẻ,NXB Trẻ,,,,,Nhà sách Fahasa,available,1000.0,True,True,True
273621274,Sách Chúng ta sống để lắng nghe,57000,70000,19,5.0,5,142,Nguyễn Phong Việt,NXB Trẻ,NXB Trẻ,,Bìa mềm,168.0,2023-12-18,Tiki Trading,available,1000.0,False,True,True
271320337,Sách Have a good day,139000,190000,27,5.0,4,31,Nguyễn Nhật Ánh,NXB Trẻ,NXB Trẻ,,Bìa mềm,276.0,2023-08-28,Tiki Trading,available,1000.0,False,True,True
255480971,Sách Giọng của phố,97000,140000,31,5.0,12,135,Nguyễn Việt Hà,NXB Trẻ,NXB Trẻ,,Bìa mềm,320.0,2023-05-11,Tiki Trading,available,1000.0,False,True,True
249802025,Than đỏ dưới tro tàn (Tản văn),208000,208000,0,5.0,6,80,Đỗ Bích Thúy,Liên Việt,Nhà Xuất Bản Hội Nhà Văn,,Bìa mềm,246.0,,Liên Việt Official Store,available,1000.0,True,True,True
213911368,Sách Sài Gòn hay ta!,142559,198000,28,5.0,91,1105,"Thăng Fly Comics, Bình Bồng Bột",Nhã Nam,Nhà Xuất Bản Phụ Nữ,,Bìa mềm,302.0,2022-12-01,Tiki Trading,available,1000.0,False,True,True
212213045,Sách Nửa chừng xuân (In theo bản in của Nhà Xuất Bản Đời Nay 1936),75400,110000,31,5.0,2,28,Khái Hưng,Nhà sách Minh Thắng,Nhà Xuất Bản Văn Học,,Bìa mềm,428.0,2022-01-01,Tiki Trading,available,1000.0,False,True,True
193212451,Sách Nói Với Tuổi Hai Mươi (Tái Bản Lần 2),76000,109000,30,5.0,14,215,Thích Nhất Hạnh,Phương Nam Book,Nhà Xuất Bản Thế Giới,,Bìa mềm,183.0,2022-07-07,Tiki Trading,available,1000.0,False,True,True
170326277,Sách Văn Học Tuổi 20 - Bảy Bảy Bốn Chín,59000,75000,21,5.0,10,99,Hoàng Công Danh,NXB Trẻ,NXB Trẻ,,Bìa mềm,160.0,2022-03-23,Tiki Trading,available,1000.0,False,True,True
170326203,Sách Văn học tuổi 20 - Vệt Sáng Của Bụi,56000,75000,25,4.8,6,72,Lê Quang Trạng,NXB Trẻ,NXB Trẻ,,Bìa mềm,160.0,2022-03-23,Tiki Trading,available,1000.0,False,True,True
167520426,Màu nhạt nắng - BS Huỳnh Wynn Trần,109000,149000,27,5.0,88,536,Huỳnh Wynn Trần,"Alpha Co.,Ltd.",Nhà Xuất Bản Thế Giới,,Bìa mềm,224.0,2022-02-28,DR WYNN TRAN,available,1000.0,True,True,True
162100197,Sách Nam Cao - Sống Mòn (Bìa Cứng) (Tái Bản),69900,98000,29,5.0,20,150,Nam Cao,Nhà sách Minh Thắng,Nhà Xuất Bản Văn Học,,Bìa cứng,324.0,2022-02-02,Tiki Trading,available,1000.0,False,True,True
95162054,Chuyến Bay Tháng Ba (Truyện Ngắn),92000,139000,34,4.8,6,52,Lê Khải Việt,PHANBOOK,Nhà Xuất Bản Đà Nẵng,,Bìa mềm,156.0,2021-04-29,PHAN LỆ & FRIENDS,available,1000.0,True,True,True
88917642,Cõi Âm Nơi Quán Cây Dương (Truyện Dài Liêu Trai),60000,85000,29,5.0,14,132,Bình Nguyên Lộc,NXB Trẻ,NXB Trẻ,,Bìa mềm,216.0,2021-04-15,Tiki Trading,available,1000.0,False,True,True
76012191,"Sách Ta Bắt Đầu Cuộc Đời Mới, Khi Nhận Ra Mình Chỉ Sống Một Lần",102600,108000,5,5.0,12,76,Raphaëlle Giordano,Nhã Nam,Nhà Xuất Bản Hội Nhà Văn,,Bìa mềm,292.0,2021-01-01,Nhà sách Fahasa,available,1000.0,True,True,True
68392329,Sách Hà Nội - Chút Bụi Trên Vai Người,83600,88000,5,5.0,2,7,Đỗ Phấn,NXB Trẻ,NXB Trẻ,,Bìa mềm,244.0,2020-09-01,Nhà sách Fahasa,available,1000.0,True,True,True
28285291,"Sách Hà Nội, Mũ Rơm Và Tem Phiếu",119200,169000,29,5.0,40,573,Trung Sỹ,Alphabooks,Nhà Xuất Bản Lao Động,,Bìa mềm,266.0,2019-01-08,Tiki Trading,available,1000.0,False,True,True
25740189,Lê Minh Khuê - Tuyển Tập Truyện Ngắn,168000,175000,4,5.0,2,10,Lê Minh Khuê,NXB Trẻ,,,Bìa mềm,,2019-08-01,Nhà sách Fahasa,available,1000.0,True,True,True
23462316,Sách Trần Gian Muôn Nỗi,76900,120000,36,4.6,8,78,Văn Giá,Alphabooks,,,Bìa mềm,308.0,2019-07-01,Tiki Trading,available,1000.0,False,True,True
23224563,Combo Nguyễn Nhật Ánh: Sương Khói Quê Nhà- Thương Nhớ Trà Long và Người Quảng Đi Ăn Mì Quảng ( Tặng Kèm Sổ Tay Xương Rồng),272000,272000,0,4.8,27,268,Nguyễn Nhật Ánh,NXB Trẻ,NXB Trẻ,,Bìa mềm,,2019-07-01,NHBook,available,1000.0,True,True,True
13624077,Sách Sớm Mai Chợt Nhớ Hàng Rào Trổ Bông,55100,58000,5,5.0,2,7,Lê Minh Nhựt,NXB Trẻ,,,Bìa mềm,162.0,2019-04-01,Nhà sách Fahasa,available,1000.0,True,True,True
10277496,Sách Những Người Thích Đùa (Tái Bản),69700,75000,7,5.0,4,25,Aziz Nesin,Nhã Nam,,,Bìa mềm,275.0,2019-01-01,Nhà sách Fahasa,available,1000.0,True,True,True
5929511,Sách Cố Định Một Đám Mây,98000,139000,29,4.6,37,2044,Nguyễn Ngọc Tư,PHANBOOK,Nhà Xuất Bản Đà Nẵng,,Bìa mềm,182.0,,PHAN LỆ & FRIENDS,available,1000.0,True,True,True
2546305,Sách Vợ Nhặt (Tái Bản 2018),42000,55000,24,5.0,3,59,Kim Lân,Đinh Tị,Nhà Xuất Bản Văn Học,,Bìa mềm,207.0,2018-06-11,Tiki Trading,available,1000.0,False,True,True
1445367,Sách Điểm Đến Của Cuộc Đời,95000,119000,20,4.5,4,98,Đặng Hoàng Giang,Omega Plus,Nhà Xuất Bản Thế Giới,,Bìa mềm,236.0,2018-01-01,Alpha Books Official,available,1000.0,True,True,True
541315,Truyện Ngắn Phan Thị Vàng Anh,90000,126000,29,5.0,5,254,Phan Thị Vàng Anh,NXB Trẻ,NXB Trẻ,,Bìa mềm,292.0,2025-02-03,Tiki Trading,available,1000.0,False,True,True
527318,Sách Ngày Đẹp Trời Để Yêu Nhau,64600,68000,5,5.0,1,8,Ddong Gu Ree + Park Wol - Sun,Nhã Nam,,,Bìa mềm,50.0,2016-07-19,Nhà sách Fahasa,available,1000.0,True,True,True
438184,Sách Biển Cỏ Miền Tây Và Hình Bóng Cũ,69000,93000,26,5.0,4,325,Sơn Nam,NXB Trẻ,,,Bìa mềm,384.0,2015-03-19,Tiki Trading,available,1000.0,False,True,True
279236048,Sách - Chuyện xứ Lang Biang - Boxset 12 cuốn - Nguyễn Nhật Ánh khổ nhỏ,151000,189000,20,0.0,0,0,Nguyễn Nhật Ánh,NXB Trẻ,NXB Trẻ,,Bìa mềm,,2026-03-09,Tiki Trading,available,1000.0,False,True,True
279093676,Sách Dọc Đường 1,115200,160000,28,0.0,0,4,Nguyên Ngọc,Nhã Nam,Nhà Xuất Bản Hội Nhà Văn,,Bìa mềm,,,Tiki Trading,available,1000.0,False,True,True
278487759,Sách Muôn Trùng Xứ Sở,96750,129000,25,5.0,2,30,Thòong dành kể chuyện,Blue.Books,Nhà Xuất Bản Văn Học,,Bìa mềm,264.0,2025-08-16,Tiki Trading,available,1000.0,False,True,True
278229566,Sách Vườn Nhà Có Nắng Trong Lòng Nở Hoa,129000,129000,0,0.0,0,0,Thảo Nguyên,Bookland,Nhà Xuất Bản Dân Trí,,Bìa mềm,240.0,2025-07-04,Bamboo Books,available,1000.0,True,True,True
277778452,"Sách ""Ngắn 2025"" - Bác sĩ Huỳnh Wynn Trần",149000,149000,0,5.0,5,74,Huỳnh Wynn Trần,Công Ty TNHH VietMD.NET,Nhà Xuất Bản Thế Giới,,Bìa mềm tay gấp,256.0,2025-04-01,DR WYNN TRAN,available,1000.0,True,True,True
276836787,VIẾT VÀ ĐỌC – CHUYÊN ĐỀ MÙA ĐÔNG 2024 – Nhiều tác giả – NXB Hội Nhà Văn,201600,210000,4,0.0,0,23,,Nhà Xuất Bản Hội Nhà Văn,Nhà Xuất Bản Hội Nhà Văn,,Bìa mềm,,,BÌNH BÁN BOOK,available,1000.0,True,True,True
276482079,Sách Mắt rỗng,104000,140000,26,5.0,1,18,Đỗ Phấn,NXB Trẻ,NXB Trẻ,,Bìa mềm,340.0,2024-10-25,Tiki Trading,available,1000.0,False,True,True
275986520,"Sách Hiếu - Thở Cho Ba, Mỉm Cười Cho Má",83000,125000,34,5.0,1,46,Thích Nhất Hạnh,Công ty Cổ phần Văn hóa và Công nghệ Tuệ Tri,Nhà Xuất Bản Hồng Đức,,Bìa mềm,208.0,,Tiki Trading,available,1000.0,False,True,True
275612217,Sách Linh Chi Ngủ Yên,180000,229000,21,5.0,2,6,Đại Bông,Công Ty TNHH Sách Và Truyền Thông Việt Nam,Nhà Xuất Bản Hà Nội,,Bìa mềm,472.0,2024-07-15,Tiki Trading,available,1000.0,True,True,True
275216736,[Sách] Trong Vô Vàn - tác giả Dạ Ngân - Sách Tao Đàn,120000,150000,20,5.0,1,32,Dạ Ngân,Tao Đàn,Nhà Xuất Bản Hội Nhà Văn,,Bìa mềm,224.0,2024-06-07,sách tao đàn,available,1000.0,True,True,True
273621280,Sách Tôi ươm ánh mặt trời,68000,90000,24,0.0,0,25,Lữ,NXB Trẻ,NXB Trẻ,,Bìa mềm,204.0,2023-12-12,Tiki Trading,available,1000.0,False,True,True
273283632,Sách 999 Lá Thư Gửi Cho Chính Mình – Song ngữ toàn tập,279200,349000,20,5.0,6,44,Miêu Công Tử,VanVietBooks,Nhà Xuất Bản Thanh Niên,,Bìa mềm,568.0,,Tiki Trading,available,1000.0,False,True,True
271414264,Sách Lý do để sống tiếp,88550,115000,23,5.0,34,511,Matt Haig,Nhã Nam,Nhà Xuất Bản Văn Học,,Bìa mềm,245.0,2023-08-24,Tiki Trading,available,1000.0,False,True,True
270661230,Sách Sương Khói Quê Nhà,69000,95000,27,4.8,117,136,Nguyễn Nhật Ánh,NXB Trẻ,NXB Trẻ,,Bìa mềm,214.0,2018-01-01,Tiki Trading,available,1000.0,False,True,True
262663942,Sách Lắng Nghe Gió Hát,61641,88000,30,5.0,10,172,Haruki Murakami,Nhã Nam,Nhà Xuất Bản Hội Nhà Văn,,Bìa mềm,192.0,2018-01-01,Tiki Trading,available,1000.0,False,True,True
262454634,Sách Vẫn Là Mùa Hạ Nhưng Không Còn Chúng Ta - Bản Mới,81000,88000,8,4.7,31,373,Hiên,Skybooks,Nhà Xuất Bản Phụ Nữ Việt Nam,,Bìa mềm,184.0,2023-05-31,Tiki Trading,available,1000.0,False,True,True
261969108,Sách Thương Ngàn,63000,85000,26,5.0,2,32,Vĩnh Quyền,NXB Trẻ,NXB Trẻ,,Bìa mềm,176.0,2023-06-02,Tiki Trading,available,1000.0,False,True,True
253468319,"Sách Bướm Trắng (In Theo Bản Của NXB Đời Nay, Năm 1941)",77800,105000,26,0.0,0,14,Nhất Linh,Nhà sách Minh Thắng,Nhà Xuất Bản Văn Học,,Bìa mềm,320.0,2022-04-04,Tiki Trading,available,1000.0,False,True,True
249766492,Sách Hà Nội băm sáu phố phường (tái bản),35300,49000,28,4.7,3,61,Thạch Lam,Nhà sách Minh Thắng,Nhà Xuất Bản Văn Học,,Bìa mềm,128.0,2023-02-01,Tiki Trading,available,1000.0,False,True,True
243090397,Sách Dám Sống Một Cuộc Đời Rực Rỡ,90000,90000,0,0.0,0,0,Hoàng Anh Tú,Người Trẻ Việt,Nhà Xuất Bản Văn Học,,Bìa mềm,232.0,2023-03-01,Bamboo Books,available,1000.0,True,True,True
196830265,Sách Tuyển Tập Nam Cao (Tái Bản),111100,112300,1,4.8,12,72,Nam Cao,Nhà sách Minh Thắng,Nhà Xuất Bản Văn Học,,Bìa mềm,736.0,2022-05-01,Minhhabooks,available,1000.0,True,True,True
195545270,Sách Đời Thừa,28000,42000,33,4.7,16,187,Nam Cao,Minh Long,Nhà Xuất Bản Văn Học,,Bìa mềm,136.0,2022-08-08,Tiki Trading,available,1000.0,False,True,True
186290795,Sách Chuyện Cổ Tích Dành Cho Người Lớn (Tái Bản 2022),26000,35000,26,5.0,53,580,Nguyễn Nhật Ánh,NXB Trẻ,NXB Trẻ,,Bìa mềm,156.0,2022-06-01,Tiki Trading,available,1000.0,False,True,True
186286186,Sách Thằng Quỷ Nhỏ (Tái Bản 2022),33000,43000,23,4.8,34,426,Nguyễn Nhật Ánh,NXB Trẻ,NXB Trẻ,,Bìa mềm,234.0,2022-06-06,Tiki Trading,available,1000.0,False,True,True
184226848,Sách Sợi tóc - Thạch Lam (Bìa mềm),25600,35000,27,5.0,24,255,Thạch Lam,Nhà sách Minh Thắng,Nhà Xuất Bản Đại Học Quốc Gia Hà Nội,,Bìa mềm,92.0,2022-04-01,Tiki Trading,available,1000.0,False,True,True
179715880,LỮ KHÁCH VEN ĐƯỜNG - Tâm An,116000,118000,2,4.7,15,173,Tâm An,SBOOKS,Nhà Xuất Bản Văn Học,,Bìa mềm,208.0,2022-04-07,SBOOKS OFFICIAL,available,1000.0,True,True,True
160552960,Nguyễn Nhật Ánh - Tôi Là BêTô,95000,95000,0,0.0,0,2,,NXB Trẻ,NXB Trẻ,,,,,Bamboo Books,available,1000.0,True,True,True
155796419,AI RỒI CŨNG SẼ BÌNH YÊN - Fan Việt,97000,98000,1,5.0,30,310,,SBOOKS,Nhà Xuất Bản Văn Học,,Bìa mềm,272.0,2021-11-26,SBOOKS OFFICIAL,available,1000.0,True,True,True
152375119,Sách Đi Đường Cũ Không Thể Tới Nơi Mới (Tặng Kèm Postcard),79200,99000,20,4.8,66,394,Thang Bội,Skybooks,Nhà Xuất Bản Dân Trí,,Bìa mềm,296.0,2021-12-01,Tiki Trading,available,1000.0,False,True,True
100347905,Sách Cũ Bygone,102600,108000,5,0.0,0,0,Nick M,Nhã Nam,Nhà Xuất Bản Hội Nhà Văn,,Bìa mềm,162.0,2021-05-01,Nhà sách Fahasa,available,1000.0,True,True,True
87226754,Một Cuốn Sách Buồn… Cười - Vui Vẻ Không Quạu Nha 2,71800,79000,9,4.7,234,1000,Ở Đây Zui Nè,Skybooks,Nhà Xuất Bản Phụ Nữ Việt Nam,,Bìa mềm,280.0,2021-03-01,Nhà sách Fahasa,available,1000.0,True,True,True
77437951,Sách Chuyện Nhỏ Sài Gòn Bao Nhớ,112500,125000,10,4.8,93,461,Đàm Hà Phú,NXB Trẻ,NXB Trẻ,,Bìa cứng,230.0,2021-02-12,Nhà sách Fahasa,available,1000.0,True,True,True
76282196,Sách Cơm Nhà Nói Chung Là Êm,82500,86000,4,4.8,9,44,Nhược Lạc,Nhã Nam,Nhà Xuất Bản Thế Giới,,Bìa cứng,212.0,2021-01-12,Nhà sách Fahasa,available,1000.0,True,True,True
59200604,Sách Số Đỏ (Hoạt-Kê Tiểu-Thuyết – Theo Bản In Của Lê Cường Editeur MCMXXXVIII - 1938),294400,320000,8,5.0,64,145,Vũ Trọng Phụng,Công Ty Cổ Phần Văn Hóa Đông A,Nhà Xuất Bản Văn Học,,Bìa cứng,280.0,,Nhà sách Fahasa,available,1000.0,True,True,True
58695345,Sách Tuyển Tập Nam Cao (Bìa Cứng) (Tái Bản 2020),116200,160000,27,4.8,95,259,Nam Cao,Nhà sách Minh Thắng,Nhà Xuất Bản Văn Học,,Bìa cứng,736.0,,Tiki Trading,available,1000.0,False,True,True
13624082,Sách Mùi Trần,114000,120000,5,0.0,0,1,Đỗ Phấn,NXB Trẻ,,,Bìa mềm,402.0,2019-04-01,Nhà sách Fahasa,available,1000.0,True,True,True
980770,Sách Chí Phèo,46000,48000,4,5.0,31,116,Nam Cao,Huy Hoàng Bookstore,,,Bìa mềm,207.0,2017-09-21,Nhà sách Fahasa,available,1000.0,True,True,True
580317,Sách Chuyện Xứ Lang Biang 2: Biến Cố Ở Trường Đămri,159000,210000,24,4.8,21,835,Nguyễn Nhật Ánh,NXB Trẻ,NXB Trẻ,,Bìa mềm,536.0,2017-03-15,Tiki Trading,available,1000.0,False,True,True
571701,Sách Sài Gòn Chuyện Đời Của Phố 4 (Bìa Mềm),270000,300000,10,5.0,12,403,Phạm Công Luận,Phương Nam Book,,,Bìa mềm,297.0,2017-01-01,Tiki Trading,available,1000.0,False,True,True
431187,Sách Đi Đâu Cũng Nhớ Sài Gòn Và... Em.,66000,78000,15,4.5,219,8974,Anh Khang,Phương Nam Book,Nhà Xuất Bản Văn Hóa - Văn Nghệ,,Bìa mềm,,2015-04-17,Tiki Trading,available,1000.0,False,True,True
279106039,Sách Chuyện Người Hà Nội,147000,196000,25,0.0,0,42,Nhóm Hà Nội tri thức,Tri Thức Trẻ,Nhà Xuất Bản Hà Nội,,Bìa cứng,272.0,2022-12-12,Tiki Trading,available,1000.0,False,True,True
279008790,(TÁI BẢN 2025) THỊ DÂN TIỂU THUYẾT – Nguyễn Việt Hà - NXB Trẻ,160000,160000,0,0.0,0,0,Nguyễn Việt Hà,NXB Trẻ,NXB Trẻ,,Bìa mềm,384.0,,Bamboo Books,available,1000.0,True,True,True
278880406,"Sách Jun Phạm - Có Ai Giữ Giùm Những Lãng Quên (Tái Bản 2025) - Tặng Kèm Bookmark - Tiểu thuyết Việt Nam, truyện ngắn",90800,115000,21,5.0,1,10,nhieu tac gia,Skybooks,Nhà Xuất Bản Phụ Nữ Việt Nam,,Bìa mềm,,2023-12-21,Nhà sách Fahasa,available,1000.0,True,True,True
278610389,Nguyễn Nhật Ánh - Ngồi Khóc Trên Cây - In Lần Thứ 29,130000,130000,0,5.0,1,9,Nguyễn Nhật Ánh,NXB Trẻ,NXB Trẻ,,Bìa mềm,341.0,,Nhân Văn,available,1000.0,True,True,True
278096527,Combo 3 cuốn sách song ngữ Just For Youth +  A Hug For Not Giving Up + The Journal To Grow Up,123240,158000,22,0.0,0,3,,Công Ty Cổ Phần Time Books,NXB Dân Trí,,Bìa mềm,200.0,,SÁCH TIMEBOOKS,available,1000.0,True,True,True
277347475,Nếu Biết Trăm Năm Là Hữu Hạn (Bản đặc biệt - Tái bản năm 2024) (Bìa mềm),215100,239000,10,0.0,0,4,Phạm Lữ Ân,Phương Nam Book,Nhà Xuất Bản Hội Nhà Văn,,Bìa mềm,192.0,2024-12-12,PHƯƠNG NAM BOOK,available,1000.0,True,True,True
277301110,Sách - Chuyện Nhà Tí - Và Chuyện Nhiều Nhà Khác  - Phan Thị Vàng Anh (tặng kèm Bookmark),150000,150000,0,0.0,0,0,Phan Thị Vàng Anh,Nhã Nam,Nhà Xuất Bản Hội Nhà Văn,,,198.0,,FishingBook,available,1000.0,True,True,True
277164025,Sách Dọc đường 2,148928,208000,28,4.0,2,59,Nguyên Ngọc,Nhã Nam,Nhà Xuất Bản Hội Nhà Văn,,Bìa mềm,480.0,2024-03-12,Tiki Trading,available,1000.0,False,True,True
277043036,"Sách Xứ Đoài, Đường Lâm, Sơn Tây",214000,299000,28,5.0,1,9,Hà Nguyên Huyến,Công Ty TNHH Sách Và Truyền Thông Việt Nam,Nhà Xuất Bản Dân Trí,,Bìa mềm,278.0,2025-01-15,Tiki Trading,available,1000.0,True,True,True
276640793,Sách Người Bà Tuyệt Vời Của Tôi,119000,119000,0,0.0,0,0,Sim Yun-Kyung,Shinebooks,Nhà Xuất Bản Dân Trí,,Bìa mềm,208.0,,NHBook,available,1000.0,True,True,True
275701502,Sách Trượt Chân Trên Tầng Cao,75100,108000,30,5.0,3,48,Hồ Anh Thái,Nhà xuất bản Phụ Nữ Việt Nam,Nhà Xuất Bản Phụ Nữ Việt Nam,,Bìa mềm,280.0,,Tiki Trading,available,1000.0,False,True,True
275624209,Sách Nắng Ngoài Hiên,142400,178000,20,0.0,0,13,Winlinh,Blue.Books,Nhà Xuất Bản Văn Học,,Bìa mềm,360.0,2024-07-08,Tiki Trading,available,1000.0,False,True,True
275158799,Sách Marcovaldo hay các mùa trong thành phố,86400,120000,28,5.0,6,153,Italo Calvino,Nhã Nam,Nhà Xuất Bản Văn Học,,Bìa mềm,212.0,2024-05-31,Tiki Trading,available,1000.0,False,True,True
273908935,Sách Đô thị Sài Gòn Chợ Lớn trước năm 1945 qua tài liệu lưu trữ,175950,220000,20,4.8,4,40,Nhiều tác giả,Nhà xuất bản Tổng hợp TP.HCM ,Nhà Xuất Bản Tổng hợp TP.HCM,,Bìa mềm,551.0,2023-12-12,Tiki Trading,available,1000.0,False,True,True
273641926,"Gửi Cậu, Cậu Không Cô Đơn Trên Hành Trình Này Đâu",89000,89000,0,0.0,0,1,Tớ là Mây,AZ Việt Nam,NXB Dân Trí,,Bìa mềm,176.0,,Bamboo Books,available,1000.0,True,True,True
273407891,Sách - Những tâm thư gửi chính mình - SBOOKS,155000,158000,2,0.0,0,2,,SBOOKS,Nhà Xuất Bản Văn Học,,Bìa mềm,270.0,2023-11-23,SBOOKS OFFICIAL,available,1000.0,True,True,True
273202482,Sách Cảm ơn vì đã vượt qua,62200,75000,17,5.0,3,23,Minh Phúc,NXB Trẻ,NXB Trẻ,,Bìa mềm,200.0,2023-11-06,Tiki Trading,available,1000.0,False,True,True
270718446,Sách Một Mùa Hè Dưới Bóng Cây - Nhà xuất bản Hội Nhà văn,180000,180000,0,4.8,6,81,Nguyễn Tham Thiện Kế,Nhà Xuất Bản Hội Nhà Văn,Nhà Xuất Bản Hội Nhà Văn,,Bìa mềm,454.0,2023-06-20,Nhà xuất bản Hội Nhà văn,available,1000.0,True,True,True
222659457,Combo 2Q: Nếu Biết Trăm Năm Là Hữu Hạn - Bìa Cứng + Trăm Năm Cô Đơn,370900,520500,29,0.0,0,7,,Nhã Nam,Nhiều Nhà Xuất Bản,,,,,Phương Đông Books,available,1000.0,True,True,True
208206810,Sách Khi Mùa Cam Chín,87100,115000,24,0.0,0,12,Nghiêm Quế Anh,NXB Phụ Nữ Việt Nam,Nhà Xuất Bản Phụ Nữ Việt Nam,,Bìa mềm,304.0,2022-12-01,Tiki Trading,available,1000.0,False,True,True
196515656,Sách Con Giai Phố Cổ (Tạp Văn),88000,120000,27,4.8,10,96,Nguyễn Việt Hà,NXB Trẻ,NXB Trẻ,,Bìa mềm,296.0,2022-08-08,Tiki Trading,available,1000.0,False,True,True
195961281,Nguyễn Du - Truyện Thúy Kiều (Bản Đặc Biệt) (Bìa Mềm) - Tái Bản,57100,80000,29,4.7,6,54,Nguyễn Du,Nhà sách Minh Thắng,Nhà Xuất Bản Văn Học,,Bìa mềm,292.0,2022-04-04,Tiki Trading,available,1000.0,False,True,True
194205609,Sách Ai Đó Chạy Cùng Ta,225000,225000,0,0.0,0,0,David Grossman,Nhã Nam,Nhà Xuất Bản Hội Nhà Văn,,Bìa mềm,476.0,2022-08-08,Nhà sách NetaBooks,available,1000.0,True,True,True
160553044,Nguyễn Nhật Ánh - Đi Qua Hoa Cúc,105000,105000,0,0.0,0,0,,NXB Trẻ,NXB Trẻ,,,,,FishingBook,available,1000.0,True,True,True
99461651,Thẩm Thanh Truyện Và Xuân Hương Truyện,78700,82000,4,0.0,0,1,Khuyết Danh,Nhã Nam,Nhà Xuất Bản Văn Học,,Bìa mềm,204.0,2021-05-01,Nhà sách Fahasa,available,1000.0,True,True,True
84254126,Sách Tự Lực Văn Đoàn Với Vấn Đề Phụ Nữ Ở Nước Ta,178500,210000,15,0.0,0,7,Nhiều tác giả,NXB Phụ Nữ Việt Nam,Nhà Xuất Bản Phụ Nữ Việt Nam,,Bìa mềm,600.0,2021-03-15,Nhà sách Fahasa,available,1000.0,True,True,True
51286878,Sách Người Quảng Đi Ăn Mì Quảng (Tái Bản),57000,75000,24,5.0,102,594,Nguyễn Nhật Ánh,NXB Trẻ,NXB Trẻ,,Bìa mềm,202.0,2019-08-27,Tiki Trading,available,1000.0,False,True,True
19274682,Sách Thương Nhớ Trà Long (Tái Bản),71700,78000,8,4.7,30,280,Nguyễn Nhật Ánh,NXB Trẻ,,,Bìa mềm,212.0,2019-06-01,Nhà sách Fahasa,available,1000.0,True,True,True
13116539,Sách Văn Học Trong Nhà Trường: Gió Lạnh Đầu Mùa (Tái Bản 2019),41800,44000,5,5.0,9,43,Thạch Lam,Nhà Xuất Bản Kim Đồng,,,Bìa mềm,204.0,2019-03-01,Nhà sách Fahasa,available,1000.0,True,True,True
11375859,Sách Giấc Mơ Đời Người,84000,120000,30,4.8,22,246,Đoàn Bảo Châu,NXB Trẻ,NXB Trẻ,,,392.0,2019-03-01,Tiki Trading,available,1000.0,False,True,True
10969678,Núi Xanh Nay Vẫn Đó ,211200,220000,4,5.0,2,17,Nguyễn Duy Chính,NXB Văn Hóa - Văn Nghệ,Nhà Xuất Bản Văn Hóa - Văn Nghệ,,Bìa mềm,600.0,,TYMBooks,available,1000.0,True,True,True
8155362,Sách Đĩa Thức Ăn Thứ Ba - Bút Ký Về Tương Lai Của Nền Ẩm Thực,154700,170000,9,5.0,8,56,Dan Barber,Huy Hoàng Bookstore,,,Bìa mềm,523.0,2018-12-01,Nhà sách Fahasa,available,1000.0,True,True,True
4981653,Sách Độc Hành,82000,108000,24,4.3,6,128,Nguyễn Đinh Khoa,NXB Trẻ,,,Bìa mềm,436.0,2018-09-24,Tiki Trading,available,1000.0,False,True,True
4059679,"Biển Cỏ Miền Tây, Mùa Len Trâu Và Các Truyện Khác",108000,120000,10,4.0,1,7,Sơn Nam,NXB Trẻ,,,Bìa mềm,489.0,2018-08-24,Nhà sách Fahasa,available,1000.0,True,True,True
3638033,Sách Trăm Năm Cô Đơn,199000,199000,0,5.0,2,21,Gabriel Garcia Marquez,Nhã Nam,Nhà Xuất Bản Văn Học,,Bìa mềm,496.0,2018-08-10,Bảo Châu Books,available,1000.0,True,True,True
1403383,"Sách Thôi, Đừng Nói Chuyện Ngày Mai",62700,89000,30,4.7,96,4904,Huyền Trang Bất Hối,Bão,Nhà Xuất Bản Hà Nội,,Bìa mềm,208.0,2018-01-01,Tiki Trading,available,1000.0,False,True,True
826457,Sách Cửa Tiệm Hạnh Phúc,64300,99000,35,5.0,1,8,Lê Di,Alphabooks,,,Bìa mềm,256.0,2017-11-15,Nhà sách Fahasa,available,1000.0,True,True,True
645661,Sách Dòng Sông Thơ Ấu (Ấn Bản Kỉ Niệm 60 Năm NXB Kim Đồng),72000,72000,0,5.0,1,7,Nguyễn Quang Sáng,Nhà Xuất Bản Kim Đồng,Nhà Xuất Bản Kim Đồng,,Bìa mềm,324.0,2017-05-01,Bamboo Books,available,1000.0,True,True,True
605488,Sách Ăn Và Yêu Và Ăn Và Yêu,62000,83000,25,4.3,7,264,Ann Lee,NXB Trẻ,NXB Trẻ,,Bìa mềm,184.0,2017-01-11,Tiki Trading,available,1000.0,False,True,True
588514,Sách Không Thể Bỏ Lỡ,102300,110000,7,5.0,2,5,Gilles Legardinier,Nhã Nam,,,Bìa mềm,,2017-03-17,Nhà sách Fahasa,available,1000.0,True,True,True
279133180,Sách - Chúng Ta Của Những Ngày Tan Vỡ,81100,99000,18,0.0,0,1,nhieu tac gia,AZ Việt Nam,Nhà Xuất Bản Thế Giới,,Bìa mềm,,2023-12-21,Nhà sách Fahasa,available,1000.0,True,True,True
279113724,Sách - Theo dòng (Việt Nam danh tác) (Thạch Lam) (Nhã Nam Official),59840,68000,12,0.0,0,2,Thạch Lam,Nhã Nam,Nhà Xuất Bản Hội Nhà Văn,,Bìa mềm,1.0,,Nhã Nam Official,available,1000.0,True,True,True
278966535,Sách - Yến Tiệc Của Thần Linh,125100,139000,10,0.0,0,1,nhieu tac gia,AZ Việt Nam,NXB Dân Trí,,Bìa mềm,,2023-12-21,Nhà sách Fahasa,available,1000.0,True,True,True
278691941,"Sách Có Ráng Chiều Rơi, Có Ánh Sao Trời",91630,119000,23,0.0,0,6,Lưu Văn Cường,iBetter Books,Nhà Xuất Bản Phụ Nữ,,Bìa mềm,256.0,2025-10-02,Tiki Trading,available,1000.0,False,True,True
278617384,Sách - Hôm Nay Nếu Có Thể Hãy Về Nhà Ăn Cơm - Tặng Kèm Bookmark,86700,102000,15,0.0,0,3,Thảo Thảo,AZ Việt Nam,Nhà Xuất Bản Văn Học,,Bìa mềm,,2023-12-21,Nhà sách Fahasa,available,1000.0,True,True,True
278161107,Nếp Nhà - Từ Gốc Rễ Đến Ngọn Gió,239000,239000,0,0.0,0,4,Nguyễn Hồng Phương,Saigon Books,Nhà Xuất Bản Hội Nhà Văn,,Bìa mềm,296.0,2025-06-24,Nhà sách NetaBooks,available,1000.0,True,True,True
277582322,TRÒ CHUYỆN VỚI HOA THỦY TIÊN VÀ... - Nguyễn Huy Thiệp – Nxb Trẻ,145000,145000,0,0.0,0,0,,NXB Trẻ,NXB Trẻ,,Bìa mềm,,,FishingBook,available,1000.0,True,True,True
277483608,Sách Miền Yêu Thương (Viết Cho Những Điều Bé Nhỏ),27600,30000,8,5.0,2,10,Trần Thị Thùy Linh,Nhà Xuất Bản Kim Đồng,Nhà Xuất Bản Kim Đồng,,Bìa mềm,108.0,2025-01-01,Tiki Trading,available,1000.0,False,True,True
277362130,"Sách - Có Một Ngày, Bố Mẹ Sẽ Già Đi (Tái Bản 2024)",75400,92000,18,5.0,2,6,nhieu tac gia,AZ Việt Nam,Nhà Xuất Bản Thế Giới,,Bìa mềm,,2023-12-21,Nhà sách Fahasa,available,1000.0,True,True,True
276610317,Sách Tôi Thích Dáng Vẻ Nỗ Lực Của Chính Mình - Lily Trương,81180,99000,18,3.0,2,101,Lily Trương,Công Ty Cổ Phần Time Books,NXB Dân Trí,,Bìa mềm,208.0,,SÁCH TIMEBOOKS,available,1000.0,True,True,True
276557272,Đường Rộng Thênh Thang,179000,179000,0,0.0,0,3,Nguyễn Tường Bách,NXB Đà Nẵng,Nhà Xuất Bản Đà Nẵng,,Bìa mềm,304.0,,Nhà Sách Phương Nam,available,1000.0,True,True,True
275268033,Sách Trong Vô Vàn,111000,150000,26,5.0,2,40,Dạ Ngân,Tao Đàn,Nhà Xuất Bản Hội Nhà Văn,,Bìa mềm,224.0,2024-06-01,Tiki Trading,available,1000.0,False,True,True
274094211,Sách Hôm Nay Tôi Muốn Xin Lỗi Chính Mình,105000,105000,0,0.0,0,0,Sohn Heem-chan (Ogata Marito),Người Trẻ Việt,Nhà Xuất Bản Văn Học,,Bìa mềm,208.0,,Bamboo Books,available,1000.0,True,True,True
273645147,Chúng Ta Sống Để Lắng Nghe,66500,70000,5,5.0,1,11,Nguyễn Phong Việt,NXB Trẻ,NXB Trẻ,,,,,Nhà sách Fahasa,available,1000.0,True,True,True
273220374,Truyện Nôm Khuyết Danh (HA),35000,35000,0,0.0,0,8,,Nhà Sách Hồng Ân,Nhà Xuất Bản Hội Nhà Văn,,Bìa mềm,,,Bảo Châu Books,available,1000.0,True,True,True
272412140,Bông Trái Quê Nhà,89250,105000,15,0.0,0,5,Trần Bảo Định,Nhà xuất bản Tổng hợp TP.HCM ,Nhà Xuất Bản Tổng hợp TP.HCM,,,,,NXB TỔNG HỢP,available,1000.0,True,True,True
263514102,Sách Làm Đĩ (Bìa Mềm) - Tái Bản,52500,75000,30,5.0,5,54,Vũ Trọng Phụng,Nhà sách Minh Thắng,Nhà Xuất Bản Văn Học,,Bìa mềm,272.0,2023-05-01,Tiki Trading,available,1000.0,False,True,True
253376573,Sách Mảnh Vỡ,125900,179000,30,5.0,7,112,Minato Kanae,1980 Books,Nhà Xuất Bản Thanh Niên,,Bìa mềm,360.0,2023-05-05,Tiki Trading,available,1000.0,False,True,True
205986074,Sách Niềm Vui Và Nỗi Buồn Của Công Việc,80000,115000,30,5.0,4,65,Jang Ryu Jin,NXB Trẻ,NXB Trẻ,,Bìa mềm,290.0,2022-11-11,Tiki Trading,available,1000.0,False,True,True
192950518,Lữ Khách Ven Đường,95100,116000,18,5.0,1,18,Tâm An,CÔNG TY TNHH PHÁT HÀNH S BOOKS,Nhà Xuất Bản Văn Học,,,,,Nhà sách Fahasa,available,1000.0,True,True,True
180736956,BOXSET NGUYỄN NHẬT ÁNH 24 CUỐN - THỜI THƠ ẤU DÀI LÂU - VÀNG ẤM ÁP,940500,990000,5,4.6,14,60,Nguyễn Nhật Ánh,NXB Trẻ,NXB Trẻ,,,,2022-06-05,NHBook,available,1000.0,True,True,True
170326212,Sách Văn học tuổi 20 - Nửa Lời Chưa Nói,63000,75000,16,5.0,7,76,Nguyễn Thị Duy Ân,NXB Trẻ,NXB Trẻ,,Bìa mềm,168.0,2022-03-23,Tiki Trading,available,1000.0,False,True,True
160552927,Nguyễn Ngọc Tư - Đong Tấm Lòng,95000,95000,0,5.0,3,33,,NXB Trẻ,NXB Trẻ,,,,,Nhân Văn,available,1000.0,True,True,True
146272040,Sách Anh (Thơ - Tản Văn),105600,132000,20,4.6,162,889,Liêu Hà Trinh,Skybooks,Nhà Xuất Bản Phụ Nữ Việt Nam,,Bìa cứng,288.0,2021-12-12,Tiki Trading,available,1000.0,False,True,True
100023519,Lũ Chim Chích Chọn Cành Khô (Tập Truyện Ngắn),68000,90000,24,4.8,9,65,Mai Thanh Nga,NXB Trẻ,NXB Trẻ,,Bìa mềm,208.0,2021-05-01,Tiki Trading,available,1000.0,False,True,True
98128554,Sách Thế Giới Này Âm Thầm Yêu Em,90700,129000,30,5.0,7,62,Cinderella,ZGroup,Nhà Xuất Bản Hà Nội,,Bìa mềm,424.0,2021-01-01,Tiki Trading,available,1000.0,False,True,True
74211477,Combo 2 cuốn quê hương tươi đẹp: Quê Nội + Đất Rừng Phương Nam,153900,160350,4,5.0,15,154,,NXB Kim Đồng,Nhà Xuất Bản Kim Đồng,,,,,AHABOOKS,available,1000.0,True,True,True
72001042,Sách Hãy Yêu Khi Mọi Điều Còn Chưa Cũ,58600,79000,26,4.8,14,86,Vân Nguyễn,Alphabooks,Nhà Xuất Bản Thế Giới,,Bìa mềm,188.0,2020-10-01,Tiki Trading,available,1000.0,False,True,True
49464563,Sách Yêu Như Là Sống,168000,210000,20,5.0,1,9,Nguyễn Mạnh Tuấn,VanLangBooks,Nhà Xuất Bản Hội Nhà Văn,,Bìa mềm,712.0,2020-02-02,Văn Lang Official Store,available,1000.0,True,True,True
47438223,Sách Em Đến Ý Để Yêu,74200,99000,25,5.0,1,10,Hảo Phạm Fiori,Alphabooks,Nhà Xuất Bản Thế Giới,,Bìa mềm,228.0,2020-01-02,Nhà sách Fahasa,available,1000.0,True,True,True
13624071,Sách Lang Thang Trong Chữ ( Tái Bản ),81000,90000,10,0.0,0,9,Hồ Anh Thái,NXB Trẻ,,,Bìa mềm,270.0,2019-04-01,Nhà sách Fahasa,available,1000.0,True,True,True
4059693,"Hương Quê, Tình Nghĩa Giáo Khoa Thư & Các Truyện Khác",109200,115000,5,5.0,3,21,Sơn Nam,NXB Trẻ,,,Bìa mềm,460.0,2018-08-24,Nhà sách Fahasa,available,1000.0,True,True,True
3157551,Sách Nhật Ký Mèo Mốc (Tái Bản),89000,89000,0,0.0,0,1,Mèo Mốc,Skybooks,Nhà Xuất Bản Văn Hoá Thông Tin,,Bìa mềm,150.0,,NHBook,available,1000.0,True,True,True
1576151,Sách Nếu Biết Trăm Năm Là Hữu Hạn (Ấn Bản Đặc Biệt - Phiên Bản Màu),233900,256250,9,4.8,195,995,Phạm Lữ Ân,Phương Nam Book,Nhà Xuất Bản Hội Nhà Văn,,,187.0,2018-02-01,Phương Đông Books,available,1000.0,True,True,True
972820,Sách Cô Gái Đùa Với Lửa (Tái Bản),135000,135000,0,5.0,1,8,Stieg Larsson,NXB Phụ Nữ Việt Nam,Nhà Xuất Bản Phụ Nữ,,Bìa mềm,608.0,2017-09-27,Bảo Châu Books,available,1000.0,True,True,True
689204,Truyện Phạm Công - Cúc Hoa (Truyện Nôm Khuyết Danh),40000,40000,0,5.0,8,67,Bùi Thức Phước,Nhà Sách Hồng Ân,Nhà Xuất Bản Hội Nhà Văn,,Bìa mềm,195.0,2015-01-01,NewShop Official,available,1000.0,True,True,True
612902,Sách Sống Với Niềm Đam Mê,52000,65000,20,0.0,0,3,Keith Abraham CSP,VanLangBooks,,,Bìa mềm,175.0,2017-03-17,Văn Lang Official Store,available,1000.0,True,True,True
555348,Sách Những Câu Chuyện Về Đàn Bà,52250,55000,5,0.0,0,2,Tuấn Khanh,Phụ Nữ,Nhà Xuất Bản Phụ Nữ,,Bìa mềm,186.0,2016-10-26,SÁCH ĐẠI NAM,available,1000.0,True,True,True
438985,Sách Tuyển Tập Nam Cao,147250,155000,5,5.0,3,28,Nam Cao,Minh Long,Nhà Xuất Bản Văn Học,,Bìa mềm,668.0,2015-06-25,NewShop Official,available,1000.0,True,True,True
366992,Sách Những Câu Chuyện Kinh Thánh - Tập 1,35700,51000,30,5.0,12,313,First News,First News - Trí Việt,,,Bìa mềm,96.0,2012-12-26,Tiki Trading,available,1000.0,False,True,True
278866076,Sách - Truyện Ngắn Đặc Sắc 2025,120000,138000,13,5.0,1,2,nhieu tac gia,SBOOKS,Nhiều Nhà Xuất Bản,,Bìa mềm,,2023-12-21,Nhà sách Fahasa,available,1000.0,True,True,True
278808764,Sách - Bầy Người Cưỡi Khói,71700,92000,22,0.0,0,1,Nguyễn Thị Kim Hòa,Phụ Nữ,Nhà Xuất Bản Phụ Nữ Việt Nam,,Bìa mềm,,2023-12-21,Nhà sách Fahasa,available,1000.0,True,True,True
278714084,"Sách Từng Gắn Bó, Từng Yêu Thương",97000,119000,18,5.0,1,7,Trần Duy Thành,Bookland,Nhà Xuất Bản Dân Trí,,Bìa mềm,232.0,2025-10-05,Tiki Trading,available,1000.0,False,True,True
278616594,Sách - Không Có Từ Dễ Dàng Trong Thế Giới Người Lớn - 在成年人世界里没有轻易这个词,71800,79000,9,0.0,0,1,nhieu tac gia,Công Ty Cổ Phần Time Books,Nhà Xuất Bản Thế Giới,,Bìa mềm,,2023-12-21,Nhà sách Fahasa,available,1000.0,True,True,True
278507950,Kể Chuyện Cuộc Đời Các Thiên Tài: Alexander Popov - Chinh Phục Khoảng Không (TV),42500,50000,15,0.0,0,2,Rasmus Hoài Nam,Nhà sách Tân Việt,Nhà Xuất Bản Thanh Niên,,Bìa mềm,136.0,,Văn Lang Official Store,available,1000.0,True,True,True
278507901,Cẩm Nang Sức Khỏe - Phòng Chống Đột Quỵ (PNB),111250,125000,11,0.0,0,1,Trần Chí Cường,Phương Nam Book,Nhà Xuất Bản Thế Giới,,Bìa mềm,233.0,,Văn Lang Official Store,available,1000.0,True,True,True
278226424,"Sách Mỗi Ngày Đón Bình Minh, Là Một Ngày Đáng Sống",79560,102000,22,0.0,0,10,Kim Hồng Phước,Người Trẻ Việt,Nhà Xuất Bản Văn Học,,Bìa mềm,200.0,2025-01-07,Tiki Trading,available,1000.0,False,True,True
278146923,Sách - Yêu Mình Trong Những Khoảng Lặng,61500,75000,18,5.0,1,1,Cho Won Hee,AZ Việt Nam,Nhà Xuất Bản Văn Học,,Bìa mềm,,2023-12-21,Nhà sách Fahasa,available,1000.0,True,True,True
277836835,Sách - Chuyện ICU - Lá Gan Hạnh Phúc,129600,149000,13,0.0,0,6,BS Wynn Huỳnh Trần,Công Ty TNHH VietMD.NET,Nhà Xuất Bản Thế Giới,,Bìa mềm,,2023-12-21,Nhà sách Fahasa,available,1000.0,True,True,True
277139132,Sách - Thế gian dài hơn bước chân người (Hồ Anh Thái) (Nhã Nam Official),148000,148000,0,0.0,0,0,Hồ Anh Thái,Nhã Nam,Nhà Xuất Bản Dân Trí,,Bìa mềm,326.0,,HỆ THỐNG NHÀ SÁCH ABC,available,1000.0,True,True,True
276679339,Sách The Journey Of Being Yourself – Chưa Kịp Lớn Đã Phải Trưởng Thành - Quyển 2 Song ngữ Việt - Anh,64780,79000,18,5.0,1,2,Amy Trương,Công Ty Cổ Phần Time Books,NXB Dân Trí,,Bìa mềm,200.0,,SÁCH TIMEBOOKS,available,1000.0,True,True,True
276158905,Sách - Rỉ rả…phố phường,156000,156000,0,0.0,0,2,,Công Ty TNHH Xuất bản và Giáo dục Mochibooks,Nhà Xuất Bản Văn Học,,Bìa mềm,260.0,,Nhà sách Mochibooks,available,1000.0,True,True,True
275868861,Sách Một Thế Hệ Tan Vỡ,85000,92000,8,0.0,0,3,Yến Nhi,Người Trẻ Việt,Nhà Xuất Bản Văn Học,,Bìa mềm,200.0,,Tiki Trading,available,1000.0,False,True,True
274987883,"Sách Bốn Mùa Đáng Sống, Bảy Ngày Đáng Mong",61600,88000,30,4.6,5,29,Phạm Thảo Ly,Skybooks,Nhà Xuất Bản Dân Trí,,Bìa mềm,200.0,,Tiki Trading,available,1000.0,False,True,True
274019618,KHI TRẺ NGƯỜI TA NGHĨ KHÁC - Lê Khải Việt - Nhã Nam - Nhà xuất bản Hội Nhà Văn,160000,160000,0,0.0,0,1,Lê Khải Việt,Nhã Nam,Nhà Xuất Bản Hội Nhà Văn,,Bìa mềm,316.0,,FishingBook,available,1000.0,True,True,True
273043902,Sách Chuyện thầy trò,87840,122000,28,5.0,5,73,,Nhã Nam,Nhà Xuất Bản Phụ Nữ,,Bìa mềm,274.0,2023-10-25,Tiki Trading,available,1000.0,False,True,True
272365825,"Hệ Nàng Cơm, Nàng Bún",90000,90000,0,5.0,1,1,Lê Lade,Nhà xuất bản Tổng hợp TP.HCM ,Nhà Xuất Bản Tổng hợp TP.HCM,,,,,NXB TỔNG HỢP,available,1000.0,True,True,True
272261048,Sách Tâm Tĩnh Lặng Miệng Mỉm Cười Sống An Nhiên,71270,99000,28,5.0,5,61,"Björn Natthiko Lindeblad, Caroline Bankler, Navid Modiri",Shinebooks,Nhà Xuất Bản Dân Trí,,Bìa mềm,256.0,,Tiki Trading,available,1000.0,False,True,True
272111994,Sách Qua Đêm Ở Nhà Các Vua Nguyễn,84900,120000,29,5.0,3,88,Nguyễn Ngọc Tiến,Nhã Nam,Nhà Xuất Bản Hội Nhà Văn,,Bìa mềm,318.0,2023-09-21,Tiki Trading,available,1000.0,False,True,True
271781622,Bỏ Vợ,58000,58000,0,0.0,0,10,Hồ Biểu Chánh,Nhà xuất bản Tổng hợp TP.HCM ,Nhà Xuất Bản Tổng hợp TP.HCM,,,,,NXB TỔNG HỢP,available,1000.0,True,True,True
270735747,Sách Gửi Ngày Mai Một Lời Chào,67200,96000,30,5.0,22,275,An.,Skybooks,Nhà Xuất Bản Lao Động,,Bìa mềm,256.0,2023-01-01,Tiki Trading,available,1000.0,False,True,True
262663922,Cuốn Sách Lớn Rực Rỡ Về Bác Sĩ,46400,58000,20,0.0,0,24,Liesbet Slegers,Nhã Nam,Nhà Xuất Bản Hà Nội,,Bìa mềm,28.0,2023-05-06,Tiki Trading,available,1000.0,False,True,True
242725097,Sách Tôi Muốn Tan Làm Đúng Giờ,134000,185000,28,5.0,6,98,Kaeruko Akeno,Huy Hoàng Bookstore,Nhà Xuất Bản Văn Học,,Bìa mềm,420.0,2023-03-03,Tiki Trading,available,1000.0,False,True,True
203093933,"Sách Lạnh lùng (In theo bản NXB Đời Nay, Hà Nội, 1940)",46100,68000,32,5.0,2,46,Nhất Linh,Nhà sách Minh Thắng,Nhà Xuất Bản Văn Học,,Bìa mềm,208.0,2022-09-09,Tiki Trading,available,1000.0,False,True,True
201032344,Sách Những Mảnh Kí Ức Viết Bằng Bút Chì,99000,99000,0,0.0,0,0,Lê Hồng Lam,NXB Phụ Nữ Việt Nam,Nhà Xuất Bản Phụ Nữ Việt Nam,,Bìa mềm,268.0,2022-10-10,info book,available,1000.0,True,True,True
197745245,"Dear, Darling - Tặng Kèm Postcard",82700,88000,6,5.0,3,50,Hiên,Skybooks,Nhà Xuất Bản Phụ Nữ Việt Nam,,,,,Nhà sách Fahasa,available,1000.0,True,True,True
184774161,Sách Châu Âu Cứ Mơ Mộng Và Lên Đường,65000,80000,19,5.0,5,71,Cúc T,NXB Tổng Hợp TP. HCM,Nhà Xuất Bản Tổng hợp TP.HCM,,Bìa mềm,227.0,2022-06-06,Tiki Trading,available,1000.0,False,True,True
145499871,Sách Phía Tây Thành Phố (Tản Văn),55000,70000,21,5.0,48,379,Lê Minh Khôi,NXB Trẻ,NXB Trẻ,,Bìa mềm,216.0,2021-12-12,Tiki Trading,available,1000.0,False,True,True
70821073,Mùi Mẹ,85000,85000,0,4.8,79,375,Việt Hà,Công ty cổ phần Ahora,Nhà Xuất Bản Thế Giới,,Bìa mềm,174.0,,Spiderum Store,available,1000.0,True,True,True
66464346,Bản Tình Ca Cuộc Sống - Tuyển Tập Truyện Ngắn,69000,75000,8,0.0,0,16,Trần Trà My,Nhà xuất bản Tổng hợp TP.HCM ,Nhà Xuất Bản Tổng hợp TP.HCM,,Bìa mềm,208.0,,Nhà sách Fahasa,available,1000.0,True,True,True
55518204,Sách Thả Thính Chân Kinh,91200,95000,4,4.8,40,289,Anh Khang,NXB Trẻ,NXB Trẻ,,Bìa mềm,224.0,2020-05-26,Nhà sách Fahasa,available,1000.0,True,True,True
54512900,Sách Hoa Sen Trên Tuyết - Nguyên Phong (Tái Bản 2020),81300,98000,17,5.0,41,319,"Nguyên Phong, Nguyễn Phong",First News - Trí Việt,Nhà Xuất Bản Tổng hợp TP.HCM,,,,,Nhà sách Fahasa,available,1000.0,True,True,True
51653680,Combo Ngày Xưa Có Một Chuyện Tình và Ngồi Khóc Trên Cây,251750,265000,5,5.0,13,73,Nguyễn Nhật Ánh,NXB Trẻ,NXB Trẻ,,Bìa mềm,686.0,2020-03-01,NHBook,available,1000.0,True,True,True
13853125,Sách Yêu Hà Nội Thích Sài Gòn (Tái Bản 2019),87000,109000,20,0.0,0,4,Hồng Phúc,Alphabooks,Nhà Xuất Bản Lao Động Xã Hội,,Bìa mềm,304.0,2019-04-01,Alpha Books Official,available,1000.0,True,True,True
6209529,Sách Đủ Nắng Thì Hoa Nở,69000,89000,22,4.8,43,450,Ba Gàn,Phương Nam Book,Nhà Xuất Bản Thế Giới,,Bìa mềm,160.0,2018-10-01,Tiki Trading,available,1000.0,False,True,True
2732699,Sách Chí Phèo (Tái Bản 2018),49500,55000,10,4.0,3,7,Nam Cao,Đinh Tị,,,Bìa mềm,240.0,,Nhà sách Fahasa,available,1000.0,True,True,True
921252,Sách Tiếng Đàn Bà,40560,78000,48,4.0,5,462,Ubee Hoàng,First News - Trí Việt,,,Bìa mềm,,2017-09-01,Tiki Trading,available,1000.0,False,True,True
716232,Sách Những Cánh Cửa Đều Mở,36000,52000,31,5.0,6,181,Tiểu Quyên,NXB Trẻ,NXB Trẻ,,Bìa mềm,192.0,2017-07-01,Tiki Trading,available,1000.0,False,True,True
548061,Sách SaiGon Vẫn Hát,60060,78000,23,4.0,3,142,Mạc Thụy & Ubee Hoàng,First News - Trí Việt,,,Bìa mềm,216.0,2016-09-27,Tiki Trading,available,1000.0,False,True,True
366014,Sách Chuyện Thực Tập - Từ Giảng Đường Đến Văn Phòng,42800,68000,37,0.0,0,12,Đặng Huỳnh Mai Anh,First News - Trí Việt,,,Bìa mềm,275.0,2013-04-23,Nhà sách Fahasa,available,1000.0,True,True,True
279130659,"Sách Chờ nắng đủ, đợi tình đầy",79200,99000,20,0.0,0,1,Dưa,Deepbooks,Nhà Xuất Bản Phụ Nữ Việt Nam,,Bìa mềm,224.0,,Tiki Trading,available,1000.0,False,True,True
279115353,Sách - Bản thảo để lại trong sảnh lễ tân (Hồ Anh Thái) (Nhã Nam Official),215600,245000,12,0.0,0,1,Hồ Anh Thái,Nhã Nam,Nhà Xuất Bản Hà Nội,,Bìa mềm,471.0,,Nhã Nam Official,available,1000.0,True,True,True
278970764,Chuyện cây chuyện đời,98000,98000,0,0.0,0,2,Trần Thuỳ Linh,Đông Tây,Nhà Xuất Bản Văn Học,,Bìa mềm,182.0,2025-12-17,Đông Tây,available,1000.0,True,True,True
278737696,Tường Vân Tự Sự,75800,100000,24,0.0,0,1,Trần Kiều Trinh,Thái Hà,Nhà Xuất Bản Văn Học,,Bìa mềm,128.0,,Tiki Trading,available,1000.0,False,True,True
278103632,Sách DẤU HIỆU CỦA TÌNH YÊU,148000,190000,22,0.0,0,1,Ma Văn Kháng,Chibooks,Nhà Xuất Bản Lao Động,,Bìa mềm,390.0,2025-06-15,Tiki Trading,available,1000.0,False,True,True
278053152,Sách Nếu Biết Trăm Năm Là Hữu Hạn (Tái bản năm 2025),143100,159000,10,0.0,0,7,Phạm Lữ Ân,Phương Nam Book,Nhà Xuất Bản Thế Giới,,Bìa mềm,263.0,2025-06-03,PHƯƠNG NAM BOOK,available,1000.0,True,True,True
277971562,Hạnh phúc một đại gia,109000,109000,0,5.0,3,16,,Liên kết với tác giả,Nhà Xuất Bản Hồng Đức,,Bìa cứng,368.0,2025-04-29,FinBook,available,1000.0,True,True,True
277757807,Sách Lời Chỉ Dẫn Của Vũ Trụ - Để Vũ Trụ Cùng Bạn Quyết Định - Chiu Healing,69700,85000,18,0.0,0,2,,Công Ty Cổ Phần Time Books,NXB Dân Trí,,Bìa mềm,224.0,,SÁCH TIMEBOOKS,available,1000.0,True,True,True
277395387,Sách Khi Hai Ta Về Một Nhà,75460,98000,23,5.0,1,38,Ông Thỉ Bà Long,Skybooks,Nhà Xuất Bản Phụ Nữ,,Bìa mềm,152.0,2025-05-01,Tiki Trading,available,1000.0,False,True,True
276750334,Sách Sau Này Gặp Lại Ai Cũng Phải Hạnh Phúc,86400,108000,20,4.7,7,93,Trí,Người Trẻ Việt,Nhà Xuất Bản Văn Học,,Bìa mềm,200.0,2024-03-12,Tiki Trading,available,1000.0,False,True,True
276670741,Vằng Vặc Trăng Quê,180000,180000,0,5.0,1,13,,Đông Tây,Nhà Xuất Bản Dân Trí,,Bìa mềm,167.0,2024-11-30,Đông Tây,available,1000.0,True,True,True
276224125,Bên Bạn Dù Bạn Ở Nơi Đâu (Trích dẫn song ngữ Việt-Trung có phiên âm),99000,99000,0,0.0,0,1,Xứ Sở Ngôn Từ,NXB Dân Trí,Nhà Xuất Bản Dân Trí,,Bìa mềm,160.0,,Nhà Sách Phương Nam,available,1000.0,True,True,True
274826820,"Sách Đến Nơi Nên Đến, Yêu Người Nên Yêu",68000,105000,35,5.0,1,21,"Phan Quốc Dũng, Nguyễn Tuấn Nam",Skybooks,Nhà Xuất Bản Dân Trí,,Bìa mềm,700.0,,Tiki Trading,available,1000.0,False,True,True
274040838,Hãy Để Cuộc Đời Yêu Bạn (Tái Bản 2019),23800,28000,15,0.0,0,1,Phương Trinh,Nhà xuất bản Tổng hợp TP.HCM ,Nhà Xuất Bản Tổng hợp TP.HCM,,,,,NXB TỔNG HỢP,available,1000.0,True,True,True
273868433,Về Quê Ăn Tết,46750,55000,15,0.0,0,4,Dương Hoàng Lộc,Nhà xuất bản Tổng hợp TP.HCM ,Nhà Xuất Bản Tổng hợp TP.HCM,,,,,NXB TỔNG HỢP,available,1000.0,True,True,True
273825650,Bếp Ấm Của Mẹ,99600,120000,17,0.0,0,1,Đỗ Phương Thảo,NXB Trẻ,NXB Trẻ,,Bìa mềm,294.0,2024-01-03,Nhà Xuất Bản Trẻ,available,1000.0,True,True,True
273325919,Cất Cho Tôi Những Ngày Xanh Nắng Hạ,92600,109000,15,5.0,4,29,Minh,AZ Việt Nam,Nhà Xuất Bản Văn Học,,,,,Nhà sách Fahasa,available,1000.0,True,True,True
273301037,Tạm biệt tôi của nhiều năm về trước,95000,95000,0,0.0,0,0,Nguyễn Anh Hoàng,Skybooks,NXB Dân Trí,,Bìa mềm,248.0,,HỆ THỐNG NHÀ SÁCH ABC,available,1000.0,True,True,True
271529523,Sách Crying the trees - Nguyễn Nhật Ánh,150000,210000,29,5.0,5,29,Nguyễn Nhật Ánh,NXB Trẻ,NXB Trẻ,,Bìa mềm,352.0,2023-08-09,Tiki Trading,available,1000.0,False,True,True
270924663,Hẹn Nhau Phía Sau Tan Vỡ _SKY,86000,86000,0,0.0,0,8,,Skybooks,Nhà Xuất Bản Thanh Niên,,Bìa mềm,232.0,,NewShop Official,available,1000.0,True,True,True
257869282,Chim Phương Nam,59500,70000,15,0.0,0,6,Trần Bảo Định,Nhà xuất bản Tổng hợp TP.HCM ,Nhà Xuất Bản Tổng hợp TP.HCM,,,,,NXB TỔNG HỢP,available,1000.0,True,True,True
242693562,"Phố Hàng Bột, Chuyện ""Tầm Phào"" Mà Nhớ",102000,120000,15,5.0,2,8,Hồ Công Thiết,Chibooks,Nhà Xuất Bản Lao Động,,,,,Nhà sách Fahasa,available,1000.0,True,True,True
203499061,Loanh Quanh Sài Gòn,133000,140000,5,0.0,0,5,Lê Công Sơn,NXB Tổng Hợp TPHCM,Nhà Xuất Bản Tổng hợp TP.HCM,,,,,Nhà sách Fahasa,available,1000.0,True,True,True
201032340,Sách Ký Túc Xá - Cá Tốc Ký - Chuyện Trời Ơi Đất Hỡi Của Sinh Viên Mặc Áo Blouse Trắng,96700,129000,25,5.0,7,72,Thái Doãn Minh,NXB Phụ Nữ Việt Nam,Nhà Xuất Bản Phụ Nữ Việt Nam,,Bìa mềm,376.0,2022-10-10,Tiki Trading,available,1000.0,False,True,True
196247919,Đời Hát Rong - Vanlangbooks,78400,98000,20,5.0,1,9,Nguyễn Mạnh Tuấn,Cty Văn Hóa Văn Lang,Nhà Xuất Bản Hội Nhà Văn,,Bìa mềm,284.0,2020-08-05,Văn Lang Official Store,available,1000.0,True,True,True
178831677,Hương Quê,92000,100000,8,0.0,0,5,Sơn Nam,NXB Trẻ,NXB Trẻ,,,,,Nhà sách Fahasa,available,1000.0,True,True,True
160553154,Nguyễn Nhật Ánh - Lá Nằm Trong Lá,100000,100000,0,0.0,0,2,,NXB Trẻ,NXB Trẻ,,,,,FishingBook,available,1000.0,True,True,True
151950344,Kỳ Tích Là Tên Gọi Khác Của Nỗ Lực,114000,124000,8,5.0,3,20,23thang12,Skybooks,Nhà Xuất Bản Phụ Nữ Việt Nam,,,,,Nhà sách Fahasa,available,1000.0,True,True,True
134677171,Phật Trong Hẻm Nhỏ (Tập Truyện Ngắn),60000,92000,35,4.8,13,101,Huỳnh Trọng Khang,NXB Phụ Nữ Việt Nam,Nhà Xuất Bản Phụ Nữ Việt Nam,,Bìa mềm,240.0,2021-10-01,Tiki Trading,available,1000.0,False,True,True
102460830,"Sách Đúng Người, Không Sai Thời Điểm (Tản Văn)",87000,115000,24,5.0,31,173,Thân Trang,NXB Trẻ,NXB Trẻ,,Bìa mềm,272.0,2021-06-15,Tiki Trading,available,1000.0,False,True,True
50751279,Vui Vẻ Không Quạu Nha - Tản Văn,65500,69000,5,5.0,128,781,Ở Đây Zui Nè,Skybooks,Nhà Xuất Bản Phụ Nữ,,Bìa mềm,280.0,2020-03-01,Phương Đông Books,available,1000.0,True,True,True
49464559,Sách Bốn Bàn Tay Trắng,86000,120000,28,5.0,2,34,Nguyễn Mạnh Tuấn,VanLangBooks,Nhà Xuất Bản Hội Nhà Văn,,Bìa mềm,332.0,2020-02-02,Tiki Trading,available,1000.0,True,True,True
31972589,Sách Lê La Quán Xa Quê Nhà,79000,99000,20,0.0,0,15,Nguyễn Hữu Tài,Alphabooks,Nhà Xuất Bản Thế Giới,,Bìa mềm,212.0,2019-01-09,Alpha Books Official,available,1000.0,True,True,True
31205931,Sách Chuyện Chữ Ra Chuyện Đời,57600,89000,35,4.6,16,147,Phạm Văn Tình,Alphabooks,Nhà Xuất Bản Lao Động - Xã Hội,,Bìa mềm,180.0,2019-01-08,Tiki Trading,available,1000.0,False,True,True
25739664,Sách Bà Tùng Long - Một Lần Lầm Lỡ,95000,100000,5,5.0,1,12,Bà Tùng Long,NXB Trẻ,,,Bìa mềm,272.0,2019-08-01,Nhà sách Fahasa,available,1000.0,True,True,True
3213077,Sách Nam Bộ Dưới Thời Chúa Nguyễn - Thế Kỷ XVII – XVIII,134400,134400,0,4.0,2,24,Trần Nam Tiến,Dtbooks,,,Bìa mềm,299.0,,DTBOOKS,available,1000.0,True,True,True
2274529,Sách Chuyện Nhỏ Ở Chợ Lớn,245000,298000,18,4.6,18,257,Nguyễn Đình,Phương Nam Book,Nhà Xuất Bản Thế Giới,,Bìa mềm,312.0,,Tiki Trading,available,1000.0,False,True,True
833420,Sách Sói Và Gia Vị (Tập 5),87400,95000,8,4.8,4,7,Isuna Hasekura,Thái Hà,,,,450.0,2017-08-22,Nhà sách Fahasa,available,1000.0,True,True,True
497069,Sách Tinh Hoa Văn Học Việt Nam - Hà Nội 36 Phố Phường,44800,56000,20,5.0,1,30,Thạch Lam,Liên Việt,Nhà Xuất Bản Văn Học,,Bìa mềm,,2016-05-09,Liên Việt Official Store,available,1000.0,True,True,True
481236,Sách Bay Xuyên Những Tầng Mây,42000,62000,32,4.8,44,770,Hà Nhân,Huy Hoàng Bookstore,Nhà Xuất Bản Văn Học,,Bìa mềm,249.0,2016-03-22,Tiki Trading,available,1000.0,False,True,True
279280805,Sách Lãng Khách Chợ Ga,108750,145000,25,0.0,0,2,Phạm Công Luận,Nhã Nam,Nhà Xuất Bản Thế Giới,,Bìa mềm,104.0,,Tiki Trading,available,1000.0,False,True,True
279278957,Sách 100 cái chân - NXB Trẻ,97000,125000,22,0.0,0,20,Nguyễn Ngọc Thuần,NXB Trẻ,NXB Trẻ,,Bìa mềm,,2026-03-31,Tiki Trading,available,1000.0,False,True,True
278866010,Sách - Có Một Lòng Phố Ở Trong Lòng Mình,96700,118000,18,0.0,0,1,nhieu tac gia,SBOOKS,Nhiều Nhà Xuất Bản,,Bìa mềm,,2023-12-21,Nhà sách Fahasa,available,1000.0,True,True,True
278842704,Sách Vì Còn Có Những Ngày Mai,88550,115000,23,0.0,0,3,Mochi ở đây,Blue.Books,Nhà Xuất Bản Văn Học,,Bìa mềm,224.0,2025-11-07,Tiki Trading,available,1000.0,False,True,True
278679686,Sách Viết Cho Những Điều Bé Nhỏ - Về Nghe Hoa Hòe Kể Chuyện,38400,40000,4,0.0,0,3,Hoàng Anh Tuấn,Nhà Xuất Bản Kim Đồng,Nhà Xuất Bản Kim Đồng,,Bìa mềm,184.0,,Tiki Trading,available,1000.0,False,True,True
278058440,(Chữ ký tác giả) NGHỀ VIẾT VĂN - Trần Lê Books – Nxb Văn Học,143000,149000,4,0.0,0,27,,Công ty Cổ phần Sách & Văn phòng phẩm Trần Lê,Nhà Xuất Bản Văn Học,,Bìa mềm,,,BÌNH BÁN BOOK,available,1000.0,True,True,True
276504657,Sách Long Nhong Trong Hẻm Nhỏ,119000,119000,0,0.0,0,0,Đoàn Xuyên từ Đáy Giếng,Skybooks,Nhà Xuất Bản Dân Trí,,Bìa mềm,256.0,,NHBook,available,1000.0,True,True,True
275903858,"Sách Không Sao Mà, Có Tớ Ở Đây",84000,84000,0,0.0,0,0,Gọi tui là Bơ,Deepbooks,Nhà Xuất Bản Dân Trí,,Bìa mềm,208.0,,Bamboo Books,available,1000.0,True,True,True
275586539,Sách Em Đâu Thấy Đáy Lòng Tôi Dậy Sóng,70400,88000,20,5.0,2,23,hngoc,Deepbooks,Nhà Xuất Bản Dân Trí,,Bìa mềm,200.0,,Tiki Trading,available,1000.0,False,True,True
275274568,"Sách Một Tôi Ước Sao Trời, Một Tôi Ở Nhân Gian",92800,116000,20,0.0,0,29,A Tòn,Skybooks,Nhà Xuất Bản Phụ Nữ Việt Nam,,Bìa mềm,216.0,,Tiki Trading,available,1000.0,False,True,True
275060631,Sách Em Ngủ Chưa?Nay Ổn Không?,76800,96000,20,5.0,2,51,Ther của Per,Người Trẻ Việt,Nhà Xuất Bản Văn Học,,Bìa mềm,208.0,2024-05-20,Tiki Trading,available,1000.0,False,True,True
273787453,Sách Hùm Xám Qua Sông,117800,124000,5,0.0,0,3,Bùi Tiểu Quyên,NXB Kim Đồng,Nhà Xuất Bản Kim Đồng,,Bìa mềm,216.0,2024-01-04,Nhà sách NetaBooks,available,1000.0,True,True,True
270302181,Sách Am Mây Ngủ (Tái bản năm 2023),89100,99000,10,5.0,1,11,Thích Nhất Hạnh,Phương Nam Book,Nhà Xuất Bản Hồng Đức,,Bìa mềm,192.0,,PHƯƠNG NAM BOOK,available,1000.0,True,True,True
253381083,Sách Tản Văn - Thư Từ Xứ Con Người - Tác Giả House,149400,149400,0,5.0,9,82,,Công ty cổ phần Ahora,Nhà Xuất Bản Thế Giới,,Bìa mềm,450.0,2023-04-24,Spiderum Store,available,1000.0,True,True,True
252131248,Sách Mình Phải Sống Thật Trọn Vẹn Mỗi Ngày,93300,120000,22,5.0,2,39,Lee Soeun,Mintbooks,Nhà Xuất Bản Văn Học,,Bìa mềm,284.0,2023-04-04,Tiki Trading,available,1000.0,False,True,True
251345248,Sách Ngang qua vườn cây dầu,72000,105000,31,5.0,1,7,Nguyện Thiện Bản,NXB Tổng Hợp TP. HCM,Nhà Xuất Bản Tổng hợp TP.HCM,,Bìa mềm,284.0,2023-01-01,Tiki Trading,available,1000.0,False,True,True
249889724,Màu Của Lửa,76500,90000,15,0.0,0,3,Lê Quang Trạng,Nhà xuất bản Tổng hợp TP.HCM ,Nhà Xuất Bản Tổng hợp TP.HCM,,Bìa mềm,228.0,2022-11-01,NXB TỔNG HỢP,available,1000.0,True,True,True
222679652,Sách Trên Sao Hỏa Chỉ Có Trẻ Con,55800,93000,40,5.0,6,59,Hoàng Nhật,BeYou Books,Nhà Xuất Bản Thanh Niên,,Bìa mềm,240.0,2023-01-01,Tiki Trading,available,1000.0,False,True,True
204658869,TRÒ CHUYỆN VỚI LỤC BÌNH – Võ Diệu Thanh (tác giả cuốn Cửa sổ bình tia chớp) –Nhã Nam – NXB Phụ Nữ,98000,98000,0,0.0,0,2,,Nhã Nam ,Nhà Xuất Bản Phụ Nữ,,,,,Nhà Sách Vĩnh Thụy,available,1000.0,True,True,True
201687274,Sách Có Một Nỗi Buồn Vừa Ngang Qua Đây,61600,88000,30,4.8,47,406,Gã,Người Trẻ Việt,Nhà Xuất Bản Văn Học,,Bìa mềm,192000.0,2022-10-01,Tiki Trading,available,1000.0,False,True,True
197901337,Sách Giải Mã Giấc Mơ,109000,109000,0,0.0,0,0,Tauriel,Asbooks,Nhà Xuất Bản Thế Giới,,Bìa mềm,280.0,2022-09-09,Bamboo Books,available,1000.0,True,True,True
194199548,Hồn Đô Thị - Tuyển Chọn Từ Bộ Sách Sài Gòn Chuyện Đời Của Phố (S.Màu),209000,279000,25,5.0,9,73,Phạm Công Luận,Phương Nam Book,Nhà Xuất Bản Thế Giới,,Bìa mềm,205.0,2022-01-01,Tiki Trading,available,1000.0,False,True,True
181699664,Sách Những Ngã Tư Và Những Cột Đèn,200000,200000,0,0.0,0,2,Trần Dần,Nhã Nam,Nhà Xuất Bản Hội Nhà Văn,,Bìa mềm,650.0,2022-05-05,Bamboo Books,available,1000.0,True,True,True
179718858,Hào Quang Của Đất - Đào Quốc Vịnh,113050,119000,5,0.0,0,3,,NXB Hội Nhà Văn,Nhà Xuất Bản Hội Nhà Văn,,Bìa mềm,269.0,2022-05-10,SÁCH ĐẠI NAM,available,1000.0,True,True,True
177340183,Bà Chúa Hòn (Bìa Mềm),91300,110000,17,0.0,0,1,Sơn Nam,Nhà Xuất Bản Đại Học Quốc Gia Hà Nội,Nhà Xuất Bản Đại Học Quốc Gia Hà Nội,,Bìa mềm,408.0,,Nhà Xuất Bản Trẻ,available,1000.0,True,True,True
168234708,Sách Cảm Ơn Vì Đã Cạnh Bên,72000,105000,31,5.0,9,84,Minh Phúc,NXB Trẻ,NXB Trẻ,,Bìa mềm,240.0,2022-01-01,Tiki Trading,available,1000.0,False,True,True
160553078,Nguyễn Nhật Ánh - Cho Tôi Xin Một Vé Đi Tuổi Thơ - Bìa Mềm,90000,90000,0,0.0,0,0,,NXB Trẻ,NXB Trẻ,,,,,Bamboo Books,available,1000.0,True,True,True
91499332,Sách Khói Bếp Không Tan (Tản Văn - Bút Ký),71000,85000,16,4.8,24,129,Lê Giang,NXB Trẻ,NXB Trẻ,,Bìa mềm,224.0,2021-04-15,Tiki Trading,available,1000.0,False,True,True
76748082,Truyện ngắn - Ba gã say luận đàm thế sự ,72000,72000,0,0.0,0,0,,Nhã Nam,Nhà Xuất Bản Hội Nhà Văn,,,,,Bamboo Books,available,1000.0,True,True,True
43476267,Sách Quen Lạ Xứ Người,94500,105000,10,5.0,2,16,Lam Anh,NXB Tổng Hợp,,,Bìa mềm,248.0,2019-11-01,Nhà sách Fahasa,available,1000.0,True,True,True
14147659,Sách Năm Lá Quốc Thư,133000,140000,5,5.0,1,11,Hồ Anh Thái,NXB Trẻ,,,Bìa mềm,420.0,2019-04-01,Nhà sách Fahasa,available,1000.0,True,True,True
9794508,Sách Vua Thợ Hàn,72700,75000,3,0.0,0,0,Lê Thanh Kỳ,Nhã Nam,,,Bìa mềm,191.0,2019-01-01,Nhà sách Fahasa,available,1000.0,True,True,True
5369071,Sách Sài Gòn Khâu Lại Mảnh Thời Gian (Tạp Bút),98000,130000,25,5.0,77,920,Lê Văn Nghĩa,NXB Trẻ,NXB Trẻ,,Bìa mềm,380.0,2018-09-29,Tiki Trading,available,1000.0,False,True,True
2000691,Sách Bồ Câu Chung Mái Vòm (Tái Bản),67000,88000,24,5.0,8,140,Dương Thụy,NXB Trẻ,,,Bìa mềm,302.0,2018-04-23,Tiki Trading,available,1000.0,False,True,True
1031912,Sách Paris Trong Hộp Giày,59700,72000,17,5.0,1,7,Mai Thanh Nga,First News - Trí Việt,,,Bìa mềm,156.0,2017-10-17,Nhà sách Fahasa,available,1000.0,True,True,True
654537,Sách Tổng Thư Mục Ngô Tất Tố,120000,150000,20,5.0,1,3,"Cao Đắc Điểm, Ngô Thị Thanh Lịch",NXB Thông tin Truyền thông,Nhà Xuất Bản Thông Tin Và Truyền Thông,,Bìa mềm,631.0,2010-10-01,nxbkhoahoccongnghetruyenthong,available,1000.0,True,True,True
605875,"Sách Trời Vẫn Còn Xanh, Em Vẫn Còn Anh",67900,89000,24,4.5,44,4674,Anh Khang,Phương Nam,,,Bìa mềm,192.0,2017-04-16,Tiki Trading,available,1000.0,False,True,True
602742,Sách Nhớ Sao Xe Cộ Sài Gòn,71230,88000,19,4.8,6,172,Ngô Kế Tựu,Phương Nam Book,,,Bìa mềm,188.0,2017-04-05,Tiki Trading,available,1000.0,False,True,True
571646,Sách Nơi Chốn Đi Và Về,46000,58000,21,0.0,0,45,Lê Thiết Cương - Trần Tiến Dũng,Phương Nam Book,,,Bìa mềm,140.0,2016-12-30,Tiki Trading,available,1000.0,False,True,True
392496,Sách Chuyện Cổ Tích Dành Cho Người Lớn (Tái Bản),62000,85000,27,4.5,55,3931,Nguyễn Nhật Ánh,NXB Trẻ,NXB Trẻ,,Bìa mềm,160.0,2022-01-01,Tiki Trading,available,1000.0,False,True,True
279235498,Sách Nếu Cả Đời Này Mình Không Rực Rỡ Thì Sao?,66000,88000,25,0.0,0,9,Là Trang,Skybooks,Nhà Xuất Bản Phụ Nữ Việt Nam,,,200.0,,Tiki Trading,available,1000.0,False,True,True
279235254,Sách - Chúng Ta Sống Để Trở Về,76000,80000,5,0.0,0,0,Nguyễn Phong Việt,NXB Trẻ,NXB Trẻ,,Bìa mềm,,2023-12-21,Nhà sách Fahasa,available,1000.0,True,True,True
279181447,Cay Đắng Mùi Đời,133000,140000,5,0.0,0,1,Hồ Biểu Chánh,Nhà xuất bản Tổng hợp TP.HCM ,Nhà Xuất Bản Tổng hợp TP.HCM,,Bìa mềm,232.0,2026-02-13,Nhà sách NetaBooks,available,1000.0,True,True,True
279105261,Sách - Ngôi Nhà Hoa (Hoàng Hoài Minh),235200,245000,4,0.0,0,0,Hoàng Hoài Minh,CÔNG TY TNHH TMDV & TRUYỀN THÔNG TYM,Nhà Xuất Bản Phụ Nữ Việt Nam,,Bìa mềm tay gấp,340.0,2025-11-28,TYMBooks,available,1000.0,True,True,True
278993516,Sách - Như Chiếc Lá Gần Rơi,81700,95000,14,0.0,0,6,nhieu tac gia,AZ Việt Nam,Nhà Xuất Bản Văn Học,,Bìa mềm,,2023-12-21,Nhà sách Fahasa,available,1000.0,True,True,True
278812518,Sách - Truyện Ngắn Đặc Sắc 2025 - SBOOKS,136000,138000,1,5.0,2,10,nhieu tac gia,SBOOKS,Nhà Xuất Bản Văn Học,,Bìa mềm,336.0,2025-10-27,SBOOKS OFFICIAL,available,1000.0,True,True,True
278532230,Sách Hà Thành Hương Xưa Vị Cũ,222400,285000,22,5.0,20,214,Vũ Thị Tuyết Nhung,Tri Thức Trẻ Books,Nhà Xuất Bản Hà Nội,,Bìa mềm,356.0,2022-01-01,Tiki Trading,available,1000.0,True,True,True
278508009,Dịch Bệnh Và Văn Minh - Một Đại Sử Của Nhân Loại (PB),499500,555000,10,0.0,0,2,Kyle Harper,PHANBOOK,Nhà Xuất Bản Lao Động,,Bìa mềm,860.0,,Văn Lang Official Store,available,1000.0,True,True,True
277874441,Sách Đường về nhà có ngoại chờ mong,73150,95000,23,0.0,0,20,Ốc,Deepbooks,Nhà Xuất Bản Dân Trí,,Bìa mềm,168.0,2025-03-12,Tiki Trading,available,1000.0,False,True,True
276504681,Sách Về Nhà Ăn Bát Cháo Hành,84000,105000,20,5.0,4,73,Doãn Hằng,Người Trẻ Việt,Nhà Xuất Bản Văn Học,,Bìa mềm,208.0,,Tiki Trading,available,1000.0,False,True,True
276401022,Sách Tiếng Anh Du Ký - My English Journey,135200,169000,20,5.0,7,87,Lee Việt,Skybooks,Nhà Xuất Bản Phụ Nữ Việt Nam,,Bìa mềm,288.0,,Tiki Trading,available,1000.0,False,True,True
275346740,Vườn Thanh Xuân (The Garden Of Youth),169000,169000,0,4.8,12,244,,NXB Lao Động,Nhà Xuất Bản Lao Động,,Bìa mềm,274.0,,Nhân Văn,available,1000.0,True,True,True
275218106,Sách MỘT THỜI MẠ HUẾ,116000,170000,32,0.0,0,19,Nguyễn Khoa Diệu Hà,Chibooks,Nhà Xuất Bản Lao Động,,Bìa mềm,274.0,2024-06-01,Tiki Trading,available,1000.0,False,True,True
271455699,Sách Hiến Đăng Sứ,135000,135000,0,0.0,0,0,Yoko Yawada,Nhà xuất bản Phụ Nữ Việt Nam,Nhà Xuất Bản Phụ Nữ Việt Nam,,Bìa mềm,296.0,,Bamboo Books,available,1000.0,True,True,True
270483303,Chuyện Buồn Chỉ Là Chuyện Cỏn Con,92000,92000,0,0.0,0,0,,Công Ty TNHH Văn Hóa Và Truyền Thông Skybooks Việt Nam,Nhà Xuất Bản Phụ Nữ Việt Nam,,,,,HỆ THỐNG NHÀ SÁCH ABC,available,1000.0,True,True,True
263980368,Món hàng quý giá nhất - Một truyện cổ tích,48960,68000,28,4.8,10,178,Jean Claude Grumberg,Nhã Nam,Nhà Xuất Bản Văn Học,,Bìa mềm,102.0,2023-07-07,Tiki Trading,available,1000.0,False,True,True
263559026,Sách Giữ Chặt Thương Tổn Em Sẽ Là Người Tổn Thương,70840,92000,23,5.0,3,29,Thu,DEEP BOOKS,Nhà Xuất Bản Dân Trí,,Bìa mềm,272.0,2023-06-23,Tiki Trading,available,1000.0,False,True,True
252795778,Sách Ngày và Đêm,47400,79000,40,5.0,4,37,Bae Suah,BeBooks,Nhà Xuất Bản Thanh Niên,,Bìa mềm,168.0,2023-04-04,Tiki Trading,available,1000.0,False,True,True
242070666,Người Tập Lớn - Chà,54500,109000,50,0.0,0,19,,Timebooks,NXB Dân Trí,,Bìa mềm,,,NHBook,available,1000.0,True,True,True
220666221,Sách Mong Trái Tim Bạn Sẽ Bình Yên Trở Lại,69300,90000,23,5.0,6,92,Jeong Youngwook,Mood to Read,Nhà Xuất Bản Dân Trí,,Bìa mềm,220.0,2023-01-01,Tiki Trading,available,1000.0,False,True,True
214493655,Cây Chuối Non Đi Giày Xanh - Bìa Mềm,89000,89000,0,0.0,0,2,Nguyễn Nhật Ánh,NXB Trẻ,NXB Trẻ,,Bìa mềm,304.0,,Hiệu Sách Tự Do,available,1000.0,True,True,True
207641093,"""Rừng Sâu"" Và Những Truyện Ngắn Khác",125000,125000,0,0.0,0,0,Nguyễn Xuân Khánh,NXB Phụ Nữ,Nhà Xuất Bản Phụ Nữ,,Bìa mềm,368.0,,Bamboo Books,available,1000.0,True,True,True
204317936,Sách Còn chút gì để nhớ (phiên bản đặc biệt),432000,550000,21,5.0,16,100,Nguyễn Nhật Ánh,NXB Trẻ,NXB Trẻ,,Bìa mềm,250.0,2022-11-09,Tiki Trading,available,1000.0,False,True,True
194104230,Sách Gió Lẻ Và 9 Câu Chuyện Khác,64000,90000,29,4.8,16,191,Nguyễn Ngọc Tư,NXB Trẻ,NXB Trẻ,,Bìa mềm,166.0,2022-08-08,Tiki Trading,available,1000.0,False,True,True
192905889,Gió đầu mùa & Hà Nội băm sáu phố phường,136000,160000,15,5.0,14,70,Thạch Lam,Đông A,Nhà Xuất Bản Văn Học,,Bìa mềm,252.0,2022-07-29,Đông A Books Official,available,1000.0,True,True,True
186286182,Sách Những Chàng Trai Xấu Tính (Tái Bản 2022),26000,35000,26,4.7,32,363,Nguyễn Nhật Ánh,NXB Trẻ,NXB Trẻ,,Bìa mềm,166.0,2022-06-06,Tiki Trading,available,1000.0,False,True,True
173137640,Sách Bửu Sơn Kỳ Hương,115000,140000,18,5.0,37,252,Lý Lan,NXB Tổng Hợp TP. HCM,Nhà Xuất Bản Tổng hợp TP.HCM,,Bìa mềm,342.0,2022-01-01,Tiki Trading,available,1000.0,False,True,True
168899458,Việt Nam Danh Tác - Bỉ Vỏ,83700,90000,7,0.0,0,1,Nguyên Hồng,Nhã Nam,Nhà Xuất Bản Hội Nhà Văn,,,,,Nhà sách Fahasa,available,1000.0,True,True,True
160553030,Nguyễn Ngọc Tư - Sông,82170,99000,17,5.0,1,6,,NXB Trẻ,NXB Trẻ,,,,,Nhà Xuất Bản Trẻ,available,1000.0,True,True,True
160552970,Nguyễn Nhật Ánh - Trại Hoa Vàng,120000,120000,0,0.0,0,1,,NXB Trẻ,NXB Trẻ,,,,,info book,available,1000.0,True,True,True
147500223,Sách Bỉ Vỏ (Bìa Cứng),258000,320000,19,4.8,26,79,Nguyên Hồng,Công Ty Cổ Phần Văn Hóa Đông A,Nhà Xuất Bản Văn Học,,Bìa cứng,256.0,2021-12-01,Tiki Trading,available,1000.0,False,True,True
76012201,Sách Những Ngày Thơ Ấu (Việt Nam Danh Tác),69700,75000,7,5.0,14,59,Nguyên Hồng,Nhã Nam,Nhà Xuất Bản Hội Nhà Văn,,Bìa mềm,184.0,2021-01-01,Nhà sách Fahasa,available,1000.0,True,True,True
73747717,Combo 2 cuốn: Thất Tình Không Sao (Kèm Bookmark) + Vui Vẻ Không Quạu Nha,132900,138500,4,3.0,1,9,,Skybooks,Nhà Xuất Bản Hà Nội,,,,,AHABOOKS,available,1000.0,True,True,True
25740110,Sách Bà Tùng Long - Bên Hồ Thanh Thủy,95000,100000,5,0.0,0,17,Bà Tùng Long,NXB Trẻ,,,Bìa mềm,263.0,2019-08-01,Nhà sách Fahasa,available,1000.0,True,True,True
12574283,Sách Chúc Một Ngày Tốt Lành (Tái Bản 2019),103750,125000,17,5.0,3,20,Nguyễn Nhật Ánh,NXB Trẻ,NXB Trẻ,,Bìa mềm,282.0,2019-02-28,Nhà Xuất Bản Trẻ,available,1000.0,True,True,True
1667153,Sách Số Phận Không Định Trước,72000,99000,27,3.6,5,134,Nguyễn Khắc Phê,Thái Hà,Nhà Xuất Bản Hội Nhà Văn,,Bìa mềm,437.0,2018-03-03,Tiki Trading,available,1000.0,False,True,True
583499,Sách Gáy Người Thì Lạnh,80000,80000,0,5.0,1,14,Nguyễn Ngọc Tư,NXB Trẻ,NXB Trẻ,,Bìa mềm,200.0,2017-03-14,Nhà Sách Vĩnh Thụy,available,1000.0,True,True,True
444725,Sách Một Mình Một Ngựa,70000,70000,0,5.0,3,23,Ma Văn Kháng,Nhà sách Hàn Thuyên,,,Bìa mềm,399.0,2015-08-14,Nhà sách 30 Hàn Thuyên,available,1000.0,True,True,True
430655,Sách Bên Kia Đồi,44900,59000,24,4.1,22,428,Võ Thị Mỹ Linh,Phương Nam Book,,,Bìa mềm,156.0,2015-04-13,Tiki Trading,available,1000.0,False,True,True
389589,Bồ Câu Không Đưa Thư (Truyện Dài),60000,60000,0,0.0,0,1,Nguyễn Nhật Ánh,NXB Trẻ,NXB Trẻ,,Bìa mềm,176.0,2014-01-10,Hiệu Sách Tự Do,available,1000.0,True,True,True
279090189,CÁNH BUỒM NÂU THUỞ ẤY – Nguyễn Huy Thiệp – Nhã Nam – NXB Hội Nhà Văn,187200,195000,4,0.0,0,1,Nguyễn Huy Thiệp,Nhã Nam,Nhà Xuất Bản Hội Nhà Văn,,Bìa mềm,420.0,,BÌNH BÁN BOOK,available,1000.0,True,True,True
278880412,"Sách Jun Phạm - Nếu Như Không Thể Nói Nếu Như (Tái Bản 2025) - Tặng Kèm Bookmark - Tiểu thuyết Việt Nam, truyện ngắn",100000,125000,20,0.0,0,1,nhieu tac gia,Skybooks,Nhà Xuất Bản Phụ Nữ Việt Nam,,Bìa mềm,,2023-12-21,Nhà sách Fahasa,available,1000.0,True,True,True
278642461,A Diary Of Silent Effort – Tôi Thích Dáng Vẻ Nỗ Lực Của Chính Mình - LiLy Trương  – Phiên Bản Song Ngữ Việt Anh,81180,99000,18,0.0,0,6,Lily Trương,Công Ty Cổ Phần Time Books,NXB Dân Trí,,Bìa mềm,200.0,,SÁCH TIMEBOOKS,available,1000.0,True,True,True
278508292,Chư Phiên Chí (PB),210700,245000,14,0.0,0,0,nhieu tac gia,PHANBOOK,Nhà Xuất Bản Đà Nẵng,,Bìa mềm,344.0,,Văn Lang Official Store,available,1000.0,True,True,True
278508003,Trái Tim Chó (ĐT),83600,95000,12,0.0,0,8,Mikhail Bulgakov,Cty Văn Hóa Đông Tây,Nhà Xuất Bản Lao Động,,Bìa mềm,206.0,,Văn Lang Official Store,available,1000.0,True,True,True
278313156,Thị Trấn Cá Bông,144000,180000,20,0.0,0,4,Đinh Phương,Tao Đàn,Nhà Xuất Bản Phụ Nữ Việt Nam,,Bìa mềm tay gấp,266.0,2025-07-15,sách tao đàn,available,1000.0,True,True,True
278058570,Nếu Biết Trăm Năm Là Hữu Hạn (Tái bản năm 2025),143100,159000,10,0.0,0,1,Phạm Lữ Ân,Phương Nam Book,Nhà Xuất Bản Thế Giới,,Bìa mềm,263.0,2025-06-03,Nhà Sách Phương Nam,available,1000.0,True,True,True
277282145,Lân Tinh,58000,60000,3,5.0,1,1,Giai Du,Nhà Xuất Bản Kim Đồng,Nhà Xuất Bản Kim Đồng,,Bìa mềm,172.0,,Nhân Văn,available,1000.0,True,True,True
276847624,Thưa Ngoại Con Mới Về,105000,105000,0,0.0,0,0,Lam,NXB Dân Trí,Nhà Xuất Bản Dân Trí,,Bìa mềm,216.0,,Nhà Sách Phương Nam,available,1000.0,True,True,True
276594919,Combo Sách Truyện Ngắn Của Tác Giả Haruki Murakami - Sau Động Đất + Những Chuyện Lạ Ở Tokyo + Người TV (Bộ 3 Cuốn),320000,320000,0,0.0,0,2,Haruki Murakami,Nhã Nam,Nhà Xuất Bản Hội Nhà Văn,,Bìa mềm,,2023-12-21,NHBook,available,1000.0,True,True,True
276546976,Sách Tự nhiên như người Hà Nội (tản văn),63000,85000,26,5.0,1,18,Nguyễn Trương Quý,NXB Trẻ,NXB Trẻ,,Bìa mềm,190.0,2024-11-13,Tiki Trading,available,1000.0,False,True,True
276230614,Sách Rìa Trời Lộng Gió,79200,99000,20,0.0,0,5,Monologue,Skybooks,Nhà Xuất Bản Lao Động,,Bìa mềm,232.0,2024-09-23,Tiki Trading,available,1000.0,False,True,True
273476659,Sách Quán bar trong bụng cá voi,135000,135000,0,0.0,0,0,Hiền Trang,Nhã Nam,Nhà Xuất Bản Văn Học,,Bìa mềm,286.0,2023-11-15,NHBook,available,1000.0,True,True,True
270774875,Hành Lý Hư Vô (Nguyễn Ngọc Tư) - Bản Quyền,95000,95000,0,0.0,0,0,,NXB Trẻ,NXB Trẻ,,,,,info book,available,1000.0,True,True,True
263515803,Sách Thời Gian Của Ma,97680,148000,34,4.5,2,38,Yi Jeong Kim,Nhã Nam,Nhà Xuất Bản Hà Nội,,Bìa mềm,309.0,2023-01-01,Tiki Trading,available,1000.0,False,True,True
262906206,Chuyện ICU - Lá gan hạnh phúc,119000,149000,20,5.0,18,236,Huỳnh Wynn Trần,Alphabooks,Nhà Xuất Bản Thế Giới,,Bìa mềm,296.0,2023-06-10,DR WYNN TRAN,available,1000.0,True,True,True
253468343,"Sách Tắt Đèn (In Theo Bản Của Nhà In Mai Lĩnh Hà Nội,1939)",50500,70000,28,0.0,0,18,Ngô Tất Tố,Nhà sách Minh Thắng,Nhà Xuất Bản Văn Học,,Bìa mềm,216.0,2022-03-03,Tiki Trading,available,1000.0,False,True,True
242718198,Mẹ Làm Gì Có Ước Mơ,72900,89000,18,5.0,14,123,Hạ Mer,AZ Việt Nam,Nhà Xuất Bản Văn Học,,,,,Nhà sách Fahasa,available,1000.0,True,True,True
203093931,"Sách Đôi Lứa Xứng Đôi (In theo bản của NXB Đời Mới, Hà Nội, 1941) - Tái Bản",28800,42000,31,4.8,4,33,Nam Cao,Nhà sách Minh Thắng,Nhà Xuất Bản Văn Học,,Bìa mềm,116.0,2022-09-09,Tiki Trading,available,1000.0,False,True,True
202717215,Truyện ngắn Phùng Cung,220000,220000,0,0.0,0,9,Phùng Cung,An Nam Books,Nhà Xuất Bản Hội Nhà Văn,,,,2022-10-20,SÁCH ĐẠI NAM,available,1000.0,True,True,True
198326343,Thương nhớ hoàng lan - Trần Thùy Mai,249000,249000,0,0.0,0,6,Trần Thùy Mai,Đông Tây,Nhà Xuất Bản Phụ Nữ,,Bìa mềm,378.0,2020-09-01,Bamboo Books,available,1000.0,True,True,True
161930320,Combo Cười Sâu Cay: Đời Có Mấy Tý Sao Phải Nghĩ - Đừng Nhạt Nữa - Lì Quá Để Nói Quài,39500,79000,50,0.0,0,24,"Nhà Văn Cục Súc (NVCS Entertainment), NGOA, Anh Cầm Fact",Timebooks,Nhà Xuất Bản Hà Nội,,Bìa mềm,,2022-02-11,NHBook,available,1000.0,True,True,True
160552992,Con Chó Nhỏ Mang Giỏ Hoa Hồng,91000,95000,4,4.8,5,22,,NXB Trẻ,NXB Trẻ,,,,,Nhân Văn,available,1000.0,True,True,True
160552963,Nguyễn Nhật Ánh - Tôi Thấy Hoa Vàng Trên Cỏ Xanh,150000,150000,0,0.0,0,2,,NXB Trẻ,NXB Trẻ,,,,,Nhà Sách Vĩnh Thụy,available,1000.0,True,True,True
128711585,Sách - Khi Lỗi Thuộc Về Những Vì Sao,120000,120000,0,0.0,0,1,,Không có,NXB Trẻ,,,,,FishingBook,available,1000.0,True,True,True
113500861,CAN TRƯỜNG BƯỚC TIẾP,96000,96000,0,5.0,193,1068,,CÔNG TY TNHH TUEBOOKS,Nhà Xuất Bản Thế Giới,,Bìa mềm,204.0,,TUEBOOKS,available,1000.0,True,True,True
81245166,Sách Đàn Bà Vui Buồn Bé Mọn,54600,90000,39,5.0,5,28,Hoàng My,Sống,Nhà Xuất Bản Thanh Niên,,Bìa mềm,192.0,2021-03-01,Tiki Trading,available,1000.0,False,True,True
53748644,tác phẩm xuất sắc nhất của nhà văn Nguyễn Xuân Khánh: Chuyện ngõ nghèo (TB),119000,119000,0,0.0,0,0,Nguyễn Xuân Khánh,Nhã Nam,Nhà Xuất Bản Hội Nhà Văn,,,,,HỆ THỐNG NHÀ SÁCH ABC,available,1000.0,True,True,True
48630665,Combo 3 cuốn Bàn có 5 chỗ ngồi + Quán gò đi lên + Thằng quỷ nhỏ,296500,296500,0,5.0,2,14,Nguyễn Nhật Ánh,NXB Trẻ,NXB Trẻ,,Bìa mềm,,,AHABOOKS,available,1000.0,True,True,True
43864383,Miền Nam sống đẹp,79000,79000,0,0.0,0,2,Vũ Đức Sao Biển,-,,,Bìa mềm,,2019-11-28,Nhà sách NetaBooks,available,1000.0,True,True,True
22366924,Truyện ngắn đặc sắc 2019,76000,76000,0,3.7,3,65,.,Nhà Sách 30 Hàn Thuyên,,,Bìa mềm,300.0,2019-06-30,Nhà sách 30 Hàn Thuyên,available,1000.0,True,True,True
3213013,Sách Một Tháng Ở Nam Kỳ,73000,99000,26,4.6,9,272,Phạm Quỳnh,Alpha Books,Nhà Xuất Bản Hội Nhà Văn,,Bìa mềm,157.0,,Tiki Trading,available,1000.0,False,True,True
3048355,Sách Nhà (Tái Bản),87200,109000,20,5.0,44,651,Nguyễn Bảo Trung,Saigon Books,,,Bìa mềm,208.0,,Nhà sách Fahasa,available,1000.0,True,True,True
2363053,Sách Số Đỏ (Tái Bản 2018),41700,60000,31,5.0,1,89,Vũ Trọng Phụng,Đinh Tị,Nhà Xuất Bản Văn Học,,Bìa mềm,236.0,2018-01-01,Tiki Trading,available,1000.0,False,True,True
2000705,Sách Vẩn Vơ Nơi Ga Xép,68400,72000,5,0.0,0,0,Nguyễn Công Thắng,NXB Trẻ,,,Bìa mềm,244.0,2018-04-23,Nhà sách Fahasa,available,1000.0,True,True,True
1860495,Sách Beloved Oxford (Tái Bản 2018),82000,110000,25,4.8,65,853,Dương Thụy,NXB Trẻ,NXB Trẻ,,Bìa mềm,348.0,2018-01-01,Tiki Trading,available,1000.0,False,True,True
555992,Sách Gió Heo May Đã Về…(Tái Bản 2016),37000,45000,18,5.0,33,626,Đỗ Hồng Ngọc,NXB Tổng Hợp,Nhà Xuất Bản Tổng hợp TP.HCM,,Bìa mềm,125.0,2016-06-24,Tiki Trading,available,1000.0,False,True,True
543195,Truyện Kiều (Bình Giải - Chú Thích - Minh Họa),19000,20000,5,2.5,2,208,Nguyễn Du,Hiệu sách 337,,,Bìa mềm,215.0,2014-09-14,Chính Thông,available,1000.0,True,True,True
451293,Sách Tôi Là Bêtô (Tái Bản 2015),85000,85000,0,0.0,0,2,Nguyễn Nhật Ánh,NXB Trẻ,NXB Trẻ,,Bìa mềm,229.0,2015-09-06,HỆ THỐNG NHÀ SÁCH ABC,available,1000.0,True,True,True
350300,Truyện Ngắn Hay 2010 - 2011,40900,45000,9,5.0,3,17,.,Pandabooks,,,Bìa mềm,248.0,2011-01-19,Nhà sách Fahasa,available,1000.0,True,True,True
279250986,Sách - Đám Trẻ Ở Đại Dương Đen (Tái Bản 2026),101100,119000,15,0.0,0,0,nhieu tac gia,AZ Việt Nam,Nhà Xuất Bản Thế Giới,,Bìa mềm,,2023-12-21,Nhà sách Fahasa,available,1000.0,True,True,True
279237012,Sách - Ngày Hôm Nay Thế Nào?,74700,90000,17,0.0,0,1,Thái Hưng,NXB Trẻ,NXB Trẻ,,Bìa mềm,172.0,,Nhà Xuất Bản Trẻ,available,1000.0,True,True,True
279078918,Sách - Chí Phèo (Tái Bản 2025),40000,50000,20,0.0,0,0,Nam Cao,Minh Long,Nhà Xuất Bản Văn Học,,Bìa mềm,,2023-12-21,Nhà sách Fahasa,available,1000.0,True,True,True
279073467,Đi về phía nắng đón những ngày xanh (sách song ngữ Anh Việt),200000,200000,0,0.0,0,0,ThS. Trương Chấn Sang,Đông Tây,Nhà Xuất Bản Dân Trí,,Bìa mềm tay gấp,255.0,2026-01-10,Đông Tây,available,1000.0,True,True,True
278830693,Sách - Chầm Chậm Trưởng Thành Thong Dong Rực Rỡ,109000,109000,0,0.0,0,1,nhieu tac gia,AZ Việt Nam,Nhà Xuất Bản Văn Học,,Bìa mềm,,2023-12-21,Bamboo Books,available,1000.0,True,True,True
278598885,Sách Viết Cho Những Điều Bé Nhỏ - Ô Cửa Và Vùng Trời,42750,45000,5,0.0,0,3,Hoàng Khánh Duy,Nhà Xuất Bản Kim Đồng,Nhà Xuất Bản Kim Đồng,,Bìa mềm,204.0,,Tiki Trading,available,1000.0,False,True,True
278508146,Ohso - Cuộc Cách Mạng Hướng Nội (CT),143650,169000,15,0.0,0,0,Ohso,Cty Chính Thông,Nhà Xuất Bản Đà Nẵng,,Bìa mềm,364.0,,Văn Lang Official Store,available,1000.0,True,True,True
278508020,Giới Bản Khất Sĩ Tân Tu - Nghi Thức Tụng Giới Nữ Khất Sĩ - Thích Nhất Hạnh (PNB),111250,125000,11,0.0,0,0,Thích Nhất Hạnh,Phương Nam Book,Nhà Xuất Bản Thế Giới,,Bìa mềm,323.0,,Văn Lang Official Store,available,1000.0,True,True,True
278229328,Sách - Nếp Nhà - Từ Gốc Rễ Đến Ngọn Gió,191200,239000,20,0.0,0,4,Nguyễn Hồng Phương,Saigon Books,Nhà Xuất Bản Hội Nhà Văn,,Bìa mềm,,2023-12-21,Nhà sách Fahasa,available,1000.0,True,True,True
277926675,"Combo 3 cuốn sách Lời Chỉ Dẫn Của Vũ Trụ + Chưa Kịp Lớn Đã Phải Trưởng Thành + Đợi Mưa, Đợi Gió, Đợi Bình An",127920,164000,22,0.0,0,0,,Công Ty Cổ Phần Time Books,NXB Dân Trí,,Bìa mềm,224.0,,SÁCH TIMEBOOKS,available,1000.0,True,True,True
276906494,Tạp chí Văn Nghệ TP Hồ Chí Minh bộ 4 cuốn (số 149 - 152),80000,80000,0,5.0,1,4,,Công ty TNHH Không Gian Sống Media,Công ty TNHH Không Gian Sống Media,,Bìa mềm,,,Kiến Trúc và Đời Sống,available,1000.0,True,True,True
276412000,Nếp cũ- Toan Ánh (Bộ 9 cuốn),1999000,1999000,0,0.0,0,0,Toan Ánh,Công ty Cổ phần Xuất bản Trẻ,NXB Trẻ,,"Bìa mềm, bìa áo + bìa keo",3000.0,2024-10-18,HỆ THỐNG NHÀ SÁCH ABC,available,1000.0,True,True,True
275903871,"Sách Những Khi Hạnh Phúc, Những Lúc Vỡ Tan",138000,159000,13,5.0,9,79,Kulzsc,Công Ty TNHH Văn Hóa Và Truyền Thông Skybooks Việt Nam,Nhà Xuất Bản Phụ Nữ Việt Nam,,Bìa mềm,208.0,,Tiki Trading,available,1000.0,False,True,True
275329628,[Bìa cứng] NGUYỄN HUY THIỆP – TƯỚNG VỀ HƯU và những truyện ngắn khác - NXB Trẻ,360000,360000,0,0.0,0,0,,NXB Trẻ,NXB Trẻ,,,,,HỆ THỐNG NHÀ SÁCH ABC,available,1000.0,True,True,True
273868598,Nửa Đời Còn Lại (Tái Bản 2020) - Bìa Cứng,119000,140000,15,4.8,5,24,Vương Hồng Sển,Nhà xuất bản Tổng hợp TP.HCM ,Nhà Xuất Bản Tổng hợp TP.HCM,,,,,NXB TỔNG HỢP,available,1000.0,True,True,True
273839992,Lá Thư Dưới Gối,66200,69000,4,0.0,0,10,,Nhà xuất bản Tổng hợp TP.HCM ,NXB Tổng Hợp Thành Phố Hồ Chí Minh,,Bìa mềm,188.0,,TYMBooks,available,1000.0,True,True,True
273281830,Cuối Con Đường Sẽ Gặp Một Người Thương - Tặng Kèm Bookmark,88500,108000,18,5.0,5,68,Trí,AZ Việt Nam,Nhà Xuất Bản Văn Học,,,,,Nhà sách Fahasa,available,1000.0,True,True,True
273270578,Không Có Từ Dễ Dàng Trong Thế Giới Người Lớn - TIME,68000,68000,0,5.0,2,9,,Timebooks,Nhà Xuất Bản Thế Giới,,Bìa mềm,152.0,,NewShop Official,available,1000.0,True,True,True
273179918,Sách Nhật Ký Mất Tích Của Tôi,134400,178000,24,5.0,2,29,Camilla Grebe,Nhà xuất bản Phụ Nữ Việt Nam,Nhà Xuất Bản Phụ Nữ Việt Nam,,Bìa mềm,452.0,,Tiki Trading,available,1000.0,False,True,True
270716997,Sách Ngày Ấy Đã Qua,44000,65000,32,0.0,0,1,,NXB Lao Động,Nhà Xuất Bản Lao Động,,Bìa mềm,103.0,,Tiki Trading,available,1000.0,False,True,True
263679085,Tình Cát (Giải Sách Hay 2017 - Văn Học Tiểu Thuyết),69000,69000,0,0.0,0,0,Nguyễn Quang Lập,Phương Nam Book,Nhà Xuất Bản Hội Nhà Văn,,Bìa mềm,312.0,,SÁCH ĐẠI NAM,available,1000.0,True,True,True
263558377,Sách Văn Học Tuổi Hoa - Căn Cước U Minh,50000,50000,0,0.0,0,0,Nguyễn Chí Ngoan,Kim Đồng,Nhà Xuất Bản Kim Đồng,,Bìa mềm,220.0,2023-06-17,Bamboo Books,available,1000.0,True,True,True
253685521,Có Gì Đâu Mà Buồn,58650,69000,15,0.0,0,0,Văn học trẻ tuyển chọn,Nhà xuất bản Tổng hợp TP.HCM ,Nhà Xuất Bản Tổng hợp TP.HCM,,,,,NXB TỔNG HỢP,available,1000.0,True,True,True
253182340,Ấn bản giới hạn Đôi lứa xứng đôi - Nửa đêm - Cười ,1200000,1200000,0,0.0,0,10,Nam Cao,Công Ty Cổ Phần Văn Hóa Đông A,Nhà Xuất Bản Văn Học,,Bìa Da Công Nghiệp Microfiber,292.0,2023-05-04,Đông A Books Official,available,1000.0,True,True,True
251550462,Bút Máu,89000,89000,0,0.0,0,2,Vũ Hạnh,Nhà xuất bản Tổng hợp TP.HCM ,Nhà Xuất Bản Tổng hợp TP.HCM,,Bìa mềm,,,NXB TỔNG HỢP,available,1000.0,True,True,True
249773423,Sách Ai Cũng Cần Một Khoảng Trời Bình Yên,82000,118000,31,5.0,2,12,Quốc Thái,VanLangBooks,Nhà Xuất Bản Hồng Đức,,Bìa mềm,257.0,2023-04-01,Tiki Trading,available,1000.0,True,True,True
217536282,"Sách CẢM ƠN NGƯỜI ĐẾN, CHẲNG TIẾC NGƯỜI ĐI",93750,125000,25,5.0,6,65,Tiểu Quỹ,Blue.Books,Nhà Xuất Bản Văn Học,,Bìa mềm,328.0,2023-02-14,Tiki Trading,available,1000.0,False,True,True
199739996,Sách Triệu Dấu Chân Qua Những Cửa Ô,101200,160000,37,4.8,13,159,Nguyễn Trương Quý,Nhã Nam,Nhà Xuất Bản Phụ Nữ,,Bìa mềm,388.0,2022-10-10,Tiki Trading,available,1000.0,False,True,True
198335043,Sách Khúc Dạ Hành Và Những Lời Chưa Nói,145000,185000,22,5.0,6,64,Riku Onda,Huy Hoàng Bookstore,Nhà Xuất Bản Phụ Nữ Việt Nam,,Bìa mềm,468.0,2022-09-09,Tiki Trading,available,1000.0,False,True,True
172949808,Gió Lạnh Đầu Mùa (Tập Truyện Ngắn). Tái bản 2022,56000,56000,0,0.0,0,0,,Minh Long,Nhà Xuất Bản Văn Học,,,,,Nhà Sách Vĩnh Thụy,available,1000.0,True,True,True
170094961,Sách Thích Cậu Nốt Hôm Nay,79200,99000,20,5.0,47,257,mei,Skybooks,Nhà Xuất Bản Phụ Nữ Việt Nam,,Bìa mềm,176.0,2022-03-21,Tiki Trading,available,1000.0,False,True,True
160553104,Nguyễn Nhật Ánh - Thiên Thần Nhỏ Của Tôi,82000,82000,0,0.0,0,1,,NXB Trẻ,NXB Trẻ,,,,,Hiệu Sách Tự Do,available,1000.0,True,True,True
10638274,Sách Góc Phố,88300,93000,5,0.0,0,2,Mai Hương,NXB Trẻ,,,Bìa mềm,248.0,2019-02-01,Nhà sách Fahasa,available,1000.0,True,True,True
10606008,Sách Trôi Trên Dòng Thời Gian Trắng Xóa,28500,30000,5,5.0,1,13,Nhụy Nguyên,Công Ty TNHH TM - DV Chính Thông,Nhà Xuất Bản Hồng Đức,,Bìa mềm,203.0,2019-02-01,Chính Thông,available,1000.0,True,True,True
8014490,Sách Mạt Cưa Rượu Trắng Đường Vàng,65600,82000,20,5.0,1,13,Nguyễn Trí,NXB Phụ Nữ Việt Nam,,,Bìa mềm,,2018-12-06,Nhà sách Fahasa,available,1000.0,True,True,True
1519261,Sách Ngoại Tình,117000,117000,0,0.0,0,0,Song Hà,1980 Books,Nhà Xuất Bản Phụ Nữ,,Bìa mềm,280.0,2018-01-02,HỆ THỐNG NHÀ SÁCH ABC,available,1000.0,True,True,True
571636,Sách Việt Nam Phong Tục (Tái Bản),87500,87500,0,0.0,0,7,Phan Kế Bính,Nhà sách Minh Thắng,,,Bìa mềm,440.0,2017-03-30,Phương Đông Books,available,1000.0,True,True,True
524796,Sách Tuyển Tập Nam Cao (Minh Thắng),107000,108100,1,5.0,8,39,Nam Cao,Nhà sách Minh Thắng,,,Bìa mềm,592.0,2016-07-13,Minhhabooks,available,1000.0,True,True,True
395976,Sách Một Lít Nước Mắt (Tái Bản 2014),80000,80000,0,0.0,0,0,Kito Aya,Nhã Nam,Nhà Xuất Bản Văn Nghệ TP.HCM,,Bìa mềm,289.0,2014-04-23,info book,available,1000.0,True,True,True
364196,Tủ Sách Triết Học Phương Đông: Lão Tử Tinh Hoa,85000,85000,0,1.0,1,1,Thu Giang - Nguyễn Duy Cần,NXB Trẻ,NXB Trẻ,,Bìa mềm,216.0,2013-03-31,Hiệu Sách Tự Do,available,1000.0,True,True,True
279286683,Sách - Tiệm Bánh Hoa Mặt Trời,106200,125000,15,0.0,0,0,nhieu tac gia,Phụ Nữ,Nhà Xuất Bản Phụ Nữ,,Bìa mềm,,2023-12-21,Nhà sách Fahasa,available,1000.0,True,True,True
279274778,Sách - Nếu Cả Đời Này Mình Không Rực Rỡ Thì Sao? - Tặng Kèm Bookmark,83600,88000,5,0.0,0,1,nhieu tac gia,Skybooks,Nhà Xuất Bản Phụ Nữ,,Bìa mềm,,2023-12-21,Nhà sách Fahasa,available,1000.0,True,True,True
279235142,Sách - Về Nhà Nhặt Nắng Trong Vườn,85500,95000,10,0.0,0,0,Tú.,Skybooks,Nhà Xuất Bản Phụ Nữ Việt Nam,,Bìa mềm,168.0,,Nhân Văn,available,1000.0,True,True,True
279089893,Sách - Cánh buồm nâu thuở ấy (Nguyễn Huy Thiệp) (Nhã Nam Official),180400,205000,12,0.0,0,4,Nguyễn Huy Thiệp,Nhã Nam,Nhà Xuất Bản Hội Nhà Văn,,Bìa mềm,323.0,,Nhã Nam Official,available,1000.0,True,True,True
279017947,Sách - Kẻ Tử Tế Độc Hại,186000,209000,11,0.0,0,0,Higashino Keigo,1980 Books,Nhà Xuất Bản Hà Nội,,Bìa mềm,,2023-12-21,Nhà sách Fahasa,available,1000.0,True,True,True
277966806,Sách - Combo 3 Cuốn:  Cô Đơn Là Một Món Quà + Ngược Dòng Yêu Thương + Tạm Biệt Nhé Tổn Thương - SBOOKS,347000,354000,2,0.0,0,2,,SBOOKS,Nhà Xuất Bản Văn Học,,Bìa mềm,668.0,2025-05-13,SBOOKS OFFICIAL,available,1000.0,True,True,True
277418303,Sách Tô Màu Chữa Lành - Chưa Kịp Lớn Đã Phải Trưởng Thành - Tô Màu Cuộc Sống - TIME,89000,89000,0,0.0,0,1,,Công Ty Cổ Phần Time Books,Nhà Xuất Bản Thế Giới,,Bìa mềm,80.0,,NewShop Official,available,1000.0,True,True,True
276243775,Trên Đỉnh Giời - Y Ban – Tao Đàn ,191000,199000,4,0.0,0,6,,Tao Đàn,Nhà Xuất Bản Phụ Nữ Việt Nam,,Bìa mềm,,,BÌNH BÁN BOOK,available,1000.0,True,True,True
276060361,Đừng Khóc Trước Khi Ngủ - Tặng Kèm Bookmark,112000,112000,0,0.0,0,0,,AZ Việt Nam,Nhà Xuất Bản Hà Nội,,,216.0,,NHBook,available,1000.0,True,True,True
275946530,Sách Chúng Ta Của Sau Này Không Có Chúng Ta,91000,105000,13,4.3,4,27,Dã Tử,BeU Books,Nhà Xuất Bản Thanh Niên,,Bìa mềm,224.0,,Tiki Trading,available,1000.0,False,True,True
274857134,Sách - Không Ai Qua Sông (Tái Bản 2022) - Nguyễn Ngọc Tư,96000,100000,4,0.0,0,2,Nguyễn Ngọc Tư,NXB Trẻ,NXB Trẻ,,Bìa mềm,170.0,,Nhân Văn,available,1000.0,True,True,True
273868562,Thơ Hồ Thế Hà & Giấc Mơ Cỏ Hát,85000,100000,15,0.0,0,0,Hoàng Thụy Anh,Nhà xuất bản Tổng hợp TP.HCM ,Nhà Xuất Bản Tổng hợp TP.HCM,,,,,NXB TỔNG HỢP,available,1000.0,True,True,True
272605470,GIỌNG CỦA PHỐ,140000,140000,0,0.0,0,0,,NXB Trẻ,NXB Trẻ,,,,,Nhà Sách Vĩnh Thụy,available,1000.0,True,True,True
263107308,Tướng Về Hưu Và Những Truyện Khác (Bản Đặc Biệt),360000,360000,0,0.0,0,0,,Bloomsbury Childrens - NXB Trẻ,NXB Trẻ,,,,,Nhà Sách Vĩnh Thụy,available,1000.0,True,True,True
253277262,Sách Con Đường Bay Qua Lằn Ranh Sinh Diệt,140000,180000,22,5.0,1,30,Nguyễn Phúc Bửu Sum,Tao Đàn,Nhà Xuất Bản Hội Nhà Văn,,Bìa mềm,244.0,2023-05-05,Tiki Trading,available,1000.0,False,True,True
248538034,"Combo 2Q: Dear, Darling + Tạm Biệt Tôi Của Nhiều Năm Về Trước (Sách Chữa Lành Tâm Hồn) ",164500,164500,0,0.0,0,0,,AZ Việt Nam,Nhiều Nhà Xuất Bản,,,,,AHABOOKS,available,1000.0,True,True,True
217271931,	Gen Z Tập Lớn _AZ,99000,99000,0,0.0,0,0,Hoàng Phương Linh,AZ Việt Nam,Nhà Xuất Bản Thế Giới,,Bìa mềm,192.0,,Bamboo Books,available,1000.0,True,True,True
212468186,Sách Đôi Lứa Xứng Đôi - Nửa Đêm - Cười (Bìa Cứng),281000,360000,22,4.8,11,51,Nam Cao,Công Ty Cổ Phần Văn Hóa Đông A,Nhà Xuất Bản Dân Trí,,Bìa cứng,300.0,2022-12-12,Tiki Trading,available,1000.0,False,True,True
201703268,Tản Mạn Bóng Đá Hà Thành,256000,256000,0,5.0,2,4,Hồ Công Thiết,Tri Thức Trẻ Books,Nhà Xuất Bản Thông Tin Và Truyền Thông,,Bìa mềm,308.0,2022-10-11,Tri Thức Trẻ Books,available,1000.0,True,True,True
201385762,Sách - Mình cần nói chuyện về KeVin ( Bách Việt ),168000,168000,0,0.0,0,1,,Bách Việt,Nhà Xuất Bản Thanh Niên,,,,,Bamboo Books,available,1000.0,True,True,True
186881705,BOXSET NGUYỄN NHẬT ÁNH- THỜI THƠ ẤU DÀI LÂU – XANH NGỌT NGÀO - 24 CUỐN ( Tặng Sổ Tay),2450000,2450000,0,5.0,4,35,Nguyễn Nhật Ánh,NXB Trẻ,NXB Trẻ,,Box,,,NHBook,available,1000.0,True,True,True
186743239,Combo 2 cuốn: Đại Dương Đen - Những Câu Chuyện Từ Thế Giới Của Trầm Cảm + Ở Quán Cà Phê Của Tuổi Trẻ Lạc Lối (Tái Bản),297350,313000,5,0.0,0,1,,Nhiều công ty phát hành,Nhiều Nhà Xuất Bản,,,,,SÁCH ĐẠI NAM,available,1000.0,True,True,True
185024834,Trần Triều nhàn thoại – Truyện ngắn dã sử,119000,119000,0,5.0,2,9,Đồng Lạc,Công Ty TNHH Sách Và Truyền Thông Việt Nam,Nhà Xuất Bản Hội Nhà Văn,,,286.0,,Nhà sách NetaBooks,available,1000.0,True,True,True
159779840,Combo 2 Cuốn sách: Con Chó Nhỏ Mang Giỏ Hoa Hồng + Cánh Đồng Bất Tận,173000,173000,0,0.0,0,0,,NXB Trẻ,NXB Trẻ,,,,,HỆ THỐNG NHÀ SÁCH ABC,available,1000.0,True,True,True
143858321,Sách Tên Cô Ấy Là,99360,138000,28,4.8,42,248,Cho Nam Joo,Nhã Nam,Nhà Xuất Bản Hà Nội,,Bìa mềm,260.0,2021-11-11,Tiki Trading,available,1000.0,False,True,True
100023518,Bí Mật Của Bóng Tối (Tập Truyện Ngắn),47000,65000,28,4.5,2,39,Đinh Thành Trung,NXB Trẻ,NXB Trẻ,,Bìa mềm,166.0,2021-05-01,Tiki Trading,available,1000.0,False,True,True
54638708,Sách Hà Nội 36 Phố Phường,65000,65000,0,0.0,0,0,Thạch Lam,Trí Việt,Nhà Xuất Bản Văn Học,,Bìa mềm,312.0,,SÁCH ĐẠI NAM,available,1000.0,True,True,True
50416098,"Sách Ma Bùn, Lưu Manh Và Những Câu Chuyện Khác Của Nguyễn Trí",80700,85000,5,5.0,1,12,Nguyễn Trí,NXB Trẻ,NXB Trẻ,,Bìa mềm,240.0,2020-01-01,Nhà sách Fahasa,available,1000.0,True,True,True
41556498,"Tác Phẩm Kinh Điển: Thiên Tài Bên Trái, Kẻ Điên Bên Phải / Sách Văn Học Hay (Tặng Kèm Bookmark Thiết Kế Bookmark Happy Life)",179000,179000,0,0.0,0,0,Cao Minh,AZ Việt Nam,,,Bìa mềm,,,Nhà Sách Vĩnh Thụy,available,1000.0,True,True,True
22254704,Truyện ngắn Nhất Linh,40000,80000,50,4.6,9,63,Nhất Linh,Khang Việt Book,Nhà Xuất Bản Văn Học,,Bìa mềm,220.0,2018-06-26,khangvietbook,available,1000.0,True,True,True
11713956,Uẩn khúc,44000,44000,0,0.0,0,4,Kim Quý,Nhà Sách 30 Hàn Thuyên,,,Bìa mềm,136.0,,Nhà sách 30 Hàn Thuyên,available,1000.0,True,True,True
11259249,Sách Chuyện Đàn Bà,52800,88000,40,4.5,2,66,An,Alphabooks,Nhà Xuất Bản Thế Giới,,Bìa mềm,204.0,2019-03-01,Tiki Trading,available,1000.0,False,True,True
1816795,Sách Phố Phở Phố Có Nhà To,66500,70000,5,5.0,3,17,Nguyễn Ngọc Tiến,NXB Trẻ,,,Bìa mềm,236.0,2018-01-01,Nhà sách Fahasa,available,1000.0,True,True,True
1739195,Sách Những Mối Tình Câm,28700,46000,38,4.8,4,69,Phong Điệp,NXB Phụ Nữ Việt Nam,,,Bìa mềm,176.0,2018-04-01,Tiki Trading,available,1000.0,False,True,True
1629787,Sách Trúng Số (Tái Bản),108000,120000,10,5.0,1,6,Song Hà,1980 Books,Nhà Xuất Bản Văn Học,,Bìa mềm,268.0,2018-03-13,Nhà sách Fahasa,available,1000.0,True,True,True
549084,Sách Thi Nhân Việt Nam (Bìa Cứng),93500,93500,0,0.0,0,0,Hoài Thanh,Nhà sách Minh Thắng,,,Bìa cứng,416.0,2016-10-01,AHABOOKS,available,1000.0,True,True,True
521191,Sách Sen (Phiên Bản Bìa Đen) - Tái Bản 2018,62000,89000,30,4.3,23,1980,Nguyễn Bảo Trung,Bão,,,Bìa mềm,204.0,2016-07-05,Tiki Trading,available,1000.0,False,True,True
478448,Bún Chả (Tập Truyện Ngắn),34000,52000,35,0.0,0,67,Ninh Kiều,NXB Phụ Nữ Việt Nam,,,Bìa mềm,200.0,2016-03-14,Tiki Trading,available,1000.0,False,True,True
444758,Sách Thi Nhân Việt Nam,68000,68000,0,4.8,6,109,Hoài Thanh,Nhà sách Hàn Thuyên,,,Bìa mềm,415.0,2015-08-17,Nhà sách 30 Hàn Thuyên,available,1000.0,True,True,True
322262,"Sách Bánh Mì Thơm, Cà Phê Đắng",58100,70000,17,0.0,0,3,Ngô Thị Giáng Uyên,NXB Trẻ,NXB Trẻ,,,156.0,2010-07-16,Nhà Xuất Bản Trẻ,available,1000.0,True,True,True
278620579,Sách - Đàn Bà Uống Rượu (Tái Bản 2025),110400,120000,8,0.0,0,4,Nguyễn Việt Hà,NXB Trẻ,NXB Trẻ,,Bìa mềm,,2023-12-21,Nhà sách Fahasa,available,1000.0,True,True,True
278603303,Thời sự và Suy ngẫm - Mai Quốc Liên (bìa cứng),73150,77000,5,0.0,0,1,Mai Quốc Liên,An Nam Books,Nhà Xuất Bản Văn Học,,Bìa cứng,329.0,2023-09-14,SÁCH ĐẠI NAM,available,1000.0,True,True,True
278456233,Sách Những Ước Mơ Không Lớn,88000,109000,19,0.0,0,2,Phượng Thy,Blue.Books,Nhà Xuất Bản Văn Học,,Bìa mềm,200.0,2025-08-02,Tiki Trading,available,1000.0,False,True,True
278139970,Sách - Tủ Sách Văn Học Trong Nhà Trường - Truyện Ngắn Lê Minh Khuê,57000,60000,5,5.0,1,7,Lê Minh Khuê,Nhà Xuất Bản Kim Đồng,Nhà Xuất Bản Kim Đồng,,Bìa mềm,,2023-12-21,Nhà sách Fahasa,available,1000.0,True,True,True
277751099,"Combo sách Đợi Mưa, Đợi Gió + A Hug For Not Giving Up + Dáng Vẻ Nỗ Lực Của Chính Mình + Công Bằng Trên Đời",138840,178000,22,0.0,0,0,,Công Ty Cổ Phần Time Books,NXB Dân Trí,,Bìa mềm,248.0,,SÁCH TIMEBOOKS,available,1000.0,True,True,True
277598361,Bức nude thứ 9,92000,92000,0,0.0,0,0,Tống Ngọc Hân,Liên Việt,Nhà Xuất Bản Hội Nhà Văn,,Bìa mềm,290.0,2023-09-01,SÁCH ĐẠI NAM,available,1000.0,True,True,True
276906492,Tạp chí Văn Nghệ TP Hồ Chí Minh bộ 4 cuốn (số 145 - 148),80000,80000,0,0.0,0,4,nhieu tac gia,Công ty TNHH Không Gian Sống Media,Công ty TNHH Không Gian Sống Media,,Bìa mềm,,,Kiến Trúc và Đời Sống,available,1000.0,True,True,True
276458803,Người Là Đóa Sen Đẹp Nhất Chốn Phàm Trần,168000,168000,0,0.0,0,0,Hạ Phong Nhan,NXB Văn Học,Nhà Xuất Bản Văn Học,,Bìa mềm,348.0,,Nhà Sách Phương Nam,available,1000.0,True,True,True
276259715,Ngày Mai Của Những Ngày Mai,115000,120000,4,5.0,1,8,Nguyễn Ngọc Tư,NXB Trẻ,NXB Trẻ,,Bìa mềm,192.0,,Nhân Văn,available,1000.0,True,True,True
276165762,Combo 4 cuốn Sách Gửi Cậu Một Cái Ôm Vì Đã Không Bỏ Cuộc + Chưa Kịp Lớn Đã Phải Trưởng Thành 1 + 2 + Công Bằng Trên Đời Là Do Bạn Nỗ Lực Giành Lấy,123240,158000,22,0.0,0,2,The Phan Tóc Quoăn,Công Ty Cổ Phần Time Books,Nhà Xuất Bản Hà Nội,,Bìa mềm,256.0,,SÁCH TIMEBOOKS,available,1000.0,True,True,True
275903947,Sách Người Là Đoá Sen Đẹp Nhất Chốn Phàm Trần,134400,168000,20,5.0,4,26,Hạ Phong Nhan,Blue.Books,Nhà Xuất Bản Văn Học,,Bìa mềm,348.0,,Tiki Trading,available,1000.0,False,True,True
275826665,Có Lẽ Tôi Cần Một Con Mèo,109000,109000,0,0.0,0,0,Phạm Minh Mẫn,Nhà xuất bản Tổng hợp TP.HCM ,Nhà Xuất Bản Tổng hợp TP.HCM,,Bìa mềm,240.0,2024-08-01,Nhà sách NetaBooks,available,1000.0,True,True,True
275149292,Cơn mưa bên hồ nước bí mật - Phạm Giai Quỳnh,103550,109000,5,0.0,0,3,,An Nam Books,Nhà Xuất Bản Văn Học,,Bìa mềm,196.0,2024-05-09,SÁCH ĐẠI NAM,available,1000.0,True,True,True
274024204,Văn Minh Trà Việt – Trịnh Quang Dũng,390000,390000,0,0.0,0,0,Trịnh Quang Dũng,Nhà xuất bản Phụ Nữ Việt Nam,Nhà Xuất Bản Phụ Nữ Việt Nam,,,,,info book,available,1000.0,True,True,True
272646517,Đường Mây Trên Đất Hoa,116350,116350,0,0.0,0,0,,First News - Trí Việt,NXB Tổng Hợp Thành Phố Hồ Chí Minh,,,,,AHABOOKS,available,1000.0,True,True,True
271331684,(Bìa Cứng) NGÔI TRƯỜNG MỌI KHI (Bản Đặc Biệt) - Nguyễn Nhật Ánh - (bìa mềm),580000,580000,0,0.0,0,2,Nguyễn Nhật Ánh,NXB Trẻ,Nhà Xuất Bản Tổng hợp TP.HCM,,Bìa cứng,304.0,2023-08-01,Nhà sách NetaBooks,available,1000.0,True,True,True
271199898,Truyện của Nguyễn Nhật Ánh - Đi qua hoa cúc,105000,105000,0,0.0,0,0,Nguyễn Nhật Ánh,NXB Trẻ,NXB Trẻ,,Bìa mềm,,,info book,available,1000.0,True,True,True
270747600,Đám Trẻ Ở Đại Dương Đen,99000,99000,0,0.0,0,1,Châu Sa Đáy Mắt,NXB Thế Giới,Nhà Xuất Bản Thế Giới,,Bìa mềm,280.0,,Nhà Sách Phương Nam,available,1000.0,True,True,True
263560789,Gió Nổi Lên - Ngô Làng Mộng Mơ,159000,159000,0,0.0,0,2,,PHANBOOK,Nhà Xuất Bản Hội Nhà Văn,,Bìa mềm,211.0,2023-06-23,Nhà sách NetaBooks,available,1000.0,True,True,True
263103672,Hà Nội trong mắt một người. Lan man nghìn năm phố,91300,110000,17,0.0,0,2,,Bloomsbury Childrens - NXB Trẻ,NXB Trẻ,,,,,Nhà Xuất Bản Trẻ,available,1000.0,True,True,True
252794986,Sách Hành Trình Yêu,158000,158000,0,0.0,0,0,,Nhã Nam,Nhà Xuất Bản Thế Giới,,,,,Bamboo Books,available,1000.0,True,True,True
250020176,Tuyển Tập Thạch Lam (Tái Bản 2023),93500,110000,15,0.0,0,4,Thạch Lam,Nhà sách Minh Thắng,Nhà Xuất Bản Văn Học,,,,,Nhà sách Fahasa,available,1000.0,True,True,True
248757198,BOXSET NGUYỄN NHẬT ÁNH- THỜI THƠ ẤU DÀI LÂU – XANH NGỌT NGÀO - 24 CUỐN,2450000,2450000,0,0.0,0,0,Nguyễn Nhật Ánh,NXB Trẻ,NXB Trẻ,,Box,5000.0,2023-03-01,FishingBook,available,1000.0,True,True,True
248594239,"Dại Khờ, Đau Đớn, Mong Manh",169000,169000,0,0.0,0,0,Sumino Yoru,Nhã Nam,Nhà Xuất Bản Phụ Nữ,,Bìa mềm,370.0,,FishingBook,available,1000.0,True,True,True
247858579,Sách Nuốt Ngược Nước Mắt Để Trưởng Thành Hơn,135000,135000,0,0.0,0,1,Tiểu Quỹ,Blue.Books,Nhà Xuất Bản Văn Học,,Bìa mềm,340.0,2023-03-01,Nhà sách NetaBooks,available,1000.0,True,True,True
216007459,Những Chàng Trai Xấu Tính,85000,85000,0,0.0,0,0,,NXB Trẻ,NXB Trẻ,,,,,HỆ THỐNG NHÀ SÁCH ABC,available,1000.0,True,True,True
215727602,Những tản văn suýt bị bỏ quên của Bọ Lập - Tác giả Nguyễn Quang Lập - đến câu hát cũng hai lần sàng lại,98000,98000,0,0.0,0,0,,Sách điện tử Saigon Books,Nhà Xuất Bản Hội Nhà Văn,,,,,HỆ THỐNG NHÀ SÁCH ABC,available,1000.0,True,True,True
204000460,Truyện Nôm Khuyết Danh - Truyện Lục Súc Tranh Công - Trê Cóc_HA,35000,35000,0,0.0,0,2,,Nhà Sách Hồng Ân,Nhà Xuất Bản Hội Nhà Văn,,Bìa mềm,,,Bảo Châu Books,available,1000.0,True,True,True
203290223,Bà Đỡ - Đào Tuấn Ảnh,90250,95000,5,0.0,0,1,,NXB Trẻ,NXB Trẻ,,Bìa mềm,,,Cá Chép Bookstore,available,1000.0,True,True,True
194959722,Sách Tôi Vẫn Nghe Tiếng Em Thầm Gọi,51500,75000,31,5.0,19,145,Ichikawa Takuji,Nhã Nam,Nhà Xuất Bản Văn Học,,Bìa mềm,188.0,2022-08-01,Tiki Trading,available,1000.0,False,True,True
181973300,Sách combo 2 cuốn từ điển tiếng em và Cũng là tiếng em mà lạ lắm Tặng bookmark Vadata,138000,138000,0,0.0,0,0,,Công Ty TNHH Văn Hóa Và Truyền Thông Skybooks Việt Nam,Nhà Xuất Bản Phụ Nữ Việt Nam,,,,,SÁCH ĐẠI NAM,available,1000.0,True,True,True
177185444,Những Đêm Sương,110000,110000,0,0.0,0,1,,Nhà Xuất Bản Đại Học Quốc Gia Hà Nội,Nhà Xuất Bản Đại Học Quốc Gia Hà Nội,,,,,Bamboo Books,available,1000.0,True,True,True
173515944,Sách Thất Lạc Cõi Người - Tái Bản Lần 9 (Bìa Mềm),121200,126250,4,5.0,2,38,Dazai Osamu,Phương Nam Book,Nhà Xuất Bản Hội Nhà Văn,,Bìa mềm,271.0,2022-04-07,AHABOOKS,available,1000.0,True,True,True
120183316,Sách - Uống Dòng Suối Núi,89000,89000,0,0.0,0,3,,Thái Hà,Nhà Xuất Bản Thế Giới,,,,,Nhà Sách Vĩnh Thụy,available,1000.0,True,True,True
104799577,Soi gương bắng người,85400,89000,4,5.0,2,10,Việt Linh,Nhà Xuất Bản Văn Hóa - Văn Nghệ,Nhà Xuất Bản Văn Hóa - Văn Nghệ TP.HCM,,Bìa mềm,276.0,2019-06-13,TYMBooks,available,1000.0,True,True,True
76730154,Sách Những Tản Văn Suýt Bị Bỏ Quên Của Bọ Lập (Tản Văn),98000,98000,0,0.0,0,0,Nguyễn Quang Lập,Saigon Books,Nhà Xuất Bản Hội Nhà Văn,,Bìa mềm,200.0,2021-01-01,HỆ THỐNG NHÀ SÁCH ABC,available,1000.0,True,True,True
21487314,TRUYỆN NGẮN KHÁI HƯNG,40000,80000,50,4.1,7,95,Khái Hưng,Khang Việt Book,Nhà Xuất Bản Văn Học,,Bìa mềm,228.0,2018-06-26,khangvietbook,available,1000.0,True,True,True
4104651,Sách Nguyện Của Đêm,50000,62000,19,3.3,3,56,Cao Nguyệt Nguyên,NXB Trẻ,,,Bìa mềm,226.0,2018-08-01,Tiki Trading,available,1000.0,False,True,True
3975017,Sách Vì Thương,99000,120000,18,5.0,5,60,.,Phương Nam Book,,,Bìa mềm,168.0,2018-08-08,Tiki Trading,available,1000.0,False,True,True
3071525,Sách Trên Núi Chớ Tìm Non,113000,129000,12,4.5,5,105,Nguyễn Duy Nhiên,Phương Nam Book,,,Bìa mềm,288.0,,Tiki Trading,available,1000.0,False,True,True
279237182,Cố nhân tình - Việt Chi,139000,146000,5,0.0,0,0,Việt Chi,Tri Thức Trẻ Books,Nhà Xuất Bản Phụ Nữ,,Bìa mềm,204.0,2026-03-16,Tri Thức Trẻ Books,available,1000.0,True,True,True
279165638,"Sách - Từ đường làng ra đại lộ - Tác giả Tèo - Tritthuctrebooks - Khổ sách 14,5*20,5cm",144000,160000,10,0.0,0,0,Tèo,Tri Thức Trẻ Books,Nhà Xuất Bản Văn Học,,Bìa mềm tay gấp,220.0,,Tri Thức Trẻ Books,available,1000.0,True,True,True
278761621,Sách - Chiếc Xe Màu Tím - Tuyển Tập Truyện Ma Edith Nesbit - Tặng Kèm Postcard,77300,85000,9,0.0,0,4,Edith Nesbit,Nhà Xuất Bản Kim Đồng,Nhà Xuất Bản Kim Đồng,,Bìa mềm,,2023-12-21,Nhà sách Fahasa,available,1000.0,True,True,True
278614972,Sách - Tiếng lòng: Những điều cảm xúc đang cố nói với bạn,306000,339000,10,0.0,0,2,Karla Cornejo Villavicencio,Thái Hà,Nhà Xuất Bản Công Thương,,Bìa mềm,668.0,2025-09-08,THAIHABOOKS,available,1000.0,True,True,True
278508167,Nếu Biết Trăm Năm Là Hữu Hạn... (Tái Bản Lần 20) (PNB),212710,239000,11,0.0,0,0,Phạm Lữ Ân,Saigon Books,Nhà Xuất Bản Hội Nhà Văn,,Bìa mềm,187.0,,Văn Lang Official Store,available,1000.0,True,True,True
278508067,Tẩy Tuỷ Kinh (HH),57800,68000,15,0.0,0,0,Bồ Đề Đạt Ma,Huy Hoàng Bookstore,Nhà Xuất Bản Dân Trí,,Bìa mềm,152.0,,Văn Lang Official Store,available,1000.0,True,True,True
277929748,Sách - Trong Rừng Nho (Ngô Tất Tố) -  SBOOKS,136000,138000,1,0.0,0,7,Ngô Tất Tố,SBOOKS,Nhà Xuất Bản Văn Học,,Bìa mềm,260.0,2025-05-08,SBOOKS OFFICIAL,available,1000.0,True,True,True
277138732,Đại dương đen,198000,198000,0,0.0,0,0,Đặng Hoàng Giang,Đông Tây,Nhà Xuất Bản Thế Giới,,Bìa mềm,467.0,2025-01-21,Đông Tây,available,1000.0,True,True,True
276224169,Còn Chồi Nảy Cây,108000,108000,0,0.0,0,0,Làn,NXB Phụ Nữ,Nhà Xuất Bản Phụ Nữ,,Bìa mềm,240.0,,Nhà Sách Phương Nam,available,1000.0,True,True,True
275017817,THƯ CHO EM - Chuyện Tình Tướng Hoàng Đan Và Vợ Qua Lời Kể Con Trai - Hoàng Nam Tiến (bìa mềm),140000,140000,0,0.0,0,1,Hoàng Nam Tiến,Nhã Nam,Nhà Xuất Bản Tổng hợp TP.HCM,,Bìa mềm,312.0,2024-04-01,Nhà Sách Vĩnh Thụy,available,1000.0,True,True,True
274033346,Truyện Ngắn Hay-Một Quyển Phong Hoa Đại Đường,125150,125150,0,0.0,0,0,,AZ Việt Nam,Nhà Xuất Bản Văn Học,,,,,AHABOOKS,available,1000.0,True,True,True
272321520,Sách Văn Học Trong Nhà Trường - Kịch Và Văn,50000,50000,0,0.0,0,0,Nguyễn Huy Tưởng,Nhà Xuất Bản Kim Đồng,Nhà Xuất Bản Kim Đồng,,Bìa mềm,268.0,,Bamboo Books,available,1000.0,True,True,True
271182284,(Combo 2 Cuốn) NHÀ VĂN SƠN NAM (Những Góc Đời Riêng Lạ - Đi Và Nhớ) - (bìa mềm),205000,205000,0,0.0,0,4,"Sơn Nam, nhieu tac gia",NXB Trẻ,Nhà Xuất Bản Tổng hợp TP.HCM,,Bìa mềm,488.0,2023-08-01,NHBook,available,1000.0,True,True,True
217574642,Combo Anh Không Bận Chỉ Là Không Nhớ Em + Nhớ Thương Vẫn Để Ở Trong Lòng + The Journey Of Youth,84000,168000,50,4.5,2,16,"Tuệ Mẫn, Tớ là Mây",Công Ty Cổ Phần Time Books,Nhiều Nhà Xuất Bản,,Bìa mềm,,,NHBook,available,1000.0,True,True,True
212557649,MÁU VÀ TRĂNG - HÀN MẶC TỬ - HÀN MẶC TỬ,120000,120000,0,5.0,1,2,Hàn Mặc Tử, NXB Kim Đồng,Nhà Xuất Bản Kim Đồng,,,,,Bamboo Books,available,1000.0,True,True,True
209603411,Đến Nhật Bản Học Về Cuộc Đời (2022),89100,99000,10,1.0,1,13,Lê Nguyễn Nhật Linh,NXB Trẻ,NXB Trẻ,,,,,Nhà sách Fahasa,available,1000.0,True,True,True
207726226,Và Sao Không Thể Hết Yêu Em? (Tặng Bookmark),88000,88000,0,0.0,0,0,nhieu tac gia,Công Ty TNHH Văn Hóa Và Truyền Thông Skybooks Việt Nam,Nhà Xuất Bản Phụ Nữ Việt Nam,,,,,Nhà Sách Vĩnh Thụy,available,1000.0,True,True,True
206362898,"Drama Nuôi Tôi Lớn, Loài Người Dạy Tôi Khôn",99000,99000,0,0.0,0,1,Pương Pương,Nhà xuất bản Phụ Nữ,Nhà Xuất Bản Phụ Nữ,,Bìa mềm,280.0,,Nhà Sách Phương Nam,available,1000.0,True,True,True
206206025,Còn Chút Gì Để Nhớ (Phiên Bản Màu Đặc Biệt),522500,550000,5,0.0,0,0,,NXB Trẻ,NXB Trẻ,,,,,Cá Chép Bookstore,available,1000.0,True,True,True
204622228,Radio Yêu Thương,127300,134000,5,5.0,1,2,Lan Nhi,Nhà Xuất Bản Kim Đồng,Nhà Xuất Bản Kim Đồng,,,,,Nhà sách Fahasa,available,1000.0,True,True,True
201594528,Người Đi Vắng (Bản Đặc Biệt) (Trẻ),325000,325000,0,0.0,0,0,Nguyễn Bình Phương,NXB Trẻ,Nhà Xuất Bản Đại Học Quốc Gia Hà Nội,,Bìa mềm,316.0,2022-10-05,Nhà Sách Vĩnh Thụy,available,1000.0,True,True,True
201252127,HẠNH PHÚC KHÔNG MỌC TRÊN CÂY - Trần Hữu Đức – Nxb Trẻ (bìa mềm),160000,160000,0,0.0,0,0,,NXB Trẻ,NXB Trẻ,,Bìa mềm,478.0,,Nhà Sách Vĩnh Thụy,available,1000.0,True,True,True
190706490,Sách Những bậc thầy đổi mới (76 bài học truyền cảm hứng từ các nhà đổi mới vĩ đại nhất mọi thời đại),113760,158000,28,4.8,5,80,Paul Sloane,Nhã Nam,Nhà Xuất Bản Dân Trí,,Bìa mềm,388.0,2022-07-01,Tiki Trading,available,1000.0,False,True,True
172949889,Sống Mòn. Tái bản 2022,60000,60000,0,5.0,1,3,,Minh Long,Nhà Xuất Bản Văn Học,,,,,Phương Đông Books,available,1000.0,True,True,True
157195847,Sách Lê La Từ Nhà Ra Ngõ,76230,99000,23,5.0,468,2251,Làn,Skybooks,Nhà Xuất Bản Phụ Nữ Việt Nam,,Bìa mềm,216.0,2022-01-01,Tiki Trading,available,1000.0,False,True,True
148866359,Chia Rẽ - Tại Sao Chúng Ta Đang Sống Trong Thời Đại Của Những Bức Tường,178000,200000,11,5.0,2,27,Tim Marshall,Nhã Nam,Nhà Xuất Bản Dân Trí,,,,,Nhà sách Fahasa,available,1000.0,True,True,True
126595463,Dễ Thương (Truyện),53000,70000,24,5.0,5,76,Đỗ Phương Trang,NXB Trẻ,NXB Trẻ,,Bìa mềm,168.0,2021-09-15,Tiki Trading,available,1000.0,False,True,True
101089459,Mây Vẫn Bay Trên Bầu Trời Thành Phố (Tập Truyện Ngắn),66500,70000,5,5.0,1,5,Hồ Huy Sơn,NXB Tổng Hợp TP. HCM,Nhà Xuất Bản Tổng hợp TP.HCM,,Bìa mềm,196.0,2021-05-01,Nhà sách Fahasa,available,1000.0,True,True,True
87226756,"Sách Những Đêm Không Ngủ, Những Ngày Chậm Trôi",73100,86000,15,4.8,232,942,A Crazy Mind team,Người Trẻ Việt,Nhà Xuất Bản Văn Học,,Bìa mềm,192.0,2021-03-01,Nhà sách Fahasa,available,1000.0,True,True,True
62681001,Sách Và Khi Tro Bụi (Tái Bản 2020),120000,120000,0,0.0,0,0,Đoàn Minh Phượng,Tao Đàn,Nhà Xuất Bản Hội Nhà Văn,,Bìa mềm,175.0,2020-08-26,SÁCH ĐẠI NAM,available,1000.0,True,True,True
58621870,Sách Tuyển Tập Nam Cao (Tái Bản 2020),107000,108100,1,4.6,12,52,Nam Cao,Nhà sách Minh Thắng,Nhà Xuất Bản Văn Học,,Bìa gập,736.0,2020-06-01,Minhhabooks,available,1000.0,True,True,True
51039356,Sách Viết Và Đọc Chuyên Đề Mùa Xuân 2020,199500,210000,5,0.0,0,10,.,NXB Hội Nhà Văn,Nhà Xuất Bản Hội Nhà Văn,,Bìa mềm,290.0,2020-03-20,SÁCH ĐẠI NAM,available,1000.0,True,True,True
22367376,Sách Yêu Hà Nội Thích Sài Gòn (Tái Bản 2019) (Tặng Kèm Bookmark Tiki),83930,109000,23,5.0,1,5,Hồng Phúc,Alphabooks,,,Bìa mềm,304.0,2019-07-01,Alpha Books Official,available,1000.0,True,True,True
4183333,Tập Truyện Ngắn K,55000,55000,0,0.0,0,0,Bùi Quang Thắng,NXB Tổng Hợp,Nhà Xuất Bản Tổng hợp TP.HCM,,Bìa mềm,180.0,2018-08-16,Nhà Sách Vĩnh Thụy,available,1000.0,True,True,True
4085859,Sách Lắng Nghe Gió Hát,88000,88000,0,0.0,0,0,Haruki Murakami,Nhã Nam,,,Bìa mềm,192.0,2018-08-25,HỆ THỐNG NHÀ SÁCH ABC,available,1000.0,True,True,True
906097,Sách Yêu Người Ngóng Núi (Tái Bản 2017),105000,105000,0,5.0,1,4,Nguyễn Ngọc Tư,NXB Trẻ,NXB Trẻ,,Bìa mềm,169.0,2017-12-01,Nhà Sách Vĩnh Thụy,available,1000.0,True,True,True
448883,Sách Những Người Đàn Ông Không Có Đàn Bà,100000,100000,0,0.0,0,1,Haruki Murakami,Nhã Nam,Nhà Xuất Bản Hội Nhà Văn,,Bìa mềm,270.0,2015-09-18,info book,available,1000.0,True,True,True
438198,Sách Xóm Bàu Láng,81000,100000,19,4.8,13,428,Sơn Nam,NXB Trẻ,NXB Trẻ,,Bìa mềm,413.0,2015-03-10,Tiki Trading,available,1000.0,False,True,True
395940,Làm Dâu Nước Pháp (Tự Truyện),58900,62000,5,0.0,0,1,Hiệu Constant,NXB Phụ Nữ Việt Nam,Nhà Xuất Bản Phụ Nữ,,Bìa mềm,244.0,2014-06-30,SÁCH ĐẠI NAM,available,1000.0,True,True,True
345199,Sách Cung Đường Vàng Nắng,65000,80000,19,4.1,208,3729,Dương Thụy,NXB Trẻ,NXB Trẻ,,Bìa mềm,304.0,2012-03-19,Tiki Trading,available,1000.0,False,True,True
279183948,CHÚNG TA SỐNG ĐỂ TRỞ VỀ -  Nguyễn Phong Việt – NXB Trẻ,80000,80000,0,0.0,0,0,Nguyễn Phong Việt,NXB Trẻ,NXB Trẻ,,Bìa mềm,176.0,,FishingBook,available,1000.0,True,True,True
279143455,"Sách Gửi Bạn, Người Bình Thường",86400,108000,20,5.0,1,11,Hoài,Skybooks,Nhà Xuất Bản Phụ Nữ Việt Nam,,Bìa mềm,256.0,,Tiki Trading,available,1000.0,False,True,True
279082677,Sách - Những Chủ Nhật Của Một Thị Dân Paris,116100,129000,10,0.0,0,0,Guy De Maupassant,Nhã Nam,Nhà Xuất Bản Văn Học,,Bìa mềm,,2023-12-21,Nhà sách Fahasa,available,1000.0,True,True,True
279064833,Sài Gòn Ngày Tháng Cũ,190000,190000,0,0.0,0,0,Nguyễn Tiến Niệm,Công ty TNHH Giả pháp truyền thông DIMI DIGITAL,Nhà Xuất Bản Phụ Nữ Việt Nam,,Bìa mềm,240.0,,DIMI Books,available,1000.0,True,True,True
278508192,Ngàn Năm Trà Việt (CB),246500,290000,15,0.0,0,4,Đỗ Quang Tuấn Hoàng,Chibooks,Nhà Xuất Bản Lao Động,,Bìa mềm,572.0,,Văn Lang Official Store,available,1000.0,True,True,True
278321314,Chí Phèo - Tác Giả Nam Cao  (HH),40800,48000,15,0.0,0,0,Nam Cao,Huy Hoàng Bookstore,Nhà Xuất Bản Hội Nhà Văn,,Bìa mềm,206.0,,Văn Lang Official Store,available,1000.0,True,True,True
277172517,Hoa xuân trong gió xuân (Tập truyện ngắn),245000,245000,0,0.0,0,8,Đỗ Bích Thúy,Liên Việt,Nhà Xuất Bản Hội Nhà Văn,,Bìa mềm,240.0,2024-12-01,Liên Việt Official Store,available,1000.0,True,True,True
277007141,Nếu Biết Trăm Năm Là Hữu Hạn,239000,239000,0,5.0,1,3,Phạm Lữ Ân,Phương Nam Book,Nhà Xuất Bản Hội Nhà Văn,,Bìa mềm,187.0,2025-01-13,Nhà sách NetaBooks,available,1000.0,True,True,True
276902587,(Combo 2 cuốn) VIẾT VÀ ĐỌC MÙA MỚI - VIẾT VÀ ĐỌC CHUYÊN ĐỀ MÙA ĐÔNG 2024 – Nhiều tác giả – NXB Hội Nhà Văn,588000,588000,0,4.0,1,0,,,,,,,,,out_of_stock,,False,False,False
276286332,Sách Chỉ Khi Bạn Dậy Sớm Mới Thấy Được Bình Minh,84000,105000,20,0.0,0,34,"Nguyễn Thùy Anh, Phan Quốc Dũng",Người Trẻ Việt,Nhà Xuất Bản Văn Học,,Bìa mềm,208.0,,Tiki Trading,available,1000.0,False,True,True
275107223,Sách Hy Vọng Bạn Sẽ Ổn,91980,126000,27,5.0,2,43,Yoon Geul,Vibooks,Nhà Xuất Bản Thế Giới,,Bìa mềm,328.0,2024-05-30,Tiki Trading,available,1000.0,False,True,True
273867224,Combo Sách Nguyễn Ngọc Tư (Bộ 14 Cuốn)_TRE,1309000,1309000,0,0.0,0,0,Nguyễn Ngọc Tư,NXB Trẻ,NXB Trẻ,,Bìa mềm,,,HỆ THỐNG NHÀ SÁCH ABC,available,1000.0,True,True,True
273817384,Hồn Thiêng Sông Núi - Tác Giả Hoàng Tiến (PN),93100,98000,5,4.0,1,2,Hoàng Tiến,Nhà xuất bản Phụ Nữ Việt Nam,Nhà Xuất Bản Phụ Nữ Việt Nam,,Bìa mềm,378.0,,SÁCH ĐẠI NAM,available,1000.0,True,True,True
273707104,Sách - Kiếm tiền bằng giọng nói - Bắt kịp xu hướng thời đại mới (MC),158000,158000,0,0.0,0,0,,Nhà Sách Hồng Ân,Nhà Xuất Bản Hồng Đức,,Bìa mềm,,,Khanhlinhbook,available,1000.0,True,True,True
273475659,Sách Anh hùng còn chi,168000,168000,0,0.0,0,0,Nguyễn Huy Thiệp,Nhã Nam,Nhà Xuất Bản Hội Nhà Văn,,Bìa mềm,340.0,,Nhà Sách Vĩnh Thụy,available,1000.0,True,True,True
273241222,Trôi (Nguyễn Ngọc Tư),95000,95000,0,0.0,0,1,Nguyễn Ngọc Tư,NXB Trẻ,NXB Trẻ,,Bìa mềm,152.0,,Bamboo Books,available,1000.0,True,True,True
272940824,Một Chuyện Tình Vớ Vẩn,90000,90000,0,0.0,0,0,Nguyễn Nguyên Phước,NXB Trẻ,NXB Trẻ,,Bìa mềm,220.0,2023-10-19,Nhà sách NetaBooks,available,1000.0,True,True,True
272616473,  NHỮNG NGƯỜI HÀNG XÓM,95500,99500,4,4.0,1,1,,NXB Trẻ,NXB Trẻ,,,,,AHABOOKS,available,1000.0,True,True,True
272222579,SÁCH HÓA THÂN,54000,54000,0,0.0,0,1,,Nhã Nam,Nhà Xuất Bản Hội Nhà Văn,,,,,AHABOOKS,available,1000.0,True,True,True
263807112,Người Tị Nạn (Giải Pulitzer) (Bìa mềm),118800,132000,10,4.7,3,32,Viet Thanh Nguyen,Phương Nam Book,Nhà Xuất Bản Hội Nhà Văn,,Bìa mềm,213.0,,Nhà Sách Phương Nam,available,1000.0,True,True,True
198585555,PHÍA TRƯỚC CỦA TRƯỞNG THÀNH – Đặng Hoàng Ngân – Quảng Văn – NXB Phụ nữ (bìa mềm),95000,99000,4,5.0,2,4,,Quang Van Books,Nhà Xuất Bản Phụ Nữ Việt Nam,,Bìa mềm,216.0,,BÌNH BÁN BOOK,available,1000.0,True,True,True
193450574,Sách Nếu Biết Trăm Năm Là Hữu Hạn (Tái Bản Lần 20)- Ấn Bản Đặc Biệt,227050,239000,5,5.0,1,18,Phạm Lữ Ân,Phương Nam Book,Nhà Xuất Bản Hội Nhà Văn,,Bìa mềm,187.0,,Cá Chép Bookstore,available,1000.0,True,True,True
186286177,Sách Thiên Thần Nhỏ Của Tôi (Tái Bản),35000,35000,0,5.0,1,4,Nguyễn Nhật Ánh,NXB Trẻ,NXB Trẻ,,Bìa mềm,140.0,2022-06-06,HỆ THỐNG NHÀ SÁCH ABC,available,1000.0,True,True,True
177234566,Chuyện Người Hà Nội (**),199000,199000,0,0.0,0,7,Nhóm Hà Nội tri thức,Công Ty TNHH Sách Và Truyền Thông Việt Nam,Nhà Xuất Bản Hà Nội,,Bìa cứng,304.0,2022-04-05,Tri Thức Trẻ Books,available,1000.0,True,True,True
160552920,Nguyễn Nhật Ánh - Còn Chút Gì Để Nhớ,108000,108000,0,0.0,0,1,,NXB Trẻ,NXB Trẻ,,,,,info book,available,1000.0,True,True,True
157412117,Chưa Kịp Lớn Đã Phải Trưởng Thành,75000,79000,5,4.8,54,519,,Timebooks,NXB Dân Trí,,Bìa mềm,240.0,2022-01-10,Alpha Books Official,available,1000.0,True,True,True
143226161,Người Nhớ Người Quên- Lạc Nhau Giữa Phố (Truyện Tản Văn),61000,79000,23,4.8,9,75,Nguyễn Hữu Phiên An,Alphabooks,Nhà Xuất Bản Dân Trí,,Bìa mềm,192.0,2021-11-11,Tiki Trading,available,1000.0,False,True,True
131144751,Sinh Năm 1972 - Khát Vọng Sống (Tự Truyện),159000,199000,20,0.0,0,14,Nguyễn Cảnh Bình,Sống,Nhà Xuất Bản Thế Giới,,Bìa mềm,424.0,2021-10-01,Alpha Books Official,available,1000.0,True,True,True
105739972,Sách Sài Gòn - Phong Vị Báo Xuân Xưa,296100,329000,10,4.0,4,23,Phạm Công Luận,Phương Nam Book,Nhà Xuất Bản Văn Hóa - Văn Nghệ,,Bìa mềm,333.0,2018-07-02,PHƯƠNG NAM BOOK,available,1000.0,True,True,True
71553545,Sách Góc Phần Tư - Nỗi Buồn Nuôi Ta Khôn Lớn,67700,99000,32,5.0,2,21,Trọng Hưng,Alphabooks,Nhà Xuất Bản Thanh Niên,,Bìa mềm,232.0,2020-10-15,Tiki Trading,available,1000.0,False,True,True
57047798,Sách Viết Và Đọc Mùa Hạ 2020,199500,210000,5,5.0,3,24,Nhóm tác giả,An Nam Books,Nhà Xuất Bản Hội Nhà Văn,,Bìa mềm,363.0,2020-06-01,SÁCH ĐẠI NAM,available,1000.0,True,True,True
53770152,Một tuyệt phẩm của đại thi hào Nguyễn Du: Truyện Thúy Kiều,99000,99000,0,0.0,0,0,Nguyễn Du,Nhã Nam,Nhà Xuất Bản Thế Giới,,,,,info book,available,1000.0,True,True,True
37890737,Sách Đời Ngắn Đừng Khóc Hãy Tô Son,66900,99000,32,4.5,96,1652,Gari,Alphabooks,Nhà Xuất Bản Thanh Niên,,Bìa mềm,188.0,2019-10-01,Tiki Trading,available,1000.0,False,True,True
25739251,Lê Minh Khuê - Tuyển Tập Truyện Ngắn Và Vừa,132000,163000,19,5.0,7,113,Lê Minh Khuê,NXB Trẻ,,,Bìa mềm,546.0,2019-08-01,Tiki Trading,available,1000.0,False,True,True
19250613,Sách Chuyện Nhà Tôi - Mẹ Còn Ở Trên Phây?,72700,75000,3,5.0,1,12,Nguyễn Thị Ngọc Hải,NXB Tổng Hợp,,,Bìa mềm,307.0,2019-06-01,Nhà sách Fahasa,available,1000.0,True,True,True
13564346,Sách Anh Là Tất Cả Những Gì Em Ghét Nhất,76000,109000,30,5.0,27,496,Tiểu Bố Thích Ăn Bánh Trứng,Quảng Văn,Nhà Xuất Bản Phụ Nữ,,Bìa mềm,264.0,2019-01-04,Tiki Trading,available,1000.0,False,True,True
8138177,Sách Miền Sương Khói - Giai phẩm về Đà Lạt,79000,129000,39,5.0,19,286,.,PHANBOOK,Nhà Xuất Bản Văn Hóa - Văn Nghệ,,Bìa mềm,180.0,,PHAN LỆ & FRIENDS,available,1000.0,True,True,True
3658757,Sách Đường Sáng Trăng Sao,118100,139000,15,4.8,6,31,Nguyệt Tú,Phụ Nữ,,,Bìa mềm,528.0,,Nhà sách Fahasa,available,1000.0,True,True,True
425687,Sách Việt Nam Danh Tác - Bỉ Vỏ,85500,90000,5,0.0,0,0,Nguyên Hồng,Nhã Nam,Nhà Xuất Bản Hội Nhà Văn,,Bìa mềm,302.0,2015-02-13,Alpha Books Official,available,1000.0,True,True,True
400406,Sách Việt Nam Danh Tác - Số Đỏ,86000,86000,0,0.0,0,0,Vũ Trọng Phụng,Nhã Nam,Nhà Xuất Bản Hội Nhà Văn,,Bìa mềm,324.0,2014-05-22,Bamboo Books,available,1000.0,True,True,True
279201735,Sách - Gieo Mầm Nhỏ Trong Vũ Trụ Riêng,93750,125000,25,0.0,0,0,Phạm Tiểu Bạch,Blue.Books,Nhà Xuất Bản Văn Học,,,288.0,,Tiki Trading,available,1000.0,False,True,True
279143611,Sách Dấu về gió xóa - NXB Trẻ,117000,145000,19,0.0,0,1,Hồ Anh Thái,NXB Trẻ,NXB Trẻ,,Bìa mềm,348.0,2026-01-30,Tiki Trading,available,1000.0,False,True,True
279123829,LÃNG TỬ HÀNH - PHẠM BÁ VINH (truyện ký),427500,450000,5,5.0,1,2,Phạm Bá Vinh,An Nam Books,Nhà Xuất Bản Hội Nhà Văn,,Bìa mềm,459.0,2026-01-22,SÁCH ĐẠI NAM,available,1000.0,True,True,True
278815724,VIẾT VÀ ĐỌC MÙA THU 2025 - VIẾT VÀ ĐỌC CHUYÊN ĐỀ MÙA THU 2025 - NHÀ XUẤT BẢN HỘI NHÀ VĂN,199500,210000,5,0.0,0,2,"NXB Hội Nhà Văn, Nguyễn Quang Thiều",Nhà Xuất Bản Hội Nhà Văn,Nhà Xuất Bản Hội Nhà Văn,,Bìa mềm,320.0,2025-10-08,SÁCH ĐẠI NAM,available,1000.0,True,True,True
278630616,Sách - 999 Lá Thư Gửi Cho Chính Mình - Phiên Bản Kỷ Niệm,227800,268000,15,0.0,0,2,Miêu Công Tử,AZ Việt Nam,NXB Dân Trí,,Bìa mềm,,2023-12-21,Nhà sách Fahasa,available,1000.0,True,True,True
278508178,2030: Những Xu Hướng Lớn Sẽ Định Hình Thế Giới Tương Lai - Tái Bản 2024 (PNB),186010,209000,11,0.0,0,0,"nhieu tac gia, Mauro F. Guillén",Saigon Books,Nhà Xuất Bản Thế Giới,,Bìa mềm,360.0,,Văn Lang Official Store,available,1000.0,True,True,True
278507930,Một Thời Ở Chợ Lớn - Bìa Cứng (PNB),355110,399000,11,0.0,0,0,Phạm Công Luận,Phương Nam Book,Nhà Xuất Bản Thế Giới,,Bìa mềm,260.0,,Văn Lang Official Store,available,1000.0,True,True,True
278472142,Sách Hôm Nay Nếu Có Thể Hãy Về Nhà Ăn Cơm,76500,102000,25,0.0,0,21,Thảo Thảo,Người Trẻ Việt,Nhà Xuất Bản Văn Học,,Bìa mềm,192.0,2025-08-07,Tiki Trading,available,1000.0,False,True,True
278147213,Sách - Chúng Ta Rồi Sẽ Hạnh Phúc Theo Những Cách Khác Nhau (Tái Bản 2025),83300,98000,15,0.0,0,1,Thảo Thảo,AZ Việt Nam,Nhà Xuất Bản Văn Học,,Bìa mềm,,2023-12-21,Nhà sách Fahasa,available,1000.0,True,True,True
278002252,Tủ Sách Văn Học Trong Nhà Trường - Truyện Ngắn Lê Minh Khuê,60000,60000,0,0.0,0,1,Lê Minh Khuê,Nhà Xuất Bản Kim Đồng,Nhà Xuất Bản Kim Đồng,,Bìa mềm,272.0,2026-05-22,FishingBook,available,1000.0,True,True,True
277923298,Lớn lên cùng sách Nguyễn Nhật Ánh,150000,150000,0,0.0,0,0,Nhiều tác giả,NXB Trẻ,NXB Trẻ,,Bìa mềm,284.0,2025-05-05,FishingBook,available,1000.0,True,True,True
276493090,Sách Nguyễn Xí,33000,40000,18,0.0,0,8,Nguyễn Đình Tư,NXB Tổng Hợp TP. HCM,Nhà Xuất Bản Tổng hợp TP.HCM,,Bìa mềm,92.0,,Tiki Trading,available,1000.0,False,True,True
276436796,Sách Người Bên Lề ,92000,115000,20,0.0,0,0,Thiên Sơn,Cty Sách Hương Giang,Nhà Xuất Bản Thời Đại,,Bìa mềm tay gấp,530.0,2024-10-23,Nhà sách Hương Giang,available,1000.0,True,True,True
276235827,Nguyễn Xí,34000,40000,15,0.0,0,0,,Nhà xuất bản Tổng hợp TP.HCM ,Nhà Xuất Bản Tổng hợp TP.HCM,,,,,NXB TỔNG HỢP,available,1000.0,True,True,True
275987168,Hồ Biểu Chánh - Nhân tình ấm lạnh (Tái bản 2024),165000,165000,0,0.0,0,0,Hồ Biểu Chánh,NXB Tổng Hợp Hồ Chí Minh,Nhà Xuất Bản Tổng hợp TP.HCM,,Bìa mềm,340.0,2024-08-01,Taurus 1987 Books,available,1000.0,True,True,True
275068285,Beautifully Bold Youth - Thanh Xuân Đẹp Đậm Chất,162000,169000,4,5.0,5,62,,Nhà Xuất Bản Lao Động,Nhà Xuất Bản Lao Động,,Bìa mềm,300.0,,Nhân Văn,available,1000.0,True,True,True
273283633,Sách Là Đánh Mất Hay Chưa Từng Có,56000,80000,30,0.0,0,27,Gari,Người Trẻ Việt,Nhà Xuất Bản Văn Học,,Bìa mềm,144.0,,Tiki Trading,available,1000.0,False,True,True
273078994,Sách Chim Trời Bay Về Sau Cơn Mưa,82600,109000,24,4.0,1,15,Ma Văn Kháng,Nhà xuất bản Phụ Nữ Việt Nam,Nhà Xuất Bản Phụ Nữ Việt Nam,,Bìa mềm,244.0,,Tiki Trading,available,1000.0,False,True,True
271529524,Sách Có Một Hà Nội Trong Tôi,84000,115000,27,5.0,5,58,Vũ Công Chiến,NXB Trẻ,NXB Trẻ,,Bìa mềm,252.0,2023-11-09,Tiki Trading,available,1000.0,False,True,True
271199926,Truyện của Nguyễn Nhật Ánh - Cho tôi xin một vé đi tuổi thơ - Bản đặc biệt BC,465000,465000,0,0.0,0,1,Nguyễn Nhật Ánh,NXB Trẻ,NXB Trẻ,,Bìa cứng,,,Nhà Sách Vĩnh Thụy,available,1000.0,True,True,True
261949692,Truyện ngắn Quán Chiêu Văn 4 - Nhiều tác giả,140000,140000,0,5.0,1,4,nhieu tac gia,Đông Tây,Nhà Xuất Bản Phụ Nữ,,Bìa mềm,517.0,2023-05-25,Đông Tây,available,1000.0,True,True,True
249946487,Nhật Ký Cô Giáo - Học Kỳ Thu,57600,60000,4,0.0,0,0,Hồ Yên Thục,Nhà xuất bản Tổng hợp TP.HCM ,Nhà Xuất Bản Tổng hợp TP.HCM,,Bìa mềm,152.0,2022-08-01,TYMBooks,available,1000.0,True,True,True
243086211,Người Tập Lớn,98100,109000,10,5.0,10,148,,Công Ty Cổ Phần Time Books,NXB Dân Trí,,,,,Nhà sách Fahasa,available,1000.0,True,True,True
216139411,TRUYỆN NGẮN HAY 2022 – Nhiều tác giả  – NXB Văn Học - bìa mềm,103600,108000,4,5.0,2,42,,NXB Văn Học,nxb van hoc,,Bìa mềm,,,BÌNH BÁN BOOK,available,1000.0,True,True,True
171625664,Cuộc Đời Tôi Qua Hai Màu Đỏ - Trắng - My Life And Lessons In Red And White,155000,155000,0,0.0,0,0,,NXB Trẻ,oem,,Bìa mềm,,,FishingBook,available,1000.0,True,True,True
171584598,Drama Nuôi Tôi Lớn Loài Người Dạy Tôi Khôn,79200,99000,20,5.0,2,23,Pương Pương,AZ Việt Nam,Nhà Xuất Bản Phụ Nữ Việt Nam,,,,,Nhà sách Fahasa,available,1000.0,True,True,True
170298044,Sách Văn Học Tuổi 20 - Có Thú Dữ Trong Thành Phố,61000,90000,32,4.8,10,73,Nguyên Nguyên,NXB Trẻ,NXB Trẻ,,Bìa mềm,204.0,2022-03-25,Tiki Trading,available,1000.0,False,True,True
160553110,Nguyễn Ngọc Tư - Cánh Đồng Bất Tận,83000,83000,0,0.0,0,1,,NXB Trẻ,NXB Trẻ,,,,,Nhà Sách Vĩnh Thụy,available,1000.0,True,True,True
96034361,Sách - Bắt Trẻ Đồng Xanh (Bìa Cứng),100000,100000,0,0.0,0,0,J. D. Salinger,Nhã Nam,Nhà Xuất Bản Hội Nhà Văn,,,,,info book,available,1000.0,True,True,True
89763867,Tiếng đàn môi sau bờ rào đá,134400,168000,20,5.0,38,213,Đỗ Bích Thúy,Liên Việt,Nhà Xuất Bản Văn Học,,Bìa mềm,396.0,2021-04-04,Liên Việt Official Store,available,1000.0,True,True,True
58614140,Dưới Mái Hiên Đêm Những Khách Lạ,102000,159000,36,5.0,16,105,,CÔNG TY TNHH PHAN LỆ & FRIENDS,Nhà Xuất Bản Đà Nẵng,,Bìa mềm,191.0,2020-07-27,PHAN LỆ & FRIENDS,available,1000.0,True,True,True
53300220,"Combo 2 Cuốn Văn Học Tiểu Thuyết Kinh Điển :  Thiên Tài Bên Trái, Kẻ Điên Bên Phải + Đàn Ông Sao Hỏa Đàn Bà Sao Kim (Kỹ Năng Sống Hay) ",367000,367000,0,5.0,3,8,`,AZ Việt Nam,Nhà Xuất Bản Thế Giới,,Bìa mềm,,,NHBook,available,1000.0,True,True,True
52232683,Truyện Nguyễn Nhật Ánh: Ngày Xưa Có Một Chuyện Tình (Phần 2 của Mắt Biếc),125000,125000,0,0.0,0,3,Nguyễn Nhật Ánh,NXB Trẻ,NXB Trẻ,,Bìa mềm,300.0,,Bamboo Books,available,1000.0,True,True,True
19349133,"Sách Ngã Vào Tim Nhau , Đau Suốt Một Đời",84000,86000,2,5.0,1,108,Những kẻ khờ mộng mơ,DuCaBooks,Nhà Xuất Bản Hà Nội,,Bìa mềm,250.0,2019-06-01,Tiki Trading,available,1000.0,False,True,True
10857704,Sách Phép Tính Của Một Nho Sĩ,82500,86000,4,5.0,2,17,Trần Vũ,Nhã Nam,,,Bìa mềm,,2019-02-01,Nhà sách Fahasa,available,1000.0,True,True,True
7832999,Sách Những Năm Tháng Ấy Cùng Radio,77300,119000,35,0.0,0,0,Thu Thanh,Alphabooks,,,Bìa mềm,268.0,2018-01-11,Nhà sách Fahasa,available,1000.0,True,True,True
6906997,Cưới chợ ( Tập truyện ngắn ),26000,26000,0,4.8,4,113,Y Ban,Nhà Sách 30 Hàn Thuyên,,,Bìa cứng,188.0,,Nhà sách 30 Hàn Thuyên,available,1000.0,True,True,True
1582085,Đàn Ông Và Đàn Ông,78400,78400,0,4.6,5,65,Rei Kimura,Công ty Cổ phần Sách Việt Nam,,,Bìa mềm,456.0,2018-01-01,SAVINA,available,1000.0,True,True,True
1069434,Sách Bầu Trời Không Chỉ Có Màu Xanh (Tái Bản 2017),65000,65000,0,0.0,0,5,Lý Quí Trung,NXB Trẻ,NXB Trẻ,,Bìa mềm,,2017-10-30,Bamboo Books,available,1000.0,True,True,True
442206,Sách Quê Người,75000,92000,18,4.7,12,184,Tô Hoài,Phương Nam Book,,,Bìa mềm,262.0,2015-07-06,Tiki Trading,available,1000.0,False,True,True
279022850,Sách - Lòng Mình Xanh Mát Rau Quê,87400,95000,8,0.0,0,0,nhieu tac gia,Nhà Xuất Bản Kim Đồng,Nhà Xuất Bản Kim Đồng,,Bìa mềm,,2023-12-21,Nhà sách Fahasa,available,1000.0,True,True,True
278722152,Sách - Là Mình Phiên Bản Rực Rỡ Nhất,120000,125000,4,5.0,1,1,Tiên Alien,AZ Việt Nam,Nhà Xuất Bản Văn Học,,Bìa mềm,288.0,,Nhân Văn,available,1000.0,True,True,True
278139972,Sách - Thích Một Người Chính Là…,92600,109000,15,0.0,0,0,Trái Đất Tròn,AZ Việt Nam,Nhà Xuất Bản Thế Giới,,Bìa mềm,,2023-12-21,Nhà sách Fahasa,available,1000.0,True,True,True
277614826,Một Đời Dài Rộng Hãy Thương Lấy Mình,99700,105000,5,0.0,0,0,Gác Mái,AZ Việt Nam,Nhà Xuất Bản Văn Học,,Bìa mềm,192.0,,Sống Official,available,1000.0,True,True,True
276745081,Tôi Thích Dáng Vẻ Nỗ Lực Của Chính Mình,99000,99000,0,0.0,0,5,Lily Trương,NXB Dân Trí,Nhà Xuất Bản Dân Trí,,Bìa mềm,208.0,,Nhà Sách Phương Nam,available,1000.0,True,True,True
276598797,Cô Độc Vừa Đủ,138000,138000,0,0.0,0,1,,NXB Hà Nội,Nhà Xuất Bản Hà Nội,,Bìa mềm,348.0,,Nhà Sách Phương Nam,available,1000.0,True,True,True
276493076,Sách Nguồn sống,25000,40000,38,0.0,0,2,Nguyễn Đình Tư,NXB Tổng Hợp TP. HCM,Nhà Xuất Bản Tổng hợp TP.HCM,,Bìa mềm,88.0,,Tiki Trading,available,1000.0,False,True,True
276008835,Ngày Mai Của Những Ngày Mai (Tặng chữ ký tác giả cho những khách hàng đầu tiên),120000,120000,0,0.0,0,1,Nguyễn Ngọc Tư,NXB Trẻ,NXB Trẻ,,Bìa mềm,192.0,,Nhà Sách Phương Nam,available,1000.0,True,True,True
275894668,Hà Văn Thịnh - Truyện Ngắn và Tản Văn,330000,330000,0,0.0,0,1,,Công ty TNHH TM & DV Văn Hóa Hương Trang,Nhà Xuất Bản Thông Tin Và Truyền Thông,,Bìa mềm,823.0,,Sách Hay Cho Bạn,available,1000.0,True,True,True
275726244,Sách Khi Sao Kim Phải Lòng Sao Hỏa,62000,99000,37,0.0,0,13,Khuất Cẩm Huyên,Công Ty TNHH Sách Và Truyền Thông Việt Nam,Nhà Xuất Bản Thanh Niên,,Bìa mềm,192.0,2024-08-01,Tiki Trading,available,1000.0,True,True,True
275101816,Sách Nỗi đau của bướm đêm,125000,159000,21,5.0,3,20,Thu Hằng,Công Ty TNHH Sách Và Truyền Thông Việt Nam,Nhà Xuất Bản Hội Nhà Văn,,Bìa mềm,196.0,2024-05-23,Tiki Trading,available,1000.0,False,True,True
272365785,Văn Học Nhật Bản Vẻ Đẹp Mong Manh Bất Tận,136000,160000,15,0.0,0,0,Lam Anh,Nhà xuất bản Tổng hợp TP.HCM ,Nhà Xuất Bản Tổng hợp TP.HCM,,,,,NXB TỔNG HỢP,available,1000.0,True,True,True
271423508,Phận Lìm Kìm,51000,60000,15,5.0,1,4,Trần Bảo Định,Nhà xuất bản Tổng hợp TP.HCM ,Nhà Xuất Bản Tổng hợp TP.HCM,,,,,NXB TỔNG HỢP,available,1000.0,True,True,True
263389174,Sách Xin chào ngày nắng đẹp (Tản văn),65000,80000,19,5.0,3,36,Hồ Huy Sơn,NXB Trẻ,NXB Trẻ,,Bìa mềm,192.0,2023-06-26,Tiki Trading,available,1000.0,False,True,True
262457803,Sách Văn học Sài Gòn 1954-1975 - Những chuyện bên lề - Lê Văn Nghĩa,190000,190000,0,0.0,0,4,Lê Văn Nghĩa,NXB Tổng hợp Thành Phố Hồ Chí Minh,NXB Tổng Hợp Thành Phố Hồ Chí Minh,,Bìa mềm,482.0,2020-05-01,NHÀ SÁCH AN THƯ,available,1000.0,True,True,True
260554498,KIẾP NGƯỜI,285000,285000,0,0.0,0,0,Ngọc Giao,NXB Trẻ,NXB Trẻ,,Bìa mềm,812.0,2023-05-15,FishingBook,available,1000.0,True,True,True
253468324,"Sách Ngày Mới (In Theo Bản Của NXB Thạch Ngữ,Năm 1975)",57600,85000,32,5.0,1,8,Thạch Lam,Nhà sách Minh Thắng,Nhà Xuất Bản Văn Học,,Bìa mềm,252.0,2022-04-04,Tiki Trading,available,1000.0,False,True,True
251456997,Có Nỗi Buồn Gieo Mầm Nhân Ái,72250,85000,15,0.0,0,10,Iris Lê,Nhà xuất bản Tổng hợp TP.HCM ,Nhà Xuất Bản Tổng hợp TP.HCM,,Bìa mềm,,,NXB TỔNG HỢP,available,1000.0,True,True,True
208064682,Lạc Rừng _TRE,65000,65000,0,0.0,0,3,Trung Trung Đỉnh,NXB Trẻ,NXB Trẻ,,Bìa mềm,184.0,,Bamboo Books,available,1000.0,True,True,True
207566834,Màu Nhạt Nắng,149000,149000,0,0.0,0,4,,NXB Thế Giới,Nhà Xuất Bản Thế Giới,,Bìa mềm,222.0,,Nhà Sách Phương Nam,available,1000.0,True,True,True
203539717,Sách - Võ Quảng - Một đời thơ văn,180000,180000,0,0.0,0,1,Võ Quảng, NXB Kim Đồng,Nhà Xuất Bản Kim Đồng,,Bìa cứng,424.0,,Bamboo Books,available,1000.0,True,True,True
195954679,Sách Danh tác văn học Việt Nam - Hồn bướm mơ tiên (bìa mềm),29600,40000,26,5.0,7,104,Khái Hưng,Nhà sách Minh Thắng,Nhà Xuất Bản Văn Học,,Bìa mềm,128.0,2022-05-01,Tiki Trading,available,1000.0,False,True,True
193617572,Út Quyên Và Tôi (Tái Bản Mới Nhất),85000,85000,0,0.0,0,0,Nguyễn Nhật Ánh,NXB Trẻ,NXB Trẻ,,Bìa mềm,128.0,2022-08-01,Bamboo Books,available,1000.0,True,True,True
187960065,Combo 2 cuốn Tản Văn: Những Ngã Tư Và Những Cột Đèn + Nhà (Tái Bản),279500,279500,0,0.0,0,0,,Nhiều công ty phát hành,Nhiều Nhà Xuất Bản,,,,,AHABOOKS,available,1000.0,True,True,True
187952596,"Combo 2 cuốn Tản Văn: Những Ngã Tư Và Những Cột Đèn + Những Đêm Không Ngủ, Những Ngày Chậm Trôi",286000,286000,0,0.0,0,0,,Nhiều công ty phát hành,Nhiều Nhà Xuất Bản,,,,,info book,available,1000.0,True,True,True
186087665,Mưa Thu Nhớ Tằm (Bình Nguyên Lộc),95000,95000,0,5.0,2,8,Bình Nguyên Lộc,NXB Trẻ,NXB Trẻ,,Bìa mềm,256.0,2022-06-12,Bamboo Books,available,1000.0,True,True,True
169595290,Combo 2 cuốn VIỆT NAM DANH TÁC: TỐ TÂM + BỈ VỎ,160000,160000,0,0.0,0,1,,Nhã Nam,Nhà Xuất Bản Hội Nhà Văn,,,,,SÁCH ĐẠI NAM,available,1000.0,True,True,True
167462149,Cảm Ơn Anh Đã Đánh Mất Em,84100,99000,15,5.0,11,102,Trí,AZ Việt Nam,Nhà Xuất Bản Văn Học,,,,,Nhà sách Fahasa,available,1000.0,True,True,True
160552987,Nguyễn Nhật Ánh - Trước Vòng Chung Kết,120000,120000,0,5.0,1,3,,NXB Trẻ,NXB Trẻ,,,,,Nhà Sách Vĩnh Thụy,available,1000.0,True,True,True
133922812,ĐỨA CON CỦA NẤM MỒ - Đào Quốc Minh,88000,88000,0,0.0,0,0,,SBOOKS,Nhà Xuất Bản Hội Nhà Văn,,Bìa mềm,280.0,2021-09-28,SÁCH ĐẠI NAM,available,1000.0,True,True,True
129268177,Bên sông Ô Lâu,63000,105000,40,5.0,7,81,Phi Tân,Chibooks,Nhà Xuất Bản Lao Động,,Bìa mềm,212.0,,NHÀ SÁCH CHIBOOKS,available,1000.0,True,True,True
53869713,Một cuốn truyện mang một nỗi buồn man mác: Chuyện ngõ nghèo (TB),111150,117000,5,0.0,0,2,Nguyễn Xuân Khánh,Nhã Nam,Nhà Xuất Bản Hội Nhà Văn,,,,,SÁCH ĐẠI NAM,available,1000.0,True,True,True
36854833,Sách Endless Field,135000,135000,0,0.0,0,0,Nguyễn Ngọc Tư,NXB Trẻ,NXB Trẻ,,Bìa mềm,102.0,2019-01-10,Nhà Sách Vĩnh Thụy,available,1000.0,True,True,True
19963125,"Sách Thiên Tài Bên Trái, Kẻ Điên Bên Phải",179000,179000,0,0.0,0,1,Cao Minh,Vibooks,Nhà Xuất Bản Thế Giới,,Bìa mềm,424.0,2019-06-01,Nhà Sách Vĩnh Thụy,available,1000.0,True,True,True
14524142,Sách Tự Mình Cách Biệt,133000,140000,5,0.0,0,16,Hồ Anh Thái,NXB Trẻ,,,Bìa mềm,422.0,2019-04-01,Nhà sách Fahasa,available,1000.0,True,True,True
8175824,Combo Sách Bắt Trẻ Đồng Xanh và Giết Con Chim Nhại,233000,233000,0,0.0,0,0,"J. D. Salinger, Harper Lee",Nhã Nam,Nhà Xuất Bản Văn Học,,Bìa mềm,,,Bamboo Books,available,1000.0,True,True,True
1734381,Sách Nước Mắt Hạt Bụi,58900,62000,5,0.0,0,1,Quế Hương,NXB Trẻ,,,Bìa mềm,220.0,2018-03-01,Nhà sách Fahasa,available,1000.0,True,True,True
1496063,Sách Như Hạt Mưa Xa,72900,76000,4,0.0,0,9,Ngọc Linh,NXB Văn Hóa - Văn Nghệ,Nhà Xuất Bản Văn Hóa Văn Nghệ,,Bìa mềm,368.0,2018-01-01,TYMBooks,available,1000.0,True,True,True
696269,Sách Hương Hoa Đất Nước - Những Câu Hát Cũ,117000,155000,25,5.0,1,93,Trọng Toàn,NXB Trẻ,,,Bìa mềm,384.0,2017-06-24,Tiki Trading,available,1000.0,False,True,True
596318,Sách Biển Của Mỗi Người (Tái bản 2017),40000,40000,0,5.0,1,8,Nguyễn Ngọc Tư,Nhà Xuất Bản Kim Đồng,Nhà Xuất Bản Kim Đồng,,Bìa mềm,144.0,2008-10-01,Bamboo Books,available,1000.0,True,True,True
279112294,Sách - Điều Bạn Tìm Cũng Đang Tìm Kiếm Bạn - Tặng Kèm Postcard 2 Mặt + Bookmark Bế Hình 2 Mặt,105600,120000,12,0.0,0,0,nhieu tac gia,AZ Việt Nam,Nhà Xuất Bản Văn Học,,Bìa mềm,,2023-12-21,Nhà sách Fahasa,available,1000.0,True,True,True
278853740,[Tập truyện] NHỮNG NGÀY ĐẦU ĐỌ SỨC – Nhiều tác giả – NXB Công an nhân dân,195000,195000,0,0.0,0,0,nhieu tac gia,Nhà Xuất Bản Công An Nhân Dân,Nhà Xuất Bản Công An Nhân Dân,,Bìa mềm,343.0,,BÌNH BÁN BOOK,available,1000.0,True,True,True
278809652,BỈ VỎ – Nguyên Hồng – Huy Hoàng books - NXB Văn học,72000,72000,0,0.0,0,0,Nguyên Hồng,Huy Hoàng Bookstore,Nhà Xuất Bản Văn Học,,Bìa mềm,204.0,,BÌNH BÁN BOOK,available,1000.0,True,True,True
278641073,(Tái bản năm 2025) NHÀ & NGƯỜI (TẢN VĂN) - Lê Thiết Cương – Liên Việt Books,410800,428000,4,0.0,0,1,Lê Thiết Cương,Cty Văn Hóa & Truyền Thông Liên Việt,Nhà Xuất Bản Hội Nhà Văn,,Bìa mềm tay gấp,400.0,,BÌNH BÁN BOOK,available,1000.0,True,True,True
278598034,Sách Gánh Nhớ Ngang Trời,44000,55000,20,0.0,0,8,Ny An,Nhà Xuất Bản Kim Đồng,Nhà Xuất Bản Kim Đồng,,Bìa mềm,168.0,,Tiki Trading,available,1000.0,False,True,True
278458277,Sách - Gửi Cậu Một Cái Ôm Vì Đã Không Bỏ Cuộc - 送给不曾放弃的你一个拥抱 - Phiên Bản Song Ngữ Việt-Trung,71800,79000,9,0.0,0,1,nhieu tac gia,Công Ty Cổ Phần Time Books,NXB Dân Trí,,Bìa mềm,,2023-12-21,Nhà sách Fahasa,available,1000.0,True,True,True
278165403,Sách Thành Phố Thiếu Một Bữa Cơm Nhà - Hồng Nhung & Mỹ Hưng,68060,83000,18,0.0,0,9,,Công Ty Cổ Phần Time Books,Nhà Xuất Bản Thế Giới,,Bìa mềm,200.0,,SÁCH TIMEBOOKS,available,1000.0,True,True,True
278148165,Sách - Người Tình Ác Quỷ,157900,168000,6,0.0,0,2,Shirley Jackson,Công ty Cổ phần Sách và Truyền thông San Hô,nxb thanh nien,,Bìa mềm,,2023-12-21,Nhà sách Fahasa,available,1000.0,True,True,True
277012914,Ngẫm - Việt An Khương,68000,80000,15,0.0,0,1,,SBOOKS,Nhà Xuất Bản Văn Học,,Bìa mềm,146.0,,Nhân Văn,available,1000.0,True,True,True
276906496,Tạp chí Văn Nghệ TP Hồ Chí Minh bộ 4 cuốn (số 153 - 156),80000,80000,0,5.0,2,7,,Công ty TNHH Không Gian Sống Media,Công ty TNHH Không Gian Sống Media,,Bìa mềm,,,Kiến Trúc và Đời Sống,available,1000.0,True,True,True
276894276,Chúng Ta Sống Để Bước Tiếp - Bản đặc biệt,80000,80000,0,0.0,0,0,Nguyễn Phong Việt,NXB Trẻ,NXB Trẻ,,Bìa mềm,192.0,2024-11-01,HỆ THỐNG NHÀ SÁCH ABC,available,1000.0,True,True,True
276239762,Rìa Trời Lộng Gió,99000,99000,0,0.0,0,0,Monologue,Skybooks,Nhà Xuất Bản Lao Động,,,232.0,,Bamboo Books,available,1000.0,True,True,True
272465324,Chồng Xứ Lạ,25000,25000,0,0.0,0,0,Trang Hạ,Nhà xuất bản Phụ Nữ,Nhà Xuất Bản Phụ Nữ,,Bìa mềm,200.0,2018-08-27,SÁCH ĐẠI NAM,available,1000.0,True,True,True
272361105,Tôi đi tìm ai,149000,149000,0,0.0,0,0,,Thái Hà,Công Ty Cổ Phần Đầu Tư và Phát Hành Sách Hà Nội,,,,,AHABOOKS,available,1000.0,True,True,True
271975346,Những Lối Đi Dưới Hàng Cây Tăm Tối - Ivan Bunin - Hà Ngọc dịch - (bìa mềm),81600,85000,4,0.0,0,0,Ivan Bunin,Nhã Nam,Nhà Xuất Bản Tổng hợp TP.HCM,,Bìa mềm,292.0,2023-09-01,TYMBooks,available,1000.0,True,True,True
270716959,"Phố Hàng Bột, Chuyện ""Tầm Phào"" Mà Nhớ",120000,120000,0,0.0,0,0,Hồ Công Thiết,NXB Lao Động,Nhà Xuất Bản Lao Động,,Bìa mềm,191.0,,Nhà Sách Phương Nam,available,1000.0,True,True,True
215040231,Con Kiến Xây,48000,50000,4,5.0,2,33,Nguyễn Đinh Khoa,Nhà Xuất Bản Kim Đồng,Nhà Xuất Bản Kim Đồng,,,,,Nhà sách Fahasa,available,1000.0,True,True,True
208206804,Sách Thiên Cầu Ma Thuật: Tập 3 - Ký Ức Vĩnh Cửu,89100,129000,31,0.0,0,1,Nguyễn Dương Quỳnh,NXB Phụ Nữ Việt Nam,Nhà Xuất Bản Phụ Nữ Việt Nam,,Bìa mềm,368.0,2022-12-01,Tiki Trading,available,1000.0,False,True,True
202238544,Người Quảng Đi Ăn Mì Quảng (Tái Bản - Đ) ,75000,75000,0,0.0,0,0,Nguyễn Nhật Ánh,NXB Trẻ,Nhà Xuất Bản Đại Học Quốc Gia Hà Nội,,Bìa mềm,276.0,2017-10-17,Nhà Sách Vĩnh Thụy,available,1000.0,True,True,True
202153823,Sách Chắc Gì Ta Đã Yêu Nhau (Tái Bản 2022),60600,88000,31,5.0,50,454,Minh Nhật,Skybooks,Nhà Xuất Bản Phụ Nữ Việt Nam,,Bìa mềm,200.0,2022-10-10,Tiki Trading,available,1000.0,False,True,True
198424847,VIẾT VÀ ĐỌC CHUYÊN ĐỀ MÙA THU 2022,199500,210000,5,0.0,0,11,"Hội Nhà Văn, Nguyễn Quang Thiều", NXB Hội Nhà Văn,Nhà Xuất Bản Hội Nhà Văn,,Bìa mềm,300.0,2022-09-22,SÁCH ĐẠI NAM,available,1000.0,True,True,True
181452241,Hùng Binh (Tiểu Thuyết Lịch Sử),120000,120000,0,0.0,0,1,Đặng Ngọc Hưng,NXB Trẻ,Nhà Xuất Bản Đại Học Quốc Gia Hà Nội,,Bìa mềm,536.0,2018-05-02,Bamboo Books,available,1000.0,True,True,True
180720266,Combo 2Q: Yêu Những Điều Không Hoàn Hảo + Nếu Biết Trăm Năm Là Hữu Hạn (Ấn Bản Đặc Biệt),398250,398250,0,5.0,1,14,,Nhiều công ty phát hành,Nhiều Nhà Xuất Bản,,,,,AHABOOKS,available,1000.0,True,True,True
169193012,Truyện Ngắn Thâm Tâm,124200,138000,10,0.0,0,0,,SBOOKS,oem,,,,,Nhân Văn,available,1000.0,True,True,True
160553100,Nguyễn Nhật Ánh - Ngôi Trường Mọi Khi,110000,110000,0,0.0,0,0,,NXB Trẻ,NXB Trẻ,,,,,HỆ THỐNG NHÀ SÁCH ABC,available,1000.0,True,True,True
160552934,Nguyễn Nhật Ánh - Bong Bóng Lên Trời,95000,95000,0,0.0,0,3,,NXB Trẻ,NXB Trẻ,,,,,FishingBook,available,1000.0,True,True,True
160552933,Nguyễn Ngọc Tư - Giao thừa,92000,92000,0,0.0,0,4,,NXB Trẻ,NXB Trẻ,,,,,Nhà Sách Vĩnh Thụy,available,1000.0,True,True,True
137414849,Sách Hẹn Nhau Phía Sau Tan Vỡ,86000,86000,0,5.0,1,7,An,Nhà xuất bản Phụ Nữ,Nhà Xuất Bản Phụ Nữ,,Bìa mềm,232.0,,Nhà Sách Vĩnh Thụy,available,1000.0,True,True,True
104558481,Sách Sài Gòn Còn Chút Gì Để Nhớ? ,124000,124000,0,5.0,1,5,Ngô Kế Tựu,Phương Nam Book,Nhà Xuất Bản Văn Hóa - Văn Nghệ,,Bìa mềm,272.0,2017-05-12,PHƯƠNG NAM BOOK,available,1000.0,True,True,True
11947997,Chợ nói,24000,24000,0,0.0,0,11,PGS. TS Nguyễn Đình Lễ,Nhà Sách 30 Hàn Thuyên,,,Bìa mềm,112.0,,Nhà sách 30 Hàn Thuyên,available,1000.0,True,True,True
2005427,Sách Chẳng Cũng Khoái Ru,98000,122000,20,4.7,3,95,Đỗ Hồng Ngọc,Phương Nam Book,,,Bìa mềm,239.0,2018-04-23,Tiki Trading,available,1000.0,False,True,True
1647109,Sách Hôm Nay Mình Chỉ Vui Thôi Có Được Không,94000,110000,15,5.0,77,990,Trang Xtd,NXB Trẻ,NXB Trẻ,,Bìa mềm,304.0,2018-01-03,Tiki Trading,available,1000.0,False,True,True
1029604,Sách Những Ngày Buồn Chóng Qua,59700,72000,17,0.0,0,4,"Nguyễn Bảo, Ánh Mai, Nguyên Nguyên, Thắng",Bách Việt,Nhà Xuất Bản Lao Động,,Bìa mềm,256.0,2017-10-16,Nhà sách Fahasa,available,1000.0,True,True,True
601340,Sách Đôi Mắt,70000,70000,0,0.0,0,0,Nam Cao,Minh Long,Nhà Xuất Bản Văn Học,,Bìa mềm,264.0,2017-03-01,VIETNAMBOOK,available,1000.0,True,True,True
584128,Sách Khói Trời Lộng Lẫy,90000,90000,0,0.0,0,0,Nguyễn Ngọc Tư,NXB Trẻ,NXB Trẻ,,Bìa mềm,144.0,2017-01-01,Nhà Sách Vĩnh Thụy,available,1000.0,True,True,True
521517,Sách Con Chó Nhỏ Mang Giỏ Hoa Hồng (Bìa Mềm),95000,95000,0,0.0,0,0,Nguyễn Nhật Ánh,NXB Trẻ,NXB Trẻ,,Bìa mềm,260.0,2016-01-22,Nhà Sách Vĩnh Thụy,available,1000.0,True,True,True
476648,Sách Gió Lạnh Đầu Mùa (Minh Thắng),39000,42000,7,5.0,4,33,Thạch Lam,Nhà sách Minh Thắng,Nhà Xuất Bản Văn Học,,Bìa mềm,154.0,2016-03-07,Bùi Thị Anh,available,1000.0,True,True,True
464685,Sách Lang Thang Trong Chữ,60000,60000,0,0.0,0,0,Hồ Anh Thái,NXB Trẻ,NXB Trẻ,,Bìa mềm,370.0,2015-12-16,SÁCH ĐẠI NAM,available,1000.0,True,True,True
443523,"Sách Khi Phụ Nữ Uống Trà, Đàn Ông Nên Cẩn Thận",65550,69000,5,5.0,1,5,Phan Ý Yên,Phương Nam,Nhà Xuất Bản Phụ Nữ,,Bìa mềm,176.0,2015-08-04,SÁCH ĐẠI NAM,available,1000.0,True,True,True
390223,Bong Bóng Lên Trời - Truyện Dài (Tái Bản),95000,95000,0,0.0,0,29,Nguyễn Nhật Ánh,NXB Trẻ,Tiki Tổng Hợp,,Bìa mềm,174.0,2014-02-20,trungthanh2018,available,1000.0,True,True,True
279188207,Có Một Mùa Xuân Trong Rừng Thẳm,159000,208000,24,0.0,0,0,Yến Tử (Yan Zi),Thái Hà,Nhà Xuất Bản Hà Nội,,,328.0,,Tiki Trading,available,1000.0,False,True,True
278674563,Kỷ Yếu 300 Năm Adam Smith - Người Đặt Nền Tảng Của Kinh Tế Học Phồn Vinh (PB),291540,339000,14,0.0,0,5,nhieu tac gia,PHANBOOK,Nhà Xuất Bản Đà Nẵng,,,,,Văn Lang Official Store,available,1000.0,True,True,True
278216447,Khi Hai Ta Về Một Nhà,98000,98000,0,5.0,1,1,Ông Thỉ Bà Long,Skybooks,Nhà Xuất Bản Phụ Nữ,,Bìa mềm,152.0,2025-06-30,Nhà Sách Phương Nam,available,1000.0,True,True,True
278017457,Sách - Trăng Tan Đáy Nước,135000,150000,10,5.0,1,1,Hoàng Yến,Đang cập nhật,Đang cập nhật,,Bìa mềm,,2023-12-21,Nhà sách Fahasa,available,1000.0,True,True,True
277938214,Sách Nguyễn Nhật Ánh - Người giữ lửa cho văn học thiếu nhi,233000,330000,29,0.0,0,6,Nhiều tác giả,NXB Trẻ,NXB Trẻ,,Bìa mềm,328.0,2025-05-09,Tiki Trading,available,1000.0,False,True,True
276841084,Vùng Trời Thơ Ấu (Tủ Sách Vàng - Tác Phẩm Chọn Lọc Dành Cho Thiếu Nhi) [Tái Bản 2024],52900,60000,12,5.0,1,11,Võ Hồng,Nhà Xuất Bản Kim Đồng,Nhà Xuất Bản Kim Đồng,,Bìa mềm,,2024-03-12,Tiki Trading,available,1000.0,False,True,True
276674228,Về Đi Con (Bìa mềm),120000,120000,0,5.0,1,3,Thích Đạo Quang,NXB Thế Giới,Nhà Xuất Bản Thế Giới,,Bìa mềm,216.0,,Nhà Sách Phương Nam,available,1000.0,True,True,True
276401012,Sách Ngày An Nắng Vàng,79200,99000,20,5.0,2,6,An Trục Thảo,Shinebooks,Nhà Xuất Bản Lao Động,,Bìa mềm,200.0,,Tiki Trading,available,1000.0,False,True,True
276307299,(In màu) VẺ ĐẸP CỦA CẢNH SẮC TẦM THƯỜNG - Đặng Hoàng Giang – Omega Plus (bìa mềm),188000,235000,20,0.0,0,0,,Công ty Cổ phần Sách Omega Việt Nam,Nhà Xuất Bản Hội Nhà Văn,,Bìa mềm,,,Alpha Books Official,available,1000.0,True,True,True
276191279,Hot Girl Và Chàng Lập Dị,80000,80000,0,0.0,0,0,Dương Đỗ Hoàng,VanLangBooks,Nhà Xuất Bản Kim Đồng,,Bìa mềm,,2013-09-02,AN HOA BOOK,available,1000.0,True,True,True
276047404,Lưng Người Thăm Thẳm,95000,95000,0,0.0,0,2,Vũ Thị Huyền Trang,NXB Trẻ,NXB Trẻ,,Bìa mềm,228.0,2024-08-26,Nhà sách NetaBooks,available,1000.0,True,True,True
275987218,Hồ Biểu Chánh - Cười gượng (Tái bản 2024),125000,125000,0,0.0,0,0,Hồ Biểu Chánh,NXB Tổng Hợp Hồ Chí Minh,Nhà Xuất Bản Tổng hợp TP.HCM,,Bìa mềm,188.0,2024-08-01,Taurus 1987 Books,available,1000.0,True,True,True
274810666,Sách Dạo Này Em Có Ổn Không?,83000,90000,8,5.0,2,21,Hạ,DEEP BOOKS,Nhà Xuất Bản Phụ Nữ Việt Nam,,Bìa mềm,240.0,2024-01-24,Tiki Trading,available,1000.0,False,True,True
273868626,Bên Lề Sách Cũ (Tái Bản 2020) - Bìa Cứng,110500,130000,15,0.0,0,1,Vương Hồng Sển,Nhà xuất bản Tổng hợp TP.HCM ,Nhà Xuất Bản Tổng hợp TP.HCM,,,,,NXB TỔNG HỢP,available,1000.0,True,True,True
273372452,Cuối Con Đường Sẽ Gặp Một Người Thương,108000,108000,0,0.0,0,1,Trí,NXB Văn Học,Nhà Xuất Bản Văn Học,,Bìa mềm,264.0,,Nhà Sách Phương Nam,available,1000.0,True,True,True
273183908,Ngày Một Người Rời Xa Một Người,86000,86000,0,0.0,0,0,Heidi Priebe,Skybooks,Nhà Xuất Bản Phụ Nữ Việt Nam,,,,,Bamboo Books,available,1000.0,True,True,True
272412127,Vũ Điệu Buồn Của Chữ,51000,60000,15,0.0,0,0,Nguyễn Thành Nhân,Nhà xuất bản Tổng hợp TP.HCM ,Nhà Xuất Bản Tổng hợp TP.HCM,,,,,NXB TỔNG HỢP,available,1000.0,True,True,True
272321496,Tủ Sách Văn Học Trong Nhà Trường - Truyện Tây Bắc,50000,50000,0,0.0,0,0,Tô Hoài,Nhà Xuất Bản Kim Đồng,Nhà Xuất Bản Kim Đồng,,Bìa mềm,180.0,,FishingBook,available,1000.0,True,True,True
271199918,Truyện của Nguyễn Nhật Ánh - Lá nằm trong lá,100000,100000,0,5.0,1,2,Nguyễn Nhật Ánh,NXB Trẻ,NXB Trẻ,,Bìa mềm,,,HỆ THỐNG NHÀ SÁCH ABC,available,1000.0,True,True,True
271199887,Truyện của Nguyễn Nhật Ánh - Bàn có 5 chỗ ngồi,95000,95000,0,0.0,0,1,Nguyễn Nhật Ánh,NXB Trẻ,NXB Trẻ,,Bìa mềm,,,info book,available,1000.0,True,True,True
270717247,Đến Cuối Cùng Ai Cũng Cần Một Người Thương,98000,98000,0,0.0,0,1,,NXB Phụ Nữ,Nhà Xuất Bản Phụ Nữ,,Bìa mềm,240.0,,Nhà Sách Phương Nam,available,1000.0,True,True,True
249877087,"Đẹp, Buồn & Sâu Thẳm",76500,90000,15,0.0,0,0,,Nhà xuất bản Tổng hợp TP.HCM ,Nhà Xuất Bản Tổng hợp TP.HCM,,Bìa mềm,200.0,2022-12-01,NXB TỔNG HỢP,available,1000.0,True,True,True
215040225,Hồn Đô Thị - Tuyển Chọn Từ Bộ Sách Sài Gòn Chuyện Đời Của Phố,265000,279000,5,5.0,1,1,Phạm Công Luận,Cty Bán Lẻ Phương Nam,Nhà Xuất Bản Thế Giới,,,,,Nhà sách Fahasa,available,1000.0,True,True,True
214611383,Sách Với Ngày Như Lá Tháng Như Mây,96000,135000,29,5.0,3,71,Phạm Công Luận,Phương Nam Book,Nhà Xuất Bản Thế Giới,,Bìa mềm,189.0,2022-07-07,Tiki Trading,available,1000.0,False,True,True
212993252,Sách Già Sao Cho Sướng (Tái bản năm 2022),119000,119000,0,0.0,0,39,Đỗ Hồng Ngọc,Phương Nam Book,Nhà Xuất Bản Thế Giới,,Bìa mềm,192.0,,PHƯƠNG NAM BOOK,available,1000.0,True,True,True
204803613,Sách Hà Nội Một Thuở Phố Và Người,125000,169000,26,5.0,1,59,Nguyễn Việt Cường,Tri Thức Trẻ Books,Nhà Xuất Bản Hà Nội,,Bìa mềm,284.0,2022-11-11,Tiki Trading,available,1000.0,True,True,True
200628437,Vương Hồng Sển - Tạp bút năm Ất Hợi 1995: Di Cảo,220000,220000,0,0.0,0,0,,Bloomsbury Childrens - NXB Trẻ,NXB Trẻ,,,,,HỆ THỐNG NHÀ SÁCH ABC,available,1000.0,True,True,True
198780053,Sâu Thẳm Sự Sống,270000,270000,0,5.0,1,8,GS BS Nguyễn Chấn Hùng,NXB Tổng Hợp TP. HCM,Nhà Xuất Bản Tổng hợp TP.HCM,,Bìa mềm,472.0,2022-09-27,Nhà sách NetaBooks,available,1000.0,True,True,True
184235691,Combo Văn Học Tuổi 20 : Vụn Ký Ức+Bảy Bảy Bốn Chín+Chopin Biến Mất+Chuồng Cọp Trên Cao+Có Thú Dữ Trong Thành Phố+Nửa Lời Chưa Nói Và Vệt Sáng Của Bụi( Bộ 7 cuốn)- Tặng sổ tay,285000,570000,50,5.0,1,4,"Yang Phan, Hoàng Công Danh, Nguyễn Hiền Trang, Nguyễn Thu Hằng, Nguyên Nguyên, Nguyễn Thị Duy Ân, Lê Quang Trạng",NXB Trẻ,NXB Trẻ,,Bìa mềm,1264.0,,NHBook,available,1000.0,True,True,True
166033487,Sách Những Điều Tốt Đẹp Luôn Đúng Hạn Mà Đến,88000,96000,8,5.0,267,1803,Cá yêu tinh – Rei,Người Trẻ Việt,Nhà Xuất Bản Văn Học,,Bìa mềm,176.0,2022-03-06,Tiki Trading,available,1000.0,False,True,True
160552978,In The Golden Sun,84000,88000,5,0.0,0,3,,NXB Trẻ,NXB Trẻ,,,,,Nhân Văn,available,1000.0,True,True,True
1734373,Sách Đi Chơi Bờ Hồ,57000,80000,29,4.8,13,140,Đỗ Phấn,NXB Trẻ,NXB Trẻ,,Bìa mềm,272.0,2018-03-01,Tiki Trading,available,1000.0,False,True,True
584844,Án Tình - 25 Truyện Có Thật,115000,115000,0,0.0,0,0,Pierre Bellemare,Văn Lang,Nhà Xuất Bản Hồng Đức,,,327.0,2017-03-01,Bamboo Books,available,1000.0,True,True,True
553076,Sách Trúng Số,72000,100000,28,4.8,5,47,Song Hà,1980 Books,Nhà Xuất Bản Văn Học,,Bìa mềm,268.0,2016-10-18,1980Books Official,available,1000.0,True,True,True
520724,Sách Bóng Ma Trong Nhà Thờ Cổ,80000,80000,0,0.0,0,0,Cornelia Funke,Nhã Nam,Nhà Xuất Bản Hội Nhà Văn,,Bìa mềm,275.0,2016-07-04,SÁCH ĐẠI NAM,available,1000.0,True,True,True
425910,Sách Đong Tấm Lòng,95000,95000,0,0.0,0,0,Nguyễn Ngọc Tư,NXB Trẻ,NXB Trẻ,,Bìa mềm,146.0,2015-03-05,Nhà Sách Vĩnh Thụy,available,1000.0,True,True,True
417113,Sách Chuyện Của Lý,70000,70000,0,4.8,4,35,Ma Văn Kháng,Nhà sách Hàn Thuyên,,,Bìa mềm,447.0,2013-12-14,Nhà sách 30 Hàn Thuyên,available,1000.0,True,True,True
390422,Phòng Trọ Ba Người: Truyện Dài,72000,72000,0,0.0,0,0,Nguyễn Nhật Ánh,NXB Trẻ,NXB Trẻ,,Bìa mềm,240.0,2014-02-14,Nhà Sách Vĩnh Thụy,available,1000.0,True,True,True
355079,Sách Về Thương Chim Sẻ (Tái Bản),21961,36000,39,4.5,4,53,.,First News - Trí Việt,,,Bìa mềm,158.0,2011-04-29,Tiki Trading,available,1000.0,False,True,True
341561,Độc Chiếm Hoa Khôi - Tủ Sách Tinh Hoa Văn Học,66000,78000,15,2.5,2,66,Tam Ngôn Nhị Phách,Phương Nam,,,Bìa mềm,324.0,2011-10-17,Tiki Trading,available,1000.0,False,True,True
279249507,Tình Yêu và Tuổi Trẻ - Văn - Tập Truyện Ngắn Tâm Lý Tình Cảm Chữa Lành,89000,89000,0,0.0,0,0,Tác giả Văn,Tri Thức Trẻ Books,Nhà Xuất Bản Văn Học,,Bìa mềm tay gấp,108.0,2026-03-20,Tri Thức Trẻ Books,available,1000.0,True,True,True
279133152,Sách - Hà Nội Là Hà Nội,90200,95000,5,0.0,0,0,Nguyễn Trương Quý,NXB Trẻ,NXB Trẻ,,Bìa mềm,,2023-12-21,Nhà sách Fahasa,available,1000.0,True,True,True
279008448,Như Chiếc Lá Gần Rơi (Tác giả: Cao Trí Dũng),95000,95000,0,0.0,0,0,Cao Trí Dũng,Gieobooks,Nhà Xuất Bản Văn Học,,Bìa mềm,224.0,2025-12-26,Bamboo Books,available,1000.0,True,True,True
278785998,Sách - Những Kẻ Ngược Đời,186000,209000,11,0.0,0,0,Higashino Keigo,1980 Books,NXB Dân Trí,,Bìa mềm,,2023-12-21,Nhà sách Fahasa,available,1000.0,True,True,True
278760880,Sách - A Diary Of Silent Effort - Tôi Thích Dáng Vẻ Nỗ Lực Của Chính Mình - Song Ngữ Việt-Anh,90000,99000,9,0.0,0,4,nhieu tac gia,Công Ty Cổ Phần Time Books,NXB Dân Trí,,Bìa mềm,,2023-12-21,Nhà sách Fahasa,available,1000.0,True,True,True
278668661,Sách Nơi Nỗi Buồn Ngủ Yên,80850,105000,23,0.0,0,6,Dưa Hấu Hạt Tím,Người Trẻ Việt,Nhà Xuất Bản Văn Học,,Bìa mềm,184.0,2025-09-19,Tiki Trading,available,1000.0,False,True,True
278629196,Chuyện của mặt trời,99000,99000,0,0.0,0,0,Ngọc Trân,Đông Tây,Nhà Xuất Bản Văn Học,,Bìa mềm tay gấp,197.0,2025-09-11,VIETNAMBOOK,available,1000.0,True,True,True
277744859,Sách Không Câu Nào Nói Yêu Nhưng Tất Cả Đều Là Yêu,52360,68000,23,0.0,0,24,Nhiều tác giả,Skybooks,Nhà Xuất Bản Phụ Nữ,,Bìa mềm,96.0,2025-03-12,Tiki Trading,available,1000.0,False,True,True
277043040,Sách Tự do là chính mình trong phiên bản hạnh phúc và bình an nhất,81000,120000,33,0.0,0,4,"Gini Chinh, Phúc Ân",Công Ty TNHH Sách Và Truyền Thông Việt Nam,Nhà Xuất Bản Hội Nhà Văn,,Bìa mềm,152.0,2025-01-15,Tiki Trading,available,1000.0,True,True,True
277043034,Sách Ông Quới,61000,88000,31,0.0,0,7,hạt cát ngoài xa,Công Ty TNHH Sách Và Truyền Thông Việt Nam,Nhà Xuất Bản Văn Học,,Bìa mềm,112.0,2025-01-15,Tiki Trading,available,1000.0,True,True,True
276706269,Tiệm Sách Của Nàng - Nguyễn Nhật Ánh - Bìa Mềm - Tặng Kèm Bookmark Photostrip + Sổ Tay Màu Ngẫu Nhiên,120000,125000,4,5.0,7,45,Nguyễn Nhật Ánh,NXB Trẻ,NXB Trẻ,,Bìa mềm,272.0,,Nhân Văn,available,1000.0,True,True,True
275956220,Tạp chí Văn Nghệ TP Hồ Chí Minh bộ 4 cuốn (số 133 - 136) ,80000,80000,0,0.0,0,6,Nhiều,Công ty TNHH Không Gian Sống Media,Công ty TNHH Không Gian Sống Media,,Bìa mềm,,,Kiến Trúc và Đời Sống,available,1000.0,True,True,True
274354511,Sách - Hai Đứa Trẻ (Thạch Lam) - SBOOKS,79000,79000,0,0.0,0,1,Thạch Lam,SBOOKS,Nhà Xuất Bản Văn Học,,Bìa mềm,188.0,2024-02-29,TIỆM SÁCH KHAI TÂM,available,1000.0,True,True,True
274094175,Sách Đừng Khóc Không Sao Mà,86000,86000,0,0.0,0,0,Thiềm,Người Trẻ Việt,Nhà Xuất Bản Văn Học,,Bìa mềm,200.0,,Bamboo Books,available,1000.0,True,True,True
273417503,"Sách Chào Ngày Mới, Chúc Bình An",81000,88000,8,5.0,4,85,Tủ Sách Chữa Lành,Skybooks,Nhà Xuất Bản Thế Giới,,Bìa mềm,200.0,,Tiki Trading,available,1000.0,False,True,True
273354434,Tước Gấm Giấu Đay - Bìa Mềm ( Kèm Bookmark Hình Quạt ),198000,198000,0,0.0,0,0,,Công ty TNHH Thương mại và Dịch vụ Văn hóa Hà Nội,Nhà Xuất Bản Phụ Nữ Việt Nam,,Bìa mềm,288.0,2023-11-17,NHBook,available,1000.0,True,True,True
272254004,Sách - Bầu Trời Không Chỉ Có Màu Xanh: Tự Truyện Của Lý Quí Trung - Người Đồng Sáng Lập Thương Hiệu Phở 24-mk,65000,65000,0,0.0,0,0,Lý Quí Trung,NXB Trẻ,NXB Trẻ,,Bìa mềm,182.0,,info book,available,1000.0,True,True,True
272226133,Sách Cá Hồi – Hành Trình Tỉnh Thức,99000,99000,0,0.0,0,5,Tâm Bùi,Nhã Nam,Nhà Xuất Bản Phụ Nữ,,Bìa mềm,255.0,,Bamboo Books,available,1000.0,True,True,True
250229785,Truyện Hư Cấu,155400,169000,8,0.0,0,21,,PHANBOOK,Nhà Xuất Bản Hội Nhà Văn,,,,,Nhà sách Fahasa,available,1000.0,True,True,True
205807545,"Dear, Darling - Người Là Lời An Ủi Dịu Dàng Nhất Đời Tôi",88000,88000,0,4.0,1,4,Hiên,Nhà xuất bản Phụ Nữ,Nhà Xuất Bản Phụ Nữ,,Bìa mềm,200.0,,Nhà Sách Phương Nam,available,1000.0,True,True,True
201055483,"Thu Giang Nguyễn Duy Cần Những Bài Đăng Báo Và Tiểu Luận - Tác giả Nguyễn Văn Nghiêm, Đỗ Biên Thùy",180000,180000,0,0.0,0,0,,NXB Trẻ,NXB Trẻ,,,,,FishingBook,available,1000.0,True,True,True
199020704,Sách Thành Phố Những Lục Địa Bay,94000,109000,14,4.3,6,85,Nguyễn Vĩnh Nguyên,Phương Nam Book,Nhà Xuất Bản Đà Nẵng,,Bìa mềm,192.0,2022-09-09,Tiki Trading,available,1000.0,False,True,True
198075126,Sách AZ - Tôi Thích Bản Thân Nỗ Lực Hơn (Tặng Bookmark),120000,120000,0,0.0,0,0,Chu Xung,Công Ty TNHH Văn Hóa và Truyền Thông AZ Việt Nam,Nhà Xuất Bản Văn Học,,Bìa mềm,380.0,2022-09-20,info book,available,1000.0,True,True,True
189557804,Sách TÌNH THẦY - Ghi lại những kỷ niệm thân yêu với Thầy - Thiền sư Thích Nhất Hạnh,126000,126000,0,5.0,1,5,Chân Hội Nghiêm,Phương Nam Book,Nhà Xuất Bản Thế Giới,,Bìa mềm,160.0,2022-01-01,Nhà sách NetaBooks,available,1000.0,True,True,True
186883758,BOXSET NGUYỄN NHẬT ÁNH -THỜI THƠ ẤU DÀI LÂU - VÀNG ẤM ÁP- 24 CUỐN ( Tặng Sổ Tay ),990000,990000,0,0.0,0,0,Nguyễn Nhật Ánh,NXB Trẻ,NXB Trẻ,,Box,,,HỆ THỐNG NHÀ SÁCH ABC,available,1000.0,True,True,True
177642754,Ân Tình,250000,250000,0,5.0,3,21,,PHANBOOK,Nhà Xuất Bản Hồng Đức,,Bìa mềm,420.0,2022-04-30,Nhà sách NetaBooks,available,1000.0,True,True,True
168576295,Sách Mình Phải Sống Như Biển Rộng Sông Dài,96000,109000,12,5.0,332,1854,Xu,Wavebooks,Nhà Xuất Bản Thế Giới,,Bìa mềm,220.0,2022-03-15,Tiki Trading,available,1000.0,False,True,True
133922954,HÀO QUANG CỦA ĐẤT - Đào Quốc Vịnh,120000,120000,0,0.0,0,1,,SBOOKS,Nhà Xuất Bản Hội Nhà Văn,,Bìa mềm,308.0,2021-09-09,SÁCH ĐẠI NAM,available,1000.0,True,True,True
117254517,Sách Đại Dương Đen - Những Câu Chuyện Từ Thế Giới Của Trầm Cảm,188000,198000,5,0.0,0,4,Đặng Hoàng Giang,Công ty TNHH Xuất bản Thiện Tri Thức,Nhà Xuất Bản Hội Nhà Văn,,Bìa mềm,322.0,2021-08-15,Alpha Books Official,available,1000.0,True,True,True
82936137,Bảo Ninh Tạp Bút (Tái Bản 2021),168000,175000,4,5.0,2,11,"Bảo Ninh, Bao Ninh",NXB Trẻ,NXB Trẻ,,,,,Nhà sách Fahasa,available,1000.0,True,True,True
76386456,Gay Trong Loay Hoay (Truyện Ngắn),116200,125000,7,4.0,1,6,.,VanLangBooks,Nhà Xuất Bản Hội Nhà Văn,,Bìa mềm,232.0,2021-01-12,Nhà sách Fahasa,available,1000.0,True,True,True
36313788,"Lấy Người Mình Yêu, Làm Điều Mình Thích - Tặng Kèm 1 Bookmark + 3 Postcard (Số Lượng Có Hạn)",97500,97500,0,4.6,14,60,Hội đọc sách Từ Hoài,NXB Phụ Nữ,,,,,,Phương Đông Books,available,1000.0,True,True,True
29175016,Sách Hà Nội Phố Ngàn Phố,76000,80000,5,5.0,5,28,.,NXB Trẻ,,,Bìa mềm,252.0,2019-08-01,Nhà sách Fahasa,available,1000.0,True,True,True
11475525,Combo Bước Chậm Lại Giữa Thế Gian Vội Vã và Yêu Những Điều Không Hoàn Hảo ( Tặng Kèm Sổ Tay ),269000,269000,0,5.0,22,350,Hae Min,Nhã Nam,,,Bìa mềm,556.0,2018-12-11,NHBook,available,1000.0,True,True,True
4476293,Sách Những Câu Chuyện Trong Thành Phố,55800,62000,10,0.0,0,4,Vũ Tùng Lâm,NXB Trẻ,,,Bìa mềm,220.0,2018-01-09,Nhà sách Fahasa,available,1000.0,True,True,True
4365329,Sách Tôi Đã Trở Về Trên Núi Cao,116000,116000,0,4.3,12,122,Đỗ Bích Thúy,Liên Việt,Nhà Xuất Bản Hội Nhà Văn,,Bìa mềm,255.0,2018-09-01,Liên Việt Official Store,available,1000.0,True,True,True
570563,Sách Ủ Một Miền Thơm,81000,81000,0,0.0,0,17,Vũ Thượng,ANbooks,Nhà Xuất Bản Tổng hợp TP.HCM,,Bìa mềm,152.0,2017-01-01,Anbooks - Tri thức không biên giới,available,1000.0,True,True,True
417334,Sách Miếng Ngon Hà Nội,40000,40000,0,4.6,17,397,Vũ Bằng,Nhà sách Hàn Thuyên,,,Bìa mềm,203.0,2014-03-14,Nhà sách 30 Hàn Thuyên,available,1000.0,True,True,True
361005,Sách Một Mình Ở Châu Âu,129000,129000,0,0.0,0,0,Phan Việt,Nhã Nam,NXB Trẻ,,Bìa mềm,344.0,2013-01-31,Bamboo Books,available,1000.0,True,True,True
338901,"Sách Trịnh Công Sơn - Tôi Là Ai, Là Ai",240000,240000,0,0.0,0,0,Trịnh Công Sơn,NXB Trẻ,NXB Trẻ,,Bìa mềm,576.0,2011-03-29,info book,available,1000.0,True,True,True
278967720,Sách - Đêm Cho Chuột - Tuyển Tập Những Vụ Án Kì Ảo Của Mikihiko Renjo - Tập 1,95200,119000,20,0.0,0,0,nhieu tac gia,AZ Việt Nam,Nhiều Nhà Xuất Bản,,Bìa mềm,,2023-12-21,Nhà sách Fahasa,available,1000.0,True,True,True
277216679,Sách Bạn là phụ nữ giá trị,91000,148000,39,0.0,0,1,,Tri Thức Trẻ,Nhà Xuất Bản Văn Học,,,,,Tiki Trading,available,1000.0,True,True,True
276799141,(Tái bản 2024) CÁC BẠN TÔI Ở TRÊN ẤY - Nguyên Ngọc – Nhã Nam ,169000,169000,0,0.0,0,1,,Nhã Nam,Nhà Xuất Bản Hội Nhà Văn,,Bìa mềm,,,Bảo Châu Books,available,1000.0,True,True,True
276037117,Lưng Người Thăm Thẳm (Tập truyện ngắn) - Vũ Thị Huyền Trang,95000,95000,0,0.0,0,0,Vũ Thị Huyền Trang,NXB Trẻ,NXB Trẻ,,Bìa mềm tay gấp,228.0,2024-08-28,Bamboo Books,available,1000.0,True,True,True
275629480,"Sách - Nhân gian trà hoa, tác giả: Lạc Thiên",139000,139000,0,5.0,1,1,,Công Ty TNHH Xuất bản và Giáo dục Mochibooks,Nhà Xuất Bản Thế Giới,,Bìa mềm,247.0,2024-07-04,Nhà sách Mochibooks,available,1000.0,True,True,True
275605206,Lặng (Tập truyện),98000,98000,0,0.0,0,5,Trần Hồng Giang,Liên Việt,Nhà Xuất Bản Phụ Nữ Việt Nam,,Bìa mềm,100.0,2024-07-13,Liên Việt Official Store,available,1000.0,True,True,True
275275830,Nỗi Đau Của Bướm Đêm (TTT),138330,159000,13,0.0,0,8,,Tri Thức Trẻ,Nhà Xuất Bản Hội Nhà Văn,,Bìa mềm,196.0,,Văn Lang Official Store,available,1000.0,True,True,True
275237436,Sách Còn đây nỗi nhớ,87000,119000,27,0.0,0,1,Bùi Nguyễn Trường Kiên,NXB Tổng hợp TP.HCM,Nhà Xuất Bản Tổng hợp TP.HCM,,Bìa mềm,516.0,2024-06-01,Tiki Trading,available,1000.0,False,True,True
274045743,Như Ánh Bình Minh Chuyển Mình Rực Rỡ,109000,109000,0,0.0,0,0,Stay In Light,Công ty TNHH Thương mại và Dịch vụ Văn hóa Hà Nội,Nhà Xuất Bản Phụ Nữ Việt Nam,,Bìa mềm,164.0,2024-01-25,Bamboo Books,available,1000.0,True,True,True
273686222,Người Quảng Đi Ăn Mì Quảng (Tái Bản),99000,99000,0,0.0,0,0,Nguyễn Nhật Ánh,NXB Trẻ,NXB Trẻ,,Bìa mềm,202.0,,Nhà Sách Vĩnh Thụy,available,1000.0,True,True,True
273509180,"Bốn Mùa, Trời Và Đất",159800,170000,6,0.0,0,5,Márai Sándor,Nhã Nam,Nhà Xuất Bản Hà Nội,,,,,Nhà sách Fahasa,available,1000.0,True,True,True
273261375,"Từ Điển Tiếng ""Em"" (Tái Bản)",69000,69000,0,0.0,0,0,,AZ Việt Nam,Nhà Xuất Bản Phụ Nữ,,Bìa mềm,279.0,2023-11-07,Bamboo Books,available,1000.0,True,True,True
271199920,Truyện của Nguyễn Nhật Ánh - Còn chút gì để nhớ - Bản đặc biệt BC,550000,550000,0,0.0,0,0,Nguyễn Nhật Ánh,NXB Trẻ,NXB Trẻ,,Bìa cứng,,,info book,available,1000.0,True,True,True
263560342, Biết ơn mình,80100,89000,10,5.0,1,9,Đỗ Hồng Ngọc,Phương Nam Book,Nhà Xuất Bản Văn Hóa - Văn Nghệ,,Bìa mềm,172.0,,Nhà Sách Phương Nam,available,1000.0,True,True,True
263369984,Ước Mơ Đẹp Nhất Là Khi Em Dốc Cạn Trái Tim Theo Đuổi,101100,119000,15,0.0,0,20,|XU|,AZ Việt Nam,Nhà Xuất Bản Thế Giới,,,,,Nhà sách Fahasa,available,1000.0,True,True,True
248683816,"Những Đêm Không Ngủ, Những Ngày Chậm Trôi",86000,86000,0,0.0,0,0,,Người Trẻ Việt,Nhà Xuất Bản Văn Học,,,,,Nhà Sách Vĩnh Thụy,available,1000.0,True,True,True
248538957,Combo 2Q: Đại Dương Đen - Những Câu Chuyện Từ Thế Giới Của Trầm Cảm + Kiếp Nào Ta Cũng Tìm Thấy Nhau,345000,345000,0,0.0,0,0,,Nhã Nam,Nhiều Nhà Xuất Bản,,,,,SÁCH ĐẠI NAM,available,1000.0,True,True,True
242504722,Vh20 - Vệt Sáng Của Bụi,75000,75000,0,0.0,0,0,,Bloomsbury Childrens - NXB Trẻ,NXB Trẻ,,,,,Nhà Sách Vĩnh Thụy,available,1000.0,True,True,True
215727530,Sài Gòn hay ta!,198000,198000,0,0.0,0,0,,Nhã Nam,Nhà Xuất Bản Phụ Nữ,,,,,NHBook,available,1000.0,True,True,True
212425035,"(Bìa cứng, in màu toàn bộ) QUẢ DƯA ĐỎ - Nguyễn Trọng Thuật - Tạ Huy Long minh hoạ -Đông A - NXB Dân Trí",390000,390000,0,0.0,0,0,,Công Ty Cổ Phần Văn Hóa Đông A,Nhà Xuất Bản Dân Trí,,,,,Bamboo Books,available,1000.0,True,True,True
196058082,Gió Lẻ Và 9 Câu Chuyện Khác (Tái Bản 2022),85500,90000,5,0.0,0,4,Nguyễn Ngọc Tư,NXB Trẻ,NXB Trẻ,,,,,Nhà sách Fahasa,available,1000.0,True,True,True
185654039,"""Lời Nguyền"" Gái Miền Tây",71000,71000,0,0.0,0,0,Ngô Tú Ngân,Thái Hà,Nhà Xuất Bản Lao Động,,,,,Bamboo Books,available,1000.0,True,True,True
171625648,Văn Học Tuổi 20 - Vệt Sáng Của Bụi,75000,75000,0,0.0,0,1,,NXB Trẻ,oem,,Bìa mềm,,,Bamboo Books,available,1000.0,True,True,True
168793914,Có Hai Con Mèo Ngồi Bên Cửa Sổ (Tái Bản 2021),100000,100000,0,0.0,0,0,Nguyễn Nhật Ánh,NXB Trẻ,NXB Trẻ,,Bìa mềm,208.0,2021-03-03,info book,available,1000.0,True,True,True
168558613,Sách AZ - Mình Phải Sống Như Biển Rộng Sông Dài,109000,109000,0,0.0,0,0,,AZ Việt Nam,Nhà Xuất Bản Thế Giới,,Bìa mềm,220.0,,Nhà Sách Vĩnh Thụy,available,1000.0,True,True,True
161903423,Sách Chuyện Người Hà Nội,135150,169000,20,5.0,6,78,Nhóm Hà Nội tri thức,Tri Thức Trẻ Books,Nhà Xuất Bản Hà Nội,,Bìa cứng,240.0,2022-02-01,Tiki Trading,available,1000.0,True,True,True
145300485,Sách Kỳ Tích Là Tên Gọi Khác Của Nỗ Lực,109000,124000,12,4.8,273,1764,23thang12,Skybooks,Nhà Xuất Bản Phụ Nữ Việt Nam,,Bìa mềm,224.0,2021-12-12,Tiki Trading,available,1000.0,False,True,True
116947274,Sách - Ám Ảnh Sợ Xã Hội - Chạy Trốn Hay Đối Mặt,125000,125000,0,0.0,0,0,,AZ Việt Nam,nxb thanh nien,,,,,Bamboo Books,available,1000.0,True,True,True
89316127,"Sách - Có Một Ngày, Bố Mẹ Sẽ Già Đi (tặng kèm bookmark)",96000,96000,0,0.0,0,0,,AZ Việt Nam,Nhà Xuất Bản Thế Giới,,,296.0,,info book,available,1000.0,True,True,True
13564614,Sách Bây Giờ Mình Đi Đâu,74000,89000,17,4.0,2,24,Nguyễn Hoàng Mai,Phương Nam Book,,,Bìa mềm,176.0,1900-01-04,Tiki Trading,available,1000.0,False,True,True
11259247,Sách Ban Công Nhà Nọ Có Hạnh Phúc Vừa Rơi,57800,89000,35,4.0,1,14,Lê Hoàng San,Alphabooks,,,Bìa mềm,216.0,2019-03-01,Nhà sách Fahasa,available,1000.0,True,True,True
10501730,Sách Smart Wife - Vợ Ảo,40000,62000,35,5.0,1,36,Kiều Bích Hậu,NXB Phụ Nữ Việt Nam,,,Bìa mềm,200.0,2019-01-30,Tiki Trading,available,1000.0,False,True,True
2719957,Giá Như Em Đủ Can Đảm Để Yêu Anh,64000,95000,33,0.0,0,37,Nguyễn Thị Kim Ngân,Công Ty Cổ Phần Tri thức Văn Hóa Sách Việt Nam,,,Bìa mềm,288.0,,VIETNAMBOOK,available,1000.0,True,True,True
1734383,Số Đỏ - Lý Toét - Xuân Tóc Đỏ Tân Kỳ Dị Truyện,71200,75000,5,5.0,1,5,Lê Minh Quốc,NXB Trẻ,,,Bìa mềm,284.0,2018-03-01,Nhà sách Fahasa,available,1000.0,True,True,True
1659981,Sách Thương Trên Bến Đợi,29000,45000,36,5.0,16,172,Bảo Thương,NXB Trẻ,,,Bìa mềm,134.0,2018-01-01,Tiki Trading,available,1000.0,False,True,True
970230,Sách Những Ngã Tư Và Những Cột Đèn (Tái Bản),200000,200000,0,0.0,0,0,Trần Dần,Nhã Nam,Nhà Xuất Bản Hội Nhà Văn,,Bìa mềm,,2017-09-14,HỆ THỐNG NHÀ SÁCH ABC,available,1000.0,True,True,True
625185,Sách Sến,64600,68000,5,0.0,0,1,Lão Phạm,Nhã Nam,,,Bìa mềm,224.0,2017-05-01,Nhà sách Fahasa,available,1000.0,True,True,True
573697,"Sách Thiện, Ác Và Smartphone",105000,105000,0,4.5,141,0,Đặng Hoàng Giang,,,,,,,,out_of_stock,,False,False,False
559140,Sách Trong Căn Phòng Một Người Bại Liệt,74000,88000,16,5.0,1,47,Nguyễn Quang Thiều,Phương Nam Book,,,Bìa mềm,216.0,2016-11-21,Tiki Trading,available,1000.0,False,True,True
546041,Sách Ngẫu Hứng - Trần Tiến,148000,148000,0,5.0,1,1,Nhạc Sĩ Trần Tiến,First News - Trí Việt,Nhà Xuất Bản Tổng hợp TP.HCM,,Bìa mềm,264.0,2016-09-19,info book,available,1000.0,True,True,True
279269910,Sách - Nước Trên Cọn Vẫn Chạy,109600,129000,15,0.0,0,0,Hoài Sa,Fahasa,Nhà Xuất Bản Thế Giới,,Bìa mềm,,2023-12-21,Nhà sách Fahasa,available,1000.0,True,True,True
279054835,Sách - Kim Vân Kiều (Thanh Tâm Tài Tử) (Nhã Nam Official),209440,238000,12,0.0,0,2,Thanh Tâm Tài Tử,Nhã Nam,Nhà Xuất Bản Thế Giới,,Bìa cứng,438.0,,Nhã Nam Official,available,1000.0,True,True,True
278866126,Sách - Truyện Ngắn Đặc Sắc 2024,120000,138000,13,0.0,0,2,nhieu tac gia,SBOOKS,Nhiều Nhà Xuất Bản,,Bìa mềm,,2023-12-21,Nhà sách Fahasa,available,1000.0,True,True,True
278809805,(Tái bản 2025) NHỮNG NGÀY THƠ ẤU – Nguyên Hồng – Huy Hoàng books - NXB Văn học,50000,50000,0,0.0,0,0,Nguyên Hồng,Huy Hoàng Bookstore,Nhà Xuất Bản Văn Học,,Bìa mềm,132.0,,BÌNH BÁN BOOK,available,1000.0,True,True,True
278054832,Sách Đi Qua Mưa Giông Ngày Mai Là Nắng Hạ,83160,108000,23,0.0,0,4,Yên Hạ,Blue.Books,Nhà Xuất Bản Văn Học,,Bìa mềm,200.0,2025-06-03,Tiki Trading,available,1000.0,False,True,True
277483569,Sách Sông Còn Chưa Cạn,78000,80000,3,0.0,0,6,Lê Minh Hà,Nhà Xuất Bản Kim Đồng,Nhà Xuất Bản Kim Đồng,,Bìa mềm,,2025-01-01,Tiki Trading,available,1000.0,False,True,True
276546962,Sách Ăn phở rất khó thấy ngon,67950,85000,20,5.0,2,19,Nguyễn Trương Quý,NXB Trẻ,NXB Trẻ,,Bìa mềm,200.0,2024-11-13,Tiki Trading,available,1000.0,False,True,True
272321344,Ngược Chiều Thiên Di,42500,50000,15,0.0,0,0,Hoàng Khánh Duy,Nhà xuất bản Tổng hợp TP.HCM ,Nhà Xuất Bản Tổng hợp TP.HCM,,,,,NXB TỔNG HỢP,available,1000.0,True,True,True
271822188,Trái Tim Người Lớn Là Con Hàu Mang Vỏ - nini - Mai Dung dịch - (bìa mềm),190000,190000,0,0.0,0,0,,Nhã Nam,Nhà Xuất Bản Tổng hợp TP.HCM,,Bìa mềm,,2023-09-01,NHBook,available,1000.0,True,True,True
271659370,Crying In Trees,201600,210000,4,0.0,0,0,Nguyễn Nhật Ánh,NXB Trẻ,NXB Trẻ,,,,,Nhà sách Fahasa,available,1000.0,True,True,True
270921236,Sách Tản Văn Chuyện Người Chuyện Ngỗng - Tác Giả Vũ Hoàng Long,99000,99000,0,0.0,0,4,Vũ Hoàng Long,Công ty cổ phần Ahora,Nhà Xuất Bản Thế Giới,,Bìa mềm,123.0,2023-07-18,Taurus 1987 Books,available,1000.0,True,True,True
270804430,"Gửi Bạn, Người Vẫn Luôn Làm Tổn Thương Chính Mình - Lee Hyejin - Byul dịch - (bìa mềm)",105000,105000,0,0.0,0,0,Lee Hyejin,AZ Việt Nam,Nhà Xuất Bản Tổng hợp TP.HCM,,Bìa mềm,216.0,2023-07-01,HỆ THỐNG NHÀ SÁCH ABC,available,1000.0,True,True,True
270460526,NHỮNG TẢN VĂN SUÝT BỊ BỎ QUÊN CỦA BỌ LẬP - Nguyễn Quang Lập - Saigon Books- NXB Bản Hội Nhà Văn,98000,98000,0,0.0,0,0,,Saigon Books,Nhà Xuất Bản Hội Nhà Văn,,,,,info book,available,1000.0,True,True,True
270167963,Sách Chuyện Buồn Chỉ Là Chuyện Cỏn Con,70840,92000,23,5.0,13,189,Chà,Skybooks,Nhà Xuất Bản Phụ Nữ Việt Nam,,Bìa mềm,216.0,2023-01-01,Tiki Trading,available,1000.0,False,True,True
253248348,Thanh Xuân Ấy Tôi Đã Thương Một Người,102300,110000,7,0.0,0,0,Quốc Thái,Cty Văn Hóa Văn Lang,hong duc,,,,,Nhà sách Fahasa,available,1000.0,True,True,True
249878865,Những Đứa Con Rải Rác Trên Đường,330000,330000,0,0.0,0,0,,Bloomsbury Childrens - NXB Trẻ,NXB Trẻ,,,,,info book,available,1000.0,True,True,True
248989387,Việt Nam Danh Tác - Nắng Trong Vườn,52000,52000,0,0.0,0,0,Thạch Lam,Nhà Xuất Bản Hội Nhà Văn,Nhà Xuất Bản Hội Nhà Văn,,Bìa mềm,170.0,,info book,available,1000.0,True,True,True
242630046, Thấu Hiểu Hơn Cả Yêu ,109500,109500,0,0.0,0,0,,AZ Việt Nam,Nhà Xuất Bản Thanh Niên,,,,,AHABOOKS,available,1000.0,True,True,True
242502684,Tạm Biệt Tôi Của Nhiều Năm Về Trước,95000,95000,0,0.0,0,0,,Công Ty TNHH Văn Hóa Và Truyền Thông Skybooks Việt Nam,Nhà Xuất Bản Dân Trí,,,,,info book,available,1000.0,True,True,True
214584782,Chuyện Người Hà Nội - Tập 3,156800,196000,20,0.0,0,1,Nhóm Hà Nội tri thức,CÔNG TY TNHH SÁCH & TRUYỀN THÔNG VIỆT NAM,Nhà Xuất Bản Hà Nội,,,,,Nhà sách Fahasa,available,1000.0,True,True,True
194959695,Sách Thế Giới Mênh Mông Buồn Vui Cất Vào Lòng,69300,90000,23,5.0,28,324,Hall Of Dreamers,Người Trẻ Việt,Nhà Xuất Bản Văn Học,,Bìa mềm,216.0,2022-08-01,Tiki Trading,available,1000.0,False,True,True
176098070,Hương Quê - Sơn Nam,90000,90000,0,0.0,0,0,Sơn Nam,NXB Trẻ,NXB Trẻ,,Bìa mềm,280.0,2022-04-18,HỆ THỐNG NHÀ SÁCH ABC,available,1000.0,True,True,True
170298052,Sách Văn Học Tuổi 20 - Chuồng Cọp Trên Cao,53000,75000,29,3.0,2,51,Nguyễn Thu Hằng,NXB Trẻ,NXB Trẻ,,Bìa mềm,168.0,2022-03-25,Tiki Trading,available,1000.0,False,True,True
169604254,Combo 2 cuốn VIỆT NAM DANH TÁC - BỈ VỎ + VIỆT NAM DANH TÁC - TIÊU SƠN TRÁNG SĨ,229000,229000,0,0.0,0,0,,Nhã Nam,Nhà Xuất Bản Hội Nhà Văn,,,,,Bamboo Books,available,1000.0,True,True,True
165627356,Hong Tay Khói Lạnh,85500,90000,5,5.0,11,109,Nguyễn Ngọc Tư,NXB Trẻ,NXB Trẻ,,,,,Nhà sách Fahasa,available,1000.0,True,True,True
160553068,Thương Nhớ Trà Long - Nguyễn Nhật Ánh,73000,78000,6,5.0,5,33,,NXB Trẻ,NXB Trẻ,,,,,Nhân Văn,available,1000.0,True,True,True
160552938,Nguyễn Ngọc Tư - Cánh Đồng Bất Tận - Phiên Bản Đặc Biệt,335000,335000,0,0.0,0,0,,NXB Trẻ,NXB Trẻ,,,,,FishingBook,available,1000.0,True,True,True
157482436,"Sách Trịnh Công Sơn - Tôi Là Ai, Là Ai… (Tái Bản)",240000,240000,0,5.0,2,4,Nhiều tác giả,NXB Trẻ,NXB Trẻ,,Bìa mềm,582.0,2022-01-01,Nhà Sách Vĩnh Thụy,available,1000.0,True,True,True
83608425,Sách Đổi Nụ Cười Lấy Bên Người Trăm Năm,76000,83000,8,5.0,84,237,Thủy Vũ,DEEP BOOKS,Nhà Xuất Bản Phụ Nữ Việt Nam,,Bìa mềm,168.0,2021-03-15,Tiki Trading,available,1000.0,False,True,True
73508146,Sách Tôi Đã Yêu Người Âm Thầm Như Thế (Tặng Kèm Bookmark),128000,139000,8,5.0,300,1103,,CÔNG TY TNHH R BOOKS,Nhà Xuất Bản Lao Động,,Bìa mềm,300.0,,RBooks Shop,available,1000.0,True,True,True
72751107,Mùa Hoa Nắng - Tập Truyện Ngắn,104500,110000,5,5.0,1,8,Trần Bảo Định,Nhà xuất bản Tổng hợp TP.HCM ,Nhà Xuất Bản Tổng hợp TP.HCM,,Bìa mềm,324.0,2020-11-01,Nhà sách Fahasa,available,1000.0,True,True,True
72745505,"Nghề Giúp Việc - Công Việc Nặng Nhọc, Đồng Lương Ít Ỏi Và Ý Chí Sống Còn Của Người Mẹ (Tự Truyện)",85000,115000,26,4.8,16,105,Stephanie Land,NXB Phụ Nữ Việt Nam,Nhà Xuất Bản Phụ Nữ Việt Nam,,Bìa mềm,318.0,2020-11-01,Tiki Trading,available,1000.0,False,True,True
36710153,Combo Thằng Quỷ Nhỏ + Chú Bé Rắc Rối (Bộ 2 Cuốn),185900,193650,4,5.0,2,14,"Nguyễn Nhật Ánh, Nguyễn Nhật Anh",NXB Trẻ,NXB Trẻ,,,,,AHABOOKS,available,1000.0,True,True,True
22140055,Hà Nội 36 phố phường,39000,39000,0,4.0,5,31,Thạch Lam,Nhà Sách 30 Hàn Thuyên,,,Bìa mềm,228.0,2014-07-04,Nhà sách 30 Hàn Thuyên,available,1000.0,True,True,True
13624067,Sách Gần Như Là Nhà,131100,138000,5,5.0,12,48,Nhiều tác giả,NXB Trẻ,,,Bìa mềm,356.0,2019-04-01,Nhà sách Fahasa,available,1000.0,True,True,True
8048520,Ngoi Lên Từ Đáy,80000,80000,0,0.0,0,0,Nguyễn Trí,NXB Văn Hóa - Văn Nghệ,Nhà Xuất Bản Văn Hóa Văn Nghệ,,Bìa mềm,300.0,,Bamboo Books,available,1000.0,True,True,True
588256,Sách 150 Thuật Ngữ Văn Học,100900,102000,1,4.5,19,94,Lại Nguyên Ân,Nhà sách Minh Thắng,,,,588.0,2017-03-17,Minhhabooks,available,1000.0,True,True,True
540301,"Sách Bánh Mì Thơm, Cà Phê Đắng (Tái Bản 2016)",70000,70000,0,0.0,0,0,Ngô Thị Giáng Uyên,NXB Trẻ,NXB Trẻ,,Bìa mềm,156.0,2016-08-29,Bamboo Books,available,1000.0,True,True,True
474068,Sách Hố,72000,72000,0,0.0,0,0,Louis Sachar,Nhã Nam,Nhà Xuất Bản Hội Nhà Văn,,Bìa mềm,235.0,2016-02-23,info book,available,1000.0,True,True,True
340101,Sách Trịnh Công Sơn - Thư Tình Gửi Một Người,195000,195000,0,5.0,1,2,Trịnh Công Sơn,NXB Trẻ,NXB Trẻ,,Bìa mềm,344.0,2011-03-29,Bamboo Books,available,1000.0,True,True,True
278533745,HÀ THÀNH HƯƠNG XƯA VỊ CŨ – Vũ Thị Tuyết Nhung – Tri thức trẻ – NXB Hà Nội,265000,265000,0,0.0,0,0,Vũ Thị Tuyết Nhung,Tri Thức Trẻ,Nhà Xuất Bản Hà Nội,,Bìa mềm,,,BÌNH BÁN BOOK,available,1000.0,True,True,True
278148231,Sách - Người Huế Kể Chuyện Huế,55000,55000,0,0.0,0,0,Lê Vũ Trường Giang,Nhà Xuất Bản Kim Đồng,Nhà Xuất Bản Kim Đồng,,Bìa mềm,,2023-12-21,Bamboo Books,available,1000.0,True,True,True
278070834,Combo sách song ngữ Just For Youth + Being Yourself + The Journey Into Summer + The Journey Of Youth,123240,158000,22,0.0,0,0,,Công Ty Cổ Phần Time Books,NXB Dân Trí,,Bìa mềm,200.0,,SÁCH TIMEBOOKS,available,1000.0,True,True,True
278054834,Sách Kể Chuyện Bác Hồ (Song Ngữ Việt – Trung),69000,70000,1,0.0,0,1,nhieu tac gia,Nhà Xuất Bản Kim Đồng,Nhà Xuất Bản Kim Đồng,,Bìa mềm,56.0,,Tiki Trading,available,1000.0,False,True,True
277836597,Sách - Triệu Lá Thư Gửi Mẹ - Bìa Cứng,199000,199000,0,0.0,0,0,Mu Ye,Thái Hà,Nhà Xuất Bản Công Thương,,Bìa mềm,,2023-12-21,NHBook,available,1000.0,True,True,True
276905673,"Chầm Chậm Gặp Gỡ, Từ Từ Bên Nhau",88000,88000,0,0.0,0,3,An.,NXB Phụ Nữ,Nhà Xuất Bản Phụ Nữ,,Bìa mềm,152.0,,Nhà Sách Phương Nam,available,1000.0,True,True,True
276650128,Combo Sách song ngữ A Hug For Not Giving Up + The Journey Of Youth + The Journey Into Summer + The Journal To Grow Up,123240,158000,22,0.0,0,0,The Phan Tóc Quoăn,Công Ty Cổ Phần Time Books,NXB Dân Trí,,Bìa mềm,224.0,,SÁCH TIMEBOOKS,available,1000.0,True,True,True
276559315,"Sách Viết Là Tên Cậu, Đọc Là Thanh Xuân",132000,165000,20,0.0,0,4,"Nhiều tác giả, Lá thư gửi đến Tớ là cá con",Deepbooks,Nhà Xuất Bản Phụ Nữ Việt Nam,,Bìa mềm,232.0,,Tiki Trading,available,1000.0,False,True,True
276132444,Sách Ai Cũng Muốn Chúng Mình Chia Tay,66000,88000,25,0.0,0,4,Thought Catalog,Glow Books,Nhà Xuất Bản Dân Trí,,Bìa mềm,152.0,,Tiki Trading,available,1000.0,False,True,True
275987192,"Hạt bụi lênh đênh (Truyện ngắn, tùy bút)",105000,105000,0,0.0,0,0,Elena Pucillo Truong,NXB Tổng Hợp Hồ Chí Minh,Nhà Xuất Bản Tổng hợp TP.HCM,,Bìa mềm,220.0,2024-08-01,Taurus 1987 Books,available,1000.0,True,True,True
274028752,Cố Định Một Đám Mây,125100,139000,10,0.0,0,0,Nguyễn Ngọc Tư,NXB Đà Nẵng,Nhà Xuất Bản Đà Nẵng,,Bìa mềm,184.0,,VIETNAMBOOK,available,1000.0,True,True,True
273452761,Lời Chưa Nói,78000,78000,0,0.0,0,0,,Công ty TNHH Thương mại và Dịch vụ Văn hóa Hà Nội,Nhà Xuất Bản Phụ Nữ Việt Nam,,,,,HỆ THỐNG NHÀ SÁCH ABC,available,1000.0,True,True,True
273053404,Cơn Mưa Bội Bạc - Vũ Thành Sơn - Tiểu thuyết văn học Việt Nam,148000,148000,0,0.0,0,0,Vũ Thành Sơn,NXB Hội Nhà Văn,Nhà Xuất Bản Hội Nhà Văn,,Bìa mềm,320.0,2023-10-17,SÁCH ĐẠI NAM,available,1000.0,True,True,True
272138835,Đám Trẻ Ở Đại Dương Đen (AZ),99000,99000,0,0.0,0,0,Châu Sa Đáy Mắt,AZ Việt Nam,Nhà Xuất Bản Thế Giới,,Bìa mềm,280.0,,info book,available,1000.0,True,True,True
271781611,Cười Gượng,39100,46000,15,0.0,0,2,Hồ Biểu Chánh,Nhà xuất bản Tổng hợp TP.HCM ,Nhà Xuất Bản Tổng hợp TP.HCM,,,,,NXB TỔNG HỢP,available,1000.0,True,True,True
271518333,Dừng Lại Để Nghĩ,48450,57000,15,0.0,0,0,Đinh Thùy Hương,Nhà xuất bản Tổng hợp TP.HCM ,Nhà Xuất Bản Tổng hợp TP.HCM,,,,,NXB TỔNG HỢP,available,1000.0,True,True,True
270743781,Dấu Xưa Xứ Quảng - Ký Ức Thành Phố Tiếng Còi Tàu,180000,180000,0,0.0,0,1,Trần Trung Sáng,NXB Hội Nhà Văn,Nhà Xuất Bản Hội Nhà Văn,,Bìa mềm,243.0,2020-01-06,Nhà Sách Phương Nam,available,1000.0,True,True,True
270712415,Vẫn Là Mùa Hạ Nhưng Không Còn Chúng Ta (Tái bản năm 2023),88000,88000,0,0.0,0,0,Hiên,NXB Phụ Nữ,Nhà Xuất Bản Phụ Nữ,,Bìa mềm,184.0,,Nhà Sách Phương Nam,available,1000.0,True,True,True
270335724,Lê La Từ Nhà Ra Ngõ - Bản Thường,89000,89000,0,0.0,0,0,,Công Ty TNHH Văn Hóa Và Truyền Thông Skybooks Việt Nam,Nhà Xuất Bản Phụ Nữ Việt Nam,,,,,info book,available,1000.0,True,True,True
242502469,Điều Kỳ Diệu Của Tiệm Tạp Hóa Namiya  (Tái Bản) - Tặng Kèm Sổ Tay,105000,105000,0,0.0,0,0,,Nhã Nam,Nhà Xuất Bản Hội Nhà Văn,,,,,HỆ THỐNG NHÀ SÁCH ABC,available,1000.0,True,True,True
242482823,Cây Mạ Ly Huyền Bí - Thiên Sơn (Tập truyện ngắn),90000,90000,0,0.0,0,0,Thiên Sơn, NXB Hội Nhà Văn,Nhà Xuất Bản Hội Nhà Văn,,Bìa mềm,205.0,,SÁCH ĐẠI NAM,available,1000.0,True,True,True
217424456,Ở Trong Đầu Trí Thức,89000,89000,0,5.0,3,14,Phan Đăng,Nhà xuất bản Phụ Nữ,Nhà Xuất Bản Phụ Nữ,,Bìa mềm,336.0,,Bảo Châu Books,available,1000.0,True,True,True
213873069,(Bìa cứng) TRUYỆN NGẮN PHÙNG CUNG - Viện Nhân Học Văn Hóa – Nxb Hội Nhà Văn ,220000,220000,0,0.0,0,3,, NXB Hội Nhà Văn,Nhà Xuất Bản Hội Nhà Văn,,Bìa cứng,,,SÁCH ĐẠI NAM,available,1000.0,True,True,True
206483342,Anh,132000,132000,0,0.0,0,0,Liêu Hà Trinh,Nhà xuất bản Phụ Nữ,Nhà Xuất Bản Phụ Nữ,,Bìa mềm,288.0,,Nhà Sách Phương Nam,available,1000.0,True,True,True
200630867,Hà Nội trong mắt một người. Lan man nghìn năm phố,110000,110000,0,0.0,0,0,,Bloomsbury Childrens - NXB Trẻ,NXB Trẻ,,,,,FishingBook,available,1000.0,True,True,True
196843877,Sách AZ - Mình Phải Sống Như Biển Rộng Sông Dài (Tặng Bookmark),109000,109000,0,0.0,0,0,,Công Ty TNHH Văn Hóa và Truyền Thông AZ Việt Nam,Nhà Xuất Bản Thế Giới,,Bìa mềm,220.0,2022-09-05,info book,available,1000.0,True,True,True
185851613,Hoa Giữa Trời,79000,79000,0,0.0,0,0,Nguyên Sinh,Thái Hà,Nhà Xuất Bản Lao Động,,,,,Bamboo Books,available,1000.0,True,True,True
181367674,Góc Phố Ba Người (Tập truyện ngắn),60000,60000,0,0.0,0,0,,NXB Tổng hợp Thành Phố Hồ Chí Minh,Nhà Xuất Bản Tổng hợp TP.HCM,,Bìa mềm,136.0,2022-05-18,Bamboo Books,available,1000.0,True,True,True
156224973,Sách Chúng Ta Tuổi 40,75000,75000,0,0.0,0,1,Nguyễn Xuân Lâm,Thái Hà,Nhà Xuất Bản Lao Động,,Bìa mềm,164.0,2022-01-01,Nhà Sách Vĩnh Thụy,available,1000.0,True,True,True
139296698,Sách Dường Như Hạnh Phúc Bỏ Quên Mình (Tặng Kèm Bookmark),72000,90000,20,4.8,57,338,Shin,DEEP BOOKS,Nhà Xuất Bản Phụ Nữ Việt Nam,,Bìa mềm,256.0,2021-11-03,Tiki Trading,available,1000.0,False,True,True
137592693,Sách Người Không Đi Cùng Chuyến Tàu,139200,145000,4,0.0,0,0,Nguyễn Quang Thân,Nhà Xuất Bản Văn Hóa - Văn Nghệ,Nhà Xuất Bản Văn Hóa - Văn Nghệ,,Bìa mềm,315.0,2018-09-04,TYMBooks,available,1000.0,True,True,True
105104952,Nhật Ký 300 Ngày Ở Harvard - Học Để Thay Đổi Thế Giới (Tái Bản),110000,110000,0,0.0,0,1,Trương Phạm Hoài Chung,Thái Hà,Nhà Xuất Bản Lao Động,,Bìa mềm,312.0,,HỆ THỐNG NHÀ SÁCH ABC,available,1000.0,True,True,True
45347640,Sách Nối Đuôi Nhau Đến Vô Cùng,94000,146000,36,5.0,1,12,Nguyễn Hải Việt,PHANBOOK,Nhà Xuất Bản Hội Nhà Văn,,Bìa mềm,212.0,2019-08-01,PHAN LỆ & FRIENDS,available,1000.0,True,True,True
6898727,5678 bước chân quanh Hồ Gươm,66000,66000,0,5.0,1,27,Nguyễn Ngọc Tiến,Nhà Sách 30 Hàn Thuyên,,,Bìa mềm,416.0,,Nhà sách 30 Hàn Thuyên,available,1000.0,True,True,True
3939185,Phan Triều Hải - Truyện Ngắn,176000,176000,0,0.0,0,2,Phan Triều Hải,PHANBOOK,Nhà Xuất Bản Văn Học,,Bìa gập,492.0,2018-08-31,Nhà sách NetaBooks,available,1000.0,True,True,True
885340,Sách Sài Gòn Chuyện Đời Của Phố 3,379200,395000,4,0.0,0,2,Phạm Công Luận,Phương Nam,Nhà Xuất Bản Văn Hóa - Văn Nghệ,,Bìa mềm,336.0,2017-07-01,TYMBooks,available,1000.0,True,True,True
714076,Sách Thằng Nớ Con Nhà Ai,90000,90000,0,0.0,0,0,Trương Điện Thắng,Saigon Books,Nhà Xuất Bản Hội Nhà Văn,,Bìa mềm,187.0,2017-07-10,HỆ THỐNG NHÀ SÁCH ABC,available,1000.0,True,True,True
597541,Sách Tây Du Hí Tập 3,72000,72000,0,0.0,0,0,Mèo Mốc,SkyComics,Nhà Xuất Bản Dân Trí,,Bìa mềm,120.0,2017-03-29,Bamboo Books,available,1000.0,True,True,True
477031,Sách Chuyện Vãng Sanh (Tập 2),55500,58500,5,5.0,1,7,Nhóm tác giả,Công ty TNHH TM & DV Văn Hóa Hương Trang,Nhà Xuất Bản Đà Nẵng,,Bìa mềm,426.0,2016-03-08,Chính Thông,available,1000.0,True,True,True
440455,Sách Chiếc Áo Xường Xám Màu Hoa Đào,64000,76000,16,3.5,4,121,Tô Hoài,Phương Nam Book,Nhà Xuất Bản Văn Học,,Bìa mềm,236.0,2015-07-06,Tiki Trading,available,1000.0,False,True,True
279288940,Sách - Sài Gòn - Dòng Sông Tuổi Thơ (Tái Bản 2026),80700,95000,15,0.0,0,0,Lê Văn Nghĩa,NXB Trẻ,NXB Trẻ,,Bìa mềm,,2023-12-21,Nhà sách Fahasa,available,1000.0,True,True,True
278907163,Sách - Các Bạn Tôi Ở Trên Ấy,158800,169000,6,0.0,0,0,nhieu tac gia,Nhã Nam,Nhà Xuất Bản Hội Nhà Văn,,Bìa mềm,,2023-12-21,Nhà sách Fahasa,available,1000.0,True,True,True
278790213,Sách - Viết Cho Những Điều Bé Nhỏ - Ô Cửa Và Vùng Trời,43000,45000,4,0.0,0,0,Hoàng Khánh Duy,Nhà Xuất Bản Kim Đồng,Nhà Xuất Bản Kim Đồng,,Bìa mềm,204.0,,Nhân Văn,available,1000.0,True,True,True
278455332,Sách Già Sao Cho Sướng? - Để Có Một Tuổi Già Hạnh Phúc (Tái bản năm 2025),107100,119000,10,0.0,0,0,Đỗ Hồng Ngọc,Phương Nam Book,Nhà Xuất Bản Thế Giới,,Bìa mềm,187.0,,PHƯƠNG NAM BOOK,available,1000.0,True,True,True
278148191,Sách - Chú Bé Rắc Rối - Phiên Bản Màu Đặc Biệt,459000,510000,10,0.0,0,0,Nguyễn Nhật Ánh,NXB Trẻ,NXB Trẻ,,Bìa mềm,,2023-12-21,Nhà sách Fahasa,available,1000.0,True,True,True
278148137,Sách - Tuyển Tập Truyện Ngắn - Những Ngày Diễm Ảo (In Theo Bản Phượng Giang 1973),83600,95000,12,0.0,0,0,Nhật Linh,Nhà sách Minh Thắng,Nhà Xuất Bản Văn Học,,Bìa mềm,,2023-12-21,Nhà sách Fahasa,available,1000.0,True,True,True
277513577,Chuyện Bé Thỏ - Bìa Cứng (Tác giả: Danbi),155000,155000,0,0.0,0,0,Danbi,Gieobooks,NXB Dân Trí,,Bìa cứng,72.0,2025-03-17,Tazano Official Store,available,1000.0,True,True,True
276333952,Làng Làng Phố Phố Hà Nội,180000,180000,0,0.0,0,0,Nguyễn Ngọc Tiến,Nhã Nam,Nhà Xuất Bản Hội Nhà Văn,,Bìa mềm,436.0,2024-10-05,Nhà sách NetaBooks,available,1000.0,True,True,True
276047344,Nguyễn Xí - Nguyễn Đình Tư,40000,40000,0,0.0,0,0,Nguyễn Đình Tư,Nhà xuất bản Tổng hợp TP.HCM ,Nhà Xuất Bản Tổng hợp TP.HCM,,Bìa mềm,92.0,2024-08-27,Nhà sách NetaBooks,available,1000.0,True,True,True
275420061,"SỐNG - TIN ĐIỀU MÌNH CHỌN, CHỌN ĐIỀU MÌNH TIN",138000,138000,0,0.0,0,3,,Công ty Cổ phần Truyền thông Văn hóa 25,Nhà Xuất Bản Thế Giới,,Bìa mềm tay gấp,228.0,,25 AGENCY,available,1000.0,True,True,True
273645229,Buông Bỏ Những Thứ Không Thuộc Về Mình,76500,90000,15,0.0,0,1,Ngạn Hy,AZ Việt Nam,Nhà Xuất Bản Văn Học,,,,,Nhà sách Fahasa,available,1000.0,True,True,True
273407942,Sách - Những lá thư du hành thời gian - SBOOKS,116000,118000,2,0.0,0,1,,SBOOKS,Nhà Xuất Bản Văn Học,,Bìa mềm,208.0,2023-11-23,SBOOKS OFFICIAL,available,1000.0,True,True,True
273406067,Chúng Ta Sinh Ra Là Để Hạnh Phúc,81800,92000,11,5.0,2,21,nhungdieubinhyen,Skybooks,NXB Dân Trí,,,,,Nhà sách Fahasa,available,1000.0,True,True,True
271817194,Tủ Sách Tuổi Mới Lớn - Một Cuộc Chiến Dữ Dội,63700,65000,2,0.0,0,3,Hoàng Anh Tú,Nhà Xuất Bản Kim Đồng,Nhà Xuất Bản Kim Đồng,,,,,Nhà sách Fahasa,available,1000.0,True,True,True
271518305,Ai Cũng Có Những Ngày Tồi Tệ,90000,90000,0,0.0,0,3,Lâm Văn An,Nhà xuất bản Tổng hợp TP.HCM ,Nhà Xuất Bản Tổng hợp TP.HCM,,,,,NXB TỔNG HỢP,available,1000.0,True,True,True
270794304,Những Tản Văn Suýt Bị Bỏ Quên Của Bọ Lập,98000,98000,0,0.0,0,0,Nguyễn Quang Lập,Công Ty Cổ Phần Văn Hóa Sách Sài Gòn,Nhà Xuất Bản Hội Nhà Văn,,Bìa mềm,200.0,2023-07-28,info book,available,1000.0,True,True,True
270141538,Có Những Ngày Chông Chênh Giữa Phố (Tái bản 2023),76500,90000,15,0.0,0,0,Phạm Minh Mẫn,Nhà xuất bản Tổng hợp TP.HCM ,Nhà Xuất Bản Tổng hợp TP.HCM,,,,,NXB TỔNG HỢP,available,1000.0,True,True,True
263453338,Theo Dấu Chân Người Tình,97750,115000,15,0.0,0,0,Đỗ Quang Tuấn Hoàng,Nhà xuất bản Tổng hợp TP.HCM ,Nhà Xuất Bản Tổng hợp TP.HCM,,,,,NXB TỔNG HỢP,available,1000.0,True,True,True
215388605,Điều Quan Trọng Nhất,160000,160000,0,0.0,0,0,,,,,,,,info book,available,1000.0,True,True,True
214618799,NHỮNG DI CHÚC BỊ PHẢN BỘI - Milan Kundera – Nguyên Ngọc dịch - Nhã Nam,188000,188000,0,0.0,0,1,,Nhã Nam,Nhà Xuất Bản Hội Nhà Văn,,Bìa mềm,,,Bamboo Books,available,1000.0,True,True,True
214595512,Sài Gòn Hay Ta!,198000,198000,0,0.0,0,1,,Nhã Nam,Nhà Xuất Bản Phụ Nữ,,,,,Bamboo Books,available,1000.0,True,True,True
204044640,Chắc Gì Ta Đã Yêu Nhau (Tái Bản 2022),88000,88000,0,0.0,0,0,Minh Nhật,Skybooks,Nhà Xuất Bản Phụ Nữ Việt Nam,,,,,Nhà Sách Vĩnh Thụy,available,1000.0,True,True,True
191632872,"Combo 2 Cuốn Văn Học Gia Đình: Hãy Chăm Sóc Mẹ + Có Một Ngày, Bố Mẹ Sẽ Già Đi",211500,211500,0,0.0,0,5,,Nhiều công ty phát hành,Nhiều Nhà Xuất Bản,,,,,AHABOOKS,available,1000.0,True,True,True
187746403,Trần Triều Nhàn Thoại,95200,119000,20,5.0,2,8,Đồng Lạc,CÔNG TY TNHH SÁCH & TRUYỀN THÔNG VIỆT NAM,Nhà Xuất Bản Hội Nhà Văn,,,,,Nhà sách Fahasa,available,1000.0,True,True,True
183702052,"Nhớ Hà Nội, Thương Sài Gòn",64500,129000,50,0.0,0,0,nhieu tac gia,AZ Việt Nam,Nhà Xuất Bản Đại Học Quốc Gia Hà Nội,,Bìa mềm,312.0,2022-05-04,NHBook,available,1000.0,True,True,True
160553126,Sương Khói Quê Nhà,72000,72000,0,0.0,0,1,,NXB Trẻ,NXB Trẻ,,,,,Nhà Sách Vĩnh Thụy,available,1000.0,True,True,True
160552994,Vừa Nhắm Mắt Vừa Mở Cửa Sổ - Phiên Bản Đặc Biệt,360000,360000,0,0.0,0,0,,NXB Trẻ,NXB Trẻ,,,,,info book,available,1000.0,True,True,True
137453760,Sách Sài Gòn Chuyện Đời Của Phố 4 (Bìa cứng),333000,370000,10,5.0,3,15,Phạm Công Luận,Nhà Xuất Bản Văn Hóa - Văn Nghệ,Nhà Xuất Bản Văn Hóa - Văn Nghệ,,Bìa cứng,,2017-12-01,Nhà Sách Phương Nam,available,1000.0,True,True,True
75454152,Sách Viết Và Đọc Chuyên Đề Mùa Đông 2020,199500,210000,5,3.0,1,4,.,An Nam Books,Nhà Xuất Bản Hội Nhà Văn,,Bìa mềm,375.0,,SÁCH ĐẠI NAM,available,1000.0,True,True,True
53833193,Một cuốn truyện tuyệt vời với những câu từ sắc bén: Phép tính của một nho sĩ,85000,85000,0,0.0,0,0,Trần Vũ,Nhã Nam,Nhà Xuất Bản Hội Nhà Văn,,,,,SÁCH ĐẠI NAM,available,1000.0,True,True,True
51738437,Combo Sách :  Năm Tháng Nhọc Nhằn Năm Tháng Nhớ Thương +  Lê La Quán Xá Quê Nhà,236000,295000,20,0.0,0,0,.,Alphabooks,Nhà Xuất Bản Văn Học,,Bìa mềm,,,Alpha Books Official,available,1000.0,True,True,True
1410127,Sách Tôi Ngồi Đây Chờ Cơn Bão Tới,82800,115000,28,5.0,3,454,Nguyễn Hải Nhật Huy,Nhã Nam,Nhà Xuất Bản Hội Nhà Văn,,Bìa mềm,375.0,2018-01-26,Tiki Trading,available,1000.0,False,True,True
684929,Sách Dị Bản Của Mỗi Nhà,69000,90000,23,0.0,0,78,Nguyên Hương,NXB Trẻ,,,Bìa mềm,244.0,2017-01-04,Tiki Trading,available,1000.0,False,True,True
655977,Sách Dạo Bước Vườn Văn Hàn Quốc,133000,140000,5,0.0,0,6,Phan Thị Thu Hiền,NXB Tổng Hợp,,,Bìa mềm,519.0,2017-05-03,Nhà sách Fahasa,available,1000.0,True,True,True
585218,Sách Trịnh Công Sơn - Thư Tình Gửi Một Người,195000,195000,0,5.0,8,55,Trịnh Công Sơn,NXB Trẻ,NXB Trẻ,,,,,Nhà Sách Vĩnh Thụy,available,1000.0,True,True,True
572956,Sách Người Quảng Đi Ăn Mì Quảng (Tái Bản),62250,75000,17,0.0,0,4,Nguyễn Nhật Ánh,NXB Trẻ,NXB Trẻ,,Bìa mềm,,2017-01-19,Nhà Xuất Bản Trẻ,available,1000.0,True,True,True
571266,Sách Sống Khó Hơn Là Chết,49400,52000,5,0.0,0,3,Trung Trung Đỉnh,Nhã Nam,Nhà Xuất Bản Hội Nhà Văn,,Bìa mềm,159.0,2017-01-11,SÁCH ĐẠI NAM,available,1000.0,True,True,True
540383,Sách Ngôi Nhà Quái Dị,95000,95000,0,0.0,0,0,Agatha Christie,NXB Trẻ,NXB Trẻ,,Bìa mềm,272.0,2016-08-29,Nhà Sách Vĩnh Thụy,available,1000.0,True,True,True
428910,Sách Ngồi Lê Đôi Mách Với Hà Nội,80000,108000,26,5.0,7,305,Đỗ Phấn,NXB Trẻ,NXB Trẻ,,Bìa mềm,295.0,2015-03-24,Tiki Trading,available,1000.0,False,True,True
385282,Sách Chiếc Hộp Giáng Sinh,57000,60000,5,0.0,0,0,Richard Paul Evans,Nhã Nam,Nhà Xuất Bản Văn Học,,Bìa mềm,140.0,2013-12-31,Sống Official,available,1000.0,True,True,True
278866084,Sách - Tháng Ngày Thiên Thanh,102600,118000,13,0.0,0,0,nhieu tac gia,SBOOKS,Nhiều Nhà Xuất Bản,,Bìa mềm,,2023-12-21,Nhà sách Fahasa,available,1000.0,True,True,True
278702605,Câu cửa miệng - Nhàn Vân Đình - Trung tâm Nghiên cứu Quốc học,71250,75000,5,0.0,0,1,Trung Tâm Nghiên Cứu Quốc Học,An Nam Books,Nhà Xuất Bản Văn Học,,Bìa mềm,380.0,2013-08-24,SÁCH ĐẠI NAM,available,1000.0,True,True,True
278147225,Sách - Mai Rồi Mưa Tạnh Trong Xuân (Tái Bản 2025),99700,105000,5,0.0,0,2,Thái Kim Lan,Nhà Xuất Bản Kim Đồng,Nhà Xuất Bản Kim Đồng,,Bìa mềm,,2023-12-21,Nhà sách Fahasa,available,1000.0,True,True,True
277552976,Sách Bốn Mùa Thương Em,71200,89000,20,0.0,0,4,Trxx & Phàm,Deepbooks,Nhà Xuất Bản Dân Trí,,Bìa mềm,160.0,2025-03-12,Tiki Trading,available,1000.0,False,True,True
276273823,Thế Giới Luôn Có Chỗ Cho Chúng Mình,95000,95000,0,0.0,0,0,embedanglon,NXB Phụ Nữ,Nhà Xuất Bản Phụ Nữ,,Bìa mềm,224.0,,Nhà Sách Phương Nam,available,1000.0,True,True,True
276104228,"Không Sao Mà, Có Tớ Ở Đây",84000,84000,0,0.0,0,0,Gọi tui là Bơ,NXB Dân Trí,Nhà Xuất Bản Dân Trí,,Bìa mềm,208.0,,Bamboo Books,available,1000.0,True,True,True
275987214,Hồ Biểu Chánh - Ăn theo thuở ở theo thời (Tái bản 2024),115000,115000,0,0.0,0,0,Hồ Biểu Chánh,NXB Tổng Hợp Hồ Chí Minh,Nhà Xuất Bản Tổng hợp TP.HCM,,Bìa mềm,160.0,2024-08-01,Taurus 1987 Books,available,1000.0,True,True,True
275385418,40 Phút Nữa Tôi Sẽ Về Đến Nhà,135000,135000,0,0.0,0,0,Châu Lộ Minh,NXB Dân Trí,Nhà Xuất Bản Dân Trí,,Bìa mềm,304.0,,Nhà Sách Phương Nam,available,1000.0,True,True,True
275149255,"Cậu Đừng Khóc, Tớ Cùng Cậu Đi Ngắm Hoa",102000,102000,0,0.0,0,0,Lạc Yến,NXB Văn Học,Nhà Xuất Bản Văn Học,,Bìa mềm,232.0,,Bamboo Books,available,1000.0,True,True,True
274810665,"Sách Cậu Đừng Khóc, Tớ Cùng Cậu Đi Ngắm Hoa",79560,102000,22,5.0,1,14,Lạc Yến,Người Trẻ Việt,Nhà Xuất Bản Văn Học,,Bìa mềm,232.0,2024-01-24,Tiki Trading,available,1000.0,False,True,True
274031970,Điều Còn Lại Giữa Chúng Ta- Cuốn Truyện Ngắn Hay,93000,93000,0,0.0,0,0,,Công Ty TNHH Văn Hóa Và Truyền Thông Skybooks Việt Nam,Nhà Xuất Bản Phụ Nữ,,,,,Bamboo Books,available,1000.0,True,True,True
273908923,(Tranh minh hoạ) TRĂNG TAN ĐÁY NƯỚC – Hoàng Yến – Linh Lan Books - NXB Văn Học,168000,168000,0,0.0,0,1,,Linh Lan Books,Nhà Xuất Bản Văn Học,,Bìa mềm,,,NHBook,available,1000.0,True,True,True
273478900,Tết Ở Làng Địa Ngục,169000,169000,0,0.0,0,0,Thảo Trang,Đinh Tị,Nhà Xuất Bản Thanh Niên,,Bìa mềm,544.0,,Nhà Sách Phương Nam,available,1000.0,True,True,True
273379129,"LÊ LA CÀ PHÊ, NGÕ HẺM SÀI GÒN - Lê Vân - (bìa mềm)",80000,80000,0,0.0,0,0,Lê Vân,Nhà xuất bản Tổng hợp TP.HCM ,Nhà Xuất Bản Tổng hợp TP.HCM,,Bìa mềm,196.0,2023-11-01,Bamboo Books,available,1000.0,True,True,True
272887861,Những Truyện Ngắn Mĩ Trứ Danh,172800,180000,4,0.0,0,4,nhieu tac gia,Kim Đồng,Nhà Xuất Bản Kim Đồng,,Bìa mềm,276.0,,TYMBooks,available,1000.0,True,True,True
272646497,Hạnh Phúc Đến Từ Sự Biến Mất,98000,98000,0,0.0,0,0,,First News - Trí Việt,NXB Tổng Hợp Thành Phố Hồ Chí Minh,,,,,AHABOOKS,available,1000.0,True,True,True
272593730,Dài Hơn Một Mùa Hè,108000,108000,0,0.0,0,0,,Công ty TNHH Thương mại và Dịch vụ Văn hóa Hà Nội,Nhà Xuất Bản Phụ Nữ Việt Nam,,Bìa mềm,200.0,2023-10-10,NHBook,available,1000.0,True,True,True
272425581,Những Áng Văn Xuôi Quốc Ngữ Đầu Tiên,131750,155000,15,0.0,0,4,"Trương Vĩnh Ký, Huỳnh Tịnh Của,  Trương Minh Ký",Nhà xuất bản Tổng hợp TP.HCM ,Nhà Xuất Bản Tổng hợp TP.HCM,,,,,NXB TỔNG HỢP,available,1000.0,True,True,True
272382770,Lạc Giữa Tần Số Không Người Nghe,86000,86000,0,0.0,0,0,Macmart,NXB Phụ Nữ,Nhà Xuất Bản Phụ Nữ,,Bìa mềm,192.0,,Nhà Sách Phương Nam,available,1000.0,True,True,True
272187680,Sách Mỗi Vết Thương Là Một Lần Trưởng Thành,89000,99000,10,0.0,0,37,Phoenix Do,DEEP BOOKS,Nhà Xuất Bản Lao Động,,Bìa mềm,256.0,2023-09-20,Tiki Trading,available,1000.0,False,True,True
271817188,Tủ Sách Tuổi Mới Lớn - Phù Sa Của Bầu Trời,71200,75000,5,0.0,0,4,Hà Thanh Phúc,Nhà Xuất Bản Kim Đồng,Nhà Xuất Bản Kim Đồng,,,,,Nhà sách Fahasa,available,1000.0,True,True,True
271484955,Chỉ Cần Em Mạnh Mẽ Sẽ Có Cách Đừng Lo,92000,92000,0,0.0,0,0,,AZ Việt Nam,Nhà Xuất Bản Văn Học,,,,,Bamboo Books,available,1000.0,True,True,True
271140461,Thương Quá Nục Ởi! - Nguyễn Mỹ Nữ - (bìa mềm),75000,75000,0,0.0,0,0,Nguyễn Mỹ Nữ,Nhà xuất bản Tổng hợp TP.HCM ,Nhà Xuất Bản Tổng hợp TP.HCM,,Bìa mềm,216.0,2023-08-01,Bamboo Books,available,1000.0,True,True,True
249306423,Đám Trẻ Ở Đại Dương Đen,99000,99000,0,0.0,0,0,,Wavebooks,Nhà Xuất Bản Thế Giới,,,,,Nhà Sách Vĩnh Thụy,available,1000.0,True,True,True
215727235,Tôi Cầm Mặt Trời Và Ném (SGB),96000,96000,0,0.0,0,1,,Sách điện tử Saigon Books,Nhiều Nhà Xuất Bản,,,,,HỆ THỐNG NHÀ SÁCH ABC,available,1000.0,True,True,True
214495406,Truyện ngắn Buôn Tình,150000,150000,0,0.0,0,3,, NXB Hội Nhà Văn,Nhà Xuất Bản Hội Nhà Văn,,B-format Paperback,159.0,2022-11-01,Vietthings Viết những câu chuyện,available,1000.0,True,True,True
208904830,Lịch Bàn 2023 - Yêu Thương Và Từ Bi,286000,286000,0,0.0,0,0,Đức Đạt Lai Lạt Ma,PHANBOOK,Nhà Xuất Bản Đà Nẵng,,Boxset,365.0,2022-11-30,Nhà sách NetaBooks,available,1000.0,True,True,True
200630928,Những bức di thư Thành cổ,130000,130000,0,0.0,0,2,,Bloomsbury Childrens - NXB Trẻ,NXB Trẻ,,,,,info book,available,1000.0,True,True,True
180749744,"Silly Gilly Daily - Nhật Ký Gilly Cô Nàng Hâm Đơ, Ngơ Nhây",76800,96000,20,0.0,0,0,,Phụ Nữ,Nhà Xuất Bản Phụ Nữ Việt Nam,,,,,Nhà sách Fahasa,available,1000.0,True,True,True
145977548,Sách Kiếp Người - Vĩnh Cửu Và Vô Thường ,79000,79000,0,0.0,0,3,Vũ Hoàng Long,BeBooks,Nhà Xuất Bản Thanh Niên,,Bìa mềm,144.0,2021-12-01,Nhà Sách Vĩnh Thụy,available,1000.0,True,True,True
77914555,"SÁCH - Những tản văn suýt bị bỏ quên của Bọ Lập, Nếu biết ngày mai rời quán trọ (Bộ)",208000,208000,0,0.0,0,0,nhieu tac gia,Saigon Books,Nhà Xuất Bản Hội Nhà Văn,,Bìa mềm,500.0,2021-02-23,HỆ THỐNG NHÀ SÁCH ABC,available,1000.0,True,True,True
72120588,Gánh Gánh... Gồng Gồng...,160000,160000,0,0.0,0,16,,NXB Văn Hóa - Văn Nghệ TP.HCM,Nhà Xuất Bản Văn Hóa - Văn Nghệ TP.HCM,,Bìa mềm,308.0,,Bamboo Books,available,1000.0,True,True,True
68190510,Nghệ Sĩ Sáng Tạo Và Nhà Phê Bình - Tập Truyện Ngắn,80000,80000,0,0.0,0,0,Võ Chí Nhất,Nhà xuất bản Tổng hợp TP.HCM ,Nhà Xuất Bản Tổng hợp TP.HCM,,Bìa mềm,224.0,2020-09-01,Bamboo Books,available,1000.0,True,True,True
48213836,Đôi bàn tay mẹ,72000,75000,4,0.0,0,1,,Nhà Xuất Bản Văn Hóa - Văn Nghệ,Nhà Xuất Bản Văn Hóa - Văn Nghệ TP.HCM,,Bìa mềm,260.0,2020-02-04,TYMBooks,available,1000.0,True,True,True
25775296,Sách Người Thương Đã Cũ,53600,89000,40,4.2,12,167,Nguyên Bảo,Alphabooks,,,Bìa mềm,200.0,2019-08-01,Tiki Trading,available,1000.0,False,True,True
7608276,Những Câu Nói Hay Về Sách Và Văn Hóa Đọc,116200,125000,7,3.3,3,22,Nguyễn Mạnh Hùng,Thái Hà,,,Bìa mềm,268.0,2018-11-21,Nhà sách Fahasa,available,1000.0,True,True,True
5995401,Nguyễn Công Hoan - Truyện Ngắn Hay Chọn Lọc,101200,110000,8,3.0,2,6,Nguyễn Công Hoan,Huy Hoàng Bookstore,,,Bìa mềm,,2018-10-13,Nhà sách Fahasa,available,1000.0,True,True,True
609118,Quê Nội (Ấn Bản Kỉ Niệm 60 Năm NXB Kim Đồng),88000,88000,0,0.0,0,0,Võ Quảng,Nhà Xuất Bản Kim Đồng,Nhà Xuất Bản Kim Đồng,,Bìa mềm,396.0,2017-04-14,FishingBook,available,1000.0,True,True,True
595804,Sách 150 Thuật Ngữ Văn Học,100900,102000,1,4.2,10,50,Lại Nguyên Ân,Nhà sách Minh Thắng,,,Bìa mềm,588.0,2017-01-01,Minhhabooks,available,1000.0,True,True,True
440371,Sách Tình Cát (Tái Bản),100000,124000,19,5.0,3,250,Nguyễn Quang Lập,Phương Nam Book,,,Bìa mềm,312.0,2018-07-01,Tiki Trading,available,1000.0,False,True,True
279132843,Sách - Chúng Ta Sống Để Bước Tiếp - Kèm Chữ Ký Tác Giả,76000,80000,5,0.0,0,0,Nguyễn Phong Việt,NXB Trẻ,NXB Trẻ,,Bìa mềm,,2023-12-21,Nhà sách Fahasa,available,1000.0,True,True,True
278508210,Nói Sao Cho Trẻ Chịu Nghe Và Nghe Sao Cho Trẻ Chịu Nói - Tái Bản (PNB),200250,225000,11,0.0,0,1,"Adele Faber, Elaine Mazlish",Phương Nam Book,Nhà Xuất Bản Thế Giới,,Bìa mềm,428.0,,Văn Lang Official Store,available,1000.0,True,True,True
277874446,Sách Lá cờ bên chiếc ba lô,84000,105000,20,5.0,1,27,Đào Minh Tiến – Dế Mèn Du Ký,Skybooks,Nhà Xuất Bản Dân Trí,,Bìa mềm,184.0,2025-03-12,Tiki Trading,available,1000.0,False,True,True
276502510,Đánh Giá Kỷ Nhân Sinh: Tản Mạn Về Thế Giới,185000,185000,0,0.0,0,0,John Green,NXB Trẻ,NXB Trẻ,,Bìa mềm,416.0,,Nhà Sách Phương Nam,available,1000.0,True,True,True
276462689,Sách Bước qua nước mắt tự khắc trưởng thành,141000,179000,21,0.0,0,47,Anh Khang,Công ty TNHH Bán Lẻ Phương Nam,Nhà Xuất Bản Thế Giới,,Bìa mềm,292.0,2024-11-01,Tiki Trading,available,1000.0,False,True,True
276244891,LÀNG LÀNG PHỐ PHỐ HÀ NỘI - Nguyễn Ngọc Tiến – Nhã Nam,180000,180000,0,0.0,0,0,,Nhã Nam,Nhà Xuất Bản Hội Nhà Văn,,Bìa mềm,,,Nhà Sách Vĩnh Thụy,available,1000.0,True,True,True
275230678,TRONG VÔ VÀN - Dạ Ngân – Tao Đàn – NXB Hội Nhà Văn,141550,149000,5,0.0,0,1,,Cty Sách Tao Đàn,Nhà Xuất Bản Hội Nhà Văn,,,,,SÁCH ĐẠI NAM,available,1000.0,True,True,True
274146075,Một Ngày Cùng Chef - Cuộc Sống Của Người Tạo Ra Hương Vị,195000,195000,0,0.0,0,3,Bếp Đơn,NXB Trẻ,NXB Trẻ,,Bìa mềm,360.0,2024-02-15,Nhà sách NetaBooks,available,1000.0,True,True,True
273257681,Hẹn Nhau Phía Sau Tan Vỡ - An,86000,86000,0,0.0,0,0,An Cương,Skybooks,Nhà Xuất Bản Phụ Nữ Việt Nam,,Bìa mềm,228.0,,HỆ THỐNG NHÀ SÁCH ABC,available,1000.0,True,True,True
272605396,KIẾP NGƯỜI,285000,285000,0,0.0,0,0,,NXB Trẻ,NXB Trẻ,,,,,HỆ THỐNG NHÀ SÁCH ABC,available,1000.0,True,True,True
272396813, Trốn Lên Mái Nhà Để Khóc,95000,95000,0,0.0,0,0,,Skybooks,NXB Dân Trí,,Bìa mềm,208.0,2023-10-05,Bamboo Books,available,1000.0,True,True,True
272352356,"Nước Mỹ, Nước Mỹ Và Những Truyện Ngắn Mới",100000,100000,0,0.0,0,0,Phan Việt,Nhã Nam,Nhà Xuất Bản Hội Nhà Văn,,Bìa mềm,284.0,2023-09-27,Nhà sách NetaBooks,available,1000.0,True,True,True
272227096,Qua Đêm Ở Nhà Các Vua Nguyễn,120000,120000,0,5.0,1,3,Nguyễn Ngọc Tiến,Nhã Nam,Nhà Xuất Bản Hội Nhà Văn,,Bìa mềm,318.0,2023-09-22,Nhà sách NetaBooks,available,1000.0,True,True,True
249858401,  BẮT ĐẦU BẰNG ĐỂ LẠI - Dương Thành Truyền,100000,100000,0,0.0,0,0,,NXB Trẻ,NXB Trẻ,,Bìa mềm,200.0,,FishingBook,available,1000.0,True,True,True
249347311,Khép Mi Lại Và Yêu,88000,88000,0,0.0,0,0,Summer Kat,Skybooks,NXB Dân Trí,,,,,Bamboo Books,available,1000.0,True,True,True
247680877,Tạp Văn Nguyễn Ngọc Tư _TRE,90000,90000,0,0.0,0,0,Nguyễn Ngọc Tư,NXB Trẻ,NXB Trẻ,,Bìa mềm,193.0,,info book,available,1000.0,True,True,True
242893145,Ngày Tháng Nào Đã Ra Đi,99000,99000,0,0.0,0,0,,Sách điện tử Thái Hà,Nhà Xuất Bản Lao Động,,,,,info book,available,1000.0,True,True,True
242087858,"Hương Rừng Cà Mau (Sơn Nam, Bìa Cứng)",495000,495000,0,0.0,0,1,Sơn Nam,NXB Trẻ,NXB Trẻ,,Bìa cứng,930.0,,Bamboo Books,available,1000.0,True,True,True
222358972,Nhân Duyên Mèo Định,198000,198000,0,0.0,0,0,,First News - Trí Việt,Nhà Xuất Bản Dân Trí,,,,,info book,available,1000.0,True,True,True
214922280,Sách Hôm Nay Thương Nhớ Rơi Vỡ Lòng Ai,75460,98000,23,5.0,33,207,A Tòn,Skybooks,Nhà Xuất Bản Phụ Nữ Việt Nam,,Bìa mềm,208.0,2023-01-01,Tiki Trading,available,1000.0,False,True,True
198817458,Cuốn sách: Giải Mã Giấc Mơ,109000,109000,0,0.0,0,0,,AZ Việt Nam,Nhà Xuất Bản Thế Giới,,,,,info book,available,1000.0,True,True,True
195328084,Sách Skybooks - Đừng Khóc Ở Sài Gòn (Tặng Bookmark),95000,95000,0,0.0,0,0,Xuân Thảo,Công Ty TNHH Văn Hóa Và Truyền Thông Skybooks Việt Nam,Nhà Xuất Bản Phụ Nữ Việt Nam,,Bìa mềm,216.0,2022-08-17,info book,available,1000.0,True,True,True
188535080,Sách Đừng Khóc Ở Sài Gòn - Tặng Kèm Bookmark,95000,95000,0,0.0,0,1,Xuân Thảo,Skybooks,Nhà Xuất Bản Phụ Nữ Việt Nam,,Bìa mềm,216.0,2022-06-06,info book,available,1000.0,True,True,True
188189803,[Bìa cứng] NGUYỄN HUY THIỆP – TƯỚNG VỀ HƯU và những truyện ngắn khác - NXB Trẻ,360000,360000,0,0.0,0,1,Nguyễn Huy Thiệp,NXB Trẻ,NXB Trẻ,,Bìa cứng,528.0,,Bamboo Books,available,1000.0,True,True,True
184414112,Giao Thừa (Tái Bản Mới Nhất),95000,95000,0,0.0,0,0,Nguyễn Ngọc Tư,NXB Trẻ,NXB Trẻ,,Bìa mềm,220.0,2022-06-01,FishingBook,available,1000.0,True,True,True
169376040,Drama Nuôi Tôi Lớn Loài Người Dạy Tôi Khôn - Tặng Kèm Postcard + Chữ Ký Tác Giả,99000,99000,0,0.0,0,0,Pương Pương,AZ Việt Nam,Nhà Xuất Bản Phụ Nữ Việt Nam,,,,,Nhà Sách Vĩnh Thụy,available,1000.0,True,True,True
167461993,Tạm Biệt Tôi Của Nhiều Năm Về Trước,89300,95000,6,4.7,9,107,An,Skybooks,Nhà Xuất Bản Dân Trí,,,,,Nhà sách Fahasa,available,1000.0,True,True,True
164336681,Sách Việt Nam Danh Tác - Bỉ Vỏ,85500,90000,5,0.0,0,0,Nguyên Hồng,Nhã Nam,Nhà Xuất Bản Hội Nhà Văn,,Bìa mềm,312.0,2022-02-01,Alpha Books Official,available,1000.0,True,True,True
138324947,Trên Núi Chớ Tìm Non,129000,129000,0,0.0,0,21,Nguyễn Duy Nhiên,Nhà Xuất Bản Hồng Đức,Nhà Xuất Bản Hồng Đức,,Bìa mềm,288.0,2018-02-07,Nhà Sách Phương Nam,available,1000.0,True,True,True
106756670,Về Nguyễn Huy Thiệp,111600,186000,40,4.8,24,148,nhieu tac gia,Liên Việt,NXB Dân Trí,,Bìa mềm,228.0,2021-06-07,Liên Việt Official Store,available,1000.0,True,True,True
77774561,Sách Nguyễn Minh Châu - Dấu Chân Mở Đường,265050,279000,5,0.0,0,1,Mai Hương,An Nam Books,Nhà Xuất Bản Hội Nhà Văn,,Bìa mềm,765.0,2021-02-01,SÁCH ĐẠI NAM,available,1000.0,True,True,True
77222408,Sách - Sến - Nhã Nam (tặng kèm bookmark thiết kế),68000,68000,0,0.0,0,0,Lão Phạm,Nhã Nam,Nhà Xuất Bản Hội Nhà Văn,,,,,SÁCH ĐẠI NAM,available,1000.0,True,True,True
54407639,Combo 3 Cuốn Sách Đặc Sắc Của Nguyễn Nhật Ánh: Tôi Thấy Hoa Vàng Trên Cỏ Xanh + Lá Nằm Trong Lá (Bìa Mềm) + Làm Bạn Với Bầu Trời (Bìa Mềm),360000,360000,0,0.0,0,0,,NXB Trẻ,NXB Trẻ,,Bìa mềm,,,FishingBook,available,1000.0,True,True,True
53833220,Một trong những tác phẩm văn học kinh điển tại Đức: Giờ Đức văn,210000,210000,0,0.0,0,0,Siegfried Lenz,Nhã Nam,Nhà Xuất Bản Hội Nhà Văn,,,,,Bamboo Books,available,1000.0,True,True,True
48633551,Combo 3 cuốn truyện Nguyễn Nhật Ánh: Chuyện cổ tích dành cho người lớn + Cô gái đến từ hôm qua + Mắt biếc,260350,260350,0,0.0,0,1,Nguyễn Nhật Ánh,NXB Trẻ,NXB Trẻ,,Bìa mềm,,,AHABOOKS,available,1000.0,True,True,True
34476093,Combo 4 Cuốn Sách Hay Của Nhà Văn Nguyễn Nhật Ánh: Con Chó Nhỏ Mang Giỏ Hoa Hồng + Tôi Là Bêtô + Cô Gái Đến Từ Hôm Qua + Có Hai Con Mèo Ngồi Bên Cửa Sổ tặng Bookmark,331650,331650,0,4.6,9,95,,NXB Trẻ,NXB Trẻ,,,234.0,,Phương Đông Books,available,1000.0,True,True,True
22430117,Combo Sách: 5 Centimet Trên Giây + Điều Kỳ Diệu Của Tiệm Tạp Hóa (2 cuốn - Tặng kèm bookmark Happy Life),213560,213560,0,5.0,18,91,"Shinkai Makoto, Higachino Keigo",Nhã Nam,Nhiều Nhà Xuất Bản,,Bìa mềm,,,Phương Đông Books,available,1000.0,True,True,True
577014,Ngày Xưa Có Một Chuyện Tình: Truyện Dài ,125000,125000,0,0.0,0,1,Nguyễn Nhật Ánh,NXB Trẻ,NXB Trẻ,,Bìa mềm,344.0,2017-02-27,HỆ THỐNG NHÀ SÁCH ABC,available,1000.0,True,True,True
494128,"Nước Mỹ, Nước Mỹ Và Những Truyện Ngắn Mới",100000,100000,0,0.0,0,1,Phan Việt,Nhã Nam,Nhà Xuất Bản Hội Nhà Văn,,Bìa mềm,284.0,2016-04-25,Bamboo Books,available,1000.0,True,True,True
470608,Sách Không Ai Qua Sông,82000,82000,0,0.0,0,3,Nguyễn Ngọc Tư,NXB Trẻ,NXB Trẻ,,Bìa mềm,160.0,2016-01-22,info book,available,1000.0,True,True,True
278966714,Sách - Hiu Hắt Quê Hương Bến Cỏ Hồng,133200,148000,10,0.0,0,0,nhieu tac gia,Fahasa,Nhà Xuất Bản Hội Nhà Văn,,Bìa mềm,,2023-12-21,Nhà sách Fahasa,available,1000.0,True,True,True
278038859,VIẾT và ĐỌC MÙA XUÂN 2025,210000,210000,0,0.0,0,1,"Nguyễn Quang Thiều, Hội Nhà Văn, NXB Hội Nhà Văn",An Nam Books,Nhà Xuất Bản Hội Nhà Văn,,Bìa mềm,300.0,2025-05-06,SÁCH ĐẠI NAM,available,1000.0,True,True,True
278036670,Sách - Truyện ngắn Lê Minh Khuê,60000,60000,0,0.0,0,0,Lê Minh Khuê,NXB Kim Đồng,Nhà Xuất Bản Kim Đồng,,Bìa mềm,272.0,,FishingBook,available,1000.0,True,True,True
277483564,Sách Những Miền Hương Nhớ (Viết Cho Những Điều Bé Nhỏ),44100,45000,2,5.0,1,10,Trang Thanh,Nhà Xuất Bản Kim Đồng,Nhà Xuất Bản Kim Đồng,,Bìa mềm,196.0,2025-01-01,Tiki Trading,available,1000.0,False,True,True
276493091,Sách Gia đình những nỗi đau ngọt ngào,119950,150000,20,0.0,0,6,"Trương Văn Dân, Elena Pucillo Truong",NXB Tổng Hợp TP. HCM,Nhà Xuất Bản Tổng hợp TP.HCM,,Bìa mềm,376.0,,Tiki Trading,available,1000.0,False,True,True
276370571,Điểm Rơi Nơi Đáy Mắt,105000,105000,0,0.0,0,0,Macmart,AZ Việt Nam,Nhà Xuất Bản Dân Trí,,,216.0,,Bamboo Books,available,1000.0,True,True,True
276008769,Sống Như Gấm Sẽ Có Người Đến Thêm Hoa,99000,99000,0,0.0,0,1,Lý Ái Linh,NXB Dân Trí,Nhà Xuất Bản Dân Trí,,Bìa mềm,168.0,,Nhà Sách Phương Nam,available,1000.0,True,True,True
275218111,Sách MÌNH THẤY GÌ KHI NGƯỚC NHÌN TRỜI XANH,69700,100000,30,5.0,1,1,Quốc Thái,Chibooks,Nhà Xuất Bản Lao Động,,Bìa mềm,180.0,2024-06-01,Tiki Trading,available,1000.0,False,True,True
273519366,Trạm Đọc | Chuyện Buồn Chỉ Là Chuyện Cỏn Con,92000,92000,0,0.0,0,0,,Công Ty TNHH Văn Hóa Và Truyền Thông Skybooks Việt Nam,Nhà Xuất Bản Phụ Nữ,,Bìa mềm,216.0,,HỆ THỐNG NHÀ SÁCH ABC,available,1000.0,True,True,True
273253257,65 truyện ngắn hay dành cho thiếu nhi,550000,550000,0,0.0,0,1,, NXB Kim Đồng,Nhà Xuất Bản Kim Đồng,,,,,Bamboo Books,available,1000.0,True,True,True
271516186,Hai Người Đến Từ Phương Xa - Tủ Sách Tuổi Mới Lớn,74000,80000,8,0.0,0,26,Dương Thụy,Kim Đồng,Nhà Xuất Bản Kim Đồng,,Bìa mềm,148.0,2023-08-24,Tiki Trading,available,1000.0,False,True,True
271476806,Chưa Kịp Lớn Đã Phải Trưởng Thành - Quyển 2 - Phiên Bản Song Ngữ Việt-Trung,71800,79000,9,0.0,0,7,,Công Ty Cổ Phần Time Books,NXB Dân Trí,,,,,Nhà sách Fahasa,available,1000.0,True,True,True
270321764,Đám Trẻ Ở Đại Dương Đen,99000,99000,0,0.0,0,0,,Wavebooks,Nhà Xuất Bản Thế Giới,,,,,info book,available,1000.0,True,True,True
262017993,Trò Chuyện Với Thiên Thần - Những Tai Họa Thế Giới Và Giấc Mơ Việt Nam - Trương Văn Dân - (bìa mềm),140000,140000,0,0.0,0,2,Trương Văn Dân,Nhà xuất bản Tổng hợp TP.HCM ,Nhà Xuất Bản Tổng hợp TP.HCM,,Bìa mềm,376.0,2020-06-01,Bamboo Books,available,1000.0,True,True,True
251577062,Sách Ngày Hôm Nay Của Em Thế Nào,60900,87000,30,5.0,4,39,Dưa,Người Trẻ Việt,Nhà Xuất Bản Văn Học,,Bìa mềm,200.0,2023-04-04,Tiki Trading,available,1000.0,False,True,True
249289120,HIỂU VIỆT NAM - Chuyên đề Hiểu Việt Nam số 1 – Nhiều tác giả – Tao Đàn – Nxb Hội Nhà Văn,198000,198000,0,0.0,0,2,,Cty Sách Tao Đàn,Nhà Xuất Bản Hội Nhà Văn,,Bìa mềm,,,SÁCH ĐẠI NAM,available,1000.0,True,True,True
248413788,Cô gái đến từ hôm qua ,85000,85000,0,0.0,0,0,Nguyễn Nhật Ánh,Nhà Xuất Bản Trẻ,NXB Trẻ,,Bìa mềm,178.0,2023-03-01,FishingBook,available,1000.0,True,True,True
213681789,Ngoại Tình - Bản Quyền,130000,130000,0,0.0,0,0,,1980 Books,Nhà Xuất Bản Phụ Nữ,,Bìa mềm,,,HỆ THỐNG NHÀ SÁCH ABC,available,1000.0,True,True,True
207761211,Ký ức tình,115200,120000,4,0.0,0,1,,Nhà Xuất Bản Hội Nhà Văn,Nhà Xuất Bản Hội Nhà Văn,,Bìa mềm,107.0,2022-10-25,TYMBooks,available,1000.0,True,True,True
207035118,Sách Màu của lửa,73000,90000,19,0.0,0,23,Lê Quang Trạng,NXB Tổng hợp TP.HCM,Nhà Xuất Bản Tổng hợp TP.HCM,,Bìa mềm,228.0,2022-01-01,Tiki Trading,available,1000.0,False,True,True
207008076,Truyện ngắn tác giả họ Phùng: Phùng Thành Chủng - Phùng Trương Quý - Phùng Quốc Hiển - Phùng Kim Trọng - Phùng Văn Khai - Phùng Gia Thế,160000,160000,0,0.0,0,3,,Hội Nhà Văn,Nhà Xuất Bản Hội Nhà Văn,,Bìa cứng,302.0,2022-11-02,SÁCH ĐẠI NAM,available,1000.0,True,True,True
204665316,"Sách Chúng Ta Sống, Là Vì…?",76230,99000,23,5.0,10,261,Nguyễn Phong Việt,Wavebooks,Nhà Xuất Bản Thế Giới,,Bìa mềm,184.0,2022-01-11,Tiki Trading,available,1000.0,False,True,True
202475487,Sách- Những Đứa Con Rải Rác Trên Đường - Bìa Cứng - NXB Trẻ,330000,330000,0,0.0,0,0,,Không có,NXB Trẻ,,,,,Bamboo Books,available,1000.0,True,True,True
197628200,Cuốn sách: Những Điều Tốt Đẹp Luôn Đúng Hạn Mà Đến,96000,96000,0,0.0,0,1,,Người Trẻ Việt,Nhà Xuất Bản Văn Học,,,,,info book,available,1000.0,True,True,True
191123992,Mây Khói Vàng Son - Bản đẹp,290000,290000,0,0.0,0,0,Đào Thu Hà,Công Ty TNHH Sách Và Truyền Thông Việt Nam,Nhà Xuất Bản Hội Nhà Văn,,Bìa cứng,172.0,2022-05-05,SÁCH ĐẠI NAM,available,1000.0,True,True,True
186110099,Nguyễn Tuân - Chuyện Văn Chuyện Đời,114000,120000,5,0.0,0,2,Phạm Đình Ân,Trung Tâm Nghiên Cứu Quốc Học,Nhà Xuất Bản Hội Nhà Văn,,Bìa mềm,366.0,2022-06-10,SÁCH ĐẠI NAM,available,1000.0,True,True,True
164501938,Combo Trưởng Thành: Chưa Kịp Lớn Đã Phải Trưởng Thành và Quỳnh Trần JP – Hướng Nào Tới Mặt Trời?,75000,79000,5,5.0,1,2,Quỳnh Trần JP,Timebooks,NXB Dân Trí,,Bìa mềm,240.0,2022-02-23,Alpha Books Official,available,1000.0,True,True,True
149433780,Tháng Năm Xanh Lam,58400,73000,20,0.0,0,1,Kai Hoàng,Hương Giang,Nhà Xuất Bản Hội Nhà Văn,,Bìa mềm,225.0,2021-12-14,Nhà sách Hương Giang,available,1000.0,True,True,True
149425879,Viết cho tuổi thanh xuân,54400,68000,20,0.0,0,2,Lưu Quang Minh - Trần Duy Thành,Hương Giang,Nhà Xuất Bản Thế Giới,,Bìa mềm,200.0,2021-12-14,Nhà sách Hương Giang,available,1000.0,True,True,True
142675354,"Sách ""Từ Điển"" Sử Dụng Loài Người",80850,105000,23,4.8,418,1798,Matt Haig,BeBooks,Nhà Xuất Bản Thanh Niên,,Bìa mềm,200.0,2021-11-01,Tiki Trading,available,1000.0,False,True,True
128819910,Truyện ngắn Phan Triều Hải - Danh tác văn học Việt Nam đương đại,176000,176000,0,0.0,0,0,Phan Triều Hải,PHANBOOK,Nhà Xuất Bản Văn Học,,Bìa mềm,496.0,,FishingBook,available,1000.0,True,True,True
96390067,"Sách - Thiên Tài Bên Trái, Kẻ Điên Bên Phải",179000,179000,0,0.0,0,0,,AZ Việt Nam,Nhà Xuất Bản Thế Giới,,,424.0,,Nhà Sách Vĩnh Thụy,available,1000.0,True,True,True
82419217,OXFORD VÀ NHỮNG NGỌN THÁP MỘNG MƠ,100000,100000,0,5.0,1,1,,NXB Hội Nhà Văn,Nhà Xuất Bản Văn Học,,Bìa mềm,200.0,2020-12-24,Sách Hà Nội,available,1000.0,True,True,True
46332516,Sách Đào,69000,95000,27,4.2,6,69,Linh Lê,Bách Việt,Nhà Xuất Bản Thanh Niên,,Bìa mềm,276.0,2019-01-12,Tiki Trading,available,1000.0,False,True,True
21762792,Combo Truyện Đặc Sắc của Nguyễn Nhật Ánh: Cô Gái Đến Từ Hôm Qua + Cây Chuối Non Đi Giày Xanh (2 cuốn/ Tặng kèm Bookmark Happy Life),183350,183350,0,4.5,9,111,Nguyễn Nhật Ánh,NXB Trẻ,NXB Trẻ,,Bìa mềm,,,Phương Đông Books,available,1000.0,True,True,True
581805,Sách Đôi Cánh Chức Nữ,65700,89000,26,4.6,7,239,Đinh Hoàng Anh,Alphabooks,,,Bìa mềm,320.0,2017-03-10,Tiki Trading,available,1000.0,False,True,True
531999,Sách Tắm Heo & Tắm Tiên,74000,89000,17,4.8,18,1239,Dương Thụy,Phương Nam Book,,,Bìa mềm,198.0,2016-03-01,Tiki Trading,available,1000.0,False,True,True
507462,Sách Hạnh Phúc Vẫn Đủ Chỗ Cho Ta,68000,85000,20,0.0,0,0,.,NXB Thông tin Truyền thông,Nhà Xuất Bản Thông Tin Và Truyền Thông,,Bìa mềm,172.0,2016-04-22,nxbkhoahoccongnghetruyenthong,available,1000.0,True,True,True
381733,Sách Cho Anh Thêm Một Ngày Nữa Để Yêu Thương,63000,63000,0,0.0,0,0,An Nhiên,Limbooks,Nhà Xuất Bản Văn Học,,Bìa mềm,312.0,2013-12-04,SÁCH ĐẠI NAM,available,1000.0,True,True,True
347801,"Sách Văn Hóa ""Gỡ""",50000,50000,0,0.0,0,0,Vũ Bằng,Phụ Nữ,Nhà Xuất Bản Phụ Nữ,,Bìa mềm,254.0,2012-05-22,SÁCH ĐẠI NAM,available,1000.0,True,True,True
279243513,Sách - Bộ Sách Nếu Như Không Thể Nói Nếu Như + Có Ai Giữ Giùm Những Lãng Quên + Thức Dậy Anh Vẫn Là Mơ (Tái Bản 2025) - Tặng Kèm 3 Bookmark + 3 Postcard,84000,105000,20,0.0,0,0,nhieu tac gia,Skybooks,Nhà Xuất Bản Phụ Nữ,,Bìa mềm,,2023-12-21,Nhà sách Fahasa,available,1000.0,True,True,True
279106122,Sách Xuân kia qua bạc mái đầu,153000,168000,9,0.0,0,0,Văn Bạch Yến,Công Ty TNHH Sách Và Truyền Thông Việt Nam,Nhà Xuất Bản Phụ Nữ Việt Nam,,Bìa mềm,238.0,2026-01-27,Tiki Trading,available,1000.0,False,True,True
278768703,Sách - Tình Yêu Bọ Xít,123500,130000,5,0.0,0,0,nhieu tac gia,Nhã Nam,Nhà Xuất Bản Hội Nhà Văn,,Bìa mềm,,2023-12-21,Nhà sách Fahasa,available,1000.0,True,True,True
278659463,Sách - Văn Mới 10 Năm 2015-2025 - Hợp Tuyển Văn Xuôi Của Các Tác Giả Mới Và Tác Giả Đang Được Mến Mộ,258100,290000,11,5.0,1,47,nhieu tac gia,dong a,Nhà Xuất Bản Hội Nhà Văn,,Bìa mềm,,2023-12-21,Nhà sách Fahasa,available,1000.0,True,True,True
278147263,Sách - Thế Giới Qua Đôi Mắt Cá Của Cô Ấy,101100,119000,15,0.0,0,0,Nguyễn Mai Chi,AZ Việt Nam,Nhà Xuất Bản Thế Giới,,Bìa mềm,,2023-12-21,Nhà sách Fahasa,available,1000.0,True,True,True
277923751,Sách - Lần đầu tiên (Shimamoto Rio) (Tsujimura Mizuki) (Miyabe Miyuki) (Mori Eto) (Nhã Nam Official),112000,112000,0,0.0,0,0,,Nhã Nam,Nhà Xuất Bản Văn Học,,Bìa mềm,224.0,,NHBook,available,1000.0,True,True,True
277362660,Sách - Trở Thành Phiên Bản Điềm Tĩnh Hơn - Phiên Bản Song Ngữ Trung-Việt,94000,119000,21,0.0,0,2,Miêu Công Tử,AZ Việt Nam,Nhà Xuất Bản Lao Động,,Bìa mềm,,2023-12-21,Nhà sách Fahasa,available,1000.0,True,True,True
276546965,Sách Hà Nội là Hà Nội (tản văn),77000,95000,19,5.0,2,16,Nguyễn Trương Quý,NXB Trẻ,NXB Trẻ,,Bìa mềm,232.0,2024-11-13,Tiki Trading,available,1000.0,False,True,True
276104190,Truyện Ngắn Hiện Đại Hàn Quốc Tiêu Biểu - Kiên Cường Trong Gian Khó,180000,180000,0,0.0,0,0,nhieu tac gia,NXB Trẻ,NXB Trẻ,,Bìa mềm,364.0,,Nhà Sách Vĩnh Thụy,available,1000.0,True,True,True
275946540,Sách Nghe Thời Gian Bàn Chuyện Nhân Gian,84700,110000,23,5.0,2,32,Quý Tiện Lâm,I Love Books,Nhà Xuất Bản Thanh Niên,,Bìa mềm,232.0,,Tiki Trading,available,1000.0,False,True,True
275236970,Sách - NNA. Crying In Trees -NXB Trẻ,210000,210000,0,0.0,0,1,,NXB Trẻ,NXB Trẻ,,,,,NHBook,available,1000.0,True,True,True
273791647,Chú Bé Rắc Rối (2022),95000,95000,0,0.0,0,0,Nguyễn Nhật Ánh,NXB Trẻ,NXB Trẻ,,Bìa mềm,184.0,,info book,available,1000.0,True,True,True
273726595,W HAY LÀ KÝ ỨC TUỔI THƠ – Georges Perec – Lê Ngọc Mai dịch – Nhã Nam - NXB Hội Nhà Văn ,118000,118000,0,0.0,0,0,Georges Perec,Nhã Nam,NXB Hội nhà văn,,Bìa mềm,248.0,,FishingBook,available,1000.0,True,True,True
273516693,Con Bệnh - Kim Uyên - Tập truyện ngắn đề tài mặt trái xã hội hiện đại rất hay,100000,100000,0,5.0,1,3,,An Nam Books,Nhà Xuất Bản Hội Nhà Văn,,Bìa mềm,270.0,2023-12-01,SÁCH ĐẠI NAM,available,1000.0,True,True,True
272369248,Qua Đêm Ở Nhà Các Vua Nguyễn,114000,120000,5,0.0,0,1,Nguyễn Ngọc Tiến,Nhã Nam,Nhà Xuất Bản Hội Nhà Văn,,,,,Nhà sách Fahasa,available,1000.0,True,True,True
262822070,Combo 5 tác phẩm của nhà văn Uông Triều: Cô Độc + Bò Hoang Phố Cổ + Đêm Cuối Cùng Ở Ngọa Vân + Tưởng Tượng Và Dấu Vết + Người Mê,569000,569000,0,5.0,2,8,Uông Triều,An Nam Books,Nhà Xuất Bản Hội Nhà Văn,,,1350.0,2023-06-02,SÁCH ĐẠI NAM,available,1000.0,True,True,True
251514786,Tân Liêu Trai,114000,120000,5,0.0,0,4,Bình Nguyên Lộc,NXB Trẻ,NXB Trẻ,,,,,Nhà sách Fahasa,available,1000.0,True,True,True
248936931,Sách Khép Mi Lại Và Yêu,59840,88000,32,4.6,8,97,Summer Kat - Chuyện qua phố,Skybooks,Nhà Xuất Bản Dân Trí,,Bìa mềm,208.0,2023-03-27,Tiki Trading,available,1000.0,False,True,True
247295185,Lính Hà _TRE,85000,85000,0,0.0,0,0,Nguyễn Ngọc Tiến,NXB Trẻ,NXB Trẻ,,Bìa mềm,272.0,,FishingBook,available,1000.0,True,True,True
214912069,Có Ai Ở Đó Không? - Bản Quyền,91000,91000,0,0.0,0,0,,Skybooks,Nhà Xuất Bản Thanh Niên,,,,,info book,available,1000.0,True,True,True
206491173,Sách Những Đoản Khúc Mơ,110000,156000,29,5.0,1,17,Nhiều tác giả,Tri Thức Trẻ Books,Nhà Xuất Bản Văn Học,,Bìa mềm,396.0,2022-12-12,Tiki Trading,available,1000.0,True,True,True
193493840,Việt Nam Danh Tác - Bỉ vỏ,90000,90000,0,0.0,0,0,Nguyên Hồng,Nhã Nam,Nhà Xuất Bản Hội Nhà Văn,,Bìa mềm,312.0,,HỆ THỐNG NHÀ SÁCH ABC,available,1000.0,True,True,True
192124403,Sách Hà Nội trong mắt một người. Lan man nghìn năm phố,82000,110000,25,5.0,11,95,Đỗ Phấn,NXB Trẻ,NXB Trẻ,,Bìa mềm,256.0,2022-08-01,Tiki Trading,available,1000.0,False,True,True
188533774,Danh Tác Văn Học Việt Nam - Truyện Ngắn Khái Hưng (Bìa Mềm),62500,98000,36,5.0,9,50,Khái Hưng,Nhà sách Minh Thắng,Nhà Xuất Bản Văn Học,,Bìa mềm,304.0,2022-03-03,Tiki Trading,available,1000.0,False,True,True
179158542,Lê Minh Khuê Tuyển Tập Truyện Ngắn,175000,175000,0,0.0,0,4,Lê Minh Khuê,Nhà Xuất Bản Đại Học Quốc Gia Hà Nội,Nhà Xuất Bản Đại Học Quốc Gia Hà Nội,,Bìa mềm,520.0,,Bamboo Books,available,1000.0,True,True,True
171625682,Văn Học Tuổi 20 - Cõi Người Mắc Cạn,53950,65000,17,0.0,0,3,,NXB Trẻ,oem,,Bìa mềm,,,Nhà Xuất Bản Trẻ,available,1000.0,True,True,True
168900796,Những Lá Thư Từ Tây Ban Nha,76800,80000,4,0.0,0,1,Prosper Merimee,Nhã Nam,Nhà Xuất Bản Văn Học,,,,,Nhà sách Fahasa,available,1000.0,True,True,True
167926069,Lá Nằm Trong Lá (Tái Bản 2020),100000,100000,0,0.0,0,0,Nguyễn Nhật Ánh,NXB Trẻ,NXB Trẻ,,Bìa mềm,252.0,2020-03-10,Nhà Sách Vĩnh Thụy,available,1000.0,True,True,True
148802196,Sách Nguồn Cội - Chuyện Về Những Người Hai Quê Hương,59040,82000,28,4.6,12,129,Nguyễn Đan Thy,Nhã Nam,Nhà Xuất Bản Dân Trí,,Bìa mềm,166.0,2021-12-01,Tiki Trading,available,1000.0,False,True,True
137482079,Sách Tạp Văn Nguyễn Ngọc Tư (Tái bản năm 2020),88000,88000,0,0.0,0,0,Nguyễn Ngọc Tư,NXB Trẻ,NXB Trẻ,,Bìa mềm,193.0,,Nhà Sách Vĩnh Thụy,available,1000.0,True,True,True
77665325,Người Kép Già - Truyện Ngắn Và Vừa Kim Lân (Với 18 Minh Họa Của Thành Chương),331200,360000,8,5.0,1,4,Kim Lân,Công Ty Cổ Phần Văn Hóa Đông A,Nhà Xuất Bản Hội Nhà Văn,,Bìa cứng,340.0,2021-02-12,Nhà sách Fahasa,available,1000.0,True,True,True
72507071,Combo văn học: TỚ MUỐN ĂN TỤY CỦA CẬU + Truyện Nguyễn Nhật Ánh: Ngày Xưa Có Một Chuyện Tình ,221000,221000,0,0.0,0,0,,Nhã Nam,Nhà Xuất Bản Hội Nhà Văn,,,,,Nhà Sách Vĩnh Thụy,available,1000.0,True,True,True
55582234,Sách Đố Vui Lật Giở Song Ngữ- Đoán Xem Ở Đâu?,52000,52000,0,0.0,0,0,Guido Van Genechten,Nhã Nam,Nhà Xuất Bản Dân Trí,,Bìa cứng,16.0,,info book,available,1000.0,True,True,True
34474177,Combo Truyện Dài Nguyễn Nhật Ánh: Tôi Là Bêtô + Cho Tôi Xin Một Vé Đi Tuổi Thơ Tặng Cuốn rèn luyện kỹ năng cho bé,165000,165000,0,0.0,0,0,,NXB Trẻ,NXB Trẻ,,,300.0,,HỆ THỐNG NHÀ SÁCH ABC,available,1000.0,True,True,True
25980585,Sách Thương Nhau Chung Một Mái Nhà,71200,75000,5,5.0,3,16,Nguyên Hương,NXB Trẻ,,,,,,Nhà sách Fahasa,available,1000.0,True,True,True
7833003,Sách Sống Như Một Nàng Mèo,56000,87000,36,4.8,10,168,Mèo W,Alphabooks,,,Bìa mềm,180.0,2018-01-11,Tiki Trading,available,1000.0,False,True,True
2667177,Sách Mộng Đời Bất Tuyệt,57000,89000,36,5.0,9,131,Nguyễn Tường Bách,PHANBOOK,Nhà Xuất Bản Văn Hóa - Văn Nghệ,,Bìa mềm,153.0,2018-06-19,PHAN LỆ & FRIENDS,available,1000.0,True,True,True
850904,Sách Con Chim Joong Bay Từ A Đến Z,80700,85000,5,4.3,4,28,Đỗ Tiến Thuỵ,NXB Trẻ,NXB Trẻ,,Bìa mềm,316.0,2017-08-31,Nhà sách Fahasa,available,1000.0,True,True,True
420153,Sách Lều Chõng,83000,88000,6,0.0,0,0,Ngô Tất Tố,Nhà sách Minh Thắng,Nhà Xuất Bản Văn Học,,Bìa mềm,424.0,2014-12-16,Bùi Thị Anh,available,1000.0,True,True,True
398526,Sách Luận Về Yêu (Tái Bản 2018),96000,96000,0,0.0,0,2,Alain de Botton,Nhã Nam,Nhà Xuất Bản Lao Động,,Bìa mềm,256.0,2014-05-20,Bamboo Books,available,1000.0,True,True,True
279211966,Sách - Mất Bao Đêm Để Ước Người Ở Lại?,109200,115000,5,0.0,0,0,nhieu tac gia,AZ Việt Nam,Nhà Xuất Bản Hà Nội,,Bìa mềm,,2023-12-21,Nhà sách Fahasa,available,1000.0,True,True,True
278830725,Sách - Những Chú Mèo Nơi Thị Trấn Ulthar - Tuyển Tập H. P. Lovecraft - Tặng Kèm Postcard,36800,40000,8,0.0,0,10,nhieu tac gia,Nhà Xuất Bản Kim Đồng,Nhà Xuất Bản Kim Đồng,,Bìa mềm,,2023-12-21,Nhà sách Fahasa,available,1000.0,True,True,True
278679665,Sách Giá Như Có Người Nói Với Tôi,76230,99000,23,0.0,0,2,Emily Maroutian,Skynovel,Nhà Xuất Bản Phụ Nữ Việt Nam,,Bìa mềm,208.0,2025-09-26,Tiki Trading,available,1000.0,False,True,True
277812988,Sách Tôi Muốn Ở Bên Một Người Dịu Dàng,65450,85000,23,0.0,0,10,Thought Catalog,Glow Books,Nhà Xuất Bản Dân Trí,,Bìa mềm,144.0,2025-03-12,Tiki Trading,available,1000.0,False,True,True
277173075,Sẽ mang theo (Tập truyện ngắn),124800,156000,20,5.0,2,13,Dạ Ngân,Liên Việt,Nhà Xuất Bản Phụ Nữ Việt Nam,,Bìa mềm,288.0,2025-01-23,Liên Việt Official Store,available,1000.0,True,True,True
276762345,Chúng Ta Sống Để Bước Tiếp - TRE,80000,80000,0,0.0,0,0,Nguyễn Phong Việt,NXB Trẻ,NXB Trẻ,,Bìa mềm,192.0,,HỆ THỐNG NHÀ SÁCH ABC,available,1000.0,True,True,True
275624454,TRƯỢT CHÂN TRÊN TẦNG CAO - Hồ Anh Thái– NXB Phụ nữ Việt Nam,148000,148000,0,0.0,0,0,,Nhà xuất bản Phụ Nữ Việt Nam,Nhà Xuất Bản Phụ Nữ Việt Nam,,Bìa mềm,,,Bamboo Books,available,1000.0,True,True,True
274174907,Và Khi Lạc Lối - Còn Có Chúng Tớ Ở Đây Này (ĐT),58650,69000,15,0.0,0,2,,Công Ty TNHH Văn Hóa Đông Tây,Nhà Xuất Bản Thanh Niên,,Bìa mềm,199.0,,Văn Lang Official Store,available,1000.0,True,True,True
274079426,Nhẹ Bước Lãng Du (Bìa Mềm) (Tái Bản 2020 Có Bổ Sung),174250,205000,15,0.0,0,0,GS BS Nguyễn Chấn Hùng,Nhà xuất bản Tổng hợp TP.HCM ,Nhà Xuất Bản Tổng hợp TP.HCM,,,,,NXB TỔNG HỢP,available,1000.0,True,True,True
273914760,Bộ 2 Tập: Khu Tập Thể Bờ Sông,380000,380000,0,0.0,0,3,Phan Khánh,Nhà xuất bản Tổng hợp TP.HCM ,Nhà Xuất Bản Tổng hợp TP.HCM,,,,,NXB TỔNG HỢP,available,1000.0,True,True,True
272358161,Tật Xấu Người Việt,141500,149000,5,5.0,2,11,Di Li,Nhã Nam,Nhà Xuất Bản Hội Nhà Văn,,,,,Nhà sách Fahasa,available,1000.0,True,True,True
249944858,Muội Tro,63750,75000,15,0.0,0,1,Võ Chí Nhất,Nhà xuất bản Tổng hợp TP.HCM ,Nhà Xuất Bản Tổng hợp TP.HCM,,Bìa mềm,188.0,2022-09-01,NXB TỔNG HỢP,available,1000.0,True,True,True
249771920,Sách Đôi Bạn (Bìa Mềm) - Tái Bản,45100,65000,31,0.0,0,25,Nhất Linh,Nhà sách Minh Thắng,Nhà Xuất Bản Văn Học,,Bìa mềm,224.0,2023-02-02,Tiki Trading,available,1000.0,False,True,True
248757791,BOXSET NGUYỄN NHẬT ÁNH 24 CUỐN - THỜI THƠ ẤU DÀI LÂU - VÀNG ẤM ÁP,990000,990000,0,0.0,0,2,Nguyễn Nhật Ánh,NXB Trẻ,NXB Trẻ,,Box,5000.0,2023-03-01,FishingBook,available,1000.0,True,True,True
217125650,Sách Chú Bé Rắc Rối (Tái Bản),95000,95000,0,0.0,0,0,,FIRST NEWS,NXB Trẻ,,,,,Nhà Sách Vĩnh Thụy,available,1000.0,True,True,True
215523296,Khỏa Thân (Tiểu thuyết),199000,199000,0,0.0,0,0,Nguyễn Thế Duyên,Công Ty TNHH Sách Và Truyền Thông Việt Nam,Nhà Xuất Bản Văn Học,,Bìa mềm,332.0,,Bảo Châu Books,available,1000.0,True,True,True
211303009,"Sách - Dám Sống Hướng Nội Và Cực Kỳ Nhạy Cảm - Cẩm Nang Về Ranh Giới, Niềm Vui, Và Sự Chữa Lành",99000,99000,0,0.0,0,0,,,,,,,,HỆ THỐNG NHÀ SÁCH ABC,available,1000.0,True,True,True
204765716,Sách - Gọi Anh Là Cần Vì Anh Cần Em (AZ),125000,125000,0,0.0,0,0,,AZ Việt Nam,NXB Dân Trí,,,,,Nhà Sách Vĩnh Thụy,available,1000.0,True,True,True
201580271,Sách Chuông Gió (Tập 4),133259,174000,23,5.0,83,606,Vĩ Ngư,Văn Việt,Nhà Xuất Bản Thanh Niên,,Bìa mềm,464.0,2022-10-10,Tiki Trading,available,1000.0,False,True,True
195801648,Sách D.Thụy - The Little Doll And The Big Giant,80000,115000,30,4.7,3,34,Dương Thụy,NXB Trẻ,NXB Trẻ,,Bìa mềm,200.0,2022-08-08,Tiki Trading,available,1000.0,False,True,True
186286172,Sách Nữ Sinh (Tái Bản 2022),26000,35000,26,4.7,23,240,Nguyễn Nhật Ánh,NXB Trẻ,NXB Trẻ,,Bìa mềm,168.0,2022-06-06,Tiki Trading,available,1000.0,False,True,True
72459682,Sách Radio Mưa Và Chậu Cây Huyết Dụ,64300,99000,35,4.7,6,19,Minh Nhật,Alphabooks,Nhà Xuất Bản Dân Trí,,Bìa mềm,268.0,2020-11-01,Nhà sách Fahasa,available,1000.0,True,True,True
54671912,Sách Đời Thừa - Danh Tác Văn Học Việt Nam,66000,70000,6,0.0,0,1,Nam Cao,Nhà sách Minh Thắng,Nhà Xuất Bản Văn Học,,Bìa mềm,224.0,2020-01-01,Bùi Thị Anh,available,1000.0,True,True,True
54671910,Sách Tuyển Tập Nguyễn Công Hoan (Bìa Mềm) - Danh Tác Văn Học Việt Nam,113000,120000,6,0.0,0,0,Nguyễn Công Hoan,Nhà sách Minh Thắng,Nhà Xuất Bản Văn Học,,Bìa mềm,572.0,2020-01-01,Bùi Thị Anh,available,1000.0,True,True,True
50295029,Sách Hoa Nở Từ Tâm,45400,79000,43,3.5,2,17,Trần Huy Minh Phương,Chibooks,Nhà Xuất Bản Văn Học,,Bìa mềm,176.0,2020-02-01,Tiki Trading,available,1000.0,False,True,True
48629561,Sách Xin Chào Tình Đã Hôm Qua,49000,99000,51,4.8,13,197,Ann Lee,NXB Trẻ,NXB Trẻ,,Bìa mềm,206.0,2020-02-02,Tiki Trading,available,1000.0,False,True,True
41503130,Sách Danh Tác Việt Nam - Nguyễn Công Hoan Tuyển Tập,98100,109000,10,5.0,1,9,Nguyễn Công Hoan,Trí Việt,,,Bìa mềm,484.0,2019-11-01,Nhà sách Fahasa,available,1000.0,True,True,True
29348712,Nắng Ngoài Ô Cửa Sổ,82000,82000,0,0.0,0,0,Trần Ngọc Mỹ,NXB Văn Hoá Văn Nghệ,,,,,,Bamboo Books,available,1000.0,True,True,True
22092576,Sách Ly Rượu Trần Gian,66500,70000,5,0.0,0,2,Phan Vũ,Nhã Nam,,,Bìa mềm,144.0,2019-07-01,Nhà sách Fahasa,available,1000.0,True,True,True
10693499,Combo Nguyễn Nhật Ánh chọn lọc: Tôi là Bêtô - Con chó nhỏ mang giỏ hoa hồng - Có hai con mèo bên cửa sổ,290000,290000,0,0.0,0,0,Nguyễn Nhật Ánh,NXB Trẻ,NXB Trẻ,,Bìa mềm,,,FishingBook,available,1000.0,True,True,True
1371311,Sách Lục Xì,36100,38000,5,4.5,4,28,Vũ Trọng Phụng,CÔNG TY CỔ PHẦN SÁCH TRÍ THỨC VIỆT,Nhà Xuất Bản Văn Học,,Bìa mềm,240.0,2018-01-01,Nhà sách Fahasa,available,1000.0,True,True,True
1026156,Câu Chữ Truyện Kiều,99700,105000,5,5.0,5,56,An Chi,Văn Lang,,,Bìa mềm,345.0,2017-10-13,Nhà sách Fahasa,available,1000.0,True,True,True
924311,Sách Chuyện Kể Từ Làng Sen,63300,72000,12,5.0,1,17,Chu Trọng Huyến,Tân Việt,,,Bìa mềm,280.0,2017-12-05,Nhà sách Fahasa,available,1000.0,True,True,True
626883,Sách Hầu Chuyện Thượng Đế,76000,110000,31,5.0,3,57,Trần Đăng Khoa,Huy Hoàng Bookstore,,,Bìa mềm,436.0,2017-04-17,Tiki Trading,available,1000.0,False,True,True
597399,Sách Tinh Hoa Văn Học Việt Nam – Số Đỏ (Tiểu Thuyết),50400,72000,30,4.0,1,24,Vũ Trọng Phụng,Liên Việt,Nhà Xuất Bản Hội Nhà Văn,,Bìa mềm,248.0,2017-03-01,Liên Việt Official Store,available,1000.0,True,True,True
479004,Sách Nếu Biết Trăm Năm Là Hữu Hạn (Tái Bản),159000,159000,0,0.0,0,0,Phạm Lữ Ân,Phương Nam,,,Bìa mềm,,2018-07-24,HỆ THỐNG NHÀ SÁCH ABC,available,1000.0,True,True,True
455980,Sách Bức Xúc Không Làm Ta Vô Can,85000,85000,0,5.0,1,20,Đặng Hoàng Giang,Nhã Nam,Nhà Xuất Bản Hội Nhà Văn,,Bìa mềm,221.0,2015-11-02,Bamboo Books,available,1000.0,True,True,True
428913,Sách Sương Mù Tháng Giêng,106400,112000,5,0.0,0,3,Uông Triều,NXB Trẻ,NXB Trẻ,,Bìa mềm,287.0,2015-03-24,SÁCH ĐẠI NAM,available,1000.0,True,True,True
382078,Sách Đến Độ Hoa Vàng,56000,56000,0,5.0,10,147,Đỗ Bích Thúy,Liên Việt,Nhà Xuất Bản Văn Học,,Bìa mềm,210.0,2013-06-19,Liên Việt Official Store,available,1000.0,True,True,True
278788583,Những Ngày Đầu Đọ Sức - Tập Truyện ,180400,205000,12,0.0,0,1,nhieu tac gia,Nhà Xuất Bản Công An Nhân Dân,Nhà Xuất Bản Công An Nhân Dân,,Bìa mềm tay gấp,344.0,2025-10-21,VIETNAMBOOK,available,1000.0,True,True,True
278776490,Sách Tô Màu - Nơi Trú Ẩn Bình Yên - Cửa Tiệm Trong Mơ,89000,89000,0,0.0,0,0,Ida Chiaki,Đinh Tị,Nhà Xuất Bản Hồng Đức,,Bìa mềm,72.0,,Nhân Văn,available,1000.0,True,True,True
278151839,Thư Gửi Nhà Thơ Trẻ,68000,68000,0,0.0,0,0,Rainer Maria Rilke,NXB Văn Học,Nhà Xuất Bản Văn Học,,Bìa mềm,104.0,,Nhà Sách Phương Nam,available,1000.0,True,True,True
277392904,Dọc Đường 2,208000,208000,0,0.0,0,0,Nguyên Ngọc,NXB Hội Nhà Văn,Nhà Xuất Bản Hội Nhà Văn,,Bìa mềm,466.0,,Nhà Sách Phương Nam,available,1000.0,True,True,True
276640792,Sách Chúng Ta Của Những Ngày Tan Vỡ,79200,99000,20,0.0,0,18,Shin’s corner,Wavebooks,Nhà Xuất Bản Thế Giới,,Bìa mềm,216.0,,Tiki Trading,available,1000.0,False,True,True
276608891,"Bước Qua Nước Mắt, Tự Khắc Trưởng Thành",172000,179000,4,0.0,0,1,Anh Khang,Cty Bán Lẻ Phương Nam,Nhà Xuất Bản Thế Giới,,Bìa mềm,292.0,,Nhân Văn,available,1000.0,True,True,True
276412263,Điểm Rơi Nơi Đáy Mắt,105000,105000,0,0.0,0,0,Macmart,NXB Dân Trí,Nhà Xuất Bản Dân Trí,,Bìa mềm,216.0,,Nhà Sách Vĩnh Thụy,available,1000.0,True,True,True
275702186,TRƯỢT CHÂN TRÊN TẦNG CAO - Tập truyện ngắn - Hồ Anh Thái,148000,148000,0,0.0,0,0,Hồ Anh Thái,Nhà xuất bản Phụ Nữ Việt Nam,Nhà Xuất Bản Phụ Nữ Việt Nam,,,,,Bamboo Books,available,1000.0,True,True,True
273594277,Sách Buông Bỏ Những Thứ Không Thuộc Về Mình,69300,90000,23,5.0,3,51,Ngạn Hy,Người Trẻ Việt,Nhà Xuất Bản Văn Học,,Bìa mềm,300.0,2023-12-20,Tiki Trading,available,1000.0,False,True,True
272297096,Mắt nói – những tiếng nói được hồi sinh từ mắt,190000,190000,0,0.0,0,0,,Thái Hà,Nhà Xuất Bản Thế Giới,,,,,Nhà Sách Vĩnh Thụy,available,1000.0,True,True,True
270802569,Gửi Ngày Mai Một Lời Chào,96000,96000,0,0.0,0,0,,Công Ty TNHH Văn Hóa Và Truyền Thông Skybooks Việt Nam,Nhà Xuất Bản Lao Động,,Bìa mềm,256.0,2023-07-29,Bamboo Books,available,1000.0,True,True,True
262469395,Với Đà Lạt Ai Cũng Là Lữ Khách (Tái Bản) - Trẻ,58000,58000,0,0.0,0,0,Nguyễn Vĩnh Nguyên,Công ty cổ phần đầu tư và phát triển giáo dục quốc tế Á Châu,NXB Trẻ,,Bìa mềm,158.0,2019-06-01,info book,available,1000.0,True,True,True
262453842,Vẫn Là Mùa Hạ Nhưng Không Còn Chúng Ta ( Tác giả Hiên),88000,88000,0,0.0,0,0,,Công Ty TNHH Văn Hóa Và Truyền Thông Skybooks Việt Nam,Nhà Xuất Bản Phụ Nữ Việt Nam,,,,,Bamboo Books,available,1000.0,True,True,True
213928374,Tự Học Nâng Cao Kiến Thức Toán 9 (Tái Bản 2022),165000,165000,0,0.0,0,0,,,,,,,,Nhà Sách Vĩnh Thụy,available,1000.0,True,True,True
212326292,"Chúng Ta Sống, Là Vì...",99000,99000,0,0.0,0,0,Nguyễn Phong Việt,NXB Thế Giới,Nhà Xuất Bản Thế Giới,,Bìa mềm,184.0,,Bamboo Books,available,1000.0,True,True,True
210760863,Một Cuốn Sách Trầm Cảm,63600,106000,40,5.0,1,21,Macmart,AZ Việt Nam,nxb thanh nien,,,,,Nhà sách Fahasa,available,1000.0,True,True,True
209873138,"Ô VẺ ĐỜI-Cuộc đời thật ngắn ngủi, đừng phí hoài ngày vui!-Phạm Phú Quảng–Thái Hà-NXB Hà Nội",134000,134000,0,0.0,0,0,,Thái Hà Book,Nhà Xuất Bản Hà Nội,,,,,BÌNH BÁN BOOK,available,1000.0,True,True,True
206335236,Chuyến Bay Tháng Ba,139000,139000,0,0.0,0,0,Lê Khải Việt,Nhà Xuất Bản Đà Nẵng,Nhà Xuất Bản Đà Nẵng,,Bìa mềm,155.0,,Nhà Sách Phương Nam,available,1000.0,True,True,True
200673147,Và Khi Lạc Lối - Tôi Đang Lắng Nghe Chính Tôi,65500,69000,5,0.0,0,2,Nhiều tác giả,Cty Văn Hóa Đông Tây,nxb thanh nien,,,,,Nhà sách Fahasa,available,1000.0,True,True,True
198224386,ĐI KHI TA CÒN TRẺ - Trương Anh Ngọc - Nhã Nam – Nxb Thế Giới (bìa mềm),120000,120000,0,0.0,0,0,Trương Anh Ngọc,Nhã Nam,Nhà Xuất Bản Thế Giới,,Bìa mềm,236.0,,Nhà Sách Vĩnh Thụy,available,1000.0,True,True,True
195952865,Sách SKybooks - Cũng Là “Tiếng Em” Mà Lạ Lắm (Tặng Bookmark),69000,69000,0,0.0,0,0,Khotudien,Công Ty TNHH Văn Hóa Và Truyền Thông Skybooks Việt Nam,Nhà Xuất Bản Phụ Nữ Việt Nam,,Bìa mềm,280.0,2022-08-24,SÁCH ĐẠI NAM,available,1000.0,True,True,True
192875156,Gió đầu mùa & Hà Nội băm sáu phố phường,160000,160000,0,5.0,1,3,Thạch Lam,Đông A,Nhà Xuất Bản Văn Học,,Bìa mềm,252.0,2022-07-29,Cá Chép Bookstore,available,1000.0,True,True,True
137694327,Sách Hà Nội Băm Sáu Phố Phường (Tái Bản),42000,45000,7,0.0,0,2,Thạch Lam,Nhà sách Minh Thắng,Nhà Xuất Bản Văn Học,,Bìa mềm,128.0,2021-11-11,Bùi Thị Anh,available,1000.0,True,True,True
113526685,Sách - Truyện ngắn Nam Cao,44000,44000,0,0.0,0,1,Nam Cao,NXB Kim Đồng,Nhà Xuất Bản Kim Đồng,,Bìa mềm,208.0,,Bamboo Books,available,1000.0,True,True,True
98301204,Sách - Chỉ Cần Mình Kiên Trì Sẽ Được Như Ý Nguyện,90000,90000,0,0.0,0,0,,Người Trẻ Việt,Nhà Xuất Bản Văn Học,,,208.0,,info book,available,1000.0,True,True,True
72751111,Sách Điệu Buồn Phương Nam - Tản Văn,91200,95000,4,5.0,1,16,Kim Chi,Nhà xuất bản Tổng hợp TP.HCM ,Nhà Xuất Bản Tổng hợp TP.HCM,,Bìa mềm,256.0,2020-11-01,Nhà sách Fahasa,available,1000.0,True,True,True
54057019,Sách Người Thổi Đường,81900,125000,34,5.0,2,12,.,NXB Phụ Nữ Việt Nam,Nhà Xuất Bản Phụ Nữ,,Bìa mềm,376.0,2020-04-01,Tiki Trading,available,1000.0,False,True,True
10282785,Sách Những Bức Tranh Phù Thế,178000,199000,11,4.5,8,238,Phạm Công Luận,Phương Nam Book,,,Bìa mềm,197.0,2019-01-01,Tiki Trading,available,1000.0,False,True,True
6756525,Sách Xác Phàm (Tái Bản),64300,99000,35,5.0,2,6,Nguyễn Đình Tú,Alphabooks,,,Bìa mềm,244.0,2018-10-01,Nhà sách Fahasa,available,1000.0,True,True,True
1566839,Bay Lên - Tuyển Tập Truyện Ngắn Chọn Lọc Thế Giới,90000,90000,0,5.0,1,6,.,NXB Phụ Nữ Việt Nam,Nhà Xuất Bản Phụ Nữ,,Bìa mềm,332.0,2018-01-03,Bảo Châu Books,available,1000.0,True,True,True
1038700,Sách Lời Ăn Tiếng Nói Của Người Hà Nội,43000,43000,0,4.7,6,93,Nguyễn Kim Thản,Văn Lang,,,Bìa mềm,190.0,2016-03-18,Nhà sách 30 Hàn Thuyên,available,1000.0,True,True,True
702278,Sách Nguyễn Duy - Ghi Và Nhớ,129000,148000,13,2.0,1,54,Nguyễn Duy,Phương Nam Book,,,Bìa mềm,363.0,2017-06-28,Tiki Trading,available,1000.0,False,True,True
604284,Sách Trúng Số Độc Đắc,65300,66000,1,0.0,0,0,Vũ Trọng Phụng,Minh Long,Nhà Xuất Bản Văn Học,,Bìa mềm,320.0,1970-01-01,Minhhabooks,available,1000.0,True,True,True
597393,Sách Tinh Hoa Văn Học Việt Nam – Làm Đĩ (Tiểu Thuyết),46500,62000,25,4.6,5,32,Vũ Trọng Phụng,Liên Việt,Nhà Xuất Bản Hội Nhà Văn,,Bìa mềm,216.0,2017-03-01,Liên Việt Official Store,available,1000.0,True,True,True
527338,Sách Miền Tây,97000,120000,19,4.7,7,136,Tô Hoài,Phương Nam Book,,,Bìa mềm,358.0,2016-07-19,Tiki Trading,available,1000.0,False,True,True
523496,Sách Mùa Hè Rớt,46000,48000,4,5.0,2,11,Phan - Lê Hữu,Huy Hoàng Bookstore,,,Bìa mềm,98.0,2016-07-09,Nhà sách Fahasa,available,1000.0,True,True,True
415987,Sách A Đây Rồi Hà Nội 7 Món,85000,85000,0,0.0,0,1,Trần Chiến,Quảng Văn,Nhà Xuất Bản Hội Nhà Văn,,Bìa mềm,278.0,2014-11-05,HỆ THỐNG NHÀ SÁCH ABC,available,1000.0,True,True,True
391953,Sách Bạn Văn 2,67000,80000,16,4.5,14,336,Nguyễn Quang Lập,Phương Nam Book,,,Bìa mềm,264.0,2014-03-10,Tiki Trading,available,1000.0,False,True,True
348167,100 Truyện Ngụ Ngôn Hay Nhất,85100,85100,0,0.0,0,0,.,Minh Long,Nhà Xuất Bản Dân Trí,,Bìa mềm,204.0,2012-05-29,Tiệm Sách Minh Vân,available,1000.0,True,True,True
346655,Sách Giây Phút Này Thuộc Về Chúng Ta,42700,45000,5,0.0,0,0,Hạ Tuyết Duyên,Hương Giang,Nhà Xuất Bản Thời Đại,,Bìa mềm,352.0,2012-05-20,Chính Thông,available,1000.0,True,True,True
276636725,"Những Khi Hạnh Phúc, Những Lúc Vỡ Tan",159000,159000,0,0.0,0,0,Kulzsc,NXB Phụ Nữ,Nhà Xuất Bản Phụ Nữ,,Bìa mềm,208.0,,Nhà Sách Phương Nam,available,1000.0,True,True,True
275504607,NHIỀU BUỔI CHIỀU VÀ NHIỀU BUỔI TỐI - Trần Lam Vy (bìa mềm),109000,109000,0,0.0,0,2,,PHANBOOK,Nhà Xuất Bản Tổng hợp TP.HCM,,Bìa mềm,176.0,2024-07-01,Bamboo Books,available,1000.0,True,True,True
275020411,Còn Chút Gì Để Nhớ - Tác Giả Nguyễn Nhật Ánh (NXBT),110000,110000,0,0.0,0,0,Nguyễn Nhật Ánh,NXB Trẻ,NXB Trẻ,,Bìa mềm,,,Nhà Sách Vĩnh Thụy,available,1000.0,True,True,True
274122117,VỚI ĐÀ LẠT AI CŨNG LÀ LỮ KHÁCH - Nguyễn Vĩnh Nguyên - (bìa mềm),68000,68000,0,0.0,0,0,Nguyễn Vĩnh Nguyên,NXB Trẻ,Nhà Xuất Bản Tổng hợp TP.HCM,,Bìa mềm,164.0,2024-02-01,Nhà Sách Vĩnh Thụy,available,1000.0,True,True,True
274045533,"Hoa Gặp Hoa Nở, Người Gặp Người Thương",102000,102000,0,0.0,0,0,SOUL,Công ty TNHH Thương mại và Dịch vụ Văn hóa Hà Nội,Nhà Xuất Bản Phụ Nữ Việt Nam,,Bìa mềm,264.0,2024-01-25,Bamboo Books,available,1000.0,True,True,True
273888813,Chẳng Cũng Khoái Ru - Đỗ Hồng Ngọc - PN120,119000,119000,0,5.0,1,5,Bác Sĩ Đỗ Hồng Ngọc,Nhà xuất bản Tổng hợp TP.HCM ,Nhà Xuất Bản Tổng hợp TP.HCM,,,,,LITTLE BOOKS,available,1000.0,True,True,True
273868569,Bộ Móng Tay Màu Đỏ,80000,80000,0,0.0,0,1,Phát Dương,Nhà xuất bản Tổng hợp TP.HCM ,Nhà Xuất Bản Tổng hợp TP.HCM,,,,,NXB TỔNG HỢP,available,1000.0,True,True,True
273827508,Văn Học Trung Đại Việt Nam Nhìn Từ Thể Loại Tiểu Thuyết Truyền Kỳ Chữ Hán (TH),160000,160000,0,0.0,0,0,Nguyễn Phúc An,NXB Tổng Hợp TPHCM,Nhà Xuất Bản Tổng hợp TP.HCM,,Bìa mềm,400.0,,Bamboo Books,available,1000.0,True,True,True
272830279,Đối Tác Đến Từ Bên Kia,85000,85000,0,0.0,0,0,Phan Ngọc Chính,NXB Tổng Hợp TPHCM,Nhà Xuất Bản Tổng hợp TP.HCM,,,,,Nhà Sách Vĩnh Thụy,available,1000.0,True,True,True
272353547,"NƯỚC MỸ, NƯỚC MỸ VÀ NHỮNG TRUYỆN NGẮN MỚI - Phan Việt - (bìa mềm)",100000,100000,0,0.0,0,0,Phan Việt,Nhã Nam,Nhà Xuất Bản Tổng hợp TP.HCM,,Bìa mềm,284.0,2023-09-25,Bamboo Books,available,1000.0,True,True,True
272321490,Tủ Sách Văn Học Trong Nhà Trường - Truyện Ngắn Nguyễn Công Hoan,55000,55000,0,0.0,0,0,Nguyễn Công Hoan,Nhà Xuất Bản Kim Đồng,Nhà Xuất Bản Kim Đồng,,Bìa mềm,290.0,,Nhà Sách Vĩnh Thụy,available,1000.0,True,True,True
271199908,Truyện của Nguyễn Nhật Ánh - Cảm ơn người lớn,110000,110000,0,0.0,0,1,Nguyễn Nhật Ánh,NXB Trẻ,NXB Trẻ,,Bìa mềm,,,info book,available,1000.0,True,True,True
270122634,Chỉ Sợ Bay Qua Những Thân Thiết Cuộc Đời,179100,199000,10,0.0,0,1,Nguyễn Trí Thức,NXB Thông Tin Và truyền Thông,Nhà Xuất Bản Thông Tin Và Truyền Thông,,Bìa mềm,334.0,2023-07-11,Bảo Châu Books,available,1000.0,True,True,True
253620307,Đôi Lứa Xứng Đôi - Nửa Đêm - Cười - Ấn Bản Giới Hạn - Bìa Da Microfiber,1200000,1200000,0,0.0,0,4,Nam Cao,dong a,Nhà Xuất Bản Văn Học,,,,,Nhà sách Fahasa,available,1000.0,True,True,True
251443194,Ma Gánh Hát V/S Ma Bịnh Viện,99000,99000,0,0.0,0,0,"Mạc Can, Nguyễn Đông Thức",Nhà xuất bản Tổng hợp TP.HCM ,Nhà Xuất Bản Tổng hợp TP.HCM,,Bìa mềm,284.0,2023-04-11,info book,available,1000.0,True,True,True
249881908,Lời Nguyện Cầu Cho Những Linh Hồn Phiêu Dạt (TB 12/2022),110500,130000,15,0.0,0,1,Đoàn Tuấn,Nhà xuất bản Tổng hợp TP.HCM ,Nhà Xuất Bản Tổng hợp TP.HCM,,Bìa mềm,328.0,2022-12-01,NXB TỔNG HỢP,available,1000.0,True,True,True
249306421,Đám Trẻ Ở Đại Dương Đen,99000,99000,0,0.0,0,0,,Wavebooks,Nhà Xuất Bản Thế Giới,,,,,Nhà Sách Vĩnh Thụy,available,1000.0,True,True,True
247858567,Sách Đến Cuối Cùng Ai Cũng Cần Một Người Thương,67600,98000,31,5.0,9,72,Én – Thích A Tèo,Skybooks,Nhà Xuất Bản Phụ Nữ Việt Nam,,Bìa mềm,240.0,2023-03-01,Tiki Trading,available,1000.0,False,True,True
218736485,Gen Z Tập Lớn,99000,99000,0,0.0,0,0,,AZ Việt Nam,Nhà Xuất Bản Thế Giới,,,,,Bamboo Books,available,1000.0,True,True,True
212993329,Sách Thành Phố Những Lục Địa Bay,98100,109000,10,0.0,0,1,Nguyễn Vĩnh Nguyên,Phương Nam Book,Nhà Xuất Bản Đà Nẵng,,Bìa mềm,192.0,,PHƯƠNG NAM BOOK,available,1000.0,True,True,True
209876245,Vui Buồn Hoa Phượng-Trần Đình Chất–Thái Hà-NXB Hà Nội,189000,189000,0,0.0,0,0,,Thái Hà Book,Nhà Xuất Bản Hà Nội,,,,,Bamboo Books,available,1000.0,True,True,True
205807423,Cảm Ơn Anh Đã Đánh Mất Em,99000,99000,0,0.0,0,6,Trí,Nhà xuất bản Văn Học,Nhà Xuất Bản Văn Học,,Bìa mềm,256.0,,Nhà Sách Phương Nam,available,1000.0,True,True,True
200925329,Đám Trẻ Nhiễu Văn Hóa,119000,119000,0,0.0,0,0,,Nhã Nam,Nhà Xuất Bản Hội Nhà Văn,,,,,info book,available,1000.0,True,True,True
200765341,Sách: Triệu Dấu Chân Qua Những Cửa Ô,160000,160000,0,0.0,0,0,,Nhã Nam,Nhà Xuất Bản Phụ Nữ,,,,,Bamboo Books,available,1000.0,True,True,True
184415554,Tạp Văn Nguyễn Ngọc Tư (Tái Bản Mới Nhất),90000,90000,0,5.0,1,7,Nguyễn Ngọc Tư,NXB Trẻ,NXB Trẻ,,Bìa mềm,193.0,2022-06-01,Bamboo Books,available,1000.0,True,True,True
184415071,Đong Tấm Lòng (Tái Bản Mới Nhất),95000,95000,0,0.0,0,1,Nguyễn Ngọc Tư,NXB Trẻ,NXB Trẻ,,Bìa mềm,148.0,2022-06-01,Bamboo Books,available,1000.0,True,True,True
181137585,Câu Chuyện Ly Kỳ Từ Cậu Bé Giao Báo,118000,118000,0,0.0,0,0,Deep Patel,First News - Trí Việt,Nhà Xuất Bản Đại Học Quốc Gia Hà Nội,,Bìa mềm,258.0,2020-05-23,Bamboo Books,available,1000.0,True,True,True
170298054,"Sách Văn Học Tuổi 20 - Ngủ Ngon Nhé, Nàng Thơ",69000,100000,31,5.0,2,63,Nguyễn Dương Quỳnh,NXB Trẻ,NXB Trẻ,,Bìa mềm,248.0,2022-03-25,Tiki Trading,available,1000.0,False,True,True
160553106,Em Rắc Thính Anh Thả Tình,120000,120000,0,0.0,0,0,,NXB Trẻ,NXB Trẻ,,,,,Nhà Sách Vĩnh Thụy,available,1000.0,True,True,True
160553066,Nhắm Mắt Thấy Paris,90000,90000,0,0.0,0,0,,NXB Trẻ,NXB Trẻ,,,,,Nhà Sách Vĩnh Thụy,available,1000.0,True,True,True
160552937,Nguyễn Ngọc Tư - Ngọn Đèn Không Tắt,65000,65000,0,0.0,0,1,,NXB Trẻ,NXB Trẻ,,,,,Nhà Sách Vĩnh Thụy,available,1000.0,True,True,True
137741287,Sách Tinh Cầu Này Có Một Người Tôi Yêu Tặng Kèm Bookmark,103200,129000,20,4.8,116,545,"Angelado, Men’s diary",Skybooks,Nhà Xuất Bản Dân Trí,,Bìa mềm,184.0,2021-11-01,Tiki Trading,available,1000.0,False,True,True
132302691,Sách - Uống Dòng Suối Núi,89000,89000,0,0.0,0,0,,Thái Hà,Nhà Xuất Bản Công Thương,,,,,Nhà Sách Vĩnh Thụy,available,1000.0,True,True,True
127032460,Sách-Sương Khói Quê Nhà (Tạp Văn),95000,95000,0,0.0,0,0,,NXB Trẻ,NXB Trẻ,,,,,FishingBook,available,1000.0,True,True,True
102121309,Combo cười không ngớt:  Thỏ Bảy Màu Và Những Người Nghĩ Nó Là Bạn +Một Cuốn Sách Buồn… Cười + Vui Vẻ Không Quạu Nha + Từ Điển Tiếng “Em”-Sổ tay,316000,316000,0,5.0,55,257,"Huỳnh Thái Ngọc, Ở Đây Zui Nè",Timebooks,Nhà Xuất Bản Hà Nội,,Bìa mềm,,,NHBook,available,1000.0,True,True,True
53976142,"Combo 2 Cuốn Văn Học Xả Phiền Muộn :  Vui Vẻ Không Quạu Nha - Tản Văn +  Cuộc Sống ""Đếch"" Giống Cuộc Đời",153500,153500,0,4.8,43,295,"Ở Đây Zui Nè, Hoàng Hải Nguyễn",AZ Việt Nam,Nhà Xuất Bản Phụ Nữ,,Bìa mềm,,,Phương Đông Books,available,1000.0,True,True,True
35327204,ĐÔI BẠN (TÁI BẢN 2018),72750,75000,3,0.0,0,1,Nhất Linh,Khang Việt Book,,,Bìa mềm,188.0,2018-12-31,NewShop Official,available,1000.0,True,True,True
696261,Sách Đi Ngang Hà Nội,120000,120000,0,0.0,0,0,Nguyễn Ngọc Tiến,NXB Trẻ,NXB Trẻ,,,356.0,2017-06-24,HỆ THỐNG NHÀ SÁCH ABC,available,1000.0,True,True,True
588519,Sách Ngụy,56050,59000,5,5.0,1,4,Nguyễn Trí,Nhã Nam,Nhà Xuất Bản Hội Nhà Văn,,Bìa mềm,,2017-03-17,SÁCH ĐẠI NAM,available,1000.0,True,True,True
516346,Sách Sài Gòn - Dòng Sông Tuổi Thơ,75000,95000,21,4.8,24,414,Lê Văn Nghĩa,NXB Trẻ,NXB Trẻ,,Bìa mềm,244.0,2016-06-22,Tiki Trading,available,1000.0,False,True,True
279121438,Cánh Buồm Nâu Thuở Ấy,194750,205000,5,0.0,0,0,Nguyễn Huy Thiệp,Nhã Nam,Nhà Xuất Bản Hội Nhà Văn,,Bìa mềm,420.0,2026-01-22,Nhà sách NetaBooks,available,1000.0,True,True,True
279078930,Sách - 999 Lá Thư Gửi Cho Chính Mình - Phiên Bản Tô Chữ Tiếng Trung Phồn Thể,63200,79000,20,0.0,0,0,Miêu Công Tử,AZ Việt Nam,Nhà Xuất Bản Lao Động,,Bìa mềm,,2023-12-21,Nhà sách Fahasa,available,1000.0,True,True,True
278836174,Sách - Mộng Du Khi Xa Xứ,91000,95000,4,4.0,1,1,Hồ Anh Thái,Nhà Xuất Bản Kim Đồng,Nhà Xuất Bản Kim Đồng,,Bìa mềm,264.0,,Nhân Văn,available,1000.0,True,True,True
278750346,Sách - Hôm Nay Nếu Có Thể Hãy Về Nhà Ăn Cơm - Bản Đặc Biệt - Tặng Kèm Bookmark + Chữ Ký Tác Giả,86700,102000,15,0.0,0,0,Thảo Thảo,AZ Việt Nam,Nhà Xuất Bản Văn Học,,Bìa mềm,,2023-12-21,Nhà sách Fahasa,available,1000.0,True,True,True
278441892,Sách - Truyện Thúy Kiều (TB) (Nhã Nam Official),99000,99000,0,0.0,0,0,Nguyễn Du (Hiệu Khảo: Trần Cửu Trường - Hoàng Hiển)(Minh Họa: Song Trâm - Phượng Bình),Nhã Nam,Nhà Xuất Bản Thế Giới,,Bìa mềm,235.0,,info book,available,1000.0,True,True,True
278146915,Sách - Gia Đình Ong,53900,55000,2,0.0,0,0,Anja Mugerli,Nhà Xuất Bản Kim Đồng,Nhà Xuất Bản Kim Đồng,,Bìa mềm,,2023-12-21,Nhà sách Fahasa,available,1000.0,True,True,True
275300052,Sách Vết Cũ Ngày Mưa,47500,50000,5,0.0,0,1,Đoàn Hạo Lương,NXB Kim Đồng,Nhà Xuất Bản Kim Đồng,,Bìa mềm,104.0,2024-06-01,Tiki Trading,available,1000.0,False,True,True
275274550,Sách Thế Giới Luôn Có Chỗ Cho Chúng Mình,73150,95000,23,5.0,1,17,embedanglon,DEEP BOOKS,Nhà Xuất Bản Phụ Nữ Việt Nam,,Bìa mềm,224.0,,Tiki Trading,available,1000.0,False,True,True
273963407,Hành trang truyện ngắn Nhật Bản - Đào Thị Thu Hằng,105600,110000,4,0.0,0,0,Đào Thị Thu Hằng,Nhà xuất bản Tổng hợp TP.HCM ,Nhà Xuất Bản Tổng hợp TP.HCM,,Bìa mềm tay gấp,240.0,2024-01-17,TYMBooks,available,1000.0,True,True,True
273835514,"Cư Xử Như Đàn Bà, Suy Nghĩ Như Đàn Ông - Nhã Nam",103500,109000,5,0.0,0,2,Phillip Kerr,Nhã Nam,Nhà Xuất Bản Thanh Niên,,Bìa mềm,316.0,2017-04-15,Alpha Books Official,available,1000.0,True,True,True
273636559,Vì Cậu Là Bạn Nhỏ Của Tớ,93000,99000,6,5.0,2,14,Tun Phạm,Skybooks,Nhà Xuất Bản Phụ Nữ Việt Nam,,,,,Nhà sách Fahasa,available,1000.0,True,True,True
273461274,"Lê La Cà Phê, Ngõ Hẻm Sài Gòn",76800,80000,4,0.0,0,3,Lê Văn,NXB Tổng Hợp TPHCM,Nhà Xuất Bản Tổng hợp TP.HCM,,,,,Nhà sách Fahasa,available,1000.0,True,True,True
272043095,Have A Good Day - Nguyễn Nhật Ánh - Nhã Thuyên & Kaitlin Rees chuyển ngữ,190000,190000,0,0.0,0,0,Nguyễn Nhật Ánh,NXB Trẻ,Nhà Xuất Bản Tổng hợp TP.HCM,,Bìa mềm,276.0,2023-08-01,Nhà Sách Vĩnh Thụy,available,1000.0,True,True,True
263514068,Sách Đoạn Tuyệt (Bìa Mềm),43600,60000,27,4.3,4,53,Nhất Linh,Nhà sách Minh Thắng,Nhà Xuất Bản Văn Học,,Bìa mềm,240.0,2023-05-01,Tiki Trading,available,1000.0,False,True,True
263085205,Nơi Ta Thuộc Về,104500,110000,5,0.0,0,1,Chúp Chúp,Nhà Xuất Bản Kim Đồng,Nhà Xuất Bản Kim Đồng,,,,,Nhà sách Fahasa,available,1000.0,True,True,True
262454619,Sách Thương Nhớ Để Dành,70720,104000,32,4.0,4,44,Sad boy with phone,DEEP BOOKS,Nhà Xuất Bản Dân Trí,,Bìa mềm,264.0,2023-05-31,Tiki Trading,available,1000.0,False,True,True
205188149,An Nhiên Giữa Những Thăng Trầm_SGB,120000,120000,0,0.0,0,0,Như Nhiên Thích Tánh Tuệ,Saigon Books,Nhà Xuất Bản Văn Hóa - Văn Nghệ,,Bìa mềm,256.0,,Nhà Sách Vĩnh Thụy,available,1000.0,True,True,True
200617422,Sách Nhà Lúc Đông Lúc Vắng (Tản Văn),85000,85000,0,0.0,0,0,Hoàng My,NXB Tổng Hợp TP. HCM,Nhà Xuất Bản Tổng hợp TP.HCM,,Bìa mềm,228.0,2022-10-10,Nhà Sách Vĩnh Thụy,available,1000.0,True,True,True
198326175,Chuyến bay tháng ba - Lê Khải Việt,139000,139000,0,5.0,1,4,Lê Khải Việt,Đông Tây,Nhà Xuất Bản Đà Nẵng,,Bìa mềm,,2022-09-01,Bamboo Books,available,1000.0,True,True,True
190515162,Rồi chúng mình sẽ ổn cả thôi,76000,76000,0,5.0,4,48,nhieu tac gia,Đông Tây,Nhà Xuất Bản Thanh Niên,,Bìa mềm,216.0,2022-07-09,Đông Tây,available,1000.0,True,True,True
183271709,Tạm Biệt Tôi Của Nhiều Năm Về Trước ,95000,95000,0,0.0,0,0,,Skybooks,Nhà Xuất Bản Đại Học Quốc Gia Hà Nội,,,,,info book,available,1000.0,True,True,True
171625607,Sơn Nam - Hương quê - Tập Truyện Ngắn,100000,100000,0,0.0,0,0,,NXB Trẻ,oem,,Bìa mềm,,,Nhà Sách Vĩnh Thụy,available,1000.0,True,True,True
171585871,Anh,122700,132000,7,5.0,1,8,Liêu Hà Trinh,Skybooks,Nhà Xuất Bản Phụ Nữ Việt Nam,,,,,Nhà sách Fahasa,available,1000.0,True,True,True
170326206,Sách Vh20 - Cõi Người Mắc Cạn,54000,65000,17,5.0,4,62,Hoàng Khánh Duy,NXB Trẻ,NXB Trẻ,,Bìa mềm,136.0,2022-03-23,Tiki Trading,available,1000.0,False,True,True
162181800,Sách Cảm Ơn Anh Đã Đánh Mất Em,89000,99000,10,5.0,523,3966,Trí,Người Trẻ Việt,Nhà Xuất Bản Văn Học,,Bìa mềm,256.0,2022-02-24,Tiki Trading,available,1000.0,False,True,True
115768402,"Sách Xin Chào Ngày Mới Của Tôi (Lời hỏi Thăm Dành Cho Những Điều Nhỏ Nhoi, Bình Dị)",68300,99000,31,4.5,21,119,Chang Wan Kim,Mintbooks,Nhà Xuất Bản Phụ Nữ Việt Nam,,Bìa mềm,224.0,2021-07-01,Tiki Trading,available,1000.0,False,True,True
96200985,Sách nhã nam - Bộ Kiến thức bất tận (Bìa cứng) (02 cuốn),148000,148000,0,0.0,0,0,,Nhã Nam,Nhà Xuất Bản Hà Nội,,,22.0,,Nhà Sách Vĩnh Thụy,available,1000.0,True,True,True
76756241,Một cuốn tiểu thuyết vô cùng hấp dẫn và kịch tính - Luận về yêu,96000,96000,0,0.0,0,0,,Nhã Nam,Nhà Xuất Bản Hà Nội,,,,,Bamboo Books,available,1000.0,True,True,True
57793391,Sách “Cô-Vy” Tự Sự - Gió Và Tình Yêu Vẫn Thổi,65000,98000,34,5.0,2,39,Nhiều tác giả,DuCaBooks,Nhà Xuất Bản Hà Nội,,Bìa mềm,244.0,2020-07-01,Tiki Trading,available,1000.0,False,True,True
57219184,Thiền Truyện (Song Ngữ Anh – Việt),42700,45000,5,4.5,2,18,Nguyễn Mạnh Thảo,Nhà xuất bản Tổng hợp TP.HCM ,Nhà Xuất Bản Tổng hợp TP.HCM,,Bìa mềm,88.0,2020-06-01,Nhà sách Fahasa,available,1000.0,True,True,True
42877484,Sách Cảm Ơn Một Khúc Bình Yên,71200,81000,12,0.0,0,2,Võ Thu Hương,Chibooks,,,Bìa mềm,180.0,2019-01-11,Nhà sách Fahasa,available,1000.0,True,True,True
25915948,Sách Bi Kịch Gia Đình,79000,90000,12,0.0,0,28,Hoàng Lại Giang,Phương Nam Book,,,Bìa mềm,332.0,2019-08-01,Tiki Trading,available,1000.0,False,True,True
15693075,Sách Cái Nồi Gì Thế,84400,88000,4,4.3,4,28,Hoàng Nhật,Nhã Nam,,,Bìa mềm,236.0,2019-05-01,Nhà sách Fahasa,available,1000.0,True,True,True
2069395,Sách Cô Đơn Để Trưởng Thành,77000,82000,6,5.0,2,30,Nguyễn Siêu,Bão,,,Bìa mềm,192.0,2018-05-03,Nhà sách Fahasa,available,1000.0,True,True,True
1539227,Sách Là Phụ Nữ Phải Biết Yêu Chính Mình,99000,99000,0,0.0,0,7,Dương Vũ,Liên Việt,Nhà Xuất Bản Văn Học,,Bìa mềm,260.0,2017-01-01,Liên Việt Official Store,available,1000.0,True,True,True
713910,Sách Xanh Trong Chai,69600,87000,20,0.0,0,8,Quỳnh Như,VanLangBooks,Nhà Xuất Bản Văn Học,,Bìa mềm,248.0,2017-06-01,Văn Lang Official Store,available,1000.0,True,True,True
476549,Sách Tuyển Tập Nam Cao (Tái Bản 2016),130800,132200,1,4.0,1,3,,Nhà sách Minh Thắng,,,Bìa cứng,800.0,2016-03-07,Minhhabooks,available,1000.0,True,True,True
471335,Sách Tắt Đèn (Đinh Tị) - Tái Bản,40000,40000,0,0.0,0,0,Ngô Tất Tố,Đinh Tị,Nhà Xuất Bản Văn Học,,Bìa mềm,,2016-01-29,Nhà sách Nam Trung Yên,available,1000.0,True,True,True
423236,Sách Với Đà Lạt Ai Cũng Là Lữ Khách,58000,58000,0,0.0,0,0,Nguyễn Vĩnh Nguyên,NXB Trẻ,NXB Trẻ,,Bìa mềm,158.0,2014-11-23,Bamboo Books,available,1000.0,True,True,True
417046,Sách Tình Yêu Cuồng Nhiệt,40000,40000,0,4.3,6,135,Azit Nêxin,Nhà sách Hàn Thuyên,,,Bìa mềm,291.0,2008-03-14,Nhà sách 30 Hàn Thuyên,available,1000.0,True,True,True
279154022,Sách - Dọc Đường - Tập 1 (Tái Bản 2026),147200,160000,8,0.0,0,0,nhieu tac gia,Nhã Nam,Nhà Xuất Bản Hội Nhà Văn,,Bìa mềm,,2023-12-21,Nhà sách Fahasa,available,1000.0,True,True,True
278966650,Sách - Cổ Tích Của George MacDonald,82500,110000,25,0.0,0,1,nhieu tac gia,Công ty TNHH Truyền Thông và Giáo Dục Lyceum,Nhà Xuất Bản Văn Học,,Bìa mềm,,2023-12-21,Nhà sách Fahasa,available,1000.0,True,True,True
278616778,Sách - Hà Thành Hương Xưa Vị Cũ - Tập 3 - Đặc Sản Bốn Phương Hội Tụ,229600,287000,20,0.0,0,2,nhieu tac gia,CÔNG TY TNHH SÁCH & TRUYỀN THÔNG VIỆT NAM,Nhà Xuất Bản Hà Nội,,Bìa mềm,,2023-12-21,Nhà sách Fahasa,available,1000.0,True,True,True
277506658,Mong Mẹ Hãy Yêu Lấy Chính Mình,99000,99000,0,0.0,0,0,Jang Hae-Joo,AZ Việt Nam,Nhà Xuất Bản Dân Trí,,,208.0,,Nam Long Books,available,1000.0,True,True,True
277347525,Nếu Biết Trăm Năm Là Hữu Hạn (Bản đặc biệt - Tái bản năm 2024) (Bìa mềm),215100,239000,10,0.0,0,2,Phạm Lữ Ân,Phương Nam Book,Nhà Xuất Bản Hội Nhà Văn,,Bìa mềm,192.0,2024-12-12,Nhà Sách Phương Nam,available,1000.0,True,True,True
277027559,Vợ Nhặt ,60000,60000,0,0.0,0,2,Gehenna,Minh Long,Nhà Xuất Bản Văn Học,,,232.0,,NewShop Official,available,1000.0,True,True,True
274109196,Kẻo Tro Bay Mất,120350,145000,17,0.0,0,5,Việt Linh,NXB Trẻ,NXB Trẻ,,Bìa mềm tay gấp,392.0,2024-02-02,Nhà Xuất Bản Trẻ,available,1000.0,True,True,True
273929285,Người Tị Nạn - Tác Giả Viet Thanh Nguyen (PN),117480,132000,11,0.0,0,2,Viet Thanh Nguyen,Phương Nam Book,Nhà Xuất Bản Hội Nhà Văn,,Bìa mềm,216.0,,Văn Lang Official Store,available,1000.0,True,True,True
273913690,Combo 2 Cuốn- Điều Kỳ Diệu Của Tiệm Tạp Hóa Namiya+Trăm Năm Cô Đơn,338000,338000,0,0.0,0,0,,Nhã Nam,Nhiều Nhà Xuất Bản,,,,,Bảo Châu Books,available,1000.0,True,True,True
273868564,Những Mùa Rẫy,46750,55000,15,0.0,0,1,,Nhà xuất bản Tổng hợp TP.HCM ,Nhà Xuất Bản Tổng hợp TP.HCM,,,,,NXB TỔNG HỢP,available,1000.0,True,True,True
273866159,Sách - Huế - chuyện xưa thành cũ,102000,170000,40,0.0,0,5,Phi Tân,Chibooks,Nhà Xuất Bản Lao Động,,Bìa mềm tay gấp,284.0,2024-01-04,NHÀ SÁCH CHIBOOKS,available,1000.0,True,True,True
273825630,Tôi Ươm Ánh Mặt Trời,90000,90000,0,0.0,0,0,,NXB Trẻ,NXB Trẻ,,Bìa mềm,196.0,2024-01-03,Nhà sách NetaBooks,available,1000.0,True,True,True
273657037,Trạm Đọc Official | Zen Lam - Du Hành Vào Cõi Xanh,135000,135000,0,0.0,0,0,Vi Lam,Alpha Books,Nhà Xuất Bản Dân Trí,,Bìa mềm,222.0,,FishingBook,available,1000.0,True,True,True
273294643,Sách Điều Còn Lại Giữa Chúng Ta,63240,93000,32,5.0,1,20,An. và Jun,Glow Books,Nhà Xuất Bản Phụ Nữ,,Bìa mềm,160.0,2023-10-30,Tiki Trading,available,1000.0,False,True,True
272412160,Ngày Qua Bóng Ngày,109650,129000,15,0.0,0,0,Lê Minh Quốc,Nhà xuất bản Tổng hợp TP.HCM ,Nhà Xuất Bản Tổng hợp TP.HCM,,,,,NXB TỔNG HỢP,available,1000.0,True,True,True
272412142,Cơn Giông Chiều Mùa Hạ,46750,55000,15,0.0,0,0,Bùi Nguyễn Trường Kiên,Nhà xuất bản Tổng hợp TP.HCM ,Nhà Xuất Bản Tổng hợp TP.HCM,,,,,NXB TỔNG HỢP,available,1000.0,True,True,True
272412131,Mưa Ngâu Tháng Bảy,51000,60000,15,0.0,0,1,Bùi Nguyễn Trường Kiên,Nhà xuất bản Tổng hợp TP.HCM ,Nhà Xuất Bản Tổng hợp TP.HCM,,,,,NXB TỔNG HỢP,available,1000.0,True,True,True
270743956,11 Truyện Vui Nhộn Rộn Ràng,150000,150000,0,0.0,0,0,Nikolay Nosov,NXB Kim Đồng,Nhà Xuất Bản Kim Đồng,,Bìa mềm,176.0,,Nhà Sách Vĩnh Thụy,available,1000.0,True,True,True
262477162,Sách Thuồng Luồng Ở Nước,71250,75000,5,5.0,1,26,Thâm Tâm,NXB Kim Đồng,Nhà Xuất Bản Kim Đồng,,Bìa mềm,144.0,2023-05-01,Tiki Trading,available,1000.0,False,True,True
260921482,Miền Tây Du Hí – Westward Journey,143100,159000,10,0.0,0,0,Active Skills,Thái Hà,Nhà Xuất Bản Công Thương,,,,,Nhà sách Fahasa,available,1000.0,True,True,True
257646225,Như Hạt Mưa Sa,80750,95000,15,0.0,0,0,Ngọc Linh,Nhà xuất bản Tổng hợp TP.HCM ,Nhà Xuất Bản Tổng hợp TP.HCM,,,,,NXB TỔNG HỢP,available,1000.0,True,True,True
255313276,Những Đóa Hoa Lạ Nhà,55250,65000,15,0.0,0,3,Hồ Huy Sơn,Nhà xuất bản Tổng hợp TP.HCM ,Nhà Xuất Bản Tổng hợp TP.HCM,,,,,NXB TỔNG HỢP,available,1000.0,True,True,True
253150609,GIỌNG CỦA PHỐ,140000,140000,0,0.0,0,0,Nguyễn Việt Hà,Nhà Xuất Bản Trẻ,NXB Trẻ,,Bìa mềm,320.0,2023-05-01,FishingBook,available,1000.0,True,True,True
252854114,Chiếc Thìa Bạc - Bản Quyền,169000,169000,0,0.0,0,0,,1980 Books,Nhà Xuất Bản Thanh Niên,,,,,Nhà Sách Vĩnh Thụy,available,1000.0,True,True,True
249645536,Đám Trẻ Ở Đại Dương Đen,99000,99000,0,0.0,0,0,,Wavebooks,Nhà Xuất Bản Thế Giới,,,,,info book,available,1000.0,True,True,True
205292360,Những Mảnh Kí Ức Viết Bằng Bút Chì,99000,99000,0,0.0,0,0,Lê Hồng Lâm,Phụ Nữ,Nhà Xuất Bản Phụ Nữ Việt Nam,,,,,HỆ THỐNG NHÀ SÁCH ABC,available,1000.0,True,True,True
197663580,[có chữ ký tác giả] ĐI KHI TA CÒN TRẺ - Trương Anh Ngọc - Nhã Nam – Nxb Thế Giới (bìa mềm),120000,120000,0,0.0,0,0,,Nhã Nam ,Nhà Xuất Bản Thế Giới,,,236.0,,Nhà Sách Vĩnh Thụy,available,1000.0,True,True,True
196856437,Tôi Nghĩ Tôi Thích Nước Mỹ - Dương Thụy (Tái Bản Mới Nhất),118000,118000,0,0.0,0,0,Dương Thụy,NXB Trẻ,NXB Trẻ,,Bìa mềm,318.0,2022-08-01,FishingBook,available,1000.0,True,True,True
195924966,"Sách Skybooks - Từ Điển Tiếng ""Em"" (Tặng Bookmark)",69000,69000,0,0.0,0,0,Khotudien,Công Ty TNHH Văn Hóa Và Truyền Thông Skybooks Việt Nam,Nhà Xuất Bản Phụ Nữ Việt Nam,,Bìa mềm,280.0,2022-08-23,info book,available,1000.0,True,True,True
138674987,Về Huế ăn cơm,84600,141000,40,4.8,17,134,Phi Tân,Chibooks,Nhà Xuất Bản Lao Động,,Bìa mềm,280.0,2021-10-29,NHÀ SÁCH CHIBOOKS,available,1000.0,True,True,True
137569776,Sách Sài Gòn Phong Vị Báo Xuân Xưa,296100,329000,10,5.0,2,18,Phạm Công Luận,Nhà Xuất Bản Văn Hóa - Văn Nghệ,Nhà Xuất Bản Văn Hóa - Văn Nghệ,,Bìa mềm,333.0,2018-07-02,Nhà Sách Phương Nam,available,1000.0,True,True,True
117832461,Sách - Đại dương đen: Những câu chuyện từ thế giới của trầm cảm,188000,198000,5,0.0,0,9,,Công ty TNHH Xuất bản Thiện Tri Thức,Nhà Xuất Bản Hội Nhà Văn,,,,,Sống Official,available,1000.0,True,True,True
74822359,Sen thơm nắng hạ quê mình,94500,94500,0,5.0,12,159,Cao Huy Thuần,Công ty TNHH Văn Hóa Khai Tâm,Nhà Xuất Bản Tri Thức,,Bìa mềm,240.0,2020-12-24,Sách Khai Tâm,available,1000.0,True,True,True
74490644,Chuyện Của Phòm 3 (Truyện Ngắn - Hài Hiện Đại),27000,45000,40,0.0,0,0,LaHan,An Nam Books,Nhà Xuất Bản Hội Nhà Văn,,Bìa mềm,173.0,,SÁCH ĐẠI NAM,available,1000.0,True,True,True
49464561,Sách Đứng Trước Biển,136000,170000,20,5.0,1,7,Nguyễn Mạnh Tuấn,VanLangBooks,Nhà Xuất Bản Hội Nhà Văn,,Bìa mềm,536.0,2020-02-02,Văn Lang Official Store,available,1000.0,True,True,True
561799,Sách Người Tình Quái Thú,50000,50000,0,0.0,0,2,Shelly Laurenston,Bách Việt,,,Bìa mềm,424.0,2016-11-30,Nhà sách Nam Trung Yên,available,1000.0,True,True,True
559116,Sách Lao Vào Lửa,37900,50000,24,5.0,1,133,Nguyễn Thị Thụy Vũ,Phương Nam,,,Bìa mềm,84.0,2016-11-21,Tiki Trading,available,1000.0,False,True,True
438979,Sách Tuyển Tập Vũ Trọng Phụng,175000,175000,0,0.0,0,0,,Minh Long,Nhà Xuất Bản Văn Học,,Bìa mềm,776.0,2015-06-25,Nhà Sách Vĩnh Thụy,available,1000.0,True,True,True
434146,Sách Túp Lều Nát,97000,97000,0,0.0,0,0,Nguyễn Đổng Chi,NXB Trẻ,NXB Trẻ,,Bìa mềm,236.0,2015-05-14,SÁCH ĐẠI NAM,available,1000.0,True,True,True
408467,Sách Những Con Đường Mang Tên Đừng Có Nhớ.,43000,52000,17,3.7,28,2046,Tùng Leo,Phương Nam Book,,,Bìa mềm,168.0,2014-08-22,Tiki Trading,available,1000.0,False,True,True
279073786,DỌC ĐƯỜNG 3 – Nguyên Ngọc – Nhã Nam,208000,208000,0,0.0,0,0,Nguyên Ngọc,Nhã Nam,Nhà Xuất Bản Hội Nhà Văn,,Bìa mềm,430.0,,BÌNH BÁN BOOK,available,1000.0,True,True,True
278761271,Sách - Nhà Và Người (Tái Bản 2025),396000,450000,12,0.0,0,2,Lê Thiết Cương,Cty Văn Hóa & Truyền Thông Liên Việt,Nhà Xuất Bản Hội Nhà Văn,,Bìa mềm,,2023-12-21,Nhà sách Fahasa,available,1000.0,True,True,True
278616681,Sách - Mười Năm Tuổi Hai Mươi,107100,119000,10,0.0,0,0,nhieu tac gia,Công Ty Cổ Phần Waka,Nhà Xuất Bản Văn Học,,Bìa mềm,,2023-12-21,Nhà sách Fahasa,available,1000.0,True,True,True
278610401,Sách - Chúc Một Ngày Tốt Lành - Nguyễn Nhật Ánh,40000,40000,0,5.0,3,21,Nguyễn Nhật Ánh,NXB Trẻ,NXB Trẻ,,Bìa mềm,341.0,,Nhân Văn,available,1000.0,True,True,True
278601978,Sách Nét Hoạ Giang Sơn - Hào Khí Trời Nam,96000,150000,36,0.0,0,3,"Ngọc Linh, Phong Anh, Mia, Hoa Tre, Tiến Nhật, Dũng Joy",Linh Lan Books,Nhà Xuất Bản Phụ Nữ Việt Nam,,Bìa mềm,280.0,,Tiki Trading,available,1000.0,False,True,True
278226692,Sách - Người Ăn Chay,142500,150000,5,0.0,0,1,Han Kang,Nhã Nam,Nhà Xuất Bản Hà Nội,,Bìa mềm,,2023-12-21,Nhà sách Fahasa,available,1000.0,True,True,True
276661177,Việt Nam Danh Tác - Những Ngọn Gió Hua Tát,125500,135000,7,0.0,0,1,Nguyễn Huy Thiệp,Nhã Nam,Nhà Xuất Bản Hội Nhà Văn,,Bìa mềm,,2023-12-21,Nhà sách Fahasa,available,1000.0,True,True,True
276559312,Sách Khi Bạn Cười Thời Tiết Đẹp Rạng Ngời,95200,119000,20,4.7,3,13,Yên Thất,Bookland,Nhà Xuất Bản Dân Trí,,Bìa mềm,192.0,,Tiki Trading,available,1000.0,False,True,True
276258067,Nước Bùn Vẫn Trong - Nguyễn Duy Nhiên,84000,118000,29,5.0,1,44,Nguyễn Duy Nguyên,PHANBOOK,Nhà Xuất Bản Phụ Nữ Việt Nam,,Bìa mềm tay gấp,192.0,,PHAN LỆ & FRIENDS,available,1000.0,True,True,True
276236793,Bộ 3 cuốn: Nguồn sống - Nguyễn xí - Mẹ ghẻ con chồng,102000,120000,15,5.0,1,4,Nguyễn Đình Tư,Nhà xuất bản Tổng hợp TP.HCM ,Nhà Xuất Bản Tổng hợp TP.HCM,,,,2024-09-02,NXB TỔNG HỢP,available,1000.0,True,True,True
275341649,Những Đứa Con Rải Rác Trên Đường (Bản Đặc Biệt),330000,330000,0,0.0,0,0,,NXB Trẻ,NXB Trẻ,,,,,HỆ THỐNG NHÀ SÁCH ABC,available,1000.0,True,True,True
275057902,Gánh Hàng Hoa (Tái Bản 2018) ,77600,80000,3,0.0,0,1,Nhất Linh,Khang Việt Book,Nhà Xuất Bản Văn Học,,Bìa mềm,216.0,2018-06-26,NewShop Official,available,1000.0,True,True,True
274185603,Chim Én Bay Về - TRẺ,95000,95000,0,0.0,0,0,Nguyễn Tất Thắng,NXB Trẻ,NXB Trẻ,,Bìa mềm,214.0,,Bamboo Books,available,1000.0,True,True,True
273868612,Đi Xuyên Miền Tuyết Trắng,84150,99000,15,0.0,0,0,Ngọc Trân,Nhà xuất bản Tổng hợp TP.HCM ,Nhà Xuất Bản Tổng hợp TP.HCM,,,,,NXB TỔNG HỢP,available,1000.0,True,True,True
273233930,Sách PANDABOOKS Combo 3 cuốn Người Việt từ nhà ra đường+Nguyễn Minh Châu +Vũ Trọng Phụng tác phẩm và lời bình,137000,137000,0,0.0,0,0,,Pandabooks,Nhà Xuất Bản Văn Học,,,,,Pandabooks Hiệu Sách,available,1000.0,True,True,True
273219172,Anh Hùng Còn Chi - Di Cảo Nguyễn Huy Thiệp (Bìa Mềm),168000,168000,0,0.0,0,2,Nguyễn Huy Thiệp,Nhã Nam,Nhà Xuất Bản Hội Nhà Văn,,Bìa mềm,344.0,,NHBook,available,1000.0,True,True,True
272728910,Mùi Của Cố Hương,60000,75000,20,5.0,1,7,Nguyễn Quốc Vương,Phụ Nữ,Nhà Xuất Bản Phụ Nữ Việt Nam,,,,,Nhà sách Fahasa,available,1000.0,True,True,True
262477173,Sách Con Rùa Đội Vẹt,83000,85000,2,5.0,1,20,Thâm Tâm,NXB Kim Đồng,Nhà Xuất Bản Kim Đồng,,Bìa mềm,196.0,2023-05-01,Tiki Trading,available,1000.0,False,True,True
244316429,Sách Chiến dịch Hoa Kim Tước - Nhã Nam - BẢN QUYỀN,115000,115000,0,0.0,0,0,,Nhã Nam,Nhà Xuất Bản Hội Nhà Văn,,,,,info book,available,1000.0,True,True,True
215944265,Về Quê Lập Nghiệp (Tái Bản),168000,168000,0,0.0,0,0,,,,,,,,info book,available,1000.0,True,True,True
212993154,Sách Chuyện Trò Cùng Bác Sĩ Đỗ Hồng Ngọc Về Nếp Sống An Lạc (Tái bản năm 2021),98100,109000,10,0.0,0,2,Đỗ Hồng Ngọc,Phương Nam Book,Nhà Xuất Bản Thế Giới,,Bìa mềm,212.0,,PHƯƠNG NAM BOOK,available,1000.0,True,True,True
193922293,"Chuyện Xưa Tôi Nhớ, Người Cũ Đã Quên",89000,89000,0,0.0,0,0,,AZ Việt Nam,Nhà Xuất Bản Văn Học,,,,,Nhà Sách Vĩnh Thụy,available,1000.0,True,True,True
190118880,Tướng Về Hưu Và Những Truyện Khác (Bìa Cứng),360000,360000,0,0.0,0,0,,NXB Trẻ,NXB Trẻ,,Bìa cứng,500.0,2022-07-04,Bamboo Books,available,1000.0,True,True,True
183718241,Khói trời lộng lẫy,90000,90000,0,0.0,0,0,Nguyễn Ngọc Tư,NXB Trẻ,NXB Trẻ,,Bìa mềm,144.0,2022-03-03,HỆ THỐNG NHÀ SÁCH ABC,available,1000.0,True,True,True
172448232,"Combo Lê Văn Nghĩa: Sài Gòn - Dòng Sông Tuổi Thơ +Sài Gòn Khâu Lại Mảnh Thời Gian +Sài Gòn Chuyện Xưa Mà Chưa Cũ và Tụi Lớp Nhứt Trường Bình Tây, Cây Viết Máy Và Con Chó Nhỏ ( Tặng kèm sổ tay)",185000,370000,50,5.0,1,14,Lê Văn Nghĩa,NXB Trẻ,NXB Trẻ,,Bìa mềm,1306.0,,NHBook,available,1000.0,True,True,True
172024529,Thích Cậu Nốt Hôm Nay,99000,99000,0,0.0,0,1,mei,Skybooks,Nhà Xuất Bản Phụ Nữ Việt Nam,,,,,Nhà Sách Vĩnh Thụy,available,1000.0,True,True,True
168800731,Chúc Một Ngày Tốt Lành (Tái Bản 2021),115000,115000,0,0.0,0,0,Nguyễn Nhật Ánh,NXB Trẻ,NXB Trẻ,,Bìa mềm,282.0,2021-03-03,Nhà Sách Vĩnh Thụy,available,1000.0,True,True,True
160553339,Endless Field,135000,135000,0,0.0,0,1,,NXB Trẻ,NXB Trẻ,,,,,Nhà Sách Vĩnh Thụy,available,1000.0,True,True,True
160552989,Vừa Nhắm Mắt Vừa Mở Cửa Sổ,75000,75000,0,0.0,0,1,,NXB Trẻ,NXB Trẻ,,,,,Nhà Sách Vĩnh Thụy,available,1000.0,True,True,True
105231518,Lũ Chim Thích Chọn Cành Khô - Văn Học Tuổi 20,85500,90000,5,0.0,0,8,Mai Thanh Nga,NXB Trẻ,NXB Trẻ,,,,,Nhà sách Fahasa,available,1000.0,True,True,True
84837784,Combo 2 cuốn sách: Lạnh Lùng (Việt Nam Danh Tác) + Những ngã tử và những cột đèn,254600,268000,5,0.0,0,0,,Nhã Nam,Nhà Xuất Bản Thế Giới,,,,,SÁCH ĐẠI NAM,available,1000.0,True,True,True
56305504,Sách Nhật Ký Sen Trắng (Tái Bản 2020),85000,85000,0,0.0,0,3,Cao Huy Thuần,NXB Trẻ,NXB Trẻ,,Bìa mềm,244.0,,Nhà Sách Vĩnh Thụy,available,1000.0,True,True,True
34479956,Combo Truyện Nguyễn Nhật Ánh: Cho Tôi Xin Một Vé Đi Tuổi Thơ + Ngôi Trường Mọi Khi + Bàn Có Năm Chỗ Ngồi  tặng Bookmark,252200,265500,5,5.0,3,57,,NXB Trẻ,NXB Trẻ,,,234.0,,Phương Đông Books,available,1000.0,True,True,True
31952092,Sách Điều Chưa Kịp Nói,53000,69000,23,4.8,21,197,Giác,NXB Trẻ,,,Bìa mềm,192.0,2019-01-09,Tiki Trading,available,1000.0,False,True,True
3957063,Sách Những Triền Xưa Ai Đi,43000,56000,23,5.0,4,121,Lê Minh Hà,NXB Trẻ,,,Bìa mềm,178.0,2018-08-01,Tiki Trading,available,1000.0,False,True,True
1463945,Sách Một Nửa,48000,60000,20,4.5,2,87,Nguyên Hương,NXB Trẻ,,,Bìa mềm,230.0,2018-01-01,Tiki Trading,available,1000.0,False,True,True
837734,Sách Lính Hà,80700,85000,5,5.0,6,38,Nguyễn Ngọc Tiến,NXB Trẻ,,,Bìa mềm,272.0,2017-08-19,Nhà sách Fahasa,available,1000.0,True,True,True
801308,Sách Lột Xác - Sống Đúng Với Chính Mình,160000,160000,0,0.0,0,0,"Nguyễn Thị Việt Hà, Lâm Khánh Chi",Saigon Books,Nhà Xuất Bản Văn Hóa - Văn Nghệ,,Bìa mềm,288.0,2017-08-14,Nhà Sách Vĩnh Thụy,available,1000.0,True,True,True
578800,Sách Thiên Thần Của Sự Sống,55000,72000,24,5.0,1,147,Lữ,NXB Trẻ,,,,,2017-03-03,Tiki Trading,available,1000.0,False,True,True
540472,Sách Lam,69000,85000,19,5.0,10,438,Amanda Huynh,NXB Trẻ,NXB Trẻ,,Bìa mềm,164.0,2016-08-29,Tiki Trading,available,1000.0,False,True,True
277837483,Combo 5 sách song ngữ Việt - Anh: Youth +  Summer + A Hug + Grow Up + Being Yourself,311250,415000,25,0.0,0,0,Tớ là Mây,Công Ty Cổ Phần Time Books,NXB Dân Trí,,Bìa mềm,224.0,,SÁCH TIMEBOOKS,available,1000.0,True,True,True
277034116,Tôi Biết Cười Ở Tuổi 36,120000,120000,0,0.0,0,0,Mạc Thảo,Thái Hà,Nhà Xuất Bản Công Thương,,Bìa mềm,,2025-01-17,Nhà sách NetaBooks,available,1000.0,True,True,True
276734261,"Combo 2 cuốn sách Một Trái Tim Nhạy Cảm, Một Cái Đầu Nghĩ Nhiều + 1/5 Giây Để Rung Động Với Chính Mình",151320,194000,22,0.0,0,1,,Công Ty Cổ Phần Time Books,Nhà Xuất Bản Thế Giới,,Bìa mềm,200.0,,SÁCH TIMEBOOKS,available,1000.0,True,True,True
276679201,Combo Sách Gửi Cậu Một Cái Ôm Vì Đã Không Bỏ Cuộc Tiếng Việt + song ngữ Việt - Anh,136500,175000,22,0.0,0,1,The Phan Tóc Quoăn,Công Ty Cổ Phần Time Books,Nhà Xuất Bản Hà Nội,,Bìa mềm,256.0,,SÁCH TIMEBOOKS,available,1000.0,True,True,True
276446120,Combo 2 quyển Sách Cuộc Đời Vô Vị Thế Phải Yêu Em + Tôi Bị Cảm Hóa Ra Là Do Em,105300,135000,22,0.0,0,4,,Công Ty Cổ Phần Time Books,Nhà Xuất Bản Phụ Nữ Việt Nam,,Bìa mềm,232.0,,SÁCH TIMEBOOKS,available,1000.0,True,True,True
273886340,"Trạm Đọc | Thế Giới Rộng Lớn , Lòng Người Chật Hẹp",92000,92000,0,0.0,0,0,Dưa Hấu Hạt Tím,AZ Việt Nam,Nhà Xuất Bản Văn Học,,Bìa mềm,208.0,,Nhà Sách Vĩnh Thụy,available,1000.0,True,True,True
273868423,Đi Suốt Đường Vui,102000,120000,15,0.0,0,0,Đỗ Quang Tuấn Hoàng,Nhà xuất bản Tổng hợp TP.HCM ,Nhà Xuất Bản Tổng hợp TP.HCM,,,,,NXB TỔNG HỢP,available,1000.0,True,True,True
273662672,Cuối Con Đường Sẽ Gặp Một Người Thương - AZ,108000,108000,0,0.0,0,3,,AZ Việt Nam,Nhà Xuất Bản Văn Học,,Bìa mềm,264.0,,NewShop Official,available,1000.0,True,True,True
273384846,"Sách Lê la cà phê, ngõ hẻm Sài Gòn",80000,80000,0,0.0,0,0,Lê Vân,NXB Tổng Hợp TP. HCM,Nhà Xuất Bản Tổng hợp TP.HCM,,Bìa mềm,194.0,2023-11-01,Bamboo Books,available,1000.0,True,True,True
273106895,"LÊ LA CÀ PHÊ, NGÕ HẺM SÀI GÒN - LÊ VÂN (80) ",68000,68000,0,5.0,1,12,,Nhà xuất bản Tổng hợp TP.HCM ,Nhà Xuất Bản Tổng hợp TP.HCM,,Bìa mềm,194.0,2023-10-26,LITTLE BOOKS,available,1000.0,True,True,True
272835009,Phía Trước Của Trưởng Thành,99000,99000,0,0.0,0,0,,Quảng Văn,Nhà Xuất Bản Phụ Nữ Việt Nam,,,,,AHABOOKS,available,1000.0,True,True,True
263584509,Chúng tôi ăn rừng,249000,249000,0,0.0,0,2,Georges Condominas,Alphabooks,Nhà Xuất Bản Thế Giới,,Bìa mềm,516.0,,Nhà Sách Vĩnh Thụy,available,1000.0,True,True,True
263096810,Con Giai Phố Cổ (Tạp Văn),120000,120000,0,0.0,0,0,,Bloomsbury Childrens - NXB Trẻ,NXB Trẻ,,,,,info book,available,1000.0,True,True,True
262472915,Những Người Muôn Năm Chưa Cũ - Trần Thị Trường - (bìa mềm),239000,239000,0,0.0,0,0,Trần Thị Trường,Nhà xuất bản Tổng hợp TP.HCM ,Nhà Xuất Bản Tổng hợp TP.HCM,,Bìa mềm,452.0,2023-01-01,HỆ THỐNG NHÀ SÁCH ABC,available,1000.0,True,True,True
249349858,"Không Sao Đâu, Lại Bắt Đầu",105000,105000,0,0.0,0,0,,Glow Books,Nhà Xuất Bản Dân Trí,,,,,NHBook,available,1000.0,True,True,True
244132220,Truyện Nôm Khuyết Danh - Truyện Phan Trần - Thạch Sanh (HA),50000,50000,0,0.0,0,5,Bùi Thức Phước,Nhà Sách Hồng Ân,Nhà Xuất Bản Hội Nhà Văn,,Bìa mềm,230.0,,Bảo Châu Books,available,1000.0,True,True,True
242891738,Ngày Tháng Nào Đã Ra Đi,99000,99000,0,0.0,0,0,,Sách điện tử Thái Hà,Nhà Xuất Bản Lao Động,,,,,info book,available,1000.0,True,True,True
242504726,Vh20 - Vệt Sáng Của Bụi,75000,75000,0,0.0,0,0,,Bloomsbury Childrens - NXB Trẻ,NXB Trẻ,,,,,info book,available,1000.0,True,True,True
224029077,Ngẫu Hứng - Trần Tiến,148000,148000,0,0.0,0,0,,First News - Trí Việt,Nhiều Nhà Xuất Bản,,,,,Nhà Sách Vĩnh Thụy,available,1000.0,True,True,True
222358981,Nhân Duyên Mèo Định,198000,198000,0,0.0,0,0,,First News - Trí Việt,Nhà Xuất Bản Dân Trí,,,,,info book,available,1000.0,True,True,True
218738629,Chữa lành nỗi đau đằng sau tan vỡ,86000,86000,0,0.0,0,0,,Người Trẻ Việt,Nhà Xuất Bản Văn Học,,,,,Nhà Sách Vĩnh Thụy,available,1000.0,True,True,True
214501586,Với Ngày Như Lá Tháng Như Mây,135000,135000,0,0.0,0,4,Phạm Công Luận,Phương Nam Book,Nhà Xuất Bản Thế Giới,,Bìa mềm,192.0,2023-01-05,Nhà sách NetaBooks,available,1000.0,True,True,True
213963654,Bên Rìa Cơn Mơ - Tặng kèm Bookmark,88000,88000,0,0.0,0,0,Monologue,AZ Việt Nam,Nhà Xuất Bản Phụ Nữ Việt Nam,,Bìa mềm,264.0,2022-12-01,Nhà Sách Vĩnh Thụy,available,1000.0,True,True,True
213877066,Vui Buồn Hoa Phượng,189000,189000,0,0.0,0,0,,,,,,,,info book,available,1000.0,True,True,True
209302765,BÌA CỨNG - NGƯỜI KÉP GIÀ - TÁC PHẨM NỔI BẬT CỦA NHÀ VĂN KIM LÂN - 18 TRANH MINH HOẠ CỦA THÀNH CHƯƠNG,360000,360000,0,0.0,0,0,"Kim Lân, Kim Lân, Kim Lân, Thành Chương",Công Ty Cổ Phần Văn Hóa Đông A,Nhà Xuất Bản Hội Nhà Văn,,Bìa cứng,399.0,,Nhà Sách Vĩnh Thụy,available,1000.0,True,True,True
207749381,Và Sao Không Thể Hết Yêu Em? - Tặng Kèm Bookmark + 3 Postcards,88000,88000,0,0.0,0,0,,AZ Việt Nam,Nhà Xuất Bản Phụ Nữ Việt Nam,,,,,Nhà Sách Vĩnh Thụy,available,1000.0,True,True,True
207227504,Nguyễn Trọng Tạo tuyển tập văn xuôi,290000,290000,0,0.0,0,1,Nguyễn Trọng Tạo, NXB Hội Nhà Văn,Nhà Xuất Bản Hội Nhà Văn,,Bìa cứng,1090.0,2022-09-27,SÁCH ĐẠI NAM,available,1000.0,True,True,True
205573811,Ở Lại Để Chờ Nhau,119000,119000,0,0.0,0,0,Hồ Anh Thái,Nhà Xuất Bản Thế Giới,Nhà Xuất Bản Thế Giới,,Bìa mềm,262.0,,Nhà Sách Vĩnh Thụy,available,1000.0,True,True,True
204069263,Bên Kia Đường Có Đứa Dở Hơi (Tái Bản 2022),79000,79000,0,0.0,0,0,,NXB Phụ Nữ,Nhà Xuất Bản Phụ Nữ Việt Nam,,Bìa mềm,,,Nhà Sách Vĩnh Thụy,available,1000.0,True,True,True
199975429,Viết Và Đọc Chuyên Đề Mùa Thu 2022,210000,210000,0,0.0,0,3,nhieu tac gia, NXB Hội Nhà Văn,Nhà Xuất Bản Hội Nhà Văn,,Bìa mềm,,2022-10-01,SÁCH ĐẠI NAM,available,1000.0,True,True,True
196849237,Sách AZ - Những Đêm Không Ngủ Những Ngày Chậm Trôi,86000,86000,0,0.0,0,0,A Crazy Mind team,Công Ty TNHH Văn Hóa và Truyền Thông AZ Việt Nam,Nhà Xuất Bản Văn Học,,Bìa mềm,192.0,2022-09-05,Nhà Sách Vĩnh Thụy,available,1000.0,True,True,True
196156268,Sách: Chuyện Xưa Tôi Nhớ Người Cũ Đã Quên (Lam – Lê),89000,89000,0,0.0,0,0,,Người Trẻ Việt,Nhà Xuất Bản Văn Học,,,,,Nhà Sách Vĩnh Thụy,available,1000.0,True,True,True
195327962,Sách Skybooks - Đừng Khóc Ở Sài Gòn,95000,95000,0,0.0,0,0,Xuân Thảo,Công Ty TNHH Văn Hóa Và Truyền Thông Skybooks Việt Nam,Nhà Xuất Bản Phụ Nữ Việt Nam,,Bìa mềm,216.0,2022-08-17,Nhà Sách Vĩnh Thụy,available,1000.0,True,True,True
179720213,Đứa Con Của Nấm Mồ - Đào Quốc Minh,86000,86000,0,0.0,0,0,Viên Minh,NXB Hội Nhà Văn,Nhà Xuất Bản Hội Nhà Văn,,Bìa mềm,280.0,2022-05-11,SÁCH ĐẠI NAM,available,1000.0,True,True,True
167615616,Nơi Ánh Sáng Không Bao Giờ Tắt,149000,149000,0,0.0,0,0,,Thái Hà,oem,,,,,info book,available,1000.0,True,True,True
165284317,Tản văn ngắn : Chẳng Lẽ Ở Vậy Thiệt Sao - First News,58000,58000,0,0.0,0,0,,First News - Trí Việt,Nhiều Nhà Xuất Bản,,,,,Nhà Sách Vĩnh Thụy,available,1000.0,True,True,True
146224645,"Thần Với Chả Thoại - Những Câu Chuyện ""Mệt Mỏi"" Về Các Vị Thần",125000,125000,0,0.0,0,1,Fanpage Thần với chả Thoại,CÔNG TY TNHH SÁCH & TRUYỀN THÔNG VIỆT NAM,NXB Dân Trí,,,,,AHABOOKS,available,1000.0,True,True,True
92551488,Sách - Hạt Giống Tâm Hồn 12 - First News,76000,76000,0,0.0,0,0,,First News - Trí Việt,Nhà Xuất Bản Tổng hợp TP.HCM,,,168.0,,Nhà Sách Vĩnh Thụy,available,1000.0,True,True,True
74490640,Chuyện Của Phòm 4 (Truyện Ngắn - Hài Hiện Đại),42000,70000,40,0.0,0,1,LaHan,An Nam Books,Nhà Xuất Bản Hội Nhà Văn,,Bìa mềm,196.0,,SÁCH ĐẠI NAM,available,1000.0,True,True,True
51238654,Combo Hai Cuốn Tôi Là Thầy Tướng Số ( Tập 1 + Tập 2),303000,303000,0,0.0,0,1,Dịch Chi,Alphabooks,Nhà Xuất Bản Lao Động,,Bìa mềm,,,Nhà Sách Vĩnh Thụy,available,1000.0,True,True,True
279007635,Sách - Tắc kè hoa: Khi thay đổi là cách để yêu thương,169000,169000,0,0.0,0,0,Cầm Thùy Trang,Công Ty TNHH Xuất bản và Giáo dục Mochibooks,Nhà Xuất Bản Lao Động,,Bìa cứng,,2025-12-25,Nhà sách Mochibooks,available,1000.0,True,True,True
279006633,(Tập 4) CHUYỆN NGƯỜI HÀ NỘI – Nhóm Hà Nội Tri thức – Tri Thức Trẻ Books - NXB Hà Nội,243000,243000,0,0.0,0,0,nhieu tac gia,Tri Thức Trẻ,Nhà Xuất Bản Hà Nội,,Bìa cứng,292.0,,BÌNH BÁN BOOK,available,1000.0,True,True,True
277394567,"(Bìa cứng, In màu) TRIỆU LÁ THƯ GỬI MẸ - Mu Ye, You Ya - Lê Tùng Dương dịch - Thái Hà Books",179000,179000,0,0.0,0,3,Mu Ye,Thái Hà,Nhà Xuất Bản Công Thương,,Bìa cứng,122.0,,BÌNH BÁN BOOK,available,1000.0,True,True,True
276319950,Là Ánh Sáng Cũng Là Tình Yêu,116000,116000,0,0.0,0,0,Phù Thủy Tarot,NXB Thế Giới,Nhà Xuất Bản Thế Giới,,Bìa mềm,272.0,,Nhà Sách Phương Nam,available,1000.0,True,True,True
275433655,Nhiều Buổi Chiều Và Nhiều Buổi Tối,109000,109000,0,0.0,0,4,,PHANBOOK,Nhà Xuất Bản Hội Nhà Văn,,Bìa mềm,176.0,2024-06-28,Nhà sách NetaBooks,available,1000.0,True,True,True
275385454,Căn Phòng Của Râu Xanh,105000,105000,0,0.0,0,0,Hong Sun Ju,NXB Văn Học,Nhà Xuất Bản Văn Học,,Bìa mềm,232.0,,Nhà Sách Phương Nam,available,1000.0,True,True,True
275111756,Đến Nơi Nên Đến Yêu Người Nên Yêu - AZ,105000,105000,0,0.0,0,0,"Nguyễn Tuấn Nam, Phan Quốc Dũng",AZ Việt Nam,Nhà Xuất Bản Dân Trí,,Bìa mềm,232.0,,Bamboo Books,available,1000.0,True,True,True
274040856,Đồng Khuya Thương Nắng,46750,55000,15,0.0,0,0,Ngọc Huyền,Nhà xuất bản Tổng hợp TP.HCM ,Nhà Xuất Bản Tổng hợp TP.HCM,,,,,NXB TỔNG HỢP,available,1000.0,True,True,True
273238908,Cho Tôi Buồn Nốt Hôm Nay,90000,90000,0,0.0,0,0,Khiếm Khuyết,NXB Dân Trí,Nhà Xuất Bản Dân Trí,,Bìa mềm,176.0,,Bamboo Books,available,1000.0,True,True,True
272321340,Điệu Buồn Phương Nam,80750,95000,15,0.0,0,2,,Nhà xuất bản Tổng hợp TP.HCM ,Nhà Xuất Bản Tổng hợp TP.HCM,,,,,NXB TỔNG HỢP,available,1000.0,True,True,True
271781610,Tại Tôi,49000,49000,0,0.0,0,7,Hồ Biểu Chánh,Nhà xuất bản Tổng hợp TP.HCM ,Nhà Xuất Bản Tổng hợp TP.HCM,,,,,NXB TỔNG HỢP,available,1000.0,True,True,True
270920970,Đám Mây Trò Chuyện Với Chân Trời,95000,95000,0,0.0,0,0,,NXB Tổng hợp Thành Phố Hồ Chí Minh,NXB Tổng Hợp Thành Phố Hồ Chí Minh,,Bìa gập,260.0,2023-08-04,Bamboo Books,available,1000.0,True,True,True
270745075,Sài Gòn Hay Ta!,198000,198000,0,0.0,0,0,Thăng Fly,NXB Phụ Nữ,Nhà Xuất Bản Phụ Nữ,,Bìa mềm,302.0,,Nhà Sách Phương Nam,available,1000.0,True,True,True
270717035,Đừng Để Trà Nguội,88000,88000,0,0.0,0,0,Huy Trần,NXB Phụ Nữ,Nhà Xuất Bản Phụ Nữ,,Bìa mềm,208.0,,Nhà Sách Phương Nam,available,1000.0,True,True,True
263807794,Nước Chảy Qua Cầu,140000,140000,0,0.0,0,2,Bửu Ý,Phương Nam Book,Nhà Xuất Bản Văn Học,,Bìa mềm,336.0,,Nhà Sách Phương Nam,available,1000.0,True,True,True
263103669,Hà Nội trong mắt một người. Lan man nghìn năm phố,110000,110000,0,0.0,0,0,,Bloomsbury Childrens - NXB Trẻ,NXB Trẻ,,,,,HỆ THỐNG NHÀ SÁCH ABC,available,1000.0,True,True,True
262982832,Thương Nhớ Để Dành,104000,104000,0,0.0,0,0,,DEEP BOOKS,Nhà Xuất Bản Dân Trí,,,,,Bamboo Books,available,1000.0,True,True,True
253253729,Con Đường Bay Qua Lằn Ranh Sinh Diệt,142000,142000,0,0.0,0,1,,Tao Đàn,Nhà Xuất Bản Hội Nhà Văn,,Bìa mềm,244.0,2023-05-05,SÁCH ĐẠI NAM,available,1000.0,True,True,True
252868143,Sách Thương Nhớ Hoàng Lan,249000,249000,0,0.0,0,0,,CÔNG TY TNHH PHAN LỆ & FRIENDS,Nhà Xuất Bản Phụ Nữ,,,,,Bamboo Books,available,1000.0,True,True,True
249953399,Người hát xẩm ở Trì Câu,99000,99000,0,0.0,0,0,Đặng Chương Ngạn,Nhà xuất bản Tổng hợp TP.HCM ,Nhà Xuất Bản Tổng hợp TP.HCM,,Bìa mềm,240.0,2023-03-15,Bamboo Books,available,1000.0,True,True,True
249272849,"	Truyện Nôm Khuyết Danh - Truyện Từ Thức - Cái Tấm, Cái Cám 	_HA",35000,35000,0,0.0,0,1,Bùi Thức Phước,Nhà Sách Hồng Ân,Nhà Xuất Bản Hội Nhà Văn,,Bìa mềm,192.0,,Bảo Châu Books,available,1000.0,True,True,True
249260722,"Mong Bạn Vừa Cứng Rắn Vừa Dịu Dàng, Vừa Biết Tiến Vừa Biết Lui",130000,130000,0,0.0,0,0,Chu Xung,Công Ty TNHH Văn Hóa và Truyền Thông AZ Việt Nam,Nhà Xuất Bản Văn Học,,Bìa mềm,348.0,2023-03-30,Bamboo Books,available,1000.0,True,True,True
249260433,Đám Trẻ Ở Đại Dương Đen,99000,99000,0,0.0,0,0,Châu Sa Đáy Mắt,Công Ty TNHH Văn Hóa và Truyền Thông AZ Việt Nam,Nhà Xuất Bản Thế Giới,,Bìa mềm,280.0,2023-03-30,HỆ THỐNG NHÀ SÁCH ABC,available,1000.0,True,True,True
214106009,Nơi Khát Vọng Nảy Mầm,120000,120000,0,0.0,0,1,Thích Nữ Nhuận Bình,Thái Hà,Nhà Xuất Bản Lao Động,,Bìa mềm,272.0,2022-12-31,Nhà sách NetaBooks,available,1000.0,True,True,True
209423637,Áo Xưa Dù Nhàu,198000,198000,0,0.0,0,16,BS Đỗ Hồng Ngọc,PHANBOOK,Nhà Xuất Bản Đà Nẵng,,Bìa mềm,322.0,2022-12-12,Nhà sách NetaBooks,available,1000.0,True,True,True
207978284,Khi mùa cam chín,115000,115000,0,0.0,0,0,,NXB Phụ Nữ Việt Nam,Nhà Xuất Bản Phụ Nữ Việt Nam,,,304.0,,HỆ THỐNG NHÀ SÁCH ABC,available,1000.0,True,True,True
198187968,Chúng Ta Có Hẹn Với Bình Yên,89000,89000,0,0.0,0,1,,AZ Việt Nam,Nhà Xuất Bản Văn Học,,,,,info book,available,1000.0,True,True,True
177752973,Để Sang Năm Trẻ Lại,130000,130000,0,0.0,0,0,Chris Crowley & Henrys Lodge,Nhà Xuất Bản Đại Học Quốc Gia Hà Nội,Nhà Xuất Bản Đại Học Quốc Gia Hà Nội,,Bìa mềm,428.0,,Bamboo Books,available,1000.0,True,True,True
177280191,Cánh Đồng Bất Tận - Phiên Bản Đặc Biệt,335000,335000,0,0.0,0,0,,Nhà Xuất Bản Đại Học Quốc Gia Hà Nội,Nhà Xuất Bản Đại Học Quốc Gia Hà Nội,,,,,HỆ THỐNG NHÀ SÁCH ABC,available,1000.0,True,True,True
177165928,Cõi Âm Nơi Quán Cây Dương,85000,85000,0,0.0,0,0,,Nhà Xuất Bản Đại Học Quốc Gia Hà Nội,Nhà Xuất Bản Đại Học Quốc Gia Hà Nội,,,,,Bamboo Books,available,1000.0,True,True,True
159693888,Vui Vẻ Không Quạu Nha 2 - Một Cuốn Sách Buồn… Cười,79000,79000,0,0.0,0,0,,Skybook,Nhà Xuất Bản Phụ Nữ Việt Nam,,Bìa mềm,,,Nhà Sách Vĩnh Thụy,available,1000.0,True,True,True
138669921,Ngựa Ô Yêu Dấu (Tái Bản),80000,80000,0,0.0,0,1,,Đông A,Nhà Xuất Bản Văn Học,,Bìa mềm,288.0,,Bamboo Books,available,1000.0,True,True,True
138334951,Chuyện Trò Cùng Bác Sĩ Đỗ Hồng Ngọc Về Nếp Sống An Lạc (Tái bản năm 2018),99000,99000,0,4.5,2,31,Đỗ Hồng Ngọc,Nhà Xuất Bản Văn Hóa - Văn Nghệ,Nhà Xuất Bản Văn Hóa - Văn Nghệ,,Bìa mềm,212.0,2018-06-07,Nhà Sách Phương Nam,available,1000.0,True,True,True
135444677,Hàng Rong Và Tiếng Rao Hàng Hà Nội,115000,115000,0,0.0,0,0,,Kim Đồng,Nhà Xuất Bản Kim Đồng,,Bìa cứng,72.0,,Bamboo Books,available,1000.0,True,True,True
127692311,Sách - Chúng Ta Thấy Lại Những Vì Sao,128000,128000,0,0.0,0,0,,Bách Việt,Nhà Xuất Bản Thanh Niên,,,,,Bamboo Books,available,1000.0,True,True,True
113526561,Sách - Hà Nội Băm Sáu Phố Phường,25000,25000,0,0.0,0,0,Thạch Lam,NXB Kim Đồng,Nhà Xuất Bản Kim Đồng,,Bìa mềm,92.0,,Bamboo Books,available,1000.0,True,True,True
54122068,Qua những miền yêu,81600,85000,4,0.0,0,0,`,Nhà Xuất Bản Văn Hóa - Văn Nghệ,Nhà Xuất Bản Văn Hóa - Văn Nghệ TP.HCM,,Bìa mềm,268.0,2020-04-16,TYMBooks,available,1000.0,True,True,True
11637227,Tết Này Mình Cưới Nhau Nhé,85000,85000,0,5.0,2,10,Kim Tam Long,Công ty Cổ phần Sách Việt Nam,,,Bìa mềm,283.0,2019-03-11,SAVINA,available,1000.0,True,True,True
589358,Sách Ngày Ta Từng Yêu,77000,77000,0,0.0,0,0,Hachi Group,Đinh Tị,Nhà Xuất Bản Thanh Niên,,Bìa mềm,268.0,2017-03-16,SÁCH ĐẠI NAM,available,1000.0,True,True,True
429553,Sách Nhân Tài Và Ngọn Lửa,44000,44000,0,0.0,0,12,Vũ Oanh,Nhà sách Hàn Thuyên,,,Bìa mềm,265.0,2015-04-01,Nhà sách 30 Hàn Thuyên,available,1000.0,True,True,True
277543327,Bầu trời xanh tươi tuổi 20 nhẹ bước - Denley Lupin,89000,89000,0,0.0,0,0,Denley Lupin,Đông Tây,Nhà Xuất Bản Dân Trí,,Bìa mềm,199.0,2025-03-21,Đông Tây,available,1000.0,True,True,True
276471613,Sách Cánh Chim Bị Thương,105000,119000,12,0.0,0,6,Léa,Bloom Books,Nhà Xuất Bản Dân Trí,,Bìa mềm,192.0,,Tiki Trading,available,1000.0,False,True,True
275300188,Sách Crush,50600,55000,8,0.0,0,1,Sen Trắng,NXB Kim Đồng,Nhà Xuất Bản Kim Đồng,,Bìa mềm,744.0,2024-06-01,Tiki Trading,available,1000.0,False,True,True
274111426,Có gì sau phía chân trời,172800,180000,4,0.0,0,7,ThS Phùng Nguyễn Trí Thông,NXB Tổng hợp Thành Phố Hồ Chí Minh,Nhà Xuất Bản Tổng Hợp,,Bìa mềm,380.0,,TYMBooks,available,1000.0,True,True,True
273641718,Sách - Ký ức tuổi thơ con,75000,75000,0,0.0,0,1,,Công Ty TNHH Xuất bản và Giáo dục Mochibooks,Nhà Xuất Bản Văn Học,,Bìa mềm tay gấp,80.0,2023-12-15,Nhà sách Mochibooks,available,1000.0,True,True,True
273597769,Zen Lam - Du Hành Vào Cõi Xanh ,103950,135000,23,0.0,0,0,Vi Lam,Alpha Books,Nhà Xuất Bản Dân Trí,,Bìa mềm,222.0,2023-12-11,Alpha Books Official,available,1000.0,True,True,True
273242352,HỒI ÂM TỪ PHƯƠNG NAM – Huỳnh Như Phương –  Book Hunter ,180000,180000,0,0.0,0,0,,Công ty TNHH Truyền Thông và Giáo Dục Lyceum,Nhà Xuất Bản Đà Nẵng,,Bìa mềm,,,SÁCH ĐẠI NAM,available,1000.0,True,True,True
272269804,Mưa Lẻ - Thạch Cương - (bìa mềm),96000,100000,4,0.0,0,0,Thạch Cương,Nhà xuất bản Tổng hợp TP.HCM ,Nhà Xuất Bản Tổng hợp TP.HCM,,Bìa mềm,208.0,2023-09-01,TYMBooks,available,1000.0,True,True,True
271983368,Sách - Hãy thôi để quá khứ níu kéo,85000,85000,0,0.0,0,0,"Dory Mitani, nhieu tac gia",Công Ty TNHH Xuất bản và Giáo dục Mochibooks,Nhà Xuất Bản Lao Động,,Bìa mềm,219.0,2023-08-29,SÁCH ĐẠI NAM,available,1000.0,True,True,True
271585635,Xứ Sở Miên Man,220000,220000,0,0.0,0,4,,NXB Phụ Nữ,Nhà Xuất Bản Phụ Nữ,,Bìa mềm,264.0,,Nhà Sách Phương Nam,available,1000.0,True,True,True
270735755,Sách Lạc Giữa Tần Số Không Người Nghe,86000,86000,0,0.0,0,0,Macmart,DEEP BOOKS,Nhà Xuất Bản Phụ Nữ Việt Nam,,Bìa mềm,192.0,,Bamboo Books,available,1000.0,True,True,True
263053843,Sách Là Bình Thường Dữ Chưa?,79000,79000,0,0.0,0,0,Bình Thường Hóa,Glow Books,Nhà Xuất Bản Phụ Nữ,,Bìa mềm,224.0,2023-06-01,Bamboo Books,available,1000.0,True,True,True
249257553,Truyện Nôm Khuyết Danh - Truyện Trinh Thử_HA,35000,35000,0,0.0,0,1,Bùi Thức Phước,Nhà Sách Hồng Ân,Nhà Xuất Bản Hội Nhà Văn,,Bìa mềm,132.0,,Bảo Châu Books,available,1000.0,True,True,True
217648292,Sách Đọc thơ bạn,88000,140000,37,0.0,0,10,Trần Bảo Định,NXB Tổng hợp TP.HCM,Nhà Xuất Bản Tổng hợp TP.HCM,,Bìa mềm,316.0,2022-01-01,Tiki Trading,available,1000.0,False,True,True
209254210,Ghi Chép Pháp Y - Những Cái Chết Bí Ẩn _AZ,150000,150000,0,0.0,0,0,Lưu Hiểu Huy,AZ Việt Nam,Nhà Xuất Bản Thanh Niên,,Bìa mềm,344.0,,HỆ THỐNG NHÀ SÁCH ABC,available,1000.0,True,True,True
206335178,Vui Vẻ Không Quạu Nha 2 - Một Cuốn Sách Buồn... Cười,79000,79000,0,0.0,0,0,Ở Đây Zui Nè,Nhà xuất bản Phụ Nữ,Nhà Xuất Bản Phụ Nữ,,Bìa mềm,280.0,,Nhà Sách Phương Nam,available,1000.0,True,True,True
203841244,Sách - Luận Về Yêu - Nhã Nam,96000,96000,0,0.0,0,0,,Không có,Không có,,,,,HỆ THỐNG NHÀ SÁCH ABC,available,1000.0,True,True,True
192772153,Khách Của Quê Nhau Rún,76800,80000,4,0.0,0,0,Khôi Vũ,CÔNG TY TNHH TMDV & TRUYỀN THÔNG TYM,Nhà Xuất Bản Đà Nẵng,,Bìa mềm,158.0,2022-05-25,TYMBooks,available,1000.0,True,True,True
188492927,Sách Búp Sen Xanh (Tái Bản 2022),72000,72000,0,5.0,1,2,Sơn Tùng,Kim Đồng,Nhà Xuất Bản Kim Đồng,,Bìa mềm,220.0,2022-07-07,Bamboo Books,available,1000.0,True,True,True
177886215,Nhật Ký Sen Trắng,85000,85000,0,5.0,1,6,,Nhà Xuất Bản Đại Học Quốc Gia Hà Nội,Nhà Xuất Bản Đại Học Quốc Gia Hà Nội,,Bìa mềm,240.0,,Bamboo Books,available,1000.0,True,True,True
137453764,Sách Sài Gòn Chuyện Đời Của Phố 4 (Bìa mềm),288000,300000,4,0.0,0,1,Phạm Công Luận,Phương Nam Book,Nhà Xuất Bản Văn Hóa - Văn Nghệ,,Bìa mềm,302.0,2017-12-01,TYMBooks,available,1000.0,True,True,True
135322590,Hồi Kết Đẹp Xinh (Tập Truyện Ngắn),63000,99000,36,5.0,23,150,Lê Châu Bảo Ngọc,Bách Việt,Nhà Xuất Bản Thanh Niên,,Bìa mềm,264.0,2021-11-11,Tiki Trading,available,1000.0,False,True,True
115974415,Những tản văn suýt bị bỏ quên của Bọ Lập - Tác giả Nguyễn Quang Lập,98000,98000,0,5.0,8,117,Nguyễn Quang Lập,Saigon Books,Nhà Xuất Bản Hội Nhà Văn,,Bìa mềm,200.0,2021-07-30,Saigon Books Official,available,1000.0,True,True,True
84132570,Quê nhà yêu dấu,81600,85000,4,0.0,0,2,Vũ Đức Sao Biển,NXB Văn hóa Văn nghệ TP.HCM,Nhà Xuất Bản Văn Hóa - Văn Nghệ TP.HCM,,Bìa mềm,160.0,2020-11-05,TYMBooks,available,1000.0,True,True,True
40263033,Phượng ca,64300,67000,4,0.0,0,6,Vũ Đức Sao Biển,Huy Hoàng Bookstore,,,Bìa mềm,136.0,2019-11-01,TYMBooks,available,1000.0,True,True,True
25058575,Sách Sống Trong Thế Giới Đàn Ông,129000,129000,0,0.0,0,0,Vũ Nguyễn Hà Anh,Bloom Books,Nhà Xuất Bản Thế Giới,,Bìa mềm,248.0,2019-08-01,info book,available,1000.0,True,True,True
10606010,Sách Sực Nhớ Quê Hương Là Cực Lạc,28500,30000,5,0.0,0,19,Nhụy Nguyên,Công Ty TNHH TM - DV Chính Thông,Nhà Xuất Bản Hồng Đức,,Bìa mềm,196.0,2019-02-01,Chính Thông,available,1000.0,True,True,True
2274527,Sách Tuổi Trẻ Và Tình Yêu,80000,99000,19,5.0,7,80,Chân Pháp Đăng,Phương Nam Book,Nhà Xuất Bản Văn Hóa - Văn Nghệ,,Bìa mềm,216.0,,Tiki Trading,available,1000.0,False,True,True
885336,Sách Sài Gòn Chuyện Đời Của Phố 2,302400,315000,4,5.0,1,2,Phạm Công Luận,Phương Nam,Nhà Xuất Bản Văn Hóa - Văn Nghệ,,Bìa mềm,262.0,2017-07-01,TYMBooks,available,1000.0,True,True,True
817444,Sách Sài Gòn Trong Sài Gòn,57600,60000,4,5.0,1,1,Nguyễn Duy Quyền,NXB Văn Hóa - Văn Nghệ,Nhà Xuất Bản Văn Hóa - Văn Nghệ,,Bìa mềm,192.0,2017-08-25,TYMBooks,available,1000.0,True,True,True
713711,Sách Sài Gòn - Tình Yêu Của Tôi,100000,100000,0,0.0,0,1,Nguyễn Ngọc Hà,VanLangBooks,Nhà Xuất Bản Văn Học,,,288.0,2017-06-01,Bamboo Books,available,1000.0,True,True,True
638642,Sách Nói Bằng Lời Của Mình,98000,98000,0,5.0,1,3,Hồ Anh Thái,Nhà Xuất Bản Kim Đồng,Nhà Xuất Bản Kim Đồng,,Bìa mềm,364.0,2017-05-03,Bamboo Books,available,1000.0,True,True,True
579407,"Sách Mẹ Ơi, Con Nhớ Nhà",75000,75000,0,0.0,0,3,Trần Hồng Giang,NXB Phụ Nữ Việt Nam,Nhà Xuất Bản Phụ Nữ,,Bìa mềm,172.0,2016-10-11,Bamboo Books,available,1000.0,True,True,True
574856,Chiều Mênh Mông - Truyện Ngắn,54000,65000,17,0.0,0,46,Nguyễn Thị Thụy Vũ,Phương Nam Book,,,Bìa mềm,142.0,2017-01-17,Tiki Trading,available,1000.0,False,True,True
569812,"Sách Anh Không Thích Thế Giới Này, Anh Chỉ Thích Em (Bìa Mềm)",98000,98000,0,0.0,0,40,Kiều Nhất,TiHabooks,Nhà Xuất Bản Văn Học,,Bìa mềm,,2016-12-01,Nhà sách Nam Trung Yên,available,1000.0,True,True,True
549008,Sách Từ Làng Sen (2016),35000,35000,0,0.0,0,1,Lê Lam - Sơn Tùng,Nhà Xuất Bản Kim Đồng,Nhà Xuất Bản Kim Đồng,,Bìa mềm,36.0,2016-09-30,Bamboo Books,available,1000.0,True,True,True
527324,Sách Những Nốt Trầm Xao Xuyến,60000,60000,0,0.0,0,0,Bùi Sao tuyển chọn,Công Ty TNHH Văn Hóa Đông Tây,Nhà Xuất Bản Dân Trí,,Bìa mềm,214.0,2016-03-30,SÁCH ĐẠI NAM,available,1000.0,True,True,True
457631,Sách Vợ Chưa Cưới Chủ Nhật,47000,47000,0,0.0,0,0,Hanna Samson,NXB Phụ Nữ Việt Nam,Nhà Xuất Bản Phụ Nữ,,Bìa mềm,174.0,2015-11-10,info book,available,1000.0,True,True,True
446437,Sách Chiếc Bóng Lặng Thầm,24700,26000,5,0.0,0,12,.,Công Ty TNHH TM - DV Chính Thông,Nhà Xuất Bản Phương Đông,,Bìa mềm,116.0,2012-09-15,Chính Thông,available,1000.0,True,True,True
348138,Sách Kể Chuyện Gương Dũng Cảm,65000,65000,0,0.0,0,0,Nguyễn Phương Bảo An,Minh Long,Nhà Xuất Bản Văn Học,,Bìa mềm,293.0,2013-05-29,Nhà Sách Vĩnh Thụy,available,1000.0,True,True,True
279133821,Sách - Là Mình Phiên Bản Rực Rỡ Nhất,106200,125000,15,0.0,0,0,nhieu tac gia,AZ Việt Nam,Nhà Xuất Bản Văn Học,,Bìa mềm,,2023-12-21,Nhà sách Fahasa,available,1000.0,True,True,True
278966826,Sách - Thanh Xuân Ấy Tôi Đã Thương Một Người (Tái Bản 2025),109700,118000,7,0.0,0,0,Quốc Thái,Cty Văn Hóa Văn Lang,hong duc,,Bìa mềm,,2023-12-21,Nhà sách Fahasa,available,1000.0,True,True,True
278761275,Sách - Viết Cho Những Điều Bé Nhỏ - Về Nghe Hoa Hòe Kể Chuyện,39200,40000,2,0.0,0,0,nhieu tac gia,Nhà Xuất Bản Kim Đồng,Nhà Xuất Bản Kim Đồng,,Bìa mềm,,2023-12-21,Nhà sách Fahasa,available,1000.0,True,True,True
278761176,Sách - Chuyện Làng Tôi,59800,65000,8,0.0,0,0,nhieu tac gia,Fahasa,Nhà Xuất Bản Đà Nẵng,,Bìa mềm,,2023-12-21,Nhà sách Fahasa,available,1000.0,True,True,True
278616816,Sách - Hà Thành Hương Xưa Vị Cũ - Tập 2 - Món Ngon Từ Làng Ra Phố,228000,285000,20,0.0,0,0,nhieu tac gia,CÔNG TY TNHH SÁCH & TRUYỀN THÔNG VIỆT NAM,Nhà Xuất Bản Hà Nội,,Bìa mềm,,2023-12-21,Nhà sách Fahasa,available,1000.0,True,True,True
278603673,Tạm Biệt Tôi Của Nhiều Năm Về Trước (Phiên Bản Song Ngữ Việt - Hàn),88000,88000,0,0.0,0,0,nhieu tac gia,Gieobooks,Nhà Xuất Bản Phụ Nữ Việt Nam,,Bìa mềm,160.0,2025-09-05,Tazano Official Store,available,1000.0,True,True,True
278598884,Sách Đời Không Trọn Vẹn,49000,50000,2,0.0,0,2,Tùng Lê,Nhà Xuất Bản Kim Đồng,Nhà Xuất Bản Kim Đồng,,Bìa mềm,140.0,,Tiki Trading,available,1000.0,False,True,True
278508042,Việc Khó Làm Trước - Thành Thục Khả Năng Tự Chủ (ĐT),91800,108000,15,0.0,0,0,Scott Allan,Cty Văn Hóa Đông Tây,Nhà Xuất Bản Dân Trí,,Bìa mềm,228.0,,Văn Lang Official Store,available,1000.0,True,True,True
278507997,Cha Con Giáo Hoàng - Mario Puzo - Carol Gino Hoàn Thiện - Phan Quang Định Dịch (ĐA),178000,200000,11,0.0,0,0,Mario Puzo,Đông A,Nhà Xuất Bản Văn Học,,Bìa mềm,576.0,,Văn Lang Official Store,available,1000.0,True,True,True
278507964,Công Phu Nở Đóa Sen Ngàn Cánh - Tập 3 - Công Phu Ngày Thứ Tư - Thích Nhất Hạnh (PNB),328410,369000,11,0.0,0,0,Thích Nhất Hạnh,Phương Nam Book,Nhà Xuất Bản Thế Giới,,Bìa mềm,454.0,,Văn Lang Official Store,available,1000.0,True,True,True
278507934,Nghệ Thuật Thiết Lập Truyền Thông (PNB),93450,105000,11,0.0,0,0,Thích Nhất Hạnh,Phương Nam Book,Nhà Xuất Bản Thế Giới,,Bìa mềm,183.0,,Văn Lang Official Store,available,1000.0,True,True,True
278507125,Sách - Nằm Nghe Bố Kể,71200,80000,11,0.0,0,0,nhieu tac gia,Fahasa,Nhà Xuất Bản Văn Học,,Bìa mềm,,2023-12-21,Nhà sách Fahasa,available,1000.0,True,True,True
278147209,Sách - Đi Qua Mưa Giông Ngày Mai Là Nắng Hạ,91800,108000,15,0.0,0,0,Yên Hạ,AZ Việt Nam,Nhà Xuất Bản Văn Học,,Bìa mềm,,2023-12-21,Nhà sách Fahasa,available,1000.0,True,True,True
278147142,Sách - Tê Giác Trong Ngàn Xanh (Tái Bản 2025),44100,45000,2,0.0,0,0,Đoàn Giỏi,Nhà Xuất Bản Kim Đồng,Nhà Xuất Bản Kim Đồng,,Bìa mềm,,2023-12-21,Nhà sách Fahasa,available,1000.0,True,True,True
278147105,Sách - Muốn Yêu Lầm,71200,75000,5,0.0,0,0,Võ Duy Khánh,NXB Trẻ,NXB Trẻ,,Bìa mềm,,2023-12-21,Nhà sách Fahasa,available,1000.0,True,True,True
277362029,Sách - Sau Này Gặp Lại Ai Cũng Phải Hạnh Phúc - Tặng Kèm Bookmark,91800,108000,15,0.0,0,0,Trí,AZ Việt Nam,Nhà Xuất Bản Văn Học,,Bìa mềm,,2023-12-21,Nhà sách Fahasa,available,1000.0,True,True,True
277316217,Sách - Đóa Hoa Sương Núi (Tâm An) - SBOOKS,116000,118000,2,0.0,0,0,Tâm An,SBOOKS,Nhà Xuất Bản Văn Học,,Bìa mềm,192.0,2025-02-11,SBOOKS OFFICIAL,available,1000.0,True,True,True
276661362,Cùng Cha Mẹ Già Đi,101100,119000,15,0.0,0,9,Tất Khiếu Nam,AZ Việt Nam,Nhà Xuất Bản Dân Trí,,Bìa mềm,,2023-12-21,Nhà sách Fahasa,available,1000.0,True,True,True
276291563,Sách Vị quê thương nhớ,161500,170000,5,0.0,0,0,Lê Hà,Chibooks,Nhà Xuất Bản Lao Động,,Bìa mềm,278.0,,Cá Chép Bookstore,available,1000.0,True,True,True
273888232,(Tự Truyện Của Người 30 Năm Sống Chung Với HIV) ĐAU CŨNG LÀ SỐNG  –  Đồng Đức Thành – NXB Hội nhà văn – Alpha Books,103000,129000,20,0.0,0,0,Đồng Đức Thành,Alpha Books,Nhà Xuất Bản Hội Nhà Văn,,Bìa mềm,,,Alpha Books Official,available,1000.0,True,True,True
272429799,Tật Xấu Người Việt,149000,149000,0,0.0,0,1,Di Li,Nhã Nam,Nhà Xuất Bản Hội Nhà Văn,,Bìa mềm,384.0,2023-10-03,Bamboo Books,available,1000.0,True,True,True
248585426,"Thế Giới Xấu Xí, Với Anh, Em Vẫn Đẹp",83700,92000,9,5.0,3,36,Yang Phan,Công Ty Cổ Phần Time Books,Nhà Xuất Bản Thế Giới,,,,,Nhà sách Fahasa,available,1000.0,True,True,True
214200294,Sách Chuyện Của Chúng Tôi - Alphabooks - BẢN QUYỀN,159000,199000,20,0.0,0,2,,Alphabooks,Nhà Xuất Bản Hội Nhà Văn,,,,,Alpha Books Official,available,1000.0,True,True,True
213704985,Sách Gió Thu Hoa Cúc Gầy Rồi,108200,169000,36,0.0,0,39,Thâm Tâm,Linh Lan Books,Nhà Xuất Bản Lao Động,,Bìa mềm,160.0,2023-01-01,Tiki Trading,available,1000.0,False,True,True
205809611,Tạm Biệt Tôi Của Nhiều Năm Về Trước,95000,95000,0,0.0,0,0,An,Nhà Xuất Bản Dân Trí,Nhà Xuất Bản Dân Trí,,Bìa mềm,248.0,,Nhà Sách Vĩnh Thụy,available,1000.0,True,True,True
169887040,Những Đứa Con Của Cây Cầu Long Biên,201000,268000,25,0.0,0,0,Đông Di,CÔNG TY TNHH SÁCH & TRUYỀN THÔNG VIỆT NAM,Nhà Xuất Bản Hội Nhà Văn,,,,,Nhà sách Fahasa,available,1000.0,True,True,True
165150365,Sách Vì Sao Tôi Cứ Mãi FA,58000,79000,27,0.0,0,4,Hà Mỹ Hồng,VanLangBooks,,,Bìa mềm,224.0,2022-02-01,Tiki Trading,available,1000.0,True,True,True
54422721,Lấy Tình Thâm Mà Đổi Đầu Bạc (Tái Bản 2020),119500,119500,0,5.0,10,41,Vãn Tình,AZ Việt Nam,Nhà Xuất Bản Thế Giới,,,,,Phương Đông Books,available,1000.0,True,True,True
38108502,Sách Những Áng Văn Xuôi Quốc Ngữ Đầu Tiên,144100,155000,7,5.0,2,10,Trần Nhật Vy,NXB Tổng Hợp,,,Bìa mềm,424.0,2019-10-01,Nhà sách Fahasa,available,1000.0,True,True,True
10745325,Sách Văn Học Thiếu Nhi - Ơ kìa! Tuổi thơ ,34000,68000,50,4.7,116,880,Đào Thiên An,Việt An Book,Nhà Xuất Bản Hội Nhà Văn,,,128.0,,Việt An books,available,1000.0,True,True,True
6199059,Sách Khói Un Chiều,76000,119000,36,4.8,4,51,Trần Bảo Định,PHANBOOK,Nhà Xuất Bản Đà Nẵng,,Bìa mềm,210.0,,PHAN LỆ & FRIENDS,available,1000.0,True,True,True
1539237,Sách Phụ Nữ Tao Nhã Là Người Hạnh Phúc Nhất,62500,68000,8,5.0,10,44,"Thiên Thai, Vi Khanh",Liên Việt,,,Bìa mềm,156.0,2017-01-01,Nhà sách Fahasa,available,1000.0,True,True,True
1519257,Sách Những Chuyện Bựa Thời Sinh Viên,135000,150000,10,3.0,1,10,Song Hà,1980 Books,,,Bìa mềm,400.0,2018-01-02,Nhà sách Fahasa,available,1000.0,True,True,True
872302,Khi Phụ Nữ Uống Trà Đàn Ông Nên Cẩn Thận,65550,69000,5,2.5,2,11,Phan Ý Yên,Phương Nam,Nhà Xuất Bản Phụ Nữ,,Bìa mềm,176.0,2017-07-01,SÁCH ĐẠI NAM,available,1000.0,True,True,True
800355,Sách Luật Của Rừng,47500,50000,5,0.0,0,1,Thủy Vũ,NXB Tổng Hợp,,,Bìa mềm,142.0,2017-10-12,Nhà sách Fahasa,available,1000.0,True,True,True
500531,Sách Đôi Bạn,65550,69000,5,5.0,1,1,Nhất Linh (Tự lực văn đoàn),Tao Đàn,Nhà Xuất Bản Văn Học,,Bìa mềm,238.0,2016-05-16,SÁCH ĐẠI NAM,available,1000.0,True,True,True
475688,Sách Lỗi Ở Yêu Thương - Về Nhà Với Mẹ,71000,89000,20,5.0,2,35,Thanh Duy - Thanh Thủy,Alphabooks,Nhà Xuất Bản Văn Học,,Bìa mềm,,2016-03-02,Alpha Books Official,available,1000.0,True,True,True
471351,Sách Chồng Xứ Lạ,43200,54000,20,4.5,2,5,Trang Hạ,NXB Phụ Nữ Việt Nam,,,Bìa mềm,,2016-01-28,Nhà sách Fahasa,available,1000.0,True,True,True
442209,Sách Mười Năm,101000,125000,19,3.0,2,108,Tô Hoài,Phương Nam Book,,,Bìa mềm,369.0,2015-07-06,Tiki Trading,available,1000.0,False,True,True
355121,Sách Nghệ Thuật Trang Trí & Cắt Tỉa Trái Cây,48100,58000,17,4.0,1,4,,First News - Trí Việt,,,Bìa mềm,,1970-01-01,Nhà sách Fahasa,available,1000.0,True,True,True
278830733,Sách - Tôi Có Triệu Chứng Kém Yêu Ư?,82700,88000,6,0.0,0,0,nhieu tac gia,Skybooks,Nhà Xuất Bản Phụ Nữ Việt Nam,,Bìa mềm,,2023-12-21,Nhà sách Fahasa,available,1000.0,True,True,True
278810626,Sách Mở Mắt Ra Đi Em,107000,129000,17,0.0,0,0,Mắt Toét,Skybooks,Nhà Xuất Bản Phụ Nữ Việt Nam,,Bìa mềm,200.0,2025-11-06,Tiki Trading,available,1000.0,False,True,True
277770205,Mùa Hoa Trên Những Lối Sông,73000,73000,0,5.0,1,3,Võ Diệu Thanh,NXB Trẻ,NXB Trẻ,,Bìa mềm,144.0,2025-04-16,Nhà sách NetaBooks,available,1000.0,True,True,True
277389212,Món Việt Là Nhà (NXB Trẻ 2025),114540,138000,17,0.0,0,0,Ann Lee,NXB Trẻ,NXB Trẻ,,Bìa mềm,220.0,,Nhà Xuất Bản Trẻ,available,1000.0,True,True,True
277233517,Truyện Ngắn Phan Thị Vàng Anh,115920,126000,8,0.0,0,2,Phan Thị Vàng Anh,NXB Trẻ,NXB Trẻ,,Bìa mềm,292.0,2025-02-03,Nhà sách NetaBooks,available,1000.0,True,True,True
276412229,Gió Đông Rưng Rức,85000,85000,0,0.0,0,0,Hoàng Lệ Thủy,NXB Trẻ,NXB Trẻ,,Bìa mềm,200.0,,FishingBook,available,1000.0,True,True,True
275929129,Ngày Mai Của Những Ngày Mai,114000,120000,5,0.0,0,5,Nguyễn Ngọc Tư,NXB Trẻ,NXB Trẻ,,Bìa mềm,192.0,2024-08-16,Cá Chép Bookstore,available,1000.0,True,True,True
275863325,NGÀY MAI CỦA NHỮNG NGÀY MAI - Nguyễn Ngọc Tư - NXB Trẻ,99600,120000,17,5.0,4,44,Nguyễn Ngọc Tư,NXB Trẻ,NXB Trẻ,,Bìa mềm,192.0,,Nhà Xuất Bản Trẻ,available,1000.0,True,True,True
274857245,Sách - Gáy Người Thì Lạnh (Tái Bản 2022) - NXB Trẻ,76000,80000,5,0.0,0,0,Nguyễn Ngọc Tư,NXB Trẻ,NXB Trẻ,,Bìa mềm,152.0,,Nhân Văn,available,1000.0,True,True,True
274827198,Combo 2 Cuốn Văn Học Hiện Đại Hay: Chín Truyện Ngắn + Franny Và Zooey,243000,243000,0,0.0,0,1,,Nhã Nam,Nhà Xuất Bản Hội Nhà Văn,,,,,Bamboo Books,available,1000.0,True,True,True
273943777,Người Nói Đạo Lý Thường Sống Khá Giả- Cuốn Truyện Ngắn Hay ,169000,169000,0,0.0,0,0,,Nhã Nam,Nhà Xuất Bản Hà Nội,,,,,NHBook,available,1000.0,True,True,True
273645237,Tôi Ươm Ánh Mặt Trời,81000,90000,10,0.0,0,1,Lữ,NXB Trẻ,NXB Trẻ,,,,,Nhà sách Fahasa,available,1000.0,True,True,True
273294854,Sách Ngày Nắng Đem Nỗi Buồn Ra Phơi,88000,88000,0,0.0,0,0,Thỏ con lon ton,Skybooks,Nhà Xuất Bản Phụ Nữ Việt Nam,,Bìa mềm,192.0,2023-10-30,Bamboo Books,available,1000.0,True,True,True
272397033,Con Giai Phố Cổ: Tạp Văn _TRE,120000,120000,0,0.0,0,0,Nguyễn Việt Hà,NXB Trẻ,NXB Trẻ,,,296.0,,NewShop Official,available,1000.0,True,True,True
272252419,CÓ MỘT HÀ NỘI TRONG TÔI - Vũ Công Chiến - Nhà xuất bản Trẻ,115000,115000,0,0.0,0,0,Vũ Công Chiến,NXB Trẻ,NXB Trẻ,,Bìa mềm,,,NHBook,available,1000.0,True,True,True
270507915,Sách Thần tượng của tôi dính phốt rồi,76560,116000,34,5.0,1,37,Usamirin,Nhã Nam,Nhà Xuất Bản Hà Nội,,Bìa mềm,141.0,2023-07-07,Tiki Trading,available,1000.0,False,True,True
252136920,Mai Nương Lệ Cốt,79000,79000,0,0.0,0,0,Thầy dòng Prévost,Nhã Nam,Nhà Xuất Bản Thế Giới,,Bìa mềm,270.0,,FishingBook,available,1000.0,True,True,True
247408852,Tự Mình Cách Biệt 	_TRE,140000,140000,0,0.0,0,0,Hồ Anh Thái,NXB Trẻ,NXB Trẻ,,Bìa mềm,422.0,,Bamboo Books,available,1000.0,True,True,True
242760856,Sách Đám trẻ nhiễu văn hóa - Nhã Nam - BẢN QUYỀN,119000,119000,0,0.0,0,0,,Nhã Nam,Nhà Xuất Bản Hội Nhà Văn,,,,,HỆ THỐNG NHÀ SÁCH ABC,available,1000.0,True,True,True
209377356,Đám Trẻ Nhiễu Văn Hóa,119000,119000,0,0.0,0,0,,Nhã Nam,Nhà Xuất Bản Hội Nhà Văn,,,,,HỆ THỐNG NHÀ SÁCH ABC,available,1000.0,True,True,True
197602405,Sách: Một Nửa Chiếc Va Li,130000,130000,0,0.0,0,0,,Nhã Nam,Nhà Xuất Bản Hà Nội,,,,,Nhà Sách Vĩnh Thụy,available,1000.0,True,True,True
193154093,"Seri Truyện ngắn của Nguyễn Thị Hoàng (Vòng tay học trò, Cuộc tình trong ngục thất, Một ngày rồi thôi, Tiếng chuông gọi người tình trở về, Tuần trăng mật màu xanh)",620000,620000,0,0.0,0,0,Nguyễn Thi Hoàng,Nhã Nam,Nhà Xuất Bản Hội Nhà Văn,,Bìa cứng,,,SÁCH ĐẠI NAM,available,1000.0,True,True,True
151950570,Nguồn Cội - Chuyện Về Những Người Hai Quê Hương,78700,82000,4,0.0,0,1,,Nhã Nam,Nhà Xuất Bản Dân Trí,,,,,Nhà sách Fahasa,available,1000.0,True,True,True
127032509,Sách-Khói Trời Lộng Lẫy (Tập truyện ngắn),90000,90000,0,0.0,0,0,,NXB Trẻ,NXB Trẻ,,,,,Nhà Sách Vĩnh Thụy,available,1000.0,True,True,True
84866571,Combo 2 cuốn sách: CUỘC TÌNH TRONG NGỤC THẤT + Khi em chạm phải một nỗi buồn,180000,180000,0,0.0,0,0,,Nhã Nam,Nhà Xuất Bản Thế Giới,,,,,SÁCH ĐẠI NAM,available,1000.0,True,True,True
84837756,Combo 2 cuốn sách: Em chỉ nói những điều họ muốn  + Kể xong rồi đi,173000,173000,0,0.0,0,0,,Nhã Nam,Nhà Xuất Bản Thế Giới,,,,,HỆ THỐNG NHÀ SÁCH ABC,available,1000.0,True,True,True
77942729,Combo 2 cuốn sách: Hành khách bí ẩn + Hội chứng E,268500,268500,0,0.0,0,0,,Nhã Nam,Nhà Xuất Bản Thế Giới,,,,,AHABOOKS,available,1000.0,True,True,True
74793286,"Sách ""Giá Ngày Tháng Ấy Có Người Hiểu Tôi...""",62000,85000,27,4.8,243,1030,Lê Nguyễn Nhật Linh,NXB Trẻ,NXB Trẻ,,Bìa mềm,222.0,2020-12-01,Tiki Trading,available,1000.0,False,True,True
54411771,Combo Top 6 Cuốn Truyện Đặc Sắc Của Nguyễn Nhật Ánh: Mắt Biếc (Tái Bản 2019) + Ngồi Khóc Trên Cây + Ngày Xưa Có Một Chuyện Tình + Đảo Mộng Mơ (Tái Bản) + Tôi Thấy Hoa Vàng Trên Cỏ Xanh + Làm Bạn Với Bầu Trời (Bìa Mềm),593000,593000,0,0.0,0,0,,NXB Trẻ,NXB Trẻ,,Bìa mềm,,,Nhà Sách Vĩnh Thụy,available,1000.0,True,True,True
53770546,Những ngã tử và những cột đèn (TB),200000,200000,0,0.0,0,0,Trần Dần,Nhã Nam,Nhà Xuất Bản Hội Nhà Văn,,,,,HỆ THỐNG NHÀ SÁCH ABC,available,1000.0,True,True,True
1617601,Sách Khúc Đắm Say Tuyệt Vọng,65500,69000,5,4.0,1,3,Camellia Dương,Nhã Nam,,,Bìa mềm,132.0,2018-03-12,Nhà sách Fahasa,available,1000.0,True,True,True
861364,Ngồi Khóc Trên Cây: Truyện Dài,130000,130000,0,5.0,1,7,Nguyễn Nhật Ánh,NXB Trẻ,,,Bìa mềm,342.0,2017-08-29,trungthanh2018,available,1000.0,True,True,True
637311,Sách Across America,78850,95000,17,0.0,0,3,Dương Thụy,NXB Trẻ,NXB Trẻ,,Bìa mềm,336.0,2017-05-01,Nhà Xuất Bản Trẻ,available,1000.0,True,True,True
474246,Sách Buổi Chiều Ngồi Hát,66500,70000,5,0.0,0,3,Nguyễn Việt Hà,NXB Trẻ,NXB Trẻ,,Bìa mềm,256.0,2016-02-23,SÁCH ĐẠI NAM,available,1000.0,True,True,True
438094,Sách Dạo Chơi - Tuổi Già,95000,95000,0,5.0,1,7,Sơn Nam,NXB Trẻ,NXB Trẻ,,Bìa mềm,369.0,2015-03-10,Bamboo Books,available,1000.0,True,True,True
425284,Sách Bảy Bước Tới Mùa Hè,96000,96000,0,0.0,0,2,Nguyễn Nhật Ánh,NXB Trẻ,NXB Trẻ,,Bìa mềm,288.0,2015-02-12,Nhà Sách Vĩnh Thụy,available,1000.0,True,True,True
394460,Sách Trước Vòng Chung Kết (Tái Bản 2018),120000,120000,0,0.0,0,1,Nguyễn Nhật Ánh,NXB Trẻ,NXB Trẻ,,Bìa mềm,256.0,2018-11-14,Nhà Sách Vĩnh Thụy,available,1000.0,True,True,True
381641,Sách Hoa Hồng Xứ Khác (Tái Bản 2013),120000,120000,0,0.0,0,0,Nguyễn Nhật Ánh,NXB Trẻ,NXB Trẻ,,Bìa mềm,270.0,2013-11-27,Nhà Sách Vĩnh Thụy,available,1000.0,True,True,True
352340,Sách Người Quảng Đi Ăn Mì Quảng,75000,75000,0,0.0,0,0,Nguyễn Nhật Ánh,NXB Trẻ,NXB Trẻ,,Bìa mềm,202.0,2014-09-15,Nhà Sách Vĩnh Thụy,available,1000.0,True,True,True
339886,Sách Nhảy Múa Trong Bộ Đồ Da,39900,42000,5,4.5,12,165,Louise Rennison,Nhã Nam,Nhà Xuất Bản Hội Nhà Văn,,Bìa mềm,213.0,2011-06-17,Tiki Trading,available,1000.0,False,True,True
278860535,Sách - Mở Mắt Ra Đi Em,122500,129000,5,0.0,0,0,nhieu tac gia,Skybooks,Nhiều Nhà Xuất Bản,,Bìa mềm,,2023-12-21,Nhà sách Fahasa,available,1000.0,True,True,True
278703339,Sách - Tháng Năm Giấu Trong Vạt Áo Bà,118700,125000,5,0.0,0,0,nhieu tac gia,Skybooks,Nhà Xuất Bản Phụ Nữ Việt Nam,,Bìa mềm,,2023-12-21,Nhà sách Fahasa,available,1000.0,True,True,True
278321262,Lịch Vạn Niên Cung Đình (HH),117300,138000,15,0.0,0,0,ThS Nguyễn Mạnh Linh,Huy Hoàng Bookstore,Nhà Xuất Bản Hồng Đức,,Bìa mềm,256.0,,Văn Lang Official Store,available,1000.0,True,True,True
277355200, Tập Truyện ngắn Muốn Yêu Lầm - Võ Duy Khánh (NXB Trẻ),62250,75000,17,0.0,0,0,,NXB Trẻ,NXB Trẻ,,,,,Nhà Xuất Bản Trẻ,available,1000.0,True,True,True
276611848,ĂN PHỞ RẤT KHÓ THẤY NGON – Nguyễn Trương Quý - NXB Trẻ,85000,85000,0,0.0,0,0,Nguyễn Trương Quý,NXB Trẻ,NXB Trẻ,,Bìa mềm,200.0,,HỆ THỐNG NHÀ SÁCH ABC,available,1000.0,True,True,True
276567899,Tự Nhiên Như Người Hà Nội - TRE,85000,85000,0,0.0,0,0,Nguyễn Trương Quý,NXB Trẻ,NXB Trẻ,,Bìa mềm,190.0,,Bamboo Books,available,1000.0,True,True,True
276008765,"Đáng Yêu Là ""Siêu Năng Lực"" Của Tớ",79000,79000,0,0.0,0,0,Trà,NXB Thế Giới,Nhà Xuất Bản Thế Giới,,Bìa mềm,176.0,,Nhà Sách Phương Nam,available,1000.0,True,True,True
275356298,Thả Thính Chân Kinh,48000,95000,49,0.0,0,0,,NXB Trẻ,NXB Trẻ,,,,,NHBook,available,1000.0,True,True,True
274173581,Thềm Cũ Đã Xanh Rêu  - Bản Quyền,98000,98000,0,0.0,0,0,,NXB Trẻ,NXB Trẻ,,,,,Bamboo Books,available,1000.0,True,True,True
274143894,Myanmar - Truyện Không Phải Truyện,85500,90000,5,0.0,0,2,,NXB Trẻ,NXB Trẻ,,,,,Nhà sách Fahasa,available,1000.0,True,True,True
274113628,Sách Kẻo Tro Bay Mất,137700,145000,5,0.0,0,6,Việt Linh,NXB Trẻ,NXB Trẻ,,,,,Nhà sách Fahasa,available,1000.0,True,True,True
274109324,Thềm Cũ Đã Rêu Xanh (Tản Văn),81340,98000,17,0.0,0,8,Nguyễn Minh Hải,NXB Trẻ,NXB Trẻ,,Bìa mềm tay gấp,228.0,2024-02-02,Nhà Xuất Bản Trẻ,available,1000.0,True,True,True
274084768,Khi Trẻ Người Ta Nghĩ Khác,148800,160000,7,0.0,0,1,Lê Khải Việt,Nhã Nam,Nhà Xuất Bản Hội Nhà Văn,,,,,Nhà sách Fahasa,available,1000.0,True,True,True
273386939,2 Người Trong 1 Ngăn Tủ,87000,87000,0,0.0,0,0,Phát Dương,NXB Trẻ,NXB Trẻ,,Bìa mềm,200.0,2023-11-21,Nhà sách NetaBooks,available,1000.0,True,True,True
273165486,Sách Gió Còn Thổi Mãi,69000,92000,25,5.0,2,18,Thủy Vũ,DEEP BOOKS,Nhà Xuất Bản Lao Động,,Bìa mềm,216.0,,Tiki Trading,available,1000.0,False,True,True
272639291,"Ăn, Uống, Nói, Cười & Khóc",76800,80000,4,0.0,0,0,,NXB Trẻ,NXB Trẻ,,,,,TYMBooks,available,1000.0,True,True,True
272396578, Những Điều Bỏ Quên Trong Xó,38000,75000,49,0.0,0,1,Trong Xó,Skybooks,Nhà Xuất Bản Phụ Nữ,,Bìa mềm,152.0,2023-10-02,NHBook,available,1000.0,True,True,True
271453408,CÓ MỘT HÀ NỘI TRONG TÔI - Vũ Công Chiến - (bìa mềm),110400,115000,4,0.0,0,0,Vũ Công Chiến,NXB Trẻ,NXB Trẻ,,Bìa mềm,252.0,2023-08-01,TYMBooks,available,1000.0,True,True,True
270301450,"Khói Trời Lộng Lẫy  - Nguyễn Ngọc Tư, Trẻ",90000,90000,0,0.0,0,0,Nguyễn Ngọc Tư,NXB Trẻ,NXB Trẻ,,Bìa mềm,144.0,,info book,available,1000.0,True,True,True
270118308,Là Bình Thường Dữ Chưa? _SKY,79000,79000,0,0.0,0,0,Bình Thường Hóa,Skybooks,Nhà Xuất Bản Phụ Nữ Việt Nam,,Bìa mềm,224.0,,Bamboo Books,available,1000.0,True,True,True
263370014,Là Bình Thường Dữ Chưa?,74200,79000,6,0.0,0,0,Bình Thường Hóa,Skybooks,Nhà Xuất Bản Phụ Nữ Việt Nam,,,,,Nhà sách Fahasa,available,1000.0,True,True,True
184415312,Khói Trời Lộng Lẫy (Tái Bản Mới Nhất),90000,90000,0,0.0,0,0,Nguyễn Ngọc Tư,NXB Trẻ,NXB Trẻ,,Bìa mềm,144.0,2022-06-01,info book,available,1000.0,True,True,True
175466384,Combo 2Q: Giỏ Trái Cây + Đừng Chỉ Đẹp Mà Không Hiểu Chuyện (Truyện Ngắn/Tản Văn/Tư Duy/Kỹ Năng),181500,181500,0,0.0,0,0,,Nhiều công ty phát hành,Nhà Xuất Bản Phụ Nữ Việt Nam,,Bìa mềm,,2022-03-05,AHABOOKS,available,1000.0,True,True,True
171625685,Văn Học Tuổi 20 - Có Thú Dữ Trong Thành Phố,90000,90000,0,0.0,0,0,,NXB Trẻ,oem,,Bìa mềm,,,HỆ THỐNG NHÀ SÁCH ABC,available,1000.0,True,True,True
171184965,Sách - Hong Tay Khói Lạnh - Nguyễn Ngọc Tư,90000,90000,0,4.0,1,2,Nguyễn Ngọc Tư,NXB Trẻ,NXB Trẻ,,Bìa mềm,176.0,,Bamboo Books,available,1000.0,True,True,True
160553016,Tạp Văn Nguyễn Ngọc Tư,88000,88000,0,0.0,0,0,,NXB Trẻ,NXB Trẻ,,,,,Nhà Sách Vĩnh Thụy,available,1000.0,True,True,True
127033222,Sách-Giao Thừa (Tập truyện ngắn Nguyễn Ngọc Tư),92000,92000,0,0.0,0,0,,NXB Trẻ,NXB Trẻ,,,,,Nhà Sách Vĩnh Thụy,available,1000.0,True,True,True
125741526,Chuyện Ngõ Nghèo,119000,119000,0,0.0,0,0,,Nhã Nam,Nhà Xuất Bản Hội Nhà Văn,,Bìa mềm,326.0,2021-06-18,Bamboo Books,available,1000.0,True,True,True
113232945,Chiến Binh Cầu Vồng,135000,135000,0,0.0,0,0,,Nhã Nam,Nhà Xuất Bản Hội Nhà Văn,,Bìa mềm,424.0,2020-11-23,info book,available,1000.0,True,True,True
109861910,Sách - Cái nồi gì thế,88000,88000,0,0.0,0,0,,Nhã Nam,Nhà Xuất Bản Hội Nhà Văn,,,,,Nhà Sách Vĩnh Thụy,available,1000.0,True,True,True
96037595,Sách - Hạnh phúc là con đường,155000,155000,0,0.0,0,0,,Nhã Nam,Nhà Xuất Bản Thế Giới,,,368.0,,Bamboo Books,available,1000.0,True,True,True
77942871,Combo 2 cuốn sách: Vết khắc hằn trên cát + Trò chơi của thiên thần,374000,374000,0,0.0,0,0,,Nhã Nam,Nhà Xuất Bản Thế Giới,,,,,info book,available,1000.0,True,True,True
77942841,Combo 2 cuốn sách: Người đàn bà sau cửa sổ  + Nhân chứng đã chết,218500,218500,0,0.0,0,1,,Nhã Nam,Nhà Xuất Bản Thế Giới,,,,,AHABOOKS,available,1000.0,True,True,True
72206712,Sách Vàng Và Máu,110000,125000,12,5.0,2,15,Thế Lữ,Công ty TNHH Quốc Tế Mai Hà,Nhà Xuất Bản Thế Giới,,Bìa mềm,148.0,2020-08-01,Nhà sách Fahasa,available,1000.0,True,True,True
57712546,Sách Em Rắc Thính Anh Thả Tình,114000,120000,5,4.8,29,156,Dương Thụy,NXB Trẻ,NXB Trẻ,,Bìa mềm,376.0,2020-07-03,Nhà sách Fahasa,available,1000.0,True,True,True
53833210,Cuốn sách văn học hài hước và mang đến nhiều bài học sâu sắc cho người đọc: Cái nồi gì thế,88000,88000,0,0.0,0,0,Hoàng Nhật,Nhã Nam,Nhà Xuất Bản Hội Nhà Văn,,,,,HỆ THỐNG NHÀ SÁCH ABC,available,1000.0,True,True,True
4476285,Sách Cửa Sổ Phía Đông,45000,65000,31,4.7,15,236,Nguyễn Thị Kim Hòa,NXB Trẻ,NXB Trẻ,,Bìa mềm,240.0,2018-01-09,Tiki Trading,available,1000.0,False,True,True
889728,Sách Mùa Hè Năm Petrus,150000,150000,0,0.0,0,1,Lê Văn Nghĩa,NXB Trẻ,NXB Trẻ,,Bìa mềm,480.0,2012-11-16,HỆ THỐNG NHÀ SÁCH ABC,available,1000.0,True,True,True
574647,Sách Chuyến Tàu Nhật Thực,68400,72000,5,0.0,0,4,Đinh Phương,NXB Trẻ,NXB Trẻ,,,228.0,2017-02-13,SÁCH ĐẠI NAM,available,1000.0,True,True,True
541267,Sách Tuổi 40 Yêu Dấu (Tản Văn),110000,110000,0,0.0,0,0,Ann Lee,NXB Trẻ,NXB Trẻ,,Bìa mềm,208.0,2016-08-31,FishingBook,available,1000.0,True,True,True
278147119,Sách - Tôi Đơn Giản Nhưng Không Tầm Thường,98100,109000,10,0.0,0,1,Trà,CÔNG TY TNHH VĂN HÓA VÀ TRUYỀN THÔNG THẢO NGUYÊN,NXB Dân Trí,,Bìa mềm,,2023-12-21,Nhà sách Fahasa,available,1000.0,True,True,True
276589277,Mắt Rỗng - TRE,140000,140000,0,0.0,0,0,Đỗ Phấn,NXB Trẻ,NXB Trẻ,,Bìa mềm,340.0,,Bamboo Books,available,1000.0,True,True,True
276119265,Cái vội của người mình - Vương Trí Nhàn (NXB),135000,135000,0,5.0,2,48,Vương Trí Nhàn,Nhà xuất bản Tổng hợp TP.HCM ,Nhà Xuất Bản Tổng hợp TP.HCM,,Bìa mềm tay gấp,348.0,2024-09-11,LITTLE BOOKS,available,1000.0,True,True,True
275275824,Có Con Mèo Đi Tìm Ngàn Năm (TTT),118150,139000,15,0.0,0,0,,Tri Thức Trẻ,Nhà Xuất Bản Văn Học,,Bìa mềm,220.0,,Văn Lang Official Store,available,1000.0,True,True,True
274040832,Luật Của Rừng,42500,50000,15,0.0,0,0,Thủy Vũ,Nhà xuất bản Tổng hợp TP.HCM ,Nhà Xuất Bản Tổng hợp TP.HCM,,,,,NXB TỔNG HỢP,available,1000.0,True,True,True
273884637,Trạm Đọc | Đám Trẻ Ở Đại Dương Đen,99000,99000,0,0.0,0,0,Châu Sa Đáy Mắt,AZ Việt Nam,Nhà Xuất Bản Thế Giới,,Bìa mềm,,,info book,available,1000.0,True,True,True
273868438,Miền Tây Dung Dị,58650,69000,15,0.0,0,1,Dương Út,Nhà xuất bản Tổng hợp TP.HCM ,Nhà Xuất Bản Tổng hợp TP.HCM,,,,,NXB TỔNG HỢP,available,1000.0,True,True,True
273733883,Điệp Viên Không Không Thấy Và Đại Văn Mỗ,72000,72000,0,0.0,0,0,,Nhà xuất bản Tổng hợp TP.HCM ,Nhà Xuất Bản Tổng hợp TP.HCM,,,,,LITTLE BOOKS,available,1000.0,True,True,True
273468695,Trạm Đọc | Drama Nuôi Tôi Lớn Loài Người Dạy Tôi Khôn,99000,99000,0,0.0,0,0,Pương Pương,Người Trẻ Việt,Nhà Xuất Bản Phụ Nữ Việt Nam,,Bìa mềm,,2023-11-01,Nhà Sách Vĩnh Thụy,available,1000.0,True,True,True
272558744,Chuyện Người Hà Nội - Tập 1 (Tái Bản) (TTT),143650,169000,15,0.0,0,1,Nhóm Hà Nội tri thức,Tri Thức Trẻ,Nhà Xuất Bản Thanh Niên,,Bìa cứng,350.0,,Văn Lang Official Store,available,1000.0,True,True,True
272365787,Mỗi Ngày Ta Sống,106250,125000,15,0.0,0,8,Nguyễn Thị Hậu,Nhà xuất bản Tổng hợp TP.HCM ,Nhà Xuất Bản Tổng hợp TP.HCM,,,,,NXB TỔNG HỢP,available,1000.0,True,True,True
272117175,Sách Để Thành Nhà Văn - Thu Giang Nguyễn Duy Cần,50000,50000,0,0.0,0,0,Thu Giang Nguyễn Duy Cần,Công ty cổ phần đầu tư và phát triển giáo dục quốc tế Á Châu,NXB Trẻ,,Bìa mềm,98.0,2021-09-08,Nhà Sách Vĩnh Thụy,available,1000.0,True,True,True
271528839,Sách Em Gái Là Thiên Thần Nhỏ Mà Thế Giới Này Dành Tặng Cho Tôi,76230,99000,23,4.5,2,12,Lý Khôi,VanVietBooks,Nhà Xuất Bản Thanh Niên,,Bìa mềm,500.0,2023-08-17,Tiki Trading,available,1000.0,False,True,True
270843108,Như Gió An Lành - Lưu Đình Long,120000,120000,0,0.0,0,0,Lưu Đình Long,Công Ty Cổ Phần Văn Hóa Sách Sài Gòn,Nhà Xuất Bản Văn Hóa - Văn Nghệ,,Bìa mềm,252.0,2023-08-01,Nhà Sách Vĩnh Thụy,available,1000.0,True,True,True
263107317,Tướng Về Hưu Và Những Truyện Khác (Bản Đặc Biệt),360000,360000,0,0.0,0,0,,Bloomsbury Childrens - NXB Trẻ,NXB Trẻ,,,,,info book,available,1000.0,True,True,True
263096808,Con Giai Phố Cổ (Tạp Văn),120000,120000,0,0.0,0,0,,Bloomsbury Childrens - NXB Trẻ,NXB Trẻ,,,,,info book,available,1000.0,True,True,True
263083201,Giọng của phố,140000,140000,0,0.0,0,0,,Bloomsbury Childrens - NXB Trẻ,NXB Trẻ,,,,,Nhà Sách Vĩnh Thụy,available,1000.0,True,True,True
259514996,Những tản văn suýt bị bỏ quên của Bọ Lập - Bản Quyền,98000,98000,0,0.0,0,0,,Saigon Books,Nhà Xuất Bản Hội Nhà Văn,,,,,info book,available,1000.0,True,True,True
253091661,Cảm ơn vì Tôi bị ung thư  (Tự truyện),63000,126000,50,0.0,0,27,,Liên Việt,Nhà Xuất Bản Văn Học,,Bìa mềm,160.0,2023-04-27,Liên Việt Official Store,available,1000.0,True,True,True
249962066,Sách Khép Mi Lại Và Yêu (AZ),88000,88000,0,0.0,0,0,,Công Ty TNHH Văn Hóa Và Truyền Thông Skybooks Việt Nam,Nhà Xuất Bản Dân Trí,,,,,Nhà Sách Vĩnh Thụy,available,1000.0,True,True,True
247302591,Chúng Ta Tuổi 40 - Nguyễn Xuân Lâm,75000,75000,0,0.0,0,0,,Thái Hà,Nhà Xuất Bản Lao Động,,,,,HỆ THỐNG NHÀ SÁCH ABC,available,1000.0,True,True,True
224030037,Ngẫu Hứng - Trần Tiến,148000,148000,0,0.0,0,0,,First News - Trí Việt,Nhiều Nhà Xuất Bản,,,,,Nhà Sách Vĩnh Thụy,available,1000.0,True,True,True
219404534,Sách Chuyện Làng Tôi,86000,115000,25,0.0,0,12,Cao Văn Hà,NXB Phụ Nữ Việt Nam,Nhà Xuất Bản Phụ Nữ Việt Nam,,Bìa mềm,282.0,2023-02-02,Tiki Trading,available,1000.0,False,True,True
215985797,Vẻ Đẹp Của Những Điều Còn Lại,160000,160000,0,0.0,0,0,,,,,,,,info book,available,1000.0,True,True,True
215799406,Chúng Ta Có Hẹn Với Bình Yên,89000,89000,0,0.0,0,0,,AZ Việt Nam,Nhà Xuất Bản Văn Học,,,,,Nhà Sách Vĩnh Thụy,available,1000.0,True,True,True
215799404,Chúng Ta Có Hẹn Với Bình Yên,89000,89000,0,0.0,0,0,,AZ Việt Nam,Nhà Xuất Bản Văn Học,,,,,Nhà Sách Vĩnh Thụy,available,1000.0,True,True,True
208652888,Sách Giấc Mơ Việt Nam Tôi - Tập 2: Còn Mãi Hương Xa - Alphabooks - BẢN QUYỀN,239000,239000,0,0.0,0,0,,Alphabooks,Nhà Xuất Bản Hội Nhà Văn,,,,,Nhà Sách Vĩnh Thụy,available,1000.0,True,True,True
207011962,Chuyện người Hà Nội (*),169000,169000,0,0.0,0,5,Nhóm Hà Nội tri thức,Công Ty TNHH Sách Và Truyền Thông Việt Nam,Nhà Xuất Bản Thanh Niên,,Bìa cứng,240.0,2022-09-07,Tri Thức Trẻ Books,available,1000.0,True,True,True
206641117,Đi Khi Ta Còn Trẻ -NNA,120000,120000,0,0.0,0,0,Trương Anh Ngọc,Thái Hà Book,Nhà Xuất Bản Đại Học Quốc Gia Hà Nội,,Bìa mềm,236.0,2022-11-02,HỆ THỐNG NHÀ SÁCH ABC,available,1000.0,True,True,True
198859142,Cuốn sách: Giải Mã Giấc Mơ,109000,109000,0,0.0,0,0,,AZ Việt Nam,Nhà Xuất Bản Thế Giới,,,,,info book,available,1000.0,True,True,True
197627269,Cuốn sách: Gửi Em Của Hôm Qua,99000,99000,0,0.0,0,0,,Wavebooks,Nhà Xuất Bản Thế Giới,,,,,info book,available,1000.0,True,True,True
194490005,"Chuyện Xưa Tôi Nhớ, Người Cũ Đã Quên (AZ)",89000,89000,0,0.0,0,0,,AZ Việt Nam,Nhà Xuất Bản Văn Học,,,,,info book,available,1000.0,True,True,True
182551500,Sài Gòn Và Đại Dịch - Những Mảnh Kí Ức (Bìa Cứng),199000,199000,0,0.0,0,0,,1980 Books,Nhà Xuất Bản Văn Học,,,,,HỆ THỐNG NHÀ SÁCH ABC,available,1000.0,True,True,True
147570688,Rửa Chén Cùng Mẹ,60000,60000,0,0.0,0,0,,NXB Tổng Hợp TPHCM,Nhà Xuất Bản Tổng hợp TP.HCM,,,,,Nhà Sách Vĩnh Thụy,available,1000.0,True,True,True
98826858,Đêm Qua Sân Trước Một Cành Mai (Tập Truyện),88300,94000,6,4.8,6,65,Nguyễn Tường Bách,PHANBOOK,Nhà Xuất Bản Lao Động,,Bìa mềm,88.0,2021-05-01,Nhà sách Fahasa,available,1000.0,True,True,True
56306565,Gáy Mảnh Hững Hờ - Tập Truyện Ngắn,101500,145000,30,0.0,0,7,Võ Hồng Thu,Cty Văn Hóa & Truyền Thông Liên Việt,Nhà Xuất Bản Văn Học,,Bìa mềm,316.0,2020-06-01,Liên Việt Official Store,available,1000.0,True,True,True
8855464,"Sách Chỉ Cần Yêu Thôi, Là Đủ",71000,100000,29,5.0,5,168,Ann Lee,NXB Trẻ,NXB Trẻ,,Bìa mềm,222.0,2018-12-01,Tiki Trading,available,1000.0,False,True,True
3024737,Sách Sài Gòn Những Biểu Tượng,83000,129000,36,5.0,32,371,.,PHANBOOK,Nhà Xuất Bản Văn Hóa - Văn Nghệ,,Bìa mềm,188.0,2018-07-10,PHAN LỆ & FRIENDS,available,1000.0,True,True,True
1353621,Sách Nẻo Xa Cát Bụi,77900,82000,5,0.0,0,2,Nguyễn Trọng Văn,NXB Trẻ,,,Bìa mềm,264.0,2018-01-01,Nhà sách Fahasa,available,1000.0,True,True,True
470590,Sách Con Chó Nhỏ Mang Giỏ Hoa Hồng (Bìa Mềm),95000,95000,0,0.0,0,0,Nguyễn Nhật Ánh,NXB Trẻ,NXB Trẻ,,Bìa mềm,260.0,2016-01-22,Nhà Sách Vĩnh Thụy,available,1000.0,True,True,True
275619659,Vụn Vỡ Từ Những Vì Sao (Tặng Kèm Bookmark ) - Số Lượng Có Hạn,94000,94000,0,0.0,0,1,Châu Sa Đáy Mắt,Công ty TNHH Thương mại và Dịch vụ Văn hóa Hà Nội,Nhà Xuất Bản Lao Động,,Bìa mềm,232.0,2024-07-16,Bamboo Books,available,1000.0,True,True,True
274990461,Cất Cho Tôi Những Ngày Xanh Nắng Hạ  - AZ,109000,109000,0,0.0,0,0,,AZ Việt Nam,Nhà Xuất Bản Văn Học,,Bìa mềm,212.0,,Bamboo Books,available,1000.0,True,True,True
274372522,Như Ánh Bình Minh Chuyển Mình Rực Rỡ,109000,109000,0,0.0,0,0,Stay In Light,NXB Phụ Nữ,Nhà Xuất Bản Phụ Nữ,,Bìa mềm,164.0,,Nhà Sách Phương Nam,available,1000.0,True,True,True
274166706,Ma Văn Kháng Truyện Ngắn Chọn Lọc - Giải Thưởng Hồ Chí Minh Đợt 4 năm 2012 (NXB),216000,216000,0,0.0,0,0,Ma Văn Kháng,Nhà xuất bản Tổng hợp TP.HCM ,Nhà Xuất Bản Tổng hợp TP.HCM,,Bìa mềm,604.0,2024-02-20,LITTLE BOOKS,available,1000.0,True,True,True
273912644,Trăng Tan Đáy Nước,168000,168000,0,5.0,1,1,,Linh Lan Books,Nhà Xuất Bản Văn Học,,Bìa mềm,248.0,2024-01-02,NHBook,available,1000.0,True,True,True
273868602,Làng Quê Buồn Vui… Thương Nhớ…,200000,200000,0,0.0,0,5,Phan Khánh,Nhà xuất bản Tổng hợp TP.HCM ,Nhà Xuất Bản Tổng hợp TP.HCM,,,,,NXB TỔNG HỢP,available,1000.0,True,True,True
273663785,Cuối Con Đường Sẽ Gặp Một Người Thương,108000,108000,0,0.0,0,0,Trí,AZ Việt Nam,Nhà Xuất Bản Văn Học,,,,,Nhà Sách Vĩnh Thụy,available,1000.0,True,True,True
273656989,Trạm Đọc | Zen Lam - Du Hành Vào Cõi Xanh ,135000,135000,0,0.0,0,0,Vi Lam,Alpha Books,Nhà Xuất Bản Dân Trí,,Bìa mềm,222.0,,FishingBook,available,1000.0,True,True,True
273649003,Chào Ngày Mới - Chúc Bình An,88000,88000,0,0.0,0,0,,Công ty TNHH Thương mại và Dịch vụ Văn hóa Hà Nội,Nhà Xuất Bản Thế Giới,,,,,Bamboo Books,available,1000.0,True,True,True
273169980,Mình đang sống cuộc đời của ai? (TBL2 - 2023 Có Bổ sung) (85),65000,65000,0,0.0,0,0,Phạm Minh Mẫn,Nhà xuất bản Tổng hợp TP.HCM ,Nhà Xuất Bản Tổng hợp TP.HCM,,,,2023-07-04,SÁCH ĐẠI NAM,available,1000.0,True,True,True
272964319,Vẽ Chút Yêu (AZ),159000,159000,0,0.0,0,0,,AZ Việt Nam,Nhà Xuất Bản Thế Giới,,,,,NHBook,available,1000.0,True,True,True
272425539,Văn Học Sài Gòn 1954-1975: Những Chuyện Bên Lề,190000,190000,0,0.0,0,0,Lê Văn Nghĩa,Nhà xuất bản Tổng hợp TP.HCM ,Nhà Xuất Bản Tổng hợp TP.HCM,,,,,Nhà Sách Vĩnh Thụy,available,1000.0,True,True,True
272382772,Gửi Ngày Mai Một Lời Chào,96000,96000,0,0.0,0,0,An.,NXB Lao Động,Nhà Xuất Bản Lao Động,,Bìa mềm,256.0,,Nhà Sách Phương Nam,available,1000.0,True,True,True
271518313,Hai Khối Tình,35700,42000,15,5.0,1,8,Hồ Biểu Chánh,Nhà xuất bản Tổng hợp TP.HCM ,Nhà Xuất Bản Tổng hợp TP.HCM,,,,,NXB TỔNG HỢP,available,1000.0,True,True,True
270766758,Có Những Ngày Chông Chênh Giữa Phố (Tái Bản 2023),90000,90000,0,0.0,0,0,Phạm Minh Mẫn,NXB Tổng Hợp TPHCM,Nhà Xuất Bản Tổng hợp TP.HCM,,,,,Nhà Sách Vĩnh Thụy,available,1000.0,True,True,True
270162288,Đảo Mộng Mơ (Tái Bản Lần Thứ 33),75000,75000,0,0.0,0,0,Nguyễn Nhật Ánh,Công Ty Cổ Phần Văn Hóa Đông A,NXB Trẻ,,Bìa mềm,256.0,,FishingBook,available,1000.0,True,True,True
260967329,Truyện Ngắn Nhất Linh - Danh Tác Văn Học Việt Nam),95000,95000,0,0.0,0,0,Nhất Linh,Văn Lang,Nhà Xuất Bản Văn Học,,Bìa mềm,327.0,,BOOKCITY.VN,available,1000.0,True,True,True
260942512,Truyện Ngắn Khái Hưng - Danh Tác Văn Học Việt Nam (Bìa mềm),98000,98000,0,0.0,0,0,Khái Hưng,Văn Lang,Nhà Xuất Bản Văn Học,,Bìa mềm,304.0,,BOOKCITY.VN,available,1000.0,True,True,True
251443879,Chuyện Làng Trên Mạng,60000,60000,0,0.0,0,5,Phạm Ngọc Hiền,NXB Tổng hợp Thành Phố Hồ Chí Minh,Nhà Xuất Bản Tổng hợp TP.HCM,,Bìa mềm,208.0,2023-04-11,Nhà sách NetaBooks,available,1000.0,True,True,True
251277846,GALLERY VÀ BÓNG - HÀ THỦY NGUYÊN (TẬP TRUYỆN NGẮN),113000,113000,0,0.0,0,5,Hà Thủy Nguyên,Công ty TNHH Truyền Thông và Giáo Dục Lyceum,Nhà Xuất Bản Hội Nhà Văn,,Bìa mềm,140.0,2023-04-09,SÁCH ĐẠI NAM,available,1000.0,True,True,True
249972358,Vô cực,69000,69000,0,0.0,0,2,Quyên Gavoye,Nhà xuất bản Tổng hợp TP.HCM ,Nhà Xuất Bản Tổng hợp TP.HCM,,Bìa mềm,184.0,2022-05-01,NXB TỔNG HỢP,available,1000.0,True,True,True
249890711,Kiếm Chút Xu Tử Tế,127500,150000,15,0.0,0,1,Trần Phụng Tiên Phuông,Nhà xuất bản Tổng hợp TP.HCM ,Nhà Xuất Bản Tổng hợp TP.HCM,,Bìa mềm,144.0,2022-11-01,NXB TỔNG HỢP,available,1000.0,True,True,True
249847232,THANH XUÂN ẤY TÔI ĐÃ THƯƠNG MỘT NGƯỜI,110000,110000,0,0.0,0,0,Quốc Thái,Văn Lang,Nhà Xuất Bản Hồng Đức,,Bìa mềm,238.0,2023-04-05,Bamboo Books,available,1000.0,True,True,True
244329029,"Anna - Nếu Một Người Trở Về Từ Tương Lai, Cô Ta Sẽ Làm Xáo Trộn Thực Tại Của Thế Giới",239000,239000,0,0.0,0,0,Kelly Phương,Thái Hà Book,Nhà Xuất Bản Hà Nội,,Bìa mềm,432.0,2023-03-01,Nhà sách NetaBooks,available,1000.0,True,True,True
215136624,Lấy Tình Thâm Mà Đổi Đầu Bạc (Tái Bản),139000,139000,0,0.0,0,0,Vãn Tình,AZ Việt Nam,Nhà Xuất Bản Thế Giới,,,,,Nhà Sách Vĩnh Thụy,available,1000.0,True,True,True
208186450,Xóm Bàu Láng (Tái Bản 2022) -trẻ,140000,140000,0,0.0,0,0,Sơn Nam,Thái Hà Book,Nhà Xuất Bản Đại Học Quốc Gia Hà Nội,,Bìa mềm,400.0,2022-11-16,Bamboo Books,available,1000.0,True,True,True
204765752,Yêu Những Ngày Nắng Chẳng Ghét Những Ngày Mưa - Kulzsc,132000,132000,0,0.0,0,0,,Thái Hà,Nhà Xuất Bản Phụ Nữ Việt Nam,,,,,Nhà Sách Vĩnh Thụy,available,1000.0,True,True,True
201847167,Phụ Nữ Tùng Thư - Tủ Sách Giới Và Phát Triển - Vấn Đề Phụ Nữ Ở Nước Ta - PN,165000,165000,0,0.0,0,0,Nguyễn Văn Vĩnh,Nhà xuất bản Phụ Nữ,Nhà Xuất Bản Đại Học Quốc Gia Hà Nội,,Bìa mềm,524.0,2022-10-13,info book,available,1000.0,True,True,True
184476381,Tủ sách vàng: một tuổi thơ văn,60000,60000,0,0.0,0,1,Nguyên Hồng,NXB Kim Đồng,Nhà Xuất Bản Kim Đồng,,Bìa mềm,,,Bamboo Books,available,1000.0,True,True,True
183680628,Mình Phải Sống Như Biển Rộng Sông Dài,109000,109000,0,0.0,0,0,,AZ Việt Nam,Nhà Xuất Bản Đại Học Quốc Gia Hà Nội,,Bìa mềm,220.0,2022-05-02,Nhà Sách Vĩnh Thụy,available,1000.0,True,True,True
183513672,Combo 2 truyện Cực Hay Cho Bé: Quán Canh Bò Hầm Của Kẻ Cắp Quá Khứ+Totto - Chan Bên Cửa Sổ/ Tặng Bookmark Happy Life Chờ duyệt tự động,314000,314000,0,0.0,0,0,,Nhiều công ty phát hành,Nhiều Nhà Xuất Bản,,,,,Bamboo Books,available,1000.0,True,True,True
177190804,Con Dâu 4.0 - Mẹ Chồng Hiện Đại,110000,110000,0,0.0,0,0,,Nhà Xuất Bản Đại Học Quốc Gia Hà Nội,Nhà Xuất Bản Đại Học Quốc Gia Hà Nội,,,,,Bamboo Books,available,1000.0,True,True,True
172475944,"Sách - Có Một Ngày, Bố Mẹ Sẽ Già Đi",96000,96000,0,0.0,0,0,nhieu tac gia,AZ Việt Nam,Nhà Xuất Bản Thế Giới,,Bìa mềm,296.0,,info book,available,1000.0,True,True,True
115299022,Ngủ với kẻ thù (truyện ngắn và thơ),69000,69000,0,0.0,0,0,Nguyễn Mạnh Thắng,NXB Hội Nhà Văn,Nhà Xuất Bản Hội Nhà Văn,,Bìa gập,220.0,2020-01-08,SÁCH ĐẠI NAM,available,1000.0,True,True,True
105740057,Sách Em Đừng Chết Được Không,58500,65000,10,5.0,1,5,Vũ Lập Nhật,Phương Nam Book,Nhà Xuất Bản Hội Nhà Văn,,Bìa mềm,132.0,2018-12-10,PHƯƠNG NAM BOOK,available,1000.0,True,True,True
102120541,"Combo  Lì Quá Để Nói Quài + Đời Có Mấy Tý, Sao Phải Nghĩ+ Yêu Anh Đậm Sâu, Yêu Em Dài Lâu- Sổ tay",243000,243000,0,5.0,1,6,"Anh Cầm Fact, Anh Đại Tổng, Nhà Văn Cục Súc (NVCS Entertainment)",Timebooks,Nhiều Nhà Xuất Bản,,Bìa mềm,,,Nhà Sách Đinh Lễ,available,1000.0,True,True,True
34746913,Những Bức Thư Và Ký Ức,193000,193000,0,0.0,0,0,Marian Tkachev,NXB Hội Nhà Văn,,,,,,Bamboo Books,available,1000.0,True,True,True
34642497,Những Truyện Hay Viết Cho Thiếu Nhi - Phong Thu ( Tái Bản 2019 ) - Tặng Kèm Sổ Tay,65000,65000,0,0.0,0,1,Phong Thu,NXB Kim Đồng,Nhà Xuất Bản Kim Đồng,,Bìa mềm,260.0,,Bamboo Books,available,1000.0,True,True,True
549288,Người Thủy Thủ Già Trên Hòn Đảo Lưu Đày (Series Sách Đoàn Giỏi),65000,65000,0,0.0,0,0,Đoàn Giỏi,Nhà Xuất Bản Kim Đồng,Nhà Xuất Bản Kim Đồng,,Bìa mềm,272.0,2016-09-30,FishingBook,available,1000.0,True,True,True
549286,Hoa Hướng Dương (Series Sách Đoàn Giỏi),55000,55000,0,0.0,0,2,Đoàn Giỏi,Nhà Xuất Bản Kim Đồng,Nhà Xuất Bản Kim Đồng,,Bìa mềm,212.0,2016-09-30,FishingBook,available,1000.0,True,True,True
278075812,Sông Vừa Đi Vừa Lớn,50000,50000,0,0.0,0,0,Nguyễn Minh Khiêm,Nhà Xuất Bản Kim Đồng,Nhà Xuất Bản Kim Đồng,,Bìa mềm,84.0,,FishingBook,available,1000.0,True,True,True
277836298,Hứa Rằng Cậu Sẽ Luôn Mỉm Cười Với Chính Mình,119000,119000,0,0.0,0,0,Whenimfeeeling,AZ Việt Nam,Nhà Xuất Bản Lao Động,,,200.0,,NHBook,available,1000.0,True,True,True
276807921,Chúng Ta Của Những Ngày Tan Vỡ,99000,99000,0,0.0,0,0,Shin’s corner,NXB Thế Giới,Nhà Xuất Bản Thế Giới,,Bìa mềm,216.0,,HỆ THỐNG NHÀ SÁCH ABC,available,1000.0,True,True,True
276665541,TRÊN ĐẢO - Phạm Duy Nghĩa – Trần Lê Book – Nxb Văn Học,152000,152000,0,5.0,1,2,,Nhà xuất bản Văn Học,Nhà Xuất Bản Văn Học,,Bìa mềm,,,BÌNH BÁN BOOK,available,1000.0,True,True,True
276636803,Long Nhong Trong Hẻm Nhỏ,119000,119000,0,0.0,0,0,Đoàn Xuyên từ Đáy Giếng,NXB Dân Trí,Nhà Xuất Bản Dân Trí,,Bìa mềm,256.0,,Nhà Sách Vĩnh Thụy,available,1000.0,True,True,True
276103240,Sách Tô Màu Chữa Lành - Tô Tuổi Thơ - Vẽ Nụ Cười  (VT),64600,68000,5,0.0,0,0,,Việt Thư,Nhà Xuất Bản Phụ Nữ Việt Nam,,Bìa mềm,68.0,,NewShop Official,available,1000.0,True,True,True
276059476,"Những Khi Hạnh Phúc, Những Lúc Vỡ Tan (AZ)",159000,159000,0,0.0,0,0,Kulzsc,AZ Việt Nam,Nhà Xuất Bản Phụ Nữ Việt Nam,,Bìa mềm,208.0,,NHBook,available,1000.0,True,True,True
275268377,Xe Kem Ngọt Mùa Hè - MEGA,68000,68000,0,0.0,0,0,Little Rainbow,Megabooks,Nhà Xuất Bản Thanh Niên,,Bìa mềm,64.0,,NewShop Official,available,1000.0,True,True,True
275033046,Nơi Nào Có Mẹ - Nơi Ấy Là Nhà - AZ,90000,90000,0,0.0,0,0,Hạ Mer,AZ Việt Nam,Nhà Xuất Bản Văn Học,,Bìa mềm,192.0,,NewShop Official,available,1000.0,True,True,True
274064637,Cá Hồi Hành Trình Tỉnh Thức,99000,99000,0,0.0,0,0,Tâm Bùi,NXB Phụ Nữ,Nhà Xuất Bản Phụ Nữ,,Bìa mềm,255.0,,info book,available,1000.0,True,True,True
271527536,Học Yêu Mình Sau Muôn Vẻ Nỗi Đau - Tặng Kèm Bookmark,86000,86000,0,0.0,0,1,Yến Nhi,AZ Việt Nam,Nhà Xuất Bản Hà Nội,,,,,Nhà Sách Vĩnh Thụy,available,1000.0,True,True,True
271062803,Combo Có Cha - Có Mẹ Trong Đời - Hồi Ức Về Cha Và Về Mẹ Của Những Tác Giả Đang Được Mến Mộ (Bộ 2 Cuốn - Bìa Mềm),395000,395000,0,0.0,0,3,nhieu tac gia,Phương Nam Book,Nhà Xuất Bản Phụ Nữ,,Bìa mềm,,,Nhà Sách Phương Nam,available,1000.0,True,True,True
270711666,Khép Mi Lại Và Yêu,88000,88000,0,0.0,0,0,Summer Kat,NXB Dân Trí,Nhà Xuất Bản Dân Trí,,Bìa mềm,208.0,,Bamboo Books,available,1000.0,True,True,True
242342635,Sách - Combo 6 Quyển Thủ Lĩnh Của Sự Thay Đổi - Cẩm Nang Bạn Trai - Cẩm Nang Bạn Gái,375000,375000,0,0.0,0,0,nhieu tac gia,Nhà xuất bản Phụ Nữ,Nhà Xuất Bản Phụ Nữ,,Bìa mềm,,,Bảo Châu Books,available,1000.0,True,True,True
225904668,Chẳng Lẽ Ở Vậy Thiệt Sao _FN,58000,58000,0,0.0,0,0,,First News - Trí Việt,Nhiều Nhà Xuất Bản,,,,,Nhà Sách Vĩnh Thụy,available,1000.0,True,True,True
216215453,Chữa Lành Nỗi Đau Đằng Sau Tan Vỡ,86000,86000,0,0.0,0,0,Phương Ny,AZ Việt Nam,Nhà Xuất Bản Văn Học,,,,,Nhà Sách Vĩnh Thụy,available,1000.0,True,True,True
215141304,Sách Chữa lành nỗi đau đằng sau tan vỡ,86000,86000,0,0.0,0,0,"Phương Ny, Jinie Lynk",Người Trẻ Việt,Nhà Xuất Bản Văn Học,,Bìa mềm,200.0,2023-01-01,Nhà Sách Vĩnh Thụy,available,1000.0,True,True,True
207745181, Lũ trẻ làng ồn ào,54000,54000,0,0.0,0,6,Astrid Lindgren,Nhà xuất bản Phụ Nữ,Nhà Xuất Bản Phụ Nữ Việt Nam,,Bìa mềm,150.0,,Bảo Châu Books,available,1000.0,True,True,True
207658258,Tủ Sách Văn Học Trong Nhà Trường - Truyện Ngắn Nguyễn Minh Châu,78000,78000,0,0.0,0,2,Nguyễn Minh Châu,NXB Kim Đồng,Nhà Xuất Bản Kim Đồng,,Bìa mềm,320.0,,Bamboo Books,available,1000.0,True,True,True
206488473,Việt Nam Danh Tác - Những Ngày Thơ Ấu,75000,75000,0,0.0,0,1,Nguyên Hồng,Nhà Xuất Bản Hội Nhà Văn,Nhà Xuất Bản Hội Nhà Văn,,Bìa mềm,181.0,,Bamboo Books,available,1000.0,True,True,True
206474233,Chúng Ta Rồi Sẽ Hạnh Phúc Theo Những Cách Khác Nhau,86000,86000,0,0.0,0,0,Thảo Thảo,Nhà xuất bản Văn Học,Nhà Xuất Bản Văn Học,,Bìa mềm,208.0,,Nhà Sách Phương Nam,available,1000.0,True,True,True
203840768,Sách - Những ngã tư và những cột đèn (Trần Dần),200000,200000,0,0.0,0,0,,Không có,Không có,,,,,HỆ THỐNG NHÀ SÁCH ABC,available,1000.0,True,True,True
201308519,Sách - Nói bằng lời của mình,98000,98000,0,0.0,0,0,,Nhà Xuất Bản Kim Đồng,Nhà Xuất Bản Kim Đồng,,,,,Bamboo Books,available,1000.0,True,True,True
200848723,Sách - Khi Bạn Tắc Đường Thì Tôi Đang Chơi Golf (Tái Bản) - Simon Thompson - Huy Hoàng,128000,128000,0,0.0,0,0,Simon Thompson,Huy Hoàng Bookstore,NXB Đại học Kinh Tế Quốc Dân,,,,,Bamboo Books,available,1000.0,True,True,True
177308116,Bên Kia Sông - Phùng Văn Khai,120000,120000,0,0.0,0,1,Phùng Văn Khai,Tao Đàn,Nhà Xuất Bản Hội Nhà Văn,,Bìa mềm,290.0,2022-04-01,SÁCH ĐẠI NAM,available,1000.0,True,True,True
160186495,Combo sách Hà Thuỷ Nguyên: Thiên địa phong trần + Cầm thư quán + Nằm xem sao rụng + Đi săn mùa thu + Mùa dã cổ,616000,616000,0,0.0,0,1,Hà Thủy Nguyên,An Nam Books,Nhà Xuất Bản Hội Nhà Văn,,,1390.0,2021-05-28,SÁCH ĐẠI NAM,available,1000.0,True,True,True
137261247,Sách Ngày Đi Trên Chữ,178000,178000,0,0.0,0,1,Lê Minh Quốc,Nhà Xuất Bản Hội Nhà Văn,Nhà Xuất Bản Hội Nhà Văn,,Bìa mềm,379.0,2017-05-12,Nhà Sách Phương Nam,available,1000.0,True,True,True
137259441,Sách ADN Tình Yêu,75000,75000,0,5.0,1,5,Dona Đỗ Ngọc,Nhà xuất bản Phụ Nữ,Nhà Xuất Bản Phụ Nữ,,Bìa mềm,206.0,2017-07-10,Nhà Sách Phương Nam,available,1000.0,True,True,True
136601459,"Sách Với Đà Lạt, Ai Cũng Là Lữ Khách (Tái bản năm 2019)",58000,58000,0,0.0,0,5,Nguyễn Vĩnh Nguyên,Phương Nam Book,NXB Trẻ,,Bìa mềm,164.0,,Bamboo Books,available,1000.0,True,True,True
107394302,Người đàn bà sợ mưa (tập truyện ngắn),31500,63000,50,5.0,1,6,,An Nam Books,Nhà Xuất Bản Hội Nhà Văn,,Bìa mềm,239.0,2020-01-11,SÁCH ĐẠI NAM,available,1000.0,True,True,True
96390050,Sách - Quan Hệ Bạn Bè? - Tập 2 (Kèm Bookmark),125000,125000,0,0.0,0,0,,SkyComics,Nhà Xuất Bản Dân Trí,,,,,Nhà Sách Vĩnh Thụy,available,1000.0,True,True,True
83833385,Sách Đừng Nhạt Nữa,78720,96000,18,4.6,62,225,,Timebooks,Nhà Xuất Bản Hà Nội,,Bìa mềm,264.0,2021-03-19,SÁCH TIMEBOOKS,available,1000.0,True,True,True
59262640,Sách Giữa Biển Người Mình Tìm Được Nhau,79000,79000,0,0.0,0,3,"Raxu, Hano",Bách Việt,Nhà Xuất Bản Văn Học,,Bìa mềm,304.0,2020-08-01,AHABOOKS,available,1000.0,True,True,True
35364056,Sách Sài Gòn Inbox - Tập Tùy Bút,160000,160000,0,0.0,0,0,Thu Trân,NXB Tổng Hợp,Nhà Xuất Bản Tổng Hợp,,Bìa mềm,448.0,2019-10-01,Bamboo Books,available,1000.0,True,True,True
1046460,Sách Chim Phương Nam,70000,70000,0,0.0,0,1,Trần Bảo Định,NXB Văn Hóa - Văn Nghệ,Nhà Xuất Bản Văn Hóa - Văn Nghệ TP.HCM,,Bìa mềm,220.0,2017-10-20,Bamboo Books,available,1000.0,True,True,True
815316,"Sách Cứ Cười Thôi, Mặc Kệ Đời",90000,90000,0,0.0,0,0,Gari,Alphabooks,Nhà Xuất Bản Văn Học,,Bìa mềm,242.0,2017-08-01,HỆ THỐNG NHÀ SÁCH ABC,available,1000.0,True,True,True
496027,Sách Vị Hạt Táo,67000,67000,0,0.0,0,0,,NXB Phụ Nữ Việt Nam,Nhà Xuất Bản Phụ Nữ,,,246.0,2016-06-30,Bảo Châu Books,available,1000.0,True,True,True
491754,Sách Hạnh Phúc Vẫn Đủ Chỗ Cho Ta,68000,85000,20,0.0,0,0,.,NXB Thông tin Truyền thông,Nhà Xuất Bản Thông Tin Và Truyền Thông,,Bìa mềm,172.0,2016-04-22,nxbkhoahoccongnghetruyenthong,available,1000.0,True,True,True
416998,Sách Phút Giây Huyền Diệu,51000,51000,0,5.0,3,28,Ma Văn Kháng,Nhà sách Hàn Thuyên,,,Bìa mềm,317.0,2013-03-14,Nhà sách 30 Hàn Thuyên,available,1000.0,True,True,True
416931,Sách Bí Mật Gia Đình,68000,68000,0,2.5,2,52,Irène Frain,Nhà sách Hàn Thuyên,,,Bìa mềm,685.0,2008-10-14,Nhà sách 30 Hàn Thuyên,available,1000.0,True,True,True
279133450,Sách - Lân Tinh,58800,60000,2,0.0,0,0,nhieu tac gia,Nhà Xuất Bản Kim Đồng,Nhà Xuất Bản Kim Đồng,,Bìa mềm,,2023-12-21,Nhà sách Fahasa,available,1000.0,True,True,True
278957403,Sách Người Huế Kể Chuyện Huế (Tái Bản),55000,55000,0,0.0,0,0,Lê Vũ Trường Giang,Nhà Xuất Bản Kim Đồng,Nhà Xuất Bản Kim Đồng,,Bìa mềm,152.0,,Bamboo Books,available,1000.0,True,True,True
278147419,Sách - Mùa Lúa Trổ Đòng Đòng,110600,119000,7,0.0,0,0,Thuỷ Chu,Thái Hà,Nhà Xuất Bản Công Thương,,Bìa mềm,,2023-12-21,Nhà sách Fahasa,available,1000.0,True,True,True
278105308,Đơn Giản Nhất Là Biến Mất (Tập Truyện Ngắn) - Huy Bảo,68000,89000,24,0.0,0,3,,PHANBOOK,Nhà Xuất Bản Phụ Nữ Việt Nam,,Bìa mềm,128.0,,PHAN LỆ & FRIENDS,available,1000.0,True,True,True
276640798,Sách Tuổi Trẻ Tan Vỡ Cho Một Đời Rực Rỡ,78400,98000,20,0.0,0,2,"Minh Châu, Dear Introvert, Thần Uyên",Người Trẻ Việt,Nhà Xuất Bản Hà Nội,,Bìa mềm,192.0,,Tiki Trading,available,1000.0,False,True,True
274930269,Sách Mười Tám Hai Hai,97000,105000,8,5.0,2,7,Mochi ở đây,Bluebooks,Nhà Xuất Bản Văn Học,,Bìa mềm,172.0,,Tiki Trading,available,1000.0,False,True,True
273569630,Sách Vì Cậu Là Bạn Nhỏ Của Tớ,75240,99000,24,4.7,23,444,Tun Phạm,Glow Books,Nhà Xuất Bản Phụ Nữ,,Bìa mềm,240.0,2023-12-01,Tiki Trading,available,1000.0,False,True,True
273362210,Cất Cho Tôi Những Ngày Xanh Nắng Hạ - Minh,109000,109000,0,0.0,0,0,,Công ty TNHH Thương mại và Dịch vụ Văn hóa Hà Nội,Nhà Xuất Bản Văn Học,,Bìa mềm,212.0,2023-11-17,NHBook,available,1000.0,True,True,True
272794492,QUÊ NỘI - vÕ QUẢNG ,84400,88000,4,0.0,0,3,Võ Quảng,Kim Đồng,Nhà Xuất Bản Kim Đồng,,Bìa mềm,396.0,,TYMBooks,available,1000.0,True,True,True
271253941,Sách Chọn Cô Đơn Giữa Biển Người Vô Tận,55300,79000,30,5.0,1,6,Huỳnh Thắng,Glow Books,Nhà Xuất Bản Phụ Nữ,,Bìa mềm,192.0,2023-01-01,Tiki Trading,available,1000.0,False,True,True
262456025,Thương Nhớ Miền Trung - Vanlangbooks,89000,110000,19,5.0,1,6,,VanLangBooks,Nhà Xuất Bản Hồng Đức,,Bìa mềm,368.0,,Văn Lang Official Store,available,1000.0,True,True,True
261975645,Ai Cũng Xứng Đáng Có Một Cuộc Sống Tốt Hơn,68700,79000,13,0.0,0,0,t.hờ,AZ Việt Nam,nxb thanh nien,,,,,Nhà sách Fahasa,available,1000.0,True,True,True
215983660,Sách Rồi Nắng Cũng Lẻ Loi,42750,45000,5,4.8,4,25,Nguyễn Chí Ngoan,NXB Kim Đồng,Nhà Xuất Bản Kim Đồng,,Bìa mềm,168.0,2023-01-01,Tiki Trading,available,1000.0,False,True,True
213301779,Sách Vệt Buồn Sau Tay Áo,44100,45000,2,4.0,1,10,Bảo,NXB Kim Đồng,Nhà Xuất Bản Kim Đồng,,Bìa mềm,156.0,2022-12-12,Tiki Trading,available,1000.0,False,True,True
207336546,Những Mảnh Ký Ức Viết Bằng Bút Chì_PNU,99000,99000,0,0.0,0,0,,Nhà xuất bản Phụ Nữ,Nhà Xuất Bản Phụ Nữ Việt Nam,,,,,Nhà Sách Vĩnh Thụy,available,1000.0,True,True,True
199600751,"Biết vọng cố hương, biết thương xứ mình",114200,119000,4,5.0,2,29,Tống Phước Bảo, NXB Hội Nhà Văn,Nhà Xuất Bản Hội Nhà Văn,,Bìa mềm,182.0,2022-09-12,TYMBooks,available,1000.0,True,True,True
198996024,Hạnh Phúc Đan Giữa Ngón Tay,96000,100000,4,0.0,0,0,,NXB Tổng Hợp TPHCM,Nhà Xuất Bản Tổng hợp TP.HCM,,,,,Nhà sách Fahasa,available,1000.0,True,True,True
198072212,Ba áng mây trôi dạt xứ bèo - Nuage Rose,100000,100000,0,0.0,0,0,Nuage Rose,Đông Tây,NXB Trẻ,,Bìa mềm,217.0,2017-09-01,Bamboo Books,available,1000.0,True,True,True
197665304,NGƯỜI BAY TRONG GIÓ XANH – Phạm Duy Nghĩa – Tao Đàn – Nxb Hội Nhà Văn (bìa mềm),164100,171000,4,0.0,0,6,,Tao Đàn,Nhà Xuất Bản Hội Nhà Văn,,Bìa mềm,282.0,,BÌNH BÁN BOOK,available,1000.0,True,True,True
195106527,Anh Chi Yêu Dấu ,123800,129000,4,0.0,0,6,,Nhà Xuất Bản Văn Hóa - Văn Nghệ,Nhà Xuất Bản Văn Hóa - Văn Nghệ,,Bìa mềm,347.0,2018-12-05,TYMBooks,available,1000.0,True,True,True
186495464,Giúp Em Học Giỏi Văn: Tìm Mẹ Và Các Truyện Dân Gian Khác,250000,250000,0,0.0,0,0,"Nguyễn Huy Tưởng, Phạm Rồng",NXB Kim Đồng,Nhà Xuất Bản Kim Đồng,,Bìa cứng,152.0,2022-06-01,Bamboo Books,available,1000.0,True,True,True
149365226,Có Thương Em Không?,64800,67500,4,0.0,0,2,,NXB Văn Hoá Văn Nghệ,Nhà Xuất Bản Văn Hóa Văn Nghệ,,Bìa mềm,80.0,2019-07-15,TYMBooks,available,1000.0,True,True,True
77663506,Chuyện kể từ Sài Gòn,96000,100000,4,5.0,4,23,,Nhà xuất bản Phụ Nữ,Nhà Xuất Bản Phụ Nữ Việt Nam,,,220.0,2021-02-01,TYMBooks,available,1000.0,True,True,True
77121586,NHÀ ĐIÊN,86000,129000,33,4.8,12,77,Machado De Assis,PHANBOOK,Nhà Xuất Bản Đà Nẵng,,Bìa mềm,168.0,2021-02-01,PHAN LỆ & FRIENDS,available,1000.0,True,True,True
76216792,Sách BÌNH ĐỊA TRONG LỬA,139000,199000,30,5.0,7,56,Juan Rulfo,PHANBOOK,Nhà Xuất Bản Hội Nhà Văn,,Bìa mềm,226.0,2020-10-23,PHAN LỆ & FRIENDS,available,1000.0,True,True,True
71076510,Sách Loanh Quanh Sài Gòn,140000,140000,0,0.0,0,0,Lê Công Sơn,NXB Tổng Hợp TP. HCM,Nhà Xuất Bản Tổng hợp TP.HCM,,Bìa mềm,400.0,2020-10-15,Bamboo Books,available,1000.0,True,True,True
66464342,Sách Hẹn Nhau Từ Muôn Kiếp Trước - 36 Chuyện Tình Văn Nghệ Sĩ,63000,90000,30,4.7,15,58,Lê Thiếu Nhơn,Nhà xuất bản Tổng hợp TP.HCM ,Nhà Xuất Bản Tổng hợp TP.HCM,,Bìa mềm,252.0,2020-09-09,Tiki Trading,available,1000.0,False,True,True
57219194,Sách Để Làm Gì - Tạp Bút,150400,160000,6,4.3,3,20,Đỗ Hồng Ngọc,NXB Tổng Hợp TP. HCM,Nhà Xuất Bản Tổng hợp TP.HCM,,Bìa mềm,414.0,2020-06-01,Nhà sách Fahasa,available,1000.0,True,True,True
14301910,Sách Hoa Cúc Dại,115000,179000,36,4.8,6,113,,PHANBOOK,Nhà Xuất Bản Phụ Nữ,,Bìa mềm,321.0,2019-03-19,PHAN LỆ & FRIENDS,available,1000.0,True,True,True
10103399,Tuổi Ngọc Ngày Chưa Xưa - Tủ Sách Thiên Đường Không Tuổi,75800,79000,4,0.0,0,2,Nguyễn Thị Minh Ngọc,NXB Văn Hóa - Văn Nghệ,Nhà Xuất Bản Văn Hóa - Văn Nghệ,,Bìa mềm,,2019-01-01,TYMBooks,available,1000.0,True,True,True
7636846,Sách Cỏ Mã Linh,44000,68000,35,0.0,0,9,Nguyễn Thị Mai Phương,Phụ Nữ,,,Bìa mềm,236.0,2018-11-01,Tiki Trading,available,1000.0,False,True,True
2739217,Sách Cung Đường Mê,36000,48000,25,0.0,0,6,Đặng Lưu San,Phụ Nữ,,,Bìa mềm,176.0,,Tiki Trading,available,1000.0,False,True,True
1046458,Sách Những Đóa Hoa Lạ Nhà,62400,65000,4,0.0,0,4,Hồ Huy Sơn,NXB Văn Hóa - Văn Nghệ,Nhà Xuất Bản Văn Hóa - Văn Nghệ,,Bìa mềm,164.0,2017-10-20,TYMBooks,available,1000.0,True,True,True
708136,Sách Nghĩ Ngợi Đường Xa,62900,65600,4,0.0,0,5,Nguyễn Thị Hậu,NXB Văn Hóa - Văn Nghệ,Nhà Xuất Bản Văn Hóa - Văn Nghệ TP.HCM,,Bìa mềm,252.0,2017-06-06,TYMBooks,available,1000.0,True,True,True
549083,Sách Thi Nhân Việt Nam (Bìa Mềm),98200,99200,1,5.0,1,6,Hoài Thanh,Nhà sách Minh Thắng,,,Bìa mềm,416.0,2016-10-01,Minhhabooks,available,1000.0,True,True,True
479835,"Sách Không Xinh, Không Thông Minh, Không Bất Bình Thế Giới",79000,95000,17,4.2,44,2162,Phan Ý Yên,Phương Nam Book,,,Bìa mềm,144.0,2016-03-17,Tiki Trading,available,1000.0,False,True,True
478437,Sách Có Một Mặt Trời Không Bao Giờ Tắt,118000,118000,0,0.0,0,8,Lê Dương Thể Hạnh,NXB Phụ Nữ Việt Nam,Nhà Xuất Bản Phụ Nữ,,Bìa mềm,452.0,2016-03-14,Bamboo Books,available,1000.0,True,True,True
419973,Sách Tình Nhân Không Bao Giờ Đòi Cưới,66000,66000,0,0.0,0,0,Trang Hạ,NXB Phụ Nữ Việt Nam,Nhà Xuất Bản Phụ Nữ,,Bìa mềm,192.0,2014-12-15,SÁCH ĐẠI NAM,available,1000.0,True,True,True
397932,Sách Đường Hai Ngả - Người Thương Thành Lạ (Tái Bản Lần 5),42000,52000,19,4.2,200,4210,Anh Khang,Phương Nam Book,,,Bìa mềm,165.0,2014-05-20,Tiki Trading,available,1000.0,False,True,True
355126,Sách Nghệ Thuật Trang Trí & Cắt Tỉa Rau Củ,48100,58000,17,3.5,2,10,,First News - Trí Việt,,,Bìa mềm,,1970-01-01,Nhà sách Fahasa,available,1000.0,True,True,True
279258687,Sách - Tạm Biệt Nhé Tổn Thương,99120,118000,16,0.0,0,0,Nhật Hạ,SBOOKS,NXB Dân Trí,,,248.0,,Nhân Văn,available,1000.0,True,True,True
279142470,Sách - Chuyện Người Hà Nội - Tập 4 - Bìa Cứng,204800,256000,20,0.0,0,0,nhieu tac gia,CÔNG TY TNHH SÁCH & TRUYỀN THÔNG VIỆT NAM,Nhà Xuất Bản Hà Nội,,Bìa mềm,,2023-12-21,Nhà sách Fahasa,available,1000.0,True,True,True
279133829,Sách - Phía Trên Là Mây Trời - Trước Mắt Là Trùng Khơi,89200,105000,15,0.0,0,0,nhieu tac gia,AZ Việt Nam,Nhà Xuất Bản Văn Học,,Bìa mềm,,2023-12-21,Nhà sách Fahasa,available,1000.0,True,True,True
279133594,Sách - Thành Phố Thiếu Một Bữa Cơm Nhà,75500,83000,9,0.0,0,0,nhieu tac gia,Công Ty Cổ Phần Time Books,Nhà Xuất Bản Thế Giới,,Bìa mềm,,2023-12-21,Nhà sách Fahasa,available,1000.0,True,True,True
278866008,Sách - Ngược Dòng Yêu Thương,102600,118000,13,0.0,0,0,nhieu tac gia,SBOOKS,Nhiều Nhà Xuất Bản,,Bìa mềm,,2023-12-21,Nhà sách Fahasa,available,1000.0,True,True,True
278775862,"Sách - Từng Gắn Bó, Từng Yêu Thương",114000,119000,4,0.0,0,0,Trần Duy Thành,AZ Việt Nam,NXB Dân Trí,,Bìa mềm,232.0,,Nhân Văn,available,1000.0,True,True,True
278616490,Sách - Tủ Sách Văn Học Trong Nhà Trường - Truyện Ngắn Nguyễn Công Hoan (Tái Bản 2025),61700,65000,5,0.0,0,0,Nguyễn Công Hoan,Nhà Xuất Bản Kim Đồng,Nhà Xuất Bản Kim Đồng,,Bìa mềm,,2023-12-21,Nhà sách Fahasa,available,1000.0,True,True,True
278508175,Gulliver Phiêu Lưu Ký (ĐT),66880,76000,12,0.0,0,1,Jonathan Swift,Công Ty TNHH Văn Hóa Đông Tây,Nhà Xuất Bản Dân Trí,,Bìa mềm,163.0,,Văn Lang Official Store,available,1000.0,True,True,True
278467205,Già Sao Cho Sướng? - Để Có Một Tuổi Già Hạnh Phúc (Tái bản năm 2025),107100,119000,10,0.0,0,1,B.S Đỗ Hồng Ngọc,Phương Nam Book,Nhà Xuất Bản Thế Giới,,Bìa mềm,187.0,2025-08-06,Nhà Sách Phương Nam,available,1000.0,True,True,True
278148158,Sách - Đợi Mưa - Đợi Gió - Đợi Bình An,107100,119000,10,0.0,0,0,,Công Ty Cổ Phần Time Books,Nhà Xuất Bản Dân Trí,,Bìa mềm,,2023-12-21,Nhà sách Fahasa,available,1000.0,True,True,True
278148101,Sách - Tác Phẩm Chọn Lọc - Văn Học Nga - Chiếc Nhẫn Bằng Thép (Tái Bản 2024),55800,60000,7,0.0,0,0,,Nhà Xuất Bản Kim Đồng,Nhà Xuất Bản Kim Đồng,,Bìa mềm,,2023-12-21,Nhà sách Fahasa,available,1000.0,True,True,True
278147311,Sách - Viết Cho Những Điều Bé Nhỏ - Những Miền Hương Nhớ,44100,45000,2,0.0,0,0,Trang Thanh,Nhà Xuất Bản Kim Đồng,Nhà Xuất Bản Kim Đồng,,Bìa mềm,,2023-12-21,Nhà sách Fahasa,available,1000.0,True,True,True
278147193,Sách - Trăm Năm Một Bước Hải Hà,141500,159000,11,0.0,0,1,,Công Ty Cổ Phần Time Books,Nhà Xuất Bản Phụ Nữ Việt Nam,,Bìa mềm,,2023-12-21,Nhà sách Fahasa,available,1000.0,True,True,True
278147145,Sách - Hà Nội Nhớ Thương Của Tôi,76500,85000,10,5.0,1,2,,Alpha Books,Nhà Xuất Bản Hội Nhà Văn,,Bìa mềm,,2023-12-21,Nhà sách Fahasa,available,1000.0,True,True,True
277874015,Sách - Cô Đơn Là Một Món Quà (Nhật Hạ) - SBOOKS,116000,118000,2,0.0,0,0,,SBOOKS,NXB Dân Trí,,Bìa mềm,208.0,2025-04-28,SBOOKS OFFICIAL,available,1000.0,True,True,True
276661299,Cuộc Đời Vô Vị Thế Phải Yêu Em,66200,72000,8,0.0,0,3,,Công Ty Cổ Phần Time Books,Nhà Xuất Bản Phụ Nữ Việt Nam,,Bìa mềm,,2023-12-21,Nhà sách Fahasa,available,1000.0,True,True,True
276661297,Ngày An Nắng Vàng,84100,99000,15,5.0,1,1,An Trục Thảo,AZ Việt Nam,Nhà Xuất Bản Lao Động,,Bìa mềm,,2023-12-21,Nhà sách Fahasa,available,1000.0,True,True,True
276307704,(Bìa cứng – chữ ký tác giả) VẺ ĐẸP CỦA CẢNH SẮC TẦM THƯỜNG - Đặng Hoàng Giang – Omega Plus ,359000,399000,10,0.0,0,1,,Công ty Cổ phần Sách Omega Việt Nam,Nhà Xuất Bản Hội Nhà Văn,,Bìa cứng,,,Alpha Books Official,available,1000.0,True,True,True
272305723,Ký Sự Đồng Quê,102000,120000,15,0.0,0,0,Trương Văn Ánh,Phụ Nữ,Nhà Xuất Bản Phụ Nữ Việt Nam,,,,,Nhà sách Fahasa,available,1000.0,True,True,True
270183840,Nhật Ký Nam Sinh - Vanlangbooks,63200,79000,20,5.0,1,1,Dương Hồng Anh,VanLangBooks,,,Bìa mềm,304.0,,Văn Lang Official Store,available,1000.0,True,True,True
248537577,"Combo 2Q:  Dear, Darling + Cảm Ơn Anh Đã Đánh Mất Em (Sách Chữa Lành Tâm Hồn)",181350,181350,0,0.0,0,0,,AZ Việt Nam,Nhiều Nhà Xuất Bản,,,,,AHABOOKS,available,1000.0,True,True,True
247776966,Bước Đường Cùng,65000,65000,0,0.0,0,0,,Minh Long,Nhà Xuất Bản Thanh Niên,,,,,VIETNAMBOOK,available,1000.0,True,True,True
225247122,Tiểu Thuyết Nỗi Ân Hận Dài,119000,119000,0,0.0,0,0,Thâm Tâm,Linh Lan Books,Nhà Xuất Bản Lao Động,,Bìa mềm,160.0,2023-01-19,NHBook,available,1000.0,True,True,True
206335071,Đổi Nụ Cười Lấy Bên Người Trăm Năm,83000,83000,0,0.0,0,0,Thủy Vũ,Nhà xuất bản Phụ Nữ,Nhà Xuất Bản Phụ Nữ,,Bìa mềm,168.0,,Nhà Sách Phương Nam,available,1000.0,True,True,True
204902599,"Anh Không Bận, Chỉ Là Không Nhớ Em",44500,89000,50,5.0,3,44,Tuệ Mẫn,Công Ty Cổ Phần Time Books,Nhà Xuất Bản Thế Giới,,Bìa mềm,240.0,2022-11-08,NHBook,available,1000.0,True,True,True
193736670,Gió Đầu Mùa & Hà Nội Băm Sáu Phố Phường,142400,160000,11,0.0,0,0,Thạch Lam,dong a,Nhà Xuất Bản Văn Học,,,,,Nhà sách Fahasa,available,1000.0,True,True,True
192950265,Hay Chúng Mình Đừng Hứa Hẹn Gì Nhau,103500,115000,10,4.0,2,21,Minh Dự,CÔNG TY TNHH VĂN HÓA VÀ TRUYỀN THÔNG THẢO NGUYÊN,Nhà Xuất Bản Văn Học,,,,,Nhà sách Fahasa,available,1000.0,True,True,True
192261770,Danh Tác Văn Học Việt Nam - Sợi Tóc,30800,35000,12,5.0,1,12,Thạch Lam,Nhà sách Minh Thắng,nxb van hoc,,,,,Nhà sách Fahasa,available,1000.0,True,True,True
169887044,Chuyện Người Hà Nội - Tập 1 (Tái Bản),135200,169000,20,0.0,0,3,Nhóm Hà Nội tri thức,CÔNG TY TNHH SÁCH & TRUYỀN THÔNG VIỆT NAM,Nhà Xuất Bản Thanh Niên,,,,,Nhà sách Fahasa,available,1000.0,True,True,True
73314007,Thương Nhớ Hoàng Lan,229000,249000,8,5.0,2,25,Trần Thùy Mai,CÔNG TY TNHH PHAN LỆ & FRIENDS,Nhà Xuất Bản Phụ Nữ,,Bìa mềm,378.0,2020-11-25,Nhà sách Fahasa,available,1000.0,True,True,True
63670217,Hoa Gạo Đáy Hồ,85400,89000,4,3.7,3,16,Nguyễn Hải Yến,NXB Văn hóa Văn nghệ TP.HCM,Nhà Xuất Bản Văn Hóa Văn Nghệ,,,,,Nhà sách Fahasa,available,1000.0,True,True,True
49464555,Sách Những Khoảng Cách Còn Lại,121000,133000,9,4.5,2,16,Nguyễn Mạnh Tuấn,VanLangBooks,Nhà Xuất Bản Hội Nhà Văn,,Bìa mềm,448.0,2020-02-02,Nhà sách Fahasa,available,1000.0,True,True,True
48702291,Mùa xuân đợi cuối đường - Tủ sách Thiên đường không tuổi,73400,79000,7,0.0,0,5,,Nhà Xuất Bản Văn Hóa - Văn Nghệ,Nhà Xuất Bản Văn Hóa - Văn Nghệ TP.HCM,,Bìa mềm,264.0,2020-02-01,Nhà sách Fahasa,available,1000.0,True,True,True
20013860,Sách Chú Chó Bảo Mẫu,47500,50000,5,5.0,2,7,Nguyễn Thị Thanh Bình,NXB Tổng Hợp,,,Bìa mềm,140.0,2019-06-01,Nhà sách Fahasa,available,1000.0,True,True,True
1059746,Sách Bài Thơ Trên Xương Cụt,75800,79000,4,0.0,0,3,Chinh Ba,NXB Tổng Hợp,,,Bìa mềm,266.0,2017-10-01,Nhà sách Fahasa,available,1000.0,True,True,True
1031964,"Có Anh, Em Không Cô Đơn - Giao Ngẫu Nhiên",88500,118000,25,4.0,1,15,Thước Đo,CÔNG TY CỔ PHẦN DỊCH VỤ VÀ TRUYỀN THÔNG HATITO,,,Bìa mềm,380.0,2017-10-17,Nhà sách Fahasa,available,1000.0,True,True,True
596846,Sách Việt Nam Phong Tục (Tái Bản),92700,93700,1,0.0,0,5,Phan Kế Bính,Nhà sách Minh Thắng,,,Bìa mềm,440.0,2017-01-01,Minhhabooks,available,1000.0,True,True,True
585980,Sách Từng Có Một Người Yêu Tôi Như Sinh Mệnh (Tái Bản),126350,126350,0,0.0,0,13,Thư Nghi,Đinh Tị,Nhà Xuất Bản Thanh Niên,,,,2017-03-16,AHABOOKS,available,1000.0,True,True,True
549261,Tê Giác Trong Ngàn Xanh (Series Sách Đoàn Giỏi),38000,40000,5,0.0,0,0,Đoàn Giỏi,Nhà Xuất Bản Kim Đồng,,,Bìa mềm,164.0,2016-09-30,Nhà sách Fahasa,available,1000.0,True,True,True
397004,Sách Cuộc Phiêu Lưu Của Những Cái Tôi,61700,65000,5,0.0,0,6,Phong Điệp,NXB Tổng Hợp,,,Bìa mềm,298.0,2014-03-20,Nhà sách Fahasa,available,1000.0,True,True,True
