id,name,price,list_price,discount_rate,rating_average,review_count,all_time_quantity_sold,authors,publisher_vn,manufacturer,isbn13,book_cover,number_of_page,publication_date,current_seller_name,inventory_status,stock,has_freeship,is_authentic,has_return_policy
279202271,Sách Và Cậu Bước Đến,145300,189000,23,5.0,1,11,A Thuần,Đinh Tị,Nhà Xuất Bản Văn Học,,Bìa mềm,424.0,,Tiki Trading,available,1000,False,True,True
278714085,Sách Chứng Bệnh - Ngọc Tự Nhân,166000,167700,1,5.0,2,13,Ngọc Tự Nhân,Linh Lan Books,Nhà Xuất Bản Dân Trí,,Bìa mềm,464.0,,Tiki Trading,available,1000,False,True,True
278809847,Sách Là Họa Không Thể Tránh (Tập 1 + Tập 2),269500,350000,23,4.6,5,35,Đan Thanh Thủ,Skynovel,Nhà Xuất Bản Phụ Nữ Việt Nam,,Bìa mềm,,2025-10-30,Tiki Trading,available,1000,False,True,True
23413038,Sách Mãi Mãi Là Bao Xa (Tái Bản 2019),111500,135000,17,4.7,1046,4498,Diệp Lạc Vô Tâm,Đinh Tị,Nhà Xuất Bản Thanh Niên,,Bìa mềm,590.0,2019-07-01,Tiki Trading,available,1000,False,True,True
276653136,Sách Hồ Điệp Và Kình Ngư,118000,155000,24,5.0,7,50,Tuế Kiến,Đinh Tị,Nhà Xuất Bản Văn Học,,Bìa mềm,272.0,,Tiki Trading,available,1000,False,True,True
278521561,Sách Công Viên Nhỏ – Tập 1,183200,229000,20,4.7,3,39,Mai Tử Đao,VanVietBooks,Nhà Xuất Bản Dân Trí,,Bìa mềm,496.0,2025-08-26,Tiki Trading,available,1000,False,True,True
278731398,Gặp Anh Của Thời Niên Thiếu,355900,458000,22,5.0,4,27,Chung Cận,Đinh Tị,Nhà Xuất Bản Văn Học,,Bìa mềm,,,Tiki Trading,available,1000,False,True,True
279182078,Sách Hậu Cung Như Ý Truyện (Tập 6),171750,229000,25,5.0,1,33,Lưu Liễm Tử,Moon Novels,Nhà Xuất Bản Văn Học,,,,,Tiki Trading,available,1000,False,True,True
278817069,Sách Cũng Chỉ Là Hạt Bụi,145530,189000,23,0.0,0,11,Mộc Phù Sinh,Meibooks,Nhà Xuất Bản Văn Học,,Bìa mềm,472.0,2025-10-31,Tiki Trading,available,1000,False,True,True
54682252,Sách All In Love - Ngập Tràn Yêu Thương (Tái Bản 2020),107100,119000,10,5.0,94,231,Cố Tây Tước,Đinh Tị,Nhà Xuất Bản Phụ Nữ Việt Nam,,Bìa mềm,416.0,2020-05-01,Nhà sách Fahasa,available,1000,True,True,True
279005231,Cốt Cách Mỹ Nhân (Tiểu thuyết),138600,189000,27,5.0,1,15,Mặc Bảo Phi Bảo,Cẩm Phong Books,Nhà Xuất Bản Hà Nội,,Bìa mềm,512.0,2025-12-25,Tiki Trading,available,1000,False,True,True
21129748,Sách Ngoảnh Lại Đã Một Đời,103800,118000,12,5.0,23,108,Bạch Lạc Mai,Cẩm Phong Books,Nhà Xuất Bản Hà Nội,,,316.0,2019-06-01,Nhà sách Fahasa,available,1000,True,True,True
276305454,Sách Trường Tương Tư,144300,229000,37,5.0,11,107,Đồng Hoa,Cẩm Phong Books,Nhà Xuất Bản Hà Nội,,,544.0,2024-10-01,Tiki Trading,available,1000,False,True,True
49649751,Sách Ngàn Năm Chờ Đợi - Diệp Lạc Vô Tâm,35700,45000,21,4.8,239,654,Diệp Lạc Vô Tâm,Đinh Tị,Nhà Xuất Bản Thanh Niên,,Bìa mềm,176.0,,Tiki Trading,available,1000,False,True,True
36750643,Sách Thất Tịch Không Mưa (Tái Bản 2019),70500,86000,18,5.0,63,192,Lâu Vũ Tình,Đinh Tị,Nhà Xuất Bản Phụ Nữ,,Bìa mềm,,2019-10-01,Nhà sách Fahasa,available,1000,True,True,True
276860814,Hậu Cung Như Ý Truyện Tập 5,183200,229000,20,5.0,4,54,Lưu Liễm Tử,Moon Novels,Nhà Xuất Bản Văn Học,,Bìa mềm,,2024-03-12,Tiki Trading,available,1000,False,True,True
279005516,Sách Hạnh Phúc Nhỏ Của Anh (Trọn bộ 2 tập),269000,319000,16,3.0,1,15,Đông Bôn Tây Cố,VanVietBooks,Nhà Xuất Bản Lao Động,,Bìa mềm,880.0,,Tiki Trading,available,1000,False,True,True
278602010,Sách Chiêu Hồn,159200,245000,35,5.0,1,19,Sơn Chi Tử,Linh Lan Books,Nhà Xuất Bản Văn Học,,Bìa mềm,456.0,,Tiki Trading,available,1000,False,True,True
276528015,Sách Showbiz Là Của Tôi Tập 3,170940,222000,23,5.0,4,16,Xuân Đao Hàn,Blue.Books,Nhà Xuất Bản Văn Học,,Bìa mềm,416.0,2024-11-07,Tiki Trading,available,1000,False,True,True
276409351,Sách Showbiz Là Của Tôi Tập 2,170940,222000,23,4.8,4,20,Xuân Đao Hàn,Blue.Books,Nhà Xuất Bản Văn Học,,Bìa mềm,416.0,2024-10-25,Tiki Trading,available,1000,False,True,True
53789573,Sách Bến Xe (Tái Bản 2020),60000,76000,21,5.0,95,209,Thương Thái Vi,Đinh Tị,Nhà Xuất Bản Văn Học,,Bìa mềm,,2020-03-01,Nhà sách Fahasa,available,1000,True,True,True
275452244,Sách Trường An 12 Canh Giờ (Tập 2),159200,199000,20,5.0,12,116,Mã Bá Dung,VIVABOOKS,Nhà Xuất Bản Thế Giới,,Bìa mềm,464.0,2024-06-01,Tiki Trading,available,1000,False,True,True
277744865,Sách Thái Bạch Kim Tinh Đang Phiền Muộn,179000,179000,0,0.0,0,0,Mã Bá Dung,VIVABOOKS,Nhà Xuất Bản Văn Học,,Bìa mềm,400.0,2025-03-12,NHBook,available,1000,True,True,True
278945705,Chuyến tàu đêm Ỷ Mộng,198400,248000,20,5.0,1,10,Nghiêm Tuyết Giới,Đinh Tị,Nhà Xuất Bản Văn Học,,Bìa mềm,556.0,,Tiki Trading,available,1000,False,True,True
278194123,Sách Tỏ Tình – Trọn Bộ 2 Tập,268730,349000,23,5.0,2,14,Ưng Chanh,VanVietBooks,Nhà Xuất Bản Lao Động,,Bìa mềm,,2025-06-27,Tiki Trading,available,1000,False,True,True
54609014,Combo 2 Quyển: Tam Sinh Tam Thế - Chẩm Thượng Thư (Tái Bản 2020),124000,178000,30,5.0,68,201,Đường Thất Công Tử,Quảng Văn,Nhà Xuất Bản Văn Học,,Bìa mềm,728.0,2020-01-01,Tiki Trading,available,1000,False,True,True
277445523,Sách Dư Tình Khả Đãi - Tập 3,136960,179000,23,5.0,10,107,Mẫn Nhiên,Meibooks,Nhà Xuất Bản Dân Trí,,Bìa mềm,424.0,2025-05-01,Tiki Trading,available,1000,False,True,True
278919727,Sách - CÔ ẤY VÀ VỊ TRÍ ĐỨNG ĐẦU LÀ CỦA TÔI! ( Combo tập 1&2 - Bản Phổ thông ) - Bách Việt,365040,468000,22,0.0,0,1,Đồ Dạng Tiên Sâm,Bách Việt,Nhà Xuất Bản Thanh Hoá,,Bìa mềm,1136.0,2025-12-02,Sách Bách Việt,available,1000,True,True,True
270850451,Hậu Cung Như Ý Truyện Tập 3,176330,229000,23,5.0,27,247,Lưu Liễm Tử,Moon Novels,Nhà Xuất Bản Văn Học,,Bìa mềm,488.0,2023-02-24,Tiki Trading,available,1000,False,True,True
278599767,Sách Đốt Cháy - Giấu Anh Vào Cơn Mưa Mùa Hạ,153000,239000,36,5.0,4,151,Bán Tiệt Bạch Thái,Linh Lan Books,Nhà Xuất Bản Dân Trí,,Bìa mềm,410.0,,Tiki Trading,available,1000,False,True,True
37363738,Sách Sự Dịu Dàng Khó Cưỡng (Tái Bản 2019),71100,79000,10,4.8,82,224,Diệp Lạc Vô Tâm,Đinh Tị,Nhà Xuất Bản Văn Học,,Bìa mềm,,2019-10-01,Nhà sách Fahasa,available,1000,True,True,True
181122295,Sách Đạo Tình Tập 2 (Tái Bản),110600,139000,20,5.0,39,192,Chu Ngọc,Quảng Văn,Nhà Xuất Bản Phụ Nữ Việt Nam,,Bìa mềm,453.0,2022-04-04,Tiki Trading,available,1000,False,True,True
278324653,Sách Đồi Thông Máu,115000,139000,17,0.0,0,18,Quốc Thái,BeBooks,Nhà Xuất Bản Thế Giới,,Bìa mềm,200.0,2025-07-22,Tiki Trading,available,1000,False,True,True
49253288,Sách Chân Trời Góc Bể (Tái Bản),78800,100000,21,4.8,509,1932,Diệp Lạc Vô Tâm,Đinh Tị,Nhà Xuất Bản Văn Học,,Bìa mềm,384.0,2020-02-02,Tiki Trading,available,1000,False,True,True
105375429,Sách Gió Tây Bao Nhiêu Hận Thổi Chẳng Giãn Mày Chau,131000,178000,26,5.0,106,524,Bạch Lạc Mai,Huy Hoàng Bookstore,Nhà Xuất Bản Thanh Niên,,Bìa mềm,492.0,2021-06-01,Tiki Trading,available,1000,False,True,True
279182096,"Sách Mượn Vần Thơ, Tỏ Vần Thương",66750,89000,25,0.0,0,2,Cừu Văn Vở,Wavebooks,Nhà Xuất Bản Văn Học,,,,,Tiki Trading,available,1000,False,True,True
193211309,Sách Chuông Gió (Tập 2),120800,174000,31,5.0,113,680,Vĩ Ngư,Văn Việt,Nhà Xuất Bản Thanh Niên,,Bìa mềm,456.0,2022-08-01,Tiki Trading,available,1000,False,True,True
276077522,"Sách Đường Đời Muôn Ngả, Gặp Gỡ Đã Là Nhân Duyên",108750,145000,25,5.0,19,175,Lư Tư Hạo,Skynovel,Nhà Xuất Bản Phụ Nữ Việt Nam,,Bìa mềm,296.0,,Tiki Trading,available,1000,False,True,True
279149829,Sách - Tướng môn độc hậu,188000,209000,10,0.0,0,2,Thiên Sơn Trà Khách,Công ty Cổ phần Sách điện tử Waka,Nhà Xuất Bản Dân Trí,,Bìa mềm,536.0,,Sách Waka,available,1000,True,True,True
26136047,Combo 2 cuốn tiểu thuyết ngôn tình hay nhất : Bữa Trưa Tình Yêu (Ấn Bản Kỷ Niệm) - Bổ Sung 5 Ngoại Truyện + Yêu Em Từ Cái Nhìn Đầu Tiên (Tặng kèm Bookmark thiết kế AHA),420000,420000,0,5.0,3,9,Cố Mạn,Quảng Văn,Nhà Xuất Bản Văn Học,,Bìa mềm,,,Nhà sách Nam Trung Yên,available,1000,True,True,True
50074626,Hãy Nhắm Mắt Khi Anh Đến - Tập 1 (Tái Bản 2019),112200,129000,13,5.0,1,9,Đinh Mặc,Đinh Tị,Nhà Xuất Bản Văn Học,,Bìa mềm,495.0,,Nhà sách Fahasa,available,1000,True,True,True
279017100,Sách - Triều Dâng Cát Lặng - Tặng Kèm 2 Bookmark Bế Hình Chibi + 1 Postcard Polaroid Cán Nhũ,182200,225000,19,0.0,0,2,nhieu tac gia,XYZ,NXB Dân Trí,,Bìa mềm,,2023-12-21,Nhà sách Fahasa,available,1000,True,True,True
277441918,Sách - Tổ điều tra đặc biệt,182000,209000,13,0.0,0,6,,Công Ty Cổ Phần Waka,Nhà Xuất Bản Dân Trí,,Bìa mềm,496.0,,Sách Waka,available,1000,True,True,True
279268555,Sách - Hậu Cung Như Ý Truyện - Tập 6 - Bản Đặc Biệt - Bìa Cứng - Tặng Kèm Bookmark Bồi Cứng,239400,285000,16,0.0,0,1,Lưu Liễm Tử,AZ Việt Nam,Nhà Xuất Bản Văn Học,,Bìa mềm,,2023-12-21,Nhà sách Fahasa,available,1000,True,True,True
276524348,Combo 2 quyển Sách Anh Vẫn Luôn Yêu Em tập 1 + tập 2 - Mộng Tiêu Nhị,365040,468000,22,0.0,0,2,Mộng Tiêu Nhị,Công Ty Cổ Phần Time Books,nxb van hoc,,Bìa mềm,488.0,,SÁCH TIMEBOOKS,available,1000,True,True,True
272187684,Sách Đã Nhiều Năm Như Thế - Tập 2,132000,165000,20,5.0,12,102,Bát Nguyệt Trường An,Skybooks,Nhà Xuất Bản Phụ Nữ Việt Nam,,Bìa mềm,424.0,2023-09-20,Tiki Trading,available,1000,False,True,True
278216500,Sách Đừng Rung Động Vì Anh (Trọn Bộ 2 Tập),227010,329000,31,5.0,4,15,Kiều Diêu,Leaf books,Nhà Xuất Bản Văn Học,,Bìa mềm,,2025-06-30,Tiki Trading,available,1000,False,True,True
1661281,Sách Hành Trình Vô Tận,117000,130000,10,0.0,0,0,Dư Thu Vũ,Huy Hoàng Bookstore,,,Bìa mềm,467.0,2018-03-09,Nhà sách Fahasa,available,1000,True,True,True
275624223,Sách Cưng Chiều Anh Thêm Chút Nữa,162000,185000,12,4.3,6,60,Trúc Dĩ,Moon Novels,Nhà Xuất Bản Văn Học,,Bìa mềm,400.0,2024-07-08,Tiki Trading,available,1000,False,True,True
277463039,Sách - Anh Đến Cùng Ánh Sao Trời - Tập 2,169100,199000,15,0.0,0,2,,Công Ty Cổ Phần Waka,Nhà Xuất Bản Lao Động,,Bìa mềm,,2023-12-21,Nhà sách Fahasa,available,1000,True,True,True
278498590,Sách NẾU ÁNH TRĂNG KHÔNG ÔM LẤY EM (BẢN PHỔ THÔNG),217000,269000,19,0.0,0,3,Lục Mang Tinh,Bách Việt,Nhà Xuất Bản Dân Trí,,Bìa mềm,688.0,2025-07-10,Tiki Trading,available,1000,False,True,True
79937406,Combo 2 Tập: Dior Tiên Sinh,191800,274000,30,5.0,1024,2087,Lục Dã Thiên Hạc,Meibooks,Nhà Xuất Bản Hà Nội,,Bìa mềm,887.0,2021-03-01,Tiki Trading,available,1000,False,True,True
152705174,Thiên Quan Tứ Phúc - Tập 4,152100,169000,10,5.0,2,7,Mặc Hương Đồng Khứu,ZGroup,Nhà Xuất Bản Hà Nội,,,,,Bảo Châu Books,available,1000,True,True,True
133864535,Chờ Em Lớn Nhé Được Không? - Diệp Lạc Vô Tâm,106000,106000,0,0.0,0,1,Diệp Lạc Vô Tâm,Đinh Tị,Nhà Xuất Bản Văn Học,,Bìa mềm,,,Nhà sách Nam Trung Yên,available,1000,True,True,True
278791943,Sách Nhiệt Độ Cơ Thể Của Ác Ma - Tập 1,184030,239000,23,0.0,0,14,Đằng La Vi Chi,VanVietBooks,Nhà Xuất Bản Dân Trí,,Bìa mềm,440.0,2025-10-28,Tiki Trading,available,1000,False,True,True
277821048,Sách Đều Tại Vầng Trăng Gây Họa,192600,239000,19,5.0,3,14,Mười Một Giờ Phải Ngủ,Đinh Tị,Nhà Xuất Bản Văn Học,,,532.0,,Tiki Trading,available,1000,False,True,True
277943795,Sách Veil Tái Bản 2024,129000,129000,0,0.0,0,1,,Nhà Sách Hồng Ân,Nhà Xuất Bản Hà Nội,,,,,Bảo Châu Books,available,1000,True,True,True
273346851,Sách Tiến Về Phía Nhau (Tập 2),123500,179000,31,4.7,9,82,Mạch Ngôn Xuyên,VanVietBooks,Nhà Xuất Bản Dân Trí,,Bìa mềm,496.0,,Tiki Trading,available,1000,False,True,True
279202052,Sách ngôn tình Xuân Khởi,153000,199000,23,0.0,0,2,Kim Bính,Đinh Tị,Nhà Xuất Bản Văn Học,,Bìa mềm,512.0,,Tiki Trading,available,1000,False,True,True
278042167,Combo (2 Tập): Đèn Sao Hoang Dã,342400,428000,20,5.0,4,26,Chung Cận,Đinh Tị,Nhà Xuất Bản Văn Học,,Bìa mềm,440.0,,Tiki Trading,available,1000,False,True,True
276833100,Sách Vũ Khúc Đoạn Tình,130130,169000,23,5.0,14,111,Stephanie Garber,VIVABOOKS,Nhà Xuất Bản Dân Trí,,Bìa mềm,,2024-03-12,Tiki Trading,available,1000,False,True,True
138269679,Sách Tiên Mãn Cung Đường - Tập 3,118200,159000,26,5.0,116,296,Lục Dã Thiên Hạc,Cẩm Phong Books,Nhà Xuất Bản Hà Nội,,Bìa mềm,424.0,2021-11-01,Tiki Trading,available,1000,False,True,True
277943813,Thiên Quan Tứ Phúc (Trọn bộ) lẻ tùy chọn,169000,169000,0,0.0,0,14,,Công ty Cổ Phần ZGroup,Nhà Xuất Bản Văn Học,,,,,Bảo Châu Books,available,1000,True,True,True
278668613,Sách Công Viên Nhỏ - Tập 2,176330,229000,23,4.8,5,37,Mai Tử Đao,VanVietBooks,Nhà Xuất Bản Dân Trí,,Bìa mềm,448.0,2025-09-22,Tiki Trading,available,1000,False,True,True
278612141,Sách Sam Sam Đến Đây Ăn Nào,145530,189000,23,0.0,0,8,Cố Mạn,VanVietBooks,Nhà Xuất Bản Văn Học,,Bìa mềm,400.0,2025-09-12,Tiki Trading,available,1000,False,True,True
278054869,Sách Điều Tuyệt Vời Nhất Của Thanh Xuân (Bản Thường),134750,175000,23,5.0,1,7,Bát Nguyệt Trường An,Skynovel,Nhà Xuất Bản Phụ Nữ Việt Nam,,Bìa mềm,496.0,2025-06-06,Tiki Trading,available,1000,False,True,True
203231264,Hậu Cung Như Ý Truyện - Tập 1,155720,229000,32,5.0,161,898,Lưu Liễm Tử,AZ Việt Nam,Nhà Xuất Bản Văn Học,,Bìa mềm,472.0,2022-10-27,Tiki Trading,available,1000,False,True,True
278894574,Sách - Năm Thứ Năm Sau Khi Rời Cung - Tặng Kèm Bookmark,229000,229000,0,0.0,0,3,nhieu tac gia,Công Ty Cổ Phần Waka,NXB Dân Trí,,Bìa mềm,,2023-12-21,Nhà sách Fahasa,available,1000,True,True,True
275551322,Sách Anh Đứng Giữa Ngàn Hoa Hạ Rực Rỡ,118800,198000,40,5.0,1,37,Thái Hậu Quy Lai,Linh Lan Books,Nhà Xuất Bản Phụ Nữ Việt Nam,,Bìa mềm,424.0,,Tiki Trading,available,1000,False,True,True
198296811,Sách Hẹn Đẹp Như Mơ (Tái Bản 2022),114600,149000,23,5.0,17,71,Phỉ Ngã Tư Tồn,Quảng Văn,Nhà Xuất Bản Phụ Nữ Việt Nam,,Bìa mềm,452.0,2022-08-08,Tiki Trading,available,1000,False,True,True
262731038,Sách Vượt qua thời không để yêu anh 2,176100,229000,23,5.0,1,39,Diệp Lạc Vô Tâm,Đinh Tị,Nhà Xuất Bản Văn Học,,Bìa mềm,600.0,2023-01-03,Tiki Trading,available,1000,False,True,True
3472313,Sách Hãy Nhắm Mắt Khi Anh Đến 1 (Tái Bản 2018),106600,129000,17,4.5,93,1905,Đinh Mặc,Đinh Tị,,,Bìa mềm,496.0,,Tiki Trading,available,1000,False,True,True
278951369,Nhiệt Độ Cơ Thể Ác Ma bản đặc biệt,235000,235000,0,5.0,1,2,Đằng La Vi Chi,Nhà xuất bản Tổng hợp TP.HCM ,Nhà Xuất Bản Dân Trí,,"Bìa mềm, bìa áo + bìa keo",440.0,2025-10-29,NHƯ BOOKS,available,1000,True,True,True
251885302,Sách Sơn Trà Nở Muộn,197300,248000,20,5.0,26,169,Giá Oản Chúc,Đinh Tị,Nhà Xuất Bản Thanh Niên,,Bìa mềm,648.0,2023-01-01,Tiki Trading,available,1000,False,True,True
279120997,Sách - Chuyện tình ở thế giới song song (Higashino Keigo) (Nhã Nam HCM),189200,215000,12,0.0,0,5,Higachino Keigo,Nhã Nam,Nhà Xuất Bản Hà Nội,,Bìa mềm,402.0,2026-01-22,Nhã Nam HCM,available,1000,True,True,True
275041144,Từng Có Người Yêu Tôi Như Sinh Mệnh (Tái Bản 2024),96700,129000,25,5.0,1,9,Thư Nghi,Đinh Tị,Nhà Xuất Bản Văn Học,,,,,Nhà sách Fahasa,available,1000,True,True,True
274384230,"Sách Siêu Cấp Cưng Chiều, bản thường",142000,189000,25,5.0,5,33,,Waka,Nhà Xuất Bản Lao Động,,Bìa mềm,1060.0,2024-02-16,Sách Waka,available,1000,True,True,True
274501824,Nếu Biết Trăm Năm Là Hữu Hạn (Tái bản năm 2024),159000,159000,0,5.0,1,7,Phạm Lữ Ân,Phương Nam Book,Nhà Xuất Bản Thế Giới,,Bìa mềm,268.0,,PHƯƠNG NAM BOOK,available,1000,True,True,True
273891587,Rung Động Chỉ Vì Em- Cuốn Sách Ngôn Tình Lãng Mạn Hay,180600,188150,4,0.0,0,1,,Đinh Tị,Nhà Xuất Bản Văn Học,,,,,AHABOOKS,available,1000,True,True,True
277858792,Sách Liệt Đồ - Chỉ em là ngoại lệ,174800,245000,29,4.1,7,21,Giải Tổng,Linh Lan Books,Nhà Xuất Bản Dân Trí,,,484.0,,Tiki Trading,available,1000,False,True,True
279133552,Sách - Husky Và Sư Tôn Mèo Trắng Của Hắn - Tập 8,173800,189000,8,0.0,0,1,nhieu tac gia,ZGroup,Nhà Xuất Bản Hà Nội,,Bìa mềm,,2023-12-21,Nhà sách Fahasa,available,1000,True,True,True
247564805,Nụ Hôn Của Sói (Tái Bản 2023),95200,119000,20,0.0,0,12,Diệp Lạc Vô Tâm,Đinh Tị,Nhà Xuất Bản Phụ Nữ,,,,,Nhà sách Fahasa,available,1000,True,True,True
273835817,Sách Chiều Em Đau Cả Trái Tim,184500,229000,19,5.0,6,34,Túy Hậu Ngư Ca,Đinh Tị,Nhà Xuất Bản Thanh Niên,,Bìa mềm,440.0,2023-01-01,Tiki Trading,available,1000,False,True,True
276396485,Sách Không Yêu Không Vui,185000,209000,11,5.0,6,30,Mộng Tiêu Nhị,VanVietBooks,Nhà Xuất Bản Lao Động,,Bìa mềm,496.0,,Tiki Trading,available,1000,False,True,True
274170856,Tôi Giỏi Để Tôi Lên - Tập 3,179000,179000,0,5.0,1,1,Tương Tử Bối,Công ty TNHH Thương mại và Dịch vụ Văn hóa Hà Nội,Nhà Xuất Bản Hà Nội,,Bìa mềm,476.0,2024-02-21,NHBook,available,1000,True,True,True
277317543,Sách - Kiếp sau (Marc Levy) (Nhã Nam HCM),68000,80000,15,5.0,1,8,Marc Levy,Nhã Nam,Nhà Xuất Bản Hội Nhà Văn,,Bìa mềm,296.0,2020-04-02,Nhã Nam HCM,available,1000,True,True,True
279113041,"Sách Dây Châu Ngọc Bên Cành Linh Lan (trọn bộ) - Điềm Thụy - Học đường, hồi tưởng, ngọt ngược đan xen, tình chị em",233700,285000,18,0.0,0,1,nhieu tac gia,Công Ty Cổ Phần Time Books,Nhà Xuất Bản Văn Học,,Bìa mềm,488.0,,Tiệm Sách Thật,available,1000,True,True,True
278601974,Sách Cách Phá Hủy Học Sinh Hệ Chuyên,132800,219000,39,0.0,0,1,Trang Quỳnh,Linh Lan Books,Nhà Xuất Bản Văn Học,,Bìa mềm,377.0,,Tiki Trading,available,1000,False,True,True
277317575,Sách - Cô gái như em (Marc Levy) (Nhã Nam HCM),114400,130000,12,5.0,1,8,Marc Levy,Nhã Nam,Nhà Xuất Bản Hội Nhà Văn,,Bìa mềm,350.0,2020-02-01,Nhã Nam HCM,available,1000,True,True,True
274472030,Sách Bảy Năm Vẫn Ngoảnh Về Phương Bắc (Tập 8+9),198660,258000,23,5.0,8,96,Ân Tầm,Fujibooks,Nhà Xuất Bản Thanh Niên,,Bìa mềm,680.0,,Tiki Trading,available,1000,False,True,True
278728948,Sách - Phượng Hồ - Tập 4,177100,199000,11,0.0,0,4,nhieu tac gia,Công Ty Cổ Phần Waka,Nhà Xuất Bản Lao Động,,Bìa mềm,,2023-12-21,Nhà sách Fahasa,available,1000,True,True,True
273114942,Tiểu thuyết Người tình hào hoa-Tình cuồng (combo),112000,112000,0,4.0,1,4,"Guy De Maupassant, Raymond Radiguet",DT Books,Nhà Xuất Bản Hội Nhà Văn,,Bìa mềm,605.0,2018-10-08,DTBOOKS,available,1000,True,True,True
216983082,"Sách - Combo Dám Bị Ghét + Dám Hạnh Phúc (Bộ 2 Cuốn)(lẻ, combo tuỳ chọn)",111150,117000,5,0.0,0,5,,Nhã Nam,Nhà Xuất Bản Hội Nhà Văn,,,,,SÁCH ĐẠI NAM,available,1000,True,True,True
252770230,Sách Đường Về,103600,148000,30,5.0,17,189,Mặc Bảo Phi Bảo,Skynovel,Nhà Xuất Bản Phụ Nữ Việt Nam,,Bìa mềm,400.0,2023-04-18,Tiki Trading,available,1000,False,True,True
278711645,Sách Đường Mộc Vẫn Thế,127300,176000,28,0.0,0,10,Mễ Hoa,Linh Lan Books,Nhà Xuất Bản Văn Học,,Bìa mềm,360.0,,Tiki Trading,available,1000,False,True,True
6403963,Đạo tình combo 2 tập,261500,261500,0,5.0,102,503,Chu Ngọc,Quảng Văn,Nhà Xuất Bản Văn Học,,Bìa mềm,920.0,2017-10-05,AHABOOKS,available,1000,True,True,True
278868827, (Bìa cứng) CON HỦI - Helena Mniszek – Huy Hoàng Books,223600,233000,4,0.0,0,1,Helena Mniszek,Huy Hoàng Bookstore,Nhà Xuất Bản Văn Học,,Bìa cứng,612.0,,BÌNH BÁN BOOK,available,1000,True,True,True
87108578,"Sách Lại Đây, Ôm Cái Nào!",151200,168000,10,5.0,7,26,Tả Đồng,Đinh Tị,Nhà Xuất Bản Văn Học,,Bìa mềm,516.0,2021-04-01,Nhà sách Fahasa,available,1000,True,True,True
73521903,Sách Bạn Trai Tôi Mắc Chứng Hoang Tưởng,145500,180000,19,5.0,144,351,Diệp Tử,Đinh Tị,Nhà Xuất Bản Thanh Niên,,Bìa mềm,608.0,2020-12-17,Tiki Trading,available,1000,False,True,True
276027007,Combo 2 quyển Sách Hành Lang Hai Lớp + Tớ Thích Cậu Hơn Cả Harvard,366000,366000,0,0.0,0,1,Lan Rùa,Công Ty Cổ Phần Time Books,Nhà Xuất Bản Thế Giới,,Bìa mềm,448.0,,NHBook,available,1000,True,True,True
275956630,Hành Lang Hai Lớp - Hoa Cỏ - (trọn bộ),209000,209000,0,0.0,0,3,,Công Ty Cổ Phần Time Books,nxb van hoc,,Bìa mềm,512.0,,NHBook,available,1000,True,True,True
278796554,Sách - Tuần trăng mật ( Patrick Modiano) (Nhã Nam Official),112000,112000,0,0.0,0,0,Patrick Modiano,Nhã Nam,Nhà Xuất Bản Hà Nội,,Bìa mềm,188.0,,info book,available,1000,True,True,True
278107212,Sách GẶP LẠI GIỮA LƯNG CHỪNG NHÂN THẾ (BẢN PHỔ THÔNG),175000,175000,0,0.0,0,0,Thu Hằng,Bách Việt,Nhà Xuất Bản Dân Trí,,Bìa mềm,280.0,2025-05-29,VIETNAMBOOK,available,1000,True,True,True
59293801,Sách Sự Cám Dỗ Cuối Cùng (Tái Bản 2020),117700,146000,19,5.0,204,650,Diệp Lạc Vô Tâm,Đinh Tị,Nhà Xuất Bản Văn Học,,Bìa mềm,624.0,2020-09-01,Tiki Trading,available,1000,False,True,True
279136294,Sách - Không Yêu Thì Đi Chết Đi - Tập 1,173800,189000,8,0.0,0,1,nhieu tac gia,ZGroup,Nhà Xuất Bản Hà Nội,,Bìa mềm,,2023-12-21,Nhà sách Fahasa,available,1000,True,True,True
43476283,Sách Chiêu Diêu Tập 1,83000,119000,30,5.0,30,157,Cửu Lộ Phi Hương,Quảng Văn,Nhà Xuất Bản Phụ Nữ Việt Nam,,Bìa mềm,424.0,2019-11-01,Tiki Trading,available,1000,False,True,True
138269675,Sách Tiên Mãn Cung Đường - Tập 2,97000,159000,39,5.0,111,294,Lục Dã Thiên Hạc,Cẩm Phong Books,Nhà Xuất Bản Hà Nội,,Bìa mềm,416.0,2021-11-01,Tiki Trading,available,1000,False,True,True
69107154,Sách Hải Thượng Sinh Minh Nguyệt (Tặng Kèm Postcard + Bookmark),86400,96000,10,5.0,9,25,Thương Thái Vi,Đinh Tị,Nhà Xuất Bản Văn Học,,Bìa mềm,260.0,,Nhà sách Fahasa,available,1000,True,True,True
50190868,Combo 2 Cuốn Truyện Ngôn Tình Hấp Dẫn Nhất: Sự Dịu Dàng khó Cưỡng + Mãi Mãi Là Bao Xa,180900,190500,5,5.0,14,56,Diệp Lạc Vô Tâm,Đinh Tị,Nhà Xuất Bản Văn Học,,Bìa mềm,712.0,,Phương Đông Books,available,1000,True,True,True
278295307,Sách - Content AI (AIGC Wenhua Xueyuan),136080,189000,28,0.0,0,3,Học Viện Văn Họa AIGC,1980 Books,Nhà Xuất Bản Công Thương,,Bìa mềm,304.0,,TTR Next Generation,available,1000,True,True,True
31514667,Tướng Quân Ở Trên Ta Ở Dưới (Bộ 2 Tập) - Tái Bản 2018,240000,300000,20,4.2,15,85,Quất Hoa Tán Lý,Cty Sách Hương Giang,Nhà Xuất Bản Thời Đại,,,,,Nhà sách Hương Giang,available,1000,True,False,True
279182088,"Sách Núi Của Cô Ấy, Biển Của Cô Ấy (TB 2026)",156750,209000,25,5.0,11,70,Phù Hoa,Meibooks,Nhà Xuất Bản Lao Động,,,440.0,,Tiki Trading,available,1000,False,True,True
276860824,Sách Chậm Rãi Động Lòng – Tập 1,159200,199000,20,5.0,3,41,Cảnh Kỳ Tâm,Soul.books,Nhà Xuất Bản Thanh Niên,,Bìa mềm,,2024-03-12,Tiki Trading,available,1000,False,True,True
274145626,Sách Cá Voi Cô Đơn - Hàm Yên,161200,248000,35,5.0,4,48,Hàm Yên,Đinh Tị,Nhà Xuất Bản Văn Học,,Bìa mềm,,2024-02-01,Tiki Trading,available,1000,True,True,True
127077153,Sách Không Có Kiếp Sau - Tập 2,116100,169000,31,5.0,107,320,Nguyệt Hạ Tang,Cẩm Phong Books,Nhà Xuất Bản Hà Nội,,Bìa mềm,568.0,2021-10-15,Tiki Trading,available,1000,False,True,True
279086416,Sách - Siêu Cấp Cưng Chiều - Tập 7 - Tặng Kèm Bookmark In 2 Mặt,175100,199000,12,0.0,0,1,nhieu tac gia,Công Ty Cổ Phần Waka,Nhà Xuất Bản Lao Động,,Bìa mềm,,2023-12-21,Nhà sách Fahasa,available,1000,True,True,True
277485308,Sách Tái sanh duyên (Mạnh Lệ Quyên toàn truyện - Trọn bộ hộp 2 tập),305700,308800,1,0.0,0,0,,Nhà sách Minh Thắng,Nhà Xuất Bản Văn Học,,,,,Minhhabooks,available,1000,True,True,True
278324882,Sách Vợ Chồng Siêu Sao Thật Ngọt Ngào - Tập 2,194000,229000,15,5.0,5,40,Đồ Dạng Tiên Sâm,Meibooks,Nhà Xuất Bản Dân Trí,,Bìa mềm,496.0,2025-07-22,Tiki Trading,available,1000,False,True,True
57300935,Sách Oan Gia Tương Phùng (Tặng Kèm Bookmark + Postcard),120500,120500,0,0.0,0,3,Tiêu Dao Hồng Trần,Đinh Tị,Nhà Xuất Bản Văn Học,,Bìa mềm,524.0,,Phương Đông Books,available,1000,True,True,True
171587144,Không Có Kiếp Sau - Tập 2 - Tặng Kèm Bookmark,155400,169000,8,5.0,1,3,Nguyệt Hạ Tang,ZGroup,Nhà Xuất Bản Hà Nội,,,,,Nhà sách Fahasa,available,1000,True,True,True
27156837,Sách Bốc Án,152800,168000,9,4.7,24,51,Sa Dư,Cẩm Phong Books,,,Bìa mềm,624.0,2019-01-08,Nhà sách Fahasa,available,1000,True,True,True
50361636,Combo Đạo Tình - Tập 1 Và 2 (Bộ 2 Tập),250000,250000,0,5.0,3,7,Chu Ngọc,Quang Van Books,Nhà Xuất Bản Văn Học,,,,,Minhhabooks,available,1000,True,True,True
275163785,Cuốn Sách Ngôn Tình Hay: Yêu Không Red Flag - Thì Ra… Thế Giới Yêu Nhau Kiểu Này!,99000,99000,0,0.0,0,0,,AZ Việt Nam,Nhà Xuất Bản Phụ Nữ,,,,,Bamboo Books,available,1000,True,True,True
270771893,Gọi em bằng tên anh- NXB Trẻ - Bản Quyền,115000,115000,0,0.0,0,0,,NXB Trẻ,NXB Trẻ,,,,,info book,available,1000,True,True,True
187157831,Chờ Hoa Nguyên Soái Nở (Tái Bản 2022),119900,129000,7,0.0,0,0,Nguyệt Hạ Tang,ZGroup,Nhà Xuất Bản Hà Nội,,,,,Nhà sách Fahasa,available,1000,True,True,True
38061786,Combo Truyện Của Diệp Lạc Vô Tâm: Sự Cám Dỗ Cuối Cùng + Nụ Hôn Của Sói (Bộ Ngôn Tình Trung Quốc Được Độc Gỉa Đón Đọc Nhiều Nhất / Tặng Kèm Bookmark Green Life),221200,264502,16,4.8,15,86,Diệp Lạc Vô Tâm,Đinh Tị,Nhiều Nhà Xuất Bản,,Bìa mềm,,,AHABOOKS,available,1000,True,True,True
278626687,Sách Tiểu Thuyết Ngôn Tình - Lãng Mạn Dành Cho Em - Khinh Ảm - Book Trendy,315000,315000,0,0.0,0,0,Khinh Ảm,Phúc Minh Books,Nhà Xuất Bản Văn Học,,Bìa mềm,,,Phúc Minh Books,available,1000,True,True,True
277943836,Kính vạn hoa chết chóc - trọn bộ 4 cuốn( tái bản  2024),760000,760000,0,5.0,1,7,,Công ty Cổ Phần ZGroup,Nhà Xuất Bản Văn Học,,,,,Bảo Châu Books,available,1000,True,True,True
262659947,Yêu em từ cái nhìn đầu tiên - Tái bản 2023 (Tặng kèm bookmark 7 nhân vật và 4 postcard),179000,179000,0,4.0,1,15,Cố Mạn,Minh Quang Books,Nhà Xuất Bản Văn Học,,Bìa mềm,512.0,2023-06-22,THBooks,available,1000,True,True,True
278602011,Sách Thứ Kình - Về Bên Anh,141800,199000,29,5.0,7,26,Giải Tổng,Linh Lan Books,Nhà Xuất Bản Dân Trí,,Bìa mềm,,,Tiki Trading,available,1000,False,True,True
277922897,Sách Vợ Chồng Siêu Sao Thật Ngọt Ngào (Tập 1),157000,199000,21,5.0,5,91,Đồ Dạng Tiên Sâm,Meibooks,Nhà Xuất Bản Dân Trí,,Bìa mềm,456.0,2025-03-12,Tiki Trading,available,1000,False,True,True
275296457,Sách Thái Hồng – Có Em Trong Đời,164000,205000,20,5.0,9,50,Giá Oản Chúc,Moon Novels,Nhà Xuất Bản Văn Học,,Bìa mềm,480.0,2024-05-30,Tiki Trading,available,1000,False,True,True
279078325,"Sách Dây Châu Ngọc Bên Cành Linh Lan (trọn bộ)  - Điềm Thụy - Học đường, hồi tưởng, ngọt ngược đan xen, tình chị em, gương vỡ lại lành, thanh xuân vườn trường vỡ ",242250,285000,15,0.0,0,1,Điềm Thụy,Công Ty Cổ Phần Time Books,Nhà Xuất Bản Văn Học,,Bìa mềm,488.0,,SÁCH TIMEBOOKS,available,1000,True,True,True
276167216,Sách Câu Chuyện Không Ai Biết Ấy,129600,169000,23,5.0,7,43,Twentine,Đinh Tị,Nhà Xuất Bản Thanh Niên,,,,,Tiki Trading,available,1000,True,True,True
14890554,Combo Đạo Tình (Bộ 2 tập - Tái bản 2018) Tặng kèm bookmark yêu thương,251700,262250,4,4.8,139,871,Chu Ngọc,Quảng Văn,Nhà Xuất Bản Văn Học,,Bìa mềm,,,AHABOOKS,available,1000,True,True,True
273677079,Sách Quách Lâm Kiều Gia (Bộ 2 Tập),255000,358000,29,4.5,2,11,Công Phu Bao Tử,Bách Việt,Nhà Xuất Bản Dân Trí,,Bìa mềm,1176.0,2023-12-15,Tiki Trading,available,1000,False,True,True
278796501,Gặp Được Em Thật Hưng Phấn,219000,219000,0,0.0,0,0,Tây Tử Tự,Gieobooks,Nhà Xuất Bản Thế Giới,,Bìa mềm,504.0,2025-10-23,Bamboo Books,available,1000,True,True,True
186440552,Combo 2 cuốn Truyện Ngôn Tình ; Bến Xe + Hẹn Đẹp Như Mơ,229500,229500,0,0.0,0,4,,Nhiều công ty phát hành,Nhiều Nhà Xuất Bản,,,,,Phương Đông Books,available,1000,True,True,True
6968113,Combo 2 Tập: Hãy Nhắm Mắt Khi Anh Đến (Đinh Mặc),258000,258000,0,5.0,2,31,Đinh Mặc,Đinh Tị,,,Bìa mềm,992.0,2018-10-26,Nhà sách Nam Trung Yên,available,1000,True,True,True
278728952,Sách - Phượng Hồ - Tập 3,177100,199000,11,0.0,0,5,nhieu tac gia,Công Ty Cổ Phần Waka,Nhà Xuất Bản Lao Động,,Bìa mềm,,2023-12-21,Nhà sách Fahasa,available,1000,True,True,True
276450479,Sách 0852,139400,219000,36,4.0,3,23,Giải Tổng,Linh Lan Books,Nhà Xuất Bản Dân Trí,,Bìa mềm,424.0,,Tiki Trading,available,1000,False,True,True
278761609,"Sách - Bộ Sách Khanh Khanh Của Tôi - Tập 1 + Tập 2 + Tập 3 (Bộ 3 Tập) - Tặng Kèm 3 Bookmark Chữ Nhật Bồi Cứng + 1 Postcard In Lời Nhắn, Chữ Ký Tác Giả Bồi Cứng",471400,568000,17,0.0,0,2,nhieu tac gia,Bách Việt,Nhà Xuất Bản Thanh Hoá,,Bìa mềm,,2023-12-21,Nhà sách Fahasa,available,1000,True,True,True
278603001,Sách - Em Là Sao Trời Của Anh - Tặng Kèm Bookmark 2 Mặt + Postcard Bồi Cứng Có In Lời Chúc Của Tác Giả + Card Bo Góc Bồi Cứng,194900,219000,11,0.0,0,0,nhieu tac gia,Công Ty Cổ Phần Waka,Nhà Xuất Bản Lao Động,,Bìa mềm,,2023-12-21,Nhà sách Fahasa,available,1000,True,True,True
279145718,Sách - Khi anh chạy về phía em (Tái bản 2026),197000,219000,10,5.0,1,3,Trúc Dĩ,Công ty Cổ phần Sách điện tử Waka,Nhà Xuất Bản Lao Động,,Bìa mềm,512.0,,Sách Waka,available,1000,True,True,True
278714082,Sách Gặp Được Em Thật Hưng Phấn,168630,219000,23,0.0,0,13,Tây Tử Tự,SiNovels,Nhà Xuất Bản Thế Giới,,Bìa mềm,504.0,2025-10-08,Tiki Trading,available,1000,False,True,True
277978006,Sách - Ương Ngạnh - Tập 2,177100,199000,11,5.0,1,3,,Công Ty Cổ Phần Waka,Nhà Xuất Bản Lao Động,,Bìa mềm,,2023-12-21,Nhà sách Fahasa,available,1000,True,True,True
200673108,Không Có Kiếp Sau - Tập 5,155400,169000,8,5.0,1,2,Nguyệt Hạ Tang,ZGroup,Nhà Xuất Bản Hà Nội,,,,,Nhà sách Fahasa,available,1000,True,True,True
230323410,Minh Nhật Tinh Trình - Tập 1 - Tặng Kèm Bookmark Bồi Cứng 2 Mặt,172900,188000,8,5.0,4,9,Kim Cương Quyển,AZ Việt Nam,NXB Dân Trí,,,,,Nhà sách Fahasa,available,1000,True,True,True
247845660,Combo 2Q Tiểu Thuyết Ngôn Tình Lãng Mạn: Sự Dịu Dàng Khó Cưỡng - Diệp Lạc Vô Tâm + Em Sẽ Đến Cùng Cơn Mưa,169500,169500,0,0.0,0,1,,Nhã Nam,Nhiều Nhà Xuất Bản,,,,,AHABOOKS,available,1000,True,True,True
192949946,"Em Vốn Thích Cô Độc, Cho Đến Khi Có Anh",97200,108000,10,5.0,3,49,Diệp Lạc Vô Tâm,Đinh Tị,Nhà Xuất Bản Văn Học,,,,,Nhà sách Fahasa,available,1000,True,True,True
49311389,Sách Khiếu Kiếm Chỉ Giang Sơn (Trọn Bộ 3 Tập),271000,429000,37,4.6,89,481,Tử Vũ Nguyệt Diên,Owlbooks,Nhà Xuất Bản Hà Nội,,Bìa mềm,1360.0,2020-02-02,Tiki Trading,available,1000,False,True,True
279086450,Sách - Siêu Cấp Cưng Chiều - Tập 8 - Tặng Kèm Bookmark In 2 Mặt,175100,199000,12,0.0,0,1,nhieu tac gia,Công Ty Cổ Phần Waka,Nhà Xuất Bản Lao Động,,Bìa mềm,,2023-12-21,Nhà sách Fahasa,available,1000,True,True,True
278777527,Sách - Năm thứ năm sau khi rời cung,183000,229000,20,0.0,0,2,Cáp Tử Phi Thăng,Công Ty Cổ Phần Waka,Nhà Xuất Bản Dân Trí,,Bìa mềm,544.0,,Sách Waka,available,1000,True,True,True
278054276,Phán Quan - Tập 02,199000,199000,0,0.0,0,0,Mộc Tô Lý,Gieobooks,Nhà Xuất Bản Hà Nội,,Bìa mềm,400.0,2025-06-01,Tazano Official Store,available,1000,True,True,True
275770160,Linh Chi Ngủ Yên,171700,229000,25,0.0,0,2,Đại Bông,CÔNG TY TNHH SÁCH & TRUYỀN THÔNG VIỆT NAM,Nhà Xuất Bản Hà Nội,,,,,Nhà sách Fahasa,available,1000,True,True,True
6168769,Truyện ngôn tình - Cô Gái Năm Ấy Chúng Ta Cùng Theo Đuổi (Tái Bản),95000,95000,0,0.0,0,0,Cửu Bả Đao,Nhã Nam,Nhà Xuất Bản Phụ Nữ,,Bìa mềm,308.0,2018-01-25,SÁCH ĐẠI NAM,available,1000,True,True,True
279120469,Sách - Ánh đèn nơi bến cảng (Banana Yoshimoto) (Nhã Nam HCM),87120,99000,12,0.0,0,0,Banana Yoshimoto,Nhã Nam,Nhà Xuất Bản Hội Nhà Văn,,Bìa mềm,164.0,2026-01-22,Nhã Nam HCM,available,1000,True,True,True
279160825,"Sách - Mùa xuân và ánh trăng, bản thường",170000,189000,10,0.0,0,2,Quyết Biệt Từ,Công ty Cổ phần Sách điện tử Waka,Nhà Xuất Bản Lao Động,,Bìa mềm,376.0,,Sách Waka,available,1000,True,True,True
277943838,"Sách - Tashiro, cậu đúng thật là!",109000,109000,0,0.0,0,0,,Công ty Cổ Phần ZGroup,Nhà Xuất Bản Văn Học,,Bìa mềm,,,Bảo Châu Books,available,1000,True,True,True
278499647,Vợ Chồng Siêu Sao Thật Ngọt Ngào - Tập 2 - Bản Quyền,269000,269000,0,0.0,0,0,Đồ Dạng Tiên Sâm,AZ Việt Nam,NXB Dân Trí,,Bìa mềm,496.0,2025-08-14,Gooda Official,available,1000,True,True,True
278966616,Sách - Bộ Sách Cô Ấy Và Vị Trí Đứng Đầu Là Của Tôi! - Tập 1 + Tập 2 (Bộ 2 Tập) - Tặng Kèm 2 Bookmark + 2 Thẻ Học Sinh + Trang Gác,374400,468000,20,0.0,0,1,nhieu tac gia,Bách Việt,Nhà Xuất Bản Thanh Hoá,,Bìa mềm,,2023-12-21,Nhà sách Fahasa,available,1000,True,True,True
278973254,Sách Huỷ diệt và Cứu rỗi - Tác giả Viet Thanh Nguyen - TIMES,141500,143000,1,0.0,0,1,Viet Thanh Nguyen,Công ty CP Xuất bản Khoa học và Giáo dục Thời Đại (TIMES BOOKS),Nhà Xuất Bản Hội Nhà Văn,,Bìa mềm,208.0,2025-12-17,Minhhabooks,available,1000,True,True,True
197119849,Sách Chuông Gió (Tập 3),120800,174000,31,5.0,104,691,Vĩ Ngư,Văn Việt,Nhà Xuất Bản Thanh Niên,,Bìa mềm,448.0,2022-09-09,Tiki Trading,available,1000,False,True,True
562660,Sách Yêu Em Bằng Cả Trái Tim Anh (Tái Bản 2016),125000,125000,0,4.6,7,50,Tào Đình,Bách Việt,Nhà Xuất Bản Dân Trí,,,488.0,2016-12-05,AHABOOKS,available,1000,True,True,True
274034127,Trêu Nhầm - Tập 1 - Tặng Kèm Bookmark Bồi Cứng,143200,179000,20,0.0,0,2,Kiều Diêu,AZ Việt Nam,Nhà Xuất Bản Văn Học,,Bìa mềm,,2023-12-21,Nhà sách Fahasa,available,1000,True,True,True
277744713,Sách - Những chủ nhật tháng Tám (Patrick Modiano) (Nhã Nam Official) ,110000,110000,0,0.0,0,0,,Nhã Nam,Nhà Xuất Bản Văn Học,,Bìa mềm,183.0,,FishingBook,available,1000,True,True,True
35445135,Nụ Hôn Của Sói (Tái Bản 2019),113350,113350,0,4.7,12,68,Diệp Lạc Vô Tâm,AMUN,Nhà Xuất Bản Thanh Niên,,,,,Phương Đông Books,available,1000,True,True,True
278524159,Sách - Ép Duyên Nàng Hầu (Bản phổ thông) - Bách Việt,116350,179000,35,0.0,0,6,nhieu tac gia,Bách Việt,Nhà Xuất Bản Văn Học,,Bìa mềm,368.0,2025-08-19,Sách Bách Việt,available,1000,True,True,True
278669324,Sách - Nắng Hanh - Má Bánh Bao (Bản PT) - Bách Việt,199000,199000,0,0.0,0,0,Má Bánh Bao,Bách Việt,NXB Dân Trí,,Bìa mềm,400.0,2025-09-18,Bamboo Books,available,1000,True,True,True
129138324,Sách - Chạng vạng ( tái bản ),180000,180000,0,0.0,0,1,,NXB Trẻ,NXB Trẻ,,,,,info book,available,1000,True,True,True
101870295,Thiên Quan Tứ Phúc - Tập 3,161100,179000,10,5.0,1,5,Mặc Hương Đồng Khứu,ZGroup,Nhà Xuất Bản Hà Nội,,,,,Bảo Châu Books,available,1000,True,True,True
275213742,Sách Trường Phong Độ - tập 2,163180,199000,18,0.0,0,3,Mặc Thư Bạch,Công Ty Cổ Phần Time Books,Nhà Xuất Bản Hà Nội,,Bìa mềm,496.0,,SÁCH TIMEBOOKS,available,1000,True,True,True
168234722,Sách Trúc Thư Dao 1 - Nước Tần - Có Nàng Tên Thập,137830,179000,23,4.8,66,345,Văn Giản Tử,Nhã Nam,Nhà Xuất Bản Hà Nội,,Bìa mềm,528.0,2022-03-03,Tiki Trading,available,1000,False,True,True
279189727,Sách - Cô ấy và vị trí đứng đầu là của tôi! (Bản phổ thông/Bản đặc biệt) - Tập 3 - Ngôn tình,218000,218000,0,0.0,0,0,Đồ Dạng Tiên Sâm,Bách Việt,Nhà xuất bản Kinh tế tài chính,,,,,Tiki Trading,available,1000,False,True,True
273179728,"Sách Chỉ Muốn Thương Anh, Chiều Anh, Nuôi Anh",194200,259000,25,5.0,3,40,Túy Hậu Ngư Ca,Đinh Tị,Nhà Xuất Bản Văn Học,,Bìa mềm,584.0,2023-10-10,Tiki Trading,available,1000,True,True,True
89204270,"Combo 2 Tập: Gửi Anh, Người Luôn Đến Muộn",233100,259000,10,5.0,8,24,Lam Bạch Sắc,Đinh Tị,Nhà Xuất Bản Văn Học,,Bìa mềm,980.0,2021-04-01,Nhà sách Fahasa,available,1000,True,True,True
276428048,ComBo Bộ sách Ma Y Thế Gia 2 tập,358400,448000,20,5.0,14,66,,Cty Sách Hương Giang,Nhà Xuất Bản Thế Giới,,Bìa mềm tay gấp,1079.0,2024-10-22,Nhà sách Hương Giang,available,1000,True,True,True
279251016,Sách - Hậu Cung Như Ý Truyện - Tập 6 - Tặng Kèm Bookmark Bồi Cứng,194600,229000,15,0.0,0,0,Lưu Liễm Tử,AZ Việt Nam,Nhà Xuất Bản Văn Học,,Bìa mềm,,2023-12-21,Nhà sách Fahasa,available,1000,True,True,True
178240500,Sách Đường Gia Tiểu Miêu,144500,179000,19,4.8,69,239,Triêu Tiểu Thành,Đinh Tị,Nhà Xuất Bản Văn Học,,Bìa mềm,460.0,2022-06-01,Tiki Trading,available,1000,True,True,True
278967659,Sách - Cũng Chỉ Là Hạt Bụi - Tặng Kèm Bookmark,143600,189000,24,0.0,0,0,Mộc Phù Sinh,AZ Việt Nam,Nhiều Nhà Xuất Bản,,Bìa mềm,,2023-12-21,Nhà sách Fahasa,available,1000,True,True,True
279274193,Sách - CÔ ẤY VÀ VỊ TRÍ ĐỨNG ĐẦU LÀ CỦA TÔI! ( Tập 3) - Bách Việt,178760,218000,18,0.0,0,0,Đồ Dạng Tiên Sâm,Bách Việt,Nhà Xuất Bản Thanh Hoá,,Bìa mềm,468.0,2026-03-28,Sách Bách Việt,available,1000,True,True,True
278692044,Sách : Trọn bộ 3c - Khanh Khanh Của Tôi ( Phiên bản Phổ thông) - Xuyên Lan - Bách Việt,369200,568000,35,0.0,0,1,nhieu tac gia,Bách Việt,Nhà Xuất Bản Thanh Hoá,,Bìa mềm,1624.0,2025-09-25,Sách Bách Việt,available,1000,True,True,True
248807149,Combo 2Q Tiểu Thuyết Ngôn Tình Lãng Mạn: Sự Dịu Dàng Khó Cưỡng - Diệp Lạc Vô Tâm + Em Sẽ Đến Cùng Cơn Mưa,169500,169500,0,0.0,0,2,,Nhã Nam,Nhiều Nhà Xuất Bản,,,,,Phương Đông Books,available,1000,True,True,True
410975,Sách All In Love - Ngập Tràn Yêu Thương,106350,106350,0,0.0,0,40,Cố Tây Tước,Đinh Tị,Nhà Xuất Bản Thanh Niên,,Bìa mềm,400.0,2014-09-23,Phương Đông Books,available,1000,True,True,True
263071791,Faust - Tái Bản 2023,200000,200000,0,0.0,0,0,Johann Wolfgang von Goethe,Nhã Nam,Nhà Xuất Bản Văn Học,,Bìa mềm,604.0,,info book,available,1000,True,True,True
277383423,Dư Tình Khả Đãi: Tập 2 - Tặng Kèm Bookmark (Số Lượng Có Hạn),170000,179000,5,5.0,1,2,Mẫn Nhiên,Gieobooks,NXB Dân Trí,,Bìa mềm,424.0,2025-02-21,Sống Official,available,1000,True,True,True
274501817,Nếu Biết Trăm Năm Là Hữu Hạn (Tái bản năm 2024),159000,159000,0,0.0,0,43,Phạm Lữ Ân,Phương Nam Book,Nhà Xuất Bản Thế Giới,,Bìa mềm,263.0,,Nhà Sách Phương Nam,available,1000,True,True,True
213710420,Hoàng Hôn Dựa Khóm Trúc Dài _AZ,199000,199000,0,0.0,0,0,Long Thất,AZ Việt Nam,Nhà Xuất Bản Hà Nội,,Bìa mềm,576.0,,info book,available,1000,True,True,True
242502458,Sứ Giả Của Thần Chết (Tái Bản),120000,120000,0,0.0,0,0,,Huy Hoàng Bookstore,Nhà Xuất Bản Văn Học,,,,,Bamboo Books,available,1000,True,True,True
277555149,Sách - Hiệu sách trên đảo (Gabrielle Zevin) (Nhã Nam HCM),127600,145000,12,0.0,0,1,Gabrielle Zevin,Nhã Nam,Nhà Xuất Bản Phụ Nữ,,Bìa mềm,264.0,2025-03-01,Nhã Nam HCM,available,1000,True,True,True
76527980,Năm Đầu Tiên Khi Tôi Ba Mươi (Bộ 2 Tập),219000,219000,0,0.0,0,0,Mao Lợi,Bách Việt,Nhà Xuất Bản Hồng Đức,,,738.0,,Bamboo Books,available,1000,True,True,True
278630819,Công Viên Nhỏ - Tập 1 - Bản Đặc Biệt - Tặng Kèm 1 Bookmark + 1 Tờ Gác Màu Có Lời Nhắn Và Chữ Ký Của Tác Giả + 1 Standee Mica + 2 Thẻ Học Sinh,269000,269000,0,0.0,0,0,Mai Tử Đao,Gieobooks,NXB Dân Trí,,Bìa mềm,496.0,2025-09-12,BINHMINHBOOKSHOP,available,1000,True,True,True
274526845,Sách - Whisky & Ruy băng - Nhã Nam Official,165000,165000,0,0.0,0,0,Leesa Cross - Smith,Nhã Nam,Nhà Xuất Bản Hội Nhà Văn,,Bìa mềm,452.0,,Bảo Châu Books,available,1000,True,True,True
74890158,Combo tiểu thuyết Cửu Lộ Phi Hương Chiêu Diêu+Tấn An,412250,412250,0,5.0,5,22,Cửu Lộ Phi Hương,Quảng Văn,Nhà Xuất Bản Phụ Nữ Việt Nam,,,,,Phương Đông Books,available,1000,True,True,True
127170155,Sách Bình Hoa (Phiên Bản Thường)(Tái Bản),106000,149000,29,5.0,105,262,Khốn Ỷ Nguy Lâu,Cẩm Phong Books,Nhà Xuất Bản Hà Nội,,Bìa mềm,400.0,2021-10-01,Tiki Trading,available,1000,False,True,True
14892951,Combo Đạo Tình (Bộ 2 tập - Tái bản 2018) Tặng kèm bookmark yêu thương,260350,260350,0,4.8,8,52,Chu Ngọc,Quảng Văn,Nhà Xuất Bản Phụ Nữ,,Bìa mềm,,,Phương Đông Books,available,1000,True,True,True
274134110,"Nagahama To Be, Or Not To Be - Tặng Kèm Bookmark Bế Hình Ngẫu Nhiên (Số Lượng Có Hạn)",88000,88000,0,0.0,0,0,Scarlet Beriko,Công ty TNHH Thương mại và Dịch vụ Văn hóa Hà Nội,Nhà Xuất Bản Dân Trí,,Bìa mềm,178.0,2024-02-06,Tazano Official Store,available,1000,True,True,True
37975917,Combo Truyện Ngôn Tình Đặc Sắc: Từng Đóa Bọt Sóng (Trọn Bộ 2 Tập / Tặng Kèm Móc Khóa Cực Xinh),205500,205500,0,4.7,3,18,Tửu Tiểu Thất,Bách Việt,,,Bìa mềm,992.0,,Phương Đông Books,available,1000,True,False,True
271626741,Sách Trêu Nhầm Tập 1,137830,179000,23,5.0,26,204,Kiều Diêu,Moon Novels,Nhà Xuất Bản Văn Học,,Bìa mềm,440.0,2023-09-09,Tiki Trading,available,1000,False,True,True
278882455,Sách - Một chuyện tình hài - Funny Story (Emily Henry) (Nhã Nam HCM),192720,219000,12,0.0,0,2,Emily Henry,Nhã Nam,Nhà Xuất Bản Hà Nội,,Bìa mềm,432.0,2025-11-21,Nhã Nam HCM,available,1000,True,True,True
111285052,"Sách Một Nửa Ngọt Ngào, Một Nửa Đau Thương",161100,179000,10,5.0,2,8,Kỳ Tử,Đinh Tị,Nhà Xuất Bản Văn Học,,Bìa mềm,516.0,2021-07-01,Nhà sách Fahasa,available,1000,True,True,True
278833449,Sách - Ma Đạo Tổ Sư (tái bản 2025),161100,179000,10,0.0,0,0,Nguyễn Đức Tấn,Công ty Cổ Phần ZGroup,Nhà Xuất Bản Hà Nội,,Bìa mềm,450.0,2025-11-10,Bảo Châu Books,available,1000,True,True,True
736532,Sách Hoàng Phi,70559,98000,28,4.6,8,313,Kiera Cass,Nhã Nam,Nhà Xuất Bản Hà Nội,,Bìa mềm,364.0,2017-07-21,Tiki Trading,available,1000,False,True,True
279203494,Sách - Ăn Xong Rồi Tính - tập 2,169000,169000,0,0.0,0,0,Nguyễn Anh Hoàng,Cty Sách Trí Tuệ Việt,ha noi,,,,,Bảo Châu Books,available,1000,True,True,True
573582,Sách Yêu Anh Hơn Cả Tử Thần (Tái Bản 2017),82000,82000,0,0.0,0,47,,Bách Việt,,,Bìa mềm,241.0,2017-01-25,Nhà sách Nam Trung Yên,available,1000,True,False,True
278585966,Sách - Husky Và Sư Tôn Mèo Trắng Của Hắn - Tập 9,173800,189000,8,0.0,0,4,nhieu tac gia,ZGroup,Nhà Xuất Bản Hà Nội,,Bìa mềm,,2023-12-21,Nhà sách Fahasa,available,1000,True,True,True
109135487,"Sách Kế Hoạch ""Cưa"" Lại Bạn Gái",134200,179000,25,4.8,54,171,Hoa Thanh Thần,Đinh Tị,Nhà Xuất Bản Văn Học,,Bìa mềm,508.0,2021-06-01,Tiki Trading,available,1000,True,True,True
184884073,Combo Tiểu Thuyết Ngôn Tình Lãng Mạn: Chờ Em Lớn Nhé Được Không +Định Mệnh Dưới Mưa/ Tặng Bookmark ,279500,279500,0,0.0,0,2,,Nhiều công ty phát hành,Nhiều Nhà Xuất Bản,,,,,Phương Đông Books,available,1000,True,True,True
175552134,Năm Ấy Vạn Dặm Tìm Đường Phong Hầu  (Bộ 2 Tập) _Bản Thường_Tặng kèm bookmark Happy Life,273500,273500,0,5.0,8,18,,Công Ty TNHH Văn Hóa Và Truyền Thông Skybooks Việt Nam,Nhà Xuất Bản Hà Nội,,,,,AHABOOKS,available,1000,True,True,True
277976660,Sách - Vợ Chồng Siêu Sao Thật Ngọt Ngào - Tập 1 - Tặng Kèm Bookmark Cán Màng Lụa Ánh Ngọc Trai,169100,199000,15,5.0,1,1,Đồ Dạng Tiên Sâm,AZ Việt Nam,NXB Dân Trí,,Bìa mềm,,2023-12-21,Nhà sách Fahasa,available,1000,True,True,True
274061051,Sự Ỷ Lại Nguy Hiểm: Tập 2 - Tặng Kèm Bookmark Tròn (Số Lượng Có Hạn),153000,153000,0,0.0,0,0,Kim Cương Quyển,Công ty TNHH Tazano,NXB Dân Trí,,Bìa mềm,376.0,2024-01-27,Bamboo Books,available,1000,True,True,True
274743537,Sách Như Sơ,128300,180000,29,5.0,7,71,Việt Chi,Linh Lan Books,Nhà Xuất Bản Phụ Nữ,,Bìa mềm,384.0,,Tiki Trading,available,1000,False,True,True
197745241,Combo Sách Bến Xe + Thất Tịch Không Mưa (Bộ 2 Cuốn),123100,162000,24,5.0,6,38,Lâu Vũ Tình,Đinh Tị,Nhiều Nhà Xuất Bản,,,,,Nhà sách Fahasa,available,1000,True,True,True
138269724,Sách Tiên Mãn Cung Đường - Tập 1,109300,159000,31,5.0,113,309,Lục Dã Thiên Hạc,Cẩm Phong Books,Nhà Xuất Bản Hà Nội,,Bìa mềm,416.0,2021-11-01,Tiki Trading,available,1000,False,True,True
275128808,Xin Lỗi Em Chỉ Là Con Đĩ (Tái Bản 2024),80300,98000,18,5.0,1,5,Tào Đình,Bách Việt,Nhà Xuất Bản Văn Học,,,,,Nhà sách Fahasa,available,1000,True,True,True
187846013,Combo 2 cuốn Tiểu Thuyết Ngôn Tình : Em Sẽ Đến Cùng Cơn Mưa (Tái Bản) + Mãi Mãi Là Bao Xa ( Tái Bản 2019),239350,239350,0,5.0,1,12,,Nhiều công ty phát hành,Nhiều Nhà Xuất Bản,,,,,Phương Đông Books,available,1000,True,True,True
113117547,"Sách - Combo Dám Bị Ghét + Dám Hạnh Phúc (Bộ 2 Cuốn)(lẻ, combo tuỳ chọn)",119000,119000,0,0.0,0,1,,Nhã Nam,Nhà Xuất Bản Lao Động,,,,,HỆ THỐNG NHÀ SÁCH ABC,available,1000,True,True,True
57905703,"Sách Nhắn Gửi Tất Cả Các Em, Những Người Tôi Đã Yêu - Quà Tặng: 2 Bookmark + 1 Postcard (Số Lượng Giới Hạn)",127000,127000,0,0.0,0,0,Otono Yomoji,Nhã Nam,Nhà Xuất Bản Hà Nội,,Bìa mềm,236.0,2020-07-01,SÁCH ĐẠI NAM,available,1000,True,True,True
249663536,Sách Gió Nam Thầm Thì,191900,238000,19,5.0,9,70,Thất Vi,Đinh Tị,Nhà Xuất Bản Thanh Niên,,Bìa mềm,520.0,2023-04-04,Tiki Trading,available,1000,True,True,True
278425127,Sách - Nếu ánh trăng không ôm lấy em - Lục Mang Tinh (Bản phổ thông) - Bách Việt,239410,269000,11,0.0,0,1,Lục Mang Tinh,Bách Việt,NXB Dân Trí,,Bìa mềm,688.0,2025-07-25,VIETNAMBOOK,available,1000,True,True,True
73923124,Sách Phong Mang (Tập 1 + 2),200850,309000,35,4.8,487,1070,Sài Kê Đản,Daisy Books,Nhà Xuất Bản Hồng Đức,,Bìa mềm,832.0,2020-12-18,Tiki Trading,available,1000,False,True,True
270494644,COMBO TRỘM MỆNH ( 2 Tập),378000,378000,0,5.0,1,4,Nhất Mai Đồng Tiền,Linh Lan Books,Nhà Xuất Bản Phụ Nữ Việt Nam,,Bìa mềm,,,NHBook,available,1000,True,True,True
274497153,Husky Và Sư Tôn Mèo Trắng Của Hắn - Tập 6 - Tặng Kèm Bookmark,153700,169000,9,0.0,0,5,Nhục Bao Bất Cật Nhục,ZGroup,Nhà Xuất Bản Hà Nội,,,,,Nhà sách Fahasa,available,1000,True,True,True
279005523,"Sách Nghỉ Yêu, Kết Hôn Thôi! (Tập 1 + Tập 2)",212000,265000,20,0.0,0,1,Erly,Glow Books,Nhà Xuất Bản Lao Động,,Bìa mềm,616.0,,Tiki Trading,available,1000,False,True,True
105375445,Sách Anh Có Thiếu Người Yêu Không - Tập 2,83000,142000,42,4.7,26,78,Ngô Đồng Tư Ngữ,Bách Việt,Nhà Xuất Bản Hồng Đức,,Bìa mềm,516.0,2021-06-01,Tiki Trading,available,1000,False,True,True
278853327,Quán Cơm Tỳ Hưu: Chỉ Có Vào Không Có Ra - Tập 1 - Tặng Kèm Sticker + Bookmark (Số Lượng Có Hạn),178000,178000,0,0.0,0,0,Hải Kinh Lạc,Gieobooks,NXB Dân Trí,,Bìa mềm,232.0,2025-11-07,Tazano Official Store,available,1000,True,True,True
278053674,Liệt Đồ: Chỉ Em Là Ngoại Lệ,245000,245000,0,5.0,1,1,Giải Tổng,Gieobooks,NXB Dân Trí,,Bìa mềm,484.0,2025-06-01,Tazano Official Store,available,1000,True,True,True
274239935,Bộ Sách Cá Voi Cô Đơn - Tập 1 - 3 (Bộ 3 Tập),630250,630250,0,5.0,2,2,Hàm Yên,Đinh Tị,Nhà Xuất Bản Văn Học,,,,,AHABOOKS,available,1000,True,True,True
160814594,Bậc Thầy Chém Giá,179100,199000,10,0.0,0,4,Mèo Lười Ngủ Ngày,Đinh Tị,Nhà Xuất Bản Thanh Niên,,,,,Nhà sách Fahasa,available,1000,True,True,True
275611594,Linh Chi Ngủ Yên ,229000,229000,0,0.0,0,1,Đại Bông,Công Ty TNHH Sách Và Truyền Thông Việt Nam,Nhà Xuất Bản Hà Nội,,Bìa mềm tay gấp,472.0,2024-07-15,Tri Thức Trẻ Books,available,1000,True,True,True
55238052,Combo Tiểu Thuyết Lãng Mạn: Thất Tịch Không Mưa + Hẹn Đẹp Như Mơ (Sách Văn Học Bán Chạy / Thanh Xuân Ngôn Tình),185000,185000,0,5.0,1,8,"Lâu Vũ Tình, Phỉ Ngã Tư Tồn",Quang Van Books,Nhà Xuất Bản Văn Học,,Bìa mềm,,,Nhà sách Nam Trung Yên,available,1000,True,True,True
277943894,Sách - Bộ Thiên Quan Tứ Phúc ( trọn bộ 8 tập),1372000,1372000,0,0.0,0,1,,Công ty Cổ Phần ZGroup,Nhà Xuất Bản Văn Học,,,,,Bảo Châu Books,available,1000,True,True,True
276036178,Combo 2 quyển Sách Hành Lang Hai Lớp + Tớ Thích Cậu Hơn Cả Harvard,285480,366000,22,0.0,0,2,Lan Rùa,Công Ty Cổ Phần Time Books,Nhà Xuất Bản Thế Giới,,Bìa mềm,448.0,,SÁCH TIMEBOOKS,available,1000,True,True,True
276926517,Sách - Hậu Cung Như Ý Truyện - Tập 5 - Tặng Kèm Bookmark Lục Giác Bồi Cứng,137400,229000,40,5.0,1,6,Lưu Liễm Tử,AZ Việt Nam,Nhà Xuất Bản Văn Học,,Bìa mềm,,2023-12-21,Nhà sách Fahasa,available,1000,True,True,True
273961034,Sách Shipper Lục Giới,219000,219000,0,0.0,0,0,Nhất Mai Đồng Tiền,Linh Lan Books,Nhà Xuất Bản Lao Động,,Bìa mềm,464.0,,NHBook,available,1000,True,True,True
273636827,Quách Lâm Kiều Gia - Combo Tập 1+ Tập 2 (Đam Mỹ) - Bản Quyền,358000,358000,0,0.0,0,0,,Bách Việt,Nhà Xuất Bản Dân Trí,,,,,Bamboo Books,available,1000,True,True,True
176902941,Và Rồi Núi Vọng,148000,148000,0,0.0,0,0,,Nhà Xuất Bản Đại Học Quốc Gia Hà Nội,Nhà Xuất Bản Đại Học Quốc Gia Hà Nội,,,,,HỆ THỐNG NHÀ SÁCH ABC,available,1000,True,True,True
276290599,Sách Khôn Ninh tập 1 - Thời Kính,239000,239000,0,0.0,0,3,,Công Ty Cổ Phần Time Books,nxb van hoc,,Bìa mềm,520.0,,NHBook,available,1000,True,True,True
274024206,Trường Phong Độ tập 1,154980,189000,18,0.0,0,5,,Công Ty Cổ Phần Time Books,Nhà Xuất Bản Hà Nội,,Bìa mềm,500.0,,SÁCH TIMEBOOKS,available,1000,True,True,True
277977422,Sách - Ương Ngạnh - Tập 1,177100,199000,11,3.0,1,4,,Công Ty Cổ Phần Waka,Nhà Xuất Bản Lao Động,,Bìa mềm,,2023-12-21,Nhà sách Fahasa,available,1000,True,True,True
276414124,Sách Đuổi Theo Mùa Hạ - Tập 2,143200,179000,20,5.0,2,89,Mộc Qua Hoàng,Meibooks,Nhà Xuất Bản Dân Trí,,Bìa mềm,440.0,,Tiki Trading,available,1000,False,True,True
170870724,Cao Thủ “Đổi Đen Thay Trắng” - Tập 5,146200,159000,8,5.0,15,45,Phong Thư Lưu Ngốc,ZGroup,Nhà Xuất Bản Hà Nội,,,,,Nhà sách Fahasa,available,1000,True,True,True
54609018,Sách Tam Sinh Tam Thế - Thập Lý Đào Hoa Tái Bản 2020),114500,114500,0,0.0,0,0,Đường Thất Công Tử,Quảng Văn,Nhà Xuất Bản Văn Học,,Bìa mềm,592.0,,AHABOOKS,available,1000,True,True,True
274019016,Tửu Chàng Tiên - Tập 2 - Tặng Kèm Bookmark Ivory,150400,169000,11,5.0,1,1,Tiêu Đường Đông Qua,CÔNG TY TNHH VĂN HÓA VÀ TRUYỀN THÔNG THẢO NGUYÊN,Nhà Xuất Bản Hội Nhà Văn,,,,,Nhà sách Fahasa,available,1000,True,True,True
174558132,Người Bên Gối,110600,119000,7,4.8,4,9,Khốn Ỷ Nguy Lâu,ZGroup,Nhà Xuất Bản Hà Nội,,,,,Nhà sách Fahasa,available,1000,True,True,True
276640791,Sách Tây Xuất Ngọc Môn,478000,478000,0,0.0,0,1,Vĩ Ngư,VanVietBooks,Nhà Xuất Bản Lao Động,,Bìa mềm,1120.0,,NHBook,available,1000,True,True,True
203847065,"Sách - Nhắn gửi tất cả các em, những người tôi đã yêu",127000,127000,0,0.0,0,0,,Không có,Không có,,,,,SÁCH ĐẠI NAM,available,1000,True,True,True
88917475,Sách Môn Đồ - Bắt Cóc Đệ Đệ Tập 4,107000,116000,8,4.7,167,389,"Tiểu Xuyên Công Tử, Manh A Công Tử",Hcomics,Nhà Xuất Bản Thế Giới,,Bìa mềm,244.0,2021-04-01,Tiki Trading,available,1000,False,True,True
271005405,Sách Cắn Lên Đầu Ngón Tay Anh (Tập 2),151200,189000,20,4.8,14,81,Tô Cảnh Nhàn,Daisy Books,Nhà Xuất Bản Hà Nội,,Bìa mềm,412.0,2023-03-08,Tiki Trading,available,1000,False,True,True
202529331,Sách - Nếu Tôi Biết Được Khi Còn 20 ( Tina Seelig ) - NXB Trẻ,80000,80000,0,0.0,0,0,,NXB Trẻ,NXB Trẻ,,,,,Nhà Sách Vĩnh Thụy,available,1000,True,True,True
367615,"Sách Tướng Quân Ở Trên, Ta Ở Dưới (Trọn Bộ 2 Tập)",299000,299000,0,0.0,0,7,Quất Hoa Tán Lý,Hương Giang,,,Bìa mềm,1133.0,2013-06-05,Nhà Sách Đinh Lễ,available,1000,True,True,True
203840949,Sách - Nhà mình thích ở bên nhau (TB 2021),68000,68000,0,0.0,0,0,,Không có,Không có,,,,,HỆ THỐNG NHÀ SÁCH ABC,available,1000,True,True,True
247792771,"Đừng Nhìn Lén Nữa, Anh Cũng Thích Em",123000,128000,4,5.0,1,2,,Đinh Tị,Nhà Xuất Bản Văn Học,,,,,Nhân Văn,available,1000,True,True,True
204302058,Bán Tinh - Tập 3,206100,229000,10,0.0,0,7,Đinh Mặc,Đinh Tị,Nhà Xuất Bản Văn Học,,,,,Nhà sách Fahasa,available,1000,True,True,True
274614525,Combo 2 Cuốn Sách Ngôn Tình: Từng Đóa Bọt Sóng (Bộ 2 Tập),211500,211500,0,0.0,0,0,,Bách Việt,,,,,,AHABOOKS,available,1000,True,True,True
273891397,"Đừng Nhìn Lén Nữa, Anh Cũng Thích Em- Cuốn Ngôn Tình Lãng Mạn",115250,115250,0,0.0,0,1,,Đinh Tị,Nhà Xuất Bản Văn Học,,,,,AHABOOKS,available,1000,True,True,True
275596686,Sách - QUÁCH LÂM KIỀU GIA ( Bộ 2 Tập)  - Tiểu thuyết đam mỹ ,214800,358000,40,0.0,0,2,Công Phu Bao Tử,Bách Việt,Nhà Xuất Bản Dân Trí,,Bìa mềm,1174.0,,Sách Bách Việt,available,1000,True,True,True
277716982,Đạo Tình - Tập 1 (Tác Giả: Chu Ngọc),139000,139000,0,0.0,0,0,Chu Ngọc,Gieobooks,Nhà Xuất Bản Phụ Nữ Việt Nam,,Bìa mềm,480.0,,Tazano Official Store,available,1000,True,True,True
270794743,Anh - Liêu Hà Trinh,132000,132000,0,0.0,0,0,Liêu Hà Trinh,AZ Việt Nam,Nhà Xuất Bản Phụ Nữ Việt Nam,,Bìa cứng,288.0,,Nhà Sách Vĩnh Thụy,available,1000,True,True,True
883438,Kiếm Chồng Đại Gia,99000,99000,0,0.0,0,0,Lam Tiểu Tịch,Ajarbook,Nhà Xuất Bản Dân Trí,,Bìa mềm,492.0,2012-09-11,Bamboo Books,available,1000,True,True,True
273406079,Tiến Về Phía Nhau - Tập 2 - Tặng Kèm Bookmark,179000,179000,0,0.0,0,0,Mạch Ngôn Xuyên,AZ Việt Nam,NXB Dân Trí,,,,,Bamboo Books,available,1000,True,True,True
225380484,Minh Nhật Tinh Trình - Tập 1,188000,188000,0,0.0,0,0,Kim Cương Quyển,Văn Lang,Nhà Xuất Bản Thế Giới,,Bìa mềm,552.0,2023-02-20,Bamboo Books,available,1000,True,True,True
276276222,Sách Khôn Ninh tập 1 - Thời Kính,239000,239000,0,0.0,0,0,,Công Ty Cổ Phần Time Books,Nhà Xuất Bản Văn Học,,Bìa mềm,520.0,,NHBook,available,1000,True,True,True
206145363,Vừa Tỉnh Dậy Thì Nghe Nói Tôi Kết Hôn Rồi - Tập 3 - Tặng Kèm Bookmark,135100,159000,15,0.0,0,2,Mộc Qua Hoàng,AZ Việt Nam,NXB Dân Trí,,,,,Nhà sách Fahasa,available,1000,True,True,True
196683909,Viên Tiên Sinh Luôn Không Vui - Tập 2 - Tặng Kèm Bookmark Chuột Hamster + Postcard,155700,179000,13,0.0,0,3,Từ Từ Đồ Chi,AZ Việt Nam,Nhà Xuất Bản Hà Nội,,,,,Nhà sách Fahasa,available,1000,True,True,True
276754400,Sách - Husky Và Sư Tôn Mèo Trắng Của Hắn - Tập 7 - Tặng Kèm Bookmark,173800,189000,8,5.0,1,11,Nhục Bao Bất Cật Nhục,ZGroup,Nhà Xuất Bản Hà Nội,,Bìa mềm,,2023-12-21,Nhà sách Fahasa,available,1000,True,True,True
162399364,AWM Tuyệt Địa Cầu Sinh,245600,289000,15,0.0,0,0,Mạn Mạn Hà Kỳ Đa,AZ Việt Nam,Nhà Xuất Bản Dân Trí,,,,,Nhà sách Fahasa,available,1000,True,True,True
262731035,Sách Vượt qua thời không để yêu anh 1,229000,229000,0,0.0,0,0,Diệp Lạc Vô Tâm,Đinh Tị,Nhà Xuất Bản Văn Học,,Bìa mềm,588.0,2023-01-02,Bamboo Books,available,1000,True,True,True
262731033,Combo: Vượt qua thời không để yêu anh ( 2 tập ),458000,458000,0,4.0,1,2,Diệp Lạc Vô Tâm,Đinh Tị,Nhà Xuất Bản Văn Học,,Bìa mềm,600.0,2023-01-04,Bamboo Books,available,1000,True,True,True
278635413,Sách - Kẹo Dâu Tây Và Tiểu Tiên Nữ Của Anh - Tập 2 - Tặng Kèm Bookmark Cán Màng Lụa Ánh Ngọc Trai,160700,196000,18,0.0,0,1,nhieu tac gia,AZ Việt Nam,Nhà Xuất Bản Lao Động,,Bìa mềm,,2023-12-21,Nhà sách Fahasa,available,1000,True,True,True
174321411,Á Nô - Tập 5 - Bản Đặc Biệt - Tặng Kèm Bookmark + Pop-up,70000,139000,50,0.0,0,0,Khương Đường,AZ Việt Nam,Nhà Xuất Bản Dân Trí,,,,,NHBook,available,1000,True,True,True
50743569,Sách Dạ Lữ Nhân - Tập 1,80300,109000,26,5.0,30,186,Triệu Hi Chi,Quảng Văn,Nhà Xuất Bản Phụ Nữ,,Bìa mềm,420.0,2020-03-01,Tiki Trading,available,1000,False,True,True
192949765,Viên Tiên Sinh Luôn Không Vui - Tập 1 - Tặng Kèm Bookmark Chuột Hamster + Postcard Chữ Ký Tác Giả,135100,159000,15,4.8,4,9,Từ Từ Đồ Chi,AZ Việt Nam,Nhà Xuất Bản Hà Nội,,,,,Nhà sách Fahasa,available,1000,True,True,True
278136472,Sách - Câu Chuyện Không Ai Biết Ấy - Tập 1,170100,189000,10,0.0,0,1,Twentine,Đinh Tị,nxb thanh nien,,Bìa mềm,,2023-12-21,Nhà sách Fahasa,available,1000,True,True,True
278685530,Sam Sam Đến Đây Ăn Nào - Bản Thông Thường -Tặng Bookmark Bế Hình (Số Lượng Có Hạn),189000,189000,0,0.0,0,0,Cố Mạn,Gieobooks,Nhà Xuất Bản Văn Học,,Bìa mềm,400.0,2025-09-24,Bamboo Books,available,1000,True,True,True
278697886,Giả Đứng Đắn (Tập 1),185000,185000,0,0.0,0,0,Chanh,Gieobooks,Nhà Xuất Bản Văn Học,,Bìa mềm,480.0,2025-09-28,Bamboo Books,available,1000,True,True,True
213886956,Thương Tiến Tửu - Tập 3,155400,169000,8,0.0,0,4,Đường Tửu Khanh,ZGroup,Nhà Xuất Bản Hà Nội,,,,,Nhà sách Fahasa,available,1000,True,True,True
187194277,Combo 2 Cuốn Ngôn Tình: Đường Gia Tiểu Miêu + All In Love - Ngập Tràn Yêu Thương (Tặng Kèm Bookmark Thiết Kế),238500,238500,0,0.0,0,2,,Đinh Tị,Nhiều Nhà Xuất Bản,,,,,AHABOOKS,available,1000,True,True,True
442740,Sách Đồn Đại Hại Chết Người Ta,116700,117900,1,5.0,1,14,Nhĩ Nhã,Quảng Văn,,,Bìa mềm,656.0,2015-07-28,Minhhabooks,available,1000,True,True,True
278529661,Sách - Siêu Cấp Cưng Chiều - Tập 6 - Tặng Kèm Bookmark Bồi Cứng 2 Mặt,177100,199000,11,0.0,0,2,nhieu tac gia,Công Ty Cổ Phần Waka,Nhà Xuất Bản Lao Động,,Bìa mềm,,2023-12-21,Nhà sách Fahasa,available,1000,True,True,True
277214569,Sách - Những kẻ mê sách (Nhã Nam HCM),198880,226000,12,0.0,0,0,Emily Henry,Nhã Nam,Nhà Xuất Bản Hà Nội,,Bìa mềm,450.0,2024-02-01,Nhã Nam HCM,available,1000,True,True,True
261003158,Sách - Vượt qua thời không để yêu anh -Combo 2 tập - Diệp Lạc Vô Tâm tặng kèm 01 bookmark,399000,399000,0,0.0,0,3,,Đinh Tị,Nhà Xuất Bản Văn Học,,,,,Nhà sách Nam Trung Yên,available,1000,True,True,True
277943845,Sách - Husky và sư tôn mèo trắng của hắn - (Trọn bộ),169000,169000,0,0.0,0,0,,Công ty Cổ Phần ZGroup,Nhà Xuất Bản Văn Học,,,,,Bảo Châu Books,available,1000,True,True,True
115773023,Sách Nếu Biết Rằng Em Cũng Yêu Anh,119200,159000,25,4.8,62,247,Ô Vân Nhiễm Nhiễm,Đinh Tị,Nhà Xuất Bản Văn Học,,Bìa mềm,396.0,2021-08-15,Tiki Trading,available,1000,True,True,True
252012237,Sơn Trà Nở Muộn (Phiên bản tặng kèm 02 bookmark và 01 postcard),248000,248000,0,0.0,0,2,Giá Oản Chúc,Đinh Tị,Nhà Xuất Bản Thanh Niên,,Bìa mềm,648.0,2023-04-14,Bamboo Books,available,1000,True,True,True
279084644,Combo 2 quyển sách Dây Châu Ngọc Bên Cành Linh Lan (trọn bộ) + Hành Lang Hai Lớp (trọn bộ) - Thanh xuân vườn trường,395200,494000,20,0.0,0,0,"Điềm Thụy, Hoa Cỏ",Công Ty Cổ Phần Time Books,Nhà Xuất Bản Văn Học,,Bìa mềm,488.0,,SÁCH TIMEBOOKS,available,1000,True,True,True
127031805,Sách-Tự Mình Cách Biệt-Hồ Anh Thái,140000,140000,0,0.0,0,2,,NXB Trẻ,NXB Trẻ,,,,,Bamboo Books,available,1000,True,True,True
198747534,Combo Bán Tinh (3 Tập) Bản Đặc Biệt Có Chữ Ký Tác Giả (Tặng Kèm Postcard + Bookmark),481350,481350,0,5.0,3,13,,Đinh Tị,Nhà Xuất Bản Văn Học,,,,,AHABOOKS,available,1000,True,True,True
202961613,Bộ Sách Bán Tinh (Bộ 3 Cuốn),564300,627000,10,5.0,9,54,Đinh Mặc,Đinh Tị,Nhà Xuất Bản Văn Học,,,,,Nhà sách Fahasa,available,1000,True,True,True
548293,Sách Ngàn Năm Chờ Đợi,45000,45000,0,0.0,0,4,Diệp Lạc Vô Tâm,Đinh Tị,Nhà Xuất Bản Thanh Niên,,Bìa mềm,176.0,2006-11-11,Phương Đông Books,available,1000,True,True,True
273789489,Trường Phong Độ: Tập 1 (Tác giả: Mặc Thư Bạch),189000,189000,0,0.0,0,0,,Công ty TNHH Thương mại và Dịch vụ Văn hóa Hà Nội,Nhà Xuất Bản Hà Nội,,Bìa mềm,500.0,2023-12-29,NHBook,available,1000,True,True,True
66067657,Sách Tấn An,120000,149000,19,5.0,78,228,,Quảng Văn,Nhà Xuất Bản Phụ Nữ Việt Nam,,Bìa mềm,456.0,2020-09-15,Tiki Trading,available,1000,False,True,True
276887129,Sách - Bởi vì tôi sẽ gọi tên em (Ngoại truyện bộ đôi Nhắn gửi) (Nhã Nam HCM),102080,116000,12,0.0,0,0,Otono Yomoji,Nhã Nam,Nhà Xuất Bản Hội Nhà Văn,,Bìa mềm,196.0,2024-03-01,Nhã Nam HCM,available,1000,True,True,True
271578961,Husky Và Sư Tôn Mèo Trắng Của Hắn - Tập 5,155400,169000,8,0.0,0,3,Nhục Bao Bất Cật Nhục,ZGroup,Nhà Xuất Bản Hà Nội,,,,,Nhà sách Fahasa,available,1000,True,True,True
247566126,Chân Trời Góc Bể (Tái Bản 2023),90000,100000,10,0.0,0,9,Diệp Lạc Vô Tâm,Đinh Tị,Nhà Xuất Bản Văn Học,,,,,Nhà sách Fahasa,available,1000,True,True,True
278425189,Sách Sự Thật Thuộc Về Em – Kẻ Lữ Hành Tuyệt Vọng,244000,289000,16,5.0,1,16,Vương Mỹ Anh,Tri Thức Trẻ Books,Nhà Xuất Bản Văn Học,,Bìa mềm,524.0,,Tiki Trading,available,1000,True,True,True
183313760,Anh - Liêu Hà Trinh (Bìa Cứng),132000,132000,0,0.0,0,1,Liêu Hà Trinh,Skybooks,Nhà Xuất Bản Đại Học Quốc Gia Hà Nội,,Bìa cứng,288.0,2021-05-05,Nhà Sách Vĩnh Thụy,available,1000,True,True,True
274532551,Bảy Năm Vẫn Ngoảnh Về Phương Bắc: Tập 8 + Tập 9 - Tặng Kèm Bookmark (Số Lượng Có Hạn),258000,258000,0,0.0,0,1,Ân Tầm,Công ty TNHH Thương mại và Dịch vụ Văn hóa Hà Nội,Nhà Xuất Bản Thanh Niên,,Bìa mềm,680.0,2024-03-18,NHBook,available,1000,True,True,True
180591153,Trọn Bộ 4 Tập Thiên Quan Tứ Phúc,634800,661250,4,5.0,8,70,,Quảng Văn,Nhà Xuất Bản Hà Nội,,,,,AHABOOKS,available,1000,True,True,True
38061318,"Combo Truyện Ngôn Tình Hấp Dẫn: Nụ Hôn Của Sói + Chờ Em Lớn Nhé, Được Không? (Bộ Truyện Bán Chạy Nhất Trong Tháng, Được Độc Gỉa Yêu Thích Nhất / Tặng Kèm Bookmark Green Life)",171850,171850,0,0.0,0,4,Diệp Lạc Vô Tâm,Đinh Tị,,,Bìa mềm,,,AHABOOKS,available,1000,True,True,True
32743708,Combo Truyện Ngôn Tình Của Diệp Lạc Vô Tâm: Mãi Mãi Là Bao Xa (Tái Bản 2019) + Nụ Hôn Của Sói (Tái Bản 2018) - (Sách Văn Học Hay Nhất /  Sách Bán Chạy / Tặng Kèm Bookmark Happylife),241350,241350,0,4.5,8,18,Diệp Lạc Vô Tâm,Đinh Tị,Nhà Xuất Bản Thanh Niên,,Bìa mềm,,,AHABOOKS,available,1000,True,True,True
253323995,Phía Trước Là Bầu Trời. Bản Đặc Biệt. Số lượng có hạn,88000,88000,0,0.0,0,0,,AZ Việt Nam,Nhà Xuất Bản Phụ Nữ,,,,,Nhà Sách Vĩnh Thụy,available,1000,True,True,True
278073664,Sách - Tình chị duyên em,177000,209000,15,0.0,0,0,Phạm Vũ Anh Thư,Công Ty Cổ Phần Waka,Nhà Xuất Bản Thế Giới,,Bìa mềm,496.0,,Sách Waka,available,1000,True,True,True
276487828,Combo 2 quyển Sách Anh Vẫn Luôn Yêu Em tập 1 + tập 2 - Mộng Tiêu Nhị,374400,468000,20,0.0,0,1,Mộng Tiêu Nhị,Công Ty Cổ Phần Time Books,Nhà Xuất Bản Văn Học,,Bìa mềm,496.0,,Tiệm Sách Thật,available,1000,True,True,True
194493672,Chuông Gió - Tập 2,175000,175000,0,5.0,1,1,,AZ Việt Nam,nxb thanh nien,,,,,Nhà sách NetaBooks,available,1000,True,True,True
278437776,Sách - Để người hiểu thấu lòng tôi,160000,189000,15,5.0,1,1,nhieu tac gia,Công Ty Cổ Phần Waka,Nhà Xuất Bản Lao Động,,Bìa mềm,440.0,,Sách Waka,available,1000,True,True,True
208634815,Husky Và Sư Tôn Mèo Trắng Của Hắn - Tập 4,155400,169000,8,5.0,1,5,Nhục Bao Bất Cật Nhục,ZGroup,Nhà Xuất Bản Hà Nội,,,,,Nhà sách Fahasa,available,1000,True,True,True
186670426,Thương Tiến Tửu - Tập 1,155400,169000,8,5.0,1,20,Đường Tửu Khanh,ZGroup,Nhà Xuất Bản Hà Nội,,,,,Nhà sách Fahasa,available,1000,True,True,True
221516868,"Đừng Nhìn Lén Nữa, Anh Cũng Thích Em",115200,128000,10,4.7,3,6,Quất Tử Thần,Đinh Tị,Nhà Xuất Bản Văn Học,,,,,Nhà sách Fahasa,available,1000,True,True,True
273896439,Hủ Nữ Gaga- Cuốn Sách Ngôn Tình Hay,135000,135000,0,0.0,0,0,,Đinh Tị,Nhà Xuất Bản Văn Học,,,,,AHABOOKS,available,1000,True,True,True
159696153,Bồ câu không đưa thư - NXB Trẻ,95000,95000,0,5.0,1,1,,NXB Trẻ,NXB Trẻ,,Bìa mềm,,,info book,available,1000,True,True,True
274544353,Mùa Xuân Ở Căn Nhà Cũ - Tặng Kèm Bookmark Bồi Cứng,209000,209000,0,0.0,0,0,Yên Bán Căn,AZ Việt Nam,Nhà Xuất Bản Văn Học,,,,,Bamboo Books,available,1000,True,True,True
279083373,Combo 2 quyển sách Dây Châu Ngọc Bên Cành Linh Lan (trọn bộ) + Quay Lại Tuổi 17 Để Cứu Rỗi Chính Mình (trọn bộ) - Thanh xuân vườn trường,408000,510000,20,0.0,0,0,"Điềm Thụy, Hoa Di",Công Ty Cổ Phần Time Books,Nhà Xuất Bản Văn Học,,Bìa mềm,488.0,,SÁCH TIMEBOOKS,available,1000,True,True,True
274284960,Cuốn Sách Ngôn Tình Hay-Chỉ Cần Lòng Mình Có Nắng,75000,75000,0,0.0,0,0,,Công Ty TNHH Văn Hóa Và Truyền Thông Skybooks Việt Nam,NXB Dân Trí,,,,,AHABOOKS,available,1000,True,True,True
274532463,Sách Làm Quản Lý Cho Bạn Thân Thuở Nhỏ (Đam Mỹ)  - Bản Quyền,124000,124000,0,0.0,0,0,,Skybooks,Nhà Xuất Bản Dân Trí,,,,,NHBook,available,1000,True,True,True
98686182,Tìm em giữa ngàn sao lấp lánh (trọn bộ 2 tập),270750,285000,5,5.0,4,13,,An Nam Books,Nhà Xuất Bản Hội Nhà Văn,,Bìa mềm,780.0,2021-05-15,SÁCH ĐẠI NAM,available,1000,True,True,True
278451309,Nếu Ánh Trăng Không Ôm Lấy Em - Bản Quyền,269000,269000,0,0.0,0,0,Lục Mang Tinh,Bách Việt,NXB Dân Trí,,Bìa mềm,688.0,2025-08-01,Bamboo Books,available,1000,True,True,True
133823648,Sự Cám Dỗ Cuối Cùng - Diệp Lạc Vô Tâm,146000,146000,0,0.0,0,2,Diệp Lạc Vô Tâm,Đinh Tị,Nhà Xuất Bản Văn Học,,Bìa mềm,624.0,,Bamboo Books,available,1000,True,True,True
36313840,Hẹn Đẹp Như Mơ (Tái Bản 2019) - Tặng Kèm Bookmark + Postcard (Số Lượng Có Hạn),129000,129000,0,4.5,15,80,Phỉ Ngã Tư Tồn,NXB Văn Học,,,,,,Nhà sách Nam Trung Yên,available,1000,True,True,True
276117560,Ngày Xưa Có Một Chuyện Tình - Bản Quyền,135000,135000,0,0.0,0,0,Nguyễn Nhật Ánh,NXB Trẻ,NXB Trẻ,,Bìa mềm,296.0,2024-09-11,Gooda Official,available,1000,True,True,True
275787091,Sách Anh Vẫn Luôn Yêu Em - tập 1 - Mộng Tiêu Nhị,187780,229000,18,0.0,0,3,Mộng Tiêu Nhị,Công Ty Cổ Phần Time Books,nxb van hoc,,Bìa mềm,488.0,,SÁCH TIMEBOOKS,available,1000,True,True,True
278833464,Sách Ngũ Hành Của Tôi Thiếu Em tập 1 ( zroup),179000,179000,0,0.0,0,0,Nguyễn Anh Hoàng,Công ty Cổ Phần ZGroup,NXB Dân Trí,,,,,Bảo Châu Books,available,1000,True,True,True
159785708,TÊN CÔ ẤY LÀ,138000,138000,0,0.0,0,0,Cho Nam Joo,Nhã Nam,Nhà Xuất Bản Hà Nội,,Bìa mềm,260.0,2021-11-30,info book,available,1000,True,True,True
50581618,Combo Cảo Thơm Lần Giở (2 Tập),250000,250000,0,0.0,0,2,Hữu Ngọc,Nhà Xuất Bản Kim Đồng,Nhà Xuất Bản Kim Đồng,,Bìa mềm,,2020-03-02,Bamboo Books,available,1000,True,True,True
273129192,Tiến Về Phía Nhau - Tập 1 - Tặng Kèm Bookmark,174000,174000,0,0.0,0,0,Mạch Ngôn Xuyên,Công ty TNHH Tazano,NXB Dân Trí,,Bìa mềm,480.0,2023-10-26,Bamboo Books,available,1000,True,True,True
273121251,Sách Tiến Về Phía Nhau (Tập 1) - Bản Quyền,174000,174000,0,0.0,0,1,,Skybooks,Nhà Xuất Bản Dân Trí,,,,,NHBook,available,1000,True,True,True
600384,"Sách Anh Đã Từng Yêu Em, Nghĩ Lại Thấy Đau Lòng",162000,162000,0,2.0,2,100,Tự Do Cực Quang,Limbooks,,,Bìa mềm,544.0,2017-04-15,HanoiBooks,available,1000,True,True,True
102412528,Sách Môn Đồ - Rồng Nhỏ Tương Tư (Tập 5),109000,119000,8,4.8,147,351,"Tiểu Xuyên Công Tử, Manh A Công Tử",Hcomic,Nhà Xuất Bản Thế Giới,,Bìa mềm,224.0,2021-06-15,Tiki Trading,available,1000,False,True,True
164077916,Sách Cuốn theo chiều gió - Minh Thắng,215100,217300,1,0.0,0,2,,Nhà sách Minh Thắng,Nhà Xuất Bản Văn Học,,,,,Minhhabooks,available,1000,True,True,True
197687383,Chuông Gió - Tập 3,147900,174000,15,0.0,0,5,Vĩ Ngư,AZ Việt Nam,nxb thanh nien,,,,,Nhà sách Fahasa,available,1000,True,True,True
276458463,Showbiz Là Của Tôi - Tập 2 - Tặng Kèm Bookmark,133200,222000,40,0.0,0,0,Xuân Đao Hàn,AZ Việt Nam,Nhà Xuất Bản Văn Học,,Bìa mềm,,2023-12-21,Nhà sách Fahasa,available,1000,True,True,True
276545304,Sách - Phấn hoa lầu xanh (tái bản),70200,108000,35,0.0,0,1,Tào Đình,Bách Việt,Nhà Xuất Bản Văn Học,,Bìa mềm,280.0,,Sách Bách Việt,available,1000,True,True,True
278585026,Công Viên Nhỏ: Tập 1 - Tặng Kèm Bookmark (Số Lượng Có Hạn),229000,229000,0,0.0,0,0,Mai Tử Đao,Gieobooks,NXB Dân Trí,,Bìa mềm,496.0,2025-08-28,Bamboo Books,available,1000,True,True,True
271372138,Đã Nhiều Năm Như Thế - Tập 1,160000,160000,0,0.0,0,3,,Công Ty TNHH Văn Hóa Và Truyền Thông Skybooks Việt Nam,Nhà Xuất Bản Phụ Nữ Việt Nam,,,,,NHBook,available,1000,True,True,True
279269424,Sách - Xuân Khởi - Bản Đặc Biệt - Tặng Kèm Bookmark + Postcard + Standee,213200,248000,14,0.0,0,0,Kim Bính,Đinh Tị,Nhà Xuất Bản Văn Học,,Bìa mềm,,2023-12-21,Nhà sách Fahasa,available,1000,True,True,True
249569916,Sách - Kiếp Người Vĩnh Cửu Và Vô Thường - AZbook,79000,79000,0,0.0,0,0,,Không có,Không có,,,,,info book,available,1000,True,True,True
213676649,Gửi Thời Thanh Xuân Tươi Đẹp Của Chúng Ta - Bản Quyền,149000,149000,0,0.0,0,0,,1980 Books,Nhà Xuất Bản Thanh Niên,,Bìa mềm,,,Nhà Sách Vĩnh Thụy,available,1000,True,True,True
192783666,Gửi Thanh Xuân Tươi Đẹp Của Chúng Ta,149000,149000,0,0.0,0,0,,1980 Books,Nhà Xuất Bản Đại Học Quốc Gia Hà Nội,,,,,Nhà Sách Vĩnh Thụy,available,1000,True,True,True
230316956,Chuyện tình đích thực siêu buồn,119000,119000,0,0.0,0,0,,Nhã Nam,Nhà Xuất Bản Hội Nhà Văn,,,,,info book,available,1000,True,True,True
278053664,Thời Gian Còn Sót Lại - Tặng Bookmark (Số Lượng Có Hạn),148000,148000,0,0.0,0,0,,Gieobooks,Nhà Xuất Bản Văn Học,,Bìa mềm,365.0,2025-06-01,Tazano Official Store,available,1000,True,True,True
275928719,Tôi Đến Từ Thế Giới Song Song - Tập 3,246000,246000,0,0.0,0,0,Tây Tây Đặc,Công ty TNHH Thương mại và Dịch vụ Văn hóa Hà Nội,Nhà Xuất Bản Hà Nội,,Bìa mềm,452.0,2024-08-16,NHBook,available,1000,True,True,True
279258628,Quán Cơm Tỳ Hưu Chỉ Có Vào Không Có Ra (Phiên Bản Toàn Tập) - 801 Bản Quyền,999000,999000,0,0.0,0,0,Hải Kinh Lạc,Cty Sách Trí Tuệ Việt,Nhà xuất bản Kinh tế tài chính,,Bìa cứng,,2026-03-23,Bảo Châu Books,available,1000,True,True,True
186455009,TRÚC THƯ DAO 2 (NƯỚC TẤN - GIÓ NỔI CUNG ĐÌNH),219000,219000,0,0.0,0,0,,Nhã Nam,Nhiều Nhà Xuất Bản,,,,,Bamboo Books,available,1000,True,True,True
242443929,Sách - Rừng Na Uy (TB 2021),180000,180000,0,0.0,0,0,,Không có,Không có,,,,,info book,available,1000,True,True,True
230316968,Chuyện tình đích thực siêu buồn,119000,119000,0,0.0,0,0,,Nhã Nam,Nhà Xuất Bản Hội Nhà Văn,,,,,info book,available,1000,True,True,True
214932889,"SÁCH - Nội tình của ngoại tình, Nội tình sau hôn nhân (Bộ)",420000,420000,0,0.0,0,0,,Không có,Không có,,,,,HỆ THỐNG NHÀ SÁCH ABC,available,1000,True,False,True
186578233,Sách Trúc thư dao 2 (Nước Tấn - Gió nổi cung đình),168630,219000,23,4.8,53,299,Văn Giản Tử,Nhã Nam,Nhà Xuất Bản Hà Nội,,Bìa mềm,648.0,2022-06-01,Tiki Trading,available,1000,False,True,True
56336299,Sách Du Long Tùy Nguyệt (Tập 1-2)(Tặng Kèm: 2 Bookmak),203000,279000,27,4.7,146,448,Nhĩ Nhã,Owlbooks,Nhà Xuất Bản Hà Nội,,Bìa mềm,868.0,2020-06-16,Tiki Trading,available,1000,False,True,True
214775112,Vệ Sĩ Tạm Thời - Tập 1 - Bản Đặc Biệt Kèm Bìa Áo - Tặng Kèm Bookmark Bồi Cứng Hai Mặt + Postcard + Lót ly Acrylic,233100,259000,10,0.0,0,0,Lục Dã Thiên Hạc,AZ Việt Nam,Nhà Xuất Bản Hà Nội,,,,,Nhà sách Fahasa,available,1000,True,True,True
278092911,Sách - Điều Tuyệt Vời Nhất Của Thanh Xuân - Tập 1 - Tặng Kèm Bookmark Bế Khuôn Tròn,161000,175000,8,0.0,0,0,,Skybooks,Nhà Xuất Bản Phụ Nữ Việt Nam,,Bìa mềm,,2023-12-21,Nhà sách Fahasa,available,1000,True,True,True
278529665,Sách - Siêu Cấp Cưng Chiều - Tập 5 - Tặng Kèm Bookmark Bồi Cứng 2 Mặt,177100,199000,11,0.0,0,2,nhieu tac gia,Công Ty Cổ Phần Waka,Nhà Xuất Bản Lao Động,,Bìa mềm,,2023-12-21,Nhà sách Fahasa,available,1000,True,True,True
279257320,Sách Sự thật thuộc về em - Kẻ lữ hành tuyệt vọng,271200,274000,1,0.0,0,0,Vương Mỹ Anh,HaNoi Books,Nhà Xuất Bản Văn Học,,,,,Minhhabooks,available,1000,True,True,True
54929742,"Combo 2 Cuốn Ngôn Tình Hoa Ngữ: Em Vốn Thích Cô Độc, Cho Đến Khi Có Anh + All In Love - Ngập Tràn Yêu Thương (Bộ Sách Hay Nhất Tái Bản 2020)",212250,212250,0,4.5,4,29,"Diệp Lạc Vô Tâm, Cố Tây Tước",Đinh Tị,Nhà Xuất Bản Văn Học,,Bìa mềm,,,Phương Đông Books,available,1000,True,True,True
15180927,Combo Anh Có Thiếu Người Yêu Không + Em Luôn Đúng Em Yêu,279000,279000,0,0.0,0,2,"Ngô Đồng Tư Ngữ, Dung Quang",Bách Việt,,,Bìa mềm,,2019-03-01,Nhà sách Nam Trung Yên,available,1000,True,True,True
279112957,Combo 2 quyển sách Dây Châu Ngọc Bên Cành Linh Lan (trọn bộ) + Hành Lang Hai Lớp (trọn bộ) - Thanh xuân vườn trường,395200,494000,20,0.0,0,0,nhieu tac gia,Công Ty Cổ Phần Time Books,Nhà Xuất Bản Văn Học,,Bìa mềm,488.0,,Tiệm Sách Thật,available,1000,True,True,True
201308330,Sách - Kì quan thiên nhiên,145000,145000,0,0.0,0,1,,Nhà Xuất Bản Kim Đồng,Nhà Xuất Bản Kim Đồng,,,,,Bamboo Books,available,1000,True,True,True
278836317,Đường Mộc Vẫn Thế (Tác giả: Mễ Hoa),176000,176000,0,0.0,0,0,Mễ Hoa,Gieobooks,Nhà Xuất Bản Văn Học,,Bìa mềm,360.0,2025-11-02,Tazano Official Store,available,1000,True,True,True
275240466,Combo Sách Trường Phong Độ - tập 1 + tập 2,302640,388000,22,0.0,0,6,Mặc Thư Bạch,Timebooks,Nhà Xuất Bản Hà Nội,,Bìa mềm,496.0,,SÁCH TIMEBOOKS,available,1000,True,True,True
248897971,Gió Nam Hiểu Lòng Tôi (Bộ 2 Tập),249000,249000,0,0.0,0,0,,Bách Việt,Nhà Xuất Bản Hồng Đức,,,,,Bamboo Books,available,1000,True,True,True
278577435,Nếu Ánh Trăng Không Ôm Lấy Em,269000,269000,0,0.0,0,0,Lục Mang Tinh,Bách Việt,NXB Dân Trí,,Bìa mềm,688.0,2025-08-27,Nhà sách NetaBooks,available,1000,True,True,True
278278693,Sách - Vãn hương quy lộ,254000,299000,15,0.0,0,0,,Công Ty Cổ Phần Waka,Nhà Xuất Bản Thế Giới,,Bìa mềm,396.0,,Sách Waka,available,1000,True,True,True
276077528,Sách Showbiz Là Của Tôi,195000,222000,12,4.8,8,52,Xuân Đao Hàn,Blue.Books,Nhà Xuất Bản Văn Học,,Bìa mềm,440.0,,Tiki Trading,available,1000,False,True,True
276555854,Sách - Tiệm bánh chuối hạnh phúc (Nhã Nam HCM),105600,120000,12,0.0,0,1,Yamaguchi Eiko,Nhã Nam,Nhà Xuất Bản Hà Nội,,Bìa mềm,232.0,2024-01-01,Nhã Nam HCM,available,1000,True,True,True
278833605,Sách - Tuần trăng mật (Patrick Modiano) (Nhã Nam HCM),112000,112000,0,0.0,0,0,Patrick Modiano,Nhã Nam,Nhà Xuất Bản Hà Nội,,Bìa mềm,188.0,2025-10-30,info book,available,1000,True,True,True
10189330,Ánh Sáng Vô Hình (Tái bản),181500,181500,0,5.0,8,27,Anthony Doerr,Quảng Văn,Nhiều Nhà Xuất Bản,,Bìa mềm,432.0,2018-03-01,AHABOOKS,available,1000,True,True,True
269894947,Hôn Nhân Đã Qua ,118400,148000,20,4.0,1,5,Hân Hân Hướng Vinh,NS Hương Giang,Nhà Xuất Bản Văn Học,,Bìa mềm,560.0,2023-07-05,Nhà sách Hương Giang,available,1000,True,True,True
72092779,"Combo 2 Tập Uống Nhầm Một Ánh Mắt, Cơn Say Theo Cả Đời",258000,258000,0,0.0,0,0,Lạc Vi Gian Mỗ Mỗ,Đinh Tị,Nhà Xuất Bản Văn Học,,Bìa mềm,,,Bamboo Books,available,1000,True,True,True
278833479,Sách Nông Trường Kỳ Ảo - tập 1,189000,189000,0,0.0,0,0,Nguyễn Anh Hoàng,Công ty Cổ Phần ZGroup,Nhà Xuất Bản Hà Nội,,Bìa mềm,,,Bảo Châu Books,available,1000,True,True,True
56207377,"Sách Minh Kính Đài (Tặng Kèm: 1 Lót Ly, 1 Bookmak)",92000,149000,38,4.6,156,469,Neleta,Owlbooks,Nhà Xuất Bản Hà Nội,,Bìa mềm,448.0,2020-06-08,Tiki Trading,available,1000,False,True,True
54924762,"Combo Tiểu Thuyết Lãng Mạn Hấp Dẫn Của Tác Giả CỐ TÂY TƯỚC: Xin Lỗi, Anh Nhận Nhầm Người + All in love - Ngập Tràn Yêu Thương (Tái bản 2020) / Top những cuốn ngôn tình thu hút bạn đọc",205500,205500,0,0.0,0,0,Cố Tây Tước,Đinh Tị,Nhà Xuất Bản Văn Học,,Bìa mềm,,,AHABOOKS,available,1000,True,True,True
187852607,Combo 2 cuốn Tiểu Thuyết Ngôn Tình : Em Sẽ Đến Cùng Cơn Mưa (Tái Bản) + Hẹn Đẹp Như Mơ,239500,239500,0,0.0,0,5,,Nhiều công ty phát hành,Nhiều Nhà Xuất Bản,,,,,Phương Đông Books,available,1000,True,True,True
390192,Sách Đạo Tình - Tập 1,130600,132000,1,4.0,1,13,Chu Ngọc,Quảng Văn,,,Bìa mềm,480.0,2014-02-13,Minhhabooks,available,1000,True,True,True
278830701,Sách - Bộ Sách Là Họa Không Thể Tránh - Tập 1 + Tập 2 (Bộ 2 Tập) - Tặng Kèm 2 Bookmark,350000,350000,0,0.0,0,0,nhieu tac gia,Skybooks,Nhà Xuất Bản Phụ Nữ Việt Nam,,Bìa mềm,,2023-12-21,Bamboo Books,available,1000,True,True,True
274711637,Combo Ác Ma Triệu Hồi - Bản Đặc Biệt (Linh Lan) (Bộ 2 Cuốn) ,315000,315000,0,0.0,0,0,Nhất Mai Đồng Tiền,Linh Lan Books,Nhà Xuất Bản Phụ Nữ Việt Nam,,Bìa mềm,956.0,,SÁCH ĐẠI NAM,available,1000,True,True,True
390193,Sách Đạo Tình - Tập 2,120700,132000,9,0.0,0,1,Chu Ngọc,Quảng Văn,,,Bìa mềm,480.0,2014-02-13,Minhhabooks,available,1000,True,True,True
192949900,Cảm Ơn Bác Sĩ,170100,189000,10,4.8,5,17,Sênh Ly,Đinh Tị,Nhà Xuất Bản Văn Học,,,,,Nhà sách Fahasa,available,1000,True,True,True
278595345,Vợ Chồng Siêu Sao Thật Ngọt Ngào: Tập 2 - Tặng Bookmark Cán Màng Lụa Ánh Ngọc Trai (Số Lượng Có Hạn),229000,229000,0,0.0,0,0,Đồ Dạng Tiên Sâm,Gieobooks,NXB Dân Trí,,Bìa mềm,496.0,2025-09-03,Bamboo Books,available,1000,True,True,True
279103623,Sách - Biến số tình yêu (Helen Hoang) (Nhã Nam HCM),181280,206000,12,0.0,0,0,Helen Hoang,Nhã Nam,Nhà Xuất Bản Phụ Nữ Việt Nam,,Bìa mềm,356.0,2026-01-16,Nhã Nam HCM,available,1000,True,True,True
19349142,"Sách Và Thế Là , Anh Đợi Em Suốt Một Thế Kỷ",156000,168000,7,3.8,6,117,Cửu Nguyệt Hy,DuCaBooks,Nhà Xuất Bản Hà Nội,,Bìa mềm,451.0,2019-06-01,Tiki Trading,available,1000,False,True,True
278866228,Sách - Một chuyện tình hài (Emily Henry) (Nhã Nam Official),219000,219000,0,0.0,0,0,Emily Henry,Nhã Nam,Nhà Xuất Bản Hà Nội,,Bìa mềm,432.0,,info book,available,1000,True,True,True
274459134,Sách Ác Ma Triệu Hồi,125300,198000,37,5.0,1,23,Nhất Mai Đồng Tiền,Linh Lan Books,Nhà Xuất Bản Phụ Nữ,,Bìa mềm,480.0,,Tiki Trading,available,1000,False,True,True
186670223,Thiên Quan Tứ Phúc - Tập 5,152100,169000,10,5.0,2,14,Mặc Hương Đồng Khứu,ZGroup,Nhà Xuất Bản Hà Nội,,,,,Bảo Châu Books,available,1000,True,True,True
161945392,Sách - Hồ Chí Minh biên niên tiểu sử (Trọn bộ 10 tập),1600000,1600000,0,0.0,0,1,,Nhà Xuất Bản Chính Trị Quốc Gia Sự Thật,Nhà Xuất Bản Chính Trị Quốc Gia Sự Thật,,,,,Nhà Sách Lao Động,available,1000,True,True,True
276471620,Sách Môi Em Ngọt Thế Sao Tình Mình Lại Cay,76000,95000,20,4.7,3,15,Dạ Hi,Glow Books,Nhà Xuất Bản Dân Trí,,Bìa mềm,176.0,,Tiki Trading,available,1000,False,True,True
278095862,"Combo Điều Tuyệt Vời Nhất Của Thanh Xuân - Tập 1 + Tập 2 - Bản Đặc Biệt - Tặng Bookmark, 2 Postcard (Số Lượng Có Hạn)",359000,359000,0,0.0,0,0,Bát Nguyệt Trường An,Gieobooks,Nhà Xuất Bản Phụ Nữ Việt Nam,,Bìa mềm,968.0,2025-06-10,Tazano Official Store,available,1000,True,True,True
176845410,GỬI EM CỦA HÔM QUA,99000,99000,0,0.0,0,0,Gari,Nhà Xuất Bản Đại Học Quốc Gia Hà Nội,Nhà Xuất Bản Đại Học Quốc Gia Hà Nội,,Bìa mềm,184.0,2022-04-25,Nhà Sách Vĩnh Thụy,available,1000,True,True,True
263588449,"Người là biển rộng, kẻ là mặt trời",149000,149000,0,0.0,0,0,,AZ Việt Nam,Nhà Xuất Bản Thế Giới,,,,,Nhà Sách Vĩnh Thụy,available,1000,True,True,True
146250257,NHIỆT HUYẾT THANH XUÂN,169000,169000,0,0.0,0,0,Lý Hành Kiện,AZ Việt Nam,Nhà Xuất Bản Phụ Nữ,,Bìa mềm,432.0,2021-03-04,Nhà Sách Vĩnh Thụy,available,1000,True,True,True
178263291,Anh - Liêu Hà Trinh (Bìa Cứng),132000,132000,0,0.0,0,0,Liêu Hà Trinh,Nhà Xuất Bản Đại Học Quốc Gia Hà Nội,Nhà Xuất Bản Đại Học Quốc Gia Hà Nội,,,,,Nhà Sách Vĩnh Thụy,available,1000,True,True,True
74883261,"Combo Anh Là Tất Cả Những Gì Em Ghét Nhất+Lấy Người Mình Yêu, Làm Điều Mình Thích",180500,180500,0,0.0,0,0,,Quảng Văn,Nhiều Nhà Xuất Bản,,,,,AHABOOKS,available,1000,True,True,True
248805965,Combo 2Q Tiểu Thuyết Ngôn Tình Lãng Mạn: Sự Dịu Dàng Khó Cưỡng - Diệp Lạc Vô Tâm + Một Thoáng Ta Rực Rỡ Ở Nhân Gian,219500,219500,0,0.0,0,0,,Nhã Nam,Nhiều Nhà Xuất Bản,,,,,Phương Đông Books,available,1000,True,True,True
273197807,Đã Nhiều Năm Như Thế - Tập 3 - Tặng Kèm Bookmark,155000,155000,0,0.0,0,2,Bát Nguyệt Trường An,Skybooks,Nhà Xuất Bản Phụ Nữ Việt Nam,,,,,NHBook,available,1000,True,True,True
275679005,Cưng Chiều Anh Thêm Chút Nữa - Tặng Kèm Bookmark Bồi Cứng,185000,185000,0,0.0,0,0,Trúc Dĩ,AZ Việt Nam,Nhà Xuất Bản Văn Học,,,,,Bamboo Books,available,1000,True,True,True
106996496,Trấn Hồn - Tập 3,138500,149000,7,4.8,11,22,Priest,ZGroup,Nhà Xuất Bản Hà Nội,,,,,Nhà sách Fahasa,available,1000,True,True,True
277488666,Sách - Tên cô ấy là (Nhã Nam HCM),121440,138000,12,0.0,0,0,Cho Nam Joo,Nhã Nam,Nhà Xuất Bản Hà Nội,,Bìa mềm,260.0,2021-11-01,Nhã Nam HCM,available,1000,True,True,True
204302054,Bán Tinh - Tập 2,179100,199000,10,0.0,0,5,Đinh Mặc,Đinh Tị,Nhà Xuất Bản Văn Học,,,,,Nhà sách Fahasa,available,1000,True,True,True
51518590,Xin Lỗi Anh Nhận Nhầm Người - Tặng Kèm Postcard,114500,114500,0,0.0,0,1,Cố Tây Tước,Đinh Tị,Nhà Xuất Bản Văn Học,,,,,Phương Đông Books,available,1000,True,True,True
98599016,Sách “Cơ Trưởng” Thực Tập,160200,178000,10,5.0,6,25,,Đinh Tị,Nhà Xuất Bản Văn Học,,Bìa mềm,572.0,2021-05-01,Nhà sách Fahasa,available,1000,True,True,True
38061458, Combo Ngôn Tình Bán Chạy 2019:  Mãi Mãi Là Bao Xa + Chờ Em Lớn Nhé Được Không? (Bộ 2 Cuốn Sách Hay Nhất Của Diệp Lạc Vô Tâm / Tặng Kèm Bookmark Green Life),209500,209500,0,5.0,13,23,Diệp Lạc Vô Tâm,Đinh Tị,Nhà Xuất Bản Thanh Niên,,Bìa mềm,,,Phương Đông Books,available,1000,True,True,True
273980035,"Chỉ Muốn Thương Anh, Chiều Anh, Nuôi Anh",259000,259000,0,0.0,0,0,Túy Hậu Ngư Ca,Đinh Tị,Nhà Xuất Bản Văn Học,,Bìa mềm,584.0,,Nhân Văn,available,1000,True,True,True
274724602,Sách - MÙA HÈ CÙNG NGƯỜI LẠ ( BV 2024),132000,139000,5,0.0,0,0,Ngô Thế Vinh - dịch,Bách Việt,Nhà Xuất Bản Văn Học,,Bìa mềm,252.0,2024-04-08,Alpha Books Official,available,1000,True,True,True
208097099,Thiên Quan Tứ Phúc - Tập 7,152100,169000,10,0.0,0,2,Mặc Hương Đồng Khứu,ZGroup,Nhà Xuất Bản Hà Nội,,,,,Bảo Châu Books,available,1000,True,True,True
146223877,Sói Và Dương Cầm - Tập 2 (Tái Bản 2021),97200,108000,10,5.0,9,30,Diệp Lạc Vô Tâm,Đinh Tị,nxb van hoc,,,,,Nhà sách Fahasa,available,1000,True,True,True
202529678,Sách - Tuổi 40 Yêu Dấu ( Tản Văn ) - NXB Trẻ,110000,110000,0,0.0,0,1,,NXB Trẻ,NXB Trẻ,,,,,FishingBook,available,1000,True,True,True
208226947,Thương Ly,180000,180000,0,0.0,0,0,,CÔNG TY CỔ PHẦN VĂN HOÁ TRUYỀN THÔNG SEN VIỆT,Nhà Xuất Bản Văn Học,,,,,Nhà Sách Đinh Lễ,available,1000,True,True,True
278796540,Đôi “Bạn” Cùng Tiến: Tập 1 - Tặng Kèm Bookmark Bồi Cứng (Số Lượng Có Hạn),205000,205000,0,0.0,0,0,Đại Bông,Gieobooks,NXB Dân Trí,,Bìa mềm,456.0,2025-10-23,Tazano Official Store,available,1000,True,True,True
273946432,Shipper Lục Giới - Nhất Mai Đồng Tiền ( Tặng Kèm Bookmark + 4 Postcard ),219000,219000,0,0.0,0,1,Nhất Mai Đồng Tiền,Cty Linh Lan,Nhà Xuất Bản Lao Động,,Bìa mềm,464.0,2024-01-15,NHBook,available,1000,True,True,True
1065088,Combo Phù Dao Hoàng Hậu 3A Và 3B,200000,200000,0,5.0,2,6,Thiên Hạ Quy Nguyên,Pavicobooks,,,Bìa mềm,,2017-10-27,Nhà sách Nam Trung Yên,available,1000,True,False,True
279001760,Kẻ Thù Vừa Ngọt Vừa Bám Người: Tập 1 - Tặng Kèm Bookmark Giấy 2 Mặt (Số Lượng Có Hạn),155000,155000,0,0.0,0,0,Phong Cửu,Gieobooks,Nhà Xuất Bản Hà Nội,,Bìa mềm,360.0,2025-12-24,Bamboo Books,available,1000,True,True,True
273712355,Trường Phong Độ - tập 1,189000,189000,0,0.0,0,0,,Công Ty Cổ Phần Time Books,Nhà Xuất Bản Hà Nội,,Bìa mềm,500.0,,NHBook,available,1000,True,True,True
277441513,Sách Vaccine Tình Yêu,160000,250000,36,5.0,1,5,TH. Lê,Thái Hà,Nhà Xuất Bản Văn Học,,,624.0,,Tiki Trading,available,1000,False,True,True
202961571,Chuông Gió - Tập 4,147900,174000,15,5.0,2,17,Vĩ Ngư,AZ Việt Nam,nxb thanh nien,,,,,Nhà sách Fahasa,available,1000,True,True,True
2438587,Sách Trúc Mã Là Sói (Tái Bản 2018),105000,105000,0,5.0,2,10,Mèo Lười Ngủ Ngày,Đinh Tị,,,Bìa mềm,508.0,,Nhà sách Nam Trung Yên,available,1000,True,True,True
146223814,Anh Đến Từ Bên Ngoài Thời Gian,152100,169000,10,0.0,0,1,Huyền Mặc,Đinh Tị,nxb van hoc,,,,,Nhà sách Fahasa,available,1000,True,True,True
50419187,"Combo Sách Bán Chạy Diệp Lạc Vô Tâm  Và Cố Tây Tước: Chân Trời Góc Bể + Tháng Năm Có Anh, Kí Ức Thành Hoa ",190000,190000,0,0.0,0,0,,Đinh Tị,Nhà Xuất Bản Văn Học,,Bìa mềm,,,AHABOOKS,available,1000,True,True,True
275362331,Truyện Ngôn Tình: Chuyện Tình Cây Liễu (Trọn Bộ 2 Tập),272000,272000,0,0.0,0,0,,AZ Việt Nam,NXB Dân Trí,,,,,NHBook,available,1000,True,True,True
276295569,Combo Sách Khôn Ninh tập 1 + Trường Phong Độ tập 1 + Trường Phong Độ tập 2,302640,388000,22,0.0,0,2,,Công Ty Cổ Phần Time Books,nxb van hoc,,Bìa mềm,520.0,,SÁCH TIMEBOOKS,available,1000,True,True,True
252073275,Sách - Cảo Thơm Lần Giở (bộ 2 quyển) - Hữu Ngọc,102000,102000,0,0.0,0,6,Hữu Ngọc,Nhà Xuất Bản Kim Đồng,Nhà Xuất Bản Kim Đồng,,Bìa mềm,,2020-03-02,Tiệm Sách Minh Vân,available,1000,True,True,True
275821917,Thầy Sờ Cốt - Tập 2 (Tác giả: Nhất Cố Tử Căng),180500,190000,5,0.0,0,0,Nhất Cố Tử Căng,Linh Lan Books,NXB Dân Trí,,Bìa mềm,432.0,2024-08-01,Cá Chép Bookstore,available,1000,True,True,True
278691510,"Hẹn Gặp Lại, Quốc Vương Của Tôi: Tập 4 - Tặng Kèm Set Sticker (Số Lượng Có Hạn)",179000,179000,0,0.0,0,1,Ôn Viễn,Gieobooks,NXB Dân Trí,,Bìa mềm,260.0,2025-09-25,Tazano Official Store,available,1000,True,True,True
192950921,Quỷ Giá,135100,159000,15,5.0,1,4,Công Tử Hoan Hỉ,AZ Việt Nam,Nhà Xuất Bản Hà Nội,,,,,Nhà sách Fahasa,available,1000,True,True,True
147651063,Tiểu thuyết ảnh hậu tái sinh,128000,160000,20,0.0,0,2,Mị Bảo,NS Hương Giang,nxb thoi dai,,Bìa mềm,600.0,2021-12-08,Nhà sách Hương Giang,available,1000,True,True,True
274704007,Vẽ Em Bằng Màu Nỗi Nhớ (Tái Bản 2024),123600,149000,17,0.0,0,0,Tâm Phạm,Bách Việt,NXB Dân Trí,,,,,Nhà sách Fahasa,available,1000,True,True,True
247892478,Sách Bên Ngoài Thế Giới Anh Yêu Em,96000,96000,0,0.0,0,0,,Không có,Không có,,,,,Pandabooks Hiệu Sách,available,1000,True,False,True
178460957,An Yên Yêu,99000,99000,0,0.0,0,0,Susan Piver,Nhà Xuất Bản Đại Học Quốc Gia Hà Nội,Nhà Xuất Bản Đại Học Quốc Gia Hà Nội,,Bìa mềm,226.0,,info book,available,1000,True,True,True
189468623,Nỗi Nhớ Anh Hóa Một Tòa Thành (Trọn Bộ 2 Tập),258000,258000,0,0.0,0,2,Quân Tử Dĩ Trạch,Saigon Books,Nhà Xuất Bản Đại Học Quốc Gia Hà Nội,,Bìa mềm,,2020-03-04,HỆ THỐNG NHÀ SÁCH ABC,available,1000,True,True,True
115254487,Sách - Người Gieo Hy Vọng ( Tặng Postcard ),119000,119000,0,0.0,0,0,,Thái Hà,Nhà Xuất Bản Lao Động,,,,,info book,available,1000,True,True,True
242501046,"Yêu Em Bằng Mắt, Giữ Em Bằng Tim",175000,175000,0,0.0,0,0,,Bloomsbury Childrens - NXB Trẻ,NXB Trẻ,,,,,Nhà Sách Vĩnh Thụy,available,1000,True,True,True
276427480,Combo 2 quyển Sách Cuộc Đời Vô Vị Thế Phải Yêu Em + Tôi Bị Cảm Hóa Ra Là Do Em,108000,135000,20,0.0,0,3,nhieu tac gia,Công Ty Cổ Phần Time Books,Nhà Xuất Bản Phụ Nữ Việt Nam,,Bìa mềm,232.0,,Tiệm Sách Thật,available,1000,True,True,True
109295429,"Sách - Thiên Tài Bên Trái, Kẻ Điên Bên Phải (Tái Bản 2021)",179000,179000,0,0.0,0,0,,AZ Việt Nam,Nhà Xuất Bản Thế Giới,,,,,info book,available,1000,True,True,True
275620487,"Tôi Đến Từ Thế Giới Song Song - Tập 2 (Tặng Postcard, Bookmark 2 Mặt Bồi Cứng) - Số Lượng Có Hạn",246000,246000,0,0.0,0,0,Tây Tây Đặc,Công ty TNHH Thương mại và Dịch vụ Văn hóa Hà Nội,Nhà Xuất Bản Hà Nội,,Bìa mềm,468.0,2024-07-16,NHBook,available,1000,True,True,True
55240778,Combo Ngôn Tình Hoa Ngữ Đặc Sắc: Sự Cám Dỗ Cuối Cùng + Hẹn Đẹp Như Mơ + Như Chỉ Mới Hôm Qua (Top Tiểu Thuyết Được Bạn Đọc Yêu Thích Nhất),400250,400250,0,0.0,0,5,"Phỉ Ngã Tư Tồn, Diệp Lạc Vô Tâm",Quang Van Books,Nhà Xuất Bản Văn Học,,Bìa mềm,,,AHABOOKS,available,1000,True,True,True
278303822,Gió Hát Trên Đồi - Tặng Kèm Bookmark (Số Lượng Có Hạn),205000,205000,0,0.0,0,0,Ngọc Bắc Khanh,Gieobooks,Nhà Xuất Bản Hà Nội,,Bìa mềm,512.0,2025-07-11,Bamboo Books,available,1000,True,True,True
177339204,Khúc Hát Những Dòng Sông,115000,115000,0,0.0,0,1,Nguyễn Thế Quang,Nhà Xuất Bản Đại Học Quốc Gia Hà Nội,Nhà Xuất Bản Đại Học Quốc Gia Hà Nội,,Bìa mềm,310.0,,Bamboo Books,available,1000,True,True,True
271433586,Đã Nhiều Năm Như Thế - Tập 1 - Tặng Kèm Bookmark,160000,160000,0,0.0,0,0,Bát Nguyệt Trường An,Skybooks,Nhà Xuất Bản Phụ Nữ Việt Nam,,,,,Bamboo Books,available,1000,True,True,True
120183284,Sách - Muốn an được an,79000,79000,0,0.0,0,0,,Thái Hà,Nhà Xuất Bản Lao Động,,,,,HỆ THỐNG NHÀ SÁCH ABC,available,1000,True,True,True
274998161,Đến Nơi Nên Đến Yêu Người Nên Yêu,105000,105000,0,0.0,0,0,,AZ Việt Nam,NXB Dân Trí,,,,,Bamboo Books,available,1000,True,True,True
273287918,(Bìa mềm) TRONG TỪNG HƠI THỞ – Nicholas Sparks – Nguyễn Hồng Liên dịch – NXB Hội nhà văn – Nhã Nam,169000,169000,0,0.0,0,1,Nicholas Sparks,Nhã Nam,Nhà Xuất Bản Hội Nhà Văn,,Bìa mềm,429.0,,Bamboo Books,available,1000,True,True,True
276623864,Sách - Series Trúc Thư Dao (Nhã Nam HCM),157520,179000,12,0.0,0,0,Văn Giản Tử,Nhã Nam,Nhà Xuất Bản Hà Nội,,Bìa mềm,528.0,2022-01-01,Nhã Nam HCM,available,1000,True,True,True
185449519,Trường An Ly Ca tập 3,165000,165000,0,0.0,0,0,Úc Phức,Nhã Nam,Nhà Xuất Bản Hội Nhà Văn,,,,,HỆ THỐNG NHÀ SÁCH ABC,available,1000,True,True,True
274918108,Cuốn Tiểu Thuyết Ngôn Tình: Đến Nơi Nên Đến Yêu Người Nên Yêu ,105000,105000,0,0.0,0,0,,AZ Việt Nam,NXB Dân Trí,,,,,NHBook,available,1000,True,True,True
133864414,Nỗi nhớ anh hóa một tòa thành (Trọn bộ 2 tập) - Tác giả: Quân Tử Dĩ Trạch,258000,258000,0,0.0,0,0,Quân Tử Dĩ Trạch,Saigon Books,Nhà Xuất Bản Văn Học,,Bìa mềm,500.0,2021-10-23,info book,available,1000,True,True,True
276928169,Sách - Sau khi chúng ta nói lời chia tay (Phan) (Nhã Nam HCM),110000,110000,0,0.0,0,0,nhieu tac gia,Nhã Nam,Nhà Xuất Bản Dân Trí,,Bìa mềm,124.0,2025-01-02,HỆ THỐNG NHÀ SÁCH ABC,available,1000,True,True,True
178212421,Mãi Đừng Xa Tôi,159000,159000,0,0.0,0,0,,Nhà Xuất Bản Đại Học Quốc Gia Hà Nội,Nhà Xuất Bản Đại Học Quốc Gia Hà Nội,,,,,FishingBook,available,1000,True,True,True
225386017,Minh Nhật Tinh Trình - Tập 1,188000,188000,0,0.0,0,0,,Cty Văn Hóa Văn Lang,Nhà Xuất Bản Thế Giới,,,,,Bamboo Books,available,1000,True,True,True
159384918,Mũi Hếch,79000,99000,20,0.0,0,0,nhieu tac gia,Alpha Books,Nhà Xuất Bản Thanh Niên,,Bìa mềm,176.0,2022-01-17,Omega Plus Books,available,1000,True,True,True
193921022,Sách - Chuông Gió (Tập 2),174000,174000,0,0.0,0,0,,AZ Việt Nam,Nhà Xuất Bản Thanh Niên,,,,,Bamboo Books,available,1000,True,True,True
127031752,Sách-Thương Nhớ Trà Long,78000,78000,0,0.0,0,3,,NXB Trẻ,NXB Trẻ,,,,,Nhà Sách Vĩnh Thụy,available,1000,True,True,True
202508629,Chuông Gió (Tập 4) - AZ,174000,174000,0,0.0,0,0,,AZ Việt Nam,Nhà Xuất Bản Thanh Niên,,,,,Bamboo Books,available,1000,True,True,True
10189314,Tam Sinh Tam Thế Chẩm Thượng Thư (Tập 2A + 2B) - Bìa Mềm (Tái bản 2018),161250,161250,0,5.0,2,43,Đường Thất Công Tử,Quảng Văn,,,Bìa mềm,728.0,2018-03-01,AHABOOKS,available,1000,True,True,True
50743565,Sách Dạ Lữ Nhân - Tập 2,79800,109000,27,5.0,32,180,Triệu Hi Chi,Quảng Văn,Nhà Xuất Bản Phụ Nữ,,Bìa mềm,420.0,2020-03-01,Tiki Trading,available,1000,False,True,True
276659984,Sách - 9 Màu Chia Ly (Nhã Nam HCM),105600,120000,12,0.0,0,0,Bernhard Schlink,Nhã Nam,Nhà Xuất Bản Hội Nhà Văn,,Bìa mềm,256.0,2022-03-25,Nhã Nam HCM,available,1000,True,True,True
275085971,Em Ngủ Chưa? Nay Ổn Không? - Bản Quyền,48000,96000,50,5.0,1,1,Ther của Per,AZ Việt Nam,Nhà Xuất Bản Văn Học,,Bìa mềm,208.0,2024-05-23,NHBook,available,1000,True,True,True
174558260,Mộng Xưa,125500,135000,7,5.0,2,7,Khốn Ỷ Nguy Lâu,ZGroup,Nhà Xuất Bản Hà Nội,,,,,Nhà sách Fahasa,available,1000,True,True,True
171586374,Tiên Mãn Cung Đường - Tập 1,146200,159000,8,0.0,0,3,Lục Dã Thiên Hạc,ZGroup,Nhà Xuất Bản Hà Nội,,,,,Nhà sách Fahasa,available,1000,True,True,True
171586019,Cao Thủ “Đổi Đen Thay Trắng” - Tập 4 - Tặng Kèm Bookmark,146200,159000,8,4.8,4,4,Phong Thư Lưu Ngốc,ZGroup,Nhà Xuất Bản Hà Nội,,,,,Nhà sách Fahasa,available,1000,True,True,True
3317201,Sách Dám Kháng Chỉ Chém (Tái Bản),129200,139000,7,5.0,3,18,Lam Ngả Thảo,ZGroup,,,Bìa mềm,576.0,,Nhà sách Fahasa,available,1000,True,True,True
171586324,Vì Em Không Xứng - Tập 3,146200,159000,8,5.0,1,3,Dịch Tu La,ZGroup,Nhà Xuất Bản Hà Nội,,,,,Nhà sách Fahasa,available,1000,True,True,True
427528,Sách Cà Phê Đợi Một Người,108000,108000,0,5.0,1,3,Cửu Bả Đao,Nhã Nam,Nhà Xuất Bản Hội Nhà Văn,,Bìa mềm,398.0,2015-03-14,Bamboo Books,available,1000,True,True,True
4146829,Sách Sự Cám Dỗ Cuối Cùng (Tái Bản 2018),108500,108500,0,0.0,0,1,Diệp Lạc Vô Tâm,Đinh Tị,,,Bìa mềm,622.0,2018-08-01,Phương Đông Books,available,1000,True,True,True
206087328,Bộ sách: Thiên Quan Tứ Phúc (6 tập từ tập 1 - tập 6),1004000,1004000,0,0.0,0,9,Mặc Hương Đồng Khứu,Cẩm Phong Books,Nhà Xuất Bản Hà Nội,,,,,nha sach nguyet linh,available,1000,True,True,True
278043478,Lương Ngôn Tả Ý (CB),131370,151000,13,0.0,0,0,Mộc Phù Sinh,Chibooks,Nhà Xuất Bản Lao Động,,Bìa mềm,584.0,,Văn Lang Official Store,available,1000,True,True,True
263560621,  Những Chiếc Cầu Ở Quận Madison (Tái bản năm 2022),89000,89000,0,4.8,4,47,Robert James Waller,Phương Nam Book,Nhà Xuất Bản Hội Nhà Văn,,Bìa mềm,166.0,,Nhà Sách Phương Nam,available,1000,True,True,True
276117675,Ngày Xưa Có Một Chuyện Tình - Bản Quyền,135000,135000,0,0.0,0,0,Nguyễn Nhật Ánh,NXB Trẻ,NXB Trẻ,,Bìa mềm,296.0,2024-09-11,Nhasachgooda,available,1000,True,True,True
172477089,"Sách - Thiên Tài Bên Trái, Kẻ Điên Bên Phải (Tái Bản)",179000,179000,0,0.0,0,0,Cao Minh,Công Ty TNHH Văn Hóa và Truyền Thông AZ Việt Nam,Nhà Xuất Bản Thế Giới,,Bìa mềm,424.0,,Nhà Sách Vĩnh Thụy,available,1000,True,True,True
202604502,Sách - Giao Thừa ( Tập Truyện Ngắn ) ( Tái Bản ) - NXB Trẻ,95000,95000,0,0.0,0,1,,NXB Trẻ,NXB Trẻ,,,,,HỆ THỐNG NHÀ SÁCH ABC,available,1000,True,True,True
275359743,Sách Văn Học Lãng Mạn: Heart Bones (Lời Nói Dối Mùa Hè),195000,195000,0,0.0,0,0,,1980 Books,Nhà Xuất Bản Thanh Niên,,,,,info book,available,1000,True,True,True
274932752,Giây Phút Này Thuộc Về Chúng Ta,75000,75000,0,0.0,0,0,Hạ Tuyết Duyên,VanLangBooks,Nhà Xuất Bản Thời Đại,,Bìa mềm,,2012-05-08,AN HOA BOOK,available,1000,True,True,True
274574361,Combo 2 Cuốn Ngôn Tình Hay:Bảy Năm Vẫn Ngoảnh Về Phương Bắc (Tập 8+9),258000,258000,0,0.0,0,1,,AZ Việt Nam,Nhà Xuất Bản Phụ Nữ,,,,,NHBook,available,1000,True,True,True
275821890,Anh Đứng Giữa Ngàn Hoa Hạ Rực Rỡ (Tác giả: Thái Hậu Quy Lai),198000,198000,0,0.0,0,0,Thái Hậu Quy Lai,Công ty TNHH Thương mại và Dịch vụ Văn hóa Hà Nội,Nhà Xuất Bản Phụ Nữ Việt Nam,,Bìa mềm,424.0,2024-08-01,Tazano Official Store,available,1000,True,True,True
204429543,Combo Ma Pháp Thiếu Nữ - Tập 2 + Tập 3 - Tặng Kèm 2 Bookmark Nhân Vật _AZ,259000,259000,0,0.0,0,0,,AZ Việt Nam,Nhà Xuất Bản Phụ Nữ Việt Nam,,Bìa mềm,,,Bamboo Books,available,1000,True,True,True
272376571,Đã Nhiều Năm Như Thế - Tập 2 - Tặng Kèm Bookmark,165000,165000,0,0.0,0,0,Bát Nguyệt Trường An,Skybooks,Nhà Xuất Bản Phụ Nữ Việt Nam,,,,,Bamboo Books,available,1000,True,True,True
278366540,Sách - Mượn em một lần yêu,130000,153000,15,0.0,0,5,,Công Ty Cổ Phần Waka,Nhà Xuất Bản Văn Học,,Bìa mềm,264.0,,Sách Waka,available,1000,True,True,True
273452677,Tiến Về Phía Nhau - Tập 2,179000,179000,0,0.0,0,0,,Công ty TNHH Thương mại và Dịch vụ Văn hóa Hà Nội,Nhà Xuất Bản Dân Trí,,,,,NHBook,available,1000,True,True,True
271316722,Đã Nhiều Năm Như Thế - Tập 1,160000,160000,0,0.0,0,0,Bát Nguyệt Trường An,Công Ty TNHH Văn Hóa Và Truyền Thông Skybooks Việt Nam,Nhà Xuất Bản Phụ Nữ Việt Nam,,Bìa mềm,392.0,2023-08-21,NHBook,available,1000,True,True,True
216296808,Sách - Mạnh mẽ như dòng sông,45000,45000,0,0.0,0,0,,Công Ty Cổ Phần Văn Hóa Đông A,Nhà Xuất Bản Dân Trí,,,,,Bamboo Books,available,1000,True,True,True
271073140,Mùa Thu Hoạch Xương,172000,172000,0,0.0,0,0,Edwidge Danticat,Phương Nam Book,Nhà Xuất Bản Hội Nhà Văn,,Bìa mềm,400.0,,Nhà Sách Phương Nam,available,1000,True,True,True
207641119,Và Sao Không Thể Hết Yêu Em?- Thương 2- Thìa Đầy Thơ_SKY,88000,88000,0,0.0,0,0,,Skybooks,Nhà Xuất Bản Phụ Nữ Việt Nam,,Bìa mềm,168.0,,NewShop Official,available,1000,True,True,True
258844294,CUỘC GẶP TÌNH YÊU – Giuseppe Conte – Minh Phương dịch – NXB Kim Đồng (Bìa mềm),80000,80000,0,0.0,0,0,, NXB Kim Đồng,Nhà Xuất Bản Kim Đồng,,Bìa mềm,,,Bamboo Books,available,1000,True,True,True
56982072,Sách Không Kịp Nói Yêu Em (Tái Bản 2020),119350,119350,0,0.0,0,4,Phỉ Ngã Tư Tồn,Quảng Văn,Nhà Xuất Bản Văn Học,,Bìa mềm,440.0,,AHABOOKS,available,1000,True,True,True
79483244,Sách Môn Đồ - Huynh Đệ Ứng Long Tập 3,110000,120000,8,4.6,254,529,"Tiểu Xuyên Công Tử, Manh A Công Tử",Hcomic,Nhà Xuất Bản Thế Giới,,Bìa gập,240.0,2021-03-01,Tiki Trading,available,1000,False,True,True
276147463,Kết Thúc Của Chúng Ta,176700,188000,6,0.0,0,7,Colleen Hoover,Nhã Nam,Nhà Xuất Bản Hội Nhà Văn,,Bìa mềm,,2023-12-21,Nhà sách Fahasa,available,1000,True,True,True
217500624,Tặng Hoa Cho Bách Đồ - Tập 1 - Tặng Kèm Bookmark,130500,150000,13,0.0,0,0,Từ Từ Đồ Chi,AZ Việt Nam,Nhà Xuất Bản Hà Nội,,,,,Nhà sách Fahasa,available,1000,True,True,True
278718486,Sách - Phút biệt ly (Nhã Nam HCM),137280,156000,12,0.0,0,2,Shin Kyung-sook,Nhã Nam,Nhà Xuất Bản Hà Nội,,Bìa mềm,232.0,2025-10-02,Nhã Nam HCM,available,1000,True,True,True
273170072,Sách - Trong từng hơi thở - NICHOLAS SPARKS - Nhã Nam Official,162200,169000,4,0.0,0,0,Nicholas Sparks,Nhã Nam,Nhà Xuất Bản Hội Nhà Văn,,Bìa mềm,429.0,,TYMBooks,available,1000,True,True,True
21673716,Sách Hẹn Đẹp Như Mơ (Tái Bản),125000,125000,0,4.8,4,58,Phỉ Ngã Tư Tồn,Quảng Văn,,,Bìa mềm,452.0,2019-07-01,Nhà sách Nam Trung Yên,available,1000,True,True,True
278862381,Sách - Cũng Chỉ Là Hạt Bụi - Tặng Kèm Bookmark,181000,189000,4,0.0,0,0,Mộc Phù Sinh,AZ Việt Nam,Nhà Xuất Bản Văn Học,,Bìa mềm,472.0,,Nhân Văn,available,1000,True,True,True
278633821,Sách - thứ bạn tìm đều nằm trong thư viện (Aoyama Michiko) (Nhã Nam Official),169000,169000,0,0.0,0,0,Michiko Aoyama,Nhã Nam,Nhà Xuất Bản Hà Nội,,Bìa mềm,344.0,,info book,available,1000,True,True,True
276500562,Sách - Bếp sách làng Soyang (Nhã Nam HCM),118800,135000,12,0.0,0,0,Kim Jee Hye,Nhã Nam,Nhà Xuất Bản Phụ Nữ,,Bìa mềm,304.0,2024-02-01,Nhã Nam HCM,available,1000,True,True,True
276957470,Sách - Phố Ngũ Hương (Tàn Tuyết) (Nhã Nam HCM),191840,218000,12,0.0,0,1,Tàn Tuyết,Nhã Nam,Nhà Xuất Bản Phụ Nữ,,Bìa mềm,500.0,2024-01-01,Nhã Nam HCM,available,1000,True,True,True
141002538,Sách Bậc Thầy Chém Giá,187500,187500,0,0.0,0,4,Mèo Lười Ngủ Ngày,Đinh Tị,Nhà Xuất Bản Thanh Niên,,Bìa mềm,560.0,2021-11-11,AHABOOKS,available,1000,True,True,True
273816981,Sách - Chiều em đau cả trái tim - Túy Hậu Ngư Ca,229000,229000,0,0.0,0,0,,Đinh Tị,Nhà Xuất Bản Thanh Niên,,,,,Bamboo Books,available,1000,True,True,True
198740639,Combo Bán tinh 3 Tập - Bản Đặc Biệt Có chữ Ký Tác Giả (Tặng Kèm Postcard + Bookmark),473500,473500,0,0.0,0,0,,Đinh Tị,Nhà Xuất Bản Văn Học,,,,,AHABOOKS,available,1000,True,True,True
263493504,Combo Vượt Qua Thời Không Để Yêu Anh (Bộ 2 Tập),458000,458000,0,0.0,0,1,Diệp Lạc Vô Tâm,Đinh Tị,Nhà Xuất Bản Văn Học,,Bìa mềm,588.0,2023-06-22,Bamboo Books,available,1000,True,True,True
276041589,Sách - Kết thúc của chúng ta (It ends with us) (Colleen Hoover) (Nhã Nam Official),188000,188000,0,0.0,0,0,Colleen Hoover,Nhã Nam,Nhà Xuất Bản Hội Nhà Văn,,Bìa mềm,364.0,,info book,available,1000,True,True,True
68832576,"Sách Uống Nhầm Một Ánh Mắt, Cơn Say Theo Cả Đời Tập 1",129000,129000,0,0.0,0,0,Lạc Vi Gian Mỗ Mỗ,Đinh Tị,Nhà Xuất Bản Văn Học,,Bìa mềm,400.0,2020-10-01,Bamboo Books,available,1000,True,True,True
278833473,Cũng Chỉ Là Hạt Bụi - Tặng Kèm Bookmark (Tái Bản 2025),189000,189000,0,0.0,0,0,Mộc Phù Sinh,Gieobooks,Nhà Xuất Bản Văn Học,,Bìa mềm,472.0,2025-11-01,Bamboo Books,available,1000,True,True,True
276608338,Sách Bên Trời Hoa Bay,201000,229000,12,4.7,9,80,Mạc Chẩm,Soul.books,Nhà Xuất Bản Thanh Niên,,Bìa mềm,496.0,2024-11-19,Tiki Trading,available,1000,False,True,True
79117397,Sách Bất Tri Đông Phương Ký Bạch - Chẳng Hay Vầng Đông Đã Sáng Tự Khi Nào,175500,195000,10,5.0,8,18,Quất Tử Thần,AMUN,Nhà Xuất Bản Thanh Niên,,Bìa mềm,512.0,2021-03-15,Nhà sách Fahasa,available,1000,True,True,True
277839284,Phán Quan: Tập 1 - Tặng Kèm Bookmark (Số Lượng Có Hạn),199000,199000,0,0.0,0,0,Mộc Tô Lý,Gieobooks,Nhà Xuất Bản Hà Nội,,Bìa mềm,408.0,2025-04-23,Tazano Official Store,available,1000,True,True,True
127031576,Sách-Yêu Người Ngóng Núi,105000,105000,0,0.0,0,0,,NXB Trẻ,NXB Trẻ,,,,,Nhà Sách Vĩnh Thụy,available,1000,True,False,True
192680200,Sau Này - Later,189000,189000,0,0.0,0,0,Stephen King,1980 Books,Nhà Xuất Bản Đại Học Quốc Gia Hà Nội,,Bìa mềm,432.0,2021-04-13,Nhà Sách Vĩnh Thụy,available,1000,True,True,True
214930452,Đi tìm tình yêu (I Need Your Love - Is That True?) - Tác giả: Byron Katie,130000,130000,0,0.0,0,0,,Saigon Books,Nhà Xuất Bản Thế Giới,,,,,HỆ THỐNG NHÀ SÁCH ABC,available,1000,True,True,True
172475793,Sách - Kiếp Người - Vĩnh Cửu Và Vô Thường,79000,79000,0,0.0,0,0,Vũ Hoàng Long,AZ Việt Nam,Nhà Xuất Bản Thanh Niên,,Bìa mềm,144.0,,Nhà Sách Vĩnh Thụy,available,1000,True,True,True
115254353,Sách - Nghiệp Tình Yêu,199000,199000,0,0.0,0,0,,Thái Hà,Nhà Xuất Bản Lao Động,,,,,Nhà Sách Vĩnh Thụy,available,1000,True,True,True
217125590,Sách - Tìm em nơi anh,115000,115000,0,0.0,0,0,,FIRST NEWS,NXB Trẻ,,,,,FishingBook,available,1000,True,True,True
271040989,"Sách - Cô Gái À, Yếu Đuối Cho Ai Xem - Học Cách Mạnh Mẽ, Học Cách Khôn Ngoan",138000,138000,0,0.0,0,0,,BIZBOOKS,Nhà Xuất Bản Hồng Đức,,,,,HỆ THỐNG NHÀ SÁCH ABC,available,1000,True,True,True
272251857,Sanctify - Tập 2 - Tặng Kèm Postcard,109000,109000,0,0.0,0,0,,Công ty Cổ Phần ZGroup,Nhà Xuất Bản Hội Nhà Văn,,Bìa mềm,236.0,2021-09-28,Bảo Châu Books,available,1000,True,True,True
116120080,Sách - Nắm bàn tay lạnh giá,181000,181000,0,0.0,0,0,,Nhã Nam,Nhà Xuất Bản Hà Nội,,,,,info book,available,1000,True,True,True
275739198,Khi Cô Đơn Là Ánh Dương Dẫn Đường,49000,98000,50,0.0,0,0,Desi Anwar,Công ty TNHH Thương mại và Dịch vụ Văn hóa Hà Nội,Nhà Xuất Bản Thế Giới,,Bìa mềm,208.0,2024-07-25,NHBook,available,1000,True,True,True
128711699,Sách - Thương nhớ Trà Long (Tái bản 2019),78000,78000,0,0.0,0,0,,NXB Trẻ,NXB Trẻ,,,,,Nhà Sách Vĩnh Thụy,available,1000,True,True,True
169271148,Ngôn Tình : Trúc Thư Dao 1 - Nước Tần - Có Nàng Tên Thập,179000,179000,0,0.0,0,0,,Nhã Nam,Nhà Xuất Bản Hà Nội,,,,,Bamboo Books,available,1000,True,True,True
270102128,Trộm Mệnh Tập 2 - Nhất Mai Đồng Tiền,189000,189000,0,0.0,0,1,nhieu tac gia,Cty Linh Lan,Nhà Xuất Bản Văn Học,,Bìa mềm,444.0,2023-07-10,NHBook,available,1000,True,True,True
275956659,Combo 2 quyển Sách Hành Lang Hai Lớp + Tớ Thích Cậu Hơn Cả Harvard,292800,366000,20,0.0,0,0,nhieu tac gia,Công Ty Cổ Phần Time Books,NXB Thế giới,,Bìa mềm,448.0,,Tiệm Sách Thật,available,1000,True,True,True
276323659,0852 ( Tác giả: Giải Tổng),219000,219000,0,0.0,0,1,,Công ty TNHH Tazano,NXB Dân Trí,,Bìa mềm,424.0,2024-10-06,Tazano Official Store,available,1000,True,True,True
277812869,Thầm Yêu Ánh Dương Rực Rỡ: Tập 2,199000,199000,0,0.0,0,0,Mây Quýt,Gieobooks,NXB Dân Trí,,Bìa mềm,324.0,2025-04-20,Tazano Official Store,available,1000,True,True,True
277780783,Thanh Y Đao: Hồi Ức Ngàn Nam,198000,198000,0,0.0,0,0,NANA PHƯƠNG,Gieobooks,Nhà Xuất Bản Phụ Nữ Việt Nam,,Bìa mềm,360.0,2025-04-18,Tazano Official Store,available,1000,True,True,True
188255434,Combo 2 cuốn Truyện Ngôn Tình : Em Sẽ Đến Cùng Cơn Mưa (Tái Bản 2018) + Cảm Ơn Anh Đã Đánh Mất Em,184500,184500,0,0.0,0,3,,Nhiều công ty phát hành,Nhiều Nhà Xuất Bản,,,,,Phương Đông Books,available,1000,True,True,True
102108214,Hữu Phỉ - Bản Thường (Bộ 4 Cuốn),650000,650000,0,0.0,0,0,Priest,Saigon Books,Nhà Xuất Bản Văn Hóa Văn Nghệ,,Bìa mềm,1200.0,,SÁCH ĐẠI NAM,available,1000,True,True,True
276075869,Showbiz Là Của Tôi - Bản Quyền,222000,222000,0,0.0,0,0,,AZ Việt Nam,Nhà Xuất Bản Văn Học,,Bìa mềm,440.0,2024-09-04,NHBook,available,1000,True,True,True
249569917,Sách - Điều Đẹp Nhất Có Khi Là Buông Tay - AZbook,72000,72000,0,0.0,0,0,,Không có,Không có,,,,,info book,available,1000,True,True,True
77059007,Cuốn sách để lại nhiều cảm xúc nao lòng: Nhắn gửi tất cả các em những người tôi đã yêu,127000,127000,0,0.0,0,0,,Nhã Nam,Nhà Xuất Bản Thế Giới,,,,,SÁCH ĐẠI NAM,available,1000,True,True,True
201115003,Sách - Nhỏ Là Đẹp (TH),169000,169000,0,0.0,0,0,E. F. Schumacher,Thái Hà,Nhà Xuất Bản Đại Học Quốc Gia Hà Nội,,Bìa mềm,329.0,2022-10-07,HỆ THỐNG NHÀ SÁCH ABC,available,1000,True,True,True
109861900,Sách - Những cuộc chạy trốn tình yêu,117000,117000,0,0.0,0,0,,Nhã Nam,Nhà Xuất Bản Hội Nhà Văn,,,,,SÁCH ĐẠI NAM,available,1000,True,True,True
278136495,Sách - Câu Chuyện Không Ai Biết Ấy - Tập 2,152100,169000,10,0.0,0,0,Twentine,Đinh Tị,nxb thanh nien,,Bìa mềm,,2023-12-21,Nhà sách Fahasa,available,1000,True,True,True
275018165,"Cuốn Sách Ngôn Tình Hay: Trò Chuyện Khi ""Yêu""",148500,148500,0,0.0,0,0,,Bách Việt,Nhà Xuất Bản Thanh Niên,,,,,AHABOOKS,available,1000,True,True,True
278130089,Sách - Gặp Lại Giữa Lưng Chừng Nhân Thế - Tặng Kèm Bookmark Bế Hình + Vé Du Hành Thời Gian In 2 Mặt,131200,175000,25,0.0,0,0,Thu Hằng,Bách Việt,NXB Dân Trí,,Bìa mềm,,2023-12-21,Nhà sách Fahasa,available,1000,True,True,True
427063,Sách Sự Cám Dỗ Cuối Cùng,119350,119350,0,5.0,1,8,Diệp Lạc Vô Tâm,Đinh Tị,Nhà Xuất Bản Văn Học,,Bìa mềm,314.0,2015-03-09,AHABOOKS,available,1000,True,True,True
46332503,Sách Phủ Sinh Cô Mộ Triều Tịch (2 Tập),203300,245000,17,4.5,4,28,Tân Di Ổ,Bách Việt,Nhà Xuất Bản Thanh Niên,,Bìa mềm,,2019-01-12,Nhà sách Fahasa,available,1000,True,True,True
54008180,"Sách Em Vốn Thích Cô Độc, Cho Đến Khi Có Anh (Tái bản 2020)",99501,99501,0,4.8,35,179,Diệp Lạc Vô Tâm,Đinh Tị,Nhà Xuất Bản Văn Học,,Bìa mềm,,,AHABOOKS,available,1000,True,True,True
278637610,Sách - Miền hạnh phúc (Emily Henry) (Nhã Nam HCM),189200,215000,12,0.0,0,0,Emily Henry,Nhã Nam,Nhà Xuất Bản Phụ Nữ Việt Nam,,Bìa mềm,416.0,2025-09-14,Nhã Nam HCM,available,1000,True,True,True
277484536,Sách - Trong từng hơi thở (Nicholas Sparks) (Nhã Nam HCM),148720,169000,12,0.0,0,1,Nicholas Sparks,Nhã Nam,Nhà Xuất Bản Hội Nhà Văn,,Bìa mềm,429.0,2023-01-01,Nhã Nam HCM,available,1000,True,True,True
247931379,Gió Tây Bao Nhiêu Hận Thổi Chẳng Giãn Mày Chau,161900,178000,9,0.0,0,2,Bạch Lạc Mai,Huy Hoàng Bookstore,nxb thanh nien,,,,,Nhà sách Fahasa,available,1000,True,True,True
276120835,Showbiz Là Của Tôi - Tập 1,133200,222000,40,0.0,0,1,Xuân Đao Hàn,AZ Việt Nam,Nhà Xuất Bản Văn Học,,Bìa mềm,,2023-12-21,Nhà sách Fahasa,available,1000,True,True,True
278635023,Sam Sam Đến Đây Ăn Nào - Bản Đặc Biệt - Tặng Kèm Móc Khóa Mica 2 Mảnh + Bookmark Bế Hình Tô Cơm + Bookmark Bế Hình Sam Sam + Bookmark Bế Hình Phong Đằng + Card Lenticular + Poster (Số Lượng Có Hạn),229000,229000,0,0.0,0,0,Cố Mạn,Gieobooks,Nhà Xuất Bản Văn Học,,Bìa mềm,400.0,2025-09-13,Tazano Official Store,available,1000,True,True,True
247567459,Ngàn Năm Chờ Đợi (Tái Bản 2023),36900,45000,18,4.0,1,5,Diệp Lạc Vô Tâm,Đinh Tị,Nhà Xuất Bản Văn Học,,,,,Nhà sách Fahasa,available,1000,True,True,True
146226380,Sự Cám Dỗ Cuối Cùng (Tái Bản 2019),146000,146000,0,0.0,0,0,Diệp Lạc Vô Tâm,Đinh Tị,nxb van hoc,,,,,Bamboo Books,available,1000,True,True,True
278285417,Bất Tuần: Tập 3 - Tặng Kèm Sticker Tem (Số Lượng Có Hạn),185000,185000,0,0.0,0,0,Sa Trụ Đảo,Gieobooks,Nhà Xuất Bản Hà Nội,,Bìa mềm,412.0,2025-07-10,Bamboo Books,available,1000,True,True,True
276134417,Tình Yêu Và Tuổi Trẻ - Tình Cuồng (combo),80000,80000,0,0.0,0,1,"Valery Larbaud, Raymond Radiguet",DT Books,Nhà Xuất Bản Hội Nhà Văn,,Bìa mềm,400.0,2018-09-09,DTBOOKS,available,1000,True,True,True
54892990,Bộ sách 3 cuốn truyện ngôn tình Sống chung sau ly hôn + Vấn vương đến chết + Tình yêu và tham vọng,117500,117500,0,3.8,5,16,"Đại Nguyệt Lượng, Hồ Tiểu Mị, Hồng Nương Tử",Pandabooks,Nhà Xuất Bản Văn Học,,,,,Pandabooks Hiệu Sách,available,1000,True,True,True
270858228,Sách - Combo 2 cuốn Cuộc cách mạng trong chạy bộ + Nhật ký 365 ngày chạy bộ,257000,257000,0,0.0,0,0,,Pandabooks,Nhà Xuất Bản Thể Thao Và Du Lịch,,Bìa mềm,,,Pandabooks Hiệu Sách,available,1000,True,True,True
247892505,Sách Darling Chúng Ta Ly Hôn Nhé - Tập 2,130000,130000,0,0.0,0,0,,Không có,Không có,,,,,Pandabooks Hiệu Sách,available,1000,True,False,True
247892503,Sách Darling Chúng Ta Ly Hôn Nhé - Tập 1,90000,90000,0,0.0,0,1,,Không có,Không có,,,,,Pandabooks Hiệu Sách,available,1000,True,False,True
215727569,Nỗi Nhớ Anh Hóa Một Tòa Thành (Trọn Bộ 2 Tập),258000,258000,0,0.0,0,0,,Sách điện tử Saigon Books,Nhà Xuất Bản Văn Học,,,,,HỆ THỐNG NHÀ SÁCH ABC,available,1000,True,True,True
127033489,Sách -Tìm Em Nơi Anh,111000,111000,0,0.0,0,0,,NXB Trẻ,NXB Trẻ,,,,,Nhà Sách Vĩnh Thụy,available,1000,True,True,True
127033486,Sách-Yêu Em Bằng Mắt Giữ Em Bằng Tim,175000,175000,0,0.0,0,0,,NXB Trẻ,NXB Trẻ,,,,,Nhà Sách Vĩnh Thụy,available,1000,True,True,True
230316511,Chuyện tình đích thực siêu buồn,119000,119000,0,0.0,0,0,,Nhã Nam,Nhà Xuất Bản Hội Nhà Văn,,,,,info book,available,1000,True,True,True
213676563,Sống Như Vầng Thái Dương - Bản Quyền,139000,139000,0,0.0,0,0,,1980 Books,Nhà Xuất Bản Thanh Niên,,Bìa mềm,,,Nhà Sách Vĩnh Thụy,available,1000,True,True,True
210524112,Chuyện tình đích thực siêu buồn,119000,119000,0,0.0,0,0,Gary Shteyngart,Nhã Nam,Nhà Xuất Bản Hội Nhà Văn,,Bìa mềm,402.0,2020-12-15,Nhà Sách Vĩnh Thụy,available,1000,True,True,True
216462130,Sách - Bàn Về Ham Muốn: Tại Sao Chúng Ta Muốn Thứ Mà Ta Muốn,169000,169000,0,0.0,0,0,,Thái Hà,Nhà Xuất Bản Lao Động,,,,,HỆ THỐNG NHÀ SÁCH ABC,available,1000,True,True,True
118419955,"Đừng ngồi yên lo lắng, hãy rải nắng muôn nơi",159000,159000,0,0.0,0,0,,1980 Books,nxb thanh nien,,,,,Nhà Sách Vĩnh Thụy,available,1000,True,False,True
242501044,"Yêu Em Bằng Mắt, Giữ Em Bằng Tim",175000,175000,0,0.0,0,0,,Bloomsbury Childrens - NXB Trẻ,NXB Trẻ,,,,,Nhà Sách Vĩnh Thụy,available,1000,True,True,True
120183769,Sách - Tận hưởng thời gian - Thái Hà Books,129000,129000,0,0.0,0,0,,Thái Hà,nxb thanh nien,,,,,HỆ THỐNG NHÀ SÁCH ABC,available,1000,True,True,True
278639359,Sách - Tình yêu xấu xí (Colleen Hoover) (Nhã Nam HCM),206000,206000,0,0.0,0,0,Colleen Hoover,Nhã Nam,NXB Tổng Hợp Thành Phố Hồ Chí Minh,,Bìa mềm,536.0,2025-09-15,FishingBook,available,1000,True,True,True
202604318,Sách - Chạm Tay Hóa Vàng- Tại Sao Một Số Doanh Nhân Trở Nên giàu Có Còn Những Người Khác Thì Không?,125000,125000,0,0.0,0,1,,NXB Trẻ,NXB Trẻ,,,,,FishingBook,available,1000,True,True,True
279113061,Combo 2 quyển sách Dây Châu Ngọc Bên Cành Linh Lan (trọn bộ) + Quay Lại Tuổi 17 Để Cứu Rỗi Chính Mình (trọn bộ),408000,510000,20,0.0,0,0,nhieu tac gia,Công Ty Cổ Phần Time Books,Nhà Xuất Bản Văn Học,,Bìa mềm,488.0,,Tiệm Sách Thật,available,1000,True,True,True
276551956,Sách Anh Vẫn Luôn Yêu Em tập 2 - Mộng Tiêu Nhị,195980,239000,18,0.0,0,3,Mộng Tiêu Nhị,Công Ty Cổ Phần Time Books,nxb van hoc,,Bìa mềm,496.0,,SÁCH TIMEBOOKS,available,1000,True,True,True
278007482,Mong sao cuộc đời này chưa từng gặp anh (bản in năm 2013),50000,50000,0,0.0,0,0,,VanLangBooks,Nhà Xuất Bản Hội Văn Học,,Bìa gập,488.0,2013-05-07,AN HOA BOOK,available,1000,True,True,True
276191422,Nhật kí chia tay ,40000,40000,0,0.0,0,0,Lâu Vũ Tình,VanLangBooks,Nhà Xuất Bản Đà Nẵng,,Bìa mềm,,2011-09-06,AN HOA BOOK,available,1000,True,True,True
204815432,Sông Đông Êm Đềm (Trọn Bộ 2 Tập - HH) ,550000,550000,0,0.0,0,0,,Huy Hoàng book,Nhà Xuất Bản Đại Học Quốc Gia Hà Nội,,Bìa mềm,1490.0,2022-11-01,nha sach nguyet linh,available,1000,True,True,True
272911085,Sách - Một thoáng ta rực rỡ ở nhân gian (On earth we're briefly gorgeous - Ocean Vuong),135000,135000,0,0.0,0,0,Ocean Vuong,Nhã Nam,Nhà Xuất Bản Hội Nhà Văn,,Bìa mềm,304.0,,HỆ THỐNG NHÀ SÁCH ABC,available,1000,True,True,True
214592604,Nhớ Thương Vẫn Để Ở Trong Lòng - TIME,75000,79000,5,0.0,0,1,,Timebooks,NXB Dân Trí,,Bìa mềm,204.0,,Alpha Books Official,available,1000,True,True,True
273726265,Trường Phong Độ - tập 1,154980,189000,18,0.0,0,3,,Công Ty Cổ Phần Time Books,Nhà Xuất Bản Hà Nội,,Bìa mềm,500.0,,Tiệm Sách Thật,available,1000,True,True,True
277782668,Thầm Yêu Ánh Dương Rực Rỡ: Tập 1,199000,199000,0,0.0,0,0,Mây Quýt,Gieobooks,NXB Dân Trí,,Bìa mềm,436.0,2025-04-18,Tazano Official Store,available,1000,True,True,True
190109966,Sách: Trúc thư dao 2 (Nước Tấn - Gió nổi cung đình),219000,219000,0,0.0,0,0,,Nhã Nam,Nhà Xuất Bản Hà Nội,,,,,Nhà Sách Vĩnh Thụy,available,1000,True,True,True
242101960,Sách - Hà Nội còn một chút này - Nhã nam,109000,109000,0,0.0,0,0,,Không có,Nhà Xuất Bản Hội Nhà Văn,,,,,FishingBook,available,1000,True,False,True
217125641,Sách Thương nhớ Trà Long (Tái bản 2019),78000,78000,0,0.0,0,0,,FIRST NEWS,NXB Trẻ,,,,,Bamboo Books,available,1000,True,True,True
279258632,Sách - Ăn Xong rồi Tính tập 1 + 2 ( lẻ tùy chọn),169000,169000,0,0.0,0,0,Nguyễn Đức Tấn,Công Ty TNHH Sách Trí Tuệ Việt,Nhà Xuất Bản Văn Học,,Bìa mềm,456.0,,Bảo Châu Books,available,1000,True,True,True
274909742,Sách - Nghiệp Tình Yêu ( TH),259000,259000,0,0.0,0,0,Geshe Michael Roach,Nhà Sách Hồng Ân,Nhà Xuất Bản Lao Động,,Bìa mềm,598.0,,Bảo Châu Books,available,1000,True,True,True
277341951,Sách - Cuộc tình trong ngục thất (Nguyễn Thị Hoàng) (Bản bìa da PU) (Nhã Nam HCM),850000,850000,0,0.0,0,0,Nguyễn Thị Hoàng,Nhã Nam,Nhà Xuất Bản Hội Nhà Văn,,Bìa Da,120.0,2023-02-01,Nhã Nam HCM,available,1000,True,True,True
278591398,Sốt Cao Không Hạ: Tập 2 - Tặng Kèm Bookmark (Số Lượng Có Hạn),219000,219000,0,0.0,0,0,Tam Tam Nương,Gieobooks,Nhà Xuất Bản Hà Nội,,Bìa mềm,536.0,2025-08-29,Bamboo Books,available,1000,True,True,True
178519584,"Đừng Ngồi Yên Lo Lắng, Hãy Rải Nắng Muôn Nơi",159000,159000,0,0.0,0,0,,Nhà Xuất Bản Đại Học Quốc Gia Hà Nội,Nhà Xuất Bản Đại Học Quốc Gia Hà Nội,,,,,Nhà Sách Vĩnh Thụy,available,1000,True,False,True
179994291,Những Khoảnh Khắc Đời Người,100000,100000,0,0.0,0,0,Trung Trung Đỉnh,Nhà Xuất Bản Đại Học Quốc Gia Hà Nội,Nhà Xuất Bản Đại Học Quốc Gia Hà Nội,,Bìa mềm,292.0,,Bamboo Books,available,1000,True,True,True
247778842,Chuyện Kể Về Chàng Bơ Bị Lãng Quên,60000,60000,0,0.0,0,0,,NXB Kim Đồng,Nhà Xuất Bản Kim Đồng,,,,,Bamboo Books,available,1000,True,True,True
278024920,Từ Nhà Anh Về Nhà Em - Hành Trình 16.000 Km Đạp Xe Xuyên Âu-Á Của Cặp Đôi Pháp-Việt,150000,150000,0,0.0,0,0,Thibault Clemenceau,Nhà Xuất Bản Kim Đồng,Nhà Xuất Bản Kim Đồng,,Bìa mềm,395.0,,Bamboo Books,available,1000,True,True,True
275672634,Thầy Sờ Cốt - Combo 2 Tập (Nhất Cố Tử Căng),304000,380000,20,0.0,0,2,Nhất Cố Tử Căng,Cty Linh Lan,Nhà Xuất Bản Dân Trí,,Bìa mềm,436.0,2024-07-19,Bamboo Books,available,1000,True,True,True
274540351,Mùa Xuân Ở Căn Nhà Cũ - Tặng Kèm Bookmark Bồi Cứng,209000,209000,0,0.0,0,0,Yên Bán Căn,Công ty TNHH Thương mại và Dịch vụ Văn hóa Hà Nội,Nhà Xuất Bản Văn Học,,Bìa mềm,424.0,2024-03-19,Bamboo Books,available,1000,True,True,True
242502344,Sứ Giả Của Thần Chết (Tái Bản),120000,120000,0,0.0,0,0,,Huy Hoàng Bookstore,Nhà Xuất Bản Văn Học,,,,,Bamboo Books,available,1000,True,True,True
225212260,Hành Trình Vô Tận,130000,130000,0,0.0,0,0,,Huy Hoàng Bookstore,Nhiều Nhà Xuất Bản,,,,,Bamboo Books,available,1000,True,True,True
272439288,Đã Nhiều Năm Như Thế - Tập 2,165000,165000,0,0.0,0,0,,AZ Việt Nam,Nhà Xuất Bản Phụ Nữ,,,,,Bamboo Books,available,1000,True,True,True
49786831,Combo So Young - Gửi Thanh Xuân (2 tập),272000,272000,0,0.0,0,2,Tân Di Ổ,AMUN,Nhà Xuất Bản Hà Nội,,Bìa mềm,,2020-03-02,Bamboo Books,available,1000,True,True,True
277504872,Sách - Chuyện tình hài lãng mạn không thể chê vào đâu - Tập 2 (Monku no Tsukeyou ga Nai Rabukome) (Nhã Nam HCM),118000,118000,0,0.0,0,0,nhieu tac gia,Nhã Nam,Nhà Xuất Bản Hà Nội,,Bìa mềm,216.0,2023-03-01,Nhã Nam HCM,available,1000,True,True,True
258646489,Hạnh phúc tắc đường ở một quãng xa xôi - Bản Quyền,135000,135000,0,0.0,0,0,,Saigon Books,Nhà Xuất Bản Văn Hóa - Văn Nghệ,,,,,Bamboo Books,available,1000,True,True,True
274679146,Peter Pan Và Cinderella: Tập 2 - Tặng Kèm Bookmark Tròn (Số Lượng Có Hạn),180000,180000,0,0.0,0,0,Từ Từ Đồ Chi,Công ty TNHH Thương mại và Dịch vụ Văn hóa Hà Nội,NXB Dân Trí,,Bìa mềm,456.0,2024-04-04,Bamboo Books,available,1000,True,True,True
247779031,Love Hurts - Hóa Giải Nỗi Đau Tình Yêu - Lodro Rinzler - Bìa Mềm,87000,87000,0,0.0,0,0,,Văn Lang,,,,,,Bamboo Books,available,1000,True,True,True
274574293,Cuốn Sách Văn Học Lãng Mạn: Đi Giữa Ngân Hà Vẫn Yêu Một Vì Sao,108000,108000,0,0.0,0,0,,AZ Việt Nam,Nhà Xuất Bản Phụ Nữ,,,,,NHBook,available,1000,True,True,True
267340319,ĐỪNG ÔM TƯƠNG TƯ MỘT MỐI TÌNH ĐÃ CŨ,142000,142000,0,0.0,0,0,Lê Thanh Ngân,Nhà xuất bản Phụ Nữ Việt Nam,Nhà Xuất Bản Phụ Nữ Việt Nam,,,,,SÁCH ĐẠI NAM,available,1000,True,True,True
197647343,Cuốn sách:  Nhiệt Huyết Thanh Xuân,169000,169000,0,0.0,0,0,,VanVietBooks,Nhà Xuất Bản Thanh Niên,,,,,info book,available,1000,True,True,True
216462175,Sách - Tiến lên xe cứu hỏa,49000,49000,0,0.0,0,0,,Thái Hà,Nhà Xuất Bản Lao Động,,,,,HỆ THỐNG NHÀ SÁCH ABC,available,1000,True,True,True
270494642,Sách Trộm Mệnh 1 - Lư hương ngư văn - Chu sa chỉ lối,189000,189000,0,0.0,0,0,Nhất Mai Đồng Tiền,Linh Lan Books,Nhà Xuất Bản Phụ Nữ Việt Nam,,Bìa mềm,452.0,,NHBook,available,1000,True,True,True
180218590,Ngàn Mặt Trời Rực Rỡ (Tái Bản),130000,130000,0,0.0,0,0,Khaled Hosseini,Nhà Xuất Bản Đại Học Quốc Gia Hà Nội,Nhà Xuất Bản Đại Học Quốc Gia Hà Nội,,Bìa mềm,522.0,,HỆ THỐNG NHÀ SÁCH ABC,available,1000,True,True,True
147415596,Sách - Kiếp Người - Vĩnh Cửu Và Vô Thường,79000,79000,0,0.0,0,0,,AZ Việt Nam,Nhà Xuất Bản Thanh Niên,,,,,Nhà Sách Vĩnh Thụy,available,1000,True,True,True
275085361,Sách Văn Học Lãng Mạn:  Em Ngủ Chưa? Nay Ổn Không?,96000,96000,0,0.0,0,0,,AZ Việt Nam,Nhà Xuất Bản Văn Học,,,,,Bamboo Books,available,1000,True,True,True
274186185,Sách US - Chúng Ta - Bản Quyền,349000,349000,0,0.0,0,0,,Skybooks,Nhà Xuất Bản Lao Động,,,,,Bamboo Books,available,1000,True,True,True
276455624,Ngày An Nắng Vàng (Tác giả: An Trục Thảo),94000,99000,5,0.0,0,0,An Trục Thảo,Công ty TNHH Thương mại và Dịch vụ Văn hóa Hà Nội,Nhà Xuất Bản Lao Động,,Bìa mềm,200.0,2024-10-26,Sống Official,available,1000,True,True,True
208126944,Đêm Trước Bình Minh,136000,136000,0,0.0,0,0,Lư Tư Hạo,Fahasa,Nhà Xuất Bản Phụ Nữ Việt Nam,,,,,HỆ THỐNG NHÀ SÁCH ABC,available,1000,True,True,True
274711627,Combo Ác Ma Triệu Hồi - Bản Thường (Linh Lan) (Bộ 2 Cuốn),315000,315000,0,0.0,0,0,Nhất Mai Đồng Tiền,Linh Lan Books,Nhà Xuất Bản Phụ Nữ Việt Nam,,Bìa mềm,956.0,,SÁCH ĐẠI NAM,available,1000,True,True,True
242101904,Sách - Một Ý Niệm Khác Về Hạnh Phúc - Nhã nam,98000,98000,0,0.0,0,0,Marc Levy,Không có,Nhà Xuất Bản Hội Nhà Văn,,Bìa mềm,322.0,,FishingBook,available,1000,True,False,True
127032085,Sách-Phố phở có nhà to,70000,70000,0,5.0,1,2,,NXB Trẻ,NXB Trẻ,,,,,info book,available,1000,True,True,True
275825557,Thầy Sờ Cốt - Tập 1 (Tác giả: Nhất Cố Tử Căng),190000,190000,0,0.0,0,0,Nhất Cố Tử Căng,Công ty TNHH Tazano,NXB Dân Trí,,Bìa mềm,436.0,2024-08-02,Tazano Official Store,available,1000,True,True,True
203846048,Sách - Nơi em quay về có tôi đứng đợi (TB 2022),95000,95000,0,0.0,0,0,,Không có,Không có,,,,,HỆ THỐNG NHÀ SÁCH ABC,available,1000,True,True,True
275679074,Cưng Chiều Anh Thêm Chút Nữa (Tặng Bookmark Bồi Cứng) - Số Lượng Có Hạn,185000,185000,0,0.0,0,0,Trúc Dĩ,Công ty TNHH Thương mại và Dịch vụ Văn hóa Hà Nội,Nhà Xuất Bản Văn Học,,Bìa mềm,400.0,2024-07-19,NHBook,available,1000,True,True,True
242102051,Sách - Người bạn phi thường - Nhã nam,199000,199000,0,0.0,0,0,Elena Ferrante,Không có,Nhà Xuất Bản Hội Nhà Văn,,,410.0,,HỆ THỐNG NHÀ SÁCH ABC,available,1000,True,False,True
46240608,Sách Chết ! Sập Bẫy Rồi (Tái Bản 2019),150000,150000,0,5.0,2,11,King Kong Barbie,TiHabooks,Nhà Xuất Bản Văn Học,,Bìa mềm,544.0,2019-12-01,Nhà sách Nam Trung Yên,available,1000,True,True,True
76187991,"Sách Người Là Biển Rộng, Kẻ Là Mặt Trời [Tặng Kèm: Bookmark]",149000,149000,0,0.0,0,0,Hạ Chi,Người Trẻ Việt,Nhà Xuất Bản Hà Nội,,Bìa mềm,496.0,2021-01-01,info book,available,1000,True,True,True
96366394,Sách  Nhiệt Huyết Thanh Xuân,169000,169000,0,0.0,0,0,Lý Hành Kiện,VanVietBooks,Nhà Xuất Bản Thanh Niên,,Bìa mềm,432.0,2021-05-01,info book,available,1000,True,True,True
278728839,Sách - Tình yêu bọ xít (Nhã Nam HCM),130000,130000,0,0.0,0,0,Nguyễn Hoàng Diệu Thủy,Nhã Nam,Nhà Xuất Bản Hội Nhà Văn,,Bìa mềm,250.0,2025-10-06,info book,available,1000,True,True,True
274781761,Ác Ma Triệu Hồi - Sói Đội Lốt Cừu - Tập 1 (Linh Lan),158400,198000,20,0.0,0,0,Nhất Mai Đồng Tiền,Linh Lan Books,Nhà Xuất Bản Phụ Nữ Việt Nam,,Bìa mềm,480.0,,Bamboo Books,available,1000,True,True,True
249658402,Chiêu Diêu Tập 2,122000,122000,0,0.0,0,0,Cửu Lộ Phi Hương,SBOOKS,Nhà Xuất Bản Phụ Nữ,,Bìa mềm,448.0,2019-11-01,Minhhabooks,available,1000,True,True,True
278602996,Sách - Khởi đầu của chúng ta (Colleen Hoover) (Nhã Nam Offcial),185000,185000,0,0.0,0,0,Colleen Hoover,Nhã Nam,NXB Tổng Hợp Thành Phố Hồ Chí Minh,,Bìa mềm,,,NHBook,available,1000,True,True,True
277463474,Dạ Lữ Nhân - Tập 1,103000,103000,0,0.0,0,0,Triệu Hi Chi,Quang Van Books,Nhà Xuất Bản Văn Học,,Bìa mềm,,,Minhhabooks,available,1000,True,True,True
276833041,"Mặt trời màu đỏ, mây thì màu xanh, còn em thì nhớ anh",88000,88000,0,0.0,0,0,Hẻoo,Đông Tây,Nhà Xuất Bản Văn Học,,Bìa mềm,204.0,2021-12-01,Đông Tây,available,1000,True,True,True
279282777,Cố nhân tình,141000,141000,0,0.0,0,0,Việt Chi,Đông Tây,Nhà Xuất Bản Phụ Nữ Việt Nam,,Bìa mềm,204.0,2026-04-02,Minhhabooks,available,1000,True,True,True
276933954,Sách - Combo 2 cuốn của tác giả Gabriel García Márquez (Nhã Nam HCM),287300,374000,23,0.0,0,1,Gabriel Garcia Marquez,Nhã Nam,Nhà Xuất Bản Văn Học,,Bìa mềm,492.0,2025-01-02,Nhã Nam HCM,available,1000,True,True,True
277972530,Sách - Ma Văn Kháng về tác gia và tác phẩm,85000,85000,0,0.0,0,2,nhieu tac gia,Nhà Sách Hồng Ân,Nhà Xuất Bản Đại Học Quốc Gia Hà Nội,,,,,HƯƠNG BOOK 2,available,1000,True,True,True
277569859,Sách - Người đàn ông ấy (Hirano Keiichiro) (Nhã Nam Official) ,169000,169000,0,0.0,0,0,,Nhã Nam,Nhà Xuất Bản Hội Nhà Văn,,Bìa mềm tay gấp,381.0,,NHBook,available,1000,True,True,True
276098485,Sách Xin Lỗi Vì Không Biết Đó Là Lần Cuối,95200,119000,20,5.0,2,61,Phùng Dĩ Lượng,Vitalis,Nhà Xuất Bản Thế Giới,,Bìa mềm,272.0,,Tiki Trading,available,1000,False,True,True
41197399,Combo Bản Tính (2 Tập)(Tái Bản),198000,288000,31,4.8,104,269,Thanh Sắc Vũ Dực,Cẩm Phong Books,Nhà Xuất Bản Hà Nội,,Bìa mềm,,2019-11-01,Tiki Trading,available,1000,False,True,True
249535109,Trúc Thư Dao 3 - Tề Lỗ - Rồng Xanh Giấu Sáng,231500,249000,7,5.0,1,2,Văn Giản Tử,Nhã Nam,Nhà Xuất Bản Hà Nội,,,,,Nhà sách Fahasa,available,1000,True,True,True
203945307,Tàn Thứ Phẩm - Tập 1,153700,169000,9,0.0,0,5,Priest,ZGroup,Nhà Xuất Bản Hà Nội,,,,,Nhà sách Fahasa,available,1000,True,True,True
277488898,Sách - Nguyện ước cuối trong căn bếp yêu thương (Nhã Nam HCM),114400,130000,12,0.0,0,0,Ibuki Yuki,Nhã Nam,Nhà Xuất Bản Hà Nội,,Bìa mềm,288.0,2021-06-03,Nhã Nam HCM,available,1000,True,True,True
162399356,Bình Hoa - Tái Bản 2021,138500,149000,7,5.0,1,3,Khốn Ỷ Nguy Lâu,ZGroup,Nhà Xuất Bản Hà Nội,,,,,Nhà sách Fahasa,available,1000,True,True,True
276623803,Phấn Hoa Lầu Xanh (Tái Bản 2024),106900,108000,1,0.0,0,0,Tào Đình,Gieobooks,Nhà Xuất Bản Văn Học,,Bìa mềm,280.0,2024-11-21,Minhhabooks,available,1000,True,True,True
179584500,Không Có Kiếp Sau - Tập 4,155400,169000,8,5.0,5,12,Nguyệt Hạ Tang,ZGroup,Nhà Xuất Bản Hà Nội,,,,,Nhà sách Fahasa,available,1000,True,True,True
279136288,Sách - Không Yêu Thì Đi Chết Đi - Tập 2,173800,189000,8,0.0,0,0,nhieu tac gia,ZGroup,Nhà Xuất Bản Hà Nội,,Bìa mềm,,2023-12-21,Nhà sách Fahasa,available,1000,True,True,True
278442715,Sách - Người tình Sputnik (TB 2025) (Nhã Nam HCM),84480,96000,12,0.0,0,0,Haruki Murakami,Nhã Nam,Nhà Xuất Bản Hội Nhà Văn,,Bìa mềm,283.0,2025-07-29,Nhã Nam HCM,available,1000,True,True,True
276820987,Sách - Cuốn sách bạn muốn người mình yêu thương đọc được (Nhã Nam HCM),118800,135000,12,0.0,0,2,Philippa Perry,Nhã Nam,Nhà Xuất Bản Phụ Nữ,,Bìa mềm,256.0,2024-01-01,Nhã Nam HCM,available,1000,True,True,True
276661161,Sách - Ai đó chạy cùng ta (Nhã Nam HCM),198000,225000,12,0.0,0,0,David Grossman,Nhã Nam,Nhà Xuất Bản Hội Nhà Văn,,Bìa mềm,,2022-08-19,Nhã Nam HCM,available,1000,True,True,True
278098294,"Sách - AI Tạo Sinh ( Michael Lewrick, Omar Hatamleh )",157680,219000,28,0.0,0,0,nhieu tac gia,1980 Books,Nhà Xuất Bản Công Thương,,Bìa mềm,380.0,,TTR Next Generation,available,1000,True,True,True
278604024,Sách - Tình yêu xấu xí ( Colleen Hoover) (Nhã Nam Official),206000,206000,0,0.0,0,0,Colleen Hoover,Nhã Nam,NXB Tổng Hợp Thành Phố Hồ Chí Minh,,Bìa mềm,356.0,,FishingBook,available,1000,True,True,True
277504861,Sách - Chuyện tình hài lãng mạn không thể chê vào đâu (Monku no Tsukeyou ga Nai Rabukome) (Nhã Nam HCM),108800,128000,15,0.0,0,0,Daisuke Suzuki,Nhã Nam,Nhà Xuất Bản Hà Nội,,Bìa mềm,242.0,2023-04-04,Nhã Nam HCM,available,1000,True,True,True
278456306,Combo 2 cuốn của tác giả Đinh Hùng: Đốt lò hương cũ + Ngày đó có em NB125,99000,99000,0,0.0,0,2,Đinh Hùng,Nhà xuất bản Tổng hợp TP.HCM ,Nhà Xuất Bản Tổng hợp TP.HCM,,,,,LITTLE BOOKS,available,1000,True,True,True
276856042,Sách - Cảm ơn em luôn ở bên anh (Nhã Nam HCM),148720,169000,12,0.0,0,0,Cá Mập Ú,Nhã Nam,Nhà Xuất Bản Văn Học,,Bìa mềm,232.0,2024-12-01,Nhã Nam HCM,available,1000,True,True,True
248915722,Hương Hoa Tình Yêu 1,131100,149000,12,0.0,0,1,,1980 Books,nxb thanh nien,,,,,Nhà sách Fahasa,available,1000,True,True,True
179584521,Không Có Kiếp Sau - Tập 3,155400,169000,8,4.2,5,11,Nguyệt Hạ Tang,ZGroup,Nhà Xuất Bản Hà Nội,,,,,Nhà sách Fahasa,available,1000,True,True,True
50419677,Combo Những Tuyệt Tác Ngôn Tình Bán Chạy: Chân Trời Góc Bể ( Tái Bản ) + Tháng Ngày Hẹn Ước / Diệp Lạc Vô Tâm ,180500,180500,0,0.0,0,0,,Đinh Tị,Nhà Xuất Bản Văn Học,,Bìa mềm,,,AHABOOKS,available,1000,True,True,True
275714277,Sách - Phủ Sinh Cô Mộ Triều Tịch (Bộ 2 Tập) ,245000,245000,0,0.0,0,0,Tân Di Ổ,Bách Việt,Nhà Xuất Bản Thanh Niên,,Bìa mềm,746.0,,Bamboo Books,available,1000,True,True,True
273897016,"Nhìn Thấy Em Là Cười- Cuốn Sách Ngôn Tình, Lãng Mạn Hay",124250,124250,0,0.0,0,0,,Đinh Tị,Nhà Xuất Bản Văn Học,,,,,AHABOOKS,available,1000,True,True,True
274635691,Sách - VẼ EM BẰNG MÀU NỖI NHỚ (TÁI BẢN) - BV 2024,143500,145000,1,0.0,0,0,Tâm Phạm,Bách Việt,NXB Dân Trí,,Bìa mềm,476.0,2024-03-29,Minhhabooks,available,1000,True,True,True
262681403,Vượt Qua Thời Không Để Yêu Anh - Tập 2 _DTI,229000,229000,0,0.0,0,0,Diệp Lạc Vô Tâm,Đinh Tị,Nhà Xuất Bản Văn Học,,Bìa mềm,600.0,,Bamboo Books,available,1000,True,True,True
109109559,Sách - Hạnh phúc trong 5 lời nói dối,89000,89000,0,0.0,0,0,,Bách Việt,Nhà Xuất Bản Văn Học,,Bìa mềm,,,Bamboo Books,available,1000,True,True,True
274194468,Combo Quách Lâm Kiều Gia - Tập 1 + Tập 2 (Bộ 2 Cuốn) - BV,358000,358000,0,0.0,0,0,Công Phu Bao Tử,Bách Việt,NXB Dân Trí,,Bìa mềm,1174.0,,Bamboo Books,available,1000,True,True,True
248896768,Gió Nam Hiểu Lòng Tôi (Bộ 2 Tập),249000,249000,0,0.0,0,0,,Bách Việt,Nhà Xuất Bản Hồng Đức,,,,,Bamboo Books,available,1000,True,True,True
37956995,"Combo Ngôn Tình Bán Chạy Nhất Trong Tháng: Ngàn Năm Chờ Đợi + Mãi Mãi Là Bao Xa (Bộ 2 Cuốn Sách Hay Nhất, Đặc Sắc Nhất Của Diệp Lạc Vô Tâm / Tặng Kèm Bookmark Green Life)",171100,178250,4,4.6,19,135,Diệp Lạc Vô Tâm,Đinh Tị,,,Bìa mềm,,,AHABOOKS,available,1000,True,True,True
221516924,Đêm Nay Có Rượu - Tập 1,170100,189000,10,0.0,0,0,Chúc Tiểu Cửu,Đinh Tị,Nhà Xuất Bản Văn Học,,,,,Nhà sách Fahasa,available,1000,True,True,True
221516921,Đêm Nay Có Rượu - Tập 2,161100,179000,10,0.0,0,2,Chúc Tiểu Cửu,Đinh Tị,Nhà Xuất Bản Văn Học,,,,,Nhà sách Fahasa,available,1000,True,True,True
278214181,Gặp Lại Giữa Lưng Chừng Nhân Thế - Bản Quyền,164300,166000,1,0.0,0,0,Thu Hằng,Bách Việt,NXB Dân Trí,,Bìa mềm,280.0,2025-06-28,Minhhabooks,available,1000,True,True,True
49786838,Sách So Young - Gửi Thanh Xuân (Tập 2),122400,136000,10,5.0,2,9,Tân Di Ổ,Đinh Tị,Nhà Xuất Bản Thanh Niên,,Bìa mềm,,2020-03-02,Nhà sách Fahasa,available,1000,True,True,True
146225003,Nếu Biết Rằng Em Cũng Yêu Anh,143100,159000,10,0.0,0,1,Ô Vân Nhiễm Nhiễm,Đinh Tị,nxb van hoc,,,,,Nhà sách Fahasa,available,1000,True,True,True
182993439,"Sách - Anh là ai, tôi là ai",103900,105000,1,0.0,0,0,,Bách Việt,Nhà Xuất Bản Đại Học Quốc Gia Hà Nội,,,,,Minhhabooks,available,1000,True,True,True
143780246,Sách - Hồi kết đẹp xinh,99000,99000,0,0.0,0,0,Lê Châu Bảo Ngọc,Bách Việt,Nhà Xuất Bản Thanh Niên,,Bìa mềm,264.0,2021-11-21,Bamboo Books,available,1000,True,True,True
278041177,Sách - Gặp lại giữa lưng chừng nhân thế - Thu Hằng - Bách Việt,105000,175000,40,0.0,0,1,Nguyễn Thu Hằng,Bách Việt,NXB Dân Trí,,Bìa mềm,280.0,2025-05-29,Sách Bách Việt,available,1000,True,True,True
108956753,Anh Có Thiếu Người Yêu Không? - Tập 2,117800,142000,17,0.0,0,1,Ngô Đồng Tư Ngữ,Bách Việt,Nhà Xuất Bản Hồng Đức,,,,,Nhà sách Fahasa,available,1000,True,True,True
54623320,"Combo Sách Văn Học Trung Quốc: Chân Trời Góc Bể và Em Vốn Thích Cô Độc, Cho Đến Khi Có Anh (New - 2020)",180500,180500,0,4.5,2,8,Diệp Lạc Vô Tâm,Đinh Tị,Nhà Xuất Bản Phụ Nữ,,Bìa mềm,,,Phương Đông Books,available,1000,True,True,True
279269848,Sách - Và Cậu Bước Đến - Tập 2 - Tặng Kèm Bookmark,162500,189000,14,0.0,0,0,nhieu tac gia,Đinh Tị,Nhà Xuất Bản Văn Học,,Bìa mềm,,2023-12-21,Nhà sách Fahasa,available,1000,True,True,True
278713946,Sách - Nếu Ánh Trăng Không Ôm Lấy Em,252400,255000,1,0.0,0,0,Lục Mang Tinh,Bách Việt,NXB Dân Trí,,Bìa mềm,,2023-12-21,Minhhabooks,available,1000,True,True,True
55998428,Sách Hủ Nữ Gaga (Tái Bản 2020) - Tặng Kèm Móc Khóa,116500,150000,22,4.5,164,469,Mèo Lười Ngủ Ngày,Đinh Tị,Nhà Xuất Bản Văn Học,,Bìa mềm,556.0,2020-07-01,Tiki Trading,available,1000,True,True,True
279273184,Sách Tiểu thuyết - Dệt Nắng Mai ( PT) - Nhật Lãng - Bách Việt,138240,192000,28,0.0,0,0,Nhật Lãng,Bách Việt,NXB Dân Trí,,Bìa mềm,476.0,2026-03-27,Sách Bách Việt,available,1000,True,True,True
278696450,Sách Dẫu thế gian khắc nghiệt vẫn mong em dịu dàng - Bách Việt,148000,148000,0,0.0,0,0,Dạ Hi,Bách Việt,Nhà Xuất Bản Tài Chính,,Bìa mềm,248.0,2025-09-15,Bamboo Books,available,1000,True,True,True
278967690,Sách - Bộ Sách Khó Dỗ Dành - Tập 1 + Tập 2 (Bộ 2 Tập) (Tái Bản 2025) - Tặng Kèm Bookmark Bồi Cứng,284700,365000,22,0.0,0,0,nhieu tac gia,AZ Việt Nam,Nhiều Nhà Xuất Bản,,Bìa mềm,,2023-12-21,Nhà sách Fahasa,available,1000,True,True,True
278616886,Sách - Kẹo Dâu Tây Và Tiểu Tiên Nữ Của Anh - Tập 1 - Tặng Kèm Bookmark,196000,196000,0,0.0,0,1,nhieu tac gia,AZ Việt Nam,Nhà Xuất Bản Lao Động,,Bìa mềm,,2023-12-21,Nhà sách Fahasa,available,1000,True,True,True
194568658,Mãi Mãi Là Bao Xa (Tái Bản),105300,135000,22,5.0,4,21,Diệp Lạc Vô Tâm,Đinh Tị,nxb thanh nien,,,,,Nhà sách Fahasa,available,1000,True,True,True
278054311,Thích Một Người Chính Là…,109000,109000,0,0.0,0,1,Trái Đất Tròn,Gieobooks,Nhà Xuất Bản Thế Giới,,Bìa mềm,232.0,2025-06-01,Tazano Official Store,available,1000,True,True,True
276066997,Combo Quách Lâm Kiều Gia (Bộ 2 Cuốn),336600,340000,1,0.0,0,0,Công Phu Bao Tử,Công ty TNHH Tazano,NXB Dân Trí,,Bìa mềm,1174.0,,Minhhabooks,available,1000,True,True,True
279251028,Sách - Mùa Xuân Và Ánh Trăng - Tặng Kèm Bookmark,160600,189000,15,0.0,0,1,nhieu tac gia,Công Ty Cổ Phần Waka,Nhà Xuất Bản Lao Động,,Bìa mềm,,2023-12-21,Nhà sách Fahasa,available,1000,True,True,True
278278579,Sách - Sách - Combo tác gia nổi tiếng: Nghề viết tiểu thuyết - Kẻ khác (Haruki Murakami - Guillaume Musso) (Nhã Nam),137280,156000,12,5.0,1,9,,Nhã Nam,Nhà Xuất Bản Hội Nhà Văn,,Bìa mềm,364.0,,Nhã Nam Official,available,1000,True,True,True
275583538,Sách - Xin lỗi em chỉ là CD - Tào Đình (tái bản 2024) - Bách việt,68600,98000,30,0.0,0,2,Tào Đình,Bách Việt,Nhà Xuất Bản Văn Học,,Bìa mềm,212.0,,Sách Bách Việt,available,1000,True,True,True
276710308,Sách - Ngỡ mây chiều in bóng nước - Bách việt,158400,160000,1,0.0,0,0,Trương Tinh,Bách Việt,NXB Dân Trí,,Bìa mềm,288.0,,Minhhabooks,available,1000,True,True,True
54897358,Bộ 3 cuốn sách Cuộc chiến mẹ chồng nàng dâu và Darling chúng ta ly hôn nhé tập 1+ 2,147500,147500,0,0.0,0,3,"Đạo Hoa Hương Hương, Chu Y Điểm Thủ",Pandabooks,Nhà Xuất Bản Văn Học,,,,,Pandabooks Hiệu Sách,available,1000,True,True,True
247892327,Sách Kết Hôn Ly Hôn ( Tiểu Thuyết),86000,86000,0,0.0,0,1,,Không có,Không có,,,,,Pandabooks Hiệu Sách,available,1000,True,False,True
252812077,Anh sẽ lại đếm ngày phải nói tạm biệt em,59500,70000,15,0.0,0,0,Masaki Kiritomo,NXB Kim Đồng,Nhà Xuất Bản Kim Đồng,,Bìa mềm,288.0,,Tottochanbooks,available,1000,True,True,True
177747098,Combo Không Kịp Nói Yêu Em +Hẹn Đẹp Như Mơ  Và Bữa Trưa Tình Yêu (Ấn Bản Kỷ Niệm) - Bổ Sung 5 Ngoại Truyện ( Tặng sổ tay),350000,350000,0,0.0,0,0,"Phỉ Ngã Tư Tồn, Cố Mạn",Quảng Văn,Nhà Xuất Bản Văn Học,,Bìa mềm,1345.0,,Nhà sách Nam Trung Yên,available,1000,True,True,True
182106050,"Đừng Ngồi Yên Lo Lắng, Hãy Rải Nắng Muôn Nơi",159000,159000,0,0.0,0,0,Meaghan B Murphy,1980 Books,Nhà Xuất Bản Thanh Niên,,Bìa mềm,350.0,2021-02-10,Nhà Sách Vĩnh Thụy,available,1000,True,True,True
230316480,Chuyện tình đích thực siêu buồn,119000,119000,0,0.0,0,0,,Nhã Nam,Nhà Xuất Bản Hội Nhà Văn,,,,,info book,available,1000,True,True,True
241026242,Hoàng Hôn Dựa Khóm Trúc Dài,269000,269000,0,0.0,0,0,Long Thất,AZ Việt Nam,Nhà Xuất Bản Hà Nội,,Bìa mềm,576.0,2022-12-01,info book,available,1000,True,True,True
215727567,Nỗi Nhớ Anh Hóa Một Tòa Thành (Trọn Bộ 2 Tập) - Anh là một tòa thành mà cô mãi mãi không thể nào quên,258000,258000,0,0.0,0,0,,Sách điện tử Saigon Books,Nhà Xuất Bản Đại Học Quốc Gia Hà Nội,,,,,HỆ THỐNG NHÀ SÁCH ABC,available,1000,True,False,True
276182963,Sách Khôn Ninh tập 1 - Thời Kính,195980,239000,18,5.0,1,1,,Công Ty Cổ Phần Time Books,Nhà Xuất Bản Văn Học,,Bìa mềm,520.0,,Tiệm Sách Thật,available,1000,True,True,True
202604468,Sách - Tìm Em Nơi Anh (  André Aciman ) - NXB Trẻ,115000,115000,0,0.0,0,0,,NXB Trẻ,NXB Trẻ,,,,,info book,available,1000,True,True,True
242501048,"Yêu Em Bằng Mắt, Giữ Em Bằng Tim",175000,175000,0,0.0,0,0,,Bloomsbury Childrens - NXB Trẻ,NXB Trẻ,,,,,Nhà Sách Vĩnh Thụy,available,1000,True,True,True
263596013,"Sách Người Là Biển Rộng, Kẻ Là Mặt Trời",149000,149000,0,0.0,0,0,,Người Trẻ Việt,Nhà Xuất Bản Hà Nội,,,,,Nhà Sách Vĩnh Thụy,available,1000,True,True,True
216213345,Sách - Ngàn mặt trời rực rỡ (TB 2019) (Nhã Nam),130000,130000,0,0.0,0,0,,Nhã Nam,Nhà Xuất Bản Hội Nhà Văn,,,,,FishingBook,available,1000,True,True,True
278526523,"Sách Quay Lại Tuổi 17 Để Cứu Rỗi Chính Mình (trọn bộ) - Hoa Di - Tình cảm lãng mạn, học đường, thanh xuân, vườn trường",225000,225000,0,0.0,0,0,Hoa Di,Công Ty Cổ Phần Time Books,Nhà Xuất Bản Văn Học,,Bìa mềm,416.0,,Tiệm Sách Thật,available,1000,True,True,True
276687777,Tây Xuất Ngọc Môn: Tập 2,239000,239000,0,0.0,0,0,Vĩ Ngư,Gieobooks,Nhà Xuất Bản Lao Động,,Bìa mềm,560.0,2024-12-04,NHBook,available,1000,True,True,True
208226462,Thương Ly,155000,155000,0,4.8,6,24,,CÔNG TY CỔ PHẦN VĂN HOÁ TRUYỀN THÔNG SEN VIỆT,Nhà Xuất Bản Văn Học,,,,,Nhà sách Nam Trung Yên,available,1000,True,True,True
92600887,Sách - Người Cá ( tặng kèm 1 bookmark ),76500,76500,0,0.0,0,0,Gu Byeong-mo,Công Ty TNHH Văn Hóa và Truyền Thông AZ Việt Nam,Nhà Xuất Bản Dân Trí,,Bìa mềm,232.0,2021-04-27,AHABOOKS,available,1000,True,True,True
276687773,Tây Xuất Ngọc Môn: Tập 1,239000,239000,0,0.0,0,0,Vĩ Ngư,Gieobooks,Nhà Xuất Bản Lao Động,,Bìa mềm,560.0,2024-12-04,NHBook,available,1000,True,True,True
273585606,Sách Ngôn Tình- Dòng Sông Ly Biệt,170100,170100,0,0.0,0,0,Quỳnh Dao,Huy Hoàng Bookstore,Nhà Xuất Bản Văn Học,,Bìa mềm,455.0,,AHABOOKS,available,1000,True,True,True
247842305,Combo 2Q Tiểu Thuyết Lãng Mạn:  Chờ Em Lớn Nhé Được Không - Diệp Lạc Vô Tâm + Rừng Nauy,244500,244500,0,0.0,0,0,,Nhã Nam,Nhiều Nhà Xuất Bản,,,,,AHABOOKS,available,1000,True,True,True
276178834,Em Và Chức Vô Địch Đều Thuộc Về Anh: Tập 2 - Tặng Kèm Bookmark (Số Lượng Có Hạn),169000,169000,0,0.0,0,0,Trần Ẩn,Công ty TNHH Thương mại và Dịch vụ Văn hóa Hà Nội,Nhà Xuất Bản Hà Nội,,Bìa mềm,544.0,2024-09-19,NHBook,available,1000,True,True,True
74890061,Combo Chiêu Diêu Tập 1+Tấn An,213500,213500,0,0.0,0,0,Cửu Lộ Phi Hương,Quảng Văn,Nhà Xuất Bản Phụ Nữ Việt Nam,,,,,AHABOOKS,available,1000,True,True,True
276180193,Mối tình đầu - (Cửu Dạ Hồi),70000,70000,0,0.0,0,0,Cửu Dạ Hồi,VanLangBooks,Nhà Xuất Bản Văn Học,,Bìa mềm,,2011-09-01,AN HOA BOOK,available,1000,True,True,True
273912424,"Combo 2 Cuốn NGôn Tình Hay- Đúng Hay Sai Sau Cùng Đều Là Trưởng Thành + Hoa Gặp Hoa Nở, Người Gặp Người Thương",189000,189000,0,0.0,0,0,,Công Ty TNHH Văn Hóa Và Truyền Thông Skybooks Việt Nam,NXB Dân Trí,,,,,AHABOOKS,available,1000,True,True,True
278208558,Quý Ngài Ronaphee - Tặng Kèm Bookmark Bế Hình Hoa Mao Lương (Số Lượng Có Hạn),175000,175000,0,0.0,0,0,PRAENATH,Gieobooks,Nhà Xuất Bản Phụ Nữ Việt Nam,,Bìa mềm,440.0,2025-06-27,Tazano Official Store,available,1000,True,True,True
106349669,Cậu Chủ Hồ Đồ (Tái Bản 2020),156000,156000,0,0.0,0,0,Tinh Dã Anh,Công Ty Cổ phần Văn Hóa và Truyền Thông Sen Việt,Nhà Xuất Bản Văn Học,,,,,Nhà Sách Đinh Lễ,available,1000,True,True,True
213997359,Khi Chủ Tịch Không Yêu Nữ Chính (Bộ 2 tập) (Tái Bản),228000,228000,0,0.0,0,0,Thiên Diễn,Skybooks,NXB Dân Trí,,,,,NHBook,available,1000,True,True,True
274679142,Peter Pan Và Cinderella: Tập 1 - Tặng Kèm Bookmark Tròn (Số Lượng Có Hạn),185000,185000,0,0.0,0,0,Từ Từ Đồ Chi,Công ty TNHH Thương mại và Dịch vụ Văn hóa Hà Nội,NXB Dân Trí,,Bìa mềm,496.0,2024-04-04,Bamboo Books,available,1000,True,True,True
214189338,Trở Về Với Sói,175000,175000,0,0.0,0,0,,Huy Hoàng Bookstore,nxb van hoc,,,,,Bamboo Books,available,1000,True,True,True
278226288,Điều Tuyệt Vời Nhất Của Thanh Xuân: Tập 1 - Tặng Kèm Bookmark Bế Khuôn Tròn (Số Lượng Có Hạn),175000,175000,0,0.0,0,0,Bát Nguyệt Trường An,Gieobooks,Nhà Xuất Bản Phụ Nữ Việt Nam,,Bìa mềm,496.0,2025-06-30,Bamboo Books,available,1000,True,True,True
116904752,Sách - Nhà mình thích ở bên nhau (TB 2021),68000,68000,0,0.0,0,0,,Nhã Nam ,Nhà Xuất Bản Hội Nhà Văn,,,,,info book,available,1000,True,True,True
276496643,Xanh Xanh Góc Trời - LL,148000,148000,0,0.0,0,0,Lê Minh,Linh Lan Books,Nhà Xuất Bản Văn Học,,Bìa mềm,244.0,,Bảo Châu Books,available,1000,True,True,True
274960282,Đến Nơi Nên Đến Yêu Người Nên Yêu - Tặng Kèm Bookmark,105000,105000,0,0.0,0,0,"Phan Quốc Dũng, Nguyễn Tuấn Nam",Công ty TNHH Tazano,NXB Dân Trí,,Bìa mềm,232.0,2024-05-08,Bamboo Books,available,1000,True,True,True
184918836,Liệu Nguyên,179000,179000,0,0.0,0,1,Bất Vấn Tam Cửu,Nhà Xuất Bản Dân Trí,Nhà Xuất Bản Dân Trí,,,,,Bamboo Books,available,1000,True,True,True
276525929,Môi Em Ngọt Thế Sao Tình Mình Lại Cay,95000,95000,0,0.0,0,0,Dạ Hi,Công ty TNHH Tazano,NXB Dân Trí,,Bìa mềm,176.0,2024-11-06,Bamboo Books,available,1000,True,True,True
225212258,Hành Trình Vô Tận,130000,130000,0,0.0,0,0,,Huy Hoàng Bookstore,Nhiều Nhà Xuất Bản,,,,,Bamboo Books,available,1000,True,True,True
274987240,Cuốn Văn Học Lãng Mạn: Đáng Yêu Là Siêu Năng Lực Của Tớ,79000,79000,0,0.0,0,0,,AZ Việt Nam,Nhà Xuất Bản Thế Giới,,,,,Bamboo Books,available,1000,True,True,True
132304041,Sách - Tàn Khốc Mới Là Thanh Xuân,109000,109000,0,0.0,0,0,,Thái Hà,Nhà Xuất Bản Công Thương,,,,,Bamboo Books,available,1000,True,True,True
275620701,Phản Công (Tặng Kèm Bookmark Bồi Cứng 2 Mặt) - Số Lượng Có Hạn,189000,189000,0,0.0,0,0,,Công ty TNHH Thương mại và Dịch vụ Văn hóa Hà Nội,Nhà Xuất Bản Hà Nội,,Bìa mềm,440.0,2024-07-16,Bamboo Books,available,1000,True,True,True
275406032,Sách - Nỗi đau của bướm đêm ( TT),159000,159000,0,0.0,0,1,,Công Ty TNHH Sách Và Truyền Thông Việt Nam,Nhà Xuất Bản Hội Nhà Văn,,Bìa mềm,196.0,,Bảo Châu Books,available,1000,True,True,True
272134388,Sanctify - Tập 3 - Tặng Kèm Postcard,109000,109000,0,0.0,0,0,GODSSTATION,Công ty Cổ Phần ZGroup,Nhà Xuất Bản Hội Nhà Văn,,Bìa mềm,248.0,2021-09-30,Bảo Châu Books,available,1000,True,True,True
258571125,"Hữu Phỉ (Bản thường) TRỌN BỘ 4 TẬP, sổ tay 12 quy luật cuộc đời (Bộ) - Bản Quyền",650000,650000,0,0.0,0,0,,Saigon Books,NXB Văn hóa – Văn nghệ,,,,,Nhà Sách Vĩnh Thụy,available,1000,True,True,True
258848121,Hữu Phỉ (Bộ 4 cuốn),650000,650000,0,0.0,0,0,,Saigon Books,Nhà Xuất Bản Văn Hóa - Văn Nghệ,,,,,SÁCH ĐẠI NAM,available,1000,True,True,True
117315721,Sách Thái Hà - Combo: Kiếp Nào Ta Cũng Tìm Thấy Nhau + Hành Trình Của Linh Hồn (2 cuốn),205000,205000,0,0.0,0,0,,Thái Hà,Nhà Xuất Bản Lao Động,,,,,HỆ THỐNG NHÀ SÁCH ABC,available,1000,True,True,True
53935823,Cuốn sách  đã được chuyển thể thành phim ăn khách: Cô gái năm ấy chúng ta cùng theo đuổi (TB),95000,95000,0,0.0,0,0,Cửu Bả Đao,Nhã Nam,Nhà Xuất Bản Phụ Nữ,,,,,SÁCH ĐẠI NAM,available,1000,True,True,True
186434166,Combo 2 cuốn Truyện Ngôn Tình : Trúc Thư Dao 2  + Bến Xe (Tái Bản 2020),295000,295000,0,0.0,0,0,,Nhiều công ty phát hành,Nhiều Nhà Xuất Bản,,,,,SÁCH ĐẠI NAM,available,1000,True,True,True
277341914,Sách - Tuần trăng mật màu xanh (Nguyễn Thị Hoàng) (Bản bìa da PU) (Nhã Nam HCM),930000,930000,0,0.0,0,0,Nguyễn Thị Hoàng,Nhã Nam,Nhà Xuất Bản Hội Nhà Văn,,Bìa Da,222.0,2024-02-01,Nhã Nam HCM,available,1000,True,True,True
274567779,Ác Ma Triệu Hồi Combo 2 Tập - Nhất Mai Đồng Tiền,315000,315000,0,0.0,0,0,Nhất Mai Đồng Tiền,Cty Linh Lan,Nhà Xuất Bản Phụ Nữ Việt Nam,,Bìa mềm,480.0,2024-03-22,SÁCH ĐẠI NAM,available,1000,True,True,True
242443837,Sách - Tuổi trẻ có bao lâu mà hững hờ,99000,99000,0,0.0,0,0,,Không có,Không có,,,,,SÁCH ĐẠI NAM,available,1000,True,False,True
278937712,Sách - Vì sao càng yêu càng cô đơn (Vũ Chí Hồng) (Nhã Nam Official),165440,188000,12,0.0,0,0,Vũ Chí Hồng,Nhã Nam,Nhà Xuất Bản Dân Trí,,Bìa mềm,376.0,,Nhã Nam Official,available,1000,True,True,True
276491798,Sách - Anh Mèo Vằn Và Cô Chim Én (Nhã Nam HCM),77440,88000,12,0.0,0,0,,Nhã Nam,Nhà Xuất Bản Tổng hợp TP.HCM,,Bìa mềm,108.0,2024-01-03,Nhã Nam HCM,available,1000,True,True,True
198448359,Sách - Khi Chủ Tịch Không Yêu Nữ Chính (2 Tập),228000,228000,0,0.0,0,0,,AZ Việt Nam,Nhà Xuất Bản Hà Nội,,,,,NHBook,available,1000,True,True,True
7164625,Nơi Em Quay Về Có Tôi Đứng Đợi (Tái Bản 2018),95000,95000,0,0.0,0,0,Ichikawa Takuji,Nhã Nam,Nhà Xuất Bản Văn Học,,Bìa mềm,258.0,2018-04-19,Bamboo Books,available,1000,True,True,True
172475886,Sách - Nhiệt Huyết Thanh Xuân,169000,169000,0,0.0,0,0,Lý Hành Kiện,VanVietBooks,Nhà Xuất Bản Dân Trí,,Bìa mềm,342.0,2021-05-19,info book,available,1000,True,True,True
273913816,Lạc Mất (What If It's Us)  - Bản Quyền,189000,189000,0,0.0,0,0,,1980 Books,Nhà Xuất Bản Thanh Niên,,,,,Bamboo Books,available,1000,True,True,True
270494640,Sách Trộm Mệnh 2 - Đôi cá âm dương - Du hồn nhập mộng,189000,189000,0,0.0,0,0,Nhất Mai Đồng Tiền,Linh Lan Books,Nhà Xuất Bản Phụ Nữ Việt Nam,,Bìa mềm,444.0,,NHBook,available,1000,True,True,True
275303009,Combo Sách Trường Phong Độ - tập 1 + tập 2,310400,388000,20,0.0,0,1,Mặc Thư Bạch,Công Ty Cổ Phần Time Books,Nhà Xuất Bản Hà Nội,,Bìa mềm,496.0,,Tiệm Sách Thật,available,1000,True,True,True
275024152,Combo Sách Lúc Biết Xuyên Không Thì Đã Muộn + Trường Phong Độ (tập 1),342400,428000,20,0.0,0,3,,Công Ty Cổ Phần Time Books,Nhà Xuất Bản Phụ Nữ Việt Nam,,Bìa mềm,544.0,,SÁCH TIMEBOOKS,available,1000,True,True,True
276368176,Lost Control - Tập 1,115000,115000,0,0.0,0,0,Thi Vũ,Công ty TNHH Tazano,NXB Dân Trí,,Bìa mềm,200.0,2024-10-12,Bamboo Books,available,1000,True,True,True
279268141,"Sách - Vụng trộm không thể giấu, bản thường",179000,199000,10,0.0,0,1,Trúc Dĩ,Công ty Cổ phần Sách điện tử Waka,Nhà Xuất Bản Lao Động,,Bìa mềm,524.0,,Sách Waka,available,1000,True,True,True
278095663,Sốt Cao Không Hạ - Tập 1,269000,269000,0,0.0,0,0,Tam Tam Nương,AZ Việt Nam,Nhà Xuất Bản Hà Nội,,,528.0,,Nam Long Books,available,1000,True,True,True
206641268,Hậu Cung Như Ý Truyện - Tập 1 (Bản Thường) (Tặng Sổ Tay),229000,229000,0,0.0,0,0,Lưu Liễm Tử,Công Ty TNHH Văn Hóa và Truyền Thông AZ Việt Nam,Nhà Xuất Bản Văn Học,,Bìa mềm,472.0,2022-11-22,Bamboo Books,available,1000,True,True,True
125446545,Một Ý Niệm Khác Về Hạnh Phúc,98000,98000,0,0.0,0,0,,Nhã Nam,Nhà Xuất Bản Hội Nhà Văn,,Bìa mềm,324.0,2020-07-03,Bamboo Books,available,1000,True,True,True
172475726,Sách - Ma Pháp Thiếu Nữ - Tập 1,159000,159000,0,0.0,0,0,Endou Asari,AZ Việt Nam,Nhà Xuất Bản Phụ Nữ,,Bìa mềm,340.0,,Bamboo Books,available,1000,True,True,True
68585569,Sách Gửi Thời Thanh Xuân Tươi Đẹp Của Chúng Ta,149000,149000,0,0.0,0,0,Uyển Tử Hào,Booklife,Nhà Xuất Bản Thanh Niên,,Bìa mềm,380.0,2020-09-01,Nhà Sách Vĩnh Thụy,available,1000,True,True,True
275236095,"Đời Vô Thường, Ta Nợ Nhau Chữ “Thương” - Bản Quyền",89000,89000,0,0.0,0,1,Gari,Skybooks,Nhà Xuất Bản Phụ Nữ Việt Nam,,Bìa mềm,208.0,2024-06-10,Bamboo Books,available,1000,True,True,True
278039835,"Hai Người, Ba Bữa, Bốn Mùa Bên Nhau ",103500,109000,5,0.0,0,0,hngoc,AZ Việt Nam,Nhà Xuất Bản Dân Trí,,,224.0,,Sống Official,available,1000,True,True,True
46240916,Sách Em Kể Anh Nghe Chuyện Yêu Thầm (2 Tập),378000,378000,0,0.0,0,2,Hoa Thanh Thần,Skynovel,Nhà Xuất Bản Phụ Nữ,,Bìa mềm,624.0,2019-12-01,info book,available,1000,True,True,True
279277071,Sách - Tokio (Higashino Keigo) (Nhã Nam HCM),220000,250000,12,5.0,1,3,Higashino Keigo,Nhã Nam,Nhà Xuất Bản Hội Nhà Văn,,Bìa mềm,400.0,2026-03-30,Nhã Nam HCM,available,1000,True,True,True
182603741,Husky Và Sư Tôn Mèo Trắng Của Hắn - Tập 3,152100,169000,10,0.0,0,0,Nhục Bao Bất Cật Nhục,ZGroup,Nhà Xuất Bản Hà Nội,,,,,Bảo Châu Books,available,1000,True,True,True
279282598,Sách Còn Ra Thể Thống Gì? tập 1 - Thất Anh Tuấn,229000,229000,0,0.0,0,0,Thất Anh Tuấn,Công Ty Cổ Phần Time Books,Nhà Xuất Bản Văn Học,,Bìa mềm,416.0,,Tiệm Sách Thật,available,1000,True,True,True
36744080,Sách Anh Yêu Em Rồi Phải Không (2 Tập),196000,196000,0,0.0,0,8,Giá Oản Chúc,Công Ty Cổ Phần Văn Hóa Pingbooks,,,Bìa mềm,,2019-10-01,Nhà sách Nam Trung Yên,available,1000,True,True,True
77774623,Sách Anh Giả Vờ Sẽ Không Yêu Em (Tặng Kèm 01 Bookmark),152000,152000,0,0.0,0,0,Bánh Donut Của Trẫm,VanVietBooks,Nhà Xuất Bản Thanh Niên,,Bìa mềm,400.0,2021-02-12,Nam Long Books,available,1000,True,True,True
174321452,Kiếm Hồn Như Sơ - Tập 2,158400,180000,12,0.0,0,3,,Công ty TNHH Tazano,Nhà Xuất Bản Văn Học,,,,,Nhà sách Fahasa,available,1000,True,True,True
277620516,Sách - Người đàn ông ấy (Nhã Nam HCM),148720,169000,12,0.0,0,3,Hirano Keichiro,Nhã Nam,Nhà Xuất Bản Hội Nhà Văn,,Bìa mềm,381.0,2025-04-03,Nhã Nam HCM,available,1000,True,True,True
277488769,Sách - Những chuyện tình thế kỷ mới (Nhã Nam HCM),183040,208000,12,0.0,0,0,Tàn Tuyết,Nhã Nam,Nhà Xuất Bản Phụ Nữ Việt Nam,,Bìa mềm,535.0,2022-09-01,Nhã Nam HCM,available,1000,True,True,True
279269036,Sách - Tướng Môn Độc Hậu - Tập 1 - Tặng Kèm Bookmark,175500,209000,16,0.0,0,0,nhieu tac gia,Công Ty Cổ Phần Waka,NXB Dân Trí,,Bìa mềm,,2023-12-21,Nhà sách Fahasa,available,1000,True,True,True
93374915,Sách Trăng Tròn Lần Tới Xin Hãy Đến Gặp Tôi ,91000,99000,8,5.0,11,64,Kim Seong Joong,Tea Books,Nhà Xuất Bản Thế Giới,,Bìa mềm,336.0,2021-04-01,Tiki Trading,available,1000,False,True,True
278650242,Sách - Tình yêu xấu xí (Colleen Hoover) (Nhã Nam HCM),181280,206000,12,0.0,0,0,Colleen Hoover,Nhã Nam,NXB Tổng Hợp Thành Phố Hồ Chí Minh,,Bìa mềm,536.0,2025-09-14,Nhã Nam HCM,available,1000,True,True,True
253620326,Trúc Thư Dao 4 - Thiên Hạ - Các Nước Phân Tranh,227800,245000,7,5.0,1,2,Văn Giản Tử,Nhã Nam,Nhà Xuất Bản Hà Nội,,,,,Nhà sách Fahasa,available,1000,True,True,True
278732927,Sách - Tình yêu bọ xít (Nhã Nam HCM),114400,130000,12,0.0,0,0,Nguyễn Hoàng Diệu Thủy,Nhã Nam,Nhà Xuất Bản Hội Nhà Văn,,Bìa mềm,236.0,2025-10-08,Nhã Nam HCM,available,1000,True,True,True
191767655,HỒ QUÝ LY - TIỂU THUYẾT LỊCH SỬ_PNU,280000,280000,0,0.0,0,0,,Nhà xuất bản Phụ Nữ,Nhà Xuất Bản Phụ Nữ Việt Nam,,Bìa mềm,,,Nhà Sách Vĩnh Thụy,available,1000,True,True,True
193897836,Ế Là Xu Thế,79540,97000,18,0.0,0,0,nhieu tac gia,Cty Văn Hóa Văn Lang,Nhà Xuất Bản Hội Nhà Văn,,Bìa mềm,184.0,2022-07-20,Văn Lang Official Store,available,1000,True,True,True
273725878,Sách - Thám tử đã chết - tập 7 - Thái Hà Books,107000,119000,10,5.0,1,4,,Thái Hà,Nhà Xuất Bản Hà Nội,,,,,THAIHABOOKS,available,1000,True,True,True
277499094,Sách - Nơi em quay về có tôi đứng đợi (Nhã Nam HCM),83600,95000,12,0.0,0,0,Ichikawa Takuji,Nhã Nam,Nhà Xuất Bản Văn Học,,Bìa mềm,258.0,2022-08-25,Nhã Nam HCM,available,1000,True,True,True
171586422,Vì Em Không Xứng - Tập 2,146200,159000,8,5.0,1,3,Dịch Tu La,ZGroup,Nhà Xuất Bản Hà Nội,,,,,Nhà sách Fahasa,available,1000,True,True,True
276755931,Sách - Em Sẽ Đến Cùng Cơn Mưa (Nhã Nam HCM),95040,108000,12,0.0,0,0,Ichikawa Takuji,Nhã Nam,Nhà Xuất Bản Văn Học,,Bìa mềm,332.0,2018-01-01,Nhã Nam HCM,available,1000,True,True,True
225210826,Đế Vương Công Lược - Tập 1 - Tặng Kèm Bookmark,143600,169000,15,0.0,0,0,Ngữ Tiếu Lan San,AZ Việt Nam,NXB Dân Trí,,,,,Nhà sách Fahasa,available,1000,True,True,True
170870041,Anh Đừng Quyến Rũ Tôi - Tập 1,155400,169000,8,5.0,4,18,Tiêu Đường Đông Qua,ZGroup,Nhà Xuất Bản Hà Nội,,,,,Nhà sách Fahasa,available,1000,True,True,True
248343312,Sách Hương Hoa Tình Yêu - 1980books,107280,149000,28,5.0,2,17,,1980 Books,Nhà Xuất Bản Thanh Niên,,,432.0,,1980 BOOKS HCM,available,1000,True,True,True
57702249,Sách Sống Như Vầng Thái Dương,100080,139000,28,0.0,0,2,"Lý Nguyệt Lượng, Bắc Thần",1980 Books,Nhà Xuất Bản Thanh Niên,,Bìa mềm,372.0,2020-07-01,1980 BOOKS HCM,available,1000,True,True,True
4605909,Sách Bạn Trai Bản Giới Hạn,67700,88000,23,4.0,1,3,Misa,IPM,,,Bìa mềm,248.0,2018-09-14,Nhà sách Fahasa,available,1000,True,True,True
186752727,"Cutie Pie - Em Ngoan, Lại Cho Là Em Ngốc - Tặng Kèm 1 Bookmark In Bồi 2 Mặt",164400,189000,13,0.0,0,3,Bambam,AZ Việt Nam,Nhà Xuất Bản Hà Nội,,,,,Nhà sách Fahasa,available,1000,True,True,True
278856269,Sách - Một Đời Bên Anh,89100,98000,9,0.0,0,0,nhieu tac gia,Fahasa,Nhà Xuất Bản Thuận Hóa,,Bìa mềm,,2023-12-21,Nhà sách Fahasa,available,1000,True,True,True
274893395,Sách - Dung Sai Và Lắp Ghép (DN),65000,65000,0,5.0,1,1,,Nhà Sách Hồng Ân,Nhà Xuất Bản Giáo Dục Việt Nam,,Bìa mềm,176.0,,Khanhlinhbook,available,1000,True,True,True
278510677,Combo 2 quyển sách Hành Lang Hai Lớp (trọn bộ) + Quay Lại Tuổi 17 Để Cứu Rỗi Chính Mình (trọn bộ),347200,434000,20,0.0,0,0,Hoa Di,Công Ty Cổ Phần Time Books,Nhà Xuất Bản Văn Học,,Bìa mềm,416.0,,SÁCH TIMEBOOKS,available,1000,True,True,True
275066525,Xin Lỗi Em Chỉ Là Con Đĩ,93100,98000,5,0.0,0,0,Tào Đình,Bách Việt,Nhà Xuất Bản Văn Học,,Bìa mềm,212.0,2024-05-20,Cá Chép Bookstore,available,1000,True,True,True
273553138,Ti Mệnh (BV) ,165000,165000,0,0.0,0,0,Cửu Lộ Phi Hương,Bách Việt,Nhà Xuất Bản Lao Động,,Bìa mềm,648.0,,Bamboo Books,available,1000,True,True,True
127692116,"Sách - Anh là ai, tôi là ai",103900,105000,1,0.0,0,0,,Bách Việt,Nhà Xuất Bản Phụ Nữ,,,,,Minhhabooks,available,1000,True,True,True
195665835,Sách: Hướng Về Nơi Anh (Bộ 2 Tập),235000,235000,0,0.0,0,0,,Bách Việt,Nhà Xuất Bản Hồng Đức,,,,,Bamboo Books,available,1000,True,True,True
249268736,Gió Nam Thầm Thì,194000,194000,0,0.0,0,2,,Đinh Tị,Nhà Xuất Bản Thanh Niên,,,,,Nhà sách Nam Trung Yên,available,1000,True,True,True
57965540,Sách Hướng Về Nơi Anh (Bộ 2 Tập),195000,235000,17,5.0,5,14,Mộc Tử Miêu Miêu,Bách Việt,Nhà Xuất Bản Hồng Đức,,Bìa mềm,864.0,2020-07-01,Nhà sách Fahasa,available,1000,True,True,True
273691650,Sách Quách Lâm Kiều Gia - Bộ 2 Tập,336600,340000,1,0.0,0,0,Công Phu Bao Tử,Bách Việt,Nhà Xuất Bản Dân Trí,,,,,Minhhabooks,available,1000,True,True,True
276624985,Yêu Anh Hơn Cả Tử Thần (Tái Bản 2024),82100,99000,17,0.0,0,0,Tào Đình,Bách Việt,Nhà Xuất Bản Văn Học,,Bìa mềm,,2023-12-21,Nhà sách Fahasa,available,1000,True,True,True
127591167,"Sách - Anh là ai, tôi là ai",103900,105000,1,5.0,1,0,,Bách Việt,Nhà Xuất Bản Phụ Nữ,,,,,Minhhabooks,available,1000,True,True,True
279268883,Sách - Và Cậu Bước Đến - Tập 1 - Tặng Kèm Bookmark,171100,199000,14,0.0,0,0,nhieu tac gia,Đinh Tị,Nhà Xuất Bản Văn Học,,Bìa mềm,,2023-12-21,Nhà sách Fahasa,available,1000,True,True,True
96392036,Sách Nhìn Thấy Em Là Cười,124200,138000,10,0.0,0,8,Cá Cá Du,Đinh Tị,Nhà Xuất Bản Văn Học,,Bìa mềm,468.0,2021-05-15,Nhà sách Fahasa,available,1000,True,True,True
50883575,Sách Bến Hồng Trần - Tập 2,96700,129000,25,4.6,77,344,Diệp Lạc Vô Tâm,Đinh Tị,Nhà Xuất Bản Văn Học,,Bìa mềm,164.0,2020-03-19,Tiki Trading,available,1000,True,True,True
142628175,Sách - Hồi kết đẹp xinh,99000,99000,0,0.0,0,0,Lê Châu Bảo Ngọc,Bách Việt,Nhà Xuất Bản Thanh Niên,,Bìa mềm,264.0,,Bamboo Books,available,1000,True,True,True
276581107,Đảo Mộng Mơ (Tái Bản Lần Thứ 34),75000,75000,0,0.0,0,0,Nguyễn Nhật Ánh,Gieobooks,NXB Trẻ,,Bìa mềm,256.0,,Tazano Official Store,available,1000,True,True,True
278635058,Tan Học Đợi Tôi: Tập 2 - Tặng Kèm Bookmark (Số Lượng Có Hạn),229000,229000,0,0.0,0,1,Tương Tử Bối,Gieobooks,NXB Dân Trí,,Bìa mềm,472.0,2025-09-13,Tazano Official Store,available,1000,True,True,True
278246021,Combo 2 Cuốn Đừng Rung Động Vì Anh: Tập 1 + Tập 2 - Bản Thông Thường - Tặng Bookmark (Số Lượng Có Hạn),299000,299000,0,0.0,0,0,Kiều Diêu,Gieobooks,Nhà Xuất Bản Văn Học,,Bìa mềm,800.0,2025-07-04,Tazano Official Store,available,1000,True,True,True
278796023,Combo 2 Tập Khó Dỗ Dành: Tập 1 + Tập 2 (Tái Bản 2025) - Tặng Kèm Bookmark Bồi Cứng,365000,365000,0,0.0,0,0,Trúc Dĩ,Gieobooks,Nhà Xuất Bản Văn Học,,Bìa mềm,976.0,2025-10-23,Tazano Official Store,available,1000,True,True,True
276732867,Sách PHẤN HOA LẦU XANH,75000,108000,31,5.0,2,6,Tào Đình,Bách Việt,Nhà Xuất Bản Văn Học,,Bìa mềm,280.0,2024-11-15,Tiki Trading,available,1000,False,True,True
278226284,Điều Tuyệt Vời Nhất Của Thanh Xuân: Tập 2 - Tặng Kèm Bookmark Bế Khuôn Tròn (Số Lượng Có Hạn),175000,175000,0,0.0,0,0,Bát Nguyệt Trường An,Gieobooks,Nhà Xuất Bản Phụ Nữ Việt Nam,,Bìa mềm,472.0,2025-06-30,Bamboo Books,available,1000,True,True,True
273291831,"Chỉ Muốn Thương Anh, Chiều Anh, Nuôi Anh",233100,259000,10,0.0,0,0,Túy Hậu Ngư Ca,Đinh Tị,Nhà Xuất Bản Văn Học,,,,,Nhà sách Fahasa,available,1000,True,True,True
201843110,"Combo 2Q Truyện Ngôn Tình Bán Chạy, Hấp Dẫn: Bến Xe + Thất Tịch Không Mưa",160500,160500,0,0.0,0,0,,Nhiều công ty phát hành,Nhiều Nhà Xuất Bản,,,,,Phương Đông Books,available,1000,True,True,True
279301373,Sách - Vụng Trộm Không Thể Giấu - Tập 1 - Tặng Kèm Bookmark,149200,199000,25,0.0,0,0,nhieu tac gia,Công Ty Cổ Phần Waka,Nhà Xuất Bản Lao Động,,Bìa mềm,,2023-12-21,Nhà sách Fahasa,available,1000,True,True,True
278226341,"Ma Tôn Muốn Ôm Ôm: Tập 1 - Tặng Kèm Bookmark, Postcard Bồi Cứng (Số Lượng Có Hạn)",139000,139000,0,0.0,0,0,Si Vũ,Gieobooks,NXB Dân Trí,,Bìa mềm,184.0,2025-07-01,Bamboo Books,available,1000,True,True,True
279019392,Tiệm sách Thứ Sáu: Vị mochi mùa xuân,120000,155000,23,0.0,0,36,Sawako Natori,NXB Trẻ,NXB Trẻ,,Bìa mềm,332.0,2025-01-06,Tiki Trading,available,1000,False,True,True
201385608,"Sách - Anh là ai, tôi là ai ( Bách Việt )",103900,105000,1,0.0,0,0,,Bách Việt,Nhà Xuất Bản Phụ Nữ,,,,,Minhhabooks,available,1000,True,True,True
186434582,Lương Ngôn Tả Ý,90600,151000,40,5.0,6,32,Mộc Phù Sinh,Chibooks,Nhà Xuất Bản Lao Động,,Bìa mềm,584.0,,NHÀ SÁCH CHIBOOKS,available,1000,True,True,True
274419954,Sách - Combo Sáng tạo thời trang (Hơn 600 Stickers) (MG),288000,288000,0,0.0,0,0,,Nhà Sách Hồng Ân,Nhà Xuất Bản Thanh Niên,,Bìa mềm,16.0,,Khanhlinhbook,available,1000,True,True,True
127032164,Sách-Bà Tùng Long-Đường Tơ Đứt Nối,150000,150000,0,0.0,0,0,,NXB Trẻ,NXB Trẻ,,,,,HỆ THỐNG NHÀ SÁCH ABC,available,1000,True,True,True
201613904,Sách  Sống như vầng thái dương,121000,121000,0,0.0,0,0,,1980 Books,Nhà Xuất Bản Dân Trí,,,,,Nhà Sách Vĩnh Thụy,available,1000,True,True,True
230316962,Chuyện tình đích thực siêu buồn,119000,119000,0,0.0,0,0,,Nhã Nam,Nhà Xuất Bản Hội Nhà Văn,,,,,info book,available,1000,True,True,True
276931642,Sách - Combo 3 cuốn của tác giả Phan (Nhã Nam HCM),350000,350000,0,0.0,0,0,nhieu tac gia,Nhã Nam,Nhà Xuất Bản Dân Trí,,Bìa mềm,148.0,2025-01-02,HỆ THỐNG NHÀ SÁCH ABC,available,1000,True,True,True
278965565,Combo 2 quyển sách Hành Lang Hai Lớp (trọn bộ) + Quay Lại Tuổi 17 Để Cứu Rỗi Chính Mình (trọn bộ) - Tình cảm lãng mạn,347200,434000,20,0.0,0,0,nhieu tac gia,Công Ty Cổ Phần Time Books,Nhà Xuất Bản Văn Học,,Bìa mềm,416.0,,Tiệm Sách Thật,available,1000,True,True,True
203154806,Hàng Ma Tháp (Tặng Bookmark),145000,145000,0,0.0,0,0,Công Tử Hoan Hỉ,Công Ty TNHH Văn Hóa và Truyền Thông AZ Việt Nam,Nhà Xuất Bản Hà Nội,,,,2022-10-27,Nhà Sách Vĩnh Thụy,available,1000,True,True,True
202529534,Sách - Lá Nằm Trong Lá ( Nguyễn Nhật Ánh ) - NXB Trẻ,100000,100000,0,0.0,0,0,,NXB Trẻ,NXB Trẻ,,,,,Nhà Sách Vĩnh Thụy,available,1000,True,True,True
274729491,Sách- Gió Tây Bao Nhiêu Hận Thổi Chẳng Giãn Mày Chau-,178000,178000,0,0.0,0,1,Bạch Lạc Mai,Công Ty Cổ Phần Văn Hóa Huy Hoàng,Nhà Xuất Bản Thanh Niên,,Bìa mềm,492.0,2021-04-01,2HBooks,available,1000,True,True,True
111498891,"Sách - Thiên Tài Bên Trái, Kẻ Điên Bên Phải (Tái Bản)",179000,179000,0,0.0,0,0,,AZ Việt Nam,Nhà Xuất Bản Thế Giới,,,,,info book,available,1000,True,True,True
242501042,"Yêu Em Bằng Mắt, Giữ Em Bằng Tim",175000,175000,0,0.0,0,0,,Bloomsbury Childrens - NXB Trẻ,NXB Trẻ,,,,,Nhà Sách Vĩnh Thụy,available,1000,True,True,True
276602275,Sách Anh Vẫn Luôn Yêu Em tập 2 - Mộng Tiêu Nhị,195980,239000,18,0.0,0,0,Mộng Tiêu Nhị,Công Ty Cổ Phần Time Books,Nhà Xuất Bản Văn Học,,Bìa mềm,496.0,,Tiệm Sách Thật,available,1000,True,True,True
275210769,Sách Trường Phong Độ - tập 2,199000,199000,0,0.0,0,5,Mặc Thư Bạch,Công Ty Cổ Phần Time Books,Nhà Xuất Bản Hà Nội,,Bìa mềm,496.0,,Tiệm Sách Thật,available,1000,True,True,True
278704682,"Sách thánh hiền - Lễ (Xuất bản lần thứ hai, có sửa chữa)",169000,169000,0,0.0,0,0,Hạng Cửu Vũ - Chiêm Dật Thiên,Nhà Xuất Bản Chính Trị Quốc Gia Sự Thật,Nhà Xuất Bản Chính Trị Quốc Gia Sự Thật,,Bìa mềm,424.0,2024-12-10,Hiệu Sách Tự Do,available,1000,True,True,True
275739186,Sau Khi Thỏa Thuận Kết Hôn Cùng Ảnh Đế: Tập 1 - Tặng Kèm Bookmark PVC (Số Lượng Có Hạn),246000,246000,0,0.0,0,1,Cố Tranh,Công ty TNHH Thương mại và Dịch vụ Văn hóa Hà Nội,Nhà Xuất Bản Hà Nội,,Bìa mềm,460.0,2024-07-25,NHBook,available,1000,True,True,True
205018789,Trăng giữa dòng sông - THA,108000,108000,0,0.0,0,0,Nguyên Sinh,Thái Hà Book,Nhà Xuất Bản Đại Học Quốc Gia Hà Nội,,Bìa mềm,184.0,2022-11-01,Nhà Sách Vĩnh Thụy,available,1000,True,True,True
186369444,Thiên Quan Tứ Phúc - Tập 1 (Tái Bản),161100,179000,10,5.0,1,4,Mặc Hương Đồng Khứu,ZGroup,Nhà Xuất Bản Hà Nội,,,,,Bảo Châu Books,available,1000,True,True,True
276437560,"Sách - Thủy thiên nhu - Ba đồng xu, một quẻ chờ đợi, và vô tận nhân duyên",169000,169000,0,0.0,0,0,,CÔNG TY TNHH SÁCH & TRUYỀN THÔNG VIỆT NAM,Nhà Xuất Bản Hội Nhà Văn,,Bìa mềm,346.0,,Bảo Châu Books,available,1000,True,True,True
270119355,Gió Tây Bao Nhiêu Hận Thổi Chẳng Giãn Mày Chau,178000,178000,0,0.0,0,0,Bạch Lạc Mai,Huy Hoàng Bookstore,Nhà Xuất Bản Thanh Niên,,Bìa mềm,492.0,2023-07-11,Bamboo Books,available,1000,True,True,True
132302633,Sách - Combo Món quà và kế hoạch của linh hồn,458000,458000,0,0.0,0,2,,Thái Hà,Nhà Xuất Bản Công Thương,,,,,Nhà Sách Vĩnh Thụy,available,1000,True,True,True
202333807,Sách-D. Thụy. Cung Đường Vàng Nắng - NXB Trẻ,80000,80000,0,0.0,0,0,,NXB Trẻ,NXB Trẻ,,,,,Bamboo Books,available,1000,True,True,True
155419902,Những Lời Chưa Gửi - Khi Nỗi Buồn Hóa Biển Khơi,98000,98000,0,0.0,0,0,,Kim Đồng,Nhà Xuất Bản Kim Đồng,,,,,Bamboo Books,available,1000,True,True,True
247930780,We Best Love - Mãi Mãi Là Số 1 & Cuộc Phản Công Của Số 2 - Bản Đặc Biệt - Tặng Kèm Bookmark + Postcard + Bìa Bao Giả Lập Poster + Giá Đỡ Điện Thoại,180000,180000,0,0.0,0,1,Vũ Thần Hoàn,Nhà Xuất Bản Kim Đồng,Nhà Xuất Bản Kim Đồng,,,,,Bamboo Books,available,1000,True,True,True
242502462,Sứ Giả Của Thần Chết (Tái Bản),120000,120000,0,0.0,0,0,,Huy Hoàng Bookstore,Nhà Xuất Bản Văn Học,,,,,Bamboo Books,available,1000,True,True,True
225212262,Hành Trình Vô Tận,130000,130000,0,0.0,0,0,,Huy Hoàng Bookstore,Nhiều Nhà Xuất Bản,,,,,Bamboo Books,available,1000,True,True,True
272267682,Đã Nhiều Năm Như Thế - Tập 2 - Tặng Kèm Bookmark,165000,165000,0,0.0,0,0,Bát Nguyệt Trường An,AZ Việt Nam,Nhà Xuất Bản Phụ Nữ,,Bìa mềm,424.0,2023-09-25,Bamboo Books,available,1000,True,True,True
215739392,Hữu Phỉ - Bản Thường -  những bí mật của các cao thủ tông sư đã ẩn dật giang hồ từ nhiều năm trước,650000,650000,0,0.0,0,0,,Sách điện tử Saigon Books,Nhà Xuất Bản Văn Hóa - Văn Nghệ,,,,,SÁCH ĐẠI NAM,available,1000,True,True,True
242101951,Sách - Ghost In Love - Nhã nam,125000,125000,0,0.0,0,3,Marc Levy,Không có,Nhà Xuất Bản Hội Nhà Văn,,,328.0,,Bamboo Books,available,1000,True,False,True
127032946,Sách-Nơi chốn lưu đày,205000,205000,0,0.0,0,0,,NXB Trẻ,NXB Trẻ,,,,,Bamboo Books,available,1000,True,True,True
277607443,Sách Hàng Rào Nhà Bên,228000,228000,0,0.0,0,0,,Gieobooks,NXB Dân Trí,,Bìa mềm,512.0,2025-04-03,Bamboo Books,available,1000,True,True,True
276021427,Combo Sách Lúc Biết Xuyên Không Thì Đã Muộn + Anh Vẫn Luôn Yêu Em tập 1,374400,468000,20,0.0,0,0,Mật Tiễn,Công Ty Cổ Phần Time Books,Nhà Xuất Bản Phụ Nữ Việt Nam,,Bìa mềm,544.0,,SÁCH TIMEBOOKS,available,1000,True,True,True
273687512,Trường Phong Độ tập 1,189000,189000,0,0.0,0,1,,Công Ty Cổ Phần Time Books,Nhà Xuất Bản Hà Nội,,Bìa mềm,500.0,,NHBook,available,1000,True,True,True
68663115,Cậu chủ hồ đồ (Tái bản 2020),145000,145000,0,0.0,0,0,Tinh Dã Anh,CÔNG TY CỔ PHẦN VĂN HOÁ TRUYỀN THÔNG SEN VIỆT,Nhà Xuất Bản Văn Học,,,532.0,2020-09-25,nha sach nguyet linh,available,1000,True,True,True
278976729,KHANH KHANH CỦA TÔI – BỘ 3 TẬP,568000,568000,0,0.0,0,1,Xuyên Lan,Bách Việt,Nhà Xuất Bản Thanh Hoá,,,1624.0,,Tiki Trading,available,1000,False,True,True
276017780,Sách Hành Lang Hai Lớp - Hoa Cỏ - (trọn bộ),209000,209000,0,0.0,0,1,,Công Ty Cổ Phần Time Books,nxb van hoc,,Bìa mềm,512.0,,NHBook,available,1000,True,True,True
74890099,Combo Tấn An+Chiêu Diêu Tập 2,221500,221500,0,0.0,0,0,Cửu Lộ Phi Hương,Quảng Văn,Nhà Xuất Bản Phụ Nữ Việt Nam,,,,,AHABOOKS,available,1000,True,True,True
276808534,Bản Tình Ca Buồn - Tiểu Thuyết ,65000,65000,0,0.0,0,0,Tạ Trang Trang,VanLangBooks,Nhà Xuất Bản Văn Học,,Bìa mềm,,2010-12-01,AN HOA BOOK,available,1000,True,True,True
276808536,Thời Hạn Yêu Thương,42000,42000,0,0.0,0,0,Văn Khải Giám,VanLangBooks,Nhà Xuất Bản Văn Học,,Bìa mềm,,2011-12-07,AN HOA BOOK,available,1000,True,True,True
278575934,VÒNG TAY HỌC TRÒ -  Nguyễn Thị Hoàng - Nhã Nam,157000,157000,0,0.0,0,0,Nguyễn Thị Hoàng,Nhã Nam,Nhà Xuất Bản Hội Nhà Văn,,Bìa mềm,433.0,,info book,available,1000,True,True,True
277839288,Thiên Quan Tứ Phúc: Bản Hoạt Hình - Tập 5 - Tặng Kèm Bookmark PVC (Số Lượng Có Hạn),179000,179000,0,0.0,0,0,Mặc Hương Đồng Khứu,Gieobooks,NXB Dân Trí,,Bìa mềm,224.0,2025-04-23,NHBook,available,1000,True,True,True
225386008,Minh Nhật Tinh Trình - Tập 1,188000,188000,0,0.0,0,0,,Cty Văn Hóa Văn Lang,Nhà Xuất Bản Thế Giới,,,,,Bamboo Books,available,1000,True,True,True
203422513,Hàng Ma Tháp - Tặng Kèm Bookmark 2 Mặt,145000,145000,0,0.0,0,0,Công Tử Hoan Hỉ,AZ Việt Nam,Nhà Xuất Bản Hà Nội,,,,,Nhà Sách Vĩnh Thụy,available,1000,True,True,True
273027109,Garuda x Naga - Tình Yêu Và Thù Hận - Bản Quyền,189000,189000,0,0.0,0,0,,1980 Books,Nhà Xuất Bản Thanh Niên,,,,,Bamboo Books,available,1000,True,True,True
178056214,Những Cuộc Chạy Trốn Tình Yêu,118000,118000,0,0.0,0,1,Bernhard Schlink,Nhà Xuất Bản Đại Học Quốc Gia Hà Nội,Nhà Xuất Bản Đại Học Quốc Gia Hà Nội,,Bìa mềm,352.0,,Bamboo Books,available,1000,True,True,True
275057082,Sách - Tên cô ấy là (Nhã Nam) - Nhã Nam Official,138000,138000,0,0.0,0,0,Cho Nam Joo,Nhã Nam,Nhà Xuất Bản Hà Nội,,Bìa mềm,260.0,,Bảo Châu Books,available,1000,True,True,True
242443789,Sách - Nơi em quay về có tôi đứng đợi (TB 2022),95000,95000,0,0.0,0,0,,Không có,Không có,,,,,FishingBook,available,1000,True,False,True
194085910,Chuông Gió - Tập 2,156500,156500,0,0.0,0,0,Vĩ Ngư,AZ Việt Nam,nxb thanh nien,,,,,AHABOOKS,available,1000,True,True,True
273500646,Sách Súng Và Sô Cô La - Bản Quyền,129000,129000,0,0.0,0,0,,Skybooks,Nhà Xuất Bản Thế Giới,,,,,Bamboo Books,available,1000,True,True,True
96027375,Combo Ngự Giao Ký (2 tập),210000,210000,0,0.0,0,0,Cửu Lộ Phi Hương,Công Ty Cổ Phần Văn Hóa Pingbooks,Nhà Xuất Bản Phụ Nữ Việt Nam,,Bìa mềm,1028.0,2021-04-01,Nhà sách Nam Trung Yên,available,1000,True,True,True
120183195,Sách - Ta Vui Đời Sẽ Vui ,69000,69000,0,0.0,0,4,,Thái Hà,Nhà Xuất Bản Lao Động,,,,,Bamboo Books,available,1000,True,True,True
206204989,Đêm Trước Bình Minh,136000,136000,0,0.0,0,0,,Skybooks,Nhà Xuất Bản Phụ Nữ Việt Nam,,,,,HỆ THỐNG NHÀ SÁCH ABC,available,1000,True,True,True
159785907,Khi Chủ Tịch Không Yêu Nữ Chính (Bộ 2 tập) - Tặng Kèm Bookmark + Postcard,228000,228000,0,0.0,0,0,Thiên Diễn,Skybooks,Nhà Xuất Bản Dân Trí,,,,,Bamboo Books,available,1000,True,True,True
207933225,Hoàng Hôn Dựa Khóm Trúc Dài - Tặng Kèm Bookmark,199000,199000,0,0.0,0,0,Long Thất,AZ Việt Nam,Nhà Xuất Bản Hà Nội,,,,,info book,available,1000,True,True,True
273913812,Chúng Ta Của Hiện Tại (Here's To Us)  - Bản Quyền,195000,195000,0,0.0,0,0,,1980 Books,Nhà Xuất Bản Thanh Niên,,,,,Bamboo Books,available,1000,True,True,True
51618100,Combo Sách Dạ Lữ Nhân (Bộ 2 Tập),196000,196000,0,0.0,0,0,Triệu Hi Chi,Quang Van Books,Nhà Xuất Bản Văn Học,,,,,Minhhabooks,available,1000,True,True,True
201055494,Tuổi 40 yêu dấu (tái bản) - Tác giả Ann Lee,110000,110000,0,0.0,0,0,,NXB Trẻ,NXB Trẻ,,,,,FishingBook,available,1000,True,True,True
273697985,Sách - Hẹn ngày ta gặp nhau ở đỉnh cao (MC),179000,179000,0,0.0,0,0,,Nhà Sách Hồng Ân,Nhà Xuất Bản Hồng Đức,,Bìa mềm,,,Khanhlinhbook,available,1000,True,True,True
273245406,999 Lá Thư Gửi Cho Chính Mình - Những Lá Thư Ấn Tượng Nhất - Tập 2 (Phiên Bản Song Ngữ Trung - Việt),99000,99000,0,0.0,0,0,Miêu Công Tử,AZ Việt Nam,Nhà Xuất Bản Thanh Niên,,Bìa mềm,152.0,,Bamboo Books,available,1000,True,True,True
271828223,Trêu Nhầm - Tập 1,179000,179000,0,0.0,0,1,Kiều Diêu,AZ Việt Nam,Nhà Xuất Bản Văn Học,,Bìa mềm,440.0,2023-09-09,Bamboo Books,available,1000,True,True,True
274986882,"Cuốn Văn Học Lãng Mạn: Bốn Mùa Đáng Sống, Bảy Ngày Đáng Mong",83600,88000,5,0.0,0,0,,AZ Việt Nam,NXB Dân Trí,,,,,Sống Official,available,1000,True,True,True
273943824,Sách - Sống Đời Yêu Thương (Live In Love),250000,250000,0,0.0,0,0,"Mark Dagostino, Lauren Akins",Saigon Books,Nhà Xuất Bản Phụ Nữ Việt Nam,,Bìa mềm,432.0,,Nhà Sách Vĩnh Thụy,available,1000,True,True,True
278796536,Sách - Người Mỹ trầm lặng (Graham Greene) (Nhã Nam Official),165000,165000,0,0.0,0,0,Graham Greene,Nhã Nam,Nhà Xuất Bản Văn Học,,Bìa mềm,324.0,,info book,available,1000,True,True,True
277463913,Dạ Lữ Nhân - Tập 2,103000,103000,0,0.0,0,0,Triệu Hi Chi,Quang Van Books,Nhà Xuất Bản Văn Học,,Bìa mềm,,,Minhhabooks,available,1000,True,True,True
277361094,Sách - Muôn mặt của yêu thương,144000,159000,9,0.0,0,3,Tiến sĩ Hà Vĩnh Thọ,Thái Hà,Nhà Xuất Bản Công Thương,,Bìa mềm,216.0,2025-02-18,THAIHABOOKS,available,1000,True,True,True
277488748,Sách - Nỗi cô đơn của các số nguyên tố (TB 2023) (Nhã Nam HCM),95920,109000,12,0.0,0,3,Paolo Giordano,Nhã Nam,Nhà Xuất Bản Văn Học,,Bìa mềm,270.0,2023-03-01,Nhã Nam HCM,available,1000,True,True,True
249487430,Sách - Nắng Xuân - Dương Hằng,140000,140000,0,0.0,0,0,Dương Hằng,Nhà Sách Hồng Ân,Nhà Xuất Bản Phụ Nữ Việt Nam,,Bìa mềm,120.0,,Nhà sách Khánh Linh 2,available,1000,True,True,True
274560069,Sách Ngôn Tình Lãng Mạn: Vẽ Em Bằng Màu Nỗi Nhớ ,143500,145000,1,0.0,0,0,,Bách Việt,NXB Dân Trí,,,,,Minhhabooks,available,1000,True,True,True
276624987,Phấn Hoa Lầu Xanh (Tái Bản 2024),89600,108000,17,0.0,0,0,Tào Đình,Bách Việt,Nhà Xuất Bản Văn Học,,Bìa mềm,,2023-12-21,Nhà sách Fahasa,available,1000,True,True,True
247786117,"Gửi Anh, Người Luôn Đến Muộn - Tập 1",130000,130000,0,0.0,0,0,,Đinh Tị,Nhà Xuất Bản Văn Học,,,,,Bamboo Books,available,1000,True,True,True
127692304,Sách - Nơi này là thanh xuân - School 2013 - Bộ 2 tập,245000,245000,0,0.0,0,0,,Bách Việt,Nhà Xuất Bản Lao Động,,,,,Bamboo Books,available,1000,True,True,True
195665795,Sách: Hướng Về Nơi Anh (Bộ 2 Tập),235000,235000,0,0.0,0,0,,Bách Việt,Nhà Xuất Bản Hồng Đức,,,,,Bamboo Books,available,1000,True,True,True
279279875,Sách - Bộ Sách Và Cậu Bước Đến - Tập 1 + Tập 2 (Bộ 2 Tập) - Bản Đặc Biệt - Tặng Kèm 2 Bookmark + 1 Postcard + 1 Standee + 1 Dải Postcard,394200,438000,10,0.0,0,0,nhieu tac gia,Đinh Tị,Nhà Xuất Bản Văn Học,,Bìa mềm,,2023-12-21,Nhà sách Fahasa,available,1000,True,True,True
90240738,Hải thượng sinh minh nguyệt,80000,80000,0,0.0,0,0,Thương Thái Vi,Đinh Tị,Nhà Xuất Bản Văn Học,,Bìa mềm,260.0,2020-12-18,Nhà sách Nam Trung Yên,available,1000,True,True,True
1332615,Sách Tình Đầu Của Tiểu Yêu (Tập 2),97200,108000,10,4.5,2,7,Thủy Hợp,Đinh Tị,,,Bìa mềm,420.0,2018-01-01,Nhà sách Fahasa,available,1000,True,True,True
276617220,Yêu Anh Hơn Cả Tử Thần,99000,99000,0,0.0,0,0,Tào Đình,Bách Việt,Nhà Xuất Bản Văn Học,,Bìa mềm,248.0,2024-11-20,Nhà sách NetaBooks,available,1000,True,True,True
274569623,Sách Ngôn Tình Hay: Vẽ Em Bằng Màu Nỗi Nhớ,143500,145000,1,0.0,0,0,,Bách Việt,NXB Dân Trí,,,,,Minhhabooks,available,1000,True,True,True
57300933,Sách Từng Có Người Yêu Tôi Như Sinh Mệnh (Tặng Kèm Bookmark),102500,129000,21,5.0,689,1970,Thư Nghi,Đinh Tị,Nhà Xuất Bản Văn Học,,Bìa mềm,464.0,,Tiki Trading,available,1000,False,True,True
253129521,Đường Về - Gặp Lại Dưới Nắng Mai - Tặng Kèm Bookmark + Postcard,88800,148000,40,0.0,0,8,Mặc Bảo Phi Bảo,Skybooks,Nhà Xuất Bản Phụ Nữ Việt Nam,,,,,Nhà sách Fahasa,available,1000,True,True,True
277184409,Sách - Husky Và Sư Tôn Mèo Trắng Của Hắn - Tập 5 (Tái Bản 2025),173800,189000,8,0.0,0,0,Nhục Bao Bất Cật Nhục,ZGroup,Nhà Xuất Bản Hà Nội,,Bìa mềm,,2023-12-21,Nhà sách Fahasa,available,1000,True,True,True
277776312,Sách - Trăng lãng du (Nagira Yuu) (Nhã Nam Official),180000,180000,0,0.0,0,0,Nagira Yuu,Nhã Nam,Nhà Xuất Bản Phụ Nữ,,Bìa mềm,393.0,,FishingBook,available,1000,True,True,True
278054818,Sách Điều Tuyệt Vời Nhất Của Thanh Xuân (Tập 1 + Tập 2) (Bản Đặc Biệt),276430,359000,23,5.0,1,13,Bát Nguyệt Trường An,Skynovel,Nhà Xuất Bản Phụ Nữ Việt Nam,,Bìa mềm,968.0,2025-06-06,Tiki Trading,available,1000,False,True,True
276799150,Combo bộ sách 2 tập HOA MIÊU MIÊU,275200,344000,20,4.0,2,5,Quất Hoa Tán Lý,Cty Sách Hương Giang,Nhà Xuất Bản Thời Đại,,Bìa mềm tay gấp,1050.0,2024-12-13,Nhà sách Hương Giang,available,1000,True,True,True
43476281,Sách Chiêu Diêu Tập 2,90000,129000,30,5.0,30,158,Cửu Lộ Phi Hương,Quảng Văn,Nhà Xuất Bản Phụ Nữ,,Bìa mềm,448.0,2019-11-01,Tiki Trading,available,1000,False,True,True
185449475,Combo Trường An Ly Ca (Bộ 3 tập),510000,510000,0,5.0,1,2,Úc Phức,Nhã Nam,Nhà Xuất Bản Hội Nhà Văn,,,,,Bamboo Books,available,1000,True,True,True
23432954,"Này, Buông Cô Ấy Ra!",114500,138000,17,4.5,2,24,Ức Cẩm,NXB Thanh Hóa,,,,,,Nhà sách Fahasa,available,1000,True,True,True
171580762,Tiên Mãn Cung Đường - Tập 3,146200,159000,8,5.0,1,4,Lục Dã Thiên Hạc,ZGroup,Nhà Xuất Bản Hà Nội,,,,,Nhà sách Fahasa,available,1000,True,True,True
197337508,Thương Tiến Tửu - Tập 2,155400,169000,8,0.0,0,7,Đường Tửu Khanh,ZGroup,Nhà Xuất Bản Hà Nội,,,,,Nhà sách Fahasa,available,1000,True,True,True
278138930,Sách - Chỉ mùa xuân và tình yêu được phép vào trong (Nhã Nam HCM),154000,175000,12,0.0,0,0,Tần Mộng Hiên,Nhã Nam,Nhà Xuất Bản Hà Nội,,Bìa mềm,284.0,2025-06-12,Nhã Nam HCM,available,1000,True,True,True
216987695,Tặng Hoa Cho Bách Đồ - Tập 2 - Tặng Kèm Bookmark,127500,150000,15,0.0,0,1,Từ Từ Đồ Chi,AZ Việt Nam,Nhà Xuất Bản Hà Nội,,,,,Nhà sách Fahasa,available,1000,True,True,True
273786112,(COMBO) Nhật ký ấm áp,475200,495000,4,0.0,0,0,,Nhã Nam,Nhà Xuất Bản Hà Nội,,Bìa mềm,984.0,,TYMBooks,available,1000,True,True,True
205506371,"Naughty Babe - Em Bướng, Lại Cho Là Em Quậy - Tặng Kèm 1 Bookmark 2 Mặt Bồi Cứng",189000,189000,0,0.0,0,0,Bambam,AZ Việt Nam,Nhà Xuất Bản Hà Nội,,,,,Bamboo Books,available,1000,True,True,True
278092931,Sách - Điều Tuyệt Vời Nhất Của Thanh Xuân - Tập 2 - Tặng Kèm Bookmark Bế Khuôn Tròn,161000,175000,8,0.0,0,0,,Skybooks,Nhà Xuất Bản Phụ Nữ Việt Nam,,Bìa mềm,,2023-12-21,Nhà sách Fahasa,available,1000,True,True,True
213886830,Tàn Thứ Phẩm - Tập 2,155400,169000,8,0.0,0,3,Priest,ZGroup,Nhà Xuất Bản Hà Nội,,,,,Nhà sách Fahasa,available,1000,True,True,True
277214330,Sách - Tôi Vẫn Nghe Tiếng Em Thầm Gọi (TB 2022) (Nhã Nam HCM),66000,75000,12,0.0,0,0,Ichikawa Takuji,Nhã Nam,Nhà Xuất Bản Văn Học,,Bìa mềm,188.0,2022-08-24,Nhã Nam HCM,available,1000,True,True,True
276756367,Sách - Bầu trời và mặt đất (Nhã Nam HCM),174240,198000,12,0.0,0,0,Paolo Giordano,Nhã Nam,Nhà Xuất Bản Văn Học,,Bìa mềm,497.0,2023-01-01,Nhã Nam HCM,available,1000,True,True,True
277347366,Sách - Đâu chỉ độc mình tôi đơn độc (Nhã Nam HCM),77440,88000,12,0.0,0,0,Jean-Louis Fournier,Nhã Nam,Nhà Xuất Bản Hội Nhà Văn,,Bìa mềm,180.0,2022-09-07,Nhã Nam HCM,available,1000,True,True,True
276629256,Sách - Trước khi chúng ta nói lời chia tay (Nhã Nam HCM),96800,110000,12,0.0,0,0,,Nhã Nam,Nhà Xuất Bản Dân Trí,,Bìa mềm,124.0,2024-01-01,Nhã Nam HCM,available,1000,True,True,True
276566283,Showbiz Là Của Tôi - Tập 3 - Tặng Kèm Bookmark,133200,222000,40,0.0,0,0,Xuân Đao Hàn,AZ Việt Nam,Nhà Xuất Bản Văn Học,,Bìa mềm,,2023-12-21,Nhà sách Fahasa,available,1000,True,True,True
277488533,Sách - Tỏ bày với nhân gian (Nhã Nam HCM),105600,120000,12,0.0,0,0,Kim Ngư Tương,Nhã Nam,Nhà Xuất Bản Hà Nội,,Bìa mềm,241.0,2022-12-14,Nhã Nam HCM,available,1000,True,True,True
274989223,"Sách - Nhân Sinh Dù Rộng Lớn, Muôn Kiếp Vẫn Gặp Người (Tập 2)",128880,179000,28,0.0,0,1,littlebbear96,1980 Books,Nhà Xuất Bản Thanh Niên,,Bìa mềm,456.0,2024-03-05,TTR Next Generation,available,1000,True,True,True
68832578,"Sách Uống Nhầm Một Ánh Mắt, Cơn Say Theo Cả Đời Tập 2",129000,129000,0,0.0,0,1,Lạc Vi Gian Mỗ Mỗ,Đinh Tị,Nhà Xuất Bản Văn Học,,Bìa mềm,400.0,2020-10-01,Bamboo Books,available,1000,True,True,True
278639013,Sách - Dẫu thế gian khắc nghiệt vẫn mong em dịu dàng - Dạ Hi- (Bách Việt),74000,148000,50,0.0,0,1,Dạ Hi,Bách Việt,Nhà Xuất Bản Tài Chính,,Bìa mềm,248.0,2025-09-16,Sách Bách Việt,available,1000,True,True,True
182993120,Sách - Hồi kết đẹp xinh,99000,99000,0,0.0,0,0,,Bách Việt,Nhà Xuất Bản Đại Học Quốc Gia Hà Nội,,,,,Bamboo Books,available,1000,True,False,True
276724283,Yêu Anh Hơn Cả Tử Thần - BV,98000,99000,1,0.0,0,0,Tào Đình,Bách Việt,Nhà Xuất Bản Văn Học,,Bìa mềm,248.0,,Minhhabooks,available,1000,True,True,True
127591400,Sách - Xin lỗi em chỉ là con đĩ (tái bản thay bìa),98000,98000,0,0.0,0,0,,Bách Việt,Nhà Xuất Bản Văn Học,,,,,Bamboo Books,available,1000,True,True,True
33629705,Mãi Mãi Là Bao Xa (Top Sách Ngôn Tình Hay Nhất Của Diệp Lạc Vô Tâm) - Tặng Kèm Bookmark Happy Life,119650,119650,0,4.8,31,271,Diệp Lạc Vô Tâm,Đinh Tị,Nhà Xuất Bản Thanh Niên,,Bìa mềm,590.0,,Phương Đông Books,available,1000,True,True,True
1332613,Sách Tình Đầu Của Tiểu Yêu (Tập 1),82900,108000,23,4.0,23,700,Thủy Hợp,Đinh Tị,Nhà Xuất Bản Văn Học,,Bìa mềm,420.0,2018-01-01,Tiki Trading,available,1000,False,True,True
110595946,Sách Anh Đến Từ Bên Ngoài Thời Gian,129600,169000,23,5.0,23,96,Huyền Mặc,Đinh Tị,Nhà Xuất Bản Văn Học,,Bìa mềm,524.0,2021-07-01,Tiki Trading,available,1000,True,True,True
37966470,"Combo Truyện Ngôn Tình Đặc Sắc: Thất Tịch Không Mưa + Yêu Đúng Lúc, Gặp Đúng Người (Bộ 2 Cuốn Sách Được Độc Gỉa Yêu Thích Nhất / Tặng Kèm Bookmark Happy Life)",191500,191500,0,5.0,4,26,"Cố Tây Tước, Lâu Vũ Tình",Đinh Tị,,,Bìa mềm,,,Phương Đông Books,available,1000,True,False,True
247933385,Hủ Nữ Gaga,123000,150000,18,5.0,1,2,Mèo Lười Ngủ Ngày,Đinh Tị,Nhà Xuất Bản Văn Học,,,,,Nhà sách Fahasa,available,1000,True,True,True
248897979,Gió Nam Hiểu Lòng Tôi (Bộ 2 Tập),249000,249000,0,0.0,0,0,,Bách Việt,Nhà Xuất Bản Hồng Đức,,,,,Bamboo Books,available,1000,True,True,True
43907452,Combo Diệp Lạc Vô Tâm: Như chỉ mới hôm qua + Sự dịu dàng khó cưỡng,219350,219350,0,5.0,2,19,Diệp Lạc Vô Tâm,Đinh Tị,Nhiều Nhà Xuất Bản,,,,,AHABOOKS,available,1000,True,True,True
250020158,Gió Nam Thầm Thì,214200,238000,10,0.0,0,3,Thất Vi,Đinh Tị,nxb thanh nien,,,,,Nhà sách Fahasa,available,1000,True,True,True
274512325,Truyện Ngôn Tình Hay: Nói Là Anh Nhớ Em Đi,78000,78000,0,0.0,0,2,,Bách Việt,NXB Dân Trí,,,,,Phương Đông Books,available,1000,True,True,True
275084845,Nỗi đau của bướm đêm ,159000,159000,0,5.0,1,9,Nguyễn Thu Hằng,Công Ty TNHH Sách Và Truyền Thông Việt Nam,Nhà Xuất Bản Hội Văn Học,,Bìa mềm,196.0,2024-05-23,Tri Thức Trẻ Books,available,1000,True,True,True
276724389,Phấn Hoa Lầu Xanh - BV,106900,108000,1,0.0,0,0,Tào Đình,Bách Việt,Nhà Xuất Bản Văn Học,,Bìa mềm,280.0,,Minhhabooks,available,1000,True,True,True
279192862,Sách - Cô Ấy Và Vị Trí Đứng Đầu Là Của Tôi! - Tập 3,196200,218000,10,0.0,0,0,nhieu tac gia,Bách Việt,Nhà Xuất Bản Thanh Hoá,,Bìa mềm,,2023-12-21,Nhà sách Fahasa,available,1000,True,True,True
276455588,Đuổi Theo Mùa Hạ: Tập 2 - Tặng Kèm Bookmark (Số Lượng Có Hạn),179000,179000,0,5.0,1,2,Mộc Qua Hoàng,Công ty TNHH Tazano,NXB Dân Trí,,Bìa mềm,440.0,2024-10-26,Tazano Official Store,available,1000,True,True,True
3794225,"Sách Sao Trên Trời Rất Xa, Sao Của Anh Thật Gần",106200,118000,10,5.0,7,25,Phỉ Ngã Tư Tồn,Đinh Tị,,,Bìa mềm,416.0,2018-08-08,Nhà sách Fahasa,available,1000,True,True,True
278246017,Combo Bộ 2 Tập Tỏ Tình: Tập 1 + Tập 2 - Tặng Kèm 2 Bookmark (Số Lượng Có Hạn),349000,349000,0,0.0,0,0,Ưng Chanh,Gieobooks,Nhà Xuất Bản Lao Động,,Bìa mềm,784.0,2025-07-04,Tazano Official Store,available,1000,True,True,True
279298869,Sách Bí Mật Nơi Góc Tối (Trọn bộ 2 tập),271000,339000,20,0.0,0,0,Nhĩ Đông Thố Tử,VanVietBooks,Nhà Xuất Bản Dân Trí,,Bìa mềm,,,Tiki Trading,pre_order,1000,False,True,True
